npi,organization_name,address_1,address_2,city,state,zip,phone,authorized_official_title,matched_taxonomy_codes,pharmacy_tier,primary_pharmacy_flag,likely_independent,chain_exclusion_match
1942203187,"AETNA SPECIALTY PHARMACY, LLC",503 SUNPORT LANE,,ORLANDO,FL,328097874,4075136400,SR. PHARMACY OPS MGR,3336H0001X|3336S0011X,tier_1_primary_pharmacy,Y,Y,
1801899356,"TOWN DRUG OF HOLLYWOOD, INC",2730 HOLLYWOOD BLVD,,HOLLYWOOD,FL,330204808,9549218696,PRESIDENT,333600000X,tier_1_primary_pharmacy,Y,Y,
1912900226,DNA PHARMACY SERVICES INC,"2151 S. HIGHWAY ALT. A1A, SUITE 1500",THREE PALMS CENTER,JUPITER,FL,33477,5617411191,PIC,333600000X|3336C0004X|3336M0002X|3336C0003X,tier_1_primary_pharmacy,Y,Y,
1962405225,DAVID B WINKLES,3818 HIGHWAY 90,,PACE,FL,325711014,8509947005,OWNER PHARMACIST,333600000X|3336C0003X,tier_1_primary_pharmacy,Y,Y,
1568466266,GRI-SAN INC,3450 NE JACKSONVILLE RD,,OCALA,FL,344792850,3527324655,OWNER PHARMACIST,333600000X|3336C0003X,tier_1_primary_pharmacy,Y,Y,
1730183310,INTRAMED INC,6950 CYPRESS RD STE 105,,PLANTATION,FL,333172361,8669990904,PRESIDENT,333600000X|3336C0003X,tier_1_primary_pharmacy,Y,Y,
1386649747,MEDISERV PHARMACY SERVICES LLC,5736 CLARK RD,,SARASOTA,FL,342333302,9419272811,CHIEF OPERATING OFFICER,333600000X,tier_1_primary_pharmacy,Y,Y,
1437154879,"THE PRESCRIPTION SHOP, INC",600 1ST AVE N STE 100,,SAINT PETERSBURG,FL,337013609,7278224546,PHARMACIST/MANAGER,333600000X|3336L0003X|3336C0003X,tier_1_primary_pharmacy,Y,Y,
1679578470,"AVEE, INC.",407 N BELCHER RD,,CLEARWATER,FL,337652607,7274500700,PRESIDENT CEO,333600000X,tier_1_primary_pharmacy,Y,Y,
1437154051,"PHARMACON, INC.",160 SW 12TH AVE,STE 101D,DEERFIELD BEACH,FL,334423114,9547250222,DIRECTOR,3336S0011X|3336L0003X,tier_2_secondary_pharmacy,N,Y,
1588669063,BAY STREET PHARMACY INC,7746 BAY ST,,SEBASTIAN,FL,329583427,7725892043,PRESIDENT,3336C0004X|333600000X|3336C0003X,tier_1_primary_pharmacy,Y,Y,
1710982236,HEALTH SERVICES OF MIAMI,2319 W 76TH ST,,HIALEAH,FL,330161842,3055573159,PRESIDENT,333600000X,tier_2_secondary_pharmacy,N,Y,
1972508406,"SPECIALTY PHARMACY SERVICES, INC",800 E MELBOURNE AVE,STE B,MELBOURNE,FL,329015549,3219532004,PHARMACIST/ VICE PRESIDENT,333600000X,tier_1_primary_pharmacy,Y,Y,
1568468932,OLSON DRUG CORPORATION,75 S TUTTLE AVE,,SARASOTA,FL,342376329,9413660090,PRESIDENT,3336C0003X,tier_1_primary_pharmacy,Y,Y,
1184620213,ALPHAMEDS PHARMACY,487 E TENNESSEE ST,STE 2,TALLAHASSEE,FL,323017627,8509421992,OWNER MANAGER,333600000X,tier_1_primary_pharmacy,Y,Y,
1033115027,PREMIER IV CARE INC.,8269 COMMERCIAL WAY,,WEEKI WACHEE,FL,346134511,3525974950,PRESIDENT,333600000X,tier_1_primary_pharmacy,Y,Y,
1609872696,PREMIER PHARMACY LABS,8269 COMMERCIAL WAY,,WEEKI WACHEE,FL,346134511,3525974950,PRESIDENT,333600000X,tier_1_primary_pharmacy,Y,Y,
1124024963,"MY PHARMACY, INC.",15043 S DIXIE HWY,,MIAMI,FL,331767930,3052382474,DIRECT OWNER,333600000X,tier_1_primary_pharmacy,Y,Y,
1376540914,"MARE, INC.",5350 PALM AVE,,HIALEAH,FL,330122746,3058230915,OWNER/PRESIDENT,3336C0003X|333600000X,tier_1_primary_pharmacy,Y,Y,
1831196351,"TEAMCARE INFUSION, INC",12240 SW 128TH CT,SUITE 107,MIAMI,FL,331864781,3059692270,PRESIDENT,3336H0001X|3336S0011X|3336C0004X|333600000X,tier_1_primary_pharmacy,Y,Y,
1598762015,COMMCARE PHARMACY-FTL LLC,855 SW 78TH AVE,STE C100,PLANTATION,FL,333243223,9545686212,C.O.O.,333600000X,tier_1_primary_pharmacy,Y,Y,
1770580292,COMMCARE PHARMACY-WPB LLC,1689 FORUM PL,,WEST PALM BEACH,FL,334012303,5616150564,OFFICE MANAGER,333600000X|3336C0003X|3336S0011X,tier_1_primary_pharmacy,Y,Y,
1669479192,RIVER GARDEN HEBREW HOME FOR THE AGED,11401 OLD SAINT AUGUSTINE RD,,JACKSONVILLE,FL,32258,9042601818,CEO,333600000X|3336L0003X,tier_2_secondary_pharmacy,N,N,HEB
1578560074,D.B.M. DISTRIBUTORS,614 CRANDON BLVD,,KEY BISCAYNE,FL,331492008,3053615445,OWNER,333600000X,tier_1_primary_pharmacy,Y,Y,
1528065828,MGM PHARMACY & DISCOUNT CORP,2007 SW 8TH ST,,MIAMI,FL,331353317,3056319642,PRESIDENT,333600000X,tier_1_primary_pharmacy,Y,Y,
1063419372,S A S B INC,203 SW PARK ST,,OKEECHOBEE,FL,349724160,8637635100,CEO  PRES,3336C0003X,tier_1_primary_pharmacy,Y,Y,
1245237502,KELSON DRUG INC,3008 JEFFERSON ST,SUITE B,MARIANNA,FL,324462318,8505262839,"PRESIDENT, PHARMACY MANAGER",3336C0003X,tier_1_primary_pharmacy,Y,Y,
1972500130,CREATIVE PHARMACY SOLUTIONS EAST LLC,7779 STARKEY RD,,SEMINOLE,FL,337774346,7273819799,PRESIDENT/OWNER,3336C0003X|3336C0004X|333600000X,tier_1_primary_pharmacy,Y,Y,
1457358616,"ADEL CONSULTING,INC",3606 MADACA LN,,TAMPA,FL,336182057,8133411555,PRESIDENT,3336C0004X|3336C0003X,tier_1_primary_pharmacy,Y,Y,
1649277641,"MELROSE PHARMACY, INC.",8744 STATE ROAD 21,,MELROSE,FL,326668809,3524753919,PHARMACIST/OWNER,333600000X,tier_2_secondary_pharmacy,N,Y,
1326045345,THE MEDICARE SHOPPE INCORPORATED,3013 E 4TH AVE,,HIALEAH,FL,330133210,3056933544,PRESIDENT / PROGRAM DIRECTOR,333600000X,tier_2_secondary_pharmacy,N,Y,
1023015831,SUNRISE PHARMACY & DISCOUNT,4254 W 12TH AVE,,HIALEAH,FL,330124108,7862350555,PRESIDENT,333600000X,tier_1_primary_pharmacy,Y,Y,
1427056142,WINSHIPS PHARMACY INC,721 NORTHLAKE BLVD,,N PALM BEACH,FL,334085281,5618422444,OWNER,333600000X|3336C0003X,tier_1_primary_pharmacy,Y,Y,
1326045097,RX SERVICES CORPORATION,2665 CLEVELAND AVE,#103,FORT MYERS,FL,339015850,2395612757,VICE PRESIDENT PHARMACIST,3336C0003X|3336C0004X|333600000X,tier_1_primary_pharmacy,Y,Y,
1275530180,"MCGAW RX, INC",5326 STEWART ST,,MILTON,FL,325704736,8506233211,PRESIDENT,333600000X|3336C0003X,tier_1_primary_pharmacy,Y,Y,
1376540294,MY PHARMACY OF BIRD ROAD INC,4000 SW 57TH AVE,,MIAMI,FL,331555318,3056668582,PRESIDENT,333600000X|3336C0004X,tier_2_secondary_pharmacy,N,Y,
1558369140,"JTJ MEDICAL SUPPLY, INC.",2692 OAK RIDGE CT,,FORT MYERS,FL,339019351,2399399226,SECRETARY,333600000X,tier_1_primary_pharmacy,Y,Y,
1699773192,"DIAZ & DIAZ, INC",220 N MAIN ST,,TRENTON,FL,326933438,3524632240,PRESIDENT,333600000X,tier_1_primary_pharmacy,Y,Y,
1124026521,HEALTHLINK PHARMACY LLC,3301 W. WATER AVE,SUITE 101,TAMPA,FL,336142789,8138686800,MANAGING MBR/OWNER,3336C0003X,tier_1_primary_pharmacy,Y,Y,
1952309361,"DIAZ & DIAZ, INC",90 SW 250TH STREET,,NEWBERRY,FL,32669,3524722253,PRESIDENT,333600000X,tier_1_primary_pharmacy,Y,Y,
1881692028,JUPITER DRUGS LLC,1025 MILITARY TRL,,JUPITER,FL,334587040,5617467499,MANAGING MEMBER,333600000X|3336C0003X,tier_1_primary_pharmacy,Y,Y,
1508864521,BAYCARE BEHAVIORAL HEALTH INC.,7809 MASSACHUSETTS AVE,,NEW PORT RICHEY,FL,346533028,7278414200,VICE-PRESIDENT,3336I0012X,tier_2_secondary_pharmacy,N,Y,
1205834108,APEX MEDICAL SUPPLIES INC,7209 CORAL WAY,,MIAMI,FL,331551401,3052648070,PRESIDENT,3336C0003X,tier_1_primary_pharmacy,Y,Y,
1710985544,RADIANCE PHARMACY INC.,110 CLEARWATER LARGO RD S,,LARGO,FL,337703233,7275889878,PHARAMCIST/OWNER,3336C0004X|3336C0003X,tier_1_primary_pharmacy,Y,Y,
1710986575,HK PHARMACY INC,4133 UNIVERSITY BLVD S STE 1,,JACKSONVILLE,FL,322164350,9047372216,PRESIDENT,3336C0003X,tier_1_primary_pharmacy,Y,Y,
1710986203,LATO DRUG COMPANY INC,4401 SHERIDAN ST,,HOLLYWOOD,FL,330213513,9549896524,PRESIDENT,3336C0004X|333600000X|3336C0003X,tier_1_primary_pharmacy,Y,Y,
1063411411,"HORIZON HEALTH CARE SYSTEMS, INC.",1357 BRICKYARD RD,SUITE B,CHIPLEY,FL,324282467,8506380424,PRESIDENT,333600000X|3336C0003X,tier_1_primary_pharmacy,Y,Y,
1073512430,ATKINSONS MART INC,100 OLD ORANGE PARK RD,,ORANGE PARK,FL,320733003,9042647578,PRESIDENT,333600000X|3336C0004X|3336L0003X,tier_1_primary_pharmacy,Y,Y,
1295734648,"HORIZON HEALTH CARE SYSTEMS, INC.",507 W HIGHWAY 90,,BONIFAY,FL,324252521,8505471877,PRESIDENT,333600000X|3336C0003X,tier_1_primary_pharmacy,Y,Y,
1568461937,PULMONARY PRESCRIPTION PROVIDERS,3129 W HALLANDALE BEACH BLVD,,HALLANDALE BEACH,FL,330095121,9549666730,PRESIDENT,333600000X,tier_1_primary_pharmacy,Y,Y,
1760481980,PHARMACIA SELO INC,5989 SW 8TH ST,,WEST MIAMI,FL,331445037,3052653738,PRESIDENT,333600000X,tier_1_primary_pharmacy,Y,Y,
1932109667,XINIM CORPORATION,1702 RIDGEWOOD AVE,SUITE A - G,HOLLY HILL,FL,321175416,3866777377,DPT,3336H0001X|333600000X,tier_1_primary_pharmacy,Y,Y,
1568462380,DIKSHA INC,530 N WASHINGTON ST,,JACKSONVILLE,FL,322022735,9414755636,PRESIDENT,333600000X|3336C0003X,tier_1_primary_pharmacy,Y,Y,
1760482459,ASTRO DISCOUNT INC,1673 SW 27TH AVE,,MIAMI,FL,331452046,3058547995,MANAGER,333600000X,tier_1_primary_pharmacy,Y,Y,
1184624843,TRELLES MEMORIAL CLINIC AND HOSPITAL INC.,3501 RIGA BLVD,SUITE 300B,TAMPA,FL,336191333,8136621153,OWNER/PRESIDENT,333600000X,tier_1_primary_pharmacy,Y,Y,
1790785293,TRELLES PHARMACY MANAGEMENT INC.,3501 RIGA BLVD,SUITE 300A,TAMPA,FL,336191333,8136621153,OWNER/PRESIDENT,333600000X,tier_1_primary_pharmacy,Y,Y,
1104826882,Y & G MEDICAL SERV,1096 SW 27TH AVE,,MIAMI,FL,331354634,3053884711,PRESIDENT/OWNER,333600000X,tier_2_secondary_pharmacy,N,Y,
1447250857,BELLEVIEW COMMUNITY PHARMACY,10762 SE US HIGHWAY 441,,BELLEVIEW,FL,344203805,3523474064,OWNER,333600000X|3336C0003X,tier_1_primary_pharmacy,Y,Y,
1467452417,MILTON MEDICAL & DRUG CO INC.,958 ARTHUR GODFREY RD,,MIAMI BEACH,FL,331403307,3055316436,AUTHORIZED OFFICIAL,3336C0003X,tier_1_primary_pharmacy,Y,Y,
1598765570,"BIOPLUS SPECIALTY PHARMACY, INC.",3200 LAKE EMMA RD UNIT 1000,,LAKE MARY,FL,327463358,8557333126,DIRECTOR,3336S0011X|333600000X,tier_1_primary_pharmacy,Y,Y,
1760483572,CHEEK PHARMACY INC,16734 SE 19 HWY,,CROSS CITY,FL,326285020,3524983342,PRES,333600000X|3336C0003X,tier_1_primary_pharmacy,Y,Y,
1619978434,MED-CARE DIABETIC & MEDICAL SUPPLIES INC,6500 E ROGERS CIR,SUITE A,BOCA RATON,FL,334872655,8887770737,PRESIDENT/CEO,333600000X,tier_1_primary_pharmacy,Y,Y,
1134120991,TEAMCARE INFUSION ORLANDO INC,1100 CENTRAL PARK DR STE 500,,SANFORD,FL,327716307,4073288787,PRESIDENT,3336C0004X|333600000X|3336H0001X,tier_1_primary_pharmacy,Y,Y,
1104827724,PRIORITY HEALTHCARE PHARMACY INC.,250 TECHNOLOGY PARK,,LAKE MARY,FL,327467115,8008929622,VP OF OPERATIONS,333600000X,tier_1_primary_pharmacy,Y,Y,
1689675712,"BOBO'S DRUGS, INC",232 E DAVIS BLVD,,TAMPA,FL,336063729,8132541888,OWNER PHARMACIST,333600000X,tier_1_primary_pharmacy,Y,Y,
1285636704,"LIBERTY MEDICAL, LLC",6700 N ANDREWS AVE STE 700,,FORT LAUDERDALE,FL,333092199,7723985800,VP,3336M0002X,tier_2_secondary_pharmacy,N,Y,
1073505954,"DAVID'S PHARMACY, INC.",2302 W DR MARTIN LUTHER KING JR BLVD,,TAMPA,FL,336076406,8138701967,PRESIDENT,333600000X,tier_1_primary_pharmacy,Y,Y,
1225020167,WESTWOOD DISCOUNT PHARMACY INC.,5615 SW 107TH AVE,,MIAMI,FL,331731269,3052799559,PRESIDENT,3336C0003X,tier_1_primary_pharmacy,Y,Y,
1780676510,MEMORIAL PILL BOX,168 NW 26TH ST,,MIAMI,FL,331274422,3055159000,SOLE MEMBER,333600000X|3336C0003X,tier_1_primary_pharmacy,Y,Y,
1174517452,"BIOPLUS SPECIALTY PHARMACY SERVICES, LLC",376 NORTHLAKE BLVD STE 1008,,ALTAMONTE SPRINGS,FL,327015261,8882920744,VICE PRESIDENT,3336M0002X|333600000X|3336H0001X|3336S0011X,tier_1_primary_pharmacy,Y,Y,
1063406247,"ACCESS INFUSION PARTNERS, LLP",11220 METRO PKWY,SUITE 31,FORT MYERS,FL,339661291,2392752050,GENERAL MANAGER,333600000X,tier_1_primary_pharmacy,Y,Y,
1063406023,"KELSON PHARMACY SERVICES, INC.",4957 SW 74TH CT,,MIAMI,FL,331554471,3053240234,VICE PRESIDENT,333600000X,tier_1_primary_pharmacy,Y,Y,
1326032210,FIVE POINTS PHARMACY,1108 LAKE DR,,COCOA,FL,329228678,3216368433,MGR,3336C0003X|333600000X,tier_1_primary_pharmacy,Y,Y,
1215921796,"SUNSHINE DRUGS, INC.",90 PONCE DE LEON BLVD,,BROOKSVILLE,FL,346012816,3527967200,OWNER/PHARM D/CEO,333600000X,tier_1_primary_pharmacy,Y,Y,
1821083890,"HOMETOWN OLD COUNTRY PHARMACY, INC.",8534 RIDGE ROAD,,NEW PORT RICKEY,FL,34654,7278169770,MANAGEMENT MEMBER,3336L0003X,tier_1_primary_pharmacy,Y,Y,
1972598738,HANNA PHARMACY LLC,13221 TAMIAMI TRAIL,,NORTH PORT,FL,34287,9414261123,PHARMACY OWNER,333600000X|3336C0003X,tier_1_primary_pharmacy,Y,Y,
1063407971,"SUNCOAST RADIOPHARMACY SERVICES, INC.",3102 CHERRY PALM DR,SUITE 120,TAMPA,FL,336198314,8136620693,PRESIDENT,333600000X,tier_1_primary_pharmacy,Y,Y,
1720073679,CAMELOT HEALTHCARE MANAGEMENT INC.,3381 US HIGHWAY 17-92 WEST,,HAINES CITY,FL,33844,8632936533,PRESIDENT,333600000X,tier_2_secondary_pharmacy,N,Y,
1790771236,PROFESSIONAL ORTHOPEDIC CENTER INC,10329 NW 27TH AVE,,MIAMI,FL,331471224,3056963250,PRESIDENT,3336C0003X,tier_1_primary_pharmacy,Y,Y,
1750378394,PHARMA-PLUS DRUG STORE CORP,619 SW 57TH AVE,,MIAMI,FL,331443970,3052623738,PRESIDENT,333600000X,tier_1_primary_pharmacy,Y,Y,
1134116338,"INTEGRATED MEDICAL SUPPLIES, LLC",202 S MAGNOLIA AVE,STE 1,OCALA,FL,344711177,3523511536,OPERATIONS MANAGER,3336L0003X,tier_1_primary_pharmacy,Y,Y,
1255329066,"ACCU-CARE SERVICES, INC.",18812 S DIXIE HWY,,MIAMI,FL,331577709,3052355055,PRESIDENT,333600000X,tier_2_secondary_pharmacy,N,Y,
1164410346,TONYMAR DRUGS CORPORATION,505 SW 8TH ST,,MIAMI,FL,331303413,3058562211,PRESIDENT,333600000X,tier_1_primary_pharmacy,Y,Y,
1508854621,FIRST PRIME MEDICAL CENTER INC,6405 NW 36TH ST STE 113,,VIRGINIA GARDENS,FL,331666977,3058709393,PRESIDENT,3336S0011X|3336C0003X|3336H0001X,tier_1_primary_pharmacy,Y,Y,
1558350413,MAYO CLINIC JACKSONVILLE,4500 SAN PABLO RD S,,JACKSONVILLE,FL,322241865,9049537355,CHIEF FINANCIAL OFFICER,333600000X|3336C0003X,tier_1_primary_pharmacy,Y,Y,
1972592889,LAKE PHARMACY INC,25 MARTIN LUTHER KING JR BLVD,SUITE 3,BELLE GLADE,FL,334304044,5619960200,RPA,333600000X|3336C0003X,tier_1_primary_pharmacy,Y,Y,
1881683795,JACK P HERICK INC,109 S LAKE AVE,,PAHOKEE,FL,334761803,5619247701,PRESIDENT,333600000X|3336C0003X,tier_1_primary_pharmacy,Y,Y,
1457340077,"GLOBAL PHARMACY SERVICES, INC.",7760 W 20TH AVE,UNIT #8,HIALEAH,FL,330161890,3058277900,PRESIDENT/PHARMACIST,333600000X,tier_1_primary_pharmacy,Y,Y,
1437148830,VACRUZ INC,3305 E 4TH AVE,,HIALEAH,FL,330133005,3058369964,OWNER,333600000X,tier_1_primary_pharmacy,Y,Y,
1346239332,FAMILY FOCUS INFUSION LLC,4417 BEACH BLVD,STE 101,JACKSONVILLE,FL,322074728,9048550040,CEO,3336S0011X|3336H0001X,tier_1_primary_pharmacy,Y,Y,
1720078595,"HHCS PHARMACY, INC.",3901 E COLONIAL DR,SUITE 'C',ORLANDO,FL,328035245,4078984427,PRESIDENT/CEO,333600000X,tier_2_secondary_pharmacy,N,Y,
1437149218,"CYSTIC FIBROSIS PHARMACY, INC.",3901 E COLONIAL DR,SUITE 'D',ORLANDO,FL,328035245,4078984427,PRESIDENT/CEO,333600000X,tier_2_secondary_pharmacy,N,Y,
1740270099,MOULTRIE PHARMACY INC,3690 US HIGHWAY 1 S,,ST AUGUSTINE,FL,320866498,9047941399,OWNER,333600000X|3336C0004X|3336C0003X,tier_1_primary_pharmacy,Y,Y,
1487645305,"INTEGRATED COMMUNITY ONCOLOGY NETWORK,LLC",9143 PHILIPS HWY,STE 570,JACKSONVILLE,FL,322561348,9045192720,EXECUTIVE DIRECTOR,333600000X,tier_1_primary_pharmacy,Y,Y,
1730170663,LIBERTY HOME PHARMACY CORPORATION,8881 LIBERTY LN,,PORT ST LUCIE,FL,349523477,8778912545,PRESIDENT,333600000X,tier_1_primary_pharmacy,Y,Y,
1386635126,"INFUSERVE AMERICA, INC",11880 28TH ST N,SUITE 200/ 2ND FLOOR,ST PETERSBURG,FL,337161824,7275737847,PRESIDENT,333600000X,tier_1_primary_pharmacy,Y,Y,
1285625756,EBENEZER MEDICAL SERVICES INC,5581 SW 8TH ST,,CORAL GABLES,FL,331342219,3052615888,PRESIDENT,3336C0003X,tier_1_primary_pharmacy,Y,Y,
1255312484,JUANA MEDICAL EQUIPMENT,11023 NW 27TH AVE,,MIAMI,FL,331673411,3056882877,PRESIDENT,3336C0003X,tier_1_primary_pharmacy,Y,Y,
1023099926,MAJORCA DRUG STORE INC,1823 PONCE DE LEON BLVD,,CORAL GABLES,FL,331344418,3054481757,PRESIDENT,333600000X,tier_2_secondary_pharmacy,N,Y,
1578544474,CAREMARK LLC,15800 SW 25TH ST,,MIRAMAR,FL,330274222,9543649000,PRESIDENT,333600000X|3336M0002X,tier_1_primary_pharmacy,Y,Y,
1720069313,"ARMENIA PHARMACY, INC.",8338 N ARMENIA AVE,STE B,TAMPA,FL,336042777,8138327574,PRESIDENT,333600000X,tier_1_primary_pharmacy,Y,Y,
1831170299,SUNNY PHARMACY AND DISCOUNT,3960 W 16TH AVE,SUITE 206,HIALEAH,FL,330127029,3052313199,PHARMACY MANAGER,333600000X|3336C0003X,tier_1_primary_pharmacy,Y,Y,
1992786230,"V H ENTERPRISES, INC",1000 SW 1ST ST,,MIAMI,FL,33130,3053248777,PRESIDENT/PHARMACY MANAGER,333600000X,tier_1_primary_pharmacy,Y,Y,
1770565038,PERGONQUI CORP,2030 PALM AVE,,HIALEAH,FL,330102620,3058876189,PRESIDENT,3336C0003X,tier_1_primary_pharmacy,Y,Y,
1417939794,SMA HEALTHCARE INC,1220 WILLIS AVE,BLDG. 2,DAYTONA BEACH,FL,321142810,3862363188,PAHRMACIST IN CHARGE,3336C0003X|333600000X,tier_1_primary_pharmacy,Y,Y,
1366425795,MEDICAL PRIORITY INC,1671 W 37TH ST,SUITE 6,HIALEAH,FL,330124639,3055582038,VP,3336L0003X|333600000X|3336C0003X,tier_1_primary_pharmacy,Y,Y,
1588647788,L VASSAR INC,599 S FEDERAL HWY,,DANIA,FL,330044107,9549236322,PHARMACY MANAGER,333600000X,tier_1_primary_pharmacy,Y,Y,
1700869880,MAZAL TOV PHARMACY INC,5582 W FLAGLER ST,,CORAL GABLES,FL,331341066,3052691672,OWNER,3336C0003X,tier_1_primary_pharmacy,Y,Y,
1689657454,GRANDMAS COUNTRY PHARMACY INC,11386 E HIGHWAY 316,,FORT MC COY,FL,321348114,3522360407,PRESIDENT,333600000X|3336C0003X,tier_1_primary_pharmacy,Y,Y,
1275516973,FIGUEROA PHARMACY,14449 COUNTRY WALK DR,,MIAMI,FL,331868104,3052540454,STORE MANAGER,333600000X|3336C0003X,tier_1_primary_pharmacy,Y,Y,
1326021833,RADHIKA CORP,145 E BROAD ST,,GROVELAND,FL,347362501,3524291353,VP,333600000X|3336C0003X,tier_1_primary_pharmacy,Y,Y,
1831173368,FIRST CHOICE INFUSION LLC,3800 S CONGRESS AVE,SUITE 11,BOYNTON BEACH,FL,33426,5617365134,CO-OWNER,333600000X,tier_1_primary_pharmacy,Y,Y,
1346224805,RADHIKA CORPORATION,1225 W MAIN ST,,LEESBURG,FL,347484934,3527870700,VICE PRESIDENT/OWNER,333600000X,tier_1_primary_pharmacy,Y,Y,
1700860020,"MIAMI DOWNTOWN PHARMACY, INC",96 SE 1ST ST,,MIAMI,FL,331311008,3053745076,PRESIDENT,333600000X,tier_1_primary_pharmacy,Y,Y,
1780668087,THE APOTHECARY OF GULFPORT,5802 28TH AVE S,,GULFPORT,FL,337075227,7273213000,OWNER,333600000X,tier_1_primary_pharmacy,Y,Y,
1306820345,"TARARA PHARMACY, INC.",1160 W FLAGLER ST,,MIAMI,FL,331301034,3055457561,PRESIDENT,3336C0003X,tier_1_primary_pharmacy,Y,Y,
1831173681,THERAPEUTIC SERVICES OF AMERICA INC,2454 E MICHIGAN ST,,ORLANDO,FL,328065059,4078966047,CEO,333600000X,tier_1_primary_pharmacy,Y,Y,
1124003728,"CIRCLE 'S' PHARMACY, INC.",323 BACOM POINT RD STE 100,,PAHOKEE,FL,334762102,5619245238,PRESIDENT OWNER,333600000X|3336C0003X,tier_1_primary_pharmacy,Y,Y,
1609851880,"FAITH PHARMACY, INC",575 10TH ST E,,PALMETTO,FL,342214013,9417292021,PHARMACY DIRECTOR,333600000X,tier_1_primary_pharmacy,Y,Y,
1306821376,CHIPLEY DRUGS INC,1330 SOUTH BLVD,,CHIPLEY,FL,324281846,8506381040,PRES,3336C0003X|333600000X,tier_1_primary_pharmacy,Y,Y,
1801871892,EP MEDICAL EQUIPMENT INC,6440 SW 117TH AVE,,MIAMI,FL,331832822,3056309307,PRESIDENT,333600000X,tier_1_primary_pharmacy,Y,Y,
1063497972,VERNON DISCOUNT DRUG INC,3248 MAIN ST,,VERNON,FL,324622223,8505352803,OWNER  PHARMACIST,333600000X,tier_1_primary_pharmacy,Y,Y,
1538145222,"COLONIAL DRUGS OF KISSIMMEE, LLC",6912 ALOMA AVE,,WINTER PARK,FL,327927003,4073445588,PRESIDENT,333600000X|3336C0003X,tier_1_primary_pharmacy,Y,Y,
1356327050,PRESCRIPTION CENTERS LLC,1724 S ORANGE AVE,,ORLANDO,FL,328062936,4072465588,RPH,333600000X,tier_1_primary_pharmacy,Y,Y,
1164408860,"DELTONA PHARMACY OF FLORIDA, LLC",25987 S TAMIAMI TRL STE 102,,BONITA SPRINGS,FL,341347807,2393170771,MANAGING MEMBER,333600000X,tier_1_primary_pharmacy,Y,Y,
1972589679,"COLONIAL DRUGS OF ORLANDO, LLC",155 E NEW ENGLAND AVE,,WINTER PARK,FL,327894330,4076472311,MANAGING MEMBER,333600000X,tier_1_primary_pharmacy,Y,Y,
1871579375,MEDICAL TECHNOLOGY TRANSFER CORPORATION,1800 W HIBISCUS BLVD,SUITE 101,MELBOURNE,FL,329012629,3217261614,DIRECTOR OF PHARMACY,333600000X,tier_1_primary_pharmacy,Y,Y,
1689650822,MOST VALUABLE PHARMACY INC,11355 W FRLAGLER STREET,,MIAMI,FL,33174,3052252332,PRESIDENT,3336C0003X,tier_1_primary_pharmacy,Y,Y,
1801873682,"CULPEPPER HARRELL, INC",610 ZEAGLER DR,,PALATKA,FL,321773811,3863252096,V.P.,333600000X,tier_1_primary_pharmacy,Y,Y,
1821074634,"G&G DRUGS, INC",115 NW SANTA FE BLVD,,HIGH SPRINGS,FL,326434301,3864541382,V.P.,333600000X,tier_1_primary_pharmacy,Y,Y,
1073590717,"WELAKA PHARMACY, LLC",698 THIRD AVENUE,,WELAKA,FL,321930780,3864679994,V.P.,333600000X,tier_1_primary_pharmacy,Y,Y,
1467439927,GARDENS DRUGS INC,10800 N MILITARY TRL,SUITE 119,PALM BEACH GARDENS,FL,334106500,5616222141,OWNER,3336C0004X|333600000X|3336C0003X,tier_1_primary_pharmacy,Y,Y,
1528045861,MAJOR PHARMACY & MEDICAL EQUIPMENT INC,1997 SW 1ST ST,,MIAMI,FL,331351601,3055415511,OWNER,3336C0003X,tier_1_primary_pharmacy,Y,Y,
1053398479,BPSG L.L.C.,1401 W 15TH ST,,PANAMA CITY,FL,324011739,8502157676,OWNER/PHARMACY MANAGER,333600000X,tier_1_primary_pharmacy,Y,Y,
1861479297,ROYAL QUALITY MEDICAL EQUIPMENT INC,6708 NW 72ND AVE,,MIAMI,FL,331663032,3058843715,CEO,3336C0003X,tier_2_secondary_pharmacy,N,Y,
1568449924,ANNS PHARMACY AND DISCOUNT INC,3498 NW 7TH ST,,MIAMI,FL,331254014,3054451200,PRESIDENT,333600000X,tier_1_primary_pharmacy,Y,Y,
1760469043,ECY PHARMACY DISCOUNT INC,7951 SW 40TH ST,SUITE 102,MIAMI,FL,331556752,3052665220,DIRECTOR,333600000X,tier_1_primary_pharmacy,Y,Y,
1972580272,AMERICAN PHARMACY INC,6799 W FLAGLER ST,,MIAMI,FL,331442923,3052610282,PRESIDENT,333600000X,tier_1_primary_pharmacy,Y,Y,
1932186244,CHRIS LOU CORPORATION,7880 CORAL WAY,,MIAMI,FL,331556551,3052646222,PRESIDENT,333600000X|3336C0003X,tier_1_primary_pharmacy,Y,Y,
1578540530,"GATEWAY PRESCRIPTION CENTER, INC",780 SE BAYA DR,,LAKE CITY,FL,320255403,3867556677,"OWNER, PRESIDENT",333600000X,tier_1_primary_pharmacy,Y,Y,
1275510208,"GATEWAY PRESCRIPTION CENTER, INC",1465 W US HIGHWAY 90,SUITE #110,LAKE CITY,FL,320556123,3867552233,"OWNER, PRESIDENT",333600000X,tier_1_primary_pharmacy,Y,Y,
1407833437,ARYAN RETAIL LLC,57 HOMESTEAD RD N,,LEHIGH ACRES,FL,339366607,2393690141,PRESIDENT,333600000X|3336L0003X|3336C0003X,tier_1_primary_pharmacy,Y,Y,
1740268549,WELLS PHARMACY NETWORK LLC,1210 SW 33RD AVE,,OCALA,FL,344742853,3526222913,VICE PRESIDENT OF OPERATIONS AND BU,3336C0004X,tier_1_primary_pharmacy,Y,Y,
1366420176,"FRANCK'S PHARMACY, INC.",1730 SW 17TH ST,,OCALA,FL,344743523,3526224148,CEO/OWNER,333600000X,tier_1_primary_pharmacy,Y,Y,
1407834294,"FRANCKS PHARMACY, INC.",202 SW 17TH ST,,OCALA,FL,344718138,3526224148,CEO OWNER,333600000X,tier_1_primary_pharmacy,Y,Y,
1558349233,MY PHARMACY OF HOMESTEAD INC,806 N KROME AVE,,HOMESTEAD,FL,330304407,3052476949,OWNER,3336C0004X|3336C0003X|3336H0001X|3336L0003X|3336S0011X|333600000X,tier_1_primary_pharmacy,Y,Y,
1861470999,"PALM AVENUE PHAR,MACY, INC.",400 PALM AVE,,HIALEAH,FL,330104718,3058639060,PRESIDENT,3336C0003X,tier_1_primary_pharmacy,Y,Y,
1699754523,HEALTH E CHOICE LLC,29448 STATE ROAD 54,,WESLEY CHAPEL,FL,335434226,8139734506,OWNER,3336C0003X,tier_1_primary_pharmacy,Y,Y,
1336128396,CAMILLUS PHARMACY LC,10780 W FLAGLER ST,#15,MIAMI,FL,33174,3052213441,VICE PRESIDENT,333600000X,tier_2_secondary_pharmacy,N,Y,
1619956273,AGUIMART CORP,432 W 29TH ST,,HIALEAH,FL,330125729,3058636244,OWNER,333600000X,tier_1_primary_pharmacy,Y,Y,
1023098803,BIG LAKE PHARMACY INC,203 SW PARK ST,STE B,OKEECHOBEE,FL,349724160,8637631339,CEO/PRES,3336I0012X|3336M0003X|3336L0003X,tier_1_primary_pharmacy,Y,Y,
1255301586,ORANGE BELT PHARMACY INC.,112 E NEW YORK AVE,,DELAND,FL,327245504,3867341685,PHARMACY MANAGER,333600000X|3336H0001X|3336C0004X|3336C0003X,tier_1_primary_pharmacy,Y,Y,
1427029404,UNIVERSITY DRUGS LLC,3220 COVE BEND DR,,TAMPA,FL,336132752,8136150742,PHCY MANG,3336C0003X,tier_1_primary_pharmacy,Y,Y,
1912979287,"AMERICAN HOMEPATIENT, INC.",9220 PALM RIVER RD,SUITE 105,TAMPA,FL,336194476,8136211799,COO,3336C0004X|3336H0001X|3336M0002X|333600000X,tier_1_primary_pharmacy,Y,Y,
1437121365,HAVANA LTC PHARMACY INC,3818 S HIMES AVE STE 1,,TAMPA,FL,336111413,8138755914,OWNER,333600000X|3336L0003X,tier_1_primary_pharmacy,Y,Y,
1790757508,SOUTHWEST FLORIDA INFUSION CARE INC,3340 FAIRLANE FARMS RD.,STE 4,WELLINGTON,FL,33414,5614691181,PRESIDENT/PHARMACIST,3336L0003X,tier_1_primary_pharmacy,Y,Y,
1386617850,"GATTOLINE ENTERPRISES, INC",1505 W REYNOLDS ST,,PLANT CITY,FL,335634733,8136599777,OWNER/PRES,3336C0004X|333600000X,tier_1_primary_pharmacy,Y,Y,
1033183447,COMPREHENSIVE CONSULTANT SERVICES,6499 38TH AVE N,STE A1,ST PETERSBURG,FL,337101656,7273443902,OWNER,333600000X|3336C0003X,tier_1_primary_pharmacy,Y,Y,
1891769089,FLORIDA PHARMACY INC.,5366 W 12TH AVE,,HIALEAH,FL,330123030,3055560061,PRESIDENT,333600000X,tier_2_secondary_pharmacy,N,Y,
1982678918,UGALAND INC,4700 N HABANA AVE STE 502,,TAMPA,FL,336147120,8139155022,PRESIDENT/MGR,333600000X|3336C0003X,tier_1_primary_pharmacy,Y,Y,
1366416448,PACIFICO NATIONAL INC,1515 ELIZABETH ST,STE J,MELBOURNE,FL,329013000,3218720723,PRES,3336C0004X,tier_1_primary_pharmacy,Y,Y,
1912972639,CORAL WEST PHARMACY,7245 CORAL WAY,,MIAMI,FL,331551401,3052611234,OWNER,333600000X,tier_1_primary_pharmacy,Y,Y,
1073588380,RX EXPRESS PHARMACY OF NAVARRE INC,8986 ORTEGA PARK DR,,NAVARRE,FL,325664141,8509366446,PRESIDENT,3336C0004X|333600000X|3336C0003X,tier_1_primary_pharmacy,Y,Y,
1134194202,SHIVOAM LLC,319 S WOODLAND BLVD,,DELAND,FL,32720,3867343383,OWNER,3336C0004X|3336C0003X,tier_1_primary_pharmacy,Y,Y,
1508831587,"SPECIALTY PHARMACY SERVICES, INC",800 E MELBOURNE AVE,SUITE A,MELBOURNE,FL,329015549,3219532004,VICE PRESIDENT,333600000X,tier_1_primary_pharmacy,Y,Y,
1174599385,MAGIC DOLLAR PHARMACY INC.,1802 E 4TH AVE,,HIALEAH,FL,330103115,3058837126,PRESIDENT,333600000X,tier_1_primary_pharmacy,Y,Y,
1720055775,ENSLEY PHARMACY INC,8814 N PALAFOX ST # C,,PENSACOLA,FL,325343029,8504730428,PRESIDENT,3336C0003X,tier_1_primary_pharmacy,Y,Y,
1609845502,LINTON SQUARE PHARMACY & MEDICAL SUPPLIES INC,1601 S CONGRESS AVE,,DELRAY BEACH,FL,334456368,5612720015,BENEFICIAL OWNER,3336C0004X|333600000X|3336C0003X,tier_1_primary_pharmacy,Y,Y,
1881663623,MINI PRICE PHCY IN,2671 SW 27TH AVE,,MIAMI,FL,331333043,3054452886,MANAGER,333600000X,tier_2_secondary_pharmacy,N,Y,
1376512095,HERNANDEZ & SON CORP,344 W 65TH ST,,HIALEAH,FL,330126719,3055583551,PRESIDENT,333600000X,tier_1_primary_pharmacy,Y,Y,
1770542300,"RESPIRATORY PHARMACEUTICALS, INC.",5501 COMMERCE DR,SUITE 101,ORLANDO,FL,328392976,4078577121,TREASURER,333600000X,tier_1_primary_pharmacy,Y,Y,
1063472256,DISCOUNT US DRUGS,150 S SEMORAN BLVD,,ORLANDO,FL,328073293,4076586002,MANAGER,333600000X,tier_1_primary_pharmacy,Y,Y,
1619937349,"UNIVITA OF FLORIDA, INC.",3700 COMMERCE PKWY,,MIRAMAR,FL,330253912,9543331000,CEO,3336H0001X,tier_1_primary_pharmacy,Y,Y,
1881655330,"LIBERTY MEDICAL, LLC",6700 N ANDREWS AVE STE 700,,FORT LAUDERDALE,FL,333092199,8004913276,MANAGER,333600000X|3336M0002X|3336S0011X|3336C0003X,tier_1_primary_pharmacy,Y,Y,
1558322008,NEGLEX INC,300 SW 107TH AVE,STE 114,MIAMI,FL,331743601,3055514177,VICE PRESIDENT,333600000X,tier_1_primary_pharmacy,Y,Y,
1528020633,BROWNINGS PHARMACY AND HEALTH CARE INC,141 E HIBISCUS BLVD,,MELBOURNE,FL,329013102,3217236520,PRESIDENT,333600000X|3336S0011X|3336C0003X,tier_1_primary_pharmacy,Y,Y,
1700848678,BAYCARE HOMECARE INC,8452 118TH AVE NORTH,,LARGO,FL,33773,7273946461,DIRECTOR,333600000X,tier_1_primary_pharmacy,Y,Y,
1225090087,"BAYCARE HOME CARE, INC.",8452 118TH AVE,,LARGO,FL,337735007,7273946585,DIRECTOR,3336S0011X|333600000X|3336H0001X|3336C0004X,tier_1_primary_pharmacy,Y,Y,
1376505149,BAYCARE HOMECARE,8452 118TH AVE NORTH,,LARGO,FL,33773,7273946461,DIRECTOR,333600000X,tier_1_primary_pharmacy,Y,Y,
1790747483,RX CARE FOUR LLC,1270 MALABAR RD SE,STE 2,PALM BAY,FL,329073407,3219520656,OWNER,3336C0004X|3336S0011X|333600000X|3336C0003X,tier_1_primary_pharmacy,Y,Y,
1811950017,PCA MEDICAL SUPPLIES INC,5321 W 20TH AVE,,HIALEAH,FL,330122100,3053649100,PRESIDENT,333600000X,tier_1_primary_pharmacy,Y,Y,
1063477784,LATIN MEDICAL SUPPLY INC,240 E 1ST AVE,STE 124,HIALEAH,FL,330104963,3058854214,PRESIDENT,3336S0011X,tier_1_primary_pharmacy,Y,Y,
1871558387,BUTTERFIELD OXYGEN AND MEDICAL INC,5009 TURNPIKE FEEDER RD,SUITE A,FORT PIERCE,FL,349512217,7724657476,MANAGER,333600000X,tier_1_primary_pharmacy,Y,Y,
1255396842,"ALL MED INFUSION, INC.",3102 CHERRY PALM DR,SUITE 120,TAMPA,FL,336198314,8136203773,DIRECTOR OF OPERATIONS,3336H0001X|3336S0011X|3336M0002X,tier_1_primary_pharmacy,Y,Y,
1679538920,"O2 ETC., INC.",111 S 21ST AVE,,HOLLYWOOD,FL,330204522,9547927902,CEO,333600000X,tier_2_secondary_pharmacy,N,Y,
1003871492,FAMILY PHYSICIANS RX INC,901 N MIAMI BEACH BLVD STE 1,,NORTH MIAMI BEACH,FL,331623720,3058740072,VP OF HEALTHCARE OPERATIONS,333600000X|3336C0003X,tier_1_primary_pharmacy,Y,Y,
1700843554,KT MORALES MEDICAL SUPPLIES INC,11373 SW 211TH ST,STE 8,MIAMI,FL,331892245,3052517222,OWNER,3336C0003X,tier_1_primary_pharmacy,Y,Y,
1265499453,LAKEVIEW CENTER INC,1201 W HERNANDEZ ST,,PENSACOLA,FL,325011815,8504693719,PHARMACY DIRECTOR,333600000X|3336C0003X,tier_1_primary_pharmacy,Y,Y,
1467419606,APOTHECARY CORPORATION,1089 N COLLIER BLVD,SUITE 409,MARCO ISLAND,FL,341452563,2393943111,OWNER,3336C0003X,tier_1_primary_pharmacy,Y,Y,
1154379378,COMPREHENSIVE HOME CARE INC,12916 SW 132ND CT,,MIAMI,FL,331865819,3052351072,PHCY MNGR,3336H0001X|3336C0004X|3336S0011X|3336C0003X,tier_1_primary_pharmacy,Y,Y,
1033167721,"SOUTH COUNTY MENTAL HEALTH CENTER, INC.",16158 MILITARY TRL,,DELRAY BEACH,FL,33484,5616371000,CHIEF EXECUTIVE OFFICER,3336C0003X,tier_2_secondary_pharmacy,N,Y,
1821046111,"RAV-BAL, INC",5322 DUHME RD,,MADEIRA BEACH,FL,337082755,7273985020,PRESIDENT,3336C0003X,tier_1_primary_pharmacy,Y,Y,
1154370369,"MAIL ORDER MEDS OF FLORIDA, LLC",4500 BISCAYNE BLVD,SUITE 104,MIAMI,FL,331373227,8883686405,GENERAL MANAGER,333600000X,tier_1_primary_pharmacy,Y,Y,
1942259874,"FLORIDA HOSPITAL HOME INFUSION, LLP",556 FLORIDA CENTRAL PKWY,SUITE 1044,LONGWOOD,FL,327505174,4078655489,VP,3336H0001X,tier_1_primary_pharmacy,Y,Y,
1679522635,"MEDASSIST RX,LLC",1209 TECH BLVD,STE 211,TAMPA,FL,336197870,8136204101,OWNER,3336C0003X,tier_1_primary_pharmacy,Y,Y,
1033168844,NEW VISION MEDICAL SUPPLY INC,13020 SW 120TH ST,,MIAMI,FL,331864522,3052324223,PRESIDENT,333600000X,tier_2_secondary_pharmacy,N,Y,
1396795688,PEOPLE'S PHARMACY INC,907 SW 87TH AVE,,MIAMI,FL,331743206,3052610777,PRESIDENT,333600000X,tier_1_primary_pharmacy,Y,Y,
1912957127,JR PHARMACY PLLC,2160 WHISPER LAKES BLVD,,ORLANDO,FL,328376762,4074475612,MANAGING MBR,3336C0003X,tier_1_primary_pharmacy,Y,Y,
1982653523,PARK SHORE DRUG INC,600 ANSIN BLVD,,HALLANDALE BEACH,FL,330092118,9548744646,"PHARMACIST, PRESIDENT",3336L0003X,tier_1_primary_pharmacy,Y,Y,
1306896535,ANAR MEDICAL EQUIPMENT & SUPPLIES INC,9290 SW 150TH AVE,,MIAMI,FL,33196,3053870405,OWNER,3336C0003X,tier_1_primary_pharmacy,Y,Y,
1710937453,HEALTH REHABILITATIVE EQUIPMENT CORP,15652 SW 72ND ST,,MIAMI,FL,331931921,3054088951,PRESIDENT,3336C0003X,tier_1_primary_pharmacy,Y,Y,
1629028394,PUBLIX SUPER MARKETS INC,10500 SAN JOSE BLVD,STE 36,JACKSONVILLE,FL,322576209,9042886450,VP PHARMACY,333600000X|3336C0003X,tier_1_primary_pharmacy,Y,N,PUBLIX
1134179807,CARIBBEAN PHARMACY INC,1643 SW 32ND AVE,,MIAMI,FL,331451848,3054475173,PRES,333600000X|3336C0003X,tier_1_primary_pharmacy,Y,Y,
1043260714,YPM TOTAL CARE PHARMACY,5050 S FLORIDA AVE,STE 3,LAKELAND,FL,338132510,8636447600,PRESIDENT,3336C0003X,tier_1_primary_pharmacy,Y,Y,
1902857188,"HAVANA PHARMACY, INC.",1209 W FLAGLER ST,,MIAMI,FL,331352419,3053249835,PRESIDENT,333600000X,tier_1_primary_pharmacy,Y,Y,
1346291119,FAMILY PHARMACY CORP,9841 SW 184TH ST,,MIAMI,FL,331576934,3059712374,PRESIDENT,3336C0003X,tier_1_primary_pharmacy,Y,Y,
1437100401,"PUBLIX SUPER MARKETS, INC",5678 CAPITAL CIR NW,,TALLAHASSEE,FL,323038974,8507824766,VP PHARMACY,333600000X|3336C0003X,tier_1_primary_pharmacy,Y,N,PUBLIX
1306897178,PUBLIX SUPER MARKETS INC,270 E EAU GALLIE BLVD,,INDIAN HARBOUR BEACH,FL,329374874,3217732977,VP PHARMACY,333600000X|3336C0003X,tier_1_primary_pharmacy,Y,N,PUBLIX
1063463883,"PINECREST PHARMACY, INC",955 NW 3RD ST,,MIAMI,FL,331281274,3052539191,PRESIDENT,333600000X,tier_1_primary_pharmacy,Y,Y,
1851342406,PUBLIX SUPER MARKETS INC,1395 SW MARTIN HWY,,PALM CITY,FL,349903373,7722324062,VP PHARMACY,333600000X|3336C0003X,tier_1_primary_pharmacy,Y,N,PUBLIX
1487605093,"DIABETIC SOLUTIONS, INC.",10301 W SAMPLE RD,,CORAL SPRINGS,FL,330653941,9543467759,CHIEF EXECUTIVE OFFICER,333600000X|3336M0002X|3336C0003X,tier_1_primary_pharmacy,Y,Y,
1053363457,FLORIDA PAIN AND REHABILITATION ASSOCIATES INC,5365 W ATLANTIC AVE,SUITE 504,DELRAY BEACH,FL,334848172,5612419300,RCM MANAGER,3336C0002X,tier_2_secondary_pharmacy,N,Y,
1326090390,FAMILY HEALTH CENTERS OF SOUTHWEST FLORIDA INC,2232 GRAND AVE,,FORT MYERS,FL,339013717,2393442330,PRESIDENT  CEO,3336C0002X,tier_2_secondary_pharmacy,N,Y,
1861445496,"JAMAREL ENTERPRISES, INC",444 SW 8TH AVE,,MIAMI,FL,331302507,3053248302,PRESIDENT,3336C0003X,tier_1_primary_pharmacy,Y,Y,
1649223298,"MULTI - MED EQUIPMENT, INC.",7176 SW 47TH ST,SUITE#9,MIAMI,FL,331554655,3056689354,PRESIDENT,3336C0003X,tier_2_secondary_pharmacy,N,Y,
1720031040,PUBLIX SUPER MARKETS INC,1451 SEBASTIAN BLVD,,SEBASTIAN,FL,329585166,7725815725,VP PHARMACY,333600000X|3336C0003X,tier_1_primary_pharmacy,Y,N,PUBLIX
1245283423,SEASIDE FAMILY PHARMACY LLC,4075 A1A S,STE 102,ST AUGUSTINE,FL,320806773,9044613299,CO OWNER,333600000X|3336C0003X,tier_1_primary_pharmacy,Y,Y,
1649223793,ESSENCE PHARMACY CORP,1805 NE 164TH ST,,NORTH MIAMI BEACH,FL,331624109,3059483500,PRESIDENT,333600000X|3336C0003X,tier_1_primary_pharmacy,Y,Y,
1396798435,MED EXPRESS PHARMACY CORP,888 NW 27TH AVE,SUITE 4,MIAMI,FL,331253000,3056436800,PRESIDENT,3336C0003X,tier_1_primary_pharmacy,Y,Y,
1841243995,MICMEL EXPRESS CORPORATION,2750 W 68TH ST,SUITE 224A,HIALEAH,FL,330165446,3053641977,PRESIDENT,333600000X|3336C0003X,tier_1_primary_pharmacy,Y,Y,
1982657383,EXCELLENT HOME MEDICAL EQUIPMENT CORP.,9961 SW 142ND AVE,,MIAMI,FL,331866844,3053820116,PRESIDENT,333600000X,tier_1_primary_pharmacy,Y,Y,
1235182700,PATIENT CARE DME INC,8201 NE 1 PL,SUITE 101,MIAMI,FL,331384130,3057571239,PRESIDENT,3336C0003X,tier_2_secondary_pharmacy,N,Y,
1043263510,YONG PHARMACY DISCOUNT,2324 SW 67TH AVE,,MIAMI,FL,331551846,7863884990,PRESIDENT,3336C0003X,tier_1_primary_pharmacy,Y,Y,
1477506954,C M PALACIO INC,3664 PALM AVE,,HIALEAH,FL,330125247,3058221000,PRESIDENT,3336C0003X,tier_1_primary_pharmacy,Y,Y,
1407809577,PUBLIX SUPER MARKETS INC,4413 TOWN CENTER PKWY,STE 100,JACKSONVILLE,FL,322468568,9045643790,VP PHARMACY,333600000X|3336C0003X,tier_1_primary_pharmacy,Y,N,PUBLIX
1063465417,"INDIGO MEDICAL, INC.",5927 SW 8TH ST,,WEST MIAMI,FL,331445037,3052632420,PRESIDENT,333600000X,tier_1_primary_pharmacy,Y,Y,
1194778050,TALLAHASSEE ORTHOPEDIC CLINIC III PL,3334 CAPITAL MEDICAL BLVD STE 400,,TALLAHASSEE,FL,323084470,8508778174,DIRECTOR OF MANAGED CARE,3336C0002X,tier_2_secondary_pharmacy,N,Y,
1063466266,"NEW HORIZON PHARMACY, INC,",3606-2 EMERSON ST,,JACKSONVILLE,FL,322075641,9043982881,OWNER,3336C0003X,tier_1_primary_pharmacy,Y,Y,
1679527881,MIAMI GARDENS PHARMACY INC,7 BARRY RD,,WEST PARK,FL,330235271,9549833777,PRESIDENT,333600000X|3336C0003X,tier_1_primary_pharmacy,Y,Y,
1801840079,ATLANTIC PHARMACY SERVICES INC,4908 SW 72ND AVE,SUITE C,MIAMI,FL,331555548,3056668711,PRESIDENT,3336S0011X|3336C0003X,tier_1_primary_pharmacy,Y,Y,
1841244316,"GARRETT'S PHARMACY SERVICES, INC.",536 E 1ST AVE,,CRESTVIEW,FL,325362505,8506282008,OWNER-PHARMACIST,3336C0003X,tier_1_primary_pharmacy,Y,Y,
1003860933,"LIZMAR OF SOUTH FLORIDA, INC.",9676 NW 25TH ST,,DORAL,FL,331721403,3054369460,PRESIDENT,3336C0003X,tier_2_secondary_pharmacy,N,Y,
1962457796,VILLAGE PHARMACY OF NOKOMIS LLC,1095 TAMIAMI TRL N,STE B,NOKOMIS,FL,342752114,9414888800,MGR,3336C0004X|3336L0003X|3336S0011X|3336C0003X,tier_1_primary_pharmacy,Y,Y,
1871548602,SUPER SAVER PHARMACY #NO 2 LLC,200 PARK PLACE BLVD,,KISSIMMEE,FL,347412344,4078460765,OWNER,3336C0003X,tier_1_primary_pharmacy,Y,Y,
1417902255,BELLEVIEW COMMUNITY PHARMACY,2500 CITRUS BLVD,,LEESBURG,FL,347483063,3527280477,MGR,3336L0003X|3336C0003X,tier_1_primary_pharmacy,Y,Y,
1407801426,"ULTRA MEDICAL SERVICES, INC.",17601 NW 78TH AVE,102,HIALEAH,FL,330153630,3058202855,PRESIDENT,333600000X,tier_1_primary_pharmacy,Y,Y,
1609821644,VIN KASH INC,5474 WILLIAMS RD,STE 16 AND 19,TAMPA,FL,336109345,8137409563,PRESIDENT,3336M0002X,tier_1_primary_pharmacy,Y,Y,
1326094301,PERKINS COMPOUNDING PHARMACY INC,4015 20TH ST,,VERO BEACH,FL,329602403,7729786470,OWNER PHCST,333600000X|3336C0003X,tier_1_primary_pharmacy,Y,Y,
1316993322,FLORIDA SOLUTIONS PHARMACY,1057 W 29TH ST,,HIALEAH,FL,330125061,3058835791,PRESIDENT,333600000X|3336S0011X,tier_1_primary_pharmacy,Y,Y,
1154378784,"RXPERTS PHARMACY - TAMPA, INC.",1911 N US HIGHWAY 301,SUITE 100,TAMPA,FL,336192642,8137401818,CEO,3336L0003X,tier_1_primary_pharmacy,Y,Y,
1609823194,SACRED HEART HEALTH SYSTEM INC,213 E WRIGHT ST,,PENSACOLA,FL,325014917,8504709288,ADMINISTRATOR,3336H0001X,tier_2_secondary_pharmacy,N,Y,
1932156544,"RXPERTS PHARMACY SERVICES, INC.",4032 N 29TH AVE,,HOLLYWOOD,FL,330201012,9549191818,CEO,3336L0003X,tier_1_primary_pharmacy,Y,Y,
1184671414,NANY'S PHARMACY DISCOUNT CORP,11264 SW 137TH AVE,,MIAMI,FL,331864203,3053809050,PRESIDENT,3336C0003X,tier_1_primary_pharmacy,Y,Y,
1760439970,DALICE MEDICAL EQUIPMENT INC,7844 SW 24TH ST,,MIAMI,FL,331556551,3052673292,PRESIDENT,3336C0003X,tier_1_primary_pharmacy,Y,Y,
1164479382,E & E MEDICAL SERVICES CORP,240 E 1ST AVE,SUITE 107,HIALEAH,FL,330104963,3058838848,PRESIDENT,3336C0003X,tier_1_primary_pharmacy,Y,Y,
1467499988,ALBERTSONS LLC,8888 LANTANA RD,,LAKE WORTH,FL,334676263,5614329015,NEW STORE ENROLLMENTS,333600000X|3336C0003X,tier_1_primary_pharmacy,Y,N,ALBERTSONS
1285671701,ALBERTSONS LLC,870 VILLAGE OAK LN,,LAKE MARY,FL,327464766,4078046994,NEW STORE ENROLLMENTS,333600000X|3336C0003X,tier_1_primary_pharmacy,Y,N,ALBERTSONS
1811934334,ALBERTSONS LLC,3700 4TH ST N,,ST PETERSBURG,FL,337041314,7275213535,NEW STORE ENROLLMENTS,333600000X|3336C0003X,tier_1_primary_pharmacy,Y,N,ALBERTSONS
1548207061,ALBERTSONS LLC,8701 W HILLSBOROUGH AVE,,TAMPA,FL,336153704,8138840407,NEW STORE ENROLLMENTS,333600000X|3336C0003X,tier_1_primary_pharmacy,Y,N,ALBERTSONS
1457398976,ALBERTSONS LLC,2770 W BAY DR,,BELLEAIR BLUFFS,FL,337702618,7275857478,NEW STORE ENROLLMENTS,333600000X|3336C0003X,tier_1_primary_pharmacy,Y,N,ALBERTSONS
1366489882,ALBERTSONS LLC,7880 113TH ST,,SEMINOLE,FL,337724616,7273919626,NEW STORE ENROLLMENTS,333600000X|3336C0003X,tier_1_primary_pharmacy,Y,N,ALBERTSONS
1093752529,ALBERTSONS LLC,1181 S UNIVERSITY DR,,PLANTATION,FL,333243322,9544726204,NEW STORE ENROLLMENTS,333600000X|3336C0003X,tier_1_primary_pharmacy,Y,N,ALBERTSONS
1811934342,ALBERTSONS LLC,5998 MOBILE HWY,,PENSACOLA,FL,325261873,8509418758,NEW STORE ENROLLMENTS,333600000X|3336C0003X,tier_1_primary_pharmacy,Y,N,ALBERTSONS
1720025257,ALBERTSONS LLC,2381 W STATE ROAD 434,,LONGWOOD,FL,327794984,4078694973,NEW STORE ENROLLMENTS,333600000X|3336C0003X,tier_1_primary_pharmacy,Y,N,ALBERTSONS
1639116163,ALBERTSONS LLC,2201 N UNIVERSITY DR,,CORAL SPRINGS,FL,330716185,9547538030,NEW STORE ENROLLMENTS,333600000X|3336C0003X,tier_1_primary_pharmacy,Y,N,ALBERTSONS
1548207079,ALBERTSONS LLC,610 E BRANDON BLVD,,BRANDON,FL,335115421,8136857784,NEW STORE ENROLLMENTS,333600000X|3336C0003X,tier_1_primary_pharmacy,Y,N,ALBERTSONS
1366489890,ALBERTSONS LLC,26583 US HIGHWAY 19 N,,CLEARWATER,FL,337614509,7277960976,NEW STORE ENROLLMENTS,333600000X|3336C0003X,tier_1_primary_pharmacy,Y,N,ALBERTSONS
1184661613,ALBERTSONS LLC,4701 PARK BLVD,,PINELLAS PARK,FL,337813533,7275415791,NEW STORE ENROLLMENTS,333600000X|3336C0003X,tier_1_primary_pharmacy,Y,N,ALBERTSONS
1629015151,ALBERTSONS LLC,3803 S NOVA RD,,PORT ORANGE,FL,321294201,3867884895,NEW STORE ENROLLMENTS,333600000X|3336C0003X,tier_1_primary_pharmacy,Y,N,ALBERTSONS
1447297973,ALBERTSONS LLC,3701 W HILLSBORO BLVD,,DEERFIELD BEACH,FL,334429417,9544277561,NEW STORE ENROLLMENTS,333600000X|3336C0003X,tier_1_primary_pharmacy,Y,N,ALBERTSONS
1083651517,ALBERTSONS LLC,13031 WALSINGHAM RD,,LARGO,FL,337743514,7275930740,NEW STORE ENROLLMENTS,333600000X|3336C0003X,tier_1_primary_pharmacy,Y,N,ALBERTSONS
1891732327,ALBERTSONS LLC,10105 S US HIGHWAY 1,,PORT ST LUCIE,FL,349525608,7723357602,NEW STORE ENROLLMENTS,333600000X|3336C0003X,tier_1_primary_pharmacy,Y,N,ALBERTSONS
1700823234,ALBERTSONS LLC,4407 NORTHLAKE BLVD,,PALM BEACH GARDENS,FL,334106255,5616222813,NEW STORE ENROLLMENTS,333600000X|3336C0003X,tier_1_primary_pharmacy,Y,N,ALBERTSONS
1114964889,ALBERTSONS LLC,1566 BELLA CRUZ DR,,LADY LAKE,FL,321598969,3527539405,NEW STORE ENROLLMENTS,333600000X|3336C0003X,tier_1_primary_pharmacy,Y,N,ALBERTSONS
1023055795,ALBERTSONS LLC,4835 IMMOKALEE RD,,NAPLES,FL,341102415,2395966522,NEW STORE ENROLLMENTS,333600000X|3336C0003X,tier_1_primary_pharmacy,Y,N,ALBERTSONS
1932146602,ALBERTSONS LLC,2231 E HILLSBOROUGH AVE,,TAMPA,FL,336104402,8132317939,NEW STORE ENROLLMENTS,333600000X|3336C0003X,tier_1_primary_pharmacy,Y,N,ALBERTSONS
1750328423,ALBERTSONS LLC,1101 8TH AVE W,,PALMETTO,FL,342213809,9417214406,NEW STORE ENROLLMENTS,333600000X|3336C0003X,tier_1_primary_pharmacy,Y,N,ALBERTSONS
1528005071,ALBERTSONS LLC,4840 S TAMIAMI TRL,,SARASOTA,FL,342314352,9419212154,NEW STORE ENROLLMENTS,333600000X|3336C0003X,tier_1_primary_pharmacy,Y,N,ALBERTSONS
1346287893,ALBERTSONS LLC,1921 N BELCHER RD,,CLEARWATER,FL,337634548,7277262787,NEW STORE ENROLLMENTS,333600000X|3336C0003X,tier_1_primary_pharmacy,Y,N,ALBERTSONS
1255378709,ALBERTSONS LLC,12101 LITTLE RD,,HUDSON,FL,346672924,7278636180,NEW STORE ENROLLMENTS,333600000X|3336C0003X,tier_1_primary_pharmacy,Y,N,ALBERTSONS
1164469615,ALBERTSONS LLC,13401 SUMMERLIN RD,,FORT MYERS,FL,339196592,2394375844,NEW STORE ENROLLMENTS,333600000X|3336C0003X,tier_1_primary_pharmacy,Y,N,ALBERTSONS
1073550521,ALBERTSONS LLC,5371 EHRLICH RD,,TAMPA,FL,336255508,8139087188,NEW STORE ENROLLMENTS,333600000X|3336C0003X,tier_1_primary_pharmacy,Y,N,ALBERTSONS
1982641437,ALBERTSONS LLC,17400 N ALTERNATE A1A,,JUPITER,FL,334775896,5617444538,NEW STORE ENROLLMENTS,333600000X|3336C0003X,tier_1_primary_pharmacy,Y,N,ALBERTSONS
1790722247,ALBERTSONS LLC,10018 GRIFFIN RD,,COOPER CITY,FL,333283301,9546809121,NEW STORE ENROLLMENTS,333600000X|3336C0003X,tier_1_primary_pharmacy,Y,N,ALBERTSONS
1609813153,ALBERTSONS LLC,3950 CENTRAL SARASOTA PKWY,,SARASOTA,FL,342386666,9419660734,NEW STORE ENROLLMENTS,333600000X|3336C0003X,tier_1_primary_pharmacy,Y,N,ALBERTSONS
1518904069,ALBERTSONS LLC,1735 NE PINE ISLAND RD,,CAPE CORAL,FL,339091731,2395732017,NEW STORE ENROLLMENTS,333600000X|3336C0003X,tier_1_primary_pharmacy,Y,N,ALBERTSONS
1154368603,ALBERTSONS LLC,4950 BELLE TERRE PKWY,,PALM COAST,FL,32137,3864464955,NEW STORE ENROLLMENTS,333600000X|3336C0003X,tier_1_primary_pharmacy,Y,N,ALBERTSONS
1063459519,ALBERTSONS LLC,9251 UNIVERSITY PKWY,,PENSACOLA,FL,325145531,8504796113,NEW STORE ENROLLMENTS,333600000X|3336C0003X,tier_1_primary_pharmacy,Y,N,ALBERTSONS
1972540425,ALBERTSONS LLC,9005 US HIGHWAY 301 N,,PARRISH,FL,342198673,9417765464,NEW STORE ENROLLMENTS,333600000X|3336C0003X,tier_1_primary_pharmacy,Y,N,ALBERTSONS
1326085879,ALBERTSONS LLC,10250 CURRY FORD RD,,ORLANDO,FL,328258735,4072828605,NEW STORE ENROLLMENTS,333600000X|3336C0003X,tier_1_primary_pharmacy,Y,N,ALBERTSONS
1518904283,ALBERTSONS LLC,440 N ORLANDO AVE,,WINTER PARK,FL,327892914,4077400549,NEW STORE ENROLLMENTS,333600000X|3336C0003X,tier_1_primary_pharmacy,Y,N,ALBERTSONS
1245277912,ALBERTSONS LLC,1925 N MONROE ST,,TALLAHASSEE,FL,323034725,8503867126,NEW STORE ENROLLMENTS,333600000X|3336C0003X,tier_1_primary_pharmacy,Y,N,ALBERTSONS
1154368827,ALBERTSONS LLC,7100 N UNIVERSITY DR,,TAMARAC,FL,333212916,9547201204,NEW STORE ENROLLMENTS,333600000X|3336C0003X,tier_1_primary_pharmacy,Y,N,ALBERTSONS
1063459733,ALBERTSONS LLC,35439 US 19 N,,PALM HARBOR,FL,346841737,7277873131,NEW STORE ENROLLMENTS,333600000X|3336C0003X,tier_1_primary_pharmacy,Y,N,ALBERTSONS
1972540649,ALBERTSONS LLC,1965 8TH ST NW,,WINTER HAVEN,FL,338812391,8632946991,NEW STORE ENROLLMENTS,333600000X|3336C0003X,tier_1_primary_pharmacy,Y,N,ALBERTSONS
1508803271,ALBERTSONS LLC,3838 BRITTON PLZ,,TAMPA,FL,336111406,8138318109,NEW STORE ENROLLMENTS,333600000X|3336C0003X,tier_1_primary_pharmacy,Y,N,ALBERTSONS
1326085093,ALBERTSONS LLC,610 EGLIN PKWY NE,,FORT WALTON BEACH,FL,325472832,8508644446,NEW STORE ENROLLMENTS,333600000X|3336C0003X,tier_1_primary_pharmacy,Y,N,ALBERTSONS
1962449637,ALBERTSONS LLC,4651 CORTEZ RD W,,BRADENTON,FL,342103146,9417983222,NEW STORE ENROLLMENTS,333600000X|3336C0003X,tier_1_primary_pharmacy,Y,N,ALBERTSONS
1871530543,ALBERTSONS LLC,3930 SW ARCHER RD,,GAINESVILLE,FL,326082342,3523775029,NEW STORE ENROLLMENTS,333600000X|3336C0003X,tier_1_primary_pharmacy,Y,N,ALBERTSONS
1598702268,ALBERTSONS LLC,7524 DR PHILLIPS BLVD,,ORLANDO,FL,328195148,4073521885,NEW STORE ENROLLMENTS,333600000X|3336C0003X,tier_1_primary_pharmacy,Y,N,ALBERTSONS
1316984081,ALBERTSONS LLC,820 PALM BAY RD NE,,PALM BAY,FL,329056351,3219526615,NEW STORE ENROLLMENTS,333600000X|3336C0003X,tier_1_primary_pharmacy,Y,N,ALBERTSONS
1225075997,ALBERTSONS LLC,8833 TAMIAMI TRL N,,NAPLES,FL,341082565,2395914022,NEW STORE ENROLLMENTS,333600000X|3336C0003X,tier_1_primary_pharmacy,Y,N,ALBERTSONS
1134166804,ALBERTSONS LLC,3350 TAMIAMI TRL E,,NAPLES,FL,341124912,2397327266,NEW STORE ENROLLMENTS,333600000X|3336C0003X,tier_1_primary_pharmacy,Y,N,ALBERTSONS
1952348625,ALBERTSONS LLC,16970 SAN CARLOS BLVD,,FORT MYERS,FL,339081236,2394661191,NEW STORE ENROLLMENTS,333600000X|3336C0003X,tier_1_primary_pharmacy,Y,N,ALBERTSONS
1861439531,ALBERTSONS LLC,1295 S MISSOURI AVE,,CLEARWATER,FL,337564174,7274491704,NEW STORE ENROLLMENTS,333600000X|3336C0003X,tier_1_primary_pharmacy,Y,N,ALBERTSONS
1770520447,ALBERTSONS LLC,3521-A THOMASVILLE ROAD,,TALLAHASSEE,FL,32308,8508935206,NEW STORE ENROLLMENTS,333600000X|3336C0003X,tier_1_primary_pharmacy,Y,N,ALBERTSONS
1689611352,ALBERTSONS LLC,1075 PASADENA AVE S,,SOUTH PASADENA,FL,337072037,7273411101,NEW STORE ENROLLMENTS,333600000X|3336C0003X,tier_1_primary_pharmacy,Y,N,ALBERTSONS
1942247614,ALBERTSONS LLC,26841 S TAMIAMI TRL,,BONITA SPRINGS,FL,341347817,2399471922,NEW STORE ENROLLMENTS,333600000X|3336C0003X,tier_1_primary_pharmacy,Y,N,ALBERTSONS
1851338529,ALBERTSONS LLC,2100 SAXON BLVD,,DELTONA,FL,327253251,3867890030,NEW STORE ENROLLMENTS,333600000X|3336C0003X,tier_1_primary_pharmacy,Y,N,ALBERTSONS
1760429435,ALBERTSONS LLC,2180 W NINE MILE RD,,PENSACOLA,FL,325349472,8505050012,NEW STORE ENROLLMENTS,333600000X|3336C0003X,tier_1_primary_pharmacy,Y,N,ALBERTSONS
1679510341,ALBERTSONS LLC,9839 S MILITARY TRL,,BOYNTON BEACH,FL,334363202,5617338712,NEW STORE ENROLLMENTS,333600000X|3336C0003X,tier_1_primary_pharmacy,Y,N,ALBERTSONS
1588601256,ALBERTSONS LLC,127 CAPE CORAL PKWY W,,CAPE CORAL,FL,339148353,2395496088,NEW STORE ENROLLMENTS,333600000X|3336C0003X,tier_1_primary_pharmacy,Y,N,ALBERTSONS
1831137843,BJS WHOLESALE CLUB INC,1929 NE PINE ISLAND RD,,CAPE CORAL,FL,339091704,2398293315,ASSISTANT VICE PRESIDENT,333600000X|3336C0003X,tier_1_primary_pharmacy,Y,Y,
1740228758,BJS WHOLESALE CLUB INC,8046 PHILIPS HWY,,JACKSONVILLE,FL,322567406,9044851188,ASSISTANT VICE PRESIDENT,333600000X|3336C0003X,tier_1_primary_pharmacy,Y,Y,
1659319663,BJS WHOLESALE CLUB INC,17250 NW 57TH AVE,,HIALEAH,FL,330155100,3055572440,ASSISTANT VICE PRESIDENT,3336C0002X,tier_1_primary_pharmacy,Y,Y,
1174561328,ALBERTSONS LLC,4300 220 CLARCONA OCOEE RD,,ORLANDO,FL,32810,4072923379,NEW STORE ENROLLMENTS,333600000X|3336C0003X,tier_1_primary_pharmacy,Y,N,ALBERTSONS
1700824950,ALBERTSONS LLC,3610 US HIGHWAY 27 N,,SEBRING,FL,338701691,8634020288,NEW STORE ENROLLMENTS,333600000X|3336C0003X,tier_1_primary_pharmacy,Y,N,ALBERTSONS
1790722072,RDS PHARMACY MANAGEMENT INC,111 NW 1ST ST,,MIAMI,FL,331281902,3053745120,PHARMACIST IN CHARGE,3336C0003X,tier_1_primary_pharmacy,Y,Y,
1851338230,"HCI SPECIALTY PHARMACY, LLC",8320 NW 30TH TER,,DORAL,FL,331221915,8663454424,MEMBER,3336H0001X|3336C0003X,tier_1_primary_pharmacy,Y,Y,
1700824885,KINGS RX INC,7410 W BOYNTON BEACH BLVD,STE A4,BOYNTON BEACH,FL,334376156,5617389494,PRESIDENT/PHARMACIST IN CHARGE,3336C0004X|333600000X|3336C0003X,tier_1_primary_pharmacy,Y,Y,
1427096502,ALBERTSONS LLC,3825 E BAY DR,,LARGO,FL,337711936,7275351458,NEW STORE ENROLLMENTS,333600000X|3336C0003X,tier_1_primary_pharmacy,Y,N,ALBERTSONS
1831136266,ALBERTSONS LLC,5524 W COLONIAL DR,,ORLANDO,FL,328087612,4072981880,NEW STORE ENROLLMENTS,333600000X|3336C0003X,tier_1_primary_pharmacy,Y,N,ALBERTSONS
1740227172,ALBERTSONS LLC,3030 54TH AVE S,,ST PETERSBURG,FL,337124614,7278663171,NEW STORE ENROLLMENTS,333600000X|3336C0003X,tier_1_primary_pharmacy,Y,N,ALBERTSONS
1659318087,ALBERTSONS LLC,3900 66TH ST N,,ST PETERSBURG,FL,337094912,7273471121,NEW STORE ENROLLMENTS,333600000X|3336C0003X,tier_1_primary_pharmacy,Y,N,ALBERTSONS
1568409993,ALBERTSONS LLC,5055 N 9TH AVE,,PENSACOLA,FL,325048719,8504779232,NEW STORE ENROLLMENTS,333600000X|3336C0003X,tier_1_primary_pharmacy,Y,N,ALBERTSONS
1306884051,"CLERO'S PHARMACY, INC.",11300 NW 87TH CT,SUITE 149,HIALEAH GARDENS,FL,330184586,3058201242,PRESIDENT,333600000X,tier_1_primary_pharmacy,Y,Y,
1427096809,AETNA RX HOME DELIVERY,1600 SW 80TH TER,2ND FLOOR,PLANTATION,FL,333244049,9546932800,"DIR, PHARMACIST IN CHARGE",333600000X|3336M0002X,tier_1_primary_pharmacy,Y,Y,
1548209554,PUBLIX SUPER MARKETS INC,1501 MEETING PL,,ORLANDO,FL,328146602,4078977373,VP PHARMACY,333600000X|3336C0003X,tier_1_primary_pharmacy,Y,N,PUBLIX
1457390460,PUBLIX SUPER MARKETS INC,606 HAVENDALE BLVD,,AUBURNDALE,FL,338234687,8635519798,VP PHARMACY,333600000X|3336C0003X,tier_1_primary_pharmacy,Y,N,PUBLIX
1366481376,"PUBLIX SUPER MARKETS, INC.",13850 LANDSTAR BLVD,,ORLANDO,FL,328245526,4078566075,"VP, PHARMACY",333600000X|3336C0003X,tier_1_primary_pharmacy,Y,N,PUBLIX
1275572281,PUBLIX SUPER MARKETS INC,6485 S CHICKASAW TRL,,ORLANDO,FL,328298366,4072778788,VP PHARMACY,333600000X|3336C0003X,tier_1_primary_pharmacy,Y,N,PUBLIX
1184663197,PUBLIX SUPER MARKETS INC,9005 US HIGHWAY 301 N,,PARRISH,FL,342198673,9417763413,VP PHARMACY,333600000X|3336C0003X,tier_1_primary_pharmacy,Y,N,PUBLIX
1992744908,PUBLIX SUPER MARKETS INC,9720 CLINT MOORE RD,,BOCA RATON,FL,334961011,5612188545,VP PHARMACY,333600000X|3336C0003X,tier_1_primary_pharmacy,Y,N,PUBLIX
1801835814,PUBLIX SUPER MARKETS INC,5781 LEE BLVD,,LEHIGH ACRES,FL,339716337,2392269707,VP PHARMACY,333600000X|3336C0003X,tier_1_primary_pharmacy,Y,N,PUBLIX
1629017637,PUBLIX SUPER MARKETS INC,127 S STATE ROAD 7,,WELLINGTON,FL,334144338,5616151711,VP PHARMACY,333600000X|3336C0003X,tier_1_primary_pharmacy,Y,N,PUBLIX
1538108543,PUBLIX SUPER MARKETS INC,3475 WEDGEWOOD LN,,THE VILLAGES,FL,321627183,3527516302,VP PHARMACY,333600000X|3336C0003X,tier_1_primary_pharmacy,Y,N,PUBLIX
1730128786,PUBLIX SUPER MARKETS INC,4000 N GOLDENROD RD,,WINTER PARK,FL,327928999,4076813191,VP PHARMACY,333600000X|3336C0003X,tier_1_primary_pharmacy,Y,N,PUBLIX
1649219692,PUBLIX SUPER MARKETS INC,14130 W NEWBERRY RD,,NEWBERRY,FL,326692759,3523325232,VP PHARMACY,333600000X|3336C0003X,tier_1_primary_pharmacy,Y,N,PUBLIX
1558300509,PUBLIX SUPER MARKETS INC,8989 OKEECHOBEE BLVD,,WEST PALM BEACH,FL,334111826,5613335301,VP PHARMACY,333600000X|3336C0003X,tier_1_primary_pharmacy,Y,N,PUBLIX
1467491415,PUBLIX SUPER MARKETS INC,11667 BOYETTE RD,,RIVERVIEW,FL,335695531,8136722724,VP PHARMACY,333600000X|3336C0003X,tier_1_primary_pharmacy,Y,N,PUBLIX
1376582320,PUBLIX SUPER MARKETS INC,27615 US HIGHWAY 27,,LEESBURG,FL,347489396,3527872122,VP PHARMACY,333600000X|3336C0003X,tier_1_primary_pharmacy,Y,N,PUBLIX
1285673236,PUBLIX SUPER MARKETS INC,1801 E BROADWAY ST,,OVIEDO,FL,327658597,4079710395,VP PHARMACY,333600000X|3336C0003X,tier_1_primary_pharmacy,Y,N,PUBLIX
1093754046,PUBLIX SUPER MARKETS INC,4765 HODGES BLVD,,JACKSONVILLE,FL,322245280,9042235932,VP PHARMACY,333600000X|3336C0003X,tier_1_primary_pharmacy,Y,N,PUBLIX
1902845951,PUBLIX SUPER MARKETS INC,5032 CAPITAL CIR SW STE 1,,TALLAHASSEE,FL,323057886,8508781740,VP PHARMACY,333600000X|3336C0003X,tier_1_primary_pharmacy,Y,N,PUBLIX
1811936867,PUBLIX SUPER MARKETS INC,5950 CORAL RIDGE DR,,CORAL SPRINGS,FL,330763300,9547574432,VP PHARMACY,333600000X|3336C0003X,tier_1_primary_pharmacy,Y,N,PUBLIX
1720027774,PUBLIX SUPER MARKETS INC,10920 BAYMEADOWS RD,,JACKSONVILLE,FL,322564570,9045383858,VP PHARMACY,333600000X|3336C0003X,tier_1_primary_pharmacy,Y,N,PUBLIX
1639118680,PUBLIX SUPER MARKETS INC,540 S HUNT CLUB BLVD,,APOPKA,FL,327034960,4078625823,VP PHARMACY,333600000X|3336C0003X,tier_1_primary_pharmacy,Y,N,PUBLIX
1548209596,PUBLIX SUPER MARKETS INC,1445 E VENICE AVE,,VENICE,FL,342923064,9414801889,VP PHARMACY,333600000X|3336C0003X,tier_1_primary_pharmacy,Y,N,PUBLIX
1457390403,PUBLIX SUPER MARKETS INC,2640 BLANDING BLVD,,MIDDLEBURG,FL,320689107,9042915344,VP PHARMACY,333600000X|3336C0003X,tier_1_primary_pharmacy,Y,N,PUBLIX
1366481319,PUBLIX SUPER MARKETS INC,2875 UNIVERSITY PKWY,,SARASOTA,FL,342434201,9413585250,VP PHARMACY,333600000X|3336C0003X,tier_1_primary_pharmacy,Y,N,PUBLIX
1275572224,PUBLIX SUPER MARKETS INC,19221 N DALE MABRY HWY,,LUTZ,FL,335485067,8139493292,VP PHARMACY,333600000X|3336C0003X,tier_1_primary_pharmacy,Y,N,PUBLIX
1184663130,PUBLIX SUPER MARKETS INC,20311 GRANDE OAK SHOPPES BLVD,,ESTERO,FL,339287662,2394959013,VP PHARMACY,333600000X|3336C0003X,tier_1_primary_pharmacy,Y,N,PUBLIX
1093754053,PUBLIX SUPER MARKETS INC,1395 6TH ST NW,,WINTER HAVEN,FL,338812364,8632948282,VP PHARMACY,333600000X|3336C0003X,tier_1_primary_pharmacy,Y,N,PUBLIX
1902845969,PUBLIX SUPER MARKETS INC,16560 N NEBRASKA AVE,,LUTZ,FL,335496172,8132646950,VP PHARMACY,333600000X|3336C0003X,tier_1_primary_pharmacy,Y,N,PUBLIX
1811936875,PUBLIX SUPER MARKETS INC,1589 LANTANA RD,,LANTANA,FL,334621537,5615888633,VP PHARMACY,333600000X|3336C0003X,tier_1_primary_pharmacy,Y,N,PUBLIX
1720027782,PUBLIX SUPER MARKETS INC,7777 N WICKHAM RD,,MELBOURNE,FL,329407976,3212531303,VP PHARMACY,333600000X|3336C0003X,tier_1_primary_pharmacy,Y,N,PUBLIX
1639118698,PUBLIX SUPER MARKETS INC,1555 S HIGHLAND AVE,,CLEARWATER,FL,337562374,7274437411,VP PHARMACY,333600000X|3336C0003X,tier_1_primary_pharmacy,Y,N,PUBLIX
1548209505,PUBLIX SUPER MARKETS INC,7576 S US HIGHWAY 1,,PORT ST LUCIE,FL,349521450,7723369285,VP PHARMACY,333600000X|3336C0003X,tier_1_primary_pharmacy,Y,N,PUBLIX
1457390411,PUBLIX SUPER MARKETS INC,2420 SANTA BARBARA BLVD,,CAPE CORAL,FL,339144485,2395747987,VP PHARMACY,333600000X|3336C0003X,tier_1_primary_pharmacy,Y,N,PUBLIX
1366481327,PUBLIX SUPER MARKETS INC,1920 COUNTY ROAD 581,,WESLEY CHAPEL,FL,335449262,8139944242,VP PHARMACY,333600000X|3336C0003X,tier_1_primary_pharmacy,Y,N,PUBLIX
1275572232,PUBLIX SUPER MARKETS INC,9850 LITTLE RD,,NEW PORT RICHEY,FL,346543470,7278697919,VP PHARMACY,333600000X|3336C0003X,tier_1_primary_pharmacy,Y,N,PUBLIX
1184663148,PUBLIX SUPER MARKETS INC,4370 THOMASSON DR,,NAPLES,FL,341126725,2397741476,VP PHARMACY,333600000X|3336C0003X,tier_1_primary_pharmacy,Y,N,PUBLIX
1992744957,PUBLIX SUPER MARKETS INC,6615 MAHAN DR,,TALLAHASSEE,FL,323081400,8508785559,VP PHARMACY,333600000X|3336C0003X,tier_1_primary_pharmacy,Y,N,PUBLIX
1801835863,PUBLIX SUPER MARKETS INC,14630 SW 26TH ST,,MIAMI,FL,331758065,3052214039,VP PHARMACY,333600000X|3336C0003X,tier_1_primary_pharmacy,Y,N,PUBLIX
1710926779,PUBLIX SUPER MARKETS INC,1255 US HIGHWAY 1,,VERO BEACH,FL,329605729,7727784771,VP PHARMACY,333600000X|3336C0003X,tier_1_primary_pharmacy,Y,N,PUBLIX
1629017686,PUBLIX SUPER MARKETS INC,2310 TAMIAMI TRL UNIT 1129,,PUNTA GORDA,FL,339505933,9415756369,VP PHARMACY,333600000X|3336C0003X,tier_1_primary_pharmacy,Y,N,PUBLIX
1538108592,PUBLIX SUPER MARKETS INC,9400 HARDING AVE,,SURFSIDE,FL,331542804,3058654378,VP PHARMACY,333600000X|3336C0003X,tier_1_primary_pharmacy,Y,N,PUBLIX
1447299409,PUBLIX SUPER MARKETS INC,4075 N HAVERHILL RD,,WEST PALM BEACH,FL,334177434,5616835214,VP PHARMACY,333600000X|3336C0003X,tier_1_primary_pharmacy,Y,N,PUBLIX
1356380315,PUBLIX SUPER MARKETS INC,125 JENKINS ST,,ST AUGUSTINE,FL,320865167,9048106823,VP PHARMACY,333600000X|3336C0003X,tier_1_primary_pharmacy,Y,N,PUBLIX
1265471221,PUBLIX SUPER MARKETS INC,2465 GLADES CIR,,WESTON,FL,333272204,9542179471,VP PHARMACY,333600000X|3336C0003X,tier_1_primary_pharmacy,Y,N,PUBLIX
1174562136,PUBLIX SUPER MARKETS INC,13860 S JOG RD,,WEST DELRAY BEACH,FL,334465902,5614953968,VP PHARMACY,333600000X|3336C0003X,tier_1_primary_pharmacy,Y,N,PUBLIX
1083653042,PUBLIX SUPER MARKETS INC,20321 SUMMERLIN RD,,FT MYERS,FL,339083706,2394541704,CONTRACT ADMINISTRATOR,333600000X|3336C0003X,tier_1_primary_pharmacy,Y,N,PUBLIX
1891734851,PUBLIX SUPER MARKETS INC,7050 SEMINOLE PRATT WHITNEY RD,,LOXAHATCHEE,FL,334703474,5613836183,VP PHARMACY,333600000X|3336C0003X,tier_1_primary_pharmacy,Y,N,PUBLIX
1700825767,PUBLIX SUPER MARKETS INC,4320 DEERWOOD LAKE PKWY,,JACKSONVILLE,FL,322161177,9046208344,VP PHARMACY,333600000X|3336C0003X,tier_1_primary_pharmacy,Y,N,PUBLIX
1619916673,PUBLIX SUPER MARKETS INC,2424 SAND MINE RD,,DAVENPORT,FL,338973400,8634249973,VP PHARMACY,333600000X|3336C0003X,tier_1_primary_pharmacy,Y,N,PUBLIX
1528007580,PUBLIX SUPER MARKETS INC,1500 S DOUGLAS RD,,CORAL GABLES,FL,331344108,3054453252,VP PHARMACY,333600000X|3336C0003X,tier_1_primary_pharmacy,Y,N,PUBLIX
1437198496,PUBLIX SUPER MARKETS INC,5997 STIRLING RD,,DAVIE,FL,333147225,9545873361,VP PHARMACY,333600000X|3336C0003X,tier_1_primary_pharmacy,Y,N,PUBLIX
1871532838,PUBLIX SUPER MARKETS INC,725 GRAND BLVD,,SANDESTIN,FL,325507873,8506223772,VP PHARMACY,333600000X|3336C0003X,tier_1_primary_pharmacy,Y,N,PUBLIX
1639118672,PUBLIX SUPER MARKETS INC,6251 PGA BLVD,,PALM BEACH GARDENS,FL,334184000,5616240234,VP PHARMACY,333600000X|3336C0003X,tier_1_primary_pharmacy,Y,N,PUBLIX
1457390494,PUBLIX SUPER MARKETS INC,20201 SW 127TH AVE,,MIAMI,FL,331775119,3052346302,VP PHARMACY,333600000X|3336C0003X,tier_1_primary_pharmacy,Y,N,PUBLIX
1366481301,PUBLIX SUPER MARKETS INC,3777 PALM VALLEY RD,,PONTE VEDRA BEACH,FL,320824115,9042736667,VP PHARMACY,333600000X|3336C0003X,tier_1_primary_pharmacy,Y,N,PUBLIX
1184663122,PUBLIX SUPER MARKETS INC,6550 S KANNER HWY,,STUART,FL,349976396,7722218392,VP PHARMACY,333600000X|3336C0003X,tier_1_primary_pharmacy,Y,N,PUBLIX
1174562128,PUBLIX SUPER MARKETS INC,5365 LYONS RD,,COCONUT CREEK,FL,330732810,9546600322,VP PHARMACY,333600000X|3336C0003X,tier_1_primary_pharmacy,Y,N,PUBLIX
1083653034,PUBLIX SUPER MARKETS INC,1075 PASADENA AVE S,,SOUTH PASADENA,FL,337072037,7273474526,VP PHARMACY,333600000X|3336C0003X,tier_1_primary_pharmacy,Y,N,PUBLIX
1891734844,PUBLIX SUPER MARKETS INC,915 DOYLE RD,,DELTONA,FL,327258254,3865750511,VP PHARMACY,333600000X|3336C0003X,tier_1_primary_pharmacy,Y,N,PUBLIX
1619916665,PUBLIX SUPER MARKETS INC,410 BLANDING BLVD,,ORANGE PARK,FL,320735051,9042766035,VP PHARMACY,333600000X|3336C0003X,tier_1_primary_pharmacy,Y,N,PUBLIX
1245279298,PUBLIX SUPER MARKETS INC,828 SOUTHERN BLVD,,WEST PALM BEACH,FL,334052530,5618381857,VP PHARMACY,333600000X|3336C0003X,tier_1_primary_pharmacy,Y,N,PUBLIX
1972542926,PUBLIX SUPER MARKETS INC,10130 NORTHLAKE BLVD,,WEST PALM BEACH,FL,334121101,5617996808,VP PHARMACY,333600000X|3336C0003X,tier_1_primary_pharmacy,Y,N,PUBLIX
1881633832,PUBLIX SUPER MARKETS INC,11000 PEMBROKE RD,,MIRAMAR,FL,330251704,9544417924,VP PHARMACY,333600000X|3336C0003X,tier_1_primary_pharmacy,Y,N,PUBLIX
1699714642,PUBLIX SUPER MARKETS INC,4770 N CONGRESS AVE,,BOYNTON BEACH,FL,334267952,5619696645,VP PHARMACY,333600000X|3336C0003X,tier_1_primary_pharmacy,Y,N,PUBLIX
1851330831,INTERAMERICAN SERVICES CORPORATION,3835 E 4TH AVE,,HIALEAH,FL,330132703,3058059671,PRESIDENT,3336C0003X,tier_1_primary_pharmacy,Y,Y,
1275572166,PUBLIX SUPER MARKETS INC,13450 SUMMERPORT VILLAGE PKWY,,WINDERMERE,FL,347867366,4079050409,VP PHARMACY,333600000X|3336C0003X,tier_1_primary_pharmacy,Y,N,PUBLIX
1184663072,PUBLIX SUPER MARKETS INC,13820 OLD SAINT AUGUSTINE RD,,JACKSONVILLE,FL,322585427,9042625446,VP PHARMACY,333600000X|3336C0003X,tier_1_primary_pharmacy,Y,N,PUBLIX
1275572182,PUBLIX SUPER MARKETS INC,2750 RACE TRACK RD,,JACKSONVILLE,FL,322593227,9042303965,VP PHARMACY,333600000X|3336C0003X,tier_1_primary_pharmacy,Y,N,PUBLIX
1184663098,PUBLIX SUPER MARKETS INC,14641 BISCAYNE BLVD,,NORTH MIAMI,FL,331811211,3053542776,VP PHARMACY,333600000X|3336C0003X,tier_1_primary_pharmacy,Y,N,PUBLIX
1992744809,PUBLIX SUPER MARKETS INC,5855 W OAKLAND PARK BLVD,,LAUDERHILL,FL,333131321,9547351640,VP PHARMACY,333600000X|3336C0003X,tier_1_primary_pharmacy,Y,N,PUBLIX
1447299359,PUBLIX SUPER MARKETS INC,3015 SW PINE ISLAND RD,,CAPE CORAL,FL,339911703,2392825530,VP PHARMACY,333600000X|3336C0003X,tier_1_primary_pharmacy,Y,N,PUBLIX
1356380265,PUBLIX SUPER MARKETS INC,5881 N UNIVERSITY DR,,TAMARAC,FL,333214618,9547218026,VP PHARMACY,333600000X|3336C0003X,tier_1_primary_pharmacy,Y,N,PUBLIX
1265471171,PUBLIX SUPER MARKETS INC,170 S FLAMINGO RD,,PEMBROKE PINES,FL,330271720,9544379504,VP PHARMACY,333600000X|3336C0003X,tier_1_primary_pharmacy,Y,N,PUBLIX
1083653992,PUBLIX SUPER MARKETS INC,3636 HARDEN BLVD,,LAKELAND,FL,338035938,8634007874,VP PHARMACY,333600000X|3336C0003X,tier_1_primary_pharmacy,Y,N,PUBLIX
1700825619,PUBLIX SUPER MARKETS INC,5804 BEE RIDGE RD,,SARASOTA,FL,342335051,9413785020,VP PHARMACY,333600000X|3336C0003X,tier_1_primary_pharmacy,Y,N,PUBLIX
1619916525,PUBLIX SUPER MARKETS INC,3304 BONITA BEACH RD,,BONITA SPRINGS,FL,341344174,2394951700,VP PHARMACY,333600000X|3336C0003X,tier_1_primary_pharmacy,Y,N,PUBLIX
1255370169,PUBLIX SUPER MARKETS INC,12231 E COLONIAL DR,,ORLANDO,FL,328264759,4073803148,VP PHARMACY,333600000X|3336C0003X,tier_1_primary_pharmacy,Y,N,PUBLIX
1164461075,PUBLIX SUPER MARKETS INC,3343 S ORANGE BLOSSOM TRL,,KISSIMMEE,FL,347466565,4079322605,VP PHARMACY,333600000X|3336C0003X,tier_1_primary_pharmacy,Y,N,PUBLIX
1982643896,PUBLIX SUPER MARKETS INC,2895 N MILITARY TRL,,WEST PALM BEACH,FL,334092900,5616870492,VP PHARMACY,333600000X|3336C0003X,tier_1_primary_pharmacy,Y,N,PUBLIX
1790724607,PUBLIX SUPER MARKETS INC,3385 S US HIGHWAY 17/92 STE 181,,CASSELBERRY,FL,327072915,4078312323,VP PHARMACY,333600000X|3336C0003X,tier_1_primary_pharmacy,Y,N,PUBLIX
1609815513,PUBLIX SUPER MARKETS INC,101499 OVERSEAS HWY,,KEY LARGO,FL,330374553,3054515338,VP PHARMACY,333600000X|3336C0003X,tier_1_primary_pharmacy,Y,N,PUBLIX
1700825643,PUBLIX SUPER MARKETS INC,3400 N FEDERAL HWY,,FT LAUDERDALE,FL,333061036,9545618771,VP PHARMACY,333600000X|3336C0003X,tier_1_primary_pharmacy,Y,N,PUBLIX
1346289287,PUBLIX SUPER MARKETS INC,8409 S TAMIAMI TRL,,SARASOTA,FL,342382937,9419257238,VP PHARMACY,333600000X|3336C0003X,tier_1_primary_pharmacy,Y,N,PUBLIX
1255370193,PUBLIX SUPER MARKETS INC,9855 LAKE WORTH RD,,LAKE WORTH,FL,334672305,5619663330,VP PHARMACY,333600000X|3336C0003X,tier_1_primary_pharmacy,Y,N,PUBLIX
1164461000,PUBLIX SUPER MARKETS INC,17179 TAMIAMI TRL,,NORTH PORT,FL,342877291,9414268577,VP PHARMACY,3336C0003X|333600000X,tier_1_primary_pharmacy,Y,N,PUBLIX
1073552915,PUBLIX SUPER MARKETS INC,33343 US HIGHWAY 19 N,,PALM HARBOR,FL,346843128,7277892879,VP PHARMACY,333600000X|3336C0003X,tier_1_primary_pharmacy,Y,N,PUBLIX
1609815547,PUBLIX SUPER MARKETS INC,4600 SUMMERLIN RD,,FORT MYERS,FL,339193005,2399393419,VP PHARMACY,333600000X|3336C0003X,tier_1_primary_pharmacy,Y,N,PUBLIX
1518906452,PUBLIX SUPER MARKETS INC,3972 TOWN CTR BLVD,,ORLANDO,FL,328376103,4078504361,VP PHARMACY,333600000X|3336C0003X,tier_1_primary_pharmacy,Y,N,PUBLIX
1427097369,PUBLIX SUPER MARKETS INC,14444 BEACH BLVD STE 6,,JACKSONVILLE,FL,322502010,9042230423,VP PHARMACY,333600000X|3336C0003X,tier_1_primary_pharmacy,Y,N,PUBLIX
1336188275,PUBLIX SUPER MARKETS INC,5200 NW 43RD ST,,GAINESVILLE,FL,326064484,3523760585,VP PHARMACY,333600000X|3336C0003X,tier_1_primary_pharmacy,Y,N,PUBLIX
1972542819,PUBLIX SUPER MARKETS INC,2783 ELKCAM BLVD,,DELTONA,FL,327383427,3867893786,VP PHARMACY,333600000X|3336C0003X,tier_1_primary_pharmacy,Y,N,PUBLIX
1881633725,PUBLIX SUPER MARKETS INC,11650 W PALMETTO PARK RD,,BOCA RATON,FL,334282501,5614709376,VP PHARMACY,333600000X|3336C0003X,tier_1_primary_pharmacy,Y,N,PUBLIX
1982643839,PUBLIX SUPER MARKETS INC,2015 EDGEWATER DR,,ORLANDO,FL,328045311,4078720282,VP PHARMACY,333600000X|3336C0003X,tier_1_primary_pharmacy,Y,N,PUBLIX
1790724649,PUBLIX SUPER MARKETS INC,630 ATLANTIC BLVD,,NEPTUNE BEACH,FL,322664000,9042491725,VP PHARMACY,333600000X|3336C0003X,tier_1_primary_pharmacy,Y,N,PUBLIX
1609815554,PUBLIX SUPER MARKETS INC,1700 S CONGRESS AVE,,PALM SPRINGS,FL,334612140,5619665114,VP PHARMACY,333600000X|3336C0003X,tier_1_primary_pharmacy,Y,N,PUBLIX
1427097377,PUBLIX SUPER MARKETS INC,20425 OLD CUTLER RD,,CUTLER BAY,FL,331891833,3052563131,VP PHARMACY,333600000X|3336C0003X,tier_1_primary_pharmacy,Y,N,PUBLIX
1245279199,PUBLIX SUPER MARKETS INC,1700 NE MIAMI GARDENS DR,,NORTH MIAMI BEACH,FL,331795301,3059457641,VP PHARMACY,333600000X|3336C0003X,tier_1_primary_pharmacy,Y,N,PUBLIX
1154360006,PUBLIX SUPER MARKETS INC,2125 E COUNTY ROAD 540A,,LAKELAND,FL,338133794,8636198332,VP PHARMACY,333600000X|3336C0003X,tier_1_primary_pharmacy,Y,N,PUBLIX
1063451912,PUBLIX SUPER MARKETS INC,7838 GALL BLVD,,ZEPHYRHILLS,FL,335414302,8137154184,VP PHARMACY,333600000X|3336C0003X,tier_1_primary_pharmacy,Y,N,PUBLIX
1972542827,PUBLIX SUPER MARKETS INC,17445 US HIGHWAY 192 STE 11,,CLERMONT,FL,347147016,3522430785,VP PHARMACY,333600000X|3336C0003X,tier_1_primary_pharmacy,Y,N,PUBLIX
1003855974,PUBLIX SUPER MARKETS INC,4260 SW 152ND AVE,,MIAMI,FL,331855252,3052228126,VP PHARMACY,333600000X|3336C0003X,tier_1_primary_pharmacy,Y,N,PUBLIX
1912946880,PUBLIX SUPER MARKETS INC,2511 E ATLANTIC BLVD,,POMPANO BEACH,FL,330625217,9547867969,VP PHARMACY,333600000X|3336C0003X,tier_1_primary_pharmacy,Y,N,PUBLIX
1821037797,PUBLIX SUPER MARKETS INC,1001 S FEDERAL HWY,,BOCA RATON,FL,334327333,5614172451,VP PHARMACY,333600000X|3336C0003X,tier_1_primary_pharmacy,Y,N,PUBLIX
1730128604,PUBLIX SUPER MARKETS INC,1921 S ALAFAYA TRL,,ORLANDO,FL,328288732,4072776608,VP PHARMACY,333600000X|3336C0003X,tier_1_primary_pharmacy,Y,N,PUBLIX
1649219510,PUBLIX SUPER MARKETS INC,1313 S DALE MABRY HWY,,TAMPA,FL,336295010,8132589301,VP PHARMACY,333600000X|3336C0003X,tier_1_primary_pharmacy,Y,N,PUBLIX
1366481236,PUBLIX SUPER MARKETS INC,5624 STRAND BLVD,,NAPLES,FL,341101325,2395960519,VP PHARMACY,333600000X|3336C0003X,tier_1_primary_pharmacy,Y,N,PUBLIX
1275572141,PUBLIX SUPER MARKETS INC,5450 E BUSCH BLVD,,TEMPLE TERRACE,FL,336175418,8139806634,VP PHARMACY,333600000X|3336C0003X,tier_1_primary_pharmacy,Y,N,PUBLIX
1184663056,PUBLIX SUPER MARKETS INC,4425 COMMONS DR E,,DESTIN,FL,325413414,8508377133,VP PHARMACY,333600000X|3336C0003X,tier_1_primary_pharmacy,Y,N,PUBLIX
1992744866,PUBLIX SUPER MARKETS INC,9105 S DADELAND BLVD,,MIAMI,FL,331567813,3056708930,VP PHARMACY,333600000X|3336C0003X,tier_1_primary_pharmacy,Y,N,PUBLIX
1801835772,PUBLIX SUPER MARKETS INC,18409 MIRAMAR PKWY,,MIRAMAR,FL,330295802,9544473348,VP PHARMACY,333600000X|3336C0003X,tier_1_primary_pharmacy,Y,N,PUBLIX
1710926688,PUBLIX SUPER MARKETS INC,1400 E COLONIAL DR,,ORLANDO,FL,328034704,4078987740,VP PHARMACY,333600000X|3336C0003X,tier_1_primary_pharmacy,Y,N,PUBLIX
1629017595,PUBLIX SUPER MARKETS INC,4065 HANCOCK BRIDGE PKWY,,NORTH FORT MYERS,FL,339034294,2399970008,VP PHARMACY,333600000X|3336C0003X,tier_1_primary_pharmacy,Y,N,PUBLIX
1538108402,PUBLIX SUPER MARKETS INC,8330 MARKET ST,,LAKEWOOD RANCH,FL,342025137,9419072844,VP PHARMACY,333600000X|3336C0003X,tier_1_primary_pharmacy,Y,N,PUBLIX
1447299318,PUBLIX SUPER MARKETS INC,3316 N ROOSEVELT BLVD,,KEY WEST,FL,330404115,3052963225,VP PHARMACY,333600000X|3336C0003X,tier_1_primary_pharmacy,Y,N,PUBLIX
1356380224,PUBLIX SUPER MARKETS INC,411 S CYPRESS RD,,POMPANO BEACH,FL,330607135,9547843284,VP PHARMACY,333600000X|3336C0003X,tier_1_primary_pharmacy,Y,N,PUBLIX
1265471130,PUBLIX SUPER MARKETS INC,601 WELDON BLVD,,LAKE MARY,FL,327463866,4076880575,VP PHARMACY,333600000X|3336C0003X,tier_1_primary_pharmacy,Y,N,PUBLIX
1174562045,PUBLIX SUPER MARKETS INC,1910 N JOHN YOUNG PKWY,,KISSIMMEE,FL,347413221,4078702446,VP PHARMACY,333600000X|3336C0003X,tier_1_primary_pharmacy,Y,N,PUBLIX
1083653950,PUBLIX SUPER MARKETS INC,810 S US HIGHWAY 1,,VERO BEACH,FL,329624703,7727787933,VP PHARMACY,333600000X|3336C0003X,tier_1_primary_pharmacy,Y,N,PUBLIX
1700825676,PUBLIX SUPER MARKETS INC,13435 S MCCALL RD,,PORT CHARLOTTE,FL,339816422,9416973255,VP PHARMACY,333600000X|3336C0003X,tier_1_primary_pharmacy,Y,N,PUBLIX
1619916582,PUBLIX SUPER MARKETS INC,3450 BAYSIDE LAKES BLVD SE,,PALM BAY,FL,329096815,3217253757,VP PHARMACY,333600000X|3336C0003X,tier_1_primary_pharmacy,Y,N,PUBLIX
1528007499,PUBLIX SUPER MARKETS INC,3820 MURRELL RD,,ROCKLEDGE,FL,329554741,3216369820,VP PHARMACY,333600000X|3336C0003X,tier_1_primary_pharmacy,Y,N,PUBLIX
1437198306,PUBLIX SUPER MARKETS INC,2040 SHEPHERD RD,,MULBERRY,FL,338608699,8636445929,VP PHARMACY,333600000X|3336C0003X,tier_1_primary_pharmacy,Y,N,PUBLIX
1346289212,PUBLIX SUPER MARKETS INC,5655 RED BUG LAKE RD,,WINTER SPRINGS,FL,327085013,4076955814,VP PHARMACY,333600000X|3336C0003X,tier_1_primary_pharmacy,Y,N,PUBLIX
1255370128,PUBLIX SUPER MARKETS INC,9050 BISCAYNE BLVD,,MIAMI SHORES,FL,331383222,3057516366,VP PHARMACY,333600000X|3336C0003X,tier_1_primary_pharmacy,Y,N,PUBLIX
1164461034,PUBLIX SUPER MARKETS INC,5407 OVERSEAS HWY,,MARATHON,FL,330502710,3052893192,VP PHARMACY,333600000X|3336C0003X,tier_1_primary_pharmacy,Y,N,PUBLIX
1073552949,PUBLIX SUPER MARKETS INC,2250 S FERDON BLVD,,CRESTVIEW,FL,325368457,8506825635,VP PHARMACY,333600000X|3336C0003X,tier_1_primary_pharmacy,Y,N,PUBLIX
1982643854,PUBLIX SUPER MARKETS INC,7805 SW 40TH ST,,MIAMI,FL,331553547,3052669161,VP PHARMACY,333600000X|3336C0003X,tier_1_primary_pharmacy,Y,N,PUBLIX
1790724664,PUBLIX SUPER MARKETS INC,402 E DANIA BEACH BLVD,,DANIA BEACH,FL,330043040,9549207660,VP PHARMACY,333600000X|3336C0003X,tier_1_primary_pharmacy,Y,N,PUBLIX
1609815570,PUBLIX SUPER MARKETS INC,7060 W PALMETTO PARK RD,,BOCA RATON,FL,334333411,5614476959,CONTRACT ADMINISTRATOR,333600000X|3336C0003X,tier_1_primary_pharmacy,Y,N,PUBLIX
1518906486,PUBLIX SUPER MARKETS INC,8585 COLLIER BLVD,,NAPLES,FL,341143548,2397742938,VP PHARMACY,333600000X|3336C0003X,tier_1_primary_pharmacy,Y,N,PUBLIX
1336188200,PUBLIX SUPER MARKETS INC,13750 W COLONIAL DR,,WINTER GARDEN,FL,347874204,4076549697,VP PHARMACY,333600000X|3336C0003X,tier_1_primary_pharmacy,Y,N,PUBLIX
1245279116,PUBLIX SUPER MARKETS INC,3461 LITHIA PINECREST RD,,VALRICO,FL,335966302,8136629718,VP PHARMACY,333600000X|3336C0003X,tier_1_primary_pharmacy,Y,N,PUBLIX
1154360022,PUBLIX SUPER MARKETS INC,2121 COLLIER PKWY,,LAND O LAKES,FL,346395286,8139489910,VP PHARMACY,333600000X|3336C0003X,tier_1_primary_pharmacy,Y,N,PUBLIX
1063451938,PUBLIX SUPER MARKETS INC,3100 LITTLE RD,,TRINITY,FL,346551864,7273751609,VP PHARMACY,333600000X|3336C0003X,tier_1_primary_pharmacy,Y,N,PUBLIX
1972542843,PUBLIX SUPER MARKETS INC,10615 NARCOOSSEE RD,,ORLANDO,FL,328326904,4072771446,VP PHARMACY,333600000X|3336C0003X,tier_1_primary_pharmacy,Y,N,PUBLIX
1881633758,PUBLIX SUPER MARKETS INC,16825 E COLONIAL DR,,ORLANDO,FL,328201910,4075681631,VP PHARMACY,333600000X|3336C0003X,tier_1_primary_pharmacy,Y,N,PUBLIX
1699714568,PUBLIX SUPER MARKETS INC,3551 BLAIRSTONE RD,,TALLAHASSEE,FL,323018826,8502191301,VP PHARMACY,333600000X|3336C0003X,tier_1_primary_pharmacy,Y,N,PUBLIX
1508805474,PUBLIX SUPER MARKETS INC,1220 KINGSWAY RD,,BRANDON,FL,335102514,8136851270,VP PHARMACY,333600000X|3336C0003X,tier_1_primary_pharmacy,Y,N,PUBLIX
1326087297,PUBLIX SUPER MARKETS INC,120 CARILLON PKWY,,ST PETERSBURG,FL,337161201,7275401666,VP PHARMACY,333600000X|3336C0003X,tier_1_primary_pharmacy,Y,N,PUBLIX
1134168008,PUBLIX SUPER MARKETS INC,13900 COUNTY ROAD 455,,CLERMONT,FL,347119052,4078771565,VP PHARMACY,333600000X|3336C0003X,tier_1_primary_pharmacy,Y,N,PUBLIX
1043259914,PUBLIX SUPER MARKETS INC,1920 WEST AVE,,MIAMI BEACH,FL,331391434,3055354274,VP PHARMACY,333600000X|3336C0003X,tier_1_primary_pharmacy,Y,N,PUBLIX
1053350827,PUBLIX SUPER MARKETS INC,1940 CORDOVA RD,,FT LAUDERDALE,FL,333162156,9548472850,VP PHARMACY,333600000X|3336C0003X,tier_1_primary_pharmacy,Y,N,PUBLIX
1962441733,PUBLIX SUPER MARKETS INC,2450 VANDERBILT BEACH RD,,NAPLES,FL,341090620,2395139726,VP PHARMACY,333600000X|3336C0003X,tier_1_primary_pharmacy,Y,N,PUBLIX
1871532648,PUBLIX SUPER MARKETS INC,3700 N FEDERAL HWY,,LIGHTHOUSE POINT,FL,330646610,9547883094,VP PHARMACY,333600000X|3336C0003X,tier_1_primary_pharmacy,Y,N,PUBLIX
1780623553,PUBLIX SUPER MARKETS INC,5970 S JOG RD,,LAKE WORTH,FL,334676590,5616497415,VP PHARMACY,333600000X|3336C0003X,tier_1_primary_pharmacy,Y,N,PUBLIX
1598704363,PUBLIX SUPER MARKETS INC,5240 W STATE ROAD 46,,SANFORD,FL,327719230,4076882971,VP PHARMACY,333600000X|3336C0003X,tier_1_primary_pharmacy,Y,N,PUBLIX
1407895279,PUBLIX SUPER MARKETS INC,19490 CORTEZ BLVD,,BROOKSVILLE,FL,346013163,3527962927,CONTRACT ADMINISTRATOR,333600000X|3336C0003X,tier_1_primary_pharmacy,Y,N,PUBLIX
1316986185,PUBLIX SUPER MARKETS INC,1411 S BABCOCK ST,,MELBOURNE,FL,329013024,3217279822,VP PHARMACY,333600000X|3336C0003X,tier_1_primary_pharmacy,Y,N,PUBLIX
1134168909,PUBLIX SUPER MARKETS INC,4231 NW FEDERAL HWY,,JENSEN BEACH,FL,349573600,7726927089,VP PHARMACY,333600000X|3336C0003X,tier_1_primary_pharmacy,Y,N,PUBLIX
1043259815,PUBLIX SUPER MARKETS INC,145 PALM BAY RD NE STE 117,,WEST MELBOURNE,FL,329048601,3217220995,VP PHARMACY,333600000X|3336C0003X,tier_1_primary_pharmacy,Y,N,PUBLIX
1952340721,PUBLIX SUPER MARKETS INC,3102 GRIFFIN RD,,FORT LAUDERDALE,FL,333126286,9549611757,VP OF PHARMACY,333600000X|3336C0003X,tier_1_primary_pharmacy,Y,N,PUBLIX
1861431637,PUBLIX SUPER MARKETS INC,6543 S TAMIAMI TRL,,SARASOTA,FL,342314827,9419237735,VP PHARMACY,333600000X|3336C0003X,tier_1_primary_pharmacy,Y,N,PUBLIX
1770522542,PUBLIX SUPER MARKETS INC,55 N INDIANA AVE,,ENGLEWOOD,FL,342232944,9414733301,VP PHARMACY,333600000X|3336C0003X,tier_1_primary_pharmacy,Y,N,PUBLIX
1689613457,PUBLIX SUPER MARKETS INC,4100 N WICKHAM RD,,MELBOURNE,FL,329352485,3212426166,VP PHARMACY,333600000X|3336C0003X,tier_1_primary_pharmacy,Y,N,PUBLIX
1497794267,PUBLIX SUPER MARKETS INC,7835 GUNN HWY,,TAMPA,FL,336261611,8139265256,VP PHARMACY,333600000X|3336C0003X,tier_1_primary_pharmacy,Y,N,PUBLIX
1306885173,PUBLIX SUPER MARKETS INC,1720 E SILVER STAR RD,,OCOEE,FL,347617014,4075222774,VP PHARMACY,333600000X|3336C0003X,tier_1_primary_pharmacy,Y,N,PUBLIX
1215976089,PUBLIX SUPER MARKETS INC,251 MIRACLE STRIP PKWY SE,,FORT WALTON BEACH,FL,325485853,8507961937,VP PHARMACY,333600000X|3336C0003X,tier_1_primary_pharmacy,Y,N,PUBLIX
1124067996,PUBLIX SUPER MARKETS INC,3913 MANATEE AVE W,,BRADENTON,FL,342051715,9417465833,VP PHARMACY,333600000X|3336C0003X,tier_1_primary_pharmacy,Y,N,PUBLIX
1033158803,PUBLIX SUPER MARKETS INC,3253 SW PORT ST LUCIE BLVD,,PORT ST LUCIE,FL,349533489,7728732361,VP PHARMACY,333600000X|3336C0003X,tier_1_primary_pharmacy,Y,N,PUBLIX
1942249719,PUBLIX SUPER MARKETS INC,2202 JIM REDMAN PKWY,,PLANT CITY,FL,335637107,8136591040,VP PHARMACY,333600000X|3336C0003X,tier_1_primary_pharmacy,Y,N,PUBLIX
1851330625,PUBLIX SUPER MARKETS INC,1491 MAIN ST,,DUNEDIN,FL,346984612,7277362785,VP PHARMACY,333600000X|3336C0003X,tier_1_primary_pharmacy,Y,N,PUBLIX
1831139302,PUBLIX SUPER MARKETS INC,19451 COCHRAN BLVD UNIT 2000,,PORT CHARLOTTE,FL,339482008,9412352388,VP PHARMACY,333600000X|3336C0003X,tier_1_primary_pharmacy,Y,N,PUBLIX
1740220219,PUBLIX SUPER MARKETS INC,3060 NE 41ST TER,,HOMESTEAD,FL,330336619,3052425530,VP PHARMACY,333600000X|3336C0003X,tier_1_primary_pharmacy,Y,N,PUBLIX
1659311124,PUBLIX SUPER MARKETS INC,2755 SW 91ST ST,,GAINESVILLE,FL,326082749,3523311086,VP PHARMACY,333600000X|3336C0003X,tier_1_primary_pharmacy,Y,N,PUBLIX
1568402030,PUBLIX SUPER MARKETS INC,10411 ULMERTON RD,,LARGO,FL,337713530,7275881291,VP PHARMACY,333600000X|3336C0003X,tier_1_primary_pharmacy,Y,N,PUBLIX
1477593945,PUBLIX SUPER MARKETS INC,5200 SW 34TH ST,,GAINESVILLE,FL,326085010,3523751496,VP PHARMACY,333600000X|3336C0003X,tier_1_primary_pharmacy,Y,N,PUBLIX
1811937931,PEOPLES PHARMACY INC.,907 SW 87TH AVE,,MIAMI,FL,331743206,3052610777,PRESIDENT,3336C0003X,tier_1_primary_pharmacy,Y,Y,
1497795801,PUBLIX SUPER MARKETS INC,7578 SE MARICAMP RD STE 100,,OCALA,FL,344724279,3526872464,VP PHARMACY,333600000X|3336C0003X,tier_1_primary_pharmacy,Y,N,PUBLIX
1306886718,PUBLIX SUPER MARKETS INC,6921 W BROWARD BLVD,,PLANTATION,FL,333172902,9543279710,VP PHARMACY,333600000X|3336C0003X,tier_1_primary_pharmacy,Y,N,PUBLIX
1215977624,PUBLIX SUPER MARKETS INC,200 37TH AVE N,,ST PETERSBURG,FL,337041416,7278957767,VP PHARMACY,333600000X|3336C0003X,tier_1_primary_pharmacy,Y,N,PUBLIX
1124068531,PUBLIX SUPER MARKETS INC,4854 SUN CITY BLVD,,SUN CITY,FL,33573,8136342924,VP PHARMACY,333600000X|3336C0003X,tier_1_primary_pharmacy,Y,N,PUBLIX
1033159447,PUBLIX SUPER MARKETS INC,5001 E STATE ROAD 64,,BRADENTON,FL,342085531,9417464722,VP PHARMACY,333600000X|3336C0003X,tier_1_primary_pharmacy,Y,N,PUBLIX
1942240353,PUBLIX SUPER MARKETS INC,225 S FLAMINGO RD,,PLANTATION,FL,333252817,9544721903,VP PHARMACY,333600000X|3336C0003X,tier_1_primary_pharmacy,Y,N,PUBLIX
1447290820,PUBLIX SUPER MARKETS INC,18995 BISCAYNE BLVD,,MIAMI,FL,331802818,3059365767,VP PHARMACY,333600000X|3336C0003X,tier_1_primary_pharmacy,Y,N,PUBLIX
1356381735,PUBLIX SUPER MARKETS INC,2685 N FOREST RIDGE BLVD,,HERNANDO,FL,344425123,3525276554,VP PHARMACY,333600000X|3336C0003X,tier_1_primary_pharmacy,Y,N,PUBLIX
1265472641,PUBLIX SUPER MARKETS INC,650 W 23RD ST,,PANAMA CITY,FL,324053921,8507479786,VP PHARMACY,333600000X|3336C0003X,tier_1_primary_pharmacy,Y,N,PUBLIX
1174563555,PUBLIX SUPER MARKETS INC,7290 55TH AVE E,,BRADENTON,FL,342038002,9417278412,VP PHARMACY,333600000X|3336C0003X,tier_1_primary_pharmacy,Y,N,PUBLIX
1083654461,PUBLIX SUPER MARKETS INC,11240 PANAMA CITY BEACH PKWY,,PANAMA CITY BEACH,FL,324072449,8502334590,VP PHARMACY,333600000X|3336C0003X,tier_1_primary_pharmacy,Y,N,PUBLIX
1891735270,PUBLIX SUPER MARKETS INC,6627 BOYNTON BEACH BLVD,,BOYNTON BEACH,FL,334373526,5617312070,VP PHARMACY,333600000X|3336C0003X,tier_1_primary_pharmacy,Y,N,PUBLIX
1700826187,PUBLIX SUPER MARKETS INC,36301 E LAKE RD,,PALM HARBOR,FL,346853200,7277858837,VP PHARMACY,333600000X|3336C0003X,tier_1_primary_pharmacy,Y,N,PUBLIX
1619917093,PUBLIX SUPER MARKETS INC,3830 S HIGHWAY A1A,,MELBOURNE BEACH,FL,329513143,3217253711,VP PHARMACY,333600000X|3336C0003X,tier_1_primary_pharmacy,Y,N,PUBLIX
1528008901,PUBLIX SUPER MARKETS INC,1545 ROCK SPRINGS RD,,APOPKA,FL,327122231,4078807755,VP PHARMACY,333600000X|3336C0003X,tier_1_primary_pharmacy,Y,N,PUBLIX
1437199817,PUBLIX SUPER MARKETS INC,5000 US HIGHWAY 17 STE 11,,ORANGE PARK,FL,320038223,9042692270,VP PHARMACY,333600000X|3336C0003X,tier_1_primary_pharmacy,Y,N,PUBLIX
1346280724,PUBLIX SUPER MARKETS INC,1660 TAYLOR RD,,PORT ORANGE,FL,321286753,3867566175,CONTRACT ADMINISTRATOR,333600000X|3336C0003X,tier_1_primary_pharmacy,Y,N,PUBLIX
1255371639,PUBLIX SUPER MARKETS INC,12663 TAMIAMI TRL E,,NAPLES,FL,341138423,2397757703,VP PHARMACY,333600000X|3336C0003X,tier_1_primary_pharmacy,Y,N,PUBLIX
1164462545,PUBLIX SUPER MARKETS INC,12500 W SUNRISE BLVD,,SUNRISE,FL,333232987,9548511006,VP PHARMACY,333600000X|3336C0003X,tier_1_primary_pharmacy,Y,N,PUBLIX
1073553459,PUBLIX SUPER MARKETS INC,1950 N STATE ROAD 19,,EUSTIS,FL,327266729,3523575885,VP PHARMACY,333600000X|3336C0003X,tier_1_primary_pharmacy,Y,N,PUBLIX
1982644365,PUBLIX SUPER MARKETS INC,3939 VAN DYKE RD,,LUTZ,FL,335588001,8132645993,VP PHARMACY,333600000X|3336C0003X,tier_1_primary_pharmacy,Y,N,PUBLIX
1790725174,PUBLIX SUPER MARKETS INC,7325 N US HIGHWAY 1,,COCOA,FL,329275006,3216358464,VP PHARMACY,333600000X|3336C0003X,tier_1_primary_pharmacy,Y,N,PUBLIX
1609816081,PUBLIX SUPER MARKETS INC,3720 NW 13TH ST,,GAINESVILLE,FL,326095906,3523352363,VP PHARMACY,333600000X|3336C0003X,tier_1_primary_pharmacy,Y,N,PUBLIX
1518907997,PUBLIX SUPER MARKETS INC,1339 W PALMETTO PARK RD,,BOCA RATON,FL,334863303,5613625311,VP PHARMACY,333600000X|3336C0003X,tier_1_primary_pharmacy,Y,N,PUBLIX
1427098805,PUBLIX SUPER MARKETS INC,6753 THOMASVILLE RD,,TALLAHASSEE,FL,323123966,8506685706,VP PHARMACY,333600000X|3336C0003X,tier_1_primary_pharmacy,Y,N,PUBLIX
1336189711,PUBLIX SUPER MARKETS INC,11750 SE FEDERAL HWY,,HOBE SOUND,FL,334555303,7725455666,VP PHARMACY,333600000X|3336C0003X,tier_1_primary_pharmacy,Y,N,PUBLIX
1245270628,PUBLIX SUPER MARKETS INC,501 SE 18TH AVE,,BOYNTON BEACH,FL,334356949,5617385590,CONTRACT ADMINISTRATOR,333600000X|3336C0003X,tier_1_primary_pharmacy,Y,N,PUBLIX
1154361533,PUBLIX SUPER MARKETS INC,2040 58TH AVE,,VERO BEACH,FL,329664646,7725632065,VP PHARMACY,333600000X|3336C0003X,tier_1_primary_pharmacy,Y,N,PUBLIX
1063452449,PUBLIX SUPER MARKETS INC,9510 SW 160TH ST,,MIAMI,FL,331573300,3059719797,VP PHARMACY,333600000X|3336C0003X,tier_1_primary_pharmacy,Y,N,PUBLIX
1972543353,PUBLIX SUPER MARKETS INC,2625 SIMPSON RD,,KISSIMMEE,FL,347444675,4073487686,VP PHARMACY,333600000X|3336C0003X,tier_1_primary_pharmacy,Y,N,PUBLIX
1881634269,PUBLIX SUPER MARKETS INC,5391 FRUITVILLE RD,,SARASOTA,FL,342326402,9413777903,VP PHARMACY,333600000X|3336C0003X,tier_1_primary_pharmacy,Y,N,PUBLIX
1508806985,PUBLIX SUPER MARKETS INC,2414 W 60TH ST,,HIALEAH,FL,330164418,3055573315,VP PHARMACY,333600000X|3336C0003X,tier_1_primary_pharmacy,Y,N,PUBLIX
1326088709,PUBLIX SUPER MARKETS INC,2750 SW MARTIN DOWNS BLVD,,PALM CITY,FL,349906019,7727815189,VP PHARMACY,333600000X|3336C0003X,tier_1_primary_pharmacy,Y,N,PUBLIX
1144260522,PUBLIX SUPER MARKETS INC,2300 GRIFFIN RD,,LAKELAND,FL,338106760,8638585779,VP PHARMACY,333600000X|3336C0003X,tier_1_primary_pharmacy,Y,N,PUBLIX
1962442343,PUBLIX SUPER MARKETS INC,6760 W GULF TO LAKE HWY,,CRYSTAL RIVER,FL,344299348,3527955393,VP PHARMACY,333600000X|3336C0003X,tier_1_primary_pharmacy,Y,N,PUBLIX
1871533257,PUBLIX SUPER MARKETS INC,1755 LAKEWOOD RANCH BLVD,,BRADENTON,FL,342114906,9417488817,VP PHARMACY,333600000X|3336C0003X,tier_1_primary_pharmacy,Y,N,PUBLIX
1598705972,PUBLIX SUPER MARKETS INC,535 TAMIAMI TRL,,VENICE,FL,342852927,9414854486,VP PHARMACY,333600000X|3336C0003X,tier_1_primary_pharmacy,Y,N,PUBLIX
1407896889,PUBLIX SUPER MARKETS INC,1302 N MAIN ST,,GAINESVILLE,FL,326012346,3523756167,VP PHARMACY,333600000X|3336C0003X,tier_1_primary_pharmacy,Y,N,PUBLIX
1225078603,PUBLIX SUPER MARKETS INC,800 OCALA RD,,TALLAHASSEE,FL,323041669,8505756997,VP PHARMACY,333600000X|3336C0003X,tier_1_primary_pharmacy,Y,N,PUBLIX
1134169519,PUBLIX SUPER MARKETS INC,4501 HOFFNER AVE,,ORLANDO,FL,328122305,4078502373,VP PHARMACY,333600000X|3336C0003X,tier_1_primary_pharmacy,Y,N,PUBLIX
1043250426,PUBLIX SUPER MARKETS INC,1631 DEL PRADO BLVD S,,CAPE CORAL,FL,339906739,2395749183,VP PHARMACY,333600000X|3336C0003X,tier_1_primary_pharmacy,Y,N,PUBLIX
1952341331,PUBLIX SUPER MARKETS INC,1850 RIDGEWOOD AVE,,HOLLY HILL,FL,321171738,3866779495,VP PHARMACY,333600000X|3336C0003X,tier_1_primary_pharmacy,Y,N,PUBLIX
1861432247,PUBLIX SUPER MARKETS INC,125 E MERRITT ISLAND CSWY,,MERRITT ISLAND,FL,329523699,3214522321,VP PHARMACY,333600000X|3336C0003X,tier_1_primary_pharmacy,Y,N,PUBLIX
1770523151,PUBLIX SUPER MARKETS INC,12900 TRADE WAY FOUR,,BONITA SPRINGS,FL,341356983,2399927508,VP PHARMACY,333600000X|3336C0003X,tier_1_primary_pharmacy,Y,N,PUBLIX
1689614067,PUBLIX SUPER MARKETS INC,4849 COCONUT CREEK PKWY,,COCONUT CREEK,FL,330633944,9549754377,VP PHARMACY,333600000X|3336C0003X,tier_1_primary_pharmacy,Y,N,PUBLIX
1306886783,PUBLIX SUPER MARKETS INC,2310 S HIGHWAY 77,,LYNN HAVEN,FL,324444616,8502716190,VP PHARMACY,333600000X|3336C0003X,tier_1_primary_pharmacy,Y,N,PUBLIX
1215977699,PUBLIX SUPER MARKETS INC,13650 FIDDLESTICKS BLVD,,FORT MYERS,FL,339120312,2397681413,VP PHARMACY,333600000X|3336C0003X,tier_1_primary_pharmacy,Y,N,PUBLIX
1124068507,PUBLIX SUPER MARKETS INC,8075 SW HIGHWAY 200,UNIT 111,OCALA,FL,344817823,3522910372,VP PHARMACY,333600000X|3336C0003X,tier_1_primary_pharmacy,Y,N,PUBLIX
1033159413,PUBLIX SUPER MARKETS INC,7333 PARK BLVD N,,PINELLAS PARK,FL,337812922,7275467791,VP PHARMACY,333600000X|3336C0003X,tier_1_primary_pharmacy,Y,N,PUBLIX
1942240320,PUBLIX SUPER MARKETS INC,709 E 3RD AVE,,NEW SMYRNA BEACH,FL,321693101,3864279161,VP PHARMACY,333600000X|3336C0003X,tier_1_primary_pharmacy,Y,N,PUBLIX
1760422141,PUBLIX SUPER MARKETS INC,1585 W 49TH ST,,HIALEAH,FL,330122924,3058210429,VP PHARMACY,333600000X|3336C0003X,tier_1_primary_pharmacy,Y,N,PUBLIX
1679513055,PUBLIX SUPER MARKETS INC,12100 SW 127TH AVE,,MIAMI,FL,331864663,3052385184,VP PHARMACY,333600000X|3336C0003X,tier_1_primary_pharmacy,Y,N,PUBLIX
1588604961,PUBLIX SUPER MARKETS INC,601 S ANDREWS AVE,,FT LAUDERDALE,FL,333012833,9547289205,VP PHARMACY,333600000X|3336C0003X,tier_1_primary_pharmacy,Y,N,PUBLIX
1396785770,PUBLIX SUPER MARKETS INC,5473 NW SAINT JAMES DR,,PORT ST LUCIE,FL,349833444,7728781526,VP PHARMACY,333600000X|3336C0003X,tier_1_primary_pharmacy,Y,N,PUBLIX
1023058401,PUBLIX SUPER MARKETS INC,8899 HYPOLUXO RD,,LAKE WORTH,FL,334675203,5613041402,VP PHARMACY,333600000X|3336C0003X,tier_1_primary_pharmacy,Y,N,PUBLIX
1932149317,PUBLIX SUPER MARKETS INC,6790 FOREST HILL BLVD,,GREENACRES,FL,334133351,5613044983,VP PHARMACY,333600000X|3336C0003X,tier_1_primary_pharmacy,Y,N,PUBLIX
1841230224,PUBLIX SUPER MARKETS INC,242 N ORLANDO AVE,,MAITLAND,FL,327515506,4075990210,VP PHARMACY,333600000X|3336C0003X,tier_1_primary_pharmacy,Y,N,PUBLIX
1326088725,L&M PHARMACY INC,7040 W PALMETTO PARK RD,SUITE 12,BOCA RATON,FL,334333407,5616202611,PRESIDENT,3336C0003X,tier_2_secondary_pharmacy,N,Y,
1295775609,PUBLIX SUPER MARKETS INC,5400 SW COLLEGE RDSUITE 200,,OCALA,FL,34474,3528731038,VP PHARMACY,333600000X|3336C0003X,tier_1_primary_pharmacy,Y,N,PUBLIX
1104866516,PUBLIX SUPER MARKETS INC,18955 US HIGHWAY 441,,MOUNT DORA,FL,327576735,3523831272,VP PHARMACY,333600000X|3336C0003X,tier_1_primary_pharmacy,Y,N,PUBLIX
1013957422,PUBLIX SUPER MARKETS INC,30535 US HIGHWAY 19 N,,PALM HARBOR,FL,346844415,7277878869,VP PHARMACY,333600000X|3336C0003X,tier_1_primary_pharmacy,Y,N,PUBLIX
1922048339,PUBLIX SUPER MARKETS INC,11109 WINTHROP MARKET ST,,RIVERVIEW,FL,335784252,8136840169,VP PHARMACY,333600000X|3336C0003X,tier_1_primary_pharmacy,Y,N,PUBLIX
1730129149,PUBLIX SUPER MARKETS INC,11400 RIDGE RD,,NEW PORT RICHEY,FL,346545310,7278483445,VP PHARMACY,333600000X|3336C0003X,tier_1_primary_pharmacy,Y,N,PUBLIX
1649210055,PUBLIX SUPER MARKETS INC,4158 MARINER BLVD,,SPRING HILL,FL,346092468,3526882066,VP PHARMACY,333600000X|3336C0003X,tier_1_primary_pharmacy,Y,N,PUBLIX
1558301960,PUBLIX SUPER MARKETS INC,825 RINEHART RD,,LAKE MARY,FL,327464867,4073249822,VP PHARMACY,333600000X|3336C0003X,tier_1_primary_pharmacy,Y,N,PUBLIX
1467492876,PUBLIX SUPER MARKETS INC,7431 NFEDERAL HWY,,BOCA RATON,FL,33487,5619976265,VP PHARMACY,333600000X|3336C0003X,tier_1_primary_pharmacy,Y,N,PUBLIX
1376583781,PUBLIX SUPER MARKETS INC,1700 N MONROE ST,,TALLAHASSEE,FL,323035535,8502228992,VP PHARMACY,333600000X|3336C0003X,tier_1_primary_pharmacy,Y,N,PUBLIX
1073553483,PUBLIX SUPER MARKETS INC,2301 SR 524 LOT 150,,COCOA,FL,32926,3216366784,VP PHARMACY,333600000X|3336C0003X,tier_1_primary_pharmacy,Y,N,PUBLIX
1982644399,PUBLIX SUPER MARKETS INC,1291 S SUMTER BLVD,,NORTH PORT,FL,342872337,9414266955,VP PHARMACY,333600000X|3336C0003X,tier_1_primary_pharmacy,Y,N,PUBLIX
1235179649,PUBLIX SUPER MARKETS INC,482 E ALTAMONTE DR,,ALTAMONTE SPRINGS,FL,327014604,4072609985,VP PHARMACY,333600000X|3336C0003X,tier_1_primary_pharmacy,Y,N,PUBLIX
1104866417,PUBLIX SUPER MARKETS INC,11851 PALM BEACH BLVD,,FORT MYERS,FL,339055912,2396909570,VP PHARMACY,333600000X|3336C0003X,tier_1_primary_pharmacy,Y,N,PUBLIX
1013957323,PUBLIX SUPER MARKETS INC,1951 S NARCOOSSEE RD,,SAINT CLOUD,FL,347717211,4078922060,VP PHARMACY,333600000X|3336C0003X,tier_1_primary_pharmacy,Y,N,PUBLIX
1407896822,PUBLIX SUPER MARKETS INC,1415 E SUNRISE BLVD,,FT LAUDERDALE,FL,333042324,9548888980,VP PHARMACY,333600000X|3336C0003X,tier_1_primary_pharmacy,Y,N,PUBLIX
1023058450,PUBLIX SUPER MARKETS INC,1850 N COURTENAY PKWY,,MERRITT ISLAND,FL,329532629,3219866393,VP PHARMACY,333600000X|3336C0003X,tier_1_primary_pharmacy,Y,N,PUBLIX
1932149366,PUBLIX SUPER MARKETS INC,2517 S US HIGHWAY 1,,FORT PIERCE,FL,349825922,7724672188,VP OF PHARMACY,333600000X|3336C0003X,tier_1_primary_pharmacy,Y,N,PUBLIX
1841230273,PUBLIX SUPER MARKETS INC,731 DUVAL STATION RD STE 4,,JACKSONVILLE,FL,322180804,9046963363,VP PHARMACY,333600000X|3336C0003X,tier_1_primary_pharmacy,Y,N,PUBLIX
1750321188,PUBLIX SUPER MARKETS INC,3450 E SILVER SPRINGS BLVD,,OCALA,FL,344706406,3526713770,VP PHARMACY,333600000X|3336C0003X,tier_1_primary_pharmacy,Y,N,PUBLIX
1497795835,PUBLIX SUPER MARKETS INC,11406 SAN JOSE BLVD,,JACKSONVILLE,FL,322237963,9042625991,VP PHARMACY,333600000X|3336C0003X,tier_1_primary_pharmacy,Y,N,PUBLIX
1306886742,PUBLIX SUPER MARKETS INC,4567 WESTON RD,,WESTON,FL,333313141,9542173067,VP PHARMACY,333600000X|3336C0003X,tier_1_primary_pharmacy,Y,N,PUBLIX
1215977657,PUBLIX SUPER MARKETS INC,5127 US HIGHWAY 19,,NEW PORT RICHEY,FL,346523966,7278453123,VP PHARMACY,333600000X|3336C0003X,tier_1_primary_pharmacy,Y,N,PUBLIX
1124068564,PUBLIX SUPER MARKETS INC,8975 RACE TRACK RD,,TAMPA,FL,336359724,8138542909,VP PHARMACY,333600000X|3336C0003X,tier_1_primary_pharmacy,Y,N,PUBLIX
1033159470,PUBLIX SUPER MARKETS INC,23026 PANAMA CITY BEACH PKWY,,PANAMA CITY BEACH,FL,324131107,8502334932,VP PHARMACY,333600000X|3336C0003X,tier_1_primary_pharmacy,Y,N,PUBLIX
1942240387,PUBLIX SUPER MARKETS INC,7310 MANATEE AVE W,,BRADENTON,FL,342093441,9417926295,VP PHARMACY,333600000X|3336C0003X,tier_1_primary_pharmacy,Y,N,PUBLIX
1851331292,PUBLIX SUPER MARKETS INC,6434 N US HIGHWAY 41,,APOLLO BEACH,FL,335721804,8136491286,VP PHARMACY,333600000X|3336C0003X,tier_1_primary_pharmacy,Y,N,PUBLIX
1760422109,PUBLIX SUPER MARKETS INC,7749 NORMANDY BLVD,,JACKSONVILLE,FL,322217657,9047812509,VP PHARMACY,333600000X|3336C0003X,tier_1_primary_pharmacy,Y,N,PUBLIX
1932149374,PUBLIX SUPER MARKETS INC,500 N US HIGHWAY 1,,TEQUESTA,FL,334692372,5617418530,VP PHARMACY,333600000X|3336C0003X,tier_1_primary_pharmacy,Y,N,PUBLIX
1841230281,PUBLIX SUPER MARKETS INC,10400 SW VILLAGE CENTER DR,,PORT ST LUCIE,FL,349872186,7723459911,VP PHARMACY,333600000X|3336C0003X,tier_1_primary_pharmacy,Y,N,PUBLIX
1669412003,"PUBLIX SUPER MARKETS, INC.",1005 N. STATE ROAD 434,STE 1020,ALTAMONTE SPRINGS,FL,327147038,4076825555,VP PHARMACY,333600000X|3336C0003X,tier_1_primary_pharmacy,Y,N,PUBLIX
1295775633,PUBLIX SUPER MARKETS INC,7640 W SAND LAKE RD,,ORLANDO,FL,328195112,4072263360,VP PHARMACY,333600000X|3336C0003X,tier_1_primary_pharmacy,Y,N,PUBLIX
1467492967,PUBLIX SUPER MARKETS INC,10928 CROSS CREEK BLVD,,TAMPA,FL,336474034,8139861827,VP PHARMACY,333600000X|3336C0003X,tier_1_primary_pharmacy,Y,N,PUBLIX
1275573610,PUBLIX SUPER MARKETS INC,4901 SW 148TH AVE,,DAVIE,FL,333302400,9546802300,VP PHARMACY,333600000X|3336C0003X,tier_1_primary_pharmacy,Y,N,PUBLIX
1184664526,PUBLIX SUPER MARKETS INC,7018 W WATERS AVE,,TAMPA,FL,336342292,8138845705,VP PHARMACY,333600000X|3336C0003X,tier_1_primary_pharmacy,Y,N,PUBLIX
1801836242,PUBLIX SUPER MARKETS INC,15151 N DALE MABRY HWY,,TAMPA,FL,336181818,8132653392,VP PHARMACY,333600000X|3336C0003X,tier_1_primary_pharmacy,Y,N,PUBLIX
1710927157,PUBLIX SUPER MARKETS INC,95 S US HIGHWAY 1,,JUPITER,FL,334775117,5617437408,VP PHARMACY,333600000X|3336C0003X,tier_1_primary_pharmacy,Y,N,PUBLIX
1629018064,PUBLIX SUPER MARKETS INC,8341 W FLAGLER ST,,MIAMI,FL,331442029,3052662057,VP PHARMACY,333600000X|3336C0003X,tier_1_primary_pharmacy,Y,N,PUBLIX
1538109970,PUBLIX SUPER MARKETS INC,24123 PEACHLAND BLVD,,PORT CHARLOTTE,FL,339543774,9416275704,VP PHARMACY,333600000X|3336C0003X,tier_1_primary_pharmacy,Y,N,PUBLIX
1447290887,PUBLIX SUPER MARKETS INC,600 N UNIVERSITY DR,,PEMBROKE PINES,FL,330246731,9544334408,VP PHARMACY,333600000X|3336C0003X,tier_1_primary_pharmacy,Y,N,PUBLIX
1356381792,PUBLIX SUPER MARKETS INC,10801 STARKEY RD STE 200,,SEMINOLE,FL,337771161,7273973105,VP PHARMACY,333600000X|3336C0003X,tier_1_primary_pharmacy,Y,N,PUBLIX
1265472609,PUBLIX SUPER MARKETS INC,1400 E HALLANDALE BEACH BLVD,,HALLANDALE BEACH,FL,330094617,9544548825,VP PHARMACY,333600000X|3336C0003X,tier_1_primary_pharmacy,Y,N,PUBLIX
1083654420,PUBLIX SUPER MARKETS INC,9846 GLADES RD,,BOCA RATON,FL,334343917,5618525603,VP PHARMACY,333600000X|3336C0003X,tier_1_primary_pharmacy,Y,N,PUBLIX
1891735239,PUBLIX SUPER MARKETS INC,2556 ENTERPRISE RD,,ORANGE CITY,FL,327637939,3867747446,VP PHARMACY,333600000X|3336C0003X,tier_1_primary_pharmacy,Y,N,PUBLIX
1700826146,PUBLIX SUPER MARKETS INC,1090 SPIRIT LAKE RD,,WINTER HAVEN,FL,338801226,8632935007,VP PHARMACY,333600000X|3336C0003X,tier_1_primary_pharmacy,Y,N,PUBLIX
1619917051,PUBLIX SUPER MARKETS INC,1537 NW SAINT LUCIE WEST BLVD,,PORT ST LUCIE,FL,349862113,7723404350,VP PHARMACY,333600000X|3336C0003X,tier_1_primary_pharmacy,Y,N,PUBLIX
1528008968,PUBLIX SUPER MARKETS INC,1150 MALABAR RD SE,,PALM BAY,FL,329073239,3217273781,VP PHARMACY,333600000X|3336C0003X,tier_1_primary_pharmacy,Y,N,PUBLIX
1255371696,PUBLIX SUPER MARKETS INC,2873 S ORANGE AVE,,ORLANDO,FL,328065403,4078720393,VP PHARMACY,333600000X|3336C0003X,tier_1_primary_pharmacy,Y,N,PUBLIX
1164462503,PUBLIX SUPER MARKETS INC,6031 CYPRESS GDEN BLVD,,WINTER HAVEN,FL,33884,8633241557,VP PHARMACY,333600000X|3336C0003X,tier_1_primary_pharmacy,Y,N,PUBLIX
1073553418,PUBLIX SUPER MARKETS INC,1120 BICHARA BLVD,,THE VILLAGES,FL,321597716,3527502424,VP PHARMACY,333600000X|3336C0003X,tier_1_primary_pharmacy,Y,N,PUBLIX
1982644324,PUBLIX SUPER MARKETS INC,1478 W GRANADA BLVD,,ORMOND BEACH,FL,321749165,3866774215,VP PHARMACY,333600000X|3336C0003X,tier_1_primary_pharmacy,Y,N,PUBLIX
1790725133,PUBLIX SUPER MARKETS INC,5375 N SOCRUM LOOP RD,,LAKELAND,FL,338094272,8638596353,VP PHARMACY,333600000X|3336C0003X,tier_1_primary_pharmacy,Y,N,PUBLIX
1609816040,PUBLIX SUPER MARKETS INC,5991 PINE RIDGE RD,,NAPLES,FL,341193956,2393521484,VP PHARMACY,333600000X|3336C0003X,tier_1_primary_pharmacy,Y,N,PUBLIX
1518907955,PUBLIX SUPER MARKETS INC,4365 COMMERCIAL WAY,,SPRING HILL,FL,346061917,3525978506,VP PHARMACY,333600000X|3336C0003X,tier_1_primary_pharmacy,Y,N,PUBLIX
1366482721,PUBLIX SUPER MARKETS INC,6330 W INDIANTOWN RD,,JUPITER,FL,334587981,5617411225,VP PHARMACY,333600000X|3336C0003X,tier_1_primary_pharmacy,Y,N,PUBLIX
1275573636,PUBLIX SUPER MARKETS INC,23965 US HIGHWAY 27,,LAKE WALES,FL,338597812,8636761399,VP PHARMACY,333600000X|3336C0003X,tier_1_primary_pharmacy,Y,N,PUBLIX
1184664542,PUBLIX SUPER MARKETS INC,9518 ARGYLE FOREST BLVD,,JACKSONVILLE,FL,322222800,9043175760,VP PHARMACY,333600000X|3336C0003X,tier_1_primary_pharmacy,Y,N,PUBLIX
1891735254,PUBLIX SUPER MARKETS INC,10142 W INDIANTOWN RD,,JUPITER,FL,334784707,5617485877,VP PHARMACY,333600000X|3336C0003X,tier_1_primary_pharmacy,Y,N,PUBLIX
1700826161,PUBLIX SUPER MARKETS INC,13401 SUMMERLIN RD,,FORT MYERS,FL,339196592,2394813321,VP PHARMACY,333600000X|3336C0003X,tier_1_primary_pharmacy,Y,N,PUBLIX
1619917077,PUBLIX SUPER MARKETS INC,5000 E BAY DR,,CLEARWATER,FL,337645719,7275241243,VP PHARMACY,333600000X|3336C0003X,tier_1_primary_pharmacy,Y,N,PUBLIX
1982644357,PUBLIX SUPER MARKETS INC,3740 W HILLSBORO BLVD,,DEERFIELD BEACH,FL,334429411,9544270675,VP PHARMACY,333600000X|3336C0003X,tier_1_primary_pharmacy,Y,N,PUBLIX
1790725166,"PUBLIX SUPER MARKETS, INC.",2771 MONUMENT RD STE 19,,JACKSONVILLE,FL,322253547,9046411451,VP PHARMACY,333600000X|3336C0003X,tier_1_primary_pharmacy,Y,N,PUBLIX
1609816073,PUBLIX SUPER MARKETS INC,4401 13TH ST,,SAINT CLOUD,FL,347696724,4074983133,VP PHARMACY,333600000X|3336C0003X,tier_1_primary_pharmacy,Y,N,PUBLIX
1518907989,PUBLIX SUPER MARKETS INC,8244 NAVARRE PKWY,,NAVARRE,FL,325666943,8505150990,VP PHARMACY,333600000X|3336C0003X,tier_1_primary_pharmacy,Y,N,PUBLIX
1427098896,PUBLIX SUPER MARKETS INC,4145 9TH ST SW,,VERO BEACH,FL,329684804,7722996245,VP PHARMACY,333600000X|3336C0003X,tier_1_primary_pharmacy,Y,N,PUBLIX
1336189703,PUBLIX SUPER MARKETS INC,617 US HIGHWAY 17 92 W,,HAINES CITY,FL,338445047,8634191231,VP PHARMACY,333600000X|3336C0003X,tier_1_primary_pharmacy,Y,N,PUBLIX
1972543809,PUBLIX SUPER MARKETS INC,450 STATE ROAD 13,,JACKSONVILLE,FL,322593860,9042303207,VP PHARMACY,333600000X|3336C0003X,tier_1_primary_pharmacy,Y,N,PUBLIX
1881634715,PUBLIX SUPER MARKETS INC,3930 SW ARCHER RD,,GAINESVILLE,FL,326082342,3523673342,VP PHARMACY,333600000X|3336C0003X,tier_1_primary_pharmacy,Y,N,PUBLIX
1497795330,PUBLIX SUPER MARKETS INC,2845 COUNTY ROAD 210 W,,JACKSONVILLE,FL,322592016,9042303933,VP PHARMACY,333600000X|3336C0003X,tier_1_primary_pharmacy,Y,N,PUBLIX
1215977152,PUBLIX SUPER MARKETS INC,5600 W SAMPLE RD,,MARGATE,FL,330733423,9549772991,CONTRACT ADMINISTRATOR,333600000X|3336C0003X,tier_1_primary_pharmacy,Y,N,PUBLIX
1124068069,PUBLIX SUPER MARKETS INC,4255 US HIGHWAY 1 S,,ST AUGUSTINE,FL,320867046,9047941104,VP PHARMACY,333600000X|3336C0003X,tier_1_primary_pharmacy,Y,N,PUBLIX
1285674127,PUBLIX SUPER MARKETS INC,5211 SHERATON ST,,HOLLYWOOD,FL,33021,9549876802,VP PHARMACY,333600000X|3336C0003X,tier_1_primary_pharmacy,Y,N,PUBLIX
1194765040,PUBLIX SUPER MARKETS INC,7101 RADIO RD,,NAPLES,FL,341046706,2394555526,VP PHARMACY,333600000X|3336C0003X,tier_1_primary_pharmacy,Y,N,PUBLIX
1003856956,PUBLIX SUPER MARKETS INC,1616 W CAPE CORAL PKWY,,CAPE CORAL,FL,33904,2399451226,VP PHARMACY,333600000X|3336C0003X,tier_1_primary_pharmacy,Y,N,PUBLIX
1821038779,PUBLIX SUPER MARKETS INC,4200 NORTHLAKE BLVD,,PALM BEACH GARDENS,FL,334106252,5616259639,VP PHARMACY,333600000X|3336C0003X,tier_1_primary_pharmacy,Y,N,PUBLIX
1487694246,PUBLIX SUPER MARKETS INC,6001 45 ARGYLE FOREST BLVD,,JACKSONVILLE,FL,32244,9049080759,VP PHARMACY,333600000X|3336C0003X,tier_1_primary_pharmacy,Y,N,PUBLIX
1295775054,PUBLIX SUPER MARKETS INC,1003 E COMMERCIAL BLVD,,OAKLAND PARK,FL,333343957,9544915441,VP PHARMACY,333600000X|3336C0003X,tier_1_primary_pharmacy,Y,N,PUBLIX
1104866961,PUBLIX SUPER MARKETS INC,1258 OCEAN SHORE BLVD,,ORMOND BEACH,FL,321763620,3864413730,VP PHARMACY,333600000X|3336C0003X,tier_1_primary_pharmacy,Y,N,PUBLIX
1013957877,PUBLIX SUPER MARKETS INC,19441 SHERIDAN ST,,FORT LAUDERDALE,FL,333321653,9544345930,VP PHARMACY,333600000X|3336C0003X,tier_1_primary_pharmacy,Y,N,PUBLIX
1922048784,PUBLIX SUPER MARKETS INC,4265 TAMIAMI TRL,,PORT CHARLOTTE,FL,339802152,9416290084,VP PHARMACY,333600000X|3336C0003X,tier_1_primary_pharmacy,Y,N,PUBLIX
1831139690,PUBLIX SUPER MARKETS INC,7037 RIDGE RD,,PORT RICHEY,FL,346686849,7278443686,VP PHARMACY,333600000X|3336C0003X,tier_1_primary_pharmacy,Y,N,PUBLIX
1740220508,PUBLIX SUPER MARKETS INC,841 CYPRESS PKWY,,POINCIANA,FL,347593408,3216970009,VP PHARMACY,333600000X|3336C0003X,tier_1_primary_pharmacy,Y,N,PUBLIX
1659311413,PUBLIX SUPER MARKETS INC,2400 S RIDGEWOOD AVE,,SOUTH DAYTONA,FL,321193097,3867560477,VP PHARMACY,333600000X|3336C0003X,tier_1_primary_pharmacy,Y,N,PUBLIX
1033159892,GUANTANAMO PHARMACY & DISCOUNT INC,1054 W 35TH ST,,HIALEAH,FL,330124928,3058053595,PRESIDENT,333600000X,tier_1_primary_pharmacy,Y,Y,
1629018577,PUBLIX SUPER MARKETS INC,741 S ORLANDO AVE,,WINTER PARK,FL,327894844,4076220309,VP PHARMACY,333600000X|3336C0003X,tier_1_primary_pharmacy,Y,N,PUBLIX
1538109483,PUBLIX SUPER MARKETS INC,4495 ROOSEVELT BLVD STE 103,,JACKSONVILLE,FL,322103390,9043881303,VP PHARMACY,333600000X|3336C0003X,tier_1_primary_pharmacy,Y,N,PUBLIX
1265472112,PUBLIX SUPER MARKETS INC,7375 W ATLANTIC AVE,,DELRAY BEACH,FL,334461304,5616371186,VP PHARMACY,333600000X|3336C0003X,tier_1_primary_pharmacy,Y,N,PUBLIX
1700826658,PUBLIX SUPER MARKETS INC,2765 NW 49TH AVE UNIT 301,,OCALA,FL,344826215,3524013606,VP PHARMACY,333600000X|3336C0003X,tier_1_primary_pharmacy,Y,N,PUBLIX
1619917564,PUBLIX SUPER MARKETS INC,21301 S TAMIAMI TRL STE 200,,ESTERO,FL,339282943,2399481182,VP PHARMACY,333600000X|3336C0003X,tier_1_primary_pharmacy,Y,N,PUBLIX
1528008471,PUBLIX SUPER MARKETS INC,5400 BRUCE B DOWNS BLVD,,ZEPHYRHILLS,FL,335448616,8139071695,VP PHARMACY,333600000X|3336C0003X,tier_1_primary_pharmacy,Y,N,PUBLIX
1437199387,PUBLIX SUPER MARKETS INC,12620 BEACH BLVD STE 12,,JACKSONVILLE,FL,322467130,9045643586,VP PHARMACY,333600000X|3336C0003X,tier_1_primary_pharmacy,Y,N,PUBLIX
1346280294,PUBLIX SUPER MARKETS INC,7999 DR MLK JR STREET NORTH,,ST PETERSBURG,FL,33702,7275785335,VP PHARMACY,333600000X|3336C0003X,tier_1_primary_pharmacy,Y,N,PUBLIX
1164462016,PUBLIX SUPER MARKETS INC,2111 CAPITAL CIR NE,,TALLAHASSEE,FL,323084303,8505239857,VP PHARMACY,333600000X|3336C0003X,tier_1_primary_pharmacy,Y,N,PUBLIX
1073553921,PUBLIX SUPER MARKETS INC,14375 MIRAMAR PKWY,,MIRAMAR,FL,330274134,9544479385,VP PHARMACY,333600000X|3336C0003X,tier_1_primary_pharmacy,Y,N,PUBLIX
1982644837,PUBLIX SUPER MARKETS INC,5997 S POINTE BLVD STE 106,,FORT MYERS,FL,339193272,2394151610,VP PHARMACY,333600000X|3336C0003X,tier_1_primary_pharmacy,Y,N,PUBLIX
1790725646,PUBLIX SUPER MARKETS INC,9621 N US HIGHWAY 1,,SEBASTIAN,FL,329586363,7725815737,VP PHARMACY,333600000X|3336C0003X,tier_1_primary_pharmacy,Y,N,PUBLIX
1609816552,PUBLIX SUPER MARKETS INC,15880 SUMMERLIN RD,,FORT MYERS,FL,339089612,2394331684,VP PHARMACY,333600000X|3336C0003X,tier_1_primary_pharmacy,Y,N,PUBLIX
1518907468,PUBLIX SUPER MARKETS INC,11250 4 OLD ST AUGUSTINE RD,,JACKSONVILLE,FL,32257,9042624250,VP PHARMACY,333600000X|3336C0003X,tier_1_primary_pharmacy,Y,N,PUBLIX
1730129693,PUBLIX SUPER MARKETS INC,299 E INTL SPWD BLVD,,DELAND,FL,32724,3867383619,VP PHARMACY,333600000X|3336C0003X,tier_1_primary_pharmacy,Y,N,PUBLIX
1518908003,PUBLIX SUPER MARKETS INC,6820 OKEECHOBEE BLVD,,WEST PALM BEACH,FL,334112510,5616843064,VP PHARMACY,333600000X|3336C0003X,tier_1_primary_pharmacy,Y,N,PUBLIX
1316988801,"PUBLIX SUPER MARKETS, INC.",4730 S FLORIDA AVE,,LAKELAND,FL,338132181,8636465471,VP OF PHARMACY,333600000X|3336C0003X,tier_1_primary_pharmacy,Y,N,PUBLIX
1225079718,PUBLIX SUPER MARKETS INC,3400 AVALON PARK EAST BLVD,,ORLANDO,FL,328287362,4072771216,VP PHARMACY,333600000X|3336C0003X,tier_1_primary_pharmacy,Y,N,PUBLIX
1134160625,PUBLIX SUPER MARKETS INC,13154 US HIGHWAY 301 S,,RIVERVIEW,FL,335787410,8137410592,VP PHARMACY,333600000X|3336C0003X,tier_1_primary_pharmacy,Y,N,PUBLIX
1861433351,PUBLIX SUPER MARKETS INC,4849 S MILITARY TRL,,GREENACRES,FL,334635310,5614344537,VP PHARMACY,333600000X|3336C0003X,tier_1_primary_pharmacy,Y,N,PUBLIX
1770524266,PUBLIX SUPER MARKETS INC,101 N BLAIRSTONE RD,,TALLAHASSEE,FL,323012877,8502196221,VP PHARMACY,333600000X|3336C0003X,tier_1_primary_pharmacy,Y,N,PUBLIX
1689615171,PUBLIX SUPER MARKETS INC,11502 N 53RD ST,,TEMPLE TERRACE,FL,336172245,8139859973,VP PHARMACY,333600000X|3336C0003X,tier_1_primary_pharmacy,Y,N,PUBLIX
1306887898,PUBLIX SUPER MARKETS INC,4195 W LAKE MARY BLVD,,LAKE MARY,FL,327462410,4073283062,VP PHARMACY,333600000X|3336C0003X,tier_1_primary_pharmacy,Y,N,PUBLIX
1750322244,PUBLIX SUPER MARKETS INC,1700 SHERIDAN ST,,HOLLYWOOD,FL,330202275,9549266657,VP PHARMACY,333600000X|3336C0003X,tier_1_primary_pharmacy,Y,N,PUBLIX
1669413159,PUBLIX SUPER MARKETS INC,1346 SEVEN SPRINGS BLVD,,NEW PORT RICHEY,FL,346555636,7273721331,VP PHARMACY,333600000X|3336C0003X,tier_1_primary_pharmacy,Y,N,PUBLIX
1578504064,PUBLIX SUPER MARKETS INC,100 HANCOCK BRIDGE PKWY W,,CAPE CORAL,FL,339912088,2394582070,VP PHARMACY,333600000X|3336C0003X,tier_1_primary_pharmacy,Y,N,PUBLIX
1487695979,PUBLIX SUPER MARKETS INC,4250 ALAFAYA TRL,,OVIEDO,FL,327659412,4073669720,VP PHARMACY,333600000X|3336C0003X,tier_1_primary_pharmacy,Y,N,PUBLIX
1659312148,PUBLIX SUPER MARKETS INC,5100 CLARK RD,,SARASOTA,FL,342333226,9419268532,VP PHARMACY,333600000X|3336C0003X,tier_1_primary_pharmacy,Y,N,PUBLIX
1568403053,PUBLIX SUPER MARKETS INC,19100 S TAMIAMI TRL,,FORT MYERS,FL,339081011,2394322528,VP PHARMACY,333600000X|3336C0003X,tier_1_primary_pharmacy,Y,N,PUBLIX
1376584862,PUBLIX SUPER MARKETS INC,1971 E STATE ROAD 60,,VALRICO,FL,335943603,8136843694,VP PHARMACY,333600000X|3336C0003X,tier_1_primary_pharmacy,Y,N,PUBLIX
1285675777,PUBLIX SUPER MARKETS INC,2310 PINE RIDGE RD,,NAPLES,FL,341092006,2394350489,VP PHARMACY,333600000X|3336C0003X,tier_1_primary_pharmacy,Y,N,PUBLIX
1194766691,PUBLIX SUPER MARKETS INC,2295 ALOMA AVE,,WINTER PARK,FL,327923303,4076783273,VP PHARMACY,333600000X|3336C0003X,tier_1_primary_pharmacy,Y,N,PUBLIX
1003857509,PUBLIX SUPER MARKETS INC,2100 WINTER SPRINGS BLVD,,OVIEDO,FL,327659342,4073669810,VP PHARMACY,333600000X|3336C0003X,tier_1_primary_pharmacy,Y,N,PUBLIX
1912948415,PUBLIX SUPER MARKETS INC,17960 N TAMIAMI TRL,,NORTH FORT MYERS,FL,339031412,2395434244,VP PHARMACY,333600000X|3336C0003X,tier_1_primary_pharmacy,Y,N,PUBLIX
1821039322,PUBLIX SUPER MARKETS INC,18341 PINES BLVD,,PEMBROKE PINES,FL,330291413,9544306106,VP PHARMACY,333600000X|3336C0003X,tier_1_primary_pharmacy,Y,N,PUBLIX
1730120239,PUBLIX SUPER MARKETS INC,5801 SW 75TH ST,,GAINESVILLE,FL,326088513,3523751605,VP PHARMACY,333600000X|3336C0003X,tier_1_primary_pharmacy,Y,N,PUBLIX
1649211145,PUBLIX SUPER MARKETS INC,2600 MAGUIRE RD,,OCOEE,FL,347614752,4076568537,VP PHARMACY,333600000X|3336C0003X,tier_1_primary_pharmacy,Y,N,PUBLIX
1467493965,PUBLIX SUPER MARKETS INC,857 W BAY DR,,LARGO,FL,337703221,7275187748,VP PHARMACY,333600000X|3336C0003X,tier_1_primary_pharmacy,Y,N,PUBLIX
1376584870,PUBLIX SUPER MARKETS INC,250 CITRUS TOWER BLVD,,CLERMONT,FL,347112790,3522416676,VP PHARMACY,333600000X|3336C0003X,tier_1_primary_pharmacy,Y,N,PUBLIX
1285675785,PUBLIX SUPER MARKETS INC,4870 S APOPKA VINELAND RD,,ORLANDO,FL,328193127,4079098085,VP PHARMACY,333600000X|3336C0003X,tier_1_primary_pharmacy,Y,N,PUBLIX
1811938319,PUBLIX SUPER MARKETS INC,670 MARSH LANDING PKWY,,JACKSONVILLE BEACH,FL,322505850,9042737606,VP PHARMACY,333600000X|3336C0003X,tier_1_primary_pharmacy,Y,N,PUBLIX
1720029226,PUBLIX SUPER MARKETS INC,1400 CORAL RIDGE DR,,CORAL SPRINGS,FL,330715433,9543461711,VP PHARMACY,333600000X|3336C0003X,tier_1_primary_pharmacy,Y,N,PUBLIX
1639110133,PUBLIX SUPER MARKETS INC,11600 GLADIOLUS DR,,FORT MYERS,FL,339084567,2394373681,VP PHARMACY,333600000X|3336C0003X,tier_1_primary_pharmacy,Y,N,PUBLIX
1548201049,PUBLIX SUPER MARKETS INC,294 INDIAN TRCE,,WESTON,FL,333264509,9543844196,VP PHARMACY,333600000X|3336C0003X,tier_1_primary_pharmacy,Y,N,PUBLIX
1457392953,PUBLIX SUPER MARKETS INC,19034 BRUCE B DOWNS BLVD,,TAMPA,FL,336472434,8136311547,VP PHARMACY,333600000X|3336C0003X,tier_1_primary_pharmacy,Y,N,PUBLIX
1275574774,PUBLIX SUPER MARKETS INC,9100 MERRILL RD,,JACKSONVILLE,FL,322254358,9047454266,VP PHARMACY,333600000X|3336C0003X,tier_1_primary_pharmacy,Y,N,PUBLIX
1184665689,PUBLIX SUPER MARKETS INC,11977 SOUTHERN BLVD,,ROYAL PALM BEACH,FL,334117619,5617922106,VP PHARMACY,333600000X|3336C0003X,tier_1_primary_pharmacy,Y,N,PUBLIX
1992746499,PUBLIX SUPER MARKETS INC,14371 SPRING HILL DR,,SPRING HILL,FL,346098199,3526662006,VP PHARMACY,333600000X|3336C0003X,tier_1_primary_pharmacy,Y,N,PUBLIX
1801837307,PUBLIX SUPER MARKETS INC,12139 W LINEBAUGH AVE,,TAMPA,FL,336261732,8138140738,VP PHARMACY,333600000X|3336C0003X,tier_1_primary_pharmacy,Y,N,PUBLIX
1629019120,PUBLIX SUPER MARKETS INC,10155 W OAKLAND PARK BLVD,,SUNRISE,FL,333516918,9547461002,VP PHARMACY,333600000X|3336C0003X,tier_1_primary_pharmacy,Y,N,PUBLIX
1538100037,PUBLIX SUPER MARKETS INC,6570 N SR 7,,COCONUT CREEK,FL,33073,9544225481,VP PHARMACY,333600000X|3336C0003X,tier_1_primary_pharmacy,Y,N,PUBLIX
1447291943,PUBLIX SUPER MARKETS INC,5324 LITTLE RD,,NEW PORT RICHEY,FL,346551294,7273755383,VP PHARMACY,333600000X|3336C0003X,tier_1_primary_pharmacy,Y,N,PUBLIX
1356382857,PUBLIX SUPER MARKETS INC,15801 SHERIDAN ST,,SOUTHWEST RANCHES,FL,333313487,9544426875,VP PHARMACY,333600000X|3336C0003X,tier_1_primary_pharmacy,Y,N,PUBLIX
1265473763,PUBLIX SUPER MARKETS INC,12195 ORANGE BLOSSOM TRAIL,,ORLANDO,FL,328376502,4078164233,VP PHARMACY,333600000X|3336C0003X,tier_1_primary_pharmacy,Y,N,PUBLIX
1174564678,PUBLIX SUPER MARKETS INC,9200 NW 39TH AVE,,GAINESVILLE,FL,326067331,3523751315,VP PHARMACY,333600000X|3336C0003X,tier_1_primary_pharmacy,Y,N,PUBLIX
1083655583,PUBLIX SUPER MARKETS INC,5500 MILITARY TRL STE 25,,JUPITER,FL,334582865,5617993190,VP PHARMACY,333600000X|3336C0003X,tier_1_primary_pharmacy,Y,N,PUBLIX
1891736393,PUBLIX SUPER MARKETS INC,4351 S HIGHWAY 27,,CLERMONT,FL,347115349,3523942915,VP PHARMACY,333600000X|3336C0003X,tier_1_primary_pharmacy,Y,N,PUBLIX
1700827201,PUBLIX SUPER MARKETS INC,500 E LAKE RD,,PALM HARBOR,FL,346852428,7277841413,VP PHARMACY,333600000X|3336C0003X,tier_1_primary_pharmacy,Y,N,PUBLIX
1619918117,PUBLIX SUPER MARKETS INC,1601 PROMENADE BLVD,,WESTON,FL,333263652,9546598766,VP PHARMACY,333600000X|3336C0003X,tier_1_primary_pharmacy,Y,N,PUBLIX
1528009024,PUBLIX SUPER MARKETS INC,15265 COLLIER BLVD,,NAPLES,FL,341197715,2393489759,VP PHARMACY,333600000X|3336C0003X,tier_1_primary_pharmacy,Y,N,PUBLIX
1437190931,PUBLIX SUPER MARKETS INC,6767 US HIGHWAY 98 N,,LAKELAND,FL,338096226,8638595838,VP PHARMACY,333600000X|3336C0003X,tier_1_primary_pharmacy,Y,N,PUBLIX
1346281847,PUBLIX SUPER MARKETS INC,9359 SHERIDAN ST,,HOLLYWOOD,FL,330248560,9544332710,VP PHARMACY,333600000X|3336C0003X,tier_1_primary_pharmacy,Y,N,PUBLIX
1073554572,PUBLIX SUPER MARKETS INC,2840 DAVID WALKER DR,,EUSTIS,FL,327266172,3523579168,VP PHARMACY,333600000X|3336C0003X,tier_1_primary_pharmacy,Y,N,PUBLIX
1982645487,PUBLIX SUPER MARKETS INC,1160 E STATE ROAD 434,,WINTER SPRINGS,FL,327082715,4073279731,VP PHARMACY,333600000X|3336C0003X,tier_1_primary_pharmacy,Y,N,PUBLIX
1790726297,PUBLIX SUPER MARKETS INC,8780 SE 165TH MULBERRY LN,,THE VILLAGES,FL,321625861,3527510304,VP PHARMACY,333600000X|3336C0003X,tier_1_primary_pharmacy,Y,N,PUBLIX
1609817105,PUBLIX SUPER MARKETS INC,851 S STATE ROAD 434,,ALTAMONTE SPRINGS,FL,327144811,4075221105,VP PHARMACY,333600000X|3336C0003X,tier_1_primary_pharmacy,Y,N,PUBLIX
1427099928,PUBLIX SUPER MARKETS INC,421 MARY ESTHER CUT OFF NW,,FORT WALTON BEACH,FL,325484084,8503011334,VP PHARMACY,333600000X|3336C0003X,tier_1_primary_pharmacy,Y,N,PUBLIX
1992745657,PUBLIX SUPER MARKETS INC,11200 US 41 N,,NAPLES,FL,34110,2395925101,VP PHARMACY,333600000X|3336C0003X,tier_1_primary_pharmacy,Y,N,PUBLIX
1750321501,D&S ENTERPRISES OF VERO BEACH LLC,777 37TH ST,SUITE C100,VERO BEACH,FL,329604873,7727788585,OWNER,333600000X|3336C0003X,tier_1_primary_pharmacy,Y,Y,
1124068895,PUBLIX SUPER MARKETS INC,415 21ST ST,,VERO BEACH,FL,329605455,7725620541,VP PHARMACY,333600000X|3336C0003X,tier_1_primary_pharmacy,Y,N,PUBLIX
1033159702,PUBLIX SUPER MARKETS INC,22973 SR 7 SOUTH,,BOCA RATON,FL,33428,5614709368,VP PHARMACY,333600000X|3336C0003X,tier_1_primary_pharmacy,Y,N,PUBLIX
1578503322,SABY PHARMACY DISCOUNT INC,210 SW 22ND AVE,,MIAMI,FL,331351505,3056439693,OWNER,333600000X|3336C0003X,tier_1_primary_pharmacy,Y,Y,
1487694238,GULF BAY PHARMACY INC,1941 BARBER RD,,SARASOTA,FL,342408303,9413731373,OWNER,333600000X|3336L0003X,tier_1_primary_pharmacy,Y,Y,
1578503223,JOCHYS PHARMACY INC,5858 W 20TH AVE,,HIALEAH,FL,330162603,3055561800,OWNER,333600000X|3336C0003X,tier_1_primary_pharmacy,Y,Y,
1487694139,KIMS FAMILY PHARMACY INC,740 N HIGHWAY 29,,CANTONMENT,FL,325339595,8509685655,PRES REG PHARMACIST AND OWNER,333600000X|3336C0003X,tier_1_primary_pharmacy,Y,Y,
1962443820,WELLHEALTH INC,12276 SAN JOSE BLVD STE 707,,JACKSONVILLE,FL,322238674,9048801660,DIR OF PHARMACY,333600000X|3336C0004X|3336C0003X,tier_1_primary_pharmacy,Y,Y,
1558302570,LEE MEMORIAL HEALTH SYSTEM,2776 CLEVELAND AVE,,FT MYERS,FL,339015864,2394241503,CHEIF FINANCIAL OFFICER,3336S0011X,tier_2_secondary_pharmacy,N,Y,
1215978275,SUNSHINE PHARMACY MEDICAL INC,6350 DAVIS BLVD,,NAPLES,FL,341045323,2397757207,OWNER,3336C0003X,tier_1_primary_pharmacy,Y,Y,
1902847866,PHARMCORE INC,1109 E HALLANDALE BEACH BLVD,,HALLANDALE BEACH,FL,330094431,9544553822,PRESIDENT,333600000X|3336C0003X,tier_1_primary_pharmacy,Y,Y,
1437190394,FABREGAS ENTERPRISES CORP,2295 NW 28TH ST,,MIAMI,FL,331425987,3056351466,PRESIDENT,333600000X,tier_1_primary_pharmacy,Y,Y,
1457393993,FCS PHARMACY LLC,951 BROKEN SOUND PKWY,SUITE 252,BOCA RATON,FL,334873507,8002237151,PRESIDENT,333600000X,tier_1_primary_pharmacy,Y,Y,
1093757668,SARASOTA COUNTY HEALTH DEPT,6950 PAN AMERICAN DR,,NORTH PORT,FL,342873405,9418612938,PHARMACEUTICAL PROGRAM MANAGER,333600000X,tier_1_primary_pharmacy,Y,Y,
1891737482,"GOLDENCARE PHARMACEUTICAL AND IV, LLC",11908 MIRAMAR PKWY,,MIRAMAR,FL,330257005,9548740611,CHIEF COMPLIANCE OFFICER,3336H0001X,tier_1_primary_pharmacy,Y,Y,
1245272830,FLORIDA DEPARTMENT OF HEALTH,7820 TAMIAMI TRL S,BUILD B 2,VENICE,FL,342935120,9418613352,PHARMACEUTICAL PROGRAM MGR,3336C0002X,tier_1_primary_pharmacy,Y,Y,
1538101167,CORKREANS THE PHARMACIST INC,32713 COUNTY ROAD 473,,LEESBURG,FL,347888856,3527428080,PHARMACIST/OWNER,3336C0003X,tier_1_primary_pharmacy,Y,Y,
1770525297,CARE PHARMACEUTICALS,3450 W 84TH ST,SUITE 101,HIALEAH,FL,330184924,3058261932,PRESIDENT,333600000X|3336C0003X,tier_1_primary_pharmacy,Y,Y,
1689616104,Q R G INC,5175 US HIGHWAY 98 N,,LAKELAND,FL,338090531,8638593222,OWNER,333600000X|3336C0003X,tier_1_primary_pharmacy,Y,Y,
1720020746,CENTRAL FLORIDA HEALTH CARE INC,950 COUNTY ROAD 17A W,,AVON PARK,FL,338252164,8634523040,CEO,333600000X,tier_1_primary_pharmacy,Y,Y,
1386686699,LIFE FLUIDS INC,101 N FEDERAL HWY,,LAKE WORTH,FL,334603435,5615854679,PRESIDENT,3336S0011X,tier_1_primary_pharmacy,Y,Y,
1740223593,"STA AMALIA PHARMACY, INC.",2170 NW 7TH ST,,MIAMI,FL,331253425,3056318330,PRESIDENT,333600000X|3336C0003X,tier_1_primary_pharmacy,Y,Y,
1184666984,BUX HEALTHCARE INC,3644 WEBBER ST,,SARASOTA,FL,342324413,8882450070,OWNER,333600000X|3336C0003X|3336C0004X,tier_1_primary_pharmacy,Y,Y,
1588606362,MELI PHARMACY AND SUPPLIES,1432 E 4TH AVE,,HIALEAH,FL,330103528,3058637211,OWNER/PRESIDENT,3336C0003X,tier_1_primary_pharmacy,Y,Y,
1396787172,SENIORMED LLC FL,4515 OAK FAIR BLVD STE 100,,TAMPA,FL,336107345,8132465367,VP FINANCE,333600000X|3336L0003X|3336M0002X|3336S0011X,tier_1_primary_pharmacy,Y,Y,
1205878089,PHARMACEUTICAL SERVICES INC,1646 HIGHWAY 441 N,,OKEECHOBEE,FL,349721916,8634674500,CHIEF EXECUTIVE OFFICER,333600000X|3336L0003X,tier_1_primary_pharmacy,Y,Y,
1114969995,SHANDS TEACHING HOSPITAL AND CLINICS INC,1549 GALE LEMERAND DR # 1520,,GAINESVILLE,FL,326103008,3522658270,CEO,333600000X|3336C0003X,tier_1_primary_pharmacy,Y,Y,
1477596237,HELP MEDICAL EQUIPMENT INC,7250 W 24TH AVE,"SUITES 18,19,20",HIALEAH,FL,330166575,3058272700,OWNER,3336C0003X,tier_1_primary_pharmacy,Y,Y,
1750324539,EVENECER PHARMACY INC,441 NW 12TH AVE,,MIAMI,FL,331281020,3053249395,PHCY CONSULTANT,333600000X|3336C0003X,tier_1_primary_pharmacy,Y,Y,
1629011648,PUBLIX SUPER MARKETS INC,1297 S STATE ROAD,,NORTH LAUDERDALE,FL,33068,9549733605,VP PHARMACY,333600000X|3336C0003X,tier_1_primary_pharmacy,Y,N,PUBLIX
1831132117,EXPRESS CARE PHARMACY,117 S STATE RD 7,,ROYAL PALM BEACH,FL,33411,5617911115,PRESIDENT,333600000X|3336C0003X|3336L0003X,tier_1_primary_pharmacy,Y,Y,
1740223023,FIRST CHOICE PHCY SVCS LLC,110 CUMBERLAND DR #305,,ST AUGUSTINE,FL,32095,9044940273,PRESIDENT,333600000X|3336C0003X|3336L0003X,tier_1_primary_pharmacy,Y,Y,
1659314938,SHANDS TEACHING HOSPITAL AND CLINICS INC,J HILLIS MILLER HEALTH CTR RM 1147,,GAINESVILLE,FL,326100316,3523950405,CEO,3336C0003X|333600000X,tier_1_primary_pharmacy,Y,Y,
1285677500,EL SHADAI PHCY DISCOUNT,7911 NW 72ND AVE,STE 118B,MEDLEY,FL,331662227,3058633361,OWNER,3336C0003X,tier_1_primary_pharmacy,Y,Y,
1629011721,PUBLIX SUPER MARKETS INC,3750 ROSCOMMON DR,,ORMOND BEACH,FL,321742849,3866156858,VP PHARMACY,333600000X|3336C0003X,tier_1_primary_pharmacy,Y,N,PUBLIX
1902849078,PUBLIX SUPER MARKETS INC,11255 CAUSEWAY BLVD,,BRANDON,FL,335112903,8136551685,VP PHARMACY,333600000X|3336C0003X,tier_1_primary_pharmacy,Y,N,PUBLIX
1811930985,PUBLIX SUPER MARKETS INC,16800 SW 88TH ST,,MIAMI,FL,331965935,3053825612,VP PHARMACY,333600000X|3336C0003X,tier_1_primary_pharmacy,Y,N,PUBLIX
1720021892,PUBLIX SUPER MARKETS INC,10755 NW 58TH ST,,DORAL,FL,331782801,3055971529,VP PHARMACY,333600000X|3336C0003X,tier_1_primary_pharmacy,Y,N,PUBLIX
1346283454,PARULMED CORPORATION,4539 GRAND BLVD,,NEW PORT RICHEY,FL,346525121,7278455550,PRESIDENT,3336C0003X,tier_1_primary_pharmacy,Y,Y,
1760426498,PUBLIX SUPER MARKETS INC,243 EAU GALLIE BLVD,,SATELLITE BEACH,FL,32937,3217739729,VP OF PHARMACY,333600000X|3336C0003X,tier_1_primary_pharmacy,Y,N,PUBLIX
1679517304,PUBLIX SUPER MARKETS INC,10201 HAMMOCKS BLVD,,MIAMI,FL,331964712,3053827421,VP PHARMACY,333600000X|3336C0003X,tier_1_primary_pharmacy,Y,N,PUBLIX
1588608210,PUBLIX SUPER MARKETS INC,9755 NW 41ST ST,,DORAL,FL,331782381,3055978291,VP PHARMACY,333600000X|3336C0003X,tier_1_primary_pharmacy,Y,N,PUBLIX
1245275056,NORTH BROWARD HOSPITAL DISTRICT,6401 N FEDERAL HIGHWAY,,FORT LAUDERDALE,FL,33308,9547768500,SVP/CFO,333600000X|3336C0003X,tier_1_primary_pharmacy,Y,Y,
1477598290,NORTH BROWARD HOSPITAL DISTRICT,201 E SAMPLE RD,,POMPANO BEACH,FL,330643502,9549418300,PRESIDENT / CEO,333600000X,tier_1_primary_pharmacy,Y,Y,
1134164965,NORTH BROWARD HOSPITAL DISTRICT,200 NW 7TH AVE,,FORT LAUDERDALE,FL,33311,9547596600,CFO,333600000X|3336C0003X,tier_1_primary_pharmacy,Y,Y,
1598700296,"UNITED HEALTHCARE PRODUCTS, LLC",615 S WARE BLVD,SUITE U,TAMPA,FL,336194444,8003052312,VICE-PRESIDENT,333600000X,tier_2_secondary_pharmacy,N,Y,
1821033572,PACIFICO NATIONAL II INC,2275 S BABCOCK ST,,MELBOURNE,FL,32901,8007702990,PRESIDENT,333600000X,tier_1_primary_pharmacy,Y,Y,
1336184704,"I & J MEDICAL SUPPLY, INC",10550 NW 77TH CT,STE 310,HIALEAH GARDENS,FL,330167084,3052318886,PRESIDENT,3336C0003X,tier_1_primary_pharmacy,Y,Y,
1376588806,HOBBS PHARMACY UNITED INCORPORATED,135 N BANANA RIVER DR,,MERRITT ISLAND,FL,329522546,3214525058,PRESIDENT,333600000X|3336L0003X,tier_1_primary_pharmacy,Y,Y,
1285679712,EASTSIDE PHARMACY,818 A PHILIP RANDOLPH BLVD,,JACKSONVILLE,FL,322065776,9043538500,MANAGER,333600000X|3336C0003X,tier_1_primary_pharmacy,Y,Y,
1235174400,WESTLAB PHARMACY INC,4410 W NEWBERRY RD,STE A5,GAINESVILLE,FL,326075200,3523738111,OWNER AND MGR,3336C0004X|333600000X|3336C0003X,tier_1_primary_pharmacy,Y,Y,
1710922992,RIYASH CHEMISTS INC,13716 LITTLE RD,,HUDSON,FL,346678024,7278635600,PRESIDENT,333600000X|3336C0003X,tier_1_primary_pharmacy,Y,Y,
1447295621,WELLINGTON DISCOUNT PHARMACY,9312 FOREST HILL BLVD,,WELLINGTON,FL,334116577,5617954400,PRES,333600000X|3336C0003X|3336C0002X|3336C0004X,tier_1_primary_pharmacy,Y,Y,
1265477442,RX FC INC,5336 26TH ST W,,BRADENTON,FL,342073011,9417562213,PRESIDENT,3336C0003X,tier_1_primary_pharmacy,Y,Y,
1073558250,BURKLOW PHARMACY INC,4880 WOODBINE RD,,PACE,FL,325718762,8509959999,"PRESIDENT, PIC",333600000X|3336C0004X|3336C0003X,tier_1_primary_pharmacy,Y,Y,
1982649166,RX CARE PHARMACY,6991 NW 82ND AVE,STE 12,MIAMI,FL,331662776,3054184541,CONTROLLER,333600000X|3336C0003X|3336S0011X,tier_1_primary_pharmacy,Y,Y,
1790720977,METCARE RX ORANGE CITY PHARM SVC,2742 ENTERPRISE RD,B,ORANGE CITY,FL,327638353,3867752255,SENIOR VP CORP REVENUE,3336C0002X|3336H0001X,tier_1_primary_pharmacy,Y,Y,
1750326955,PREMIUM MEDICAL EQUIPMENT SUPPLIES CORP,11400 W. FLAGER ST,SUITE #108,SWEETWATER,FL,33174,3058256183,PRESIDENT,3336C0003X,tier_1_primary_pharmacy,Y,Y,
1538104740,BRANCH ENTERPRISES,17490 SW 104TH AVE,STE B,MIAMI,FL,331574200,3059693353,PRESIDENT,3336C0003X|333600000X,tier_1_primary_pharmacy,Y,Y,
1346285558,N&Q INC,1609 SW 67TH AVE,,MIAMI,FL,331551827,3052624560,ADMINISTRATOR,3336C0003X,tier_1_primary_pharmacy,Y,Y,
1245275452,MEDIPHARM RX INC,4607 N CLARK AVE,,TAMPA,FL,336147038,8138760881,CHIEF PHARMACIST,3336C0003X|3336L0003X|3336M0002X|3336I0012X,tier_1_primary_pharmacy,Y,Y,
1720023047,RXPERT PHARMACY LLC,2177 KINGSLEY AVE,,ORANGE PARK,FL,320735199,9042721690,COO,333600000X|3336C0003X,tier_1_primary_pharmacy,Y,Y,
1326083692,YOMY PHARMACY DISCOUNT INC,8239 BIRD RD,,MIAMI,FL,331553334,3052079686,PRESIDENT,3336C0003X,tier_1_primary_pharmacy,Y,Y,
1437194529,"YGG, INC",3381 SHERIDAN ST,,HOLLYWOOD,FL,330213606,9549621433,PRESIDENT/CEO,3336I0012X,tier_2_secondary_pharmacy,N,Y,
1629014659,"PRESCRIPTIONS PLUS, INC.",950 PENINSULA CORPORATE CIR STE 1017,,BOCA RATON,FL,33487,8885075539,ATTORNEY,3336C0003X,tier_1_primary_pharmacy,Y,Y,
1730125873,PREMIER COMMUNITY HEALTH CARE GROUP INC,14031 5TH ST,,DODE CITY,FL,33525,3525182000,CFO,3336C0002X,tier_1_primary_pharmacy,Y,Y,
1144265380,EXTRA CARE PHARMACY INC,2001 E FLETCHER AVE,STE 101,TAMPA,FL,336123707,8135589300,PRESIDENT,333600000X|3336C0003X,tier_1_primary_pharmacy,Y,Y,
1053356113,HILLMOOR PLAZA PHARMACY INC,9312 FOREST HILL BLVD,,WELLINGTON,FL,334116577,5617536768,CEO,3336H0001X|3336C0003X,tier_1_primary_pharmacy,Y,Y,
1700822640,LURDS INC,7239 STATE ROAD 52,,BAYONET POINT,FL,34667,7276971090,DIRECTOR,333600000X|3336C0003X,tier_1_primary_pharmacy,Y,Y,
1255377735,AZALIA'S PHARMACY & DISCOUNT INC.,428 E 49TH ST,,HIALEAH,FL,330131868,3056859556,OWNER/ PHARMACY TECH,3336C0003X,tier_1_primary_pharmacy,Y,Y,
1033155643,"BANYAN COMMUNITY HEALTH CENTER, INC.",3850 W FLAGLER ST,,CORAL GABLES,FL,331341604,3054421732,CEO,333600000X|3336I0012X|3336L0003X|3336C0003X,tier_1_primary_pharmacy,Y,Y,
1386680908,VINTAGE PHARMACY LLC,104 S OLD DIXIE HWY,,LADY LAKE,FL,321594349,3527516895,OWNER AND PRESIDENT,3336C0004X|3336L0003X|3336H0001X|3336S0011X|333600000X|3336C0003X,tier_1_primary_pharmacy,Y,Y,
1285670828,MI KOSITA INC,2296 SW 8TH ST,,MIAMI,FL,331354914,3056443968,PRESIDENT,333600000X|3336C0003X,tier_1_primary_pharmacy,Y,Y,
1811933450,PHARMACY MEDICAL SERVICES INC,201 NW 70TH AVE,SUITE D-E,PLANTATION,FL,333172369,9546411448,OWNER AND PRESIDENT,3336C0002X|333600000X|3336C0003X,tier_1_primary_pharmacy,Y,Y,
1720024367,PALM SHIRAZ,6860 SW 81 ST,,MIAMI,FL,33143,3057405081,OFC MGR,333600000X|3336C0003X,tier_1_primary_pharmacy,Y,Y,
1275579815,"HEALTHNET PHARMACY SERVICES, INC.",15518 NW 77TH CT,,MIAMI LAKES,FL,330165804,3058233461,OWNER PHARMACIST,333600000X|3336C0003X|3336L0003X,tier_1_primary_pharmacy,Y,Y,
1891731352,"SUPPORT PLUS MEDICAL, INC",8241 BUSINESS PARK DR,,PORT SAINT LUCIE,FL,349527950,7728730081,PRESIDENT/BOARD CHAIR,3336C0003X,tier_2_secondary_pharmacy,N,Y,
1932145497,PROXYCARE INC,747 SHOTGUN ROAD,,SUNRISE,FL,333261934,9547915400,CEO,333600000X|3336L0003X|3336C0003X,tier_1_primary_pharmacy,Y,Y,
1750327219,RX ADVANTAGE INC,2256 W NINE MILE RD STE B,,PENSACOLA,FL,325349471,8504787923,COO,333600000X|3336L0003X,tier_1_primary_pharmacy,Y,Y,
1669418125,SCOTTS PHARMACY LLC,6505 HIGHWAY 29 N,,MOLINO,FL,325775276,8505872511,"OWNER, PIC",333600000X|3336C0003X,tier_1_primary_pharmacy,Y,Y,
1487690947,CENTRAL FLORIDA PHARMACY INC,2464 E MICHIGAN ST,,ORLANDO,FL,328065059,4078988382,PHARMACY MANAGER OWNER,333600000X|3336C0003X|3336H0001X,tier_1_primary_pharmacy,Y,Y,
1588600969,ENJOY SERVICES INC,632 E 4TH AVE,,MIAMI,FL,330104402,3058881666,PHARMACY CONSULTANT,333600000X|3336C0003X,tier_1_primary_pharmacy,Y,Y,
1548206055,POSEY PROFESSIONAL SERVICES,5314A FRANK HOUGH RD,,PANAMA CITY,FL,324042031,8507851900,OWNER PRESIDENT,3336L0003X,tier_1_primary_pharmacy,Y,Y,
1811933203,UNLIMITED CARE SERVICES INC,10920 W FLAGLER ST STE 207-208,,MIAMI,FL,331741278,3052294051,PRESIDENT,333600000X|3336C0003X,tier_1_primary_pharmacy,Y,Y,
1720024110,JOSE ANTONIO VILLAMIL-RODRIGUEZ,16000 NW 27TH AVE,,MIAMI GARDENS,FL,330546804,3056212005,CEO,3336L0003X|3336S0011X|3336C0003X,tier_1_primary_pharmacy,Y,Y,
1346276581,PUBLIC HEALTH TRUST OF DADE COUNTY FLORIDA,2500 NW 22ND AVE,,MIAMI,FL,331428429,7864663000,CONSULTANT PHARMACIST,333600000X|3336L0003X,tier_1_primary_pharmacy,Y,Y,
1760418933,FLORIDA DEPARTMENT OF CHILDREN AND FAMILIES,100 N MAIN ST BLDG 1235,,CHATTAHOOCHEE,FL,323241107,8506637675,DIRECTOR OF PHARMACY,333600000X|3336C0003X|3336I0012X|3336L0003X,tier_1_primary_pharmacy,Y,Y,
1851327712,IZZ AND SONS INC,590 W FLAGLER ST,,MIAMI,FL,331301326,3055450533,COO,3336C0003X,tier_1_primary_pharmacy,Y,Y,
1063448249,PROFESSIONAL TECHNICAL GROUP INC,15916 SW 137TH AVE,,MIAMI,FL,331771204,3052539528,PRESIDENT,3336C0003X,tier_1_primary_pharmacy,Y,Y,
1760418545,THE JEROME GOLDEN CENTER FOR BEHAVIORAL HEALTH INC,1041 45TH ST,,WEST PALM BEACH,FL,334072402,5613835706,PHARMACIST,3336I0012X|3336L0003X|333600000X|3336S0011X,tier_1_primary_pharmacy,Y,Y,
1679509459,MIAMI CHILDRENS HOSPITAL,6125 SW 31ST ST,,MIAMI,FL,331553003,3056697155,DIR PCHY SVS,333600000X|3336C0002X|3336S0011X|3336I0012X,tier_1_primary_pharmacy,Y,Y,
1578599296,SAVEON RX INC,3350 NW BOCA RATON BLVD,SUITE A 38,BOCA RATON,FL,334316657,5614176626,PRESIDENT,333600000X|3336C0003X|3336L0003X,tier_1_primary_pharmacy,Y,Y,
1740216308,DISNEY MEDICAL EQUIPMENT INC,4849 E 8TH AVE,,HIALEAH,FL,330132046,3056889911,PRESIDENT,3336C0003X,tier_1_primary_pharmacy,Y,Y,
1225064710,A B PHARMACY INC,1956 W FLAGLER ST,,MIAMI,FL,331351615,3056492180,MANAGER,3336C0003X,tier_1_primary_pharmacy,Y,Y,
1184651416,"DUBLIN PHARMACY & DISCOUNT, INC",491 HIALEAH DR,2,HIALEAH,FL,330105335,3058880292,PRESIDENT,3336C0003X,tier_1_primary_pharmacy,Y,Y,
1467489609,BAYCARE HOMECARE INC,8452 118TH AVE,,LARGO,FL,337735007,7273946585,DIRECTOR,3336H0001X,tier_1_primary_pharmacy,Y,Y,
1679500490,FLORIDA DEPARTMENT OF HEALTH,2200 RINGLING BLVD,,SARASOTA,FL,342376102,9418612932,ADMINISTRATOR,3336C0003X,tier_1_primary_pharmacy,Y,Y,
1386671105,FLORIDA DEPARTMENT OF HEALTH,6950 OUTREACH WAY,,NORTH PORT,FL,342873405,9418613828,ADMINISTRATOR,333600000X|3336C0002X|3336S0011X|3336C0003X,tier_1_primary_pharmacy,Y,Y,
1942237870,IZZ AND SONS INC,3454 NW 7TH AVE,,MIAMI,FL,331273306,3056330606,COO,333600000X|3336C0003X,tier_1_primary_pharmacy,Y,Y,
1770511768,"1,2,3 PHARMACY & DOLLAR, INC.",1987 W FLAGLER ST,,MIAMI,FL,331351614,3056448007,PRESIDENT,3336C0003X,tier_1_primary_pharmacy,Y,Y,
1134157894,GRAHAM SEGO CORPORATION,1317 GARDEN ST,,TITUSVILLE,FL,327963312,3212697346,OWNER,333600000X,tier_1_primary_pharmacy,Y,Y,
1003844036,Y&L DME AND SUPPLY,5540 SW 8TH ST,,CORAL GABLES,FL,331342220,3054479955,DIRECTOR,3336C0003X,tier_1_primary_pharmacy,Y,Y,
1912935925,PHARMACY ONE INC,2505 NW 54TH ST,,MIAMI,FL,331422947,3056378311,PIC,333600000X|3336C0003X,tier_1_primary_pharmacy,Y,Y,
1902834971,NORTH BROWARD HOSPITAL DISTRICT,6401 N FEDERAL HIGHWAY,,FORT LAUDERDALE,FL,33308,9547768500,PRESIDENT CEO,333600000X,tier_1_primary_pharmacy,Y,Y,
1578591525,NORTH BROWARD HOSPITAL DISTRICT,201 E SAMPLE RD,,POMPANO BEACH,FL,330643502,9547866802,REGIONAL PHCY MGR,333600000X|3336C0003X,tier_1_primary_pharmacy,Y,Y,
1093743049,NORTH BROWARD HOSPITAL DISTRICT,1600 S ANDREWS AVE,,FORT LAUDERDALE,FL,33316,9543554400,SVP/CFO,333600000X,tier_1_primary_pharmacy,Y,Y,
1902834955,NORTH BROWARD HOSPITAL DISTRICT,1600 S ANDREWS AVE,,FORT LAUDERDALE,FL,33316,9543554400,PRESIDENT CEO,333600000X,tier_1_primary_pharmacy,Y,Y,
1225066293,NORTH BROWARD HOSPITAL DISTRICT,3000 CORAL HILLS DR,,CORAL SPRINGS,FL,33065,9543443000,SVP/CFO,333600000X,tier_1_primary_pharmacy,Y,Y,
1699703660,NORTH BROWARD HOSPITAL DISTRICT,1101 W BROWARD BLVD,,FORT LAUDERDALE,FL,333121638,9544638119,INTERIM CFO,333600000X|3336C0003X,tier_1_primary_pharmacy,Y,Y,
1629006291,"LEAVITT PHARMACY, LLC",187 SABAL PALM DR,SUITE 102,LONGWOOD,FL,327792595,4074782799,TREASURER / SECRETARY,3336C0003X,tier_1_primary_pharmacy,Y,Y,
1619905205,"ACCESS RESPIRATORY SUPPLY, INC",3350 NW 22ND TER,SUITE 100B,POMPANO BEACH,FL,330691062,9545903770,PRESIDENT,3336C0003X,tier_2_secondary_pharmacy,N,Y,
1679502728,"RR PHARMACY, INC.",3750 W 16TH AVE,SUITE 100,HIALEAH,FL,330124654,3058268674,PRESIDENT,333600000X,tier_1_primary_pharmacy,Y,Y,
1003845868,NOVA 1 CORP,3692 GRAND AVE,STE B,MIAMI,FL,331334953,3056624477,PRESIDENT,3336C0003X,tier_1_primary_pharmacy,Y,Y,
1932138724,ORIETTA MEDICAL EQUIPMENT DBA PHARMCO PHARMACY DISCOUNT,2017 W 62ND ST,,HIALEAH,FL,330162678,3056986344,PRESIDENT,333600000X,tier_1_primary_pharmacy,Y,Y,
1336178243,"PDI PHARMACY SERVICES, INC.",6405 CONGRESS AVE.,SUITE 140,BOCA RATON,FL,334872861,5619970330,PRESIDENT,3336H0001X|3336S0011X|3336C0003X,tier_2_secondary_pharmacy,N,Y,
1922037670,PARADISE PHARMACY INC,13339 SW 42 ST,,MIAMI,FL,33175,3052074888,PRESIDENT,3336C0003X,tier_1_primary_pharmacy,Y,Y,
1881623700,FRANCKS LAB INC,202 SW 17TH ST,SUITE C,OCALA,FL,344745138,3526224148,CEO OWNER,3336S0011X|3336H0001X,tier_1_primary_pharmacy,Y,Y,
1689604621,MABELEX INC D/BA/ INTERNATIONAL GARDENS PHARMACY,12610 SW 8TH ST,,MIAMI,FL,331841424,3055536327,PRESIDENT,3336C0003X,tier_1_primary_pharmacy,Y,Y,
1023048071,JACKSON PHARMACY LLC,940 SW 87 AVE,,MIAMI,FL,33144,3054030210,PRESIDENT,3336C0003X,tier_1_primary_pharmacy,Y,Y,
1962432864,A.R.A. MEDICAL SERVICES,8538 SW 8TH ST,,MIAMI,FL,331444053,7863881718,PRESIDENT,3336C0003X,tier_1_primary_pharmacy,Y,Y,
1710918461,SUPERMED MEDICAL EQUIPMENT,6179 MIAMI LAKES DR E,,MIAMI LAKES,FL,330142408,3053642247,PRESIDENT,3336C0003X,tier_1_primary_pharmacy,Y,Y,
1013948942,PACER MEDICAL SUPPLIES CORP.,375 E 49TH ST,SUITE 1,HIALEAH,FL,330131870,3058243390,PRESIDENT/OWNER,3336C0003X,tier_1_primary_pharmacy,Y,Y,
1649202466,N J B MEDICAL SUPPLIES INC,33 E 44TH ST,,HIALEAH,FL,330131815,3058252505,PRESIDENT,3336C0003X,tier_1_primary_pharmacy,Y,Y,
1255363479,SST MEDICAL EQUIPMENT INC,3130 NW 7TH ST,,MIAMI,FL,33125,3056443446,PRESIDENT,3336C0003X,tier_2_secondary_pharmacy,N,Y,
1992737043,"GALEN OF FLORIDA, INC",6500 38TH AVE N,,ST PETERSBURG,FL,337101629,7273414828,CFO,3336H0001X,tier_1_primary_pharmacy,Y,Y,
1023041803,BI COUNTY MEDICAL SUPPLY INC,1662 NW 36TH ST,,MIAMI,FL,331425572,3056370666,OWNER PRESIDENT,333600000X|3336C0003X,tier_1_primary_pharmacy,Y,Y,
1992738421,P&P PHARMACY INC.,8381 SW 40TH ST,,MIAMI,FL,331553353,3055510760,PRESIDENT,333600000X,tier_1_primary_pharmacy,Y,Y,
1205869914,RAYMOND PHARMACY CORP,15740 SW 72ND ST,,MIAMI,FL,331935060,3057525377,REPRESENTATIVE,3336C0003X,tier_1_primary_pharmacy,Y,Y,
1316970957,"UNLIMITED RX, LLC",503 E 1ST ST,,SANFORD,FL,327711409,4073236413,OWNER,333600000X|3336C0003X,tier_1_primary_pharmacy,Y,Y,
1891728580,"METCARE RX ORMOND BEACH PHARMACEUTICAL SERVICES, LLC",1200 W GRANADA BLVD,SUITE 5,ORMOND BEACH,FL,321748156,3866732210,SENIOR VP CORPORATE REVENUE,3336C0003X,tier_1_primary_pharmacy,Y,Y,
1528091212,G & G PHARMACY INC,9724 SW 24 ST,,MIAMI,FL,33165,3052254452,PRESIDENT,333600000X,tier_1_primary_pharmacy,Y,Y,
1669405239,PHARMACY CORPORATION OF AMERICA,2200 TALL PINES DR,SUITE 118,LARGO,FL,337715341,7275249333,SECRETARY,333600000X|3336L0003X,tier_1_primary_pharmacy,Y,Y,
1295768869,PHARMACY CORPORATION OF AMERICA,3690 NW 53RD ST,SUITE 104,FT LAUDERDALE,FL,333092452,9549786997,SECRETARY,3336L0003X,tier_1_primary_pharmacy,Y,Y,
1013940683,PHARMACY CORPORATION OF AMERICA,1950 COMMONWEALTH LN,,TALLAHASSEE,FL,323033196,8505046262,SECRETARY,333600000X|3336C0003X|3336L0003X,tier_1_primary_pharmacy,Y,Y,
1033142468,CJ MEDICAL SUPPLIES INC,13350 NW 42 AVE,SUITE 7,OPA LOCKA,FL,33054,3056881335,PRESIDENT,3336C0003X,tier_2_secondary_pharmacy,N,Y,
1962435156,"CENTER CITY PHARMACY, INC",416 CLEMATIS ST,,WEST PALM BEACH,FL,33401,5618057135,OWNER/RPH,3336C0003X,tier_1_primary_pharmacy,Y,Y,
1679506620,FLORIDA HOSPITAL HOME INFUSION-WATERMAN,2250 HUFFSTETLER WAY,,TAVARES,FL,327785264,3527428940,MANAGING PARTNER,333600000X,tier_1_primary_pharmacy,Y,Y,
1447283726,"ANGELITO FARMACIA DISCOUNT, INC.",3890 E 4TH AVE,,HIALEAH,FL,330132704,3058204010,PRESIDENT,3336C0003X,tier_1_primary_pharmacy,Y,Y,
1285667584,"PDI PHARMACY SERVICES OF JUPITER, INC.",1001 JUPITER PARK DR.,SUITE #128,JUPITER,FL,334588971,5617458338,PRESIDENT,3336C0003X|3336H0001X|3336S0011X,tier_2_secondary_pharmacy,N,Y,
1205860277,BELL PHARMACY,4377 W 16TH AVE,,HIALEAH,FL,330127628,3058218388,PRESIDENT,3336C0003X,tier_2_secondary_pharmacy,N,Y,
1700810728,YUNE YANET CORP,8200 W 33RD AVE,BAY #12,HIALEAH,FL,330185801,3056982781,PRESIDENT,3336C0003X,tier_1_primary_pharmacy,Y,Y,
1346274297,LOS PALACIOS MEDICAL SUPPLIES AND PHARMACY,4213 E 4TH AVE,,HIALEAH,FL,330132305,3056880644,OWNER,333600000X|3336C0003X,tier_1_primary_pharmacy,Y,Y,
1770517310,DINA'S DISCOUNT INC.,9841 SW 40TH ST,,MIAMI,FL,331653993,3055527721,OWNER/TECH,3336C0003X,tier_1_primary_pharmacy,Y,Y,
1386678803,PUBLIX SUPER MARKETS INC,123 HONEYBELL WAY,,JUPITER,FL,334587837,5617485106,VP PHARMACY,333600000X|3336C0003X,tier_1_primary_pharmacy,Y,N,PUBLIX
1710912662,BRASHEARS VITAL CARE CORP,206 W DAMPIER ST,,INVERNESS,FL,344504212,3526372079,PRESIDENT,3336L0003X|3336H0001X|333600000X|3336C0004X|3336C0003X,tier_1_primary_pharmacy,Y,Y,
1699709766,NORTH BROWARD HOSPITAL DISTRICT,2011 NW 3RD AVE,PHARMACY,POMPANO BEACH,FL,330604800,9547865910,INTERIM CFO,333600000X|3336C0003X,tier_1_primary_pharmacy,Y,Y,
1295769362,"MCR HEALTH, INC.",919 53RD AVE E,,BRADENTON,FL,342034801,9417518132,PRESIDENT AND CEO,333600000X,tier_1_primary_pharmacy,Y,Y,
1922032259,ALLAPATAH DRUGS STORE,1222 NW 29TH ST,,MIAMI,FL,331426618,3056383630,PRESIDENT,3336C0003X,tier_1_primary_pharmacy,Y,Y,
1912931171,PALMETTO BAY PHARMACY CORP,17035 S DIXIE HWY,,PALMETTO BAY,FL,331574362,3059692492,PRESIDENT,3336C0003X,tier_1_primary_pharmacy,Y,Y,
1073547287,"LIDDY'S PHARMACY, LLC",4204 S FLORIDA AVE STE E,,LAKELAND,FL,338131669,8636479899,OWNER,3336C0003X,tier_1_primary_pharmacy,Y,Y,
1033134952,DIABETIC SUPPLY & SUPPORT INC.,10365 HOOD RD S,SUITE 103,JACKSONVILLE,FL,322573259,9044483336,PRESIDENT,3336C0003X,tier_1_primary_pharmacy,Y,Y,
1114942034,ANKA MEDICAL EQUIPMENT INC,2460 SW 8TH ST,,MIAMI,FL,331353016,3055411669,PRESIDENT,3336C0003X,tier_1_primary_pharmacy,Y,Y,
1023043684,PHARMACY ASSOCIATES LLC,6110 W ATLANTIC AVE,UNIT C,DELRAY BEACH,FL,334848405,5614997500,OWNER,3336C0003X,tier_1_primary_pharmacy,Y,Y,
1972528453,"CENTERWELL PHARMACY, INC.",1500 E HILLSBORO BLVD,,DEERFIELD BEACH,FL,334414355,9545705943,VP,3336C0002X|3336C0003X,tier_1_primary_pharmacy,Y,Y,
1699790170,HUMANA MEDICAL PLAN INC,2216 HOLLYWOOD BLVD,,HOLLYWOOD,FL,330206702,9549262914,MANAGER,3336C0002X,tier_1_primary_pharmacy,Y,Y,
1417972993,"CENTERWELL PHARMACY, INC.",4601 N CONGRESS AVE,,WEST PALM BEACH,FL,334073228,5618811539,VP,3336C0002X|3336C0003X,tier_1_primary_pharmacy,Y,Y,
1235154717,"CENTERWELL PHARMACY, INC.",7031 WASHINGTON AVE,,LANTANA,FL,334625201,5615856911,VP,3336C0002X|3336C0003X,tier_1_primary_pharmacy,Y,Y,
1235154725,"CENTERWELL PHARMACY, INC.",1651 S CONGRESS AVE,,WEST PALM BEACH,FL,334065903,5619661052,VP,333600000X|3336C0003X,tier_1_primary_pharmacy,Y,Y,
1144245630,"CENTERWELL PHARMACY, INC.",5350 ATLANTIC AVE STE 101,,DELRAY BEACH,FL,334848112,5614966032,VP,3336C0002X|3336C0003X,tier_1_primary_pharmacy,Y,Y,
1053336545,HUMANA MEDICAL PLAN INC,11000 SW 211TH STREET,,CUTLER RIDGE,FL,33189,3052541515,MANAGER,3336C0002X,tier_1_primary_pharmacy,Y,Y,
1962427450,"CENTERWELL PHARMACY, INC.",301 NW 84TH AVE,,PLANTATION,FL,333241807,9543212682,VP,3336C0002X|3336C0003X,tier_1_primary_pharmacy,Y,Y,
1871518365,HUMANA MEDICAL PLAN INC,11701 MILLS DR,,MIAMI,FL,331834836,3052702766,MANAGER,3336C0002X,tier_1_primary_pharmacy,Y,Y,
1780609271,"CENTERWELL PHARMACY, INC.",300 ARTHUR GODFREY RD,,MIAMI BEACH,FL,331403637,3055351512,VP,3336C0002X|3336C0003X,tier_1_primary_pharmacy,Y,Y,
1598780082,HUMANA MEDICAL PLAN INC,5643 NW 29TH ST,SUITE 120,MARGATE,FL,330631531,9549702503,MANAGER,3336C0002X,tier_1_primary_pharmacy,Y,Y,
1407871999,"CENTERWELL PHARMACY, INC.",9030 KIMBERLY BLVD,,BOCA RATON,FL,334342823,5614705897,VP,3336C0002X|3336C0003X,tier_1_primary_pharmacy,Y,Y,
1811912272,ULTRA MEDICAL SERVICES INC,17601 N. W. 78 AVE,102,PALM SPRINGS NORTH,FL,33015,3058202855,PRESIDENT,3336C0003X,tier_1_primary_pharmacy,Y,Y,
1326063256,MEDWELL EQUIPMENTS CORP.,2000 OPA LOCKA BLVD,,OPA LOCKA,FL,330544228,3056882838,PRESIDENT,3336C0003X,tier_1_primary_pharmacy,Y,Y,
1447275391,RPH SOLUTION INC,1246 RAY CHARLES BLVD,,TAMPA,FL,336023028,8136947020,PHARMACY MANAGER,333600000X|3336C0003X,tier_1_primary_pharmacy,Y,Y,
1851316731,"IDEL PHARMACY, INC",3314 W COLUMBUS DR,,TAMPA,FL,336071801,8138776679,PRESIDENT,3336C0003X,tier_1_primary_pharmacy,Y,Y,
1700801396,"TRENTON MEDICAL CENTER, INC",1830 N MAIN ST,,BELL,FL,326194713,3524630400,CEO,3336C0002X|3336C0003X,tier_1_primary_pharmacy,Y,Y,
1821013715,HOME CARE PHARMACY OF PALM COAST INC.,6 FLORIDA PARK DR N,SUITE A,PALM COAST,FL,321373890,3864451212,OWNER,3336C0003X,tier_1_primary_pharmacy,Y,Y,
1386669109,EURO MED MEDICAL EQUIPMENT INC,2268 CORAL WAY,,CORAL GABLES,FL,331453509,3052856962,OWNER,3336C0003X,tier_1_primary_pharmacy,Y,Y,
1184649493,"BABY PHARMACY, INC.",6900 WEST 32ND AVE,SUITE #8,HIALEAH,FL,33018,8772207909,PRESIDENT/OWNER,3336C0003X,tier_1_primary_pharmacy,Y,Y,
1699790204,MERCY PHARMACY AND MEDICAL EQUIPMENT,37 E 44TH ST,,HIALEAH,FL,330131815,3053629201,PRESIDENT,3336C0003X,tier_1_primary_pharmacy,Y,Y,
1689690794,ACCESS INFUSION PARTNERS,11220-31 METRO PARKWAY,,FORT MYERS,FL,33912,2392752050,MANAGING PARTNER,333600000X,tier_1_primary_pharmacy,Y,Y,
1063438075,SUNCOAST VITAL CARE INC,5330 SPRING HILL DR,STE E,SPRING HILL,FL,346064543,3526861866,PHARMACIST,3336C0004X|3336H0001X|3336C0003X,tier_1_primary_pharmacy,Y,Y,
1235155326,PUBLIX SUPER MARKETS INC,2515 S FLORIDA AVE,,LAKELAND,FL,338033858,8636864241,VP PHARMACY,333600000X|3336C0003X,tier_1_primary_pharmacy,Y,N,PUBLIX
1679599526,LAKE ONE COMMUNITY PHARMACY INC,4849 LAKE WORTH RD,,GREENACRES,FL,334633461,5614333330,PHCY MGR,333600000X|3336C0003X,tier_1_primary_pharmacy,Y,Y,
1396761854,TREASURE COAST SPECIALTY PHARMACY INC,1114 NE JENSEN BEACH BLVD,,JENSEN BEACH,FL,349574708,7724635316,OWNER AND RPH,3336C0004X|3336C0003X,tier_1_primary_pharmacy,Y,Y,
1053337485,ADVANCED PHARMACY INC,251 PARK BLVD,,MIAMI,FL,331268009,3052645570,OWNER,3336C0003X,tier_2_secondary_pharmacy,N,Y,
1396762720,MEDLINE PHARMACY CORP,7299 W FLAGLER ST,,MIAMI,FL,331442503,3052646323,PRESIDENT,3336C0003X,tier_1_primary_pharmacy,Y,Y,
1164449252,RUSH MEDICAL EQUIPMENT INC,11629 SW 216TH ST,,MIAMI,FL,331702908,3052784455,PRESIDENT,3336C0002X,tier_1_primary_pharmacy,Y,Y,
1386661254,HEALTH-SMART PHARMACY INC.,5809 HIGHWAY 189 N,,BAKER,FL,325312501,8505376266,PRESIDENT,3336C0003X,tier_1_primary_pharmacy,Y,Y,
1841217890,"BIOPHARM, INC.",701 SW 27TH AVE,SUITE 960,MIAMI,FL,331353031,3056311031,ADMINISTRATOR,3336C0003X,tier_1_primary_pharmacy,Y,Y,
1518984384,"CESAR PHARMACY, INC.",3947 NW 7TH ST,,MIAMI,FL,331265504,3055417888,PRESIDENT,3336C0003X,tier_1_primary_pharmacy,Y,Y,
1790702165,"D'MED PHARMACY, LLC",7003 N WATERWAY DR,204,MIAMI,FL,331552842,3052619043,PRESIDENT,333600000X,tier_1_primary_pharmacy,Y,Y,
1922025600,RXPERT 1 LLC,2177 KINGSLEY AVE,,ORANGE PARK,FL,320735199,9042721690,PHARMACY MANAGER,333600000X|3336C0003X,tier_1_primary_pharmacy,Y,Y,
1336166032,B & S DRUGS INC,2356 NW 7TH ST,,MIAMI,FL,331253249,3056434722,PRESIDENT,3336C0003X,tier_1_primary_pharmacy,Y,Y,
1548288087,NORTH BROWARD HOSPITAL DISTRICT,1600 S ANDREWS AVE,,FT LAUDERDALE,FL,333162510,9544688082,CORPORATE DIRECTOR OF PHARMACY SERV,333600000X|3336C0003X,tier_1_primary_pharmacy,Y,Y,
1255358990,EL JARDIN PHARMACY,8361 PINES BLVD,,PEMBROKE PINES,FL,330246607,9542486135,OWNER,3336C0003X,tier_1_primary_pharmacy,Y,Y,
1538187539,"MAYO FAMILY PHARMACY, INC.",294 W MAIN ST,SUITE 1,MAYO,FL,32066,3862943500,PHARMACY MANAGER OWNER,333600000X,tier_2_secondary_pharmacy,N,Y,
1467470336,AKDM RX LLC,1777 NE 163RD ST,,NORTH MIAMI BEACH,FL,331624732,3059470433,PHARMACY MANAGER,3336C0003X,tier_1_primary_pharmacy,Y,Y,
1477572899,MELI PHARMACY & SUPPLIES,1432 E 4TH AVE,,HIALEAH,FL,330103528,3058637211,OWNER,3336C0003X,tier_1_primary_pharmacy,Y,Y,
1053330043,COMMUNITY PHARMACY INC,897 N SUMMIT ST,,CRESCENT CITY,FL,321122109,3866982666,PHARMACIST OWNER,3336C0003X,tier_1_primary_pharmacy,Y,Y,
1457370520,PRESCRIPTION PLACE OF DEFUNIAK SPRINGS INC,1337 US HIGHWAY 90 W,,DEFUNIAK SPRINGS,FL,324331470,8508926898,PHARMACIST,3336C0004X|333600000X|3336C0003X,tier_1_primary_pharmacy,Y,Y,
1831119312,MED HEALTH EQUIPMENT LLC,7205 NW 68TH ST STE 9,,MIAMI,FL,331663016,3058828883,MANAGER,3336C0003X|3336L0003X,tier_1_primary_pharmacy,Y,Y,
1992725485,KABS OF TAMPA INC,2812 E BEARSS AVE,,TAMPA,FL,336132653,8139884000,PRESIDENT,3336C0003X,tier_1_primary_pharmacy,Y,Y,
1609896091,TIBERIUS,27732 CASHFORD CIR,,WESLEY CHAPEL,FL,335446964,8138716154,OWNER,3336C0003X,tier_1_primary_pharmacy,Y,Y,
1528088978,"OUR FAMILY PHARMACY, INC.",9730 SW 184 STREET,,MIAMI,FL,33157,3052356333,PRESIDENT OWNER,3336C0003X,tier_1_primary_pharmacy,Y,Y,
1477573780,K T PHARMACY INC,490 E SUMMERLIN ST,,BARTOW,FL,338304731,8635334102,LEAD PHARMACY TECH  ASST MANAGER,3336C0003X,tier_1_primary_pharmacy,Y,Y,
1962422170,DUARTE THE REAL DISCOUNT INC,1603 NW 27TH AVE,,MIAMI,FL,331252139,3056351030,PRESIDENT,333600000X,tier_1_primary_pharmacy,Y,Y,
1467472670,"GONCAN, INC",155 US HIGHWAY 27 S,,SOUTH BAY,FL,334932213,5619929220,PHARMACIST MANAGER,3336C0003X,tier_1_primary_pharmacy,Y,Y,
1881614212,SYNERGY PHARMACY & MEDICAL SUPPLIES,1543 NW 119 ST,,MIAMI,FL,33167,3056881164,VICE PRESIDENT,3336C0003X,tier_2_secondary_pharmacy,N,Y,
1467472704,BAXTER PHARMACY & DISCOUNT,13730 SW 84TH ST,,MIAMI,FL,331834000,3054087290,PRESIDENT,3336C0003X,tier_1_primary_pharmacy,Y,Y,
1487674271,"NORTH FLORIDA PHARMACY OF MAYO, INC",229 WEST MAIN STREET/ BOX 1510,,MAYO,FL,32066,3862943777,CO-OWNER/MANAGER,3336C0003X,tier_1_primary_pharmacy,Y,Y,
1053331850,"ICP HOLDINGS, LLC",13141 N DALE MABRY HWY STE E,,TAMPA,FL,336182443,8139618798,OWNER,3336C0004X,tier_1_primary_pharmacy,Y,Y,
1285655019,JACKSON PHARMACY,940 SW 82ND AVE,,MIAMI,FL,331444270,3054030210,PRESIDENT,333600000X,tier_1_primary_pharmacy,Y,Y,
1710908587,LDC PHARMACY INC,9676 NW 25TH ST,,DORAL,FL,331721403,3055134480,PRESIDENT,3336C0003X,tier_2_secondary_pharmacy,N,Y,
1447271531,QLA CORPORATION,4655 NW 7TH ST,,MIAMI,FL,331262308,3054453700,OWNER,3336C0003X,tier_1_primary_pharmacy,Y,Y,
1386665339,VENICE APOTHECARIES LLC,1243 US HIGHWAY 41 BYP S,,VENICE,FL,342855540,9414858205,OWNER,3336L0003X|3336C0003X,tier_1_primary_pharmacy,Y,Y,
1194746149,FOLKLORE PHARMACY DISCOUNT INC,12812 SW 8TH ST,,MIAMI,FL,331841309,3052210726,PRESIDENT,333600000X|3336C0003X,tier_1_primary_pharmacy,Y,Y,
1003837055,SUPER SAVER PHARMACY LLC,9089 BELCHER RD N,,PINELLAS PARK,FL,337824423,7275652299,MANAGER,3336L0003X|3336S0011X|3336C0003X,tier_1_primary_pharmacy,Y,Y,
1912928961,AHM MANAGEMENT,701 S PINELLAS AVE,,TARPON SPRINGS,FL,346893709,7279343400,OWNER,3336C0003X,tier_1_primary_pharmacy,Y,Y,
1821019878,SIGNATURE PHARMACY INC,2304 ALOMA AVE,,WINTER PARK,FL,327923330,4076732222,PRES,333600000X|3336M0002X|3336C0004X|3336C0003X,tier_1_primary_pharmacy,Y,Y,
1730100785,SIGNATURE PHARMACY INC,1200 KUHL AVE,,ORLANDO,FL,328061127,4074269944,OWNER MANAGER,333600000X|3336M0002X|3336C0004X|3336C0003X,tier_1_primary_pharmacy,Y,Y,
1871514828,MG UNIVERSAL PHARMACY INC,4065 E 8TH AVE,,HIALEAH,FL,330132856,3058360071,VP,333600000X|3336C0003X,tier_1_primary_pharmacy,Y,Y,
1780605733,MED CARE RX PHARMACY LLC,933 CLINT MOORE RD,,BOCA RATON,FL,334872802,8004070109,CEO,333600000X|3336C0003X,tier_1_primary_pharmacy,Y,Y,
1598786543,AMERIMEDZ II,4047 OKEECHOBEE BLVD STE 217,,WEST PALM BEACH,FL,334093237,5618339960,OFFICE MGR,3336M0002X|333600000X|3336S0011X|3336L0003X,tier_1_primary_pharmacy,Y,Y,
1407877459,NOBIS PHARMACY,65 NW 167TH ST,,N MIAMI BEACH,FL,331696017,3056529600,PRESIDENT,3336C0003X,tier_1_primary_pharmacy,Y,Y,
1316968365,P AND D PHARMACY DISCOUNT INC,2360 W 68TH ST STE 113-114,,HIALEAH,FL,330165514,3055566672,OWNER,333600000X|3336C0003X,tier_1_primary_pharmacy,Y,Y,
1417978479,DIABETIC CARE RX LLC,3890 PARK CENTRAL BLVD N,,POMPANO BEACH,FL,330642264,8663480441,DIRECTOR OF PHARMACY,333600000X|3336C0003X|3336C0004X|3336M0002X|3336H0001X,tier_1_primary_pharmacy,Y,Y,
1326069386,HARRINGTONS PROF ARTS PHCY INC,848 1ST AVE N,,NAPLES,FL,341026013,2392621302,GM,333600000X|3336C0003X,tier_1_primary_pharmacy,Y,Y,
1235150293,FLORIDA DEPARTMENTOF CHILDREN AND FAMILIES,800 E CYPRESS DR,,PEMBROKE PINES,FL,330254543,9543923027,HOSP ADMIN,333600000X|3336I0012X|3336L0003X|3336C0003X,tier_1_primary_pharmacy,Y,Y,
1144241100,NUTRA PHARM LLC,17036 COLLINS AVE,,SUNNY ISLES BEACH,FL,331603642,3059458977,OWNER,333600000X|3336C0003X,tier_1_primary_pharmacy,Y,Y,
1457372427,MSP&MS INC,6518 MASSACHUSETTS AVE,,NEW PORT RICHEY,FL,346532730,7278486001,OWNER AND MGR,333600000X|3336C0003X,tier_1_primary_pharmacy,Y,Y,
1184645152,PBR INVST CORP,8409 N MILITARY TRL,STE 125,WEST PALM BEACH,FL,334106316,5617756430,PRESIDENT,3336S0011X|333600000X|3336C0003X,tier_1_primary_pharmacy,Y,Y,
1871514141,GENERAL PHARMACIES INC.,1409 57TH AVE W,,BRADENTON,FL,342073647,9417552951,MANAGER / PHARMACIST,3336C0003X,tier_2_secondary_pharmacy,N,Y,
1225059207,"CENTERWELL PHARMACY, INC.",4800 LINTON BLVD,STE E311,DELRAY BEACH,FL,334456584,5614991096,VP,3336C0002X|3336C0003X,tier_1_primary_pharmacy,Y,Y,
1134140114,HUMANA MEDICAL PLAN INC,6971 W SUNRISE BLVD,,PLANTATION,FL,333134407,9543217888,MANAGER,3336M0003X,tier_1_primary_pharmacy,Y,Y,
1053332056,JOSTHER MEDICAL SUPPLIES CORP,1189 W 37TH ST,,HIALEAH,FL,330124941,3053640830,PRESIDENT,3336C0003X,tier_1_primary_pharmacy,Y,Y,
1649291725,WESTWOOD PHARMACY INC,9101 LAKERIDGE BLVD,STE 10,BOCA RATON,FL,334962181,5614879260,PRESIDENT,3336C0003X,tier_1_primary_pharmacy,Y,Y,
1346261237,LAKE CITY PHARMACY INC,376 SW ALACHUA AVE,,LAKE CITY,FL,320255201,3867583460,OWNER/MANAGER,3336L0003X,tier_1_primary_pharmacy,Y,Y,
1356363121,"MCR HEALTH, INC.",5600 BAYSHORE RD,,PALMETTO,FL,342219352,9417212028,PRESIDENT AND CEO,333600000X,tier_1_primary_pharmacy,Y,Y,
1710909312,"MCR HEALTH, INC.",1312 MANATEE AVE E,,BRADENTON,FL,342081358,9417088520,PRESIDENT AND CEO,333600000X,tier_1_primary_pharmacy,Y,Y,
1588686075,AMERIMEDZ II,4047 OKEECHOBEE BLVD STE 217,,WEST PALM BEACH,FL,334093237,5618339960,OFFICE MGR,333600000X|3336S0011X|3336C0004X|3336L0003X|3336M0002X|3336C0003X,tier_1_primary_pharmacy,Y,Y,
1306868807,STATE OF FLORIDA DEPARTMENT OF HEALTH,2421 SW 6TH AVE,,FT LAUDERDALE,FL,333152613,9544674875,DIRECTOR OF PHARMACY,3336S0011X|333600000X,tier_1_primary_pharmacy,Y,Y,
1639191695,PHARMACOR INC,4195 SW 137TH AVE,5,MIAMI,FL,331756479,3055511025,PRESIDENT,3336C0003X,tier_1_primary_pharmacy,Y,Y,
1467474411,"DON HOUSTON, INC.",297 N MARION AVE,,LAKE CITY,FL,320552866,3867521793,PRESIDENT,3336C0003X,tier_2_secondary_pharmacy,N,Y,
1740203645,A & E PHARMACY DISCOUNT INC,2005 SW 1ST ST,,MIAMI,FL,331351602,3056318391,PRESIDENT,3336C0003X,tier_1_primary_pharmacy,Y,Y,
1811910888,RANG INC,810 S FORT HARRISON AVE,,CLEARWATER,FL,337563902,7274464047,OPERATIONS MANAGER,333600000X|3336C0003X,tier_1_primary_pharmacy,Y,Y,
1427070499,"RENAL PHARMACY SERVICES, LLC",1000 PARK CENTRE BLVD STE 134,,MIAMI,FL,331695373,3056515762,CEO,3336C0003X,tier_1_primary_pharmacy,Y,Y,
1407879372,PAXON PRESCRIPTION CENTER INC,757 EDGEWOOD AVE N,,JACKSONVILLE,FL,322543013,9043880514,VICE PRESIDENT,3336C0003X,tier_1_primary_pharmacy,Y,Y,
1417970898,SYLVESTRE PHARMACY CORP,1268 PALM AVE,,HIALEAH,FL,330103921,3058858888,OWNER,3336L0003X|3336C0003X,tier_1_primary_pharmacy,Y,Y,
1548283815,MORON DRUG AND DISCOUNT CORP,6267 SW 8TH ST,,WEST MIAMI,FL,331444845,3052623334,PRESIDENT,3336C0003X,tier_1_primary_pharmacy,Y,Y,
1639192883,OSAYIN PHARMACY DISCOUNT INC,8210 W FLAGLER ST,STE A,MIAMI,FL,331442028,7866216010,PHRM,3336C0003X,tier_1_primary_pharmacy,Y,Y,
1043233307,LIBERTY PHARMACY,7806 NE 2ND AVE,,MIAMI,FL,331384805,3057627240,PRESIDENT,3336C0003X,tier_1_primary_pharmacy,Y,Y,
1225052095,"MCR HEALTH, INC.",1515 26TH AVE E,,BRADENTON,FL,342087707,9417087690,PRESIDENT AND CEO,333600000X,tier_1_primary_pharmacy,Y,Y,
1326062928,ANDY'S PHARMACY,7701 W 26 AVE,BAY 5,HIALEAH,FL,33016,3058196786,PRESIDENT,3336C0003X,tier_1_primary_pharmacy,Y,Y,
1578587234,PMSI INC,4502 E WOODLAND CORP. BLVD.,STE 105,TAMPA,FL,33614,8133186758,PRESIDENT OF PHARMACY,333600000X|3336M0002X|3336C0003X,tier_1_primary_pharmacy,Y,Y,
1811911498,CR MEDICAL EQUIP,9841 SW 40TH ST,,MIAMI,FL,331653993,3052073053,DIRECTOR,3336C0003X,tier_1_primary_pharmacy,Y,Y,
1811901812,HANDS TO HANDS MEDICAL EQUIPMENT INC.,7452 SW 48TH ST,FIRST FLOOR,MIAMI,FL,331554469,3056612633,PRESIDENT,3336C0003X,tier_1_primary_pharmacy,Y,Y,
1023022860,"SUPERIOR MEDICAL SUPPLY, INC",7264 SW 8TH ST,,MIAMI,FL,331444654,3052625643,PRESIDENT,3336C0003X,tier_1_primary_pharmacy,Y,Y,
1508870395,FLA A AND M UNIVERSITY STUDENT HLTH PHCY,RM 113 STUDENT HEALTH SERVICES,FOOTE HILVER ADM BUILDING,TALLAHASSEE,FL,32307,8504127881,PHARMACY MANAGER,3336C0003X,tier_1_primary_pharmacy,Y,Y,
1376557660,COUNTRY WALK PHARMACY & DISCOUNT INC,1845 NW 17TH AVE,,MIAMI,FL,331252330,3053250301,PRESIDENT,3336C0003X,tier_1_primary_pharmacy,Y,Y,
1912912551,SJT CORP,370-B S STATE ROAD 7,,HOLLYWOOD,FL,33023,9549816661,"OWNER,PRESIDENT,AO",333600000X|3336C0003X,tier_1_primary_pharmacy,Y,Y,
1821003468,C&P ROMANOS PHARMACY INC,9835 W SAMPLE RD,,CORAL SPRINGS,FL,330654005,9547520050,R.PH.,3336C0003X,tier_1_primary_pharmacy,Y,Y,
1730194374,DEPARTMENT OF HEALTH CENTRAL PHARMACY,104-2 HAMILTON PARK DR.,,TALLAHASSEE,FL,32304,8509229036,CHIEF,3336C0003X|3336M0002X,tier_1_primary_pharmacy,Y,Y,
1649285289,ACCARDI CLINICAL SERVICES INC,2583 S VOLUSIA AVE,STE 100,ORANGE CITY,FL,327639129,3867745800,OWNER,3336L0003X|3336C0004X|3336C0003X,tier_1_primary_pharmacy,Y,Y,
1538174180,JMS INTEGRATED SERVICES INC,1335 LYONS RD,,COCONUT CREEK,FL,330633927,9545825054,PRESIDENT,3336L0003X,tier_1_primary_pharmacy,Y,Y,
1447265095,HRS PINELLAS CNTY HEALTH UNIT,205 9TH ST N,,ST PETERSBURG,FL,337013109,7278246925,PHCY MNGR,3336C0002X,tier_1_primary_pharmacy,Y,Y,
1356356901,A CHEM RX LLC,12116 CORTEZ BLVD,,BROOKSVILLE,FL,346135514,3525921320,OWNER/MANAGER,333600000X|3336C0003X,tier_1_primary_pharmacy,Y,Y,
1265447817,ADVENTIST HEALTH SYSTEM SUNBELT HEALTHCARE CORPORATION,5050 WESLEY RD STE 110,,APOPKA,FL,327125908,8669434535,DIRECTOR/PHARMACIST,3336S0011X|3336C0002X,tier_1_primary_pharmacy,Y,Y,
1093720807,PROFESSIONAL MEDICAL EQUIPMENT & SUPPLY INC,26059 S DIXIE HWY,,HOMESTEAD,FL,330326613,3052584020,PRESIDENT,333600000X,tier_1_primary_pharmacy,Y,Y,
1891700472,SILVER STAR PHARMACY LLC,12304 SW 127TH AVE,,MIAMI,FL,331866579,3052598767,PRESIDENT,333600000X|3336C0003X,tier_1_primary_pharmacy,Y,Y,
1629083225,BROWARD INSTITUTE OF ORTHOPAEDIC,4440 SHERIDAN ST,,HOLLYWOOD,FL,330213535,9549623508,ADMINISTRATOR,333600000X,tier_1_primary_pharmacy,Y,Y,
1538174131,DIPARDI PHARMACY GROUP INC,231 SUNNY ISLES BLVD,,SUNNY ISLES BEACH,FL,331604208,3059476810,PRESIDENT,333600000X|3336C0003X,tier_1_primary_pharmacy,Y,Y,
1447265046,BLUESTAR PHARMACY LLC,7432 SW 48TH ST STE B,,MIAMI,FL,331554496,6056679887,PRESIDENT,333600000X|3336C0003X|3336M0002X,tier_1_primary_pharmacy,Y,Y,
1700891314,ALMENDARES PHARMACY,1840 W 49TH ST STE 106,,HIALEAH,FL,330122948,3058210709,PHARMACY MANGER,333600000X|3336C0003X,tier_1_primary_pharmacy,Y,Y,
1720093339,APOTHECARY SHOP,437 S 11TH ST,,LAKE WALES,FL,338534250,8636761174,PHARMACIST OWNER,333600000X|3336C0003X,tier_1_primary_pharmacy,Y,Y,
1639184245,GENES PRESCRIPTION SHOP LTC,3890 TAMIAMI TRL # D,,PORT CHARLOTTE,FL,339528401,9416294666,PRESIDENT,333600000X|3336L0003X,tier_1_primary_pharmacy,Y,Y,
1548275159,FT MEADE COMMUNITY PHARMACY INC,107 W BROADWAY ST STE B,,FORT MEADE,FL,338413300,8632859285,OWNER,333600000X|3336C0003X,tier_1_primary_pharmacy,Y,Y,
1457366064,ENDLESS MEDICAL SERVICES CORP,6350 SW 8TH ST,,WEST MIAMI,FL,331444812,3052609393,OWNER/PRESIDENT,333600000X|3336C0003X,tier_1_primary_pharmacy,Y,Y,
1366457970,ISABELLA PHARMACY,3180 NW 7TH ST,,MIAMI,FL,331254202,3056460006,SUPERVISOR,333600000X|3336C0003X,tier_1_primary_pharmacy,Y,Y,
1275548885,MEDICAL ARTS PRESCRIPTION SHOP,2021 S ORANGE AVE,,ORLANDO,FL,328063035,4074228104,PHARMACIST,333600000X|3336C0003X,tier_1_primary_pharmacy,Y,Y,
1184639791,SCHAEFER DRUGS OF WELLINGTON INC,12797 FOREST HILL BLVD,,WEST PALM BEACH,FL,334144763,5617930151,OWNER,3336C0004X|333600000X|3336C0003X,tier_1_primary_pharmacy,Y,Y,
1992710503,"JOHNS HOPKINS ALL CHILDREN'S OUTPATIENT CARE, TAMPA",12220 BRUCE B DOWNS BLVD,,TAMPA,FL,336129201,8136315006,PRESIDENT,333600000X|3336C0004X|3336C0003X,tier_1_primary_pharmacy,Y,Y,
1801801410,COUNTRY WALK PHARMACY,1845 NW 17TH AVE,,MIAMI,FL,331252330,3053250301,ADMIN,333600000X|3336C0003X,tier_1_primary_pharmacy,Y,Y,
1457366072,O2M NEBMED INC,2525 N DIXIE HWY,,LAKE WORTH,FL,334606250,5615882252,PRESIDENT,333600000X|3336L0003X|3336C0003X,tier_1_primary_pharmacy,Y,Y,
1366457988,MARCO DISCOUNT DRUGS INC,6627 S DIXIE HWY,,MIAMI,FL,331437919,3056654411,PRESIDENT,3336C0003X,tier_1_primary_pharmacy,Y,Y,
1275548893,BARRIER ISLAND HOLDING CO,1456 PERIWINKLE WAY # A,STE A,SANIBEL,FL,339574512,2394728866,OWNER,333600000X|3336C0003X,tier_1_primary_pharmacy,Y,Y,
1184639700,ALL STAR PHARMACIES INC,4969 US HIGHWAY 98 N,,LAKELAND,FL,338093657,8638584444,PRESIDENT,3336L0003X|3336C0003X,tier_1_primary_pharmacy,Y,Y,
1093720625,METOMA CORPORATION,890 SW 87TH AVE,,MIAMI,FL,331743245,3055517778,PRESIDENT,333600000X|3336C0003X,tier_1_primary_pharmacy,Y,Y,
1194730739,RX SELL,701 NW 57TH AVE,STE 201,MIAMI,FL,331263275,7863888445,CEO,3336L0003X,tier_1_primary_pharmacy,Y,Y,
1003821646,JASCO CO INC,801 MEADOWS RD,STE 101,BOCA RATON,FL,334862346,5614179500,PRESIDENT,333600000X|3336C0003X,tier_1_primary_pharmacy,Y,Y,
1831104298,"TERESITA PHARMACY & DISCOUNT, INC.",2839 NW 7TH ST,,MIAMI,FL,331254303,3056446611,PRESIDENT,3336C0003X,tier_1_primary_pharmacy,Y,Y,
1033124425,LEOMELI INVESTMENTS CORP,5211 NW 79TH AVE,,DORAL,FL,331664715,3054714813,PRESIDENT,3336C0003X,tier_1_primary_pharmacy,Y,Y,
1225044134,MAJORCA DRUG STORE,1823 PONCE DE LEON BLVD,,CORAL GABLES,FL,331344418,3054481757,PRESIDENT,3336C0003X,tier_1_primary_pharmacy,Y,Y,
1861408338,"PLAZA PHARMACY, INC",4399 NW 124TH AVE,,CORAL SPRINGS,FL,330657634,8777704422,OWNER,3336C0003X,tier_2_secondary_pharmacy,N,Y,
1023024635,INFUSION SYSTEMS PC,3890 TAMIAMI TRL,STE C,PORT CHARLOTTE,FL,339528401,9416297784,VP,333600000X|3336C0003X,tier_1_primary_pharmacy,Y,Y,
1194731927,COMMUNITY DISCOUNT PHARMACY,1408 SW 6TH ST,,MIAMI,FL,331353809,3058606330,GM,3336C0003X,tier_1_primary_pharmacy,Y,Y,
1386650018,NEBMED PHARMACY,2850 SCHERER DR N,500,SAINT PETERSBURG,FL,337161022,7275929131,PRESIDENT,333600000X,tier_1_primary_pharmacy,Y,Y,
1588671366,HAMMOCKS PHARMACY INC,11801 SW 144TH CT STE 5,,MIAMI,FL,331868650,3053861011,PRESIDENT,3336C0003X,tier_1_primary_pharmacy,Y,Y,
1992712038,KEN DRUGS INC,4730 N HABANA AVE,SUITE 101,TAMPA,FL,336147163,8133480095,CEO,3336C0003X,tier_1_primary_pharmacy,Y,Y,
1740297472,HOMETOWN UMATILLA LLC,901 N CENTRAL AVE,,UMATILLA,FL,327848655,3526691166,OWNER,333600000X|3336C0003X,tier_1_primary_pharmacy,Y,Y,
1629085667,PREMIER PAIN CARE PL,5975 SUNSET DR STE 804,,SOUTH MIAMI,FL,331435174,3057402336,PRESIDENT,333600000X|3336C0003X,tier_1_primary_pharmacy,Y,Y,
1356358394,HALIFAX HOSPITAL MEDICAL CENTER,303 N CLYDE MORRIS BLVD,,DAYTONA BEACH,FL,321142709,3862544197,PHARMACY MANAGER,333600000X|3336S0011X|3336I0012X|3336C0003X,tier_1_primary_pharmacy,Y,Y,
1861409484,CADUCEUS PHARMACY LLC,660 N STATE ROAD 7,SUITE 2,PLANTATION,FL,333172117,9547978077,RPH,3336C0003X,tier_1_primary_pharmacy,Y,Y,
1407864630,LANDMARK DRUGS INC,2501 W CERVANTES ST,,PENSACOLA,FL,325057152,8504335404,PRESIDENT,333600000X|3336C0004X|3336S0011X|3336C0003X,tier_1_primary_pharmacy,Y,Y,
1861400640,PUBLIX SUPER MARKETS INC,5642 FISHHAWK CROSSING BLVD,,LITHIA,FL,335475900,8136622037,VP PHARMACY,333600000X|3336C0003X,tier_1_primary_pharmacy,Y,N,PUBLIX
1730197914,EIGHTY EIGHT PHARMACY AND DISCOUNT INC,7471 SW 8TH ST,,MIAMI,FL,331444547,3052648404,PRES,333600000X|3336C0003X,tier_1_primary_pharmacy,Y,Y,
1609885847,ACP MEDICAL SUPPLY CORP,4723 NW 79TH AVE,,DORAL,FL,331665403,3055009618,PRESIDENT,3336C0003X,tier_1_primary_pharmacy,Y,Y,
1770592099,"SBF INVESTMENTS, INC",151 N COUNTY RD,,PALM BEACH,FL,334803954,5618324443,RPH.,3336C0003X,tier_1_primary_pharmacy,Y,Y,
1265441588,"BJS PHARMACY, INC",321 E ATLANTIC AVE,,DELRAY BEACH,FL,334834534,5612766034,RPH.,3336C0003X,tier_1_primary_pharmacy,Y,Y,
1194734038,"NORTH FLORIDA PHARMACY, INC.",3718 W US HIGHWAY 90,,LAKE CITY,FL,320554897,3867559300,OWNER,3336C0003X,tier_1_primary_pharmacy,Y,Y,
1669481586,STEVERSON PHARMACY SERVICES INC,1242 MAIN ST,,CHIPLEY,FL,324282471,8506384875,OWNER PHARMACIST,333600000X|3336L0003X|3336C0003X,tier_1_primary_pharmacy,Y,Y,
1225048036,WOOLLEY'S PHARMACY,3761 TAMIAMI TRL E,,NAPLES,FL,341126215,2397759908,OWNER-PHARMACIST,3336C0003X,tier_1_primary_pharmacy,Y,Y,
1407866122,VIN-KASH INC,5474 WILLIAMS RD,STE 1A,TAMPA,FL,33610,8137409563,PRESIDENT,333600000X,tier_1_primary_pharmacy,Y,Y,
1376553883,SUNCOAST COMMUNITY HEALTH CENTER INC,14254 SR 574 BVLD,,DOVER,FL,33527,8133497749,PHARMACY DIRECTOR,3336C0003X|3336C0002X,tier_1_primary_pharmacy,Y,Y,
1790795581,"NORTH FLORIDA PHARMACY, INC.",347 SW MAIN BLVD,SUITE 102,LAKE CITY,FL,320255262,3867586770,CO-OWNER/VP/PHARMACIST,3336C0003X,tier_1_primary_pharmacy,Y,Y,
1801807516,J & E MEDICAL EQUIPMENT CORP,920 HIALEAH DR,,HIALEAH,FL,330105541,3058853995,PRESIDENT,3336C0003X,tier_1_primary_pharmacy,Y,Y,
1881605426,CIMO PHARMACY,2235 EAGLE PASS RD,,OVIEDO,FL,327659046,4079773622,OWNER,3336C0003X,tier_1_primary_pharmacy,Y,Y,
1316958069,NORTH FLORIDA PHARMACY OF BRANFORD INC,305 SW US HWY 27,,BRANFORD,FL,320082767,3869356905,OWNER AND PHARMACIST,333600000X|3336C0003X,tier_1_primary_pharmacy,Y,Y,
1508877143,PARK DRUGS INC,700 B SE OCEAN BLVD,,STUART,FL,34994,7722873201,PRESIDENT,333600000X|3336C0003X|3336L0003X,tier_1_primary_pharmacy,Y,Y,
1417968058,1492 PHARMA GROUP CORP,6420 SW 62ND AVE,,SOUTH MIAMI,FL,331433302,3056654411,PRESIDENT,3336C0003X|3336C0004X|333600000X,tier_1_primary_pharmacy,Y,Y,
1467463000,"US MED, LLC",8491 NW 17TH ST STE 102,,DORAL,FL,331261025,8007876331,SVP OPERATIONS,3336C0003X,tier_2_secondary_pharmacy,N,Y,
1326059817,"BURRYS PHARMACY, INC.",500 WEBSTER ST,,LEESBURG,FL,347485019,3527873787,PRESIDENT,333600000X|3336C0004X|3336C0003X,tier_1_primary_pharmacy,Y,Y,
1053322693,DIACARERX INC,11 S DIXIE HWY,,LAKE WORTH,FL,334603727,8009777698,PRESIDENT,3336M0002X|3336C0003X,tier_1_primary_pharmacy,Y,Y,
1972514511,SOUTH PARK PHARMACY INC,7035 SW 87TH AVE,,MIAMI,FL,331732505,3052713081,PRESIDENT,3336C0003X,tier_1_primary_pharmacy,Y,Y,
1225049869,DMD PHARMACY SERVICES LLC,1804 W HILLSBORO BLVD,,DEERFIELD BEACH,FL,334421402,9544269899,OWNER,3336C0003X,tier_1_primary_pharmacy,Y,Y,
1578574075,CHANDI INC,11 RYANT BLVD,,SEBRING,FL,338724075,8634025436,PHRMCY MGR,3336C0003X,tier_1_primary_pharmacy,Y,Y,
1104837608,WEEKS S PHARMACY LLC,132 STATE HIGHWAY 20 E,,FREEPORT,FL,324393917,8508352028,OWNER PHARMACIST,333600000X|3336C0003X,tier_1_primary_pharmacy,Y,Y,
1013928514,CARL D ACQUAVIVA,1555 PORT MALABAR BLVD NE,UNIT 101,PALM BAY,FL,329055407,3217257188,OWNER PHARMACIST,333600000X|3336C0003X,tier_1_primary_pharmacy,Y,Y,
1316958952,EXP PHARMACY SVC OF FL LLC,8275 BRYAN DAIRY RD,,LARGO,FL,337771324,8005897255,GM,3336M0003X|3336M0002X,tier_1_primary_pharmacy,Y,Y,
1417968900,VOLEL PROFESSIONAL PHARMACIST ASSOCIATION,65 3RD ST NW,STE 59,WINTER HAVEN,FL,338814670,8634019300,OWNER,333600000X|3336C0003X,tier_1_primary_pharmacy,Y,Y,
1245241884,PRIME THERAPEUTICS PHARMACY LLC,6870 SHADOWRIDGE DR,STE 111,ORLANDO,FL,328129002,8665542673,VP & GM SPECIALTY PHARMACY DIST,333600000X|3336S0011X,tier_1_primary_pharmacy,Y,Y,
1154332799,SVS DRUG CO DUFUNIAK SPRINGS FL INC,810 BALDWIN AVE,,DEFUNIAK SPRINGS,FL,324351707,8508927211,PRESIDENT,3336C0003X,tier_1_primary_pharmacy,Y,Y,
1063423606,COMMCARE PHARMACY MIA LLC,1801 CORAL WAY,STE 115,MIAMI,FL,331452790,3058545535,COO,3336C0003X|333600000X|3336S0011X,tier_1_primary_pharmacy,Y,Y,
1962413500,PAVILION INFUSION THERAPY INC,3563 PHILIPS HWY,STE 202,JACKSONVILLE,FL,322075663,9042025730,VP,333600000X|3336C0004X|3336H0001X,tier_1_primary_pharmacy,Y,Y,
1659382158,"NORTH FLORIDA PHARMACY OF CHIEFLAND, INC",1100 N YOUNG BLVD,,CHIEFLAND,FL,326261704,3524907700,CO-OWNER,333600000X|3336C0003X,tier_1_primary_pharmacy,Y,Y,
1073524401,"GLOBAL RX OF USA,INC",209 PARK BLVD,,MIAMI,FL,331268009,3052665101,PRESIDENT,3336C0003X,tier_1_primary_pharmacy,Y,Y,
1689686651,FAMILY DRUGS OF INDIANTOWN LLC,15690 SW WARFIELD BLVD,,INDIANTOWN,FL,349563509,7725972250,OWNER/PHARMACIST,3336C0003X,tier_1_primary_pharmacy,Y,Y,
1952312175,"HOME THERAPY, INC.",7800 NW 25TH ST,UNIT 13,DORAL,FL,331221625,3054771029,PRESIDENT,3336C0003X,tier_1_primary_pharmacy,Y,Y,
1790797611,BETTER HEALTH PHARMACY INC.,2007 S PARSONS AVE,,SEFFNER,FL,335845207,8136814225,PRESIDENT AND PHARMACY MANAGER,3336C0003X,tier_1_primary_pharmacy,Y,Y,
1972515757,CHELSEA DISCOUNT APOTHECARY INC,312 NEW WARRINGTON ROAD,SUITE 2A,PENSACOLA,FL,325065855,8504757091,OWNER,3336M0002X|3336C0003X,tier_1_primary_pharmacy,Y,Y,
1831101690,DVJ MEDICAL SERVICES,4736 SW 74 AVE,,MIAMI,FL,33155,3052620139,PRESIDENT,333600000X,tier_1_primary_pharmacy,Y,Y,
1972515617,YANQUISLANDIA CORP.,139 SW 57TH AVE,,MIAMI,FL,331443411,3052600693,PRESIDENT,3336C0003X,tier_1_primary_pharmacy,Y,Y,
1831102763,AGAPE PHARMACY,120 KING ST,,JACKSONVILLE,FL,322042410,9042531540,DIRTR OF PHCY,3336C0003X|3336C0002X,tier_1_primary_pharmacy,Y,Y,
1285647859,JRM PHARMACY INC,5512 SW 8TH ST,,CORAL GABLES,FL,331342220,3054485958,OWNER,3336C0003X,tier_1_primary_pharmacy,Y,Y,
1972516698,PR GROUP LLLC,5445 JAMES ST,,NEW PORT RICHEY,FL,346523927,7278488300,OWNER,3336C0003X,tier_1_primary_pharmacy,Y,Y,
1104839851,FLORIDA DEPARTMENT OF HEALTH,515 W 6TH ST,,JACKSONVILLE,FL,322064324,9042531530,PHARMACY MANAGER,333600000X|3336C0002X|3336S0011X,tier_1_primary_pharmacy,Y,Y,
1437162039,PROJECT HEALTH INC,1389 S US 301,,SUMTERVILLE,FL,335855143,3527935900,CEO,3336C0002X,tier_1_primary_pharmacy,Y,Y,
1770596058,SUNCOAST COMMUNITY HEALTH CENTERS INC,820 15TH ST SE,,RUSKIN,FL,335705132,8133497849,CFO,3336C0003X|3336C0002X,tier_1_primary_pharmacy,Y,Y,
1639182090,"GRETA MEDICAL SERVICES, INC.",1475 W OKEECHOBEE RD,SUITE 5,HIALEAH,FL,330102860,3058889699,PRESIDENT OWNER,3336C0003X,tier_1_primary_pharmacy,Y,Y,
1699888404,APOTHECARY INC,833 4TH AVE N,,NAPLES,FL,34102,2392622222,SECRETARY,333600000X,tier_1_primary_pharmacy,Y,Y,
1568575520,"WEBB'S FORT MYERS PRESCRIPTION SHOP, INC.",13195 METRO PKWY STE 3,,FORT MYERS,FL,339664810,2399390249,PRESIDENT/PIC,3336C0003X,tier_1_primary_pharmacy,Y,Y,
1477666956,ISLAND FAMILY PHARMACY INC,"600 PLANTATION ISLAND DR S, UNIT 3",,ST AUGUSTINE,FL,32080,9044611081,PRESIDENT/ PHARMACY MANAGER,3336C0003X,tier_1_primary_pharmacy,Y,Y,
1093829335,"LANDMARK DRUGS, INC.",2501 W CERVANTES ST,,PENSACOLA,FL,325057152,8504335404,OWNER,333600000X|3336C0003X|3336H0001X|3336L0003X|3336M0002X|3336S0011X,tier_2_secondary_pharmacy,N,Y,
1598878985,CENTRA RX INC,1326 S PINE AVE,,OCALA,FL,344716542,3526298080,PRESIDENT,333600000X|3336L0003X,tier_1_primary_pharmacy,Y,Y,
1841304730,ICON PHARMACY,300 E CHURCH ST,,ORLANDO,FL,328013544,4076498050,PHARMACIST,3336I0012X,tier_1_primary_pharmacy,Y,Y,
1750495644,REST ASSURED PHARMACY AND HM CARE,1350 22ND ST S,,ST PETERSBURG,FL,337122744,7278967848,OWNER,3336H0001X|333600000X|3336C0003X,tier_1_primary_pharmacy,Y,Y,
1669586558,J AND J PHARMACY INC,7250 W 24TH AVE,SUITE 10,HIALEAH,FL,330166575,3058280110,ADMIN MANAGER,3336C0003X,tier_1_primary_pharmacy,Y,Y,
1487768370,MIAMI INFUSION AND PHARMACY INC,7160 W 20TH AVE,STE M 129,HIALEAH,FL,330165530,3057244599,PRES,333600000X|3336C0003X,tier_1_primary_pharmacy,Y,Y,
1760596613,N & D MEDICAL EQUIPMENT OF FLORIDA INC,650 PALM AVE,UNIT 1,HIALEAH,FL,330104315,3058882889,PRESIDENT,3336C0003X,tier_1_primary_pharmacy,Y,Y,
1427162494,WEST KENDALL PHCY AND DISCOUNT,15649 SW 88TH ST,,MIAMI,FL,331961103,3053829003,OWNER,3336C0003X,tier_1_primary_pharmacy,Y,Y,
1124132196,PROMISE PHARMACY LLC,31818 US 19 N,,PALM HARBOR,FL,346843713,7277720500,OWNER,3336C0004X|3336C0003X,tier_1_primary_pharmacy,Y,Y,
1942314919,J AND A PHARMACY INC,4286 PALM AVE # A,,HIALEAH,FL,330124454,3052313998,VP,3336C0003X,tier_1_primary_pharmacy,Y,Y,
1851405823,FARMACIA LUIS NO 2 INC,6722 W FLAGLER ST,,MIAMI,FL,331442924,3052666040,PRESIDENT,333600000X|3336C0003X|3336I0012X|3336S0011X,tier_1_primary_pharmacy,Y,Y,
1760596738,A AND J RX LLC,8324 US HIGHWAY 301 N,,PARRISH,FL,342198653,9414797904,OWNER,333600000X|3336C0003X,tier_1_primary_pharmacy,Y,Y,
1679687644,QUESTCARE PHCY LLC,5600 NW 102ND AVE STE M-4,,SUNRISE,FL,333518709,9547479122,OWNER/VP,3336L0003X,tier_1_primary_pharmacy,Y,Y,
1144334889,GENE WINDOM INC,12302 ROPER BLVD,UNIT 106 & 107,CLERMONT,FL,347118515,3522436340,PRESIDENT,333600000X|3336C0003X,tier_1_primary_pharmacy,Y,Y,
1861507287,MERIT PHARMACY INC,2464 N STATE ROAD 7,,LAUDERDALE LAKES,FL,333133724,9547394666,PHARMACIST OWNER,333600000X,tier_1_primary_pharmacy,Y,Y,
1922113125,BRUNOS INC,3 W NINE MILE RD,,PENSACOLA,FL,325341279,8505057510,PHARMACY MANAGER,333600000X|3336C0003X,tier_1_primary_pharmacy,Y,Y,
1700991825,NAVARRO DISCOUNT PHARMACIES NO.12,10141 PINES BLVD,,PEMBROKE PINES,FL,330263978,3056367779,PHARMACY MANAGER,333600000X|3336C0003X,tier_1_primary_pharmacy,Y,Y,
1346355468,NAVARRO DISCOUNT PHARMACIES 16 LLC,9720 N KENDALL DR,,MIAMI,FL,331761943,3056367779,RX MANAGER,333600000X|3336C0003X,tier_1_primary_pharmacy,Y,Y,
1750496956,NATURE COAST PHARMACY INC,4662 COMMERCIAL WAY,,SPRING HILL,FL,346061944,3525975757,OWNER,333600000X|3336C0003X|3336L0003X,tier_1_primary_pharmacy,Y,Y,
1629183413,"BUDGET DISCOUNT SALES CORP, BUDGET DRUGS",13150 SW 134TH ST,,MIAMI,FL,331864378,3059695410,CONSULTANT PHARMACIST,3336C0004X|3336H0001X|3336L0003X|3336S0011X|3336C0003X,tier_1_primary_pharmacy,Y,Y,
1528173598,"THE DRUG SHOP, INC.",2040 N 12TH AVE,,PENSACOLA,FL,325035303,8504330031,PHARMACIST,3336C0003X,tier_1_primary_pharmacy,Y,Y,
1134234164,LINCOURT PHARMACY CORP,501 S LINCOLN AVE,STE 10,CLEARWATER,FL,337565945,7274474248,CFO,333600000X|3336C0003X,tier_1_primary_pharmacy,Y,Y,
1497860423,WALFER CORP,3524 TAMIAMI TRL # B,,PORT CHARLOTTE,FL,339528100,9416279855,OWNER/RPH,333600000X|3336C0003X,tier_1_primary_pharmacy,Y,Y,
1215042247,THE CHRISTIAN & MISSIONARY ALLIANCE FOUNDATION INC,SHELL POINT RETIREMENT COMMUNITY,15051 SHELL POINT BLVD,FT MYERS,FL,33908,2394542234,MEDICAL BILLING MANAGER,3336L0003X,tier_1_primary_pharmacy,Y,Y,
1124133152,JEN MAR PHARMACY SERVICES INC,7901 N ARMENIA AVE,STE D,TAMPA,FL,336043847,8139369598,OWNER,333600000X|3336C0003X,tier_1_primary_pharmacy,Y,Y,
1518072420,"CACHITA PHARMACY DISCOUNT,INC.",11400 W FLAGLER ST,SUITE 109-110,MIAMI,FL,331744007,3055528282,PRESIDENT,3336C0003X,tier_1_primary_pharmacy,Y,Y,
1790890481,BETA PHARMACY INC,2638 NW 21ST TER,,MIAMI,FL,331427113,3056379719,PRESIDENT,3336C0003X,tier_1_primary_pharmacy,Y,Y,
1912013343,PHARMLINK INC,7167 SW 8TH ST,,MIAMI,FL,33144,3052612822,OWNER,3336C0003X,tier_1_primary_pharmacy,Y,Y,
1700991361,MFN INVESTMENTS DBA: PALM BEACH PHARMACY,4469 S CONGRESS AVE,SUITE # 111,LAKE WORTH,FL,334614749,5614327979,VICE PRESIDENT,3336C0003X,tier_1_primary_pharmacy,Y,Y,
1285740654,PROFESSIONAL PHARMACYDISCOUNT CORP.,13218 SW 8TH ST,,MIAMI,FL,331841176,3055510041,P,3336C0003X,tier_1_primary_pharmacy,Y,Y,
1659487965,SOUTH COUNTY MENTAL HEALTH CENTER,16158 S MILITARY TRL,,DELRAY BEACH,FL,334846502,5616371040,CEO,3336C0003X|3336L0003X|333600000X,tier_1_primary_pharmacy,Y,Y,
1962518928,SAVERS DRUG MART INC.,200 OCEAN AVE,,MELBOURNE BEACH,FL,329512369,3217255492,MANAGER,333600000X|3336C0003X,tier_1_primary_pharmacy,Y,Y,
1568578367,PUBLIC HEALTH TRUST OF MIAMI DADE COUNTY FLORIDA,901 NW 17TH ST,,MIAMI,FL,331361135,3055855890,EVP CHIEF FINANCIAL OFFICER,333600000X|3336C0003X,tier_1_primary_pharmacy,Y,Y,
1073629713,HILLIARD PHARMACY INC,551770 US HIGHWAY 1,,HILLIARD,FL,320468820,9048453371,PRESIDENT,333600000X|3336C0003X,tier_1_primary_pharmacy,Y,Y,
1336256494,PRESSMAN INC,1700 NW 122ND TER,,PEMBROKE PINES,FL,330261967,9544327455,PRESIDENT,333600000X,tier_1_primary_pharmacy,Y,Y,
1407964091,MED-CARE INFUSION SERVICES INC,3085 W 80TH ST,,HIALEAH,FL,330183888,3058634277,"PRESIDENT, CEO",3336S0011X|3336C0004X|3336C0003X|3336H0001X,tier_1_primary_pharmacy,Y,Y,
1194833822,BUNNELL PHARMACY INC,706 E MOODY BLVD,,BUNNELL,FL,321100895,3864373325,OWNER,333600000X|3336C0003X,tier_1_primary_pharmacy,Y,Y,
1952419657,"SANTA FE MEDICAL SUPPLIES, INC",2350 W 60TH ST,SUITE 5,HIALEAH,FL,330164482,3053625771,PRESIDENT,3336C0003X,tier_1_primary_pharmacy,Y,Y,
1912015116,"THE COMPOUNDING CENTER, INC.",1802 59TH ST W,,BRADENTON,FL,342094630,9417954727,OWNER,3336C0004X,tier_1_primary_pharmacy,Y,Y,
1427166636,MERCY MEDICAL SUPPLY INC,37 E 44TH ST,,HIALEAH,FL,330131815,3053629201,PRESIDENT,3336C0003X,tier_1_primary_pharmacy,Y,Y,
1730298563,HERSEN INC,2666 SW 87TH AVE,,MIAMI,FL,331652031,3052291300,PRES,3336C0003X,tier_1_primary_pharmacy,Y,Y,
1407965262,"CRESTVIEW PHARMACY, LLC",1116 N FERDON BLVD,,CRESTVIEW,FL,325361710,8506831111,COO,3336C0003X,tier_1_primary_pharmacy,Y,Y,
1942319629,MEDIC PHARMACY INC,5150 N FEDERAL HWY,,FORT LAUDERDALE,FL,333083814,9544844200,PRESIDENT,333600000X|3336C0003X,tier_1_primary_pharmacy,Y,Y,
1760591960,BOCA PHARMACY SERVICES INC,22191 POWERLINE RD,SUITE 22C,BOCA RATON,FL,334335037,5613916336,PRESIDENT,3336C0003X,tier_1_primary_pharmacy,Y,Y,
1346359551,GROUP G CONSULTANTS INC,625 NE SPANISH RVR BLVD,STE 105,BOCA RATON,FL,33431,5613624701,PRESIDENT,3336C0003X|333600000X,tier_1_primary_pharmacy,Y,Y,
1548379647,TAMIAMI DISCOUNT PHARMACY INC,7959 NW 2ND ST,SUITE A,MIAMI,FL,331268000,3052655706,PRESIDENT,3336C0003X,tier_1_primary_pharmacy,Y,Y,
1013026913,"PHARMCO, LLC",400 ANSIN BLVD STE A,,HALLANDALE BEACH,FL,330093104,0591973993,VP OF HEALTHCARE OPERATIONS,3336L0003X|3336C0003X|333600000X,tier_1_primary_pharmacy,Y,Y,
1528178613,LITTLE DRUG CO INCORPORATED,412 CANAL STREET,,NEW SMYRNA BEACH,FL,32168,3864289041,PHARMACIST / PIC,333600000X,tier_1_primary_pharmacy,Y,Y,
1275645103,DMD PHARMACY SERVICES LLC,13460 SW 10TH ST,STE 101,PEMBROKE PINES,FL,330271833,9544500212,PRES,3336C0003X|3336L0003X|3336C0004X|333600000X,tier_1_primary_pharmacy,Y,Y,
1518079441,APB & J CORPORATION,1141 N DIXIE FWY,,NEW SMYRNA BEACH,FL,321686069,3864273459,OWNER/PIC,333600000X|3336C0003X,tier_1_primary_pharmacy,Y,Y,
1972615805,DRM ENTERPRISES,4625 N NEBRASKA AVE,,TAMPA,FL,336034013,8132365953,PRESIDENT,3336L0003X|333600000X|3336C0003X,tier_1_primary_pharmacy,Y,Y,
1699887521,OSBORNE PHARM INC,333 NW 70TH AVE,STE 102,PLANTATION,FL,333172385,9547912000,PRESIDENT,3336L0003X|333600000X|3336C0003X,tier_1_primary_pharmacy,Y,Y,
1780796615,WELLS SPECIALTY PHARMACY INC,3796 HOWELL BRANCH RD,,WINTER PARK,FL,327921740,4079153360,VP CLINICAL OPERATIONS AND SERVICES,3336C0003X|3336H0001X,tier_1_primary_pharmacy,Y,Y,
1235241175,CENTRAL DAYTONA PHARMACY,1232 8TH ST,,DAYTONA BEACH,FL,321174009,3862383777,DIRECTOR,333600000X|3336C0003X,tier_1_primary_pharmacy,Y,Y,
1053423996,RNA PRESCRIPTION SERVICES INC,4800 NW BOCA RATON BLVD,SUITE 3,BOCA RATON,FL,334314804,5614653530,OWNER,333600000X|3336C0004X|3336C0003X,tier_1_primary_pharmacy,Y,Y,
1366554297,DRM ENTERPRISES INC,437 S CENTRAL AVE,,LAKELAND,FL,338154332,8636832807,OPERATIONS MANAGER,333600000X|3336L0003X|3336C0003X,tier_1_primary_pharmacy,Y,Y,
1184736019,PEOPLE'S PHARMACY INC.,4977 US HWY 98 N,,LAKELAND,FL,33809,8638584444,OWNER,333600000X|3336C0003X|3336L0003X,tier_1_primary_pharmacy,Y,Y,
1891807723,UNIVERSITY PHARMACY INC,500 UNIVERSITY BLVD,STE 108,JUPITER,FL,334582773,5616224088,OWNER PHARMACIST,333600000X|3336C0003X,tier_1_primary_pharmacy,Y,Y,
1427169440,DMD PHARMACY SERVICES LLC,110 CENTURY VILLAGE BLVD,1ST FLOOR,WEST PALM BEACH,FL,33417,5616829400,PRESIDENT,3336C0003X,tier_1_primary_pharmacy,Y,Y,
1558473488,SOUTH BROWARD HOSPITAL DISTRICT,4105 PEMBROKE RD,,HOLLYWOOD,FL,330218103,9542658486,INTERIM CHIEF FINANCIAL OFFICER,3336C0002X|333600000X|3336C0003X,tier_1_primary_pharmacy,Y,Y,
1780795278,FARMACIA CALI,1924 W 60TH ST,,HIALEAH,FL,330127598,3055585055,MANAGER,3336C0003X,tier_1_primary_pharmacy,Y,Y,
1992817217,"MANAGED HEALTHCARE SYSTEMS, INC",6301 NW 5TH WAY,SUITE 5010,FT LAUDERDALE,FL,333096131,8008511000,PHARMACY MANAGER,3336M0002X|3336C0003X,tier_1_primary_pharmacy,Y,Y,
1417068651,DEE-CAR INC.,4100 S HOSPITAL DR,SUITE 101,PLANTATION,FL,333172813,9545834100,PRESIDENT,3336C0003X,tier_1_primary_pharmacy,Y,Y,
1730291667,HEALTH CARE CENTER FOR THE HOMELESS INC,232 N ORANGE BLOSSOM TRL,,ORLANDO,FL,328051612,4074285751,CEO,3336C0002X,tier_1_primary_pharmacy,Y,Y,
1801908736,BALLS REXALL DRUGS INC,500 S.R. 436,SUITE 2074,CASSELBERRY,FL,32707,3527261021,PRESIDENT/PHARMACIST,3336C0003X|3336L0003X|333600000X,tier_1_primary_pharmacy,Y,Y,
1427160357,"PROCARE PHARMACY CARE, LLC",2850 N COMMERCE PKWY,,MIRAMAR,FL,330253958,8006620586,CLINICAL PHARMACY MANAGER / PIC,333600000X|3336M0003X|3336S0011X|3336M0002X,tier_1_primary_pharmacy,Y,Y,
1053423988,MADAHIMA PHARMACY INC,8129 W 8TH AVE,,HIALEAH,FL,330143529,3055566060,MANAGER,3336L0003X|333600000X|3336C0003X,tier_1_primary_pharmacy,Y,Y,
1245342179,MARANDO INC,5507 N W ST,,PENSACOLA,FL,325052435,8504322092,PRESIDENT,333600000X|3336C0003X,tier_1_primary_pharmacy,Y,Y,
1962514802,SKYEMED PHARMACY INC,3664 NE 18TH TER,,POMPANO BEACH,FL,330646654,9544263330,VP,3336H0001X|3336S0011X|3336C0003X,tier_1_primary_pharmacy,Y,Y,
1134231079,THE AFFORDABLE APOTHECARY INC,401 N WICKHAM RD,STE E,MELBOURNE,FL,329358659,3212552660,PRESIDENT,333600000X|3336C0003X,tier_1_primary_pharmacy,Y,Y,
1669583092,IV STAT INC,533 EGLIN PKWY NE,,FORT WALTON BEACH,FL,325472829,8502268162,PHCY MGR,3336L0003X,tier_1_primary_pharmacy,Y,Y,
1336241405,"HARRIS TEETER, INC.",840 A1A NORTH,,PONTE VEDRA BEACH,FL,32082,9042804392,DIRECTOR OF PHARMACY,3336C0003X,tier_1_primary_pharmacy,Y,N,HARRIS TEETER
1801998612,"COTO'S PHARMACY, INC.",4982 W 12TH AVE,,HIALEAH,FL,330123115,3058211430,PRESIDENT,3336C0003X,tier_1_primary_pharmacy,Y,Y,
1811099278,PRESCRIPTION CARE PHARMACY,5820 STIRLING RD,,HOLLYWOOD,FL,330211527,9549853999,PHARMACY MANAGER,3336C0003X,tier_1_primary_pharmacy,Y,Y,
1710080924,"ALL CHILDREN'S HOSPITAL, INC.",12220 BRUCE B DOWNS BLVD,,TAMPA,FL,33612,8136315006,PRESIDENT,3336C0002X,tier_1_primary_pharmacy,Y,Y,
1346343555,"JOHNS HOPKINS ALL CHILDREN'S HOSPITAL, INC",501 6TH AVE S,,ST PETERSBURG,FL,337014634,7277678933,PRESIDENT,3336C0004X|333600000X|3336C0003X,tier_1_primary_pharmacy,Y,Y,
1427151588,WATSON CLINIC LLP,1600 LAKELAND HILLS BLVD,,LAKELAND,FL,338053019,8636807235,"PIC, BANK, AO",333600000X|3336C0004X|3336C0003X,tier_1_primary_pharmacy,Y,Y,
1407959562,NORTH BROWARD HOSPITAL DISTRICT EMPL BENEFITS DEPARTMENT,3000 CORAL HILLS DR,,CORAL SPRINGS,FL,330654108,9543443131,SVP/CFO,3336C0002X|3336I0012X|3336C0003X,tier_1_primary_pharmacy,Y,Y,
1841393907,"H. LEE MOFFITT CANCER CENTER AND RESEARCH INSTITUTE HOSPITAL, INC.",12902 USF MAGNOLIA DR,,TAMPA,FL,336129416,8137457354,PHARMACY  MGR,333600000X|3336C0003X|3336S0011X|3336C0002X,tier_1_primary_pharmacy,Y,Y,
1750484812,PAQMAR INC,2200 SW 16TH ST 102 06,,MIAMI,FL,331452021,3058582972,PRESIDENT,333600000X|3336C0003X,tier_1_primary_pharmacy,Y,Y,
1831292622,NIPRO DIABETES SYSTEMS,3361 ENTERPRISE WAY,,MIRAMAR,FL,330253932,9544355665,PHARMACY MANAGER,3336C0003X,tier_2_secondary_pharmacy,N,Y,
1033212006,RX EXPRESS PHARMACY CORP.,12261 SW 129TH CT,,MIAMI,FL,331866442,3052523209,PRESIDENT,333600000X,tier_1_primary_pharmacy,Y,Y,
1851494660,"THE TOWERS PHARMACY, INC",125 BAPTIST WAY,SUITE 1F,PENSACOLA,FL,32503,8504344540,PRESIDENT,3336C0003X,tier_1_primary_pharmacy,Y,Y,
1245333053,"THE TOWERS PHARMACY, INC",9400 UNIVERSITY PKWY,,PENSACOLA,FL,325145752,8502086100,PRESIDENT,3336C0003X,tier_1_primary_pharmacy,Y,Y,
1497858096,PRX INC,1 NE 167TH ST,,NORTH MIAMI BEACH,FL,331623402,3055733314,ADMINISTRATOR,3336S0011X|333600000X|3336C0003X,tier_1_primary_pharmacy,Y,Y,
1841393279,HARRISON'S PHARMACY LLC,3333 CURRY FORD RD,,ORLANDO,FL,328063472,4078942373,MGRM,333600000X|3336C0003X,tier_1_primary_pharmacy,Y,Y,
1770687162,CLEVELAND CLINIC FLORIDA (A NONPROFIT CORPORATION),2950 CLEVELAND CLINIC BLVD,OUTPATIENT PHARMACY,WESTON,FL,333313609,9546596337,CAO & CONTROLLER,3336C0002X,tier_1_primary_pharmacy,Y,Y,
1891899282,LIVE AND LET LIVE DRUG STORE,3520 N W 17 AVE,,MIAMI,FL,331425540,3056355203,PRESIDENT,333600000X,tier_1_primary_pharmacy,Y,Y,
1245334556,GOLDENCARE PHARMACEUTICAL & IV LLC,11908 MIRAMAR PARKWAY,,MIRAMAR,FL,33025,8665817099,VICE PRESIDENT,333600000X,tier_1_primary_pharmacy,Y,Y,
1538263660,JIMENEZ PHARMACY,9160 NW 122ND ST,UNIT #36,HIALEAH GARDENS,FL,330181730,3055584109,PRESIDENT,333600000X,tier_1_primary_pharmacy,Y,Y,
1578667689,ICON PHARMACEUTICALS INC,300 E CHURCH ST,,ORLANDO,FL,328013544,4076498050,ASSOC EXEC,3336C0003X|3336L0003X,tier_1_primary_pharmacy,Y,Y,
1962506147,G & H PHARMACY INC.,8091 66TH ST N,,PINELLAS PARK,FL,337812108,7272099999,OWNER,333600000X,tier_1_primary_pharmacy,Y,Y,
1295839249,DI MARE PHARMACY INC,5309 SW 8TH ST,,CORAL GABLES,FL,331342269,3054470505,PRESIDENT,3336C0003X,tier_1_primary_pharmacy,Y,Y,
1104920156,HEALTHWISE PHARMACY,2708 W WATERS AVE,,TAMPA,FL,336141837,8139326337,OWNER/PIC/AO,333600000X|3336C0003X,tier_1_primary_pharmacy,Y,Y,
1013011063,LAURELPHARM LLC,440 N COVE BLVD,,PANAMA CITY,FL,324013726,8507852104,DIVISION PRES,333600000X|3336L0003X,tier_1_primary_pharmacy,Y,Y,
1255435871,POMP PHARMACY LLC,60 NE 1ST ST,,POMPANO BEACH,FL,330606602,9549433111,OWNER,333600000X|3336C0003X,tier_1_primary_pharmacy,Y,Y,
1316041049,HAMID DINO MOHEBBI,7305 NW DORAL BLVD,,MIAMI,FL,33166,3054774345,PHARMACY MANAGER/DIRECTOR,3336C0003X,tier_1_primary_pharmacy,Y,N,HEB
1457455073,PUBLIX SUPER MARKETS INC,1005 NW 22ND AVE,,BOYNTON BEACH,FL,334268312,5617326802,VP PHARMACY,333600000X|3336C0003X,tier_1_primary_pharmacy,Y,N,PUBLIX
1124123617,"UNION PHARMACY & MEDICAL SUPPLIES, INC.",6462 W FLAGLER ST,,MIAMI,FL,331443009,3052624646,PRESIDENT,3336C0003X,tier_1_primary_pharmacy,Y,Y,
1780789941,"MOULTON'S PHARMACY, INC.",648 N FERDON BLVD,,CRESTVIEW,FL,325362165,8506826136,PRESIDENT,3336C0003X,tier_1_primary_pharmacy,Y,Y,
1194820613,"HOMESTEAD MEDICAL EQUIPMENT & SUPPLIES, INC",1457 N KROME AVE,,HOMESTEAD,FL,330304208,3052424129,PRESIDENT,3336C0003X,tier_1_primary_pharmacy,Y,Y,
1922103183,"LEWIS PHARMACY OF THE PALM BECAHES, INC",235 S COUNTY RD,,PALM BEACH,FL,334804294,5616557867,PRESIDENT,3336C0003X,tier_1_primary_pharmacy,Y,Y,
1124123492,BELLE GLADE DISCOUNT PHARMACY,1508 SW AVE E,,BELLE GLADE,FL,33430,5619920508,PRES,333600000X|3336C0003X,tier_1_primary_pharmacy,Y,Y,
1295830446,"OKEECHOBEE DISCOUNT, CORPORATION",1545 W OKEECHOBEE RD,,HIALEAH,FL,330102833,3058855577,PRESIDENT,3336C0003X,tier_1_primary_pharmacy,Y,Y,
1669577656,HEDGES PRESCRIPTION SHOP OF SARASOTA INC,24 N LIME AVE,,SARASOTA,FL,342376120,9413662424,OWNER,3336C0003X,tier_1_primary_pharmacy,Y,Y,
1154426070,"SANTA ROSA PHARMACY, INC.",19 TOWN CENTER LOOP,UNIT 1A,SANTA ROSA BEACH,FL,32459,8506223313,PRES.,3336C0003X,tier_1_primary_pharmacy,Y,Y,
1972608719,SUNTREE MEDICAL EQUIPMENT LLC,7640 N WICKHAM RD STE 116,,MELBOURNE,FL,329408147,3212593400,OWNER,333600000X|3336L0003X,tier_1_primary_pharmacy,Y,Y,
1245335041,PUBLIX SUPER MARKETS INC,15729 PINES BLVD,,PEMBROKE PINES,FL,330271206,9544312261,VP PHARMACY,333600000X|3336C0003X,tier_1_primary_pharmacy,Y,N,PUBLIX
1528164779,BITTINGS APOTHECARY INC,619 SE 17TH ST,,OCALA,FL,344714428,3527323666,GM,3336C0003X,tier_2_secondary_pharmacy,N,Y,
1134226764,"PRIMARY PHARMACY, INC.",12837 SW 42ND ST,,MIAMI,FL,331753433,3052074666,PRESIDENT,3336S0011X,tier_1_primary_pharmacy,Y,Y,
1457458994,ADAMS PHARMACY INC,922 OHIO AVE,,LYNN HAVEN,FL,324442354,8502652442,OWNER,3336C0004X|333600000X|3336C0003X,tier_1_primary_pharmacy,Y,Y,
1649377490,US COAST GUARD FINANCE CENTER,100 MACARTHUR CSWY,,MIAMI BEACH,FL,331395101,3055354535,CHIEF DHA PASS,333600000X,tier_2_secondary_pharmacy,N,Y,
1952408163,HIALEAH MEDICAL SUPPLIES CORP,8325 W 24TH AVE STE 7,,HIALEAH,FL,330161880,3053624118,PRESIDENT,3336C0003X,tier_1_primary_pharmacy,Y,Y,
1487751301,SENIOR CARE COMMUNITY PHARMACY INC.,6712 HANLEY ROAD,,TAMPA,FL,33634,8138844090,PRESIDENT,333600000X|3336C0003X,tier_1_primary_pharmacy,Y,Y,
1295832111,MD AND J ENTERPRISES INC,810 SW 27TH AVE,,MIAMI,FL,331354602,3056494644,PRESIDENT,333600000X|3336C0003X,tier_1_primary_pharmacy,Y,Y,
1740387596,ST PETERSBURG USCG PHCY,600 8TH AVE SE,,ST PETERSBURG,FL,337015030,7275021586,MGR PHRMCY OPERATIONS CNTR,333600000X,tier_1_primary_pharmacy,Y,Y,
1730286063,PINE HILLS DRUGS INC,5000 W COLONIAL DR STE 100,,ORLANDO,FL,328087602,4072911236,"OWNER, PIC, AO",3336L0003X|333600000X|3336C0004X|3336C0003X,tier_1_primary_pharmacy,Y,Y,
1912005513,"GOLDEN GATE PHARMACY, INC",11669 COLLIER BLVD,,NAPLES,FL,341166530,2394553124,MANAGER,3336C0003X,tier_1_primary_pharmacy,Y,Y,
1578661088,BAYSIDE DRUGS INC,12071 INDIAN ROCKS RD,,LARGO,FL,33774,7275959402,OWNER,3336C0003X,tier_1_primary_pharmacy,Y,Y,
1558468736,MORRISON'S RX INC,7535 W OAKLAND PARK BLVD,,TAMARAC,FL,333194909,9545785858,OWNER,3336C0003X|333600000X,tier_1_primary_pharmacy,Y,Y,
1669579918,BRADYS PHARMACY INC,6810 STIRLING RD,,HOLLYWOOD,FL,330241842,9549890085,OWNER,333600000X|3336S0011X|3336C0003X,tier_1_primary_pharmacy,Y,Y,
1386741643,PHARMACOS SERVICES INC,2341 NW 27TH AVE,,MIAMI,FL,331427231,3056378444,PRESIDENT/MANAGER,3336L0003X|3336C0003X,tier_1_primary_pharmacy,Y,Y,
1609973445,MULBERRY PHARMACY INC,1009 N CHURCH AVE,,MULBERRY,FL,338602039,8634251101,OWNER CEO,333600000X|3336C0004X|3336C0003X,tier_1_primary_pharmacy,Y,Y,
1427155266,HIGHLAND PHARMACY INC,1224 S HIGHLAND AVE,,CLEARWATER,FL,337564375,7274462331,CEO,333600000X|3336L0003X|3336C0003X,tier_1_primary_pharmacy,Y,Y,
1336246172,ORLY PHARMACY 2 INC,711 NW 23RD AVE,,MIAMI,FL,331253298,3056424641,VP,3336C0003X|333600000X,tier_1_primary_pharmacy,Y,Y,
1437257466,"JORVIANA MEDICAL SUPPLIES & PHARMACY, INC",435 SOUTH STATE ROAD 7,BAY 12,HOLLYWOOD,FL,33023,9549854211,PRESIDENT,333600000X,tier_1_primary_pharmacy,Y,Y,
1154429181,ROYAL RX PHARMACY INC,4941 E BUSCH BLVD,STE 240,TAMPA,FL,336176056,8139806334,PHARMACY MANAGER,333600000X|3336M0002X|3336C0003X,tier_1_primary_pharmacy,Y,Y,
1972601904,THE WATTS CO OF MARIANNA INC,4154 LAFAYETTE ST STE G,ST G,MARIANNA,FL,324465655,8504825781,PRESIDENT,333600000X|3336C0003X,tier_1_primary_pharmacy,Y,Y,
1235237132,PARK & KING PHARMACY INC,4163 OXFORD AVE,,JACKSONVILLE,FL,322104425,9043896602,OWNER,3336S0011X|3336C0004X|3336C0003X,tier_1_primary_pharmacy,Y,Y,
1699874248,SHANDS TEACHING HOSPITAL AND CLINICS INC,1600 SW ARCHER RD,,GAINESVILLE,FL,326103003,3522650111,CEO,333600000X,tier_2_secondary_pharmacy,N,Y,
1134227168,NORTH MEDICAL EQUIPMENT & PHARMACY,115 SE 1 AVE,,HALLANDALE,FL,33009,9544585253,PRESIDENT,333600000X,tier_1_primary_pharmacy,Y,Y,
1598864050,"FRESENIUS MEDICAL CARE PHARMACY SERVICES, INC.",11001 DANKA WAY NORTH,SUITE 2,ST. PETERSBURG,FL,337163724,8009473131,PRESIDENT,3336C0003X,tier_1_primary_pharmacy,Y,Y,
1760581375,CARTERS ORTEGA PHARMACY,2923 CORINTHIAN AVE,,JACKSONVILLE,FL,322104401,9043895558,OWNER,3336C0003X,tier_1_primary_pharmacy,Y,Y,
1144328048,SOUTH PACIFIC MEDICAL EQUIPMENT CORP,1800 SW 1ST ST,SUITE 101,MIAMI,FL,331351960,3056420180,PRESIDENT,3336C0003X,tier_2_secondary_pharmacy,N,Y,
1053410944,"SOUTHWEST DRUG'S, INC.",10692 SW 24TH ST,,MIAMI,FL,331657917,3052222977,PRESIDENT,3336C0003X,tier_1_primary_pharmacy,Y,Y,
1285733188,BJS PHARMACEUTICALS & MEDICAL SUPPLIES INC,11508 QUAIL ROOST DRIVE,,MIAMI,FL,33157,3052381138,PRESIDENT,3336C0003X,tier_1_primary_pharmacy,Y,Y,
1528167194,HABANA HOSPITAL PHARMACY INC.,4710 N HABANA AVE,#101,TAMPA,FL,336147161,8138727771,PRESIDENT/PHARMACIST,333600000X,tier_1_primary_pharmacy,Y,Y,
1477652428,INDIAN RIVER MEMORIAL HOSPITAL,1000 36TH ST,RETAIL PHARMACY,VERO BEACH,FL,329604862,7725674311,C.E.O. PRESIDENT,3336C0003X,tier_1_primary_pharmacy,Y,Y,
1518067560,HIALEAH PHARMACY INC.,791 W 29TH ST,,HIALEAH,FL,330125605,3058827074,OWNER/PRESIDENT,3336C0003X,tier_1_primary_pharmacy,Y,Y,
1174622237,EL PERIMETRO FARMACIA DISCOUNT CORP,2760 W 84TH ST,3,HIALEAH,FL,330165706,3056988536,PRESIDENT,3336C0003X,tier_1_primary_pharmacy,Y,Y,
1811097504,"US MED, LLC",8491 NW 17TH ST STE 102,,DORAL,FL,331261025,3054366033,"SVP, OPERATIONS",3336M0002X|333600000X|3336C0003X,tier_1_primary_pharmacy,Y,Y,
1609976919,HARRINGTONS PHARMACY NO 2,1750 SW HEALTH PKWY,STE B,NAPLES,FL,341090420,2395925147,VP CHAIN COMPLIANCE OPS,333600000X|3336C0003X,tier_1_primary_pharmacy,Y,Y,
1104926401,BAKER COUNTY MEDICAL SERVICES INC,159 N 3RD ST,,MACCLENNY,FL,320632103,9042593151,CHIEF EXECUTIVE OFFICER,3336C0003X|3336I0012X,tier_2_secondary_pharmacy,N,Y,
1881794964,MEDCENTER INC,6935 S CARTER RD,,LAKELAND,FL,338133781,8636484600,PRESIDENT,333600000X,tier_1_primary_pharmacy,Y,Y,
1518067826,HARRINGTONS PHARMACY NO 1,2675 WINKLER AVE,STE 190,FORT MYERS,FL,339019342,2399393949,VP CHAIN COMPLIANCE OPS,333600000X|3336C0003X,tier_1_primary_pharmacy,Y,Y,
1427158732,HARRINGTONS PHARMACY NO 4,11121 HEALTH PARK BLVD,STE 400,NAPLES,FL,341105739,2395925147,VP OF CHAIN COMPLIANCE,333600000X|3336C0003X,tier_1_primary_pharmacy,Y,Y,
1558461913,MEDIC PHARMACY INC,5150 N FEDERAL HWY STE REAR,,FT LAUDERDALE,FL,333083814,9544844200,PRESIDENT,333600000X|3336L0003X,tier_1_primary_pharmacy,Y,Y,
1225138613,OLYMPO PHARMACY AND DISCOUNT INC,4749 SW 8TH ST,,MIAMI,FL,331342546,3054445477,PRESIDENT,3336C0003X,tier_1_primary_pharmacy,Y,Y,
1396846473,LAS AMERICAS PARMACY CORP.,4544 W 12TH AVE,,HIALEAH,FL,330123325,3058283388,VICE/PRESIDENT,3336C0003X,tier_1_primary_pharmacy,Y,Y,
1124129051,TOTAL CARE INC,1891 10B CAPITAL CIRCLE NE,,TALLAHASSEE,FL,32308,8509422466,PRESIDENT,3336S0011X,tier_1_primary_pharmacy,Y,Y,
1558462846,SHANDS TEACHING HOSPITAL AND CLINICS INC,1600 SW ARCHER RD,DME,GAINESVILLE,FL,326103003,3522650111,CEO,333600000X,tier_1_primary_pharmacy,Y,Y,
1568563997,AMERICA PRESTIGE SERVICES CORP,2017 W 62ND ST,,HIALEAH,FL,330162678,3055120941,PRESIDENT,3336C0003X,tier_1_primary_pharmacy,Y,Y,
1184725350,WINN DIXIE PHARMACY,14595 MILITARY TRL,,DELRAY BEACH,FL,334843730,5616372364,STAFF PHARMACY,3336C0003X,tier_1_primary_pharmacy,Y,Y,
1174624365,"GOLDEN PHARMACY,INC",17324 MAIN ST N,,BLOUNTSTOWN,FL,324241763,8506744557,OWNER/PHARMACIST,333600000X,tier_1_primary_pharmacy,Y,Y,
1508967357,"DMD PHARMACY SERVICES,LLC",110 CENTURY BLVD,,WEST PALM BEACH,FL,334172262,5616829400,PRESIDENT,3336C0003X,tier_1_primary_pharmacy,Y,Y,
1548351422,CERVER PHARMACY CORP.,2711 SW 37TH AVE,,COCONUT GROVE,FL,331332727,3054412425,PRESIDENT,3336C0003X,tier_1_primary_pharmacy,Y,Y,
1588755334,MARTELL MEDICAL EQUIPMENTS INC,2121 W FLAGLER ST,,MIAMI,FL,331351618,3056426979,PRESIDENT,333600000X|3336C0003X,tier_1_primary_pharmacy,Y,Y,
1265523963,GILBERT DRUGS INC,2190 LAKEVIEW DR,,SEBRING,FL,338704967,8633850741,PHARMACIST,333600000X|3336C0004X|3336C0003X,tier_1_primary_pharmacy,Y,Y,
1821189192,"CABANA PHARMACY , INC",119 NW 29TH ST,,MIAMI,FL,331273951,3055738172,OWNER,333600000X,tier_1_primary_pharmacy,Y,Y,
1942391271,"OPTUM INFUSION SERVICES 201, INC.","5700 DOT COM, SUITE 1050",,OVIEDO,FL,32765,8889998586,SECRETARY,3336C0004X|3336S0011X|3336H0001X,tier_1_primary_pharmacy,Y,Y,
1154413433,JOLIE PHARMACY & DISCOUNT INC.,7209 CORAL WAY,,MIAMI,FL,331551401,3052650030,PRESIDENT,3336C0003X,tier_1_primary_pharmacy,Y,Y,
1134211444,HUMANITARY PHARMACY INC,4152 SW 74TH CT,,MIAMI,FL,331554414,3052636773,OWNER,3336C0003X,tier_1_primary_pharmacy,Y,Y,
1134211345,SEDANOS PHARMACY & DISCOUNT STORE INC,9686 SW 24 ST,,MIAMI,FL,33165,3052266101,PRESIDENT,3336C0003X,tier_1_primary_pharmacy,Y,Y,
1205928413,VISA PHARMACY & DISCOUNT STORE INC,1700 WEST 68 STREET,,HIALEAH,FL,33014,3055563008,PRESIDENT,3336C0003X,tier_1_primary_pharmacy,Y,Y,
1114019320,SPD PHARMACY & DISCOUNT STORE INC,13655 SW 26 STREET,,MIAMI,FL,33175,3052211653,PRESIDENT,3336C0003X,tier_1_primary_pharmacy,Y,Y,
1023100237,METRO PHARMACY & DISCOUNT STORE INC,11865-A SW 26 STREET,,MIAMI,FL,33175,3052270023,PRESIDENT,3336C0003X,tier_1_primary_pharmacy,Y,Y,
1447342662,SAV A LOT PHARMACY LAUDERHILL LLC,5540 W OAKLAND PARK BLVD,,LAUDERHILL,FL,333131412,9547311418,PRESIDENT,3336C0003X,tier_1_primary_pharmacy,Y,Y,
1063504389,DRUG TOWNE INC,7326 ROYAL PALM BLVD,,MARGATE,FL,330636803,9549716900,PRESIDENT,333600000X|3336C0003X,tier_1_primary_pharmacy,Y,Y,
1215029426,REAL HOLDING PHARMACY & DISCOUNT STORE INC,3960 W 12 AVENUE,,HIALEAH,FL,33012,3055563117,PRESIDENT,3336C0003X,tier_1_primary_pharmacy,Y,Y,
1932291143,PALM PHARMACY & DISCOUNT STORE INC,3915 PALM AVENUE,,HIALEAH,FL,33012,3058222210,PRESIDENT,3336C0003X,tier_1_primary_pharmacy,Y,Y,
1841382058,LATIN QUARTER PHARMACY & DISCOUNT STORE INC,1601 W. FLAGLER STREET,,MIAMI,FL,33135,3056439762,PRESIDENT,3336C0003X,tier_1_primary_pharmacy,Y,Y,
1750473963,HYPERDRUG PHARMACY & DISCOUNT STORE INC,6410 NW 186 ST,,MIAMI LAKES,FL,33015,3058253386,PRESIDENT,3336C0003X,tier_1_primary_pharmacy,Y,Y,
1669564878,MILLER FOOD STORE INC,14655 SW 56 STREET,,MIAMI,FL,33175,3053881799,PRESIDENT,3336C0003X,tier_1_primary_pharmacy,Y,Y,
1578655783,CORAL REEF PHARMACY & DISCOUNT STORE INC,13796 SW 152 STREET,,MIAMI,FL,33177,3052569800,PRESIDENT,3336C0003X,tier_1_primary_pharmacy,Y,Y,
1396837407,BROWARD PHARMACY & DISCOUNT STORE INC,2323 N 60 AVENUE,,HOLLYWOOD,FL,33021,9549860056,PRESIDENT,3336C0003X,tier_1_primary_pharmacy,Y,Y,
1205928314,GARDENS PHARMACY & DISCOUNT STORE INC,2399 WEST 52 STREET,,HIALEAH,FL,33016,3058224884,PRESIDENT,3336C0003X,tier_1_primary_pharmacy,Y,Y,
1114019221,REINOSA ENTERPRICES,3140 WEST 76 STREET,,HIALEAH,FL,33018,3053642306,PRESIDENT,3336C0003X,tier_1_primary_pharmacy,Y,Y,
1295827301,ULTIMA RX LLC,3900 NW 79TH AVENUE,SUITE 216,DORAL,FL,33166,3055579512,PRESIDENT,3336C0003X,tier_1_primary_pharmacy,Y,Y,
1851483952,MEDI-Q INC,1980 EAST 4TH AVE,,HIALEAH,FL,33010,3058879911,OWNER PRESIDENT,333600000X,tier_1_primary_pharmacy,Y,Y,
1386736270,THE KINGS DRUGSTORE,105 NW 5 STREET,,OKEECHOBEE,FL,34972,8637633222,VICE PRESIDENT,3336C0003X,tier_1_primary_pharmacy,Y,Y,
1497847941,"PROSCRIPT PHARMACY SERVICES, INC",3744 SW 64TH AVE,,DAVIE,FL,333142410,9547975041,PRESIDENT,3336C0003X|3336S0011X|333600000X,tier_1_primary_pharmacy,Y,Y,
1295827780,"DEGC ENTERPRISES (U.S.), INC.",14255 49TH ST N STE 301,,CLEARWATER,FL,337622813,8883088882,CFO,333600000X,tier_2_secondary_pharmacy,N,Y,
1396837902,FFP LLC,855 SW 78TH AVE STE C-101,,PLANTATION,FL,333243223,9543857322,CHIEF EXECUTIVE OFFICER,3336C0003X|3336S0011X|333600000X|3336H0001X,tier_1_primary_pharmacy,Y,Y,
1801989298,LUIS PHARMACY INC,3601 SW 8TH ST,,MIAMI,FL,331354111,3054455393,PRESIDENT AND CEO,333600000X,tier_1_primary_pharmacy,Y,Y,
1760575104,COOK DISCOUNT DRUGS INC,5324 BROWN ST,,GRACEVILLE,FL,32440,8502634110,OWNER,3336C0003X|3336L0003X|333600000X,tier_1_primary_pharmacy,Y,Y,
1679666010,RONNY RAMIREZ RX CORP,3105 NW 107TH AVE STE 102,STE 102,DORAL,FL,331722215,3056299891,OWNER,333600000X|3336C0003X,tier_1_primary_pharmacy,Y,Y,
1588757926,FIRST CHOICE RX INFUSION LLC,111 NW 183RD ST,STE 110,MIAMI GARDENS,FL,331694537,3056534270,MANAGER,3336H0001X,tier_1_primary_pharmacy,Y,Y,
1396838736,RXPERT COMMUNITY PHARMACY,4239 SUNBEAM RD,STE 1,JACKSONVILLE,FL,322578849,9044481713,PHARMACY MANAGER,333600000X|3336C0003X,tier_1_primary_pharmacy,Y,Y,
1205929643,RXPERT NO 2 LLC,510 S PINE AVE,,OCALA,FL,344744296,3523510274,PHARMACY MANAGER,3336C0003X,tier_1_primary_pharmacy,Y,Y,
1114010550,CAREPOINT PHARMACY INC,1400 HAND AVE,STE O,ORMOND BEACH,FL,321748194,3866719476,OWNER,333600000X|3336C0003X,tier_1_primary_pharmacy,Y,Y,
1023101466,COMBINED HEALTH SERVICES CORPORATION,6500 W 4TH AVE,,HIALEAH,FL,330126606,3055573151,OWNER,333600000X|3336C0003X,tier_1_primary_pharmacy,Y,Y,
1841383288,LURDS INC,6518 MAIN ST,,NEW PORT RICHEY,FL,346533905,7278447040,DME OFFICER,333600000X|3336L0003X|3336C0003X,tier_1_primary_pharmacy,Y,Y,
1790879112,ISABELLA PHARMACY AND DISCOUNT,3180 NW 7 STREET,,MIAMI,FL,331254202,3056460006,PRESIDENT,3336C0003X,tier_1_primary_pharmacy,Y,Y,
1417040486,POLK CITY PHARMACY INC,108 N COMMONWEALTH AVE,,POLK CITY,FL,338689506,8639843427,OWNER PHARMACIST,333600000X|3336C0003X,tier_1_primary_pharmacy,Y,Y,
1245323492,RAYNORS PHARMACY INC,698 F W MACCLENNY AVE,STE F,MACCLENNY,FL,32063,9042593261,OWNER,333600000X|3336C0003X,tier_2_secondary_pharmacy,N,Y,
1013000967,PRISCYS CORP,4603 NW 7TH ST,,MIAMI,FL,331262308,3055673145,PRESIDENT,3336C0003X,tier_1_primary_pharmacy,Y,Y,
1275626467,MAHS ENTERPRISES INC,2007 SW 8TH ST,,MIAMI,FL,331353317,7865171631,PRESIDENT,333600000X|3336C0003X,tier_1_primary_pharmacy,Y,Y,
1508959297,SETON PHARMACY INC,2300 PARK AVENUE,SUITE 100,ORANGE PARK,FL,320735572,9042152780,CEO,3336C0003X,tier_1_primary_pharmacy,Y,Y,
1760575542,WEST COAST PHARMACY LLC,8439 N FLORIDA AVE,,TAMPA,FL,336043034,8139328380,PIC,333600000X|3336C0003X,tier_1_primary_pharmacy,Y,Y,
1639262280,"BAY PHARMACY, INC.",2 EAST MAGNOLIA AVENUE,,EUSTIS,FL,32726,3523574341,PRESIDENT,3336C0004X|3336C0003X,tier_1_primary_pharmacy,Y,Y,
1780777441,BIOSIC-WINZELER INC,10404 WEST FLAGLER #20-21,,MIAMI,FL,33174,3052232324,MGR,3336C0003X,tier_1_primary_pharmacy,Y,Y,
1235222175,G FARMACIA DISCOUNT INC,2416 NW 27TH AVE,,MIAMI,FL,331427234,3056355576,PHARMACY CONSULTANT,3336C0003X,tier_1_primary_pharmacy,Y,Y,
1528151024,HOME CARE SOLUTIONS,630 N WYMORE RD,STE 370,MAITLAND,FL,32751,4073396500,PRESIDENT,3336H0001X|3336C0004X|3336C0003X,tier_1_primary_pharmacy,Y,Y,
1518051093,HRS CITRUS COUNTY HEALTH DEPT. PHARMACY,2804 MARC KNIGHTON CT,,LECANTO,FL,34461,3525270068,COUNTY HEALTH DEPARTMENT ADMINISTRA,3336C0003X,tier_1_primary_pharmacy,Y,Y,
1376636050,CMS PHARMACY INC,327 E HALLANDALE BEACH BLVD,,HALLANDALE BEACH,FL,33009,9544540052,PRESIDENT,3336C0003X,tier_1_primary_pharmacy,Y,Y,
1730273152,ADVENTIST HEALTH SYSTEM-SUNBELT INC,400 CELEBRATION PLACE,ATTN: PHARMACARE CENTER PHARMACY,CELEBRATION,FL,34747,4073034005,DIRECTOR,3336C0003X,tier_1_primary_pharmacy,Y,Y,
1518051960,ADVENTIST HEALTH SYSTEM-SUNBELT INC,2501 N. ORANGE AVE,,ORLANDO,FL,328044640,4073032559,DIRECTOR,3336C0003X,tier_1_primary_pharmacy,Y,Y,
1255424966,RAPID-MED PHARMACY INC,161 NW 29TH ST,,MIAMI,FL,331273929,3055715121,PRESIDENT,3336C0003X,tier_1_primary_pharmacy,Y,Y,
1073606588,HAPPY DOLLAR DISCOUNT INC,731 PALM AVE,,HIALEAH,FL,33010,3058875677,VICE-PRESIDENT,3336C0003X,tier_1_primary_pharmacy,Y,Y,
1295829638,"BAY PHARMACY, INC.",2 E MAGNOLIA AVE,,EUSTIS,FL,327263417,3523574341,PRESIDENT,3336C0003X,tier_1_primary_pharmacy,Y,Y,
1740375393,"THE MEDICINE CHEST, INC",910 OLD CAMP RD,BUILDING #170,THE VILLAGES,FL,321625604,3527531877,PRESIDENT,333600000X,tier_1_primary_pharmacy,Y,Y,
1568556975,HYGEIA HOLDINGS LLC,1555 E BAY DR,UNIT K,LARGO,FL,337711005,7275010188,CEO/PHARMACIST,3336L0003X|3336C0003X,tier_1_primary_pharmacy,Y,Y,
1477647881,MNC RX INC,5827 LAKE WORTH RD,,GREENACRES,FL,334633209,5615148677,SECRETARY,3336C0003X,tier_2_secondary_pharmacy,N,Y,
1386738797,BABI PHARMACEUTICAL SERVICES INC,968 ORANGE AVE,,DAYTONA BEACH,FL,321144667,3862588171,PHARMACY MGR,333600000X|3336C0003X,tier_1_primary_pharmacy,Y,Y,
1497849764,ORLANDO HEALTH INC,10000 W COLONIAL DR,STE 181,OCOEE,FL,347613400,4072961912,"SENIOR DIRECTOR, AMB PHARM SERVICES",333600000X|3336C0003X,tier_1_primary_pharmacy,Y,Y,
1194819508,BILL'S PILLS INC,615 CROSS ST UNIT 1112,,PUNTA GORDA,FL,339505551,9415051095,PRESIDENT/OWNER,333600000X|3336C0003X,tier_1_primary_pharmacy,Y,Y,
1659465342,"MARTINEZ DRUG STORE, INC.",874 E 41 STREET,,HIALEAH,FL,33013,3056930441,PRESIDENT,3336C0003X,tier_1_primary_pharmacy,Y,Y,
1437243011,FEMY DRUG CORP.,9884 SW 40 ST.,,MIAMI,FL,331653912,3052214711,PRESIDENT,3336C0003X,tier_1_primary_pharmacy,Y,Y,
1790879732,ST LUKES - ST VINCENTS HEALTHCARE,1 SHIRCLIFF WAY,STE 1734,JACKSONVILLE,FL,32204,9043087515,CHIEF OPERATING OFFICER,3336C0003X,tier_1_primary_pharmacy,Y,Y,
1669566287,FARMACIA 22-24 HIALEAH INC.,2961 WEST 12 AV,,HIALEAH,FL,33012,3058882224,PHARMACY MANAGER,3336C0003X,tier_1_primary_pharmacy,Y,Y,
1508951443,PHARMACY CARE INC,1905 N ANDREWS AVE,,FORT LAUDERDALE,FL,333113914,9545638407,OWNER,333600000X|3336C0003X,tier_1_primary_pharmacy,Y,Y,
1184719361,WISE'S DRUGSTORE,239 W UNIVERSITY AVE,,GAINESVILLE,FL,326015211,3523724371,PRESIDENT/PHARMACIST,3336C0003X,tier_2_secondary_pharmacy,N,Y,
1710072830,WORLD TRIUMPH MEDICAL,2850 RINGLING BLVD,,SARASOTA,FL,342375346,9413660090,MNGER,333600000X|3336L0003X,tier_1_primary_pharmacy,Y,Y,
1992890925,PUBLIX SUPER MARKETS INC,550 N PINE ISLAND RD,,PLANTATION,FL,333241308,9544755291,VP PHARMACY,333600000X|3336C0003X,tier_1_primary_pharmacy,Y,N,PUBLIX
1437245990,"CONSOLIDATED PHARMACY SERVICES, INC",2651 PARK STREET,,JACKSONVILLE,FL,322044519,9043872448,SYSTEM COO,3336L0003X|3336C0003X,tier_1_primary_pharmacy,Y,Y,
1740375765,FLORIDA CENTER FOR ORTHOPAEDIC INC,7575 DR PHILLIPS BLVD STE 370,,ORLANDO,FL,328197220,4072922156,ADMINISTRATOR/MANAGER,3336C0002X,tier_2_secondary_pharmacy,N,Y,
1104911072,PUBLIX SUPER MARKETS INC.,3300 PUBLIX CORPORATE PKWY,,LAKELAND,FL,338113311,8636881188,VP OF PHARMACY,3336C0003X,tier_1_primary_pharmacy,Y,N,PUBLIX
1124113949,"FIS'S CARE PHARMACY,INC.",15190 SW 136TH ST STE 27,,MIAMI,FL,331962618,3052561180,OWNER PRESIDENT,3336S0011X,tier_1_primary_pharmacy,Y,Y,
1023104577,RELIABLE SUPER DRUGS OF MIAMI LLC,2168 NE 123RD ST,,NORTH MIAMI,FL,331812902,3058935252,PRESIDENT/OWNER,333600000X|3336C0003X,tier_1_primary_pharmacy,Y,Y,
1962598581,FARMACIA 22-24 CENTRO,1300 WEST FLAGLER ST,,MIAMI,FL,33135,3056492222,PHARMACY MANAGER,3336C0003X,tier_1_primary_pharmacy,Y,Y,
1013002146,ST. JOHNS DRUG STORE,5633 SW 8 ST,,MIAMI,FL,33134,3052610066,PRESIDENT,3336C0003X,tier_1_primary_pharmacy,Y,Y,
1407941123,CHEEK & SCOTT DRUGS INC,1520 OHIO AVE S,,LIVE OAK,FL,320644514,3863624404,CHIEF FINANCIAL OFFICER,333600000X|3336S0011X|3336C0003X,tier_1_primary_pharmacy,Y,Y,
1912093691,CAMILLUS PHARMACY,10780 W FLAGLER ST STE 15,,MIAMI,FL,331744403,3052213441,MANAGER,3336C0003X,tier_1_primary_pharmacy,Y,Y,
1982790614,STAR PHARMACY DISCOUNT INC,357 EAST 1 AVE,,HIALEAH,FL,33010,3058873997,PRESIDENT,3336C0003X,tier_1_primary_pharmacy,Y,Y,
1124114210,ORLANDO PHARMACY INC,2909 N ORANGE AVE STE 112,,ORLANDO,FL,328044639,4078981331,PRESIDENT,333600000X|3336C0003X,tier_1_primary_pharmacy,Y,Y,
1659467090,"CHEEK AND SCOTT DRUGS,INC",542 HOWARD ST E,,LIVE OAK,FL,320643306,3863621244,VIP OF PHARM OPS,3336C0004X|333600000X|3336C0003X,tier_1_primary_pharmacy,Y,Y,
1366538175,SHANDS AT LAKE SHORE INC,368 NE FRANKLIN ST,,LAKE CITY,FL,320553088,3867548000,SR. VICE PRESIDENT & COO,333600000X,tier_1_primary_pharmacy,Y,Y,
1508952524,"BAY PHARMACY, INC.",710 N BAY ST,,EUSTIS,FL,327262940,3523575485,PRESIDENT,3336C0003X,tier_1_primary_pharmacy,Y,Y,
1568558328,PUBLIX SUPER MARKETS INC,2950 NE 8TH ST,,HOMESTEAD,FL,330335694,3052422825,VP PHARMACY,333600000X|3336C0003X,tier_1_primary_pharmacy,Y,N,PUBLIX
1578650974,AMJ RX INC,2804 N UNIVERSITY DR,,SUNRISE,FL,333222450,9547465890,VICE PRESIDENT,3336C0003X,tier_1_primary_pharmacy,Y,Y,
1043307663,"BAY PHARMACY, INC.",2 E MAGNOLIA AVE,SUITE 201,EUSTIS,FL,327263417,3523574341,PRESIDENT,3336L0003X,tier_1_primary_pharmacy,Y,Y,
1629165816,KARE PHARMACY INC,600 W HILLSBORO BLVD,SUITE 300,DEERFIELD BEACH,FL,334411609,9543808232,OWNER,3336C0003X,tier_1_primary_pharmacy,Y,Y,
1538256722,ARIGUANABO PHARMACY INC,5755 W FLAGLER ST,STE 110,MIAMI,FL,331443441,3052643122,OWNER/MANAGER,333600000X|3336C0003X,tier_1_primary_pharmacy,Y,Y,
1265529457,DRUG SHOPPE INC,4060 N ARMENIA AVE,,TAMPA,FL,336071002,8138703939,OWNER,3336C0003X,tier_1_primary_pharmacy,Y,Y,
1447347638,PEE JAY INC,2521 13TH ST,,SAINT CLOUD,FL,347694119,4078927166,PRES/OWNER,333600000X|3336C0004X|3336L0003X|3336S0011X|3336C0003X,tier_1_primary_pharmacy,Y,Y,
1356438543,ROYALTY DRUGS AND PHARMACEUTICAL CARE INC,17325 NW 27TH AVE,STE 210,MIAMI GARDENS,FL,330564056,3056269978,PRES,333600000X|3336C0003X,tier_1_primary_pharmacy,Y,Y,
1992892830,PEE JAY INC,2521 13TH ST,SUITE A-1,SAINT CLOUD,FL,347694119,4078921060,PRESIDENT,333600000X|3336C0004X|3336H0001X|3336S0011X|3336L0003X,tier_1_primary_pharmacy,Y,Y,
1972691558,"CORAL MEDICAL EQUIPMENT & SUPPLY, INC",87899 OVERSEAS HWY,,ISLAMORADA,FL,330363076,3058524393,SVP,3336H0001X,tier_1_primary_pharmacy,Y,Y,
1639267222,SHANDS JACKSONVILLE MEDICAL CENTER INC,655 W 8TH ST,"1ST FLOOR, ACC BLDG.",JACKSONVILLE,FL,322096511,9042444542,VICE PRESIDENT AND CFO OF FINANCE,3336C0003X|3336S0011X|333600000X,tier_1_primary_pharmacy,Y,Y,
1609964907,SOUTH PHARMACY INC,4315 NW 7TH ST STE 20,,MIAMI,FL,331263562,3054486300,PRESIDENT,3336C0003X,tier_1_primary_pharmacy,Y,Y,
1215025663,PUBLIX SUPER MARKETS INC,19390 CORTEZ BLVD,,BROOKSVILLE,FL,346013041,3527962928,VP PHARMACY,333600000X|3336C0003X,tier_1_primary_pharmacy,Y,N,PUBLIX
1720177132,NICANOR PHARMACY INC,1003 W FLAGLER ST,,MIAMI,FL,331301031,3053245020,PRESIDENT,333600000X,tier_1_primary_pharmacy,Y,Y,
1235228651,MORON DRUG & DISCOUNT,6267 SW 8TH ST,,WEST MIAMI,FL,331444845,3052620225,OWNER,333600000X,tier_1_primary_pharmacy,Y,Y,
1215026000,FLORIDA DEPARTMENT OF HEALTH,205 NW 6TH AVE,,POMPANO BEACH,FL,330605908,9544674445,DIRECTOR OF PHARMACY,3336S0011X|333600000X,tier_2_secondary_pharmacy,N,Y,
1841389525,BELAVINASH INCORPORATED,3851 NORTHDALE BLVD,,TAMPA,FL,33624,8132646300,PRESIDENT PHARMACIST,333600000X|3336C0004X|3336S0011X|3336C0003X,tier_1_primary_pharmacy,Y,Y,
1134218829,DISPENSING PHYSICIAN CONSULTANT,4900 LINTON BLVD,STE 21 AND 22,DELRAY BEACH,FL,334456688,5614550090,OWNER,3336C0003X|3336C0004X|333600000X,tier_1_primary_pharmacy,Y,Y,
1932298619,E & T PHARMACY LLC,3111 45TH ST STE 3,,WEST PALM BEACH,FL,334071981,5616831095,PHCY MANAGER,3336C0003X|333600000X|3336C0004X,tier_1_primary_pharmacy,Y,Y,
1053400606,JOHNSONS PHARMACY LLC,219 N WAUKESHA ST,,BONIFAY,FL,324252245,8505472163,PHARMD/OWNER,333600000X|3336C0003X,tier_1_primary_pharmacy,Y,Y,
1962591511,THE BOCA APOTHECARY,5458 TOWN CENTER RD,STE 12,BOCA RATON,FL,334861089,5613686161,OWNER,333600000X|3336C0003X,tier_1_primary_pharmacy,Y,Y,
1598854143,BOCA PHARMACY INC,5458 TOWN CENTER RD,STE 7,BOCA RATON,FL,334861089,5613936778,OWNER,3336L0003X,tier_1_primary_pharmacy,Y,Y,
1053401000,HANDS TO HANDS MEDCIAL EQUIPMENT INC,7175 SW 47TH ST,STE 210,MIAMI,FL,331554637,3056612633,PRESIDENT,333600000X|3336C0003X,tier_2_secondary_pharmacy,N,Y,
1962592915,"CITRUS HEALTH NETWORK, INC.",4175 W 20TH AVE,,HIALEAH,FL,330125874,3054243177,CEO,333600000X|3336C0003X,tier_1_primary_pharmacy,Y,Y,
1043300023,PUBLIX SUPER MARKETS INC,15771 SW 152ND ST,,MIAMI,FL,331875417,3059712630,VP PHARMACY,333600000X|3336C0003X,tier_1_primary_pharmacy,Y,N,PUBLIX
1629158829,"TUDELA PHARMACY, INC.",10981 SW 40TH ST,,MIAMI,FL,331654412,3052234841,OWNER / PRESIDENT,333600000X,tier_1_primary_pharmacy,Y,Y,
1629158860,"MED-STAR SERVICES, INC.",4007 NW 7TH ST,,MIAMI,FL,331265506,3056467818,PRESIDENT,3336C0003X,tier_1_primary_pharmacy,Y,Y,
1144310319,BENAK INC,1600 SW 2ND AVE # VAE,,OKEECHOBEE,FL,349746122,8634624479,PRESIDENT/ PHARMACY MANAGER,3336C0003X,tier_1_primary_pharmacy,Y,Y,
1326128075,DI MARE PHARMACY INC,5309 SW 8TH ST,,CORAL GABLES,FL,331342269,3054470505,PRESIDENT,3336C0003X,tier_1_primary_pharmacy,Y,Y,
1629158100,"CYPRESS CENTER PHARMACY, INC.",2912 OCEAN DR,,VERO BEACH,FL,329631949,7722316931,MANAGER,333600000X,tier_1_primary_pharmacy,Y,Y,
1932289428,MEF DISCOUNT CORPORATION,4633 NW 199TH ST,,OPA LOCKA,FL,330551508,3056256255,PRESIDENT,3336C0003X,tier_1_primary_pharmacy,Y,Y,
1891876942,PUBLIX SUPER MARKETS INC,800 BELLE TERRE PKWY,,PALM COAST,FL,321642314,3864372825,VP PHARMACY,333600000X|3336C0003X,tier_1_primary_pharmacy,Y,N,PUBLIX
1902987365,UNIVERSAL PHARMACY & DISCOUNT,13427 SW 56 STREET,,MIAMI,FL,33175,3052217921,OWNER,333600000X,tier_1_primary_pharmacy,Y,Y,
1225119969,MELISSA PHARMACY DISCOUNT CORP,634 E 9TH ST,,HIALEAH,FL,330104502,3058879591,PRESIDENT,3336C0003X,tier_1_primary_pharmacy,Y,Y,
1356422729,"OLMO PHARMACY,INC",7167 W FLAGLER ST,,MIAMI,FL,331442601,3052695121,PHARMACY MANAGER,3336C0003X|333600000X,tier_1_primary_pharmacy,Y,Y,
1861573842,LAKHANI RX INC,4400 N ANDREWS AVE,,FT LAUDERDALE,FL,333093918,9547761521,OWNER/PRESIDENT,3336C0003X,tier_1_primary_pharmacy,Y,Y,
1386725356,PARK SHORE DRUG INC,9531 NE 2ND AVE,,MIAMI SHORES,FL,331382704,3057549508,V.P.,3336S0011X,tier_1_primary_pharmacy,Y,Y,
1255413613,PUBLIX SUPER MARKETS INC,1044 N TAMIAMI TRL,,SARASOTA,FL,342362428,9413662181,VP PHARMACY,333600000X|3336C0003X,tier_1_primary_pharmacy,Y,N,PUBLIX
1407938897,"ONCOLOGY SPECIALTY PHARMACY, LLC",14412 COMMERCE WAY,,MIAMI LAKES,FL,330161508,7865278200,VP OF PHARMACY,333600000X,tier_1_primary_pharmacy,Y,Y,
1730261033,PRESTAB CO,3016 NW 79TH AVE,,DORAL,FL,331221010,3055991643,PRESIDENT,3336C0003X,tier_1_primary_pharmacy,Y,Y,
1164504460,"NE-MEDICAL SUPPLY USA, INC.",3811 SW 47TH AVE,SUITE 629,DAVIE,FL,333142819,5612105915,PRESIDENT,3336C0003X,tier_1_primary_pharmacy,Y,Y,
1043392970,USA SUNSET PHARMACY INC,9783 SW 72ND ST,,MIAMI,FL,331734615,3052713838,SECRETARY,3336C0003X,tier_1_primary_pharmacy,Y,Y,
1770665556,INFUSION TECHNOLOGIES INC,3728 PHILLIPS HWY,STE. 212,JACKSONVILLE,FL,322079300,9043993332,PRESIDENT,333600000X|3336C0002X|3336S0011X|3336H0001X,tier_1_primary_pharmacy,Y,Y,
1598847386,INFUSION TECHNOLOGIES INC,5803 BRECKENRIDGE PKWY,STE.A,TAMPA,FL,336104247,8135141676,PRESIDENT,3336C0002X|3336S0011X|3336H0001X,tier_1_primary_pharmacy,Y,Y,
1225110018,DLL HOLDINGS INC,5352 N HABANA AVE,SUITE 2,TAMPA,FL,336146820,8135492899,OWNER,3336C0003X|3336C0004X,tier_1_primary_pharmacy,Y,Y,
1134201924,US1 PHARMACY INC,4356 N FEDERAL HWY,,FORT LAUDERDALE,FL,333085208,9543028478,PRESIDENT PHARMACIST,3336C0003X,tier_1_primary_pharmacy,Y,Y,
1043392830,HOLIDAY CVS LLC,1891 LPGA BLVD,,DAYTONA BEACH,FL,321177108,3862741490,DIRECTOR PAYER RELATIONS,3336C0003X|333600000X,tier_1_primary_pharmacy,Y,N,CVS
1952483745,MAI PHARMACY LLC,1821 E COLONIAL DR,,ORLANDO,FL,328034805,4078982055,PHARMACY MANAGER,3336C0003X,tier_1_primary_pharmacy,Y,Y,
1861574659,CLIENTS FIRST LLC,1011 CARLTON ARMS BLVD,,BRADENTON,FL,342085062,9417481820,CEO,3336C0003X,tier_1_primary_pharmacy,Y,Y,
1770665564,LAGE PHARMACY INC,3485 W FLAGLER ST STE 200,,MIAMI,FL,331351042,3056493333,PRESIDENT,333600000X|3336C0003X,tier_1_primary_pharmacy,Y,Y,
1689756470,"RURAL HEALTH CARE, INC.",306 UNION AVE,,CRESCENT CITY,FL,321124432,3866982368,VP/CPO,333600000X|3336C0003X,tier_1_primary_pharmacy,Y,Y,
1306928197,"RURAL HEALTH CARE, INC.",100 COMMERCIAL DR,,KEYSTONE HEIGHTS,FL,326566802,3524737243,CHIEF PHARMACY OFFICER,333600000X|3336C0003X,tier_1_primary_pharmacy,Y,Y,
1265514764,SHANDS TEACHING HOSPITAL AND CLINICS INC,2000 SW ARCHER RD,RM 2130,GAINESVILLE,FL,326081136,3522650720,CEO,3336C0004X|3336C0003X|3336C0002X|333600000X,tier_1_primary_pharmacy,Y,Y,
1871675397,"CITRUS HEALTH NETWORK, INC.",4175 W 20TH AVE,,HIALEAH,FL,330125874,3055580151,PRESIDENT AND CEO,3336C0002X,tier_1_primary_pharmacy,Y,Y,
1114009875,CHEEK & SCOTT DRUGS INC,4785 W US HIGHWAY 90,,LAKE CITY,FL,320555125,3867545377,CHIEF OPERATING OFFICER,333600000X|3336S0011X|3336C0003X,tier_1_primary_pharmacy,Y,Y,
1962585950,"VALUE HEALTH CONSULTANTS INC,",1770 SE HILLMOOR DR,,PORT SAINT LUCIE,FL,349527534,7724461100,OFFICE MANAGER,3336I0012X|3336L0003X|3336C0003X,tier_1_primary_pharmacy,Y,Y,
1497838551,"RURAL HEALTH CARE, INC.",1213 STATE ROAD 20,,INTERLACHEN,FL,321482737,3866842407,VP/CHIEF PHARMACY OFFICER,333600000X|3336C0003X,tier_1_primary_pharmacy,Y,Y,
1508949835,"CENTERWELL PHARMACY, INC.",1200 SW 1ST ST,,MIAMI,FL,331352402,3053266948,VP,3336C0002X|3336C0003X,tier_1_primary_pharmacy,Y,Y,
1326121658,"CENTERWELL PHARMACY, INC.",10401 SW 40TH ST,,MIAMI,FL,331653745,3052219657,VP,3336C0002X|3336C0003X,tier_1_primary_pharmacy,Y,Y,
1689757726,MORTAR & PESTLE PHARMACY INC,12920 SW 119TH ST,,MIAMI,FL,331864506,3056039958,PIC,3336L0003X|3336C0003X,tier_1_primary_pharmacy,Y,Y,
1255414645,GARRETT'S PHARMACIES INC,1804 59TH ST. WEST,,BRADENTON,FL,342094616,9417922688,PRESIDENT,333600000X,tier_1_primary_pharmacy,Y,Y,
1316020472,"RURAL HEALTH CARE, INCORPORATED",1302 RIVER ST,,PALATKA,FL,321775042,3863280558,CHIEF EXECUTIVE OFFICER,333600000X|3336S0011X|3336C0003X,tier_1_primary_pharmacy,Y,Y,
1407930043,"CENTERWELL PHARMACY, INC.",975 W 49TH ST,,HIALEAH,FL,330123412,3055129381,VP,3336C0002X|3336C0003X,tier_1_primary_pharmacy,Y,Y,
1033293584,EL PERIMETRO FARMACIA DISCOUNT CORP,2760 W 84TH ST,3,HIALEAH,FL,330165706,3056988536,PRESIDENT,3336C0003X,tier_1_primary_pharmacy,Y,Y,
1568546901,GREY DOG INC,8950 N KENDALL DR,SUITE 102,MIAMI,FL,331762144,3052738221,RPH/PRESIDENT,333600000X|3336S0011X|3336C0003X,tier_1_primary_pharmacy,Y,Y,
1831273085,"ALL-MED INFUSION SERVICES, INC.",14101 COMMERCE WAY,,MIAMI LAKES,FL,330161513,3058260244,CEO/PRESIDENT,3336H0001X,tier_1_primary_pharmacy,Y,Y,
1689758492,PUBLIX SUPER MARKETS INC,1405 S FEDERAL HWY,,POMPANO BEACH,FL,330627240,9547843872,VP PHARMACY,333600000X|3336C0003X,tier_1_primary_pharmacy,Y,N,PUBLIX
1346324472,BARCLAY PHARMACY INC,200 TAMIAMI TRL N,SUITE A,VENICE,FL,342851914,9414842494,PRESIDENT,3336C0004X|333600000X|3336C0003X,tier_1_primary_pharmacy,Y,Y,
1295819142,HEALTHPLUS PHARMACY INC,8820 MIRAMAR PKWY BAY 11,,MIRAMAR,FL,330252732,9544339086,PRESIDENT,333600000X|3336S0011X|3336C0003X,tier_1_primary_pharmacy,Y,Y,
1871677625,ANDREWS LABORATORIES & PHARMACEUTICALS,1637 NE 36TH STREET,,POMPANO BEACH,FL,330646279,9549420920,OWNER PRESIDENT,3336C0003X,tier_1_primary_pharmacy,Y,Y,
1639253685,SOUTH MIAMI PHARMACY INC,6233 SW 72ND ST,,SOUTH MIAMI,FL,331434804,3056686150,PHARMACIST OWNER,3336C0004X|3336L0003X|3336C0003X,tier_1_primary_pharmacy,Y,Y,
1619051380,CREST PHARMACY INC,8241 SW 124TH ST,,PINECREST,FL,331565900,3052539191,PRESIDENT,3336C0003X,tier_1_primary_pharmacy,Y,Y,
1770668188,"MCR HEALTH, INC.",1505 26TH AVE E,,BRADENTON,FL,342087707,9417087672,PRESIDENT AND CEO,3336C0003X|333600000X|3336S0011X,tier_1_primary_pharmacy,Y,Y,
1023192788,LITTLE HORSE RX INC,6487 SW 8TH ST,,WEST MIAMI,FL,331444843,3052610015,PRESIDENT,3336C0003X,tier_1_primary_pharmacy,Y,Y,
1871677542,DAILYS PHARMACY INC,4705 SW 8TH ST,UNIT 2,CORAL GABLES,FL,331342546,3054471284,PRESIDENT,3336C0003X,tier_1_primary_pharmacy,Y,Y,
1881779452,MAX DRUGS INC,4343 S STATE ROAD 7 STE 107,,DAVIE,FL,333144009,9549874125,PIC,3336C0003X,tier_1_primary_pharmacy,Y,Y,
1356425003,MENDRO PHARMACY INC,1655 W 31ST PL,,HIALEAH,FL,330124505,3058284909,PRESIDENT,3336C0003X,tier_1_primary_pharmacy,Y,Y,
1003991399,BROOKSVILLE DRUGS INC,80 PONCE DE LEON BLVD.,,BROOKSVILLE,FL,34601,3527964975,OWNER,333600000X|3336C0003X,tier_1_primary_pharmacy,Y,Y,
1669557898,NEW LIFE PHCY,11443 A W PALMETTO PARK RD,,BOCA RATON,FL,33428,5614793433,PRESIDENT,3336C0003X,tier_1_primary_pharmacy,Y,Y,
1477639276,PRESIDENT PHARMACY & DISCOUNT INC,11340 QUAIL ROOST DRIVE,,MIAMI,FL,33157,3052358244,OWNER PRESIDENT,3336C0003X,tier_1_primary_pharmacy,Y,Y,
1902982622,LEATH & LEATH INC,1727 OKEECHOBEE RD,,FORT PIERCE,FL,349503945,7724616330,PHARMACY MANAGER,3336C0003X,tier_1_primary_pharmacy,Y,Y,
1700962255,RR MEDS PHARMACY INC,2751 N HIAWASSEE RD,,ORLANDO,FL,328183009,4077706077,RPH PRESIDENT,333600000X,tier_1_primary_pharmacy,Y,Y,
1487739215,CYPRESS PHARMACY INC,9451 CYPRESS LAKE DR,,FORT MYERS,FL,339194909,2394817322,OWNER,333600000X|3336C0004X|3336C0003X,tier_1_primary_pharmacy,Y,Y,
1295811032,A.G. HOLLEY STATE HOSPITAL,1199 LANTANA RD,,LANTANA,FL,334621514,5615403721,PHARMACIST,3336I0012X,tier_1_primary_pharmacy,Y,Y,
1851477426,PARK DRUGS INC,700 SE OCEAN BLVD,,STUART,FL,349942332,7722873201,MGR,333600000X|3336C0004X|3336C0003X,tier_1_primary_pharmacy,Y,Y,
1881770139,MELI PHARMACY & SUPPLIES INC,1432 EAST 4TH AVE,,HIALEAH,FL,33010,3058637211,OWNER PRESIDENT,3336C0003X,tier_2_secondary_pharmacy,N,Y,
1720164841,MILAGROS PHARMACY CORPORATION,302 SW 12TH AVE,,MIAMI,FL,331302001,3055410094,PRESIDENT,3336C0003X,tier_1_primary_pharmacy,Y,Y,
1316024284,YOUR DRUGGIST INC,8091 W SAMPLE RD,,CORAL SPRINGS,FL,330654713,9547532090,PRESIDENT,3336C0003X|3336S0011X|3336C0004X,tier_1_primary_pharmacy,Y,Y,
1245316272,MY PHARMACY OF BIRD ROAD,4000 SW 57TH AVE,,MIAMI,FL,331555318,3056668582,PRESIDENT,333600000X,tier_2_secondary_pharmacy,N,Y,
1033295993,"OK PHARMACY, INC",2736 SW 137TH AVE,,MIAMI,FL,331756638,3054857712,PRESIDENT,3336C0003X,tier_1_primary_pharmacy,Y,Y,
1780761650,COLLEGE HILL PHARMACY,3503 N 22ND ST,,TAMPA,FL,336051215,8132482767,PHCY MGR,333600000X|3336C0003X,tier_2_secondary_pharmacy,N,Y,
1598842460,CARE FIRST PHARMACY CORP,13795 SW 36TH AVENUE RD,SUITE 5B,OCALA,FL,344736103,3523078487,OWNER PHARMACIST,3336C0003X,tier_1_primary_pharmacy,Y,Y,
1407933377,ACV COMMUNITY SERVICES LLC,10820 MARVIN JONES BLVD,,DOWLING PARK,FL,32060,3866585860,PRESIDENT/CEO,3336C0003X,tier_1_primary_pharmacy,Y,Y,
1487731394,CENTRO DE DIAGNOSTICO Y TRATAMIENTO (CDT),253 BELLAGIO CIR,,SANFORD,FL,327715001,4078657020,PRESIDENT,3336H0001X,tier_1_primary_pharmacy,Y,Y,
1972680486,TEQUESTA DRUGS INC,ONE MAIN ST,#107,TEQUESTA,FL,33469,5617418222,PHARMACIST OWNER,333600000X,tier_1_primary_pharmacy,Y,Y,
1467539130,CND3 INC,228 US HIGHWAY 1,,LAKE PARK,FL,334033552,5618441191,OWNER/VICE PRESIDENT,3336C0003X,tier_1_primary_pharmacy,Y,Y,
1174600902,ALLEN MEDICAL SERVICES INC,6953 GALL BLVD,,ZEPHYRHILLS,FL,33542,8137887885,OWNER,333600000X,tier_1_primary_pharmacy,Y,Y,
1023195187,"LORENZO'S PHARMACY & DISCOUNT, INC.",2800 W 84TH ST,#12,HIALEAH,FL,330184922,3055126073,PRESIDENT,333600000X|3336C0003X,tier_1_primary_pharmacy,Y,Y,
1982781423,CHILDREN AND FAMILIES HOME PHARMACY SERVICES INC,4448 EDGEWATER DR,,ORLANDO,FL,328041216,4075133000,MANAGER OF FINANCIAL SERVICES,333600000X,tier_1_primary_pharmacy,Y,Y,
1508943556,GENESIS ASSOCIATES GROUP INC,1710 NW 7TH ST,9,MIAMI,FL,331253500,3056461200,PRESIDENT,3336C0003X,tier_1_primary_pharmacy,Y,Y,
1215014949,SAN MARTIN'S PHARMACY INC,2255 SW 32ND AVE,,MIAMI,FL,331453177,3054450033,MANAGER,3336C0003X,tier_1_primary_pharmacy,Y,Y,
1790863066,"VALUE HEALTH CONSULTANTS INC,",1770 SE HILLMOOR DR,,PORT SAINT LUCIE,FL,349527534,7724461100,OFFICE MANAGER,3336I0012X|3336L0003X|3336C0003X,tier_1_primary_pharmacy,Y,Y,
1508944786,UNION PHARMACY AND MEDICAL SUPPLIES INC.,6456 W FLAGLER ST,,MIAMI,FL,331443009,3052624646,PRESIDENT,3336C0003X,tier_1_primary_pharmacy,Y,Y,
1780762906,DELRAY DRUGS INC,900 E ATLANTIC AVE,SUITE 15,DELRAY BEACH,FL,33483,5612767416,PRESIDENT TREAS,3336C0003X,tier_1_primary_pharmacy,Y,Y,
1255410353,LAS OLAS CHEMIST,1211 EAST LAS OLAS BLVD,,FT. LAUDERDALE,FL,333012331,9544624166,PRESIDENT,3336C0003X,tier_1_primary_pharmacy,Y,Y,
1316026479,EVENECER PHARMACY CORP,441 NW 12TH AVE,,MIAMI,FL,331281020,3053249395,OWNER,3336C0003X,tier_1_primary_pharmacy,Y,Y,
1538248562,"PARK AVENUE PHARMACY, INC.",5440 DOGWOOD DR,,MILTON,FL,325703700,8506232222,OWNER,3336C0003X,tier_1_primary_pharmacy,Y,Y,
1467530873,LIFE EXTENSION PHARMACY INC,5990 N FEDERAL HWY,,FORT LAUDERDALE,FL,333082633,8778779700,PARALEGAL,3336M0002X|3336C0003X,tier_1_primary_pharmacy,Y,Y,
1457430274,FARMACIA JULIA DISCOUNT #2 LLC,3197 SW 18TH ST,,MIAMI,FL,331451803,3054486523,OWNER,3336C0003X,tier_1_primary_pharmacy,Y,Y,
1003995770,BENSON PHARMACY INC,11380 66TH ST,SUITE 138,LARGO,FL,337735531,7275487777,PRESIDENT,3336C0003X|3336L0003X,tier_1_primary_pharmacy,Y,Y,
1912086687,DELRAY SHORES PHARMACY INC,124 NE 5TH AVE,,DELRAY BEACH,FL,33483,5612722124,"PRESIDENT, PIC",3336C0004X|333600000X|3336C0003X,tier_1_primary_pharmacy,Y,Y,
1821177593,ULTRATECH MEDICAL SUPPLIES,8150 SW 8TH ST,SUITE 105,MIAMI,FL,331444263,3052659393,PRESIDENT,333600000X|3336C0003X,tier_1_primary_pharmacy,Y,Y,
1013096304,"CRC, INC",7655 W GULF TO LAKE HWY,,CRYSTAL RIVER,FL,344297904,3527954488,PHARMACIST,3336C0003X,tier_1_primary_pharmacy,Y,Y,
1558430629,MODERN PHARMACY LLC,123 ALTON ROAD,,MIAMI BEACH,FL,331396708,3055313784,"ATTORNEY, COMPLIANCE OFFICER",3336C0003X,tier_1_primary_pharmacy,Y,Y,
1013086230,"APRIA HEALTHCARE, INC.",8509 BENJAMIN RD,SUITE G,TAMPA,FL,336341224,8138855568,PRESIDENT CHIEF OPERATIONS OFFICER,3336S0011X|3336H0001X,tier_1_primary_pharmacy,Y,Y,
1730258385,"OPTIMA RX, INC.",13331 N 56TH ST,,TAMPA,FL,336171161,8139858399,PRESIDENT,3336C0003X,tier_1_primary_pharmacy,Y,Y,
1780753558,INTEGRITY PHARMACY SERVICES LLC,2100 TALL PINES DR,,LARGO,FL,337713809,7275391274,VICE PRESIDENT,3336L0003X,tier_1_primary_pharmacy,Y,Y,
1033288972,"KINGS PHARMACY, INC",2814 N UNIVERSITY DR,,CORAL SPRINGS,FL,330655010,9545757085,PRESIDENT,333600000X,tier_1_primary_pharmacy,Y,Y,
1477622025,CAPE CORAL EXPRESS PHARMACY INC,505 DEL PRADO BLVD N,,CAPE CORAL,FL,339092269,2395748846,PRESIDENT,3336C0003X,tier_1_primary_pharmacy,Y,Y,
1659441624,LIFE SPECIALTY PHARMACY MEDICAL EQUIPMENT AND SUPPLIES INC.,1507 PARK CENTER DRIVE,SUITE 1K,ORLANDO,FL,328355795,4074050735,PRESIDENT OWNER,3336C0002X|3336C0004X|3336H0001X|3336I0012X|3336L0003X|3336M0002X|333600000X,tier_1_primary_pharmacy,Y,Y,
1609946789,TEMCO DRUGS INC,5909 SE ABSHIER BLVD,,BELLEVIEW,FL,344204025,3522453961,OWNER PHCST,3336C0003X|333600000X,tier_1_primary_pharmacy,Y,Y,
1124198916,IDEAL RX PHARMACY INC,823 NW 119TH ST,,NORTH MIAMI,FL,33168,3056874480,PRESIDENT,3336C0003X,tier_1_primary_pharmacy,Y,Y,
1568532679,"BILL'S PRESCRIPTION CENTER, INC.",202 E BRANDON BLVD,,BRANDON,FL,335115221,8136893521,PHARMACIST,3336C0003X,tier_1_primary_pharmacy,Y,Y,
1366511602,HOBBS PHARMACY UNITED INCORPORATED,133 N BANANA RIVER DR,,MERRITT ISLAND,FL,329522546,3214520010,OWNER,333600000X|3336H0001X|3336C0004X|3336C0003X,tier_1_primary_pharmacy,Y,Y,
1417026709,SUPERIOR MEDICAL SUPPLY,7264 SW 8TH ST,,MIAMI,FL,331444654,7863124868,PRESIDENT,3336C0003X,tier_1_primary_pharmacy,Y,Y,
1275604555,"ARTHUR'S ORIGINAL PHARMACY, INC.",5816 N UNIVERSITY DR,,TAMARAC,FL,333214634,9547261911,OWNER,3336C0003X,tier_1_primary_pharmacy,Y,Y,
1265503445,SOUTH POINT PHARMACY,1864 WEST FLAGLER STREET,,MIAMI,FL,33135,3055418699,PRESIDENT,3336L0003X,tier_1_primary_pharmacy,Y,Y,
1952472631,FARMACIA JULIA DISCOUNT INC,3000 NW 7TH ST,,MIAMI,FL,331254204,3056426211,OWNER,3336C0003X,tier_1_primary_pharmacy,Y,Y,
1801967559,BUDGET HEALTH CORP,2500 E HALLANDALE BCH BLVD,,HALLANDALE,FL,33009,9544578011,PRESIDENT,3336C0003X,tier_1_primary_pharmacy,Y,Y,
1871664888,NEWBERRY PHARMACY INC,24220 W NEWBERRY RD,,NEWBERRY,FL,326692211,3524729001,PHARMACIST,3336C0003X,tier_1_primary_pharmacy,Y,Y,
1790856458,PUBLIC HEALTH TRUST OF MIAMI DADE COUNTY FLORIDA,901 NW 17TH ST STE D,,MIAMI,FL,331361135,3055853996,ASSOCIATE DIRECTOR PHARMACY,3336C0003X|3336S0011X|333600000X,tier_1_primary_pharmacy,Y,Y,
1902977416,"FLORIDA INFUSION SERVICES, INC.",4190 CORPORATE COURT,,PALM HARBOR,FL,346831412,7279439900,PRESIDENT,333600000X,tier_2_secondary_pharmacy,N,Y,
1295806727,PUBLIC HEALTH TRUST OF DADE COUNTY FLORIDA,9333 SW 152 STREET,,MIAMI,FL,33157,3052565180,PRESIDENT CEO,3336C0003X|3336I0012X,tier_1_primary_pharmacy,Y,Y,
1699847137,PHARMAQUICK LLC,753 ARTHUR GODFREY RD,,MIAMI BEACH,FL,331403413,3055315816,PHARM MGR,333600000X|3336C0003X,tier_1_primary_pharmacy,Y,Y,
1326119330,HARS DRUGS INC,7135 N US HIGHWAY 1,,PORT ST JOHN,FL,329275099,3216310300,PRESIDENT,333600000X|3336C0003X|3336C0004X,tier_1_primary_pharmacy,Y,Y,
1962573972,PHARMA EXPRESS INC,777 SHOTGUN RD,,SUNRISE,FL,333261940,9542107774,TECHNICIAN,3336C0003X|333600000X,tier_1_primary_pharmacy,Y,Y,
1295806016,PUBLIC HEALTH TRUST OF DADE COUNTY FLORIDA,16555 NW 25TH AVE,,OPA LOCKA,FL,330546583,7864661735,ASSOCIATE DIRECTOR PHARMACY,333600000X|3336C0003X|3336C0002X,tier_1_primary_pharmacy,Y,Y,
1457423972,PATIENT CARE PHARMACY SERVICES INC,1476 MARKET CIR,UNIT 1,PORT CHARLOTTE,FL,339533876,9412551987,OWNER,333600000X|3336L0003X,tier_1_primary_pharmacy,Y,Y,
1992877112,BRIGHT STAR PHARMACY,2350 W 84TH ST STE 7,,HIALEAH,FL,330165574,7862350696,PRESIDENT,3336C0003X,tier_1_primary_pharmacy,Y,Y,
1962574723,DOUGLAS GARDENS COMMUNITY MENTAL HEALTH CENTER PHARMACY,1680 MERIDIAN AVE,4TH FLOOR,MIAMI BEACH,FL,331392719,3055315341,EXECUTIVE DIRECTOR,3336L0003X|3336C0003X,tier_1_primary_pharmacy,Y,Y,
1245302025,BILGIN INC,1501 VISCAYA PKWY,SUITE 2,CAPE CORAL,FL,339903299,2397728866,SECRETARY,333600000X|3336C0004X|3336C0003X,tier_1_primary_pharmacy,Y,Y,
1154493930,AMATO MANAGEMENT LLC,938 PATRICIA AVE,,DUNEDIN,FL,34698,7277330404,MGRM/PIC,333600000X|3336C0003X,tier_1_primary_pharmacy,Y,Y,
1790857571,GALEN DRUG INC,9555 SEMINOLE BLVD STE 100,,SEMINOLE,FL,337722524,7275275778,DIRECTOR/PARTNER,3336C0004X|3336L0003X|3336C0003X,tier_1_primary_pharmacy,Y,Y,
1609948488,SUPERIOR PHARMACY OF TEMPLE TERRACE LLC,9780 N 56TH ST STE D,,TEMPLE TERRACE,FL,336175508,8139891351,OWNER,333600000X|3336C0003X,tier_1_primary_pharmacy,Y,Y,
1518039395,ANDREWS DRUGS OF PERRY INC,1707 S JEFFERSON ST,,PERRY,FL,323485612,8505843720,BOOKKEEPER,333600000X|3336C0003X,tier_1_primary_pharmacy,Y,Y,
1427120203,HAWA PHARMACY INC,646 S DILLARD ST,,WINTER GARDEN,FL,347873903,4076560081,OWNER PHARMACIST,333600000X|3336C0003X,tier_1_primary_pharmacy,Y,Y,
1063584845,KAASINDRA & CO INC,216 OAKFIELD DR,,BRANDON,FL,335115707,8136629926,OWNER PHARMACIST,333600000X|3336C0003X,tier_1_primary_pharmacy,Y,Y,
1497828065,PANACEA INC,944 N KROME AVE,,HOMESTEAD,FL,330304409,3052474488,"OWNER, CEO",3336C0003X,tier_1_primary_pharmacy,Y,Y,
1891867586,PUBLIX SUPER MARKETS INC,16130 S JOG RD,,DELRAY BEACH,FL,334462319,5613814962,VP PHARMACY,333600000X|3336C0003X,tier_1_primary_pharmacy,Y,N,PUBLIX
1285706895,"G & C HEALTHCARE, INC.",4007 S NOVA RD,,PORT ORANGE,FL,321274922,3863048222,THIRD PARTY PLAN COORDINATOR,333600000X|3336L0003X|3336C0003X,tier_1_primary_pharmacy,Y,Y,
1376616698,SIMED HEALTH LLC,4343 W NEWBERRY RD,SUITE 9,GAINESVILLE,FL,326072817,3522242450,CEO,3336C0003X,tier_1_primary_pharmacy,Y,Y,
1578636288,TAMPA RX,206 W ORANGE ST,,DAVENPORT,FL,338373118,9549319212,PRESIDENT   CEO,333600000X,tier_1_primary_pharmacy,Y,Y,
1871667329,G AND Y DME AND SUPPLY CORP,5896 W FLAGLER ST,,MIAMI,FL,331443363,3052650091,PRESIDENT,3336C0003X,tier_1_primary_pharmacy,Y,Y,
1104990621,OCEAN SIDE PHARMACY,1118 COLONNADES DR,,FT PIERCE,FL,349493063,7724651118,OWNER,333600000X,tier_1_primary_pharmacy,Y,Y,
1063586543,PUBLIC HEALTH TRUST OF DADE COUNTY FLORIDA,1695 NW 9TH AVE,,MIAMI,FL,331361409,3053557203,ASSOCIATE DIRECTOR PHARMACY,333600000X|3336C0003X,tier_1_primary_pharmacy,Y,Y,
1346314861,ASAP PHARMACY INC,1361 MAIN ST,,DUNEDIN,FL,346986246,7272818242,PRESIDENT,333600000X|3336C0003X,tier_1_primary_pharmacy,Y,Y,
1679647176,PUBLIC HEALTH TRUST OF DADE COUNTY FLORIDA,1611 NW 12TH AVE,PHARMACY ROOM WEST WING B-10,MIAMI,FL,331361005,3055857458,PRESIDENT CEO,3336S0011X|3336I0012X,tier_1_primary_pharmacy,Y,Y,
1639243074,ELSA PHARMACY INC,1802 E 4TH AVE,,HIALEAH,FL,330103115,3056911968,PRESIDENT,333600000X|3336L0003X|3336C0003X,tier_1_primary_pharmacy,Y,Y,
1154495505,"A & E PHARMACY, INC.",923 N NEW WARRINGTON RD,,PENSACOLA,FL,325064250,8504550381,PRESIDENT,3336C0003X,tier_1_primary_pharmacy,Y,Y,
1942374012,"MEDIPHARM-RX,INC.(SPECIAL CLOSED SYSTEM)",4607 N CLARK AVE,,TAMPA,FL,336147038,8138760881,PHARMACIST IN CHARGE,3336L0003X,tier_1_primary_pharmacy,Y,Y,
1083789440,ELY'S PHARMACY AND DISCOUNT CORP.,15126 SW 56TH ST,,MIAMI,FL,331854072,3053857770,OWNER-PHARMACIST MANAGER,3336C0003X,tier_1_primary_pharmacy,Y,Y,
1689749269,MIAMI BEACH COMMUNITY HEALTH CENTER INC,1221 71ST ST,,MIAMI BEACH,FL,331413647,3055388835,CHIEF EXECUTIVE OFFICER,3336C0002X|3336C0003X,tier_1_primary_pharmacy,Y,Y,
1710052063,WEISE PRESCRIPTION SHOP INC,4343 COLONIAL AVENUE,,JACKSONVILLE,FL,322103393,9043881564,PHARMACIST  MANAGER,333600000X,tier_1_primary_pharmacy,Y,Y,
1093880064,LOCATEL SUNNY ISLES LLC,1951 SW 172ND AVE,SUITE #107,MIRAMAR,FL,33029,9543928000,CEO/OWNER/PHARMACIST,333600000X|3336C0003X,tier_1_primary_pharmacy,Y,Y,
1215002571,MIAMI BEACH COMMUNITY HEALTH CENTER INC,710 ALTON RD,,MIAMI BEACH,FL,331395504,3055388835,CHIEF EXECUTIVE OFFICE,3336C0003X,tier_1_primary_pharmacy,Y,Y,
1659446839,PUBLIC HEALTH TRUST OF DADE COUNTY FLORIDA,15055 NW 27TH AVE,,OPA LOCKA,FL,330543365,7864662701,PRESIDENT CEO,3336C0002X,tier_1_primary_pharmacy,Y,Y,
1932275690,EAST HILL PHARMACY INC,2899 N 12TH AVE,,PENSACOLA,FL,325034001,8504387568,THIRD PARTY PLAN COORDINATOR,3336C0003X,tier_1_primary_pharmacy,Y,Y,
1841366507,PHARMOVISA INC,5855 SW 137TH AVE,,MIAMI,FL,331831105,3053887303,PHCY MGR,333600000X|3336C0003X,tier_1_primary_pharmacy,Y,Y,
1750457412,PHARMOVISA INC,2416 W 60TH ST,,HIALEAH,FL,330164418,3055587800,PHCY MGR,333600000X|3336C0003X,tier_1_primary_pharmacy,Y,Y,
1275609919,RNS LLC,3405 CLEVELAND HEIGHTS BLVD,,LAKELAND,FL,338034807,8636465041,OWNER,3336C0003X,tier_1_primary_pharmacy,Y,Y,
1679649180,SUPER SAVER PHARMACY #3 LLC,1901 SOUTH JOHN YOUNG PARKWAY,SUITE 101,KISSIMMEE,FL,34741,3212844631,MANAGING MEMBER,333600000X,tier_2_secondary_pharmacy,N,Y,
1497821946,"LMC MEDICAL SUPPLIES, INC.",950 PENINSULA CORPORATE CIR STE 1022,,BOCA RATON,FL,334871385,8778556655,CEO,3336C0003X,tier_2_secondary_pharmacy,N,Y,
1508932732,"INNOVATIVE NURSING MANAGEMENT, INC",499 E CENTRAL PKWY,SUITE 100,ALTAMONTE SPRINGS,FL,327013402,4076474895,OWNER,3336C0003X,tier_1_primary_pharmacy,Y,Y,
1669548020,"FLORIDA MEDICAL CLINIC, LLC",38045 MARKET SQ,,ZEPHYRHILLS,FL,335427504,8137150354,CEO,3336S0011X|333600000X,tier_1_primary_pharmacy,Y,Y,
1285700468,UNIVERSITY OF CENTRAL FLORIDA PHARMACY,4000 CENTRAL FLORIDA BLVD,HEALTH SERVICES BLDG. 127,ORLANDO,FL,328163333,4078236337,PHARMACY MANAGER,3336C0003X,tier_1_primary_pharmacy,Y,Y,
1053487520,ARENAL PHARMACY AND DISCOUNT STORE INC,366 EAST 4TH AVE,,HIALEAH,FL,33010,3058832277,PRESIDENT,333600000X|3336C0003X,tier_1_primary_pharmacy,Y,Y,
1962578435,CENTRAL FLORIDA FAMILY HLTH CTR,11881 A EAST COLONIAL DR,,ORLANDO,FL,32826,4073228645,CEO,333600000X,tier_1_primary_pharmacy,Y,Y,
1477629574,DANIA DISCOUNT DRUGS INC,5420 NW 33RD AVE STE 7B,,FORT LAUDERDALE,FL,333096387,9549214661,OWNER/PRESIDENT/AO,333600000X|3336C0003X,tier_1_primary_pharmacy,Y,Y,
1629144001,PUBLIX SUPER MARKETS INC,950 BLANDING BLVD,,ORANGE PARK,FL,320655910,9042766075,VP PHARMACY,333600000X|3336C0003X,tier_1_primary_pharmacy,Y,N,PUBLIX
1467528869,LA NUMERO 1 FARMACIA DISCOUNT CORP,9500 NW 79TH AVE,8,HIALEAH,FL,330162516,3058266314,PRESIDENT,3336C0003X,tier_1_primary_pharmacy,Y,Y,
1710053731,SAN ANTONIO PHARMACY INC,1250 NW 7TH STREET,,MIAMI,FL,331253550,3055455595,PRESIDENT,333600000X,tier_1_primary_pharmacy,Y,Y,
1184790537,ABU-SEIFEN CORP.,158 RIDGEWOOD AVE,,HOLLY HILL,FL,321175028,3862383500,PHARMACY MANAGER,3336C0003X,tier_1_primary_pharmacy,Y,Y,
1801963517,SURF DRUGS INC,7430 COLLINS AVE,,MIAMI BEACH,FL,331412714,3058652600,PRESIDENT,3336C0003X,tier_1_primary_pharmacy,Y,Y,
1477620110,DESOTO PHARMACY,823 SOUTHERN BLVD,,WEST PALM BEACH,FL,334052529,5618327686,PRESIDENT,333600000X,tier_1_primary_pharmacy,Y,Y,
1942377932,CREATIVE PHARMACY SERVICES INC,9920 NW 27TH AVE,,MIAMI,FL,331472158,3056941852,PHARMACY MANAGER,3336C0003X,tier_1_primary_pharmacy,Y,Y,
1356418503,GOODLUCK PHARMACY INC,15320 NW GAINESVILLE RD,,REDDICK,FL,32686,3525911116,OWNER,3336C0003X,tier_1_primary_pharmacy,Y,Y,
1972670081,PUBLIX SUPER MARKETS INC,409 S CHICKASAW TRL,,ORLANDO,FL,328257803,4072771754,VP PHARMACY,333600000X|3336C0003X,tier_1_primary_pharmacy,Y,N,PUBLIX
1588732317,NORTH PORT PHARMACY INC,14255 SOUTH TAMIAMI TRAIL,SUITE C,NORTH PORT,FL,34287,9414262800,OWNER PHARMACIST,333600000X|3336C0003X,tier_1_primary_pharmacy,Y,Y,
1114095908,ATLANTIS PHARMACY INC,136 NW 57 AVE,,MIAMI,FL,33126,3052650001,PRESIDENT OWNER,3336C0003X,tier_1_primary_pharmacy,Y,Y,
1720156599,PACIFIC PHARMACY INC,8876 SW 24TH ST # 11,,MIAMI,FL,331652008,3052265463,MANAGER,3336C0003X,tier_1_primary_pharmacy,Y,Y,
1639247513,H&N PHARMACY LLC,217 VALENCIA AVE,,CORAL GABLES,FL,331345905,3054486116,OWNER/PHARMACIST,3336C0003X,tier_1_primary_pharmacy,Y,Y,
1467520262,"KENNETH D. WURSTER DRUGS, INC.",3206 S WEST SHORE BLVD,,TAMPA,FL,336297652,8138379095,PRES,333600000X|3336C0003X,tier_1_primary_pharmacy,Y,Y,
1376611178,CENTURY BOCA LLC,9045 LA FONTANA BLVD,STE 120,BOCA RATON,FL,334345636,5618524200,PRESIDENT,3336C0003X,tier_1_primary_pharmacy,Y,Y,
1285702084,C & C COMMUNITY PHARMACY INC,927 S. GOLDWYN AVE #111,,ORLANDO,FL,32805,4072956201,OWNER,3336C0003X,tier_1_primary_pharmacy,Y,Y,
1265500672,"ATKINSON'S MART, INC.",1994 KINGSLEY AVE,,ORANGE PARK,FL,320734442,9042980873,OWNER,3336C0004X|3336C0003X,tier_1_primary_pharmacy,Y,Y,
1750459020,"PINE HILLS PHARMACY, INC",1210 E COLONIAL DR,SUITE 1,ORLANDO,FL,328034727,4078963434,PRESIDENT,3336C0003X,tier_1_primary_pharmacy,Y,Y,
1386702579,"AIC PHARMACY DISCOUNT, INC",8350 BIRD RD,,MIAMI,FL,331553354,3052255235,PRESIDENT,333600000X,tier_1_primary_pharmacy,Y,Y,
1194893339,RAPIDSCRIPTS PHARMACY INC,777 E 25TH ST,STE 120,HIALEAH,FL,330133825,3056965464,MANAGER,333600000X|3336C0003X,tier_1_primary_pharmacy,Y,Y,
1568530707,SATELLITE DRUGS AND PHARMACY,4105 LITTLE RD,STE 200,NEW PORT RICHEY,FL,346551731,7278157922,PRESIDENT PHCY MGR,333600000X|3336C0003X,tier_1_primary_pharmacy,Y,Y,
1104994342,WAAS DRUG STORE INC,1551 S 14TH ST,STE 1,FERNANDINA BEACH,FL,320341930,9042613171,PRES,333600000X|3336C0003X,tier_1_primary_pharmacy,Y,Y,
1477621613,ADA MEDICAL & ORTHOPEDIC EQUIPMENT INC,7359 CORAL WAY,,MIAMI,FL,331551402,3052635663,PRESIDENT,333600000X|3336C0003X,tier_1_primary_pharmacy,Y,Y,
1386712529,HEALTH CARE CORPORATION,5334 26TH ST W,SADDLE CREEK PLAZA,BRADENTON,FL,342073011,9417552494,MEMBER OF MANAGER,3336C0003X,tier_1_primary_pharmacy,Y,Y,
1164580817,"J & A PHARMACY, INC.",4286-A PALM AVENUE,,HIALEAH,FL,33012,3052313998,PRESIDENT,3336C0003X,tier_2_secondary_pharmacy,N,Y,
1750449476,TAB SAFE PRESCRIPTION SERVICES,12505 STARKEY ROAD,SUITE C TAB SAFE PRESCRIPTION SERVICES,LARGO,FL,33772,7272300839,CEO,3336L0003X,tier_1_primary_pharmacy,Y,Y,
1619035979,J.C.N.L. CORPORATION,5870 SW 8TH ST,SUITE 6,WEST MIAMI,FL,331445052,3057102650,PRESIDENT,3336C0003X,tier_1_primary_pharmacy,Y,Y,
1043378326,CITY CORPORATION,4888 NW 7TH ST,,MIAMI,FL,331262102,3055672992,PRESIDENT,3336C0003X,tier_1_primary_pharmacy,Y,Y,
1922166412,"S & G PHARMACY, INC.",2173 W FLAGLER ST,,MIAMI,FL,331351638,3056434391,PRESIDENT,3336C0003X,tier_1_primary_pharmacy,Y,Y,
1396804373,SHANDS TEACHING HOSPITAL AND CLINICS INC,4197 NW 86TH TERRACE,SUITE 1131,GAINESVILLE,FL,326066271,3527330090,CEO,3336C0003X|333600000X,tier_1_primary_pharmacy,Y,Y,
1043379134,"TOTAL CARE MEDICAL, INC.",2565 CAPITAL MEDICAL BLVD,,TALLAHASSEE,FL,323084423,8502190202,PRESIDENT,3336C0004X|3336H0001X|3336C0003X,tier_1_primary_pharmacy,Y,Y,
1033278130,SHARED PHARMACY SERVICES LLC,6149 CHANCELLOR DR,SUITE 2780,ORLANDO,FL,328095680,4072515492,PRESIDENT,3336C0003X|3336L0003X,tier_1_primary_pharmacy,Y,Y,
1760541866,TREASURE ISLAND PHARMACY CARE INC,1630 79TH STREET CSWY,,NORTH BAY VILLAGE,FL,331414132,3058686144,PRESIDENT,333600000X,tier_1_primary_pharmacy,Y,Y,
1285793828,"PALM LAKES PHARMACY, INC.",3300 W 84TH ST,BAY #3,HIALEAH,FL,330184903,3058232885,PRESIDENT,3336C0003X,tier_1_primary_pharmacy,Y,Y,
1508925066,"OXYNET RESPIRATORY SPECIALISTS, LLC",200 HAVENDALE BLVD,,AUBURNDALE,FL,338234512,8639678009,CO OWNER,333600000X,tier_1_primary_pharmacy,Y,Y,
1245399732,"CENTURY PHARMACY, LLC",7531 MAYO ST,,CENTURY,FL,325352906,8502563472,MANAGING MEMBER,333600000X,tier_2_secondary_pharmacy,N,Y,
1992865232,WESTON PILL BOX INC.,1932 WESTON RD,,WESTON,FL,333263214,9543897455,VICE PRESIDENT,3336C0003X,tier_1_primary_pharmacy,Y,Y,
1295895126,H E FARMACIA INC,692 W 29 ST,,HIALEAH,FL,33012,3058887554,OWNER,3336C0003X,tier_1_primary_pharmacy,Y,Y,
1003976036,BJS WHOLESALE CLUB INC,9300 BEN C PRATT SIX MILE CYPRESS PKWY,,FORT MYERS,FL,33912,2398961085,VICE PRES OF PHCY OPER,3336C0003X,tier_1_primary_pharmacy,Y,Y,
1992865158,"MILES S JUDAH, INC",457 CARLTON STREET,,WAUCHULA,FL,338733400,8637734525,OWNER PHARMACIST,3336C0003X,tier_1_primary_pharmacy,Y,Y,
1275693202,CENTRAL FLORIDA FAMILY HEALTH CENTER,5730 LAKE UNDERHILL RD,,ORLANDO,FL,328074366,4073228645,CHIEF EXECUTIVE OFFICER,3336C0003X,tier_1_primary_pharmacy,Y,Y,
1073673208,"DAVITA MEDICAL FLORIDA, INC.",11920 SEMINOLE BLVD,,LARGO,FL,337782803,7278280378,CHIEF ACCOUNTING OFFICER,333600000X|3336C0003X,tier_1_primary_pharmacy,Y,Y,
1982764114,KIRBY & COMPANY PHARMACY LLC,395 W MAIN ST,STE C,LAKE BUTLER,FL,320541642,3864968099,PHARM,333600000X|3336C0003X,tier_1_primary_pharmacy,Y,Y,
1790845923,"OPTUMCARE FLORIDA, LLC",2465 N MCMULLEN BOOTH RD,,CLEARWATER,FL,337591368,7277240303,SECRETARY,333600000X|3336C0003X,tier_1_primary_pharmacy,Y,Y,
1336209568,"DAVITA MEDICAL FLORIDA, INC.",1931 W LUMSDEN RD,,BRANDON,FL,335118819,8136817888,CHIEF ACCOUNTING OFFICER,3336M0003X|3336C0003X,tier_1_primary_pharmacy,Y,Y,
1245390475,"OPTUMCARE FLORIDA, LLC",3665 W WATERS AVE,,TAMPA,FL,336142783,8139356431,SECRETARY,333600000X|3336C0003X,tier_1_primary_pharmacy,Y,Y,
1154481380,"DAVITA MEDICAL FLORIDA, INC.",2727 W DR MARTIN LUTHER KING JR BLVD STE 100,STE 100,TAMPA,FL,336076353,8138712826,CHIEF ACCOUNTING OFFICER,333600000X|3336C0003X,tier_1_primary_pharmacy,Y,Y,
1063572295,"OPTUMCARE FLORIDA, LLC",4757 US HIGHWAY 19,,NEW PORT RICHEY,FL,346524945,7278499373,SECRETARY,3336M0003X|3336C0003X,tier_1_primary_pharmacy,Y,Y,
1972663102,OPTUMCARE FLORIDA LLC,7601 9TH ST N,STE C 1,ST PETERSBURG,FL,337025211,7275207995,SECRETARY,333600000X|3336C0003X,tier_1_primary_pharmacy,Y,Y,
1912068024,CORAL WAY PHARMACY,6965 CORAL WAY,,MIAMI,FL,331551705,3052665177,PRESIDENT-VP-TREASURER,333600000X,tier_1_primary_pharmacy,Y,Y,
1285795591,INFUSAL PARTNERS,14328 COMMERCE WAY,,MIAMI LAKES,FL,330161501,3053625599,CFO,3336L0003X|3336S0011X|3336H0001X,tier_1_primary_pharmacy,Y,Y,
1013078567,GLOBAL PHARMACY INC,6501 NW 36TH ST,315,VIRGINIA GARDENS,FL,331666959,7864394556,PRESIDENT,3336C0003X,tier_1_primary_pharmacy,Y,Y,
1437210911,ESPIMAR CORPORATION,5901 W 16TH AVE,,HIALEAH,FL,330126813,3055588002,PRESIDENT,3336C0003X,tier_1_primary_pharmacy,Y,Y,
1720149818,PUBLIC HEALTH TRUST OF MIAMI DADE COUNTY FLORIDA,9333 SW 152ND ST,,PALMETTO BAY,FL,331571778,3052565182,ASSOCIATE DIRECTOR OF PHARMACY,3336C0003X|3336M0002X|333600000X,tier_1_primary_pharmacy,Y,Y,
1912068974,KINGS DRUGS INC,2812 W MARTIN LUTHER KING BLVD,,TAMPA,FL,33607,8138745464,PHARMACY MANAGER AND PRESIDENT,3336C0003X,tier_1_primary_pharmacy,Y,Y,
1720149586,ALPHA DRUGS INC #2,7857 PALM RIVER RD,,TAMPA,FL,33619,8136649800,PHARMACY MANAGER,3336C0003X,tier_1_primary_pharmacy,Y,Y,
1447311501,"MERCY HOSPITAL, INC.",3661 S MIAMI AVE,SUITE 110,MIAMI,FL,331334236,3052852762,CEO,3336C0003X,tier_1_primary_pharmacy,Y,Y,
1003977174,SOUTHPOINT PHARMACY SVCS INC,6817 SOUTHPOINT PKWY,STE 1702,JACKSONVILLE,FL,322166282,9042969145,PRESIDENT,3336C0003X,tier_1_primary_pharmacy,Y,Y,
1114088986,"ASPIRE HEALTH PARTNERS, INC.",1800 MERCY DR,STE 100,ORLANDO,FL,328085646,4078225015,CFO,333600000X|3336C0003X|3336C0002X,tier_1_primary_pharmacy,Y,Y,
1447311022,"NOVA SOUTHEASTERN UNIVERSITY, INC",3200 S UNIVERSITY DR,NSU - COLLEGE OF PHARMACY,DAVIE,FL,333282018,9542621304,PHARMACIST,333600000X,tier_1_primary_pharmacy,Y,Y,
1174684757,HEPZIBAH INC,3500 E FLETCHER AVE STE 120,,TAMPA,FL,336134789,8136329032,PHARMACIST,3336C0003X,tier_1_primary_pharmacy,Y,Y,
1699836205,FLORIDA HEALTH SCIENCES CENTER INC,5905 HAMPTON OAKS PKWY STE E,,TAMPA,FL,336109389,8138444061,DIRECTOR OF PHARMACY/AO,333600000X|3336C0003X,tier_1_primary_pharmacy,Y,Y,
1942361761,CONDOMINIUM PHARMACY,4790 NW 7TH ST,,MIAMI,FL,331262200,3054481000,TREASURER,333600000X|3336C0003X,tier_1_primary_pharmacy,Y,Y,
1851452676,NORTH BEACHES PHARMACY INC,730 BEACH BLVD STE 104,,JACKSONVILLE,FL,32250,9042415171,"OWNER,PRES,AO",333600000X|3336C0004X|3336C0003X,tier_1_primary_pharmacy,Y,Y,
1326100926,PUBLIX SUPER MARKETS INC,605 COURTLAND BLVD,,DELTONA,FL,327388913,4073215421,VP PHARMACY,333600000X|3336C0003X,tier_1_primary_pharmacy,Y,N,PUBLIX
1477616092,ORLANDO HEALTH INC,1400 S ORANGE AVE,MP 138,ORLANDO,FL,328062134,3218411647,"CORPORATE MANAGER, RETAIL PHARMACY",333600000X|3336S0011X|3336C0003X,tier_1_primary_pharmacy,Y,Y,
1386707909,TRNITY HEALTHCARE CORP,85 GENEVA DR,,OVIEDO,FL,327656757,4073662677,OWNER,3336C0003X,tier_1_primary_pharmacy,Y,Y,
1881757417,ST GEORGE PHARMACY INC,31201 US HIGHWAY 19 N,,PALM HARBOR,FL,346844480,7277726868,PHARMACY MGR,3336C0004X|3336L0003X|3336C0003X,tier_1_primary_pharmacy,Y,Y,
1134282403,MNC RX INC,5827 LAKE WORTH RD,,GREENACRES,FL,334633209,3054776507,PRESIDENT,3336C0003X,tier_1_primary_pharmacy,Y,Y,
1568525186,NORTH FLORIDA PHARMACY OF KEYSTONE HEIGHTS INC,405 S LAWRENCE BLVD,,KEYSTONE HEIGHTS,FL,326569222,3524782057,PHARMACY MANAGER,3336C0003X,tier_1_primary_pharmacy,Y,Y,
1992869705,UNITED MED PHARMACY,960 NE 62ND ST,,OAKLAND PARK,FL,333344110,9543187575,PRESIDENT,333600000X,tier_1_primary_pharmacy,Y,Y,
1902960552,CAMILLUS PHARMACY LLC,10780 W FLAGLER STREET,SUITE #15,MIAMI,FL,33174,3052213441,MANAGER,3336C0003X,tier_1_primary_pharmacy,Y,Y,
1760546956,"BI-WISE DRUGS, INC",3165 N MCMULLEN BOOTH RD STE F-1,,CLEARWATER,FL,337612020,7277243112,GENERAL MANAGER,3336C0004X,tier_1_primary_pharmacy,Y,Y,
1235293408,"BI-WISE DRUGS, INC",4954 RIDGEMOOR BLVD,,PALM HARBOR,FL,346851744,7277814577,GENERAL MANAGER,333600000X,tier_1_primary_pharmacy,Y,Y,
1548324726,"BI-WISE DRUGS, INC",1810 S PINELLAS AVE STE F,,TARPON SPRINGS,FL,346891989,7279445700,GENERAL MANAGER,333600000X,tier_1_primary_pharmacy,Y,Y,
1164587929,ELOMAR DRUGS CORP,2741 CORAL WAY,,MIAMI,FL,331453201,3055290003,PRESIDENT,3336C0003X,tier_1_primary_pharmacy,Y,Y,
1053475988,SLEEPTECH ASSOCIATES,5431 NW 15TH ST STE 10,,MARGATE,FL,330633772,9549175699,PRESIDENT,3336C0004X,tier_1_primary_pharmacy,Y,Y,
1982769303,KME RX INC,3491 S CONGRESS AVE,BAY 6,PALM SPRINGS,FL,334613021,5614320402,OWNER PHARMACIST,333600000X|3336C0003X,tier_1_primary_pharmacy,Y,Y,
1891850228,ALPHA DRUGS,3723 SOUTHSIDE BLVD,STE 6,JACKSONVILLE,FL,322164685,9049961401,PHARMACY MANAGER,3336C0003X,tier_1_primary_pharmacy,Y,Y,
1700941135,LEON MEDICAL CENTERS LLC,2020 W 64TH ST,,HIALEAH,FL,330162607,3056315924,DIR OF PHCY,3336C0002X|3336C0003X,tier_1_primary_pharmacy,Y,Y,
1619032042,FLETCHER DISCOUNT PHARMACY INC,3450 E FLETCHER AVE,STE 140,TAMPA,FL,336134655,8139772013,PRESIDENT,3336C0003X,tier_1_primary_pharmacy,Y,Y,
1346305778,JUAN AND JOHN DRUGS,340 E SUGARLAND HWY,STE A,CLEWISTON,FL,334403124,8639837277,"OWNER, PRESIDENT",333600000X|3336C0004X|3336C0003X,tier_1_primary_pharmacy,Y,Y,
1255496683,CAREMED HEALTH CORPORATION,3480 MORNING LAKE DR,UNIT 202,BONITA SPRINGS,FL,341349160,2399499036,PRES,3336C0004X|3336C0003X,tier_1_primary_pharmacy,Y,Y,
1164587598,DARJEN INC,3401 PGA BLVD,,PALM BEACH GARDENS,FL,334102823,5614938840,OWNER PRES,3336L0003X|333600000X|3336C0003X,tier_1_primary_pharmacy,Y,Y,
1629133244,RODRITECH INC,5757 SW 8TH ST,STE 117,WEST MIAMI,FL,331445060,3052600735,OWNER,3336C0003X,tier_1_primary_pharmacy,Y,Y,
1699830216,B & B PHARMACY DISCOUNT INC,5595 SW 8TH ST,,CORAL GABLES,FL,331342219,3052642265,PRESIDENT,333600000X,tier_1_primary_pharmacy,Y,Y,
1437214863,COLLIER PHARMACEUTICAL SERVICES INC,700 2ND AVE N,SUITE 101,NAPLES,FL,341025756,2392634490,OWNER,333600000X|3336C0003X,tier_1_primary_pharmacy,Y,Y,
1972668176,JUAN AND JOHN DRUGS,149 HWY 80 W,,LABELLE,FL,33935,8636750004,"OWNER, PRES",333600000X|3336C0003X,tier_1_primary_pharmacy,Y,Y,
1497810691,LA CARIDAD PHARMACY INC,4041 SW 96TH AVE,,MIAMI,FL,331655104,3052208822,PRESIDENT,333600000X|3336C0003X,tier_1_primary_pharmacy,Y,Y,
1346305554,MARTIN MEMORIAL MEDICAL CENTER INC,200 SE HOSPITAL AVE,,STUART,FL,349942346,7722885813,CHIEF ACCOUNTING OFFICER/CONTROLLER,333600000X|3336S0011X|3336C0003X,tier_1_primary_pharmacy,Y,Y,
1982769188,"ASPIRE HEALTH PARTNERS, INC.",434 KENNEDY BLVD,,ORLANDO,FL,328106272,4076671622,CFO,333600000X|3336I0012X,tier_1_primary_pharmacy,Y,Y,
1437215498,"TARANO MEDICAL SUPPLLY,INC",6033 SW 8TH ST,,WEST MIAMI,FL,331445039,3052677882,OWNER,3336C0003X,tier_1_primary_pharmacy,Y,Y,
1679638753,MELVIN P LIVINGSTEN JR,1189 JOHN SIMS PKWY,,NICEVILLE,FL,32578,8507293684,RPH OWNER,333600000X,tier_1_primary_pharmacy,Y,Y,
1942366927,MAGGY PHARMACY DISCOUNT INC.,1255 W 46TH ST # 5-6,,HIALEAH,FL,330123283,3055572262,OWNER,333600000X,tier_1_primary_pharmacy,Y,Y,
1811053705,PINES DISCOUNT PHARMACY INC,2020 KINGSLEY AVE STE 2B,,ORANGE PARK,FL,320735181,9045277330,PRESIDENT,3336C0003X,tier_1_primary_pharmacy,Y,Y,
1720144611,S AND S PHARMACY INC,9945 TRINITY BLVD,STE 107,TRINITY,FL,346554552,7273767800,PRESIDENT AND PHCY MGR,3336C0003X|3336C0004X,tier_2_secondary_pharmacy,N,Y,
1457417347,ANDERSONS THRIF-T DRUGS INC,4350 BAYOU BLVD,,PENSACOLA,FL,325031948,8504844338,OWNER,333600000X|3336C0003X,tier_1_primary_pharmacy,Y,Y,
1366508251,POLARIS PHARMACY CORP,10845 SW 40TH ST,,MIAMI,FL,331654410,3054858787,PRESIDENT,333600000X|3336C0003X,tier_1_primary_pharmacy,Y,Y,
1639235526,ANDERSONS THRIF T DRUGS INC,14 W JORDAN ST,,PENSACOLA,FL,325011736,8504332165,OWNER,333600000X|3336C0004X|3336C0003X,tier_1_primary_pharmacy,Y,Y,
1548326432,"GENERAL APOTHECARIES, INC",900 PINE ST,STE 211,ENGLEWOOD,FL,342234454,9414753784,CEO,3336C0004X|333600000X|3336L0003X|3336C0003X,tier_1_primary_pharmacy,Y,Y,
1194881599,S & S PHARMACY INC,14973 BRUCE B DOWNS BLVD STE 204,,TAMPA,FL,336132860,8138665000,PRESIDENT AND PHCY MGR,3336C0004X|3336C0003X,tier_1_primary_pharmacy,Y,Y,
1710043187,LOVE PHARMACY,1000 E 4TH AVE,,HIALEAH,FL,330104104,3058853352,PRESIDENT,333600000X|3336C0003X,tier_1_primary_pharmacy,Y,Y,
1841356110,RB COMPOUNDING PHARMACY,2311 SEVEN SPRINGS BLVD,,NEW PORT RICHEY,FL,346553913,7273759500,OWNER,3336C0003X,tier_1_primary_pharmacy,Y,Y,
1750447025,HUNT CLUB PHARMACY,425 S HUNT CLUB BLVD,STE 1001,APOPKA,FL,327034947,4073896094,OWNER,3336C0003X,tier_1_primary_pharmacy,Y,Y,
1669538930,DRUG CENTER INC,1625 PALM AVE,,HIALEAH,FL,330103000,3058877900,VP PHCY MGR,333600000X|3336C0003X,tier_1_primary_pharmacy,Y,Y,
1992862726,JULIO'S PHARMACY INC,2875 W 2ND AVENUE,,HIALEAH,FL,33010,3058840703,PRESIDENT/OWNER,3336C0003X,tier_1_primary_pharmacy,Y,Y,
1518024116,DRUG STORE AND MORE INC,8305 GARDEN RD,SUITE 1-3,WEST PALM BEACH,FL,334041709,5618424456,PHARMACIST,333600000X,tier_1_primary_pharmacy,Y,Y,
1104983899,LAKE WIRE PHARMACY INC,505 MARTIN LUTHER KING JR AVE,SUITE 3,LAKELAND,FL,33815,8636826880,PHARMACY MANAGER,333600000X,tier_1_primary_pharmacy,Y,Y,
1407913841,PUBLIX SUPER MARKETS INC,7830 LAND O LAKES BLVD,,LAND O LAKES,FL,346385701,8139963348,VP PHARMACY,333600000X|3336C0003X,tier_1_primary_pharmacy,Y,N,PUBLIX
1780741983,LEESBURG REGIONAL MEDICAL CENTER INC,600 E DIXIE AVE,OUTPATIENT PHARMACY ROOM 1046,LEESBURG,FL,347485925,3523235384,CEO,3336C0003X,tier_1_primary_pharmacy,Y,Y,
1184771164,LA LUZ DRUG STORE INC.,4677 W FLAGLER ST,,CORAL GABLES,FL,331341512,3054433910,OWNER,3336C0003X,tier_1_primary_pharmacy,Y,Y,
1811045180,PROPHARMACY & DISCOUNT,11478 QUAIL ROOST DR,,MIAMI,FL,331576575,3059713388,OWNER,333600000X,tier_1_primary_pharmacy,Y,Y,
1528115813,UNION PHARMACY AND MEDICAL SUPPLIES II,2501 SW 67TH AVE,,MIAMI,FL,331552968,3056618800,PRESIDENT,333600000X|3336I0012X|3336L0003X|3336C0003X,tier_1_primary_pharmacy,Y,Y,
1225186497,"PRESCRIPTION SHOP OF STUART, INC",622 COLORADO AVE,,STUART,FL,349943016,7722873443,PRESIDENT,3336C0003X,tier_1_primary_pharmacy,Y,Y,
1275682619,CIRCLES OF CARE INC,1770 CEDAR ST,,ROCKLEDGE,FL,329553133,3218901590,DIRECTOR OF PHARMACIES,333600000X,tier_1_primary_pharmacy,Y,Y,
1588713465,MIAMI SPRINGS PHARMACY,45 CURTISS PKWY,,MIAMI SPRINGS,FL,331665218,3058885259,OWNER,3336C0003X,tier_1_primary_pharmacy,Y,Y,
1124177951,CIRCLES OF CARE INC,2020 COMMERCE DRIVE,,WEST MELBOURNE,FL,329042335,3219526020,DIRECTOR OF PHARMACIES,333600000X,tier_1_primary_pharmacy,Y,Y,
1598814287,PARAMORES PHARMACY INC,4314 5TH AVE,,MARIANNA,FL,324462182,8504823924,OWNER,333600000X|3336C0003X,tier_1_primary_pharmacy,Y,Y,
1841340296,SABY PHARMACY & DISCOUNT INC,210 SW 22ND AVE,,MIAMI,FL,331351505,3056439693,PRESIDENT,3336C0003X,tier_1_primary_pharmacy,Y,Y,
1679623987,CAREPLUS PHARMACY CORP,3020 S COMBEE RD,,LAKELAND,FL,338037306,8636688480,OWNER,333600000X|3336C0003X,tier_1_primary_pharmacy,Y,Y,
1023168994,CARE TOUCH MEDICAL EQUIPMENT INC,2939 FOREST HILL BLVD,,WEST PALM BEACH,FL,334065962,5618557802,PHARMACIST,333600000X|3336C0003X,tier_1_primary_pharmacy,Y,Y,
1518017359,JENEL PHARMACY INC,3491 E 4TH AVE,,HIALEAH,FL,330133052,3056931104,PRESIDENT,3336C0003X,tier_1_primary_pharmacy,Y,Y,
1457402083,BARCLAY PHARMACY INC.,200 TAMIAMI TRL N STE A,,VENICE,FL,342851914,9414842494,PRES.,3336C0003X,tier_1_primary_pharmacy,Y,Y,
1396896676,VEROIVON CORPORATION,285 NW 27TH AVE,,MIAMI,FL,331255131,3056490064,MANAGER,3336C0003X,tier_1_primary_pharmacy,Y,Y,
1316098486,ENGLEWOOD SPECIALTY PHARMACY,21234 OLEAN BLVD,SUITE 6,PORT CHARLOTTE,FL,339526752,9412553784,OWNER,3336C0003X,tier_1_primary_pharmacy,Y,Y,
1316098395,PINE ISLAND DRUGS INC,8844 W STATE ROAD 84,UNIT B,DAVIE,FL,333244455,9544243784,PRESIDENT,333600000X|3336C0004X|3336C0003X,tier_1_primary_pharmacy,Y,Y,
1477604486,"TAMPA FAMILY HEALTH CENTERS, INC.",2808 W DR MLK BLVD,,TAMPA,FL,336076306,8133975300,PRESIDENT/CEO,333600000X|3336C0003X,tier_1_primary_pharmacy,Y,Y,
1265583272,KENNEDEE GLOBAL SERVICES INC.,4525 N PINE HILLS RD,,ORLANDO,FL,328081952,4074252615,CEO,3336C0003X,tier_1_primary_pharmacy,Y,Y,
1447302963,"MATRIX PHARMACY, LLC",5706 BENJAMIN CENTER DR,SUITE 103,TAMPA,FL,336345262,8007840882,SR. VICE PRESIDENT,3336M0002X,tier_1_primary_pharmacy,Y,Y,
1225180722,"INDIAN RIVER PHARMACY, INC.",3721 10TH CT,,VERO BEACH,FL,329606559,7725672555,PRESIDENT,3336C0003X|3336H0001X,tier_1_primary_pharmacy,Y,Y,
1437201613,SUMMERFIELD PHARMACY,13057 SUMMERFIELD SQUARE DR,,RIVERVIEW,FL,335787402,8132349409,PHARMACY MANAGER,333600000X,tier_1_primary_pharmacy,Y,Y,
1750434460,MEDI-Q INC,1980 E 4TH AVE,,HIALEAH,FL,330102714,3058879911,PRESIDENT,3336C0003X,tier_1_primary_pharmacy,Y,Y,
1225181670,R B WATSON PHARMACY INC,16 W WALL ST.,,FROSTPROOF,FL,33843,8636354568,OWNER,333600000X|3336C0003X,tier_1_primary_pharmacy,Y,Y,
1730232125,"TECH PHARMACEUTICALS, INC.",7432 SW 48TH ST,,MIAMI,FL,331554496,3056613561,PRESIDENT,3336C0003X,tier_1_primary_pharmacy,Y,Y,
1548314982,INTEGRITY PHARMACY SERVICES LLC,3690 NW 53RD ST,STE 140,FORT LAUDERDALE,FL,333092452,9547174343,VICE PRESIDENT,3336L0003X,tier_1_primary_pharmacy,Y,Y,
1093869448,HOLLYWOOD PHARMACY INC,13148 W DIXIE HWY,,NORTH MIAMI,FL,331614131,3058932157,PHCY MGR OWNER,333600000X|3336C0003X,tier_2_secondary_pharmacy,N,Y,
1639223076,WELLSCRIPTS LLC,2024 HOLLYWOOD BLVD,,HOLLYWOOD,FL,330204525,9542722220,COLLECTION DEPARTMENT SUPER,3336L0003X,tier_1_primary_pharmacy,Y,Y,
1366597015,"POINTE MED PHARMACY, INC.",1996 KINGSLEY AVE,,ORANGE PARK,FL,320734442,9042721919,PHARMACY MANAGER,3336C0003X|3336C0004X,tier_1_primary_pharmacy,Y,Y,
1346395829,"O'QUINN PHARMACY, INC.",200 N JEFFERSON ST,,PERRY,FL,323472652,8505847692,PRESIDENT,333600000X|3336C0003X,tier_1_primary_pharmacy,Y,Y,
1982759510,"DRUG PLACE, INC",2201 W SAMPLE RD,BLDG 9 SUITE 3A,POMPANO BEACH,FL,330733056,9549902204,VICE PRESIDENT,3336C0003X,tier_1_primary_pharmacy,Y,Y,
1952456071,"MILA MEDICAL SUPPLIES, INC.",1646 W 38TH PL,,HIALEAH,FL,330127026,3058199175,PRESIDENT,333600000X,tier_1_primary_pharmacy,Y,Y,
1558417691,"CUSTOM MEDS, INC.",102 E. HIGHLAND BLVD.,,INVERNESS,FL,34452,3523411212,PRESIDENT/OWNER,3336C0004X,tier_1_primary_pharmacy,Y,Y,
1972659472,"JMG PHARMACY, INC",3750 W 16TH AVE,SUITE 100,HIALEAH,FL,330124654,3058222351,PRESIDENT,3336C0003X,tier_1_primary_pharmacy,Y,Y,
1043356215,SHRI SAIRAM DRUGS LLC,395 W MADISON ST,,STARKE,FL,32091,9049647774,PRESIDENT,3336C0003X,tier_1_primary_pharmacy,Y,Y,
1811034119,MALECON PHARMACY INC,5966 W 16TH AVE,,HIALEAH,FL,330126814,3055588551,PRESIDENT,3336S0011X|3336M0003X|333600000X|3336C0003X,tier_1_primary_pharmacy,Y,Y,
1497891006,PIERSON COMMUNITY PHARMACY INC,112 E 1ST AVE,,PIERSON,FL,321803039,3867499557,CONSULTANT,3336L0003X|333600000X|3336C0003X,tier_1_primary_pharmacy,Y,Y,
1306982913,"SUN AND LAKE PHARMACY SERVICES, INC",1231 LAKELAND HILLS BLVD,,LAKELAND,FL,338054673,8636885427,OWNER PHARMACIST,333600000X|3336C0003X,tier_1_primary_pharmacy,Y,Y,
1215073820,CDS PHARMACIES INC,10061 AMBERWOOD RD,,FORT MYERS,FL,339138502,2394153309,VP PHARMACIST,3336C0004X|3336M0002X|3336C0003X,tier_1_primary_pharmacy,Y,Y,
1124164736,MCA PHARMACEUTICAL INC,393 ARAGON AVE,STE 912,CORAL GABLES,FL,331345010,3054036288,PRESIDENT,3336C0003X,tier_1_primary_pharmacy,Y,Y,
1942346556,CHARLES PHARMACY INC,5987 BERRYHILL RD,,MILTON,FL,325704043,8506236008,PRESIDENT,333600000X|3336C0003X,tier_1_primary_pharmacy,Y,Y,
1851437461,DANIA REXALL PHCY AND MED SUPPLY,20-22 SOUTH FEDERAL HIGHWAY,,DANIA BEACH,FL,33004,9549214665,OWNER,3336L0003X,tier_1_primary_pharmacy,Y,Y,
1114064391,WESTON PHARMACY,54 INDIAN TRCE,,WESTON,FL,333264551,9544466550,PRESIDENT,333600000X,tier_1_primary_pharmacy,Y,Y,
1851438527,DELTONA MEDICAL ARTS PHARMACY INC,921 TOWN CENTER DR STE 100,,ORANGE CITY,FL,327638266,3867747933,PRESIDENT,3336C0004X|333600000X|3336C0003X,tier_1_primary_pharmacy,Y,Y,
1831236512,COMMUNITY HEALTH CENTERS OF PINELLAS INC.,1344 22ND ST S,,ST PETERSBURG,FL,337122744,7278248131,CEO,3336C0002X,tier_1_primary_pharmacy,Y,Y,
1710024724,HALIFAX DUNN PHARMACY,1425 DUNN AVE,SUITE B,DAYTONA BEACH,FL,321141437,3862260407,MANAGER,3336C0002X,tier_1_primary_pharmacy,Y,Y,
1609913359,GENERAL PHARMACIES INC,1409 57TH AVE W,,BRADENTON,FL,342073647,9417552951,PHARMACIST,3336C0003X|3336C0004X|333600000X|3336L0003X,tier_1_primary_pharmacy,Y,Y,
1063550325,PAL LABORATORIES INC.,10655 NW 29TH TER,,DORAL,FL,331722197,3054632289,PHARMACY MANAGER,3336C0003X,tier_1_primary_pharmacy,Y,Y,
1497892871,RANI INC,24718 STATE ROAD 54,,LUTZ,FL,335596226,8139484321,PHARMACIST RPH,333600000X,tier_1_primary_pharmacy,Y,Y,
1295873248,"PLANNED PARENTHOOD OF SOUTHWEST AND CENTRAL FLORIDA, INC.",726 S TAMPA AVE,,ORLANDO,FL,328053646,4072461788,VICE PRESIDENT & CFO,3336C0002X,tier_2_secondary_pharmacy,N,Y,
1154469112,KAYSER MEDICAL EQUIPMENT CORP,8177 SW 40TH ST,SUITE 101,MIAMI,FL,331556746,3052676733,OWNER,3336L0003X,tier_1_primary_pharmacy,Y,Y,
1194863944,PUMAR PHARMACY INC,528 SW 109TH AVE,,MIAMI,FL,331741336,3055520166,VICE PRESIDENT,3336C0003X,tier_1_primary_pharmacy,Y,Y,
1366580359,US ALLIANCE PHARMACEUTICALS LLC,1717 N BAYSHORE DR,,MIAMI,FL,331321180,7867770344,DIRECTOR,3336C0003X|3336L0003X,tier_1_primary_pharmacy,Y,Y,
1275671265,NAPIER PHARMACY INC,7307 N MAIN ST,,JACKSONVILLE,FL,322084123,9047653531,PHARMACIST IN CHARGE,333600000X|3336L0003X|3336C0003X,tier_1_primary_pharmacy,Y,Y,
1316086705,LA REINA PHARMACY INC,455 SW 17 AVE,,MIAMI,FL,33135,3056436676,VP,333600000X,tier_1_primary_pharmacy,Y,Y,
1457499949,BELLAMAR PHARMACY INC,10332 WEST FLAGLER ST,,MIAMI,FL,33174,3052216060,PRESIDENT,333600000X,tier_1_primary_pharmacy,Y,Y,
1235278169,EASTWOOD PHARMACY INC,1605 E PLAZA DRIVE,,TALLAHASSEE,FL,32308,8508777108,PRESIDENT RPH,3336C0003X,tier_1_primary_pharmacy,Y,Y,
1588703532,DYL INC,1420 E FLETCHER AVE,,TAMPA,FL,336123668,8136319597,VP,333600000X|3336C0003X,tier_1_primary_pharmacy,Y,Y,
1396884342,SACRED HEART OUT PATIENT PHARMACY,5149 N 9TH AVE,STE 1137,PENSACOLA,FL,325048756,8504167137,MANAGER,3336C0004X|3336M0002X|333600000X|3336C0003X,tier_1_primary_pharmacy,Y,Y,
1164561882,WALMART PHARMACY,6868 US HWY129,,LIVE OAK,FL,32060,3863302399,PHARMACIST PHARMACY MANAGER,3336C0003X,tier_1_primary_pharmacy,Y,N,WALMART
1740320399,"GOLDENCARE PHARMACEUTICALS& IV,LLC",11908 MIRAMAR PKWY,,MIRAMAR,FL,330257005,8665817099,SVP OF SALES AND OPERATIONS,3336C0003X,tier_2_secondary_pharmacy,N,Y,
1184763831,"DIABETIC SUPPLIES OF AMERICA, INC",802 OLD DIXIE HWY,SUITE 3,LAKE PARK,FL,334032361,8005552561,PRESIDENT,3336H0001X,tier_2_secondary_pharmacy,N,Y,
1750420360,"BELEN & BELEN PHARMACIES, INC.",1104 W 29TH ST,,HIALEAH,FL,330125023,3058870284,OWNER,3336C0003X,tier_1_primary_pharmacy,Y,Y,
1861532145,"FISHER PHARMACY, INC",688 BALDWIN AVE,,DEFUNIAK SPRINGS,FL,324352596,8508925612,PRESIDENT,3336C0003X,tier_1_primary_pharmacy,Y,Y,
1528108677,"JACKSONS DRUGS OF MONTICELLO, INC.",1308 SW GRAND ST,,GREENVILLE,FL,32331,8509483011,VP,3336C0003X,tier_1_primary_pharmacy,Y,Y,
1922148428,JHH GROUP INC,1572 W 37TH ST,,HIALEAH,FL,330124624,3058233137,PRESIDENT,3336C0003X,tier_1_primary_pharmacy,Y,Y,
1447390422,DUARTE THE REAL DISCOUNT,1603 NW 27TH AVE,,MIAMI,FL,331252139,3056351029,PRESIDENT,3336C0003X,tier_1_primary_pharmacy,Y,Y,
1780724773,STUDENT HEALTH PHARMACY AT THE UNIVERSITY OF FLORIDA,280 FLETCHER DR,,GAINESVILLE,FL,326112038,3523921760,PHARMACY MANAGER,333600000X|3336C0003X,tier_1_primary_pharmacy,Y,Y,
1164562211,SOUTH BROWARD HOSPITAL DISTRICT,4105 PEMBROKE RD,,HOLLYWOOD,FL,330218103,9549854837,EXECUTIVE VICE PRESIDENT,3336C0002X,tier_1_primary_pharmacy,Y,Y,
1992846539,FLORIDA DEPARTMENT OF HEALTH,83 PONDELLA RD,,NORTH FORT MYERS,FL,339034411,2394616148,ASSISTANT DIRECTOR,3336C0003X,tier_1_primary_pharmacy,Y,Y,
1689714305,"FERRO INTERNATIONAL, INC.",2975 NW 17TH AVE,,MIAMI,FL,331426631,3056355007,OWNER,3336C0003X,tier_1_primary_pharmacy,Y,Y,
1447391040,OSBORNE PHARM II INC,201 NW 82ND AVE,STE 101,PLANTATION,FL,333247808,9544743887,PRESIDENT/OWNER,333600000X|3336C0003X,tier_1_primary_pharmacy,Y,Y,
1801937537,INNOVATIONS LLC,3411 B CAPITAL MEDICAL BLVD,,TALLAHASSEE,FL,32308,8502010926,CEO,3336C0002X|3336L0003X|3336M0002X|3336S0011X|3336C0003X,tier_1_primary_pharmacy,Y,Y,
1942340864,WISES DRUG STORE INC,708 SW 4TH AVE,,GAINESVILLE,FL,326016427,3523768286,PRESIDENT,3336C0003X,tier_1_primary_pharmacy,Y,Y,
1144360991,SOUTH BROWARD HOSPITAL DISTRICT,1150 N 35TH AVE,SUITE 105,HOLLYWOOD,FL,33021,9542651299,INTERIM CHIEF FINANCIAL OFFICER,3336S0011X|3336C0003X,tier_1_primary_pharmacy,Y,Y,
1063552750,YANIS PHARMACY INC,486 PALM AVE,,HIALEAH,FL,330104718,7863460565,PRESIDENT,3336C0003X,tier_1_primary_pharmacy,Y,Y,
1366583817,WISE'S PARKWOOD,3842 NEWBERRY RD STE 1G,,GAINESVILLE,FL,326074833,3523733547,PRESIDENTPHARMACIST,3336L0003X|3336C0003X,tier_1_primary_pharmacy,Y,Y,
1225179625,"TAMPA FAMILY HEALTH CENTERS, INC.",4620 N 22ND ST,,TAMPA,FL,336106205,8132726240,PRESIDENT/CEO,3336C0003X,tier_1_primary_pharmacy,Y,Y,
1568503985,"TAMPA FAMILY HEALTH CENTERS, INC.",12410 N NEBRASKA AVE,,TAMPA,FL,336125352,8138660950,PRESIDENT/CEO,3336C0003X,tier_1_primary_pharmacy,Y,Y,
1184765299,APOTHECARE ENTERPRISES INC,23516 COUNTY ROAD 250,,LIVE OAK,FL,320605760,3866583132,SEC/TREAS,333600000X|3336C0003X,tier_1_primary_pharmacy,Y,Y,
1477694826,CENTRAL FLORIDA FAMILY HEALTH CENTER INC.,5449 S SEMORAN BLVD,STE 14,ORLANDO,FL,328221722,4073228645,CHIEF EXECUTIVE OFFICER,3336C0003X,tier_1_primary_pharmacy,Y,Y,
1306988910,"TAMPA FAMILY HEALTH CENTERS, INC.",8213 W. WATERS AVE,,TAMPA,FL,336151822,8134905420,PRESIDENT/CEO,3336C0003X,tier_1_primary_pharmacy,Y,Y,
1104967066,ACCUMED RX INC,3104 W WATERS AVE,STE 104,TAMPA,FL,336142800,8138651325,OWNER,333600000X|3336C0003X|3336M0002X,tier_1_primary_pharmacy,Y,Y,
1013058973,WEST COAST PHARMACY II LLC,3609 HENDERSON BLVD,,TAMPA,FL,336094501,8138740795,OWNER,3336L0003X|333600000X|3336C0003X,tier_1_primary_pharmacy,Y,Y,
1730221599,JCR MEDICAL EQUIPMENT INC.,10650 NW 29TH TER,,DORAL,FL,331722195,3052627004,PRESIDENT,3336L0003X,tier_1_primary_pharmacy,Y,Y,
1659413342,ABYS PHARMACY AND DISCOUNT INC,7751 W 28TH AVE,6,HIALEAH,FL,330165113,3055575166,PRESIDENT,3336C0003X,tier_1_primary_pharmacy,Y,Y,
1427190123,AYN UNITED CORP,4302 SW 8TH ST,,CORAL GABLES,FL,331342620,3054447171,PRESIDENT,3336C0003X,tier_1_primary_pharmacy,Y,Y,
1003958711,O M BEST HELP CORP,1541 SE 12TH AVE,27,HOMESTEAD,FL,330342699,3052457952,PRESIDENT,3336C0003X,tier_1_primary_pharmacy,Y,Y,
1528100237,MAJE PHARMACY CORPORATION,12 NW 69TH AVE,,MIAMI,FL,331264445,3054035845,PRESIDENT,3336C0003X,tier_1_primary_pharmacy,Y,Y,
1689715427,WEAVER PHARMACY INC,1866 N TAMIAMI TRL,,NORTH FORT MYERS,FL,339033366,2399952700,PHARM,3336C0004X|3336S0011X|3336C0003X,tier_1_primary_pharmacy,Y,Y,
1023150596,DRM ENTERPRISES INC,4625 N NEBRASKA AVE,,TAMPA,FL,336034013,8132365953,PRESIDENT,3336C0003X,tier_1_primary_pharmacy,Y,Y,
1932241403,DRM ENTERPRISES INC,905 E MAIN ST,,BARTOW,FL,338304906,8635338881,PRESIDENT,3336C0003X,tier_1_primary_pharmacy,Y,Y,
1003958570,DRM ENTERPRISES INC,437 S CENTRAL AVE,,LAKELAND,FL,338154332,8636832807,PRESIDENT,3336C0003X,tier_1_primary_pharmacy,Y,Y,
1972645372,OMNICARE,1225 BROKEN SOUND PKWY,,BOCA RATON,FL,33487,5619948585,MANAGER,3336L0003X,tier_1_primary_pharmacy,Y,Y,
1376685719,FOSTER DRUGS AND SURGICAL SUPPLIES INC,540 13TH ST W,,BRADENTON,FL,342057419,9417482274,OWNER,3336C0003X,tier_1_primary_pharmacy,Y,Y,
1376685727,INCA-NICA,2747 SW 27TH AVE,,MIAMI,FL,331333049,3058544343,PRESIDENT,333600000X,tier_1_primary_pharmacy,Y,Y,
1013059120,"FLORIDA INTEGRATED HEALTH SERVICES, LLC",1905 W BAKER ST STE B,,PLANT CITY,FL,335631601,8137193278,V-PRESIDENT,333600000X|3336C0003X,tier_1_primary_pharmacy,Y,Y,
1689717548,HANAI INC,116 HEARTLAND WAY,,WAUCHULA,FL,338735000,8637678920,OWNER AND PRESIDENT,333600000X|3336C0003X,tier_1_primary_pharmacy,Y,Y,
1568504496,"ACHI PHARM, INC",301 HAVENDALE BLVD,,AUBURNDALE,FL,338234513,8639673632,PHARMACY MANAGER,3336C0003X,tier_1_primary_pharmacy,Y,Y,
1558404442,LAKE PLACID PHARMACY INC,224 E INTERLAKE BLVD,,LAKE PLACID,FL,338529603,8633855588,OWNER AND PRESIDENT,3336C0004X|3336C0003X,tier_1_primary_pharmacy,Y,Y,
1568505089,CANTONMENT PHARMACY INC,433 S HIGHWAY 29,,CANTONMENT,FL,325331401,8509689992,OWNER,333600000X,tier_1_primary_pharmacy,Y,Y,
1770625683,ASC PHARMACY INC,3416 W 84TH ST,108,HIALEAH,FL,330184933,3056985411,PRESIDENT,3336C0004X|3336S0011X|3336C0003X,tier_1_primary_pharmacy,Y,Y,
1083757934,J M PHARMACY & DISCOUNT INC,7385 SW 8TH ST,,MIAMI,FL,331444539,3052648113,PRESIDENT,3336C0003X,tier_1_primary_pharmacy,Y,Y,
1740323658,HEARTLAND MEDICAL SUPPLY INC,204 US 27 S,,LAKE PLACID,FL,338527900,8636996155,OWNER AND PRESIDENT,3336H0001X|3336C0004X|333600000X|3336C0003X,tier_1_primary_pharmacy,Y,Y,
1750424800,J & S DRUGS INC.,8065 W OAKLAND PARK BLVD,,SUNRISE,FL,333511118,9547415650,PRES,3336C0003X,tier_1_primary_pharmacy,Y,Y,
1538202585,DAVIDSON DRUGS INC,6595 MIDNIGHT PASS RD,,SARASOTA,FL,342422506,9413494343,PRESDIDENT,333600000X|3336C0003X,tier_1_primary_pharmacy,Y,Y,
1336282383,DAVIDSON DRUGS INC,1281 S TAMIAMI TRL,,SARASOTA,FL,342392200,9413659116,PRES,333600000X|3336C0003X,tier_1_primary_pharmacy,Y,Y,
1124161435,"JACKSON DRUGS, LLC",2301 OKEECHOBEE RD,,FORT PIERCE,FL,349506554,7724643784,OWNER,3336C0003X,tier_2_secondary_pharmacy,N,Y,
1194868307,DAVIDSON DRUGS INC,5124 OCEAN BLVD,,SARASOTA,FL,342421637,9413491111,AUTHORIZED OFFICIAL,333600000X|3336C0003X,tier_1_primary_pharmacy,Y,Y,
1073656096,WELL CARE PHARMACY INC,9714 PINES BLVD,,PEMBROKE PINES,FL,33024,9546022636,PRESIDENT,333600000X,tier_1_primary_pharmacy,Y,Y,
1326182023,"EXPRESS APOTHECARY, LLC",325 OAK WEST ST,,KISSIMMEE,FL,34741,4079320033,MANAGER,333600000X|3336C0003X|3336C0004X,tier_2_secondary_pharmacy,N,Y,
1942344403,LEE ANN DRUG INC,955 WASHINGTON AVE,,MIAMI BEACH,FL,331395015,3055311256,PRESIDENT,3336C0003X,tier_1_primary_pharmacy,Y,Y,
1629112818,"WAKULLA STATION PHARMACY, INC",961 WOODVILLE HWY,,CRAWFORDVILLE,FL,323270706,8504214040,OWNER,3336C0003X,tier_1_primary_pharmacy,Y,Y,
1699810663,KIMA CORPORATION,2629 DAVIE BLVD,,FORT LAUDERDALE,FL,333123029,9545839433,STORE MANAGER,3336C0003X,tier_1_primary_pharmacy,Y,Y,
1700920873,CAPSULE JACKSONVILLE LLC,834 LOMAX ST,,JACKSONVILLE,FL,322043902,9043537468,SOLE MANAGER,3336C0003X,tier_1_primary_pharmacy,Y,Y,
1679618748,PUBLIX SUPER MARKETS INC,11600 W SAMPLE RD,,CORAL SPRINGS,FL,330652650,9545095294,VP PHARMACY,333600000X|3336C0003X,tier_1_primary_pharmacy,Y,N,PUBLIX
1194860072,PUJA ENTERPRISES INC,10010 CROSS CREEK BLVD,,TAMPA,FL,336472595,8139073150,PHARMACIST,3336C0003X,tier_1_primary_pharmacy,Y,Y,
1932244886,STEWARTS PHARMACY AND THE WELLNESS STORE INC,1350 E MAHAN ST STE B-1,,TALLAHASSEE,FL,32308,8502161021,SECT-TREAS,3336C0004X,tier_1_primary_pharmacy,Y,Y,
1104961200,"PUBLIX SUPER MARKETS, INC.",3300 PUBLIX CORPORATE PKWY,,LAKELAND,FL,338113311,8636881188,VP PHARMACY,333600000X|3336C0003X,tier_1_primary_pharmacy,Y,N,PUBLIX
1013052117,"PUBLIX SUPER MARKETS, INC",3300 PUBLIX CORPORATE PKWY,,LAKELAND,FL,338113311,8636881188,VP PHARMACY,333600000X|3336C0003X,tier_1_primary_pharmacy,Y,N,PUBLIX
1467597799,JAY PHARMACY OF JAY FLORIDA INC,14088 ALABAMA ST,,JAY,FL,325651036,8506756666,PHARMACY MANAGER,333600000X|3336C0003X,tier_1_primary_pharmacy,Y,Y,
1689719213,GREAT CARE PHARMACY INC,17560 NW 27 AVE,SUITE 107,MIAMI GARDENS,FL,33056,3054307970,PRESIDENT,333600000X|3336C0003X,tier_1_primary_pharmacy,Y,Y,
1326183898,MANFY INC,2303 W 15TH ST STE D,,PANAMA CITY,FL,324011500,8507850700,PRESIDENT,3336C0003X,tier_1_primary_pharmacy,Y,Y,
1548305113,BAY COUNTY HEALTH SYSTEM LLC,801 E 6TH ST STE 101,,PANAMA CITY,FL,324013662,8507691611,CEO,3336C0004X|3336S0011X|333600000X|3336C0003X,tier_1_primary_pharmacy,Y,Y,
1932244613,YN AND CM INC,27873 S DIXIE HWY,,HOMESTEAD,FL,330328129,3052460353,PRESIDENT OWNER,3336C0003X,tier_1_primary_pharmacy,Y,Y,
1932244555,GARON PHARMACY INC.,8000 4TH ST N,,ST PETERSBURG,FL,337023653,7275773170,PRESIDENT,3336C0003X,tier_1_primary_pharmacy,Y,Y,
1083759559,ADVANCE FLORIDA MEDICAL SUPPLIES INC D/B/A ADVANCE FLORIDA PHARMACY,490 OPA LOCKA BLVD,10,OPA LOCKA,FL,330543563,3056855854,PRESIDENT,333600000X,tier_1_primary_pharmacy,Y,Y,
1457496812,FRONTIER PHARMACIES,12399 SW 53RD ST,105,COOPER CITY,FL,333303308,8774343329,PRESIDENT,3336C0003X,tier_1_primary_pharmacy,Y,Y,
1225163264,PREFERRED PRESCRIPTION PLAN INC,2201 W SAMPLE RD,BLDG 9 STE 1A,POMPANO BEACH,FL,330733082,8779691230,VICE-PRESIDENT,3336L0003X,tier_1_primary_pharmacy,Y,Y,
1750416202,"JAY PHARMACY OF JAY,FLA INC",14088 ALA ST,,JAY,FL,32565,8596756666,PRESIDENT,3336C0003X,tier_1_primary_pharmacy,Y,Y,
1588799001,CADUCEUS PHARMACY II LLC,4361 N STATE ROAD 7,,LAUDERDALE LAKES,FL,333194856,9547978077,MANAGING MEMBER/PHARMACIST IN CHARG,333600000X|3336C0003X,tier_1_primary_pharmacy,Y,Y,
1184759565,L M FARMACIA INC,70 W 9TH ST,,HIALEAH,FL,330104013,3055585867,PRESIDENT,3336C0003X,tier_1_primary_pharmacy,Y,Y,
1699801845,LUPER CORP,9258 SW 40TH ST,,MIAMI,FL,331654151,3055540438,TREASURER,333600000X|3336C0003X,tier_1_primary_pharmacy,Y,Y,
1972639813,"DR G'S PHARMACY, INC","5975 N FEDERAL HIGHWAY, SUITE 108",,FT LAUDERDALE,FL,33308,9549380005,PRESIDENT,3336C0003X,tier_1_primary_pharmacy,Y,Y,
1538295464,MORTAR AND PESTLE INVESTMENTS,5404 10TH ST,,MALONE,FL,324453128,8505695100,OWNER,333600000X|3336C0003X,tier_1_primary_pharmacy,Y,Y,
1316074750,DEYSI PHARMACY INC,7176 SW 47TH ST,,MIAMI,FL,331554655,3056689354,PRESIDENT,3336C0003X,tier_1_primary_pharmacy,Y,Y,
1306972708,SPECIALTY CARE RX,1856 N PINE ISLAND RD,,PLANTATION,FL,333225202,9544231147,CEO,3336C0003X|333600000X|3336M0002X,tier_1_primary_pharmacy,Y,Y,
1215063615,FLORIDA DRUG OF TAMPA INC,2102 E 7TH AVE,,TAMPA,FL,336053904,8132483308,PHARMACIST MANAGER,333600000X|3336C0003X,tier_1_primary_pharmacy,Y,Y,
1740317106,STAR SERVICES PHARMACY INC,8428 BIRD RD,,MIAMI,FL,331553226,3052253630,PRESIDENT,3336C0003X,tier_1_primary_pharmacy,Y,Y,
1912034265,XTRA DISCOUNT DRUGS HC,401 EAST HINSON AVE,,HAINES CITY,FL,33844,8634216399,PRESIDENT,3336C0003X,tier_1_primary_pharmacy,Y,Y,
1275660458,"LOCATEL STORES OPERATIONS, LLC",1715 E HALLANDALE BEACH BLVD,,HALLANDALE BEACH,FL,330094621,9544161202,CEO,3336C0003X,tier_1_primary_pharmacy,Y,Y,
1366579260,ALPHA PHARMACY INC,7652 N. HILL ROAD,,TAMARAC,FL,33321,9547211259,PRESIDENT,3336C0003X,tier_1_primary_pharmacy,Y,Y,
1649307414,"HALLIDAY'S DRUGS, INC.",4133 UNIVERSITY BLVD S # 1,,JACKSONVILLE,FL,322164316,9047372216,MANAGER,3336C0004X,tier_1_primary_pharmacy,Y,Y,
1124154521,HOMESTEAD MEDICAL PHARMACY INC,854 N KROME AVE,,HOMESTEAD,FL,330304407,3052481310,PHARMACIST,333600000X|3336C0003X,tier_1_primary_pharmacy,Y,Y,
1548397326,PUBLIX SUPER MARKETS INC,717 N 14TH ST,,LEESBURG,FL,347484205,3527870664,VP PHARMACY,333600000X|3336C0003X,tier_1_primary_pharmacy,Y,N,PUBLIX
1841327681,MEDICAL CENTER PHARMACY INC OF QUINCY,306 E JEFFERSON ST,,QUINCY,FL,323512530,8506277595,OWNER,333600000X|3336C0003X,tier_1_primary_pharmacy,Y,Y,
1568599249,ALACHUA PHARMACY INC,15560 NW US HIGHWAY 441,,ALACHUA,FL,326155168,3864181444,PHARMACIST,3336C0003X,tier_1_primary_pharmacy,Y,Y,
1003944588,INFUSION TECHNOLOGIES INC,3728 PHILLIPS HWY,STE. 212,JACKSONVILLE,FL,322079300,9043993332,PRESIDENT,333600000X|3336C0002X|3336S0011X|3336H0001X,tier_1_primary_pharmacy,Y,Y,
1780712612,PANAMA CITY PHARMACY INC,1108 HARRISON AVE,,PANAMA CITY,FL,324012431,8507850286,RPH MANAGER,3336C0003X,tier_1_primary_pharmacy,Y,Y,
1992833867,ROSE BROS INC,100 NW 82ND AVE STE 406,,PLANTATION,FL,333241835,9544727244,PRESIDENT,333600000X|3336C0003X,tier_1_primary_pharmacy,Y,Y,
1700914496,BALDOMERO LOPEZ STATE VETERANS NURSING HOME,6919 PARKWAY BLVD,,LAND O LAKES,FL,346392909,8135585000,PHARMACY MANAGER,3336L0003X,tier_1_primary_pharmacy,Y,Y,
1780712323,GOODMAN DRUGS OF FL CORP,1234 NE 4TH AVENUE,SUITE C,FORT LAUDERDALE,FL,33304,9547646257,OWNER,3336C0003X,tier_1_primary_pharmacy,Y,Y,
1134258684,"COMMUNITY HEALTH CENTERS, INC",225 E 7TH ST,,APOPKA,FL,327035327,4076145319,CFO,3336C0003X,tier_1_primary_pharmacy,Y,Y,
1942338520,LFM PROFESSIONAL SERVICES INC,10550 NW 77TH CT,,HIALEAH GARDENS,FL,330167084,3058191942,PRESIDENT,3336C0003X,tier_1_primary_pharmacy,Y,Y,
1295863884,"COMMUNITY HEALTH CENTERS, INC",1296 W BROAD ST,,GROVELAND,FL,347362012,3524356696,CFO,3336C0003X,tier_1_primary_pharmacy,Y,Y,
1265560841,"COMMUNITY HEALTH CENTERS, INC",13275 W COLONIAL DR,,WINTER GARDEN,FL,347873984,4076145374,CFO,3336C0003X,tier_1_primary_pharmacy,Y,Y,
1306974993,OB PHARMACY INC,5554 SW 8TH ST,,CORAL GABLES,FL,331342220,3054465990,PRESIDENT,3336C0003X,tier_1_primary_pharmacy,Y,Y,
1235268319,NEW HOPE PHARMACY,1920 E 4TH AVE,,HIALEAH,FL,330102714,3058059950,PRESIDENT,3336C0003X,tier_1_primary_pharmacy,Y,Y,
1285763201,C D Y CORP,1350 SW 57TH AVE,105,WEST MIAMI,FL,331445775,3052617006,PRESIDENT,3336C0003X,tier_1_primary_pharmacy,Y,Y,
1033248810,MASSEY DRUGS INC,105 W JEFFERSON ST,,QUINCY,FL,323512321,8506277584,PRESIDENT,333600000X|3336C0003X,tier_1_primary_pharmacy,Y,Y,
1942339726,JELMA CORPORATION,13379 SW 42ND ST,,MIAMI,FL,331753204,3052234949,OWNER/PRESIDENT,333600000X|3336C0003X,tier_1_primary_pharmacy,Y,Y,
1316076409,"COMMUNITY HEALTH CENTERS, INC",840 MERCY DR,,ORLANDO,FL,328080000,4076145375,CFO,3336C0003X,tier_1_primary_pharmacy,Y,Y,
1912037557,L & T COMP INC,1248 MARINER BLVD,,SPRING HILL,FL,346095657,3526848477,PRESIDENT,3336C0003X,tier_1_primary_pharmacy,Y,Y,
1013048115,DYALS MASON AVENUE PHARMACY INC,636 MASON AVE,,DAYTONA BEACH,FL,321174835,3862550907,CONSULTANT,333600000X|3336L0003X|3336C0004X|3336S0011X|3336C0003X,tier_1_primary_pharmacy,Y,Y,
1922139021,PREMIER PHARMACY OF JACKSONVILLE INC,150 E 8TH ST,,JACKSONVILLE,FL,322063704,9043555646,PRESIDENT,333600000X|3336C0003X,tier_1_primary_pharmacy,Y,Y,
1740311844,PALM AVENUE PHARMACY INC,2501 SW 67TH AVE,,MIAMI,FL,331552968,3056618800,OWNER,333600000X|3336C0003X,tier_1_primary_pharmacy,Y,Y,
1134251796,VIDA PHARMACY CORP,7250 W 24TH AVE,SUITE 19/20,HIALEAH,FL,330166575,3058228234,OWNER,333600000X,tier_1_primary_pharmacy,Y,Y,
1306978036,REDONDO PHARMACY,19533 NW 57TH AVE,,OPA LOCKA,FL,330554709,3056250225,PRESIDENT,333600000X,tier_1_primary_pharmacy,Y,Y,
1649302266,CENTANNI ENTERPRISES INC,674 US HIGHWAY 331 S,,DEFUNIAK SPRINGS,FL,324353349,8509510859,PHARMACIST,3336C0003X,tier_1_primary_pharmacy,Y,Y,
1922130277,"FLORIDA HEALTH CARE PLAN, INC.",1510 RIDGEWOOD AVE STE 100,,HOLLY HILL,FL,321172259,3866767173,CMO,333600000X|3336M0003X,tier_1_primary_pharmacy,Y,Y,
1841322005,FLORIDA HEALTH CARE PLANS INC,350 N CLYDE MORRIS BLVD,,DAYTONA BEACH,FL,321142733,3862480832,CMO,333600000X|3336M0003X,tier_1_primary_pharmacy,Y,Y,
1780717769,"L & B PHARMACY, INC.",8030 NW 103RD STREET,SUITE 5,HIALEAH GARDEN,FL,33016,8772207909,PRESIDENT,3336C0003X,tier_1_primary_pharmacy,Y,Y,
1407989239,A S I PHARMACY INC,11300 NW 87TH CT,149,HIALEAH GARDENS,FL,330184586,3052272120,PRESIDENT,3336C0003X,tier_1_primary_pharmacy,Y,Y,
1952434631,PUBLIC HEALTH TRUST OF DADE COUNTY FLORIDA,160 NW 170TH ST,PHARMACY DEPARTMENT,NORTH MIAMI BEACH,FL,331695521,3056545092,CHIEF FINANCIAL OFFICER,3336I0012X|3336C0003X,tier_1_primary_pharmacy,Y,Y,
1457484156,DRUGVILLE PHARMACY INC,5580 WEST 16TH AVE,#204,HIALEAH,FL,33012,3056981399,PRESIDENT,3336C0003X,tier_1_primary_pharmacy,Y,Y,
1275666471,CHILD HEALTH SYSTEMS INC,8509 BENJAMIN ROAD,SUITE A D,TAMPA,FL,336341224,8138800220,VICE PRESIDENT,333600000X,tier_1_primary_pharmacy,Y,Y,
1366575524,UNIQUE M&J,1001 SW 8TH ST,,MIAMI,FL,331303601,3058542550,PRESIDENT,333600000X,tier_1_primary_pharmacy,Y,Y,
1629102587,LEON MEDICAL CENTERS LLC,101 SW 27TH AVE,,MIAMI,FL,331351428,3056446401,DIRECTOR OF PHARMACY,3336C0002X|3336C0003X,tier_1_primary_pharmacy,Y,Y,
1295869907,INFUSION SYSTEMS OF S W FLORIDA INC,1826 BOY SCOUT DR,,FORT MYERS,FL,339072113,2394823022,PRESIDENT,3336C0004X|3336S0011X|333600000X|3336C0003X,tier_1_primary_pharmacy,Y,Y,
1013041458,"MED-CARE MEDICAL, INC",1052 S POWERLINE RD,,DEERFIELD BEACH,FL,334428119,9543540530,OWNER,3336C0004X|3336C0003X,tier_1_primary_pharmacy,Y,Y,
1538293824,"FLORIDA HEALTH CARE PLAN, INC.",2777 ENTERPRISE RD,,ORANGE CITY,FL,327638310,3867745961,CMO,333600000X|3336M0003X,tier_1_primary_pharmacy,Y,Y,
1871627174,FLORIDA HEALTH CARE PLANS INC,239 N RIDGEWOOD AVE,,EDGEWATER,FL,321321734,3864234212,CMO,333600000X|3336M0003X,tier_1_primary_pharmacy,Y,Y,
1679607972,FLORIDA HEALTH CARE PLAN INC,309 PALM COAST PARKKWAY,,PALM COAST,FL,321373886,3864469447,CMO,333600000X|3336M0003X,tier_1_primary_pharmacy,Y,Y,
1194849240,THAGARD STUDENT HEALTH CENTER,137 COLLEGIATE WAY FSU TSHC,,TALLAHASSEE,FL,323062140,8506448869,MEDICAL DIRECTOR,3336C0003X,tier_1_primary_pharmacy,Y,Y,
1255465605,FLORIDA HEALTH CARE PLAN INC,937 N SPRING GARDEN AVE,,DELAND,FL,327202560,3867367318,CMO,333600000X|3336M0003X,tier_1_primary_pharmacy,Y,Y,
1598889677,"L.S.S. PHARMACY DISCOUNT, INC.",10521 SW 40TH ST,,MIAMI,FL,331653747,3052261293,PRESIDENT,3336C0003X,tier_1_primary_pharmacy,Y,Y,
1164546875,"FLORIDA HEALTH CARE PLAN, INC",740 DUNLAWTON AVE,STE 150,PORT ORANGE,FL,321274239,3867670563,CMO,333600000X|3336M0003X,tier_1_primary_pharmacy,Y,Y,
1124142567,DRUG DEPOT INC,2595 TAMPA RD,SUITE E,PALM HARBOR,FL,346843152,7275472654,MANAGER,3336C0003X,tier_1_primary_pharmacy,Y,Y,
1235254053,ACOLOGY PRESCRIPTION COMPOUNDING INC,131 DEL PRADO BLVD S,SUITE 101,CAPE CORAL,FL,339901723,2395732424,PRESIDENT PHARMACIST,333600000X,tier_1_primary_pharmacy,Y,Y,
1851416853,PUBLIX SUPER MARKETS INC,327 COLONY BLVD,,THE VILLAGES,FL,321626084,3523911808,VP PHARMACY,333600000X|3336C0003X,tier_1_primary_pharmacy,Y,N,PUBLIX
1306961248,LEON MEDICAL CENTERS LLC,8600 NW 41ST ST,,DORAL,FL,331666202,3056425366,PHCY DIR,3336S0011X|3336C0003X,tier_1_primary_pharmacy,Y,Y,
1114042322,LEON MEDICAL CENTERS LLC,445 E 25TH ST,,HIALEAH,FL,330133810,3056446415,DIRECTOR OF PHARMACY,3336C0002X|3336C0003X,tier_1_primary_pharmacy,Y,Y,
1457477689,LEON MEDICAL CENTERS LLC,8888 CORAL WAY,,MIAMI,FL,331652008,3056446416,DIRECTOR OF PHARMACY,3336M0003X,tier_1_primary_pharmacy,Y,Y,
1568587087,LEON MEDICAL CENTERS LLC,2020 W 64TH ST,,HIALEAH,FL,330162607,3056315924,DIR OF PHCY,3336C0002X|3336C0003X,tier_1_primary_pharmacy,Y,Y,
1053437954,SEMINOLE TRIBE OF FLORIDA,6401 SHERIDAN ST,,HOLLYWOOD,FL,330244138,9549617210,CEO,333600000X,tier_1_primary_pharmacy,Y,Y,
1275659757,L A D S CO. OF NORTH FLORIDA,140 SW RANGE AVE,,MADISON,FL,323402457,8509732222,VICE PRESIDENT,3336C0003X,tier_1_primary_pharmacy,Y,Y,
1851418149,TOWN PHARMACY INC,14826 TAMIAMI TRAIL,,NORTH PORT,FL,34287,9414297766,PRESIDENT,3336L0003X|3336C0004X|3336C0003X,tier_1_primary_pharmacy,Y,Y,
1003933474,SARASOTA SPECIALTY PHRM AND WELLNESS CTR,2075 SIESTA DR,,SARASOTA,FL,342395232,9413660880,MBA,333600000X|3336C0003X,tier_1_primary_pharmacy,Y,Y,
1184742736,SCI MEDICAL SUPPLY INC.,7780 NW 7TH AVE,,MIAMI,FL,331503262,3056964130,PRESIDENT,3336C0003X,tier_1_primary_pharmacy,Y,Y,
1952429557,TURNER BROTHERS INCORPORATED,12500 STATE ROAD 535,,ORLANDO,FL,328366723,4078288125,OWNER,333600000X,tier_1_primary_pharmacy,Y,Y,
1104944701,STAR SERVICE PHARMACY INC,11629 SW 216TH ST,,MIAMI,FL,331702908,3055521919,PRESIDENT,3336C0003X,tier_1_primary_pharmacy,Y,Y,
1003933664,"TRI-MED USA, INC",5779 49TH ST N,#2,ST PETERSBURG,FL,337092107,7275274569,PRESIDENT,3336C0003X,tier_1_primary_pharmacy,Y,Y,
1487772661,ISLAND PHARMACY INC,2330 PALM RIDGE RD,STE 12,SANIBEL,FL,339573280,2394726188,PRESIDENT,333600000X|3336C0003X,tier_1_primary_pharmacy,Y,Y,
1396863478,FZAIPAN INC,6951 SAINT AUGUSTINE RD,,JACKSONVILLE,FL,322172819,9044488181,PHRM DIR,3336S0011X|333600000X|3336C0003X|3336C0004X,tier_1_primary_pharmacy,Y,Y,
1821116716,LEON MEDICAL CENTERS LLC,11501 SW 40TH ST,,MIAMI,FL,331653313,3056315736,DIRECTOR OF PHARMACY,3336C0002X|3336C0003X,tier_1_primary_pharmacy,Y,Y,
1114046729,LINGS HLTHMT PHCY AND WELLNESS CTR,8608 GRIFFIN RD,,COOPER CITY,FL,333283719,9542529450,PRESIDENT,3336C0004X|3336S0011X|3336C0003X,tier_1_primary_pharmacy,Y,Y,
1215056668,"MMR MEDICAL EQUIPMENT, CORP.",2500 SW 107TH AVE,SUITE 30,MIAMI,FL,331652470,3055525638,PRESIDENT,333600000X,tier_1_primary_pharmacy,Y,Y,
1033230982,FOREST HILL PHARMACY LLC,2939 FOREST HILL BLVD,,WEST PALM BEACH,FL,334065962,5619654288,OWNER / MANAGER,3336C0004X|333600000X|3336C0003X,tier_1_primary_pharmacy,Y,Y,
1205957636,"KEN DRUGS, INC.",4525 N PINE HILLS RD,,ORLANDO,FL,328081952,4074252615,CEO,3336C0003X,tier_1_primary_pharmacy,Y,Y,
1417079328,GLOBALNET PHARMACIES,134 NW 16TH ST,#4,BOCA RATON,FL,334321691,8664422866,PHARMACIST-IN-CHARGE,3336C0003X,tier_1_primary_pharmacy,Y,Y,
1538281985,CASTELLON INVESTMENTS INC,2140 NW 36TH ST,,MIAMI,FL,331425432,3056357659,PRESIDENT/OWNER,333600000X,tier_1_primary_pharmacy,Y,Y,
1265554562,RS COMPOUNDING LLC,12617 RACE TRACK RD,,TAMPA,FL,336261331,8139258200,OWNER/MANAGER,3336C0004X|3336S0011X|3336C0003X,tier_1_primary_pharmacy,Y,Y,
1174645477,MED 1ST LLC,11206 CHALLENGER AVE,UNIT D,ODESSA,FL,335563482,7273759898,CO OWNER,3336C0003X|3336M0003X,tier_1_primary_pharmacy,Y,Y,
1164545083,"PHARMACY OF AMERICA, LLC",2613 CENTERVILLE RD,,TALLAHASSEE,FL,323084503,8503853073,PRESIDENT,3336C0003X,tier_1_primary_pharmacy,Y,Y,
1316160021,41 PHARMACY DISCOUNT INC.,820 E 41ST ST,,HIALEAH,FL,330132464,3058362200,PRESIDENT,3336C0003X,tier_1_primary_pharmacy,Y,Y,
1417171109,NIKAELA T PHARMACY DICOUNT INC,2200 SW 16TH ST STE 116,,MIAMI,FL,331452021,3058602840,PRESIDENT,3336C0003X,tier_1_primary_pharmacy,Y,Y,
1821213133,JERRY PHARMACY AND MEDICAL SUPPLY INC,3855 SW 137TH AVE,13,MIAMI,FL,331758820,3052255007,PRESIDENT,3336C0003X,tier_1_primary_pharmacy,Y,Y,
1093930117,XCELLENT PHARMACY,11880 SW 40TH ST,SUITE 119,MIAMI,FL,331753584,3052291496,PRESIDENT,3336C0003X,tier_1_primary_pharmacy,Y,Y,
1386860922,BRIGHT STAR PHARMACY DISCOUNT INC,2350 W 84TH ST,7,HIALEAH,FL,330165575,3058269799,PRESIDENT,3336C0003X,tier_1_primary_pharmacy,Y,Y,
1831316934,WILLIAM R COOK PADGETT DRUGS,406 W HIGHWAY 90,,BONIFAY,FL,324252520,8505472661,OWNER AND PHRMCST,333600000X|3336C0003X,tier_1_primary_pharmacy,Y,Y,
1881813533,COLLIER COUNTY HEALTH DEPARTMENT,3339 TAMIAMI TRL E STE 145,,NAPLES,FL,341125361,2392528200,DIRECTOR,3336C0002X,tier_1_primary_pharmacy,Y,Y,
1407075716,PHARMO-MEDICAL INTERNATIONAL INC,9537 SW 72ND ST,,MIAMI,FL,331733247,3052799999,MANAGER,333600000X|3336C0003X,tier_1_primary_pharmacy,Y,Y,
1912126087,APPLE PHARMACY SERVICES INC,500 N INDIANA AVE,,ENGLEWOOD,FL,342232704,9414750061,PRES,333600000X|3336C0003X,tier_1_primary_pharmacy,Y,Y,
1104045012,HEALTH CARE DISTRICT OF PALM BEACH COUNTY,4801 S CONGRESS AVE,SUITE 101,LAKE WORTH,FL,33461,5612092575,CEO,333600000X|3336C0003X,tier_1_primary_pharmacy,Y,Y,
1851510762,HEALTH CARE DISTRICT OF PALM BEACH COUNTY,39200 HOOKER HWY STE 101,,BELLE GLADE,FL,334305368,5612092580,CEO,3336C0003X,tier_1_primary_pharmacy,Y,Y,
1972723807,SUPERIOR PHARMACY GROUP,1951 NW 97TH AVE,,DORAL,FL,331722305,3055970110,C.O.O,3336L0003X,tier_1_primary_pharmacy,Y,Y,
1548489800,MAJORCA DRUG STORE INC,1823 PONCE DE LEON BLVD,,CORAL GABLES,FL,331344418,3054481757,PRESIDENT,3336C0003X,tier_1_primary_pharmacy,Y,Y,
1558580464,HEALTH CARE DISTRICT OF PALM BEACH COUNTY,200 CONGRESS PARK DR STE 100,,DELRAY BEACH,FL,334454618,5612092570,CHIEF EXECUTIVE OFFICER,333600000X|3336C0003X,tier_1_primary_pharmacy,Y,Y,
1871713255,"PHARMACEUTICAL SPECIALTIES, INC.",4330 S MANHATTAN AVE,,TAMPA,FL,336111304,8138398861,PRESIDENT,3336C0004X,tier_1_primary_pharmacy,Y,Y,
1639399462,HEALTH CARE DISTRICT OF PALM BEACH COUNTY,1150 45TH ST.,,WEST PALM BEACH,FL,33407,5612092577,CEO,3336C0003X,tier_1_primary_pharmacy,Y,Y,
1073733408,"ACARIAHEALTH PHARMACY #26, INC.",8715 HENDERSON RD,,TAMPA,FL,336341143,8664589246,PRESIDENT,3336C0003X,tier_1_primary_pharmacy,Y,Y,
1003037219,PUBLIX SUPER MARKETS INC,15502 STONEYBROOK WEST PKWY,STE 100,WINTER GARDEN,FL,347874767,4076546603,VP PHARMACY,333600000X|3336C0003X,tier_1_primary_pharmacy,Y,N,PUBLIX
1063634814,GENERIC DEPOT 2 INC,1461 N PALM AVE,,PEMBROKE PINES,FL,330263228,9544424429,PRESIDENT,333600000X|3336C0003X,tier_1_primary_pharmacy,Y,Y,
1083836662,S & G PHARMACY INC,2173 W FLAGLER ST,,MIAMI,FL,331351638,3056434391,PRESIDENT,3336C0003X,tier_1_primary_pharmacy,Y,Y,
1760604904,LEWIS PHARMACY LLC,7995 HIGHWAY 90,,SNEADS,FL,324602308,8505935288,PHARMACIST,333600000X|3336C0003X,tier_1_primary_pharmacy,Y,Y,
1093937385,POSTCARE MEDICAL CORP,7333 LAKE UNDERHILL RD,,ORLANDO,FL,328226061,4076586050,OWNER,3336C0003X,tier_2_secondary_pharmacy,N,Y,
1013139211,NEW WAY MEDICAL RENTAL CORP,3740 W 12TH AVE,,HIALEAH,FL,330124126,3055128882,PRESIDENT,3336C0003X,tier_1_primary_pharmacy,Y,Y,
1760694962,NORTHSTAR PHARMACY LLC,8090 W 23RD AVE,SUITE 4,HIALEAH,FL,330165572,3058044761,PRESIDENT,3336C0003X,tier_1_primary_pharmacy,Y,Y,
1336351402,"FREEDOM PHARMACY, LLC",5535 MEMORIAL HWY,,TAMPA,FL,336347332,8138899779,AUTHORIZED OFFICIAL/OWNER,333600000X|3336C0002X|3336C0004X|3336L0003X|3336C0003X,tier_1_primary_pharmacy,Y,Y,
1750593604,FARMACIA LUIS NO 2 INC,6722 W FLAGLER ST,,MIAMI,FL,331442924,3052666040,PRESIDENT,3336C0003X,tier_1_primary_pharmacy,Y,Y,
1609089150,"SUDDHA PHARMACY, LLC",255 SUNRISE AVE,,PALM BEACH,FL,33480,5618333348,OWNER,3336C0003X,tier_1_primary_pharmacy,Y,Y,
1134333545,NEW PHARMACY DISCOUNT CORP,10061 SW 72ND ST,,MIAMI,FL,331734623,3054127852,PRESIDENT,3336C0002X|3336H0001X|333600000X|3336C0003X,tier_1_primary_pharmacy,Y,Y,
1346455821,"THE WORKERS PHARMACY, LLC",401 S.W. 42 AVENUE,SUITE 200,CORAL GABLES,FL,331341938,3054486166,PARTNER,3336S0011X,tier_1_primary_pharmacy,Y,Y,
1992910020,TERRY YON AND ASSOCIATES INC.,2901 E PARK AVE,UNIT 1300,TALLAHASSEE,FL,323013426,8508778955,PRESIDENT,3336C0003X,tier_1_primary_pharmacy,Y,Y,
1871708735,AB SPECIALTY PHARMACY INC,2311 SEVEN SPRINGS BLVD,,NEW PORT RICHEY,FL,346553913,7273759520,OWNER,3336C0004X|3336S0011X|3336C0003X,tier_1_primary_pharmacy,Y,Y,
1760697569,"METRO TREATMENT OF FLORIDA, LP",1823 BUSINESS PARK BLVD,,DAYTONA BEACH,FL,321141230,3862541931,"VP, MANAGED CARE",3336C0002X,tier_2_secondary_pharmacy,N,Y,
1972719581,OSCEOLA COUNTY HEALTH DEPARTMENT PHARMACY,1503 BILL BECK BLVD,,KISSIMMEE,FL,347449516,4073432184,PHARMACY DIRECTOR,3336C0003X,tier_1_primary_pharmacy,Y,Y,
1265648885,SEMINOLE COUNTY HEALTH DEPARTMENT PHARMACY,400 W AIRPORT BLVD,,SANFORD,FL,327735489,4076653324,PHARMACY DIRECTOR,3336C0003X,tier_1_primary_pharmacy,Y,Y,
1417163957,"METRO TREATMENT OF FLORIDA, LP",2175 N. UNIVERSITY DRIVE,STE. 7,SUNRISE,FL,333223938,9545787684,CFO,3336C0002X,tier_2_secondary_pharmacy,N,Y,
1114133667,"METRO TREATMENT OF FLORIDA, LP",7207 N NEBRASKA AVE,,TAMPA,FL,336044916,8132361182,"VP, MANAGED CARE",3336C0002X,tier_2_secondary_pharmacy,N,Y,
1609082155,"METRO TREATMENT OF FLORIDA, LP",1497 FOREST HILL BLVD STE E,,WEST PALM BEACH,FL,334066052,5614335687,"VP, MANAGED CARE",3336C0002X,tier_2_secondary_pharmacy,N,Y,
1447465091,"METRO TREATMENT OF FLORIDA, LP",3976 WOODVILLE HWY,,TALLAHASSEE,FL,323057449,8508787776,CFO,3336C0002X,tier_2_secondary_pharmacy,N,Y,
1780899336,"METRO TREATMENT OF FLORIDA, LP",1507A N JOHN YOUNG PKWY,,KISSIMMEE,FL,347413214,4079338331,CFO,3336C0002X,tier_2_secondary_pharmacy,N,Y,
1720294366,"METRO TREATMENT OF FLORIDA, LP",2420 S HIGHWAY 29,,CANTONMENT,FL,325335808,8509683565,CFO,3336C0002X,tier_2_secondary_pharmacy,N,Y,
1326254988,"METRO TREATMENT OF FLORIDA, LP",216 NE 1ST AVE,,OCALA,FL,344706654,3527326565,CFO,3336C0002X,tier_2_secondary_pharmacy,N,Y,
1780890327,"METRO TREATMENT OF FLORIDA, LP",555 SW 12TH AVE STE 100-101,,POMPANO BEACH,FL,330693500,9547829774,CFO,3336C0002X,tier_2_secondary_pharmacy,N,Y,
1538375852,"METRO TREATMENT OF FLORIDA, LP",1101 S 21ST AVE,,HOLLYWOOD,FL,330206935,9549220522,"VP, MANAGED CARE",3336C0002X,tier_2_secondary_pharmacy,N,Y,
1932315173,"METRO TREATMENT OF FLORIDA, LP",1919 N PINELLAS AVE,,TARPON SPRINGS,FL,346895780,7278884752,CFO,3336C0002X,tier_2_secondary_pharmacy,N,Y,
1497961791,"METRO TREATMENT OF FLORIDA, LP",8800 49TH ST N,SUITE 106,PINELLAS PARK,FL,337825332,7275440044,"VP, MANAGED CARE",3336C0002X,tier_2_secondary_pharmacy,N,Y,
1114133444,"WESTMINSTER SENIOR CARE PHARMACY, LLC",7703 KINGSPOINTE PKWY STE 500,,ORLANDO,FL,328198583,4072347122,PHARMACY CONTROLLER,3336L0003X,tier_1_primary_pharmacy,Y,Y,
1669688842,"POC NETWORK TECHNOLOGIES, LLC","5975 SUNSET DRIVE, SUITE 501",,SOUTH MIAMI,FL,33143,3058538121,CHIEF EXECUTIVE OFFICER,333600000X,tier_1_primary_pharmacy,Y,Y,
1629284997,"MEDCARE PHARMACEUTICALS, INC",347 PALM AVE,,HIALEAH,FL,33010,3058890817,PRESIDENT,3336C0003X,tier_1_primary_pharmacy,Y,Y,
1508072794,"METRO TREATMENT OF FLORIDA, LP",4427 EMERSON STREET,BLDG. 4,JACKSONVILLE,FL,322074960,9043987015,CFO,3336C0002X,tier_2_secondary_pharmacy,N,Y,
1366658023,F & B DRUGS INC,1493 TAMPA PARK PLAZA,,TAMPA,FL,336054821,8132260707,DIRECTOR OF OPERATIONS,3336C0003X,tier_1_primary_pharmacy,Y,Y,
1528274222,INDIAN RIVER PHARMACY,3719 10TH CT,,VERO BEACH,FL,329606559,7725672557,PRESIDENT,3336H0001X,tier_1_primary_pharmacy,Y,Y,
1255547915,F & B DRUGS INC,209 S MOON AVENUE,,BRANDON,FL,33511,8136530707,DIRECTOR OF OPERATIONS,3336C0003X,tier_1_primary_pharmacy,Y,Y,
1346457405,TARGET CORPORATION,650 N CONGRESS AVE,ATTN PHARMACY ETL,BOYNTON BEACH,FL,334263445,5613962203,MANAGED CARE ADMIN SPECIALIST,333600000X|3336C0003X,tier_1_primary_pharmacy,Y,N,TARGET
1619184769,"METRO TREATMENT OF FLORIDA, LP",1002 N SEMORAN BLVD,,ORLANDO,FL,328073531,4072758939,CFO,3336C0002X,tier_2_secondary_pharmacy,N,Y,
1538377163,"PRIME PHARMACY SERVICES, LLC",1861 BANKS RD,,MARGATE,FL,330637707,9413782607,PRESIDENT,3336L0003X,tier_1_primary_pharmacy,Y,Y,
1114135258,COMPREHENSIVE HOME CARE INC,13390 SW 131ST ST,UNIT #131,MIAMI,FL,331866494,3052351072,PHARMACY MANAGER,3336H0001X|3336C0003X,tier_1_primary_pharmacy,Y,Y,
1134337272,COMPREHENSIVE HOME CARE,13390 SW 131ST ST,UNIT #131,MIAMI,FL,331866494,3052351072,PHARMACY MANAGER,3336C0003X|3336H0001X,tier_1_primary_pharmacy,Y,Y,
1952510810,ST OF FL DESOTO JUVENILE CORRECTIONAL FACILITY PHARMACY,5871 SE HIGHWAY 31,,ARCADIA,FL,342667679,8634915367,SUPERINTENDENT,3336I0012X,tier_1_primary_pharmacy,Y,Y,
1083824122,PHARMACY SPECIALISTS OF CENTRAL FLORIDA,393 MAITLAND AVE,,ALTAMONTE SPRINGS,FL,327015450,4072607002,PHARMACY MANAGER,3336C0003X,tier_1_primary_pharmacy,Y,Y,
1265643241,CENTRAL FLORIDA FAMILY HEALTH CENTER,6101 LAKE ELLENOR DR,SUITE 101,ORLANDO,FL,328094616,4073228645,CHIEF EXECUTIVE OFFICER,3336C0003X,tier_1_primary_pharmacy,Y,Y,
1548471923,"PHARMA SOURCE DME,INC",14045 W DIXIE HWY,,NORTH MIAMI,FL,331613442,3058990943,PHARMACIST,3336C0003X,tier_1_primary_pharmacy,Y,Y,
1043421506,"VALUE HEALTH CONSULTANTS, INC",1770 SE HILLMOOR DR,,PORT ST LUCIE,FL,349527534,7724461100,CEO,3336L0003X,tier_1_primary_pharmacy,Y,Y,
1518168608,"MANAGED HEALTHCARE SYSTEMS, INC",6301 NW 5TH WAY,SUITE 5010,FORT LAUDERDALE,FL,333096131,8008511000,PHARMACY MANAGER,3336C0003X|3336M0002X,tier_1_primary_pharmacy,Y,Y,
1467653915,SUPERIOR PHARMACY LLC,3031 W CYPRESS ST,SUITE B,TAMPA,FL,336091647,8138742848,OWNER,3336C0003X,tier_1_primary_pharmacy,Y,Y,
1659572915,"COVENANT HOSPICE, INC.",10075 HILLVIEW DR,,PENSACOLA,FL,325145469,8504843529,PHARMACIST,333600000X,tier_1_primary_pharmacy,Y,Y,
1861694531,"TRENTON MEDICAL CENTER, INC",1830 N MAIN ST,,BELL,FL,326194713,3524630400,CEO,3336C0002X|3336C0003X,tier_1_primary_pharmacy,Y,Y,
1629270491,BOBS PHARMACY & DIABETIC SUPPLIES,2860 HIGHWAY 17 NORTH,,WINTER HAVEN,FL,338811435,8632936084,ADMINISTRATIVE ASST.,3336C0003X,tier_1_primary_pharmacy,Y,Y,
1033312152,MJN PHARMACY INC,632 E 4TH AVE,,HIALEAH,FL,330104402,3058880071,PRESIDENT,3336C0003X,tier_1_primary_pharmacy,Y,Y,
1720281116,"RURAL HEALTH CARE, INC.",1302 RIVER ST,,PALATKA,FL,321775042,3863280558,CHIEF EXECUTIVE OFFICER,3336C0003X,tier_1_primary_pharmacy,Y,Y,
1356544258,PETMED EXPRESS INC,420 S CONGRESS AVE,,DELRAY BEACH,FL,334454693,8887386331,DIRECTOR OF PHARMACY SERVICES,333600000X|3336M0002X,tier_1_primary_pharmacy,Y,Y,
1053514976,INFUSAL PARTNERS,5505 JOHNS RD,SUITE 700,TAMPA,FL,336344307,8887444638,CFO,3336H0001X,tier_1_primary_pharmacy,Y,Y,
1346443116,CHOICE PHARMACY,5913 N ARMENIA AVE,,TAMPA,FL,336031023,8138706426,OWNER/PIC,3336C0003X,tier_1_primary_pharmacy,Y,Y,
1003010208,PUBLIX SUPER MARKETS INC,11245 US HIGHWAY 301 N,,PARRISH,FL,342198675,9417760890,VP PHARMACY,333600000X|3336C0003X,tier_1_primary_pharmacy,Y,N,PUBLIX
1356545230,SARASOTA COUNTY HEALTH DEPT.,2200 RINGLING BLVD,,SARASOTA,FL,342376102,9418612932,PHARMACEUTICAL PROGRAM MANAGER,3336C0003X,tier_1_primary_pharmacy,Y,Y,
1043414782,NORTH FLORIDA PHARMACY OF FORT WHITE INC,7729 SW US HIGHWAY 27,,FORT WHITE,FL,320383508,3864972580,"CO-OWNER, PHARMACY MANAGER",3336C0003X,tier_1_primary_pharmacy,Y,Y,
1043415615,"AADP,LLC",2295 NW CORPORATE BLVD,SUITE 245,BOCA RATON,FL,334317373,5619880545,DIRECTOR OF OPERATIONS,333600000X,tier_1_primary_pharmacy,Y,Y,
1245435643,SARASOTA COUNTY HEALTH DEPARTMENT,7820 TAMIAMI TRL S,BUILDING B-2,VENICE,FL,342935100,9418613352,PHARMACEUTICAL PROGRAM MANAGER,3336C0003X,tier_1_primary_pharmacy,Y,Y,
1124223920,SANTILE TEAM SERVICES CORP,3068B PALM AVE,,HIALEAH,FL,330125449,3058830588,PRESIDENT,3336C0003X,tier_1_primary_pharmacy,Y,Y,
1730385253,ATKINSON'S MART PHARMACY,1994A KINGSLEY AVE,,ORANGE PARK,FL,320734442,9042980873,OWNER,3336C0003X,tier_1_primary_pharmacy,Y,Y,
1679779185,BRASHEARS VITAL CARE CORP,471 N DACIE PT,,LECANTO,FL,34461,3527463420,DIRECTOR,3336C0003X,tier_1_primary_pharmacy,Y,Y,
1730385600,PUBLIX SUPER MARKETS INC,926 S MILITARY TRL,,WEST PALM BEACH,FL,334153910,5616163240,VP PHARMACY,333600000X|3336C0003X,tier_1_primary_pharmacy,Y,N,PUBLIX
1043416944,ORLANDO HEALTHCARE SYSTEM,9400 TURKEY LAKE RD,,ORLANDO,FL,328198001,3218427230,DIRECTOR OF PHARMACY,3336C0003X,tier_1_primary_pharmacy,Y,Y,
1831396530,PN GROUP LLC,10806 US HIGHWAY 19,SUITE#105,PORT RICHEY,FL,346682563,7278684040,PHARMACY MANAGER,3336C0003X,tier_1_primary_pharmacy,Y,Y,
1174720908,SORYAL BUSINESS LLC,19533 NW 57TH AVE,,MIAMI,FL,330554709,3056250225,PRESIDENT,333600000X,tier_1_primary_pharmacy,Y,Y,
1487852190,VAZQUEZ PHARMACY & DISCOUNT CORP,1899 W FLAGLER ST,,MIAMI,FL,331351939,3056319015,PRESIDENT,3336C0003X,tier_1_primary_pharmacy,Y,Y,
1255539920,AMERICA'S INNOVATIVE PHARMACEUTICAL & HEALTHCARE SERVICES,4661 NW 31ST AVE,,TAMARAC,FL,333093405,9543327818,VICE PRESIDENT,3336C0003X,tier_1_primary_pharmacy,Y,Y,
1013115799,MED CARE PHARMACEUTICALS INC,347 PALM AVE,,HIALEAH,FL,330104715,3058890817,PRESIDENT,3336C0003X,tier_1_primary_pharmacy,Y,Y,
1831397447,PUBLIX SUPER MARKETS INC,1075 OAKLEAF PLANTATION PKWY,STE 200,ORANGE PARK,FL,320653624,9042915203,VP PHARMACY,333600000X|3336C0003X,tier_1_primary_pharmacy,Y,N,PUBLIX
1295933299,MANASOTA PHARMACY SERVICES LLC,1407 57TH AVE W,,BRADENTON,FL,342073646,9417279120,PHARMACIST,3336C0004X|3336S0011X|3336C0003X,tier_1_primary_pharmacy,Y,Y,
1528267499,COASTAL PHARMACY LLC,504 GARDEN ST,,TITUSVILLE,FL,32796,3217470206,MANAGER,3336C0003X,tier_1_primary_pharmacy,Y,Y,
1003015983,RX CARE PHARMACY,13733 N US HIGHWAY 441,,LADY LAKE,FL,321598981,3523915531,OWNER,333600000X,tier_1_primary_pharmacy,Y,Y,
1346449246,AC PHARMACY INC,3964 CURTISS PKWY,BAY 1,MIAMI SPRINGS,FL,331667108,3058700979,PRESIDENT,3336C0003X,tier_1_primary_pharmacy,Y,Y,
1750580353,PICC LINES PLUS LLC,300 BUSINESS PARK WAY STE A-1,,ROYAL PALM BEACH,FL,334111756,5617365161,CHIEF COMPLIANCE OFFICER,3336S0011X|3336H0001X,tier_1_primary_pharmacy,Y,Y,
1699974162,"ALPHA TOUCH PHARMACY ,INC",10071 PINES BLVD,STE D,PEMBROKE PINES,FL,33024,9544355200,PRESIDENT,3336C0003X,tier_1_primary_pharmacy,Y,Y,
1700085040,ICON MEDICAL EQUIPMENT LLC,1271 NE 140TH ST,,NORTH MIAMI,FL,331613432,3056448879,PRESIDENT,333600000X,tier_1_primary_pharmacy,Y,Y,
1215137252,D.Y.L. L LC,100 W GORE ST,LUCERNE MEDICAL PLAZA SUITE 404,ORLANDO,FL,328061044,4074817960,OWNER,3336C0003X,tier_1_primary_pharmacy,Y,Y,
1740480805,MED KENDALL CORP,16241 SW 88TH ST,,MIAMI,FL,331964912,3054086053,PRESIDENT,3336C0003X,tier_1_primary_pharmacy,Y,Y,
1568662625,IDEAL RX PHARMACY JACKSON NORTH INC,16800 NW 2ND AVE,STE 100,NORTH MIAMI BEACH,FL,331695549,3054930940,PRESIDENT,3336H0001X|3336C0003X|3336S0011X,tier_1_primary_pharmacy,Y,Y,
1780884155,FARMACIA LAS MARTINAS,2032 NW 22ND AVE,,MIAMI,FL,33142,3056346037,PRESIDENT,3336C0003X,tier_1_primary_pharmacy,Y,Y,
1467652024,GOOD RX V LLC,10720 STATE ROAD 54,STE 103,TRINITY,FL,346552217,7273752502,OWNER PHARMACIST,3336L0003X|3336C0003X,tier_1_primary_pharmacy,Y,Y,
1508066739,PRESCRIPTION SHOPPES LLC,864 ORANGE AVE,,DAYTONA BEACH,FL,321144770,3862531691,DIRECTOR,3336C0003X,tier_1_primary_pharmacy,Y,Y,
1013107242,HOMETOWN PHARMACY 1 LLC,10157 LEM TURNER RD,,JACKSONVILLE,FL,322185044,9047644256,CEO,3336C0003X,tier_1_primary_pharmacy,Y,Y,
1427248392,PRESCRIPTION SHOPPES LLC,114 BROADWAY,,KISSIMMEE,FL,347415714,4078472424,DIRECTOR,3336C0003X,tier_1_primary_pharmacy,Y,Y,
1700076262,MGC PHARMACY LLC,1516 E 4TH AVE,,HIALEAH,FL,330103159,3055866443,PHARMACY OWNER/ MANAGER ON RECORD,3336C0003X,tier_1_primary_pharmacy,Y,Y,
1811187198,WATERS COMMUNITY PHARMACY,8206 W WATERS AVE,STE 114,TAMPA,FL,336151852,8138889900,PRESIDENT,3336C0003X,tier_1_primary_pharmacy,Y,Y,
1982895165,RX HEALTH PHARMACY INC,9361 SW 40TH ST,,MIAMI,FL,331654159,3052275842,PRESIDENT,3336C0003X,tier_1_primary_pharmacy,Y,Y,
1417148396,SERVICE DRUG STORE INC,5341 BROWN ST.,,GRACEVILLE,FL,32440,8502633257,OWNER/PRESIDENT,3336C0003X,tier_1_primary_pharmacy,Y,Y,
1689865487,JAI GURU MAHARAJ INC,10700 JOHNSON BLVD,STE 1,SEMINOLE,FL,337724821,7273975020,PRESIDENT,3336H0001X|3336C0003X|3336C0004X,tier_1_primary_pharmacy,Y,Y,
1760673503,"PHOENIX CLINIC, INC.",13730 NW 6TH CT,,NORTH MIAMI,FL,331682931,3058913439,CFO,3336C0002X,tier_1_primary_pharmacy,Y,Y,
1881885242,FRANCIS HEALTHCARE CENTER LLC,2448 US HIGHWAY 1,,MIMS,FL,327543854,3212677423,OWNER PHARMACIST,3336C0003X,tier_1_primary_pharmacy,Y,Y,
1740472026,PUBLIX SUPER MARKETS INC,788 SE BECKER RD,,PORT ST LUCIE,FL,349846621,7723365186,VP PHARMACY,333600000X|3336C0003X,tier_1_primary_pharmacy,Y,N,PUBLIX
1033301213,CABALLERO DE PARIS INC,6722 W FLAGLER ST,,MIAMI,FL,331442924,3052695155,PRESIDENT,3336C0003X,tier_1_primary_pharmacy,Y,Y,
1033301031,LINDA PHARMACY INC,4849 E 8TH AVE,,HIALEAH,FL,330132046,3056858723,PRESIDENT,3336C0003X,tier_1_primary_pharmacy,Y,Y,
1508058553,ENCORE PHARMACY DISCOUNT INC,105 E MONUMENT AVE,,KISSIMMEE,FL,347415761,4079437345,PRESIDENT,3336C0003X|333600000X,tier_1_primary_pharmacy,Y,Y,
1093907008,LISMARAY LORA,1133 W 29 ST,,HIALEAH,FL,33012,3058893375,PRESIDENT,3336C0003X,tier_1_primary_pharmacy,Y,Y,
1447442298,"HOLMES REGIONAL MEDICAL CENTER, INC.",1350 HICKORY ST,,MELBOURNE,FL,329013224,3214347355,EVP CFO,3336C0003X,tier_1_primary_pharmacy,Y,Y,
1922290501,OZAIN PHARMACY INC,4201 PALM AVE,SUITE AA,HIALEAH,FL,330124424,3058270011,PRESIDENT,3336C0003X,tier_1_primary_pharmacy,Y,Y,
1851583363,CHAAND INC,15511 NORTH FLORDIA AVE,STE C2,TAMPA,FL,33613,8139612400,PRESIDENT,3336C0003X,tier_1_primary_pharmacy,Y,Y,
1386837870,MY PHARMACY CLOSED DOOR PHARMACY,15043 S DIXIE HWY,SUITE A,PALMETTO BAY,FL,331767930,3052382474,SEC TRES,3336H0001X|3336L0003X,tier_1_primary_pharmacy,Y,Y,
1942493929,INTEGRITY PHARMACY SERVICES LLC,6435 HAZELTINE NATIONAL DR,STE 140,ORLANDO,FL,328225158,3212813111,VICE PRESIDENT,3336L0003X,tier_1_primary_pharmacy,Y,Y,
1205029279,TORI INC,3405 S DALE MABRY HWY STE D,,TAMPA,FL,336298601,8138392193,PHARMACIST,333600000X,tier_1_primary_pharmacy,Y,Y,
1578756516,"FAITH PHARMACY, INC",575 10TH ST E,,PALMETTO,FL,342214013,9417292021,CEO,3336H0001X,tier_1_primary_pharmacy,Y,Y,
1083807812,TREVOL DISCOUNT & PHARMACY INC,1463-65 WEST FLAGLER ST.,,MIAMI,FL,33135,3056424788,PRESIDENT,3336C0003X,tier_1_primary_pharmacy,Y,Y,
1265625990,LIBRA HEALTHCARE LLC,1232 8TH ST,,DAYTONA BEACH,FL,321174009,3862383777,THIRD PARTY PLAN COORDINATOR,3336C0004X|3336C0003X,tier_1_primary_pharmacy,Y,Y,
1548454812,PUBLIX SUPER MARKETS INC,525 S BELCHER RD,,CLEARWATER,FL,337646321,7277910169,VP PHARMACY,333600000X|3336C0003X,tier_1_primary_pharmacy,Y,N,PUBLIX
1609060706,D&M PHARMACY DISCOUNT INC,3251 NW 7TH ST,,MIAMI,FL,331254139,3056430800,PRESIDENT,3336C0003X,tier_1_primary_pharmacy,Y,Y,
1255525341,LAS VILLAS PHARMACY DISCOUNT AND MEDICAL SUPPLIES INC,716 W 29TH ST,,HIALEAH,FL,330125606,3058837476,PRESIDENT,3336C0003X,tier_1_primary_pharmacy,Y,Y,
1639363591,"TRENTON MEDICAL CENTER, INC",911 S MAIN ST,,TRENTON,FL,326933239,3524634511,CEO,3336C0002X|3336C0003X,tier_1_primary_pharmacy,Y,Y,
1609060565,CRUZ MEDICAL SUPPLIES INC,857 PALM AVE,,HIALEAH,FL,330104319,3058637845,PRESIDENT,3336C0003X,tier_1_primary_pharmacy,Y,Y,
1235323098,MD OMEGA PHARMACY,4915 S DIXIE HWY,,WEST PALM BEACH,FL,334052926,5615477710,CO-OWNER/ TREASURER,333600000X|3336C0003X,tier_1_primary_pharmacy,Y,Y,
1588859193,PUBLIX SUPER MARKETS INC,2481 DEL PRADO BLVD N,,CAPE CORAL,FL,339094002,2395731832,VP PHARMACY,333600000X|3336C0003X,tier_1_primary_pharmacy,Y,N,PUBLIX
1144415753,PUBLIX SUPER MARKETS INC,39883 HIGHWAY 27,,DAVENPORT,FL,338377802,8634219245,VP PHARMACY,333600000X|3336C0003X,tier_1_primary_pharmacy,Y,N,PUBLIX
1407041817,SUPER DISCOUNT PHARMACY LLC,1423 S COLLINS ST,,PLANT CITY,FL,335636577,8137521133,PHARMACY MANAGER/OWNER,333600000X|3336C0003X,tier_1_primary_pharmacy,Y,Y,
1205021300,PUBLIX SUPER MARKETS INC,2160 MCGREGOR BLVD,,FORT MYERS,FL,339013417,2393324881,VP PHARMACY,333600000X|3336C0003X,tier_1_primary_pharmacy,Y,N,PUBLIX
1790970713,NEW LIFE PHARMACY INC,70 W 9TH ST,,HIALEAH,FL,330104013,3058883391,PRESIDENT,3336C0003X,tier_1_primary_pharmacy,Y,Y,
1669667424,"EVERWELL SPECIALTY PHARMACY, LLC",6506 N DAVIS HWY,,PENSACOLA,FL,325046957,8504739190,PIC,3336C0004X|3336S0011X|3336C0003X,tier_1_primary_pharmacy,Y,Y,
1083809883,NORTH FLORIDA RECEPTION CENTER,7765 S COUNTY ROAD 231,DEPT OF CORRECTIONS,LAKE BUTLER,FL,320545721,3864966532,PHARMACY MANAGER,3336C0002X|3336I0012X,tier_1_primary_pharmacy,Y,Y,
1306032073,NORTH FLORIDA PHARMACY OF MADISON INC.,139 SW MACON ST,,MADISON,FL,32340,8509738120,OWNER,3336C0003X,tier_1_primary_pharmacy,Y,Y,
1740476175,AMERYPHARMACY CORPORATION,4501 PALM AVE,206,HIALEAH,FL,330124010,3055573351,PRESIDENT,3336C0003X,tier_1_primary_pharmacy,Y,Y,
1336335892,DADE PHARMACY INC,261 WESTWARD DR,115-116,MIAMI SPRINGS,FL,331665290,3058050035,PRESIDENT,3336C0003X,tier_1_primary_pharmacy,Y,Y,
1518153634,MADABHUSHI PHARMACY SERVICES LLC,14936 N FLORIDA AVE,,TAMPA,FL,336131626,8139616546,PHARMACIST-IN-CHARGE,3336C0003X,tier_1_primary_pharmacy,Y,Y,
1578759510,"TWIN TOWERS PHARMACY, INC. BAPTIST MEDICAL PARK PHARMACY LTC",9400 UNIVERSITY PKWY STE B,,PENSACOLA,FL,325145752,8502086100,MANAGER,3336L0003X,tier_1_primary_pharmacy,Y,Y,
1386831105,"CENTERWELL PHARMACY, INC.",18623 S DIXIE HWY,,CUTLER BAY,FL,331576804,3052780763,VP,3336C0002X|3336C0003X,tier_1_primary_pharmacy,Y,Y,
1477740298,RX TO GO LLC,14543 GLOBAL PKWY STE 100,,FORT MYERS,FL,339139446,2392755357,PHARMACY DIRECTOR,333600000X|3336C0003X,tier_1_primary_pharmacy,Y,Y,
1184811994,FLORIDA DISCOUNT RX LLC,1951 W MLK JR BLVD,,TAMPA,FL,33607,8134252195,PHCY MANG,3336C0003X|3336C0004X,tier_1_primary_pharmacy,Y,Y,
1881881530,ANTILLEAN RX CENTERS LLC,3520 S ORANGE AVE,,ORLANDO,FL,328066114,4072464488,OWNER PHARMACIST,3336C0003X,tier_1_primary_pharmacy,Y,Y,
1659568087,SS MEDICAL SERVICES CORP,311 NE 8TH ST,STE 108,HOMESTEAD,FL,330304738,3052457710,OWNER,3336C0003X,tier_1_primary_pharmacy,Y,Y,
1790972875,"FARMACIA B-12, INC.",454 NW 22ND AVE,102,MIAMI,FL,331253364,3056425717,PRESIDENT,333600000X,tier_1_primary_pharmacy,Y,Y,
1376730317,PUBLIX SUPER MARKETS INC,11205 E STATE ROAD 70,,LAKEWOOD RANCH,FL,342029404,9417274962,VP PHARMACY,333600000X|3336C0003X,tier_1_primary_pharmacy,Y,N,PUBLIX
1841488806,ALPHAMED LLC,4109 CRILL AVE,,PALATKA,FL,321778559,3863853838,PIC,3336C0004X|333600000X|3336C0003X,tier_1_primary_pharmacy,Y,Y,
1467640367,TOWER PHARMACY AND MEDICAL SUPPLY INC,2727 WEST DR MARTIN L KING,STE 220,TAMPA,FL,33607,8138707273,PRESIDENT PHCY MANG,3336C0003X,tier_1_primary_pharmacy,Y,Y,
1407044035,BAYLIFE PHARMACY INC,1235 S MISSOURI AVE,,CLEARWATER,FL,337569111,7275815400,OWNER/PRESIDENT,333600000X|3336C0003X|3336L0003X,tier_1_primary_pharmacy,Y,Y,
1346438678,"A C NATIONAL PHARMACY , INC",896B N FEDERAL HWY,,POMPANO BEACH,FL,330624316,9545821293,VP,3336C0003X,tier_1_primary_pharmacy,Y,Y,
1740479872,PUBLIX SUPER MARKETS INC,7975 STATE ROAD 50,,GROVELAND,FL,347369381,3524292969,VP PHARMACY,333600000X|3336C0003X,tier_1_primary_pharmacy,Y,N,PUBLIX
1053500066,MOON LAKE PHARMACY,9111 RIDGE RD,,NEW PORT RICHEY,FL,346545059,7278461800,PRESIDENT,3336C0003X,tier_1_primary_pharmacy,Y,Y,
1720277726,BUTTERFIELD PHARMACY & MEDICAL SUPPLY AT SLW LLC,1707 NW SAINT LUCIE WEST BLVD,SUITE 166,PORT ST LUCIE,FL,34986,7723232090,OWNER,3336C0004X|3336L0003X|3336S0011X|3336C0003X,tier_1_primary_pharmacy,Y,Y,
1932398658,"FAMILY PHARMACY & DISCOUNT, INC.",17690 NW 78TH AVE,STE: 105,HIALEAH,FL,330153668,3056981195,PRESIDENT,333600000X,tier_1_primary_pharmacy,Y,Y,
1336338813,SAMMA LLC,6871 W 4TH AVE,,HIALEAH,FL,330145337,3058237887,MANAGER,3336C0003X,tier_1_primary_pharmacy,Y,Y,
1700075264,NEW HOPE PHARMACEUTICALS INC,26831 S DIXIE HWY,,NARANJA,FL,330327524,3052573326,PRESIDENT,3336C0003X,tier_1_primary_pharmacy,Y,Y,
1043409386,TORRES PHARMACY DISCOUNT INC.,553B E 9TH ST,,HIALEAH,FL,330104549,3058821404,PHARMACISTS,3336C0003X,tier_1_primary_pharmacy,Y,Y,
1477732626,"MANLAR, INC.",3625 W KENNEDY BLVD,,TAMPA,FL,336092801,8135140920,PRESIDENT,3336C0003X,tier_1_primary_pharmacy,Y,Y,
1669651840,LISSMART MEDICAL SUPPLIES INC,4579 GUNN HWY,,TAMPA,FL,336246311,8133742452,PRESIDENT,3336C0004X|3336C0003X,tier_1_primary_pharmacy,Y,Y,
1770762577,SUMMIT INVESTMENT LLC,13250 N 56TH ST SUITE 102,,TAMPA,FL,33617,8139882300,PRESIDENT,3336C0003X,tier_1_primary_pharmacy,Y,Y,
1457530040,ORANGE-BAY PHARMACY LLC,4625 N NEBRASKA AVE,,TAMPA,FL,336034013,8134186780,CO OWNER,3336L0003X|3336C0003X,tier_1_primary_pharmacy,Y,Y,
1356520910,NAVARRO DISCOUNT PHARMACIES NO. 23,1700 W 68TH ST,,HIALEAH,FL,330144437,3056367779,RX MANAGER,333600000X|3336C0003X,tier_1_primary_pharmacy,Y,Y,
1780863175,BI-WISE PHARMACY & COMPOUNDING,3165 N MCMULLEN BOOTH RD BLDG F,SUITE 1,CLEARWATER,FL,337612032,7277243112,GENERAL MANAGER,3336C0004X,tier_1_primary_pharmacy,Y,Y,
1598945404,SIMFA ROSE PHARMACEUTICAL SPECIALTY INC,10016 PINES BLVD,,PEMBROKE PINES,FL,330246137,9544357200,PRESIDENT,3336C0004X|3336L0003X|3336S0011X,tier_1_primary_pharmacy,Y,Y,
1235319211,NAVARRO DISCOUNT PHARMACIES NO. 24 LLC,2323 N 60TH AVE,,HOLLYWOOD,FL,330213203,3056367779,RX MANAGER,333600000X|3336C0003X,tier_1_primary_pharmacy,Y,Y,
1750561619,"MULBERRY LTC PHARMACY, LLC",1011 N CHURCH AVE,,MULBERRY,FL,338602039,8634251101,VICE PRESIDENT,3336L0003X,tier_1_primary_pharmacy,Y,Y,
1467632224,"PRIME PHARMACY SERVICES, LLC",2427 PORTER LAKE DR STE 109A,,SARASOTA,FL,342408853,9413782607,PRESIDENT,3336C0003X,tier_1_primary_pharmacy,Y,Y,
1023298619,ELITE PHARMACY & DISCOUNT INC,3115 NE 163RD ST,,N MIAMI BEACH,FL,331604463,3053319323,PRESIDENT,3336C0003X,tier_1_primary_pharmacy,Y,Y,
1821278342,"FAMILY DRUGSTORE, INC.",4060 N DIXIE HWY,,BOCA RATON,FL,334314540,8663215010,PRESIDENT,3336C0003X,tier_1_primary_pharmacy,Y,Y,
1306027560,KENDALL RX INC,9783 SW 72ND ST,,MIAMI,FL,331734615,3052759149,PRESIDENT,3336C0003X,tier_1_primary_pharmacy,Y,Y,
1871774844,HIRA HEALTHCARE LLC,85 GENEVA DR,,OVIEDO,FL,327656757,4073662677,OWNER,3336C0004X|3336C0003X,tier_1_primary_pharmacy,Y,Y,
1033390901,PUBLIX SUPER MARKETS INC,1251 S TOLEDO BLADE BLVD,,NORTH PORT,FL,342882410,9412405536,VP PHARMACY,333600000X|3336C0003X,tier_1_primary_pharmacy,Y,N,PUBLIX
1407037377,PUBLIX SUPER MARKETS INC,5371 EHRLICH RD,,TAMPA,FL,336255508,8139620870,VP PHARMACY,333600000X|3336C0003X,tier_1_primary_pharmacy,Y,N,PUBLIX
1316128283,PUBLIX SUPER MARKETS INC,6270 W SAMPLE RD,,CORAL SPRINGS,FL,330673176,9543345565,VP PHARMACY,333600000X|3336C0003X,tier_1_primary_pharmacy,Y,N,PUBLIX
1467633206,DAYLAN INC,7300 SANDLAKE COMMONS,SUITE 225,ORLANDO,FL,32819,4073518002,PHARMACIST/OWNER,3336C0003X,tier_1_primary_pharmacy,Y,Y,
1942482302,FARMACIA FAROY CORP,2615 W FLAGLER ST,,MIAMI,FL,331351424,3056713767,PRESIDENT,3336C0003X,tier_1_primary_pharmacy,Y,Y,
1144402421,GOODLIFE PHARMACY INC,104 NE 2ND ST,,BOCA RATON,FL,334323908,5619998855,PRESIDENT,3336C0003X,tier_1_primary_pharmacy,Y,Y,
1811179021,GREY DOG II INC,6200 SUNSET DR,STE 102,SOUTH MIAMI,FL,331434828,3056661605,OWNER/PIC,3336C0003X,tier_1_primary_pharmacy,Y,Y,
1255513545,ILVA PHARMACY INC,10550 NW 77TH CT,STE 303,HIALEAH GARDENS,FL,330167084,3058218881,PRESIDENT,3336C0003X,tier_1_primary_pharmacy,Y,Y,
1528240736,PROFESSIONAL PHARMACY SERVICES AND DME INC.,10993 SW 186TH ST,,MIAMI,FL,331576812,3052536634,CEO,3336C0003X,tier_1_primary_pharmacy,Y,Y,
1003098971,#1 RX LIBERTY PHARMACY DISCOUNT CORP,972 E 25TH ST,,HIALEAH,FL,330133404,3056916686,OWNER,3336C0003X,tier_1_primary_pharmacy,Y,Y,
1508048570,FLAGLER DISCOUNT PHARMACY INC,1801 W FLAGLER ST,,MIAMI,FL,331351914,3056420493,PRESIDENT,3336C0003X,tier_1_primary_pharmacy,Y,Y,
1053594754,MORENO PHARMACY AND DISCOUNT INC,7299 W FLAGLER ST,,MIAMI,FL,331442503,3052624288,OWNER,3336C0003X,tier_1_primary_pharmacy,Y,Y,
1720263510,PUBLIX SUPER MARKETS INC,7117 MERRILL RD,,JACKSONVILLE,FL,322772620,9047448172,VP PHARMACY,333600000X|3336C0003X,tier_1_primary_pharmacy,Y,N,PUBLIX
1245415801,KNIGHT AIDE,4000 CENTRAL FLORIDA BLVD,BLDG 137 STE K,ORLANDO,FL,328168005,4078820600,PHCY DIRECTOR,3336C0003X|3336C0002X|333600000X,tier_1_primary_pharmacy,Y,Y,
1871778225,"NARAYAN PHARMACY, LLC",320 W FLETCHER AVE STE 108,,TAMPA,FL,336123400,8139718401,OWNER,3336S0011X|3336C0003X,tier_1_primary_pharmacy,Y,Y,
1255516209,LINCARE INC.,6405 CONGRESS AVE,STE 140,BOCA RATON,FL,334872844,5619970330,AUTHORIZED OFFICIAL,3336H0001X,tier_1_primary_pharmacy,Y,Y,
1427233584,LANE AVENUE PHARMACY INC,1233 LANE AVE S,STE 9,JACKSONVILLE,FL,322056284,9046936633,OWNER / PHARMACIST,3336C0003X,tier_1_primary_pharmacy,Y,Y,
1891971198,POPE SHENOUDA LLC,2228 US HIGHWAY 19,,HOLIDAY,FL,346914351,7279341300,OWNER,3336L0003X|3336C0003X,tier_1_primary_pharmacy,Y,Y,
1609052067,MOZAJ INC,10720 PARK BLVD,STE E,SEMINOLE,FL,337725461,7273981969,OWNER,3336C0003X,tier_1_primary_pharmacy,Y,Y,
1154507564,CHEM RX OF BOCA RATON LLC,5001 NW 13TH AVE,STE H AND I,POMPANO BEACH,FL,330648649,9544269322,GENERAL MANG,3336C0003X|3336L0003X,tier_1_primary_pharmacy,Y,Y,
1619153020,CARE PHARMACY INC,1631 NE 8TH ST,,HOMESTEAD,FL,330334603,3052485363,OWNER,3336C0004X|333600000X|3336C0003X,tier_1_primary_pharmacy,Y,Y,
1215114194,RAMSHORE LLC,9312 FOREST HILL BLVD,,WELLINGTON,FL,334116577,5617954400,PRESIDENT,3336C0004X|3336C0003X,tier_1_primary_pharmacy,Y,Y,
1144407636,FELKY RX LLC,14510 N FLORDIA AVENUE,,TAMPA,FL,33613,8132640777,PRESIDENT,3336C0003X|3336L0003X,tier_1_primary_pharmacy,Y,Y,
1326225871,MBT CONSULTANTS PL,13660 JOG RD,SUITE 6,DELRAY BEACH,FL,334463806,5616371446,MANAGER/OWNER,333600000X,tier_1_primary_pharmacy,Y,Y,
1336326784,"ONE SOURCE PHARMACY, LLC",6404 OLD WINTER GARDEN RD,STE 100,ORLANDO,FL,32835,8774908987,OWNER/ MGR,3336M0002X|3336C0003X,tier_1_primary_pharmacy,Y,Y,
1477731305,MAHANT PHARMACY INC,1550 SE FLORESTA DR,,PORT ST LUCIE,FL,349834069,7723404142,PRESIDENT,3336C0004X|3336C0003X,tier_1_primary_pharmacy,Y,Y,
1376721092,Y & O ASSOCIATES INC,9550 NW 79TH AVE,BAY 6,HIALEAH GARDENS,FL,330162513,3058276500,PRESIDENT,3336C0003X,tier_1_primary_pharmacy,Y,Y,
1609054808,MEDICAL ARTS PHARMACY SERVICES,10412 W ATLANTIC BLVD,,CORAL SPRINGS,FL,330715605,9545418201,CEO,3336C0003X,tier_1_primary_pharmacy,Y,Y,
1811165830,SHRX LLC,1015 KANE CONCOURSE,,BAY HARBOR ISLANDS,FL,331542105,3053978319,PHCY MANAGER/OWNER,333600000X|3336C0003X,tier_1_primary_pharmacy,Y,Y,
1730357757,GOODYEAR DISCOUNT PHARMACY,272 W 21ST ST,,HIALEAH,FL,330102517,3058840868,PRESIDENT,3336C0003X,tier_1_primary_pharmacy,Y,Y,
1730357625,NNR GROUP LLC,7535 MEDICAL DR,STE 1,HUDSON,FL,346676502,7278693784,PHCY MANG,3336C0004X|3336C0003X,tier_1_primary_pharmacy,Y,Y,
1497923239,NAPLES PSYCHIATRIC & COUNSELING,5445 PARK CENTRAL CT,,NAPLES,FL,341095934,2395925948,DISPENSING PHYSICIAN,333600000X,tier_1_primary_pharmacy,Y,Y,
1568630366,POC NETWORK TECHNOLOGIES INC,2332 GALIANO ST,STE 250,CORAL GABLES,FL,331345402,6234344628,VP DEVELOPMENT SPECIALTY SERVICES,3336C0003X,tier_1_primary_pharmacy,Y,Y,
1881862589,PUBLIX SUPER MARKETS INC,5185 US HIGHWAY 98 N # 5,,LAKELAND,FL,338090531,8636447969,VP PHARMACY,333600000X|3336C0003X,tier_1_primary_pharmacy,Y,N,PUBLIX
1083882781,PUBLIX SUPER MARKETS INC,2419 NAVY BLVD,,PANAMA CITY BEACH,FL,324085808,8502364420,VP PHARMACY,333600000X|3336C0003X,tier_1_primary_pharmacy,Y,N,PUBLIX
1003084500,LIZMAR OF SOUTH FLORIDA,9676 NW 25TH ST,,DORAL,FL,331721403,3054369460,OWNER,3336C0003X,tier_1_primary_pharmacy,Y,Y,
1952579344,FLORIDA FAMILY MEDICAL CENTERS INC,818 CHESTNUT ST,,CLEARWATER,FL,337565642,7274437478,CEO,3336C0003X,tier_2_secondary_pharmacy,N,Y,
1336318468,MEDSTAR INC,2108 W 68TH ST,,HIALEAH,FL,330161804,3053625848,OWNER,3336C0003X,tier_1_primary_pharmacy,Y,Y,
1699944439,MEDI-DRUG INC,4539 GRAND BLVD,,NEW PORT RICHEY,FL,346525121,7278455550,OWNER,3336C0003X,tier_1_primary_pharmacy,Y,Y,
1477722288,FARMACIA ADELFA AND PATY INC,626 SW 109TH AVE,,MIAMI,FL,331741338,3052278990,OWNER,3336C0003X,tier_1_primary_pharmacy,Y,Y,
1609045137,DENNIS SCARBROUGH,7900 103RD ST,SUITE 14,JACKSONVILLE,FL,322106681,9047728998,OWNER,3336C0003X,tier_1_primary_pharmacy,Y,Y,
1437328986,KABS OF BRANDON INC,759 W BRANDON BLVD,,BRANDON,FL,335114901,8134138362,PRESIDENT,333600000X|3336L0003X|3336C0003X,tier_1_primary_pharmacy,Y,Y,
1245400597,"UNITED STATES PHARMACEUTICAL GROUP, LLC",2955 W CORPORATE LAKES BLVD,SUITE 400,WESTON,FL,333313663,9549035000,CEO,333600000X,tier_1_primary_pharmacy,Y,Y,
1578733747,TAMIAMI PHARMACY INC,5309 SW 8TH ST,,CORAL GABLES,FL,331342269,3054460250,OWNER/PRESIDENT,3336C0003X,tier_1_primary_pharmacy,Y,Y,
1346410537,17TH STREET DISCOUNT PHARMACY INC,2506 SE 17TH ST STE B,,OCALA,FL,344715523,3523513330,OWNER AND PHARMACIST,3336C0004X|3336C0003X,tier_1_primary_pharmacy,Y,Y,
1972773984,HOLIDAY PHARMACY INC,6751 N ARMENIA AVE,UNIT 4,TAMPA,FL,336045701,8139336900,PHARMACY MANAGER,3336C0003X,tier_1_primary_pharmacy,Y,Y,
1003086711,KAPRICHO PHARMACY CORP,600 E 25TH ST,SUITE E,HIALEAH,FL,330133801,3056932282,PRESIDENT,3336C0003X,tier_1_primary_pharmacy,Y,Y,
1669642377,RIVERCITY COMMUNITY PHARMACY AND WELLNESS CENTER,7278 LEM TURNER RD,,JACKSONVILLE,FL,32208,9045021882,PHARMACY MANAGER/OWNER,333600000X,tier_1_primary_pharmacy,Y,Y,
1679743157,TATA RESOURCES LLC,13502 N FLORIDA AVE UNIT B,,TAMPA,FL,336133213,8132213131,CFO,3336S0011X|3336L0003X|3336C0003X,tier_1_primary_pharmacy,Y,Y,
1942470570,NEW GEN RX LLC,2751 N HIAWASSEE RD,,ORLANDO,FL,32818,4077706077,OWNER/PRESIDENT,333600000X|3336C0003X,tier_1_primary_pharmacy,Y,Y,
1104097641,GAMMA PROBE CONSULTING CORPORTATION,30273 HOLLY DRIVE USF,,TAMPA,FL,336203027,8136291188,PRESIDENT,3336N0007X,tier_1_primary_pharmacy,Y,Y,
1104097674,SUMMIT INVESTMENT LLC,1051 W.BUSCH BLVD.,UNIT 1063,TAMPA,FL,33612,8139315010,PRESIDENT,3336C0003X,tier_1_primary_pharmacy,Y,Y,
1053582494,SPEED PHARMACY INC,9111 PEMBROKE RD,,PEMBROKE PINES,FL,330251638,9544436200,PRESIDENT,3336C0003X,tier_1_primary_pharmacy,Y,Y,
1861663262,PUBLIX SUPER MARKETS INC,852 GULF BREEZE PKWY,,GULF BREEZE,FL,325614723,8509320030,VP PHARMACY,333600000X|3336C0003X,tier_1_primary_pharmacy,Y,N,PUBLIX
1407027808,PUBLIX SUPER MARKETS INC,9525 S SUNCOAST BLVD,,HOMOSASSA,FL,344465034,3523821155,VP PHARMACY,333600000X|3336C0003X,tier_1_primary_pharmacy,Y,N,PUBLIX
1144491382,OM PHARMACY INC,9309 SE MARICAMP RD,,OCALA,FL,344722343,3525915023,OWNER,3336C0003X,tier_1_primary_pharmacy,Y,Y,
1952572042,SENIFF ENTERPRISES INC,1349 LYONS RD,,COCONUT CREEK,FL,330633927,9549339000,PRESIDENT,3336C0003X,tier_1_primary_pharmacy,Y,Y,
1477725992,FLORIDA DEPARTMENT OF HEALTH,832 W CENTRAL BLVD,,ORLANDO,FL,328051809,4078362615,PROGRAM MANAGER,3336C0002X,tier_1_primary_pharmacy,Y,Y,
1972775591,SPEEDY SCRIPTS III INC,960 NE 62ND ST,,FT LAUDERDALE,FL,333344110,9542021096,PRESIDENT,3336C0003X,tier_1_primary_pharmacy,Y,Y,
1568634079,ALF PHARMACY DISCOUNT INC,390 SW 109TH AVE,,MIAMI,FL,331741332,3055545424,OWNER,3336C0003X,tier_1_primary_pharmacy,Y,Y,
1174795686,"NINA PHARMACY, INC",4228 W 16TH AVE,,HIALEAH,FL,330127624,3055580740,PRESIDENT,3336C0003X,tier_1_primary_pharmacy,Y,Y,
1154593556,PILLS PLUS INC,7801 NW 146TH ST,,MIAMI LAKES,FL,330161504,3056980021,PRESIDENT,333600000X|3336L0003X|3336C0003X,tier_1_primary_pharmacy,Y,Y,
1275705667,"ALL TECH PHARMACEUTICALS, INC",4286A PALM AVE,,HIALEAH,FL,330124454,3052318701,PRESIDENT,3336C0003X,tier_1_primary_pharmacy,Y,Y,
1528230646,"JGJW, LLC D/B/A ALL PEOPLES PHARMACY",4750 SOUTEL DR,,JACKSONVILLE,FL,322081829,9047663145,OWNER,3336C0003X,tier_1_primary_pharmacy,Y,Y,
1023280765,"DAYTONA DISCOUNT PHARMACY, INC",815 BEVILLE RD,STE - D,SOUTH DAYTONA,FL,321191858,3863225969,PHARMACIST,3336L0003X|3336C0003X,tier_1_primary_pharmacy,Y,Y,
1801068689,FLORIDA DISCOUNTS RX 1 INC,1911 W MLK JR BLVD,,TAMPA,FL,33607,8134252195,VP,333600000X|3336C0004X|3336L0003X|3336C0003X,tier_1_primary_pharmacy,Y,Y,
1922270727,WEST HIALEAH PHARMACY INC,2900 W 12TH AVE,4,HIALEAH,FL,330124860,3058838566,PRESIDENT,3336C0003X,tier_1_primary_pharmacy,Y,Y,
1275706988,ACCESS AMERICARE HEALTH SERVICES INC,1865 W WOOLBRIGHT RD,,BOYNTON BEACH,FL,334266321,5617340036,PHCY DIRECTOR,3336C0004X|3336C0003X,tier_1_primary_pharmacy,Y,Y,
1023281516,EASYSCRIPTS LLC,7235 NW 19TH ST STE E,,MIAMI,FL,331261224,3056635400,PHARMACY DIRECTOR,3336C0003X,tier_1_primary_pharmacy,Y,Y,
1548433774,PUBLIX SUPER MARKETS INC,255 NW COMMONS LOOP,,LAKE CITY,FL,320557700,3867195451,VP PHARMACY,333600000X|3336C0003X,tier_1_primary_pharmacy,Y,N,PUBLIX
1972776037,FAMILY PHYSICIANS RX INC,1160 S SEMORAN BLVD,"STE D, E, F",ORLANDO,FL,328073280,4073813085,VP OF HEALTHCARE OPERATIONS,333600000X|3336C0003X,tier_1_primary_pharmacy,Y,Y,
1578736344,LIVE WELL DRUGSTORE LLC,3516 ENTERPRISE WAY,STE 7 AND 8,GREEN COVE SPRINGS,FL,320439319,9045313030,PHCY MANG,333600000X|3336C0003X,tier_1_primary_pharmacy,Y,Y,
1811161599,PUBLIX SUPER MARKETS INC,2515 THONOTOSASSA RD,,PLANT CITY,FL,335631464,8137548195,VP PHARMACY,333600000X|3336C0003X,tier_1_primary_pharmacy,Y,N,PUBLIX
1265606537,MEDCAP INVESTMENT GROUP LLC,1001 WYNMOOR CIRCLE,,COCONUT CREEK,FL,33066,9549799771,MANG PARTNER,3336C0003X,tier_1_primary_pharmacy,Y,Y,
1285809061,BROTHERS PHARMACY AND DISCOUNT LLC,1001 SW 27TH AVE,,MIAMI,FL,331354614,3056421800,PRESIDENT,333600000X,tier_1_primary_pharmacy,Y,Y,
1750556130,DEPT OF HEALTH CENTRAL PHARMACY,116A HAMILTON PARK DRIVE,,TALLAHASSEE,FL,323042894,8509229036,"CHIEF, BUREAU OF STATEWIDE PHARMA",333600000X,tier_1_primary_pharmacy,Y,Y,
1336314301,PAR PHARMACY INC,8239 SW 40TH ST,,MIAMI,FL,331553334,3052277900,PRESIDENT,3336C0003X,tier_1_primary_pharmacy,Y,Y,
1740456417,ANV GROUP LLC,30226 US HIGHWAY 19 N,,CLEARWATER,FL,337611042,7277731600,OWNER,333600000X|3336C0003X,tier_1_primary_pharmacy,Y,Y,
1366618985,MED READY SYSTEMS LLC,1085 SOPCHOPPY HWY,STE 1,SOPCHOPPY,FL,323581016,8509672195,RPH,3336L0003X,tier_1_primary_pharmacy,Y,Y,
1801062427,BUCKHORN PHARMACY LLC,1085 SOPCHOPPY HWY,STE 1A,SOPCHOPPY,FL,323581016,8509622166,OWNER,3336C0003X,tier_1_primary_pharmacy,Y,Y,
1568638955,PHARMAG INC,9724 SW 24TH ST,,MIAMI,FL,331657513,3053823000,VICE-PRESIDENT,3336C0003X,tier_1_primary_pharmacy,Y,Y,
1871769042,"PHARMACY XPRESS OF FL ,III,LLC.",1523 E COMMERCIAL BLVD,,OAKLAND PARK,FL,333345717,9542671650,OWNER,333600000X,tier_1_primary_pharmacy,Y,Y,
1023284270,AM PHARMA LLC,1933 THROUGH 1935 N PINELLAS AVE,,TARPON SPRINGS,FL,34689,7279445800,OWNER,3336C0003X,tier_1_primary_pharmacy,Y,Y,
1538336680,ADVENTIST HEALTH SYSTEM SUNBELT HEALTHCARE CORPORATION,5050 WESLEY RD STE 110,,APOPKA,FL,327125908,8669434535,DIRECTOR OF PHARMACY,3336C0002X,tier_1_primary_pharmacy,Y,Y,
1649447699,"NORTH FLORIDA PHARMACY OF HIGH SPRINGS, INC.",115 NW SANTA FE BLVD,,HIGH SPRINGS,FL,326434301,3864541382,PRESIDENT/PHARMACY MANAGER,3336C0003X,tier_1_primary_pharmacy,Y,Y,
1770750408,O AND J PHARMACY INC,1899 W FLAGLER ST,,MIAMI,FL,331351939,3056430918,OWNER,333600000X,tier_1_primary_pharmacy,Y,Y,
1982871752,HAPPY TRIPS OF MIAMI CORP,4254 W 12TH AVE,,HIALEAH,FL,330124108,3058281172,PRESIDENT,3336C0003X,tier_1_primary_pharmacy,Y,Y,
1366619942,PAZCARE LLC,10800 BISCAYNE BLVD STE 200,,MIAMI,FL,331617400,3059678252,REIMBURSEMENT,3336L0003X,tier_1_primary_pharmacy,Y,Y,
1295902757,MIA PHARMACY DISCOUNT CORP,33 NW 27TH AVE,,MIAMI,FL,331255111,3056438078,PRESIDENT,3336C0003X,tier_1_primary_pharmacy,Y,Y,
1346417755,PUBLIX SUPER MARKETS INC,150 S FEDERAL HWY,,DEERFIELD BCH,FL,334414128,9544813342,VP PHARMACY,333600000X|3336C0003X,tier_1_primary_pharmacy,Y,N,PUBLIX
1003083569,WHITE ORCHID PHARMACY INC,2328B HOLLYWOOD BLVD,,HOLLYWOOD,FL,330201201,9544047542,PRESIDENT,3336C0003X,tier_1_primary_pharmacy,Y,Y,
1336316736,CAREMARK LLC,15800 SW 25TH ST,,MIRAMAR,FL,330274222,9543649000,VICE PRESIDENT,333600000X|3336M0002X,tier_1_primary_pharmacy,Y,Y,
1356518591,COMMUNITY HOSPICE OF NORTHEAST FLORIDA,4266 SUNBEAM RD,,JACKSONVILLE,FL,322576030,9045966378,PRESIDENT & CEO,3336C0003X,tier_1_primary_pharmacy,Y,Y,
1083871222,YOUNIQUE PHARMACY INC.,12963 WEST OKEECHOBEE RD STE 2,,HIALEAH GARDENS,FL,330186055,3058170904,PRESIDENT,333600000X,tier_1_primary_pharmacy,Y,Y,
1114184371,PUBLIX SUPER MARKETS INC,301 WEST RD,,OCOEE,FL,347615300,4076561254,VP PHARMACY,333600000X|3336C0003X,tier_1_primary_pharmacy,Y,N,PUBLIX
1356508980,PHYTOGENICS LLC,4501 NW 31ST AVE,,OAKLAND PARK,FL,333093403,9546125831,CEO/PIC,3336C0004X|3336C0002X|3336M0003X|3336S0011X|333600000X|3336C0003X,tier_1_primary_pharmacy,Y,Y,
1649437161,JS PHARMACY LLC,6416 RIDGE RD,,PORT RICHEY,FL,346686748,7278472211,MANAGING MEMBER,3336C0003X,tier_1_primary_pharmacy,Y,Y,
1598922049,CONSULTING RESULTS INC.,10876 LA SALINAS CIR,,BOCA RATON,FL,334281235,5614771305,CONSULTANT PHARMACIST,3336M0003X|3336L0003X,tier_1_primary_pharmacy,Y,Y,
1205093861,"ALBE PHARMACY,INC",161 NW 29TH ST,,MIAMI,FL,331273929,3055760024,PRESIDENT,333600000X|3336C0003X,tier_1_primary_pharmacy,Y,Y,
1346407731,I.C.F. ENTERPRISES INC,2295 NW 28TH ST,,MIAMI,FL,331425987,3056352358,PRESIDENT,3336L0003X|3336C0003X,tier_1_primary_pharmacy,Y,Y,
1649438623,BONANZA STATE PHARMACY AND DISCOUNT CORP,19752 SW 177TH AVE,,MIAMI,FL,331872600,3053786116,PRESIDENT,3336C0003X,tier_1_primary_pharmacy,Y,Y,
1467610303,DUVAL COUNTY HEALTH DEPARTMENT PHARMACY,515 W 6TH ST # MC-47,,JACKSONVILLE,FL,322064324,9042532461,DIRECTOR OF PHARMACY,333600000X,tier_1_primary_pharmacy,Y,Y,
1720246663,MITCHELL CUSTOM CARE,13224 BOYETTE RD,,RIVERVIEW,FL,335695702,8133411050,OWNER,333600000X|3336C0003X|3336C0004X,tier_1_primary_pharmacy,Y,Y,
1023276920,ADVENTIST HEALTH SYSTEM SUNBELT HEALTHCARE CORPORATION,5050 WESLEY RD STE 110,,APOPKA,FL,327125908,8669434535,DIRECTOR OF PHARMACY,3336S0011X,tier_1_primary_pharmacy,Y,Y,
1689832404,PAY LESS PHARMACY INC,1460 6TH ST SE,,WINTER HAVEN,FL,338804505,8632910703,OWNER,3336L0003X|3336C0003X,tier_1_primary_pharmacy,Y,Y,
1932367687,LA MILAGROSA PHARMACY & DISCOUNT LLC,432 SW 8TH AVE,,MIAMI,FL,331302507,3055451127,PRESIDENT/OWNER,333600000X|3336L0003X|3336C0003X,tier_1_primary_pharmacy,Y,Y,
1184883431,PAY LESS PHARMACY INC,7208 N STERLING AVE,STE B,TAMPA,FL,336144051,8139335830,OWNER,3336L0003X|3336C0003X,tier_1_primary_pharmacy,Y,Y,
1770742892,PRIDE PHARMACY INC,1421 E OAKLAND PARK BLVD,STE 100,OAKLAND PARK,FL,333344434,9543900916,MANAGER,333600000X|3336C0003X,tier_1_primary_pharmacy,Y,Y,
1518126473,GATUS-PHARMA LLC,3030 E SEMORAN BLVD,SUITE 164,APOPKA,FL,327035952,4077741957,OWNER/PHARMACIST,3336C0003X,tier_1_primary_pharmacy,Y,Y,
1093974982,"HEALTHDYNE PHARMACY FL, LLC",500 EAGLES LANDING DR,,LAKELAND,FL,338102899,8884792000,SENIOR VICE PRESIDENT&SECRETARY,333600000X|3336C0003X|3336M0002X,tier_1_primary_pharmacy,Y,Y,
1942469804,A.S.F. PHARMACY INC,1203 71ST ST,,MIAMI BEACH,FL,33141,3058610837,PRESIDENT,3336C0003X,tier_1_primary_pharmacy,Y,Y,
1306005186,ACCARDI CLINICAL SERVICES INC,2583 S VOLUSIA AVE,STE 100,ORANGE CITY,FL,327639129,3867745800,OWNER,3336I0012X,tier_1_primary_pharmacy,Y,Y,
1205095015,ASF PHARMACY INC,1203 71ST STREET,,MIAMI BEACH,FL,33141,3058610837,PRESIDENT,3336C0003X,tier_1_primary_pharmacy,Y,Y,
1477713667,ST MARKS PHARMACY LLC,4954 RIDGEMOOR BLVD,,PALM HARBOR,FL,346851744,7277727070,OWNER/PRESIDENT,3336C0003X,tier_1_primary_pharmacy,Y,Y,
1982864831,PETER BOTROS PHARMACY INC,121 VICTORIA COMMONS BLVD,SUITE #102,DELAND,FL,32724,3867348477,PRESIDENT & OWNER,333600000X|3336L0003X|3336C0003X,tier_1_primary_pharmacy,Y,Y,
1538329313,"MEDITERRANEA PHARMACY, INC.",1177 W 37TH ST,,HIALEAH,FL,330124941,3058200423,PRESIDENT,3336C0003X,tier_1_primary_pharmacy,Y,Y,
1316108814,BILTMORE PHARMACY INC,11300 NW 87TH CT,149,HIALEAH GARDENS,FL,330184586,3054776502,PRESIDENT,3336C0003X,tier_1_primary_pharmacy,Y,Y,
1982865192,ROSSY MEDICAL INC,6360 W OAKLAND PARK BLVD,,SUNRISE,FL,333131216,9543022337,OWNER PHCY MANAGER,3336C0003X,tier_1_primary_pharmacy,Y,Y,
1457512600,"COMPOUNDING DOCS, INC",1000 CLINT MOORE RD,BLDG B STE 201,BOCA RATON,FL,334872818,5618260711,CEO/PRESIDENT,3336C0004X|3336S0011X|3336H0001X,tier_1_primary_pharmacy,Y,Y,
1285895250,EZ RX PHARMACY LLC,6916 W LINEBAUGH AVE,SUITE 101,TAMPA,FL,336255815,8139602020,PHARMACY OPERATIONS,3336L0003X|3336C0003X,tier_1_primary_pharmacy,Y,Y,
1609038926,BUSCH PHARMACY LLC,7009 N ARMENIA AVE,,TAMPA,FL,336045252,8139908300,MANAGER,3336C0003X,tier_1_primary_pharmacy,Y,Y,
1861655664,PUBLIX SUPER MARKETS INC,865 HIBERNIA RD,STE 200,FLEMING ISLAND,FL,320038707,9045291273,VP PHARMACY,333600000X|3336C0003X,tier_1_primary_pharmacy,Y,N,PUBLIX
1306009568,PUBLIX SUPER MARKETS INC,3839 PLEASANT HILL RD,,KISSIMMEE,FL,347462952,4073437878,VP PHARMACY,333600000X|3336C0003X,tier_1_primary_pharmacy,Y,N,PUBLIX
1538322532,KENI PHARMACY INC,13911 SW 42ND ST,STE 203,MIAMI,FL,331756403,3052284980,PRESIDENT,3336C0003X,tier_1_primary_pharmacy,Y,Y,
1487818340,PHEMMY VENTURES INC,1412 W WATERS AVE STE 103,,TAMPA,FL,336042802,8139313700,PHARMACY MANAGER,3336C0003X,tier_1_primary_pharmacy,Y,Y,
1841454782,PUBLIX SUPER MARKETS INC,12425 HAGEN RANCH RD,,BOYNTON BEACH,FL,334374107,5612924494,VP PHARMACY,333600000X|3336C0003X,tier_1_primary_pharmacy,Y,N,PUBLIX
1669636502,PUBLIX SUPER MARKETS INC,8095 N UNIVERSITY DR,,PARKLAND,FL,330672602,9545758230,VP PHARMACY,333600000X|3336C0003X,tier_1_primary_pharmacy,Y,N,PUBLIX
1891958716,PUBLIX SUPER MARKETS INC,7800 LAKE WILSON RD,,DAVENPORT,FL,338969605,8634203727,VP PHARMACY,333600000X|3336C0003X,tier_1_primary_pharmacy,Y,N,PUBLIX
1215191952,MAGNA EMPIRE GROUP INC,2406 SW 137TH AVE,2406 SW 137TH AVE,MIAMI,FL,331756311,3052271174,PRES,3336C0003X,tier_1_primary_pharmacy,Y,Y,
1548424815,PUBLIX SUPER MARKETS INC,4739 HIGHWAY 90,,PACE,FL,325711403,8509944861,VP PHARMACY,333600000X|3336C0003X,tier_1_primary_pharmacy,Y,N,PUBLIX
1669636924,PUBLIX SUPER MARKETS INC,9595 COMMERCIAL WAY,,WEEKI WACHEE,FL,346133930,3525965190,VP PHARMACY,333600000X|3336C0003X,tier_1_primary_pharmacy,Y,N,PUBLIX
1679738637,SIMS PHARMACY LLC,1177 GULF BREEZE PKWY,,GULF BREEZE,FL,325614835,8506779340,OWNER,3336C0003X|333600000X,tier_1_primary_pharmacy,Y,Y,
1306001953,"ABRANTCARE PHARMACY, CORP.",777 NE 79TH ST,SUITE 100,MIAMI,FL,331384701,3057510021,PRESIDENT,3336C0003X,tier_1_primary_pharmacy,Y,Y,
1578728895,PREMIUM PHARMACY INC,8901 SW 157TH AVE,STE 3,MIAMI,FL,331961102,3053852900,OWNER,3336C0003X,tier_1_primary_pharmacy,Y,Y,
1245496363,WOODS NATURAL PHARMACY,8038 W SAMPLE RD,,MARGATE,FL,330654714,9545757678,OWNER,3336C0004X|3336C0003X,tier_1_primary_pharmacy,Y,Y,
1609032259,PREMIER COMPOUNDING PHARMACY INC,2000 PGA BLVD STE 5507,STE 5507,PALM BEACH GARDENS,FL,334082726,5616914991,PRES,3336C0003X|3336S0011X|333600000X|3336C0004X,tier_1_primary_pharmacy,Y,Y,
1053567289,"QUICKPHARM, INC.",114 S SEMORAN BLVD,,ORLANDO,FL,328073293,4077376633,PRESIDENT,333600000X,tier_1_primary_pharmacy,Y,Y,
1770739799,SAMZOY PHARMACY INC,1611 NW 77TH WAY,,PEMBROKE PINES,FL,330245251,9549679452,PHARMACIST,3336C0003X,tier_1_primary_pharmacy,Y,Y,
1871749671,LURD'S INC,401 1ST AVE N,,ST PETERSBURG,FL,337013802,7278036945,DME OFFICER,3336C0003X,tier_1_primary_pharmacy,Y,Y,
1487800264,PINELLAS COMPOUNDING PHARMACY INC,1609-1611 MAIN ST,,DUNEDIN,FL,34698,7272390300,PRESIDENT,333600000X|3336C0004X,tier_1_primary_pharmacy,Y,Y,
1578719290,"EXECUTIVE HEALTH, LLC",2675 WINKLER AVE,,FORT MYERS,FL,339019342,2399393949,PRESIDENT,333600000X,tier_1_primary_pharmacy,Y,Y,
1467608075,SOUTHERN MERIDIAN INC,19 TOWN CENTER LOOP,,SANTA ROSA BEACH,FL,324590700,8506223313,OWNER,3336C0003X,tier_1_primary_pharmacy,Y,Y,
1326294919,ST JOSEPH PHARMACY & MEDICAL SUPPLIES LLC,35780 STATE ROAD 54 STE 101,,ZEPHYRHILLS,FL,335412242,8137824854,PHARMACY MANAGER,333600000X|3336C0003X,tier_1_primary_pharmacy,Y,Y,
1174770077,PUBLIX SUPER MARKETS INC,400 E CENTRAL BLVD,,ORLANDO,FL,328011923,4078727207,VP PHARMACY,333600000X|3336C0003X,tier_1_primary_pharmacy,Y,N,PUBLIX
1932356409,JACOBS PHARMACY INC,261 WESTWARD DR,SUITE 115-116,MIAMI SPRINGS,FL,331665290,7869535643,PRESIDENT,3336C0003X,tier_1_primary_pharmacy,Y,Y,
1437306909,LAURA PHARMACY DISCOUNT INC,6724 W FLAGLER ST,,MIAMI,FL,331442924,3052605533,PRESIDENT,3336C0003X,tier_1_primary_pharmacy,Y,Y,
1003063520,PUBLIX SUPER MARKETS INC,884 CYPRESS GARDENS BLVD,,WINTER HAVEN,FL,338804726,8632932382,VP PHARMACY,333600000X|3336C0003X,tier_1_primary_pharmacy,Y,N,PUBLIX
1932356326,PHARMACY DOCTORS ENTERPRISES INC,205 E HALLANDALE BEACH BLVD,,HALLANDALE BEACH,FL,330095524,9543675365,PIC,3336C0004X|3336H0001X|3336C0003X,tier_1_primary_pharmacy,Y,Y,
1619125713,"EL VIGNOBLE,LLC",4850 WEST OAKLAND BLVD,SUITE 106 & 108,LAUDERDALE LAKES,FL,33313,9546963641,OWNER,3336C0003X,tier_1_primary_pharmacy,Y,Y,
1275781270,ACE MEDICAL EQUIPMENT GROUP CORP,1572 W 37TH ST,,HIALEAH,FL,330124624,3055581499,PRESIDENT,333600000X|3336C0003X,tier_1_primary_pharmacy,Y,Y,
1366690364,KRS GLOBAL BIO TECHNOLOGY INC,791 PARK OF COMMERCE BLVD,STE 600,BOCA RATON,FL,334873632,8882427996,PRESIDENT/CEO,333600000X|3336C0003X|3336C0004X,tier_1_primary_pharmacy,Y,Y,
1871741421,LENIUL PHARMACY GROUP INC,2901 SW 8TH ST,STE 202,MIAMI,FL,331352861,3056449866,ADMINISTRATOR,3336M0002X|3336S0011X|3336L0003X,tier_1_primary_pharmacy,Y,Y,
1386893782,PUBLIX SUPER MARKETS INC,10018 GRIFFIN RD,,COOPER CITY,FL,333283301,9544345733,VP PHARMACY,333600000X|3336C0003X,tier_1_primary_pharmacy,Y,N,PUBLIX
1174772388,PUBLIX SUPER MARKETS INC,9251 UNIVERSITY PKWY,,PENSACOLA,FL,325145531,8504735005,VP PHARMACY,333600000X|3336C0003X,tier_1_primary_pharmacy,Y,N,PUBLIX
1508015710,PUBLIX SUPER MARKETS INC,4950 BELLE TERRE PKWY,,PALM COAST,FL,321378692,3864455350,VP PHARMACY,333600000X|3336C0003X,tier_1_primary_pharmacy,Y,N,PUBLIX
1275782492,JUAN AND JOHN DRUGS,340 E SUGARLAND HWY,SUITE B,CLEWISTON,FL,33440,8639837277,OWNER,333600000X|3336L0003X,tier_1_primary_pharmacy,Y,Y,
1508015736,PUBLIX SUPER MARKETS INC,3700 4TH ST N,,ST PETERSBURG,FL,337041314,7275213024,VP PHARMACY,333600000X|3336C0003X,tier_1_primary_pharmacy,Y,N,PUBLIX
1316196579,HABOUR ISLAND PHARMACY LLC,601 S HARBOUR ISLAND BLVD,SUITE 105,TAMPA,FL,336025735,8133740206,PIC,3336C0003X,tier_1_primary_pharmacy,Y,Y,
1275782450,MEDISERV INFUSION LLC,3830 BEE RIDGE RD STE 101,,SARASOTA,FL,342331105,9412252005,PHARMACIST,3336C0003X|3336C0004X|3336S0011X|333600000X,tier_1_primary_pharmacy,Y,Y,
1144479270,SAMS EAST INC,5565 20TH ST,,VERO BEACH,FL,329664632,7729787701,"SENIOR DIRECTOR, ENROLLMENT",3336C0003X,tier_1_primary_pharmacy,Y,Y,
1629227442,DEPARTMENT OF CHILDREN & FAMILES,7487 S STATE ROAD 121,,MACCLENNY,FL,320635451,9042596211,PHARMACY MANAGER,333600000X|3336L0003X,tier_1_primary_pharmacy,Y,Y,
1396994075,PUBLIX SUPER MARKETS INC,17400 N ALTERNATE A1A,,JUPITER,FL,334775896,5614716065,VP PHARMACY,333600000X|3336C0003X,tier_1_primary_pharmacy,Y,N,PUBLIX
1013166677,PUBLIX SUPER MARKETS INC,32765 EILAND BLVD,,ZEPHYRHILLS,FL,335455268,8137792510,VP PHARMACY,333600000X|3336C0003X,tier_1_primary_pharmacy,Y,N,PUBLIX
1174772768,PUBLIX SUPER MARKETS INC,3040 DYER BLVD,,KISSIMMEE,FL,347417839,4079331524,VP PHARMACY,333600000X|3336C0003X,tier_1_primary_pharmacy,Y,N,PUBLIX
1649429366,PUBLIX SUPER MARKETS INC,3610 U.S. HIGHWAY 27 SOUTH,,SEBRING,FL,33870,8633855523,VP PHARMACY,333600000X|3336C0003X,tier_1_primary_pharmacy,Y,N,PUBLIX
1912156571,PUBLIX SUPER MARKETS INC,3372 CANOE CREEK RD,,SAINT CLOUD,FL,347726536,4079578060,VP PHARMACY,333600000X|3336C0003X,tier_1_primary_pharmacy,Y,N,PUBLIX
1871743310,"INFUPHARMA, LLC",1239 NE 8TH AVE,,FORT LAUDERDALE,FL,333042001,8663496213,PRESIDENT,3336C0003X|3336H0001X,tier_1_primary_pharmacy,Y,Y,
1396995650,S & K PHARMACIES LLC,7546 WEST COMMERIAL BLVD,,LAUDERHILL,FL,33319,9545335675,PRESIDENT,3336C0003X,tier_1_primary_pharmacy,Y,Y,
1841440682,WEST ATLANTIC PHARMACY INCORPORATED,7495 W ATLANTIC AVE,STE 206,DELRAY BEACH,FL,334461393,5614960338,OWNER/PIC,333600000X|3336C0003X,tier_1_primary_pharmacy,Y,Y,
1417108184,MAR-LAC PHARMACY DISCOUNT & SUPPLY CORP,1109 NW 22ND AVE,,MIAMI,FL,331252738,3056316602,PRESIDENT,333600000X|3336L0003X|3336C0003X,tier_1_primary_pharmacy,Y,Y,
1366693053,"FLORIDA DISCOUNT DRUGS, INC",1021 W FAIRBANKS AVE,,WINTER PARK,FL,327894718,4076441025,PHARMACIST MANAGER,333600000X|3336C0003X|3336C0004X,tier_1_primary_pharmacy,Y,Y,
1568613180,UNIVERSITY OF SOUTH FLORIDA BOARD OF TRUSTEES,12530 USF BULL RUN DRIVE,SWC 310,TAMPA,FL,33620,8139742071,MEDICAL DIRECTOR,3336C0003X,tier_1_primary_pharmacy,Y,Y,
1598916850,"JDM ENTERPRISES OF VERO BEACH,LLC",1635 14TH AVE,,VERO BEACH,FL,329600435,7725623660,PHARMACIST,333600000X,tier_1_primary_pharmacy,Y,Y,
1659522738,MR RX LLC,10549 N FLORIDA AVE,STE A,TAMPA,FL,336126707,8139369700,MGR,3336C0003X,tier_1_primary_pharmacy,Y,Y,
1871744755,MAR-LAC PHARMACY DISCOUNT & SUPPLY,1109 NW 22ND AVE,,MIAMI,FL,331252738,3056316602,PRESIDENT,333600000X,tier_1_primary_pharmacy,Y,Y,
1255582144,EXECUTIVE PHARMACY LLC,4300 N UNIVERSITY DR,STE E-200,SUNRISE,FL,333516249,9543680901,MR.,3336C0004X|333600000X|3336C0003X,tier_1_primary_pharmacy,Y,Y,
1851542674,ANTONIO PHARMACY LLC,7202 SOUTHGATE BLVD,,NORTH LAUDERDALE,FL,330681426,9547210325,PHARMACIST,3336C0003X,tier_1_primary_pharmacy,Y,Y,
1700037587,PREMIER PHARMA SERVICES INC,7520 W WATERS AVE,SUITE 6,TAMPA,FL,336151599,8133335343,PRESIDENT,333600000X|3336C0003X,tier_1_primary_pharmacy,Y,Y,
1619129319,PUBLIX SUPER MARKETS INC,1921 N BELCHER RD,,CLEARWATER,FL,337634548,7277123480,VP PHARMACY,333600000X|3336C0003X,tier_1_primary_pharmacy,Y,N,PUBLIX
1659523363,"PUBLIX SUPER MARKETS, INC.",2381 W STATE ROAD 434,,LONGWOOD,FL,327794984,4078625414,VP OF PHARMACY,333600000X|3336C0003X,tier_1_primary_pharmacy,Y,N,PUBLIX
1578715215,HEPZIBAH INC,10802 MAIN ST,STE A,THONOTOSASSA,FL,335922840,8134138242,"OWNER, VP, AO",333600000X|3336C0003X,tier_1_primary_pharmacy,Y,Y,
1013169713,TAJOSE LLC,2351 NW 93RD AVE,,DORAL,FL,331724811,3055949899,C.F.O,3336L0003X,tier_1_primary_pharmacy,Y,Y,
1669624185,PUBLIX SUPER MARKETS INC,3821 S NOVA RD,,PORT ORANGE,FL,321274950,3867564170,VP PHARMACY,333600000X|3336C0003X,tier_1_primary_pharmacy,Y,N,PUBLIX
1801048327,CENTRAL MEDICAL EQUIPMENT SUPPLY INC,2901 W BUSCH BLVD,916,TAMPA,FL,336184523,8139329358,PRESIDENT,3336L0003X,tier_1_primary_pharmacy,Y,Y,
1376795732,PUBLIX SUPER MARKETS INC,35439 U.S. 19 NORTH,,PALM HARBOR,FL,346841737,7277719327,VP PHARMACY,333600000X|3336C0003X,tier_1_primary_pharmacy,Y,N,PUBLIX
1285886242,PUBLIX SUPER MARKETS INC,870 VILLAGE OAK LN,,LAKE MARY,FL,327464766,4078041963,VP PHARMACY,333600000X|3336C0003X,tier_1_primary_pharmacy,Y,N,PUBLIX
1396997300,GRANDE PHARMACY LLC,4015 E HILLSBOROUGH AVE,,TAMPA,FL,336103847,8136239911,PHARMACIST,3336C0003X,tier_1_primary_pharmacy,Y,Y,
1174775365,MAA BHAWANI INC,3791 N LECANTO HWY,,BEVERLY HILLS,FL,344653559,3525273111,PRESIDENT,3336C0003X,tier_1_primary_pharmacy,Y,Y,
1568614527,PUBLIX SUPER MARKETS INC,10250 CURRY FORD RD,,ORLANDO,FL,328258735,4072076112,VP PHARMACY,333600000X|3336C0003X,tier_1_primary_pharmacy,Y,N,PUBLIX
1578715538,PUBLIX SUPER MARKETS INC,26841 TAMIAMI TRL,,BONITA SPRINGS,FL,341347817,2399921675,VP PHARMACY,333600000X|3336C0003X,tier_1_primary_pharmacy,Y,N,PUBLIX
1912159971,PUBLIX SUPER MARKETS INC,2100 SAXON BLVD,,DELTONA,FL,327253251,3865326388,VP PHARMACY,333600000X|3336C0003X,tier_1_primary_pharmacy,Y,N,PUBLIX
1558513515,PUBLIX SUPER MARKETS INC,2770 W BAY DR,,BELLEAIR BLUFFS,FL,337702618,7275860240,VP PHARMACY,333600000X|3336C0003X,tier_1_primary_pharmacy,Y,N,PUBLIX
1467605733,GAVIOTA PHARMACY DISCOUNT CORP,10521 SW 40TTH STREET,,MIAMI,FL,331653747,3052236469,OWNER,3336C0003X,tier_1_primary_pharmacy,Y,Y,
1962655282,24 HOUR COMMUNITY PHARMACY INC.,7945 NW 2ND ST,,MIAMI,FL,331268000,3052626956,PRESIDENT,3336C0003X,tier_1_primary_pharmacy,Y,Y,
1346494952,FLAGLER RX INC,7299 W FLAGLER ST,,MIAMI,FL,331442503,3052628080,PRESIDENT,3336C0003X,tier_1_primary_pharmacy,Y,Y,
1881848497,"PHYSICIAN PREFERRED PHARMACY, INC.",2700 NORTH STATE ROAD 7,,MARGATE,FL,33063,9549607360,PRESIDENT,333600000X,tier_1_primary_pharmacy,Y,Y,
1437303062,FIRST SOLUTION PHARMACY INC,5554 SW 8TH ST,,CORAL GABLES,FL,331342220,3055299155,PRESIDENT / OWNER,3336C0003X,tier_1_primary_pharmacy,Y,Y,
1750535399,GABI'S PHARMACY INC,106C SW 27TH AVE,,MIAMI,FL,331351429,3056449808,OWNER / PRESIDENT,3336C0003X,tier_1_primary_pharmacy,Y,Y,
1194979799,TNC PHARMACY LLC,1947 W DR MARTIN LUTHER KING JR BLVD,,TAMPA,FL,336076509,8133742400,PIC,3336C0003X,tier_1_primary_pharmacy,Y,Y,
1639323777,"HAVEN ENTERPRISES, LLC",1460 6TH ST SE,,WINTER HAVEN,FL,338804505,8632941400,OWNER,3336C0003X,tier_1_primary_pharmacy,Y,Y,
1073767257,PUBLIX SUPER MARKETS INC,610 EGLIN PKWY NE,,FORT WALTON BEACH,FL,325472832,8508626185,VP PHARMACY,333600000X|3336C0003X,tier_1_primary_pharmacy,Y,N,PUBLIX
1225282429,PUBLIX SUPER MARKETS INC,1101 8TH AVE W,,PALMETTO,FL,342213809,9417218681,VP PHARMACY,333600000X|3336C0003X,tier_1_primary_pharmacy,Y,N,PUBLIX
1558515734,ALLEN INVESTORS AND PHARMACY FIRST CO LLC,7229 N DALE MABRY HWY,STE 7,TAMPA,FL,336142699,8133742416,OWNER/MANAGER,3336C0003X,tier_1_primary_pharmacy,Y,Y,
1376797571,PUBLIX SUPER MARKETS INC,8601 NW 186TH ST,,HIALEAH,FL,330152553,3056985289,VP PHARMACY,333600000X|3336C0003X,tier_1_primary_pharmacy,Y,N,PUBLIX
1316191505,PUBLIX SUPER MARKETS INC,2431 S WOODLAND BLVD,,DELAND,FL,327208637,3867345369,VP PHARMACY,333600000X|3336C0003X,tier_1_primary_pharmacy,Y,N,PUBLIX
1083868277,PUBLIX SUPER MARKETS INC,2970 S RIDGEWOOD AVE,,EDGEWATER,FL,321417527,3864781334,VP PHARMACY,333600000X|3336C0003X,tier_1_primary_pharmacy,Y,N,PUBLIX
1972757151,PUBLIX SUPER MARKETS INC,2180 W NINE MILE RD,,PENSACOLA,FL,325349472,8504735025,VP PHARMACY,333600000X|3336C0003X,tier_1_primary_pharmacy,Y,N,PUBLIX
1194979286,"COCONUT GROVE PHARMACY, INC",3001 SW 27TH AVE,SUITE 102,COCONUT GROVE,FL,331334663,3054420211,MANAGER,3336C0004X|333600000X|3336C0003X,tier_1_primary_pharmacy,Y,Y,
1003060195,GERIZIM VENTURES INC,521 DR MARTIN LUTHER KING JR ST N,,ST PETERSBURG,FL,337012116,7272090619,PRESIDENT,3336C0004X|3336C0003X,tier_1_primary_pharmacy,Y,Y,
1285889204,PUBLIX SUPER MARKETS INC,10935 S JOG RD,,BOYNTON BEACH,FL,334373921,5617312905,VP PHARMACY,333600000X|3336C0003X,tier_1_primary_pharmacy,Y,N,PUBLIX
1871748970,PUBLIX SUPER MARKETS INC,18901 STATE ROAD 54,,LUTZ,FL,335585268,8139498416,VP PHARMACY,3336C0003X|333600000X,tier_1_primary_pharmacy,Y,N,PUBLIX
1427203546,PUBLIX SUPER MARKETS INC,8780 BOYNTON BEACH BLVD,,BOYNTON BEACH,FL,334724423,5613694805,VP PHARMACY,3336C0003X|333600000X,tier_1_primary_pharmacy,Y,N,PUBLIX
1336394451,PUBLIX SUPER MARKETS INC,1735 NE PINE ISLAND RD,,CAPE CORAL,FL,339091731,2395736493,VP PHARMACY,333600000X|3336C0003X,tier_1_primary_pharmacy,Y,N,PUBLIX
1639324353,MIAMI PHARMACY & DISCOUNT INC,27036 S DIXIE HWY,,HOMESTEAD,FL,330327315,3052467769,PRESIDENT,333600000X,tier_1_primary_pharmacy,Y,Y,
1124273610,PUBLIX SUPER MARKETS INC,1024 HIGHWAY A1A,SUITE 100,SATELLITE BEACH,FL,329372342,3217737035,VP PHARMACY,3336C0003X|333600000X,tier_1_primary_pharmacy,Y,N,PUBLIX
1215182704,PUBLIX SUPER MARKETS INC,440 N ORLANDO AVE,,WINTER PARK,FL,327892914,4076443033,VP PHARMACY,333600000X|3336C0003X,tier_1_primary_pharmacy,Y,N,PUBLIX
1972758381,"CAREMART, INC",960 NE 62ND ST,,FORT LAUDERDALE,FL,333344110,9545887394,OWNER,3336C0003X,tier_1_primary_pharmacy,Y,Y,
1427203876,TLCRX1 LLC,1714 SW 17TH ST,,OCALA,FL,344711227,3526446779,OWNER,333600000X|3336C0003X,tier_1_primary_pharmacy,Y,Y,
1528203775,CARL D ACQUAVIVA,1555 PORT MALABAR BLVD NE,SUITE 101,PALM BAY,FL,329055407,3217257188,PHARMACIST OWNER,3336C0003X,tier_1_primary_pharmacy,Y,Y,
1316182538,PRONTO-MED INC,1409 NE 26TH ST,,WILTON MANORS,FL,333051321,9545666151,OWNER,3336C0004X|3336C0003X,tier_1_primary_pharmacy,Y,Y,
1841435914,HUDSON DRUGS LLC,7211 N DALE MABRY HWY STE 101,,TAMPA,FL,336142669,8139615790,RX MANAGER / OWNER,3336C0003X,tier_1_primary_pharmacy,Y,Y,
1932344918,UNIVERSAL COMPOUNDING PHARMACY INC,2304 ALOMA AVE,,WINTER PARK,FL,327923330,4076732222,OWNER,3336C0004X|3336C0003X,tier_1_primary_pharmacy,Y,Y,
1154566966,BRAVO COMUNICATIONS,3320 SW 87TH AVE,,MIAMI,FL,331654207,7867129837,PRESIDENT,3336C0002X,tier_1_primary_pharmacy,Y,Y,
1003051582,PUBLIX SUPER MARKETS INC,3030 54TH AVE S,,ST PETERSBURG,FL,337124614,7278642515,VP PHARMACY,333600000X|3336C0003X,tier_1_primary_pharmacy,Y,N,PUBLIX
1548405970,WCRX PHARMACY CENTRAL,100 SALEM CT,,TALLAHASSEE,FL,323012810,8502221963,PHARM.D,3336S0011X|333600000X|3336C0003X,tier_1_primary_pharmacy,Y,Y,
1700021144,PUBLIX SUPER MARKETS INC,84 TUSCAN WAY,,ST AUGUSTINE,FL,320921831,9049402894,VP PHARMACY,3336C0003X|333600000X,tier_1_primary_pharmacy,Y,N,PUBLIX
1346486545,TVPHARMACIST LLC,9011 PARK BLVD STE 206,,SEMINOLE,FL,337774123,7273981492,PRESIDENT/MANAGING MBR,3336C0003X,tier_1_primary_pharmacy,Y,Y,
1740426758,CHARLIE RX INC,551 E 49TH ST,SUITE 16,HIALEAH,FL,330131904,3056818389,PRESIDENT,333600000X,tier_1_primary_pharmacy,Y,Y,
1528204419,"RURAL HEALTH CARE, INCORPORATED",22066 SE 71ST AVE,,HAWTHORNE,FL,326403969,3524815640,VP/CPO,333600000X|3336S0011X|3336C0003X,tier_1_primary_pharmacy,Y,Y,
1538305479,PERDOMOS PHARMACY & DISCOUNT INC,4286A PALM AVE,,HIALEAH,FL,330124454,3058181971,PRESIDENT,3336C0003X,tier_1_primary_pharmacy,Y,Y,
1811133424,TAMPA SPECIALTY PHARMACY LLC,5908 BRECKENRIDGE PKWY,,TAMPA,FL,336104233,8136447277,OWNER,333600000X|3336C0003X,tier_1_primary_pharmacy,Y,Y,
1912144353,K & M LAKE PLACID INC,133 TOWER ST,,LAKE PLACID,FL,338526836,8632600100,DIRECTOR,3336C0003X,tier_1_primary_pharmacy,Y,Y,
1285871236,R & GRIFFITH ENTERPRISE INC,2912 W WATERS AVE,,TAMPA,FL,336141855,8138650522,CEO,3336C0003X,tier_1_primary_pharmacy,Y,Y,
1144467143,MICHAELS PHARMACY,11936 SEMINOLE BLVD,,LARGO,FL,337782803,7275852000,PRESIDENT / PIC,333600000X|3336C0004X|3336C0003X,tier_1_primary_pharmacy,Y,Y,
1972740967,RISE N SHINE PHARMACY,17913 NW 7TH ST,"SUITE 104, PINES PROFESSIONAL MEDICAL CAMPUS",PEMBROKE PINES,FL,330292811,9544477784,PRESIDENT,333600000X|3336C0003X,tier_1_primary_pharmacy,Y,Y,
1982841847,"SARDINAS SON'S GROUP, INC.",13218 SW 8TH ST,,MIAMI,FL,331841176,3052230101,PRESIDENT,3336C0003X,tier_1_primary_pharmacy,Y,Y,
1477790186,BISK VENTURES INC,407 W OAK ST,,KISSIMMEE,FL,347414931,4075189445,OWNER,3336C0003X,tier_1_primary_pharmacy,Y,Y,
1396982955,UNITED PHARMACY & DISCOUNT INC,12887 SW 42ND ST,,MIAMI,FL,331753435,3052218699,OWNER,333600000X,tier_1_primary_pharmacy,Y,Y,
1508003138,PIERSON COMMUNITY PHARMACY INC,650 W PLYMOUTH AVE,,DELAND,FL,327203260,3867386268,"OWNER,AO",333600000X|3336C0003X,tier_1_primary_pharmacy,Y,Y,
1992943310,TVPHARMACIST LLC,9011 PARK BLVD STE 206,,SEMINOLE,FL,337774123,7273981492,PREDSIDENT,3336H0001X|3336L0003X,tier_1_primary_pharmacy,Y,Y,
1124266549,LIFE WORTH LIVING FOUNDATION INC,6488 CURRIN DR STE 100,,ORLANDO,FL,328356207,4075225685,PHARMACY MANAGER,3336C0004X|3336L0003X|333600000X|3336C0003X,tier_1_primary_pharmacy,Y,Y,
1558509950,JSK RX LLC,2224 E STATE ROAD 60,,VALRICO,FL,335943703,8136817800,OWNER,333600000X|3336C0003X,tier_1_primary_pharmacy,Y,Y,
1063650208,PROGRESSIVE PHARMACY INC,7177 LAKE WORTH RD,,LAKE WORTH,FL,334672906,5619642700,PRESIDENT-PHARMACY MANAGER,3336C0003X|333600000X,tier_1_primary_pharmacy,Y,Y,
1225276595,HILLSBOROUGH RIVER PHARMACY INC,4603 N ARMENIA AVE,,TAMPA,FL,336032705,8138733651,PHARMACY MANAGER,333600000X|3336C0004X|3336M0003X|3336C0003X,tier_1_primary_pharmacy,Y,Y,
1639317779,SANTOS SUAREZ PHARMACY INC,11300 NW 87TH CT,149,HIALEAH GARDENS,FL,330184586,3058212904,OWNER,3336C0003X,tier_1_primary_pharmacy,Y,Y,
1821236969,UNIVERSAL SCRIPTS INC,2742 SW 8TH ST,SUITE 12-13,MIAMI,FL,331354650,3056443270,PRESIDENT,333600000X,tier_1_primary_pharmacy,Y,Y,
1144468174,TURNER BROTHERS INC,1530 CELEBRATION BLVD,SUITE 105,CELEBRATION,FL,347475164,4075669060,CHIEF PHARMACIST,3336C0003X,tier_1_primary_pharmacy,Y,Y,
1164660122,RELIANCE PHARMACY LLC,2100 45TH ST STE B1,,WEST PALM BEACH,FL,334072063,5618411801,PHARMACY MANAGER,333600000X|3336C0003X,tier_1_primary_pharmacy,Y,Y,
1972741825,SUNNYSIDE RESPIRATORY CARE INC,9045 LAFONTANA BLVD,206,BOCA RATON,FL,334345636,5614884450,PRESIDENT,3336M0002X,tier_1_primary_pharmacy,Y,Y,
1912145715,FLORIDA INTEGRATED HEALTH SERVICES,601 US HIGHWAY 27,,MOORE HAVEN,FL,334715516,8639460006,PRESIDENT,333600000X|3336C0003X,tier_1_primary_pharmacy,Y,Y,
1457599250,FLORIDA INTEGRATED HEALTH SERVICES,13 W BROADWAY ST,,FORT MEADE,FL,338413303,8636222087,V-PRESIDENT,333600000X|3336C0003X,tier_1_primary_pharmacy,Y,Y,
1467690214,AGNES RX INC,2800 N MACDILL AVE,STE C,TAMPA,FL,336072208,8138706300,PRESIDENT/PHARMACIST,333600000X,tier_1_primary_pharmacy,Y,Y,
1285872937,PHARMLAND,3426 13TH AVE N,,ST PETERSBURG,FL,337135424,7272091282,CO-OWNER/PHARMACIST,3336C0003X,tier_1_primary_pharmacy,Y,Y,
1245478924,EBONY DRUGS LLC,6666 NW 15TH AVE,,MIAMI,FL,331477967,3056938886,RPH,3336C0003X,tier_1_primary_pharmacy,Y,Y,
1265670806,DESAM PHAMRACY GROUP LLC,12486 SW 8TH ST,,MIAMI,FL,331841400,3055518714,PRESIDENT,3336C0003X,tier_1_primary_pharmacy,Y,Y,
1912145582,MED-SOURCE PHARMACY SERVICES CORP,515 SW 17TH AVE STE 1,,MIAMI,FL,331353878,3058547377,PRESIDENT,3336L0003X|3336C0003X,tier_1_primary_pharmacy,Y,Y,
1063650612,"LIFE SPECIALTY PHARMACY, INC",1507 PARK CENTER DR,SUITE 1L,ORLANDO,FL,328355795,4075225683,PHARMACIST,333600000X|3336C0003X|3336H0001X|3336L0003X|3336S0011X|3336C0004X,tier_1_primary_pharmacy,Y,Y,
1912146507,NORTH TAMPA PHARMACY INC,6634 RIDGE RD,,PORT RICHEY,FL,346686837,7273878228,CFO,3336L0003X,tier_1_primary_pharmacy,Y,Y,
1063651537,EDWARDS PHARMACY OF INDIAN ROCKS LLC,12071 INDIAN ROCKS RD,,LARGO,FL,337743216,7277244171,PHARMACY OWNER,333600000X|3336C0004X|3336C0003X,tier_1_primary_pharmacy,Y,Y,
1114166691,MNR GROUP LLC,6113 STATE ROAD 54,,NEW PORT RICHEY,FL,346536004,7278496000,OWNER / MANAGER,333600000X|3336L0003X|3336C0003X,tier_1_primary_pharmacy,Y,Y,
1346489721,FARMACIA B-12 INC,4660 SW 74TH AVE,,MIAMI,FL,331554456,3052661244,PRESIDENT,333600000X|3336L0003X,tier_1_primary_pharmacy,Y,Y,
1235378571,"RX CARE RETAIL SERVICES, INC.",3590 NW 54TH ST,SUITE 6B,FORT LAUDERDALE,FL,333096366,9547147007,PRESIDENT,333600000X|3336L0003X,tier_1_primary_pharmacy,Y,Y,
1548409758,DRUG DEPOT LLC,34911 US 19 N,SUITE 600,PALM HARBOR,FL,346841966,7275472654,COMPLIANCE MANAGER,3336S0011X,tier_1_primary_pharmacy,Y,Y,
1053550020,GATEWAY PRESCRIPTION CENTER INC,1465 W US HIGHWAY 90,SUITE 115,LAKE CITY,FL,320556123,3867552233,TREASURER/SECRETARY,3336L0003X,tier_1_primary_pharmacy,Y,Y,
1679712673,YOUR NEIGHBORHOOD PHARMACY INC,11067 SPRING HILL DR,,SPRING HILL,FL,346085000,3526664466,PRESIDENT,3336C0003X,tier_1_primary_pharmacy,Y,Y,
1245479161,SUNSHINE PHARMACY SERVICES LTD CO,104 COMMONWEALTH AVE N STE 1,,POLK CITY,FL,338689500,8638744834,MANAGER/OWNER,333600000X|3336C0003X,tier_1_primary_pharmacy,Y,Y,
1487893277,"CENTRAL FLORIDA HEALTH CARE, INC.",1129 N MISSOURI AVE,,LAKELAND,FL,338054411,8634138600,CEO,333600000X,tier_1_primary_pharmacy,Y,Y,
1841439502,SUN RX LLC,139 S PEBBLE BEACH BLVD,SUITE 103,SUN CITY CENTER,FL,335735799,8136338222,OWNER/PIC/AO,333600000X|3336S0011X|3336C0003X,tier_1_primary_pharmacy,Y,Y,
1275772915,JK SERVICES OF SARASOTA LLC,6310 HEALTH PARK WAY,STE 130,LAKEWOOD RANCH,FL,342025177,9419071500,OWNER,3336C0004X|3336C0003X,tier_1_primary_pharmacy,Y,Y,
1871733196,PUBLIX SUPER MARKETS INC,1930 STATE ROAD 44,,NEW SMYRNA BEACH,FL,321688345,3864231173,VP PHARMACY,333600000X|3336C0003X,tier_1_primary_pharmacy,Y,N,PUBLIX
1760622013,SCOTT'S RX INC,2215 N HERCULES AVE,,CLEARWATER,FL,337632325,7277334100,PRESIDENT/PHCY MANAGER,333600000X|3336L0003X|3336C0004X|3336C0003X,tier_1_primary_pharmacy,Y,Y,
1376783647,PUBLIX SUPER MARKETS INC,127 CAPE CORAL PKWY W,,CAPE CORAL,FL,339148353,2395402182,VP PHARMACY,333600000X|3336C0003X,tier_1_primary_pharmacy,Y,N,PUBLIX
1639319908,PUBLIX SUPER MARKETS INC,3003 YAMATO RD STE C9,,BOCA RATON,FL,334345355,5619981652,VP PHARMACY,333600000X|3336C0003X,tier_1_primary_pharmacy,Y,N,PUBLIX
1396985479,DISCOUNT PHARMACY OF PINES LLC,12201 PEMBROKE RD,,PEMBROKE PINES,FL,330251725,9548854285,OWNER,3336C0003X,tier_1_primary_pharmacy,Y,Y,
1821238957,HARBOUR ISLAND PHARMACY,601 S HARBOUR ISLAND BLVD,,TAMPA,FL,336025735,8133740207,OWNER,3336C0004X|3336L0003X|333600000X,tier_1_primary_pharmacy,Y,Y,
1356581243,NDBP LLC,523 E SAMPLE RD,,POMPANO BEACH,FL,330644425,9547857747,PHCY MGR / PRESIDENT,3336C0003X,tier_1_primary_pharmacy,Y,Y,
1679713598,HARRISON'S PHARMACY,3333 CURRY FORD RD,,ORLANDO,FL,328063472,4078942373,OWNER/PHARMACIST,333600000X,tier_1_primary_pharmacy,Y,Y,
1831330687,KENDALL CHEMIST INC,13170 SW 128TH ST,SUITE 104,MIAMI,FL,331865845,3053782134,VICEPRESIDENT,333600000X,tier_1_primary_pharmacy,Y,Y,
1376784926,CIRQUE DU RX CORP,7758 PALM RIVER RD,,TAMPA,FL,336194215,8139715551,"OWNER, PIC, AO",333600000X|3336C0003X,tier_1_primary_pharmacy,Y,Y,
1063653228,PUBLIX SUPER MARKETS INC,345 JACARANDA BLVD,,VENICE,FL,34292,9414851216,VP PHARMACY,3336C0003X|333600000X,tier_1_primary_pharmacy,Y,N,PUBLIX
1386885515,EAST COAST PHARMACY LLC,695 N WASHINGTON AVE,UNIT 101,TITUSVILLE,FL,327962101,3217470600,OWNER/MANAGER/AO,333600000X|3336C0003X,tier_1_primary_pharmacy,Y,Y,
1982845855,QUICK SCRIPT PHARMACY INC,2408 WILTON DR,,WILTON MANORS,FL,333051251,9545147685,OWNER / PRESIDENT / PIC,333600000X|3336C0003X,tier_1_primary_pharmacy,Y,Y,
1598907362,LEITO AND ASSOCIATES,4150 NW 7TH ST,,MIAMI,FL,331265535,3052005949,MGR,3336C0003X,tier_1_primary_pharmacy,Y,Y,
1255573010,SEVEN PHARMACY INC,5545 SW 8TH ST,SUITE 205,CORAL GABLES,FL,331342286,7863606274,PRESIDENT,3336C0003X,tier_1_primary_pharmacy,Y,Y,
1760624571,UNITED PHARMACY LLC,3951 HAVERHILL RD N,SUITE 120-121,WEST PALM BEACH,FL,334178154,5616169000,PRESIDENT,3336L0003X|333600000X|3336C0003X,tier_1_primary_pharmacy,Y,Y,
1003058587,SUNSHINE PHARMACY AT GOLDEN GATE BLVD INC,80 WILSON BLVD S,STE 7,NAPLES,FL,341179386,2393845092,OWNER,3336C0003X,tier_1_primary_pharmacy,Y,Y,
1215179791,IDEAL PHARMACY SERVICES LLC,4603 NW 7TH ST,,MIAMI,FL,331262308,7862940472,PRESIDENT,333600000X|3336C0003X,tier_1_primary_pharmacy,Y,Y,
1750523171,IDEAL FARMACY INC,3740 W 12TH AVE,,HIALEAH,FL,330124126,3058262990,OWNER/PRESIDENT,3336C0003X,tier_1_primary_pharmacy,Y,Y,
1518109685,UMBRA INC,5415 4TH ST N,,ST PETERSBURG,FL,337032249,7273298798,PRESIDENT,333600000X|3336C0003X,tier_1_primary_pharmacy,Y,Y,
1306088497,LE SELECT PHARMACY & MES INC.,128 NW 27TH AVE,,MIAMI,FL,331255114,3056425241,PRESIDENT,3336C0003X,tier_1_primary_pharmacy,Y,Y,
1720220775,FOCUS ON HEALTH RX LLC,1001 WYNMOOR CIRCLE,,COCONUT CREEK,FL,330660000,9547979771,MANAGING PARTNER,3336C0003X,tier_1_primary_pharmacy,Y,Y,
1659513638,PHARMACY CORPORATION OF AMERICA,5628 TROUBLE CREEK RD,,NEW PORT RICHEY,FL,346525158,7278467600,VP/SECRETARY,333600000X|3336C0003X,tier_1_primary_pharmacy,Y,Y,
1053554980,PSJ PHARMACY LLC,6801 N US HIGHWAY 1 STE 1,,COCOA,FL,329275095,3216370911,MANAGER,3336C0004X|3336L0003X|3336S0011X|333600000X|3336C0003X,tier_1_primary_pharmacy,Y,Y,
1043453905,ADVENTIST HEALTH SYSTEM-SUNBELT INC,601 E ROLLINS ST,GINSBURG TOWER 1ST FLR,ORLANDO,FL,328031248,4073031962,DIRECTOR,3336C0003X,tier_1_primary_pharmacy,Y,Y,
1740423573,ST MARY PHARMACY LLC,1290 W BAY DR,,LARGO,FL,337702204,7275851333,PHARMACIST (PARTNER),3336L0003X|3336C0004X|333600000X|3336C0003X,tier_1_primary_pharmacy,Y,Y,
1528201340,ROBERTS SOUTH BANK PHARMACY INC,1625 ATLANTIC BLVD,,JACKSONVILLE,FL,322073318,9043989660,PRESIDENT/OWNER,3336C0004X|333600000X|3336C0003X,tier_1_primary_pharmacy,Y,Y,
1659514214,QUALITY SPECIALTY PHARMACY INC,5144 E. BUSCH BLVD,,TAMPA,FL,33617,8139887600,OWNER,333600000X|3336S0011X|3336C0003X,tier_1_primary_pharmacy,Y,Y,
1730322066,PUBLIX SUPER MARKETS INC,8300 BEE RIDGE RD,,SARASOTA,FL,342416312,9413782029,VP PHARMACY,3336C0003X|333600000X,tier_1_primary_pharmacy,Y,N,PUBLIX
1649413832,"LIBERTY MEDICAL, LLC",8881 LIBERTY LN,,PORT SAINT LUCIE,FL,349523477,8004913276,PRESIDENT,3336M0002X,tier_1_primary_pharmacy,Y,Y,
1427292341,RX SOLUTIONS PHARMACY LLC,9191 R G SKINNER PKWY UNIT 701,,JACKSONVILLE,FL,322569662,9046218175,OWNER,333600000X|3336C0003X|3336C0004X,tier_1_primary_pharmacy,Y,Y,
1528202447,COASTALMED OF FLORIDA LLC,433 N MACARTHUR AVE,,PANAMA CITY,FL,324013767,8508728900,PHARMACY MANAGER,333600000X|3336L0003X,tier_1_primary_pharmacy,Y,Y,
1073757852,NORTHWEST MEDICAL PHARMACY,671 NW 119TH ST,,NORTH MIAMI,FL,331682522,9545823602,OFFICER,333600000X|3336L0003X,tier_1_primary_pharmacy,Y,Y,
1235373945,RAMIL RX INC,2331 N STATE ROAD 7 STE 121,,LAUDERDALE LAKES,FL,333133771,9545339792,"PRESIDENT, PHCY MGR",3336L0003X|333600000X|3336C0003X,tier_1_primary_pharmacy,Y,Y,
1790929404,AARNA INC,4451 PARK BLVD,,PINELLAS PARK,FL,337813540,7273298943,OWNER/PRESIDENT,3336C0003X,tier_1_primary_pharmacy,Y,Y,
1538303110,US 1 PHARMACY INC,4356 N FEDERAL HWY,,FORT LAUDERDALE,FL,333085208,9549280444,PRESIDENT,3336C0003X,tier_1_primary_pharmacy,Y,Y,
1174767610,NOVA PHARMACY & DISCOUNT,8216 W FLAGLER ST,,MIAMI,FL,33144,3052077050,PRESIDENT,333600000X,tier_1_primary_pharmacy,Y,Y,
1447494828,PUBLIX SUPER MARKETS INC,5998 MOBILE HWY,,PENSACOLA,FL,325261873,8509418157,VP PHARMACY,333600000X|3336C0003X,tier_1_primary_pharmacy,Y,N,PUBLIX
1346484532,PUBLIX SUPER MARKETS INC,414 BEACH VILLAGE DR,,FLAGLER BEACH,FL,321363063,3865172781,VP PHARMACY,3336C0003X|333600000X,tier_1_primary_pharmacy,Y,N,PUBLIX
1205060464,JAI BOHLE INC,2646 NARNIA WAY,SUITE 101,LAND O LAKES,FL,346387231,8133886875,OWNER/PRESIDENT,333600000X|3336C0003X,tier_1_primary_pharmacy,Y,Y,
1861626921,CHITYS PHARMACY INC,3750 W 16TH AVE,100,HIALEAH,FL,330124654,3058282076,PRESIDENT,333600000X,tier_1_primary_pharmacy,Y,Y,
1508090572,MEDICAL ARTS PHARMACY OF SARASOTA LLC,4417 BEE RIDGE RD,,SARASOTA,FL,342332514,9417061777,OWNER,333600000X|3336C0004X|3336C0003X,tier_1_primary_pharmacy,Y,Y,
1215161062,AMERICAN PHARMACEUTICAL SERVICES INC,7238 W COLONIAL DR,,ORLANDO,FL,328186749,4077045937,MANAGER,3336C0003X,tier_1_primary_pharmacy,Y,Y,
1083848865,ANNALICE LLC,115 W BELT AVE,,BUSHNELL,FL,335135101,3527933100,CEO,333600000X|3336C0003X,tier_1_primary_pharmacy,Y,Y,
1770717282,NW PHARMACY INC,3180 NW 7TH ST,,MIAMI,FL,331254202,3058155606,PRESIDENT,3336C0003X,tier_1_primary_pharmacy,Y,Y,
1255566519,ESTE GROUP SERVICE INC,13876 SW 56TH ST,SUITE 330,MIAMI,FL,331756021,7867188852,CEO,3336C0003X,tier_1_primary_pharmacy,Y,Y,
1881829000,"LE SELECT PHARMACY & M.E.S., INC.",128 NW 27TH AVE,,MIAMI,FL,331255114,3056425241,OWNER,333600000X,tier_1_primary_pharmacy,Y,Y,
1467687632,FLORIDA PHARMACY NO 2 INC,4633 NW 199TH ST,,MIAMI GARDENS,FL,330551508,3056201333,PRESIDENT,333600000X|3336C0003X,tier_1_primary_pharmacy,Y,Y,
1558596619,GC FARMACIA DISCOUNT INC.,6765 W FLAGLER ST,,MIAMI,FL,331442923,3052673406,PRESIDENT,333600000X,tier_1_primary_pharmacy,Y,Y,
1043445968,ONESTOP RX LLC,7262 BROAD ST,,BROOKSVILLE,FL,346015591,3528483090,PRESIDENT,333600000X|3336C0003X,tier_1_primary_pharmacy,Y,Y,
1609001155,PUBLIX SUPER MARKETS INC,1600 66TH ST N,,ST PETERSBURG,FL,337105535,7273441286,VP PHARMACY,3336C0003X|333600000X,tier_1_primary_pharmacy,Y,N,PUBLIX
1558596932,PINE BROOK PHARMACY LLC,14111 CORTEZ BLVD,,BROOKSVILLE,FL,346132707,3526104347,PRESIDENT,3336L0003X|3336C0003X,tier_1_primary_pharmacy,Y,Y,
1457586810,PUBLIX SUPER MARKETS INC,12975 COLLIER BLVD,,NAPLES,FL,341164004,2393487806,VP PHARMACY,3336C0003X|333600000X,tier_1_primary_pharmacy,Y,N,PUBLIX
1093940496,MEDLINE ENTERPRISES INC,3336 S DALE MABRY HWY,,TAMPA,FL,336297840,8138325151,D,333600000X,tier_1_primary_pharmacy,Y,Y,
1083840300,KISKEYA INVESTMENT GROUP LLC,3880 W BROWARD BLVD,SUITE 7,FORT LAUDERDALE,FL,333121058,9549904217,CO-OWNER,3336C0003X,tier_1_primary_pharmacy,Y,Y,
1235365495,ST JUDES PHARMACY INC,1202 NE PINE ISLAND RD,STE IV,CAPE CORAL,FL,339092197,2396737777,OWNER/PRESIDENT,3336C0003X,tier_1_primary_pharmacy,Y,Y,
1588890735,PUBLIX SUPER MARKETS INC,8680 SW 24TH ST,,MIAMI,FL,331552338,3055598033,VP PHARMACY,3336C0003X|333600000X,tier_1_primary_pharmacy,Y,N,PUBLIX
1548496425,DELTONA PHARMACY OF FLORIDA LLC,776 DELTONA BLVD,,DELTONA,FL,327257107,3865747600,OWNER,333600000X,tier_1_primary_pharmacy,Y,Y,
1629204623,LOWLITE INVESTMENTS INC,6700 CONROY RD,STE 140,ORLANDO,FL,328353500,3213190310,PRESIDENT,3336C0004X|3336S0011X|3336C0003X,tier_1_primary_pharmacy,Y,Y,
1346476108,SOUTHERN FAMILY MARKETS LLC,7859 PINE FOREST RD,,PENSACOLA,FL,325268701,8509446660,DIRECTOR OF PHARMACY,3336C0003X,tier_1_primary_pharmacy,Y,Y,
1558597211,ROYAL PALM COMPOUNDING PHARMACY LLC,117 S STATE ROAD 7,SUITE 201,WELLINGTON,FL,334144338,5617840700,PRESIDENT,3336C0004X,tier_1_primary_pharmacy,Y,Y,
1235366774,FUTURE PHARMACY LLC,10809 N 56TH ST,,TAMPA,FL,336173646,8139881900,OWNER,3336C0003X,tier_1_primary_pharmacy,Y,Y,
1710114210,UGALAND INC,2113 E 93RD AVE,,TAMPA,FL,336128636,8132485408,PRESIDENT/RX MANAGER,333600000X|3336C0003X,tier_1_primary_pharmacy,Y,Y,
1093942401,DISCOUNT RX INC,2442 SW 27TH AVE,,MIAMI,FL,331453655,7865170470,PRESIDENT,3336C0003X,tier_1_primary_pharmacy,Y,Y,
1699902908,"Y & Y PHARMACY,INC",515 SW 12TH AVE STE 513,,MIAMI,FL,331302436,3053250580,PRESIDENT,3336C0003X,tier_1_primary_pharmacy,Y,Y,
1780811125,NEOVANCE SPECIALTY PHARMACY LLC,100 TECHNOLOGY PARK STE 158,,LAKE MARY,FL,327466205,8668422147,CHIEF OPERATIONS OFFICER,3336C0003X|333600000X,tier_1_primary_pharmacy,Y,Y,
1841427119,VARDHMAN LLC,6725 W INDIANTOWN ROAD SUITE #40,,JUPITER,FL,334584620,9545309318,PRESIDENT,333600000X|3336C0003X,tier_1_primary_pharmacy,Y,Y,
1457589046,LIFESAVER PHARMACY INC,11735 SW 147TH AVE UNIT 5,,MIAMI,FL,331963329,3053850059,PRESIDENT / OWNER,333600000X|3336C0003X,tier_1_primary_pharmacy,Y,Y,
1922236421,DUTTA LLC,1839 CENTRAL AVE,,SAINT PETERSBURG,FL,337138900,7278943001,MANAGING MEMBER,333600000X|3336C0003X,tier_1_primary_pharmacy,Y,Y,
1528296639,HVVP RX LLC,10010 CROSS CREEK BLVD,,TAMPA,FL,336472595,8139557777,PHARMACY MANAGER,333600000X|3336C0004X|3336L0003X|3336C0003X,tier_1_primary_pharmacy,Y,Y,
1558599357,VISIONRX,5950 SUNSET DR,,SOUTH MIAMI,FL,331435188,3056618588,PHARMACY MANAGER,333600000X,tier_1_primary_pharmacy,Y,Y,
1891924569,ANM PHARMACY INC,5445 JAMES ST,,NEW PORT RICHEY,FL,346523927,7278488300,PRESIDENT,333600000X|3336C0003X,tier_1_primary_pharmacy,Y,Y,
1497984116,HVVP RX LLC,10720 PARK BLVD STE E,,SEMINOLE,FL,337725461,7273981969,PHARMACY MANAGER,3336C0003X|3336C0004X|3336S0011X|333600000X,tier_1_primary_pharmacy,Y,Y,
1588893184,"COLONIAL DRUGS OF KISSIMMEE, LLC",728 N JOHN YOUNG PKWY,,KISSIMMEE,FL,347414985,4073445588,OWNER,3336C0003X,tier_1_primary_pharmacy,Y,Y,
1487883856,"STOBIDEK, INC",1333 W C 48 STE A,,BUSHNELL,FL,335138923,3527932679,PHARMACIST IN CHARGE,333600000X|3336C0003X,tier_1_primary_pharmacy,Y,Y,
1740419845,"GREEN PHARMACY & DISCOUNT, INC.",5989 SW 8TH ST,,WEST MIAMI,FL,331445037,3053920851,PRESIDENT,3336C0003X,tier_1_primary_pharmacy,Y,Y,
1205065190,AMERICAN PHARMACEUTICAL GROUP,1430 NE 26TH ST,,WILTON MANORS,FL,333051322,9545333900,PHARMACY MANAGER,3336C0004X|3336S0011X|3336C0003X,tier_1_primary_pharmacy,Y,Y,
1922237734,MPS RX FLORIDA LLC,6509 HAZELTINE NATIONAL DR STE 4,,ORLANDO,FL,328225203,7249402490,VICE PRESIDENT,3336L0003X,tier_1_primary_pharmacy,Y,Y,
1134359805,"DAVID M WILLIAMS ENTERPRISES, LLC",1824 59TH ST W,,BRADENTON,FL,342094630,9417942026,PHARMACIST / PRESIDENT,3336C0003X,tier_1_primary_pharmacy,Y,Y,
1295965887,LA FARMACIA BUENA,123 MAIN ST,SUITE 1,MIAMI,FL,33125,3051234567,PRESIDENT,333600000X,tier_1_primary_pharmacy,Y,Y,
1063642197,HARRIETH N ALADIUME,2039 E EDGEWOOD DR,,LAKELAND,FL,338033601,8639371050,PHARMACIST/MANAGER,3336C0003X,tier_1_primary_pharmacy,Y,Y,
1366672271,GENERIC RX LLC,3448 W HILLSBORO BLVD,,DEERFIELD BEACH,FL,334429419,9544205656,OWNER,3336C0003X,tier_1_primary_pharmacy,Y,Y,
1760613491,SAV-A-LOT PHARMACY,2488 N UNIVERSITY DR,,PEMBROKE PINES,FL,330243624,9547334123,VP OF OPERATIONS,3336C0003X,tier_1_primary_pharmacy,Y,Y,
1184855793,RX CARE 17 LLC,7142 UNIVERSITY DRIVE,,TAMARAC,FL,33321,9544854949,OWNER,333600000X|3336C0004X|3336S0011X|3336C0003X,tier_1_primary_pharmacy,Y,Y,
1528299120,INTEGRA NETWORK CORP,2661 W ATLANTIC BLVD,,POMPANO BEACH,FL,330692507,9549176813,PRESIDENT,333600000X|3336C0003X,tier_1_primary_pharmacy,Y,Y,
1508097668,VITAL SHRED,1000 E ATLANTIC BLVD STE 110,,POMPANO BEACH,FL,330607459,9543666519,PHARMACY DIRECTOR,3336C0004X|3336S0011X|333600000X|3336C0003X,tier_1_primary_pharmacy,Y,Y,
1770714867,"ANTHONY'S DRUGS, INC.",9121 N MILITARY TRL STE 106,,PALM BEACH GARDENS,FL,334105985,5618474820,CEO,3336C0003X|3336C0004X,tier_1_primary_pharmacy,Y,Y,
1942431036,PUBLIX SUPER MARKETS INC,2038 US HIGHWAY 98 W,,SANTA ROSA BEACH,FL,324595322,8502671166,VP PHARMACY,333600000X|3336C0003X,tier_1_primary_pharmacy,Y,N,PUBLIX
1003048950,JET PHARMACY LLC,2310 W WATERS AVE,STE J,TAMPA,FL,336042764,8139333458,RPH,3336C0003X,tier_1_primary_pharmacy,Y,Y,
1831321694,MAGGIES PHARMACY INC,7590 NW 186TH ST STE 109,,HIALEAH,FL,330152952,3058180863,PRESIDENT,333600000X|3336C0003X,tier_1_primary_pharmacy,Y,Y,
1265664080,"LA PERLA PHARMACY,INC",11180 W FLAGLER ST STE 2,,MIAMI,FL,331741250,3055518419,PRESIDENT,3336C0003X,tier_1_primary_pharmacy,Y,Y,
1528290269,HMV LLC,4860 48TH AVE N,,SAINT PETERSBURG,FL,337142836,7275223222,OWNER/PIC/AO,333600000X|3336C0004X|3336C0003X,tier_1_primary_pharmacy,Y,Y,
1285866459,"IN HOME HEALTH, LLC.",13650 METROPOLIS AVE STE 105,,FORT MYERS,FL,339124375,2394151454,AUDITOR,3336H0001X,tier_1_primary_pharmacy,Y,Y,
1154554111,"POLARIS PHARMACY SERVICES OF TAMPA, LLC",5908 HAMPTON OAKS PKWY STE N,,TAMPA,FL,336109505,8778910005,"CORPORATE DIRECTOR OF COMPLIANCE, C",3336L0003X,tier_1_primary_pharmacy,Y,Y,
1588897375,RELIANCE PHARMACY LLC,2100 45TH ST STE B1,,WEST PALM BEACH,FL,334072063,5613292376,MANAGER,3336H0001X,tier_2_secondary_pharmacy,N,Y,
1336372168,MY COMMUNITY PHARMACY LLC,2615 STATE ROAD 7,SUITE B530,WELLINGTON,FL,33414,5617536768,VICE PRESIDENT/PHARMACIST,3336C0003X,tier_1_primary_pharmacy,Y,Y,
1033342654,MMRX HEALTHSOLUTIONS INC,12620 US HIGHWAY 301,,DADE CITY,FL,335256058,3525210155,PRESIDENT/OWNER,333600000X|3336C0003X,tier_1_primary_pharmacy,Y,Y,
1073746608,UNIVERSAL ARTS PHARMACY INC,14350 NW 56TH CT,UNIT 114,OPA LOCKA,FL,330542353,3055562673,RPH/CEO,333600000X|3336C0003X|3336S0011X|3336C0004X,tier_1_primary_pharmacy,Y,Y,
1922231349,PUBLIX SUPER MARKETS INC,3825 E BAY DR,,LARGO,FL,337711936,7275388718,VP PHARMACY,333600000X|3336C0003X,tier_1_primary_pharmacy,Y,N,PUBLIX
1396978607,SANTA BARBARA PHARMACY INC,14012 SW 8TH ST,,MIAMI,FL,331843001,3055590010,PRESIDENT,3336C0003X,tier_1_primary_pharmacy,Y,Y,
1013240217,LEON MEDICAL CENTERS LLC,12515 SW 88TH ST,,MIAMI,FL,331861870,3056313892,DIRECTOR OF PHARMACY,3336C0002X|3336C0003X,tier_1_primary_pharmacy,Y,Y,
1841523669,PUBLIX SUPER MARKETS INC,7950 DANI DR STE 200,,FORT MYERS,FL,339668012,2399363969,VP PHARMACY,3336C0003X|333600000X,tier_1_primary_pharmacy,Y,N,PUBLIX
1598098204,USIPN LLC,391 W MACCLENNY AVE,,MACCLENNY,FL,320632033,9043970440,PIC,333600000X|3336C0004X|3336C0003X,tier_1_primary_pharmacy,Y,Y,
1851624175,LA ROSA PHARMACY INC,11023 NW 27TH AVE,,MIAMI,FL,331673411,3056880063,PRESIDENT,3336C0003X,tier_1_primary_pharmacy,Y,Y,
1225362254,INNOVATIVE PEOPLE SOLUTION INC,1189 MAHOGANY LANE,,WESTON,FL,33327,7863705253,OWNER OF I.P.S.,333600000X,tier_1_primary_pharmacy,Y,Y,
1326372343,INNOVATIVE PEOPLE SOLUTION,1189 MAHOGANY LANE,,WESTON,FL,33327,7863705253,OWNER,333600000X,tier_1_primary_pharmacy,Y,Y,
1760716799,PHARMABILL LLC,1401 NW 136TH AVE,SUITE 400,SUNRISE,FL,33323,9548744600,COO,3336M0002X,tier_1_primary_pharmacy,Y,Y,
1407180276,ARSANYS LLC,13033 CORTEZ BLVD,,BROOKSVILLE,FL,346134838,6466423054,MANAGER/OWNER,333600000X,tier_1_primary_pharmacy,Y,Y,
1134453806,1ST CHOICE PHARMACY,517 NORTHLAKE BLVD,,NORTH PALM BEACH,FL,334085408,5613403838,PRESIDENT,333600000X|3336C0003X,tier_1_primary_pharmacy,Y,Y,
1447584024,1ST CHOICE PHARMACY,41 E COMMERCIAL BLVD,,FT LAUDERDALE,FL,333341621,9543327885,PRESIDENT,3336C0003X,tier_1_primary_pharmacy,Y,Y,
1083948624,PUBLIX SUPER MARKETS INC,13455 COUNTY LINE RD,,SPRING HILL,FL,346096600,3527978032,VP PHARMACY,333600000X|3336C0003X,tier_1_primary_pharmacy,Y,N,PUBLIX
1811221385,GUDOC PHARMACY PLLC,106 S PARSONS AVE,,BRANDON,FL,335115225,8133813971,MANAGER,3336C0003X,tier_1_primary_pharmacy,Y,Y,
1851625297,OLYMPIA DISCOUNT CORP,14281 SW 42ND ST,,MIAMI,FL,331756408,3055518161,PRESIDENT,333600000X|3336C0003X,tier_1_primary_pharmacy,Y,Y,
1518292903,JPPD INC,625 NE SPANISH RIVER BLVD,SUITE#106,BOCA RATON,FL,334316100,5615448997,PRESIDENT,333600000X|3336C0004X|3336C0003X,tier_1_primary_pharmacy,Y,Y,
1770818106,SCRIPTS 'R' US PHARMACY LLC,373 CHENEY HWY,,TITUSVILLE,FL,327807272,3212688667,PRESIDENT,3336C0003X,tier_1_primary_pharmacy,Y,Y,
1083949424,APPURTENANCE BIOTECHNOLOGY L.L.C.,7400 N FEDERAL HWY,STE A10,BOCA RATON,FL,334871693,5618937301,OWNER/PRESIDENT,333600000X,tier_1_primary_pharmacy,Y,Y,
1144555467,PHARMALIFE CONSULTANT INC,801 SW 1ST ST,,MIAMI,FL,331301207,3055455586,PRESIDENT,3336S0011X|333600000X|3336C0003X|3336L0003X,tier_1_primary_pharmacy,Y,Y,
1972838241,"AWPRX, LLC",307 CRANES ROOST BLVD SUITE 1040,SUITE 2000,ALTAMONTE SPRINGS,FL,327143374,8006001930,OPERATIONS MANAGER,333600000X,tier_1_primary_pharmacy,Y,Y,
1386979516,OHM SAINATH LLC,5909 SE ABSHIER BLVD,,BELLEVIEW,FL,344204025,3522453961,PRESIDENT,333600000X,tier_1_primary_pharmacy,Y,Y,
1457686602,KRISHNA PHARMACY LLC,14102 PALM BEACH BLVD,,FORT MYERS,FL,339052244,2393622760,MANAGER,3336C0004X|3336C0003X,tier_1_primary_pharmacy,Y,Y,
1629303714,PHARMXPRESS LIMITED LIABILITY COMPANY,507 E DR MARTIN LUTHER KING JR BLVD,STE 101,TAMPA,FL,336033932,8134064491,OWNER,333600000X,tier_1_primary_pharmacy,Y,Y,
1043545064,SHIVAM LLC,1280 N MILITARY TRL,,WEST PALM BEACH,FL,334096015,5612491524,OWNER,3336C0004X|3336C0003X,tier_1_primary_pharmacy,Y,Y,
1821323759,GLORY GLOBAL GROUP INCORPORATION,5192 MARINER BLVD,,SPRING HILL,FL,346091802,3526104410,PRESIDENT,3336M0002X|3336C0003X,tier_1_primary_pharmacy,Y,Y,
1588999429,"JOSEYKAY CONSULTANT SERVICES, INC",406 E VINE ST,,KISSIMMEE,FL,347444274,4072018417,VICE PRESIDENT,3336C0003X,tier_1_primary_pharmacy,Y,Y,
1548595416,PUBLIX SUPER MARKETS INC,955 STATE ROAD 16,,ST AUGUSTINE,FL,320841857,9048196774,VP PHARMACY,333600000X,tier_1_primary_pharmacy,Y,N,PUBLIX
1902131717,MG PHARMACY AND DISCOUNT INC.,764 E 10TH ST,,HIALEAH,FL,330103636,7863601253,PRESIDENT,3336C0003X,tier_1_primary_pharmacy,Y,Y,
1609101310,MY MASTER'S WORLDWIDE VENTURES INC,5208 E FOWLER AVE,SUITE A,TAMPA,FL,336171906,8134435340,PHARMACIST/PRESIDENT,3336C0003X,tier_1_primary_pharmacy,Y,Y,
1164757720,PHARMOVISAMD,7035 SW 87TH AVE,,MIAMI,FL,331732505,3052747772,PRESIDENT,333600000X,tier_1_primary_pharmacy,Y,Y,
1952637449,J-M WARD ENTERPRISES LLC,9048 BONITA BEACH RD SE,,BONITA SPRINGS,FL,341354237,2392217233,OWNER/ PHARMACY TECH,3336C0003X|3336C0004X|333600000X,tier_1_primary_pharmacy,Y,Y,
1255667762,"COLONIAL DRUGS, LLC",155 E NEW ENGLAND AVE,SUITE B,WINTER PARK,FL,327894330,4076472311,MANAGING MEMBER,3336L0003X,tier_1_primary_pharmacy,Y,Y,
1336475847,SPECIALTY PHARMACY & DISCOUNT CORP,4501 PALM AVE STE 101,,HIALEAH,FL,330124075,3056980300,OWNER,333600000X,tier_1_primary_pharmacy,Y,Y,
1528394871,LARODAT INTEGRATED HEALTH SERVICES,1450 SKIPPER RD,SUITE 32,TAMPA,FL,336132372,8134434536,NEW OWNER,333600000X|3336C0003X,tier_1_primary_pharmacy,Y,Y,
1295061497,"A.J CARGO EXPRESS, INC.",7167 W FLAGLER ST,,MIAMI,FL,331442601,3052646585,PRESIDENT,333600000X,tier_1_primary_pharmacy,Y,Y,
1700112000,SHANDS TEACHING HOSPITAL AND CLINICS INC,1515 SW ARCHER RD.,ROOM 1010,GAINESVILLE,FL,32608,3527330889,CEO,3336C0003X,tier_1_primary_pharmacy,Y,Y,
1366778532,HMVN LLC,7230 US HIGHWAY 301 S,SUITE 1,RIVERVIEW,FL,335784387,8134437466,RX MANAGER / PHARMACIST,3336C0003X,tier_1_primary_pharmacy,Y,Y,
1861728966,LEON MEDICAL CENTERS LLC,7950 NW 2ND ST,,MIAMI,FL,331268017,3056313880,DIRECTOR OF PHARMACY,3336C0002X|3336C0003X,tier_1_primary_pharmacy,Y,Y,
1043546161,PUBLIX SUPER MARKETS INC,6551 N ORANGE BLOSSOM TRL STE 155,,MOUNT DORA,FL,327577009,3523832352,VP PHARMACY,333600000X,tier_1_primary_pharmacy,Y,N,PUBLIX
1336475482,MEDLINE ENTERPRISES INC,1206 PASADENA AVE S,,SOUTH PASADENA,FL,337076202,7273445151,PRESIDENT,333600000X,tier_1_primary_pharmacy,Y,Y,
1801122858,"FOCUS ON HEALTH RX, LLC",5301 W BROWARD BLVD,,PLANTATION,FL,333172611,9546151201,MANAGING PARTNER,333600000X,tier_1_primary_pharmacy,Y,Y,
1043546609,"BI-COUNTY MEDICAL SUPPLY, INC.",383 W 34TH ST,,HIALEAH,FL,330124309,3058841744,PRESIDENT,333600000X,tier_1_primary_pharmacy,Y,Y,
1124355656,PUBLIX SUPER MARKETS INC,1501 NW FEDERAL HWY,,STUART,FL,349941039,7726925033,VP PHARMACY,333600000X,tier_1_primary_pharmacy,Y,N,PUBLIX
1396072757,PUBLIX SUPER MARKETS INC,5055 N 9TH AVE,,PENSACOLA,FL,325048719,8504849978,VP PHARMACY,333600000X|3336C0003X,tier_1_primary_pharmacy,Y,N,PUBLIX
1720315153,WILLIAMS PHARMACIES LLC,141 E COMMERCIAL BLVD,,OAKLAND PARK,FL,333341623,9546165675,OWNER,333600000X|3336C0003X,tier_1_primary_pharmacy,Y,Y,
1821325937,PUBLIX SUPER MARKETS INC,8701 W HILLSBOROUGH AVE,,TAMPA,FL,336153704,8138855182,VP PHARMACY,333600000X|3336C0003X,tier_1_primary_pharmacy,Y,N,PUBLIX
1154658169,JONES TOTAL HEALTH PHARMACY LLC,1130 W SUNRISE BLVD,,FORT LAUDERDALE,FL,333117165,9545331244,OWNER,3336C0003X,tier_1_primary_pharmacy,Y,Y,
1760719744,ONE STOP PHARMACY INC,3193 TECH DR. N,SUITE B,ST PETERSBURG,FL,33716,7278003500,PRESIDENT,3336C0004X,tier_1_primary_pharmacy,Y,Y,
1053648907,WEBRX PHARMACY PALACE,6583 GATEWAY AVE,,SARASOTA,FL,342315803,9419068077,OWNER,3336C0003X,tier_1_primary_pharmacy,Y,Y,
1861720559,MARK CASEY PHILLIPS,100 N MAIN ST,,HASTINGS,FL,32145,9046924748,PRESIDENT/PHCY OWNER,3336C0003X,tier_1_primary_pharmacy,Y,Y,
1366770901,WILLSON PHARMACY INC,2183 SW 1ST ST,,MIAMI,FL,331351636,3056442929,OWNER,333600000X|3336C0003X,tier_1_primary_pharmacy,Y,Y,
1104154822,PUBLIX SUPER MARKETS INC,4651 CORTEZ RD W,,BRADENTON,FL,342103146,9417927325,VP PHARMACY,333600000X|3336C0003X,tier_1_primary_pharmacy,Y,N,PUBLIX
1356679906,A TO Z PHARMACY INC,9039 LITTLE RD,,NEW PORT RICHEY,FL,346544221,3523621499,MANAGER,3336C0003X,tier_1_primary_pharmacy,Y,Y,
1861720468,PUBLIX SUPER MARKETS INC,16980 ALICO MISSION WAY STE 125,,FORT MYERS,FL,339084851,2394890729,VP PHARMACY,3336C0003X|333600000X,tier_1_primary_pharmacy,Y,N,PUBLIX
1366770976,MAXXYCOM INVESTMENT CORP,1825 COLLIER PKWY,,LUTZ,FL,335498718,8134064929,PRESIDENT,3336L0003X|3336S0011X|3336C0003X,tier_1_primary_pharmacy,Y,Y,
1700114030,"FARMACIA LAS AMERICAS, LLC",1800 FOREST HILL BLVD STE B12,,WEST PALM BEACH,FL,334066070,5616427590,PHARMACY OWNER,333600000X,tier_1_primary_pharmacy,Y,Y,
1396073607,INFUPHARMA LLC,1239 NE 8TH AVE,,FORT LAUDERDALE,FL,333042001,8663496213,PRESIDENT,3336H0001X|3336S0011X|333600000X|3336C0003X,tier_1_primary_pharmacy,Y,Y,
1457689812,SUPER SAVER PHARMACY 2 LLC,1800 W OAK RIDGE RD,,ORLANDO,FL,328093962,4074726580,CEO,3336C0003X|333600000X,tier_1_primary_pharmacy,Y,Y,
1962730218,COGENT INVESTMENT LLC,1416 W KENNEDY BLVD STE 4,,TAMPA,FL,336061888,8132518600,OWNER/MANAGER,333600000X|3336C0003X,tier_1_primary_pharmacy,Y,Y,
1487982765,WATSON PHARMACY INC,8058 OLD KINGS RD S,,JACKSONVILLE,FL,322174102,9046195523,PRESIDENT/PHARMACY MANAGER,3336C0003X,tier_1_primary_pharmacy,Y,Y,
1356679583,PHARM MART INC,1129 NE 163RD ST,,NORTH MIAMI BEACH,FL,331624502,3053548640,PRESIDENT,3336C0003X,tier_1_primary_pharmacy,Y,Y,
1902134083,KOTANATIONAL MERCANTILE INC,128 NE 54TH ST,,MIAMI,FL,331372416,3057512783,PRESIDENT,3336C0003X,tier_1_primary_pharmacy,Y,Y,
1013245877,NELA PHARMACY DISCOUNT AND MEDICAL SUPPLIES INC,2640 SW 137TH AVE,,MIAMI,FL,331756314,3052205599,PRESIDENT,333600000X,tier_1_primary_pharmacy,Y,Y,
1205164019,PRESTIGE PHARMACY AND MEDICAL SUPPLIES,2150 W 76TH ST STE 106,,HIALEAH,FL,330161839,3055583848,PRESIDENT,3336C0003X,tier_1_primary_pharmacy,Y,Y,
1578891362,PUBLIX SUPER MARKETS INC,7880 113TH ST,,SEMINOLE,FL,337724616,7273911876,VP PHARMACY,333600000X|3336C0003X,tier_1_primary_pharmacy,Y,N,PUBLIX
1851620629,LISSMART MEDICAL SUPPLIES INC,4579 GUNN HWY,,TAMPA,FL,336246311,8133742452,PRESIDENT,333600000X|3336L0003X,tier_1_primary_pharmacy,Y,Y,
1477882959,KGJ ENTERPRISES,6338 LANTANA RD,SUITE 52/53,LAKE WORTH,FL,33467,5613531292,MANAGER,333600000X|3336L0003X|3336S0011X|3336C0003X,tier_1_primary_pharmacy,Y,Y,
1043549520,OMEGA DRUGS INC,211 N LIBERTY ST STE 3,,JACKSONVILLE,FL,322022800,8139850044,OWNER,3336C0003X,tier_1_primary_pharmacy,Y,Y,
1508195769,PREMIER PHARMACY LLC,4307 N ARMENIA AVE,,TAMPA,FL,336076403,8138737470,MANAGER,3336C0003X,tier_1_primary_pharmacy,Y,Y,
1639408685,PHARMA LLC,3023 US HWY 27 NORTH,,SEBRING,FL,338709998,8634710007,PRESIDENT,333600000X|3336C0003X,tier_1_primary_pharmacy,Y,Y,
1003145079,VALUE RX LLC,141 N OAKWOOD AVE,,BRANDON,FL,335104629,8136842300,OWNER,333600000X|3336C0003X,tier_1_primary_pharmacy,Y,Y,
1770813560,PUBLIX SUPER MARKETS INC,2875 UNIVERSITY BLVD W,,JACKSONVILLE,FL,322172116,9047307589,VP PHARMACY,3336C0003X|333600000X,tier_1_primary_pharmacy,Y,N,PUBLIX
1558691220,LUTZ PHARMACY LLC,1930 LAND O LAKES BLVD,STE 15,LUTZ,FL,335492999,8139484500,OWNER,333600000X|3336C0003X,tier_1_primary_pharmacy,Y,Y,
1750611331,RESOLVE PHARMACY LLC,501 S LINCOLN AVE,STE 10,CLEARWATER,FL,33756,7272104793,OWNER,3336C0003X,tier_1_primary_pharmacy,Y,Y,
1790015188,LAMBRIGHT PHARMACY,8890 N 56TH ST,,TEMPLE TERRACE,FL,336176265,8139881985,PIC,3336C0004X|3336C0003X,tier_1_primary_pharmacy,Y,Y,
1609106095,Q & A PHARMACY CORP,1420 W WATERS AVE STE 101,,TAMPA,FL,336042830,8134434635,PHARMACY DIRECTOR,333600000X|3336C0003X,tier_1_primary_pharmacy,Y,Y,
1992035182,"MEDROCK PHARMACY, LLC",12540 RACE TRACK RD # D2,,TAMPA,FL,336263106,7272401341,OWNER,3336C0004X|3336M0002X|3336C0003X,tier_1_primary_pharmacy,Y,Y,
1194055244,ROCK 3,2448 US HIGHWAY 1,,MIMS,FL,327543854,3215674919,PHARMACY MANAGER,333600000X|3336C0003X,tier_1_primary_pharmacy,Y,Y,
1144550211,PUBLIX SUPER MARKETS INC,23300 SW 112TH AVE,,HOMESTEAD,FL,330327173,3052574094,VP PHARMACY,3336C0003X|333600000X,tier_1_primary_pharmacy,Y,N,PUBLIX
1417287582,PUBLIX SUPER MARKETS INC,18280 SW 147TH AVE,,MIAMI,FL,331871813,3052563152,VP PHARMACY,3336C0003X|333600000X,tier_1_primary_pharmacy,Y,N,PUBLIX
1528399474,DJ PHARMACY LLC,5622 MARINE PKWY STE 23,,NEW PORT RICHEY,FL,346524335,7272320646,OWNER,3336C0003X,tier_1_primary_pharmacy,Y,Y,
1619208568,JEH-NISSI INC,1357 S PARSONS AVE,,SEFFNER,FL,33584,8134093829,OWNER/PRESIDENT,3336C0003X,tier_1_primary_pharmacy,Y,Y,
1699006437,PUBLIX SUPER MARKETS INC,4701 PARK BLVD N,,PINELLAS PARK,FL,337813533,7275464890,VP PHARMACY,333600000X|3336C0003X,tier_1_primary_pharmacy,Y,N,PUBLIX
1558692228,FUTURE HEALTH CARE LLC,8147 COPERNICUS WAY STE 101,,TRINITY,FL,346551796,7273759999,PRESIDENT,3336C0003X,tier_1_primary_pharmacy,Y,Y,
1891026399,PUBLIX SUPER MARKETS INC,120 MARKETSIDE AVE,,PONTE VEDRA,FL,320810574,9048251913,VP PHARMACY,3336C0003X|333600000X,tier_1_primary_pharmacy,Y,N,PUBLIX
1275864670,SOUTH BROWARD HOSPITAL DISTRICT,7800 SHERIDAN ST STE A,,PEMBROKE PINES,FL,330242536,9542769800,INTERIM CHIEF FINANCIAL OFFICER,333600000X|3336C0003X,tier_1_primary_pharmacy,Y,Y,
1417288614,METRO PHARMACY,318 W COLONIAL DR,,ORLANDO,FL,328011109,4076684945,OWNER,3336C0004X|333600000X|3336C0003X,tier_1_primary_pharmacy,Y,Y,
1306177530,CALLAHAN PHARMACY INC,450077 STATE ROAD 200,,CALLAHAN,FL,320113863,9046280365,PRESIDENT/PHARMACIST IN CHARGE,333600000X|3336C0003X,tier_1_primary_pharmacy,Y,Y,
1952633083,FLAGLER PHARMACY INC,6722 W FLAGLER ST,,MIAMI,FL,331442924,3054567987,PRESIDENT,3336C0003X,tier_1_primary_pharmacy,Y,Y,
1093047029,PALMA CEIA HEALTH MART PHARMACY INC,2506 S MACDILL AVE,SUITE A,TAMPA,FL,336297261,8138398700,PRESIDENT/OWNER,333600000X|3336C0003X,tier_1_primary_pharmacy,Y,Y,
1417289364,PUBLIX SUPER MARKETS INC,2575 SW 42ND ST UNIT 100,,OCALA,FL,344711356,3522373648,VP PHARMACY,333600000X|3336C0003X,tier_1_primary_pharmacy,Y,N,PUBLIX
1205168804,ALFREDNEV CORPORATION,180 NW 183RD ST,SUITE #103,MIAMI GARDENS,FL,331694545,3056547859,OWNER/PRESIDENT,3336C0004X|3336C0003X,tier_1_primary_pharmacy,Y,Y,
1659603223,GALVEZ PHARMACY CORP,137 SW 57TH AVE,,MIAMI,FL,331443411,3054227200,PRESIDENT,333600000X,tier_1_primary_pharmacy,Y,Y,
1376875880,APOTHECA GROUP INC.,2007 SW 8TH ST,,MIAMI,FL,331353317,7863625836,PRESIDENT,333600000X,tier_1_primary_pharmacy,Y,Y,
1255663795,STERLING PHARMACY INC,1090 SW 27TH AVE,,MIAMI,FL,331354634,7863604176,PRESIDENT,333600000X,tier_1_primary_pharmacy,Y,Y,
1366774739,"VILLAGE PHARMACY, LLC",1804 W HILLSBORO BLVD,,DEERFIELD BEACH,FL,334421402,9544283784,MANAGING MEMBER,3336C0003X,tier_1_primary_pharmacy,Y,Y,
1447582655,MIRACLE PHARMACY & DISCOUNT INC,13653 SW 26TH ST,,MIAMI,FL,331756378,3052258700,PRESIDENT,333600000X,tier_1_primary_pharmacy,Y,Y,
1942522180,DIRECT MEDS OF FLORIDA LLC,800 E HALLANDALE BEACH BLVD STE 18,,HALLANDALE BEACH,FL,330094476,9544548118,OWNER,333600000X|3336C0003X,tier_1_primary_pharmacy,Y,Y,
1609198886,AMP GROUP SERVICES INC,215 SW 17TH AVE,SUITE 210,MIAMI,FL,331353689,3056316777,PRESIDENT,333600000X,tier_1_primary_pharmacy,Y,Y,
1568784692,LA CUBANISIMA PHARMACY DISCOUNT INC,857 PALM AVE,,HIALEAH,FL,330104319,7863606589,PRESIDENT,3336C0003X,tier_1_primary_pharmacy,Y,Y,
1679895767,BRIGHT PHARMACY CORP,632 E 4TH AVE,,HIALEAH,FL,330104402,3058873370,PRESIDENT,3336C0003X,tier_1_primary_pharmacy,Y,Y,
1396067385,EDR GROUP INC,10806 US HIGHWAY 19,STE 105,PORT RICHEY,FL,346682563,7278684040,PHARMACIST/OWNER,333600000X,tier_1_primary_pharmacy,Y,Y,
1962724807,"TAMPA FAMILY HEALTH CENTERS, INC.",7814 N DALE MABRY HWY,,TAMPA,FL,336143220,8138660930,CEO,3336C0003X,tier_1_primary_pharmacy,Y,Y,
1023330909,HOPKINS PHARMACY INC,4401 S HOPKINS AVE,#102,TITUSVILLE,FL,327806679,3216076802,MANAGER,3336C0003X,tier_1_primary_pharmacy,Y,Y,
1417279290,SOLANTIC URGENT CARE,410 ATLANTIC BLVD,,NEPTUNE BEACH,FL,322664022,9042410117,CEO,333600000X,tier_1_primary_pharmacy,Y,Y,
1427370105,SOLANTIC URGENT CARE,5915 NORMANDY BLVD,,JACKSONVILLE,FL,322056200,9043780121,CEO,333600000X,tier_1_primary_pharmacy,Y,Y,
1932421716,SOLANTIC URGENT CARE,2140 KINGSLEY AVE,,ORANGE PARK,FL,320735180,9042130600,CEO,333600000X,tier_1_primary_pharmacy,Y,Y,
1689996464,SOLANTIC URGENT CARE,12303 SAN JOSE BLVD,,JACKSONVILLE,FL,322232640,9042280277,CEO,333600000X,tier_1_primary_pharmacy,Y,Y,
1952623639,SOLANTIC URGENT CARE,2401 MONUMENT RD,,JACKSONVILLE,FL,322252520,9046420337,CEO,333600000X,tier_1_primary_pharmacy,Y,Y,
1427370287,SOLANTIC URGENT CARE,8705 PERIMETER PARK BLVD,SUITE 2,JACKSONVILLE,FL,322166344,9042232330,CEO,333600000X,tier_1_primary_pharmacy,Y,Y,
1326360181,SOLANTIC URGENT CARE,2032 DUNN AVE,,JACKSONVILLE,FL,322184716,9042232330,CEO,333600000X,tier_1_primary_pharmacy,Y,Y,
1871815324,PUBLIX SUPER MARKETS INC,10913 N MILITARY TRL,,WEST PALM BEACH,FL,334106501,5616223959,VP PHARMACY,333600000X|3336C0003X,tier_1_primary_pharmacy,Y,N,PUBLIX
1396067799,WECARE PHARMACY LLC,7830 GUNN HWY # A,,TAMPA,FL,336261612,8139086868,PHARMACIST,3336C0004X|3336C0003X|333600000X|3336L0003X,tier_1_primary_pharmacy,Y,Y,
1588986913,"PHARMADVICE, INC.",28805 US HIGHWAY 19 N,,CLEARWATER,FL,337612583,4072730021,PRESIDENT,3336C0003X,tier_1_primary_pharmacy,Y,Y,
1083936496,DAYLAN INC,600 E ALTAMONTE DR,SUITE 1400,ALTAMONTE SPRINGS,FL,327014815,4077904863,OWNER,333600000X|3336C0003X,tier_1_primary_pharmacy,Y,Y,
1245552512,SAISAI INC,252 W STATE ROAD 434,,LONGWOOD,FL,327505114,4073329753,PHARMACY MANAGER,3336C0004X|333600000X|3336C0003X,tier_1_primary_pharmacy,Y,Y,
1932421294,SOUTH MIAMI PHARMACY II LLC,7500 NW 26TH ST STE 102,,MIAMI,FL,331221414,3057409744,QUALITY AND PROJECT MANAGER,3336C0003X,tier_1_primary_pharmacy,Y,Y,
1972826253,"THE VILLAGE PHARMACIES, LLC",13460 SW 10TH ST,SUITE 102,PEMBROKE PINES,FL,330271833,9546151200,OWNER,3336C0003X,tier_1_primary_pharmacy,Y,Y,
1083937395,GOODLIFE PHARMACY INC,8903 GLADES RD STE G13,,BOCA RATON,FL,334344091,5619998855,PRESIDENT,333600000X|3336C0003X,tier_1_primary_pharmacy,Y,Y,
1013230176,PHARMALIFE CONSULTANT INC,6850 SW 24TH ST,SUITE 404,MIAMI,FL,331551758,3056698418,PRESIDENT,3336C0003X,tier_1_primary_pharmacy,Y,Y,
1528381415,"TRIPLE RESOURCES,INC",2210 E HILLSBOROUGH AVE # 4,,TAMPA,FL,336104403,8132376900,DIRECTOR,3336C0003X,tier_1_primary_pharmacy,Y,Y,
1588987424,SOLANTIC URGENT CARE,3925 NW 43RD ST,,GAINESVILLE,FL,326064565,3523711777,CEO,333600000X,tier_1_primary_pharmacy,Y,Y,
1760705602,SOLANTIC,4301 E COLONIAL DR,,ORLANDO,FL,328035217,3213190212,CEO,333600000X,tier_1_primary_pharmacy,Y,Y,
1902129786,MERCY PHARMACY CORP,5524 W FLAGLER ST,,CORAL GABLES,FL,331341078,3058469381,PRESIDENT,3336C0003X,tier_1_primary_pharmacy,Y,Y,
1780907667,QUALITY PHARMACY DISCOUNT CORP,1133 W 29TH ST,,HIALEAH,FL,330125063,3052003853,PHARMACY TECH / PRESIDENT,333600000X|3336C0003X,tier_1_primary_pharmacy,Y,Y,
1558684340,ALLIED PHARMACY INC,3964 CURTISS PKWY,BAY 1,MIAMI SPRINGS,FL,331667108,3056039498,PRESIDENT,3336C0003X,tier_1_primary_pharmacy,Y,Y,
1518280312,PUBLIX SUPER MARKETS INC,2886 ALTERNATE US 19,,PALM HARBOR,FL,34683,7277817204,VP PHARMACY,3336C0003X|333600000X,tier_1_primary_pharmacy,Y,N,PUBLIX
1548583214,SOLANTIC URGENT CARE,5913 NORMANDY BLVD,SUITE 4,JACKSONVILLE,FL,322056298,9042780121,CEO,333600000X,tier_1_primary_pharmacy,Y,Y,
1255654992,JNS RX LLC,10420 US HIGHWAY 301 S,,RIVERVIEW,FL,335785806,8136773800,OWNER/PIC/AO,3336L0003X|333600000X|3336C0003X,tier_1_primary_pharmacy,Y,Y,
1003139577,AAKASH LLC,437 S 11TH ST,,LAKE WALES,FL,338534250,8636761174,MANAGING MEMBER,333600000X,tier_1_primary_pharmacy,Y,Y,
1265755748,EXACT DOSE PHARMACY INC,10004 E DR MARTIN LUTHER KING JR BLVD,,TAMPA,FL,336107461,8136267353,PHARMACY MANAGER,333600000X,tier_1_primary_pharmacy,Y,Y,
1649593179,ANNALICE LLC,1992 ALT US HIGHWAY 19,,TARPON SPRINGS,FL,34689,7279386400,PRESIDENT,333600000X|3336C0004X|3336L0003X|3336C0003X,tier_1_primary_pharmacy,Y,Y,
1124342548,FLORES & MOWATT RX GROUP INC,1475 W OKEECHOBEE RD STE 5,,HIALEAH,FL,330102860,3055410577,PRESIDENT/OWNER,3336C0003X,tier_1_primary_pharmacy,Y,Y,
1336463678,FRIENDLY PHARMACY INC,1623 S ANDREWS AVE,,FT LAUDERDALE,FL,333162509,9549030078,OWNER,333600000X|3336C0003X,tier_1_primary_pharmacy,Y,Y,
1558685800,ARY PHARMACY CORP,4790 NW 7TH ST,106,MIAMI,FL,331262200,3052626722,PRESIDENT/OWNER,333600000X,tier_1_primary_pharmacy,Y,Y,
1245554492,YOUR NEIGHBOR PHARMACY LLC,14447 COUNTRY WALK DR,,MIAMI,FL,331868104,3052540481,PRESIDENT,333600000X,tier_1_primary_pharmacy,Y,Y,
1558685776,WESTSIDE PHARMACY LLC,2977 W COMMERCIAL BLVD,,FT LAUDERDALE,FL,333093502,9544848474,PHARMACIST/OWNER,333600000X|3336C0004X|3336S0011X|3336C0003X,tier_1_primary_pharmacy,Y,Y,
1093039141,"SOLANTIC OF ORLANDO, LLC",3840 E STATE ROAD 436,SUITE 1000,APOPKA,FL,327036197,4074783202,CEO,333600000X,tier_1_primary_pharmacy,Y,Y,
1447574504,"SOALNTIC OF ORLANDO, LLC",2415 SW COLLEGE RD,,OCALA,FL,344711664,3522373536,CEO,333600000X,tier_1_primary_pharmacy,Y,Y,
1649594706,SOLANTIC OF ORLANDO LLC,7751 KINGSPOINTE PKWY,# 114,ORLANDO,FL,328196500,4075819672,CEO,333600000X,tier_1_primary_pharmacy,Y,Y,
1356665400,SOLANTIC OF ORLANDO LLC,9331 AIRPORT BLVD STE A,,ORLANDO,FL,328274324,3213190349,CEO,333600000X,tier_1_primary_pharmacy,Y,Y,
1164746228,"SOLANTIC OF ORLANDO, LLC",2555 S KIRKMAN RD,,ORLANDO,FL,328112346,4073622030,CEO,333600000X,tier_1_primary_pharmacy,Y,Y,
1245554328,PUBLIX SUPER MARKETS INC,2201 N UNIVERSITY DR,,CORAL SPRINGS,FL,330716185,9547578983,VP PHARMACY,333600000X|3336C0003X,tier_1_primary_pharmacy,Y,N,PUBLIX
1871817924,DRUGS 4 LESS INC,1247 S POWERLINE RD,,POMPANO BEACH,FL,330694311,9549721822,CEO/PHARMACY MANAGER,333600000X|3336C0003X,tier_1_primary_pharmacy,Y,Y,
1972827996,SAISAI INC,5660 CURRY FORD RD,,ORLANDO,FL,328221445,4072490246,OWNER/PRESIDENT,333600000X|3336C0004X|3336C0003X,tier_1_primary_pharmacy,Y,Y,
1003130840,BOND COMMUNITY HEALTH CENTER INC,1720 S GADSDEN ST,,TALLAHASSEE,FL,323015506,8505215112,CEO,3336C0002X,tier_1_primary_pharmacy,Y,Y,
1316261035,ALPHA DRUG INC,1450 OAKFIELD DR,,BRANDON,FL,335114853,8136855454,PHARMACY MANAGER,3336C0003X,tier_1_primary_pharmacy,Y,Y,
1841514460,DIVINE PHARMACY AND HEALTHCARE LLC,6266 S CONGRESS AVE,L-12,LANTANA,FL,334622375,5614206438,MANAGER/OWNER,3336C0003X,tier_1_primary_pharmacy,Y,Y,
1609190149,SOLANTIC,2323 S ORANGE AVE,,ORLANDO,FL,328063059,4074189999,CEO,333600000X,tier_1_primary_pharmacy,Y,Y,
1164746608,"SOLANTIC OF ORLANDO, LLC",136 PARLIAMENT LOOP,SUITE 102,LAKE MARY,FL,327463592,4073330160,CEO,333600000X,tier_1_primary_pharmacy,Y,Y,
1841514346,DAVE PHARMACY LLC,1313 W BOYNTON BEACH BLVD,,BOYNTON BEACH,FL,334263436,9542631514,MANAGER,3336C0003X,tier_1_primary_pharmacy,Y,Y,
1093039588,SOLANTIC/SOUTH FL LLC,4450 N STATE ROAD 7,,CORAL SPRINGS,FL,330733354,9546331422,CEO,333600000X,tier_1_primary_pharmacy,Y,Y,
1780908285,SOLANTIC OF SOUTH FL LLC,784 E PRIMA VISTA BLVD,,PORT ST LUCIE,FL,349522271,7728787311,CEO,333600000X,tier_1_primary_pharmacy,Y,Y,
1538483029,"SOLANTIC OF SOUTH FL, LLC",9035 PINES BLVD,,PEMBROKE PINES,FL,330246440,9543780333,CEO,333600000X,tier_1_primary_pharmacy,Y,Y,
1801110309,SOLANTIC OF SOUTH FL LLC,1611 S FEDERAL HWY,,POMPANO BEACH,FL,330627514,9545804001,CEO,333600000X,tier_1_primary_pharmacy,Y,Y,
1255655759,SOLANTIC OF SOUTH FL LLC,10251 W COMMERCIAL BLVD,,SUNRISE,FL,333514326,9545804100,CEO,333600000X,tier_1_primary_pharmacy,Y,Y,
1386969665,HUDSON PHARMACY INC,8117 STATE ROAD 52,,HUDSON,FL,346676728,7273785882,CEO,3336C0004X|333600000X|3336C0003X,tier_1_primary_pharmacy,Y,Y,
1891010203,"SOLANTIC OF ORLANDO, LLC",3925 NW 43RD ST,,GAINESVILLE,FL,326064565,3523711777,CEO,333600000X,tier_1_primary_pharmacy,Y,Y,
1346565645,CK PHARMA,1933 N PINELLAS AVE,,TARPON SPRINGS,FL,346895780,7279445800,PHARMACY MANAGER/OWNER,3336C0003X,tier_1_primary_pharmacy,Y,Y,
1285959387,TAMPA EXPRESS PHARMACY,4219 N ARMENIA AVE,,TAMPA,FL,336076428,8134022957,OWNER,3336C0003X,tier_1_primary_pharmacy,Y,Y,
1760707806,305 RX LLC,344 W 65TH ST STE 101,,HIALEAH,FL,330126719,3055583522,OWNER,3336C0003X,tier_1_primary_pharmacy,Y,Y,
1669797569,AVS PHARMA LLC,7535 MEDICAL DR UNIT 1,,HUDSON,FL,346676502,7278693784,MGRM,3336C0003X,tier_1_primary_pharmacy,Y,Y,
1336464072,HARBOUR ISLAND SPECIALTY PHARMACY,12615 RACE TRACK RD,,TAMPA,FL,336261331,8139250300,OWNER,3336I0012X|3336L0003X,tier_1_primary_pharmacy,Y,Y,
1295051845,ASHWINI HEALTHCARE LLC,401 N WICKHAM RD,SUITE W AND X,MELBOURNE,FL,329358659,3217517885,MGRM,3336C0003X,tier_1_primary_pharmacy,Y,Y,
1013233402,PUBLIX SUPER MARKETS INC,"1455 SR 436, UNIT 221",,CASSELBERRY,FL,32707,4076730788,VP PHARMACY,3336C0003X|333600000X,tier_1_primary_pharmacy,Y,N,PUBLIX
1598081994,YVONNE ENTERPRISES,637 1ST ST S,,WINTER HAVEN,FL,338803604,8632688218,CEO,3336C0003X,tier_1_primary_pharmacy,Y,Y,
1962728360,"PRIME PHARMACY, LLC",7685 103RD ST STE 4,,JACKSONVILLE,FL,32210,9048137634,COO,3336C0004X|333600000X|3336C0003X,tier_1_primary_pharmacy,Y,Y,
1821314196,CITY PHARMACY & DISCOUNT CORP,923 SW 122ND AVE,,MIAMI,FL,331842477,3052003898,PRESIDENT / OWNER,3336C0003X,tier_1_primary_pharmacy,Y,Y,
1871819276,PUBLIX SUPER MARKETS INC,40932 US HIGHWAY 19 N,,TARPON SPRINGS,FL,346895446,7279383760,VP PHARMACY,333600000X|3336C0003X,tier_1_primary_pharmacy,Y,N,PUBLIX
1245556430,PUBLIX SUPER MARKETS INC,2871 CLAYTON CROSSING WAY STE 1001,,OVIEDO,FL,327653426,4076732317,VP PHARMACY,3336C0003X|333600000X,tier_1_primary_pharmacy,Y,N,PUBLIX
1700102092,PUBLIX SUPER MARKETS INC,11566 US HIGHWAY 1,,PALM BEACH GARDENS,FL,334083019,5617751027,VP PHARMACY,333600000X|3336C0003X,tier_1_primary_pharmacy,Y,N,PUBLIX
1861718892,SONEE PHARMACY SERVICES INC,6229 14TH ST W,,BRADENTON,FL,342074611,9417536075,PHARMACY MANAGER,3336C0003X,tier_1_primary_pharmacy,Y,Y,
1134445000,NEW MARGATE PHARMACY INC,2926 N STATE ROAD 7,,MARGATE,FL,330635730,9542479700,PHARMACY MANAGER,3336C0003X,tier_1_primary_pharmacy,Y,Y,
1043536964,AMERICAN PHARMACY SOLUTIONS LLC,5001 COMMERCE PARK CIR,,PENSACOLA,FL,325051659,8502662333,DIRECTOR OF OPERATIONS,3336C0003X,tier_1_primary_pharmacy,Y,Y,
1508183047,TROPICAL PHARMACY,6289 W SUNRISE BLVD,STE 118,PLANTATION,FL,333136154,9547752707,OWNER / PIC,3336C0003X,tier_1_primary_pharmacy,Y,Y,
1376860866,GERMAINE PHARMACY INC,2511 W SWANN AVE STE 102,,TAMPA,FL,33609,8133560370,OWNER,333600000X|3336C0003X,tier_1_primary_pharmacy,Y,Y,
1174840581,PALM PHARMACY,486 PALM AVE,,HIALEAH,FL,330104718,3053920051,PRESIDENT/OWNER,3336C0003X,tier_1_primary_pharmacy,Y,Y,
1740507136,"PHARMACYMAX LABS, LLC",8751 COMMODITY CIR STE 16,,ORLANDO,FL,328199027,4073544555,PRESIDENT,333600000X|3336C0003X,tier_1_primary_pharmacy,Y,Y,
1629395959,PUBLIX SUPER MARKETS INC,1181 S UNIVERSITY DR,,PLANTATION,FL,333243322,9545772637,VP PHARMACY,333600000X|3336C0003X,tier_1_primary_pharmacy,Y,N,PUBLIX
1851618987,CAMEO PHARMACY LLC,1326 S PINE AVE,# 202,OCALA,FL,344716542,3524332990,PRESIDENT,3336C0003X,tier_1_primary_pharmacy,Y,Y,
1184941247,SOFKO LLC,4900 LINTON BLVD,SUITE 24,DELRAY BEACH,FL,334456688,5619212025,OWNER,3336L0003X,tier_1_primary_pharmacy,Y,Y,
1659698405,"KEOPS PHARMACY, LLC",31 NW 27TH AVE,,MIAMI,FL,331255111,3056490030,PRESIDENT,3336C0003X,tier_1_primary_pharmacy,Y,Y,
1093032823,SAMPLE SQUARE PHARMACY,428 E SAMPLE RD,,POMPANO BEACH,FL,330644424,9545735083,OWNER,3336C0003X,tier_1_primary_pharmacy,Y,Y,
1417275694,JEBA INVESTMENTS GROUP LLC,8802 ROCKY CREEK DR STE 101,,TAMPA,FL,336154315,8138854000,CLINICAL PHARMACIST,333600000X|3336C0004X|3336C0003X|3336L0003X,tier_1_primary_pharmacy,Y,Y,
1982922241,APOLLO II SERVICES INC,2134 TYLER ST,,HOLLYWOOD,FL,330206717,9544047951,PRESIDENT,333600000X|3336C0003X,tier_1_primary_pharmacy,Y,Y,
1699094516,NORTH BROWARD PHARMACY,428 E SAMPLE RD,,POMPANO BEACH,FL,330644424,9548761279,PRESIDENT/OWNER,333600000X,tier_1_primary_pharmacy,Y,Y,
1003135872,COMFORT PHARMACY CORP,8300 W FLAGLER ST,SUITE 210,MIAMI,FL,331446000,7865472382,PRESIDENT,3336C0003X,tier_1_primary_pharmacy,Y,Y,
1659690360,SMZA ENTERPRISES LLC,754 S GOLDENROD RD,,ORLANDO,FL,328228108,4073472463,PHARMACIST/OWNER,3336S0011X|333600000X|3336C0004X|3336L0003X|3336C0003X,tier_1_primary_pharmacy,Y,Y,
1538488945,WALGREEEN CO.,9700 ARGYLE FOREST BLVD,,JACKSONVILLE,FL,322222809,9047780871,PHARMACIST,3336C0003X,tier_1_primary_pharmacy,Y,Y,
1780903195,DADE COUNTY PHARMACY,1181 W 37TH ST,,HIALEAH,FL,330124941,3058280434,PRESIDENT/OWNER,333600000X,tier_1_primary_pharmacy,Y,Y,
1194044594,ASOLUTIONS LLC,1200 ALTON RD,,MIAMI BEACH,FL,331393810,3056722556,OWNER/PRESIDENT,333600000X,tier_1_primary_pharmacy,Y,Y,
1811216005,HP PHARMACY,8730 49TH ST. N,SUITE 1,PINELLAS PARK,FL,33782,7279548857,PHARMACY MANAGER,3336C0003X,tier_1_primary_pharmacy,Y,Y,
1265751408,"PALM BEACH CANCER INSTITUTE, LLC.",1309 N FLAGLER DR,,WEST PALM BEACH,FL,334013406,5613664101,ADMINISTRATOR,3336C0003X,tier_1_primary_pharmacy,Y,Y,
1427377605,PHARMA BUDDIES CORP,1727 ORLANDO CENTRAL PKWY,,ORLANDO,FL,328095732,4078221121,"OWNER,PIC,AO",333600000X|3336C0003X|3336S0011X,tier_1_primary_pharmacy,Y,Y,
1336468511,WELLCARE PHARMACY SERVICES INC,13733 N US HIGHWAY 441,,LADY LAKE,FL,321598981,3523915533,OWNER,3336C0004X|3336S0011X|3336C0003X,tier_1_primary_pharmacy,Y,Y,
1427378488,HARHAR MAHADEV LLC,34650 US HIGHWAY 19 N STE 101,,PALM HARBOR,FL,346842155,7277872273,MGRM,333600000X|3336C0003X,tier_1_primary_pharmacy,Y,Y,
1497075386,EB DRUGS INC,4158 ROWAN RD,,NEW PORT RICHEY,FL,346536116,7273722900,OWNER/PHARMACY MANAGER,333600000X|3336C0003X,tier_1_primary_pharmacy,Y,Y,
1699095604,TRILLION ENTERPRISES INC,4130 5TH AVE N,,ST PETERSBURG,FL,337136304,7276230990,CEO,3336C0003X,tier_1_primary_pharmacy,Y,Y,
1629398482,MED HEALTH EQUIPMENT LLC,7205 NW 68TH ST,9,MIAMI,FL,331663016,3058828883,PRESIDENT CEO,3336C0003X,tier_1_primary_pharmacy,Y,Y,
1558681460,"OPTUMCARE FLORIDA, LLC",4757 US HIGHWAY 19 STE A,,NEW PORT RICHEY,FL,346524945,7278499373,SECRETARY,3336S0011X,tier_1_primary_pharmacy,Y,Y,
1346560109,VILLAGE PHARMACY LLC,1804 W HILLSBORO BLVD,,DEERFIELD BEACH,FL,334421402,9544283784,OWNER/MANAGER,3336C0003X,tier_1_primary_pharmacy,Y,Y,
1952621575,BALDEVBHAI KN INC,63 W MAIN ST,,APOPKA,FL,327035155,4078144843,PHARMACY MANAGER,3336C0003X,tier_1_primary_pharmacy,Y,Y,
1013237668,IMMOKALEE PHARMACY LLC,1201 PIPER BLVD,UNIT 12,NAPLES,FL,34110,2396586123,OWNER,3336C0003X|333600000X,tier_1_primary_pharmacy,Y,Y,
1558681056,MEDPOINT PHARMACY INCORPORATED,23020 SANDALFOOT PLAZA DR,,BOCA RATON,FL,334286654,5614512111,MANAGER,333600000X|3336C0003X,tier_1_primary_pharmacy,Y,Y,
1912227398,URJA PHARMACY INC,219 S MAIN ST,,WILLISTON,FL,326962657,3525296966,OWNER,333600000X|3336C0003X,tier_1_primary_pharmacy,Y,Y,
1629398003,ANNALICE LLC,6506 EMBASSY BLVD,,PORT RICHEY,FL,346684734,7278489400,PRESIDENT,3336C0003X|333600000X,tier_1_primary_pharmacy,Y,Y,
1538489703,SANTOS PHARMACY INC,6601 SW 8TH ST,#4,MIAMI,FL,331444851,3052621145,PRESIDENT/OWNER,333600000X,tier_1_primary_pharmacy,Y,Y,
1164742334,GULF PHARMACY CORP,340 W 23RD ST,SUITE D2,PANAMA CITY,FL,324057600,8502159900,OWNER,333600000X|3336C0003X,tier_1_primary_pharmacy,Y,Y,
1144540204,SKY BUSINESS SYSTEMS LLC,9448 S ORANGE BLOSSOM TRL,,ORLANDO,FL,32837,3216241447,MANAGING MANAGER,333600000X,tier_1_primary_pharmacy,Y,Y,
1144541830,MALABAR PHARMACY LLC,930 MALABAR RD SE,STE 1,PALM BAY,FL,329073252,3217750911,PHARMACY MANAGER,3336S0011X|3336L0003X|3336C0004X|3336C0003X,tier_1_primary_pharmacy,Y,Y,
1457672057,MD FAMILY PHARMACY,1100 N JOHN YOUNG PKWY,,KISSIMMEE,FL,347414201,4073430099,PRESIDENT,3336C0003X,tier_1_primary_pharmacy,Y,Y,
1568783918,PEOPLES CHOICE PHARMACY LLC,7142 N UNIVERSITY DR,,TAMARAC,FL,333212916,9547226460,OWNER,3336C0003X,tier_1_primary_pharmacy,Y,Y,
1770804106,"MEDPOINTPHARMACY, INCORPORATED",23020 SANDALFOOT PLAZA DR,,BOCA RATON,FL,334286654,5614512111,MANAGER,333600000X|3336C0003X,tier_1_primary_pharmacy,Y,Y,
1932420247,CAPRICORN HEALTHCARE SERVICES LLC,4505 E HILLSBOROUGH AVE STE D&E,SUITE D & E,TAMPA,FL,336105200,8136288400,PRESIDENT,3336L0003X|333600000X|3336C0003X,tier_1_primary_pharmacy,Y,Y,
1033430301,MEDWISE INC,4451 NW 36TH ST,# 110,MIAMI SPRINGS,FL,331667285,7863605955,VP OF OPERATIONS,333600000X,tier_1_primary_pharmacy,Y,Y,
1588985824,HEARTLAND DISCOUNT PHARMACY LLC,407 S PARROTT AVE,,OKEECHOBEE,FL,349744342,8637637633,PHARMACY MANAGER,333600000X|3336C0004X|3336C0003X,tier_1_primary_pharmacy,Y,Y,
1912218108,PEAK PHARMACY INC,7732 W. HIILLSBOROUGH AVE,,TAMPA,FL,33615,8134430833,CEO/PRESCRIPTION DEPARTMENT MANAGE,333600000X,tier_1_primary_pharmacy,Y,Y,
1285945386,SWASTIK RX LLC,2110 MANATEE AVE E,,BRADENTON,FL,342081660,8135795344,PHARMACY MANAGER,3336C0003X,tier_1_primary_pharmacy,Y,Y,
1952612970,"1 OLD RIVER PHARMACY, LLC",1879 NW 7TH ST,,MIAMI,FL,331253503,3054776507,PRESIDENT,3336C0003X,tier_1_primary_pharmacy,Y,Y,
1023329067,METRO PHARMACEUTICAL SERVICES INC,126-1 SOUTH CR 315,,INTERLACHEN,FL,32148,3866840924,PHARMACIST,333600000X|3336C0003X,tier_1_primary_pharmacy,Y,Y,
1942511043,ALLZ WELL PHARMACY LLC,821 E OAKLAND PARK BLVD,,OAKLAND PARK,FL,333342752,9547691098,MANAGING MEMBER,3336L0003X|3336H0001X|333600000X|3336C0003X,tier_1_primary_pharmacy,Y,Y,
1487965018,PHARMAKON LLC,2386 DUNN AVE STE 117,,JACKSONVILLE,FL,322184751,9046968882,OWNER,3336C0003X,tier_1_primary_pharmacy,Y,Y,
1386955821,ALLGEN 3 LLC,1240 PROVIDENCE BLVD STE 7,,DELTONA,FL,327257352,3862595124,PHARMACY MANAGER,333600000X|3336C0003X,tier_1_primary_pharmacy,Y,Y,
1831400282,"THE HOUSE PHARMACY, INC",1554 W 68TH ST,,HIALEAH,FL,330143810,3058211275,PRESIDENT,3336C0003X,tier_1_primary_pharmacy,Y,Y,
1851602205,PRESCRIPTIONS BY MAIL LLC,3579 NORTHLAKE BLVD,,PALM BEACH GARDENS,FL,334031625,5617214900,CEO / PRESIDENT,3336C0003X,tier_1_primary_pharmacy,Y,Y,
1760793111,CAREPLUS RX CORP,701 W DR MARTIN LUTHER KING JR BLVD STE 1,,TAMPA,FL,336033100,8138490991,PRESIDENT/PHARMACIST,3336C0004X|3336C0003X|3336L0003X|3336S0011X|333600000X,tier_1_primary_pharmacy,Y,Y,
1023320249,PANAMA DRUGS INC,3127 E HIGHWAY 98,,PANAMA CITY,FL,324015415,8507850700,PRESIDENT,333600000X|3336C0003X,tier_1_primary_pharmacy,Y,Y,
1093027393,STONEY'S PHARMACY PLC,2616 TAMIAMI TRL N,,NAPLES,FL,341034409,2393313441,OWNER/PRESIDENT,3336C0004X,tier_1_primary_pharmacy,Y,Y,
1285946350,SP BEHAVIORAL LLC,11301 SE TEQUESTA TER,,TEQUESTA,FL,334698146,5617440211,CEO,3336I0012X|3336C0003X,tier_1_primary_pharmacy,Y,Y,
1033421144,"PASTEUR PHARMACY II, LLC",5900 NW 183RD ST,,MIAMI GARDENS,FL,330156025,3057228580,AUTHORIZED OFFICIAL,3336C0002X,tier_1_primary_pharmacy,Y,Y,
1164734927,RAGHAVENDRA PHARMACY INC,5431 N STATE ROAD 7,,TAMARAC,FL,333192921,9544854903,VICE PRESIDENT,333600000X|3336C0003X,tier_1_primary_pharmacy,Y,Y,
1275845968,"MCR HEALTH, INC.",1148 E GIBSON ST,,ARCADIA,FL,342665011,8634946222,PRESIDENT AND CEO,333600000X,tier_1_primary_pharmacy,Y,Y,
1043522782,NEIGHBOURHOOD PHARMACY,1497 N NEBRASKA AVE,,TAMPA,FL,336022847,8133748955,PHARMACIST  IN CHARGE,3336C0003X,tier_1_primary_pharmacy,Y,Y,
1871805440,PUBLIX SUPER MARKETS INC,13390 PERDIDO KEY DR,,PENSACOLA,FL,325074631,8504925095,VP PHARMACY,3336C0003X|333600000X,tier_1_primary_pharmacy,Y,N,PUBLIX
1548572092,NMB GENERICS PHARMACY,16600 N MIAMI AVE,,MIAMI,FL,331696026,3059744510,OWNER,3336M0002X|3336C0003X,tier_1_primary_pharmacy,Y,Y,
1134431703,PUBLIX SUPER MARKETS INC,1520 N MCMULLEN BOOTH RD,,CLEARWATER,FL,337592594,7277261061,VP PHARMACY,333600000X|3336C0003X,tier_1_primary_pharmacy,Y,N,PUBLIX
1003128570,AKRU INC,4407 N NEBRASKA AVE,,TAMPA,FL,336034146,8134430775,PHARMACIST,333600000X|3336C0003X,tier_1_primary_pharmacy,Y,Y,
1659683043,LAUDERHILL PHARMACY LLC,5368 N UNIVERSITY DR,,LAUDERHILL,FL,333515020,9547462728,PHARMACIST,333600000X|3336C0004X|3336S0011X|3336C0003X,tier_1_primary_pharmacy,Y,Y,
1548573876,PHARMAUSA LLC,406 E HALLANDALE BEACH BLVD,,HALLANDALE BEACH,FL,330095563,9544552525,PHARMACIST/OWNER,333600000X|3336C0003X,tier_1_primary_pharmacy,Y,Y,
1689987729,MD FAMILY PHARMACY,12981 S ORANGE BLOSSOM TRL,,ORLANDO,FL,328376592,4078162999,CEO,3336C0003X,tier_1_primary_pharmacy,Y,Y,
1215240239,HANSARAJ INC,3231 TAMIAMI TRL G,,PORT CHARLOTTE,FL,339528031,9418897239,PHARMACY OWNER,3336C0003X,tier_1_primary_pharmacy,Y,Y,
1104139294,KINGS DRUGS INC,35930 HWY 27,,HAINES CITY,FL,338443737,8634221888,PRESIDENT,3336C0003X,tier_1_primary_pharmacy,Y,Y,
1477866358,PUBLIX SUPER MARKETS INC,1764 NE JENSEN BEACH BLVD.,,JENSEN BEACH,FL,34957,7722253722,VP PHARMACY,333600000X|3336C0003X,tier_1_primary_pharmacy,Y,N,PUBLIX
1821301706,PUBLIX SUPER MARKETS INC,4101 HOOD RD,,PALM BEACH GARDENS,FL,334102171,5616240559,VP PHARMACY,333600000X|3336C0003X,tier_1_primary_pharmacy,Y,N,PUBLIX
1912210758,ALEXANDER PHARMACY LLP,6540 PARK BLVD N,,PINELLAS PARK,FL,337813142,7276230962,PRES / MANAGING MBR,333600000X|3336C0003X,tier_1_primary_pharmacy,Y,Y,
1518270230,PUBLIX SUPER MARKETS INC,4402 CURRY FORD RD,,ORLANDO,FL,328122709,4072828128,VP PHARMACY,333600000X|3336C0003X,tier_1_primary_pharmacy,Y,N,PUBLIX
1538472261,REPUBLIC PHARMACY,106 S PARSONS AVE,SUITE B,BRANDON,FL,335115225,8136534802,OWNER,3336C0003X,tier_1_primary_pharmacy,Y,Y,
1417260068,PUBLIX SUPER MARKETS INC,16041 TAMPA PALMS BLVD W,,TAMPA,FL,336472001,8139713554,VP PHARMACY,333600000X|3336C0003X,tier_1_primary_pharmacy,Y,N,PUBLIX
1669785168,MANGO PHARMACY LLC,11509 DR MARTIN LUTHER KING JR BLVD,,MANGO,FL,33550,8136612263,OWNER,333600000X|3336C0003X,tier_1_primary_pharmacy,Y,Y,
1578877023,FIRST CHOICE PHARMACY DISCOUNT CORP,2900 WEST 12 AVE,UNIT 4,HIALEAH,FL,33012,3058882000,OWNER,3336C0003X,tier_1_primary_pharmacy,Y,Y,
1285948612,"FLORIDA MEDICAL SOLUTIONS, LLC",1100 S MAIN ST STE 101,,BELLE GLADE,FL,334304910,5617194598,MEDICAL DIRECTOR,3336C0002X,tier_1_primary_pharmacy,Y,Y,
1982918397,JARES INVESTMENTSGLOBAL INC,9716 N 56TH ST,,TEMPLE TERRACE,FL,336175508,8138991313,PHARMACIST,333600000X|3336C0002X|3336C0004X|3336S0011X|3336C0003X,tier_1_primary_pharmacy,Y,Y,
1295049591,SUNSHINE WILD INC,13757 N NEBRASKA AVE,,TAMPA,FL,336133320,8139715557,PRESIDENT,3336C0003X,tier_1_primary_pharmacy,Y,Y,
1366756561,"SUN HEALTH AND WELLNESS, INC",401 E HINSON AVE,,HAINES CITY,FL,338445237,8634382799,PRESIDENT,3336C0004X|333600000X|3336C0003X,tier_1_primary_pharmacy,Y,Y,
1346554433,1ST COMMUNITY PHARMACY LLC,2775 OLD WINTER GARDEN RD,,OCOEE,FL,347612995,4076560641,PHARMACY MANAGER,3336C0004X|333600000X|3336C0003X,tier_1_primary_pharmacy,Y,Y,
1295049344,"HOPE PHARMACY OF FLORIDA, INC",6834 GALL BLVD STE 105,,ZEPHYRHILLS,FL,335422506,8139433172,RPH,3336C0003X,tier_1_primary_pharmacy,Y,Y,
1730493529,KNAP INC.,3547 CLEVELAND AVE,,FORT MYERS,FL,339017903,2392438490,PHARMACY IN CHARGE,3336C0003X,tier_1_primary_pharmacy,Y,Y,
1649584434,CITY CARE SERVICES INC,4008 E MILLER AVE,,TAMPA,FL,336177418,8134020444,PHARMACIST,3336C0004X|3336C0003X,tier_1_primary_pharmacy,Y,Y,
1942514526,ALLSTATE PHARMACY CORP,4567 NW 7TH ST,,MIAMI,FL,331262306,3054432442,ADMINISTRATOR,3336C0003X,tier_1_primary_pharmacy,Y,Y,
1811201452,WELLNESS PHARMACY INC,120 W BOUGAINVILLEA AVE,,TAMPA,FL,336127437,8137748856,OWNER/PIC/AO,333600000X|3336S0011X|3336C0003X,tier_1_primary_pharmacy,Y,Y,
1861706442,AMERICAN DOLLAR PHARMACY CORP,5339 W 20TH AVE UNIT A,,HIALEAH,FL,330122100,3058700118,OWNER,333600000X|3336C0003X,tier_1_primary_pharmacy,Y,Y,
1114231800,SUREMEDICAL SERVICES LLC,11410 INTERCHANGE CIR N,,MIRAMAR,FL,330256005,9544371835,MGRM,3336C0003X|3336L0003X,tier_1_primary_pharmacy,Y,Y,
1982918512,KIARA DISCOUNT PHARMACY COR,9620 SW 72ND ST,,MIAMI,FL,331733250,7862014666,PRESIDENT,333600000X,tier_1_primary_pharmacy,Y,Y,
1386959914,KRUPA SAI LLC,6578 CENTRAL AVE,,SAINT PETERSBURG,FL,337071330,7273298650,PHARMACIST,3336C0003X,tier_1_primary_pharmacy,Y,Y,
1629383278,BAM HEALTHCARE ABERDEEN LLC,8276 S JOG RD,,BOYNTON BEACH,FL,334722938,5617348010,OPERATIONS MANAGER,3336C0004X|333600000X|3336C0003X,tier_1_primary_pharmacy,Y,Y,
1033424478,HEALTHY MEDS LLC,9021 TAFT ST,,PEMBROKE PINES,FL,330244676,9543624738,PHARMACY MANAGER,333600000X|3336C0004X|3336C0003X,tier_1_primary_pharmacy,Y,Y,
1750696944,"GALAXY MEDS, INC.",6742 FOREST HILL BLVD,272,WEST PALM BEACH,FL,33413,5612475593,PRESIDENT/CEO,333600000X,tier_1_primary_pharmacy,Y,Y,
1235444183,COCOA BEACH DISCOUNT PHARMACY LLC,291 W COCOA BEACH CSWY,,COCOA BEACH,FL,329313529,3217992030,PHARMACY MANAGER,3336C0004X|333600000X|3336C0003X,tier_1_primary_pharmacy,Y,Y,
1003121856,CITY DISCOUNT PHARMACY,1260 US HIGHWAY 1,,ROCKLEDGE,FL,329552728,3218063972,PHARMACIST,3336C0003X,tier_1_primary_pharmacy,Y,Y,
1417263104,BLUE STAR PHARMACY INC,3009 SW 107TH AVE,,MIAMI,FL,331652434,3052221818,PRESIDENT,333600000X|3336C0003X,tier_1_primary_pharmacy,Y,Y,
1336455096,"SYNERGY PHARMACY SERVICES, INC.",31201 US HIGHWAY 19 N STE 2,,PALM HARBOR,FL,346844422,8889185024,PIC,3336C0004X|3336H0001X|3336S0011X|3336L0003X|3336C0003X|333600000X,tier_1_primary_pharmacy,Y,Y,
1588970172,MEDO HEALTH CARE LLC,1015 STATE ROAD 436 STE 117,,CASSELBERRY,FL,327075756,3219728947,PHARMACY OWNER,3336C0003X,tier_1_primary_pharmacy,Y,Y,
1922314509,"MARIA ANGELICA PHARMACY & DISCOUNT, INC.",11355 W FLAGLER ST,,MIAMI,FL,331741196,3052228088,OWNER,3336C0003X,tier_1_primary_pharmacy,Y,Y,
1497061923,IN-TOWN PHARMACY INC.,1381 S POWERLINE RD,,POMPANO BEACH,FL,330694313,9549572990,PRESIDENT,333600000X|3336C0004X|3336S0011X|3336C0003X,tier_1_primary_pharmacy,Y,Y,
1659687119,DOCTOR DIABETIC PHARMACY INC,100 NE 28TH ST,,MIAMI,FL,331374423,8888297581,SR. VP PHARMACY OPERATION,3336C0003X,tier_1_primary_pharmacy,Y,Y,
1154637551,W.A.P. PHARMACY INC,437 E ATLANTIC BLVD STE 1A-1B,,POMPANO BEACH,FL,330606214,5614960338,PRESIDENT,333600000X,tier_1_primary_pharmacy,Y,Y,
1205142627,SHRIJI SWAMI LLC,1301 MONUMENT RD STE 22,,JACKSONVILLE,FL,322256462,9047273434,MANAGER,333600000X|3336C0003X,tier_1_primary_pharmacy,Y,Y,
1881900074,EMERALD COAST COMPOUNDING PHARMACY,7 TOWN CENTER LOOP,UNIT C-15,SANTA ROSA BEACH,FL,324598736,8506286243,PHARMACIST,3336C0004X,tier_1_primary_pharmacy,Y,Y,
1033425079,SAVE-RITE PHARMACY INC,7402 N 56TH ST,SUITE # 907,TAMPA,FL,336177733,8136231800,PRESIDENT,333600000X,tier_1_primary_pharmacy,Y,Y,
1043526965,LUCKY PHARMS INC,8390 W FLAGLER ST STE 201A,,MIAMI,FL,331442039,3057625521,OWNER,3336C0003X|333600000X,tier_1_primary_pharmacy,Y,Y,
1134435951,PHARMACY PARTNERS,901 N CONGRESS AVE STE B101,,BOYNTON BEACH,FL,334263317,5617347433,PRESIDENT,3336C0003X,tier_1_primary_pharmacy,Y,Y,
1861709651,PUBLIX SUPER MARKETS INC,3521 THOMASVILLE RD,,TALLAHASSEE,FL,323097134,8508931143,VP PHARMACY,333600000X|3336C0003X,tier_1_primary_pharmacy,Y,N,PUBLIX
1003123894,"CND4,INC",6083 SE FEDERAL HWY STE 107,,STUART,FL,349978104,7726784000,VICE PRESIDENT,3336C0003X,tier_1_primary_pharmacy,Y,Y,
1467769232,PUBLIX SUPER MARKETS INC,8833 TAMIAMI TRL N,,NAPLES,FL,341082565,2395962131,VP PHARMACY,333600000X|3336C0003X,tier_1_primary_pharmacy,Y,N,PUBLIX
1083921860,MEDOZ PHARMACY OF OSCEOLA INC,720 W OAK ST,STE 114,KISSIMMEE,FL,347414989,4073742550,CEO,3336C0004X|333600000X|3336C0002X|3336C0003X,tier_1_primary_pharmacy,Y,Y,
1801103486,TRUST PHARMACY LLC,36515 US HIGHWAY 19 N,,PALM HARBOR,FL,346841340,7277817400,PHARMACY MANAGER,333600000X|3336C0003X,tier_1_primary_pharmacy,Y,Y,
1427365972,MEDWINS PHARMACY INC,740 W MAIN ST,,HAINES CITY,FL,338444116,8634197777,PHARMACY MANAGER,3336C0003X,tier_1_primary_pharmacy,Y,Y,
1487961900,A-1 PHARMACY,265 NE 24TH ST STE 106,,MIAMI,FL,331375040,7862755395,PRES,3336C0003X,tier_1_primary_pharmacy,Y,Y,
1437466968,SOUTHERN STATES PHARMACY,4047 OKEECHOBEE BLVD,SUITE #120,WEST PALM BEACH,FL,334093239,5614873808,OWNER,3336C0003X,tier_1_primary_pharmacy,Y,Y,
1447567938,M & M PHARMACY LLC,283 NW 82ND AVE,,MIAMI,FL,331268339,3052662458,REGISTERED AGENT,3336C0003X,tier_1_primary_pharmacy,Y,Y,
1942517339,CEDARS MEDICAL GROUP LLC,11621 SHELDON RD,,TAMPA,FL,336264306,8134755906,MANAGER,333600000X|3336C0003X,tier_1_primary_pharmacy,Y,Y,
1962719211,DAMOL INC,620 S LAKE ST,SUITE4,LEESBURG,FL,347486059,3524604030,PHARMACIST,3336C0003X,tier_1_primary_pharmacy,Y,Y,
1033426234,LIBERTY MEDICAL SUPPLY INC,10400 S US HIGHWAY 1,SUITE 200,PORT ST LUCIE,FL,349525600,8669070835,PRESIDENT/DIRECTOR,3336M0002X,tier_1_primary_pharmacy,Y,Y,
1861709008,RYCHIMENDI CORP,8216 W FLAGLER ST,,MIAMI,FL,331442028,3052230784,OWNER,3336C0003X,tier_1_primary_pharmacy,Y,Y,
1811204993,Z-STAT MEDICAL LLC,34911 US HIGHWAY 19 N STE 525A,,PALM HARBOR,FL,346841966,7277818124,OWNER/MANAGER,3336C0004X|3336S0011X|3336C0003X,tier_1_primary_pharmacy,Y,Y,
1134436215,GOPALA INC,447 CAPE CORAL PKWY E,UNIT # 108,CAPE CORAL,FL,339048559,2395418794,OWNER,333600000X|3336C0004X|3336C0003X,tier_1_primary_pharmacy,Y,Y,
1063729226,US-RX DISTRIBUTION LLC,1846 N PINE ISLAND RD,,PLANTATION,FL,333225202,9547416644,OWNER/MEMBER,333600000X|3336S0011X|3336C0003X,tier_1_primary_pharmacy,Y,Y,
1295042133,"JYA, LLC",2200 SOUTH BLVD W,,DAVENPORT,FL,338377002,8634219200,PHARMACY MANAGER/OWNER,3336C0003X,tier_1_primary_pharmacy,Y,Y,
1457668493,DAHLIA'S DRUGSTORE CORP,251 PARK BLVD,,MIAMI,FL,331268009,3052669929,PRESIDENT,333600000X,tier_1_primary_pharmacy,Y,Y,
1861700791,CHARLES PLAZA PHARMACY INC,5448 N UNIVERSITY DR,,LAUDERHILL,FL,333515006,9546260626,PRESIDENT,3336C0003X,tier_1_primary_pharmacy,Y,Y,
1417265265,EZ CARE PHARMACY INC,3353 SHERIDAN ST STE D,,HOLLYWOOD,FL,330213632,9549810614,OWNER,3336L0003X|3336C0003X,tier_1_primary_pharmacy,Y,Y,
1437467131,PUBLIX SUPER MARKETS INC,2261 W NEW HAVEN AVE,,WEST MELBOURNE,FL,329043805,3216760173,VP PHARMACY,333600000X|3336C0003X,tier_1_primary_pharmacy,Y,N,PUBLIX
1134437650,VALUE RX ZEPHYRHILLS LLC,38160 MEDICAL CENTER AVE,,ZEPHYRHILLS,FL,335401380,8137885000,MANAGING MEMBER,3336C0003X,tier_1_primary_pharmacy,Y,Y,
1891003364,"COSTASUR PHARMACY, INC.",3421 SW 8TH ST,,MIAMI,FL,331354107,7867129463,PRESIDENT,3336C0003X,tier_1_primary_pharmacy,Y,Y,
1568770048,RX OF BOCA,5801 N FEDERAL HWY,,BOCA RATON,FL,334874049,5619992100,SUPERVISING MANAGER,3336C0003X,tier_1_primary_pharmacy,Y,Y,
1104134535,PUBLIX SUPER MARKETS INC,5858 ATLANTIC BLVD,,JACKSONVILLE,FL,322072223,9047213488,VP PHARMACY,333600000X|3336C0003X,tier_1_primary_pharmacy,Y,N,PUBLIX
1134437403,EMERALD HILLS PHARMACY LLC,3000 STIRLING RD,STE 120,HOLLYWOOD,FL,330212069,9549833336,MANAGER,3336C0003X,tier_1_primary_pharmacy,Y,Y,
1114235579,NOVOPHARM OF TAMPA LLC.,5404 HOOVER BLVD SUITE 22,,TAMPA,FL,33634,8137875520,PHARMACY MANGER,3336L0003X,tier_1_primary_pharmacy,Y,Y,
1619285988,COUNTRY VALUE PHARMACY LLC,6201 N FEDERAL HWY,,BOCA RATON,FL,334873200,5619950355,MANAGER,333600000X|3336C0003X,tier_1_primary_pharmacy,Y,Y,
1487962700,PROMINENT MEDICAL INC,17452 SW 104TH AVE,,MIAMI,FL,331574200,7865731712,OWNER,333600000X|3336C0003X,tier_1_primary_pharmacy,Y,Y,
1487962676,FAMILY PHARMACY LLC,3230 W BROWARD BLVD,,FT LAUDERDALE,FL,333121113,8558737989,OWNER/PRESIDENT,3336S0011X|333600000X|3336C0003X,tier_1_primary_pharmacy,Y,Y,
1700194800,D.Y.L. LLC,38101 5TH AVE,,ZEPHYRHILLS,FL,335424973,8133955667,OWNER- MANAGING MEMBER,333600000X,tier_1_primary_pharmacy,Y,Y,
1952619033,BLACK & WHITE PHARMACY CORP,8381 BIRD RD,,MIAMI,FL,331553353,3055452108,PRESIDENT,3336S0011X|3336C0003X,tier_1_primary_pharmacy,Y,Y,
1366750473,KEZIT DISCOUNT PHARMACY,12813 W DIXIE HWY,,NORTH MIAMI,FL,331614807,3054566844,PHARMACIST,3336C0003X,tier_1_primary_pharmacy,Y,Y,
1467761429,SHARED PHARMACY HOLDINGS LLC,6149 CHANCELLOR DR STE 2780,,ORLANDO,FL,328095680,4072515492,COO,3336L0003X,tier_1_primary_pharmacy,Y,Y,
1932418969,AARRIC INC,16970 SAN CARLOS BLVD,SUITE 110,FORT MYERS,FL,339081236,2396909990,PRESIDENT,3336H0001X|3336L0003X|3336C0003X,tier_1_primary_pharmacy,Y,Y,
1629387642,CORAL PHARMACY LLC,5581 SW 8TH ST,,CORAL GABLES,FL,331342219,4076900537,MANAGER,3336C0003X,tier_1_primary_pharmacy,Y,Y,
1003125584,TONAIS PHARMACY AND SURGICAL SUPPLY STORE INC,5851 W FLAGLER ST,,MIAMI,FL,331443316,3052614710,PRESIDENT/CEO,333600000X|3336C0003X,tier_1_primary_pharmacy,Y,Y,
1013226687,LIFE SAVERX,207 E ROBERTSON ST STE B,,BRANDON,FL,335115254,8132831131,CEO/OWNER,3336M0002X|3336C0004X|3336S0011X|3336I0012X|3336C0003X|333600000X|3336H0001X,tier_1_primary_pharmacy,Y,Y,
1912216490,WEIGHT AND WELLNESS INC,1868 N UNIVERSITY DR STE 105,,PLANTATION,FL,333224110,9545305794,CEO/OWNER,333600000X|3336C0003X,tier_1_primary_pharmacy,Y,Y,
1013226539,SYMCARE INC,5779 S UNIVERSITY DR,,DAVIE,FL,333286114,9545304808,PHARMACY DIRECTOR,333600000X,tier_1_primary_pharmacy,Y,Y,
1730498288,BEACHES PHARMACY LLC,4717 SAN JUAN AVE UNIT 1,,JACKSONVILLE,FL,322103229,8505457646,PHARMACIST,3336C0003X,tier_1_primary_pharmacy,Y,Y,
1083923361,ALPHA PHARMACY & DISCOUNT INC,5927 SW 8TH ST,,WEST MIAMI,FL,331445037,3053920284,PRESIDENT,3336C0003X,tier_1_primary_pharmacy,Y,Y,
1710296132,SYMCARE INC,5779 SOUTH UNIVERSITY DR,,DAVIE,FL,33328,9545304808,PHARMACIST IN CHARGE,3336C0003X,tier_1_primary_pharmacy,Y,Y,
1437469525,ADVENTIST HEALTH SYSTEM-SUNBELT INC,7975 LAKE UNDERHILL RD STE 125,,ORLANDO,FL,328228202,4073038676,DIRECTOR,3336C0003X,tier_1_primary_pharmacy,Y,Y,
1134439128,DIXIE DRUGS INC,13222 W DIXIE HWY,,NORTH MIAMI,FL,331614133,7863626921,PRESIDENT,3336C0003X,tier_1_primary_pharmacy,Y,Y,
1588974604,GARCIA PHARMACY & DISCOUNT CORP,138 BEACOM BLVD,,MIAMI,FL,331351534,3056496500,PRESIDENT,3336C0003X,tier_1_primary_pharmacy,Y,Y,
1316257264,EXPRESSCARE PHARMACY INC,3340 GRIFFIN RD,,FORT LAUDERDALE,FL,333125519,9543998003,OWNER,3336M0002X|333600000X|3336C0003X,tier_1_primary_pharmacy,Y,Y,
1346550209,MACCLENNY PHARMACY COMPANY,1254 S 6TH ST,D-1,MACCLENNY,FL,320634619,9042591116,PHARMACY MANAGER,333600000X,tier_1_primary_pharmacy,Y,Y,
1962712562,SUNSHINE PHARMACY RX INC,607 E ALEXANDER ST,,PLANT CITY,FL,335637126,8137031500,PHARMACIST PDM,333600000X|3336C0004X|3336C0003X,tier_1_primary_pharmacy,Y,Y,
1023328705,EHP PHARMACY INC,4853 NW 36TH ST,,MIAMI SPRINGS,FL,331666001,3058882780,PRESIDENT,3336C0003X,tier_1_primary_pharmacy,Y,Y,
1679883292,"TEAMCARE PHARMACY SERVICES, INC",12240 SW 128TH CT,UNIT 107,MIAMI,FL,331864781,3059692270,PRESIDENT,333600000X|3336C0004X|3336H0001X|3336S0011X,tier_2_secondary_pharmacy,N,Y,
1720398407,AMERICAN TLC FOUNDATION CENTER INC,3700 WEST 12 AVE,,HIALEAH,FL,33012,9546350397,OWNER,3336C0003X,tier_1_primary_pharmacy,Y,Y,
1821308305,PEPPER TREE PHARMACY,1907 SE 58TH AVE,ROLLING GREENS SHOPPING CENTER,OCALA,FL,344805847,3526225601,PHARMACY MANAGER,3336C0004X|3336C0003X,tier_1_primary_pharmacy,Y,Y,
1952611329,SHUBHOM HEALTHCARE LLC,3600 S TUTTLE AVE,,SARASOTA,FL,342396407,9415569622,PHARMACY MANAGER,3336C0004X|3336L0003X|3336C0003X,tier_1_primary_pharmacy,Y,Y,
1841500220,"HOWARD'S PHARMACY, INC.",823 NW 119TH ST,,NORTH MIAMI,FL,331682336,3056858808,PHARMACY MANAGER/OWNER,3336C0003X,tier_1_primary_pharmacy,Y,Y,
1457661746,RITZ PHARMACY INC,2173 W FLAGLER ST,,MIAMI,FL,331351638,3056432906,PRESIDENT,333600000X|3336C0003X,tier_1_primary_pharmacy,Y,Y,
1609186899,PRIME SYNERGY LLC,7333 LAKE UNDERHILL RD,,ORLANDO,FL,328226061,4077046626,PHARMACY MANAGER,3336C0003X|3336C0004X|333600000X,tier_1_primary_pharmacy,Y,Y,
1467752691,BREVARD PHARMACY LLC,6250 N US HIGHWAY 1,,COCOA,FL,329274926,3213056975,OWNER,333600000X|3336C0004X|3336C0003X,tier_1_primary_pharmacy,Y,Y,
1528368776,ZMS 1 LLC,22 BROADWAY,,KISSIMMEE,FL,347415712,4074835881,ASSISTANT,333600000X|3336C0003X,tier_1_primary_pharmacy,Y,Y,
1154621308,ZMS 1 LLC,948 ORANGE AVE,,DAYTONA BEACH,FL,321144668,3863108909,OWNER,3336C0003X,tier_1_primary_pharmacy,Y,Y,
1326358516,GONCAN INC,800 VIRGINIA AVE,SUITE #33,FORT PIERCE,FL,349825829,7728824785,PRESCRIPTION DEPT.MANAGER,333600000X|3336C0003X,tier_1_primary_pharmacy,Y,Y,
1356641559,COUNTRY CLUB PHARMACY AND DISCOUNT INC,5911 NW 173RD DR,# 6,HIALEAH,FL,330155121,3058288600,PRESIDENT,3336C0003X,tier_1_primary_pharmacy,Y,Y,
1548560725,PAS RX LLC,2224 STATE ROAD 60 E,,VALRICO,FL,335943703,8136817800,OWNER/MANAGER,3336C0003X,tier_1_primary_pharmacy,Y,Y,
1043510233,RX PHARMACY & SUPPLIES CORP,4888 NW 7TH ST,,MIAMI,FL,331262102,3054428101,PRESIDENT,3336C0003X,tier_1_primary_pharmacy,Y,Y,
1770883613,"BLANDING HEALTH MART PHARMACY, LLC",5136 BLANDING BLVD,,JACKSONVILLE,FL,322107894,9047772223,OWNER,333600000X,tier_1_primary_pharmacy,Y,Y,
1639479512,RX DEPOT CORP,5559 N STATE ROAD 7,,FORT LAUDERDALE,FL,333192923,9543066306,PRESIDENT,3336C0003X,tier_1_primary_pharmacy,Y,Y,
1578863304,PUBLIX SUPER MARKETS INC,3825 S OSPREY AVE,,SARASOTA,FL,342396803,9413645768,VP PHARMACY,333600000X|3336C0003X,tier_1_primary_pharmacy,Y,N,PUBLIX
1407156250,"PHARMLAND, LLC",3426 13TH AVE N,SUITE B,ST PETERSBURG,FL,337135424,7272091283,CO-OWNER,3336L0003X,tier_1_primary_pharmacy,Y,Y,
1609176346,ROYAL WELLINGTON PHARMACY INC,3141 FORTUNE WAY,# 1,WELLINGTON,FL,334148787,5618993273,OWNER,3336L0003X,tier_1_primary_pharmacy,Y,Y,
1326348921,ORLANDO DISCOUNT PHARMACY INC,419 E MICHIGAN ST STE 4,,ORLANDO,FL,328064511,4074126912,OWNER,333600000X|3336S0011X|3336C0003X,tier_1_primary_pharmacy,Y,Y,
1780984443,LILY & ROSY PHARMACY DISCOUNT CORP,4254 W 12TH AVE,,HIALEAH,FL,330124108,3058269967,PRESIDENT,3336C0003X,tier_1_primary_pharmacy,Y,Y,
1235439969,PHARMA AND SERVICES CORP,4214 W 16TH AVE,,HIALEAH,FL,330127629,3058270473,PRESIDENT,3336C0003X,tier_1_primary_pharmacy,Y,Y,
1831499557,QUADREN LLC,8001 N DALE MABRY HWY,BUILDING 801 SUITE #A,TAMPA,FL,336143290,8139354936,OWNER,3336C0003X,tier_1_primary_pharmacy,Y,Y,
1740580463,MORNING LLC,1450 E NORTH BLVD STE 1,,LEESBURG,FL,347485398,3524600542,PHARMACIST IN-CHARGE,333600000X|3336C0003X,tier_1_primary_pharmacy,Y,Y,
1467752014,FIRST CHOICE PHARMACY DISCOUNT II CORP,464 W 29TH ST,,HIALEAH,FL,330125729,9546350397,PRESIDENT,3336C0003X,tier_1_primary_pharmacy,Y,Y,
1538469028,FOSUYI ENTERPRISE,5312 N PEARL ST,,JACKSONVILLE,FL,322085119,9043537223,PHARMACY MANAGER,3336C0003X,tier_1_primary_pharmacy,Y,Y,
1083914477,PRONTO PHARMACY LLC,1461 W BUSCH BLVD,,TAMPA,FL,336127601,8134430970,OWNER,3336C0003X,tier_1_primary_pharmacy,Y,Y,
1801196266,LEE MEMORIAL HEALTH SYSTEM,11220 METRO PKWY STE 31,,FORT MYERS,FL,339661291,2393439799,DIRECTOR HOME INFUSION,3336S0011X|333600000X|3336H0001X,tier_1_primary_pharmacy,Y,Y,
1740580083,JOES PHARMACY INC,1554 W 68TH ST,,HIALEAH,FL,330143810,3054776507,PRESIDENT,3336C0003X,tier_1_primary_pharmacy,Y,Y,
1073813309,CUMBERLAND PHARMACY LLC,1047 W BUSCH BLVD,,TAMPA,FL,336127703,8139917233,PHARMACIST/OWNER/AUTHORIZED OFFICER,3336C0003X|333600000X,tier_1_primary_pharmacy,Y,Y,
1821399114,DOLLAR RX PHARMACY,2950 WINKLER AVE # 701,,FORT MYERS,FL,33916,2392457276,PRESIDENT/OWNER,333600000X,tier_1_primary_pharmacy,Y,Y,
1053612390,PUBLIX SUPER MARKETS INC,7060 W PALMETTO PARK RD,,BOCA RATON,FL,334333411,5613384785,VP PHARMACY,333600000X|3336C0003X,tier_1_primary_pharmacy,Y,N,PUBLIX
1962703207,PUBLIX SUPER MARKETS INC,1125 SE PORT ST LUCIE BLVD,,PORT ST LUCIE,FL,349525332,7723359465,VP PHARMACY,333600000X|3336C0003X,tier_1_primary_pharmacy,Y,N,PUBLIX
1801197132,CAREMED PHARMACY LLC,8600 NW 17TH ST STE 100,,DORAL,FL,331261038,3054551250,OWNER/CEO,3336C0003X,tier_1_primary_pharmacy,Y,Y,
1619278934,IJEM LLC,10173 W COLONIAL DR,,OCOEE,FL,347614209,4076747953,PRESIDENT,3336C0003X,tier_1_primary_pharmacy,Y,Y,
1306147319,SHREY PHARMACY LLC,5340 SPRING HILL DR,,SPRING HILL,FL,346064562,3526104437,PHARMACY MANAGER,3336L0003X|3336C0003X,tier_1_primary_pharmacy,Y,Y,
1457652257,MILE STRETCH LLC,1936 US HIGHWAY 19,,HOLIDAY,FL,346915539,7279457297,MANAGER,333600000X,tier_1_primary_pharmacy,Y,Y,
1861793655,ARIA PHARMACY SERVICES LLC,3633 CORTEZ RD W STE B9,,BRADENTON,FL,342103156,9419149991,PHARMACY MANAGER,3336C0004X|3336L0003X|333600000X|3336C0003X,tier_1_primary_pharmacy,Y,Y,
1477854164,KARMA HEALTHCARE LLC,637 1ST ST S,,WINTER HAVEN,FL,338803604,8632910400,AUTHORIZED OFFICIAL,333600000X|3336C0003X,tier_1_primary_pharmacy,Y,Y,
1639470362,"ADVANCED MEDICAL PHARMACY, INC.",1129 NIKKI VIEW DR,,BRANDON,FL,335114879,8133742065,CEO,3336C0004X|333600000X,tier_1_primary_pharmacy,Y,Y,
1215238928,PURE PHARMACY LLC,959 WEST AVE STE 16,,MIAMI BEACH,FL,331395214,3055321300,"OWNER,PIC,AO",3336C0003X,tier_1_primary_pharmacy,Y,Y,
1588965180,PHARMA ONE INC.,4060 NW 37TH AVE,,MIAMI,FL,331424206,3056348444,PRESIDENT,333600000X,tier_1_primary_pharmacy,Y,Y,
1336440890,TATA COMPANIES INC,10815 N NEBRASKA AVE,,TAMPA,FL,336126816,8132344200,CFO,3336L0003X,tier_1_primary_pharmacy,Y,Y,
1215238670,M & M PHARMACY LLC,283 NW 82ND AVE,,MIAMI,FL,331268339,3052662458,OWNER,3336S0011X,tier_1_primary_pharmacy,Y,Y,
1013218460,CORAL PHARMACY LLC,5581 SW 8TH ST,,CORAL GABLES,FL,331342219,3052802722,PRESIDENT,3336S0011X,tier_1_primary_pharmacy,Y,Y,
1568763910,ALEX & FABY PHARMACY DISCOUNT CORP,3740 W 12TH AVE,,HIALEAH,FL,330124126,3052312571,PRESIDENT,3336C0003X,tier_1_primary_pharmacy,Y,Y,
1922300201,"COLLIER HMA PHYSICIAN MANAGEMENT, LLC",6101 PINE RIDGE RD,,NAPLES,FL,341193900,2393484221,SENIOR DIRECTOR PROVIDER ENROLLMENT,333600000X,tier_1_primary_pharmacy,Y,Y,
1386946580,RX ONE PHARMACY LLC,717 W LANCHESTER RD,,ORLANDO,FL,32809,4078554770,OWNER,3336C0004X|3336S0011X|3336C0003X,tier_1_primary_pharmacy,Y,Y,
1881996924,PATRIOT DISCOUNT PHARMACY,10071 PINES BLVD,UNIT D,PEMBROKE PINES,FL,330246181,5617342022,D,333600000X,tier_1_primary_pharmacy,Y,Y,
1073815106,LIBERTY PHARMACY LLC,5443 N FEDERAL HWY,,FT LAUDERDALE,FL,333083206,9545432991,MGR,333600000X,tier_1_primary_pharmacy,Y,Y,
1245532373,"GEMMA MEDS, INC",760 W SAMPLE RD,STE 6,POMPANO BEACH,FL,330642768,5612785818,PT,333600000X,tier_1_primary_pharmacy,Y,Y,
1982906046,SUPERIOR PHARMACY OF TEMPLE TERRACE,11521 N 56TH ST,,TEMPLE TERRACE,FL,336172238,8139891351,PHARMACY MANAGER,3336S0011X,tier_1_primary_pharmacy,Y,Y,
1063714111,"CORAL GABLES PHARMACY AND MEDICAL SUPPLY, INC",3160 PONCE DE LEON BLVD,,CORAL GABLES,FL,331346826,3054445115,PHARMACY MANAGER,333600000X|3336C0004X|3336M0002X|3336C0003X,tier_1_primary_pharmacy,Y,Y,
1164724167,DRUG WORLD,8050 ABERDEEN DR,#201,BOYNTON BEACH,FL,334722915,3053741029,P,333600000X,tier_1_primary_pharmacy,Y,Y,
1508168576,BLUE SKY DISCOUNT PHARMACY LLC,115 HICKORY ST,SUITE #101,WEST MELBOURNE,FL,329043505,3219140823,OWNER,333600000X,tier_1_primary_pharmacy,Y,Y,
1487956421,RUDHRA LLC,8451 SHADE AVE STE 108,,SARASOTA,FL,342432878,9413552500,CEO,333600000X,tier_1_primary_pharmacy,Y,Y,
1871895847,"PHARMACY DEPOT, LLC",1304A E ATLANTIC BLVD,,POMPANO BEACH,FL,330606745,9546500823,MANAGING MEMBER,333600000X,tier_1_primary_pharmacy,Y,Y,
1427350479,"SUNRISE NATURAL PHARMACY, LLC",925 N FEDERAL HWY,,FT LAUDERDALE,FL,333042706,3053741029,MGRM,333600000X,tier_1_primary_pharmacy,Y,Y,
1942502919,"MARGATE DISCOUNT PHARMACY, LLC",2726 N STATE ROAD 7,,MARGATE,FL,330635726,5618868723,MGR,333600000X,tier_1_primary_pharmacy,Y,Y,
1588966568,MAHIMN RX LLC,1905 W STATE ROAD 434,,LONGWOOD,FL,327506015,4073505925,OPERATIONS MANAGER /OWNER,333600000X|3336C0003X,tier_1_primary_pharmacy,Y,Y,
1326340399,PUBLIX SUPER MARKETS INC,2033 RIVERSIDE AVE,,JACKSONVILLE,FL,322044442,9043811162,VP PHARMACY,3336C0003X|333600000X,tier_1_primary_pharmacy,Y,N,PUBLIX
1285936179,JENNIFER'S PHARMACY DISCOUNT CORP,425 SW 22ND AVE,E-1,MIAMI,FL,331353100,7864017158,OWNER,3336C0003X,tier_1_primary_pharmacy,Y,Y,
1154623023,"HOSPICE OF PALM BEACH COUNTY, INC.",300 NORTHPOINT PKWY STE 301,,WEST PALM BEACH,FL,334071979,5612422500,DIRECTOR OF PHARMACY SERVICES,3336H0001X|3336M0002X|3336L0003X|3336C0003X,tier_1_primary_pharmacy,Y,Y,
1275835019,"CLINICAL CARE PHARMACY, LLC",4765 W. 8TH AVENUE,SUITE 303,HIALEAH,FL,330123554,7864549852,CFO,333600000X|3336C0003X,tier_1_primary_pharmacy,Y,Y,
1386946044,"BETTER LIFE PHARMACY, INC.",6741 CORAL WAY,"STE 52, 53",MIAMI,FL,331551762,3052666277,PRESIDENT,333600000X,tier_1_primary_pharmacy,Y,Y,
1952603789,EASYCARE PHARMACY INC,210 S KINGS AVE,UNIT L,BRANDON,FL,335115705,8133813963,PHARMACY MANAGER,3336C0003X,tier_1_primary_pharmacy,Y,Y,
1497057103,TMRX VENTURES LLC,7649 TURKEY LAKE RD,,ORLANDO,FL,328195222,4079031544,PHCY MGR / OWNER,333600000X|3336C0004X|3336C0003X,tier_1_primary_pharmacy,Y,Y,
1073815783,"DLKA HOLDINGS, LLC",181 SABAL PALM DR STE 101,,LONGWOOD,FL,327792594,4076823211,MGRM,333600000X,tier_1_primary_pharmacy,Y,Y,
1154623726,AGHAPY INVESTMENTS LLC,1701 SE TIFFANY AVE STE 103,,PORT SAINT LUCIE,FL,349527576,7723371200,OWNER,333600000X|3336C0003X,tier_1_primary_pharmacy,Y,Y,
1922300565,JOSEPHS PHARMACY LLC,3130 N PACE BLVD,,PENSACOLA,FL,325055140,8503326998,PHARMACIST IN CHARGE,3336C0003X,tier_1_primary_pharmacy,Y,Y,
1871895433,VASO RPH SOLUTION INC,38008 NORTH AVE,,ZEPHYRHILLS,FL,335427468,8137807216,PHARMACY MANAGER,3336C0003X,tier_1_primary_pharmacy,Y,Y,
1982906442,COMMUNITY HEALTH OF SOUTH FLORIDA INC,2855 OVERSEAS HWY,,MARATHON,FL,330502239,3057434000,PRESIDENT/CEO,3336C0002X,tier_1_primary_pharmacy,Y,Y,
1699078055,TOPCARE PHARMACY LLC,430 COLLEGE DR STE 116,,MIDDLEBURG,FL,320688532,9043751591,OWNER,3336C0003X,tier_1_primary_pharmacy,Y,Y,
1265735518,BENZER FL 5 LLC,500 W GRANADA BLVD STE 4,,ORMOND BEACH,FL,321742304,3866720600,"PRESIDENT, AO",333600000X|3336C0003X,tier_1_primary_pharmacy,Y,Y,
1578866869,GOOD-SIGHT PHARMACY INC,5554 SW 8TH ST,,CORAL GABLES,FL,331342220,3056482520,PRESIDENT,3336C0003X,tier_1_primary_pharmacy,Y,Y,
1710280128,TRILLION ENTERPRISES INC,6613 49TH ST N,,PINELLAS PARK,FL,337815728,7276234887,CEO,3336C0003X,tier_1_primary_pharmacy,Y,Y,
1881997146,A PLUS PHARMACY LLC,5933 S CONGRESS AVE,,ATLANTIS,FL,334621303,5614322121,VICE PRESIDENT,3336C0003X,tier_1_primary_pharmacy,Y,Y,
1437452661,LILY & ROSY PHARMACY DISCOUNT CORP.,4254 W 12TH AVE,,HIALEAH,FL,330124108,3058269967,PRESIDENT,3336C0003X,tier_1_primary_pharmacy,Y,Y,
1790088805,YOUR FRIENDLY PHARMACY INC,458 W HILLSBORO BLVD,458 B,DEERFIELD BEACH,FL,334411604,9544205273,PRESIDENT/OWNER,3336C0003X,tier_1_primary_pharmacy,Y,Y,
1689977712,HILLTOP HEALTH INC,1158 5TH ST,,CLERMONT,FL,347113008,3523941333,PHARMACY MANAGER,3336C0003X,tier_1_primary_pharmacy,Y,Y,
1376846436,BEDB PHARMACIES LLC,2629 W OAKLAND PARK BLVD,,OAKLAND PARK,FL,333111355,9544851099,RX MGR,3336C0003X|3336C0004X|3336L0003X,tier_1_primary_pharmacy,Y,Y,
1871896951,DURA-MED SOUTHEAST INC,3877 HIGHWAY 4,,JAY,FL,325651754,8506752448,SUPERVISING PHARMACIST,3336C0003X,tier_1_primary_pharmacy,Y,Y,
1629371679,"PAPPY'S DRUGS, INC",889 E PRIMA VISTA BLVD,,PORT ST LUCIE,FL,349522342,7722338374,OWNER,3336C0003X,tier_1_primary_pharmacy,Y,Y,
1467755488,"SOUTHCARE PHARMACY, INC.",6450 38TH AVE N STE 110,,ST PETERSBURG,FL,337101649,7273443902,OWNER,3336L0003X|333600000X|3336C0003X,tier_1_primary_pharmacy,Y,Y,
1376846394,SUPER SAVER PHARMACY 4 LLC,1977 ALAFAYA TRL STE 1121,,OVIEDO,FL,327654522,4075932844,OWNER,333600000X|3336C0004X|3336M0002X|3336C0003X,tier_1_primary_pharmacy,Y,Y,
1457654345,PUBLIX SUPER MARKETS INC,2724 W HILLSBOROUGH AVE,,TAMPA,FL,336146053,8138720481,VP PHARMACY,333600000X|3336C0003X,tier_1_primary_pharmacy,Y,N,PUBLIX
1922301829,"PROGRESSIVE PHARMACY SOLUTIONS, INC.",29448 STATE ROAD 54,,WESLEY CHAPEL,FL,335434226,8139732782,PRESIDENT,3336C0003X,tier_1_primary_pharmacy,Y,Y,
1053614842,COMPLETE PAIN CARE,3650 FOREST HILL BLVD STE 3,,WEST PALM BEACH,FL,334065662,5613044133,CEO,3336C0002X,tier_1_primary_pharmacy,Y,Y,
1043513864,TREASURE ISLAND PHARMACY CARE INC,1630 79TH STREET CSWY,,NORTH BAY VILLAGE,FL,331414132,3058686144,PRESIDENT,3336C0003X,tier_1_primary_pharmacy,Y,Y,
1023311792,L & E PHARMACY CORP,11023 NW 27TH AVE,,MIAMI,FL,331673411,7865365217,PRESIDENT,3336C0003X,tier_1_primary_pharmacy,Y,Y,
1386947059,"AMP GROUP SERVICES, INC",215 SW 17TH AVE,SUITE # 210,MIAMI,FL,331353689,7863506325,PRESIDENT,3336C0003X,tier_1_primary_pharmacy,Y,Y,
1174826846,HARIGOPAL INC,21340 GERTRUDE AVE,,PORT CHARLOTTE,FL,339525018,9416257800,PRESIDENT,3336C0004X|3336S0011X|333600000X|3336C0003X,tier_1_primary_pharmacy,Y,Y,
1154624856,APOTHECARY PHARMACY LLC,4749 34TH ST S,,ST PETERSBURG,FL,337114507,7273298868,OWNER/PRESIDENT,333600000X|3336C0003X,tier_1_primary_pharmacy,Y,Y,
1780987412,"MOUNT SINAI MEDICAL CENTER OF FLORIDA, INC.",4310 ALTON RD,# 1451,MIAMI BEACH,FL,33140,3056742518,PHARMACY DIRECTOR,3336S0011X|3336C0003X,tier_1_primary_pharmacy,Y,Y,
1215230875,AADESH RX LLC,518 S 6TH AVE,,WAUCHULA,FL,338733211,8637743536,PHARMACIST,333600000X|3336C0004X|3336L0003X|3336S0011X|3336C0003X,tier_1_primary_pharmacy,Y,Y,
1710280458,BISHT LLC,301 N BREVARD AVE,STE E,ARCADIA,FL,342664501,8634917415,PRESIDENT,3336C0003X,tier_1_primary_pharmacy,Y,Y,
1831493428,LOLA PHARMACY CORP,23 SW 8TH AVE,,MIAMI,FL,331301213,3053251990,PRESIDENT,3336C0003X,tier_1_primary_pharmacy,Y,Y,
1811291412,MILLENIUM PHARMACY INC,836 W FLAGLER ST,,MIAMI,FL,331301222,7862265683,PRESIDENT,3336C0003X,tier_1_primary_pharmacy,Y,Y,
1346544954,"ADVANCED WHOLESALE PHARMCAY, INC",3614 W KENNEDY BLVD,STE C,TAMPA,FL,336092852,8133742065,CEO,333600000X,tier_1_primary_pharmacy,Y,Y,
1447554936,SIGMA PHARMACY,2721 SW 137TH AVE STE 102,,MIAMI,FL,331756355,3054829707,PHARMACY OWNER/ PRESIDENT,3336S0011X|3336L0003X,tier_1_primary_pharmacy,Y,Y,
1053615567,SCRIPT CHOICE PHARMACY LLC,1721 W FLETCHER AVE,,TAMPA,FL,336121820,8133749944,PHARMACIST IN CHARGE,3336C0003X,tier_1_primary_pharmacy,Y,Y,
1427352939,PREMIER FAMILY PHARMACY,159 N STATE RD 7,,PLANTATION,FL,33317,9545878282,PHARMACIST,333600000X,tier_1_primary_pharmacy,Y,Y,
1427352798,"RX 4 LESS, INC",932 W HALLANDALE BEACH BLVD,,HALLANDALE BEACH,FL,330095241,3052982400,OWNER,333600000X,tier_1_primary_pharmacy,Y,Y,
1417251786,FEDERAL DISCOUNT PHARMACY INC,229 S FEDERAL HWY,,POMPANO BEACH,FL,330625322,9545323943,PHARMACY MANAGER,3336C0003X,tier_1_primary_pharmacy,Y,Y,
1144524471,"F & J PHARMACY, INC",6477 STIRLING RD,,DAVIE,FL,333147126,9542941313,OWNER,3336C0003X,tier_1_primary_pharmacy,Y,Y,
1184928442,MIDTOWN MIAMI RX LLC,3800 N MIAMI AVE,STE A,MIAMI,FL,331272906,3056038965,OWNER,3336C0003X,tier_1_primary_pharmacy,Y,Y,
1699079756,BALAJI PHARMA LLC,162 N PARSONS AVE,,BRANDON,FL,33510,8136897700,OWNER,3336C0003X,tier_1_primary_pharmacy,Y,Y,
1881998938,JAI MARUTI RX LLC,9323 LEM TURNER RD,,JACKSONVILLE,FL,322082274,9042228490,PHARMACY MANAGER,333600000X|3336C0003X,tier_1_primary_pharmacy,Y,Y,
1568766228,SAR PHARMACY DISCOUNT INC,2089 SW 67TH AVE,,MIAMI,FL,331551835,3052636632,PRESIDENT,3336C0003X,tier_1_primary_pharmacy,Y,Y,
1699079319,MARSELA FARMACIA DISCOUNT INC.,3921 NW 7TH ST,,MIAMI,FL,331265504,3056443340,OWNER,333600000X,tier_1_primary_pharmacy,Y,Y,
1437454154,GOLDEN OWL PHARMACY & DISCOUNT CORP,1874 SW 57TH AVE,,MIAMI,FL,331552139,3052636646,PRESIDENT,3336C0003X,tier_1_primary_pharmacy,Y,Y,
1053616771,MY PHARMACY RX FL LLC,616 21ST ST,,VERO BEACH,FL,329600951,7725620000,OWNER/ MANAGER,3336C0003X,tier_1_primary_pharmacy,Y,Y,
1124323613,PHARMACY CHOICE INC,14583 SOUTHERN BLVD,,LOXAHATCHEE,FL,334709222,5617933300,PHARM.D.,333600000X|3336C0003X,tier_1_primary_pharmacy,Y,Y,
1154626513,BEST SOLUTION DRUG STORE INC,10920 W FLAGLER ST,207-208,MIAMI,FL,331741278,3052294051,PRESIDENT,3336C0003X,tier_1_primary_pharmacy,Y,Y,
1033414339,V & T PHARMACY INC,4040 W WATERS AVE STE 105,,TAMPA,FL,336148155,8134434732,PHARMACIST/OWNER,3336C0003X,tier_1_primary_pharmacy,Y,Y,
1811292808,OMA PHARMACY INC,2736 SW 137TH AVE,,MIAMI,FL,331756638,3054851720,PRESIDENT,3336C0003X,tier_1_primary_pharmacy,Y,Y,
1356646376,PHARMACY PLUS INC,7645 MERRILL RD STE 210,,JACKSONVILLE,FL,322776574,9044428822,PRESIDENT,3336C0003X,tier_1_primary_pharmacy,Y,Y,
1376848382,AMERIMED CHOICE LLC,7278 STATE ROAD 54,,NEW PORT RICHEY,FL,346536125,8137843085,PRESIDENT/OWNER,3336C0003X,tier_1_primary_pharmacy,Y,Y,
1447555453,"DIRECT PHARMACY SOURCE, INC",3540 NW 56TH ST STE 204,,FORT LAUDERDALE,FL,333092260,8773673479,CEO,3336C0003X,tier_1_primary_pharmacy,Y,Y,
1457656498,MEF PHARMACY CORP,10468 TAFT ST,,PEMBROKE PINES,FL,330262819,9544048025,OWNER,3336C0003X,tier_1_primary_pharmacy,Y,Y,
1447555396,ANANT LLC,16744 CAGAN CROSSINGS BLVD,SUITE 207 A,CLERMONT,FL,347144886,3529895913,OWNER,333600000X|3336C0003X,tier_1_primary_pharmacy,Y,Y,
1457656373,MY PHARMACY OF TAMPA LLC,7108 CAUSEWAY BLVD,,TAMPA,FL,336196364,8136284441,PHARMACY MANAGER,333600000X|3336S0011X|3336C0003X,tier_1_primary_pharmacy,Y,Y,
1639474489,PHYSICIAN CHOICE PHARMACY LLC,4529 N PINE ISLAND RD,,SUNRISE,FL,333515376,8883892014,"MANAGER, AO",3336C0003X|333600000X|3336M0002X,tier_1_primary_pharmacy,Y,Y,
1366747131,NEW ERA PHARMACEUTICALS LLC,16 NW 26TH AVE,,MIAMI,FL,331255106,3056425600,OWNER,333600000X,tier_1_primary_pharmacy,Y,Y,
1285939058,"BEACH PHARMACY, INC",1364 NE 163RD ST,,NORTH MIAMI BEACH,FL,331624623,3059452818,OWNER,333600000X,tier_1_primary_pharmacy,Y,Y,
1699070425,LINCOURT COMPOUNDING CENTER,501 S LINCOLN AVE,SUITE 23,CLEARWATER,FL,337565945,7274793046,PRESIDENT,3336C0004X,tier_1_primary_pharmacy,Y,Y,
1497051270,PUBLIX SUPER MARKETS INC,14851 STATE ROAD 52,,HUDSON,FL,346694061,7278560602,VP PHARMACY,333600000X|3336C0003X,tier_1_primary_pharmacy,Y,N,PUBLIX
1669778361,"BOCA DRUGS, INC",156 NW 20TH ST,,BOCA RATON,FL,334317949,5613958663,PRESIDENT,333600000X|3336S0011X|3336C0003X,tier_1_primary_pharmacy,Y,Y,
1376849083,PARKDALE PHARMACUTICALS CORP,6714 PINES BLVD,,PEMBROKE PINES,FL,330247544,9543326669,OWNER,333600000X,tier_1_primary_pharmacy,Y,Y,
1679879357,P Y PHARMACY DISCOUNT INC,1555 SW 8TH ST,,MIAMI,FL,331355218,7862291099,PRESIDENT/OWNER,333600000X,tier_1_primary_pharmacy,Y,Y,
1790081297,MIAMI BEACH COMMUNITY HEALTH CENTER PHARMACY INC,11645 BISCAYNE BLVD STE 102,,NORTH MIAMI,FL,331813138,3055388835,CHIEF EXECUTIVE OFFICER,333600000X|3336C0003X,tier_1_primary_pharmacy,Y,Y,
1508162017,VIP PHARMACY OF LAKE WORTH,3093 LAKE WORTH RD,,PALM SPRINGS,FL,334613631,5614339933,OWNER,333600000X,tier_1_primary_pharmacy,Y,Y,
1376849810,VIP PHARMACY INC,5669 NW 195TH DR,,MIAMI GARDENS,FL,330556112,3059611629,OWNER,3336C0003X,tier_1_primary_pharmacy,Y,Y,
1881990265,ST.MARY PHARMACY II,30606 US HIGHWAY 19 N,,PALM HARBOR,FL,346844414,7277739000,PHARMACIST,3336C0003X,tier_1_primary_pharmacy,Y,Y,
1336445659,CVH PHARMACY DISCOUNT INC,4811 NW 183RD ST,,MIAMI GARDENS,FL,330552955,3059745098,OWNER,3336C0003X,tier_1_primary_pharmacy,Y,Y,
1407152770,"ST. ANTHONY'S PHARMACY, LLC",6512 US HIGHWAY 19,,NEW PORT RICHEY,FL,346522236,7278487722,PRESIDENT,333600000X|3336C0003X,tier_1_primary_pharmacy,Y,Y,
1316243686,AADESH RX LLC,907 10TH ST E,,PALMETTO,FL,342214131,9414044121,PRESIDENT,3336C0004X|333600000X|3336L0003X|3336C0003X,tier_1_primary_pharmacy,Y,Y,
1174829352,"RX CARE OF TAMPA, LLC",2235 CENTRAL AVE STE A,,ST PETERSBURG,FL,337138844,8132496593,CHIEF EXECUTIVE OFFICER,3336C0003X|333600000X,tier_1_primary_pharmacy,Y,Y,
1891091914,BIRD ROAD PHARMACY,8428 SW 40TH ST,,MIAMI,FL,331553226,3055513040,OWNER,3336C0003X,tier_1_primary_pharmacy,Y,Y,
1205132362,G & E PHARMACY CORP,2666 SW 97 AVE,,MIAMI,FL,33165,7863337856,PRESIDENT,333600000X,tier_1_primary_pharmacy,Y,Y,
1982900981,WELLGISTICS PHARMACY LLC,354 EAGLES LANDING DR.,,LAKELAND,FL,33810,7278960001,CHIEF PHARMACY OFFICER/PIC,3336C0004X|3336S0011X|333600000X|3336C0003X,tier_1_primary_pharmacy,Y,Y,
1841596798,"BROWNING'S PHARMACY AND HEALTH CARE, INC.",141 E HIBISCUS BLVD,,MELBOURNE,FL,329013102,3217256320,PRESIDENT,333600000X,tier_1_primary_pharmacy,Y,Y,
1154628097,MIAMI EXECUTIVE PHARMACY INC,8950 SW 74TH CT STE 102,,MIAMI,FL,331563172,3056705253,PRESIDENT,3336C0004X|3336S0011X|333600000X|3336C0003X,tier_1_primary_pharmacy,Y,Y,
1407153398,PHARMA GROUP INC,6904 NE 3RD AVE,,MIAMI,FL,331385512,3057220585,PRESIDENT,333600000X,tier_1_primary_pharmacy,Y,Y,
1043517949,ISHAAN AND RIHAAN LLC,1300 E BAY DR STE E,,LARGO,FL,337711004,7277679550,MEMBER,3336C0003X|333600000X,tier_1_primary_pharmacy,Y,Y,
1215234075,"FITTE ENTERPRISES, INC.",29291 TRIBUNE BLVD,UNIT 2-3,PUNTA GORDA,FL,339552216,9415752407,OWNER,333600000X|3336C0003X,tier_1_primary_pharmacy,Y,Y,
1841597671,"BELEN PHARMACY GROUP, LLC",4201 PALM AVE,STE AA,HIALEAH,FL,330124424,3052003944,MANAGING MEMBER,3336C0003X,tier_1_primary_pharmacy,Y,Y,
1609173525,FORGHAB'S GLOBAL HEALTH CONSULTING LLC,5352 N HABANA AVE STE 1,,TAMPA,FL,336146838,8136446845,PRESIDENT,3336C0003X,tier_1_primary_pharmacy,Y,Y,
1992002612,PICENTI LLC,11147 COUNTY LINE RD,101,SPRING HILL,FL,346095619,7272443670,MANAGER,3336C0003X,tier_1_primary_pharmacy,Y,Y,
1578860276,21 PHARMACY INC,6105 SW 8TH ST,,WEST MIAMI,FL,331445004,3052612220,PRESIDENT / OWNER,333600000X,tier_1_primary_pharmacy,Y,Y,
1609173376,KAR PHARMACY INC,3855 SW 137TH AVE,UNIT 6,MIAMI,FL,331758820,3052284795,PRESIDENT,3336C0003X,tier_1_primary_pharmacy,Y,Y,
1598062150,LIBERTY PHARMACY,3469 W BOYNTON BEACH BLVD,,BOYNTON BEACH,FL,334364611,5616493130,OWNER,3336C0003X,tier_1_primary_pharmacy,Y,Y,
1619274131,PINES PHARMACY INC,8930 TAFT ST,,PEMBROKE PINES,FL,330244675,9545349166,V.P,333600000X,tier_1_primary_pharmacy,Y,Y,
1740587120,MEDILOT INC,4127 MARINER BLVD,,SPRING HILL,FL,346092469,3528357937,PHARMACY MANGER,3336C0003X,tier_1_primary_pharmacy,Y,Y,
1033416433,EXCELLENT PHARMACY & DISCOUNT,11400 W FLAGLER ST,109-110,MIAMI,FL,331744007,3054561465,PRESIDENT,3336C0003X,tier_1_primary_pharmacy,Y,Y,
1811294234,AZOF ENTERPRISES INC,1936 SE PORT ST LUCIE BLVD,,PORT ST LUCIE,FL,349525509,7724469284,PHARMACY MANAGER,333600000X|3336C0003X,tier_1_primary_pharmacy,Y,Y,
1578860961,PUBLIX SUPER MARKETS INC,15000 MIAMI LAKES DR E,,MIAMI LAKES,FL,330142700,3058180235,VP PHARMACY,3336C0003X|333600000X,tier_1_primary_pharmacy,Y,N,PUBLIX
1013214402,PUBLIX SUPER MARKETS INC,3275 GARDEN ST,,TITUSVILLE,FL,327963004,3212671233,VP PHARMACY,333600000X|3336C0003X,tier_1_primary_pharmacy,Y,N,PUBLIX
1477850840,HEALTH STAR PHARMACY DISCOUNT SUPPLY CORP,11264 SW 137TH AVE,,MIAMI,FL,331864203,3053822255,PRESIDENT,333600000X,tier_1_primary_pharmacy,Y,Y,
1649577685,ABLE-BODY INC,2828 S SEACREST BLVD,STE 212,BOYNTON BEACH,FL,334357944,5617374947,CEO/OWNER,3336C0003X,tier_1_primary_pharmacy,Y,Y,
1174821185,GULF SHORE APOTHECARY LLC,1400 GULF SHORE BLVD N,SUITE 100,NAPLES,FL,341024968,2392622222,PRES,3336C0003X,tier_1_primary_pharmacy,Y,Y,
1407154347,EGLE ENTERPRISES INC,6055 SAINT AUGUSTINE RD,,JACKSONVILLE,FL,322172104,9047398101,OWNER,3336C0003X,tier_1_primary_pharmacy,Y,Y,
1396043261,SAINT CLOUD PHARMACY AND WELLNESS CENTER INC,2801 13TH ST,,SAINT CLOUD,FL,347694134,4075932959,PHARMACIST,333600000X,tier_1_primary_pharmacy,Y,Y,
1508164351,SHIVAJI GROUP INC,5875 SAN JUAN AVE SUIT # C,,JACKSONVILLE,FL,32210,9047863005,OWNER,3336C0003X,tier_1_primary_pharmacy,Y,Y,
1487952289,PRONTO PHARMACY GROUP CORP,6765 W FLAGLER ST,,MIAMI,FL,331442923,3054567130,PRESIDENT,3336L0003X|3336C0003X,tier_1_primary_pharmacy,Y,Y,
1134427727,"US HEALTHLINK, LLC",1516 E HILLCREST ST,SUITE 301,ORLANDO,FL,328034720,4074404945,"BILLING, COMPLIANCE",3336C0003X,tier_1_primary_pharmacy,Y,Y,
1518265008,MPS RX FLORIDA LLC,11824 MIRAMAR PKWY,BUILDING 9,MIRAMAR,FL,330255800,7249402490,VP BUSINESS SYSTEMS SUPPORT,3336L0003X,tier_1_primary_pharmacy,Y,Y,
1275831711,WEST GENERAL INC,752 W FLAGLER ST,STE-104,MIAMI,FL,331301248,3054032841,PRESIDENT,3336C0003X,tier_1_primary_pharmacy,Y,Y,
1497053920,ANP GROUP LLC,5335 MAIN ST,,NEW PORT RICHEY,FL,346522510,7278458000,MANAGER/OWNER,333600000X,tier_1_primary_pharmacy,Y,Y,
1053619478,ANGELIZ PHARMACY DISCOUNT INC,5496 W 16TH AVE,,HIALEAH,FL,330122105,3058193660,PRESIDENT,333600000X,tier_1_primary_pharmacy,Y,Y,
1467750679,"BALANCED SOLUTIONS COMPOUNDING PHARMACY, LLC.",550 TECHNOLOGY PARK,SUITE 1008,LAKE MARY,FL,327467131,4079362999,BSD GENERAL MANAGER,3336C0004X|3336C0003X,tier_1_primary_pharmacy,Y,Y,
1578861795,AMERICAN PHARMACY INC,1432 E 4TH AVE,,HIALEAH,FL,330103528,3056037791,OWNER,3336C0003X,tier_1_primary_pharmacy,Y,Y,
1265730345,MIDTOWN APOTHECARY INC.,2136 W MLK BLVD STE A,,TAMPA,FL,336076512,8135270765,OWNER,3336C0002X|3336C0003X,tier_1_primary_pharmacy,Y,Y,
1992003099,TREASURE COAST COMMUNITY HEALTH INC,12196 COUNTY ROAD 512,,FELLSMERE,FL,329485463,7722578224,CEO,333600000X|3336C0002X,tier_1_primary_pharmacy,Y,Y,
1841599867,NEWTECH PHARMACY LLC,2350 W 84TH ST,BAY 15,HIALEAH,FL,330165575,3054776507,PRESIDENT,333600000X,tier_1_primary_pharmacy,Y,Y,
1598064610,ONE FAMILY PHARMACY INC,2422 SW 8TH ST,,MIAMI,FL,331353004,7863342631,PRESIDENT,333600000X,tier_1_primary_pharmacy,Y,Y,
1447559562,MILLENNIUM RX INC,2955 SW 8TH ST,SUITE 103-104,MIAMI,FL,331352862,3056420051,PRESIDENT,333600000X,tier_1_primary_pharmacy,Y,Y,
1427357540,MED SOLUTION PHARMACY DISCOUNT AND EQUIPMENT CORP,10694 SW 24TH ST,,MIAMI,FL,331657917,3054915317,PRESIDENT,333600000X,tier_1_primary_pharmacy,Y,Y,
1497054514,JAR PHARMACY & DISCOUNT CORP,4800 W FLAGLER ST STE 105,,CORAL GABLES,FL,331341464,3056038396,PRESIDENT,3336C0003X,tier_1_primary_pharmacy,Y,Y,
1336448182,ALDER PHARMACY LLC,729 NE 79TH ST,,MIAMI,FL,331384711,3059991469,PHARMACIST/PDM,3336M0002X|3336C0004X|3336L0003X|3336H0001X|3336S0011X|333600000X|3336C0003X,tier_1_primary_pharmacy,Y,Y,
1841599644,WEST LAKE PHARMACY INC,2544 SIMPSON RD,,KISSIMMEE,FL,347444637,4073444555,MANAGER,333600000X|3336C0003X,tier_1_primary_pharmacy,Y,Y,
1063711760,QUES SOLUTIONS INC,7795 W FLAGLER ST STE 42,MALL OF THE AMERICAS,MIAMI,FL,331442367,3052673333,PRESIDENT/PHARMACIST,3336C0003X,tier_1_primary_pharmacy,Y,Y,
1134428824,RELIANT PHARMACY LLC,10507 SPRING HILL DR,,SPRING HILL,FL,346085047,3525961044,OWNER,3336C0004X|3336L0003X|333600000X|3336C0003X,tier_1_primary_pharmacy,Y,Y,
1851690440,CAPSULE PHARMACY CORP,2219 W HILLSBORO BLVD,,DEERFIELD BEACH,FL,334421108,9542465300,PD,333600000X,tier_1_primary_pharmacy,Y,Y,
1871892349,ELJ PHARMACY INC,2745 W HILLSBORO BLVD,STE 6,DEERFIELD BEACH,FL,334428491,9544183100,PD,333600000X,tier_1_primary_pharmacy,Y,Y,
1881993483,WP GROUP INC,5909 SE ABSHIER BLVD,,BELLEVIEW,FL,344204025,3522453961,OWNER,3336C0003X,tier_1_primary_pharmacy,Y,Y,
1942509401,SOUTH WALTON PHARMACY LLC,2050 W COUNTY HIGHWAY 30A UNIT M1-106,,SANTA ROSA BEACH,FL,324590187,8506223313,PRESIDENT/DIRECTOR,3336C0003X|3336H0001X|3336S0011X,tier_1_primary_pharmacy,Y,Y,
1821397241,AD PHARMACY INC.,3253 NW 7TH ST,,MIAMI,FL,331254139,3055410070,PRESIDENT,3336C0003X,tier_1_primary_pharmacy,Y,Y,
1245539642,WEST OKEECHOBEE PHARMACY INC,1514 W OKEECHOBEE RD,,HIALEAH,FL,33013,7864028991,PRESIDENT,333600000X,tier_1_primary_pharmacy,Y,Y,
1780983106,EXPRESS PLUS PHARMACY,2950 SW 27TH AVE STE 300,,MIAMI,FL,331333765,9545890790,MANAGING MEMBER,333600000X|3336C0003X,tier_1_primary_pharmacy,Y,Y,
1194024406,SUNSET PHARMACY LLC,4224 CLEVELAND AVE STE 5,,FORT MYERS,FL,339019051,2392256337,PHARMACIST,333600000X|3336C0003X,tier_1_primary_pharmacy,Y,Y,
1154620466,MARAZUL PHARMACY INC,2140 W FLAGLER ST STE 102,,MIAMI,FL,331351641,7865587010,PRESIDENT,3336C0003X,tier_1_primary_pharmacy,Y,Y,
1891084059,D-CROWNED QUEEN PHARMACY INC,456 NE 79TH ST,,MIAMI,FL,331384521,3059678224,OWNER,333600000X|3336C0003X,tier_1_primary_pharmacy,Y,Y,
1437458668,STARX PHARMACY INC,511 MEDICAL PLAZA DR,,LEESBURG,FL,347487326,3527286808,OWNER,3336C0002X,tier_1_primary_pharmacy,Y,Y,
1891084075,METRO RX LLC,4809 E COLONIAL DR,,ORLANDO,FL,328034307,4076684945,MEMBER/MANAGER,3336C0004X|3336C0003X,tier_1_primary_pharmacy,Y,Y,
1437448651,NAVAZA PHARMACY CORP,2901 SW 8TH ST STE 107,,MIAMI,FL,331352849,7865588533,PRESIDENT,333600000X,tier_1_primary_pharmacy,Y,Y,
1710276803,JALVAREZ PHARMACY INC,483 NW 42ND AVE,,MIAMI,FL,331265682,3052653755,CEO,3336C0003X,tier_1_primary_pharmacy,Y,Y,
1144519950,J.C PHARMACY AND DISCOUNT,14554 SW 8TH ST,,MIAMI,FL,331843132,3052076011,PRESIDENT,3336C0003X,tier_1_primary_pharmacy,Y,Y,
1194014993,TWT CONSULTING INC,37923 HEATHER PL,,DADE CITY,FL,335255420,3524375346,OWNER/MANAGER,333600000X|3336C0004X|3336C0003X,tier_1_primary_pharmacy,Y,Y,
1003105859,NARANJA DISCOUNT PHARMACY LLC,26799 S DIXIE HWY,,NARANJA,FL,330327403,3052570081,MANAGER,333600000X|3336C0003X,tier_1_primary_pharmacy,Y,Y,
1194014969,A1A PHARMACY INC,3965 N FEDERAL HWY,,POMPANO BEACH,FL,330646042,9549464450,PD,333600000X,tier_1_primary_pharmacy,Y,Y,
1881983591,PUBLIX SUPER MARKETS INC,214 N DIXIE HWY,,LAKE WORTH,FL,334603362,5614939577,VP PHARMACY,333600000X|3336C0003X,tier_1_primary_pharmacy,Y,N,PUBLIX
1215226774,BHAVE ENTERPRISE INC,9309 SE MARICAMP RD,,OCALA,FL,344722343,3526809500,OWNER,333600000X|3336L0003X|3336C0003X,tier_1_primary_pharmacy,Y,Y,
1164711412,R&D PHARMACY INC,7105 SW 8TH ST,STE 403,MIAMI,FL,331444664,3055088894,PRESIDENT,3336C0003X,tier_1_primary_pharmacy,Y,Y,
1396034633,AC GROUP SERVICES INC,1701 W FLAGLER ST STE 221,,MIAMI,FL,331352018,3057552361,PRESIDENT,3336C0003X,tier_1_primary_pharmacy,Y,Y,
1740579044,"EP MEDICAL EQUIPMENT, INC.",6440 SW 117TH AVE,2ND FLOOR,MIAMI,FL,331832822,3056309308,PRESIDENT,3336L0003X,tier_1_primary_pharmacy,Y,Y,
1073802377,SCRIPTS PHARMACY LLC,4910 34TH ST S,,SAINT PETERSBURG,FL,337114512,7278674466,PHARMACIST,3336C0003X,tier_1_primary_pharmacy,Y,Y,
1255620589,"RX TO YOU PHARMACY, INC.",3202 SE FEDERAL HWY,,STUART,FL,349974919,8558797928,PRESIDENT,3336C0003X,tier_1_primary_pharmacy,Y,Y,
1972893956,NATIONWIDE PHARMASSIST OF FLORIDA INC,1011 SW 30TH AVE,,DEERFIELD BEACH,FL,334428104,3053978160,MANAGER,333600000X|3336C0003X,tier_1_primary_pharmacy,Y,Y,
1790075612,RX INTERNATIONAL PHARMACY LLC,8380 SW 40TH ST,,MIAMI,FL,331553337,3052211421,MANAGER,3336C0003X,tier_1_primary_pharmacy,Y,Y,
1730479536,WELCOME PHARMACY CO,9825-36 SAN JOSE BLVD,,JACKSONVILLE,FL,32257,9042880030,PHARMACIST,3336C0003X,tier_1_primary_pharmacy,Y,Y,
1023308905,ROYAL PHARMACY AND DISCOUNT,9961 SW 142ND AVE,,MIAMI,FL,331866844,7863133878,VICE PRESIDENT/OWNER,333600000X|3336C0003X,tier_1_primary_pharmacy,Y,Y,
1093005753,EMPIRE SPECIALTY PHARMACY LLC,378 N BABCOCK ST,,MELBOURNE,FL,329357344,3215495005,PRESIDENT,333600000X|3336C0004X|3336S0011X|3336C0003X,tier_1_primary_pharmacy,Y,Y,
1962792531,BAYFRONT HMA MEDICAL CENTER PHARMACY,701 6TH ST. S.,,ST PETERSBURG,FL,337014891,7278936132,DIRECTOR OF PHARMACY,3336C0003X,tier_1_primary_pharmacy,Y,Y,
1518257112,RX CHOICES PHARMACEUTICAL INC,3336 S DALE MABRY HWY,,TAMPA,FL,336297840,8135551212,PIC/CEO,333600000X,tier_1_primary_pharmacy,Y,Y,
1528358116,ORLANDO HEALTH INC,92 W MILLER ST # MP374,,ORLANDO,FL,328062032,3218411648,"CORPORATE MANAGER, RETAIL PHARMACY",3336C0004X|333600000X|3336C0003X,tier_1_primary_pharmacy,Y,Y,
1609166198,ALL WELL PHARMACY INC,5452 BLANDING BLVD,,JACKSONVILLE,FL,322441957,9047796990,PRESIDENT,3336L0003X|3336C0003X,tier_1_primary_pharmacy,Y,Y,
1770873135,ONE SOURCE PHARMACY OF BRADENTON,3501 CORTEZ RD W,UNIT 901B,BRADENTON,FL,34210,8774908987,OWNER/MGR,3336C0003X,tier_1_primary_pharmacy,Y,Y,
1104116573,FLORIDA DEPARTMENT OF HEALTH IN MIAMI-DADE COUNTY,2515 W FLAGLER STREET,102-A,MIAMI,FL,33135,3056437400,PHARMACIST MANAGER,3336S0011X|3336C0003X,tier_1_primary_pharmacy,Y,Y,
1942591177,D'LEON PHARMACY DISCOUNT,1944 NW 17TH AVE,SUITE B,MIAMI,FL,331251546,3054242074,PRESIDENT,333600000X,tier_1_primary_pharmacy,Y,Y,
1891086765,"PREMIER MEDICAL ASSOCIATES OF FLORIDA HEALTHCARE, PA",1580 SANTA BARBARA BLVD,,THE VILLAGES,FL,321596827,3522592159,COO,3336C0003X,tier_1_primary_pharmacy,Y,Y,
1932490695,PET MEDS AND BEYOND,2501 W 80TH ST UNIT 7,,HIALEAH,FL,330162719,7862288537,PRESIDENT,3336C0003X|3336M0002X,tier_1_primary_pharmacy,Y,Y,
1629369343,"M I PHARMACY & DISCOUNT, INC",14554 SW 8TH ST,,MIAMI,FL,331843132,3055594800,PRESIDENT,3336C0003X,tier_1_primary_pharmacy,Y,Y,
1053602664,QS HEALTH,1900 N BAYSHORE DR APT 3403,,MIAMI,FL,331323018,7862453583,MR,3336C0002X|3336C0003X|3336M0002X,tier_2_secondary_pharmacy,N,Y,
1891086393,PLANTATION GENERAL HOSPITAL L P,3663 S MIAMI AVE,,MIAMI,FL,331334253,3052852762,CFO,333600000X|3336C0003X,tier_1_primary_pharmacy,Y,Y,
1205128774,ST JUDE PHARMACY & DISCOUNT INC,4822 NW 167TH ST,,MIAMI LAKES,FL,330146426,3056213448,PRESIDENT,333600000X|3336C0004X|3336C0003X,tier_1_primary_pharmacy,Y,Y,
1528350980,A&A MED SOLUTIONS LLC,7938 PINES BLVD,,PEMBROKE PINES,FL,330246908,9549875230,PHARMACY MANAGER/PRESIDENT,3336C0004X|333600000X|3336C0003X,tier_1_primary_pharmacy,Y,Y,
1013209295,"PHARMALIFE #2, INC.",4443 NW 2 AVENUE,,MIAMI,FL,33127,3055729210,OWNER,3336C0003X,tier_1_primary_pharmacy,Y,Y,
1831481027,"SMP PHARMACY SOLUTIONS, LLC",7500 NW 26TH ST STE 101,,MIAMI,FL,331221414,3057409696,QUALITY AND PROJECT MANAGER,3336H0001X|3336C0003X,tier_1_primary_pharmacy,Y,Y,
1992097836,BETTY PHARMACY INC,2500 NW 79TH AVE,SUITE 241,DORAL,FL,331221073,7862221234,PRESIDENT,333600000X,tier_1_primary_pharmacy,Y,Y,
1154613826,ONE FAMILY PHARMACY INC,2422 SW 8TH ST,,MIAMI,FL,331353004,3056427500,PRESIDENT,3336C0003X,tier_1_primary_pharmacy,Y,Y,
1063705606,COMPLETE PHARMACY & DISCOUNT,7951 SW 40TH ST,,MIAMI,FL,331556752,3052647800,PRESIDENT,3336C0003X,tier_1_primary_pharmacy,Y,Y,
1548552177,PUBLIX SUPER MARKETS INC,2430 US HIGHWAY 27,,CLERMONT,FL,347149117,3522438845,VP PHARMACY,333600000X|3336C0003X,tier_1_primary_pharmacy,Y,N,PUBLIX
1740573328,PRESTIGERX PHARMACY LLC,7200 NORMANDY BLVD,SUITE 4,JACKSONVILLE,FL,322056287,9043866785,PHARMACY MANAGER,3336C0003X,tier_1_primary_pharmacy,Y,Y,
1972896314,VETERANS PHARMACY INC,11434 N 53RD ST,,TEMPLE TERRACE,FL,336172216,8139646881,MANAGER,333600000X|3336C0003X,tier_1_primary_pharmacy,Y,Y,
1396038501,KISKEYA INVESTMENT GROUP LLC,1203 E SUNRISE BLVD,,FORT LAUDERDALE,FL,333042810,9547666007,PIC,3336C0003X,tier_1_primary_pharmacy,Y,Y,
1437442530,"LA MILAGROSA PHARMACY & DISCOUNT, LLC",1690 NW 19TH TER,,MIAMI,FL,331251593,7869537156,PRESIDENT,333600000X|3336C0003X,tier_1_primary_pharmacy,Y,Y,
1225321193,"PRESIDENTE PHARMACY & DISCOUNT, INC",10845 SW 40TH ST,,MIAMI,FL,331654410,3054858888,PRESIDENT,333600000X|3336C0003X,tier_1_primary_pharmacy,Y,Y,
1760775415,FIRST PHARMACY CORP,551 E 49TH ST STE 16,,HIALEAH,FL,330131911,3056814090,PRESIDENT,333600000X|3336C0003X,tier_1_primary_pharmacy,Y,Y,
1437443066,BABASA INC,11373 SW 211TH ST STE 9,,MIAMI,FL,331892246,3052545622,OWNER,333600000X|3336C0003X,tier_1_primary_pharmacy,Y,Y,
1770877102,BONANZA PHARMACY,2350 W 60TH ST,SUIT #5,HIALEAH,FL,330164482,3058280348,OWNER,3336C0003X,tier_1_primary_pharmacy,Y,Y,
1447544911,FLORIDA COAST PHARMACY,4015 E HILLSBOROUGH AVENUE,,TAMPA,FL,33610,8139881300,OWNER,333600000X,tier_1_primary_pharmacy,Y,Y,
1134413560,RADIANCE ENTERPRISES INC,417 N WEST ST,,BUSHNELL,FL,335136021,3525695800,PHARMACY MANAGER,333600000X|3336C0003X,tier_1_primary_pharmacy,Y,Y,
1528352986,ANA MARIA CASTILLO RPH PA,1303 SE 47TH TER,,CAPE CORAL,FL,339049674,2395429600,OWNER/RPH,333600000X|3336C0003X,tier_1_primary_pharmacy,Y,Y,
1215221593,MARTNICKS PHARMACY & DISCOUNT SERVICES INC.,1107 E HALLANDALE BEACH BLVD STE A,,HALLANDALE BEACH,FL,330094431,9545304698,PRESIDENT,3336L0003X|3336C0003X,tier_1_primary_pharmacy,Y,Y,
1225322324,IMA PHARMACY CAPE CORAL,1528 DEL PRADO BLVD S,,CAPE CORAL,FL,339903798,2399313440,OWNER,333600000X,tier_1_primary_pharmacy,Y,Y,
1932493079,"APEX MEDICAL SUPLLIES, INC.",7209 CORAL WAY,,MIAMI,FL,331551401,3052648070,CEO/PRESIDENT,3336C0003X,tier_1_primary_pharmacy,Y,Y,
1790079853,PUBLIX SUPER MARKETS INC,106 PONCE DE LEON BLVD,,MIAMI,FL,331351034,3054426455,VP PHARMACY,333600000X|3336C0003X,tier_1_primary_pharmacy,Y,N,PUBLIX
1063706950,GOLDENWAY PHARMACY DISCOUNT,6350 SW 40TH ST,,MIAMI,FL,331554826,3056692976,OWNER/PRESIDENT,333600000X|3336C0003X,tier_1_primary_pharmacy,Y,Y,
1306131156,ADVANCED SPECIALTY PHARMACY OF TAMPA,2901 W BUSH BLVD,SUITE 104,TAMPA,FL,33618,8139318700,VICE PRESIDENT,3336N0007X,tier_1_primary_pharmacy,Y,Y,
1063707818,FLORIDA COAST PHARMACY,9006 N 40TH ST,,TAMPA,FL,336042428,3174418614,OWNER,3336C0003X,tier_1_primary_pharmacy,Y,Y,
1912292715,"TOWN AND COUNTRY PHARMACY, LLC",997 UNIVERSITY BLVD N,,JACKSONVILLE,FL,322115529,9047440104,PHARMACIST,3336C0003X,tier_1_primary_pharmacy,Y,Y,
1386939072,YOUTH PHARMACY INC,10788 SW 24TH ST,,MIAMI,FL,331652499,3052202848,PRESIDENT,3336C0003X,tier_1_primary_pharmacy,Y,Y,
1134414824,NEIGHBORS PHARMACY INC,26059 S DIXIE HWY,,NARANJA,FL,330326613,3052583599,PRESIDENT,333600000X,tier_1_primary_pharmacy,Y,Y,
1336434984,ZZS PHARMACY,489 HIALEAH DR STE 6,,HIALEAH,FL,330105320,7867099201,PRESIDENT,3336C0003X,tier_1_primary_pharmacy,Y,Y,
1942595541,EASY GO PHARMACY INC,2406 SW 137TH AVE,,MIAMI,FL,331756311,3052212448,PRESIDENT,333600000X|3336C0003X,tier_1_primary_pharmacy,Y,Y,
1790070217,GENERIC USA PHAMRACY INC,6401 N UNIVERSITY DR,,TAMARAC,FL,333214048,9542006011,PRESIDENT,333600000X|3336C0003X,tier_1_primary_pharmacy,Y,Y,
1770878290,MIDTOWN DISCOUNT PHARMACY INC,4506 NW 2ND AVE,,MIAMI,FL,331272610,3054563720,OWNER,3336C0003X,tier_1_primary_pharmacy,Y,Y,
1912292244,TINUMALA PHARMACY P C,4543 PLEASANT HILL RD,STE D & E,KISSIMMEE,FL,347593403,4073434434,PRESIDENT,333600000X|3336C0003X,tier_1_primary_pharmacy,Y,Y,
1801181052,MED EXPRESS DISCOUNT INC,385 E 8TH ST,,HIALEAH,FL,330104419,3058886205,OWNER,333600000X|3336C0003X,tier_1_primary_pharmacy,Y,Y,
1558656678,"SCRIPTS DIRECT, LLC",8313 W. HILLSBOROUGH AVE.,# 260,TAMPA,FL,33615,8138681999,MANAGER,3336C0003X,tier_1_primary_pharmacy,Y,Y,
1376838409,WEST OKEECHOBEE PHARMACY INC,1535 W OKEECHOBEE RD,,HIALEAH,FL,330102833,7865589150,PRESIDENT,333600000X,tier_1_primary_pharmacy,Y,Y,
1033404173,YANISA PHARMACY INC,11200 W FLAGLER ST,SUITE 213,MIAMI,FL,331744210,3055545210,PRESIDENT,333600000X,tier_1_primary_pharmacy,Y,Y,
1437444379,SHUTTLE PHARMACY DISCOUNT INC,243 N FLAGLER AVE,,HOMESTEAD,FL,330306130,3055068462,PRESIDENT-OWNER,3336C0003X,tier_1_primary_pharmacy,Y,Y,
1588950414,"DLKA HOLDINGS, LLC",1361 E OSCEOLA PKWY,,KISSIMMEE,FL,347441605,4072888836,XXXXXXXXXXXXXXXX,333600000X|3336S0011X|3336C0003X,tier_1_primary_pharmacy,Y,Y,
1780970673,CARL D ACQUAVIVA,1555 PORT MALABAR BLVD NE STE 102B,,PALM BAY,FL,329055407,3217257188,PHARMACY DEPT MANAGER,333600000X|3336L0003X,tier_1_primary_pharmacy,Y,Y,
1710272646,HEALTHY MEDS PHARMACY CORP,730 W HALLANDALE BEACH BLVD STE 105,,HALLANDALE BEACH,FL,330095300,9544046556,OWNER,333600000X|3336C0003X,tier_1_primary_pharmacy,Y,Y,
1366738916,INDIAN STAR PHARM INC.,9500 NW 79 AV BAY4,,HIALEAH GARDENS,FL,33016,7865066084,PRESIDENT,3336C0003X,tier_1_primary_pharmacy,Y,Y,
1306132998,CAPITAL DRUGS INC,1065 SW 27TH AVE,,MIAMI,FL,331354614,3053645295,PRESIDENT,333600000X,tier_1_primary_pharmacy,Y,Y,
1104112671,WINNERS PHARMACY INC.,17050 N US HIGHWAY 301 STE 5,,CITRA,FL,321132515,3525951110,DIRECTOR/PHARMACIST,3336C0003X,tier_1_primary_pharmacy,Y,Y,
1558657718,AMICITIA PHARMA LLC,4105 49TH ST N STE B,,ST PETERSBURG,FL,337095711,7279548877,PHARMACY MANAGER,333600000X|3336C0003X,tier_1_primary_pharmacy,Y,Y,
1326334350,TARGET,1890 NE PINE ISLAND RD,,CAPE CORAL,FL,339091733,2398292640,PHARMACIST,333600000X,tier_1_primary_pharmacy,Y,N,TARGET
1154618098,PHARMACY SOLUTION CORP,15652 SW 72ND ST,,MIAMI,FL,331931921,3053868442,OWNER/PRESIDENT,333600000X|3336C0003X,tier_1_primary_pharmacy,Y,Y,
1083901938,NORTHWEST MEDICAL PHARMACY LLC,2089 SW 67TH AVE,SUITE B,MIAMI,FL,331551835,3056376776,MGRM,333600000X,tier_1_primary_pharmacy,Y,Y,
1760779615,MED EXPRESS RX,1717 SHEPHERD RD,,LAKELAND,FL,338112179,8133612571,PHARMACY MANAGER,3336C0003X,tier_1_primary_pharmacy,Y,Y,
1770870628,LEGACY PARK DISCOUNT PHARMACY,10967 LAKE UNDERHILL RD,,ORLANDO,FL,328254457,4077307989,MANAGING MEMBER,3336C0003X,tier_1_primary_pharmacy,Y,Y,
1033406954,JAIMY PHARMACY INC,5080 E 4TH AVE,,HIALEAH,FL,330131545,7864311870,PRESIDENT,333600000X,tier_1_primary_pharmacy,Y,Y,
1255628095,INTERNAL MEDICINE ASSOCIATES OF LEE COUNTY PHARMACY GROUP,13813 METRO PKWY,,FORT MYERS,FL,339124343,2399381725,CONTROLLER,3336C0002X|3336C0003X|333600000X,tier_1_primary_pharmacy,Y,Y,
1659668275,LAKELAND DISCOUNT PHARMACY,1755 E EDGEWOOD DR,,LAKELAND,FL,338033411,8639379715,PHARMACY MANAGER,3336C0003X,tier_1_primary_pharmacy,Y,Y,
1073800579,TITUSVILLE PHARMACY LLC,2175 CHENEY HWY STE B,,TITUSVILLE,FL,327806792,3212680911,OWNER,333600000X|3336C0004X|3336C0003X,tier_1_primary_pharmacy,Y,Y,
1962799304,"PHARMA, LLC",3023 US HIGHWAY 27 N,,SEBRING,FL,338701630,8634710007,OWNER,3336C0004X|3336C0003X,tier_1_primary_pharmacy,Y,Y,
1306133517,TMRX VENTURES,10727 NARCOOSSEE RD STE B6,,ORLANDO,FL,328326943,4079031544,OFFICE MANAGER,3336C0004X|3336C0003X,tier_1_primary_pharmacy,Y,Y,
1942598974,HAMID DINO MOHEBBI,169 NW 36TH ST,,MIAMI,FL,331273107,3055761706,PHARMACIST,3336S0011X|333600000X|3336C0003X,tier_1_primary_pharmacy,Y,N,HEB
1932497013,"ARRIVA MEDICAL, LLC",4252 NW 120TH AVE,,CORAL SPRINGS,FL,33065,8007004442,PRESIDENT,3336C0003X,tier_1_primary_pharmacy,Y,Y,
1548558463,CBA PHARMACY INC,13801 BRUCE B DOWNS BLVD STE 103&102,,TAMPA,FL,336133946,8139335830,PHARMACY MANAGER,3336C0003X,tier_1_primary_pharmacy,Y,Y,
1275821134,TIRUMALA PHARMACY INC,4106 W LAKE MARY BLVD STE 130,,LAKE MARY,FL,327463383,4078787615,DIRECTOR/PHARMACY MANAGER,3336C0004X|3336S0011X|3336C0003X,tier_1_primary_pharmacy,Y,Y,
1295023059,PRIME MEDICAL SUPPLIES INC,600 N CONGRESS AVE STE 130,,DELRAY BEACH,FL,334453433,5615880707,OWNER,3336C0003X,tier_1_primary_pharmacy,Y,Y,
1003104779,MAA BHAWANI INC,5691 S SUNCOAST BLVD,,HOMOSASSA,FL,344462605,3526280096,OWNER/PRESIDENT,333600000X|3336C0004X|3336C0003X,tier_1_primary_pharmacy,Y,Y,
1144518770,READY SCRIPTS INC,9783 SW 72ND ST,,MIAMI,FL,331734615,3052744231,PRESIDENT,333600000X,tier_1_primary_pharmacy,Y,Y,
1306134952,URBAN SPECIALTY PHARMACY LLC,1617 34TH ST S STE A,,ST PETERSBURG,FL,337112855,7273279881,OWNER,333600000X|3336S0011X|3336C0003X,tier_1_primary_pharmacy,Y,Y,
1063700631,KAMILA PHARMACY DISCOUNT CORP,5989 SW 8TH ST,,WEST MIAMI,FL,331445037,3053920816,PRESIDENT,3336C0003X,tier_1_primary_pharmacy,Y,Y,
1588952030,PHARMACY 4U INC,1026 MANN ST,,KISSIMMEE,FL,347414121,4072795160,PHARMACY MANAGER,3336C0003X,tier_1_primary_pharmacy,Y,Y,
1316225139,PUBLIX SUPER MARKETS INC,3251 E 2ND AVE,,HIALEAH,FL,330133285,3058883364,VP PHARMACY,333600000X|3336C0003X,tier_1_primary_pharmacy,Y,N,PUBLIX
1841578556,"THE SMART GROUP, LLC",2300 PARK AVE,SUITE 100,ORANGE PARK,FL,320735571,9045411511,MGRM,3336C0003X,tier_1_primary_pharmacy,Y,Y,
1881972479,MY FAMILY PHARMACY & DISCOUNT,8410 W FLAGLER ST STE 105B,,MIAMI,FL,331442041,3052005973,MANAGING MEMBER,333600000X|3336C0003X,tier_1_primary_pharmacy,Y,Y,
1740568229,RSM GROUP SERVICES INC,42 NW 27TH AVE,SUITE 309-1,MIAMI,FL,331255127,3053034520,PRESIDENT,3336C0003X,tier_1_primary_pharmacy,Y,Y,
1588942965,BEST QUALITY PHARMACY D CORP,261 WESTWARD DR,SUITE # 111,MIAMI SPRINGS,FL,331665290,7865870725,OWNER/ PRESIDENT,3336C0003X,tier_1_primary_pharmacy,Y,Y,
1467730713,WESMARK RX PHARMACY,5339 VILLAGE MARKET,,WESLEY CHAPEL,FL,335448452,8134353577,PHARMACIST,3336C0003X,tier_1_primary_pharmacy,Y,Y,
1578842738,MEDS RX,750 E SAMPLE RD BLDG 3,,POMPANO BEACH,FL,330645144,9544160058,OWNER,3336C0003X,tier_1_primary_pharmacy,Y,Y,
1649559709,ALFREDNEV CORPORATION,8320 W SUNRISE BLVD STE 107,,PLANTATION,FL,333225434,9545772223,PRESIDENT,3336C0003X,tier_1_primary_pharmacy,Y,Y,
1457630519,QUALITY SPECIALTY PHARMACY OF JACKSONVILLE INC,6680 POWERS AVE,UNIT 110,JACKSONVILLE,FL,322172889,9043655500,OWNER,333600000X|3336S0011X|3336C0003X,tier_1_primary_pharmacy,Y,Y,
1477832301,SOUTH FLORIDA PHARMACY SERVICES LLC,1475 W OKEECHOBEE RD STE 5,,HIALEAH,FL,330102860,3058876868,OWNER,3336C0003X,tier_1_primary_pharmacy,Y,Y,
1366721904,SUSAN DUBOSE,1436 S 6TH ST,,MACCLENNY,FL,320634623,9042595868,PHARMACIST,333600000X,tier_1_primary_pharmacy,Y,Y,
1013296649,INTERGRATED PHARMACEUTICAL SOLUTIONS LLC,1478 N WILSON AVE,,BARTOW,FL,338303373,8635376694,PHARMACY MANAGER,333600000X|3336C0004X|3336C0003X,tier_1_primary_pharmacy,Y,Y,
1437438082,PUBLIX SUPER MARKETS INC,1700 34TH ST N,,ST PETERSBURG,FL,337133602,7273273092,VP PHARMACY,333600000X|3336C0003X,tier_1_primary_pharmacy,Y,N,PUBLIX
1548549033,ALPHA PHARMACY INC,2712 NW 95TH ST,,MIAMI,FL,331472320,3056930505,PHARMACIST,3336C0003X,tier_1_primary_pharmacy,Y,Y,
1205115656,MATHEW MANAGEMENT INC,4000 PARK ST N,,ST PETERSBURG,FL,337094034,7272166374,AUTHORIZED AGENT,333600000X|3336C0004X|3336L0003X|3336C0003X,tier_1_primary_pharmacy,Y,Y,
1841579224,"TRI-COAST PHARMACY, INC.",14125 US HIGHWAY 1,,JUNO BEACH,FL,334081425,5617767510,GENERAL MANAGER,333600000X|3336C0003X|3336S0011X|3336C0004X,tier_1_primary_pharmacy,Y,Y,
1407135890,PRICE CHOICE PHARMACY 2,4500 NW 183RD ST,,MIAMI GARDENS,FL,330553045,3055171412,MANAGING MEMBER,333600000X,tier_1_primary_pharmacy,Y,Y,
1962782326,FAVOURITE PHARMACY INC,1405 TAMPA PARK PLAZA ST,,TAMPA,FL,336054821,8134435565,OWNER,3336C0003X,tier_1_primary_pharmacy,Y,Y,
1376823591,CALAN PHARMACY & DISCOUNT INC,1879 W FLAGLER ST,,MIAMI,FL,331351939,3054776507,PRESIDENT,333600000X,tier_1_primary_pharmacy,Y,Y,
1821378902,"KAMILA PHARMACY DISCOUNT, CORP",5989 SW 8TH ST,,WEST MIAMI,FL,331445037,3053920816,PRESIDENT,333600000X,tier_1_primary_pharmacy,Y,Y,
1992085880,LAMONT GROUP INC,223 E FLAGLER ST,410,MIAMI,FL,331311327,3057289958,P,3336C0003X,tier_1_primary_pharmacy,Y,Y,
1962782912,PINES PHARMACY,881 E. 2ND AVE,,HIALEAH,FL,33010,3058890377,PRESIDENT,3336C0003X,tier_1_primary_pharmacy,Y,Y,
1467732289,"THRIFT PHARMACY INC.,",94 E MCNAB RD,,POMPANO BEACH,FL,33060,9543665633,PRESIDENT,3336C0003X,tier_1_primary_pharmacy,Y,Y,
1477833994,"STEVEN'S RX,LLC",1465 SW 27TH AVE,102,MIAMI,FL,331353983,3059611160,PRESIDENT,333600000X,tier_1_primary_pharmacy,Y,Y,
1508146010,KROGER SPECIALTY PHARMACY FL 2 LLC,6435 HAZELTINE NATIONAL DR STE 140,,ORLANDO,FL,328225156,8552741694,VICE PRESIDENT,333600000X|3336C0003X|3336S0011X,tier_1_primary_pharmacy,Y,N,KROGER
1972884203,PINNACLE PHARMACY INC,80 PINNACLES DR STE 900,,PALM COAST,FL,321642915,3863135995,PIC,3336C0003X,tier_1_primary_pharmacy,Y,Y,
1356622666,PHARMACY SOLUTION & DISCOUNT CORP,9716 SW 40TH ST,,MIAMI,FL,331654075,3055516663,OWNER/PRESIDENT,3336C0003X,tier_1_primary_pharmacy,Y,Y,
1417238684,HOLLYWOOD HEALTHCARE CORP,15851 SW 41ST ST STE 700,,DAVIE,FL,333311540,9543499551,PRESIDENT,3336C0003X|3336S0011X|3336M0002X,tier_1_primary_pharmacy,Y,Y,
1104107119,CVX GONZALEZ INC,2500 NW 79TH AVE STE 260,,DORAL,FL,331221088,3052440170,PRESIDENT,333600000X|3336C0003X,tier_1_primary_pharmacy,Y,Y,
1780965855,MAXCARE PHARMACY INC,2000 BANKS RD STE 210,,MARGATE,FL,330637769,9549787710,PHARMACIST/OWNER,3336L0003X,tier_1_primary_pharmacy,Y,Y,
1477834406,WALGREENS,4210 E STATE ROAD 64,,BRADENTON,FL,342089095,9417089161,PHARMACIST,3336C0003X,tier_1_primary_pharmacy,Y,N,WALGREENS
1073894846,CHAPTERS HEALTH PHARMACY,111 KELSEY LN STE F,,TAMPA,FL,336194357,8134707444,DIRECTOR OF PHARMACY,333600000X|3336C0003X,tier_1_primary_pharmacy,Y,Y,
1477834034,PUBLIX SUPER MARKETS INC,3690 BEE RIDGE RD,,SARASOTA,FL,342331001,9419259032,VP PHARMACY,333600000X|3336C0003X,tier_1_primary_pharmacy,Y,N,PUBLIX
1134400823,TAMPA FAMILY PHARMACY LLC,12470 TELECOM DR STE 110W,,TEMPLE TERRACE,FL,336370904,8138715161,PRESIDENT & CEO,3336S0011X|333600000X|3336C0003X,tier_1_primary_pharmacy,Y,Y,
1619258209,WALGREENS,1903 STATE ROAD 60 E,,LAKE WALES,FL,338534329,8636769496,PHARMACY MANAGER,3336C0003X,tier_1_primary_pharmacy,Y,N,WALGREENS
1326320961,PINES PHARMACY INC,881 E 2ND AVE,,HIALEAH,FL,330104205,3058890377,PRESIDENT,3336C0003X|333600000X,tier_1_primary_pharmacy,Y,Y,
1912289547,MGC PHARMACY LLC,1516 E 4TH AVE,,HIALEAH,FL,330103159,3058847455,CLINICAL PHARMACY DIRECTOR,3336L0003X,tier_1_primary_pharmacy,Y,Y,
1255613899,MGC PHARMACY LLC,1516 E 4TH AVE,,HIALEAH,FL,330103159,3058847455,CLINICAL PHARMACY DIRECTOR,3336L0003X,tier_1_primary_pharmacy,Y,Y,
1851673214,MISIR DRUGS LLC,8795 TAMIAMI TRL E,UNIT 201,NAPLES,FL,341133313,2394030060,OWNER,3336C0003X|3336C0004X|333600000X,tier_1_primary_pharmacy,Y,Y,
1083996243,WALGREENS,5 PATRICIA AVE,,DUNEDIN,FL,346988102,7277345354,PHARMACY MANAGER,3336C0003X,tier_1_primary_pharmacy,Y,N,WALGREENS
1215219241,WALGREENS,1661 NW SAINT LUCIE WEST BLVD,,PORT ST LUCIE,FL,349862106,7728731892,REGISTERED IMMUNIZING PHARMACIST,3336C0003X,tier_1_primary_pharmacy,Y,N,WALGREENS
1376825315,WALGREENS PHARMACY,1025 SE PORT ST LUCIE BLVD,,PORT ST LUCIE,FL,349525386,7723354200,PHARMACIST,3336C0003X,tier_1_primary_pharmacy,Y,N,WALGREENS
1700168788,"INJURY MED EXPRESS PHARMACY, LLC",2901 SW 149TH AVE,SUITE 400,MIRAMAR,FL,330274151,9548744615,SENIOR VP OF REVENUE,3336M0002X,tier_1_primary_pharmacy,Y,Y,
1871875609,BX PHARMACY INC,7664 NW 186TH ST,,HIALEAH,FL,330152925,3058227880,PRESIDENT,333600000X|3336C0003X,tier_1_primary_pharmacy,Y,Y,
1073895777,PSRP INC,2977 W COMMERCIAL BLVD,,FORT LAUDERDALE,FL,333093502,9545803006,PHARMACY MANAGER,3336C0004X|333600000X|3336C0003X,tier_1_primary_pharmacy,Y,Y,
1467735936,PUBLIX SUPER MARKETS INC,255 E VAN FLEET DR,,BARTOW,FL,338303831,8635341824,VP PHARMACY,333600000X|3336C0003X,tier_1_primary_pharmacy,Y,N,PUBLIX
1134402407,VIVI PHARMACY LLC,1250 NW 7TH ST,101-102,MIAMI,FL,331253744,3054566347,PRESIDENT,3336C0003X,tier_1_primary_pharmacy,Y,Y,
1639452451,TREASURE COAST COMMUNITY HEALTH INC,1545 9TH ST SW,,VERO BEACH,FL,329624312,7722578224,CEO,333600000X|3336C0002X,tier_1_primary_pharmacy,Y,Y,
1780968560,FIVE STAR PHARMACY AND DISCOUNT INC,8428 BIRD RD,,MIAMI,FL,331553226,3054565090,PRESIDENT,333600000X|3336C0003X,tier_1_primary_pharmacy,Y,Y,
1750665105,BOCA DRUGS INC,156 NW 20TH ST,,BOCA RATON,FL,334317949,5613958663,PHARMACY MGR/ OWNER,3336C0003X,tier_1_primary_pharmacy,Y,Y,
1952685257,PUBLIX SUPER MARKETS INC,3035 SE MARICAMP RD,,OCALA,FL,344716201,3523512374,VP PHARMACY,333600000X|3336C0003X,tier_1_primary_pharmacy,Y,N,PUBLIX
1942584271,LA ESPERANZA PHARMACY DISCOUNT INC,5858 W 20TH AVE,,HIALEAH,FL,330162603,7865478219,PRESIDENT/OWNER,3336C0003X,tier_1_primary_pharmacy,Y,Y,
1558645630,D&Y PHARMACY DISCOUNT CORP,3715 W 16TH AVE,BAY 15,HIALEAH,FL,330127071,7865213325,PRESIDENT,333600000X,tier_1_primary_pharmacy,Y,Y,
1255615381,TAVARES PHARMACY LLC,524 S DUNCAN DR,,TAVARES,FL,327784146,3525086449,PHARMACIST-IN-CHARGE,333600000X|3336C0003X,tier_1_primary_pharmacy,Y,Y,
1356626204,PINES PHARMACY INC,881 E 2ND AVE,,HIALEAH,FL,330104205,3058890377,PRESIDENT,333600000X|3336L0003X,tier_1_primary_pharmacy,Y,Y,
1568747376,PEDMAR PHARMACY AND DISCOUNT INC,922 E 25 ST,,HIALEAH,FL,33013,3479981660,PRESIDENT,3336C0003X,tier_1_primary_pharmacy,Y,Y,
1316222094,WALGREENS,2355 NE 26TH ST,,FORT LAUDERDALE,FL,33305,9545613880,PHARMACISTS,3336C0003X,tier_1_primary_pharmacy,Y,N,WALGREENS
1922383694,PRIME RX PHARMACY LLC,10720 PARK BLVD,SUITE E,SEMINOLE,FL,337725461,7277550990,INFUSION PHARMACY MANAGER,3336H0001X|3336S0011X,tier_1_primary_pharmacy,Y,Y,
1295010973,WALGREEN CO,2355 NE 26TH STREET,,FT. LAUDERDALE,FL,33305,9545613880,PHARMACY MANAGER,3336C0003X,tier_1_primary_pharmacy,Y,N,WALGREEN
1942585625,VIVI PHARMACY LLC,1250 NW 7 ST,SUITE 101-102,MIAMI,FL,33136,3054565236,PRESIDENT,333600000X,tier_1_primary_pharmacy,Y,Y,
1942585419,PHMN INC,4616 PARK BLVD,,PINELLAS PARK,FL,33781,7278272947,PHARMACY MANAGER,3336C0003X,tier_1_primary_pharmacy,Y,Y,
1174808125,PATIENTS CHOICE PHARMACY LLC,4801 S UNIVERSITY DR STE 105,,DAVIE,FL,333283835,9546222222,"OWNER, PIC",3336C0004X|3336C0003X,tier_1_primary_pharmacy,Y,Y,
1639455447,FAMY INC,3370 TAMIAMI TRL,,PORT CHARLOTTE,FL,339528127,9419799085,PHARMACIST,333600000X|3336C0003X,tier_1_primary_pharmacy,Y,Y,
1962788794,PUBLIX SUPER MARKETS INC,2031 BAY ST,,SARASOTA,FL,342377914,9413669451,VP PHARMACY,333600000X|3336C0003X,tier_1_primary_pharmacy,Y,N,PUBLIX
1932485786,PUBLIX SUPER MARKETS INC,3863 US HIGHWAY 301 S,,RIVERVIEW,FL,335783572,8136261085,VP PHARMACY,333600000X|3336C0003X,tier_1_primary_pharmacy,Y,N,PUBLIX
1770869398,ANBA KARAS LLC,3650 MURRELL RD STE 120,,ROCKLEDGE,FL,329554780,3217354991,MANAGER,333600000X|3336C0003X,tier_1_primary_pharmacy,Y,Y,
1568748010,ADVANCED RX MANAGEMENT,5315 AVION PARK DR STE 120,,TAMPA,FL,336071461,8135439043,PROGRAM MANAGER,3336C0003X|3336M0003X,tier_1_primary_pharmacy,Y,Y,
1447536842,ROMAT VENTURES INC,11301 N US HIGHWAY 301 STE 106,,THONOTOSASSA,FL,335923603,8132524443,PRESIDENT,333600000X|3336C0003X,tier_1_primary_pharmacy,Y,Y,
1235415662,ITANI FAMILY PHARMACY PLC,2507 GARDEN ST,,TITUSVILLE,FL,327964612,3212697772,OWNER,3336C0003X,tier_1_primary_pharmacy,Y,Y,
1598041758,GOLD STAR PHARMACY LLC,2895 SW 144TH PL,,MIAMI,FL,331757444,4075791045,PRESIDENT,333600000X,tier_1_primary_pharmacy,Y,Y,
1619254661,MORON PHARMACY CORP,6267 SW 8TH ST # 101,,MIAMI,FL,331444845,3052620285,PRES,3336C0003X,tier_1_primary_pharmacy,Y,Y,
1609153642,RAPID PHARMACY CORP,2017 W 62ND ST,,HIALEAH,FL,330162678,3058243800,PRESIDENT,3336C0003X|333600000X,tier_1_primary_pharmacy,Y,Y,
1841577640,EVERCARE INC,1611 N FLORIDA AVE,,LAKELAND,FL,338053107,8639404733,PRESIDENT,3336L0003X|3336C0003X,tier_1_primary_pharmacy,Y,Y,
1114204906,THE NEIGHBORHOOD PHARMACY,5352 N HABANA AVE STE 2,,TAMPA,FL,336146838,8138982745,OWNER-CEO,3336C0003X,tier_1_primary_pharmacy,Y,Y,
1336426089,ATLAS MEDICAL INC,5037 CRILL AVE,,PALATKA,FL,321776812,3863853143,OWNER,3336C0003X,tier_1_primary_pharmacy,Y,Y,
1578840104,"BETHESDA HOSPITAL, INC",2815 S SEACREST BLVD,,BOYNTON BEACH,FL,334357934,5612924511,CEO,3336C0003X,tier_1_primary_pharmacy,Y,Y,
1821375460,EXTENDED CARE PHARMACY EAST INC,305 S US HIGHWAY 17,,EAST PALATKA,FL,321314092,3863264487,CPT/OWNER,3336C0003X,tier_1_primary_pharmacy,Y,Y,
1538446182,NORTH TAMPA PHARMACY INC,6634 RIDGE RD,,PORT RICHEY,FL,346686837,7273878228,CFO,3336C0003X,tier_1_primary_pharmacy,Y,Y,
1952688400,WALGREENS CO,690 NW 183RD ST,,MIAMI,FL,331694470,3052496792,PRESIDENT,3336C0003X,tier_1_primary_pharmacy,Y,N,WALGREENS
1164709663,POLYPILL COMPOUND MEDICATIONS LLC,4401 SHERIDAN ST STE B,,HOLLYWOOD,FL,330213513,8557659745,VP BUSINESS DEVELOPMENT,333600000X|3336C0004X,tier_1_primary_pharmacy,Y,Y,
1700163136,LITTLE FAMILY PHARMACY CORP,2200 SW 16TH ST,STE 116,MIAMI,FL,331452067,3052859333,AUTHORIZED OFFICIAL,3336C0003X,tier_1_primary_pharmacy,Y,Y,
1073890406,BEST CARE PHARMACY INC,2657 NW 20TH ST,,MIAMI,FL,331427105,3058560070,"SR VP, AO",333600000X|3336C0003X,tier_1_primary_pharmacy,Y,Y,
1578840823,CASABLANCA PHARMACY & DISCOUNT INC,7245 CORAL WAY,,MIAMI,FL,331551401,7863322473,PRESIDENT,3336C0003X,tier_1_primary_pharmacy,Y,Y,
1972880276,FIVE POINTS PHARMACY OF COCOA LLC,1108 LAKE DR,,COCOA,FL,329228678,3216368433,OWNER,3336C0003X,tier_1_primary_pharmacy,Y,Y,
1295012466,LILDARLIN INVESTMENTS INC,1542 LAKEVIEW DR STE 1,,SEBRING,FL,338707957,8633852200,PRESIDENT,333600000X|3336C0003X,tier_1_primary_pharmacy,Y,Y,
1689951808,BIRD GALLOWAY HEALTH LLC,7035 SW 87TH AVE,,MIAMI,FL,331732505,7864228302,EXECUTIVE GENERAL MANAGER,333600000X|3336C0003X,tier_1_primary_pharmacy,Y,Y,
1932476181,WALGREENS,700 W BROWARD BLVD,,FORT LAUDERDALE,FL,333121748,9544637713,PHARMACIST,3336C0003X,tier_1_primary_pharmacy,Y,N,WALGREENS
1093082042,COREHEALTH PHARMACY INC,11260 PINES BLVD,,PEMBROKE PINES,FL,330264101,9544508873,"OWNER, MANAGER",3336C0003X,tier_1_primary_pharmacy,Y,Y,
1396012290,WALGREENS,6800 W 28TH AVE,,HIALEAH,FL,330185305,3058280268,RPH,333600000X,tier_1_primary_pharmacy,Y,N,WALGREENS
1184991085,FAMILY CARE RX LLC,6428 MELALEUCA LN,,GREENACRES,FL,334633807,5614322273,MANAGING MEMBER,333600000X|3336L0003X|3336C0003X,tier_1_primary_pharmacy,Y,Y,
1750658548,PROFESSIONAL PHARMACY & DISCOUNT CO,934 SW 82ND AVE,,MIAMI,FL,331444240,3058467903,OWNER,3336C0003X,tier_1_primary_pharmacy,Y,Y,
1669749453,TAMPA LONG TERM CARE PHARMACY LLC,4801 GEORGE RD STE 190,,TAMPA,FL,336346200,8138862023,OWNER,333600000X|3336L0003X,tier_1_primary_pharmacy,Y,Y,
1336416171,WELLS SPECIALTY PHARMACY,803 SOUTH ORLANDO AVENUE,SUITE D,WINTER PARK,FL,32789,4079653980,VICE PRESIDENT OF OPERATIONS,333600000X|3336S0011X|3336C0003X,tier_1_primary_pharmacy,Y,Y,
1740557461,"MAYAR PHARMACY, INC",12910 SW 133RD CT,SUITE A,MIAMI,FL,331866584,3052513635,PRESIDENT,3336S0011X,tier_1_primary_pharmacy,Y,Y,
1407123854,CTM PHARMACY INC,18901 SW 106TH AVE STE 143,,CUTLER BAY,FL,331577663,3052522056,OWNER,333600000X,tier_1_primary_pharmacy,Y,Y,
1376810812,STERLING PHARMACY II INC,3130 NW 7TH ST,,MIAMI,FL,331254202,7863604176,PRESIDENT,333600000X,tier_1_primary_pharmacy,Y,Y,
1881961282,"BIOMAX PHARMACY, LLC",14285 SW 42ND ST,SUITE 212,MIAMI,FL,331756410,7863345155,PRESIDENT,3336C0003X,tier_1_primary_pharmacy,Y,Y,
1144597493,MARY'S PHARMACY INC,6765 W FLAGLER ST,,MIAMI,FL,331442923,3052618044,PRESIDENT,3336C0003X,tier_1_primary_pharmacy,Y,Y,
1629345970,CYM PHARMACY CORP,11338 SW 184TH ST,,MIAMI,FL,331576553,3052343294,PRESIDENT,333600000X,tier_1_primary_pharmacy,Y,Y,
1659649887,"LAS MERCEDES PHARMACY , INC",75 W 21ST ST,,HIALEAH,FL,330102613,7864017301,CHIEF PHARMACY OFFICER,333600000X|3336C0003X,tier_1_primary_pharmacy,Y,Y,
1821366055,PRICE CHOICE PHARMACY #1 LLC,1851 NE 2ND AVE,,MIAMI,FL,331321000,3053747072,OWNER,3336C0003X,tier_1_primary_pharmacy,Y,Y,
1356619456,WELLNESS RX AT PENALVER LLC,971 NW 2ND ST,,MIAMI,FL,331281205,3055454860,PHARMACY MANAGER,3336C0003X,tier_1_primary_pharmacy,Y,Y,
1205104106,PRONTO PHARMACY SERVICES INC,10521 SW 40TH ST,,MIAMI,FL,331653747,3055599909,OWNER,333600000X|3336C0003X,tier_1_primary_pharmacy,Y,Y,
1457629396,PUBLIX SUPER MARKETS INC.,135 BRADLEY PL,,PALM BEACH,FL,334803819,5618321978,VP PHARMACY,333600000X|3336C0003X,tier_1_primary_pharmacy,Y,N,PUBLIX
1710255658,PUBLIX SUPER MARKETS INC.,7880 WINTER GARDEN VINELAND RD,,WINDERMERE,FL,347865689,4078760417,VP PHARMACY,333600000X|3336C0003X,tier_1_primary_pharmacy,Y,N,PUBLIX
1558639385,GALAXY PHARMACY & DISCOUNT INC,900 W FLAGLER ST STE D,,MIAMI,FL,331301174,7863626390,PRESIDENT,3336C0003X|333600000X,tier_1_primary_pharmacy,Y,Y,
1356619209,EXCELLENCE PHARMACY DISCOUNT INC,12887 SW 42ND ST,,MIAMI,FL,331753435,3058469243,OWNER,3336C0003X,tier_1_primary_pharmacy,Y,Y,
1730457664,PEDMAR PHARMACY AND DISCOUNT,922 E 25TH ST,,HIALEAH,FL,330133404,3058363376,OWNER/PRESIDENT,333600000X,tier_1_primary_pharmacy,Y,Y,
1679841423,PHARMOVISAMD,7035 SW 87TH AVE,,MIAMI,FL,331732505,3052747772,PHARMACY SUB-DIRECTOR,3336M0002X,tier_1_primary_pharmacy,Y,Y,
1518235100,CMA PHARMACY & SUPPLIES CORP,5549 SW 8 STREET,,CORAL GABLES,FL,33134,3053645807,PRESIDENT,333600000X,tier_1_primary_pharmacy,Y,Y,
1942579297,PRESCRIPTION PHARMACY CORP,1675 SW 67TH AVE,,MIAMI,FL,331551827,7865366708,PRESIDENT,3336C0003X,tier_1_primary_pharmacy,Y,Y,
1669741930,ORLANDO HEALTH INC,1222 S ORANGE AVE,,ORLANDO,FL,328061215,3218434690,"CORPORATE MANAGER, RETAIL PHARMACY",333600000X|3336C0003X,tier_1_primary_pharmacy,Y,Y,
1174892319,LIVE RX PHARMACY INC,4750 W FLAGLER ST,,CORAL GABLES,FL,331341452,7863322363,OWNER / PRESIDENT,333600000X|3336C0003X,tier_1_primary_pharmacy,Y,Y,
1386913440,WALGREENS,2235 PARR DR,,THE VILLAGES,FL,321625381,3523238699,PHARMACIST,3336C0003X,tier_1_primary_pharmacy,Y,N,WALGREENS
1720357890,TRINITY MEDICAL PHARMACY,9332 STATE ROAD 54 STE 203,,NEW PORT RICHEY,FL,346551810,7274956979,CEO & PRESIDENT,333600000X|3336C0003X|3336C0004X,tier_1_primary_pharmacy,Y,Y,
1063781961,WELL PHARMA MEDICAL RESEARCH CORPORATION,7000 SW 62ND AVE,SUITE 405,SOUTH MIAMI,FL,331434716,3056654818,PRESIDENT,333600000X,tier_1_primary_pharmacy,Y,Y,
1790054773,WELLS PHARMACY NETWORK LLC,11120 S CROWN WAY STE 11,,WELLINGTON,FL,334148718,5617931568,PRESIDENT,3336C0003X|3336C0004X,tier_1_primary_pharmacy,Y,Y,
1114296050,WALGREENS,5000 E HIGHWAY 100,,PALM COAST,FL,321642363,3865863830,PHARMACIST,3336C0003X,tier_1_primary_pharmacy,Y,N,WALGREENS
1922377993,NEW LIFE COMMUNITY PHARMACY,3032 NW 7TH AVE,,MIAMI,FL,331273624,7863604020,PRESIDENT/OWNER,3336C0003X|333600000X,tier_1_primary_pharmacy,Y,Y,
1982973756,PUBLIX SUPER MARKETS INC,55 AVA WAY,,ST AUGUSTINE,FL,320842904,9048271453,VP PHARMACY,333600000X|3336C0003X,tier_1_primary_pharmacy,Y,N,PUBLIX
1861761694,"THE MEDIMIX, LLC",6820 SOUTHPOINT PKWY,SUITE 9,JACKSONVILLE,FL,322166276,9045676334,MGR,3336C0003X,tier_1_primary_pharmacy,Y,Y,
1659640332,WALGREENS,1802 JIM REDMAN PKWY,,PLANT CITY,FL,335636914,8137526192,STAFF PHARMACIST,3336C0003X,tier_1_primary_pharmacy,Y,N,WALGREENS
1750650503,ISSA INTERNACIONAL LLC,8775 SW 72ND ST,,MIAMI,FL,331733580,3052795197,OWNER,333600000X,tier_1_primary_pharmacy,Y,Y,
1649549312,RUBIO PHARMACY AND DISCOUNT INC,18600 NW 87TH AVE UNIT 109,,HIALEAH,FL,330153528,3054053333,PRESIDENT/PHARMACY MANAGER,333600000X|3336C0003X,tier_1_primary_pharmacy,Y,Y,
1619246378,WEST PALM PHARMACY LLC,5760 OKEECHOBEE BLVD,,WEST PALM BEACH,FL,334174343,5612492130,PHARMACIST/OWNER,333600000X|3336C0003X,tier_1_primary_pharmacy,Y,Y,
1942579636,"SONIA'S PHARMACY & DISCOUNT,INC",2913 NW 7TH ST,,MIAMI,FL,331254305,7863322257,PRESIDENT,3336C0003X,tier_1_primary_pharmacy,Y,Y,
1285903872,"UNITED CARE PHARMACY, LLC",2955 SW 8TH ST,SUITE 202B,MIAMI,FL,331352862,3056438587,PRESIDENT,333600000X,tier_1_primary_pharmacy,Y,Y,
1053681585,CC PHARMACY DISCOUNT & SUPPLY CORP,10550 SW 8TH ST,,MIAMI,FL,331742612,3055526690,OWNER,333600000X|3336C0003X,tier_1_primary_pharmacy,Y,Y,
1770853293,MY COMMUNITY PHARMACY OF BOYNTON INC,1050 GATEWAY BLVD STE 101,,BOYNTON BEACH,FL,334268363,5612004245,PHCY OWNER/MANAGER,3336C0004X|3336S0011X|333600000X|3336C0003X,tier_1_primary_pharmacy,Y,Y,
1902176340,WALGREENS,9202 N 56TH ST,,TEMPLE TERRACE,FL,336175502,8139858521,PHARMACIST,3336C0003X,tier_1_primary_pharmacy,Y,N,WALGREENS
1134499361,"ORLANDO PROCARE PHARMACY, INC.",2021 S ORANGE AVE,,ORLANDO,FL,328063035,4073703557,OWNER/VICE-PRESIDENT,3336C0003X,tier_1_primary_pharmacy,Y,Y,
1487924585,PHARMA GO OF WEST PARK LLC,1959 S STATE ROAD 7,,WEST PARK,FL,330236733,9549660200,CEO,3336C0003X,tier_1_primary_pharmacy,Y,Y,
1396015301,U TRUST PHARMACY INC,6974 PEMBROKE RD,,PEMBROKE PINES,FL,330232676,9545890585,PRESIDENT,333600000X|3336L0003X|3336S0011X|3336C0003X,tier_1_primary_pharmacy,Y,Y,
1053681080,J & N PHARMACY CORP,430 MORTON PLANT ST,SUITE 100A,CLEARWATER,FL,337563398,7274744391,CREDENTIALING MANAGER,3336C0003X,tier_1_primary_pharmacy,Y,Y,
1477823474,PALM MEDICINE INC,2711 E ATLANTIC BLVD,,POMPANO BEACH,FL,330624941,9545327940,OWNER/ PHARMACIST,3336C0003X,tier_1_primary_pharmacy,Y,Y,
1295005221,FLORIDA PHARMACY & DISCOUNT CORP,2422 SW 8TH ST,,MIAMI,FL,331353004,3056316799,PRESIDENT,333600000X,tier_1_primary_pharmacy,Y,Y,
1407126444,COMMUNITY HEALTH CENTERS INC,225 N 1ST ST,,LEESBURG,FL,347485150,3523147403,CFO,3336C0003X,tier_1_primary_pharmacy,Y,Y,
1215207998,PHARMACITY LLC,2173 W FLAGLER ST,,MIAMI,FL,331351638,7863601820,OWNER/PRESIDENT,3336C0003X,tier_1_primary_pharmacy,Y,Y,
1912277757,BAPTIST HEALTH PHARMACY CORP,13730 SW 84TH ST,,MIAMI,FL,331834000,7863289539,PRESIDENT,3336C0003X,tier_1_primary_pharmacy,Y,Y,
1982974572,OSCEOLA PHARMACY OF VERO BEACH,1635 14TH AVE,,VERO BEACH,FL,329600435,7725623600,OWNER,333600000X,tier_1_primary_pharmacy,Y,Y,
1790055382,PALM AVE PHARMACY DISCOUNT CORPORATION,1301 PALM AVE UNIT 105,,HIALEAH,FL,330103461,3058877979,PRESIDENT,3336C0003X,tier_1_primary_pharmacy,Y,Y,
1881964435,PINNACLE PHARMACEUTICAL SERVICES,815 S MOODY RD # 3,,PALATKA,FL,321778417,3863853987,PHARMACY OWNER,3336C0003X,tier_1_primary_pharmacy,Y,Y,
1518237106,MEDI SHOW PHARMACY LLC,715 N FERNCREEK AVE STE C,,ORLANDO,FL,328034108,4074404504,MANAGER,3336C0003X,tier_1_primary_pharmacy,Y,Y,
1477823037,WALGREENS PHARMACY,6503 W WATERS AVE,,TAMPA,FL,336342207,8138873166,PHARMACIST,3336C0003X,tier_1_primary_pharmacy,Y,N,WALGREENS
1750651337,WALGREENS,2295 E BAY DR,,LARGO,FL,337712324,7275856810,PHARMACIST,333600000X,tier_1_primary_pharmacy,Y,N,WALGREENS
1396016945,ST VINCENT DEPAUL VOLUNTEER COMMUNITY PHARMACY,21297 OLEAN BLVD UNIT B,,PORT CHARLOTTE,FL,339524609,9417669570,PHARMACY DIRECTOR,3336C0002X,tier_1_primary_pharmacy,Y,Y,
1164793642,ROSEL RX INC,7301 N UNIVERSITY DR STE 100,,TAMARAC,FL,333212909,9547218660,PRESIDENT,333600000X|3336C0003X,tier_1_primary_pharmacy,Y,Y,
1215208616,FLORIDA KERELOS LLC,9320 US HIGHWAY 19,,PORT RICHEY,FL,346684772,7278423400,RPH,3336C0003X,tier_1_primary_pharmacy,Y,Y,
1982975256,MEDICAL CENTER PHARMACY LLC,38160 MEDICAL CENTER AVE,,ZEPHYRHILLS,FL,33540,8133882908,OWNER,333600000X|3336C0003X,tier_1_primary_pharmacy,Y,Y,
1871864975,YUN PHARMA INC,8375 NE 2ND AVE,,MIAMI,FL,331383810,7864333636,PRESIDENT/OWNER,333600000X,tier_1_primary_pharmacy,Y,Y,
1437420510,EDF GROUP INC,1710 NW 7TH ST STE 7,,MIAMI,FL,331253520,3056432038,PRESIDENT,3336C0003X,tier_1_primary_pharmacy,Y,Y,
1568733228,BRITON PHARMACY INC,1201 S OCEAN BLVD STE 14,,POMPANO BEACH,FL,330626600,9549421866,PHARMACIST/OWNER,3336C0003X,tier_1_primary_pharmacy,Y,Y,
1689945305,"UNIVERSITY HEALTH CARE PHARMACY, INC.",8250 NW 27TH ST STE 301,,DORAL,FL,331221904,7865170444,CEO,3336C0003X,tier_1_primary_pharmacy,Y,Y,
1972875623,PRICE CHOICE PHARMACY 3,13931 NW 27TH AVE,,OPA LOCKA,FL,330543652,3056853110,DIRECTOR,333600000X,tier_1_primary_pharmacy,Y,Y,
1326310004,OSCEOLA PHARMACY OF VERO BEACH INC,1635 14TH AVE,,VERO BEACH,FL,329600435,7725623660,OWNER,3336L0003X,tier_1_primary_pharmacy,Y,Y,
1811269574,"GOODPILL PHARMACY, INC",17177 PINES BLVD,,PEMBROKE PINES,FL,330271091,7542013663,PRESIDENT,3336C0003X,tier_1_primary_pharmacy,Y,Y,
1104198688,OM TSM LLC,14965 OLD SAINT AUGUSTINE RD UNIT 108,,JACKSONVILLE,FL,322589481,9046199000,MANAGING MEMBER/OWNER,333600000X|3336C0003X,tier_1_primary_pharmacy,Y,Y,
1740552116,ZAHRA PHARMACY & DISCOUNT CORP,12486 SW 8TH ST,,MIAMI,FL,331841400,3052215600,PRESIDENT /OWNER,3336C0003X,tier_1_primary_pharmacy,Y,Y,
1629340922,"TAMPA FAMILY HEALTH CENTERS, INC.",8108 N NEBRASKA AVE,,TAMPA,FL,33604,8137121930,PRESIDENT/CEO,3336C0003X,tier_1_primary_pharmacy,Y,Y,
1801168034,SUNSET PHARMACY LLC,4224 CLEVELAND AVE STE 5,FIRST FLOOR,FORT MYERS,FL,339019051,2392256337,MANING PARTNER,3336C0004X|3336L0003X,tier_1_primary_pharmacy,Y,Y,
1508138769,"DAVITA MEDICAL FLORIDA, INC.",4757 US HIGHWAY 19 STE A,,NEW PORT RICHEY,FL,346524945,7278499373,CHIEF ACCOUNTING OFFICER,3336S0011X,tier_1_primary_pharmacy,Y,Y,
1235401498,"A & E OF TAMPA BAY, LLC",2049 WELBILT BLVD,,TRINITY,FL,34655,7279341300,OWNER,333600000X|3336L0003X,tier_1_primary_pharmacy,Y,Y,
1700159498,"NORTH FORT MYERS PRESCRIPTION SHOP, INC.",16251 N CLEVELAND AVE,SUITE 13,NORTH FORT MYERS,FL,339032176,2395994120,OWNER/PHARMACIST IN CHARGE,333600000X|3336C0004X|3336C0003X,tier_1_primary_pharmacy,Y,Y,
1619240942,RX EXPRESS PHARMACY OF MILTON INC,5987 BERRYHILL RD,,MILTON,FL,325704043,8506236337,PRESIDENT/PHARMACY MANAGER,333600000X|3336C0004X|3336C0003X,tier_1_primary_pharmacy,Y,Y,
1134492408,"NAVARRO DISCOUNT PHARMACIES NO 35, LLC",15895 PINES BLVD,,PEMBROKE PINES,FL,330271220,9546025610,MANAGER,333600000X,tier_1_primary_pharmacy,Y,Y,
1881967974,OXFORD PHARMACY,3612 WEDGEWOOD LN,,THE VILLAGES,FL,321629318,3527501400,PHARMACY MANAGER,3336C0003X,tier_1_primary_pharmacy,Y,Y,
1750654711,SA DRUGS LLC,115 NW SANTA FE BLVD,,HIGH SPRINGS,FL,326434301,3864547768,MANAGER,3336C0004X|3336L0003X|333600000X|3336C0003X,tier_1_primary_pharmacy,Y,Y,
1063785103,"ALCAZAR PHARMACY, INC",4750 NW 7TH ST,STE 6,MIAMI,FL,331262253,3054482313,PRESIDENT,3336C0003X,tier_1_primary_pharmacy,Y,Y,
1770856783,GOLDEN PALM PHARMACY CORP,6900 W 32ND AVE,STE 16,HIALEAH,FL,330185227,3058272230,OWNER,3336C0003X,tier_1_primary_pharmacy,Y,Y,
1447523345,FATHER DAVID LLC,6624 US HIGHWAY 19,,NEW PORT RICHEY,FL,346521739,7278077050,PHARMACIST OWNER,333600000X|3336C0004X|3336L0003X|3336S0011X|3336C0003X,tier_1_primary_pharmacy,Y,Y,
1306119219,"PASTEUR PHARMACY IV, LLC",3320 W 84TH ST,,HIALEAH GARDENS,FL,330184921,7862485380,AUTHORIZED OFFICIAL,3336C0002X,tier_1_primary_pharmacy,Y,Y,
1942574801,"17TH STREET PHARMACY & DISCOUNT, INC",1691 NW 27TH AVE,,MIAMI,FL,331252162,7863625997,REG PHARMACY TECH,3336C0003X,tier_1_primary_pharmacy,Y,Y,
1023382926,AMEN PHARMACY DISCOUNT INC,10000 SW 56TH ST,SUITE 5,MIAMI,FL,331657165,3054125162,PRESIDENT,333600000X,tier_1_primary_pharmacy,Y,Y,
1982978854,GNSP CORP,9304 BALM RIVERVIEW RD,,RIVERVIEW,FL,335695104,8136776000,PRESIDENT,3336L0003X|333600000X|3336C0003X,tier_1_primary_pharmacy,Y,Y,
1902170889,BAYGREEN PHARMACY CORP,9860 BEACH BLVD STE C,,JACKSONVILLE,FL,322464704,9042018222,DIRECTOR,333600000X|3336C0003X,tier_1_primary_pharmacy,Y,Y,
1124392014,LAS MERCEDES DRUG STORE INC,7209 CORAL WAY,,MIAMI,FL,331551401,7865182793,PRESIDENT,333600000X,tier_1_primary_pharmacy,Y,Y,
1578837324,SOLUTIONS DRUG STORE LLC,774 SW 1ST ST,,MIAMI,FL,331301206,3055471004,OWNER/PIC,333600000X|3336C0003X,tier_1_primary_pharmacy,Y,Y,
1467726182,SOUTH BROWARD HOSPITAL DISTRICT,7800 SHERIDAN ST,2ND FLOOR - MAIN PHARMACY,PEMBROKE PINES,FL,330242536,9548838008,DIRECTOR OF PHARMACY,3336C0003X,tier_1_primary_pharmacy,Y,Y,
1023382512,SPEED II PHAMACY,2900 W 12TH AVE STE 4,,HIALEAH,FL,330124861,7863107845,PRESIDENT,333600000X|3336C0003X,tier_1_primary_pharmacy,Y,Y,
1114291705,RED PHARMACY LLC,350 NW 27TH AVE,,MIAMI,FL,331253031,3054776502,PRESIDENT,333600000X,tier_1_primary_pharmacy,Y,Y,
1760756316,ESTONNA MANAGEMENT LLC,3501 HEALTH CENTER BLVD,#1200,BONITA SPRINGS,FL,341358127,2399927633,OWNER,3336C0004X|3336C0003X,tier_1_primary_pharmacy,Y,Y,
1093089666,RODZ PRESCRIPTION CENTER INC,1647 SUN CITY CENTER PLZ,,SUN CITY CENTER,FL,335735373,8136335577,PHARMACIST/OWNER,3336C0003X,tier_1_primary_pharmacy,Y,Y,
1992079289,HEALTHPRO ALLIANCE LLC,990 N SR 434,SUITE 1128,ALTAMONTE SPRINGS,FL,327147035,4078657977,MANAGER,333600000X,tier_1_primary_pharmacy,Y,Y,
1053685305,CHOICE MEDS USA INC,350 1ST ST N,,WINTER HAVEN,FL,338814113,8632718441,FOUNDER / CEO,333600000X|3336C0003X,tier_1_primary_pharmacy,Y,Y,
1962776286,PUBLIX SUPER MARKETS INC,463855 STATE ROAD 200,,YULEE,FL,320973639,9042612405,VP PHARMACY,333600000X|3336C0003X,tier_1_primary_pharmacy,Y,N,PUBLIX
1417221730,PUBLIX SUPER MARKETS INC,1776 BISCAYNE BLVD,,MIAMI,FL,331321129,3053583438,VP PHARMACY,333600000X|3336C0003X,tier_1_primary_pharmacy,Y,N,PUBLIX
1952675274,PUBLIX SUPER MARKETS INC,5380 STADIUM PKWY STE 100,,ROCKLEDGE,FL,329556001,3214331789,VP PHARMACY,333600000X|3336C0003X,tier_1_primary_pharmacy,Y,N,PUBLIX
1861766925,8TH STREET PHARMACY CORP,2742 SW 8TH ST,SUITE 11-12,MIAMI,FL,331354650,7863606582,PRESIDENT,333600000X,tier_1_primary_pharmacy,Y,Y,
1134493380,ACE PHARMACY LLC,13218 SW 8TH ST,,MIAMI,FL,331841176,3052286055,OWNER,3336C0003X,tier_1_primary_pharmacy,Y,Y,
1396019410,SAVERS DRUG MART INC,200 OCEAN AVE,SUITE A,MELBOURNE BEACH,FL,329512369,3217255492,PHARMACIST,333600000X|3336L0003X,tier_1_primary_pharmacy,Y,Y,
1720352776,OM SHRI GANESH LLC,7628 103RD ST STE 5,,JACKSONVILLE,FL,322108719,9049003500,MANAGING MEMBER,333600000X|3336C0004X|3336S0011X|3336C0003X,tier_1_primary_pharmacy,Y,Y,
1982978011,AMERICAN OUTCOMES MANAGEMENT OF NEW YORK LP,1395 NW 17TH AVE STE 103,,DELRAY BEACH,FL,334452552,5618608300,COO,3336C0004X|3336S0011X|3336H0001X,tier_1_primary_pharmacy,Y,Y,
1033483169,"CALAN PHARMACY & DISCOUNT SERVICE, LLC",1879 W FLAGLER ST,,MIAMI,FL,331351939,3056432001,MANAGER,3336C0003X,tier_1_primary_pharmacy,Y,Y,
1740554724,PRONTO-MED INC,1409 NE 26TH ST,,WILTON MANORS,FL,333051321,9545666151,PRESIDENT,3336C0004X|3336S0011X,tier_1_primary_pharmacy,Y,Y,
1437423498,TAKA HEALTH LLC,1084 LEE RD STE 4,,ORLANDO,FL,328105821,4077302770,PHARMACY MANAGER,3336C0004X|3336S0011X|333600000X|3336C0003X,tier_1_primary_pharmacy,Y,Y,
1861767840,APPLE PHARMACY DISCOUNT INC,2730 NW 22ND AVE,,MIAMI,FL,331428433,3056362888,PRESIDENT/OWNER,3336C0003X,tier_1_primary_pharmacy,Y,Y,
1245505247,NGUYEN'S INC,4616 PARK BLVD,,PINELLAS PARK,FL,33781,7278272947,PHARMACY MANAGER/OWNER,3336C0003X,tier_1_primary_pharmacy,Y,Y,
1669747507,TOTAL PHARMACY INC,920 HIALEAH DR,,HIALEAH,FL,330105541,3054569564,PRESIDENT,333600000X|3336C0004X|3336C0003X,tier_1_primary_pharmacy,Y,Y,
1003181835,MELODY PHARMACY INC,17639 NW 27TH AVE,,MIAMI GARDENS,FL,330564007,3056250018,"PRESIDENT, RPH",333600000X|3336C0003X,tier_1_primary_pharmacy,Y,Y,
1528333283,LEHIGH PHARMACY & SUPPLIES INC.,5513 8TH ST W STE 1,,LEHIGH ACRES,FL,339716349,2394912675,COO,333600000X,tier_1_primary_pharmacy,Y,Y,
1164797619,CAREPLUS RX CORP,701 W DR MARTIN LUTHER KING JR BLVD STE 1,,TAMPA,FL,336033100,8138490991,PRESIDENT,3336L0003X|3336S0011X,tier_1_primary_pharmacy,Y,Y,
1265707640,PUBLIX SUPER MARKETS INC,10701 WILES RD,,CORAL SPRINGS,FL,330762014,9542270177,VP PHARMACY,333600000X|3336C0003X,tier_1_primary_pharmacy,Y,N,PUBLIX
1184999328,KARMA HEALTHCARE LLC,5999 DUNDEE RD,200,WINTER HAVEN,FL,338841107,8632910400,PHARMACIST,3336C0003X,tier_1_primary_pharmacy,Y,Y,
1174898266,ALLGEN LLC,1810 N ORANGE AVE,,ORLANDO,FL,328046415,4074207900,MMGR,3336C0003X,tier_1_primary_pharmacy,Y,Y,
1083989115,BELLE GLADE DRUGS LLC,364 S MAIN ST,,BELLE GLADE,FL,334303428,5619960228,OWNER,333600000X,tier_1_primary_pharmacy,Y,Y,
1134495245,HEALTHSTAT WELLNESS-POLK HAINES,631B US HIGHWAY 17 92 W,,HAINES CITY,FL,338445047,8635193858,DIRECTOR OF RISK MANAGEMENT,3336C0002X,tier_2_secondary_pharmacy,N,Y,
1053687798,G.M.G PHARMACY AND DISCOUNT,2215 W 4TH AVE,SUITE E,HIALEAH,FL,330101419,7865588880,OWNER,3336C0003X,tier_1_primary_pharmacy,Y,Y,
1164798682,NH PHARMA,405 WAYMONT CT STE 101,,LAKE MARY,FL,327463586,4073222440,OWNER,3336C0004X|333600000X|3336C0003X,tier_1_primary_pharmacy,Y,Y,
1891061255,"TAMPA FAMILY HEALTH CENTERS, INC",3901 S WESTSHORE BLVD,,TAMPA,FL,336111003,8137121940,CEO,3336C0002X,tier_1_primary_pharmacy,Y,Y,
1912273285,SUNCOAST COMMUNITY HEALTH CENTERS INC,801 E BAKER ST,,PLANT CITY,FL,335633652,8133497649,CFO,3336C0003X|3336C0002X,tier_1_primary_pharmacy,Y,Y,
1215293451,PUBLIX SUPER MARKETS INC,12902 USF MAGNOLIA DR,SUITE 1170,TAMPA,FL,336129416,8137458484,VP PHARMACY,333600000X|3336S0011X|3336C0003X,tier_1_primary_pharmacy,Y,N,PUBLIX
1699031807,MARANATHA PHARMACY CORP,138 BEACOM BLVD,,MIAMI,FL,331351534,3056427770,PRESIDENT,333600000X,tier_1_primary_pharmacy,Y,Y,
1104192335,"RX PRO PHARMACY & COMPOUNDING, INC",932 W HALLANDALE BEACH BLVD,,HALLANDALE BEACH,FL,330095241,9544550004,PRESIDENT,3336C0003X,tier_1_primary_pharmacy,Y,Y,
1053677237,SERENITY PHARMACY CORP,23 SW 8TH AVE,,MIAMI,FL,331301213,3053251885,OWNER,3336C0003X,tier_1_primary_pharmacy,Y,Y,
1316203524,OMG PHARMACY DISCOUNT INC,7305 NW 36TH ST,,MIAMI,FL,331666704,3056299032,PRESIDENT,333600000X,tier_1_primary_pharmacy,Y,Y,
1922364827,PRESCRIPTION HEADQUARTERS INC,8320 W SUNRISE BLVD,SUITE 107,PLANTATION,FL,333225435,7542005054,PHARMACIST/OWNER,3336C0004X|3336C0003X,tier_1_primary_pharmacy,Y,Y,
1023374063,EAGLE LAKE PHARMACY INC,5245 A U S HWY 98 N,SUITE A,LAKELAND,FL,33809,8639377992,OWNER,333600000X|3336C0003X,tier_1_primary_pharmacy,Y,Y,
1336405109,STAYWELL PHARMACY INC.,10112 US HWY 19,,PORT RICHEY,FL,34668,7273784548,PHARMACY MANAGER,3336C0003X,tier_1_primary_pharmacy,Y,Y,
1881950590,SUNSCRIPT LLC,7869 PINES BLVD,,PEMBROKE PINES,FL,330246916,9543627645,PHARMACIST,333600000X|3336C0003X,tier_1_primary_pharmacy,Y,Y,
1902162506,SORKINS RX LTD.,251 MAITLAND AVE STE 107,,ALTAMONTE SPRINGS,FL,327014913,8772273405,PRESIDENT,3336C0003X,tier_1_primary_pharmacy,Y,Y,
1598021008,CAPITAL PHARMACY AND DISCOUNT INC,137 SW 57TH AVE,,MIAMI,FL,331443411,3052644620,PRESIDENT,333600000X,tier_1_primary_pharmacy,Y,Y,
1881951184,RX CARE OF LADY LAKE INC.,725 HIGHWAY 466,,LADY LAKE,FL,321596340,3526332105,OWNER,3336C0004X|3336S0011X|3336C0003X,tier_1_primary_pharmacy,Y,Y,
1174880207,"RAMIL RX, INC","2331 N STATE RD 7, STE 121",,LAUDERHILL,FL,33313,9545339792,PHARMACY MANAGER,3336C0003X,tier_1_primary_pharmacy,Y,Y,
1376800367,SUNRISE RX PHARMACY,2336 CLEVELAND AVE,,FORT MYERS,FL,339013540,2392887450,PRESIDENT/ OWNER,3336C0004X|3336M0002X|333600000X|3336C0003X,tier_1_primary_pharmacy,Y,Y,
1255698122,NOVA PHARMACY CORP,950 1ST ST S STE 103,,WINTER HAVEN,FL,338803607,3052626682,PRESIDENT,3336C0003X,tier_1_primary_pharmacy,Y,Y,
1538426408,"LA ROCA PHARMACY, INC.",1665 W 68TH ST,SUITE 106,HIALEAH,FL,330144400,3058272222,PRESIDENT,333600000X,tier_1_primary_pharmacy,Y,Y,
1811254618,MEDICINE PHARMACY,710 PALM AVE,,HIALEAH,FL,330104318,3053645083,PRESIDENT,3336C0003X,tier_1_primary_pharmacy,Y,Y,
1184981656,LEE MEMORIAL HEALTH SYSTEM,9981 S HEALTHPARK DR,,FORT MYERS,FL,339083618,2393435100,CHIEF FINANCIAL OFFICER,333600000X|3336C0003X,tier_1_primary_pharmacy,Y,Y,
1386901874,DR G'S PHARMACY INC,234 COMMERCIAL BLVD,,LAUDERDALE BY THE SEA,FL,333084438,9549380005,PRESIDENT,3336L0003X,tier_1_primary_pharmacy,Y,Y,
1154689503,RICHARDS PHARMACY DISCOUNT INC,15315 S DIXIE HWY,,PALMETTO BAY,FL,331571831,7864870437,PRESIDENT,333600000X,tier_1_primary_pharmacy,Y,Y,
1164789608,"FLORIDA INTEGRATED HEALTH SERVICES, LLC",1905 W BAKER ST STE B,,PLANT CITY,FL,335631601,8137193278,OWNER,3336L0003X,tier_1_primary_pharmacy,Y,Y,
1366700718,PHARMA TOPCARE INC,4310 NW 7TH AVE,,MIAMI,FL,331272502,3057517882,PRESIDENT,333600000X,tier_1_primary_pharmacy,Y,Y,
1164780516,WATED PHARMACY DISCOUNT INC,7130 SW 117TH AVE,,MIAMI,FL,331832809,3052710131,PRESIDENT,333600000X,tier_1_primary_pharmacy,Y,Y,
1215295696,"STERLING PHARMACY II, INC.",2853 NW 7TH ST,,MIAMI,FL,33125,3056444197,OWNER/PRESIDENT,333600000X,tier_1_primary_pharmacy,Y,Y,
1316205271,SUNSHINE RX LLC,5139 MANATEE AVE W,,BRADENTON,FL,342093740,9415387122,PRESIDENT,3336C0004X|3336L0003X|3336C0003X,tier_1_primary_pharmacy,Y,Y,
1134488661,"LAMBRIGHT PHARMACY, LLC",4202 W WATERS AVE STE 2,,TAMPA,FL,336141972,8138777971,RPH/ PIC,3336C0004X|3336C0003X,tier_1_primary_pharmacy,Y,Y,
1790044022,PALACE PHARMACY CORP,923 SW 122ND AVE,,MIAMI,FL,331842477,7869534291,PRESIDENT / OWNER,3336C0003X,tier_1_primary_pharmacy,Y,Y,
1124387337,PHARMACHOICE INC,6045 SW 8TH ST,,WEST MIAMI,FL,331445039,3054180046,PRESIDENT,333600000X|3336M0002X|3336C0004X|3336C0003X,tier_1_primary_pharmacy,Y,Y,
1922367291,PUBLIX SUPER MARKETS INC,2338 E IRLO BRONSON MEMORIAL HWY,,KISSIMMEE,FL,347445401,4078466825,VP PHARMACY,333600000X|3336C0003X,tier_1_primary_pharmacy,Y,N,PUBLIX
1831458868,ST LUKE PHARMACY CORP,2019 GULF TO BAY BLVD,,CLEARWATER,FL,337653703,7277547851,PRESIDENT,3336C0003X,tier_1_primary_pharmacy,Y,Y,
1740549500,EVERGREEN PHARMACY INC,875 E 10TH AVE,,HIALEAH,FL,330104645,7863604945,OWNED/PHARMACIST,3336L0003X|333600000X|3336C0003X,tier_1_primary_pharmacy,Y,Y,
1891054417,DIXIE PHARMACY DISCOUNT INC,17027 S DIXIE HWY,,PALMETTO BAY,FL,331574362,3052339202,PRESIDENT,3336C0003X,tier_1_primary_pharmacy,Y,Y,
1275892853,PHARMA TOPCARE INC,1495 NW 54TH ST,,MIAMI,FL,331423860,3057517882,MANAGER/OWNER,333600000X|3336C0003X,tier_1_primary_pharmacy,Y,Y,
1376803718,AFFORDABLE COMMUNITY PHARMACY,4801 LINTON BLVD,A4,DELRAY BEACH,FL,334456503,5614552689,OWNER,3336C0003X,tier_1_primary_pharmacy,Y,Y,
1447510730,WALGREENS PHARMACY,12600 TAMIAMI TRL S,,NORTH PORT,FL,342871974,9412441955,DISTRICT PHARMACY MANAGER,333600000X,tier_1_primary_pharmacy,Y,N,WALGREENS
1396005344,"KSP PHARMACY, LLC.",10549 N FLORIDA AVE,SUITE A,TAMPA,FL,336126707,8139369700,MEMBER,3336C0003X,tier_1_primary_pharmacy,Y,Y,
1700146461,"MY HEALTH SOUTH PHARMACY, INC.",11948 MIRAMAR PARKWAY,,MIRAMAR,FL,33025,9547031069,PRESIDENT,3336S0011X|3336C0003X,tier_1_primary_pharmacy,Y,Y,
1104187822,GREEN APPLE PHARMACY INC,4545 FOREST HILL BLVD,BAY 3,WEST PALM BEACH,FL,334159144,5616494242,OWNER/PRESIDENT,3336C0003X,tier_1_primary_pharmacy,Y,Y,
1033470588,AFFORDABLE COMMUNITY PHARMACY L L C,4801 LINTON BLVD STE 4A,,DELRAY BEACH,FL,334456501,5614507514,OWNER,333600000X|3336C0003X,tier_1_primary_pharmacy,Y,Y,
1063773679,MANGALMURTI LLC,17435 US HIGHWAY 441,SUITE-102,EUSTIS,FL,32726,3523571406,OWNER,333600000X|3336C0003X,tier_1_primary_pharmacy,Y,Y,
1073874525,PLANTATION PHARMACY INC,700 SW 78TH AVE STE 101,,PLANTATION,FL,333243313,9544738441,PRESIDENT/PHARMACIST,3336C0003X,tier_1_primary_pharmacy,Y,Y,
1023379534,NIIMERLEY CORPORATION,8040 NW 95TH ST APT 105,,HIALEAH GARDENS,FL,330162360,3058272202,PRESIDENT,3336C0003X,tier_1_primary_pharmacy,Y,Y,
1124389689,"SUN HEALTH AND WELLNESS, INC",460 US HIGHWAY 17 92 N,,HAINES CITY,FL,338444621,8634224222,PRESIDENT,333600000X|3336C0004X|3336C0003X,tier_1_primary_pharmacy,Y,Y,
1558622126,PUBLIX SUPER MARKETS INC,1112 KEY PLZ,,KEY WEST,FL,330404076,3052958050,VP PHARMACY,333600000X|3336C0003X,tier_1_primary_pharmacy,Y,N,PUBLIX
1285995696,YOUTH PHARMACY INC,10788 SW 24TH ST,,MIAMI,FL,331652499,3052202848,OWNER/PRESIDENT,333600000X,tier_1_primary_pharmacy,Y,Y,
1902167125,ALHAMBRA PHARMACY INC,4815 NW 79TH AVE STE 1,,DORAL,FL,331665437,7864521171,OWNER,3336C0003X,tier_1_primary_pharmacy,Y,Y,
1730440702,RX MARINE INC,5580 E. GRANT ST,SUITE 100,ORLANDO,FL,32822,7863107099,OWNER/PHARMACY MANAGER,3336C0003X|333600000X,tier_1_primary_pharmacy,Y,Y,
1104187947,WALMART,5851 NW 177TH ST,,HIALEAH,FL,330155127,3055587490,PHARMACY MANAGER,3336C0003X,tier_1_primary_pharmacy,Y,N,WALMART
1346502929,VH HEALTH SOLUTIONS LLC,5282 W COLONIAL DR,,ORLANDO,FL,328087623,4072862996,PHARMACIST,333600000X|3336C0003X,tier_1_primary_pharmacy,Y,Y,
1386906774,WELLNESS RX LLC,7640 NW 25TH ST STE 105,,MIAMI,FL,331221716,3053847600,CFO,333600000X|3336C0003X,tier_1_primary_pharmacy,Y,Y,
1467714840,LA FE PHARMACY,1728 W FLAGLER ST,,MIAMI,FL,331352016,7862469723,OWNER,3336C0003X,tier_1_primary_pharmacy,Y,Y,
1255693271,AVALON PHARMACY CORP,4993 SW 74TH CT,SUITE A,MIAMI,FL,331554471,3057405336,PRESIDENT,333600000X,tier_1_primary_pharmacy,Y,Y,
1972865921,KASHIBEN SAY LLC,11150 N WILLIAMS ST,UNIT 101-B,DUNNELLON,FL,344328363,3524894960,MANAGER,3336C0003X,tier_1_primary_pharmacy,Y,Y,
1114289048,RIVERS ONE INC,6807 NW 7TH AVE,,MIAMI,FL,331504115,7863604322,PHARMACY MANAGER,333600000X,tier_1_primary_pharmacy,Y,Y,
1710240593,PUBLIX SUPER MARKETS INC,6700 BAYSHORE RD,,NORTH FORT MYERS,FL,339173305,2395671828,VP PHARMACY,333600000X|3336C0003X,tier_1_primary_pharmacy,Y,N,PUBLIX
1659634285,BERAJA PHARMACY INC,2550 S DOUGLAS RD,,CORAL GABLES,FL,331346104,3054614624,CEO,3336C0003X,tier_1_primary_pharmacy,Y,Y,
1689937005,PUBLIX SUPER MARKETS INC,1290 W 68TH ST,,HIALEAH,FL,330144524,3058208870,VP PHARMACY,333600000X|3336C0003X,tier_1_primary_pharmacy,Y,N,PUBLIX
1760745061,PUBLIX SUPER MARKETS INC,501 SE 18TH AVE,,BOYNTON BEACH,FL,334356949,5612924085,VP PHARMACY,333600000X|3336C0003X,tier_1_primary_pharmacy,Y,N,PUBLIX
1063775369,E AND A PHARMACY,1891 W FLAGLER ST,,MIAMI,FL,331351939,3056421326,PRESIDENT,333600000X|3336C0003X,tier_1_primary_pharmacy,Y,Y,
1114281177,"SCRIPTS FOR LIFE, INC",1403 W BOYNTON BEACH BLVD STE 1,,BOYNTON BEACH,FL,334263470,5617312929,PRESIDENT,3336C0003X,tier_1_primary_pharmacy,Y,Y,
1508120395,MERRITT ISLAND PHARMACY,35 N COURTENAY PKWY,,MERRITT ISLAND,FL,329533476,3214540911,"PHARMACY MANAGER, PIC",333600000X|3336L0003X|3336C0003X,tier_1_primary_pharmacy,Y,Y,
1033473616,RIVER PHARMACY LLC,1708 CAPE CORAL PKWY W,UNIT 12,CAPE CORAL,FL,339146985,2392572651,OWNER,333600000X,tier_1_primary_pharmacy,Y,Y,
1598029852,WALGREENS,719 S STATE ROAD 19,,PALATKA,FL,321773946,3863286787,STORE MANAGER,333600000X,tier_1_primary_pharmacy,Y,N,WALGREENS
1629333646,DELTA DRUG DISCOUNT CORP,3240 NW 72ND AVE,,MIAMI,FL,331221318,3055936230,PRESIDENT,3336C0003X,tier_1_primary_pharmacy,Y,Y,
1851656607,"CANCER SPECIALISTS, LLC",7015 A C SKINNER PARKWAY,SUITE 2,JACKSONVILLE,FL,32256,9045192720,CEO,333600000X,tier_1_primary_pharmacy,Y,Y,
1730444563,DAVIE ROAD PHARMACY INC,6477 STIRLING RD,,DAVIE,FL,333147126,9547910161,MANAGING MEMBER,333600000X|3336C0003X,tier_1_primary_pharmacy,Y,Y,
1265797641,FRANCOFE INC,7035 SW 87TH AVE,,MIAMI,FL,331732505,7864521276,VP,333600000X|3336C0004X|3336C0003X,tier_1_primary_pharmacy,Y,Y,
1558626705,PUBLIX SUPER MARKETS INC,7628 103RD ST STE 24,,JACKSONVILLE,FL,322108719,9043175260,VP PHARMACY,333600000X|3336C0003X,tier_1_primary_pharmacy,Y,N,PUBLIX
1548515620,SOUTHERN RX LLC,10131 W COMMERCIAL BLVD,,SUNRISE,FL,333514327,9547228111,PHARMACIST IN CHARGE,3336C0004X|3336C0003X,tier_1_primary_pharmacy,Y,Y,
1558616391,MATHEW MANAGEMENT II INC,3350 E BAY DR,,LARGO,FL,337711925,7276149933,OWNER / PRESIDENT,333600000X|3336L0003X|3336C0003X,tier_1_primary_pharmacy,Y,Y,
1376898015,"GREY DOG III, INC",15955 SW 96TH ST,SUITE 105,MIAMI,FL,331961271,3057520080,PRESIDENT,3336C0003X,tier_1_primary_pharmacy,Y,Y,
1538414313,PRECISION PHARMACY GROUP LLC.,12617 RACE TRACK RD,STE B,TAMPA,FL,336261331,8135982837,MANAGING MEMBER,3336C0003X,tier_1_primary_pharmacy,Y,Y,
1174878870,OLDIN PHARMACY INC,336 NW 12TH AVE,,MIAMI,FL,331281019,3055450140,PRESIDENT/OWNER,3336C0003X,tier_1_primary_pharmacy,Y,Y,
1396090056,ARBOR PHARMACY,1112 ROCK SPRINGS RD,,APOPKA,FL,327122387,4078143977,CEO/PHARMACY MANAGER,3336C0004X|333600000X|3336C0003X,tier_1_primary_pharmacy,Y,Y,
1023363637,ULTRA PHARMACY DISCOUNT INC,2416 NW 27TH AVE,,MIAMI,FL,331427234,3056373066,PRESIDENT,3336C0003X,tier_1_primary_pharmacy,Y,Y,
1518212182,NEPTUNE BEACH PHARMACY LLC,1529 ATLANTIC BLVD,,NEPTUNE BEACH,FL,322661717,9046854919,PHARMACIST OWNER,3336C0003X,tier_1_primary_pharmacy,Y,Y,
1427303098,VISTA SPECILTY PHARMACY,1500 OAKLEY SEAVER DR STE 3,,CLERMONT,FL,347111974,3529895850,DIRECTOR OF PHARMACY,333600000X|3336C0003X,tier_1_primary_pharmacy,Y,Y,
1962757542,NARANJA PHARMACY INC,26059 S DIXIE HWY,,HOMESTEAD,FL,330326613,3052589875,OWNER,3336C0003X,tier_1_primary_pharmacy,Y,Y,
1891040242,"JAGUA PHARMACY, INC",4765 SW 8TH ST,,CORAL GABLES,FL,331342546,3054480836,OWNER,3336C0003X,tier_1_primary_pharmacy,Y,Y,
1073868444,"HTB ENTERPRISE, LLC",1500 OAKLEY SEAVER DR,SUITE #3,CLERMONT,FL,34711,3529895850,OWNER,3336C0004X|3336C0003X,tier_1_primary_pharmacy,Y,Y,
1063767333,"AMERICAN INFUSION, LLC",4625 HALDER LN STE A,,ORLANDO,FL,328146416,8556522163,CEO,3336C0003X,tier_1_primary_pharmacy,Y,Y,
1508112889,MACK BAYOU PHARMACY LLC,82 MACK BAYOU LOOP STE B,,SANTA ROSA BEACH,FL,324592607,8506220730,OWNER,3336C0003X|333600000X|3336C0004X,tier_1_primary_pharmacy,Y,Y,
1073868386,JAG PHARMACY AND HEALTH SERVICES,5335 N MILITARY TRL STE 44,,WEST PALM BEACH,FL,334073033,5616702001,OWNER,333600000X|3336L0003X|3336C0003X,tier_1_primary_pharmacy,Y,Y,
1144576463,AVENTURA RX PHARMACY INC,18749 W DIXIE HWY,,MIAMI,FL,331802617,7869424410,PRESIDENT,3336M0002X|3336C0003X,tier_1_primary_pharmacy,Y,Y,
1114273489,GALINDO PHARMACY INC,2955 SW 8TH ST,SUITE #103,MIAMI,FL,331352862,7864318246,PRESIDENT,333600000X,tier_1_primary_pharmacy,Y,Y,
1285980003,PHARMACY CARE CENTER INC,2081 W 76TH ST,,HIALEAH,FL,330161834,3058214337,"PRESIDENT/CHIEF RPH, PIC",3336C0004X|3336L0003X|333600000X|3336C0003X,tier_1_primary_pharmacy,Y,Y,
1881940518,APOTHECA GROUP,2007 SW 8TH ST,,MIAMI,FL,331353317,7863625836,PRESIDENT,333600000X,tier_1_primary_pharmacy,Y,Y,
1912253774,MARIETTA PHARMACY LLC,8299 W BEAVER ST STE 5,,JACKSONVILLE,FL,322202315,9049994884,RXM,333600000X|3336L0003X|3336C0003X,tier_1_primary_pharmacy,Y,Y,
1104172824,SUNVIEW PHARMACY LLC,6355 SW 8TH ST,UNIT 100,WEST MIAMI,FL,331444858,7863855370,OWNER,3336C0003X,tier_1_primary_pharmacy,Y,Y,
1619223351,NORTH MAIN PHARMACY,12405 N MAIN ST STE 3,,JACKSONVILLE,FL,322182609,9046960265,MANAGER,3336C0003X,tier_1_primary_pharmacy,Y,Y,
1851647515,SHEPPARD APOTHECARY,3793 HIGHWAY 4,,JAY,FL,325651756,8506756990,OWNER/PHARMACIST,3336C0004X|333600000X|3336C0003X,tier_1_primary_pharmacy,Y,Y,
1346596863,"MEDZ-DIRECT, INC.",1065 NE 125TH ST,SUITE 207,NORTH MIAMI,FL,331615821,7863470365,CEO,3336C0003X,tier_1_primary_pharmacy,Y,Y,
1669728176,PRAMUKH KRUPA RX LLC,27432 CASHFORD CIR STE 101,,WESLEY CHAPEL,FL,335446916,8136676100,PHARMACY DEPARTMENT MANAGER,3336C0003X,tier_1_primary_pharmacy,Y,Y,
1467709709,PASCO PHARMACY INC,9332 STATE ROAD 54 STE 205,,NEW PORT RICHEY,FL,346551810,8139919500,CHIEF EXECUTIVE OFFICER,3336C0004X|333600000X,tier_1_primary_pharmacy,Y,Y,
1174870885,VEDADO PHARMACY CORP,14637 SW 56TH ST,,MIAMI,FL,331755703,3052261452,MANAGER,3336C0003X,tier_1_primary_pharmacy,Y,Y,
1154678852,"LIFE LINE HEALTH PARTNERS, LLC",3740 SAINT JOHNS BLUFF RD S,SUITE 3,JACKSONVILLE,FL,322242651,9047302223,PRESIDENT,333600000X|3336C0004X|3336H0001X|3336S0011X,tier_2_secondary_pharmacy,N,Y,
1407103187,VICTOR FARRIS PHARMACY INC,120 N. FEDERAL HWY,,DEERFIELD BEACH,FL,33441,9543792444,OWNER,333600000X|3336C0003X,tier_1_primary_pharmacy,Y,Y,
1316294093,SOUTH OCEAN PHARMACY INC,2875 S OCEAN BLVD,SUITE 103,PALM BEACH,FL,334805590,5617214359,OWNER/PHARMACIST,3336C0003X,tier_1_primary_pharmacy,Y,Y,
1043568561,TOPCARE PHARMACY 4 LLC,6484 FORT CAROLINE RD,,JACKSONVILLE,FL,322772042,9047224295,OWNER,333600000X|3336C0003X,tier_1_primary_pharmacy,Y,Y,
1285982611,FRANKLIN PHARMACY SOUTH LLC,13933 17TH ST STE 300,,DADE CITY,FL,335254603,3524374856,CEO,3336C0003X,tier_1_primary_pharmacy,Y,Y,
1558619759,YONG PHARMACY DISCOUNT,2324 SW 67TH AVE,,MIAMI,FL,331551846,7863884990,PESIDENT,3336L0003X,tier_1_primary_pharmacy,Y,Y,
1659629871,ORLANDO HEALTH INC,92 W MILLER ST,,ORLANDO,FL,328062032,8552422899,"SYSTEM DIRECTOR, OUTPT PHCY",3336C0003X|3336H0001X,tier_1_primary_pharmacy,Y,Y,
1699023705,"AMERICAN PHARMACY, INC",1432 E 4TH AVE,,HIALEAH,FL,330103528,3056037791,PRESIDENT / OWNER,3336C0003X,tier_1_primary_pharmacy,Y,Y,
1699023655,"PRIME PHARMACY SERVICES, LLC",2427 PORTER LAKE DR,SUITE 109,SARASOTA,FL,342408853,9413782607,PRESIDENT,3336L0003X,tier_1_primary_pharmacy,Y,Y,
1366790123,PRAMUKHCS LLC,718 RIVERSIDE DR,,CORAL SPRINGS,FL,330717008,9546544936,PHARMACY MANAGER,3336C0003X,tier_1_primary_pharmacy,Y,Y,
1356699953,NEW LIFE PHARMACY LLC,283 NW 82ND AVE,,MIAMI,FL,33126,7869086370,OWNER,3336C0003X,tier_1_primary_pharmacy,Y,Y,
1053669630,ARTH LLC,1446 LEE BLVD,,LEHIGH ACRES,FL,339364850,2396749737,PHARMACY MANAGER,333600000X|3336C0003X,tier_1_primary_pharmacy,Y,Y,
1639428048,RISSAN INC,342 SHOPPING CENTER DR,,WILDWOOD,FL,347854533,3527489900,VP,3336C0003X,tier_1_primary_pharmacy,Y,Y,
1730438169,HARMONY PHARMACY INC,4615 NW 72ND AVE UNIT 115,,MIAMI,FL,331665698,3055991975,OWNER,3336C0003X,tier_1_primary_pharmacy,Y,Y,
1508115890,METROMEDS PHARMACY LLC,409 E MICHIGAN ST,,ORLANDO,FL,328064541,3218882222,MANAGER,333600000X|3336C0004X|3336S0011X|3336C0003X,tier_1_primary_pharmacy,Y,Y,
1558610527,REVIVE PHARMACY INC,16205 S TAMIAMI TRL,SUITE # 6,FORT MYERS,FL,339085304,2392044223,OWNER,333600000X|3336C0003X,tier_1_primary_pharmacy,Y,Y,
1427307461,INNOVATIVERX GULF COAST PHARMACY INC,1035 COLLIER CENTER WAY STE 2,,NAPLES,FL,341108474,2393249619,PRESIDENT,333600000X|3336L0003X,tier_1_primary_pharmacy,Y,Y,
1336498377,MD MOULTON LLC,8400 ASTRONAUT BLVD,,CAPE CANAVERAL,FL,329204302,3217837883,OWNER/PHARMACIST,333600000X|3336C0003X,tier_1_primary_pharmacy,Y,Y,
1871842666,"THE HUNTER'S CREEK, LLC",1196 CYPRESS GLEN CIR.,,KISSIMMEE,FL,34741,4078085640,PHARMACY MANAGER,3336C0003X,tier_1_primary_pharmacy,Y,Y,
1679822365,THE PHARMACY LLC,333 SOUTH PLUMOSA STREET,,MERRITT ISLAND,FL,329524891,3212088999,PHARMACIST/OWNER,333600000X|3336C0004X|3336C0003X,tier_1_primary_pharmacy,Y,Y,
1821348525,"FLORIDA PHARMACY SOLUTIONS, INC",38444 5TH AVENUE,,ZEPHYRHILLS,FL,33542,3524374856,CEO,3336C0003X,tier_1_primary_pharmacy,Y,Y,
1285984963,WALGREENS,719 SOUTH STATE ROAD 19,,PALATKA,FL,32177,3863286787,CERTIFIED PHARMACY TECHNICIAN,3336C0003X,tier_1_primary_pharmacy,Y,N,WALGREENS
1881944346,NEMOURS FOUNDATION,13535 NEMOURS PKWY,,ORLANDO,FL,328277402,4075674799,PHARMACY MANAGER,333600000X|3336C0003X,tier_1_primary_pharmacy,Y,Y,
1720338163,"DR G'S PHARMACY, INC",1425 S CONGRESS AVE,,DELRAY BEACH,FL,334456384,5613303146,PRESIDENT,3336C0003X,tier_1_primary_pharmacy,Y,Y,
1073863312,XUBEX PHARMACY LLC,500 STATE ROAD 436 STE 2064,,CASSELBERRY,FL,327075392,4073782309,CEO/PRESIDENT,3336S0011X|3336M0002X|3336C0004X|333600000X|3336L0003X,tier_1_primary_pharmacy,Y,Y,
1740530013,GOLDTREE RX LLC,1401 SE GOLDTREE DR STE 103,,PORT ST LUCIE,FL,349527584,7722374426,PHARMACIST/MANAGER,333600000X|3336C0004X,tier_1_primary_pharmacy,Y,Y,
1902156284,FILL-A-SCRIPT PHARMACY,2500 SW 107TH AVE STE 30,,MIAMI,FL,331652492,3052260181,SECRETARY,3336S0011X|3336C0003X,tier_1_primary_pharmacy,Y,Y,
1023368123,TRUE PHARMACY INC,748 NW 183RD ST,,MIAMI GARDENS,FL,331694250,7864841777,PRESIDENT,3336C0004X|3336C0003X,tier_1_primary_pharmacy,Y,Y,
1568712693,"RURAL HEALTH CARE, INCORPORATED",105 WHITEHALL DR,SUITES 109-114,ST AUGUSTINE,FL,320865269,9048292530,PRESIDENT/CEO,3336C0003X,tier_1_primary_pharmacy,Y,Y,
1528319340,J & J TURF SUPPLY INC.,4911 LYONS TECHNOLOGY PKWY,# 7,COCONUT CREEK,FL,330734347,9544191390,DIRECTOR,3336C0003X,tier_1_primary_pharmacy,Y,Y,
1487905097,BEST CARE PHARMACY,2389 CORAL WAY,,CORAL GABLES,FL,331453510,3058560070,PRESIDENT,333600000X,tier_1_primary_pharmacy,Y,Y,
1679824346,ANAZAOHEALTH CORPORATION,5710 HOOVER BLVD,,TAMPA,FL,336345339,8138824500,CFO,3336C0004X|3336C0003X,tier_1_primary_pharmacy,Y,Y,
1164773636,PUBLIX SUPER MARKETS INC,13401 S DIXIE HWY,,PINECREST,FL,331566512,3052510957,VP PHARMACY,333600000X|3336C0003X,tier_1_primary_pharmacy,Y,N,PUBLIX
1699026161,PUBLIX SUPER MARKETS INC,902 CURLEW RD,,DUNEDIN,FL,346981901,7277369208,VP PHARMACY,333600000X|3336C0003X,tier_1_primary_pharmacy,Y,N,PUBLIX
1487905840,EAGLE PHARMACY LLC,350 EAGLES LANDING DR,,LAKELAND,FL,338102999,8557482663,VP PHARMACY OPERATIONS,3336M0002X|333600000X|3336C0003X,tier_1_primary_pharmacy,Y,Y,
1083965115,FARMACIA ADELFA & PATY INC,626 SW 109TH AVE,,MIAMI,FL,331741338,3052278990,PRESIDENT,333600000X,tier_1_primary_pharmacy,Y,Y,
1750632717,SAI RX LLC,2747 BLANDING BLVD,SUITE 104,MIDDLEBURG,FL,320685653,9042143747,OWNER/PIC,3336C0003X,tier_1_primary_pharmacy,Y,Y,
1578814539,LITTLEROADPHARMACY LLC,4211 LITTLE RD,UNIT # 4,NEW PORT RICHEY,FL,346551606,7273725222,OWNER / PHARMACIST,3336C0003X,tier_1_primary_pharmacy,Y,Y,
1053662973,RX GROUP ONE LLC,305 CLYDE MORRIS BLVD,SUITE # 200,ORMOND BEACH,FL,321748181,3868727605,OWNER,333600000X|3336C0003X,tier_1_primary_pharmacy,Y,Y,
1417209396,LIVING WELL PHARMACY,1203 E SUNRISE BLVD,,FORT LAUDERDALE,FL,333042810,9545015451,PHARMACIST,3336C0003X,tier_1_primary_pharmacy,Y,Y,
1982956702,5M PHARMA LLC,6056 VAN DYKE RD,,LUTZ,FL,335588000,8139689100,OWNER/PHARMACIST IN CHARGE,333600000X|3336C0003X,tier_1_primary_pharmacy,Y,Y,
1730431487,XUBEX COMMUNITY PHARMACY INC,500 STATE ROAD 436 STE 1010,,CASSELBERRY,FL,327075376,4076245088,PRESIDENT,333600000X|3336C0004X|3336L0003X|3336M0002X|3336S0011X|3336C0003X,tier_1_primary_pharmacy,Y,Y,
1073865614,BALANCEMED LLC,13460 SW 10TH ST,,PEMBROKE PINES,FL,330271833,9543917788,PRESIDENT,333600000X|3336C0003X,tier_1_primary_pharmacy,Y,Y,
1932451556,"TRIO PHARMACY, INC.",5587 SW 8TH ST,,CORAL GABLES,FL,331342219,3052640350,PRESIDENT,333600000X,tier_1_primary_pharmacy,Y,Y,
1780936476,BLACK & WHITE PHARMACY CORP,1003 W FLAGLER ST,,MIAMI,FL,331301031,3055452108,OWNER,333600000X,tier_1_primary_pharmacy,Y,Y,
1457603078,FLORIDA HEALTH CARE PLAN INC,1510 RIDGEWOOD AVE STE 101,,HOLLY HILL,FL,321172259,3866767126,CMO,333600000X|3336M0002X|3336S0011X|3336M0003X,tier_1_primary_pharmacy,Y,Y,
1255683835,GREAT CARE PHARMACY INC,2505 NW 54TH ST,,MIAMI,FL,331422947,3056362994,PRESIDENT/PHARMACY MANAGER,333600000X|3336C0003X,tier_1_primary_pharmacy,Y,Y,
1598017089,PG OF MIAMI LLC,880 NE 125TH ST,,NORTH MIAMI,FL,331615743,3058931122,CEO,3336C0003X,tier_1_primary_pharmacy,Y,Y,
1710239249,RISSAN INC,211 N MARKET ST,,BUSHNELL,FL,335136108,3527938000,VP,3336C0004X|3336C0003X,tier_1_primary_pharmacy,Y,Y,
1326390675,PUBLIX SUPER MARKETS INC,3551 US HIGHWAY 441 S,,OKEECHOBEE,FL,349746247,8637630428,VP PHARMACY,333600000X|3336C0003X,tier_1_primary_pharmacy,Y,N,PUBLIX
1851643043,PUBLIX SUPER MARKETS INC,29 BLAKE BLVD,,CELEBRATION,FL,347475414,3219393106,VP PHARMACY,333600000X|3336C0003X,tier_1_primary_pharmacy,Y,N,PUBLIX
1629320825,"RIVERSIDE COMMUNITY PHARMACY, INC.","RIVERSIDE COMMUNITY PHARMACY, INC.",1456 NW 17TH AVE,MIAMI,FL,33125,3055496677,ADMINISTRATOR,333600000X|3336C0003X,tier_1_primary_pharmacy,Y,Y,
1255683306,INFINITI PHARMACY AND INFUSION SERVICES INC,1338 N FEDERAL HWY,,POMPANO BEACH,FL,330623730,9544149900,PRESIDENT,3336C0003X,tier_1_primary_pharmacy,Y,Y,
1083966105,JC RESOURCES LLC,689 9TH ST N,,NAPLES,FL,341028100,2392622222,PRESIDENT,3336C0003X,tier_1_primary_pharmacy,Y,Y,
1285986224,FAMILY PHARMACY,3644 WEBBER ST,,SARASOTA,FL,342324413,9419216645,MANAGER,3336C0003X,tier_1_primary_pharmacy,Y,Y,
1992058929,ADVANCE PHARMACY SOLUTIONS LLC,10910 SW 184TH ST,,CUTLER BAY,FL,331576608,7867324613,OWNER/MANAGAR,333600000X|3336C0003X|3336L0003X,tier_1_primary_pharmacy,Y,Y,
1033462007,OLGUIN PHARMACY DISCOUNT CORP,12236 SW 8TH ST,,MIAMI,FL,331841552,3052207360,PRESIDENT,3336C0003X,tier_1_primary_pharmacy,Y,Y,
1659624534,MEDPLUS PHARMACY,13016 SW 120TH ST,,MIAMI,FL,331864526,3059694435,PRESIDENT,3336C0003X,tier_1_primary_pharmacy,Y,Y,
1154674968,"DHANALAKSHMI RX, LLC",659 NW 62ND ST,,MIAMI,FL,331504329,3057593339,MANAGER,3336C0004X|3336C0003X,tier_1_primary_pharmacy,Y,Y,
1891048625,PUBLIX SUPER MARKETS INC,6872 COLLINS AVE,,MIAMI BEACH,FL,331413244,3058647410,VP PHARMACY,333600000X|3336C0003X,tier_1_primary_pharmacy,Y,N,PUBLIX
1285987982,PANAMA CITY DRUGS CORP,3127 E HIGHWAY 98,,PANAMA CITY,FL,324015415,8506155000,PHARMACIST,333600000X,tier_1_primary_pharmacy,Y,Y,
1275886079,PUBLIX SUPER MARKETS INC,13900 NARCOOSSEE RD,,ORLANDO,FL,328326960,4072402107,VP PHARMACY,333600000X|3336C0003X,tier_1_primary_pharmacy,Y,N,PUBLIX
1003169699,S & B HEALTH SYSTEMS LLC,2711 CLEARLAKE RD # C-10,,COCOA,FL,329225721,3213056909,OWNER/PHARMACIST,333600000X|3336C0004X|3336L0003X|3336S0011X|3336C0003X,tier_1_primary_pharmacy,Y,Y,
1194078675,MEDIKON LLC,7077 NORMANDY BLVD,SUITE 5,JACKSONVILLE,FL,322056279,9049007700,PHARMACY MANAGER,3336C0003X,tier_1_primary_pharmacy,Y,Y,
1861745325,PUBLIX SUPER MARKETS INC,3122 MAHAN DR,,TALLAHASSEE,FL,323082500,8504020808,VP PHARMACY,333600000X|3336C0003X,tier_1_primary_pharmacy,Y,N,PUBLIX
1922351436,HYBRID PHARMA LLC,1015 W NEWPORT CENTER DR STE 106A,,DEERFIELD BEACH,FL,334427707,9547082771,PRESIDENT,3336S0011X,tier_1_primary_pharmacy,Y,Y,
1720331168,MIAMI DADE PHARMACY DISCOUNT INC,2168 NW 7TH ST,,MIAMI,FL,331253425,3056434720,PRESIDENT,3336C0003X,tier_1_primary_pharmacy,Y,Y,
1700139003,LANTANA PHARMACY,3206 LANTANA ROAD,,LANTANA,FL,334622432,5619647614,PRESIDENT,3336C0003X,tier_1_primary_pharmacy,Y,Y,
1053664268,PRESTIAGE PHARMACY AND MEDICAL SUPPLIES INC,2150 W 76TH ST,SUITE 106,HIALEAH,FL,330161882,3055583848,PRESSIDENT,3336S0011X,tier_1_primary_pharmacy,Y,Y,
1114271137,ST PETE COMPOUNDING PHARMACY,3434 13TH AVE N,,ST PETERSBURG,FL,337135424,7272091282,CO-OWNER/PHARMACIST,3336C0004X,tier_1_primary_pharmacy,Y,Y,
1396099925,SOUTH PACIFIC PHARMACY,1800 SW 1ST ST,SUITE 101,MIAMI,FL,331351960,3056420180,PRESIDENT OWNER,3336L0003X,tier_1_primary_pharmacy,Y,Y,
1104170612,LUMI PHARMACY LLC,261 WESTWARD DR,SUITE 108-109,MIAMI SPRINGS,FL,331665290,3058886755,PRESIDENT,3336C0003X,tier_1_primary_pharmacy,Y,Y,
1033463542,ELITE CARE PHARMACY CORP,19112 NW 23RD CT,,PEMBROKE PINES,FL,330295335,9546350397,PRESIDENT,3336C0003X,tier_1_primary_pharmacy,Y,Y,
1447504881,DIANA MOLDON CORPORATION,3512 DEL PRADO BLVD CHELSEA PLACE,SUITE 111,CAPE CORAL,FL,339047259,3056431417,OWNER,3336C0003X,tier_1_primary_pharmacy,Y,Y,
1386998623,LBG HOLDINGS LLC,2864 W MAIN ST,,LEESBURG,FL,347484631,3523151200,PHARMACY MANAGER,3336M0002X|3336C0004X|3336C0003X|333600000X|3336C0002X,tier_1_primary_pharmacy,Y,Y,
1568716751,"PUNTA GORDA HMA, LLC",809 E MARION AVE,,PUNTA GORDA,FL,339503819,9416372519,DIRECTOR/DELEGATED OFFICIAL,3336H0001X,tier_1_primary_pharmacy,Y,Y,
1598009573,COASTAL SPECIALTY PHARMACY LLC,2050 W COUNTY HIGHWAY 30A,M1-106,SANTA ROSA BEACH,FL,324590187,8506223315,MGMR,333600000X,tier_1_primary_pharmacy,Y,Y,
1326382227,METROPOLITAN PHARMACY CORP.,3253 NW 7TH ST,,MIAMI,FL,331254139,7865183919,PRESIDENT,333600000X,tier_1_primary_pharmacy,Y,Y,
1841534534,PUBLIX SUPER MARKETS INC,1981 TAMIAMI TRL N,,NAPLES,FL,341024804,2392620273,VP PHARMACY,333600000X|3336C0003X,tier_1_primary_pharmacy,Y,N,PUBLIX
1306180997,LORDONI DISCOUNT PHARMACY INC,6300 N WICKHAM RD,SUITE 126,MELBOURNE,FL,329402028,3216103114,OWNER,3336L0003X|333600000X|3336C0003X,tier_1_primary_pharmacy,Y,Y,
1215271895,V & N PHARMACY LLC,2290 WEST EAU GALLIE BLVD,SUITE 112,MELBOURNE,FL,32935,3214284505,OWNER,3336L0003X|333600000X,tier_1_primary_pharmacy,Y,Y,
1497099055,GIRIRAJ LLC,1322 STATE ROAD 60 E,,LAKE WALES,FL,338534322,8636760400,OWNER,333600000X|3336C0003X,tier_1_primary_pharmacy,Y,Y,
1386988806,SOUTH BROWARD HOSPITAL DISTRICT,777 S DOUGLAS RD,,PEMBROKE PINES,FL,330251353,9545185670,INTERIM CHIEF FINANCIAL OFFICER,3336C0004X|333600000X|3336L0003X,tier_1_primary_pharmacy,Y,Y,
1689918997,A & C MEDICAL SUPPLIES INC,3955 SW 137TH AVE,STE D5,MIAMI,FL,331756478,3052230090,PRESIDENT,3336C0003X,tier_1_primary_pharmacy,Y,Y,
1518202878,SAVE N CARE LLC,13850 LITTLE RD,,HUDSON,FL,346678025,7278635200,OWNER/PHARMACIST,3336C0003X,tier_1_primary_pharmacy,Y,Y,
1144565466,UNITED CARE PHARMACY LLC,13339 SW 42ND ST,,MIAMI,FL,331753270,3057642804,PRESIDENT,3336C0003X,tier_1_primary_pharmacy,Y,Y,
1134464332,WALGREEN CO.,7520 W NEWBERRY RD,,GAINESVILLE,FL,326066728,3523337916,CEO,3336C0003X,tier_1_primary_pharmacy,Y,N,WALGREEN
1609111764,CAB PHARMACY INC,1501 1ST ST S,SUITE 1,WINTER HAVEN,FL,338804307,8632295974,PHARMACY MANAGER,3336C0003X,tier_1_primary_pharmacy,Y,Y,
1770828741,ALPHA-OMEGA PHARMACY,4625 E BAY DR STE 313,,CLEARWATER,FL,337645747,8445570835,OWNER,333600000X|3336C0003X,tier_1_primary_pharmacy,Y,Y,
1407191299,PROJECT HEALTH INC,595 N LECANTO HWY,,SUMTERVILLE,FL,335855141,3527935900,CEO,3336C0003X,tier_2_secondary_pharmacy,N,Y,
1598000291,"ANDY'S PHARMACY & DISCOUNT, INC",4315 NW 7TH ST,STE 15,MIAMI,FL,331263560,7865238114,PRESIDENT/OWNER,3336C0003X,tier_1_primary_pharmacy,Y,Y,
1265777858,SIESTA NUTRITION & VITAMINS INC.,1882 STICKNEY POINT RD,,SARASOTA,FL,342318847,9419290884,PRESIDENT,3336C0003X,tier_1_primary_pharmacy,Y,Y,
1881939312,WELLNESS RX TAMPA LLC,7208 N STERLING AVE,SUITE B,TAMPA,FL,336144228,8133042266,PRESCRIPTION DEOARTMENT MANAGER,3336C0003X,tier_1_primary_pharmacy,Y,Y,
1275878738,THRIFTY DISCOUNT PHARMACY LLC,32 W NEW HAVEN AVE,,MELBOURNE,FL,329014406,3216765999,REGISTERED PHARMACIST,333600000X|3336C0003X,tier_1_primary_pharmacy,Y,Y,
1306182670,RIGHTCHOICE PHARMACY LLC,2309 W WOOLBRIGHT RD,SUITE 4,BOYNTON BEACH,FL,33426,5615090707,OWNER PHARMACIST,333600000X|3336C0003X,tier_1_primary_pharmacy,Y,Y,
1902142144,LPE PHARMACY LLC,4380 OAKES RD,SUITE 807,DAVIE,FL,333142238,9546344746,PHARMACIST IN CHARGE,3336C0003X,tier_1_primary_pharmacy,Y,Y,
1255677498,JAHEMA ENTERPRISE INC,15320 NW GAINESVILLE ROAD,,REDDICK,FL,32686,3525911116,OWNER,3336C0003X|333600000X,tier_1_primary_pharmacy,Y,Y,
1639415839,PHARMALABS LLC,10901 ROOSEVELT BLVD N,,ST PETERSBURG,FL,337162305,7275766655,MANAGING MEMBER,3336C0003X,tier_1_primary_pharmacy,Y,Y,
1528304532,MEDGET,5588 BROADCAST CT,,LAKEWOOD RANCH,FL,342408471,9419937060,DIRECTOR,333600000X,tier_1_primary_pharmacy,Y,Y,
1518203470,"PUBLIX SUPER MARKETS, INC.",2595 N ATLANTIC AVE,,DAYTONA BEACH,FL,321183203,3866771073,VP PHARMACY,333600000X|3336C0003X,tier_1_primary_pharmacy,Y,N,PUBLIX
1750627543,"EZ CARE PHARMACY, INC",3353 SHERIDAN ST STE D,,HOLLYWOOD,FL,330213632,9549810614,PRESIDENT,333600000X|3336L0003X,tier_1_primary_pharmacy,Y,Y,
1639415474,"PUBLIX SUPER MARKETS, INC.",9239 W ATLANTIC AVE,,DELRAY BEACH,FL,334469002,5614981290,VP PHARMACY,333600000X|3336C0003X,tier_1_primary_pharmacy,Y,N,PUBLIX
1164768990,NAVARRO HEALTH SERVICES NO 2 LLC,3090 SW 37TH AVE,,MIAMI,FL,331334311,3058354912,EVP,3336C0003X,tier_1_primary_pharmacy,Y,Y,
1811233430,HEARTLAND PHARMACY LAKE PLACID,342 E ROYAL PALM ST,,LAKE PLACID,FL,338525019,8636591780,OWNER/PRESIDENT,333600000X|3336C0003X,tier_1_primary_pharmacy,Y,Y,
1649516113,NATIONAL COMPOUNDING COMPANY INC,1824 59TH ST W,,BRADENTON,FL,342094630,9417922688,PRESIDENT,3336M0002X|3336C0004X|3336C0003X,tier_1_primary_pharmacy,Y,Y,
1518204882,SAMARA PHARMACY SERVICES LLC,7855 ARGYLE FOREST BLVD STE 801,,JACKSONVILLE,FL,322447706,9048001888,PHARMACY MANAGER,333600000X|3336L0003X|3336C0004X|3336C0003X,tier_1_primary_pharmacy,Y,Y,
1871830034,MD OMEGA PHARMACY INC,823 SOUTHERN BLVD,,WEST PALM BEACH,FL,334052529,5615477710,CO-OWNER SECRETARY,3336C0003X,tier_1_primary_pharmacy,Y,Y,
1619214616,CINERGY PHARMACY LLC,2116 S ORANGE AVE,SUITE B,ORLANDO,FL,328063055,4077570567,MANAGER,333600000X|3336C0004X|3336C0003X,tier_1_primary_pharmacy,Y,Y,
1871830950,MG PHARMACY & DISCOUNT INC,764 E 10TH ST,,HIALEAH,FL,330103636,7863601253,PRESIDENT,3336C0003X,tier_1_primary_pharmacy,Y,Y,
1841537826,FORT MYERS BEACH PHARMACY,1003 8TH AVE W,,BRADENTON,FL,342057709,9417942444,PRESCRIPTION DEPARTMENT MANAGER,3336C0003X,tier_1_primary_pharmacy,Y,Y,
1679810568,BAYCARE PHARMACY,620 10TH ST N,,SAINT PETERSBURG,FL,337051407,7275024144,DIRECTOR,3336C0003X,tier_1_primary_pharmacy,Y,Y,
1851638597,JAI HANUMANJI LLC,36186 US HWY 27,,HAINES CITY,FL,33845,4077299157,OWNER,3336C0003X,tier_1_primary_pharmacy,Y,Y,
1144567884,LA IDEAL PHARMACY & DISCOUNT,4920 E 4 AVE,,HIALEAH,FL,33012,3058210070,PRESIDENT,333600000X,tier_1_primary_pharmacy,Y,Y,
1275870818,OCALA PHARMACY LLC,8290 SW HIGHWAY 200,,OCALA,FL,344819677,3525097890,OWNER,3336S0011X|3336L0003X|3336C0003X,tier_1_primary_pharmacy,Y,Y,
1629315213,MIAMI PHARMACY CORP,15552 SW 72ND ST,,MIAMI,FL,331931900,3057520200,PRESIDENT,333600000X,tier_1_primary_pharmacy,Y,Y,
1619215290,PUBLIX PHARMACY,1170 WESTON RD,,WESTON,FL,333261915,9543847480,PHARMACY MANAGER,3336C0003X,tier_1_primary_pharmacy,Y,N,PUBLIX
1780922245,TAJJ MULTISERVICES LLC,3338 NE 34TH ST,,FORT LAUDERDALE,FL,333086906,9547414000,PHARMACIST,333600000X|3336L0003X|3336C0003X,tier_1_primary_pharmacy,Y,Y,
1972841229,"SUDDHA PHARMACY, LLC",255 SUNRISE AVE,,PALM BEACH,FL,334803876,5616596713,MANAGER,333600000X|3336L0003X,tier_1_primary_pharmacy,Y,Y,
1174861181,PUBLIX SUPER MARKETS INC,2633 N DIXIE HWY,,WILTON MANORS,FL,333343724,9545614337,VP PHARMACY,333600000X|3336C0003X,tier_1_primary_pharmacy,Y,N,PUBLIX
1740528686,AP PHARMACY INC,5757 SW 8TH ST,,WEST MIAMI,FL,331445060,7865369521,PRESIDENT,333600000X|3336C0003X,tier_1_primary_pharmacy,Y,Y,
1306184205,ST MOSES PHARMACY CORP,11629 SW 216TH ST,,MIAMI,FL,331702908,3059699193,PRESIDENT,3336C0003X,tier_1_primary_pharmacy,Y,Y,
1629316500,CHORI CORP,10825 NW 17TH ST,SUITE 105,MIAMI,FL,331722016,3056292633,CEO/PRESIDENT,3336S0011X,tier_1_primary_pharmacy,Y,Y,
1255679080,JRX PHARMACY LLC,4024 W HILLSBOROUGH AVE,,TAMPA,FL,336145628,8138742900,PRESIDENT/PHARMACIST,333600000X|3336C0003X,tier_1_primary_pharmacy,Y,Y,
1649518416,"CENTERWELL PHARMACY, INC.",5849 OKEECHOBEE BLVD STE 203,,WEST PALM BEACH,FL,334174352,5616239848,VP,3336C0002X|3336C0003X,tier_1_primary_pharmacy,Y,Y,
1932447661,A-1 PHARMACY INC,265 NE 24TH ST STE 106,,MIAMI,FL,331375040,7862755395,PRESIDENT,333600000X,tier_1_primary_pharmacy,Y,Y,
1285973842,CAREMAX PHARMACY LLC,2789 PARK ST,,JACKSONVILLE,FL,322057607,9045519026,MANAGING MEMBER,3336C0003X,tier_1_primary_pharmacy,Y,Y,
1811236219,SUNSHINE PHARMACY SERVICES LTD CO,1231 LAKELAND HILLS BLVD,,LAKELAND,FL,338054673,8639379038,MANAGER/OWNER,333600000X|3336C0003X,tier_1_primary_pharmacy,Y,Y,
1487993788,ST JOSEPH PHARMACY LLC,7933 N ARMENIA AVE,,TAMPA,FL,336043830,8139306000,PHARMACY MANAGER,3336C0004X|3336S0011X|333600000X|3336C0003X,tier_1_primary_pharmacy,Y,Y,
1063751238,DEL PRADO DISCOUNT PHARMACY,2504 DEL PRADO BLVD S,,CAPE CORAL,FL,339045750,2396739415,OWNER,3336C0003X,tier_1_primary_pharmacy,Y,Y,
1811236938,CITRUS SPRINGS PHARMACY INC,10479 N FLORIDA AVE,,CITRUS SPRINGS,FL,344343268,3524891341,PHARMACIST,3336C0003X,tier_1_primary_pharmacy,Y,Y,
1508105677,"TOPICAL RX PHARMACY, LLC",1536 KINGSLEY AVE,#118,ORANGE PARK,FL,320734587,8509334342,PARTNER,3336C0003X,tier_1_primary_pharmacy,Y,Y,
1730428897,"AGEVITAL PHARMACY, LLC",16 S BLVD OF THE PRESIDENTS,,SARASOTA,FL,342361424,9419288066,PROPRIETOR/GENERAL MANAGER,3336C0003X|3336C0004X,tier_1_primary_pharmacy,Y,Y,
1972842870,EXPRESS PHARMACY CORP,9833 PINES BLVD,,PEMBROKE PINES,FL,330246100,9544362359,"OWNER, PIC",333600000X|3336C0004X|3336C0003X,tier_1_primary_pharmacy,Y,Y,
1841539798,PUBLIX SUPER MARKETS INC,555 NE 5TH AVE,,DELRAY BEACH,FL,334835634,5612786558,VP PHARMACY,333600000X|3336C0003X,tier_1_primary_pharmacy,Y,N,PUBLIX
1417296369,PUBLIX SUPER MARKETS INC,4115 NW 16TH BLVD,,GAINESVILLE,FL,326053505,3523363745,VP PHARMACY,333600000X|3336C0003X,tier_1_primary_pharmacy,Y,N,PUBLIX
1699014449,"CREATIVE SCRIPTS, LLC",600 GOODLETTE RD N,#108,NAPLES,FL,341025662,2392610500,OWNER / PIC,3336C0004X,tier_1_primary_pharmacy,Y,Y,
1902146731,PUBLIX SUPER MARKETS INC,6525 NOVA DR,,DAVIE,FL,333177401,9544749027,VP PHARMACY,333600000X|3336C0003X,tier_1_primary_pharmacy,Y,N,PUBLIX
1386984979,WALGREENS,4651 W KENNEDY BLVD,,TAMPA,FL,336092519,8132861366,PHARMACIST,333600000X,tier_1_primary_pharmacy,Y,N,WALGREENS
1063752236,VICTORY PHARMACY CORPORATION,1003 SW 67TH AVE,,WEST MIAMI,FL,331444757,7865425670,PRESIDENT/OWNER,3336C0003X,tier_1_primary_pharmacy,Y,Y,
1164762381,RITECARE HEALTH LLC,12014 E COLONIAL DR STE 140,,ORLANDO,FL,328264751,4072036895,MANAGER,3336C0004X|333600000X|3336C0003X,tier_1_primary_pharmacy,Y,Y,
1215277439,LARKIN COMMUNITY HOSPITAL PALM SPRINGS CAMPUS LLC,1475 W 49TH ST,,HIALEAH,FL,330123222,3058244780,DIRECTOR OF PHARMACY,3336S0011X|3336C0003X|3336H0001X,tier_1_primary_pharmacy,Y,Y,
1851631980,"ACARIAHEALTH PHARMACY, INC.",6923 LEE VISTA BLVD STE 200,,ORLANDO,FL,328224703,4079031308,PRESIDENT,333600000X|3336C0003X,tier_1_primary_pharmacy,Y,Y,
1699016550,ADVANCED RX LLC,1942 NE 163 ST,,NORTH MIAMI BEACH,FL,33162,3059497464,OWNER,333600000X,tier_1_primary_pharmacy,Y,Y,
1629319520,"E.D.I PHARMACY & DISCOUNT, INC",557 E 9TH ST,,HIALEAH,FL,330104549,7862940431,SECRETARY,3336C0003X,tier_1_primary_pharmacy,Y,Y,
1114268950,"TAMPA FAMILY HEALTH CENTERS, INC.",7608 CAUSEWAY BLVD,,TAMPA,FL,336195912,8133975300,PRESIDENT/CEO,3336C0003X,tier_1_primary_pharmacy,Y,Y,
1508107418,ARY PHARMACY CORP,4790 NW 7TH ST,SUITE # 106,MIAMI,FL,331262200,7862940570,PRESIDENT,3336C0003X,tier_1_primary_pharmacy,Y,Y,
1023359775,"LUCAYA PHARMACY & DISCOUNT, INC",1554 W 68TH ST,,HIALEAH,FL,330143810,3058214048,OWNER,3336C0003X,tier_1_primary_pharmacy,Y,Y,
1326389867,SHIVKRUPA INC,1577 US HIGHWAY 27 N,,AVON PARK,FL,338252150,8634533884,OWNER,333600000X|3336C0003X,tier_1_primary_pharmacy,Y,Y,
1205177607,ASHKA RX LLC,202 SW 17TH ST STE A,,OCALA,FL,344718138,3526242779,OWNER,3336L0003X|3336C0004X|3336S0011X|3336C0003X,tier_1_primary_pharmacy,Y,Y,
1710228085,"SOLERA SPECIALTY PHARMACY, LLC",2100 PARK CENTRAL BLVD N,STE 300,POMPANO BEACH,FL,330642219,9546151840,CEO,3336S0011X|3336C0003X,tier_1_primary_pharmacy,Y,Y,
1356682660,EVERYBODY'S PHARMACY & DISCOUNT INC,7830 NW 178TH ST # ST32,,HIALEAH,FL,330153649,7869534959,PRESIDENT,333600000X,tier_1_primary_pharmacy,Y,Y,
1386985604,LAS MERCEDES DRUG STORE INC,7209 CORAL WAY,,MIAMI,FL,331551401,7865182793,PRESIDENT,333600000X,tier_1_primary_pharmacy,Y,Y,
1538400759,ATLANTIS PHARMACY INC,136 NW 57TH AVE,,MIAMI,FL,331264805,3052650001,PRESIDENT,3336C0003X,tier_1_primary_pharmacy,Y,Y,
1366783441,ST LUKES - ST VINCENTS HEALTHCARE,4205 BELFORT RD STE 1003,,JACKSONVILLE,FL,322165876,9044506330,CHIEF OPERATING OFFICER,3336C0003X,tier_1_primary_pharmacy,Y,Y,
1306187448,CHANG'S PHARMACY INC,2800 W 84TH ST UNIT 2,,HIALEAH,FL,330184922,3058270642,PRESIDENT,333600000X|3336C0003X,tier_1_primary_pharmacy,Y,Y,
1851632970,JONELEEN LLC,10101 CORTEZ BLVD,,BROOKSVILLE,FL,34613,3525970017,MANAGER,3336L0003X|3336S0011X|3336C0003X,tier_1_primary_pharmacy,Y,Y,
1659612794,SENTRIX PHARMACY AND DISCOUNT,3285 W MCNAB RD,,POMPANO BEACH,FL,330694807,9545892516,CMO,333600000X,tier_1_primary_pharmacy,Y,Y,
1538400502,PETE'S PHARMACY INC,6400 SE FEDERAL HWY,,STUART,FL,349978313,7724637720,OWNER/PHARMACIST,333600000X|3336C0003X,tier_1_primary_pharmacy,Y,Y,
1619219565,PHARMCO 780 INC,780 FISHERMAN ST # 103,,OPA LOCKA,FL,330543806,7866572060,MANAGER,3336C0003X,tier_1_primary_pharmacy,Y,Y,
1750623641,JNT HEALTHCARE LLC,1745 W OAK RIDGE RD,,ORLANDO,FL,328093909,4072036750,CEO,3336S0011X|3336C0004X|333600000X|3336C0003X,tier_1_primary_pharmacy,Y,Y,
1316289887,NAPLES RX SOLUTIONS LLC,700 2ND AVE N,SUITE 101,NAPLES,FL,341025756,2392634490,PHARMACIST/OWNER,333600000X|3336C0003X,tier_1_primary_pharmacy,Y,Y,
1841532108,MAGNOLIA PHARMACY LLC,12525 CURLEY ST,,SAN ANTONIO,FL,335767094,3525883330,OWNER/PHARMACIST,333600000X|3336C0004X|3336C0003X,tier_1_primary_pharmacy,Y,Y,
1992047260,MEDCITY PHARMACY,463688 SR 200,SUITE #6,YULEE,FL,32097,9044323810,CO-OWNER,333600000X|3336C0004X|3336C0003X,tier_1_primary_pharmacy,Y,Y,
1821330150,INNOVATIVERX GULF COAST PHARMACY INC,1035 COLLIER CENTER WAY STE 2,,NAPLES,FL,341108474,2393249619,DIRECTOR OF PHARMACY,3336C0003X,tier_1_primary_pharmacy,Y,Y,
1568704666,SOLUTION DISCOUNT PHARMACY INC,13730 SW 84TH ST,,MIAMI,FL,331834000,3053886720,PRESIDENT,333600000X,tier_1_primary_pharmacy,Y,Y,
1760725691,UNIVITA HEALTHCARE SOLUTIONS LLC,15800 SW 25TH ST,,MIRAMAR,FL,330274222,9543331027,CEO,3336H0001X,tier_1_primary_pharmacy,Y,Y,
1649513482,ORANGE PARK PHARMACY INC.,1992 KINGSLEY AVE,,ORANGE PARK,FL,320734442,9045793027,OWNER,3336C0003X,tier_1_primary_pharmacy,Y,Y,
1407199169,LAKE ELLA PHARMACY,2525 S MONROE ST STE 6,,TALLAHASSEE,FL,323016353,8507278736,OWNER / PIC,333600000X|3336C0003X,tier_1_primary_pharmacy,Y,Y,
1275876773,RX CARE 7 LLC,1426 S PINE AVE,,OCALA,FL,344716544,3526223454,PHARMACY OWNER,3336C0004X|3336C0003X,tier_1_primary_pharmacy,Y,Y,
1750724910,QUALITY PHARMACY AND DISCOUNT CORP.,1133 W 29TH ST,,HIALEAH,FL,330125063,3052003853,PRESIDENT,333600000X,tier_1_primary_pharmacy,Y,Y,
1487097580,MEDIASSIST LLC,2705 SW 142ND AVE,,MIAMI,FL,331758014,7865364746,PRESIDENT,3336C0003X,tier_1_primary_pharmacy,Y,Y,
1346683216,HOPE RISING ENTERPRISE LLC,936 ARLINGTON RD N,,JACKSONVILLE,FL,322115956,9047244337,"OWNER, PIC, AO",333600000X|3336C0003X,tier_1_primary_pharmacy,Y,Y,
1306289210,EASTERN PHARMACY INC,2046 W SILVER SPRINGS BLVD,,OCALA,FL,344756366,3526229909,OWNER/OPERATOR,333600000X|3336C0003X,tier_1_primary_pharmacy,Y,Y,
1700229499,SYLVESTRE PHARMACY CORP,1268 PALM AVE,,HIALEAH,FL,330103921,3058858888,OWNER,3336L0003X,tier_1_primary_pharmacy,Y,Y,
1265875090,CENTRAL FL PHARMACY CORP,1219 E COLONIAL DR,,ORLANDO,FL,328034701,4078980055,PRESIDENT,3336C0002X|3336C0004X|333600000X|3336C0003X,tier_1_primary_pharmacy,Y,Y,
1962845727,CHEEK & SCOTT DRUGS INC,1520 OHIO AVE S,,LIVE OAK,FL,320644514,3863622591,PRESIDENT,3336C0003X,tier_1_primary_pharmacy,Y,Y,
1194168849,PUBLIX SUPER MARKETS INC,4121 W COMMERCIAL BLVD,,TAMARAC,FL,333193303,9544864052,VP PHARMACY,333600000X|3336C0003X,tier_1_primary_pharmacy,Y,N,PUBLIX
1376986034,PUBLIX SUPER MARKETS INC,3339 W 80TH ST,,HIALEAH,FL,330185065,3053962856,VP PHARMACY,333600000X|3336C0003X,tier_1_primary_pharmacy,Y,N,PUBLIX
1649613993,MOTHER'S PHARMACY,6350 DAVIS BLVD,,NAPLES,FL,341045323,2397327993,OWNER,3336C0003X,tier_1_primary_pharmacy,Y,Y,
1396188769,ANDYS PHARMACY AND DISCOUNT,4315 NW 7TH ST STE 15,,MIAMI,FL,331263560,3054433507,OWNER,3336C0003X,tier_1_primary_pharmacy,Y,Y,
1801239272,VERO PHARMACY INC,1635 14TH AV,,VERO BEACH,FL,32960,7725623660,OWNER,3336C0003X|3336L0003X,tier_1_primary_pharmacy,Y,Y,
1184067571,PUBLIX SUPER MARKETS INC,5230 US HIGHWAY 1,,VERO BEACH,FL,329677608,7727788022,VP PHARMACY,333600000X|3336C0003X,tier_1_primary_pharmacy,Y,N,PUBLIX
1669816997,CURE PHARMACY INC,7001 MERRILL RD STE 13,,JACKSONVILLE,FL,322772691,9042533405,PRESIDENT,333600000X|3336C0003X,tier_1_primary_pharmacy,Y,Y,
1063856367,PEBBLEBROOK INC,15215 COLLIER BLVD STE 308,,NAPLES,FL,341196835,2393530800,AUTHORIZE PERSON,333600000X|3336C0004X|3336S0011X|3336C0003X,tier_1_primary_pharmacy,Y,Y,
1164866315,"LOS ANGELES PHARMACY, INC.",2772 SW 137TH AVE,,MIAMI,FL,331756638,3059175862,PRESIDENT,3336C0003X,tier_1_primary_pharmacy,Y,Y,
1962846287,SAN NICOLAS PHARMACY CORP,2140 W FLAGLER ST,SUITE 102,MIAMI,FL,331355600,7869537224,PRESIDENT,333600000X,tier_1_primary_pharmacy,Y,Y,
1487098513,LEGACY PHARMACY OC LLC,921 TOWN CENTER DR STE 100,,ORANGE CITY,FL,327638266,3862184993,PARTNER,3336C0003X,tier_1_primary_pharmacy,Y,Y,
1194169110,JNS PHARMA LLC,229 APOLLO BEACH BLVD,UNIT 104,APOLLO BEACH,FL,335722251,8134205436,MGRM,3336C0003X,tier_1_primary_pharmacy,Y,Y,
1831533751,UNIVERSITY OF SOUTH FLORIDA BOARD OF TRUSTEES,13330 USF LAUREL DR,STE 6116,TAMPA,FL,336126601,8139742202,"DEAN, USF COLLEGE OF PHARMACY",333600000X,tier_1_primary_pharmacy,Y,Y,
1053755645,JENNY'S PHARMACY& DISCOUNT INC,9709 NW 27TH AVE,,MIAMI,FL,331472153,3058792178,PRESIDENT,3336C0003X,tier_1_primary_pharmacy,Y,Y,
1730523267,HOMESTEAD COMMUNITY PHARMACY LLC,925 NE 30TH TER STE 200,,HOMESTEAD,FL,330337614,3052451800,"OWNER, CEO",333600000X|3336C0004X|3336C0003X,tier_1_primary_pharmacy,Y,Y,
1043654536,LMC PHARMACY LLC,950 PENINSULA CORPORATE CIR,SUITE 1022,BOCA RATON,FL,334871378,5619950611,PRESIDENT,333600000X,tier_1_primary_pharmacy,Y,Y,
1124463583,"OLDE TIME PHARMACY, LLC",4766 GOLDEN GATE PKWY,UNIT 5,NAPLES,FL,341166984,2392931565,OWNER/PHARMACIST,3336C0003X,tier_1_primary_pharmacy,Y,Y,
1780029157,RX CARE 11 LLC,1201 PIPER BLVD,UNIT 12,NAPLES,FL,34110,2393307792,OWNER,333600000X|3336C0003X,tier_1_primary_pharmacy,Y,Y,
1285079400,SIXTYSEVEN PHARMACY DISCOUNT INC,2205 SW 67TH AVE,,MIAMI,FL,331551839,3052612313,PRESIDENT,333600000X,tier_1_primary_pharmacy,Y,Y,
1780029983,MED MATCH,6789 SOUTHPOINT PKWY STE 300,,JACKSONVILLE,FL,322168206,9048032305,PARTNER,333600000X,tier_1_primary_pharmacy,Y,Y,
1629413737,PALM RX PHARMACY LLC,700 1ST ST S STE 1,,WINTER HAVEN,FL,338803605,8632926111,OWNER,333600000X|3336C0003X,tier_1_primary_pharmacy,Y,Y,
1235574013,SBCARE HEALTH NETWORK,2509 NE 14TH ST,,OCALA,FL,344704801,3524841335,DIRECTOR,3336C0003X,tier_1_primary_pharmacy,Y,Y,
1356786099,EXPRESS PLUS PHARMACY LLC,6692 STIRLING RD,,HOLLYWOOD,FL,330241954,9545890790,MANAGING MEMBER,3336C0004X,tier_1_primary_pharmacy,Y,Y,
1336584069,SUNSHINE PHARMACY AT GULFSHORE,5480 RATTLESNAKE HAMMOCK RD,,NAPLES,FL,341137454,2397756800,OWNER,333600000X,tier_1_primary_pharmacy,Y,Y,
1437594975,"SND HEALTHCARE, LLC",61 NE 54TH ST,,MIAMI,FL,331372434,9046132258,CEO,3336C0003X,tier_1_primary_pharmacy,Y,Y,
1437595907,FAMILY PHARMACY AND MEDICAL LLC,5480 RATTLESNAKE HAMMOCK RD,,NAPLES,FL,341137454,2397756800,MGR,3336C0003X,tier_1_primary_pharmacy,Y,Y,
1538505086,SOUTH BROWARD HOSPITAL DISTRICT,1951 SW 172ND AVE STE 107,,MIRAMAR,FL,33029,9545384780,INTERIM CHIEF FINANCIAL OFFICER,333600000X|3336C0003X,tier_1_primary_pharmacy,Y,Y,
1154767663,SUNSHINE PHARMACY,5480 RATTLESNAKE HAMMOCK RD,,NAPLES,FL,341137454,2397750600,NEW OWNER,333600000X,tier_1_primary_pharmacy,Y,Y,
1508202987,SUNSHINE PHARMACY INC,5480 RATTLESNAKE HAMMOCK RD,,NAPLES,FL,341137454,2397756800,OWNER,3336C0003X,tier_1_primary_pharmacy,Y,Y,
1922444272,PUBLIX SUPER MARKETS INC,24600 S TAMIAMI TRL STE 300,,BONITA SPRINGS,FL,341347023,2394986288,VP PHARMACY,333600000X|3336C0003X,tier_1_primary_pharmacy,Y,N,PUBLIX
1336585520,"FLORIDA HOSPITAL HOME INFUSION, LLP",11461 N US HIGHWAY 301,SUITE 105,THONOTOSASSA,FL,335923541,8134362900,VP,3336H0001X,tier_1_primary_pharmacy,Y,Y,
1043656614,SOUTH BROWARD HOSPITAL DISTRICT,9579 PREMIER PKWY,,MIRAMAR,FL,330253206,9542768388,INTERIM CHIEF FINANCIAL OFFICER,3336C0004X|333600000X|3336H0001X,tier_1_primary_pharmacy,Y,Y,
1851738306,"HOLMES REGIONAL MEDICAL CENTER, INC.",1350 HICKORY ST,,MELBOURNE,FL,329013224,3214347355,EVP CFO,3336C0004X|3336H0001X,tier_1_primary_pharmacy,Y,Y,
1780021121,BAPTIST PHARMACY NORTH INC,1187 WEST 35 STREET,,HIALEAH,FL,33012,3058270738,PRESIDENT,3336C0003X,tier_1_primary_pharmacy,Y,Y,
1093152571,"CENTERWELL PHARMACY, INC.",1648 NE 163RD ST,,NORTH MIAMI BEACH,FL,331624731,3054000752,VP,3336C0002X|3336C0003X,tier_1_primary_pharmacy,Y,Y,
1225475353,LITTLE HAVANA DRUG STORE INC,1116 SW 1ST ST,,MIAMI,FL,331301011,3053245228,PRESIDENT,3336C0003X,tier_1_primary_pharmacy,Y,Y,
1104263938,FLORES PHARMACY,1475 W OKEECHOBEE RD STE 5,,HIALEAH,FL,330102860,3055410577,PHARMACY TECHNICIAN,3336S0011X,tier_1_primary_pharmacy,Y,Y,
1952749632,XTRA CARE PHARMACY,6520 US HIGHWAY 301 S,SUITE 106,RIVERVIEW,FL,335784347,8135980593,PIC/OWNER,3336C0003X,tier_1_primary_pharmacy,Y,Y,
1326486077,EKI PHARMACY INC,2415 NW 97TH AVE,,DORAL,FL,33174,7865182281,PRESIDENT,3336C0003X,tier_1_primary_pharmacy,Y,Y,
1740628346,TATA PHARMACY DISCOUNT LLC,3810 SW 8TH ST,,CORAL GABLES,FL,331343002,7864092705,PRESIDENT,3336C0003X,tier_1_primary_pharmacy,Y,Y,
1235577644,SAINT THOMAS COMPOUNDING LLC,36511 US HIGHWAY 19 N,,PALM HARBOR,FL,346841340,7277877400,PHARMACY MANAGER,333600000X|3336C0004X|3336S0011X,tier_1_primary_pharmacy,Y,Y,
1699113902,"MED CARE CHOICE PHARMACY, INC.",3570 CONSUMER ST,8,RIVIERA BEACH,FL,334041740,5612831243,OWNER,3336M0002X|3336C0003X,tier_1_primary_pharmacy,Y,Y,
1073951349,CONTINENTAL PHARMACY CORP,8428 SW 40TH ST,,MIAMI,FL,331553226,7865022366,PRESIDENT,333600000X,tier_1_primary_pharmacy,Y,Y,
1093153355,HAPPY CARE PHARMACY INC.,15190 SW 136TH ST STE 27,,MIAMI,FL,331962618,3052354800,OWNER,333600000X,tier_1_primary_pharmacy,Y,Y,
1275971244,MED & CO INVESTMENT LLC,722 E MEMORIAL BLVD,,LAKELAND,FL,338011848,8635834999,MANAGER,3336C0003X,tier_1_primary_pharmacy,Y,Y,
1275971210,AZUL PHARMACY CORP,11338 SW 184TH ST,,MIAMI,FL,331576553,3052351473,PRESIDENT,3336C0003X,tier_1_primary_pharmacy,Y,Y,
1164860946,MARIAGROUPLLC,6641 MADISON ST,,NEW PORT RICHEY,FL,346521966,7276877500,OWNER,333600000X,tier_1_primary_pharmacy,Y,Y,
1831538636,PILL BOX PINES WEST LLC,17503 PINES BLVD,,PEMBROKE PINES,FL,330291519,9544437455,PHARMACY MANAGER/MEMBER,333600000X|3336C0003X,tier_1_primary_pharmacy,Y,Y,
1174962997,WELLNESS PHARMACY OF ST AUGUSTINE LLC,4405 SARTILLO RD STE C,,SAINT AUGUSTINE,FL,320955240,9044297333,PHARMACIST/PARTNER,333600000X|3336C0003X,tier_1_primary_pharmacy,Y,Y,
1396184933,PSJ PHARMACY LLC,6801 N US HIGHWAY 1 STE 1,,COCOA,FL,329275095,3216370911,MANAGER/PHARMACIST,3336L0003X,tier_1_primary_pharmacy,Y,Y,
1225477862,MALABAR PHARMACY LLC,930 MALABAR RD SE STE 1,,PALM BAY,FL,329073252,3217750911,MANAGER/PHARMACIST,3336L0003X,tier_1_primary_pharmacy,Y,Y,
1205275757,PUBLIX SUPER MARKETS INC,1140 SW 36TH AVE,,POMPANO BEACH,FL,330694835,9549171737,VP PHARMACY,333600000X|3336C0003X,tier_1_primary_pharmacy,Y,N,PUBLIX
1134568686,PUBLIX SUPER MARKETS INC,8101 W SUNRISE BLVD,,PLANTATION,FL,333225401,9544739255,VP PHARMACY,333600000X|3336C0003X,tier_1_primary_pharmacy,Y,N,PUBLIX
1104265669,NATURAL SCIENCE PHARMACY,13978 W HILLSBOROUGH AVE,,TAMPA,FL,336359656,8134211250,OWNER,333600000X,tier_1_primary_pharmacy,Y,Y,
1255770459,SUN PHARMACY SERVICES LLC,3549 1ST ST,,BRADENTON,FL,342084441,9414484751,PHARMACY MANAGER,333600000X|3336C0004X|3336C0003X,tier_1_primary_pharmacy,Y,Y,
1184063455,XTRA CARE PHARMACY INC,6520 US HIGHWAY 301 S STE 106,,RIVERVIEW,FL,335784324,8132800927,OWNER/PIC,3336C0003X,tier_1_primary_pharmacy,Y,Y,
1265871529,PRIME RX LLC,8486 W HILLSBOROUGH AVE,,TAMPA,FL,336153808,6157536873,OWNER,333600000X|3336C0003X,tier_1_primary_pharmacy,Y,Y,
1447699509,NUR CORPORATION,419 E MICHIGAN ST STE 4,,ORLANDO,FL,328064511,4073786679,MANAGER,3336C0003X,tier_1_primary_pharmacy,Y,Y,
1992144091,WHITMER & WHITMER,1524 W SWANN AVE,,TAMPA,FL,336062554,8134990283,SOLE MANAGER,3336C0003X,tier_1_primary_pharmacy,Y,Y,
1861831745,NUR CORPORATION,419 E MICHIGAN ST STE 4,,ORLANDO,FL,328064511,4072862964,MANAGER,3336C0004X|333600000X,tier_1_primary_pharmacy,Y,Y,
1477993111,TOP RX PHARMACY,1420 W WATERS AVE STE 101,,TAMPA,FL,336042830,8137671708,OWNER,333600000X,tier_1_primary_pharmacy,Y,Y,
1538509278,MILLENNIUM PHYSICIAN GROUP LLC,19531 COCHRAN BLVD,,PORT CHARLOTTE,FL,339482081,8556747600,DIRECTOR OF REVENUE CYCLE MGMNT,3336C0003X,tier_1_primary_pharmacy,Y,Y,
1750721213,WELLINGTON PHARMACY INC,11328 OKEECHOBEE BLVD SUITE #5,,ROYAL PALM BEACH,FL,33411,4076970566,PRESIDENT,3336C0003X,tier_1_primary_pharmacy,Y,Y,
1487094991,BETTER LIFE PHARMACY INC.,6741 CORAL WAY,STE 52-53,MIAMI,FL,331551762,3052666277,OWNER,333600000X,tier_1_primary_pharmacy,Y,Y,
1396185401,"MEDICOR HEALTHCARE, INC",3403 W WATERS AVE,SUITE A,TAMPA,FL,336142713,8139308000,PRESIDENT,333600000X,tier_1_primary_pharmacy,Y,Y,
1912347998,RX EXPRESS PHARMACY OF PANAMA CITY INC,3104 W 23RD ST,,PANAMA CITY,FL,324051829,8502157455,PHARMACY OWNER/MANAGER,3336C0004X|3336C0003X,tier_1_primary_pharmacy,Y,Y,
1730520503,HILLCREST PROPERTIES VII INC,421 9TH ST N,,NAPLES,FL,341025806,2392622929,DIRECTOR,3336C0004X|3336C0003X,tier_1_primary_pharmacy,Y,Y,
1083055891,PREMIUM RX PHARMACY,2750 BAHIA VISTA ST,SUITE 235,SARASOTA,FL,342392600,7274601855,PARTNER,333600000X,tier_1_primary_pharmacy,Y,Y,
1316388168,NATIONAL PHARMACY LLC,19533 NW 57TH AVE,,MIAMI GARDENS,FL,330554709,3056273919,PRESIDENT,333600000X,tier_1_primary_pharmacy,Y,Y,
1033550777,AG BENS DISCOUNT PHARMACY,10521 SW 40TH ST,,MIAMI,FL,331653747,3055536355,PRESIDENT,3336C0003X,tier_1_primary_pharmacy,Y,Y,
1447691159,VISTA PHARMACY CORP,6765 W FLAGLER ST,,MIAMI,FL,331442923,3054567130,PRESIDENT,333600000X,tier_1_primary_pharmacy,Y,Y,
1477994853,"MCR HEALTH, INC.",5325 26TH ST W,,BRADENTON,FL,342073012,9412164400,PRESIDENT AND CEO,333600000X,tier_1_primary_pharmacy,Y,Y,
1437590791,NEW ERA PHARMACEUTICALS LLC,3350 NW 53RD ST,102,FT LAUDERDALE,FL,333096354,9547331930,DIRECTOR,3336H0001X,tier_1_primary_pharmacy,Y,Y,
1194166421,LIFE PHARMACY AND DISCOUNT LLC,237 NW 12TH AVE,STE C,MIAMI,FL,331281080,3053260086,MANAGER,3336C0003X,tier_1_primary_pharmacy,Y,Y,
1447691555,COUNTRY CLUB PHARMACY & DISCOUNT INC,5911 NW 173RD DR,# 6,HIALEAH,FL,330155121,3058288600,PRESIDENT,3336L0003X,tier_1_primary_pharmacy,Y,Y,
1750723722,BAYSHORE PHARMACY,1026 SW BAYSHORE BLVD,,PORT SAINT LUCIE,FL,349832400,7723440410,PHARMACIST/CHIEF,333600000X|3336C0004X|3336C0003X,tier_1_primary_pharmacy,Y,Y,
1164864039,J&K CARE LLC,756 N BELCHER RD,,CLEARWATER,FL,337652138,3477841704,PHARMACY MANAGER,3336C0003X,tier_1_primary_pharmacy,Y,Y,
1629410469,"SUPERIOR PHARMACY OF TEMPLE TERRACE, LLC",5671 E FOWLER AVE,,TEMPLE TERRACE,FL,336172307,8139891351,MANAGER,333600000X,tier_1_primary_pharmacy,Y,Y,
1952743569,ANGELS PHARMACY I INC,259 E MICHIGAN ST,,ORLANDO,FL,328064537,4074267000,OWNER,333600000X|3336C0004X|3336C0003X,tier_1_primary_pharmacy,Y,Y,
1740622307,"METRO TREATMENT OF FLORIDA, LP",2770 DAVIS BLVD STE 60,,NAPLES,FL,341044371,2392800487,VP,3336C0002X,tier_2_secondary_pharmacy,N,Y,
1356783823,PUBLIX SUPER MARKETS INC,2438 LAUREL RD E,,NORTH VENICE,FL,342753204,9414882459,VP PHARMACY,333600000X|3336C0003X,tier_1_primary_pharmacy,Y,N,PUBLIX
1215379862,"METRO TREATMENT OF FLORIDA, LP",3574 US 1 S,SUITES 101-104,ST AUGUSTINE,FL,320866466,9042177161,"VP, MANAGED CARE",3336C0002X,tier_2_secondary_pharmacy,N,Y,
1487096038,"METRO TREATMENT OF FLORIDA, LP",5951 CLARK CENTER AVE UNIT B,,SARASOTA,FL,342382717,9415544551,CFO,3336C0002X,tier_2_secondary_pharmacy,N,Y,
1811339336,"MY PHARMACY OF BIG BEND, INC.",538 WILBUR ST,,BRANDON,FL,335115324,8136993496,PRESIDENT,333600000X|3336C0003X,tier_1_primary_pharmacy,Y,Y,
1629410089,305 PHARMACY INC,11398 W FLAGLER ST,SUITE 109,MIAMI,FL,331744213,3052287766,PRESIDENT,3336C0004X,tier_1_primary_pharmacy,Y,Y,
1942632120,"YOUR PHARMACY IN MIAMI, INC",1463 W FLAGLER ST,,MIAMI,FL,331352208,7864093250,PRESIDENT,333600000X,tier_1_primary_pharmacy,Y,Y,
1770915837,FLAGLER'S DRUG STORE INC,8216 W FLAGLER ST,,MIAMI,FL,331442028,3052280606,PRESIDENT,3336C0003X,tier_1_primary_pharmacy,Y,Y,
1124450275,RX DIRECT LLC,4319 E 7TH AVE,,TAMPA,FL,336054605,8134760854,PHARMACIST,3336S0011X|3336L0003X,tier_1_primary_pharmacy,Y,Y,
1780016709,"TOPICAL SPECIALISTS, LLC",12276 SAN JOSE BLVD STE 212,,JACKSONVILLE,FL,322238633,9048862000,DIR OF PHARMACY,3336C0003X,tier_1_primary_pharmacy,Y,Y,
1114359072,BIRD ROAD PHARMACY & DISCOUNT INC,7951 SW 40TH ST,SUITE 102,MIAMI,FL,331556752,3052640608,PRESIDENT,333600000X,tier_1_primary_pharmacy,Y,Y,
1467884031,MEDICURE LONGWOOD INC,420 W STATE ROAD 434 STE 100,,LONGWOOD,FL,327505159,4074340433,"MANAGER, AO",333600000X|3336C0003X,tier_1_primary_pharmacy,Y,Y,
1114359890,"PHARMACY DISCOUNT SERVICE, INC.",4894 NW 7TH ST,,MIAMI,FL,331262102,7865366134,OWNER/PRESIDENT,333600000X|3336C0003X,tier_1_primary_pharmacy,Y,Y,
1588097828,"IMPERIAL POINT PHARMACY CENTER, INC.",6310 N FEDERAL HWY,,FORT LAUDERDALE,FL,333081906,9542107350,PHARMACIST IN CHARGE,3336C0004X|3336C0003X,tier_1_primary_pharmacy,Y,Y,
1093148199,PUBLIX SUPER MARKETS INC,1324 LAKELAND HILLS BLVD STE 203,,LAKELAND,FL,338054543,8632841834,VP PHARMACY,3336C0002X|333600000X|3336C0003X,tier_1_primary_pharmacy,Y,N,PUBLIX
1467885376,"PASTEUR PHARMACY VI, LLC",8000 GOVERNORS SQ BLVD,,MIAMI LAKES,FL,330166201,7864226856,PRESIDENT/CEO,3336C0002X,tier_1_primary_pharmacy,Y,Y,
1093148918,AQUA PHARMA INC,2500 W FLAGLER ST,,MIAMI,FL,331351423,3052003149,PRESIDENT,3336C0003X,tier_1_primary_pharmacy,Y,Y,
1922431790,WALGREENS,28100 S TAMIAMI TRL,,BONITA SPRINGS,FL,341343203,2394958552,PHARMACIST,3336C0003X,tier_1_primary_pharmacy,Y,N,WALGREENS
1356774012,AYERS QUICK PERSONAL PERSCRIPTION PICK UP/ DELVERY SERVICE NC,1469 VALLEY GREEN DR,,TALLAHASSEE,FL,323033350,8507274658,CEO,3336C0003X,tier_2_secondary_pharmacy,N,Y,
1447683131,SONIA PHARMACY & DISCOUNT,2913 NW 7TH ST,,MIAMI,FL,331254305,7863322257,OWNER,3336C0003X,tier_1_primary_pharmacy,Y,Y,
1396178919,GENESIS PHARMACY CORP,8150 SW 8TH ST,SUITE 105,MIAMI,FL,331444263,3052612660,PRESIDENT,333600000X,tier_1_primary_pharmacy,Y,Y,
1154754760,JACKSON PHARMACY CORP,2356 NW 7TH ST,,MIAMI,FL,331253249,7865022250,OWNER,3336C0003X,tier_1_primary_pharmacy,Y,Y,
1003249400,AVENTURA RX PHARMACY INC,18749 W DIXIE HWY,,MIAMI,FL,331802617,3057050021,PRESIDENT,333600000X,tier_1_primary_pharmacy,Y,Y,
1487088845,PHARMA HOLDINGS US OF FL LLC,718 S MILITARY TRL,,DEERFIELD BEACH,FL,334423025,9549902204,CEO,3336C0003X,tier_1_primary_pharmacy,Y,Y,
1326472747,RUSH FAMILY CARE INC.,11115 SW 93RD COURT RD,UNIT #300,OCALA,FL,344813103,3522910177,PHARMACY MANAGER,3336C0003X,tier_1_primary_pharmacy,Y,Y,
1235563529,OSHUN PHARMACY DISCOUNT INC,1554 W 68TH ST,,HIALEAH,FL,330143810,3058228266,PRESIDENT,3336C0003X,tier_1_primary_pharmacy,Y,Y,
1841624871,SIMPLE SCRIPTS INC.,528 HIALEAH DR,,HIALEAH,FL,330105349,4106035905,PRESIDENT,3336C0003X,tier_1_primary_pharmacy,Y,Y,
1083049514,INDEPENDENCE PHARMACYAND DISCOUNT INC,5143 SW 8TH ST,SUITE A,CORAL GABLES,FL,331342442,3055699000,PRESIDENT,333600000X,tier_1_primary_pharmacy,Y,Y,
1417381906,ANGELS TOUCH PHARMACY DICOUNT CORP,4338 SW 8THST,,CORAL GABLES,FL,33134,7865183081,PRESIDENT,333600000X,tier_1_primary_pharmacy,Y,Y,
1215362447,ROSES PHARMACY LLC,2168 NW 7TH ST,,MIAMI,FL,331253425,3057636407,PRESIDENT,333600000X,tier_1_primary_pharmacy,Y,Y,
1689009714,MARION OAKS PHARMACY INC,13795 SW 36TH AVENUE RD STE 5B,,OCALA,FL,344736104,3523079371,PRESIDENT,3336C0003X,tier_1_primary_pharmacy,Y,Y,
1205261237,BENZER FL 6 LLC,6132 MERRILL RD,STE 12,JACKSONVILLE,FL,322773459,9046837059,OWNER/MGRM/PHARMACIST IN CHARCHE,333600000X|3336C0003X,tier_1_primary_pharmacy,Y,Y,
1336574375,SOUTHCARE PHARMACY INC,405 SE 1ST AVE,,TRENTON,FL,326933219,3524632240,PRESIDENT,333600000X,tier_1_primary_pharmacy,Y,Y,
1336574003,WHOLE LIFE PHARMACY,10575 DIXIE HWY,,PONTE VEDRA,FL,32081,9048270177,PHARMACY MANAGER,3336C0003X,tier_1_primary_pharmacy,Y,Y,
1972938520,WESTLAND PHARMACY INC,12963 W OKEECHOBEE RD,SUITE 5,HIALEAH,FL,330186055,7866158689,PRESIDENT,3336C0003X,tier_1_primary_pharmacy,Y,Y,
1265868665,WICKHAM DISCOUNT PHARMACY LLC,1060 N WICKHAM RD,,MELBOURNE,FL,329358937,3212416433,"OWNER, PHCY MGR, PIC",3336C0003X,tier_1_primary_pharmacy,Y,Y,
1750717062,BLUE MOON PHARMACY & DISCOUNT CORP,7884 NW 52ND ST,,DORAL,FL,331664742,7864838667,PRESIDENT,3336C0003X,tier_1_primary_pharmacy,Y,Y,
1396171492,CENTRAL FL PHARMACY CORP.,1219 E COLONIAL DR,,ORLANDO,FL,328034701,4078980055,PRESIDENT,3336C0003X,tier_1_primary_pharmacy,Y,Y,
1528494580,PSG OF SARASOTA LLC,5315 AVION PARK DR STE 120,,TAMPA,FL,336071461,8446505802,COO,3336C0003X|3336S0011X|3336H0001X,tier_1_primary_pharmacy,Y,Y,
1962838821,AFM PHARMACY,"5757 SW 8 ST, SUITE 117",,MIAMI,FL,331445060,3053039761,OWNER,333600000X,tier_1_primary_pharmacy,Y,Y,
1609202597,HEALING PHARMACY,17860 SE 109TH AVE STE 616A,,SUMMERFIELD,FL,344918909,3526932773,"OWNER, PIC",333600000X|3336C0004X|3336C0003X,tier_1_primary_pharmacy,Y,Y,
1346677093,SONIC PHARMACY INC,112 N HOMESTEAD BLVD,,HOMESTEAD,FL,330307426,3055278399,OWNER,3336C0003X,tier_1_primary_pharmacy,Y,Y,
1457788010,LE VT INC,11967 SHELDON RD,,TAMPA,FL,336263644,8134863043,PHARMACY MANAGER,333600000X,tier_1_primary_pharmacy,Y,Y,
1245667807,TRINITY SPECIALTY PHARMACY LLC,13615 BRUCE B DOWNS BLVD STE 111,,TAMPA,FL,336134607,8139660177,CEO,3336C0003X,tier_1_primary_pharmacy,Y,Y,
1538596259,AAZ PHARMACY INC,7209 CORAL WAY,,MIAMI,FL,331551401,3052640711,PCEO,333600000X,tier_1_primary_pharmacy,Y,Y,
1295162709,MODEL PHARMACY LLC,1714 N MAIN ST,,KISSIMMEE,FL,347443307,4075728779,OWNER,3336C0003X,tier_1_primary_pharmacy,Y,Y,
1538596093,PUBLIX SUPER MARKETS INC,1660 TAYLOR RD,,PORT ORANGE,FL,321286753,3867607334,VP PHARMACY,333600000X|3336C0003X,tier_1_primary_pharmacy,Y,N,PUBLIX
1477980902,PUBLIX SUPER MARKETS INC,1012 W MAIN ST,,INVERNESS,FL,344504636,3523412602,VP PHARMACY,333600000X|3336C0003X,tier_1_primary_pharmacy,Y,N,PUBLIX
1801223375,"PUBLIX SUPER MARKETS, INC.",220 FRONT ST,,PONTE VEDRA BEACH,FL,320825022,9042805441,VP PHARMACY,333600000X|3336C0003X,tier_1_primary_pharmacy,Y,N,PUBLIX
1457788911,PUBLIX SUPER MARKETS INC,4240 53RD AVE E,,BRADENTON,FL,342038097,9417583410,VP PHARMACY,333600000X|3336C0003X,tier_1_primary_pharmacy,Y,N,PUBLIX
1962839498,"PUBLIX SUPER MARKETS, INC.",2424 ORLANDO CENTRAL PKWY STE 200,,ORLANDO,FL,328095600,8772538949,VP PHARMACY,3336C0004X|333600000X|3336C0003X,tier_1_primary_pharmacy,Y,N,PUBLIX
1992132377,STRIVE PHARMACY TAMPA LLC,5505 JOHNS ROAD,SUITE 700,TAMPA,FL,33634,8136447700,PRESIDENT,3336C0003X|3336C0004X|333600000X,tier_1_primary_pharmacy,Y,Y,
1902233356,MORON PHARMACY CORP,6267 SW 8TH ST,SUITE 101,WEST MIAMI,FL,331444845,3052620285,PRESIDENT,333600000X,tier_1_primary_pharmacy,Y,Y,
1912334384,TATA COMPANIES INC,10815 N NEBRASKA AVE,,TAMPA,FL,336126816,8132344200,CFO,3336C0004X|3336C0003X,tier_1_primary_pharmacy,Y,Y,
1497182869,INTERNATIONAL PHARMACY SOLUTIONS INC.,11471 W SAMPLE RD,SUITE # 7,CORAL SPRINGS,FL,330652696,3059680010,PHARMACIST IN CHARGE,3336C0003X,tier_1_primary_pharmacy,Y,Y,
1518394477,"RURAL HEALTH CARE, INC.",1305 N ORANGE AVE,,GREEN COVE SPRINGS,FL,320432547,9042845904,VP/CPO,3336C0003X,tier_1_primary_pharmacy,Y,Y,
1851728703,KING PHARMACY & COMPOUNDING LLC,31201 US HIGHWAY 19 N,,PALM HARBOR,FL,346844422,7277726868,RPH MANAGER,3336L0003X|3336C0004X|333600000X|3336C0003X,tier_1_primary_pharmacy,Y,Y,
1720415599,VILLA PHARMACY LLC,105 AVENUE R NW,,WINTER HAVEN,FL,33881,8132159855,OWNER/MANAGER,333600000X,tier_1_primary_pharmacy,Y,Y,
1730517301,ONEWAY PHARMACY,823 NW 119TH ST,,NORTH MIAMI,FL,331682336,3056685321,OWNER,3336C0003X,tier_1_primary_pharmacy,Y,Y,
1093143570,ERGOGENIC LABS LLC,11496 PIERSON RD STE C6,,WELLINGTON,FL,334148708,5614082361,PHARMACY MANAGER,3336M0002X|3336S0011X|3336C0004X,tier_1_primary_pharmacy,Y,Y,
1447688452,RITEMED PHARMACY,1014 CYPRESS PKWY,,KISSIMMEE,FL,347593328,4072876727,PHARMACY MANAGER,3336C0003X,tier_1_primary_pharmacy,Y,Y,
1821426719,PUBLIX SUPER MARKETS INC,1091 TAMIAMI TRL N,,NOKOMIS,FL,342752163,9414844034,VP PHARMACY,333600000X|3336C0003X,tier_1_primary_pharmacy,Y,N,PUBLIX
1811325707,PUBLIX SUPER MARKETS INC,2381 W STATE ROAD 434,,LONGWOOD,FL,327794984,4078659924,VP PHARMACY,333600000X|3336C0003X,tier_1_primary_pharmacy,Y,N,PUBLIX
1427487396,WALMART PHARMACY,1675 NW SAINT LUCIE WEST BLVD,,PORT ST LUCIE,FL,349862106,7728731616,MANGER PHARMACY,3336C0003X,tier_1_primary_pharmacy,Y,N,WALMART
1194154831,OPTIMUM CARE PHARMACY,2405 E MOODY BLVD,,BUNNELL,FL,321105985,3866278595,OWNER/MANAGER,3336C0003X,tier_1_primary_pharmacy,Y,Y,
1568891125,PROVIDENCE PHARMACY LLC,5515 US HIGHWAY 98 N STE 1,,LAKELAND,FL,338093133,8639378092,PHARMACIST,333600000X|3336C0003X,tier_1_primary_pharmacy,Y,Y,
1053740548,ZUY PHARMACY DISCOUNT INC,5927 SW 8TH ST,,WEST MIAMI,FL,331445037,7863322504,PRESIDENT,333600000X|3336C0003X,tier_1_primary_pharmacy,Y,Y,
1154750479,EN-VISION HEALTH SERVICES LLC,11349 BIG BEND RD,,RIVERVIEW,FL,335797183,8136728889,OWNER,3336C0003X|3336L0003X|3336S0011X|333600000X,tier_1_primary_pharmacy,Y,Y,
1326477605,"KTJ ENTERPRISES, LLC",622 SOUTH COLORADO AVENUE,,STUART,FL,349943016,7722873443,PHARMACIST,333600000X|3336C0003X,tier_2_secondary_pharmacy,N,Y,
1275962664,PRETTY PHARMACY INC,17027 S DIXIE HWY,,PALMETTO BAY,FL,331574362,3052532006,PRESEDENT,3336C0003X,tier_1_primary_pharmacy,Y,Y,
1194154559,"J&S PHARMACY ANS DISCOUNT, INC",4920 E 4TH AVE,,HIALEAH,FL,330131509,3053648858,PRESIDENT/OWNER,3336C0003X,tier_1_primary_pharmacy,Y,Y,
1730518002,THE NATURAL HORMONE INSTITUTE INC,1891 BEACH BLVD STE 100,,JACKSONVILLE BEACH,FL,322502644,9046941271,OWNER,3336C0004X,tier_1_primary_pharmacy,Y,Y,
1366871774,RX-MART PHARMACY LLC,665 STATE ROAD 207,SUITE 101,ST AUGUSTINE,FL,320845938,9043422162,PIC,3336C0003X,tier_1_primary_pharmacy,Y,Y,
1275962326,CAPITAL DRUGS INC,1065 SW 27TH AVE,,MIAMI,FL,331354614,3053645295,PRESIDENT,333600000X,tier_1_primary_pharmacy,Y,Y,
1447680368,LILI PHARMACY AND DISCOUNT LLC,4869 NW 36TH ST,,MIAMI SPRINGS,FL,331666001,7863625900,PRESIDENT,333600000X,tier_1_primary_pharmacy,Y,Y,
1780014670,LIBERTY FOR ALL PHARMACY INC,8444 W OAKLAND PARK BLVD,,SUNRISE,FL,333517361,8772476072,OWNER,3336C0003X,tier_1_primary_pharmacy,Y,Y,
1083044796,JAC NAPLES L.L.C.,5482 RATTLESNAKE HAMMOCK RD,,NAPLES,FL,341137454,2392622222,OWNER,333600000X,tier_1_primary_pharmacy,Y,Y,
1508296252,"GOOD HOMES PHARMACY, LLC",8873 WEST COLONIAL DRIVE,,OCOEE,FL,347616951,4072532933,PHARMACY MANAGER,3336C0003X,tier_1_primary_pharmacy,Y,Y,
1275963605,PUBLIX SUPER MARKETS INC,7524 DR PHILLIPS BLVD,,ORLANDO,FL,328195148,4072269884,VP PHARMACY,333600000X|3336C0003X,tier_1_primary_pharmacy,Y,N,PUBLIX
1326478645,BERTYANN CORP,510 W 29TH ST,,HIALEAH,FL,330125712,3058834886,PRESIDENT,333600000X|3336C0003X,tier_1_primary_pharmacy,Y,Y,
1902236367,S & Z KHAN CORP,36600 STATE ROAD 54,,ZEPHYRHILLS,FL,335416940,8137159922,"PRESIDENT, DIRECTOR, SCRETARY",3336C0003X,tier_1_primary_pharmacy,Y,Y,
1710317987,BEACOM PHARMACY INC,752 W FLAGLER ST,SUITE 101,MIAMI,FL,331301248,3053246500,PRESIDENT,3336C0003X,tier_1_primary_pharmacy,Y,Y,
1275963456,VERSALLES PHARMACY INC,3526 W FLAGLER ST,,MIAMI,FL,331351028,3054567333,PRESIDENT,3336C0003X,tier_1_primary_pharmacy,Y,Y,
1033549134,OPHARMA GROUP LLC,4733 W ATLANTIC AVE,SUITE 2,DELRAY BEACH,FL,334453706,5612703238,COO,3336H0001X|3336S0011X|3336C0003X,tier_1_primary_pharmacy,Y,Y,
1073943197,SARJU GROUP LLC,305 CLYDE MORRIS BLVD STE 200,,ORMOND BEACH,FL,321748182,3869171881,PHARMACIST,3336L0003X|3336C0004X|3336S0011X|333600000X|3336C0003X,tier_1_primary_pharmacy,Y,Y,
1265862395,AFM PHARMACY,5757 SW 8TH ST STE 117,,WEST MIAMI,FL,331445060,3052668081,OWNER,333600000X|3336C0003X,tier_1_primary_pharmacy,Y,Y,
1235560301,SOUTH POINT PHARMACY CORP,1864 W FLAGLER ST,,MIAMI,FL,331351915,3055418699,PRESIDENT,3336C0003X,tier_1_primary_pharmacy,Y,Y,
1962833038,D & Y PHARMACY CORP,3715 W 16TH AVE,BAY 15,HIALEAH,FL,330127071,7864315905,PRESIDENT,3336L0003X,tier_1_primary_pharmacy,Y,Y,
1770914707,LEAL PHARMACY LLC,1690 NE 8TH ST,,HOMESTEAD,FL,330334604,3052461626,PRESIDENT,3336C0003X,tier_1_primary_pharmacy,Y,Y,
1043641053,FIRST CHOICE PHARMACY INC,5743 SW 8TH ST,,WEST MIAMI,FL,331445033,3052620663,PRESIDENT,3336C0003X,tier_1_primary_pharmacy,Y,Y,
1477984284,CAROLINA PHARMACY AND DISCOUNT CO,4705 SW 8TH ST,1,CORAL GABLES,FL,331342546,7863603320,PRESIDENT,3336C0003X,tier_1_primary_pharmacy,Y,Y,
1750712501,VISTA SPECIALTY PHARMACY,235 W HIGHWAY 50,,CLERMONT,FL,347113027,3522416293,DIRECTOR OF PHARMACY,333600000X|3336C0003X|3336C0004X|3336L0003X|3336S0011X,tier_1_primary_pharmacy,Y,Y,
1497186175,STREAMLINE LLC,14965 OLD SAINT AUGUSTINE RD UNIT 110,,JACKSONVILLE,FL,322589481,9046199000,MANAGING MEMBER,333600000X|3336C0004X,tier_1_primary_pharmacy,Y,Y,
1578994257,SKY PHARMACY AND DISCOUNT CORP,2414 SHERIDAN ST,,HOLLYWOOD,FL,330202064,9549296500,PRESIDENT,3336C0003X,tier_1_primary_pharmacy,Y,Y,
1427489939,REMED PHARMACY,10163 S US HIGHWAY 1,,PORT ST LUCIE,FL,349525610,7723332740,MANAGER,3336C0003X,tier_1_primary_pharmacy,Y,Y,
1639500275,UNIVV INC,2814 LEE BLVD,UNIT-1,LEHIGH ACRES,FL,339711567,2394912909,OWNER/ PHARMACIST,333600000X|3336C0003X,tier_1_primary_pharmacy,Y,Y,
1528499191,PRECISION CARE PHARMACY SERVICES INC,2131 NW 55TH TER,,GAINESVILLE,FL,326053374,8886342094,CEO/PRESIDENT,333600000X,tier_1_primary_pharmacy,Y,Y,
1316378771,VALLEJOS PHARMACY CORP.,4750 NW 7TH ST,SUITE 6,MIAMI,FL,331262253,7865520007,OWNER,3336C0003X,tier_1_primary_pharmacy,Y,Y,
1013348564,"DARJEN, INC",10358 RIVERSIDE DR STE 140,,PALM BEACH GARDENS,FL,334104203,5615571645,PRESIDENT,3336C0004X,tier_1_primary_pharmacy,Y,Y,
1902237340,EKG PHARMACY LLC,7305 NW 36TH ST,,MIAMI,FL,331666704,3055928557,MANAGER,3336C0003X,tier_1_primary_pharmacy,Y,Y,
1649601964,SOUTH BROWARD HOSPITAL DISTRICT,601 NORTH FLAMINGO ROAD,SUITE 110,PEMBROKE PINES,FL,330281006,9548446280,INTERIM CHIEF FINANCIAL OFFICER,3336C0003X,tier_1_primary_pharmacy,Y,Y,
1346661535,PHARMCARE L.L.C.,2209 CROSSHAIR CIR,,ORLANDO,FL,328377411,4074083814,CHIEF EXECUTIVE OFFICER,333600000X,tier_1_primary_pharmacy,Y,Y,
1912328048,S.A.S.B. INC,203 SW PARK ST,,OKEECHOBEE,FL,349724160,8637635100,OWNER,333600000X,tier_1_primary_pharmacy,Y,Y,
1184045205,PUBLIX SUPER MARKETS INC,8140 W MCNAB RD,,NORTH LAUDERDALE,FL,330684138,9547213919,VP PHARMACY,333600000X|3336C0003X,tier_1_primary_pharmacy,Y,N,PUBLIX
1265853337,"COMFORT IV THERAPY, LLC",2641 FRUITVILLE RD # 1-101,,SARASOTA,FL,342375222,9413558330,PRESIDENT,3336C0004X|3336S0011X|3336C0003X|3336H0001X,tier_1_primary_pharmacy,Y,Y,
1841611779,LEGACY DRUGSTORE CORP.,4700 NW 7TH ST,1,MIAMI,FL,331262252,3054433555,PRESIDENT,333600000X|3336C0003X,tier_1_primary_pharmacy,Y,Y,
1346661204,PHARMACY EXPRESS & DISCOUNT CORP,3101 W HALLANDALE BEACH BLVD STE 101,,HALLANDALE BEACH,FL,330095154,3056636043,PRESIDENT,3336C0003X,tier_1_primary_pharmacy,Y,Y,
1285055038,JOSE LUIS ALONSO,2803 HARRIS AVE,,KEY WEST,FL,330404039,3057666000,PHARMACY MANAGER/OWNER,3336S0011X,tier_1_primary_pharmacy,Y,Y,
1790106581,SIMALI HEALTHCARE LLC,310 W MITCHELL HAMMOCK RD,SUITE # 500,OVIEDO,FL,327654924,4073662677,PHARMACIST,333600000X|3336L0003X|3336C0003X,tier_1_primary_pharmacy,Y,Y,
1780005389,SKY CITY PHARMACY LLC,2812 W DR MARTIN LUTHER KING JR BLVD,,TAMPA,FL,336076306,8134434796,OWNER,333600000X|3336C0004X|3336L0003X|3336C0003X,tier_1_primary_pharmacy,Y,Y,
1922429562,ADVANCE PHARMACY SERVICE LLC,4907 N ARMENIA AVE,,TAMPA,FL,336031401,8133509999,OWNER,333600000X,tier_1_primary_pharmacy,Y,Y,
1407277056,"BOCA RATON PHARMACY, INC",4802 NW 2ND AVE,,BOCA RATON,FL,334314173,5612417711,PRESIDENT,3336C0003X,tier_1_primary_pharmacy,Y,Y,
1104247451,BLUE RX PHARMACY,251 PARK BLVD,,MIAMI,FL,331268009,3052621770,PRESIDENT,3336C0003X,tier_1_primary_pharmacy,Y,Y,
1427470780,MEDICASCRIPTS PHARMACY,1551 N. FLORIDA AVE,,TAMPA,FL,33613,8139680520,PHARMACY DIRECTOR,3336C0003X,tier_1_primary_pharmacy,Y,Y,
1396167623,HEALTHPROMOTE PHARMACY LLC,12701 S JOHN YOUNG PKWY STE 120,,ORLANDO,FL,328373422,3213191090,MANAGING MBR/OWNER,3336C0003X,tier_1_primary_pharmacy,Y,Y,
1376965566,"SILVER LAKE PHARMACY, LLC.",32729 RADIO RD,,LEESBURG,FL,347883900,3522170487,PHARMACY MANAGER,3336C0003X,tier_1_primary_pharmacy,Y,Y,
1659793859,ROSE NURSING & PHARMACY SERVICES,10008 PINES BLVD,,PEMBROKE PINES,FL,330246137,9544357200,OWNER,3336L0003X|333600000X|3336C0003X|3336S0011X,tier_1_primary_pharmacy,Y,Y,
1336561364,C&M HEALTHPRO LLC,1530-B W VINE ST,,KISSIMMEE,FL,34741,4075304745,OWNER,3336C0003X,tier_1_primary_pharmacy,Y,Y,
1417379249,PVRX PHARMACY CORP,10327 NW 27TH AVE,,MIAMI,FL,331471224,3053645323,PRESIDENT,3336C0003X,tier_1_primary_pharmacy,Y,Y,
1730501396,"ARRIVA MEDICAL, LLC",500 EAGLES LANDING DR,SUITE B,LAKELAND,FL,338102899,8663364103,PRESIDENT,333600000X,tier_1_primary_pharmacy,Y,Y,
1366864894,PUBLIX SUPER MARKETS INC,13178 N DALE MABRY HWY,,TAMPA,FL,336182406,8139612658,VP PHARMACY,333600000X|3336C0003X,tier_1_primary_pharmacy,Y,N,PUBLIX
1033531538,ONE INFUSION PHARMACY LLC,3341 EXECUTIVE WAY,,MIRAMAR,FL,330253935,8554416900,PRESIDENT - CEO,3336H0001X,tier_1_primary_pharmacy,Y,Y,
1285056754,PUBLIX SUPER MARKETS INC,1520 JOHN SIMS PKWY E,,NICEVILLE,FL,325782138,8506783013,VP PHARMACY,333600000X|3336C0003X,tier_1_primary_pharmacy,Y,N,PUBLIX
1871915371,ONE HOMECARE SOLUTIONS LLC,3351 EXECUTIVE WAY,,MIRAMAR,FL,330253935,8554416900,PRESIDENT AND CEO,3336H0001X,tier_2_secondary_pharmacy,N,Y,
1497178636,SUNNY PHARMACY INC,2140 NW 36TH ST,,MIAMI,FL,331425432,7866155528,PRESIDENT,333600000X,tier_1_primary_pharmacy,Y,Y,
1962825950,GREEN HOPE PHARMACY INC,5309 SW 8TH ST,,CORAL GABLES,FL,331342269,7867037514,OWNER,3336C0003X,tier_1_primary_pharmacy,Y,Y,
1902229057,PUBLIX PHARMACY,3316 N ROOSEVELT BLVD,,KEY WEST,FL,330404115,3052963225,PHARMACY SUPERVISOR,333600000X,tier_1_primary_pharmacy,Y,N,PUBLIX
1679996722,LATIN QUARTERS DRUG STORE INC,425 SW 22ND AVE,SUITE E1,MIAMI,FL,331353100,3056422277,PRESIDENT,3336C0003X,tier_1_primary_pharmacy,Y,Y,
1801219787,BI COUNTY MEDICAL SUPPLY INC,8377 PINES BLVD,,PEMBROKE PINES,FL,330246607,9544382915,PRESIDENT,333600000X|3336C0003X,tier_1_primary_pharmacy,Y,Y,
1386067320,EMERGENCY PHARMACY INC,4742 W FLAGLER ST,,CORAL GABLES,FL,331341452,3055690100,PRESIDENT,3336C0003X,tier_1_primary_pharmacy,Y,Y,
1134542020,PRAKRUTI LLC,1801 S OCEAN DR STE C,,HALLANDALE BEACH,FL,330094923,5614094287,MEMBER,333600000X|3336C0004X|3336C0003X,tier_1_primary_pharmacy,Y,Y,
1104249044,OPS INTERNATIONAL INCORPORATED,6700 CONROY RD,STE 155,ORLANDO,FL,328353500,3213190310,CEO,3336C0004X|3336S0011X|3336C0003X,tier_1_primary_pharmacy,Y,Y,
1316360241,NOLBIS PHARMACY DISCOUNT INC,710 PALM AVE,,HIALEAH,FL,330104318,3058888084,PRESIDENT,3336C0003X,tier_1_primary_pharmacy,Y,Y,
1407279334,P&H PHARMACY,9527 SW 40TH ST,,MIAMI,FL,331654035,7865182392,PRESIDENT,3336C0003X,tier_1_primary_pharmacy,Y,Y,
1639592280,QUALITY RX PHARMA INC,1778 W FLAGLER ST,,MIAMI,FL,331352017,3055412327,OWNER,3336C0003X,tier_1_primary_pharmacy,Y,Y,
1952724510,EPIC CARE PHARMACY LLC,3948 PEMBROKE RD STE D,,PEMBROKE PARK,FL,330218114,9549632113,OWNER,333600000X|3336C0003X,tier_1_primary_pharmacy,Y,Y,
1396169876,PA PHARMACY INC,9722 SW 184TH ST,,CUTLER BAY,FL,331576987,7867324507,PRESIDENT,3336C0003X,tier_1_primary_pharmacy,Y,Y,
1851715254,MARLINS PHARMACY & DISCOUNT INC,439-441 NW 12 AVE,,MIAMI,FL,33128,7866158723,PRESIDENT,3336C0003X,tier_1_primary_pharmacy,Y,Y,
1922422153,"MEDICAL PRIORITY PHARMACY, LLC.",5350 PALM AVE,,HIALEAH,FL,330122746,3058230915,MANAGING MEMBER,3336C0003X,tier_1_primary_pharmacy,Y,Y,
1730503889,EXPRESS SPECIALTY PHARMACY,902 W LUMSDEN RD STE 104,,BRANDON,FL,335118806,8132880777,"OWNER, PIC",333600000X|3336C0003X,tier_1_primary_pharmacy,Y,Y,
1821412016,"FAMILY HEALTH CENTERS OF SOUTHWEST FLORIDA, INC.",19701 S TAMIAMI TRL,,FORT MYERS,FL,339084818,2393141600,PRESIDENT/ CEO,3336C0002X,tier_2_secondary_pharmacy,N,Y,
1902220197,GOLDENROD PHARMACY LLC,2223 S GOLDENROD RD,,ORLANDO,FL,328224676,4077303866,PRESIDENT,3336C0003X,tier_1_primary_pharmacy,Y,Y,
1063836195,SUNSET PHARMACY DISCOUNT INC,7400 NW 19TH ST STE F,,MIAMI,FL,331261217,3056081082,OWNER/DIRECTOR,333600000X,tier_1_primary_pharmacy,Y,Y,
1356765226,JOHNSON PHARMACY DISCOUNT INC,28856 S DIXIE HWY,,HOMESTEAD,FL,330332405,3052460688,PRESIDENT,3336C0003X,tier_1_primary_pharmacy,Y,Y,
1982028890,SPAR USA LLC,660 W FAIRBANKS AVE,,WINTER PARK,FL,327894779,4076222510,PRESIDENT,3336L0003X,tier_1_primary_pharmacy,Y,Y,
1710301502,SHAFA PHARMACY,11476 ROYAL PALM BEACH BLVD.,,ROYAL PALM BEACH,FL,33411,5613602530,PHARMACY MANAGER,3336C0003X,tier_1_primary_pharmacy,Y,Y,
1447674304,"JULIUS HOLDINGS, LLC",13244 TELECOM DR,,TAMPA,FL,336370932,8134100029,C.E.O,3336C0003X,tier_1_primary_pharmacy,Y,Y,
1831513613,MAZ PHARMACY DISCOUNT CORP,3825 W 16TH AVE,SUITE 6,HIALEAH,FL,330127005,7867033263,PRESIDENT,3336C0003X,tier_1_primary_pharmacy,Y,Y,
1013331727,COMPOUND MD INC,10948 N 56TH ST STE 202,,TEMPLE TERRACE,FL,336173001,8139858513,OWNER,3336C0003X,tier_1_primary_pharmacy,Y,Y,
1326462946,GENERIC SPECIALTIES INC,1701 ACME ST,,ORLANDO,FL,328053603,4074459581,DIRECTOR,3336I0012X,tier_1_primary_pharmacy,Y,Y,
1982028551,GOLDEN HILLS PHARMACY LLC,2053 N UNIVERSITY DR,,SUNRISE,FL,333223936,3523513784,OWNER,3336C0003X,tier_1_primary_pharmacy,Y,Y,
1265857817,GLORIA PHARMACY CORP,2742 SW 8TH ST,SUITE 12-13,MIAMI,FL,331354650,3059038878,PRESIDENT,3336C0003X,tier_1_primary_pharmacy,Y,Y,
1891110326,READY PHARMACY INC,5782 W. FLAGLER ST,,MIAMI,FL,33144,3052663838,PRESIDENT,3336C0003X,tier_1_primary_pharmacy,Y,Y,
1629493085,INTERNAL MEDICINE CLINIC,13801 BRUCE B DOWNS BLVD,,TAMPA,FL,336133946,8139710195,PRESIDENT,333600000X,tier_1_primary_pharmacy,Y,Y,
1366867566,PINO PHARMACY CORP.,1350 SW 57TH AVE STE 314,,WEST MIAMI,FL,331445768,3052622920,PRESIDENT,333600000X|3336C0003X,tier_1_primary_pharmacy,Y,Y,
1376968479,AJ PHARMACY CORP,4615 NW 72ND AVE,UNIT 115,MIAMI,FL,331665689,3054777585,PRESIDENT,3336C0003X,tier_1_primary_pharmacy,Y,Y,
1477978567,GSP HEALTHCARE,2130 MICHIGAN AVE,,KISSIMMEE,FL,347442927,3212761146,PHARMACY MANAGER,3336C0003X,tier_1_primary_pharmacy,Y,Y,
1275958274,"PAC SHORES PHARMACY, LLC",9416 NE 2ND AVE,,MIAMI SHORES,FL,331382703,7863133018,PHARMACY MANAGER,3336C0003X,tier_1_primary_pharmacy,Y,Y,
1215352224,VARAHI PHARMACY INC.,5561 PALMER CROSSING CIR,,SARASOTA,FL,342333335,9418933050,PHARMACIST,333600000X|3336C0003X,tier_1_primary_pharmacy,Y,Y,
1104241199,S P PHARMACY CORP,5587 SW 8TH ST,,CORAL GABLES,FL,331342219,7864205360,PRESIDENT,3336C0003X,tier_1_primary_pharmacy,Y,Y,
1861817728,"FORMULA PHARMACY, INC.",11180 W FLAGLER ST STE 2,,MIAMI,FL,331741250,3053815635,PRESIDENT,333600000X,tier_1_primary_pharmacy,Y,Y,
1366868911,GREENWOOD HEALTHCARE LLC,3801 W LAKE MARY BLVD UNIT 127,,LAKE MARY,FL,327466168,4079156505,MANAGER,3336C0003X|333600000X,tier_1_primary_pharmacy,Y,Y,
1881010486,NEW PHARMACY AND STORE CORP,1204 E 4TH AVE,,HIALEAH,FL,330103502,7867036580,PRESIDENT,3336C0003X,tier_1_primary_pharmacy,Y,Y,
1699191296,LA BOTICA PHARMACY INC,10550 NW 77TH CT STE 109,,HIALEAH GARDENS,FL,330162069,7867034284,OWNER/PRESIDENT,3336C0003X,tier_1_primary_pharmacy,Y,Y,
1043636566,SUNCOAST COMMUNITY HEALTH CENTERS INC,7728 PALM RIVER RD,,TAMPA,FL,336194215,8136303649,PHARMACY DIRECTOR,3336C0003X|333600000X|3336C0002X,tier_1_primary_pharmacy,Y,Y,
1184040628,FLORIDA HEALTH CARE PLAN INC,707 PLATINUM PT,,LAKE MARY,FL,327465702,4077327950,CMO,333600000X|3336M0003X,tier_1_primary_pharmacy,Y,Y,
1043636558,PUBLIX SUPER MARKETS INC,120 SW 13TH ST,,MIAMI,FL,331304277,3058607770,VP PHARMACY,333600000X|3336C0003X,tier_1_primary_pharmacy,Y,N,PUBLIX
1306262829,PUBLIX SUPER MARKETS INC,525 BAY ISLES PKWY,,LONGBOAT KEY,FL,342283133,9413834314,VP PHARMACY,333600000X|3336C0003X,tier_1_primary_pharmacy,Y,N,PUBLIX
1740606128,ARCO PHARMACY LLC,1475 W OKEECHOBEE RD STE 5,,HIALEAH,FL,330102860,7865425000,PRESIDENT,3336C0003X,tier_1_primary_pharmacy,Y,Y,
1114343597,MEDLIFE PHARMACY LLC,736 S DILLARD ST UNIT C,,WINTER GARDEN,FL,347873908,4076562604,PHARMACY MANAGER,333600000X|3336C0003X,tier_1_primary_pharmacy,Y,Y,
1831515121,MANATEE PHARMACY SERVICES INC.,1802 59TH ST W,,BRADENTON,FL,342094630,9412091234,P,333600000X|3336C0003X|3336C0004X,tier_1_primary_pharmacy,Y,Y,
1578989760,J & Y QUALITY CARE SERVICES INC,4901 SW 87TH AVE,,MIAMI,FL,331656704,3058233312,OWNER,333600000X|3336H0001X,tier_2_secondary_pharmacy,N,Y,
1841616117,27 AVE PHARMACY INC,1065 SW 27TH AVE,,MIAMI,FL,331354614,3056430100,PRESIDENT,3336C0003X,tier_1_primary_pharmacy,Y,Y,
1114343282,GINGER PHARMACY LLC,739 S ORANGE BLOSSOM TRL,,APOPKA,FL,327033708,4078143868,PHARMACIST,3336C0003X,tier_1_primary_pharmacy,Y,Y,
1144646399,PUBLIX SUPER MARKETS INC,4860 DAVIS BLVD,,NAPLES,FL,341045337,2397327318,VP PHARMACY,333600000X|3336C0003X,tier_1_primary_pharmacy,Y,N,PUBLIX
1053737015,A&R PHARMACY,1201 US HIGHWAY 1 STE 248,,NORTH PALM BEACH,FL,334088506,7033496800,PRESIDENT,3336M0002X,tier_1_primary_pharmacy,Y,Y,
1114343084,"PRAXIS SPECIALTY PHARMACY, LLC",5455 W WATERS AVE,SUITE 214,TAMPA,FL,336341260,8889037453,PRESIDENT,3336M0002X|3336C0003X,tier_1_primary_pharmacy,Y,Y,
1043636921,"VRA ENTERPRISES, LLC",12617 RACE TRACK RD,,TAMPA,FL,336261331,8133629993,MANAGING MEMBER,3336C0004X|3336C0003X,tier_1_primary_pharmacy,Y,Y,
1710303649,"NORTH OCEAN MEDICAL PHAMRACY, INC.",3342 NE 34TH ST,,FORT LAUDERDALE,FL,333086906,9545638311,OWNER,3336C0003X,tier_1_primary_pharmacy,Y,Y,
1043636988,PHARM MED ENTERPRISE,1944 NW 17TH AVE,SUITE 8,MIAMI,FL,331251546,3054242074,PRESIDENT,3336C0003X,tier_1_primary_pharmacy,Y,Y,
1275950065,PHARMAKARE LLC,1545 BRANAN FIELD RD,SUITE # 12,MIDDLEBURG,FL,320688428,9125718791,MANAGING MEMBER,3336C0003X,tier_1_primary_pharmacy,Y,Y,
1235556879,WSRX HEALTHCARE LLC,5942 RED BUG LAKE RD,,WINTER SPRINGS,FL,327085035,3213164615,OWNER/PHARMACIST,3336C0003X,tier_1_primary_pharmacy,Y,Y,
1154748630,SPRINGS DRUG STORE INC,450 NE 125TH ST,,NORTH MIAMI,FL,331614754,3058637333,PRESIDENT,3336C0003X,tier_1_primary_pharmacy,Y,Y,
1871910018,"SANDESTIN APOTHECARY SERVICE, LLC",400 AUDUBON DR,,MIRAMAR BEACH,FL,325504594,8502676767,ADMINISTRATOR,333600000X,tier_1_primary_pharmacy,Y,Y,
1538586615,AMBAR RX INC,6460 SW 8TH ST,,WEST MIAMI,FL,331444814,7867033388,PRESIDENT,3336C0003X,tier_1_primary_pharmacy,Y,Y,
1689091787,"IFB PHARMACY, LLC",2488 N UNIVERSITY DR,,PEMBROKE PINES,FL,330243624,9548422827,MANAGING MEMBER,3336C0003X,tier_1_primary_pharmacy,Y,Y,
1851718811,"TAMPA FAMILY HEALTH CENTERS, INC.",5611 SHELDON RD,,TAMPA,FL,336153532,8133975320,CEO/PRESIDENT,3336C0003X,tier_1_primary_pharmacy,Y,Y,
1629495536,"GUARDIAN PHARMACY OF JACKSONVILLE, LLC",8000 BELFORT PKWY,SUITE 200,JACKSONVILLE,FL,322566934,9043454301,PRESIDENT,3336L0003X,tier_1_primary_pharmacy,Y,Y,
1548687460,PHARMACHOICE SOLUTION PHARMACY CORP,560 W 29TH ST,,HIALEAH,FL,330125712,3058831115,PRESIDENT,3336C0003X,tier_1_primary_pharmacy,Y,Y,
1457779373,"NORTH OCEAN MEDICAL PHARMACY, INC.",3342 NE 34TH ST,,FORT LAUDERDALE,FL,333086906,9545837267,OWNER,3336S0011X,tier_1_primary_pharmacy,Y,Y,
1982022620,MED SOLUTIONS PHARMACY,1078 S POWERLINE RD,,DEERFIELD BEACH,FL,334428119,8553946337,PHARMACY MANAGER,3336C0003X,tier_1_primary_pharmacy,Y,Y,
1700204302,"INTEGRATIVE MODALITY, INC",12555 ORANGE DR,#4079,DAVIE,FL,333304304,9548621720,DIRECTOR,333600000X,tier_1_primary_pharmacy,Y,Y,
1710305164,SHS PHARMACY,1733 N MONROE ST STE A,,TALLAHASSEE,FL,323035534,8502705302,CEO,3336C0003X,tier_1_primary_pharmacy,Y,Y,
1750709002,INNOVATIVE PHARMACY LLC,11356 S ORANGE BLOSSOM TRL,,ORLANDO,FL,328379426,4079232223,OWNER,3336C0003X,tier_1_primary_pharmacy,Y,Y,
1417375684,NEW NEIGHBOR PHARMACY,10694 SW 24TH ST,,MIAMI,FL,331657917,7864527500,PRESIDENT,3336C0003X,tier_1_primary_pharmacy,Y,Y,
1902225949,MILO PHARMACY & DISCOUNT INC,857 PALM AVE,,HIALEAH,FL,330104319,7865770886,RX MANAGER/OWNER,3336C0003X,tier_1_primary_pharmacy,Y,Y,
1245658236,ST. VERENA LLC.,13910 FIVAY RD,SUITE 3,HUDSON,FL,346677154,8139207063,PHARMACIST/OWNER,3336C0003X,tier_1_primary_pharmacy,Y,Y,
1952720963,ZUMA PHARMACY INC,554 HIALEAH DR,,HIALEAH,FL,330105349,7865028290,PRESIDENT,333600000X,tier_1_primary_pharmacy,Y,Y,
1295154185,PUTNAM COMMUNITY MEDICAL CENTER LLC,611 ZEAGLER DR,,PALATKA,FL,321773810,3863268450,DIRECTOR OF PHARMACY,3336I0012X,tier_1_primary_pharmacy,Y,Y,
1528487303,COMPLETE CARE PHARMACY LLC,7254 GOLDEN WINGS RD UNIT 9,,JACKSONVILLE,FL,322443321,9043891104,PHARMACIST IN CHARGE,3336C0004X|3336C0003X,tier_1_primary_pharmacy,Y,Y,
1164841987,RXPRESS PHARMACY LLC,7970 W SAMPLE RD,,MARGATE,FL,330654712,9542273042,PHARMACY MANAGER/OWNER,333600000X|3336C0004X|3336C0003X,tier_1_primary_pharmacy,Y,Y,
1881013498,GEORGE PHARMACY INC,948 ORANGE AVE,,DAYTONA BEACH,FL,321144668,3863222180,OWNER,333600000X|3336C0003X,tier_1_primary_pharmacy,Y,Y,
1699194191,EXPRESS HELP PHARMACY INC,7250 W 24TH AVE,SUITE 19-20,HIALEAH,FL,330166575,7867038778,PRESIDENT,3336C0003X,tier_1_primary_pharmacy,Y,Y,
1740609197,HIALEAH DISCOUNT PHARMACY CORP,12861 SW 42 ST.,,MIAMI,FL,331753435,3058852660,PRESIDENT,3336C0003X,tier_1_primary_pharmacy,Y,Y,
1881013241,MC DRUG STORE INC,1893 W FLAGLER ST,,MIAMI,FL,331351939,3056430507,PRESIDENT,333600000X,tier_1_primary_pharmacy,Y,Y,
1831518067,A&R PHARMACY,1201 US HIGHWAY 1,STE 043,N PALM BEACH,FL,334083550,5615003770,CEO,333600000X,tier_1_primary_pharmacy,Y,Y,
1396164588,DARIG PHARMACY,12702 STARKEY RD,,LARGO,FL,337731426,7275359950,MANAGER,3336C0003X,tier_1_primary_pharmacy,Y,Y,
1457771529,NOVA PHARMACY AND DISCOUNT INC,1691 NW 27TH AVE,,MIAMI,FL,331252162,3056350008,PRESIDENT,3336C0003X,tier_1_primary_pharmacy,Y,Y,
1609296789,PUBLIX SUPER MARKETS INC,4141 N FEDERAL HWY,,BOCA RATON,FL,334314528,5613951725,VP PHARMACY,333600000X|3336C0003X,tier_1_primary_pharmacy,Y,N,PUBLIX
1114346228,RX CARE 16 LLC,401 N WICKHAM RD STE W,,MELBOURNE,FL,329358659,3214217620,OWNER,333600000X|3336C0004X|3336C0003X,tier_1_primary_pharmacy,Y,Y,
1023437134,GOLDENROD PHARMACY,1952 E OSCEOLA PKWY,,KISSIMMEE,FL,347438626,3212140062,PRESIDENT,3336C0003X,tier_1_primary_pharmacy,Y,Y,
1467872549,WSRX HEALTHCARE LLC,5942 RED BUG LAKE RD,,WINTER SPRINGS,FL,327085035,3213164615,OWNER/PHARMACIST,3336C0003X,tier_1_primary_pharmacy,Y,Y,
1184044125,PUBLIX SUPER MARKETS INC,4760 W HILLSBORO BLVD,,COCONUT CREEK,FL,330734339,9544191351,VP PHARMACY,333600000X|3336C0003X,tier_1_primary_pharmacy,Y,N,PUBLIX
1891115655,K P PHARMACY CORP,17027 S DIXIE HWY,,PALMETTO BAY,FL,331574362,3052532006,PRESIDENT,3336C0003X,tier_1_primary_pharmacy,Y,Y,
1649690413,G & R PHARMACY INC,805 S FORT HARRISON AVE,,CLEARWATER,FL,337563901,7274424955,PRESIDENT,333600000X|3336C0003X,tier_1_primary_pharmacy,Y,Y,
1336569946,"ANDERSON-SCOKELEE, INC",5001 NW 34TH BLVD STE B,,GAINESVILLE,FL,326051190,3525195795,CHIEF OPERATING OFFICER (COO),3336C0003X,tier_1_primary_pharmacy,Y,Y,
1245650852,MANATEE FAMILY PHARMACY,3705 MANATEE AVE W,,BRADENTON,FL,342051711,9419819632,OWNER AND PHARMACY MANAGER,333600000X|3336C0004X|3336L0003X|3336S0011X|3336C0003X,tier_1_primary_pharmacy,Y,Y,
1154741767,VILLA PHARMACY,14285 SW 42ND ST,,MIAMI,FL,331756410,7865365358,PRESIDENT,3336C0003X,tier_1_primary_pharmacy,Y,Y,
1831519438,EMPATH HEALTH PHARMACEUTICALS LLC,5771 ROOSEVELT BLVD,,CLEARWATER,FL,337603407,7274677423,CFO,3336L0003X,tier_1_primary_pharmacy,Y,Y,
1619397148,NORTON PHARMACY CORP,2140 W FLAGLER ST,SUITE 102,MIAMI,FL,331355600,7863532977,PRESIDENT,3336C0003X,tier_1_primary_pharmacy,Y,Y,
1699195164,LIBRTY FOR ALL PHARMACY,3034 S JOG ROAD,,LAKE WOTH,FL,334670000,7542458883,OWNER,3336M0002X|3336C0003X,tier_1_primary_pharmacy,Y,Y,
1962822536,JDS PHARMACY CORP,10788 SW 24TH ST,,MIAMI,FL,331652499,7866415109,OWNER,3336C0003X,tier_1_primary_pharmacy,Y,Y,
1841610276,ADVENTIST HEALTH SYSTEMS SUNBELT HEALTHCARE CORPORATION,5050 WESLEY RD STE 120,,APOPKA,FL,327125908,8554409068,DIRECTOR/PHARMACIST,3336C0003X,tier_1_primary_pharmacy,Y,Y,
1417377813,"FAMILY HEALTH CENTERS OF SOUTHWEST FLORIDA, INC.",316 DEL PRADO BLVD S,,CAPE CORAL,FL,339901710,2393141616,PRESIDENT/CEO,3336C0002X,tier_2_secondary_pharmacy,N,Y,
1710307160,48TH PHARMACY INC,4800 W FLAGLER ST,SUITE 104,CORAL GABLES,FL,331341446,3054467505,PRESIDENT,3336C0003X,tier_1_primary_pharmacy,Y,Y,
1669892972,"CHARLES PHARMACY, LLC.",5081 OKEECHOBEE BLVD,,WEST PALM BEACH,FL,334174533,5615075300,PHARMACY MANAGER,333600000X|3336C0003X,tier_1_primary_pharmacy,Y,Y,
1235559469,SETON PHARMACY INC,1760 EDGEWOOD AVE W STE C,,JACKSONVILLE,FL,322087209,9044508787,"PHARMACY DIRECTOR,AO",3336C0003X,tier_1_primary_pharmacy,Y,Y,
1558771709,TRIM NUTRITION PHARMACY,22079 US HIGHWAY 19 N,,CLEARWATER,FL,337652364,7273996468,CHIEF ADMINISTRATIVE OFFICER,3336C0004X,tier_1_primary_pharmacy,Y,Y,
1063822286,CALLE OCHO PHARMACY LLC,2204 SW 8TH ST,,MIAMI,FL,331354914,7865259143,PRESIDENT,3336C0003X,tier_1_primary_pharmacy,Y,Y,
1306256524,AA PHARMACY INC,11338 SW 184TH ST,,MIAMI,FL,331576553,3058789343,PRESIDENT,3336C0003X,tier_1_primary_pharmacy,Y,Y,
1992115059,PETES DRUG STORE INC,2016 NE 8TH ST,,HOMESTEAD,FL,330334702,7863434043,PRESIDENT,3336C0003X,tier_1_primary_pharmacy,Y,Y,
1467862540,"NUESTRA PHARMACY AND DISCOUNT, CORP.",1208 SW 2ND ST,,MIAMI,FL,331352404,3054180052,OWNER,3336C0003X,tier_1_primary_pharmacy,Y,Y,
1669882627,UNIVERSAL PHARMACY,4888 NW 183RD ST STE 105,,MIAMI GARDENS,FL,330552939,7866573476,OWNER,3336C0004X|3336L0003X|3336C0003X,tier_1_primary_pharmacy,Y,Y,
1225448285,LA GLORIA PHARMACY INC,2901 SW 8TH ST,107,MIAMI,FL,331352861,7865028119,PRESIDENT,3336C0003X,tier_1_primary_pharmacy,Y,Y,
1538579503,VALUED CHOICE PHARMACY CORP,5537 SHELDON RD STE Y,,TAMPA,FL,336153173,8138810600,PHARMACY MANAGER,3336C0003X,tier_1_primary_pharmacy,Y,Y,
1598175333,PHARMACARE INC.,9408 SW 87TH AVE STE 105,,MIAMI,FL,331762416,3052748955,PRESIDENT / PHARMACIST IN CHARGE,3336C0004X|3336C0003X,tier_1_primary_pharmacy,Y,Y,
1013327907,MY PHARMACY DISCOUNT CORP,1085 E 4TH AVE STE C,,HIALEAH,FL,330104103,7864314340,PRESIDENT,3336C0003X,tier_1_primary_pharmacy,Y,Y,
1306256110,GARCIA PHARMACY INC,9160 NW 122ND ST,SUITE 8,HIALEAH GARDENS,FL,330181730,3055121797,PRESIDENT,3336C0003X,tier_1_primary_pharmacy,Y,Y,
1902216724,CECILIAS PHARMACY INC,2500 SW 107TH AVE,SUITE 30,MIAMI,FL,331652470,7865425893,PRESIDENT,3336C0003X,tier_1_primary_pharmacy,Y,Y,
1053721738,ENUKORA INC,18346 NW 7TH AVE,,MIAMI GARDENS,FL,331694438,3056514725,PHARMACY MANEGER,3336C0003X,tier_1_primary_pharmacy,Y,Y,
1679983225,PS PHARMACY CORP,2003 SW 1ST ST,,MIAMI,FL,331351602,7868038147,PRESIDENT,3336C0003X,tier_1_primary_pharmacy,Y,Y,
1275943771,EXPRESS PHARMACY,1218 WINTER GARDEN VINELAND RD,UNIT 112,WINTER GARDEN,FL,347876370,4079025719,PHARMACY MANAGER AND OWNER,3336C0003X,tier_1_primary_pharmacy,Y,Y,
1962812370,HYGEA PHARMACY CORP,6242 SW 8TH ST,,WEST MIAMI,FL,331444810,7863324251,PRESIDENT,3336C0003X,tier_1_primary_pharmacy,Y,Y,
1144630419,MILIAN PHARMACY INC,6801 NW 77TH AVE,SUITE 106,MIAMI,FL,331662851,3056153989,PRESIDENT,3336C0003X,tier_1_primary_pharmacy,Y,Y,
1083025381,MILLIES PHARMACY INC,7245 SW 24TH ST,,MIAMI,FL,331551401,7866168741,PRESIDENT,3336C0003X,tier_1_primary_pharmacy,Y,Y,
1609287879,AVDRUGS CORP,4993 SW 74TH CT,SUITE A,MIAMI,FL,331554471,3056684649,PRESIDENT,3336C0003X,tier_1_primary_pharmacy,Y,Y,
1811308026,CB PHARMACY INC,2390 W 76TH ST,BAY 3,HIALEAH,FL,330161843,7862387801,PRESIDENT,3336C0003X,tier_1_primary_pharmacy,Y,Y,
1881005098,NINA PHARMACY INC,4723 NW 79TH AVE,,DORAL,FL,331665403,3054710091,OWNER,3336C0003X,tier_1_primary_pharmacy,Y,Y,
1285045302,PRIMROSE PHARMACY LLC,4733 WEST ATLANTIC AVENUE,SUITE C 5,DELRAY BEACH,FL,33445,5615294935,VP PHARMACY OPERATIONS,3336C0003X|3336M0002X|333600000X,tier_1_primary_pharmacy,Y,Y,
1376954339,"IPHARMACY DISCOUNT, INC",3027 NW 7TH ST.,,MIAMI,FL,331254242,3056427177,PRESIDENT,3336C0003X,tier_1_primary_pharmacy,Y,Y,
1538570445,"1ST CLASS PHARMACY ,INC.",1516 E 4TH AVE,,HIALEAH,FL,330103159,7862529590,PRESIDENT,333600000X,tier_1_primary_pharmacy,Y,Y,
1174934095,B S PHARMACY CORP,10788 SW 24TH ST,,MIAMI,FL,331652499,7863594528,PRESIDENT,333600000X|3336C0003X,tier_1_primary_pharmacy,Y,Y,
1669883674,RIGAL PHARMACY LLC,3180 NW 7TH ST,,MIAMI,FL,331254202,3056437780,PRESIDENT,3336C0003X,tier_1_primary_pharmacy,Y,Y,
1093126005,DOS RIOS PHARMACY INC,2205 NW 67TH AVE,,MIAMI,FL,331222207,7869538970,PRESIDENT,3336C0003X,tier_1_primary_pharmacy,Y,Y,
1407267313,EMPORIUM PHARMACY,2664 PALM AVE,,HIALEAH,FL,330101714,7864838500,PRESIDENT,3336C0003X,tier_1_primary_pharmacy,Y,Y,
1699186338,SHIVSAI RX LLC,1808 S FRENCH AVE,,SANFORD,FL,32771,4073237922,OWNER AND MANAGER,333600000X|3336C0004X|3336C0003X,tier_1_primary_pharmacy,Y,Y,
1699186353,VITAL LIFE PHARMACY,6063 SW 18TH ST,BAY 112,BOCA RATON,FL,334337118,5612457082,OWNER,3336C0003X,tier_1_primary_pharmacy,Y,Y,
1275944951,PUBLIX SUPER MARKETS INC,311 SW 7TH ST,,MIAMI,FL,331302917,3058569990,VP PHARMACY,333600000X|3336C0003X,tier_1_primary_pharmacy,Y,N,PUBLIX
1184035867,PUBLIX SUPER MARKETS INC,15755 SW 56TH ST,,MIAMI,FL,331853879,3052075306,VP PHARMACY,333600000X|3336C0003X,tier_1_primary_pharmacy,Y,N,PUBLIX
1003227638,SCRIPT SHOP MIAMI LLC,1680 MICHIGAN AVE,800,MIAMI BEACH,FL,331392538,8888881601,DIRECTOR,3336C0003X|333600000X,tier_1_primary_pharmacy,Y,Y,
1770994220,EXPRESS PHARMACY DISCOUNT INC,2350 W 60TH ST STE 5,,HIALEAH,FL,330164483,7868042233,PRESIDENT,3336C0003X,tier_1_primary_pharmacy,Y,Y,
1285045732,WESTERN PHARMACY CORP,1609 SW 67TH AVE,,MIAMI,FL,331551827,7865367847,PRESIDENT,3336C0003X,tier_1_primary_pharmacy,Y,Y,
1356752869,PHARMA AMERICA CORP,3001 W 12TH AVE,SUITE 7,HIALEAH,FL,330124898,3055498887,PRESIDENT,3336C0003X,tier_1_primary_pharmacy,Y,Y,
1316358849,WELLNESS RX LLC,7640 NW 25TH ST STE 105,,MIAMI,FL,331221716,3053847600,CFO,333600000X|3336L0003X,tier_1_primary_pharmacy,Y,Y,
1932511359,RX CARE 10 LLC,3795 TAMIAMI TRL E,,NAPLES,FL,341126257,2397742200,OWNER,3336C0004X|3336C0003X,tier_1_primary_pharmacy,Y,Y,
1811309024,YERA PHARMACY CORP,11629 SW 216TH ST,,MIAMI,FL,331702908,3052512852,PRESIDENT,333600000X|3336C0003X,tier_1_primary_pharmacy,Y,Y,
1568874626,OLD TOWN PHARMACY INC,26064 SE HWY 19,,OLD TOWN,FL,32680,3525429301,BOOKKEEPER,3336C0003X,tier_1_primary_pharmacy,Y,Y,
1689086738,UNIVITA HOMECARE SOLUTIONS LLC,15800 SW 25TH ST,,MIRAMAR,FL,330274222,9543331000,GENERAL COUNSEL,3336C0004X|3336H0001X|333600000X,tier_1_primary_pharmacy,Y,Y,
1356753255,"WHOLE FAMILY HEALTH CENTER, INC.",725 N US HIGHWAY 1,,FORT PIERCE,FL,349509125,7729258402,CHIEF EXECUTIVE OFFICER,3336C0002X|3336C0003X|3336M0002X|3336S0011X|333600000X,tier_1_primary_pharmacy,Y,Y,
1942612718,THE FLA PHARMACY INC,3750 W 16TH AVE,SUITE 100,HIALEAH,FL,330124654,3058238150,PRESIDENT,3336C0003X,tier_1_primary_pharmacy,Y,Y,
1083026801,FAMILY GABLES PHARMACY INC,3401 BONITA BEACH RD,SUITE 405,BONITA SPRINGS,FL,341344188,2393300247,PRESIDENT,3336C0003X,tier_1_primary_pharmacy,Y,Y,
1033521828,FOREVER PHARMACY CORP,710 SW 17TH AVE,,MIAMI,FL,331355231,3054567625,PRESIDENT,3336C0003X,tier_1_primary_pharmacy,Y,Y,
1003228883,MY DRUG STORE INC,1901 W FLAGLER ST,,MIAMI,FL,331351677,7864649549,PRESIDENT,3336C0003X,tier_1_primary_pharmacy,Y,Y,
1962814749,DOUGLAS RD PHARMACY DISCOUNT CORP,801 NW 37TH AVE,SUITE 833,MIAMI,FL,331253887,7864315733,VICE PRESIDENT,3336C0003X,tier_1_primary_pharmacy,Y,Y,
1982016770,J & M PHARMACY INC,1250 NW 7TH ST,UNIT 101 102,MIAMI,FL,331253744,3054776500,PRESIDENT,3336C0003X,tier_1_primary_pharmacy,Y,Y,
1265844997,J.S RX INC,1970 OPA LOCKA BLVD,,OPA LOCKA,FL,33054,3056039887,PRESIDENT,3336C0003X,tier_1_primary_pharmacy,Y,Y,
1649682337,RIVERO PHARMACY INC,13621 SW 26 ST,,MIAMI,FL,33175,3052211300,PRESIDENT,3336C0003X,tier_1_primary_pharmacy,Y,Y,
1629480322,GUANABO PHARMACY DISCOUNT INC,632 E 4TH AVE,,HIALEAH,FL,330104402,3058876220,PRESIDENT,3336C0003X,tier_1_primary_pharmacy,Y,Y,
1912319617,EBENEZER PHARMACY INC,3491 E 4TH AVE,,HIALEAH,FL,330133052,3056931104,PRESIDENT,3336C0003X,tier_1_primary_pharmacy,Y,Y,
1659783165,LIVE & LET LIVE PHARMA LLC,1455 NW 36TH ST STE 1,,MIAMI,FL,331425557,3056355203,PHARMACY MANAGER / PHARMACIST,3336C0003X,tier_1_primary_pharmacy,Y,Y,
1356753818,LA BOTICA PHARMACY INC NO2,1159 W 29TH ST,,HIALEAH,FL,330125063,7863602589,OWNER,333600000X|3336C0003X,tier_1_primary_pharmacy,Y,Y,
1396157897,"SUSY'S PHARMACY, INC.",12887 SW 42 ST,,MIAMI,FL,33175,7866168668,PRESIDENT,3336C0003X,tier_1_primary_pharmacy,Y,Y,
1801209366,"LIFE HEALTHCARE SERVICES, INC.",2170 W 73RD ST,,HIALEAH,FL,330161820,3058265757,CEO,3336S0011X,tier_1_primary_pharmacy,Y,Y,
1750794293,E & L PHARMACY DISCOUNT LLC,237 NW 12TH AVE,C,MIAMI,FL,331281080,5618563829,MGR,3336C0003X,tier_1_primary_pharmacy,Y,Y,
1972916195,"PUBLIX NORTH CAROLINA, LP",3300 PUBLIX CORPORATE PKWY,,LAKELAND,FL,338113311,8636881188,VP PHARMACY,333600000X,tier_1_primary_pharmacy,Y,N,PUBLIX
1528471786,ABSOLUTE PHARMACY LLC,16011 N NEBRASKA AVE,SUITE 103,LUTZ,FL,335496158,8139992700,PHARMACIST IN CHARGE,3336C0004X,tier_1_primary_pharmacy,Y,Y,
1437562642,"PERFORMSPECIALTY, LLC",2416 LAKE ORANGE DR,SUTIE 190,ORLANDO,FL,328377812,4079561220,PRESIDENT,3336C0003X|3336S0011X,tier_1_primary_pharmacy,Y,Y,
1912310848,ORANGE PHARMACY CORP,1417 DEL PRADO BLVD S,UNIT 4,CAPE CORAL,FL,339903749,2398003132,PRESIDENT,3336C0003X,tier_1_primary_pharmacy,Y,Y,
1770996381,PHARMTECH CORP,550 SW 115 AVE C10,,MIAMI,FL,33174,2024305793,PRESIDENT,333600000X,tier_1_primary_pharmacy,Y,Y,
1376957811,EXPRESS RX PHARMACY INC,9999 SW 72 ST,SUITE 101,MIAMI,FL,331734107,7864205601,PRESIDENT,3336C0003X,tier_1_primary_pharmacy,Y,Y,
1376957985,"ABSOLUTE PHARMACY, LLC",16011 N. NEBRASKA AVE,SUITE 103,LUTZ,FL,33549,8139992700,PRESIDENT,333600000X,tier_1_primary_pharmacy,Y,Y,
1699189753,TAMIAMI HEALTH SOLUTIONS INC,2608 SW 8TH ST,,MIAMI,FL,331353020,7865345343,PRESIDENT,3336C0003X,tier_1_primary_pharmacy,Y,Y,
1588078406,"LIFE AND HEALTH PHARMACY, LLC",4065 E 8TH AVE,,HIALEAH,FL,330132856,3058362811,PRESIDENT,3336C0003X,tier_1_primary_pharmacy,Y,Y,
1780098434,RICX INVESTMENT CORP,10618 DEVCO DR,,PORT RICHEY,FL,346682871,7278634035,PRESIDENT,3336C0003X,tier_1_primary_pharmacy,Y,Y,
1376957050,INTERAMERICAN PHARMACY CORP,6001 NW 153RD ST STE 102,,MIAMI LAKES,FL,330142447,3055123532,OWNER PRESIDENT,3336C0003X,tier_1_primary_pharmacy,Y,Y,
1619382322,ALBA PHARMACY AND DISCOUNT INC,918 E 25TH ST,,HIALEAH,FL,330133404,7867034966,PRESIDENT,3336C0003X,tier_1_primary_pharmacy,Y,Y,
1346655818,CHOBEE PHARMACY LLC,1535 W OKEECHOBEE RD,,HIALEAH,FL,330102833,7863914314,PRESIDENT,3336C0003X,tier_1_primary_pharmacy,Y,Y,
1528473097,"LEON MEDICAL CENTERS, LLC",8600 NW 41ST ST,,DORAL,FL,331666202,3056315900,DIRECTOR OF PHARMACY,3336C0002X|3336C0003X,tier_1_primary_pharmacy,Y,Y,
1134534555,FAMILY CHOICE PHARMACY LLC,1897 PALM BEACH LAKES BLVD,SUITE115,WEST PALM BEACH,FL,334093507,5618223511,PHARMACIST/OWNER,3336C0003X,tier_1_primary_pharmacy,Y,Y,
1235544594,UNIVERSITY OF SOUTH FLORIDA,13330 USF LAUREL DR.,MDC 52,TAMPA,FL,33612,8139740133,PHARMACY MANAGER,3336C0003X,tier_1_primary_pharmacy,Y,Y,
1306251798,APA PHARMACY,2282 SW 22ND ST,,CORAL GABLES,FL,331453509,3054180759,OWNER,3336C0003X,tier_1_primary_pharmacy,Y,Y,
1124433222,MAA ASHAPURI LLC,63 W MAIN ST,,APOPKA,FL,327035155,4078144843,OWNER/MANAGER,3336L0003X|333600000X|3336C0003X,tier_1_primary_pharmacy,Y,Y,
1235544305,DNA PHARMACY INC,347 PALM AVE,,HIALEAH,FL,330104715,7863626263,PRESIDENT,3336C0003X,tier_1_primary_pharmacy,Y,Y,
1073928057,MAHEEM ENTERPRISE LLC,1515 PALM BAY RD STE 108,,MELBOURNE,FL,329053863,3214993999,PHARMACY MANAGER,3336C0003X,tier_1_primary_pharmacy,Y,Y,
1700291606,"NORTH TAMPA PHARMACY, INC",14125 7TH ST,,DADE CITY,FL,335254204,3524374843,OWNER,3336C0003X,tier_1_primary_pharmacy,Y,Y,
1649686338,J & O PHARMACY INC,2416 SW 137TH AVE,,MIAMI,FL,331756311,7865343612,PRESIDENT,3336C0003X,tier_1_primary_pharmacy,Y,Y,
1316353980,LUCKY RX PHARMACY INC,486 PALM AVE,,HIALEAH,FL,33010,7863177216,PRESIDENT/OWNER,3336C0003X,tier_1_primary_pharmacy,Y,Y,
1154737708,"TMRX VENTURES, LLC",1430 N MILLS AVE STE 120,,ORLANDO,FL,328031877,4077455066,DIRECTOR OF OPERATION,333600000X|3336C0003X|3336S0011X|3336C0004X,tier_1_primary_pharmacy,Y,Y,
1043626153,PICH KTM CORP,11643 BEACH BLVD,UNIT A,JACKSONVILLE,FL,32246,9045515870,PHARMACIST/PHARMACY OWNER,3336C0003X,tier_1_primary_pharmacy,Y,Y,
1568878676,45TH MEDGRP-PATRICK,1381 S PATRICK DR,,PATRICK AFB,FL,329253606,3214943988,CHIEF DHA PASS,333600000X,tier_2_secondary_pharmacy,N,Y,
1013323005,OPHARMA GROUP LLC,4733 W ATLANTIC AVE,SUITE 2,DELRAY BEACH,FL,334453706,5612703238,VICE PRESIDENT,3336C0003X,tier_1_primary_pharmacy,Y,Y,
1710394465,1ST CLASS PHARMACY OF PALM AVE CORP,2760 PALM AVE,SUITE 101,HIALEAH,FL,330101778,7866156396,PRESIDENT,3336C0003X,tier_1_primary_pharmacy,Y,Y,
1245647627,WESTERN FLORIDA PHARMACY LLC,5001 COMMERCE PARK CIR,SUITE B,PENSACOLA,FL,325051659,8502669282,COO,333600000X|3336C0003X|3336C0004X,tier_1_primary_pharmacy,Y,Y,
1043627367,GOVERDHAN LLC,4347-3 UNIVERSITY BLVD S,,JACKSONVILLE,FL,32216,9043292251,MANAGER,3336C0003X,tier_1_primary_pharmacy,Y,Y,
1740697895,"MEDICOR HEALTHCARE, INC",3403 W WATERS AVE,,TAMPA,FL,336142713,8139308000,PHARMACY MANAGER,333600000X|3336C0003X|3336H0001X,tier_2_secondary_pharmacy,N,Y,
1013324235,FLORIDA DEPARTMENT OF HEALTH,1750 17TH ST,BLDG E,SARASOTA,FL,342348632,9418611424,ADMINISTRATOR,333600000X|3336M0003X|3336C0002X,tier_1_primary_pharmacy,Y,Y,
1922415140,PHYSICIAN SPECIALTY PHARMACY LLC,6258 N W ST,,PENSACOLA,FL,325051903,8504629555,DIRECTOR,333600000X|3336C0003X,tier_1_primary_pharmacy,Y,Y,
1295142347,SOLIANT HEALTH,5946 GREEN POND DR,,JACKSONVILLE,FL,322581143,9048862071,SENIOR ACCOUNT EXECUTIVE,333600000X,tier_1_primary_pharmacy,Y,Y,
1003223108,PALM BEACH PHARMA CORP,235 PERUVIAN AVE STE 3,,PALM BEACH,FL,334804695,5616500236,P/CEO,333600000X|3336C0003X,tier_1_primary_pharmacy,Y,Y,
1801203815,WALGREEN CO,10121 SEMINOLE BLVD,,SEMINOLE,FL,337722543,7273987308,PHARMACIST,3336C0003X,tier_1_primary_pharmacy,Y,N,WALGREEN
1770990715,PHARMACY MEDICAL SERVICES INC,3850 COCONUT CREEK PKWY,,COCONUT CREEK,FL,330661600,9545326633,CHIEF PHARMACIST,3336C0003X,tier_1_primary_pharmacy,Y,Y,
1730596776,AAP PHARMACY INC,171 WESTWARD DR,,MIAMI SPRINGS,FL,331665257,3052005043,PRESIDENT,3336C0003X,tier_1_primary_pharmacy,Y,Y,
1073921896,"E PHARMACY, INC.",2624 ATLANTIC BLVD,SUITE 3,JACKSONVILLE,FL,322073668,9046198616,PRESIDENT,3336C0002X,tier_1_primary_pharmacy,Y,Y,
1104234889,ESTRELLA DISCOUNT PHARMACY INC,357 E 1ST AVE,,HIALEAH,FL,330104807,3054776200,PRESIDENT,3336C0003X,tier_1_primary_pharmacy,Y,Y,
1912315607,LEAH PHARMACY LLC,1246 W 44TH PL,,HIALEAH,FL,330123332,3058880000,PRESIDENT,3336C0003X,tier_1_primary_pharmacy,Y,Y,
1376951061,CHARLIES DRUG STORE INC,2350 W 84TH ST,BAY 15,HIALEAH,FL,330165575,7865343997,PRESIDENT,3336C0003X,tier_1_primary_pharmacy,Y,Y,
1811305501,EURO PHARMA INC,2350 W 60TH ST,SUITE 5,HIALEAH,FL,330164482,3058196535,PRESIDENT,3336C0003X,tier_1_primary_pharmacy,Y,Y,
1548678238,MILA PHARMACY INC,2705 SW 142ND AVE,,MIAMI,FL,331758014,7866158361,PRESIDENT,3336C0003X,tier_1_primary_pharmacy,Y,Y,
1568870244,MAX PHARMACY CORP,2017 W 62ND ST,,HIALEAH,FL,330162678,7868343800,PRESIDENT,3336C0003X,tier_1_primary_pharmacy,Y,Y,
1841608528,REAL PHARMACY & DISCOUNT INC,11400 W FLAGLER ST,SUITE 108,MIAMI,FL,331744007,7865345952,PRESIDENT,3336C0003X,tier_1_primary_pharmacy,Y,Y,
1063820678,AAN PHARMACY INC,1116 SW 1ST ST,,MIAMI,FL,331301011,3056480000,PRESIDENT,3336C0003X,tier_1_primary_pharmacy,Y,Y,
1235547845,ONE PHARMACY INC,2356 NW 7TH ST,,MIAMI,FL,331253249,3056420000,PRESIDENT,3336C0003X,tier_1_primary_pharmacy,Y,Y,
1376951905,EMM PHARMACY INC,6459 SW 8TH ST,,WEST MIAMI,FL,331444843,3056350000,PRESIDENT,3336C0003X,tier_1_primary_pharmacy,Y,Y,
1437567062,WEST FLAGLER DRUG STORE CORP,6785 W FLAGLER ST,,MIAMI,FL,331442923,3056650000,PRESIDENT,3336C0003X,tier_1_primary_pharmacy,Y,Y,
1699183210,L AND J PHARMACY DISCOUNT INC,9620 SUNSET DR,,MIAMI,FL,331733250,3055510000,PRESIDENT,3336C0003X,tier_1_primary_pharmacy,Y,Y,
1285042739,PUBLIX PHARMACY #1433,2438 LAUREL RD E,,NORTH VENICE,FL,342753204,9414882459,PHARMACY MANAGER,333600000X,tier_1_primary_pharmacy,Y,N,PUBLIX
1053729418,NIMOH PHARMACY AND COMPOUNDING LLC,12878 US HIGHWAY 301,,DADE CITY,FL,335255801,3524375985,P.I.C / OWNER,333600000X|3336C0004X|3336C0003X,tier_1_primary_pharmacy,Y,Y,
1679981922,RX CARE 12 LLC,2309 W WOOLBRIGHT RD STE 4,,BOYNTON BEACH,FL,334266366,5613363281,PHARMACY OWNER,3336C0004X|3336C0003X,tier_1_primary_pharmacy,Y,Y,
1073921128,ARCHANGEL ONE LLC,11001 SPRING HILL DR,,SPRING HILL,FL,346085052,3526104355,R.PH. MANAGER/PHARMACY OWNER,3336C0003X,tier_1_primary_pharmacy,Y,Y,
1821406042,"MEDICAL HOTSPOTS, INC",780 US HIGHWAY 1,SUITE 101,VERO BEACH,FL,329621660,7724928559,CEO,3336C0003X,tier_1_primary_pharmacy,Y,Y,
1740698927,MED-LAB COMPOUNDING,9963 SW 142ND AVE,,MIAMI,FL,33186,7865347533,PRESIDENT,3336S0011X,tier_1_primary_pharmacy,Y,Y,
1306254495,TARGET,10000 GULF CENTER DR,,FORT MYERS,FL,339138961,2394322818,PHARMACIST,3336C0003X,tier_1_primary_pharmacy,Y,N,TARGET
1851709927,RODRIGUEZ PHARMACY CORP,6600 W FLAGLER ST,,MIAMI,FL,331442922,3056405097,PRESIDENT,3336C0003X,tier_1_primary_pharmacy,Y,Y,
1912315086,SJ PHARMACY CORP,161 NW 29TH ST,,MIAMI,FL,331273929,3055737598,PRESIDENT,3336C0003X,tier_1_primary_pharmacy,Y,Y,
1114335296,"TRUSTEDMEDRX, LLC",1200 S ROGERS CIR STE 4,,BOCA RATON,FL,334875703,8559396337,PHARMACIST IN CHARGE,3336C0003X,tier_1_primary_pharmacy,Y,Y,
1407265523,ODEN PHARMACY CORP,8302 NW 103RD ST,SUITE 104,HIALEAH GARDENS,FL,330164697,7867039559,PRESIDENT,3336C0003X,tier_1_primary_pharmacy,Y,Y,
1659780518,SUNRISE PHARMACY LLC,4000 N STATE ROAD 7,SUITE 103,LAUDERDALE LAKES,FL,333194804,9545307171,PHARMACY MANAGER,3336C0003X,tier_1_primary_pharmacy,Y,Y,
1578972204,PHARM-ASSIST CONSULTANTS,7827 LANDO AVE,,BOYNTON BEACH,FL,334376359,5617396264,PRESIDENT,333600000X,tier_1_primary_pharmacy,Y,Y,
1891104543,ATLANTIS PHARMACY RX LLC,100 JOHN F KENNEDY DR,,ATLANTIS,FL,334621120,5612322893,OWNER/PHARMACY MANAGER,3336C0003X,tier_1_primary_pharmacy,Y,Y,
1790194462,"A & B PHARMACY DISCOUNT, INC",846 SE 8TH ST,,HIALEAH,FL,330105702,7865344451,OWNER,3336C0003X,tier_1_primary_pharmacy,Y,Y,
1568871176,AMY PHARMACY,8216 W FLAGLER ST,,MIAMI,FL,331442028,3055490352,OWNER,333600000X,tier_1_primary_pharmacy,Y,Y,
1730598293,SKP LLC,5004 GULFPORT BLVD S,,GULFPORT,FL,337074942,7272231075,PHARMACIST IN CHARGE,3336C0003X,tier_1_primary_pharmacy,Y,Y,
1215346606,OCEAN PHARMACY INC,3442 SW 8TH ST,,MIAMI,FL,331354108,7863345592,OWNER,3336C0003X,tier_1_primary_pharmacy,Y,Y,
1124437512,"QUEENS PHARMACY, INC.",281 NW 82ND AVE,,MIAMI,FL,331268339,7866154467,PRESIDENT,333600000X|3336C0003X,tier_1_primary_pharmacy,Y,Y,
1235548611,PDL PHARMACY CORP,3255 NW 7TH ST,,MIAMI,FL,331254139,3052663705,OWNER/PRESIDENT/PIC,3336C0003X,tier_1_primary_pharmacy,Y,Y,
1417366840,"PEOPLES PHARMACY TWO, INC.",1818 HARDEN BLVD,SUITE 150,LAKELAND,FL,338031812,8636883683,PRESIDENT,3336C0003X,tier_1_primary_pharmacy,Y,Y,
1144639451,GIRASOL PHARMACY & DISCOUNT INC,501 N KROME AVE,,HOMESTEAD,FL,330306050,7862436606,PRESIDENT,3336C0003X,tier_1_primary_pharmacy,Y,Y,
1790194975,"EMPATH HEALTH PHARMACEUTICALS, LLC",3050 1ST AVE S,PHARMACY DEPARTMENT,ST PETERSBURG,FL,337121010,7275232515,CHIEF FINANCIAL OFFICER,3336C0003X,tier_1_primary_pharmacy,Y,Y,
1407255672,GOLD PHARMACY LLC,758 E 10TH ST,,HIALEAH,FL,330103636,7863913907,PRESIDENT,3336C0003X,tier_1_primary_pharmacy,Y,Y,
1578962734,DANIELS PHARMACY CORP,2913 NW 7TH ST,,MIAMI,FL,331254305,7865347477,PRESIDENT,3336C0003X,tier_1_primary_pharmacy,Y,Y,
1376942417,OPTIMUN RX PHARMACY LLC.,6900 WEST 32 AVE STE #16,,HIALEAH,FL,33018,3055574995,OWNER / PRESIDENT,3336C0003X,tier_1_primary_pharmacy,Y,Y,
1487053344,MAIN STREET PHARMACY OF SAFETY HARBOR LLC,531 MAIN ST,SUITE K,SAFETY HARBOR,FL,346953558,7277876072,OWNER/PHARMACIST,3336C0003X,tier_1_primary_pharmacy,Y,Y,
1265831150,"HOLMES REGIONAL MEDICAL CENTER, INC.",1223 GATEWAY DR,HEALTH FIRST FAMILY PHARMACY,MELBOURNE,FL,329012607,3214347355,EVP/CFO,3336C0003X,tier_1_primary_pharmacy,Y,Y,
1518366319,DIRECT RETAIL PHARMACY LLC,5050 CONWAY RD STE 1,,ORLANDO,FL,328121200,4072030005,PHARMACIST/OWNER,333600000X|3336C0003X,tier_1_primary_pharmacy,Y,Y,
1265831978,SOUTHERN HILLS PHARMACY LLC,1739 N UNIVERSITY DR,,PLANTATION,FL,333224111,8505902622,CEO,3336C0004X|333600000X|3336C0003X,tier_1_primary_pharmacy,Y,Y,
1760881437,"TAMPA FAMILY HEALTH CENTERS, INC.",6216 E SLIGH AVENUE,,TAMPA,FL,33617,8135498060,PRESIDENT/CEO,3336C0003X,tier_1_primary_pharmacy,Y,Y,
1548669120,FORDS PHARMACY,8280 NW 27TH ST STE 503,,DORAL,FL,331221905,3055928353,PRESIDENT,3336C0003X,tier_1_primary_pharmacy,Y,Y,
1417356148,"TAMPA FAMILY HEALTH CENTERS, INC.",302 W FLETCHER AVE,,TAMPA,FL,336123415,8133975305,PRESIDENT/CEO,3336C0003X,tier_1_primary_pharmacy,Y,Y,
1326447988,LAKELAND FAMILY PHARMACY,605 W MEMORIAL BLVD,,LAKELAND,FL,338151466,8636987260,OWNER/MANAGER,3336C0003X,tier_1_primary_pharmacy,Y,Y,
1205235686,"PHARMCARE PHARMACY, INC","654 NE 9TH PLACE, SUITE A",,HOMESTEAD,FL,33030,7868423840,OWNER,333600000X|3336C0004X|3336C0003X|3336S0011X,tier_1_primary_pharmacy,Y,Y,
1770982225,CECILIAS PHARMACY INC,2500 SW 107TH AVE,SUITE 30,MIAMI,FL,331652470,7865425893,PRESIDENT,3336C0003X,tier_1_primary_pharmacy,Y,Y,
1669871018,BRIGHT PHARMACY & DISCOUNT INC,7945 NW 2ND ST,,MIAMI,FL,331268000,3052656122,PRESIDENT/OWNER,3336C0003X,tier_1_primary_pharmacy,Y,Y,
1215336607,UMBRELLA PHARMACY DISCOUNT CORP,10521 SW 40TH ST,,MIAMI,FL,331653747,7863322477,MANAGER,3336C0003X,tier_1_primary_pharmacy,Y,Y,
1710386180,SALUS PHARMACY LLC,4677 W FLAGLER ST,,MIAMI,FL,33134,7863602360,OWNER,3336C0003X,tier_1_primary_pharmacy,Y,Y,
1316346620,EASTPORT PHARMACY LLC,8972 S US HIGHWAY 1,,PORT ST LUCIE,FL,349523403,7728007267,"OWNER, MGR, PIC",333600000X|3336C0004X|3336L0003X|3336S0011X|3336C0003X,tier_1_primary_pharmacy,Y,Y,
1538568803,MED-LAB COMPOUNDING,9963 SW 142ND AVE,,MIAMI,FL,331866844,7865347533,TECHNICIAN,333600000X|3336C0004X,tier_1_primary_pharmacy,Y,Y,
1881094712,"MEDINA-MEDS PHARMACY, LLC",4675 OLD PLEASANT HILL RD,,KISSIMMEE,FL,347593423,4077480140,PRESIDENT/MANAGER,3336C0003X,tier_1_primary_pharmacy,Y,Y,
1568862167,ATTARFAL,4801 S UNIVERSITY DR,SUITE 264,DAVIE,FL,333283839,9549184241,CEO,3336C0003X,tier_1_primary_pharmacy,Y,Y,
1992105514,GABLES PHARMACY INC,706 SW 57TH AVE,,MIAMI,FL,331443922,7864094261,PRESIDENT,3336C0003X,tier_1_primary_pharmacy,Y,Y,
1184024788,MAAHI LLC,417 TAMIAMI TRL S,,VENICE,FL,342852600,9417869181,OWNER,333600000X|3336C0003X,tier_1_primary_pharmacy,Y,Y,
1851791339,MEDICA PHARMACY & COMPOUNDING,21004 W DIXIE HWY,,AVENTURA,FL,331801132,3055701933,OWNER,333600000X|3336C0003X,tier_1_primary_pharmacy,Y,Y,
1760882245,FLEMING ISLAND PHARMACY LLC,2349 VILLAGE SQUARE PKWY STE 106,,FLEMING ISLAND,FL,320034319,9046448233,PHARMACIST/OWNER,333600000X|3336C0004X|3336L0003X|3336C0003X,tier_1_primary_pharmacy,Y,Y,
1932500170,ONSHK LLC,2091 SAXON BLVD,SUITE 100,DELTONA,FL,32725,3869608962,OWNER,333600000X,tier_1_primary_pharmacy,Y,Y,
1033510060,"ADVANCERX PHARMACY,INC",26059 S DIXIE HWY,,HOMESTEAD,FL,330326613,7864108171,OWNER,333600000X,tier_1_primary_pharmacy,Y,Y,
1407257470,"EMPATH HEALTH PHARMACEUTICALS, LLC",11701 BELCHER RD S STE 126,,LARGO,FL,337735117,7275864432,CFO,3336C0003X,tier_1_primary_pharmacy,Y,Y,
1588065494,MED BLUE PHARMACY & DISCOUNT INC,1850 SW 8TH ST,,MIAMI,FL,331353433,7865342686,PRESIDENT/OWNER,3336C0003X,tier_1_primary_pharmacy,Y,Y,
1710388525,HEAL N HALE LLC,3090 ALOMA AVE,SUITE 140,WINTER PARK,FL,327923722,4076364670,PHARMACY MANAGER,3336C0003X,tier_1_primary_pharmacy,Y,Y,
1770984510,FRITZ PHARMACY INC,11398 W FLAGLER ST,SUITE 109,MIAMI,FL,331744213,3055043990,PRESIDENT,3336C0003X,tier_1_primary_pharmacy,Y,Y,
1235530023,MED BLUE PHARMACY & DISCOUNT INC,1850 SW 8TH ST STE 209,,MIAMI,FL,331353434,7865342686,PRESIDENT/OWNER,3336C0003X,tier_1_primary_pharmacy,Y,Y,
1245631936,A & B PHARMACEUTICAL SERVICES INC,4750 E MOODY BLVD STE 107,,BUNNELL,FL,321107710,3863136959,PHARMACY MANAGER,3336C0003X,tier_1_primary_pharmacy,Y,Y,
1366844789,AQUA PHARMACY INC,4243 W FLAGLER ST,,CORAL GABLES,FL,331341605,7864097503,OWNER,3336C0003X,tier_1_primary_pharmacy,Y,Y,
1922400365,M & P PHARMACY,2570 W 84TH ST,,HIALEAH,FL,330165702,3055589941,OWNER,3336C0003X,tier_1_primary_pharmacy,Y,Y,
1811399041,CHERYSGROUPLLC,6237 RIDGE RD,,PORT RICHEY,FL,346686743,8139576432,MANAGING MEMBER,333600000X,tier_1_primary_pharmacy,Y,Y,
1740682772,PUBLIX SUPER MARKETS INC,674 150TH AVE,,MADEIRA BEACH,FL,337082976,7273696443,VP PHARMACY,333600000X|3336C0003X,tier_1_primary_pharmacy,Y,N,PUBLIX
1497157424,PUBLIX SUPER MARKETS INC,1328 HOMESTEAD RD N,,LEHIGH ACRES,FL,339366024,2393683155,VP PHARMACY,333600000X|3336C0003X,tier_1_primary_pharmacy,Y,N,PUBLIX
1215339122,"CENTERWELL PHARMACY, INC.",15516 SW 88TH ST,,MIAMI,FL,331961554,3055173565,VP,3336C0003X,tier_1_primary_pharmacy,Y,Y,
1225430911,PUBLIX SUPER MARKETS INC,12022 INDIAN ROCKS RD,,LARGO,FL,337743215,7275956794,VP PHARMACY,333600000X|3336C0003X,tier_1_primary_pharmacy,Y,N,PUBLIX
1538561295,RC PHARMA INC,2772 SW 137TH AVE,,MIAMI,FL,331756638,7864093892,PRESIDENT,3336C0003X,tier_1_primary_pharmacy,Y,Y,
1386046043,EL CARIBE PHARMACY CORP,425 SW 22ND AVE,SUITE # E1,MIAMI,FL,331353100,7863532656,PRESIDENT,3336C0003X,tier_1_primary_pharmacy,Y,Y,
1962804625,IGR PHARMACY CORP,6045 SW 8TH ST,,WEST MIAMI,FL,331445039,7864017020,PRESIDENT,3336C0003X,tier_1_primary_pharmacy,Y,Y,
1194127910,"OASIS PHARMACY, INC.",13339 SW 42ND ST,,MIAMI,FL,331753270,7865348161,PRESIDENT,3336C0003X,tier_1_primary_pharmacy,Y,Y,
1346642014,PUBLIX SUPER MARKETS INC,2925 TRAVERSE TRL,,THE VILLAGES,FL,321632017,3527502714,VP PHARMACY,333600000X|3336C0003X,tier_1_primary_pharmacy,Y,N,PUBLIX
1063814630,STARX PHARMACY,802 E DIXIE AVE,,LEESBURG,FL,347486014,3523239555,PHARMACIST IN CHARGE,3336C0004X,tier_1_primary_pharmacy,Y,Y,
1528460128,"DOCTOR TODAY TLC, LLC",101 MAGNOLIA AVE,,AUBURNDALE,FL,338234201,8638588000,MEDICAL DIRECTOR,3336C0002X,tier_1_primary_pharmacy,Y,Y,
1841692464,"ASC PHARMACY, INC.",3416 W 84TH ST,SUITE 108A,HIALEAH,FL,330184933,3056985411,PRESIDENT,3336H0001X,tier_1_primary_pharmacy,Y,Y,
1831592492,"ASC PHARMACY, INC.",3416 W 84TH ST,SUITE 108A,HIALEAH,FL,330184933,3056985411,PRESIDENT,3336S0011X,tier_1_primary_pharmacy,Y,Y,
1407258031,VINEYARD PHARMACY AND HEALTHCARE SERVICES,6500 SW ARCHER RD STE H,,GAINESVILLE,FL,326084786,3525053387,OWNER/PHARMACY MANAGER,3336C0002X|3336C0003X,tier_1_primary_pharmacy,Y,Y,
1902209059,MB PHARMACY INC,8940 SW 40TH ST,,MIAMI,FL,331655304,3052274055,PRESIDENT,3336C0003X,tier_1_primary_pharmacy,Y,Y,
1831592989,EMPIRE PHARMACY INC,12753 SW 42ND ST,,MIAMI,FL,331753429,7865347454,PRESIDENT,3336C0003X,tier_1_primary_pharmacy,Y,Y,
1265835938,HOLMES REGIONAL MEDICAL CENTER INC,8725 N WICKHAM RD STE 102,,MELBOURNE,FL,329402240,3214347355,EVP/DFO,333600000X|3336C0003X,tier_1_primary_pharmacy,Y,Y,
1841694510,JUPITER COMPOUNDING LLC,155 TONEY PENNA DR STE 1B,,JUPITER,FL,334585746,5612038589,OWNER/PRESIDENT/AO,333600000X|3336C0004X,tier_1_primary_pharmacy,Y,Y,
1083018774,SKYY SPECIALTY PHARMACY INC,6802 W HILLSBOROUGH AVE,,TAMPA,FL,336345004,8132494988,OWNER,3336S0011X,tier_1_primary_pharmacy,Y,Y,
1710381223,"DOCTORTODAY TLC,LLC",4435 US HIGHWAY 98 N,,LAKELAND,FL,338090402,8638588000,MEDICAL DOCTOR,3336C0002X,tier_1_primary_pharmacy,Y,Y,
1306240809,UNIVITA HEALTHCARE SOLUTION LLC,15800 SW 25TH ST,,MIRAMAR,FL,330274222,9543331000,CEO,3336H0001X,tier_1_primary_pharmacy,Y,Y,
1407250905,ALL-MED MANAGEMENT SYSTEMS LLC,3700 COMMERCE PKWY,,MIRAMAR,FL,330253912,9543331000,GENERAL COUNSEL,3336H0001X,tier_1_primary_pharmacy,Y,Y,
1124422530,QUALITY SPECIALTY PHARMACY INC.,5144 E BUSCH BLVD,,TAMPA,FL,336175306,8139887600,OWNER,333600000X,tier_1_primary_pharmacy,Y,Y,
1881098382,UNIVITA HOMECARE SOLUTIONS LLC,15800 SW 25TH ST,,MIRAMAR,FL,330274222,9543331000,CEO,3336H0001X,tier_1_primary_pharmacy,Y,Y,
1942604376,NAVYA HEALTH LLC,659 NE US HIGHWAY 19 UNIT 2,,CRYSTAL RIVER,FL,344294240,3522288929,PHARMACY MANAGER,3336C0004X|3336C0003X,tier_1_primary_pharmacy,Y,Y,
1689078719,PUBLIX SUPER MARKETS INC,250 3RD ST S,,SAINT PETERSBURG,FL,337014235,7278212124,VP PHARMACY,333600000X|3336C0003X,tier_1_primary_pharmacy,Y,N,PUBLIX
1043614217,STAYWELL RX PHARMACY LLC,7209 CORAL WAY,,MIAMI,FL,331551401,3052628297,OWNER,3336M0002X|3336C0003X,tier_1_primary_pharmacy,Y,Y,
1528462645,"FLORIDA HEALTH CARE PLAN, INC",1954 ROCKLEDGE BLVD,SUITE 107,ROCKLEDGE,FL,329553761,3215677503,CMO,333600000X|3336M0003X,tier_1_primary_pharmacy,Y,Y,
1639573744,"FLORIDA HEALTH CARE PLAN, INC.",1021 S WASHINGTON AVE,,TITUSVILLE,FL,327808404,3215677500,CMO,333600000X|3336M0003X,tier_1_primary_pharmacy,Y,Y,
1538563580,FLORIDA A AND M UNIVERSITY COLLEGE OF PHARMACY,2050 ART MUSEUM DR,SUITE 200,JACKSONVILLE,FL,322072595,9043913900,DIVISION DIRECTOR,333600000X,tier_1_primary_pharmacy,Y,Y,
1710381694,"SOUTHSHORE PHARMACY, INC.",13127 KINGS LAKE DR.,UNIT 102,GIBSONTON,FL,335343958,8136729600,OWNER,3336C0004X,tier_1_primary_pharmacy,Y,Y,
1962806729,MERSY PHARMACY CORP,2900 W 12TH AVE,SUITE #25,HIALEAH,FL,330124860,7863604059,OWNER/PHARMACY TECHNICIAN,333600000X,tier_1_primary_pharmacy,Y,Y,
1326443060,PUBLIX SUPER MARKETS INC,3044 S ATLANTIC AVE,,DAYTONA BEACH SHORES,FL,321186102,3867887330,VP PHARMACY,333600000X|3336C0003X,tier_1_primary_pharmacy,Y,N,PUBLIX
1336544741,CIRCLES OF CARE INC,400 SHERIDAN RD,,MELBOURNE,FL,329013122,3217225200,IN PATIENT PHARMACY DIRECTOR,333600000X,tier_1_primary_pharmacy,Y,Y,
1861897969,SANTANDER PHARMACY INC,4800 W FLAGLER ST STE 104,,CORAL GABLES,FL,331341464,3056039661,PRESIDENT,3336C0003X,tier_1_primary_pharmacy,Y,Y,
1629473632,HEALTH RESOURCES CONSULTANTS INC,6735 SUNSET STRIP,,SUNRISE,FL,333132849,9543823359,"PIC, AO",333600000X|3336C0003X,tier_1_primary_pharmacy,Y,Y,
1407251465,J'S PHARMACY,6416 RIDGE RD,,PORT RICHEY,FL,346686748,7278472211,MANAGING MEMBER,3336C0003X,tier_1_primary_pharmacy,Y,Y,
1164827150,MAJESTIC PHARMACY INC,15516 SW OSCEOLA ST STE A,,INDIANTOWN,FL,349563414,7725970061,OWNER/CEO,3336C0003X,tier_1_primary_pharmacy,Y,Y,
1053716936,"ADVANCED RX DERM, LLC",7500 GULF BLVD,,ST PETE BEACH,FL,337061821,4077536310,MANAGER,3336L0003X|3336S0011X|3336C0003X,tier_1_primary_pharmacy,Y,Y,
1609272541,CENTRAL CARE PHARMACY,2815 DIRECTORS ROW,SUITE 700,ORLANDO,FL,328095520,4072706722,PHARMACY MANAGER,3336L0003X,tier_1_primary_pharmacy,Y,Y,
1700281672,FLORIDA HEALTH CARE PLAN INC,2222 SARNO RD,,MELBOURNE,FL,329353083,3215677505,CEO/PRESIDENT,333600000X|3336M0003X,tier_1_primary_pharmacy,Y,Y,
1902202898,WELLNESS PHARMACY OF ST AUGUSTINE LLC,4405 SARTILLO RD,SUITE B,ST AUGUSTINE,FL,320955240,9044297333,PHARMACIST,3336C0003X,tier_1_primary_pharmacy,Y,Y,
1598161333,FAMILY HEALTH MART PHARMACY INC.,5482 RATTLESNAKE HAMMOCK RD,,NAPLES,FL,341137454,2392494036,PHARMACIST/OWNER,3336C0003X,tier_1_primary_pharmacy,Y,Y,
1073919718,SAN JUDAS PHARMACY CORP,2604 W 84TH ST,,HIALEAH,FL,330165703,3056037145,PRESIDENT/SECRETARY,333600000X|3336S0011X,tier_1_primary_pharmacy,Y,Y,
1871999516,HM BRANDON LLC,116 PARSONS PARK DR,,BRANDON,FL,335116066,8133153774,OWNER,3336C0004X|3336C0003X,tier_1_primary_pharmacy,Y,Y,
1689070286,SHAMBHU INC.,232 NE 1ST AVE,,HIGH SPRINGS,FL,326439443,3864541586,PHARMACY MANAGER,3336C0003X,tier_1_primary_pharmacy,Y,Y,
1154727519,"FORT PIERCE DISCOUNT PHARMACY, INC.",1727 OKEECHOBEE RD,,FORT PIERCE,FL,349503945,7728733743,PHARMACY MANAGER,3336C0003X,tier_1_primary_pharmacy,Y,Y,
1669878021,"FLORIDA MEDICAL CLINIC, LLC",38051 MARKET SQ,,ZEPHYRHILLS,FL,335427504,8137780250,"COO, FMC",333600000X|3336C0003X,tier_1_primary_pharmacy,Y,Y,
1598161721,PUBLIX SUPER MARKETS INC,9951 W FLAGLER ST,,MIAMI,FL,331741805,3052072334,VP PHARMACY,333600000X|3336C0003X,tier_1_primary_pharmacy,Y,N,PUBLIX
1316343353,MAR RX INC,3491 S CONGRESS AVE,SUITE B,PALM SPRINGS,FL,334613021,5614320402,OWNER,3336L0003X,tier_1_primary_pharmacy,Y,Y,
1497152425,@ ALL PHARMACY & SUPPLIES LLC,14637 SW 56TH ST,,MIAMI,FL,331755703,3052250280,PRESIDENT,3336C0003X,tier_1_primary_pharmacy,Y,Y,
1336546118,RAMON PHARMACY DISCOUNT INC.,2173 W FLAGLER ST,,MIAMI,FL,331351638,7865346436,ADMINISTRATOR,3336C0003X,tier_1_primary_pharmacy,Y,Y,
1346647005,MEDOZ PHARMACY OF POLK LLC,40230 US HIGHWAY 27 N,SUITE 100-110,DAVENPORT,FL,338372636,8556336948,MANAGING MEMBER,3336C0004X|3336L0003X|3336S0011X|3336C0003X,tier_1_primary_pharmacy,Y,Y,
1467859140,L & H PHARMA CORP,8 DEL PRADO BLVD S STE F,,CAPE CORAL,FL,339901773,2398002419,PHARMACIST IN CHARGE (PIC),3336C0003X,tier_1_primary_pharmacy,Y,Y,
1740687417,WR PHARMACY SERVICES INC,14244 SW 8TH ST,,MIAMI,FL,331843104,7867175095,PHARMACIST IN CHARGE / OWNER,333600000X|3336C0003X,tier_1_primary_pharmacy,Y,Y,
1962809475,MEDOZ PHARMACY OF POLK INC,40230 US HIGHWAY 27,#100-110,DAVENPORT,FL,33837,8556336948,PRESIDENT,3336C0004X,tier_1_primary_pharmacy,Y,Y,
1265839492,KARE PHARMACY DEERFIELD BEACH,2200 SW 10TH ST,,DEERFIELD BEACH,FL,334427622,9547197144,PRESIDENT,3336C0003X,tier_1_primary_pharmacy,Y,Y,
1750789517,PUBLIX SUPER MARKETS INC,2000 CHENEY HWY,,TITUSVILLE,FL,327806028,3212679611,VP PHARMACY,333600000X|3336C0003X,tier_1_primary_pharmacy,Y,N,PUBLIX
1104224898,GIO PHARMACY AND DISCOUNT CORP,2422 SW 8TH ST,,MIAMI,FL,331353004,3053311028,PRESIDENT,3336C0003X,tier_1_primary_pharmacy,Y,Y,
1225436892,PUBLIX SUPER MARKETS INC,3251 HOLLYWOOD BLVD,,HOLLYWOOD,FL,330216942,9549628401,VP PHARMACY,333600000X|3336C0003X,tier_1_primary_pharmacy,Y,N,PUBLIX
1306244686,"CFP MEDICAL SOLUTIONS, LLC",6804 ALOMA AVE,,WINTER PARK,FL,327926802,4074207996,PRESIDENT/OWNER,3336C0004X|3336C0003X,tier_1_primary_pharmacy,Y,Y,
1144628413,PHYSICIAN PREFERRED PHARMACY SPECIAL P/E,2700 N STATE ROAD 7,,MARGATE,FL,330635726,9549607360,PRESIDENT,3336S0011X|3336H0001X,tier_1_primary_pharmacy,Y,Y,
1417355751,BARRANCAS PHARMACY INC,3420 BARRANCAS AVE,,PENSACOLA,FL,325072355,8504628605,PHARMACIST,3336C0003X,tier_1_primary_pharmacy,Y,Y,
1891193017,JEFFERSON PHARMACY LLC,2683 SAINT JOHNS BLUFF RD S STE 127,,JACKSONVILLE,FL,322463765,9045168278,OWNER/MANAGER,3336C0003X,tier_1_primary_pharmacy,Y,Y,
1194123315,AIRPORT PHARMACY CORP,4869 NW 36TH ST,,MIAMI SPRINGS,FL,331666001,3058909139,PRESIDENT,3336C0003X,tier_1_primary_pharmacy,Y,Y,
1235527185,"FLORIDA COMMUNITY HEALTH CENTER, INC",2015 HIGHWAY 441 NORTH,,OKEECHOBEE,FL,34972,8633572991,CEO,3336C0003X,tier_1_primary_pharmacy,Y,Y,
1518355403,FLORIDA COMMUNITY HEALTH CENTER,1505 DELAWARE AVE,,FORT PIERCE,FL,349503975,7724626520,CEO,333600000X|3336C0003X,tier_1_primary_pharmacy,Y,Y,
1558759266,"PERFORMSPECIALTY, LLC",2416 LAKE ORANGE DR,SUITE 190,ORLANDO,FL,328377812,4079561220,SENIOR COUNSEL,3336S0011X,tier_1_primary_pharmacy,Y,Y,
1265820807,PEARL SHAH LLC,6399 38TH AVE N STE A5,,ST PETERSBURG,FL,337101651,7272019500,MGR,3336C0003X,tier_1_primary_pharmacy,Y,Y,
1932597481,MARIPOSA PHARMACY & DISCOUNT INC,251 PARK BLVD,,MIAMI,FL,331268009,7865349062,PRESIDENT,3336C0003X,tier_1_primary_pharmacy,Y,Y,
1366830739,ROYAL PHARMACY INC,1710 NW 7TH ST,SUITE 8,MIAMI,FL,331253500,7868990116,PRESIDENT,3336C0003X,tier_1_primary_pharmacy,Y,Y,
1134517568,AMERICAN UNITED PHARMACY CORP,138 BEACOM BLVD,,MIAMI,FL,331351534,7865345594,PRESIDENT,3336C0003X,tier_1_primary_pharmacy,Y,Y,
1376931634,PHYSICIANS PHARMACY,6299 W SUNRISE BLVD,SUITE 107,PLANTATION,FL,33313,8884807577,CEO,3336C0003X,tier_1_primary_pharmacy,Y,Y,
1811386055,MASSIVE MARKETING GROUP II LLC,7351 WILES RD,SUITE #103,CORAL SPRINGS,FL,330674106,9548069309,CEO,3336C0004X,tier_1_primary_pharmacy,Y,Y,
1124417241,OMJRB LLC,2722 W OLD US HIGHWAY 441,,MOUNT DORA,FL,327573503,4077380972,OWNER,333600000X,tier_1_primary_pharmacy,Y,Y,
1861881971,"MAYASCRIPT, INC.",1141 ORANGE AVE,,WINTER PARK,FL,327894907,4077406292,CEO,3336C0004X|3336S0011X|3336C0003X,tier_1_primary_pharmacy,Y,Y,
1629467782,"CLEVELAND RANDOLPH, JR, MD, PA",1891 BEACH BLVD,,JACKSONVILLE BEACH,FL,322502644,9047463046,OWNER,333600000X,tier_1_primary_pharmacy,Y,Y,
1609265594,HC PHARMACY LLC,33048 HWY 27,,HAINES CITY,FL,338447621,8635476921,OWNER,3336C0003X,tier_1_primary_pharmacy,Y,Y,
1700275716,PREMIER ACT ENTERPRISES LLC,11270 4TH ST N,SUITE 206,ST PETERSBURG,FL,337162937,9083919935,OWNER,333600000X|3336C0003X,tier_1_primary_pharmacy,Y,Y,
1891184859,PRESCRIPTION PLACE OF NICEVILLE LLC,1140 JOHN SIMS PKWY E,SUITE 6,NICEVILLE,FL,325782204,8503898182,OWNER,3336C0003X,tier_1_primary_pharmacy,Y,Y,
1063801744,PRECISION CARE PHARMACY SERVICES INC,5200 NW 43RD ST,SUITE 102-336,GAINESVILLE,FL,326064484,3523253835,CEO,333600000X,tier_1_primary_pharmacy,Y,Y,
1780073494,OLORUN PHARMACY AND DISCOUNT CORP,11400 W FLAGLER ST STE 108,,MIAMI,FL,331744007,7866314561,PRESIDENT,333600000X|3336C0003X,tier_1_primary_pharmacy,Y,Y,
1720477292,"955 WASHINGTON HOLDINGS, LLC",955 WASHINGTON AVE,,MIAMI BEACH,FL,331395015,3055311256,MANAGER PARTNER,3336C0003X,tier_1_primary_pharmacy,Y,Y,
1750770236,PHARMACY CARE CENTER,7413 MIAMI LAKES DR,SUITE B,MIAMI LAKES,FL,330146818,8889714339,PRESIDENT,3336H0001X,tier_1_primary_pharmacy,Y,Y,
1366831836,MAR RX INC,3491 S CONGRESS AVE,BAY 6,PALM SPRINGS,FL,334613021,5614320402,OWNER,3336C0003X,tier_1_primary_pharmacy,Y,Y,
1205225745,FAMILY FIRST PHARMACY INC,27581 S DIXIE HWY,,HOMESTEAD,FL,330328297,7866502114,PRESIDENT,333600000X,tier_1_primary_pharmacy,Y,Y,
1386033736,JOHN KNOX VILLAGE OF CENTRAL FLORIDA INC,701 MONASTERY RD STE B,,ORANGE CITY,FL,327636222,3864561500,PHARMACY DIRECTOR,3336L0003X,tier_1_primary_pharmacy,Y,Y,
1902295355,JOHN KNOX VILLAGE OF CENTRAL FLORIDA INC,701 MONASTERY RD STE A,,ORANGE CITY,FL,327636222,3864561500,PHARMACY DIRECTOR,3336L0003X|333600000X|3336C0003X,tier_1_primary_pharmacy,Y,Y,
1477942845,MAHFAR LLC,6301 BISCAYNE BLVD #101,,MIAMI,FL,33138,7864561526,PRINCIPAL,333600000X,tier_1_primary_pharmacy,Y,Y,
1942699327,SANFORD PHARMACY INC,2541 S FRENCH AVE,,SANFORD,FL,327735302,4079156637,OWNER / PHARMACIST,3336C0004X|3336L0003X|3336C0003X,tier_1_primary_pharmacy,Y,Y,
1467842815,FIRST SOLUTION PHARMACY CORP,3782 W 12TH AVE,,HIALEAH,FL,330124126,3056461377,PRESIDENT,3336C0003X,tier_1_primary_pharmacy,Y,Y,
1083004378,"SHAMROCK DRUGS, LLC",6 N MAIN AVE,,LAKE PLACID,FL,338529622,8636594744,PROPRIETOR,3336C0003X,tier_1_primary_pharmacy,Y,Y,
1649660887,"MIRAMAR PHARMACY AND DISCOUNT, INC",6320 MIRAMAR PKWY STE H,,MIRAMAR,FL,330233999,9549625709,PRESIDENT,3336C0003X,tier_1_primary_pharmacy,Y,Y,
1457741696,HM BLOOMINGDALE LLC,3535 CENTRAL AVE,,SAINT PETERSBURG,FL,337138405,8136892273,OWNER,3336C0003X,tier_1_primary_pharmacy,Y,Y,
1740670991,GR21 PHARMACY DISCOUNT INC,5929 SW 8TH ST,,WEST MIAMI,FL,331445037,7867032987,PRESIDENT,3336C0003X,tier_1_primary_pharmacy,Y,Y,
1497145643,"PHARMACY OF TAMA, INC",4536 W JEAN ST,,TAMPA,FL,336143611,8134463985,PRESIDENT,3336C0003X,tier_1_primary_pharmacy,Y,Y,
1073903233,SIDDH INC,107 W MAIN ST,,IMMOKALEE,FL,341423926,2396581048,OWNER,333600000X|3336L0003X|3336C0003X,tier_1_primary_pharmacy,Y,Y,
1518357599,"GASTRO HEALTH SPECIALTY PHARMACY, LLC",4820 SW 72ND AVENUE,,MIAMI,FL,33155,3054684199,CFO,3336C0003X,tier_1_primary_pharmacy,Y,Y,
1326438383,LASER PHARMACY CORP,53 W 21ST ST STE 4,,HIALEAH,FL,330102647,7868038166,PRESIDENT/OWNER,3336C0003X,tier_1_primary_pharmacy,Y,Y,
1326438102,WINN DIXIE,6400 MASSACHUSETTS AVE,,NEW PORT RICHEY,FL,346532532,7278418645,PHARMACIST,333600000X,tier_1_primary_pharmacy,Y,Y,
1114317898,LIFE WORTH LIVING FOUNDATION INC,6488 CURRIN DR,,ORLANDO,FL,328356207,4075225633,PIC,3336S0011X,tier_1_primary_pharmacy,Y,Y,
1720478332,INTERNATIONAL PHARMACY INC,480 PALM AVE,,HIALEAH,FL,330104718,3056405466,PRESIDENT,3336C0003X,tier_1_primary_pharmacy,Y,Y,
1154711885,PUBLIX SUPER MARKETS INC,3500 DAVIE BLVD,,FORT LAUDERDALE,FL,333123438,9545872130,VP PHARMACY,333600000X|3336C0003X,tier_1_primary_pharmacy,Y,N,PUBLIX
1215327861,1ST CLASS PHARMACY,1516 E 4TH AVE,,HIALEAH,FL,330103159,7867039932,OWNER,3336C0003X,tier_1_primary_pharmacy,Y,Y,
1548650088,CLOVER PHARMACY INC,259-357 SE PORT ST LUCIE BLVD,,PORT ST LUCIE,FL,34952,7723332585,OWNER,3336C0003X,tier_1_primary_pharmacy,Y,Y,
1528459831,HEALTH PHARMACY & DISCOUNT LLC,15552 SW 72ND ST,,MIAMI,FL,331931900,7865349798,PRESIDENT,3336C0003X,tier_1_primary_pharmacy,Y,Y,
1669863924,VANGUARD PHARMACY & DISCOUNT INC,2089 SW 67TH AVE,,MIAMI,FL,331551835,3052621266,PRESIDENT OWNER,3336C0003X,tier_1_primary_pharmacy,Y,Y,
1902297245,AVELLANEDA PHARMACY & DISCOUNT,7305 NW 36TH ST,,MIAMI,FL,331666704,7867731772,PRESIDENT,3336C0003X,tier_1_primary_pharmacy,Y,Y,
1780075903,AMERICA'S PHARMACY LLC.,3470 17TH ST,,SARASOTA,FL,342358906,9419557700,PHARMACIST MANAGER/OWNER,3336C0003X,tier_1_primary_pharmacy,Y,Y,
1770974750,ADVANCE PHARMACY SERVICE LLC,7926 W HILLSBOROUGH AVE STE E,,TAMPA,FL,336154600,8134372100,OWNER,333600000X|3336C0003X,tier_1_primary_pharmacy,Y,Y,
1578954566,PUBLIX SUPER MARKETS INC,9420 SW 56TH ST,,MIAMI,FL,331656422,3055954507,VP PHARMACY,333600000X|3336C0003X,tier_1_primary_pharmacy,Y,N,PUBLIX
1396136305,"BAYCARE URGENT CARE, LLC",1155 S DALE MABRY HWY,SUITE 7,TAMPA,FL,336095020,8136093666,"VP, PFS",3336C0003X,tier_1_primary_pharmacy,Y,Y,
1477944411,"BAYCARE URGENT CARE, LLC",13670 WALSINGHAM RD,,LARGO,FL,337743532,7275939848,"VP, PFS",3336C0003X,tier_1_primary_pharmacy,Y,Y,
1487045498,"BAYCARE URGENT CARE, LLC",2016 SR 60 E,,VALRICO,FL,335943605,8135025666,"VP, PFS",3336C0003X,tier_1_primary_pharmacy,Y,Y,
1215328109,JUVENTIS LLC,2251 SW 27TH AVE,,MIAMI,FL,331453433,3054480800,MEDICAL DIRECTOR,3336C0002X,tier_1_primary_pharmacy,Y,Y,
1306237318,"BAYCARE URGENT CARE, LLC",4821 US HIGHWAY 19,SUITE 5,NEW PORT RICHEY,FL,346524259,7278519650,"VP, PFS",3336C0003X,tier_1_primary_pharmacy,Y,Y,
1952792962,"BAYCARE URGENT CARE, LLC",11921 N DALE MABRY HWY,SUITE 7,TAMPA,FL,336183512,8136093635,"VP, PFS",3336C0003X,tier_1_primary_pharmacy,Y,Y,
1366833311,"BAYCARE URGENT CARE, LLC",6909 W WATERS AVE,,TAMPA,FL,336342213,8136096835,"VP, PFS",3336C0003X,tier_1_primary_pharmacy,Y,Y,
1184015026,TOTAL PHARMACY & DISCOUNT CORP,48 E 5TH ST,,HIALEAH,FL,330104842,7864095570,PRESIDENT/OWNER,3336C0003X,tier_1_primary_pharmacy,Y,Y,
1750772612,RX FLORIDA PHARMACY LLC,3615 COLUMBIA STREET,,ORLANDO,FL,32805,4077046422,PHARMACIST/OWNER,3336C0003X,tier_1_primary_pharmacy,Y,Y,
1992196737,PUBLIX SUPER MARKETS INC,133 N CONGRESS AVE,,BOYNTON BEACH,FL,334264209,5613643712,VP PHARMACY,333600000X|3336C0003X,tier_1_primary_pharmacy,Y,N,PUBLIX
1457742298,"CENTRAL FLORIDA HEALTH CARE, INC",1514 1ST ST N,,WINTER HAVEN,FL,338812476,8632924281,CEO,333600000X|3336S0011X,tier_1_primary_pharmacy,Y,Y,
1710378484,JANET PHARMACY DISCOUNT INC,6743 W 4TH AVE,,HIALEAH,FL,330126605,7862959707,OWNER,3336C0003X,tier_1_primary_pharmacy,Y,Y,
1215329875,"MELRICK PHARMACY, INC",557 E 9TH ST,,HIALEAH,FL,330104549,7865349535,PRESIDENT,3336C0003X,tier_1_primary_pharmacy,Y,Y,
1043602618,JONELEEN LLC,1931 W DR MARTIN LUTHER KING JR BLVD STE D,,TAMPA,FL,336076529,8138037303,MANAGER,3336L0003X|3336S0011X|3336C0003X,tier_1_primary_pharmacy,Y,Y,
1740672278,SUSYS PHARMACY INC,12887 SW 42ND ST,,MIAMI,FL,331753435,7864315766,PHARMACY MANAGER,3336C0003X,tier_1_primary_pharmacy,Y,Y,
1376935700,E.I.D. PHARMACY INC,2204 SW 8TH ST,,MIAMI,FL,331354914,7865425397,PRESIDENT,3336C0003X,tier_1_primary_pharmacy,Y,Y,
1427440700,"REGIONS PHARMACY, CORP",1065 SW 27TH AVE,,MIAMI,FL,331354614,3056039924,PRESIDENT,333600000X,tier_1_primary_pharmacy,Y,Y,
1487046736,"RELIABLE PHARMACY, LLC",1757 SAN MARCO RD,UNIT B,MARCO ISLAND,FL,341455151,2399700415,DIRECTOR,333600000X|3336C0003X,tier_1_primary_pharmacy,Y,Y,
1013309293,DIABETIC CARE RX LLC,3890 PARK CENTRAL BLVD N,,POMPANO BEACH,FL,330642264,9544734717,DIRECTOR OF PHARMACY OPERATIONS,3336H0001X|3336C0004X|3336C0003X|333600000X|3336S0011X,tier_1_primary_pharmacy,Y,Y,
1093107195,LEE MEMORIAL HEALTH SYSTEM,636 DEL PRADO BLVD S,,CAPE CORAL,FL,339902668,2393432821,CHIEF FINANCIAL OFFICER,3336C0003X,tier_1_primary_pharmacy,Y,Y,
1821480708,"MIAMI DOWNTOWN PHARMACY, INC",96 SE 1ST ST,,MIAMI,FL,331311008,3053745075,OWNER/PRESIDENT,3336C0003X,tier_1_primary_pharmacy,Y,Y,
1902298805,"HEALTHDYNE SPECIALTY FLORIDA, LLC",500 EAGLES LANDING DR STE A,,LAKELAND,FL,338102899,8006418475,SENIOR VICE PRESIDENT & SECRETARY,333600000X|3336C0003X|3336H0001X,tier_1_primary_pharmacy,Y,Y,
1245622117,VISTACARE PHARMACY SERVICES LLC,1441 E FLETCHER AVE STE 113,,TAMPA,FL,336123670,8134444410,AUTHORIZED AGENT,333600000X|3336C0003X,tier_1_primary_pharmacy,Y,Y,
1770975658,WYNWOOD FAMILY PHARMACY CORP,5847 W FLAGLER ST,,MIAMI,FL,331443316,7863604155,PRESIDENT,3336C0003X,tier_1_primary_pharmacy,Y,Y,
1952794695,SOUTHWEST RETAIL PHARMACY,27391 S DIXIE HWY,,NARANJA,FL,330328210,3052245958,PRESIDENT,333600000X|3336C0003X,tier_1_primary_pharmacy,Y,Y,
1982097523,PUBLIX SUPER MARKETS INC,9335 SW COMMERCE CENTRE DR,,PORT SAINT LUCIE,FL,349868500,7723459505,VP PHARMACY,333600000X|3336C0003X,tier_1_primary_pharmacy,Y,N,PUBLIX
1043603665,"BAYCARE URGENT CARE, LLC",2331 4TH ST N,,ST PETERSBURG,FL,337042801,7279148566,"VP, PFS",3336C0003X,tier_1_primary_pharmacy,Y,Y,
1922491539,"PHARMA MANAGEMENT COMPANY,LLC",1001 9TH ST N,,ST PETERSBURG,FL,337011514,7278231625,PHARMACIST,333600000X,tier_1_primary_pharmacy,Y,Y,
1659764959,AVA KEROLOS LLC,33338 U.S. HWY 19 N.,,PALM HARBOR,FL,34684,7277852640,OWNER,333600000X|3336C0003X,tier_1_primary_pharmacy,Y,Y,
1245623602,"ST HOPE HEALTHCARE, LLC",3501 CORTEZ RD W STE 901,,BRADENTON,FL,342103104,7272241056,MMGR,333600000X|3336C0003X,tier_1_primary_pharmacy,Y,Y,
1861885170,MAKTINA LLC,4012 SAWYER RD,SUITE# 107,SARASOTA,FL,342331231,9415526054,OWNER,3336C0003X,tier_1_primary_pharmacy,Y,Y,
1205229408,BRONSON PHARMACY INC,830 E HATHAWAY AVE STE 400,,BRONSON,FL,326216743,3524869033,PRESIDENT,333600000X|3336C0003X,tier_1_primary_pharmacy,Y,Y,
1114310455,"THE MEDICINE CHEST LTC, LLC",2468 US HIGHWAY 441/27 STE 204,,FRUITLAND PARK,FL,347312149,3524150505,MANAGING MEMBER,3336L0003X,tier_1_primary_pharmacy,Y,Y,
1194118331,WINTER SPRINGS PHARMACY LLC,5942 RED BUG LAKE RD,,WINTER SPRINGS,FL,327085035,3213164615,PHARMACIST IN CHARGE,333600000X|3336C0003X,tier_1_primary_pharmacy,Y,Y,
1598158701,"CRESTMARK PHARMACY SERVICES, LLC",1860 HIGHLAND OAKS BLVD,,LUTZ,FL,335597353,8134286963,MANAGER,3336L0003X,tier_1_primary_pharmacy,Y,Y,
1457744484,MOON PHARMACY INC,8325 W 24TH AVE,BAY 11,HIALEAH,FL,330161880,7865589648,PRESIDENT,3336C0003X,tier_1_primary_pharmacy,Y,Y,
1346633245,KRISHNA HEALTHCARE LLC,5751 BENEVA RD,,SARASOTA,FL,342334105,9419602549,PHARMACY MANAGER,333600000X|3336C0003X,tier_1_primary_pharmacy,Y,Y,
1295128080,"NARANJA DISCOUNT PHARMACY, LLC",27140 S DIXIE HWY,,NARANJA,FL,330327317,3052452277,OWNER/PIC,3336C0003X,tier_1_primary_pharmacy,Y,Y,
1215321005,SUNSHINE COMMUNITY RX OF SARASOTA,12615 RACE TRACK RD,,TAMPA,FL,336261331,8137038839,MANAGING MEMEBER,333600000X|3336C0003X,tier_1_primary_pharmacy,Y,Y,
1558755280,TAMIMI PHARMACY LLC,12643 N 56TH ST,,TEMPLE TERRACE,FL,336171221,8135157918,"OWNER, AO",333600000X|3336C0003X,tier_1_primary_pharmacy,Y,Y,
1831583582,PHAR ONE INC,5847 W FLAGLER ST,,MIAMI,FL,331443316,3055348177,PRESIDENT,333600000X,tier_1_primary_pharmacy,Y,Y,
1184018756,PHARMACIE PHARMACY INC,13255 SW 137TH AVE STE 110,,MIAMI,FL,331865327,7865921994,OWNER,3336C0003X,tier_1_primary_pharmacy,Y,Y,
1316331846,GULF SHORE RX LLC,11669 COLLIER BLVD,,NAPLES,FL,341166581,2393049084,OWNER,3336C0003X,tier_1_primary_pharmacy,Y,Y,
1043604564,"BOWLING GREEN & ASSOC, LLC",20 S FEDERAL HWY,,DANIA,FL,330043605,9545518572,PHARMACIST,3336C0003X,tier_1_primary_pharmacy,Y,Y,
1902290471,TENTHINO LLC,28813 US HIGHWAY 19 N,,CLEARWATER,FL,337612583,7272400271,OWNER/CEO,333600000X|3336C0004X|3336C0003X,tier_1_primary_pharmacy,Y,Y,
1871987271,URANTIA PHARMACY INC,2901 SW 8TH ST,,MIAMI,FL,331352861,7867175759,PRESIDENT,3336C0003X,tier_1_primary_pharmacy,Y,Y,
1861886186,AAP GROUP INC,5812 SR. 54,,NEWPORT RICHEY,FL,34652,8132422798,OWNER,333600000X|3336C0003X,tier_1_primary_pharmacy,Y,Y,
1275927329,MALADI INC,"5966 MONCRIEF RD, UNIT 1",,JACKSONVILLE,FL,32209,9043793195,MANAGER,3336C0003X,tier_1_primary_pharmacy,Y,Y,
1578957643,STAR PHARMACY INC,3235 NW 32ND AVE STE 5,,MIAMI,FL,331425733,7865867990,PRESIDENT,333600000X,tier_1_primary_pharmacy,Y,Y,
1508250465,"BERMUDA PHARMACY #1, PLLC",393 PALM DR,,ISLAMORADA,FL,330364212,3059038092,PHARMACY MANAGER (PDM/ P.I.C.),333600000X,tier_1_primary_pharmacy,Y,Y,
1366837130,"49TH STREET PHARMACY, LLC",455 E 49TH ST,,HIALEAH,FL,330131867,7864838843,OWNER,3336C0003X,tier_1_primary_pharmacy,Y,Y,
1245625938,PHARMACY 4 LESS LLC,805 DOUGLAS AVE STE #159,,ALTAMONTE SPRINGS,FL,32714,3212078438,OWNER/PHARMACY MANAGER,333600000X,tier_1_primary_pharmacy,Y,Y,
1245625821,STERILE COMPOUNDING PHARMACY LLC.,7381 114TH AVE,SUITE 405A,LARGO,FL,337735131,7274748381,PHARMACIST,3336C0004X,tier_1_primary_pharmacy,Y,Y,
1659767515,TRADELINE SH INC,7543 W WATERS AVE,,TAMPA,FL,336151511,8138862800,PRESIDENT/OWNER,333600000X|3336C0004X|3336L0003X|3336C0003X,tier_1_primary_pharmacy,Y,Y,
1598151391,CITY PHARMACY CORP,486 PALM AVE,,HIALEAH,FL,330104718,7865440380,PRESIDENT,3336C0003X,tier_1_primary_pharmacy,Y,Y,
1679969356,"TOUCHPOINT RX, LLC",3208 2ND AVE N,BAY 4,PALM SPRINGS,FL,33461,5616519393,VP OF HEALTHCARE OPERATIONS,3336L0003X|3336S0011X|3336C0003X,tier_1_primary_pharmacy,Y,Y,
1073909586,"COMMUNITY HEALTH CENTERS, INC",212 EAST MAIN STREET,,TAVARES,FL,327783808,3523147409,CFO,3336C0003X,tier_1_primary_pharmacy,Y,Y,
1265828594,ENDMETRX LLC,2136 WHISPER LAKES BLVD,,ORLANDO,FL,328376761,4079308908,PHARMACY  MANAGER,3336C0003X,tier_1_primary_pharmacy,Y,Y,
1356737605,"CENTRAL FLORIDA HEALTH CARE, INC.",1010 N CHURCH AVE,,MULBERRY,FL,338602040,8634256201,CEO,333600000X,tier_1_primary_pharmacy,Y,Y,
1225424310,"SIZENT, LLC",1408 TECH BLVD,,TAMPA,FL,336197865,8135511165,OWNER/PHARMACY,3336C0003X,tier_1_primary_pharmacy,Y,Y,
1730576745,PUBLIX,12195 S ORANGE BLOSSOM TRL,,ORLANDO,FL,328376502,4078164233,PHARMACIST,3336C0003X,tier_1_primary_pharmacy,Y,N,PUBLIX
1093102071,PHC PHARMACY LLC,1177 GEORGE BUSH BLVD,SUITE 100,DELRAY BEACH,FL,334837288,5619216176,PHARMACY MANAGER,3336S0011X,tier_1_primary_pharmacy,Y,Y,
1508253485,"BLUE RIVER HQ, LLC",1394 US HIGHWAY 1,,VERO BEACH,FL,329605732,2695017034,OFFICE MANAGER,3336C0004X|3336C0003X,tier_1_primary_pharmacy,Y,Y,
1669869376,LILY CARE LLC,8811 STATE ROAD 52 STE 11,,HUDSON,FL,346676751,7272339908,PIC,3336C0003X,tier_1_primary_pharmacy,Y,Y,
1528455136,REINA'S PHARMACY CORP,9835 SW 72ND ST STE 109,,MIAMI,FL,331734648,7865349684,PRESIDENT,3336C0003X,tier_1_primary_pharmacy,Y,Y,
1023405545,"A1A PHARMACY, LLC",200C SOLANA RD,,PONTE VEDRA BEACH,FL,320822232,9043182515,OWNER,3336C0004X|3336C0003X,tier_1_primary_pharmacy,Y,Y,
1285021675,MAGNO PHARMACY INC,1609 SW 67TH AVE,,MIAMI,FL,331551827,7865024399,PRESIDENT,3336C0003X,tier_1_primary_pharmacy,Y,Y,
1609263847,WEST MIAMI RX CORP,6350 SW 8TH ST,,WEST MIAMI,FL,331444812,3059224121,PRESIDENT,3336C0003X,tier_1_primary_pharmacy,Y,Y,
1134506280,BLUE RX INC,8347 SW 40TH ST,,MIAMI,FL,331553352,7863594999,PRESIDENT,3336C0003X,tier_1_primary_pharmacy,Y,Y,
1194102251,OASIS PHARMACY,13339 SW 42ND ST,,MIAMI,FL,331753270,7865348161,PRESIDENT,3336C0003X,tier_1_primary_pharmacy,Y,Y,
1003293903,ACROSS FLORIDA PHARMACY DISCOUNT CORP,2750 SW 87TH AVE,#201,MIAMI,FL,331653254,7865348478,PRESIDENT,3336C0003X,tier_1_primary_pharmacy,Y,Y,
1831576743,R & A GUPTA LLC,25444 STATE ROAD 46,SUITE #3,SORRENTO,FL,32776,3527203104,MANAGING MEMBER,3336L0003X|3336C0003X,tier_1_primary_pharmacy,Y,Y,
1518344027,ONE-STOP PHARMACY 101 LLC,1101 6TH ST NW,,WINTER HAVEN,FL,338814020,8638455800,PHARMACY IN CHARGE,333600000X,tier_1_primary_pharmacy,Y,Y,
1043697535,HELLO PHARMACY AND DISCOUNT INC,17845D NW 27TH AVE,,MIAMI GARDENS,FL,330563502,3056251887,PRESIDENT,3336C0003X,tier_1_primary_pharmacy,Y,Y,
1790162311,CALLAWAY GULF COAST PHARMACY CO,420 N TYNDALL PKWY,,PANAMA CITY,FL,324046125,8506152000,PRESIDENT,3336C0003X,tier_1_primary_pharmacy,Y,Y,
1386021897,"INBOUND FOUNDATION, INC.",6195 S MAIN ST,,HASTINGS,FL,321455592,9042081503,CHAIRMAN,333600000X,tier_2_secondary_pharmacy,N,Y,
1871970327,VALCHO PHARMACY DISCOUNT INC,10000 SW 56TH ST STE 5,,MIAMI,FL,331657161,3052748898,PRESIDENT,333600000X|3336C0003X,tier_1_primary_pharmacy,Y,Y,
1306223771,BRIAN A MCDONALD,12633 RACE TRACK RD,,TAMPA,FL,336261331,8138180570,PHARMACIST,333600000X,tier_1_primary_pharmacy,Y,Y,
1184002438,PUBLIX SUPER MARKETS INC,13700 W STATE ROAD 84,,DAVIE,FL,333255302,9544523998,VP PHARMACY,333600000X|3336C0003X,tier_1_primary_pharmacy,Y,N,PUBLIX
1801274923,NAPLES PHARMACY SERVICES,5600 TRAIL BLVD SUIT 10,,NAPLES,FL,34103,2392162701,PRES.,333600000X,tier_1_primary_pharmacy,Y,Y,
1467830638,MIDWAY SPECIALTY CARE RX LLC,3255 S US HIGHWAY I,,FORT PIERCE,FL,349826381,7724649746,PHARMACY DIRECTOR,3336C0003X,tier_1_primary_pharmacy,Y,Y,
1164800298,TECA MEDICAL ENTERPRISES CORP,26316 WESLEY CHAPEL BLVD,,LUTZ,FL,335597208,8139948100,OWNER,3336C0004X|3336C0003X,tier_1_primary_pharmacy,Y,Y,
1487032454,FAMILY MED PHARMACY INC,2140 W FLAGLER ST,SUITE 7,MIAMI,FL,331355600,3056398677,PRESIDENT,3336C0003X,tier_1_primary_pharmacy,Y,Y,
1114305810,ECONOMY DRUG STORE,319 N MACOMB ST,,TALLAHASSEE,FL,323011017,8502245397,MANAGER/PHARMACIST,3336C0003X,tier_1_primary_pharmacy,Y,Y,
1548648363,CAREMAX PHARMACY 725 LLC,5547 NORMANDY BLVD,,JACKSONVILLE,FL,322056246,9045519026,AUTHORIZED USER,3336L0003X|3336S0011X|3336C0003X,tier_1_primary_pharmacy,Y,Y,
1043698517,PUBLIX,1024 HIGHWAY A1A # 4B,,SATELLITE BEACH,FL,329372342,3217737035,PHARMACIST,3336C0003X,tier_2_secondary_pharmacy,N,N,PUBLIX
1184003311,AV PHARMA LLC,1545 UNIVERSITY BLVD N,,JACKSONVILLE,FL,322115229,8442248493,MBR MGR,3336S0011X|333600000X,tier_1_primary_pharmacy,Y,Y,
1497134449,FULL HEALTH PHARMACY,637 NE 125TH ST,,NORTH MIAMI,FL,331615503,7867034652,PRESIDENT,333600000X,tier_1_primary_pharmacy,Y,Y,
1235518184,PUBLIX SUPER MARKETS INC,1170 WESTON RD,,WESTON,FL,333261915,9543853057,VP PHARMACY,333600000X|3336C0003X,tier_1_primary_pharmacy,Y,N,PUBLIX
1619356573,FLORIDA PAIN AND REHABILITATION ASSOCIATES INC,1693 LEE RD STE B,,WINTER PARK,FL,327892260,4076225766,RCM MANAGER,3336C0004X|3336C0003X,tier_1_primary_pharmacy,Y,Y,
1508245317,US PHARMACY AND DISCOUNT CORP,5545 SW 8TH ST,SUITE 104,CORAL GABLES,FL,331342274,7863248811,PRESIDENT,333600000X,tier_1_primary_pharmacy,Y,Y,
1922487867,"PREMIER RX REPACKS, LLC",2000 PGA BLVD STE 5508,,PALM BEACH GARDENS,FL,334082726,5618994429,PRES/CEO,3336L0003X,tier_1_primary_pharmacy,Y,Y,
1518346410,OPTIMUN RX PHARMACY LLC,6900 W 32ND AVE STE 16,,HIALEAH,FL,330185228,3055574995,OWNER,333600000X,tier_1_primary_pharmacy,Y,Y,
1629457270,WILL-CARE PHARMACY LLC,9867 E FERN ST,,PALMETTO BAY,FL,331575413,3052538100,PRESIDENT,333600000X,tier_1_primary_pharmacy,Y,Y,
1558740209,SHRINATHJEE LLC,1825 TAMIAMI TRL,UNIT B-7,PORT CHARLOTTE,FL,339481077,9419795301,PHARMACY MANAGER,3336C0004X|333600000X|3336C0003X,tier_1_primary_pharmacy,Y,Y,
1700265352,US ALLIANCE PHARMACEUTICAL,1717 N BAYSHORE DR,SUITE 106,MIAMI,FL,331321180,7867770344,PHARMACIST,3336C0003X,tier_1_primary_pharmacy,Y,Y,
1407236573,"PUBLIX SUPER MARKERS, INC",162 S HAMPTON DR,,JUPITER,FL,334588108,2398235898,PHARMACIST,3336C0003X,tier_1_primary_pharmacy,Y,N,PUBLIX
1972983880,"JTJ MEDICAL SUPPLY, INC.",1125 N NOVA RD,,DAYTONA BEACH,FL,321174108,8009392022,PHARMACY OPERATIONS OFFICER,3336C0003X,tier_1_primary_pharmacy,Y,Y,
1922489129,R BISHT LLC,1409 E OAK ST,,ARCADIA,FL,342668901,8634918773,OWNER,333600000X|3336C0003X,tier_1_primary_pharmacy,Y,Y,
1861873119,PHARMACORP LAMEIRO INC,9155 TAFT ST,,PEMBROKE PINES,FL,330244652,7547034811,PRESIDENT,3336C0003X,tier_1_primary_pharmacy,Y,Y,
1659752772,PUBLIX SUPER MARKETS INC,891 N HOMESTEAD BLVD,,HOMESTEAD,FL,330305024,3052421212,VP PHARMACY,333600000X|3336C0003X,tier_1_primary_pharmacy,Y,N,PUBLIX
1689055709,"CARE PLUS INFUSION, LLC",941 NE 79TH ST,,MIAMI,FL,331384715,3054608600,CEO,3336C0003X|3336S0011X|3336H0001X,tier_1_primary_pharmacy,Y,Y,
1376924266,"UNIVITA OF FLORIDA, INC.",2252 COMMERCE PARK DR STE 100,,ORLANDO,FL,328198609,9543331000,CEO,3336S0011X|333600000X,tier_1_primary_pharmacy,Y,Y,
1063893964,ADVANCED RX DERM LLC,755 W SR 434 STE B,,LONGWOOD,FL,327505136,4077536310,MANAGER,333600000X|3336L0003X|3336S0011X|3336C0003X,tier_1_primary_pharmacy,Y,Y,
1871974626,PUBLIX SUPER MARKETS INC,9951 MIRAMAR PKWY,,MIRAMAR,FL,330252397,9544433115,VP PHARMACY,333600000X|3336C0003X,tier_1_primary_pharmacy,Y,N,PUBLIX
1881075604,MAXI PHARMACY DISCOUNT CORP,6459 SW 8TH ST,,WEST MIAMI,FL,331444843,7867176068,PRESIDENT,3336C0003X,tier_1_primary_pharmacy,Y,Y,
1316329014,CHRG GROUP LLC,7310 STATE ROAD 52,,HUDSON,FL,346676711,7182135173,OWNER / PHARMACIST,3336C0003X,tier_1_primary_pharmacy,Y,Y,
1821479510,MERIDIAN PHARMACY LLC,4202 W WATERS AVE STE 2,,TAMPA,FL,336141972,8133740395,MANAGER/OWNER,333600000X|3336C0003X,tier_1_primary_pharmacy,Y,Y,
1336521426,PATIENT SOURCE CONSULTING,8755 TEMPLE TERRACE HWY,,TEMPLE TERRACE,FL,336376729,8136096914,MANAGER,3336C0003X|333600000X,tier_1_primary_pharmacy,Y,Y,
1023491800,D. ONE PHARMACY CORP.,"9070 KIMBERLY BLVD., STE 27",,BOCA RATON,FL,33434,5618268234,OWNER,333600000X|3336C0003X,tier_1_primary_pharmacy,Y,Y,
1316320666,BUBAIRE PHARMACY INC,920 HIALEAH DR,,HIALEAH,FL,330105541,7865366845,PRESIDENT,3336C0003X,tier_1_primary_pharmacy,Y,Y,
1619350972,COPRX LLC,3950 S US HIGHWAY 17/92,,CASSELBERRY,FL,327073295,4079604712,OWNER,333600000X|3336C0002X|3336C0004X|3336H0001X|3336L0003X|3336M0002X|3336N0007X|3336S0011X|3336C0003X,tier_1_primary_pharmacy,Y,Y,
1083097026,JSN9 INC.,4140 ROWAN RD,,NEW PORT RICHEY,FL,346536116,7273721070,MANAGER,3336L0003X|3336C0003X,tier_1_primary_pharmacy,Y,Y,
1255714283,"HOMESTEAD HOSPITAL, INC.",975 BAPTIST WAY,,HOMESTEAD,FL,330337600,7862438529,DIRECTOR OF PHARMACY,3336C0003X|333600000X,tier_1_primary_pharmacy,Y,Y,
1003299967,"CARESMART PHARMACY 1, LLC",2955 SW 8TH ST,SUITE 103,MIAMI,FL,331352862,3059728952,PRESIDENT,3336L0003X|3336C0003X,tier_1_primary_pharmacy,Y,Y,
1164805016,BENZER FL 3 LLC,901 W INDIATOWN ROAD,BAY 23,JUPITER,FL,33458,5615292851,CEO,3336C0003X,tier_1_primary_pharmacy,Y,Y,
1326422189,AARNA HOSPITALITY LLC,2950 W HILLSBOROUGH AVE,,TAMPA,FL,336146055,8136676075,PIC,3336C0003X,tier_1_primary_pharmacy,Y,Y,
1952785750,TAMARAC PHARMACY LLC,7120 N NOB HILL RD,,TAMARAC,FL,333211841,9545864546,AUTHORIZED PERSON,333600000X|3336C0004X|3336S0011X|3336C0003X,tier_1_primary_pharmacy,Y,Y,
1104200856,"ASTER DISCOUNT PHARMACY, INC.",718 SW PORT ST LUCIE BLVD,UNIT # 2,PORT SAINT LUCIE,FL,349532689,7725776469,PHARMACY MANAGER,333600000X,tier_1_primary_pharmacy,Y,Y,
1669856357,EMPATH HEALTH PHARMACEUTICALS LLC,4703 N FLORIDA AVE,,TAMPA,FL,336033734,7275864432,CHIEF FINANCIAL OFFICER,3336C0003X,tier_1_primary_pharmacy,Y,Y,
1538543210,V FLORIDA PHARMACY INC,14285 SW 42ND ST,212,MIAMI,FL,331756410,7865365358,PRESIDENT,3336C0003X,tier_1_primary_pharmacy,Y,Y,
1740664077,US HWY 1 PHARMACY INC,1609 SW 67TH AVE,,MIAMI,FL,331551827,7869535682,OWNER,3336C0003X,tier_1_primary_pharmacy,Y,Y,
1285018234,"SKYEMED, INC",1332 N FEDERAL HWY,,POMPANO BEACH,FL,330623730,8667788255,PRESIDENT,3336S0011X,tier_1_primary_pharmacy,Y,Y,
1992180996,CLARKES PHARMACY,3989 S JOG RD,,GREENACRES,FL,334671514,5616606268,OWNER,333600000X|3336C0004X|3336C0003X,tier_1_primary_pharmacy,Y,Y,
1992180897,CHRIST PHARMACY INC,3952 S SUNCOAST BLVD,,HOMOSASSA,FL,344482601,3527654743,OWNER,333600000X|3336C0003X,tier_1_primary_pharmacy,Y,Y,
1144605023,PHARMA-VILLE INC,14857 N DALE MABRY HWY,,TAMPA,FL,336182027,8136050732,PRESIDENT,3336C0003X,tier_1_primary_pharmacy,Y,Y,
1336524271,"ORLRX, LLC",1490 SUNSHADOW DR,SUITE 3020,CASSELBERRY,FL,327079004,8554977956,VICE PRESIDENT,3336C0003X|3336S0011X,tier_1_primary_pharmacy,Y,Y,
1982089868,GOLD STANDARD RX LLC,450 N PARK RD,SUITE 302,HOLLYWOOD,FL,330216917,9549623002,OWNER/MGR,3336C0004X,tier_1_primary_pharmacy,Y,Y,
1790160406,BAPTIST HOSPTIAL PHARMACY,1000 W MORENO ST,,PENSACOLA,FL,325012316,8504697529,MANAGER OF PHARMACY INFORMATICS,3336H0001X|3336I0012X,tier_1_primary_pharmacy,Y,Y,
1578948006,"TEAMCARE PHARMACY SERVICES 3, LLC",1100 CENTRAL PARK DR,SUITE 400,SANFORD,FL,327716305,4073288787,PRESIDENT,3336H0001X|3336S0011X,tier_1_primary_pharmacy,Y,Y,
1720464811,"MY FAMILY PHARMACY & DISCOUNT, LLC",8410 W FLAGLER ST,SUITE 105-B,MIAMI,FL,331442092,3052005973,MANAGING MEMBER,3336L0003X,tier_1_primary_pharmacy,Y,Y,
1588040604,PUBLIX SUPER MARKETS INC,5645 N ATLANTIC AVE,,COCOA BEACH,FL,329313919,3217838304,VP PHARMACY,333600000X|3336C0003X,tier_1_primary_pharmacy,Y,N,PUBLIX
1114303229,STAR PHARMACY INC,37 E 44TH ST,,HIALEAH,FL,330131815,3058213131,OWNER,3336C0003X,tier_1_primary_pharmacy,Y,Y,
1134505712,GIGI PHARMACY INC,7664 NW 186TH ST,,HIALEAH,FL,330152925,3058200019,PRESIDENT,3336C0003X,tier_1_primary_pharmacy,Y,Y,
1245616838,RED ROAD PHARMACY CORP,1874 SW 57TH AVE,,MIAMI,FL,331552139,3058469163,PRESIDENT,333600000X,tier_1_primary_pharmacy,Y,Y,
1609252386,PALMS HEALTH SERVICES LLC,3491 S CONGRESS AVE,,PALM SPRINGS,FL,33461,5615139161,OWNER,3336C0003X,tier_1_primary_pharmacy,Y,Y,
1366828774,CHANS PHARMACY PLUS INC,2092 N UNIVERSITY DR,,PEMBROKE PINES,FL,330243608,9543673296,OWNER,3336C0003X,tier_1_primary_pharmacy,Y,Y,
1568848026,LAKELAND FAMILY PHARMACY,3655 INNOVATION DR,,LAKELAND,FL,338124106,8636445415,MANAGING PARTNER,3336C0003X,tier_1_primary_pharmacy,Y,Y,
1467838706,"METRO TREATMENT OF FLORIDA, LP",590 ELLIS RD S,BLDG. 4,JACKSONVILLE,FL,322543555,9048002231,CFO,3336C0002X,tier_2_secondary_pharmacy,N,Y,
1700252939,BOLLUK PHARMACY CORP,7120 STIRLING RD,,HOLLYWOOD,FL,330241650,7547034944,PRESIDENT,3336C0003X,tier_1_primary_pharmacy,Y,Y,
1942676168,TRENTON MEDICAL CENTER INC,103 US HIGHWAY 27 SW,,BRANFORD,FL,320082767,3869350542,PHARMACIST,3336C0002X|3336C0003X,tier_1_primary_pharmacy,Y,Y,
1275909327,TAFT STREET PHARMACY,7750 TAFT ST,,PEMBROKE PINES,FL,330245271,9546137997,OWNER,3336C0003X,tier_1_primary_pharmacy,Y,Y,
1528434404,RUDRAKRUPA LLC,1812 S PARSONS AVE,UNIT 104,SEFFNER,FL,335847201,7276980097,PRESIDENT,3336C0003X,tier_1_primary_pharmacy,Y,Y,
1871969121,"THE NEW PHARMACY MIAMI, INC",3955 SW 137TH AVE,STE 5,MIAMI,FL,331756478,7862306676,PRESIDENT,3336C0003X,tier_1_primary_pharmacy,Y,Y,
1558738864,PRIME THERAPEUTICS PHARMACY LLC,6870 SHADOWRIDGE DR STE 111,,ORLANDO,FL,328129002,8665542673,VP & GM SPECIALTY PHARMACY DIST,333600000X|3336M0002X,tier_1_primary_pharmacy,Y,Y,
1497122550,HEALTH CARE DISTRICT OF PALM BEACH COUNTY,7408 LAKE WORTH RD,SUITE 700-P,LAKE WORTH,FL,334672502,5612092571,CEO,3336C0003X,tier_1_primary_pharmacy,Y,Y,
1568839629,XPRESSO PHARMACY INC.,6305 B MIRAMAR PARKWAY,,MIRAMAR,FL,33023,9545349779,MANAGER,333600000X|3336C0003X,tier_1_primary_pharmacy,Y,Y,
1619344777,MT. DORA PHARMACY LLC,461-463 PLAZA DRIVE,,EUSTIS,FL,32726,3527296557,OWNER,333600000X|3336C0003X,tier_1_primary_pharmacy,Y,Y,
1881061695,"INTEGRATED HOME CARE SERVICES, INC.",3700 COMMERCE PKWY,,MIRAMAR,FL,330253912,8442154264,CHIEF OPERATING OFFICER,3336H0001X,tier_2_secondary_pharmacy,N,Y,
1700254158,"BENNY RX PHARMACY, INC",146 NW 27TH AVE,,MIAMI,FL,331255114,7865183889,PRESIDENT,3336C0003X,tier_1_primary_pharmacy,Y,Y,
1790153062,LEE MEMORIAL HEALTH SYSTEM,3361 PINE RIDGE RD,SUITE 100,NAPLES,FL,34109,2393432820,CHIEF FINANCIAL OFFICER,3336C0003X,tier_1_primary_pharmacy,Y,Y,
1053789313,PUBLIC HEALTH TRUST OF DADE COUNTY FLORIDA,1611 NW 12TH AVE,,MIAMI,FL,331361005,3055855890,VP-CONTRACTING,3336C0002X,tier_1_primary_pharmacy,Y,Y,
1457729618,"VISTACARE PHARMACY SERVICES 2, LLC",7599 PARK BLVD N,SUITE 100,PINELLAS PARK,FL,337812904,7279145227,OWNER,3336C0003X,tier_1_primary_pharmacy,Y,Y,
1194193201,VITACARE PRESCRIPTION SERVICES,951 YAMATO RD STE 160,,BOCA RATON,FL,334314432,5619611902,SENIOR DIRECTOR,3336M0002X,tier_1_primary_pharmacy,Y,Y,
1154799195,PUBLIX SUPER MARKETS INC,11830 US HIGHWAY 301,,DADE CITY,FL,335256037,3525213036,VP PHARMACY,333600000X|3336C0003X,tier_1_primary_pharmacy,Y,N,PUBLIX
1811365844,PUBLIX SUPER MARKETS INC,16193 NW US HIGHWAY 441,,ALACHUA,FL,326156393,3864183435,VP PHARMACY,333600000X|3336C0003X,tier_1_primary_pharmacy,Y,N,PUBLIX
1598133449,COSTCO WHOLESALE CORPORATION,10088 GULF CENTER DR,,FORT MYERS,FL,339138961,2394337249,PHARMACIST-IN-CHARGE,3336C0003X,tier_1_primary_pharmacy,Y,N,COSTCO
1609244581,LEE MEMORIAL HEALTH SYSTEM,4751 S CLEVELAND AVE,,FORT MYERS,FL,339071317,2393432820,CHIEF FINANCIAL OFFICER,3336C0003X,tier_1_primary_pharmacy,Y,Y,
1316315393,BENZER FL 10 LLC,11048 BAYMEADOWS ROAD,SUITE 5,JACKSONVILLE,FL,32256,8139689100,OWNER,3336C0003X,tier_1_primary_pharmacy,Y,Y,
1225406200,WESLEY CHAPEL RX LLC,2653 BRUCE B DOWNS BLVD STE 115,,WESLEY CHAPEL,FL,335449206,8139919200,OWNER,3336S0011X|333600000X|3336C0003X,tier_1_primary_pharmacy,Y,Y,
1669840351,PUBLIX SUPER MARKETS INC,2424 ORLANDO CENTRAL PKWY,,ORLANDO,FL,328095600,4078162414,VP PHARMACY,3336C0003X|333600000X,tier_1_primary_pharmacy,Y,N,PUBLIX
1356719074,ALL HEART PHARMACY INC,911 SE 6TH AVE,STE 105,DELRAY BEACH,FL,334835190,5616544760,PHARMACIST,3336C0003X,tier_1_primary_pharmacy,Y,Y,
1558739276,HEALTH SMART PHARMACY CORP,2415 NW 97TH AVE,,DORAL,FL,331722307,7863604258,PRESIDENT,3336C0003X,tier_1_primary_pharmacy,Y,Y,
1568830255,"ASTER DISCOUNT PHARMACY, INC",1905 N ANDREWS AVE,,WILTON MANORS,FL,333113914,9545815400,OWNER,3336C0003X,tier_1_primary_pharmacy,Y,Y,
1568831964,PUBLIX SUPER MARKETS INC,24420 SR 44,,EUSTIS,FL,32736,3523572008,VP PHARMACY,333600000X|3336C0003X,tier_1_primary_pharmacy,Y,N,PUBLIX
1053780122,PUBLIX SUPER MARKETS INC,250 PALM COAST PKWY NE UNIT 1000,,PALM COAST,FL,321378286,3865974781,VP PHARMACY,333600000X|3336C0003X,tier_1_primary_pharmacy,Y,N,PUBLIX
1780053769,FIVE PILLARS CORPORATION,2301 N UNIVERSITY DR,SUITE 112,PEMBROKE PINES,FL,330243617,9544046610,OWNER,3336C0004X|3336C0003X,tier_1_primary_pharmacy,Y,Y,
1720457740,MIAMI COAST PHARMACY LLC,1250 NW 7TH ST UNIT 101-102,,MIAMI,FL,331253744,7866158627,OWNER,333600000X|3336C0003X,tier_1_primary_pharmacy,Y,Y,
1619346459,"BAYCARE URGENT CARE, LLC",711 S BELCHER RD,,CLEARWATER,FL,337646326,7273144848,"VP, PFS",3336C0003X,tier_1_primary_pharmacy,Y,Y,
1730558586,PUBLIX SUPER MARKETS INC,10920 MCKINLEY DR STE 11.1114,,TAMPA,FL,336126471,8636881188,VP PHARMACY,333600000X|3336C0002X|3336C0003X,tier_1_primary_pharmacy,Y,N,PUBLIX
1922477579,ROMEK INC.,166 MARION OAKS BLVD.,SUITE 9,OCALA,FL,344736216,3526935973,CEO/PRESIDENT,333600000X|3336C0003X,tier_1_primary_pharmacy,Y,Y,
1588033112,"SIR CHARLES PHARMACY, INC.",17560 NW 27TH AVE,SUITE 119,MIAMI GARDENS,FL,330564014,3057053415,PRESIDENT/OWNER,3336C0003X,tier_1_primary_pharmacy,Y,Y,
1689044141,NEW CARE PHARMACY LLC,14306 N DALE MABRY HWY STE D,,TAMPA,FL,336182052,8139636800,OWNER,333600000X|3336C0003X,tier_1_primary_pharmacy,Y,Y,
1023488202,LEHIGH REGIONAL MEDICAL CENTER,1500 LEE BLVD,,LEHIGH ACRES,FL,339364835,2393684544,DIRECTOR OF PHARMACY,3336I0012X,tier_1_primary_pharmacy,Y,Y,
1972973055,FAMILY PHARMACY & MEDICAL SUPPLY,9861 BERNWOOD PLACE DR STE 145,,FORT MYERS,FL,339666545,2392886997,MANAGER,3336C0003X,tier_1_primary_pharmacy,Y,Y,
1407226392,"CENTERWELL PHARMACY, INC.",11240 BEACH BLVD,,JACKSONVILLE,FL,322463802,9043800318,VP,3336C0003X,tier_1_primary_pharmacy,Y,Y,
1538539317,"BAYCARE URGENT CARE, LLC",3440 W DR MLK BLVD,SUITE 100,TAMPA,FL,336076214,8135591888,"VP, PFS",3336C0003X,tier_1_primary_pharmacy,Y,Y,
1518337351,PUBLIX SUPER MARKETS INC,155 E 2ND AVE,,HIALEAH,FL,330104924,3058638616,VP PHARMACY,333600000X|3336C0003X,tier_1_primary_pharmacy,Y,N,PUBLIX
1710358494,HEALTH FIRST PHARMACY INC,3160 S UNIVERSITY DR,,MIRAMAR,FL,330253001,9546883727,OWNER/PRESIDENT,333600000X|3336C0003X,tier_1_primary_pharmacy,Y,Y,
1356711089,PUBLIX,4065 HANCOCK BRIDGE PKWY,,FORT MYERS,FL,339034294,2399970212,DISTRICT MANAGER,3336C0003X,tier_1_primary_pharmacy,Y,N,PUBLIX
1962873646,AVIVA CARE PHARMACY LLC,2053 N UNIVERSITY DR,,SUNRISE,FL,333223936,9544515578,OWNER,333600000X|3336C0003X,tier_1_primary_pharmacy,Y,Y,
1982075446,OM TSM LLC,14965 OLD ST AUGUSTINE RD UNIT 108,,JACKSONVILLE,FL,322589481,9046199000,PHARMACIST,3336C0004X,tier_1_primary_pharmacy,Y,Y,
1093186546,LAKE TOWN PHARMACY LLC,2020 CR N 470 UNIT B,,LAKE PANASOFFKEE,FL,33538,3524442055,"OWNER,  AO, PHCY MANAGER, PIC",333600000X|3336C0003X,tier_1_primary_pharmacy,Y,Y,
1679944953,PUBLIX SUPER MARKETS INC,7550 NW 104TH AVE,,DORAL,FL,331783333,3054189756,VP PHARMACY,333600000X|3336C0003X,tier_1_primary_pharmacy,Y,N,PUBLIX
1316318637,A1ABILITY PHARMACY INC,999 STINSON WAY STE 301,,WEST PALM BEACH,FL,334113741,5617536040,OWNER/PRESIDENT,333600000X|3336C0003X,tier_1_primary_pharmacy,Y,Y,
1437520657,PUBLIX SUPER MARKETS INC,831 VILLAGE BLVD,,WEST PALM BEACH,FL,334091901,5616156813,VP PHARMACY,333600000X|3336C0003X,tier_1_primary_pharmacy,Y,N,PUBLIX
1487025599,"THE CENTRAL PHARMACY MIAMI, INC",3526 W FLAGLER ST,,MIAMI,FL,331351028,7864991410,PRESIDENT,3336C0003X,tier_1_primary_pharmacy,Y,Y,
1497126650,PUBLIX SUPER MARKETS INC,3838 BRITTON PLZ,,TAMPA,FL,336111406,8134387950,VP PHARMACY,333600000X|3336C0003X,tier_1_primary_pharmacy,Y,N,PUBLIX
1164893327,PUBLIX SUPER MARKETS INC,500 BELVEDERE RD,,WEST PALM BEACH,FL,334051229,5617908384,VP PHARMACY,333600000X|3336C0003X,tier_1_primary_pharmacy,Y,N,PUBLIX
1750752929,"TAMPA FAMILY HEALTH CENTERS, INC",5707 N 22ND ST,,TAMPA,FL,336104350,8132388533,CEO/PRESIDENT,3336C0002X,tier_1_primary_pharmacy,Y,Y,
1629449541,"PUBLIX SUPER MARKETS, INC.",831 VILLAGE BLVD,,WEST PALM BEACH,FL,334091901,8636881188,MANAGER OF MANAGED CARE,3336C0003X|333600000X,tier_1_primary_pharmacy,Y,N,PUBLIX
1912378795,"TAMPA FAMILY HEALTH CENTERS, INC",3901 S WEST SHORE BLVD,,TAMPA,FL,336111003,8138660930,CEO/PRESIDENT,3336C0003X,tier_1_primary_pharmacy,Y,Y,
1356713127,"JTJ MEDICAL SUPPLY, INC",3251 3RD AVE N,,ST PETERSBURG,FL,337138506,2399399226,SECRETARY,3336C0003X,tier_1_primary_pharmacy,Y,Y,
1538531298,AKSHAR PHARMA LLC,202 N PARK AVE STE 300,,APOPKA,FL,327034148,4077032676,OWNER,333600000X|3336C0003X,tier_1_primary_pharmacy,Y,Y,
1326410952,SUNCOAST COMMUNITY HEALTH CENTERS INC,313 S LAKEWOOD DR,,BRANDON,FL,335112815,8133497949,PHARMACY DIRECTOR,3336C0002X|333600000X,tier_1_primary_pharmacy,Y,Y,
1902278427,"METRO TREATMENT OF FLORIDA, LP",1415 HOMESTEAD RD,,LEHIGH ACRES,FL,339364830,2394918092,CFO,3336C0002X,tier_2_secondary_pharmacy,N,Y,
1699147959,EXPRESS AID PHARMACY SERVICES LLC,5892 STIRLING RD STE 2,,HOLLYWOOD,FL,330211541,9546397030,"OWNER,RPH,AO",333600000X|3336C0003X,tier_1_primary_pharmacy,Y,Y,
1750753935,ANGELS PHARMACY II LLC,610 ZEAGLER DR,,PALATKA,FL,321773811,4074267000,PRESIDENT,3336C0003X,tier_1_primary_pharmacy,Y,Y,
1760854756,SANTOS FAMILY PHARMACY INC,13780 SW 26TH ST,SUITE 108,MIAMI,FL,331756302,3055534595,PRESIDENT,3336C0003X,tier_1_primary_pharmacy,Y,Y,
1972975829,"GRAND PHARMACY - DISCOUNT, INC.",12486 SW 8TH ST,,MIAMI,FL,331841400,7866153586,PRESIDENT/OWNER,3336C0003X,tier_1_primary_pharmacy,Y,Y,
1346612256,PARAMOUNT PHARMACY INC,5540 SW 8TH ST,,CORAL GABLES,FL,331342220,7864205506,OWNER,333600000X|3336C0003X,tier_1_primary_pharmacy,Y,Y,
1891168589,"BAYCARE URGENT CARE, LLC",3351 N MCMULLEN BOOTH RD.,,CLEARWATER,FL,337612014,7273144774,"VP, PFS",3336C0003X,tier_1_primary_pharmacy,Y,Y,
1326411851,GIO RX SCRIPTS INC,4338 SW 8TH ST,,CORAL GABLES,FL,331342673,7868990481,PRESIDENT,3336C0003X,tier_1_primary_pharmacy,Y,Y,
1992178271,INSIGHT PHARMACY LLC,1414 GAY RD STE 100,,WINTER PARK,FL,327892928,4079603784,PHARMACIST,3336C0003X|3336C0004X|333600000X,tier_1_primary_pharmacy,Y,Y,
1760855050,JUNIORS PHARMACY,7112 W MCNAB RD,,TAMARAC,FL,333215306,9545321859,PRESIDENT,333600000X|3336C0003X,tier_1_primary_pharmacy,Y,Y,
1528431616,"MARCO ISLAND PHARMACY, INC.",905 N COLLIER BLVD,,MARCO ISLAND,FL,341452742,2399702490,"PRESIDENT, OWNER",3336C0003X,tier_1_primary_pharmacy,Y,Y,
1073986089,AMERICAN DRUGS PHARMACY INC,2111 10TH AVE N,,LAKE WORTH,FL,334613345,5615573320,OWNER,333600000X|3336C0003X,tier_1_primary_pharmacy,Y,Y,
1528431558,"CENTERWELL PHARMACY, INC.",420 S NOVA RD STE 4/5,,ORMOND BEACH,FL,321740410,3862816633,VP,333600000X|3336C0003X,tier_1_primary_pharmacy,Y,Y,
1023482049,"POLARIS PHARMACY SERVICES OF FT. LAUDERDALE, LLC",2900 NW 60TH ST,,FORT LAUDERDALE,FL,333091735,9549191818,NATIONAL DIRECTOR OF BILLING & REIM,3336L0003X,tier_1_primary_pharmacy,Y,Y,
1679947683,K & M DRUGS FORT MYERS LLC,14651 PALM BEACH BLVD,,FORT MYERS,FL,339052331,2396895788,"OWNER, AO",333600000X|3336C0003X,tier_1_primary_pharmacy,Y,Y,
1164896965,RX PHARMACY MIAMI INC,5309 SW 8TH ST,,CORAL GABLES,FL,331342269,3055426028,PRESIDENT,3336C0003X,tier_1_primary_pharmacy,Y,Y,
1073987723,SG PHARMACEUTICALS LLC,13191 STARKEY RD STE 3,,LARGO,FL,337731438,7275924588,RPH,333600000X|3336C0003X,tier_1_primary_pharmacy,Y,Y,
1679947139,ALEJANDRA PHARMACY AND DISCOUNT STORE,626 SW 109TH AVE,,MIAMI,FL,331741338,3052278990,PHARMACY OWNER,3336C0003X,tier_1_primary_pharmacy,Y,Y,
1528432028,HARBOR CITY PHARMACY INC,503 HARBOR CITY BLVD.,,MELBOURNE,FL,32935,3214284509,OWNER,333600000X|3336C0003X,tier_1_primary_pharmacy,Y,Y,
1518331917,HSUS PHARMACY,5800 N FEDERAL HWY STE 2,,BOCA RATON,FL,334874008,8889704787,CEO,333600000X|3336M0002X|3336C0003X,tier_1_primary_pharmacy,Y,Y,
1255705646,NAPLES PHARMACY LLC,49 8TH ST N STE A,,NAPLES,FL,341026020,2392313026,"OWNER,  AO, PHCY MANAGER, PIC",333600000X|3336C0004X|3336C0003X,tier_1_primary_pharmacy,Y,Y,
1790159085,TRINITY SPECIALTY PHARMACY LLC,13615 BRUCE B DOWNS BLVD,STE 111,TAMPA,FL,336134607,8552548529,COMPLIANCE DIRECTOR,333600000X|3336C0003X,tier_1_primary_pharmacy,Y,Y,
1245604420,WELLNESS RX TAMPA LLC,7208 N STERLING AVE STE B,,TAMPA,FL,336144228,8138674330,PHARMACY AFFLIATED,3336C0003X,tier_1_primary_pharmacy,Y,Y,
1164896296,PUBLIX SUPER MARKETS INC,2501 E SUNRISE BLVD,,FORT LAUDERDALE,FL,333043203,8636881188,VP PHARMACY,333600000X|3336C0003X,tier_1_primary_pharmacy,Y,N,PUBLIX
1487028502,NATURA PHARMACY INC,3825 BECK BLVD #701,,NAPLES,FL,34114,2392611003,PTS,333600000X|3336C0003X,tier_1_primary_pharmacy,Y,Y,
1124493101,RX PHARMACY MIAMI INC,5309 SW 8 ST,SUITE 9,MIAMI,FL,33134,7866082611,PRESIDENT,3336C0003X,tier_1_primary_pharmacy,Y,Y,
1386019115,CENTRAL AVENUE PHARMACY LLC,347 W OAK ST,,KISSIMMEE,FL,347414421,3212848886,PHARMACIST,333600000X|3336C0003X,tier_1_primary_pharmacy,Y,Y,
1184099921,CLEARWATER PHARMACY LLC,4700 140TH AVE N STE 112,,CLEARWATER,FL,337623847,7279007787,OWNER,333600000X|3336C0004X|3336C0003X,tier_1_primary_pharmacy,Y,Y,
1255706024,GAYATRIKRUPA LLC,7217 US HIGHWAY 27 N,,SEBRING,FL,338701051,5614274374,MANAGER,333600000X|3336C0003X,tier_1_primary_pharmacy,Y,Y,
1457726150,PHARMAX SPECIALTY PHARMACY INC,7808 WOODLAND CENTER BLVD,,TAMPA,FL,336142409,8138802500,PRESIDENT/DIRECTOR,333600000X|3336C0003X,tier_1_primary_pharmacy,Y,Y,
1952776536,TAMPA PALMS PHARMACY LLC,15309 AMBERLY DR,,TAMPA,FL,336472112,8136050300,"OWNER, PIC",333600000X|3336C0003X,tier_1_primary_pharmacy,Y,Y,
1013382662,NIA RX SERVICES LLC,500 VONDERBURG DR STE 113W,,BRANDON,FL,335115969,8136844444,MANAGER,333600000X|3336C0003X,tier_1_primary_pharmacy,Y,Y,
1467827840,LAKELAND FAMILY PHARMACY,427 E CENTRAL AVE,,WINTER HAVEN,FL,338803051,8636987938,MANAGING PARTNER,3336C0003X,tier_1_primary_pharmacy,Y,Y,
1750756185,"WHOLE FAMILY HEALTH CENTER, INC.",981 37TH PL,,VERO BEACH,FL,329606541,7729258400,CHIEF EXECUTIVE OFFICER,3336C0002X|3336C0003X|3336S0011X|3336M0002X|333600000X,tier_1_primary_pharmacy,Y,Y,
1598130890,STAYWELL RX PHARMACY LLC,7209 CORAL WAY,,MIAMI,FL,331551401,3052628297,PRESIDENT,333600000X|3336L0003X,tier_1_primary_pharmacy,Y,Y,
1710352075,PINELLAS PARK DRUGS LLC,6280 66TH ST N,,PINELLAS PARK,FL,337815026,7275444203,OWNER,3336C0003X|333600000X,tier_1_primary_pharmacy,Y,Y,
1528423670,GENESISCARE USA OF FLORIDA LLC,8991 BRIGHTON LN STE 200,,BONITA SPRINGS,FL,341357505,2393331700,PRESIDENT,333600000X,tier_1_primary_pharmacy,Y,Y,
1073978110,"JTJ MEDICAL SUPPLY, INC",1301 W COLONIAL DR STE 102,,ORLANDO,FL,328047133,2399399226,SECRETARY,3336C0003X,tier_1_primary_pharmacy,Y,Y,
1437514544,ORLANDO CENTRAL FILL INC.,7531 CURRENCY DR,,ORLANDO,FL,328096922,4078572871,DIRECTOR OF PHARMACY OPERATIONS,333600000X|3336M0002X,tier_1_primary_pharmacy,Y,Y,
1710342753,PB GARDENS DRUGS LLC,4270C DESIGN CENTER DR,,PALM BEACH GARDENS,FL,334104225,5616222141,MANAGER,333600000X|3336C0004X|3336C0003X,tier_1_primary_pharmacy,Y,Y,
1487019295,"PALMS PHARMACY, INC",17008 PALM POINTE DR,,TAMPA,FL,336473504,8132529063,PHARMACIST,3336C0003X,tier_1_primary_pharmacy,Y,Y,
1225493927,ITABO PHARMACY,237 NW 12TH AVE,STE C,MIAMI,FL,331281080,3059169174,PRESIDENT,3336C0003X,tier_1_primary_pharmacy,Y,Y,
1215392907,PUBLIX SUPER MARKETS INC,11750 SW 104TH ST,,MIAMI,FL,331863601,3052741286,VP PHARMACY,333600000X|3336C0003X,tier_1_primary_pharmacy,Y,N,PUBLIX
1609231331,OUSIA PHARMACY CORP,5194 MARINER BLVD,,SPRING HILL,FL,34609,8132524076,OWNER,333600000X|3336C0003X,tier_1_primary_pharmacy,Y,Y,
1104281609,CORAL PHARMACY MIAMI INC,5309 SW 8TH ST,,CORAL GABLES,FL,331342269,7865428488,OWNER,3336C0003X|333600000X,tier_1_primary_pharmacy,Y,Y,
1649635178,PHARM-AID LLC,12117 PEMBROKE RD,,PEMBROKE PINES,FL,330251727,9545444994,MGR,3336C0003X,tier_1_primary_pharmacy,Y,Y,
1558726075,"CENTERWELL PHARMACY, INC.",228 W ALEXANDER ST,,PLANT CITY,FL,335637157,8133592045,VP,333600000X|3336C0003X,tier_1_primary_pharmacy,Y,Y,
1154786473,PUBLIX SUPER MARKETS INC,5715 NW 7TH ST,,MIAMI,FL,331263105,3052673362,VP PHARMACY,333600000X|3336C0003X,tier_1_primary_pharmacy,Y,N,PUBLIX
1225494412,SREE GANESHA INC,3707 LAKE WORTH RD,,PALM SPRINGS,FL,334614033,7407073624,PHARMACY MANAGER,333600000X|3336C0003X,tier_1_primary_pharmacy,Y,Y,
1982060869,"SUREHEALTH PHARMACY, INC",7945 NW 2ND ST,,MIAMI,FL,331268000,7862121015,PHARMACIST-IN-CHARGE/OWNER,333600000X|3336C0003X,tier_1_primary_pharmacy,Y,Y,
1790141570,PHARMACORE RX LLC,13930 LYNMAR BLVD,,TAMPA,FL,336263123,8135808040,PHARMACY DIRECTOR,333600000X|3336L0003X,tier_1_primary_pharmacy,Y,Y,
1689030470,PHARMAMEDRX LLC,1201 US HIGHWAY 1 STE 1,,NORTH PALM BEACH,FL,334083546,8668556468,DIRECTOR OF PHARMACY OPERATIONS,333600000X|3336C0003X|3336M0002X,tier_1_primary_pharmacy,Y,Y,
1598121048,FARM PULIDO,418 N DIXIE HWY,,LANTANA,FL,334622918,5612251341,OWNER,333600000X,tier_1_primary_pharmacy,Y,Y,
1871959296,DRAGONFLY BOTANICA LLC,6450 N WICKHAM RD,102,MELBOURNE,FL,329402036,3216228155,PHARMACIST IN CHARGE,333600000X,tier_1_primary_pharmacy,Y,Y,
1982061255,CUE PHARMACY INC,777 E 25TH ST,SUITE 120,HIALEAH,FL,330133825,3056965464,VP,333600000X|3336C0003X,tier_1_primary_pharmacy,Y,Y,
1073970919,NH PHARMACY,4850 W OAKLAND PARK BLVD UNIT 106-108,,LAUDERDALE LAKES,FL,333137260,9545304793,"OWNER, PIC, AO",333600000X|3336C0003X,tier_1_primary_pharmacy,Y,Y,
1518324078,JENNYS YOUR FRIENDLY PHARMACY,2217 NW 7TH ST # CU-2,,MIAMI,FL,331253330,7865338269,"PRESIDENT,AO",333600000X|3336C0003X,tier_1_primary_pharmacy,Y,Y,
1407214885,ELLENTON DISCOUNT PHARMACY LLC,8324 US HIGHWAY 301 N,,PARRISH,FL,342198653,9414442233,OWNER,333600000X|3336C0003X,tier_1_primary_pharmacy,Y,Y,
1396103701,PUBLIX SUPER MARKETS INC,4870 BISCAYNE BLVD,,MIAMI,FL,331373215,3055738017,VP PHARMACY,333600000X|3336C0003X,tier_1_primary_pharmacy,Y,N,PUBLIX
1275991515,VOLITION GROUP CORP,125 SR 436,,FERN PARK,FL,32730,4076368733,PRESIDENT,3336C0003X|333600000X,tier_1_primary_pharmacy,Y,Y,
1295193498,PUBLIX SUPER MARKETS INC,12500 STATE ROAD 54,,ODESSA,FL,335563480,7273769490,VP PHARMACY,333600000X|3336C0003X,tier_1_primary_pharmacy,Y,N,PUBLIX
1265890404,MCARE HEALTH LLC,5853 54TH AVE N,,KENNETH CITY,FL,337091901,7272026684,PHARM D.,333600000X|3336C0004X|3336L0003X|3336C0003X,tier_1_primary_pharmacy,Y,Y,
1992163141,TEL-PHARMACY,5489 WILES RD STE 302,,COCONUT CREEK,FL,330734220,9549757112,CEO,3336C0003X|3336M0002X|3336S0011X|333600000X,tier_1_primary_pharmacy,Y,Y,
1295193324,MN PHARMACY LLC,6701 NW 7TH STREET,SUITE 199,MIAMI,FL,331266008,3059077947,VICE PRESIDENT,333600000X|3336C0003X,tier_1_primary_pharmacy,Y,Y,
1619335601,"RIDGELAND ALLIED PHARMACY, INC",804 W BLOOMINGDALE AVE,STE. 1-4,BRANDON,FL,335117778,8136899489,PHARMACIST/OWNER,3336S0011X,tier_1_primary_pharmacy,Y,Y,
1982062980,"MCR HEALTH, INC.",1949 NORTHGATE BLVD,,SARASOTA,FL,342342143,9413737878,PRESIDENT AND CEO,333600000X,tier_1_primary_pharmacy,Y,Y,
1336507334,"MCR HEALTH, INC.",12271 US HIGHWAY 301 N,,PARRISH,FL,342198410,9417764050,PRESIDENT AND CEO,333600000X,tier_1_primary_pharmacy,Y,Y,
1861850810,YRMA PHARMACY LLC,7958 SW 8TH ST,,MIAMI,FL,331444209,3052669999,"OWNER,RPH,AO",333600000X|3336C0003X,tier_1_primary_pharmacy,Y,Y,
1881052769,CONTROLLED RX LLC,4081 L B MCLEOD RD STE C,,ORLANDO,FL,328115660,4072706748,MANAGER,3336C0003X|333600000X,tier_1_primary_pharmacy,Y,Y,
1174981096,SRI SAI SANVI INTEGRATIVE PHARMACY SERVICES LLC,1101 BLANDING BLVD STE 122,,ORANGE PARK,FL,320656751,9046448038,PHARMACY MANAGER/ OWNER / PIC/AO,333600000X|3336C0004X|3336C0003X,tier_1_primary_pharmacy,Y,Y,
1699133421,CEPEMART PHARMACY LLC,1087 W ORANGE BLOSSOM TRL,,APOPKA,FL,327123401,4077035454,RPH,333600000X|3336C0003X,tier_1_primary_pharmacy,Y,Y,
1255799904,OSPREY PHARMACY SERVICES LLC,50 N LAURA ST,SUITE 2500,JACKSONVILLE,FL,322023664,8886171953,CEO,333600000X,tier_1_primary_pharmacy,Y,Y,
1255799854,"COMFORT PHARMACY 2, LLC",12600 SW 120TH ST STE 102,,MIAMI,FL,331869115,7865477423,CEO,3336C0003X,tier_1_primary_pharmacy,Y,Y,
1538527130,"ELKABARY ENTERPRISES LLC, DBA VERACITY PHARMACY",13135 KINGS LAKE DR,UNIT 102,GIBSONTON,FL,335343960,8136778811,OWNER / MANAGER,3336C0004X|333600000X|3336C0003X,tier_1_primary_pharmacy,Y,Y,
1053770420,TAMPA RX CARE LLC,15416 N. FLORIDA AVE,SUITE 200,TAMPA,FL,33613,8137567900,OWNER,333600000X|3336C0004X|3336C0003X,tier_1_primary_pharmacy,Y,Y,
1851750178,CRAYTON MITCHELL GROUP,197 BOUGAINVILLEA DR STE D,,ROCKLEDGE,FL,329552402,3216362275,OWNER,333600000X|3336C0003X,tier_1_primary_pharmacy,Y,Y,
1467811703,"RURAL HEALTH CARE, INC",460 PALM COAST PKWY SW,SUITE 5,PALM COAST,FL,321374785,3862463958,VP/CPO,3336C0003X,tier_1_primary_pharmacy,Y,Y,
1215396346,VILLA PHARMACY LLC,105 AVENUE R NW,,WINTER HAVEN,FL,338812147,8632295978,PHARMACY MANAGER,333600000X|3336L0003X,tier_1_primary_pharmacy,Y,Y,
1093174989,"DIGESTIVE SPECIALTY PHARMACY, LLC",2151 RIVERSIDE AVE,,JACKSONVILLE,FL,322044416,9043162839,MANAGER,3336S0011X,tier_1_primary_pharmacy,Y,Y,
1366801110,"MEDICAL HOTSPOTS, INC",5156 S ORANGE AVE STE B,,ORLANDO,FL,328093024,4079303102,OWNER,3336C0003X,tier_1_primary_pharmacy,Y,Y,
1225497027,PUBLIX SUPER MARKETS INC,8842 W STATE ROAD 84,,DAVIE,FL,333244415,9544239460,VP PHARMACY,333600000X|3336C0003X,tier_1_primary_pharmacy,Y,N,PUBLIX
1730548496,GENERIC PHARMACY INC,930 E SAMPLE RD,,POMPANO BEACH,FL,330645131,9549337012,OWNER,3336C0003X,tier_1_primary_pharmacy,Y,Y,
1356701981,MAXIMIZE WITHIN,12277 SW 55TH ST,SUITE 908,COOPER CITY,FL,333303311,7542062934,ADMINISTRATOR/OWNER,3336C0003X,tier_1_primary_pharmacy,Y,Y,
1851751481,"YUVANESSE COMPOUNDING PHARMACY, LLC",1141 KANE CONCOURSE STE 203,,BAY HARBOR ISLANDS,FL,331542052,3058648423,CEO,3336C0003X,tier_1_primary_pharmacy,Y,Y,
1538529060,GULF MED PHARMACY INC,4106 DEL PRADO BLVD S,,CAPE CORAL,FL,339047163,2395421291,PRESIDENT/OWNER,3336L0003X|3336C0004X|3336S0011X|333600000X|3336C0003X,tier_1_primary_pharmacy,Y,Y,
1619337177,VEILEE CORPORATION,380 E 9TH ST STE 7,HIALEAH,HIALEAH,FL,330104260,7865587206,MANAGER,333600000X|3336C0003X,tier_1_primary_pharmacy,Y,Y,
1003276429,"SINCERUS FLORIDA, LLC",3265 W MCNAB RD,,POMPANO BEACH,FL,330694807,9544162116,PRESIDENT,333600000X|3336C0003X|3336M0002X|3336C0004X,tier_1_primary_pharmacy,Y,Y,
1063872562,PATIENT RX SOLUTIONS PHARMACY LLC,3450 E FLETCHER AVE,SUITE 140,TAMPA,FL,336134655,8135492134,VICE PRESIDENT OF OPERATIONS,3336C0003X,tier_1_primary_pharmacy,Y,Y,
1275993131,DOSE OF DIAMOND LLC,3143 SW 32ND AVE STE 200,,OCALA,FL,344744404,3526572200,OWNER/MANAGER,333600000X|3336L0003X|3336S0011X|3336C0003X,tier_1_primary_pharmacy,Y,Y,
1417317447,SAGE RX SPECIALTY PHARMACY CORP,3693 W WATERS AVE # 1210,,TAMPA,FL,336142783,8137699094,PRESIDENT,3336S0011X|3336C0003X,tier_1_primary_pharmacy,Y,Y,
1063872083,SUNBELT PHARMACY AND DISCOUNT CORP,2831 N FEDERAL HWY,BAY 2,BOCA RATON,FL,334316809,5617573352,PRESIDENT,333600000X,tier_1_primary_pharmacy,Y,Y,
1851751663,WAMU LLC,85 CYPRESS POINT PKWY UNIT B,,PALM COAST,FL,321648455,3864478944,CEO/PHARMACIST/CO-OWNER,333600000X|3336C0004X|3336C0003X,tier_1_primary_pharmacy,Y,Y,
1568822377,"SPRX, INC",3740 ST JOHNS BLUFF ROAD SOUTH,SUITE 21,JACKSONVILLE,FL,32224,9045753571,OWNER/COO,333600000X|3336C0003X,tier_1_primary_pharmacy,Y,Y,
1477914109,"POPS NEIGHBORHOOD PHARMACY, LLC",20 NE 2ND AVE,,DEERFIELD BEACH,FL,334413504,7542277252,MANAGING MEMBER,3336C0003X,tier_1_primary_pharmacy,Y,Y,
1538520234,MPAM LLC,696 E ALTAMONTE DR,SUITE#1060,ALTAMONTE SPRINGS,FL,327014831,4079017777,MANAGER,333600000X|3336C0003X,tier_1_primary_pharmacy,Y,Y,
1912368598,GULF COAST SCRIPTS LLC,761 SHAMROCK BLVD,,VENICE,FL,342931836,9415844061,PHARMACIST IN CHARGE,3336C0003X,tier_1_primary_pharmacy,Y,Y,
1871954156,"PUBLIX SUPER MARKETS, INC.",3100 SW 62ND AVE,,MIAMI,FL,331553009,3056697155,VP PHARMACY,333600000X|3336C0002X|3336C0003X,tier_1_primary_pharmacy,Y,N,PUBLIX
1730540980,DAP PHARMACY MANAGEMENT AND CONSULTING SERV,2364 SUNSET POINT RD,,CLEARWATER,FL,337651423,7276482700,MANAGING PARTNER,333600000X,tier_1_primary_pharmacy,Y,Y,
1265893234,VETERINARY MART CORP,7440 SW 50TH TER STE 105,,MIAMI,FL,331554413,8774218387,CEO,333600000X|3336C0003X,tier_1_primary_pharmacy,Y,Y,
1275994279,"COMMUNITY HEALTH CENTERS, INC",7900 FOREST CITY RD,,ORLANDO,FL,328103002,4076145337,CFO,3336C0003X,tier_1_primary_pharmacy,Y,Y,
1235590118,CAREONE PHARMACY SERVICES LLC,1003 E NEWPORT CENTER DR,,DEERFIELD BEACH,FL,334427724,9544256505,VICE PRESIDENT OF PHARMACY SERVICES,333600000X|3336L0003X,tier_1_primary_pharmacy,Y,Y,
1154783561,CCN AMERICA LP,1500 W CYPRESS CREEK RD,SUITE 203,FORT LAUDERDALE,FL,333091833,8773496337,PRESIDENT & CFO,3336C0003X|333600000X,tier_1_primary_pharmacy,Y,Y,
1285096610,SCRIPTS TO YOU LLC,10231 W SAMPLE RD,,CORAL SPRINGS,FL,330653939,8009838099,MANAGING MEMBER,333600000X,tier_2_secondary_pharmacy,N,Y,
1144682477,PUBLIX SUPER MARKETS INC,1500 SW 57TH AVE,,WEST MIAMI,FL,331445722,3052658255,VP PHARMACY,333600000X|3336C0003X,tier_1_primary_pharmacy,Y,N,PUBLIX
1982067732,"RX MANAGEMENT CONSULTANTS, LLC",1996 ROBIN RD,,ORLANDO,FL,328146542,4078446055,OWNER/CHIEF PHARMACY OFFICER,3336C0003X,tier_1_primary_pharmacy,Y,Y,
1578926135,SAN JUAN PHARMACY LLC,9533 SW 40TH ST,,MIAMI,FL,331654035,3053997449,OWNER,333600000X,tier_1_primary_pharmacy,Y,Y,
1548623028,UNIVV I INC,4857 PALM BEACH BLVD STE 1,,FORT MYERS,FL,339053206,2392088847,OWNER/PHARMACIST,333600000X|3336C0003X,tier_1_primary_pharmacy,Y,Y,
1487017968,MOBISCRYPT. LLC,2335 E ATLANTIC BLVD,,POMPANO BEACH,FL,330625238,4125899604,PRESIDENT,3336L0003X|333600000X,tier_1_primary_pharmacy,Y,Y,
1881057180,UNLIMETED PHARMACY INC,6320 MIRAMAR PKWY STE H,,MIRAMAR,FL,330233999,9545444093,PRESIDENT,333600000X,tier_1_primary_pharmacy,Y,Y,
1255794350,"BLANDING PHARMACY & MEDICAL SUPPLY, LLC",5136 BLANDING BLVD,,JACKSONVILLE,FL,322107894,9047772223,OWNER/MANAGER,3336C0004X|333600000X,tier_1_primary_pharmacy,Y,Y,
1538523253,SVS HEALTH INC,905 W OAK ST,,KISSIMMEE,FL,347414941,4072018600,OWNER,333600000X|3336C0003X,tier_1_primary_pharmacy,Y,Y,
1578927166,PRESCRIPTRX PHARMACY LLC,1523 E COMMERCIAL BLVD,,FORT LAUDERDALE,FL,333345717,7542005913,"OWNER, MANAGER, PIC, AO",3336L0003X|333600000X|3336C0003X,tier_1_primary_pharmacy,Y,Y,
1568816585,DISCOUNT RX LLC,5325 26TH ST W,SUITE 2,BRADENTON,FL,342073012,9412163788,SOLE MEMBER,3336L0003X,tier_1_primary_pharmacy,Y,Y,
1871947499,"MOULTON'S PHARMACY OF CRESTVIEW, INC.",648 N FERDON BLVD,,CRESTVIEW,FL,325362165,8506826136,PRESIDENT,3336C0003X,tier_1_primary_pharmacy,Y,Y,
1669826178,T-RX PHARMACY,211 HANCOCK BRIDGE PKWY,,CAPE CORAL,FL,339904021,2396774945,OWNER/PRESIDENT/PIC/AO,3336C0004X|333600000X|3336C0003X,tier_1_primary_pharmacy,Y,Y,
1104270404,FILL RX LLC,776 DELTONA BLVD,,DELTONA,FL,327257107,3862594074,CO-OWNER,3336L0003X|3336C0003X,tier_1_primary_pharmacy,Y,Y,
1821442260,CUSTOM CARE PHARMACY LLC,9332 STATE ROAD 54 STE 207,,NEW PORT RICHEY,FL,346551810,7274956979,COMPLIANCE OFFICER,3336C0003X|333600000X,tier_1_primary_pharmacy,Y,Y,
1306291679,FIRST CHOICE PHARMACY LLC,3208 CRILL AVE UNIT 2,,PALATKA,FL,321774159,3862191988,"OWNER, PIC, AO",333600000X|3336C0004X|3336S0011X|3336C0003X,tier_1_primary_pharmacy,Y,Y,
1205281458,LINCOLN PHARMACY LLC,21011 JOHNSON ST,SUITE# 126,PEMBROKE PINES,FL,330291913,9545349161,PHARMACY MANAGER,3336C0003X,tier_1_primary_pharmacy,Y,Y,
1063867372,PUBLIX SUPER MARKETS INC,9300 W COMMERCIAL BLVD,,SUNRISE,FL,333514302,9547489711,VP PHARMACY,3336C0003X|333600000X,tier_1_primary_pharmacy,Y,N,PUBLIX
1568817666,HR RX LLC,870 SAXON BLVD STE 45,,ORANGE CITY,FL,327638209,3862180926,"OWNER, PIC, AO",333600000X|3336C0004X|3336C0003X,tier_1_primary_pharmacy,Y,Y,
1730534710,"COBALT PHARMACY, INC.",7135 STATE ROAD 52,UNIT 103,HUDSON,FL,346676782,7273783598,CEO,333600000X,tier_1_primary_pharmacy,Y,Y,
1104271873,KD RX LLC,4644 W GANDY BLVD,UNIT 4,TAMPA,FL,336113300,8136050055,"OWNER, RPH, AO",333600000X|3336C0003X,tier_1_primary_pharmacy,Y,Y,
1144675885,"BAYCARE URGENT CARE, LLC",1599 66TH ST N,,ST. PETERSBURG,FL,337105536,7273173388,"VP, PFS",3336C0003X,tier_1_primary_pharmacy,Y,Y,
1003261587,PUBLIX SUPER MARKETS INC,12855 NE 6TH AVE,,NORTH MIAMI,FL,331614714,3058917054,VP PHARMACY,3336C0003X|333600000X,tier_1_primary_pharmacy,Y,N,PUBLIX
1629423074,PHAMILY PHARMACY LLC,407 W OAK ST,,KISSIMMEE,FL,347414931,4072014348,OWNER/PIC/AO,333600000X|3336C0003X,tier_1_primary_pharmacy,Y,Y,
1639524010,DR. MARK BORNSTEIN PHARMACY,701 E MICHIGAN ST,,ORLANDO,FL,328064623,4078574206,DOCTOR,3336S0011X,tier_1_primary_pharmacy,Y,Y,
1518312909,"IGLESIA BAUTISTA CENTRAL DE KISSIMMEE, INC.",1420 SIMPSON RD,,KISSIMMEE,FL,347444600,4073482060,EXECUTIVE DIRECTOR,3336C0003X,tier_1_primary_pharmacy,Y,Y,
1578919767,HEPRO.US INC,325 E 10TH CT,,HIALEAH,FL,330105150,3058875977,PURCHASE MANAGER,3336M0002X,tier_2_secondary_pharmacy,N,Y,
1255787313,LINKS PHARMACY AND DISCOUNT INC,7131 PEMBROKE ROAD,,PEMBROKE PINES,FL,33023,9543624090,PRESIDENT,3336C0003X,tier_1_primary_pharmacy,Y,Y,
1326494303,DADE MEDICAL INC,3700 COMMERCE PARKWAY,,MIRAMAR,FL,330253912,8442154264,COO,3336H0001X,tier_1_primary_pharmacy,Y,Y,
1073969879,FLORIDA ARTHRITIS & RHEUMATOLOGY ASSOCIATES LLC,10151 ENTERPRISE CTR STE 100,,BOYNTON BEACH,FL,334373759,8446974492,EVP,3336C0003X|3336S0011X|333600000X,tier_1_primary_pharmacy,Y,Y,
1689020406,PUBLIX SUPER MARKETS INC,374 NORTHLAKE BLVD,,NORTH PALM BEACH,FL,334085421,5618429961,VP PHARMACY,333600000X|3336C0003X,tier_1_primary_pharmacy,Y,N,PUBLIX
1033565585,"NEW LYNK, LLC",5800 BEACH BLVD STE 105,,JACKSONVILLE,FL,322075180,9043749334,OWNER,3336C0003X,tier_1_primary_pharmacy,Y,Y,
1942657432,RAMIL RX INC,2331 N STATE ROAD 7 STE 121,,LAUDERDALE LAKES,FL,333133771,9545339792,PRESIDENT,333600000X,tier_1_primary_pharmacy,Y,Y,
1710334800,PUBLIX SUPER MARKETS INC,695 KRISTINE WAY,,THE VILLAGES,FL,32163,3522598235,VP PHARMACY,333600000X|3336C0003X,tier_1_primary_pharmacy,Y,N,PUBLIX
1104273127,JIGNESH LLC,828 S JEFFERSON ST,,PERRY,FL,323474119,8505847800,PHARMACIST,333600000X|3336C0003X,tier_1_primary_pharmacy,Y,Y,
1700233368,SERVICE PRO PHARMACY LLC,6472 HIGHWAY 90,,MILTON,FL,325704560,8505640880,OWNER PRESIDENT,333600000X|3336C0003X,tier_1_primary_pharmacy,Y,Y,
1982052361,JJDRUG CO,1240 PROVIDENCE BLVD STE 2,,DELTONA,FL,327257352,3869681066,PRESIDENT,3336C0003X|333600000X,tier_1_primary_pharmacy,Y,Y,
1104274554,PUBLIX SUPER MARKETS INC,2551 SE HIGHWAY 70,,ARCADIA,FL,342665954,8634941071,VP PHARMACY,333600000X|3336C0003X,tier_1_primary_pharmacy,Y,N,PUBLIX
1710335971,Z ORANGE PHARMACY,7268 STATE ROAD 54,,NEW PORT RICHEY,FL,346536124,7273486439,RPH/OWNER,3336C0003X,tier_1_primary_pharmacy,Y,Y,
1528416575,"SMART RX PHARMACY, INC.",235 W HIGHWAY 50,,CLERMONT,FL,347113027,4075365696,FOUNDER & CEO,333600000X|3336C0003X,tier_1_primary_pharmacy,Y,Y,
1851749774,MEDLUX LLC,3655 INNOVATION DR,,LAKELAND,FL,338124106,8637093288,DIRECTOR OF PHARMACY,333600000X|3336C0003X,tier_1_primary_pharmacy,Y,Y,
1740638527,OUR PHARMACY NETWORK LLC,3350 NW 53RD ST,SUITE 103,FT LAUDERDALE,FL,333096354,8442389313,MGR,3336C0003X,tier_1_primary_pharmacy,Y,Y,
1467800169,PHARMACY CHEVALIER INC,1553-1555 NW 36 STREET,,MIAMI,FL,33142,7866004242,OWNER,3336S0011X|3336C0003X,tier_1_primary_pharmacy,Y,Y,
1356790729,PUBLIX SUPER MARKETS INC,16400 US HIGHWAY 331 S,,FREEPORT,FL,324394100,8508352317,VP PHARMACY,333600000X|3336C0003X,tier_1_primary_pharmacy,Y,N,PUBLIX
1992154181,AGAPE COMMUNITY HEALTH CENTER INC,120 KING ST,,JACKSONVILLE,FL,322042410,9042532380,CEO,333600000X,tier_1_primary_pharmacy,Y,Y,
1487003695,GALIANO PHARMACY DISCOUNT,3813 SW 8TH ST,,CORAL GABLES,FL,331343001,3054563420,PRESIDENT,3336C0003X,tier_1_primary_pharmacy,Y,Y,
1669821948,HOLMES REGIONAL MEDICAL CENTER,1350 HICKORY ST,,MELBOURNE,FL,329013224,3214347355,EVP CFO,333600000X|3336C0004X,tier_1_primary_pharmacy,Y,Y,
1306295688,INFINITY PHARMACY INC,19533 NW 57TH AVE,,MIAMI GARDENS,FL,330554709,7868033105,PRESIDENT,333600000X,tier_1_primary_pharmacy,Y,Y,
1881044642,ANTHONY 2016 LLC,5406 HOOVER BLVD STE 16,,TAMPA,FL,336345330,8135707444,OWNER,3336C0003X,tier_1_primary_pharmacy,Y,Y,
1598115958,CITY DISCOUNT PHARMACY,2330 N WICKHAM RD STE 7,,MELBOURNE,FL,329358183,3214254377,MANAGER,3336C0003X,tier_1_primary_pharmacy,Y,Y,
1801246251,CVS,13740 BEACH BLVD,,JACKSONVILLE,FL,322246033,9042484364,PHARMACIST,3336C0003X,tier_1_primary_pharmacy,Y,N,CVS
1861842734,"VITAL LIFE INSTITUTE, LLC",1618 MAIN ST,,SARASOTA,FL,342365811,9413880800,PHARMACY MANAGER,3336C0003X|333600000X|3336C0004X,tier_1_primary_pharmacy,Y,Y,
1255781183,ANDERSONS THRIF-T DRUGS INC,3818 HIGHWAY 90,,PACE,FL,325711014,8509947005,OWNER,3336C0003X|333600000X,tier_1_primary_pharmacy,Y,Y,
1164872099,"THE CENTER'S PHARMASEA, L.L.C.",701 NW 13TH ST,,BOCA RATON,FL,334862305,5619552995,PHARMACY MANAGER,333600000X|3336C0003X,tier_1_primary_pharmacy,Y,Y,
1053762260,NORTHLAKE PHARMACY LLC,9091 N MILITARY TRL STE 17,,PALM BEACH GARDENS,FL,334105983,5616199900,OWNER/PHARMACIST/AO,333600000X|3336C0003X,tier_1_primary_pharmacy,Y,Y,
1588016315,ADOM HEALTHCARE LLC,7347 SPRING HILL DR,,SPRING HILL,FL,346064300,3525156311,OWNER,333600000X|3336C0003X,tier_1_primary_pharmacy,Y,Y,
1154773950,"EMERALD COAST INFECTIOUS DISEASES MEDICAL GROUP, PA",917 MAR WALT DRIVE,SUITE D,FORT WALTON BEACH,FL,32547,8503123570,VICE PRESIDENT OF OPERATIONS,333600000X|3336C0003X,tier_1_primary_pharmacy,Y,Y,
1134571722,"CENTERWELL PHARMACY, INC.",11701 MILLS DR,,MIAMI,FL,331834824,7868434172,VP,333600000X|3336C0003X,tier_1_primary_pharmacy,Y,Y,
1356793616,CAMBRIDGE PHARMACY SERVICE LLC,3760 NW 126TH AVE,,CORAL SPRINGS,FL,330652408,8777784088,COO,333600000X|3336C0003X,tier_1_primary_pharmacy,Y,Y,
1265884522,MEDICAL HOTSPOTS INC/BAILEYS CLOSED SYSTEM PHARMACY,5156 S ORANGE AVE STE B,,ORLANDO,FL,328093024,4079303102,OWNER,333600000X|3336M0003X|3336S0011X|3336L0003X,tier_1_primary_pharmacy,Y,Y,
1134571482,SIGMA PHARMACY LLC,5413 E BUSCH BLVD,,TEMPLE TERRACE,FL,336175417,8103945416,OWNER,333600000X|3336C0003X,tier_1_primary_pharmacy,Y,Y,
1922450196,RIDGE MANOR PHARMACY,34490 CORTEZ BLVD,,RIDGE MANOR,FL,335238908,3524376851,OWNER,3336C0003X|333600000X,tier_1_primary_pharmacy,Y,Y,
1942652110,OXFORD PHARMACY LLC,12134 US HIGHWAY 19,,HUDSON,FL,346672058,7273784615,PHARMACY OWNER,3336C0003X|333600000X,tier_1_primary_pharmacy,Y,Y,
1447602529,IVONNE GARCIA,17324 SW 108TH CT,,MIAMI,FL,331574004,3059842193,PHARMACY TECH,333600000X,tier_1_primary_pharmacy,Y,Y,
1609229087,LIFELINERX LLC,1489 N MILITARY TRL STE 113,,WEST PALM BEACH,FL,334096030,5617408455,MANAGER,3336C0004X,tier_1_primary_pharmacy,Y,Y,
1447603766,PUBLIX SUPER MARKETS INC,15625 SOUTHERN BLVD,,LOXAHATCHEE GROVES,FL,334709214,5617955551,VP PHARMACY,333600000X|3336C0003X,tier_1_primary_pharmacy,Y,N,PUBLIX
1487007647,ARTHRITIS & RHEUMATISM ASSOCIATES PL,612 DRUID RD E,SUITE C,CLEARWATER,FL,337563912,7274436400,OWNER,3336C0003X|333600000X,tier_2_secondary_pharmacy,N,Y,
1689127862,"CARE AMERICA AT MAITLAND, LLC",7960 FOREST CITY RD,STE 101,ORLANDO,FL,328102938,4078657020,VP OPERATIONS,3336C0003X,tier_1_primary_pharmacy,Y,Y,
1952854143,"CARE AMERICA AT MOUNT DORA, LLC",6909 OLD HIGHWAY 441 S,STE 106,MOUNT DORA,FL,327577039,4078657020,VP OPERATIONS,3336C0003X,tier_1_primary_pharmacy,Y,Y,
1083167001,"PMR VIRGINIA HOLDING, LLC",1395 NW 167TH ST,,MIAMI GARDENS,FL,331695742,3056286117,AUTHORIZED OFFICIAL,3336C0003X,tier_2_secondary_pharmacy,N,Y,
1043763139,"CENTRAL FLORIDA HEALTH CARE, INC",305 W CENTRAL AVE,,LAKE WALES,FL,338534015,8636760054,CEO,333600000X,tier_1_primary_pharmacy,Y,Y,
1639622350,ALOE DRUG MART AND MEDICAL SUPPLIES,65 NW 167TH ST,,NORTH MIAMI BEACH,FL,331696017,3056551544,PRESIDENT,3336C0003X,tier_1_primary_pharmacy,Y,Y,
1326591066,SPRX2 INC,1201 MONUMENT RD STE 100,,JACKSONVILLE,FL,322256445,9045035030,DIRECTOR OF PHARMACY,333600000X|3336C0003X,tier_1_primary_pharmacy,Y,Y,
1275086787,PHAROS MANAGEMENT GROUP,1003 VIRGINIA AVE,,PALM HARBOR,FL,346834438,7277549497,MANAGING PARTNER,333600000X,tier_1_primary_pharmacy,Y,Y,
1609329978,AMP LTCRX LLC,30224 US HIGHWAY 19 N,,CLEARWATER,FL,337611042,7272394394,PRESIDENT,3336L0003X,tier_1_primary_pharmacy,Y,Y,
1770036071,US STERILE RX INC,16140 FLIGHT PATH DR,,BROOKSVILLE,FL,346046845,3523458220,PRESIDENT,3336C0003X,tier_1_primary_pharmacy,Y,Y,
1104370931,CHOICE PLUS RX LLC,13978 W HILLSBOROUGH AVE,,TAMPA,FL,336359656,8133590003,MANAGER/PHARMACIST,333600000X|3336C0003X,tier_1_primary_pharmacy,Y,Y,
1497209159,PALMYRA PHARMACY LLC,13080 CORTEZ BLVD,,BROOKSVILLE,FL,346134854,3526007572,MANAGER,3336C0003X,tier_1_primary_pharmacy,Y,Y,
1295289676,SOUTHCHASE COMMUNITY PHARMACY,12981 S ORANGE BLOSSOM TRL,,ORLANDO,FL,328376592,4072044090,PRESIDENT,333600000X|3336C0003X,tier_1_primary_pharmacy,Y,Y,
1881148245,"PUBLIX SUPER MARKETS, INC.",2042 STATE ROAD 19,,TAVARES,FL,327784231,3527422794,VP PHARMACY,333600000X|3336C0003X,tier_1_primary_pharmacy,Y,N,PUBLIX
1609321082,"SUN HEALTH AND WELLNESS, INC",2306 NORTH BLVD W. SUITE A&B,,DAVENPORT,FL,33837,8635479922,PRESIDENT,333600000X|3336C0003X|3336C0004X|3336S0011X,tier_1_primary_pharmacy,Y,Y,
1497200802,GASTROCARE LLP,3001 CORAL HILLS DR STE 380A,,CORAL SPRINGS,FL,330654172,7547023836,"MANAGER, PHARMACY LICENSING/CONTRAC",333600000X|3336C0003X,tier_1_primary_pharmacy,Y,Y,
1467907592,"VENICE PHARMACY, LLC",1229 US HIGHWAY 41 BYP S,,VENICE,FL,34285,8448404879,PHARMACIST IN CHARGE/PHARMACY MANAG,3336C0003X|333600000X,tier_1_primary_pharmacy,Y,Y,
1528513595,BAY STREET PHARMACY INC,7746 BAY ST,,SEBASTIAN,FL,329583427,7725892043,PRES,333600000X|3336L0003X,tier_1_primary_pharmacy,Y,Y,
1487109286,PUBLIX SUPER MARKETS INC,15750 SW 72ND ST,,MIAMI,FL,331935060,3053886629,VP PHARMACY,333600000X|3336C0003X,tier_1_primary_pharmacy,Y,N,PUBLIX
1811442502,AGIOS CORP,1314 S BAY ST,,EUSTIS,FL,327265551,3523576699,CEO,3336S0011X|3336C0004X|3336H0001X|3336C0003X,tier_1_primary_pharmacy,Y,Y,
1558816231,NEW LIFE PHARMACY INC,22149 S DIXIE HWY,,MIAMI,FL,331702840,3059607176,PHARMACY MANAGER,333600000X|3336C0003X,tier_1_primary_pharmacy,Y,Y,
1336694926,U & J HEALTHCARE LLC,6308 N FLORIDA AVE,,TAMPA,FL,336046628,7725391969,MANAGING PARTNER/OWNER/AO,333600000X|3336C0003X,tier_1_primary_pharmacy,Y,Y,
1689129173,"PLAZA PHARMACY,LLC",3094 CURRY FORD RD,,ORLANDO,FL,328063376,4077513333,PHARMACY MANAGER,3336C0003X,tier_1_primary_pharmacy,Y,Y,
1548716061,GNAMS LLC,6102 S MACDILL AVE STE B,,TAMPA,FL,336114779,8135707194,OWNER/AO,333600000X|3336C0003X,tier_1_primary_pharmacy,Y,Y,
1558817783,PLAMYRA PHARMACY LLC,4817 E BUSCH BLVD,,TAMPA,FL,33617,3522133815,MANAGER,333600000X,tier_1_primary_pharmacy,Y,Y,
1902352958,"GORDIUM RX, LLC",4723 W ATLANTIC AVE STE 2,,DELRAY BEACH,FL,334453865,5615620674,PHYSICIANS ASSISTANT,3336C0003X,tier_1_primary_pharmacy,Y,Y,
1730636382,SOLEO HEALTH INC,474 NORTHLAKE BLVD,SUITE 1016,ALTAMONTE SPRINGS,FL,327015245,4076701230,CEO,333600000X|3336C0003X|3336S0011X|3336H0001X,tier_1_primary_pharmacy,Y,Y,
1225584824,PUBLIX SUPER MARKETS INC,11782 E DR. MLK JR. BLVD,,SEFFNER,FL,33584,8136430016,VP PHARMACY,333600000X|3336C0003X,tier_1_primary_pharmacy,Y,N,PUBLIX
1467908087,PUBLIX SUPER MARKETS INC,11460 S US HIGHWAY 301,,RIVERVIEW,FL,33569,8136719551,VP PHARMACY,333600000X|3336C0003X,tier_1_primary_pharmacy,Y,N,PUBLIX
1831645431,PUBLIX SUPER MARKETS INC,13550 IMMOKALEE RD,,NAPLES,FL,34120,2394551684,VP PHARMACY,333600000X|3336C0003X,tier_1_primary_pharmacy,Y,N,PUBLIX
1528515905,ST PHILOPATER LLC,1015 STATE ROAD 436 STE 117,,CASSELBERRY,FL,327075756,4076365444,MGR,333600000X|3336C0003X,tier_1_primary_pharmacy,Y,Y,
1083161160,KACHEEZ PHARMACY LLC,122 W MOWRY DR,,HOMESTEAD,FL,330305904,3052476006,PHARMACY MANAGER,333600000X|3336C0003X,tier_1_primary_pharmacy,Y,Y,
1750838041,NORTHWEST FAMILY HEALTH CENTER,5844 N ORANGE BLOSSOM TRL,,ORLANDO,FL,328101025,4076021100,PRESIDENT & CEO,3336C0002X,tier_2_secondary_pharmacy,N,Y,
1477000693,MED AND Z INVESTMENT LLC,8207 N FLORIDA AVE,,TAMPA,FL,336043003,8135495599,OWNER/MANAGER,3336C0003X,tier_1_primary_pharmacy,Y,Y,
1750838967,TAQUECHEL PHARMACY LLC,18145 BISCAYNE BLVD,,AVENTURA,FL,331602535,7864311800,PHARMACIST IN CHARGE,333600000X|3336C0003X,tier_1_primary_pharmacy,Y,Y,
1609323732,"ORLANDO HEALTH, INC",2352 BRUCE B DOWNS BLVD,SUITE 103,WESLEY CHAPEL,FL,335449203,8137513377,SENIOR DIRECTOR OF AMBULATORY PHARM,333600000X|3336S0011X|3336C0003X,tier_1_primary_pharmacy,Y,Y,
1326595307,PHARMA LLC,3023 US HIGHWAY 27 N,,SEBRING,FL,338701630,8636582417,OWNER,333600000X|3336L0003X,tier_1_primary_pharmacy,Y,Y,
1700333689,"PMR LA HOLDING, LLC",1395 NW 167TH ST,,MIAMI GARDENS,FL,331695710,3056286117,AUTHORIZED OFFICIAL,333600000X,tier_2_secondary_pharmacy,N,Y,
1629525530,INTEGRA NETWORK CORP,2661 W ATLANTIC BLVD,,POMPANO BEACH,FL,330692507,9549176813,PRESIDENT,333600000X|3336M0002X,tier_1_primary_pharmacy,Y,Y,
1891242798,EZ RX BONITA SPRINGS LLC,13141 MCGREGOR BLVD STE 7,,FORT MYERS,FL,339195926,2393015058,MANAGER,333600000X|3336L0003X|3336S0011X|3336C0003X,tier_1_primary_pharmacy,Y,Y,
1700333606,EZ RX BOYNTON BEACH LLC,190 GLADES RD STE A,,BOCA RATON,FL,334321642,5613362617,OWNER,333600000X,tier_1_primary_pharmacy,Y,Y,
1619424512,EZ RX HALLANDALE LLC,1550 W 84TH ST,#62,HIALEAH,FL,330143379,7867035670,OWNER,3336C0003X|3336C0004X|333600000X,tier_1_primary_pharmacy,Y,Y,
1730636424,THE RIGHT PHARMACY INC,515 E LAS OLAS BLVD,SUITE 120,FT LAUDERDALE,FL,333012296,4042687447,PHARMACIST,3336C0003X,tier_1_primary_pharmacy,Y,Y,
1437607009,PUBLIX SUPER MARKETS INC,4042 S SEMORAN BLVD,,ORLANDO,FL,328224062,4072774103,VP PHARMACY,333600000X|3336C0003X,tier_1_primary_pharmacy,Y,N,PUBLIX
1518415827,USRX PHARMACY LLC,11121 HEALTH PARK BLVD STE 700,,NAPLES,FL,341105740,2392168000,OWNER,3336C0003X,tier_1_primary_pharmacy,Y,Y,
1104375971,"TROX PHARMACY, LLC",14965 OLD SAINT AUGUSTINE RD,SUITE 108,JACKSONVILLE,FL,322589480,9045008769,PHARMACY MANAGER/OWNER,3336C0003X,tier_1_primary_pharmacy,Y,Y,
1659820447,COASTLINE PHARMACY LLC,2107 S US HIGHWAY 1,,JUPITER,FL,33477,8667581957,MANAGING MEMBER,333600000X|3336C0003X,tier_1_primary_pharmacy,Y,Y,
1013466440,PUBLIX SUPER MARKETS INC,1100 E CERVANTES ST,,PENSACOLA,FL,325013332,8504385984,VP PHARMACY,333600000X|3336C0003X,tier_1_primary_pharmacy,Y,N,PUBLIX
1598214702,POTTER'S HAND LLC,2180 E COUNTY ROAD 540A,,LAKELAND,FL,338133740,8639375424,PHARMACY MANAGER,333600000X|3336C0003X,tier_1_primary_pharmacy,Y,Y,
1922557982,PHARMA BUDDIES CORP,1727 ORLANDO CENTRAL PKWY,,ORLANDO,FL,328095732,4078221121,PRESIDENT,333600000X|3336C0003X|3336S0011X,tier_1_primary_pharmacy,Y,Y,
1962951996,COLLIER HEALTH SERVICES INC.,12655 COLLIER BLVD,,NAPLES,FL,341164005,2396583000,CFO,3336C0003X,tier_1_primary_pharmacy,Y,Y,
1437608346,WALGREENS,3851 4TH ST N,,SAINT PETERSBURG,FL,337036114,8139574506,PHARMACIST,3336C0003X,tier_1_primary_pharmacy,Y,N,WALGREENS
1861942740,EXTRA CARE CITY PHARMACY LLC,1620 DANIELS RD STE 130,,WINTER GARDEN,FL,347875604,4078909241,PHARMACY MANAGER,333600000X|3336C0003X,tier_1_primary_pharmacy,Y,Y,
1538619325,PUBLIX SUPER MARKETS INC,2824 US HIGHWAY 27 S STE 107,,SEBRING,FL,338705050,8633148774,VP PHARMACY,333600000X|3336C0003X,tier_1_primary_pharmacy,Y,N,PUBLIX
1215487004,PUBLIX SUPER MARKETS INC,6901 TAFT ST,,HOLLYWOOD,FL,330243801,9549612083,VP PHARMACY,333600000X|3336C0003X,tier_1_primary_pharmacy,Y,N,PUBLIX
1659821437,"ARRIVA MEDICAL, LLC",310 EAGLES LANDING DR,,LAKELAND,FL,338102999,8663364103,OPERATIONS VP,333600000X|3336C0003X,tier_1_primary_pharmacy,Y,Y,
1396295184,PUBLIX SUPER MARKETS INC,10496 ROOSEVELT BLVD N,,SAINT PETERSBURG,FL,337163820,7275765865,VP PHARMACY,333600000X|3336C0003X,tier_1_primary_pharmacy,Y,N,PUBLIX
1225588023,PUBLIX SUPER MARKETS INC,5295 34TH ST S,,SAINT PETERSBURG,FL,337114517,7278640096,VP PHARMACY,333600000X|3336C0003X,tier_1_primary_pharmacy,Y,N,PUBLIX
1508316043,SBC HEALTH INC,8166 JAMESTOWN DR,CARLTON ARMS,WINTER HAVEN,FL,338844813,3216663334,PRESIDENT,3336C0003X,tier_1_primary_pharmacy,Y,Y,
1598215675,TRISTAR DISCOUNT PHARMACY LLC,1502 N SEMORAN BLVD STE 154,,ORLANDO,FL,328073545,4074403436,PIC MEMBER,333600000X|3336C0003X,tier_1_primary_pharmacy,Y,Y,
1114477122,BENECARD CENTRAL FILL OF FL LLC,27090 BAY LANDING DR,,BONITA SPRINGS,FL,341354330,8889070090,PRESIDENT,333600000X|3336C0003X|3336S0011X|3336M0002X,tier_1_primary_pharmacy,Y,Y,
1528518651,PUBLIX SUPER MARKETS INC,12024 ANDERSON RD,,TAMPA,FL,336255682,8132644467,VP PHARMACY,333600000X|3336C0003X,tier_1_primary_pharmacy,Y,N,PUBLIX
1033660964,APNAR PHARMACY & SUPERMARKET INC.,3095 S MILITARY TRL STE 7,,LAKE WORTH,FL,334632108,5615085126,PRESIDENT,3336C0003X,tier_1_primary_pharmacy,Y,Y,
1164973004,FOUNTAIN PHARMACY INC,1331 W BROADWAY ST,,OVIEDO,FL,327658103,7133971544,DIRECTOR,3336C0003X,tier_1_primary_pharmacy,Y,Y,
1609327451,PUBLIX SUPER MARKETS INC,5052 N US HIGHWAY 41,,APOLLO BEACH,FL,335723504,8136412398,VP PHARMACY,3336C0003X|333600000X,tier_1_primary_pharmacy,Y,N,PUBLIX
1801347190,SEFFNER HEALTH PHARMACY LLC,10907 E US HIGHWAY 92 STE D,,SEFFNER,FL,335843231,8134058900,OWNER/PHARMACIST,3336C0003X|333600000X,tier_1_primary_pharmacy,Y,Y,
1659822799,ORLANDO HEALTH INC,7243 DELLA DR STE F,,ORLANDO,FL,328195106,3218420010,"CORPORATE MANAGER,RETAIL PHARMACY",333600000X|3336C0003X,tier_1_primary_pharmacy,Y,Y,
1275085243,CHEEK & SCOTT DRUGS INC,1150 US HIGHWAY 41 NW STE 13,,JASPER,FL,320525889,3866380101,CHIEF EXECUTIVE OFFICER,333600000X|3336C0003X,tier_1_primary_pharmacy,Y,Y,
1740732635,HEALTHCITE LLC,4500 W MIDWAY RD STE 105,,FORT PIERCE,FL,349814823,7727422886,OWNER,3336L0003X|3336C0003X,tier_1_primary_pharmacy,Y,Y,
1912459645,PUBLIX SUPER MARKETS INC,725 1ST AVE S,,SAINT PETERSBURG,FL,337014100,7278221057,VP PHARMACY,333600000X|3336C0003X,tier_1_primary_pharmacy,Y,N,PUBLIX
1225580921,PUBLIX SUPER MARKETS INC,203 NW 13TH ST,,GAINESVILLE,FL,326015698,3523397474,VP PHARMACY,333600000X|3336C0003X,tier_1_primary_pharmacy,Y,N,PUBLIX
1760934384,SHUBHOM PHARMACY LLC,1214 E VENICE AVE STE C,,VENICE,FL,342857165,9417734460,PHARMACY MANAGER,333600000X|3336C0004X|3336L0003X|3336C0003X,tier_1_primary_pharmacy,Y,Y,
1437601861,"BEST CARE PHARMACY, INC.",2657 NW 20TH ST,,MIAMI,FL,331427105,3058560070,PRESIDENT,3336M0002X|333600000X,tier_1_primary_pharmacy,Y,Y,
1699227025,ORANGE PARK PHARMACY INC,1992 KINGSLEY AVE,SUITE B,ORANGE PARK,FL,320734442,9045793027,PHARMACY MANAGER/OWNER,333600000X|3336L0003X,tier_1_primary_pharmacy,Y,Y,
1356893507,RXCOMPOUNDSTORE.COM LLC,111 SW 3RD ST STE 302,,MIAMI,FL,33130,8447933879,OWNER,3336C0004X,tier_1_primary_pharmacy,Y,Y,
1386196616,K & M DRUGS SOLIVITA INC,395 VILLAGE DR STE C,,POINCIANA,FL,347594012,8634967927,PRESIDENT/OWNER/RPH,333600000X|3336C0003X,tier_1_primary_pharmacy,Y,Y,
1386186443,DAVIE PILL BOX LLC,7701 NOVA DR,,DAVIE,FL,333245833,9544757455,OWNER/PHARMACIST/MANAGER,333600000X|3336C0003X,tier_1_primary_pharmacy,Y,Y,
1043752173,"BAYCARE URGENT CARE, LLC",17512 DONA MICHELLE DR,SUITE 5,TAMPA,FL,336473265,8135333494,"VP, PFS",3336C0003X,tier_1_primary_pharmacy,Y,Y,
1366984494,"BAYCARE URGENT CARE, LLC",6455 GULF BLVD,,ST PETE BEACH,FL,337062140,7272201133,VP,3336C0003X,tier_1_primary_pharmacy,Y,Y,
1477095685,SERVICE PRO PHARMACY LLC,4880 WOODBINE RD,,PACE,FL,325718762,8509959999,PRESIDENT,3336C0003X,tier_1_primary_pharmacy,Y,Y,
1487196440,"BAYCARE URGENT CARE, LLC",36245 HWY 27,,HAINES CITY,FL,338443744,8638669933,"VP, PFS",3336C0003X,tier_1_primary_pharmacy,Y,Y,
1700328473,TU SALUD PHARMACY INC,1255 W 46 ST,SUITE #5,HIALEAH,FL,33012,7863594283,PRESIDENT,3336C0003X|333600000X,tier_1_primary_pharmacy,Y,Y,
1235671777,PUBLIX SUPER MARKETS INC,586 US 27 N,,LAKE PLACID,FL,338529508,8636992182,VP PHARMACY,333600000X|3336C0003X,tier_1_primary_pharmacy,Y,N,PUBLIX
1932641446,WEST FLORIDA HEALTH HOME INFUSION LLC,11461 N US HIGHWAY 301,STE 105,THONOTOSASSA,FL,335923541,8138034024,PRESIDENT WEST FLORIDA HEALTH,3336H0001X,tier_1_primary_pharmacy,Y,Y,
1780126250,OMNI CARE PHARMACY LLC,4432 HENDRICKS AVE,,JACKSONVILLE,FL,322076326,9044230123,PHARMACIST IN CHARGE,333600000X|3336C0003X,tier_1_primary_pharmacy,Y,Y,
1700329059,CAMILLUS HEALTH CONCERN,336 NW 5TH ST,,MIAMI,FL,331281616,3055774840,DIRECTOR OF PHARMACY,3336C0003X|3336C0002X,tier_1_primary_pharmacy,Y,Y,
1811430945,BOOTS LLC,450 NE 125TH ST,,NORTH MIAMI,FL,331614754,3056771221,CFO,3336L0003X,tier_1_primary_pharmacy,Y,Y,
1588107528,SUNRISE PHARMACY OF KISSIMMEE LLC,4543 PLEASANT HILL RD STE D,,KISSIMMEE,FL,347593406,4073434434,MEMBER/MANAGER,3336C0003X,tier_1_primary_pharmacy,Y,Y,
1588107411,"APOLLO CARE PHARMACY ,LLC",4061 W OAK RIDGE RD,,ORLANDO,FL,328093604,3528705521,PRESIDENT,3336C0003X,tier_1_primary_pharmacy,Y,Y,
1871036566,PUBLIX SUPER MARKETS INC,949 E BLOOMINGDALE AVE,,BRANDON,FL,335118118,8134133150,VP PHARMACY,333600000X|3336C0003X,tier_1_primary_pharmacy,Y,N,PUBLIX
1265975957,FLORIDA HEALTH SCIENCES CENTER INC,10740 PALM RIVER RD,SUITE 120,TAMPA,FL,336194572,8136606500,DIRECTOR,333600000X|3336C0003X,tier_1_primary_pharmacy,Y,Y,
1609319367,VAIDEHI INC,1509 S BABCOCK ST,,MELBOURNE,FL,329013033,3215865500,MANAGER,3336C0004X|3336C0003X|333600000X,tier_1_primary_pharmacy,Y,Y,
1932642543,ADVANCE CARE RX LLC,7016 US 301 N,,ELLENTON,FL,342223030,4072712138,OWNER/STAFF PHARMACIST,333600000X|3336C0003X,tier_1_primary_pharmacy,Y,Y,
1598208969,P&M PHARMACY LLC,7753 LAKE WORTH RD,,LAKE WORTH,FL,334672536,5616608650,OWNER/AO,333600000X|3336C0004X|3336C0003X,tier_1_primary_pharmacy,Y,Y,
1245774694,FLORIDA HEALTH CARE PLAN INC,473 S NOVA RD,,ORMOND BEACH,FL,321748445,3864816145,CMO,333600000X|3336M0003X,tier_1_primary_pharmacy,Y,Y,
1770027187,TLC RECOVERY CENTER OF SOUTH FLORIDA,2901 W CYPRESS CREEK RD STE 123,,FORT LAUDERDALE,FL,333091732,9549157444,CEO,333600000X,tier_1_primary_pharmacy,Y,Y,
1558805119,PUBLIX SUPER MARKETS INC,8301 CHAMPIONS GATE BLVD,,CHAMPIONS GATE,FL,338968389,4076060028,VP PHARMACY,3336C0003X|333600000X,tier_1_primary_pharmacy,Y,N,PUBLIX
1881138469,"PHARMACY AT ABACOA, INC.",1155 MAIN ST STE 109,,JUPITER,FL,334585264,5616303770,OWNER,333600000X|3336C0003X,tier_1_primary_pharmacy,Y,Y,
1871037333,"NIGHT OWL PHARMACY, INC.",811 E HIBISCUS BLVD,,MELBOURNE,FL,329013219,3219144909,PRESIDENT,3336C0003X|3336C0004X|333600000X,tier_1_primary_pharmacy,Y,Y,
1194260661,CARE RITE PHARMACY LLC,4721 HIGHWAY 90,,MARIANNA,FL,324466820,8503812150,PHARMACY MANAGER/OWNER,333600000X|3336C0003X,tier_1_primary_pharmacy,Y,Y,
1134664527,"CHOICE MEDS USA, INC.",1857 PROVIDENCE BLVD,,DELTONA,FL,327253811,3862221173,FOUNDER & CEO,3336C0003X|333600000X,tier_1_primary_pharmacy,Y,Y,
1659816007,"CHOICE MEDS USA, INC.",265 W HIGHWAY 50,,CLERMONT,FL,347113027,3523536909,FOUNDER & CEO,3336C0003X|333600000X,tier_1_primary_pharmacy,Y,Y,
1487199394,AVENTUS PHARMACY LLC,10323 CROSS CREEK BLVD STE B,,TAMPA,FL,336472988,3212625938,OWNER,333600000X|3336C0003X,tier_1_primary_pharmacy,Y,Y,
1043756695,SULLIVAN PHARMACY SERVICES INC.,6555 NW 9TH AVE,STE 208,FORT LAUDERDALE,FL,333092067,9547712091,CFO,3336C0003X,tier_1_primary_pharmacy,Y,Y,
1922544535,HPCS LLC,7066 N CHURCH AVE,,MULBERRY,FL,338602085,8633982351,OWNER/PHARMACY MANAGER,3336C0003X,tier_1_primary_pharmacy,Y,Y,
1629514864,ST. THOMAS PHARMACY LLC,7200 RIDGE RD STE 106,,PORT RICHEY,FL,346686971,7273124888,OWNER,3336C0003X,tier_1_primary_pharmacy,Y,Y,
1255877312,SUBHAM HEALTHCARE LLC,105 15TH ST SE,,STEINHATCHEE,FL,323593101,3524980680,MANAGER/OWNER,3336C0003X,tier_1_primary_pharmacy,Y,Y,
1891231965,ALL MED PHARMCY,1044 SE PORT ST LUCIE BLVD,,PORT ST LUCIE,FL,349525377,7724005877,OWNER,3336C0003X,tier_1_primary_pharmacy,Y,Y,
1558807495,DELIVRXD LLC,4801 GEORGE RD STE 140,,TAMPA,FL,336346297,8139326266,CEO,333600000X|3336C0003X,tier_1_primary_pharmacy,Y,Y,
1316483258,MAILMYPRESCRIPTIONS COM PHARMACY CORPORATION,951 CLINT MOORE RD,,BOCA RATON,FL,334872804,8009649654,CEO,3336C0003X|3336M0002X,tier_1_primary_pharmacy,Y,Y,
1700323458,COMMUNITY HEALTH AND WELLNESS CENTER OF MIAMI,7237 CORAL WAY,,MIAMI,FL,331551401,3052696783,BILLING OFFICER,3336C0002X,tier_2_secondary_pharmacy,N,Y,
1346787082,THE PRESCRITPTION PLACE INC,110 E BROWARD BLVD,SUITE 1736,FT LAUDERDALE,FL,333013503,9543147689,MANAGER,3336C0003X,tier_1_primary_pharmacy,Y,Y,
1326585035,UNIVV II INC,700 LEELAND HEIGHTS BLVD W STE 100,SUITE-100,LEHIGH ACRES,FL,339366662,2394912909,OWNER,333600000X|3336C0003X,tier_1_primary_pharmacy,Y,Y,
1255878823,PUBLIX SUPER MARKETS INC,5656 S FLAMINGO RD,,COOPER CITY,FL,333303236,9549913286,VP PHARMACY,333600000X|3336C0003X,tier_1_primary_pharmacy,Y,N,PUBLIX
1881131316,E&M FLORIDA ENTERPRISES LLC,2440 LAND O LAKES BLVD,,LAND O LAKES,FL,346394907,8138436687,PHARMACIST,333600000X,tier_1_primary_pharmacy,Y,Y,
1275070716,JAHD INC,8620 S TAMIAMI TRL STE N-P,,SARASOTA,FL,342383049,9412184090,PHARMACIST IN CHARGE/PRESIDENT,333600000X|3336C0004X|3336C0003X,tier_1_primary_pharmacy,Y,Y,
1093252082,SAINT THOMAS COMPOUNDING LLC,36511 US HIGHWAY 19 N,,PALM HARBOR,FL,346841340,8442887889,ADMINISTRATOR,333600000X|3336C0003X,tier_1_primary_pharmacy,Y,Y,
1588101356,"COASSIST PHARMACY, LLC",2400 SAND LAKE ROAD,SUITE 200,ORLANDO,FL,32809,8553822533,"VP, PHARMACY",3336C0003X,tier_1_primary_pharmacy,Y,Y,
1225575020,MILLENNIUM SPECIALTY PHARMACY LLC,110 S ORLANDO AVE STE 5,,WINTER PARK,FL,327893656,4076161327,PHARMACIST/OWNER,3336C0004X|3336C0003X|333600000X,tier_1_primary_pharmacy,Y,Y,
1598203903,COVENANT VENTURES INC.,1907 SE 58TH AVE,,OCALA,FL,344805847,3526942830,PRESIDENT,333600000X,tier_1_primary_pharmacy,Y,Y,
1497293641,MAAHI LLC,417 TAMIAMI TRL S,,VENICE,FL,342852600,9417869181,OWNER,333600000X|3336L0003X,tier_1_primary_pharmacy,Y,Y,
1215475330,HEALTHY OUTCOMES INC,1167 E TENNESSEE ST,,TALLAHASSEE,FL,323086913,8505771890,PRESIDENT,333600000X|3336C0003X,tier_1_primary_pharmacy,Y,Y,
1134667249,"CARLOS J FINLAY PHARMACY, INC",10081 PINES BLVD,SUITE B,PEMBROKE PINES,FL,330246184,9542511175,OWNER,3336C0002X,tier_1_primary_pharmacy,Y,Y,
1124566120,PHARMA BUDDIES CORP,1727 ORLANDO CENTRAL PKWY,,ORLANDO,FL,328095732,8775927988,PRESIDENT,333600000X|3336S0011X|3336M0002X,tier_1_primary_pharmacy,Y,Y,
1962940858,"YOUR HEALTH COMPOUNDING PHARMACY, LLC",1000 E ATLANTIC BLVD,#110,POMPANO BEACH,FL,330607479,9543666519,OWNER,333600000X,tier_1_primary_pharmacy,Y,Y,
1518406487,A. LILIKO'I PHARMACY,2232 UNIVERSITY SQUARE MALL,,TAMPA,FL,33612,8083128738,OWNER,3336C0002X|3336C0003X|3336S0011X,tier_1_primary_pharmacy,Y,Y,
1255870127,BENAK INCORPORATED,3209 N 22ND ST,,TAMPA,FL,336051937,8132317788,"OWNER, PHARMACY MANAGER,PIC,AO",3336I0012X|333600000X|3336L0003X,tier_1_primary_pharmacy,Y,Y,
1295274066,CLOSED DOOR PHARMACY INC,1065 NE 125TH ST STE 207,,NORTH MIAMI,FL,331615832,7863470365,CEO/PRESIDENT,333600000X|3336L0003X,tier_1_primary_pharmacy,Y,Y,
1063951515,PUBLIX SUPER MARKETS INC,13121 PAUL J. DOHERTY PKWY,,FORT MYERS,FL,33913,2393407735,VP PHARMACY,333600000X|3336C0003X,tier_1_primary_pharmacy,Y,N,PUBLIX
1861931198,"HOLMES REGIONAL MEDICAL CENTER, INC.",8725 N WICKHAM RD,SUITE 102,MELBOURNE,FL,329402239,3214347355,EVP/CFO,3336C0003X,tier_1_primary_pharmacy,Y,Y,
1861931156,SNS HEALTHCARE LLC,3420 TAMPA RD,,PALM HARBOR,FL,346843530,7276418224,PHARMACIST,333600000X|3336C0003X,tier_1_primary_pharmacy,Y,Y,
1598204547,CRAWFORDVILLE PHARMACY INC,2650 CRAWFORDVILLE HWY,SUITE 1,CRAWFORDVILLE,FL,32327,3528749878,AO,333600000X|3336C0003X,tier_1_primary_pharmacy,Y,Y,
1710426705,"PUBLIX SUPER MARKETS, INC.",3941 TAMIAMI TRL UNIT 3145,,PUNTA GORDA,FL,339507927,8636881188,VP PHARMACY,333600000X|3336C0003X,tier_1_primary_pharmacy,Y,N,PUBLIX
1487193496,SMP PHARMACY SOLUTIONS LLC,6050 S DIXIE HWY,,SOUTH MIAMI,FL,331435042,7863611111,DATA & COMPLIANCE COORDINATOR,333600000X|3336S0011X,tier_1_primary_pharmacy,Y,Y,
1801335807,"PUBLIX SUPER MARKETS, INC.",13031 WALSINGHAM RD,,LARGO,FL,337743514,7273733973,VP PHARMACY,333600000X|3336C0003X,tier_1_primary_pharmacy,Y,N,PUBLIX
1720528623,FLORIDA ALL MEDICAL,100 N STATE ROAD 7,SUITE 104,MARGATE,FL,330634520,9545324122,PRESIDENT,333600000X,tier_2_secondary_pharmacy,N,Y,
1649710534,GULF COAST PHARMACY INC,6631 ORION DR,SUITE 112,FORT MYERS,FL,339124333,2396907700,"PHARMD, OWNER",333600000X|3336S0011X,tier_1_primary_pharmacy,Y,Y,
1821538505,SOUTH BROWARD HOSPITAL DISTRICT,9571 PREMIER PKWY,,MIRAMAR,FL,330253206,9542766779,INTERIM CHIEF FINANCIAL OFFICER,3336C0003X|3336S0011X,tier_1_primary_pharmacy,Y,Y,
1669912184,WE ARE ONE MEDICAL GROUP INC.,3169 CARTHAGE CT,,ORLANDO,FL,328379032,3054953830,CHIEF EXECUTIVE OFFICER,3336M0003X,tier_2_secondary_pharmacy,N,Y,
1265972608,"UNITY CARE RX, LLC",6085 LAKE WORTH RD,,GREENACRES,FL,334634288,7542645698,MANAGING MEMBER,3336C0003X,tier_1_primary_pharmacy,Y,Y,
1215477419,"BEAR LAKE PHARMACY, LLC",3840 E SEMORAN BLVD,SUITE 1048,APOPKA,FL,327036197,4078484442,OWNER,3336C0003X,tier_1_primary_pharmacy,Y,Y,
1942740139,TALLAHASSEE CANCER INSTITUTE PL,1653 MAHAN CENTER BLVD,SUITE A,TALLAHASSEE,FL,323085454,8507275502,MD,3336C0003X|333600000X,tier_1_primary_pharmacy,Y,Y,
1407397524,"WISDOM PHARMACY,LLC",4123 W HILLSBOROUGH AVE,SUITE C,TAMPA,FL,33614,7279357039,OWNER,333600000X|3336C0003X,tier_1_primary_pharmacy,Y,Y,
1336680412,COUNTRYSIDE PHARMACY,2196 MAIN ST STE A,,DUNEDIN,FL,346985650,7276482680,MANAGER,333600000X|3336C0003X,tier_1_primary_pharmacy,Y,Y,
1750822664,"PUBLIX SUPER MARKETS, INC.",5400 HAMLIN GROVES TRAIL,,WINTER GARDEN,FL,34787,8636881188,VP PHARMACY,333600000X|3336C0003X,tier_1_primary_pharmacy,Y,N,PUBLIX
1841731726,PROGRESS PHARMACY INC,8170 OKEECHOBEE BLVD,SUITE 5,WEST PALM BEACH,FL,33411,5613014220,OWNER,3336C0003X,tier_1_primary_pharmacy,Y,Y,
1316488281,BREVARD PHARMACY LLC,6250 N US HIGHWAY 1,,COCOA,FL,329274926,3213056975,OWNER,333600000X|3336C0004X|3336L0003X|3336C0003X,tier_1_primary_pharmacy,Y,Y,
1205377173,"PREMIER COMPOUNDING PHARMACY, INC.",2000 PGA BLVD.,SUITE 5507,PALM BEACH GARDENS,FL,33408,8885078621,PRESIDENT/CEO/OWNER,333600000X|3336L0003X,tier_1_primary_pharmacy,Y,Y,
1538600424,CAN COMMUNITY HEALTH INC.,4615 PHILIPS HWY,SUITE 3,JACKSONVILLE,FL,322079506,8443706204,CHIEF PHARMACY OFFICER,333600000X|3336C0003X,tier_1_primary_pharmacy,Y,Y,
1912448895,CAN COMMUNITY HEALTH INC.,2349 SUNSET POINT RD,SUITE 404,CLEARWATER,FL,337651456,8443706204,CHIEF PHARMACY OFFICER,333600000X|3336C0003X,tier_1_primary_pharmacy,Y,Y,
1861933004,GONZALEZ PHARMACY SERVICES,630 E 9TH ST,,HIALEAH,FL,330104502,3054472785,PHARM.D.,333600000X|3336C0003X,tier_1_primary_pharmacy,Y,Y,
1700327020,"SPRX, INC",3740 ST JOHNS BLUFF ROAD SOUTH,SUITE 21,JACKSONVILLE,FL,32224,9045753571,OWNER/COO,333600000X|3336C0004X|3336C0003X,tier_1_primary_pharmacy,Y,Y,
1790216950,BAPTIST PHARMACY DISCOUNT INC,7305 NW 36TH ST,,MIAMI,FL,331666704,7862121315,PRESIDENT,3336C0003X,tier_1_primary_pharmacy,Y,Y,
1497286132,FLORIDA HEALTH CARE PLAN INC,145 CITY PL STE 100,,PALM COAST,FL,321642480,3863020977,CMO,333600000X|3336M0003X,tier_1_primary_pharmacy,Y,Y,
1972035236,BROOKSVILLE PHARMACEUTICALS INC,16140 FLIGHT PATH DR,,BROOKSVILLE,FL,346046845,3528483446,PRESIDENT,3336C0003X,tier_1_primary_pharmacy,Y,Y,
1417489865,PHAROS MANAGEMENT GROUP,2640 BAYSHORE BLVD,,DUNEDIN,FL,346981801,7277549497,PHARMACY MANAGET,3336C0003X,tier_1_primary_pharmacy,Y,Y,
1336672427,A1 PHARMACY INC.,1169 HOMESTEAD RD N,,LEHIGH ACRES,FL,339366040,2394912649,PHARMACY MANAGER,333600000X|3336C0003X,tier_1_primary_pharmacy,Y,Y,
1730612243,SEBASTIAN PHARMACY LLC,15835 SHADDOCK DR STE 110,,WINTER GARDEN,FL,347875778,4072201263,PRESIDENT,3336C0003X,tier_1_primary_pharmacy,Y,Y,
1962936476,PUBLIX SUPER MARKETS INC,5580 WOODBINE RD,,PACE,FL,325718766,8508897028,VP PHARMACY,333600000X|3336C0003X,tier_1_primary_pharmacy,Y,N,PUBLIX
1629502141,GIRIRIAJ LLC,1322 STATE ROAD 60 E,,LAKE WALES,FL,338534322,8636760400,OWNER,333600000X,tier_1_primary_pharmacy,Y,Y,
1699209114,PUBLIX SUPER MARKETS INC,200 ISLAND WAY,,CLEARWATER,FL,337672228,7273733675,VP PHARMACY,333600000X|3336C0003X,tier_1_primary_pharmacy,Y,N,PUBLIX
1942734033,VCARE PHARMACY INC,2561 COUNTY ROAD 220 STE 308,,MIDDLEBURG,FL,320688518,9043758579,OWNER,333600000X|3336C0003X,tier_1_primary_pharmacy,Y,Y,
1326572165,"P&M PHARMACY, LLC",7753 LAKE WORTH RD,,LAKE WORTH,FL,334672536,5616608650,OWNER,333600000X|3336L0003X,tier_1_primary_pharmacy,Y,Y,
1528593522,PRIORITY HEALTHCARE CONSULTANTS,5311 SW 130TH AVE,,MIRAMAR,FL,330275406,8137658634,PHARMACIST,3336C0003X,tier_1_primary_pharmacy,Y,Y,
1831625136,OCEAN CHEMIST LLC,3535 GALT OCEAN DR STE 1N,,FORT LAUDERDALE,FL,333086833,9543292690,"PRESIDENT, OWNER, PIC",333600000X|3336C0003X,tier_1_primary_pharmacy,Y,Y,
1124554100,G&S PHARMACY LLC.,3232 W BROWARD BLVD,,FT LAUDERDALE,FL,333121113,5613086738,OWNER/ PRESIDENT,3336C0003X,tier_1_primary_pharmacy,Y,Y,
1730615766,WALDRUG LLC,3387 S JOG RD,,GREENACRES,FL,334672010,5614448399,OWNER,333600000X|3336C0003X,tier_1_primary_pharmacy,Y,Y,
1225564107,A PLUS PHARMACY & MEDICAL SUPPLY,1303 SE 17TH ST,SUITE D1,FORT LAUDERDALE,FL,333161722,9546870774,PHARMACIST IN CHARGE,3336S0011X|333600000X,tier_1_primary_pharmacy,Y,Y,
1497282263,FLORIDA A&M UNIVERSITY,872 W ORANGE AVE,,TALLAHASSEE,FL,323106123,8506068250,HIV RESIDENCY DIRECTOR,3336C0003X,tier_1_primary_pharmacy,Y,Y,
1285161083,EBENEZER CLINICAL PHARMACY LLC,4073 13TH ST,,SAINT CLOUD,FL,34769,4078919280,PHARMACIST/OWNER,333600000X|3336C0002X|3336C0003X,tier_1_primary_pharmacy,Y,Y,
1922535673,"PUBLIX SUPER MARKETS, INC.",3221 VINELAND RD,,KISSIMMEE,FL,347464907,8636881188,VP PHARMACY,333600000X|3336C0003X,tier_1_primary_pharmacy,Y,N,PUBLIX
1639606387,"PUBLIX SUPER MARKETS, INC.",2952 AVENTURA BLVD,,AVENTURA,FL,331803103,8636881188,VP PHARMACY,333600000X|3336C0003X,tier_1_primary_pharmacy,Y,N,PUBLIX
1629506365,SUPERIOR CARE PHARMACY LLC,765 CORTARO DR,,RUSKIN,FL,335736812,8135512999,OWNER,3336C0003X,tier_1_primary_pharmacy,Y,Y,
1275062259,JAYVI CAPITAL LLC,2455 US HIGHWAY 98 N,,LAKELAND,FL,338052418,5707805309,CEO/OWNER,3336C0003X,tier_1_primary_pharmacy,Y,Y,
1063941052,PUBLIX SUPER MARKETS INC,1355 N FERDON BLVD,,CRESTVIEW,FL,325361713,8506036187,VP PHARMACY,333600000X|3336C0003X,tier_1_primary_pharmacy,Y,N,PUBLIX
1730618554,RIGHTBACK LLC,6802 W HILLSBOROUGH AVE STE 12,,TAMPA,FL,336345004,8137657651,PHARMACIST,333600000X|3336L0003X|3336C0003X,tier_1_primary_pharmacy,Y,Y,
1376072132,SEMINOLE PHARMACY,31055 JOSIE BILLIE HIGHWAY,,CLEWISTON,FL,33440,8639831197,PHARMACY PROGRAM MANAGER,333600000X|3336C0002X,tier_2_secondary_pharmacy,N,Y,
1912436775,TAMPA SPECIALTY PHARMACY LLC,5908 BRECKENRIDGE PKWY,,TAMPA,FL,336104233,8136447277,OWNER,3336M0002X|333600000X,tier_1_primary_pharmacy,Y,Y,
1326577933,WINSHIPS PHARMACY INC,5643 SE CROOKED OAK AVE UNIT 1C,,HOBE SOUND,FL,334558319,7723248381,PHARMACIST/SECRETARY,3336C0003X,tier_1_primary_pharmacy,Y,Y,
1679093744,ZEPHYRHILLS COMMUNITY PHARMACY LLC,6242 GALL BLVD,,ZEPHYRHILLS,FL,335422505,8133956161,OWNER,333600000X|3336C0003X,tier_1_primary_pharmacy,Y,Y,
1205356086,"PACE PHARMACY, LLC",4880 WOODBINE RD,,PACE,FL,325718762,8504634232,OWNER,3336C0003X,tier_1_primary_pharmacy,Y,Y,
1417477084,"MEDICAL HOTSPOTS, INC",3850 NW 50TH STREET,SUITE B,TAMARAC,FL,33309,9547691746,C.E.O,333600000X,tier_1_primary_pharmacy,Y,Y,
1346760683,MARCO ISLAND PHARMACY 2 LLC,5475 GOLDEN GATE PKWY STE 5W,,NAPLES,FL,341167529,2393154823,MANAGER,333600000X|3336C0003X,tier_1_primary_pharmacy,Y,Y,
1427578731,"JTJ MEDICAL SUPPLY, INC.",2200 S MONROE ST,,TALLAHASSEE,FL,323016303,8009392022,SECRETARY,3336C0003X,tier_1_primary_pharmacy,Y,Y,
1417478561,ARIANA PHARMACY INC,1354 ARIANA ST,,LAKELAND,FL,338031817,8636033430,PHARMACY MANAGER,3336C0003X,tier_1_primary_pharmacy,Y,Y,
1528589439,"PUBLIX SUPER MARKETS, INC",1950 SAND LAKE RD BLDG 5,,ORLANDO,FL,328097632,8557978254,VP PHARMACY,333600000X|3336C0003X|3336S0011X,tier_1_primary_pharmacy,Y,N,PUBLIX
1003337783,"PUBLIX SUPER MARKETS, INC",1740 POLK ST,,HOLLYWOOD,FL,330204611,9549882117,VP PHARMACY,333600000X|3336C0003X,tier_1_primary_pharmacy,Y,N,PUBLIX
1649791328,"PUBLIX SUPER MARKETS, INC","443 W. CR 419, STE 1001",,OVEIDO,FL,32766,4076034112,VP PHARMACY,333600000X|3336C0003X,tier_1_primary_pharmacy,Y,N,PUBLIX
1538680111,JAYLEX PHARMACY LLC,5535 MEMORIAL HWY,,TAMPA,FL,336347332,8138899779,PHARMACIST,3336C0003X,tier_1_primary_pharmacy,Y,Y,
1093237000,SHRI AARNA RX LLC,3134 E HILLSBOROUGH AVE,,TAMPA,FL,336104528,8134444666,PHARMACIST MANAGER,333600000X|3336C0003X,tier_1_primary_pharmacy,Y,Y,
1245752013,VIVA PHARMACY LLC,114 S SEMORAN BLVD,,ORLANDO,FL,328073293,4079851816,PIC,333600000X|3336C0004X|3336C0003X,tier_1_primary_pharmacy,Y,Y,
1740702265,HEALTH FIRST INFUSION,10323 CROSS CREEK BLVD STE B,,TAMPA,FL,336472988,8004996579,OWNER,333600000X|3336C0003X|3336C0004X|3336H0001X,tier_1_primary_pharmacy,Y,Y,
1417470816,"OMRX,LLC",4603 OKEECHOBEE BLVD STE 118,,WEST PALM BEACH,FL,334174636,5612682552,PHARMACY MANAGER/OWNER,3336C0003X,tier_1_primary_pharmacy,Y,Y,
1881117109,SUMMIT VISION INC.,3416 MONCRIEF RD STE 101,,JACKSONVILLE,FL,322094340,9048616020,OWNER/CEO,3336C0003X,tier_1_primary_pharmacy,Y,Y,
1053834267,SPNN LLC,5429 LITTLE RD,,NEW PORT RICHEY,FL,34655,7175070888,OWNER,3336C0003X,tier_1_primary_pharmacy,Y,Y,
1366965360,G & R PHARMACY INC,946 E NORVELL BRYANT HWY,,HERNANDO,FL,344422826,3524198949,PRESIDENT,3336L0003X,tier_1_primary_pharmacy,Y,Y,
1902329840,"ELITE RETAIL PHARMACY, INC.",840 111TH AVE N STE 7,,NAPLES,FL,341081868,2396311173,PRESIDENT,3336C0003X,tier_1_primary_pharmacy,Y,Y,
1720501547,EXPRESS CARE PHARMACY LLC,777 SHOTGUN ROAD,,SUNRISE,FL,333261940,8003097246,OWNER/PHARMACIST,333600000X|3336C0003X,tier_1_primary_pharmacy,Y,Y,
1790208510,GPS PHARMACY-TAMPA LLC,2846 BROADWAY CENTER BLVD,,BRANDON,FL,33510,8665222822,PHARMACY MANAGER,3336L0003X,tier_1_primary_pharmacy,Y,Y,
1477076016,NP PHARMACY LLC,7644 PARK BLVD N,,PINELLAS PARK,FL,337813755,7276850268,OWNER,3336C0003X|333600000X,tier_1_primary_pharmacy,Y,Y,
1619490356,CLA PHARMACY GROUP LLC,5240 GOLDEN GATE PKWY,,NAPLES,FL,341167670,2392412864,OWNER,333600000X|3336C0003X,tier_1_primary_pharmacy,Y,Y,
1528582889,GLOBAL REACH RX PBF,10560 NW 27TH ST,,DORAL,FL,331725928,3057941375,MGR,333600000X,tier_1_primary_pharmacy,Y,Y,
1235653577,VIVA PHARMACY LLC,114 S SEMORAN BLVD,,ORLANDO,FL,328073293,4079851816,RPH,3336C0003X|333600000X,tier_1_primary_pharmacy,Y,Y,
1851815856,SHREE HARI PSM INC,4761 N CONGRESS AVE,,BOYNTON BEACH,FL,334267940,5616194461,PRESIDENT,3336C0003X|333600000X,tier_1_primary_pharmacy,Y,Y,
1770007486,MILLENIUM CLINIC PHARMACY INC,12914 SW 133RD CT STE B,,MIAMI,FL,331866585,7863015407,OWNER / PIC,3336C0002X|3336C0003X,tier_1_primary_pharmacy,Y,Y,
1639694334,PODS ON CALL,731 SHOTGUN RD,,SUNRISE,FL,333261938,9547566883,PHARMACIST IN CHARGE,333600000X,tier_1_primary_pharmacy,Y,Y,
1720503824,MEDLAB PHARMACY INC,7300 W MCNAB RD STE 112,,TAMARAC,FL,333215329,9544000560,PHARMACIST,333600000X|3336C0003X,tier_1_primary_pharmacy,Y,Y,
1619492691,WEST PALM BEACH PHARMACEUTICALS LLC,2601 S MILITARY TRL STE 25,,WEST PALM BEACH,FL,334157512,5616607869,MANAGER,3336C0003X,tier_1_primary_pharmacy,Y,Y,
1700301652,M & M FAMILY PHARMACY CORP,1535 W OKEECHOBEE RD,,HIALEAH,FL,330102833,7864094533,PRES,333600000X|3336C0003X,tier_1_primary_pharmacy,Y,Y,
1093230831,RX HEALTHCARE SYSTEM LLC,3755 S NOVA RD STE A,,PORT ORANGE,FL,321294282,3219466332,OWNER,3336C0003X,tier_1_primary_pharmacy,Y,Y,
1235655069,PHYSICIAN FAMILY PHARMACY,5869 LAKE WORTH RD,,GREENACRES,FL,334633209,5615011804,PRESIDENT,3336C0003X,tier_1_primary_pharmacy,Y,Y,
1487170148,"TRUST PHARMACY LTC ,LLC",36511 US HIGHWAY 19 N,,PALM HARBOR,FL,346841340,7277817400,PHARMACY MANAGER,3336L0003X,tier_1_primary_pharmacy,Y,Y,
1508382094,JAC PHARMACY CORP,17350 S DIXIE HWY,,PALMETTO BAY,FL,331574319,7868423196,SECRETARY,3336C0003X,tier_1_primary_pharmacy,Y,Y,
1891211256,BAYLIFE PHARMACY INC,1235 S MISSOURI AVE,,CLEARWATER,FL,337569111,7275815400,OWNER,3336L0003X,tier_1_primary_pharmacy,Y,Y,
1710403043,"KUSTOM WELLNESS, INC",4550 DONALD ROSS RD STE 113,,PALM BEACH GARDENS,FL,334185104,5614691558,PRESIDENT,333600000X,tier_1_primary_pharmacy,Y,Y,
1932625837,MATHEW MANAGEMENT II INC,3350 E BAY DR,,LARGO,FL,337711925,7276149933,PRESIDENT,3336L0003X,tier_1_primary_pharmacy,Y,Y,
1023535903,EMISWET E-Z LLC,4942 W STATE ROAD 46 STE 1014,,SANFORD,FL,327719245,4079157307,CEO/ MANAGING MEMBER,3336C0004X|3336L0003X|3336S0011X|3336C0003X,tier_1_primary_pharmacy,Y,Y,
1215454061,THE RED ALAMO PHARMACY CORP,2140 W FLAGLER ST STE 107,,MIAMI,FL,331351662,3056003378,OWNER,333600000X|3336C0003X,tier_1_primary_pharmacy,Y,Y,
1831616515,PEARL SHAH LLC,6399 38TH AVE N STE A5,,SAINT PETERSBURG,FL,337101651,7272019500,MGRM,3336L0003X,tier_1_primary_pharmacy,Y,Y,
1710404488,"CENTERWELL PHARMACY, INC.",3233 PALM AVE,,HIALEAH,FL,330125427,7867744980,VP,3336C0003X,tier_1_primary_pharmacy,Y,Y,
1972020386,SCRIPTS PHARMACY LLC,4910 34TH ST S,,SAINT PETERSBURG,FL,337114512,7278674900,MGRM,3336L0003X,tier_1_primary_pharmacy,Y,Y,
1013434265,"THREE OAKS PHARMACY, INC.",10347 BONITA BEACH RD SE UNIT 117,,BONITA SPRINGS,FL,341354817,9734616737,PRESIDENT,3336C0003X,tier_1_primary_pharmacy,Y,Y,
1366960346,I CARE PHARMACY LLC,34064 US HIGHWAY 19 N,,PALM HARBOR,FL,346842644,7273033672,"COMPLIANCE OFFICER,AO",333600000X|3336C0003X,tier_1_primary_pharmacy,Y,Y,
1396263299,PEBBLEBROOK INC,4861 GOLDEN GATE PKWY,,NAPLES,FL,341166953,2393313836,AUTHORIZED PERSON,3336C0003X,tier_1_primary_pharmacy,Y,Y,
1649798356,KABS OF TAMPA INC,2812 E BEARSS AVE,,TAMPA,FL,336132653,8138430224,VICE PRESIDENT,3336L0003X,tier_1_primary_pharmacy,Y,Y,
1548789605,POSITIVERX,1420 W WATERS AVE # 1,,TAMPA,FL,336042830,8447676337,PRESIDENT,333600000X|3336M0002X|3336S0011X|3336C0003X,tier_1_primary_pharmacy,Y,Y,
1780103481,ELLENTON DISCOUNT PHARMACY LLC,8324 US HIGHWAY 301 N,,PARRISH,FL,342198653,9414442233,PHARMACIST,333600000X|3336L0003X,tier_1_primary_pharmacy,Y,Y,
1922527415,AMERICA'S PHARMACY LLC.,3470 17TH ST,,SARASOTA,FL,342358906,9419557700,PHARMACIST MANAGER,3336L0003X,tier_1_primary_pharmacy,Y,Y,
1003335589,MARTNICKS PHARMACY SERVICES INC,6783B STIRLING RD,,DAVIE,FL,333147118,9545304598,PRESIDENT,3336L0003X,tier_1_primary_pharmacy,Y,Y,
1164931358,JS PHARMACY LLC,6416 RIDGE RD,,PORT RICHEY,FL,34668,7278472211,MANAGING MEMBER,3336L0003X,tier_1_primary_pharmacy,Y,Y,
1407365513,"MARTIN MEMORIAL PHYSICIAN CORPORATION, INC",10080 SW INNOVATION WAY STE 102,,PORT ST LUCIE,FL,349872129,7723458166,CHIEF ACCOUNTING OFFICER/CONTROLLER,3336C0003X,tier_1_primary_pharmacy,Y,Y,
1326557422,BAL PHARMACY INC,7300 W MCNAB RD STE 112,,TAMARAC,FL,333215329,9543666137,CEO,3336C0003X,tier_1_primary_pharmacy,Y,Y,
1285143925,PA GROUP INC,11618 US HWY 19,,PORT RICHEY,FL,34668,7278198200,PARTNER,3336C0003X,tier_1_primary_pharmacy,Y,Y,
1801306196,"PALM BEACH DRUG TESTING, LLC.",2809 POINSETTIA AVE,,WEST PALM BEACH,FL,334075426,5614699934,CEO  MNG MBR,3336C0002X,tier_2_secondary_pharmacy,N,Y,
1891205696,HEALTH MATTERS PHARMACY,5110 N 40TH ST,,TAMPA,FL,336105204,8138006337,PHARMACIST,3336C0003X,tier_1_primary_pharmacy,Y,Y,
1700396660,FLORIDA PAIN AND REHABILITATION ASSOCIATES INC,5365 W ATLANTIC AVE STE 504,,DELRAY BEACH,FL,334848194,5612419300,RCM MANAGER,3336C0002X,tier_2_secondary_pharmacy,N,Y,
1114437936,WINTER SPRINGS PHARMACY LLC,5942 RED BUG LAKE RD,,WINTER SPRINGS,FL,327085035,3213164615,PHARMACIST,3336L0003X,tier_1_primary_pharmacy,Y,Y,
1306356092,MARTNICKS PHARMACY & MEDICAL SUPPLY INC,1107 E HALLANDALE BEACH BLVD STE B,,HALLANDALE BEACH,FL,330094431,9545303024,CEO/PRESIDENT,3336L0003X,tier_1_primary_pharmacy,Y,Y,
1922518778,"LINK PHARMACY, INC.",7387 US HIGHWAY 98 N,,LAKELAND,FL,338092102,8635006463,PHARMACY MANAGER,3336C0003X,tier_1_primary_pharmacy,Y,Y,
1629589908,AV PHARMA LLC,1545 UNIVERSITY BLVD N STE C,,JACKSONVILLE,FL,322115229,9044400611,MEMBER MANAGER,3336C0004X,tier_1_primary_pharmacy,Y,Y,
1912418286,AV 1 PHARMA LLC,164 S US HIGHWAY 17 STE 10,,EAST PALATKA,FL,321314066,9045060060,AUTHORIZED OFFICIAL,3336L0003X|3336C0003X,tier_1_primary_pharmacy,Y,Y,
1821509191,HARHAR MAHADEV LLC,34650 US HIGHWAY 19 N STE 101,,PALM HARBOR,FL,346842155,7277872273,OWNER,3336L0003X,tier_1_primary_pharmacy,Y,Y,
1891206157,VERO PHARMACY INC,1635 14TH AVE,,VERO BEACH,FL,329600435,7725623660,OWNER/PIC,3336C0003X,tier_1_primary_pharmacy,Y,Y,
1750892683,PUBLIX SUPER MARKETS INC,8455 NW 53RD TER,,DORAL,FL,331664517,3053412041,VP PHARMACY,333600000X|3336C0003X,tier_1_primary_pharmacy,Y,N,PUBLIX
1639680242,GASTROENTEROLOGY ASSOCIATES OF PENSACOLA PA,4531 N DAVIS HWY STE B,,PENSACOLA,FL,325032770,8504754483,ADMINISTRATOR,3336C0003X,tier_1_primary_pharmacy,Y,Y,
1811408396,"BAYCARE URGENT CARE, LLC",400 1ST ST N,,WINTER HAVEN,FL,338814115,8632992420,"VP, PFS",3336C0003X,tier_1_primary_pharmacy,Y,Y,
1548772080,MAA ASHAPURA INC,10479 N FLORIDA AVE,,CITRUS SPRINGS,FL,344343268,3526156023,PHARMACY MANAGER,3336C0003X,tier_1_primary_pharmacy,Y,Y,
1902318231,PUBLIX SUPER MARKETS INC,1430 TIGER PARK LN,,GULF BREEZE,FL,325635718,8502036469,VP PHARMACY,333600000X|3336C0003X,tier_1_primary_pharmacy,Y,N,PUBLIX
1689186926,PUBLIX SUPER MARKETS INC,10450 PINES BLVD,,PEMBROKE PINES,FL,330266044,9549885332,VP PHARMACY,333600000X|3336C0003X,tier_1_primary_pharmacy,Y,N,PUBLIX
1427560630,AGV SPECIALTY PHARMACY,3774 W 12TH AVE,,HIALEAH,FL,330124126,7863345283,MGR,333600000X,tier_1_primary_pharmacy,Y,Y,
1891207007,PUBLIX SUPER MARKETS INC,12850 BISCAYNE BLVD,,NORTH MIAMI,FL,331812007,3059132276,VP PHARMACY,3336C0003X|333600000X,tier_1_primary_pharmacy,Y,N,PUBLIX
1073025193,IV STAT INC,533 EGLIN PKWY NE,,FORT WALTON BEACH,FL,325472829,8502268162,OWNER,3336C0003X|3336S0011X,tier_1_primary_pharmacy,Y,Y,
1427560564,PHARMACY CARE CENTER LLC,2081 W 76TH ST STE 102,,HIALEAH,FL,330161834,3058214337,PRESIDENT,3336L0003X,tier_1_primary_pharmacy,Y,Y,
1467964494,"FLORIDA HEALTH CARE PLAN, INC",200 SOUTHPARK BLVD STE 206,,ST AUGUSTINE,FL,320863129,9042953677,CMO,333600000X|3336M0003X,tier_1_primary_pharmacy,Y,Y,
1487166153,CRE8 PHARMACY GROUP,3700 NW 126TH AVENUE,,CORAL SPRINGS,FL,330652408,7545298353,CEO,3336C0003X,tier_1_primary_pharmacy,Y,Y,
1952814485,"CENTERWELL PHARMACY, INC.",692 N HOMESTEAD BLVD STE 104-105,,HOMESTEAD,FL,330306236,7864046810,VP,333600000X|3336C0003X,tier_1_primary_pharmacy,Y,Y,
1346753530,HOPKINS PHARMACY INC,4401 S HOPKINS AVE,,TITUSVILLE,FL,327806679,3216076802,OWNER,3336L0003X,tier_1_primary_pharmacy,Y,Y,
1902319981,HANSA PHARMACY LLC,1111 SE FEDERAL HWY STE 122,,STUART,FL,349943802,7726177684,OWNER,3336C0003X,tier_1_primary_pharmacy,Y,Y,
1821501545,ANGELS PHARMACY III LLC,7455 S US HIGHWAY 1,STE A,TITUSVILLE,FL,327808115,5513584242,"OWNER,  AO",333600000X|3336C0003X,tier_1_primary_pharmacy,Y,Y,
1831603430,COASTAL PHARMACY LLC,504 GARDEN ST,,TITUSVILLE,FL,327963405,3217470206,MANAGER,3336L0003X,tier_1_primary_pharmacy,Y,Y,
1346754777,MALOOKA PHARMA CORP,8618 E STATE ROAD 70,,BRADENTON,FL,342023785,9417515000,OWNER,333600000X|3336C0003X,tier_1_primary_pharmacy,Y,Y,
1427562412,ZEPHYRHILLS PHARMACY LLC,36504 PURE WATER WAY,,ZEPHYRHILLS,FL,335413083,8138157000,PIC,3336C0003X,tier_1_primary_pharmacy,Y,Y,
1598279341,PHARMACY CORPORATION OF AMERICA,5628-5632 TROUBLE CREEK RD,,NEW PORT RICHEY,FL,346525158,7278467600,SECRETARY,3336S0011X|3336L0003X,tier_1_primary_pharmacy,Y,Y,
1174037063,BANYANITES - 2 LLC,11048 BAYMEADOWS RD UNIT 5,,JACKSONVILLE,FL,322569583,9042401101,"OWNER,PRESIDENT,AO",333600000X|3336C0003X,tier_1_primary_pharmacy,Y,Y,
1154836989,HEALTH CARE DISTRICT OF PALM BEACH COUNTY,23123 STATE ROAD 7 STE 108,,BOCA RATON,FL,334285489,5612092574,CEO,3336C0003X,tier_1_primary_pharmacy,Y,Y,
1598270324,HEALTH CARE DISTRICT OF PALM BEACH COUNTY,411 W INDIANTOWN RD,,JUPITER,FL,334583538,5612092572,CEO,3336C0003X,tier_1_primary_pharmacy,Y,Y,
1598270092,ADNO PHARMACY INC,7958 SW 8TH ST,,MIAMI,FL,331444209,3052669999,PRESIDENT,3336C0003X|333600000X,tier_1_primary_pharmacy,Y,Y,
1255846705,MAHANT RX INC,136 S MAIN ST STE B,,BELLE GLADE,FL,334303424,5615719861,PRESIDENT,333600000X|3336C0003X,tier_1_primary_pharmacy,Y,Y,
1558876094,MARINE PARK LLC,3514 BROADWAY,,RIVIERA BEACH,FL,334042332,5617827575,MGR,333600000X|3336C0003X,tier_1_primary_pharmacy,Y,Y,
1083129175,JAY CARE PHARMACY LLC,1212 W 23RD ST,,PANAMA CITY,FL,324053609,8506404810,OWNER/PRESIDENT/AO,333600000X|3336C0003X,tier_1_primary_pharmacy,Y,Y,
1902311046,SPRING PARK PHARMACY LLC,3851 EMERSON ST STE 13,,JACKSONVILLE,FL,32207,9045515094,PHARMACIST IN CHARGE,3336C0003X|333600000X,tier_1_primary_pharmacy,Y,Y,
1912413741,ORANGE TREE PHARMACY INC.,6191 ORANGE DR STE 6177,,DAVIE,FL,333143450,9549005174,OWNER,3336C0003X|333600000X,tier_1_primary_pharmacy,Y,Y,
1194231928,JAYS PHARMACY OF MADISON LLC,683 E BASE STREET,MADISON,MADISON,FL,32340,8502532599,OWNER,3336C0003X,tier_1_primary_pharmacy,Y,Y,
1992211791,TRINITY COMPOUNDING EXPERTS LLC,6631 ORION DR STE 112,,FORT MYERS,FL,339124333,2396907700,PHARMACIST/OWNER,3336C0003X,tier_1_primary_pharmacy,Y,Y,
1639685365,SUNSHINE PHARMACY CORP,5767 SW 8TH ST STE A,,WEST MIAMI,FL,331445033,7865221529,PRESIDENT,3336C0003X,tier_1_primary_pharmacy,Y,Y,
1871009258,SUNSHINE PHARMACY OF SANFORD LLC,5040 SR 46 STE 1126,,SANFORD,FL,327719252,4075901914,OWNER,3336L0003X|333600000X,tier_1_primary_pharmacy,Y,Y,
1306353370,SHEPHERD PHARMACY INC,7191 66TH ST N,,PINELLAS PARK,FL,337814004,7279676175,OWNER/MANAGER,3336C0003X,tier_1_primary_pharmacy,Y,Y,
1225545064,DELTONA MEDICAL ARTS PHARMACY INC,1200 DELTONA BLVD,SUITE 50,DELTONA,FL,327256306,3862594712,PRESIDENT,3336L0003X|3336S0011X|333600000X|3336C0003X,tier_1_primary_pharmacy,Y,Y,
1770090482,EVENTUS RX LLC,11300 LINDBERGH BLVD STE 107,,FORT MYERS,FL,339138827,8662492696,CFO,3336S0011X|3336C0003X|3336H0001X|333600000X,tier_1_primary_pharmacy,Y,Y,
1255848958,"THRIF-T DRUGS AT ECHC, LLC",2315 W JACKSON ST,,PENSACOLA,FL,325057552,8504953955,OWNER,3336C0003X,tier_1_primary_pharmacy,Y,Y,
1093222622,PHARMACY AT ABACOA INC,1155 MAIN ST,UNIT 109,JUPITER,FL,334585263,5616303770,CEO,333600000X|3336L0003X,tier_1_primary_pharmacy,Y,Y,
1841707940,EXCEL PHARMACY PARTNERS LLC,6817 SOUTHPOINT PKWY STE 2204,,JACKSONVILLE,FL,322168200,9048002285,MANAGER,3336C0003X,tier_1_primary_pharmacy,Y,Y,
1548777659,"THRIF-T DRUGS AT ECHC, LLC",2315 W JACKSON ST,,PENSACOLA,FL,325057552,8504953955,OWNER,333600000X|3336C0003X,tier_1_primary_pharmacy,Y,Y,
1346758760,TAMPA SPECIALTY PHARMACY LLC,5908 BRECKENRIDGE PKWY,,TAMPA,FL,336104233,8133042221,OWNER,3336C0002X|3336L0003X,tier_1_primary_pharmacy,Y,Y,
1518465459,"VERDANT ANALYTICS, LLC",5991 A1A S,,ST AUGUSTINE,FL,320807017,9046795931,OWNER,3336C0004X|333600000X,tier_1_primary_pharmacy,Y,Y,
1477051217,ATLANTIC PH LLC,1525 S WICKHAM RD,,MELBOURNE,FL,329043540,3218214998,MANAGER,333600000X|3336C0003X,tier_1_primary_pharmacy,Y,Y,
1619475316,FIRST CHOICE OPTIMAL CARE,6524 FLETCHER ST,,HOLLYWOOD,FL,330232132,7868043000,OWNER/REGISTERED NURSE,333600000X,tier_2_secondary_pharmacy,N,Y,
1093213662,CAN COMMUNITY HEALTH INC.,4101 NW 3RD CT,UNIT 9,PLANTATION,FL,333172857,8443706204,CHIEF PHARMACY OFFICER,333600000X|3336C0003X,tier_1_primary_pharmacy,Y,Y,
1104324839,"BAYCARE URGENT CARE, LLC",17512 DONA MICHELLE DR STE 5,,TAMPA,FL,336473265,8135333494,"VP, PFS",3336C0003X,tier_1_primary_pharmacy,Y,Y,
1295233849,ACPS MEDICAL SUPPLY INC,4095 SW 137TH AVE STE 6,,MIAMI,FL,331756486,7865345380,PRESIDENT,3336C0003X,tier_1_primary_pharmacy,Y,Y,
1831697135,CHOICE PHARMACY INC,5913 N ARMENIA AVE,,TAMPA,FL,33603,8138706426,PHARMACY MANAGER,333600000X|3336C0003X,tier_1_primary_pharmacy,Y,Y,
1861991895,DENNINGS PHARMACY LLC,2620 BLANDING BLVD STE 2,,MIDDLEBURG,FL,320685175,9044069379,OWNER/MGR/PIC/AO,333600000X|3336C0003X,tier_1_primary_pharmacy,Y,Y,
1518466275,BUENO PHARMACY LLC,2921 S ORLANDO DR STE 130,,SANFORD,FL,327734106,6462023418,MRG,3336C0003X,tier_1_primary_pharmacy,Y,Y,
1609375286,PUBLIX SUPER MARKETS INC,4701 S UNIVERSITY DR,,DAVIE,FL,333283819,9544535348,VP PHARMACY,333600000X|3336C0003X,tier_1_primary_pharmacy,Y,N,PUBLIX
1740789361,PUBLIX SUPER MARKETS INC,1566 BELLA CRUZ DR,,THE VILLAGES,FL,321598969,3525617234,VP PHARMACY,333600000X|3336C0003X,tier_1_primary_pharmacy,Y,N,PUBLIX
1487153003,PUBLIX SUPER MARKETS INC,5350 CENTRAL FLORIDA PKWY,,ORLANDO,FL,328218772,4075509715,VP PHARMACY,333600000X|3336C0003X,tier_1_primary_pharmacy,Y,N,PUBLIX
1215437694,TITA HEALTHCARE INC.,12811 N NEBRASKA AVE STE J,,TAMPA,FL,336124401,8132523157,PHARMACIST,333600000X|3336L0003X|3336C0003X,tier_1_primary_pharmacy,Y,Y,
1013417666,CONNECTIVE HEALTH SERVICES,5144 E BUSCH BLVD,,TAMPA,FL,336175306,8448166602,CHIEF PHARMACY OFFICER,3336C0003X|3336M0002X|3336S0011X,tier_1_primary_pharmacy,Y,Y,
1649771171,"YOUR HEALTH RX, LLC",12 N FEDERAL HWY # A,,POMPANO BEACH,FL,330624305,9542837075,OWNER,333600000X|3336C0004X|3336C0003X,tier_1_primary_pharmacy,Y,Y,
1558862086,KEYONA LLC,7790 LAKE UNDERHILL RD STE 104,,ORLANDO,FL,328228216,4077230200,OWNER,333600000X|3336C0003X,tier_1_primary_pharmacy,Y,Y,
1992206254,PUBLIX SUPER MARKETS INC,10015 N DALE MABRY HWY,,TAMPA,FL,336184409,8133924207,VP PHARMACY,3336C0003X|333600000X,tier_1_primary_pharmacy,Y,N,PUBLIX
1093216103,ANM PHARMACY INC.,5445 JAMES ST,,NEW PORT RICHEY,FL,346523927,7278488300,PRESIDENT,333600000X|3336L0003X,tier_1_primary_pharmacy,Y,Y,
1811498496,BSH HEALTH INC,1720B STATE ROAD 44,,NEW SMYRNA BEACH,FL,321688339,3867777677,PRESIDENT,333600000X|3336C0003X,tier_1_primary_pharmacy,Y,Y,
1619479243,ALL FAMILY PHARMACY LLC,3350 NW 2ND AVE STE A34,,BOCA RATON,FL,334316678,5617176794,MANAGING MEMBER/OWNER,3336C0003X,tier_1_primary_pharmacy,Y,Y,
1265934723,PINES DISCOUNT PHARMACY INC,631 NW 100TH PL,,PEMBROKE PINES,FL,330246163,9544374900,PRESIDENT,3336L0003X,tier_1_primary_pharmacy,Y,Y,
1215439609,BROADWAY DISCOUNT PHARMACY LLC,1765 N BROADWAY AVE,,BARTOW,FL,338303104,8635377656,OWNER,3336C0003X,tier_1_primary_pharmacy,Y,Y,
1891297362,PUBLIX SUPER MARKETS INC,2067 N ATLANTIC AVE,,COCOA BEACH,FL,329313312,3216139107,VP PHARMACY,333600000X|3336C0003X,tier_1_primary_pharmacy,Y,N,PUBLIX
1467954438,DE2 LLC,6022 ATLANTIC BLVD,,JACKSONVILLE,FL,322117503,9049901054,MANAGING MEMBER,333600000X|3336L0003X|3336C0003X,tier_1_primary_pharmacy,Y,Y,
1396247177,AGHAPY SPIRIT LLC,2019 GULF TO BAY BLVD,,CLEARWATER,FL,337653703,7274416900,OWNER,3336C0003X|3336C0004X|3336L0003X,tier_1_primary_pharmacy,Y,Y,
1932602372,MARIMINA LLC,5820 S WILLIAMSON BLVD STE 2,,PORT ORANGE,FL,321286401,3862120591,PHARMACY MANAGER,3336C0003X,tier_1_primary_pharmacy,Y,Y,
1477056901,L AND N PHARMACY INC,1849 TAMIAMI TRL S,,VENICE,FL,342933128,9417863208,OWNER,333600000X|3336C0004X|3336M0002X|3336C0003X,tier_1_primary_pharmacy,Y,Y,
1386147775,PUBLIX SUPER MARKETS INC,83268 OVERSEAS HWY,,ISLAMORADA,FL,330363511,3056763439,VP PHARMACY,333600000X|3336C0003X,tier_1_primary_pharmacy,Y,N,PUBLIX
1679076517,GNSP CORP,9304 BALM RIVERVIEW RD,,RIVERVIEW,FL,335695104,8136776000,OWNER/PIC,333600000X|3336L0003X,tier_1_primary_pharmacy,Y,Y,
1871097683,MED AND Z INVESTMENT LLC,8207 N FLORIDA AVE,,TAMPA,FL,336043003,8135495599,PHARMACY MANAGER,3336L0003X,tier_1_primary_pharmacy,Y,Y,
1770087355,ADVENTIST HEALTH SYSTEM-SUNBELT INC,4200 SUN N LAKE BLVD,,SEBRING,FL,338721986,8634023418,CFO,3336M0002X|3336C0003X,tier_1_primary_pharmacy,Y,Y,
1720582828,"BORINQUEN HEALTH CARE CENTER, INC.",3601 FEDERAL HWY,,MIAMI,FL,331373795,3055765854,CEO & PRESIDENT,3336C0003X,tier_1_primary_pharmacy,Y,Y,
1841795788,PHARMEDICO PHARMACY LLC,6206 N LOCKWOOD RIDGE RD,,SARASOTA,FL,342432529,9419523959,OWNER,3336C0002X|3336C0004X|3336C0003X,tier_1_primary_pharmacy,Y,Y,
1396240818,MAHA SAI LLC,910 OLD CAMP RD STE 170,,THE VILLAGES,FL,321625609,3522683454,OWNER,333600000X|3336C0003X,tier_1_primary_pharmacy,Y,Y,
1649775693,"AON PHARMACY, LLC",14543 GLOBAL PKWY STE 110,,FORT MYERS,FL,339139446,8338861725,PHARMACY MANAGER,3336S0011X|3336C0003X,tier_1_primary_pharmacy,Y,Y,
1881190759,"ASIAN SENIOR HOME CARE, INC",145 HILDEN RD STE 102,,PONTE VEDRA,FL,320818401,9046004099,PHARMACIST MANAGER,333600000X|3336C0003X,tier_1_primary_pharmacy,Y,Y,
1740786532,"CENTRAL FLORIDA HEALTH CARE, INC",109 W WALL ST,,FROSTPROOF,FL,338432043,8662348534,CEO,333600000X,tier_1_primary_pharmacy,Y,Y,
1487150009,"RURAL HEALTH CARE, INC.",1425 DUNN AVE,,DAYTONA BEACH,FL,321141437,3863239808,VP/CHIEF PHARMACY OFFICER,3336C0003X,tier_1_primary_pharmacy,Y,Y,
1093211393,RURAL HEALTH CARE INCORPORATED,1425 DUNN AVE,,DAYTONA BEACH,FL,32114,3863239808,PHARMACY DIRECTOR,333600000X|3336S0011X|3336C0003X,tier_1_primary_pharmacy,Y,Y,
1346747375,SHRI GOVIND LLC,200 MOODY BLVD,,FLAGLER BEACH,FL,321363372,3864392039,PHARMACY MANAGER,3336C0003X,tier_1_primary_pharmacy,Y,Y,
1366949471,"LAFFITA PHARMACY, INC",2462 SW 137TH AVE,,MIAMI,FL,331756330,3055219400,PRESIDENT,333600000X|3336C0003X,tier_1_primary_pharmacy,Y,Y,
1053818617,CHRIST HOUSE INTERNATIONAL INC,4231 TRUMAN DR STE B,,SEFFNER,FL,335848354,8139228514,FOUNDER,333600000X,tier_2_secondary_pharmacy,N,Y,
1518464916,QUICK RX PHARMACY LLC,7235 CORPORATE DRIVE,H2,MIAMI,FL,33126,3053635170,OFFICER,3336C0003X,tier_1_primary_pharmacy,Y,Y,
1588161871,"MY PHARMACY OF BRANDON, LLC",1420 W WATERS AVE,STE 101,TAMPA,FL,336042830,8138678503,MANAGING MEMBER,3336C0003X|3336S0011X|333600000X,tier_1_primary_pharmacy,Y,Y,
1467959783,NMB PHARMACY INC,1203 NE 163RD ST,SUITE 103,NORTH MIAMI BEACH,FL,331624634,3057689888,CEO,333600000X|3336C0003X,tier_1_primary_pharmacy,Y,Y,
1740787977,QUICK RX SPECIALTY PHARMACY LLC,7235 CORPORATE DRIVE,H2,MIAMI,FL,33126,3053635176,OFFICER,333600000X,tier_1_primary_pharmacy,Y,Y,
1306333497,CARELINE PHARMACY AND HEALTHCARE SERVICES LLC,11200 E MARTIN LUTHER KING BLVD,STE 103,SEFFNER,FL,335843358,8133330870,DIRECTOR,333600000X|3336C0003X,tier_1_primary_pharmacy,Y,Y,
1518454164,PRUDENT PHARMACY,5575 N STATE ROAD 7 STE B,,LAUDERDALE LAKES,FL,33319,9546130284,CEO,3336C0003X,tier_1_primary_pharmacy,Y,Y,
1558858985,LITHAN LLC,6508 EMBASSY BLVD,,PORT RICHEY,FL,346684734,7272614684,CEO,333600000X|3336C0003X,tier_1_primary_pharmacy,Y,Y,
1639666985,ENVISION PHARMACY AND HEALTHCARE SERVICES LLC,18125 N US HIGHWAY 41 STE 107,,LUTZ,FL,335494498,8133330750,OWNER,333600000X|3336C0003X,tier_1_primary_pharmacy,Y,Y,
1104314319,MEDICAL ARTS PHARMACY OF SARASOTA LLC,4417 BEE RIDGE RD STE B,,SARASOTA,FL,342332543,9415526084,PHARMACIST/OWNER,3336L0003X,tier_1_primary_pharmacy,Y,Y,
1790273944,HARBOUR BAY PHARMACY LLC,3754 SE OCEAN BLVD STE B,,STUART,FL,34996,8444073681,MANAGING MEMBER,333600000X|3336M0002X|3336C0003X,tier_1_primary_pharmacy,Y,Y,
1649768540,VRAJ HEALTHCARE LLC,1228 W DAUGHTERY RD,,LAKELAND,FL,338103293,9419145878,MANAGING MEMBER,333600000X|3336C0004X|3336L0003X|3336S0011X|3336C0003X,tier_1_primary_pharmacy,Y,Y,
1366930059,"FAMILY CARE RX, LLC",6428 MELALEUCA LN,,GREENACRES,FL,33463,5614322273,OWNER,3336L0003X|333600000X,tier_1_primary_pharmacy,Y,Y,
1134617517,CARE CENTRIX PHARMACY LLC,3585 MURRELL RD STE A,,ROCKLEDGE,FL,329554779,3218770539,PIC,333600000X|3336L0003X,tier_1_primary_pharmacy,Y,Y,
1730678996,RAV PHARMA LLC,450077 STATE ROAD 200 STE 4,,CALLAHAN,FL,320113863,9045150929,OFFICER,333600000X|3336C0004X|3336L0003X|3336S0011X|3336C0003X,tier_1_primary_pharmacy,Y,Y,
1629567474,PERFECTION RX LLC,3248 LANTANA RD,,LAKE WORTH,FL,33462,5618981450,PHARMACIST IN CHARGE,333600000X|3336C0003X|3336S0011X,tier_1_primary_pharmacy,Y,Y,
1972093201,TRUST PHARMACY 2 LLC,9340 LITTLE RD,,NEW PORT RICHEY,FL,346543415,7272336400,PHARMACIST/OWNER,3336C0003X,tier_1_primary_pharmacy,Y,Y,
1598255861,PROFESSIONAL PHARMACY RESOURCES,4854 WOODBINE RD UNIT 5,,PACE,FL,325718709,8662365040,ADMIN ASSIST,3336C0003X,tier_1_primary_pharmacy,Y,Y,
1033609227,MS LUTZ LLC,16142 FLIGHT PATH DR,,BROOKSVILLE,FL,346046845,5615434440,OWNER,3336C0003X|333600000X,tier_1_primary_pharmacy,Y,Y,
1508356536,PILLS POTIONS & LOTIONS,8701 S US HIGHWAY 1,,PORT ST LUCIE,FL,349523333,7723011095,OWNER,3336L0003X|3336C0003X,tier_1_primary_pharmacy,Y,Y,
1427548445,"PUBLIX SUPER MARKETS, INC.",262 S OCEAN BLVD,,MANALAPAN,FL,33462,5618121807,VP PHARMACY,333600000X|3336C0003X,tier_1_primary_pharmacy,Y,N,PUBLIX
1144710757,UNIVERSITY OF MIAMI,1800 NW 10TH AVE RM 157,,MIAMI,FL,331361018,3052433839,PHARMACY MANAGER,333600000X,tier_1_primary_pharmacy,Y,Y,
1063903672,"NORTHEAST FLORIDA HEALTH SERVICES, INC.",1205 S WOODLAND BLVD STE 5,,DELAND,FL,327207464,3862026025,CEO,3336C0003X,tier_1_primary_pharmacy,Y,Y,
1093206039,"OCALA ONCOLOGY CENTER, PL",3130 SW 32ND AVE,,OCALA,FL,34474,3525471915,PHARMACIST IN CHARGE,333600000X|3336C0003X,tier_1_primary_pharmacy,Y,Y,
1902397946,STEVERSON PHARMACY SERVICES INC,1242 MAIN ST,,CHIPLEY,FL,324282471,8506384875,OWNER PHARMACIST,333600000X|3336L0003X,tier_1_primary_pharmacy,Y,Y,
1730670530,"FOUNDCARE, INC.",2330 S CONGRESS AVE,,WEST PALM BEACH,FL,33406,5614327902,CEO,3336C0003X,tier_1_primary_pharmacy,Y,Y,
1205328663,ST.CLOUD PHARMACY&WELLNESS CENTER,2801 13TH ST,,SAINT CLOUD,FL,347694134,4075932959,EMPLOYEE,3336C0003X,tier_1_primary_pharmacy,Y,Y,
1477045698,FLORIDA CARE PHARMACY,4296 BEE RIDGE RD,,SARASOTA,FL,342332563,9415005955,PHARMACIST,333600000X|3336C0003X,tier_1_primary_pharmacy,Y,Y,
1972095727,"PUBLIX SUPER MARKETS, INC.",3501 49TH ST N,,SAINT PETERSBURG,FL,337102149,7273186869,VP PHARMACY,333600000X|3336C0003X,tier_1_primary_pharmacy,Y,N,PUBLIX
1154814887,HEAL N HALE LLC,3090 ALOMA AVE STE 140,,WINTER PARK,FL,327923743,4076364670,RPH,333600000X|3336L0003X,tier_1_primary_pharmacy,Y,Y,
1548753270,PUBLIX SUPER MARKETS INC,18320 COLLINS AVE,,SUNNY ISLES BEACH,FL,331602429,3059141135,VP PHARMACY,333600000X|3336C0003X,tier_1_primary_pharmacy,Y,N,PUBLIX
1144713850,EIR HEALTH LLC,120 E MARKS ST,STE 250,ORLANDO,FL,328033857,8772183454,PHARMACIST,333600000X|3336C0004X|3336C0003X,tier_1_primary_pharmacy,Y,Y,
1477046084,"US MED, LLC",8491 NW 17TH ST STE 102,,DORAL,FL,331261025,3054366033,"SVP, OPERATIONS",3336M0002X,tier_1_primary_pharmacy,Y,Y,
1306330741,"PUBLIX SUPER MARKETS, INC.",7462 US HIGHWAY 1 N,,ST AUGUSTINE,FL,320958468,9044179950,VP PHARMACY,333600000X|3336C0003X,tier_1_primary_pharmacy,Y,N,PUBLIX
1710472451,"CARING RX, LLC",21002 S RIDGEWOOD AVE,SUITE 2,EDGEWATER,FL,32141,3864028400,PHARMACY MANAGER,3336C0004X|3336C0003X,tier_1_primary_pharmacy,Y,Y,
1124513593,LEE MEMORIAL HEALTH SYSTEM,23450 VIA COCONUT POINT,,ESTERO,FL,34135,2393432821,CHIEF FINANCIAL OFFICER,3336C0003X,tier_1_primary_pharmacy,Y,Y,
1942795208,JRX PHARMACY,4024 W HILLSBOROUGH AVE,,TAMPA,FL,336145628,8138742900,DIRECTOR OF PHARMACY,3336L0003X,tier_1_primary_pharmacy,Y,Y,
1376038554,REAL PHARMACY INC,455 SW 17TH AVE,,MIAMI,FL,331353626,7865345952,PRESIDENT,3336C0003X,tier_1_primary_pharmacy,Y,Y,
1255827309,ST.CLOUD PHARMACY&WELLNESS CENTER,ST.CLOUD PHARMACY & WELLNESS CENTER,"1503, BILLBECK BLVD",KISSIMMEE,FL,34744,4075932959,EMPLOYEE,333600000X,tier_1_primary_pharmacy,Y,Y,
1003302308,FINLAY COMMUNITY PHARMACY INC,10550 NW 77TH CT STE 311,,HIALEAH GARDENS,FL,330162072,7863726024,VICE PRESIDENT,3336C0003X,tier_1_primary_pharmacy,Y,Y,
1922584150,MALONE PHARMACY LLC,5404 10TH ST,,MALONE,FL,324453128,8505695100,MANAGER/MEMBER,3336C0003X,tier_1_primary_pharmacy,Y,Y,
1942786181,"PUBLIX SUPER MARKETS, INC.",11352 N WILLIAMS ST STE 400,,DUNNELLON,FL,344328311,3525665003,VP PHARMACY,333600000X|3336C0003X,tier_1_primary_pharmacy,Y,N,PUBLIX
1013493253,UP AND DOWN LLC,722 W DR MARTIN LUTHER KING JR BLVD,,TAMPA,FL,336033133,8132218122,MANGER,3336C0002X,tier_1_primary_pharmacy,Y,Y,
1477039527,"PUBLIX SUPER MARKETS, INC.",12101 LITTLE RD,,HUDSON,FL,34667,7276190499,VP PHARMACY,333600000X|3336C0003X,tier_1_primary_pharmacy,Y,N,PUBLIX
1497231542,"PUBLIX SUPER MARKETS, INC.",7325 UNIVERSITY PKWY,,LAKEWOOD RANCH,FL,34202,9415540052,VP PHARMACY,333600000X|3336C0003X,tier_1_primary_pharmacy,Y,N,PUBLIX
1104302215,"PROHEALTH PHARMACY SOLUTIONS, LLC",500 WINDERLEY PL STE 226,,MAITLAND,FL,327517407,3215277940,PRESIDENT,3336C0003X,tier_1_primary_pharmacy,Y,Y,
1699251280,"PUBLIX SUPER MARKETS, INC.",102 HIGHWAY 60 E,,LAKE WALES,FL,338534116,8635890037,VP PHARMACY,333600000X|3336C0003X,tier_1_primary_pharmacy,Y,N,PUBLIX
1770069361,AMERICA'S PHARMACY LLC.,5612 14TH ST W,,BRADENTON,FL,342073609,9417390000,OWNER/PHARMACIST,3336C0003X,tier_1_primary_pharmacy,Y,Y,
1396221867,"GATUS ENTERPRISE, PLLC",22 BROADWAY,,KISSIMMEE,FL,347415408,4077505999,OWNER,333600000X,tier_1_primary_pharmacy,Y,Y,
1275019705,"GREY DOG IV, INC",260 CRANDON BLVD STE 33,,KEY BISCAYNE,FL,331491538,3059828727,TREASURER,3336C0003X,tier_1_primary_pharmacy,Y,Y,
1790261154,"UNIVERSITY HEMATOLOGY&ONCOLOGY, P.A.",6171 E FOWLER AVE,,TEMPLE TERRACE,FL,33617,8139886569,OFFICER,333600000X,tier_1_primary_pharmacy,Y,Y,
1184100513,WALGREENS 1261-2,8325 SOUTHPARK CIR STE 200,,ORLANDO,FL,328199075,4073457155,PHARMACIST-IN-CHARGE,333600000X,tier_1_primary_pharmacy,Y,N,WALGREENS
1629555800,"PUBLIX SUPER MARKETS, INC.",14185 LAKE NONA BLVD.,,ORLANDO,FL,32824,4072042287,VP PHARMACY,333600000X|3336C0003X,tier_1_primary_pharmacy,Y,N,PUBLIX
1477030674,MATTHEW 725 INC,2683 SAINT JOHNS BLUFF RD S STE 135,,JACKSONVILLE,FL,322463765,9045134075,PRESIDENT/OWNER/DIRECTOR,3336C0003X,tier_1_primary_pharmacy,Y,Y,
1487131553,"PUBLIX SUPER MARKETS, INC.",503 E ALTAMONTE DR,,ALTAMONTE SPRINGS,FL,327014702,8636881188,VP PHARMACY,333600000X|3336C0003X,tier_1_primary_pharmacy,Y,N,PUBLIX
1821575994,"PUBLIX SUPER MARKETS, INC.",1657 N HIATUS RD,,PEMBROKE PINES,FL,330262129,9542662592,VP PHARMACY,333600000X|3336C0003X,tier_1_primary_pharmacy,Y,N,PUBLIX
1336626407,"PUBLIX SUPER MARKETS, INC.",950 E COMMERCIAL BLVD,,OAKLAND PARK,FL,333343210,9549916700,VP PHARMACY,333600000X|3336C0003X,tier_1_primary_pharmacy,Y,N,PUBLIX
1861979932,"PUBLIX SUPER MARKETS, INC.",5410 DONALD ROSS RD,,PALM BEACH GARDENS,FL,33418,8636881188,VP PHARMACY,333600000X|3336C0003X,tier_1_primary_pharmacy,Y,N,PUBLIX
1932686615,BAYSIDE LAKES PHARMACY LLC,1850 ELDRON BLVD SE STE 7,,PALM BAY,FL,329096870,3213080303,OWNER,333600000X|3336C0004X|3336C0003X,tier_1_primary_pharmacy,Y,Y,
1285111732,BREVARD HEALTH ALLIANCE INC,2120 SARNO RD,,MELBOURNE,FL,329353084,3212416800,DIRECTOR OF BILLING,3336C0002X|3336C0003X,tier_1_primary_pharmacy,Y,Y,
1376020883,AVP PHARMA LLC,7261 NW 4TH BLVD,,GAINESVILLE,FL,326071600,7274597690,OWNER,3336C0003X,tier_1_primary_pharmacy,Y,Y,
1396223590,ADVENTIST HEALTH SYSTEM-SUNBELT INC,2100 OCOEE APOPKA RD,,APOPKA,FL,327039210,4073032907,DIRECTOR,3336C0003X,tier_1_primary_pharmacy,Y,Y,
1225516040,ARNAV INC,11121 HEALTH PARK BLVD STE 800,,NAPLES,FL,341105740,2393318209,AUTHORIZE PERSON,3336C0003X,tier_1_primary_pharmacy,Y,Y,
1063990521,EASY COMFORT INC,1711 W 38TH PL STE 1207,,HIALEAH,FL,330127034,7864311660,PHARMACY MANAGER/ OWNER,3336S0011X|3336L0003X,tier_1_primary_pharmacy,Y,Y,
1063991503,BBAJ LLC,8340 LAKEWOOD RANCH BLVD STE 105,,LAKEWOOD RANCH,FL,342025183,3044794274,PHARMACIST,3336C0003X,tier_1_primary_pharmacy,Y,Y,
1184103111,"NIEVES PHARMACY, LLC",1140 W 50TH ST STE 207,,HIALEAH,FL,330123438,7865402363,OWNER,333600000X|3336C0003X,tier_1_primary_pharmacy,Y,Y,
1548749351,JABER'S PHARMACY INC,14110 US HIGHWAY 1,,SEBASTIAN,FL,329583233,7727428269,DIRECTOR,3336C0003X,tier_1_primary_pharmacy,Y,Y,
1508345224,CENTRAL FLORIDA HEALTH CARE INC,807 COBB COURT,,WAUCHULA,FL,338732051,8662348534,CEO,333600000X,tier_1_primary_pharmacy,Y,Y,
1841779410,MA-GA FAMILY LLC,2356 NW 7TH ST,,MIAMI,FL,331253249,7868990912,PRESIDENT,3336C0003X,tier_1_primary_pharmacy,Y,Y,
1356820955,EVERYDAY PHARMACY INC,3013 SW 107TH AVE,,MIAMI,FL,331652434,7863625216,PRESIDENT,3336C0003X,tier_1_primary_pharmacy,Y,Y,
1679053136,POLARFROGRX INC,9375 EMERALD COAST PKWY W STE 27B,,MIRAMAR BEACH,FL,325507222,8504247438,PRESIDENT,3336C0003X,tier_1_primary_pharmacy,Y,Y,
1427538610,"CENTRAL FLORIDA FAMILY HEALTH CENTER, INC.",1120 STATE ROAD 436 STE 1400,,CASSELBERRY,FL,327076184,4073228645,CEO,3336C0003X,tier_1_primary_pharmacy,Y,Y,
1295215507,RISE N SHINE PHARMACY INC,17913 NW 7 STREET,SUITE 104,PEMBROKE PINES,FL,33029,9544477784,PRESIDENT,333600000X|3336C0003X,tier_1_primary_pharmacy,Y,Y,
1598245615,MEDICAL PHYSICIANS GROUP PLLC,290 NW PEACOCK BLVD # 880891,,PORT SAINT LUCIE,FL,349862205,8163988916,PHYSICIAN/CEO,333600000X,tier_2_secondary_pharmacy,N,Y,
1023599321,BAYSIDE PHARMACY LLC,205 1ST ST S STE 106,,WINTER HAVEN,FL,338803266,8633774774,DIRECTOR OF PHARMACY,3336L0003X|3336C0003X,tier_1_primary_pharmacy,Y,Y,
1619458981,SIMPLYWELL SPECIALTY PHARMACY LP,463128 STATE ROAD 200,,YULEE,FL,320975554,9044688886,OWNER/PIC,3336C0003X,tier_1_primary_pharmacy,Y,Y,
1013498070,POTENS ALLERGY LLC,8108 OLD HIXON RD STE 107,,TAMPA,FL,336262303,8135342382,PHARMACY MANAGER,3336C0003X,tier_1_primary_pharmacy,Y,Y,
1922589019,ALISARA LLC,19533 NW 57TH AVE,,MIAMI GARDENS,FL,330554709,3059524384,OWNER,3336C0003X,tier_1_primary_pharmacy,Y,Y,
1720560485,SACHS PHARMACY LLC,1210 S INTERNATIONAL PKWY STE 166,,LAKE MARY,FL,327461691,4076801839,CO - OWNER,3336C0003X,tier_1_primary_pharmacy,Y,Y,
1184106668,"SMP PHARMACY SOLUTIONS #3, LLC",6050 S DIXIE HWY STE 201,,SOUTH MIAMI,FL,331435046,8552088358,PRESIDENT,3336C0003X,tier_1_primary_pharmacy,Y,Y,
1568944056,RX CARE 10 LLC,3975 TAMIAMI TRAIL E,,NAPLES,FL,34112,2397742200,OWNER,333600000X|3336L0003X,tier_1_primary_pharmacy,Y,Y,
1396227484,"HEART OF FLORIDA HEALTH CENTER, INC",2553 E SILVER SPRINGS BLVD,,OCALA,FL,344707009,3527326599,CEO,3336C0003X,tier_1_primary_pharmacy,Y,Y,
1174006399,VILLAGE DISCOUNT PHARMACY,3990 E ST 44 SUITE 207,E SR44 SUITE 207,WILDWOOD,FL,34785,4074923041,OWNER /PIC,3336C0003X,tier_1_primary_pharmacy,Y,Y,
1205319316,VISHNUH LLC,1580 NW 2ND AVE STE 9,,BOCA RATON,FL,334325695,3526006699,MGR,3336L0003X|3336S0011X|3336C0003X,tier_1_primary_pharmacy,Y,Y,
1578046512,COMMUNITY HEALTH CENTER OF PINELLAS INC,7550 43RD ST N,,PINELLAS PARK,FL,337813601,7278248181,CEO,333600000X,tier_1_primary_pharmacy,Y,Y,
1346723301,"TRENTON MEDICAL CENTER, INC.",410 N MAIN ST STE 1-2,,CHIEFLAND,FL,326260866,3524931686,CEO,3336C0002X|3336C0003X,tier_1_primary_pharmacy,Y,Y,
1386129377,CENTRAL FLORIDA HEALTH CARE INC,705 INGRAHAM AVE,,HAINES CITY,FL,338444327,8634386900,CEO,333600000X,tier_1_primary_pharmacy,Y,Y,
1679058515,CENTRAL FLORIDA HEALTH CARE INC,916 HWY 542,,DUNDEE,FL,33838,8634193330,CEO,333600000X,tier_1_primary_pharmacy,Y,Y,
1073098489,ST.CLOUD PHARMACY&WELLNESS CENTER,2801 13TH ST,,SAINT CLOUD,FL,347694134,4075932959,EMPLOYEE,333600000X,tier_1_primary_pharmacy,Y,Y,
1972088128,GOOD DAY PHARMACY,2561 COUNTY ROAD 220 STE 308,,MIDDLEBURG,FL,320688518,9043758579,OWNER,333600000X,tier_1_primary_pharmacy,Y,Y,
1417422346,AMOCARE HEALTH SERVICES,5329 VILLAGE MARKET,,WESLEY CHAPEL,FL,335448451,8134678400,PHARMACIST,3336C0003X,tier_1_primary_pharmacy,Y,Y,
1174098800,GUARDIAN PHARMACY LLC,483 N SEMORAN BLVD STE 109,,WINTER PARK,FL,327923800,4079153565,PRESIDENT,3336C0003X,tier_1_primary_pharmacy,Y,Y,
1447725163,RADIANCE HEALTH RX LLC,723 VIRGINIA DR,,ORLANDO,FL,328032527,4072345873,CEO,3336C0003X,tier_1_primary_pharmacy,Y,Y,
1124593645,GOOD SHEPHERD PHARMACY,5337 W 20TH AVE # 33012,,HIALEAH,FL,330122100,3059873422,PHARMACIST,3336C0003X,tier_1_primary_pharmacy,Y,Y,
1508332503,"URGENTMEDRX, LLC",4901 NW 17TH WAY STE 302,,FT LAUDERDALE,FL,333093772,8559396337,CHIEF CLINICAL OFFICER,3336C0003X|3336S0011X,tier_1_primary_pharmacy,Y,Y,
1154897098,OUSIA PHARMACY CORP,4343 GUNN HWY,,TAMPA,FL,336188729,8132524076,PRESIDENT,3336L0003X,tier_1_primary_pharmacy,Y,Y,
1780150532,"FLORIDA COMMUNITY HEALTH CENTERS, INC.",315 S W C OWEN AVE,,CLEWISTON,FL,334403637,8639837813,DIRECTOR OF PHARMACY,3336C0003X,tier_1_primary_pharmacy,Y,Y,
1770050965,OLD TOWN PHARMACY INC,26064 US- 19,,OLD TOWN,FL,32680,3867586770,BOOKKEEPER,3336C0003X,tier_1_primary_pharmacy,Y,Y,
1992273023,PUBLIC SQUARE PHARMACY LLC,2736 UNIVERSITY BLVD W STE 2,,JACKSONVILLE,FL,322172170,9412041610,OWNER PHARMACY MANAGER,3336C0003X,tier_1_primary_pharmacy,Y,Y,
1124596150,RX FOR ALL PHARMACY CORP,1325 NW 93RD CT STE B109,,DORAL,FL,331722835,3054904968,PHARMACY DEPARTMENT MANAGER,3336C0004X|333600000X,tier_1_primary_pharmacy,Y,Y,
1144798877,"TASAJ SERVICES, LLC",16400 NW 2ND AVE STE 100,,MIAMI,FL,331696035,3059484701,CEO,3336C0003X,tier_1_primary_pharmacy,Y,Y,
1700354321,ZENITH CARE INC,1624 CAPITAL CIRCLE NE,STE 210,TALLAHASSEE,FL,32308,8507654026,OWNER/PHARMACY MANAGER,3336S0011X|3336C0003X,tier_1_primary_pharmacy,Y,Y,
1922577832,ECKERDS PHARMACY LLC,4404 66TH ST N,,KENNETH CITY,FL,337094922,7275131107,PIC,3336S0011X|3336C0003X,tier_1_primary_pharmacy,Y,Y,
1588134639,DURAMED SOUTHEAST,3877 HIGHWAY 4,,JAY,FL,325651754,8506756850,OWNER,3336L0003X,tier_1_primary_pharmacy,Y,Y,
1700356664,"MEDICAL HOTSPOTS, INC",3065 34TH ST N STE B,,SAINT PETERSBURG,FL,337132401,7272561410,CEO,3336C0003X,tier_1_primary_pharmacy,Y,Y,
1104396902,365 HEALTH LLC,6804 ALOMA AVE,,WINTER PARK,FL,327926802,3219721623,OWNER,3336C0003X,tier_1_primary_pharmacy,Y,Y,
1598236390,SUN PHARMA CORP,10521 SW 40 ST,,MIAMI,FL,331653747,3057140962,PRESIDENT,3336C0003X,tier_1_primary_pharmacy,Y,Y,
1811468143,LIFE PHARMACY INC,4144 LAKEWOOD RANCH BLVD,,BRADENTON,FL,34211,9414175433,OWNER/PRESIDENT,3336C0003X,tier_1_primary_pharmacy,Y,Y,
1477024677,SUNEXPRESS PHARMACY INC.,906 N US HIGHWAY 41 STE A,,RUSKIN,FL,335703544,8132961333,OWNER-SECRETARY,3336C0003X,tier_1_primary_pharmacy,Y,Y,
1760953822,"BAYCARE URGENT CARE, LLC",10125 BIG BEND RD,,RIVERVIEW,FL,335787417,8136053200,VP,3336C0003X,tier_1_primary_pharmacy,Y,Y,
1548731631,GRAND 7TH PHARMACY BY KWIK STOP LLC,12304 SW 127TH AVE,,MIAMI,FL,331866579,3054457533,PRESIDENT,3336C0003X,tier_1_primary_pharmacy,Y,Y,
1235601147,"J&JL ENTERPRISES, LLC D/B/A J&J LOUIS ENTERPRISES, LLC (JOHN'S PHARMAC",9048 BONITA BEACH RD SE,,BONITA SPRINGS,FL,341354237,2392217233,OWNER,3336C0003X,tier_1_primary_pharmacy,Y,Y,
1023580735,"BAYCARE URGENT CARE, LLC",2442 BLOOMINGDALE AVENUE,,VALRICO,FL,335963359,7272819390,VP,3336C0003X,tier_1_primary_pharmacy,Y,Y,
1134691660,A&N PHARMACY INC,1701 W. FLAGLER ST,SUITE 322,MIAMI,FL,33135,7867427973,PRESIDENT,3336C0003X,tier_1_primary_pharmacy,Y,Y,
1568934040,"HEART OF FLORIDA HEALTH CENTER, INC",1536 S PINE AVE,,OCALA,FL,344716546,3527326599,CEO,3336C0003X,tier_1_primary_pharmacy,Y,Y,
1194297382,ECLIPSE PHARMACY CORP,3498 NW 7TH ST,,MIAMI,FL,331254014,3053815752,PRESIDENT,3336C0003X,tier_1_primary_pharmacy,Y,Y,
1073086781,"PUBLIX SUPER MARKETS, INC.",4771 W ATLANTIC AVE,,DELRAY BEACH,FL,334453838,5618081254,VP PHARMACY,333600000X|3336C0003X,tier_1_primary_pharmacy,Y,N,PUBLIX
1003389768,"MIMED PHARMACY, LLC",7758 NW 46TH ST,,DORAL,FL,331665460,3059298473,OWNER / PHARMACIST,3336C0003X,tier_1_primary_pharmacy,Y,Y,
1588137137,A-TOTAL PHARMACY LLC LATIN DRUG PHARMACY & DISCOUNT,251 PARK BLVD,,MIAMI,FL,331268009,7863910483,PRESIDENT,3336C0003X,tier_1_primary_pharmacy,Y,Y,
1013480177,"PATHEMA RX, LLC",4300 N UNIVERSITY DR STE C101,,LAUDERHILL,FL,333516243,7547027168,PRESIDENT,333600000X,tier_1_primary_pharmacy,Y,Y,
1033683156,"AGHAPY HEALTH, LLC",2215 S 25TH ST,,FORT PIERCE,FL,349474796,7722576663,OWNER,3336S0011X|3336C0003X,tier_1_primary_pharmacy,Y,Y,
1780158303,INFINITY PHARMACY AND ASSOCIATES INC,7551 W HILLSBOROUGH AVE,,TAMPA,FL,336154103,8457292794,PHARMACY MANAGER AND OWNER,3336C0003X,tier_1_primary_pharmacy,Y,Y,
1780158394,REMEDYS NUTRITION CV,7331 MIAMI LAKES DR,,MIAMI LAKES,FL,33014,3054008920,PRESIDENT/PIC,3336C0003X,tier_1_primary_pharmacy,Y,Y,
1639643000,"READY CARE PHARMACY, LLC",4150 N ARMENIA AVE STE 102,,TAMPA,FL,336076448,8135425244,OWNER/PHARMACIST,3336C0002X|3336C0004X|3336S0011X|3336C0003X,tier_1_primary_pharmacy,Y,Y,
1407320807,ABACOA PHARMACY INC,500 UNIVERSITY BLVD STE 108,,JUPITER,FL,334582774,5616607585,RPH/OWNER,3336C0003X,tier_1_primary_pharmacy,Y,Y,
1033683313,"MILLS PHARMACY, LLC",320 W FLETCHER AVE STE 108,,TAMPA,FL,336123400,8136052389,OWNER,3336C0003X,tier_1_primary_pharmacy,Y,Y,
1811451834,DAYTONA SPECIALTY LLC,780 DUNLAWTON AVE STE 1,,PORT ORANGE,FL,321274252,3862410321,OWNER,333600000X,tier_1_primary_pharmacy,Y,Y,
1003370057,RIAAN PHARMACY LLC,2105 NEW TAMPA HWY,,LAKELAND,FL,338157364,8638165151,OWNER/MEMBER,3336C0003X,tier_1_primary_pharmacy,Y,Y,
1619431665,HEALTH CARE CENTER FOR THE HOMELESS INC,4426 OLD WINTER GARDEN RD,,ORLANDO,FL,32811,4074285751,CEO,333600000X,tier_1_primary_pharmacy,Y,Y,
1194289157,PUBLIC HEALTH TRUST OF MIAMI DADE COUNTY FLORIDA,9333 SW 152ND STREET,,MIAMI,FL,33157,3052565182,CHIEF FINANCIAL OFFICER,3336S0011X|3336C0003X,tier_1_primary_pharmacy,Y,Y,
1760946727,PANAMA CITY DRUGS,3127 EAST BUS 98,,PANAMA CITY,FL,32401,8506155000,PHARMACIST,3336L0003X,tier_1_primary_pharmacy,Y,Y,
1063976777,"HIYA RX, LLC",1140 E VAN FLEET DR,,BARTOW,FL,338307626,3528040817,MEMBER,3336M0002X|3336C0003X,tier_1_primary_pharmacy,Y,Y,
1245794502,BILGIN INC,1501 VISCAYA PKWY,,CAPE CORAL,FL,339906226,2397728866,PHARMACIST IN CHARGE,3336L0003X,tier_1_primary_pharmacy,Y,Y,
1619432770,OSSY PHARMACY CORP,5309 SW 8TH ST STE A,,CORAL GABLES,FL,331342269,7864921122,PRESIDENT,3336C0003X,tier_1_primary_pharmacy,Y,Y,
1275098147,"MCR HEALTH, INC.",425 NURSING HOME DR,,ARCADIA,FL,342663839,8639932966,PRESIDENT AND CEO,333600000X,tier_1_primary_pharmacy,Y,Y,
1316402274,"PUBLIX SUPER MARKETS, INC.",5655 CIRCA FISHHAWK BLVD.,,LITHIA,FL,33547,8134133955,VP PHARMACY,333600000X|3336C0003X,tier_1_primary_pharmacy,Y,N,PUBLIX
1669937470,RENOVAR PHARMACY INC,1739 NW 2ND AVE,,BOCA RATON,FL,334321652,5618263808,PRESIDENT,3336C0003X,tier_1_primary_pharmacy,Y,Y,
1659836179,WALHEALTH LLC,17860 SE 109TH AVE STE 616A,,SUMMERFIELD,FL,344918909,3527750888,MANAGER,3336C0003X|333600000X,tier_1_primary_pharmacy,Y,Y,
1518422971,"PRIME THERAPEUTIC CONSULTING & SERVICES, LLC",120 W HICKORY ST,,LAKELAND,FL,338154715,8636087577,OWNER/PHARMACIST,333600000X|3336M0002X|3336S0011X|3336L0003X,tier_1_primary_pharmacy,Y,Y,
1023574407,ORLANDO HEALTH INC.,1215 ATLANTA AVE,,ORLANDO,FL,328063985,3218418251,"CORPORATE MANAGER, RETAIL PHARMACY",3336C0003X|3336S0011X|3336M0002X,tier_1_primary_pharmacy,Y,Y,
1992260319,"PUBLIX SUPER MARKETS, INC.",1617 US HIGHWAY 98 S,,LAKELAND,FL,33801,8634004497,VP PHARMACY,333600000X|3336C0003X,tier_1_primary_pharmacy,Y,N,PUBLIX
1245796614,"MCR HEALTH, INC.",2415 UNIVERSITY PKWY STE 111,,SARASOTA,FL,342432809,9413593337,PRESIDENT AND CEO,333600000X,tier_1_primary_pharmacy,Y,Y,
1336605492,PHARMOSTAR INTERNATIONAL,9540 GRIFFIN RD,,COOPER CITY,FL,333283416,9543306558,PHARMACIST,3336C0003X|333600000X,tier_1_primary_pharmacy,Y,Y,
1043776057,OUTREACH COMMUNITY CARE NETWORK INC,240 N. FREDERICK AVENUE,,DAYTONA BEACH,FL,32114,3866750118,EXECUTIVE DIRECTOR,3336C0003X,tier_1_primary_pharmacy,Y,Y,
1760948855,Q PHARMACY & DISCOUNT INC.,1555 NW 36TH ST,,MIAMI,FL,331425559,7866152319,OWNER,333600000X,tier_1_primary_pharmacy,Y,Y,
1962968552,GOOD PHARMACY,16741 SW 95TH ST,,MIAMI,FL,331964757,7865364966,PRESIDENT,3336C0003X,tier_1_primary_pharmacy,Y,Y,
1003373580,BEST CARE PHARMACY INC,2655 NW 20TH ST,,MIAMI,FL,331427105,3056800685,PRESIDENT,333600000X,tier_1_primary_pharmacy,Y,Y,
1245797554,GATEWAY DRUGS PLLC,12401 COMMERCE LAKES DR STE 3,,FORT MYERS,FL,339138663,2397681222,OWNER,3336C0003X,tier_1_primary_pharmacy,Y,Y,
1962969766,COPTS LLC,11216 W HILLSBOROUGH AVE,,TAMPA,FL,336359719,7274523086,OWNER/MANAGER,3336C0003X,tier_1_primary_pharmacy,Y,Y,
1881151603,LINCOURT PHARMACY CORP,501 S LINCOLN AVE STE 10,,CLEARWATER,FL,337565901,7274793048,CFO,3336L0003X,tier_1_primary_pharmacy,Y,Y,
1164980660,WELLS SPECIALTY PHARMACY INC,3796 HOWELL BRANCH RD,,WINTER PARK,FL,327921740,4076718070,PRESIDENT,3336H0001X|3336S0011X,tier_2_secondary_pharmacy,N,Y,
1013475466,"BAYCARE URGENT CARE, LLC",900 CARILLON PARKWAY STE 106,,ST. PETERSBURG,FL,33707,7272819390,"VP, PFS",333600000X,tier_1_primary_pharmacy,Y,Y,
1508324963,FIRST RESPONDERS PHARMACY LLC,3333 CURRY FORD RD STE B,,ORLANDO,FL,328063472,4076748842,OWNER PHARMACIST,3336C0003X,tier_1_primary_pharmacy,Y,Y,
1528526746,OPTIMAL HEALTH PHARMACY LLC,17235 NW 27TH AVE,,MIAMI GARDENS,FL,330564418,3057054024,VICE PRESIDENT,3336C0002X,tier_1_primary_pharmacy,Y,Y,
1386102424,AMICITIA PHARMA LLC,4105 49TH ST N STE B,,SAINT PETERSBURG,FL,337095711,7279548877,PHARMACY MANAGER,3336L0003X,tier_1_primary_pharmacy,Y,Y,
1801354832,PICH KTM CORP,11643 BEACH BLVD,UNIT A,JACKSONVILLE,FL,32246,9045515870,PHARMACIST/PHARMACY OWNER,3336L0003X|3336C0003X,tier_1_primary_pharmacy,Y,Y,
1992263990,COREHEALTH PHARMACY INC,11260 PINES BLVD,,PEMBROKE PINES,FL,330264101,9544508873,"OWNER, MANAGER",3336L0003X,tier_1_primary_pharmacy,Y,Y,
1831657782,PNH LLC,2114 MANATEE AVE E,,BRADENTON,FL,342081660,9418967767,MANAGING MEMBER,3336C0003X,tier_1_primary_pharmacy,Y,Y,
1265991947,BALLS REXALL DRUGS,102 E HIGHLAND BLVD,,INVERNESS,FL,344524847,3527261021,PRESIDENT,3336C0004X|3336L0003X,tier_1_primary_pharmacy,Y,Y,
1285193722,AJSI LLC,6604 HARNEY RD STE I,,TAMPA,FL,336109424,3529011090,MEMBER,3336L0003X,tier_1_primary_pharmacy,Y,Y,
1215496641,"TAMPA FAMILY HEALTH CENTERS, INC.",12085 W. HILLSBOROUGH AVE.,,TAMPA,FL,336350000,8138660930,CEO,3336C0003X,tier_1_primary_pharmacy,Y,Y,
1346709540,"PHARMACYGO, INC",20041 S TAMIAMI TRL STE 13,,ESTERO,FL,339282228,2399083187,DIRECTOR,333600000X|3336C0004X|3336L0003X|3336S0011X|3336C0003X,tier_1_primary_pharmacy,Y,Y,
1205395118,WILLIAMS PHARMACIES LLC,141 E COMMERCIAL BLVD,,OAKLAND PARK,FL,333341623,9546165675,OWNER,3336M0002X,tier_1_primary_pharmacy,Y,Y,
1659830487,NEW LIFE PHARMACY & MEDICAL SUPPLY INC,11200 SW VILLAGE PKWY STE 100,,PORT SAINT LUCIE,FL,349872383,7728771125,PHARMACIST/OWNER,3336C0003X,tier_1_primary_pharmacy,Y,Y,
1790245207,WHITE ORCHID PHARMACY INC,2328B HOLLYWOOD BLVD,,HOLLYWOOD,FL,330206703,9544047533,OWNER,3336S0011X,tier_1_primary_pharmacy,Y,Y,
1407316870,"LARKIN COMMUNITY HOSPITAL BEHAVIORAL HEALTH SERVICES, INC",1201 N 37TH AVE,,HOLLYWOOD,FL,330215414,7547775600,DIRECTOR OF PHARMACY,3336C0003X,tier_1_primary_pharmacy,Y,Y,
1922569508,ADVENTIST HEALTH SYSTEM-SUNBELT INC,661 E ALTAMONTE DRIVE STE 116,,ALTAMONTE SPRINGS,FL,32701,4073033438,DIRECTOR,3336C0003X,tier_1_primary_pharmacy,Y,Y,
1093276537,"HILL DERM PHARMACY, INC",3065 S. MELLONVILLE AVE STE B,,SANFORD,FL,32773,4075856060,PRESIDENT,3336C0003X,tier_1_primary_pharmacy,Y,Y,
1508327719,ST. PHILLO LLC,4127 MARINER BLVD,,SPRING HILL,FL,346092469,7272336400,PHARMACIST/ MANAGER,3336L0003X,tier_1_primary_pharmacy,Y,Y,
1265995971,"ADGRX, INC.",10910 W FLAGLER ST STE 112,,MIAMI,FL,331741218,3056973242,PRESIDENT/PHARMACY MANAGER,3336C0003X,tier_1_primary_pharmacy,Y,Y,
1992268361,"PRIME THERAPEUTIC CONSULTING & SERVICES, LLC",120 W HICKORY ST,,LAKELAND,FL,338154715,8138109549,PHARMACIST/OWNER,3336C0002X|3336C0004X|3336M0002X|3336L0003X,tier_1_primary_pharmacy,Y,Y,
1235692740,BELLEAIR PHARMACY LLC DBA BELLEAIR PHARMACY,2864 W BAY DR,,BELLEAIR BLUFFS,FL,337702620,9174854941,OWNER,3336C0003X,tier_1_primary_pharmacy,Y,Y,
1659834026,"FLORIDA HEALTH CARE PLAN, INC",1657 TAYLOR RD STE 102,,PORT ORANGE,FL,321287516,3863178537,CMO,333600000X|3336M0003X,tier_1_primary_pharmacy,Y,Y,
1639632045,"DAYTONA DISCOUNT PHARMACY, INC",815 BEVILLE RD STE D,,SOUTH DAYTONA,FL,321191859,3863225969,PHARMACIST IN CHARGE,3336L0003X,tier_1_primary_pharmacy,Y,Y,
1922661073,FAMILY HEALTH CENTERS OF SOUTHWEST FLORIDA INC,3415 LEE BLVD,,LEHIGH ACRES,FL,33971,2392783600,PRESIDENT/CEO,3336C0002X,tier_1_primary_pharmacy,Y,Y,
1649833633,CYPRESS CREEK PHARMACY LLC,26829 TANIC DR STE 101,,WESLEY CHAPEL,FL,335444612,8139949600,OWNER,3336C0003X,tier_1_primary_pharmacy,Y,Y,
1326601261,WELDONE PHARMACY LLC,1739 E HILLSBOROUGH AVE,,TAMPA,FL,336108233,8139953663,PHARMACIST,3336C0003X,tier_1_primary_pharmacy,Y,Y,
1134782642,PARAMORE'S PHARMACY INC.,4314 5TH AVE,,MARIANNA,FL,324462182,8504823924,OWNER,3336L0003X,tier_1_primary_pharmacy,Y,Y,
1659934024,"REMEDY BOX PHARMACY,INC",10000 SW 56TH ST STE 9,,MIAMI,FL,331657161,7865848521,OWNER/PHARMACIST,3336C0003X,tier_1_primary_pharmacy,Y,Y,
1548824824,ADVENTIST HEALTH SYSTEM-SUNBELT INC ADVENTHEALTH ORLANDO,2400 N ORANGE BLOSSOM TRAIL,SUITE 10,KISSIMMEE,FL,34744,4079443198,DIRECTOR,3336C0003X,tier_1_primary_pharmacy,Y,Y,
1750945960,SHRI NAKODA LLC,600 E ALTAMONTE DR STE 1400,,ALTAMONTE SPRINGS,FL,327014829,4073329753,OWNER/PHARMACIST,3336C0003X,tier_1_primary_pharmacy,Y,Y,
1275197766,UNIVERSITY OF MIAMI,9675 NW 117TH AVE STE 310,,MEDLEY,FL,331781232,3056898479,PROVIDER ENROLLMENT MANAGER,3336C0003X,tier_1_primary_pharmacy,Y,Y,
1871158113,UNIVERSITY CENTER MEDICAL LLC,1800 W HIBISCUS BLVD STE 101,,MELBOURNE,FL,329012624,3217261614,DIRECTOR OF PHARMACY,3336C0003X,tier_1_primary_pharmacy,Y,Y,
1457916462,"AVIPHARM, LLC",7669 CALISTOBLE LOOP,2ND FLOOR,FORT MYERS,FL,33908,9546465887,CONSULTANT PHARMACIST,3336L0003X,tier_1_primary_pharmacy,Y,Y,
1336704196,"PANCARE OF FLORIDA, INC",2235 E 15TH ST,,PANAMA CITY,FL,324056023,8508180455,PHARMACIST IN CHARGE,3336C0003X,tier_1_primary_pharmacy,Y,Y,
1679138432,"PANCARE OF FLORIDA, INC",5336 10TH ST,,MALONE,FL,324453429,8505692021,PHARMACY DIRECTOR,3336C0003X,tier_1_primary_pharmacy,Y,Y,
1326603051,MAA ASHAPURA INC,11386 E HIGHWAY 316,,FORT MC COY,FL,321348114,3524381161,OWNER,3336C0003X,tier_1_primary_pharmacy,Y,Y,
1003472408,PLANTATION RX PHARMACY INC,660 N STATE ROAD 7 STE 5,,PLANTATION,FL,333172117,3474253140,PRESIDENT,3336C0003X,tier_1_primary_pharmacy,Y,Y,
1992361729,PURECARE PHARMACY LLC,6834 GALL BLVD STE 105,,ZEPHYRHILLS,FL,335422506,8133648100,PHARMACIST/OWNER,3336C0003X,tier_1_primary_pharmacy,Y,Y,
1619534997,ULTIMATE PHARMACY LLC,1250 MARINER BLVD,,SPRING HILL,FL,346095657,3525926340,MANAGER,3336C0003X,tier_1_primary_pharmacy,Y,Y,
1659938637,ADVENTIST HEALTH SYSTEM-SUNBELT INC ADVENTHEALTH ORLANDO,2005 MIZELL AVENUE,SUITE 900,WINTER PARK,FL,32792,4076467263,DIRECTOR,3336C0003X,tier_1_primary_pharmacy,Y,Y,
1841858487,HEALTHYRX PHARMACY LLC,650 NW 120TH ST,,NORTH MIAMI,FL,331682529,9543557744,MEMBER,3336C0003X,tier_1_primary_pharmacy,Y,Y,
1275191983,"UNIVERSITY PHARMACY OF JACKSONVILLE, INC",3901 UNIVERSITY BLVD S STE 237,,JACKSONVILLE,FL,322164390,9045358792,OWNER,3336C0003X,tier_1_primary_pharmacy,Y,Y,
1205494606,BENZER LTC LLC,3231 TAMIAMI TRL STE D,,PORT CHARLOTTE,FL,339528031,9413552500,OWNER,3336L0003X,tier_1_primary_pharmacy,Y,Y,
1659939429,"PUBLIX SUPER MARKETS, INC",1105 E TWIGGS ST,,TAMPA,FL,336023135,8132413413,VP PHARMACY,333600000X|3336C0003X,tier_1_primary_pharmacy,Y,N,PUBLIX
1699333518,"ZENCARE PHARMACY, LLC",12140 MIRAMAR PKWY,,MIRAMAR,FL,330257013,9544394563,OWNER/PDM,3336C0003X,tier_1_primary_pharmacy,Y,Y,
1902465917,PRATHNA INC,7601 DR MARTIN LUTHER KING JR ST N STE C,,ST PETERSBURG,FL,337025200,6303450679,OWNER,3336C0003X,tier_1_primary_pharmacy,Y,Y,
1578123287,"PUBLIX SUPER MARKETS, INC.",13589 STATE ROAD 54,,ODESSA,FL,33556,8133453917,VP PHARMACY,333600000X|3336C0003X,tier_1_primary_pharmacy,Y,N,PUBLIX
1780244335,"AMARANTH LIFE SCIENCES PHARMACEUTICAL, INC.",1731 AVENIDA DEL SOL,,BOCA RATON,FL,334321742,5617568291,PRESIDENT,3336S0011X,tier_1_primary_pharmacy,Y,Y,
1891355418,"PUBLIX SUPER MARKETS, INC.",9520 BUFFALO ROAD,,PALMETTO,FL,34221,9419816290,VP PHARMACY,333600000X|3336C0003X,tier_1_primary_pharmacy,Y,N,PUBLIX
1013577253,DELRAY PHARMACY,5130 LINTON BLVD STE F6,,DELRAY BEACH,FL,334846597,5614552309,OWNER/PHARMACIST IN CHARGE,3336C0003X|3336C0004X|333600000X,tier_1_primary_pharmacy,Y,Y,
1861053233,"HIYACARE,LLC",1140 E VAN FLEET DR,,BARTOW,FL,338307626,5515567305,MEMBER,3336C0003X|3336M0002X|3336S0011X|3336L0003X,tier_1_primary_pharmacy,Y,Y,
1275194383,"ESCAMBIA COMMUNITY CLINICS, INC",2315 W JACKSON ST,,PENSACOLA,FL,325057552,8504953955,EXECUTIVE DIRECTOR,3336C0002X,tier_1_primary_pharmacy,Y,Y,
1285296350,"PUBLIX SUPER MARKETS, INC.",6075 HWY 17-92 NORTH,,DAVENPORT-POLK,FL,33896,8632561231,VICE PRESIDENT PHARMACY,333600000X|3336C0003X,tier_1_primary_pharmacy,Y,N,PUBLIX
1073174181,"ESCAMBIA COMMUNITY CLINICS, INC",1400 N PALAFOX ST,,PENSACOLA,FL,325012643,8504332165,CEO,3336C0002X,tier_1_primary_pharmacy,Y,Y,
1760044747,AKSHAR PHARMA LLC,820 PALM BAY RD NE STE 108,,PALM BAY,FL,329056351,3213275814,MGR,3336C0003X,tier_1_primary_pharmacy,Y,Y,
1982266318,ARCHANGEL RAPHAEL LLC,180 PATRICIA AVE,,DUNEDIN,FL,346988103,7279006404,PHARMACIST IN CHARGE,3336C0003X,tier_1_primary_pharmacy,Y,Y,
1649832908,TRUST PHARMACY 2 LLC,9340 LITTLE RD,,NEW PORT RICHEY,FL,346543415,7272336400,PHARMACIST/OWNER,3336L0003X,tier_1_primary_pharmacy,Y,Y,
1518529809,MAIK PHARMACY CORP,10521 SW 40TH ST.,SUITE 102,MIAMI,FL,33165,3058740165,PRESIDENT,3336C0003X,tier_1_primary_pharmacy,Y,Y,
1114579158,DOCTORS DIET PROGRAM OF SOUTH FLORIDA PLLC,1501 W REYNOLDS ST,,PLANT CITY,FL,335634707,8135193438,DIR OF CLINIC OPERATIONS,3336C0002X,tier_1_primary_pharmacy,Y,Y,
1568014678,DOCTORS DIET PROGRAM OF SOUTH FLORIDA PLLC,29154 CHAPEL PARK DR,,WESLEY CHAPEL,FL,335434404,8135323438,DIRECTOR OF CLINIC OPERATIONS,3336C0002X,tier_1_primary_pharmacy,Y,Y,
1528610367,COMPREHENSIVE HEMATOLOGY ONCOLOGY LLC,5000 PARK ST N STE 1025,,ST PETERSBURG,FL,337092236,7273446569,CRED,3336C0003X,tier_1_primary_pharmacy,Y,Y,
1629620430,VERO PHARMACY INC,1635 14TH AVE,,VERO BEACH,FL,329600435,7725623660,PRESIDENT,3336L0003X,tier_1_primary_pharmacy,Y,Y,
1730731449,PHYSICIAN FAMILY PHARMACY CORP,9716 PINES BLVD,,PEMBROKE PINES,FL,330246228,9546761847,PRESIDENT,3336C0003X,tier_1_primary_pharmacy,Y,Y,
1770135162,"SUPERIOR DRUGS, INC",3947 DAVIE BLVD,,FT LAUDERDALE,FL,333123405,9549094354,OWNER/PRESIDENT,333600000X,tier_1_primary_pharmacy,Y,Y,
1225680564,RX 2 YOU INC,5598 8TH ST W UNIT 1,,LEHIGH ACRES,FL,339716341,2392154144,OWNER,3336C0003X,tier_1_primary_pharmacy,Y,Y,
1336792639,AVIVA CARE LTC PHARMACY INC,2053 N UNIVERSITY DR STE A,,SUNRISE,FL,333223936,9546165102,OWNER,3336L0003X,tier_1_primary_pharmacy,Y,Y,
1609429547,ROMAN HEALTH PHARMACY LLC,3602 QUANTUM BLVD,,BOYNTON BEACH,FL,33426,8887988686,DIRECTOR OF OPERATIONS,333600000X|3336M0002X,tier_1_primary_pharmacy,Y,Y,
1700439494,"MCR HEALTH, INC.",14730 COBRA WAY,,HUDSON,FL,346691083,9417764000,PRESIDENT & CEO,333600000X,tier_1_primary_pharmacy,Y,Y,
1316590987,GLS PHARMACY LLC,15680 SW 72ND ST,,MIAMI,FL,331931923,7863913636,PDM/OWNER,333600000X,tier_1_primary_pharmacy,Y,Y,
1144874827,INFINITE HEALTH PHARMACY LLC,416 CLEMATIS ST STE B,,WEST PALM BEACH,FL,334015312,8334634679,PHARMACIST IN CHARGE,3336C0003X,tier_1_primary_pharmacy,Y,Y,
1710531454,"PUBLIX SUPER MARKETS, INC.",2630 LPGA BLVD,,DAYTONA BEACH,FL,321241008,3862816780,VP PHARMACY,333600000X|3336C0003X,tier_1_primary_pharmacy,Y,N,PUBLIX
1376197855,ORANGE CITY COMMUNITY PHARMACY,830 COMMED BLVD STE A,,ORANGE CITY,FL,327638300,4072239528,CEO,3336C0003X,tier_1_primary_pharmacy,Y,Y,
1861047375,"PUBLIX SUPER MARKETS, INC.",12165 MERCADO DRIVE,,VENICE,FL,34293,8636881188,VP PHARMACY,333600000X|3336C0003X,tier_1_primary_pharmacy,Y,N,PUBLIX
1316592538,AV PHARMA LLC,1545 UNIVERSITY BLVD N STE B,,JACKSONVILLE,FL,322115229,8778111129,DIRECTOR,3336M0002X,tier_1_primary_pharmacy,Y,Y,
1972158632,COLLIER HEALTH SERVICES INC,12655 COLLIER BLVD,,NAPLES,FL,34116,2396583000,CFO,3336C0003X,tier_1_primary_pharmacy,Y,Y,
1881249548,FAMILY PHARMACY LLC,1436 STATE ROAD 436 STE 1008,,CASSELBERRY,FL,327076572,4078534010,OWNER AND PHARMACIST IN CHARGE.,333600000X|3336C0003X,tier_1_primary_pharmacy,Y,Y,
1982250510,"MCR HEALTH, INC.",20360 GATOR LN BLDG 14,,LAND O LAKES,FL,346382802,9417764000,PRESIDENT AND CEO,333600000X,tier_1_primary_pharmacy,Y,Y,
1275188898,"EAST BOCA PHARMACY, LLC",4800 NW 2ND AVE,SUITE 3,BOCA RATON,FL,33431,5616721888,PRESIDENT,333600000X|3336C0003X,tier_1_primary_pharmacy,Y,Y,
1114573748,FATHER DAVID LLC,6624 US HIGHWAY 19,,NEW PORT RICHEY,FL,346521739,7278077050,PHARMACIST OWNER,3336C0003X|3336L0003X,tier_1_primary_pharmacy,Y,Y,
1295381812,IMPERIAL PHARMACY LLC,100 N FEDERAL HWY STE 100,,HALLANDALE BEACH,FL,330094373,2152064008,MANAGER,3336C0003X|333600000X,tier_1_primary_pharmacy,Y,Y,
1477109973,TAJJ MULTISERVICES LLC,3338 NE 34TH ST,,FORT LAUDERDALE,FL,333086906,9547414000,PHARMCIST,3336L0003X,tier_1_primary_pharmacy,Y,Y,
1720634801,BEST ORGANIC PHARMACY,409 W HALLANDALE BEACH BLVD STE 417,,HALLANDALE BEACH,FL,330095301,9549475009,SUPERVISING PHARMACIST,3336C0003X,tier_1_primary_pharmacy,Y,Y,
1457907206,RITE RX PHARMACY CORP,6918 STIRLING RD,,HOLLYWOOD,FL,330241840,8009316279,CEO,3336C0003X,tier_1_primary_pharmacy,Y,Y,
1881241495,"ADVANCED RX PHARMACY, INC",5315 AVION PARK DR STE 120,,TAMPA,FL,336071461,8133214004,LICENSING OFFICER,333600000X,tier_1_primary_pharmacy,Y,Y,
1063069268,"MCR HEALTH, INC.",6040 SR 70 E,,BRADENTON,FL,34203,9417764000,PRESIDENT & CEO,333600000X,tier_1_primary_pharmacy,Y,Y,
1427605534,NORTHEAST FLORIDA HEALTH SERVICES INC,1200 DELTONA BLVD,,DELTONA,FL,327256306,3862026025,CREDENTIALING/CONTRACTS ADMIN,3336C0003X,tier_2_secondary_pharmacy,N,Y,
1437706348,IN GOD WE BELIEVE LIMITED LIABILITY COMPANY,78 HIGHWAY 40 W,,INGLIS,FL,344499615,3522170161,PHARMACY MANAGER,3336C0003X,tier_1_primary_pharmacy,Y,Y,
1003464132,"LINTON SQUARE PHARMACY NORTH, LLC.",2580 METROCENTRE BLVD STE 5,,WEST PALM BEACH,FL,334073100,5613020045,REGISTERED AGENT,3336C0003X,tier_1_primary_pharmacy,Y,Y,
1528616596,ORLANDO HEALTH INC.,392 RINEHART RD,,LAKE MARY,FL,32746,3218420640,DIRECTOR OF FINANCE/REVENUE,3336S0011X|3336C0003X,tier_1_primary_pharmacy,Y,Y,
1679122337,"TRENTON MEDICAL CENTER, INC.",4784 W US HIGHWAY 90,,LAKE CITY,FL,320553101,3862699261,CEO,3336C0002X|3336C0003X,tier_1_primary_pharmacy,Y,Y,
1003465691,POTENZA SERVICES INC,10711 SW 216TH ST STE 100-206,,MIAMI,FL,331703139,3054004938,PRESIDENT/OWNER,3336C0002X,tier_2_secondary_pharmacy,N,Y,
1396394805,"PROMOD RX, LLC",2650 SW 145TH AVE,,MIRAMAR,FL,330276606,8553058500,PHARMACIST IN CHARGE,3336M0002X,tier_1_primary_pharmacy,Y,Y,
1578112991,"DR G'S PHARMACY, INC",2224 N. UNIVERSITY DRIVE,,CORAL SPRINGS,FL,33071,9549380005,PRESIDENT,3336C0003X,tier_1_primary_pharmacy,Y,Y,
1659920072,"DR G'S PHARMACY, INC",127 N DIXIE HIGHWAY,,LAKE WORTH,FL,33460,5613303146,PRESIDENT,3336C0003X,tier_1_primary_pharmacy,Y,Y,
1235788472,WORLDWIDE DIABETIC HEALTH & NUTRITION CENTER LLC,11 S DIXIE HWY,,LAKE WORTH,FL,334603727,9546504610,OWNER,3336M0002X,tier_1_primary_pharmacy,Y,Y,
1033768205,"PUBLIX SUPER MARKETS, INC.",4900 W KENNEDY BLVD,,TAMPA,FL,336091802,8134245798,VP PHARMACY,333600000X|3336C0003X,tier_1_primary_pharmacy,Y,N,PUBLIX
1679123673,SOUTHLANDS ENTERPRISES INC,25340 W NEWBERRY RD,,NEWBERRY,FL,326694252,3526602115,PHARMACY MANAGER,3336C0003X,tier_1_primary_pharmacy,Y,Y,
1689224891,"G.A MEDICAL GROUP, INC.",1483 NW 7TH AVE,,MIAMI,FL,331361448,8336331225,CEO,3336C0002X,tier_2_secondary_pharmacy,N,Y,
1417508573,CITRUS HEALTH NETWORK,551 W 51ST PL FL 1,,HIALEAH,FL,330123601,3058176563,PRESIDENT &CEO,3336C0003X,tier_1_primary_pharmacy,Y,Y,
1518518612,AGROPEC TRADING LLC,14540 NW 60TH AVE,,MIAMI LAKES,FL,330142809,8775009944,COMPLIANCE ANALYST,333600000X,tier_1_primary_pharmacy,Y,Y,
1609427657,CHARLES FAMILY PHARMACY,10741 US HIGHWAY 1,,SEBASTIAN,FL,329588441,7724735007,OWNER,3336C0003X,tier_1_primary_pharmacy,Y,Y,
1265083729,"HEALTHDYNE PHARMACY FL, LLC",500 EAGLES LANDING DR,,LAKELAND,FL,338102899,8635836523,SENIOR VICE PRESIDENT & SECRETARY,3336C0003X,tier_1_primary_pharmacy,Y,Y,
1083265540,"HEALTHDYNE SPECIALTY FLORIDA, LLC",500 EAGLES LANDING DR STE A,,LAKELAND,FL,338102899,8635836523,SENIOR VICE PRESIDENT & SECRETARY,333600000X,tier_1_primary_pharmacy,Y,Y,
1154962371,JAI MARUTI RX LLC,9323 LEM TURNER RD,,JACKSONVILLE,FL,322082274,9042228490,PHARMACY MANAGER,3336L0003X,tier_1_primary_pharmacy,Y,Y,
1427699610,ORLANDO WELLNESS,2909 N ORANGE AVE STE 112A,,ORLANDO,FL,328044639,4078981331,DIRECTOR,3336L0003X,tier_1_primary_pharmacy,Y,Y,
1003457946,NESO PHARMACY INC.,6230 SW HIGHWAY 200 UNIT 1,,OCALA,FL,344765606,3526444268,PRESIDENT/CEO,3336C0003X,tier_1_primary_pharmacy,Y,Y,
1649811506,"FENIX DRUG STORE, LLC",527 13TH ST W,,BRADENTON,FL,34205,8885111517,MANAGING MEMBER,3336C0003X,tier_1_primary_pharmacy,Y,Y,
1811538689,OPUS PHARMACY CORP,5767 SW 8TH ST STE 102,,WEST MIAMI,FL,331445033,7886584002,PRESIDENT,3336C0003X,tier_1_primary_pharmacy,Y,Y,
1992346761,MANU PHARMACY CORP,5143 SW 8TH ST .,SUITE A,CORAL GABLES,FL,331342442,7866272544,PRESIDENT,3336C0003X,tier_1_primary_pharmacy,Y,Y,
1912548769,HEALTH ACCESS RX SERVICES,10000 GATE PKWY N APT 225,,JACKSONVILLE,FL,322468206,3525840563,PRESIDENT,3336C0004X|3336H0001X,tier_1_primary_pharmacy,Y,Y,
1790326122,"PHARMCO, LLC",400 ANSIN BLVD STE B,,HALLANDALE BEACH,FL,330093104,3059197399,VP OF HEALTHCARE OPERATIONS,3336L0003X,tier_1_primary_pharmacy,Y,Y,
1083256317,PROMELL PHARMACY,8291 DANI DR STE 103,,FORT MYERS,FL,339668009,2397668300,PHARMACY MANAGER,333600000X,tier_1_primary_pharmacy,Y,Y,
1760024905,"HIYACARE,LLC",1140 E VAN FLEET DR,,BARTOW,FL,338307626,8635376910,PHARMACIST,3336S0011X,tier_1_primary_pharmacy,Y,Y,
1780226555,BREVARD HEALTH ALLIANCE INC,1537 N SINGLETON AVE,,TITUSVILLE,FL,327961679,3212680267,DIRECTOR OF BILLING,3336C0003X,tier_1_primary_pharmacy,Y,Y,
1811539687,BREVARD HEALTH ALLIANCE INC,220 BARTON BLVD UNIT C14,,ROCKLEDGE,FL,329552742,3216395177,DIRECTOR OF BILLING,3336C0003X,tier_1_primary_pharmacy,Y,Y,
1417599119,"TU FAMILIA FARMACIA, LLC",10788 SW 24TH STREET,YOUR FAMILY RX,MIAMI,FL,33165,7868990403,OWNER,333600000X,tier_1_primary_pharmacy,Y,Y,
1124660527,BREVARD HEALTH ALLIANCE INC,5270 BABCOCK ST NE STE 1,,PALM BAY,FL,329054616,3217225959,DIRECTOR OF BILLING,3336C0003X,tier_1_primary_pharmacy,Y,Y,
1487296877,W. ATLANTIC DISCOUNT PHARMACY LLC,15071 S STATE ROAD 7 STE 150,,DELRAY BEACH,FL,334464112,5617742920,OWNER/PIC,3336C0003X,tier_1_primary_pharmacy,Y,Y,
1952944126,HEALTHY SOLUTIONS PHARMACY LLC,155 TONEY PENNA DR STE 1B,,JUPITER,FL,334585746,5612038589,SOLE MBR,3336C0004X|3336C0003X,tier_1_primary_pharmacy,Y,Y,
1497398226,FRICKS PHARMACY LLC,921 DR MARTIN L KING JR DR APT C,,PENSACOLA,FL,325014090,8504830363,OWNER/PDM,333600000X|3336L0003X|3336C0003X,tier_1_primary_pharmacy,Y,Y,
1730723040,"PUBLIX SUPER MARKETS, INC.",1851 N US HIGHWAY 1,,FORT PIERCE,FL,349461406,7724485008,VP PHARMACY,333600000X|3336C0003X,tier_1_primary_pharmacy,Y,N,PUBLIX
1437793767,"ST. PHILOPATEER PHARMACY , LLC",13260 US HIGHWAY 1,,SEBASTIAN,FL,329583750,7727139131,OWNER/ MANAGER,3336C0003X,tier_1_primary_pharmacy,Y,Y,
1558905661,"PROMOD RX, LLC",2650 SW 145TH AVE,,MIRAMAR,FL,330276606,8553058500,PHARMACIST IN CHARGE,3336C0003X,tier_1_primary_pharmacy,Y,Y,
1578107561,"PUBLIX SUPER MARKETS, INC.",1420 NW NORTH RIVER DR STE 110,,MIAMI,FL,331252889,7869886447,VP PHARMACY,333600000X|3336C0003X,tier_1_primary_pharmacy,Y,N,PUBLIX
1730723685,ECKERDS RX 107 LLC,710 N BREVARD AVE,,ARCADIA,FL,342668778,8634854150,PRESIDENT,3336L0003X|3336S0011X|333600000X|3336C0003X,tier_1_primary_pharmacy,Y,Y,
1366086126,GRACE PHARMACY SOLUTIONS LLC,80 PINNACLES DR STE 900,,PALM COAST,FL,321642915,3862637370,"PHARMACIST, OWNER",3336L0003X|3336C0003X,tier_1_primary_pharmacy,Y,Y,
1730723305,"PUBLIX SUPER MARKETS, INC.",675 LONGWOOD HILLS RD UNIT 1001,,LONGWOOD,FL,327503335,4079615936,VP PHARMACY,333600000X|3336C0003X,tier_1_primary_pharmacy,Y,N,PUBLIX
1649814211,"PUBLIX SUPER MARKETS, INC.",601 NW 2ND AVE,,MIAMI,FL,331363942,3053419629,VP PHARMACY,333600000X|3336C0003X,tier_1_primary_pharmacy,Y,N,PUBLIX
1861036592,KESHAV RX LLC,520 13TH ST,,SAINT CLOUD,FL,347694531,4078093266,PIC,3336C0003X,tier_1_primary_pharmacy,Y,Y,
1932744521,HEALTHCITE LLC,4500 W MIDWAY RD STE 105,,FORT PIERCE,FL,349814823,7727422886,OWNER,3336L0003X,tier_1_primary_pharmacy,Y,Y,
1245875616,ZETA MEDS,3850 SE 58TH AVE,,OCALA,FL,344807467,3526942553,PRESIDENT,3336M0002X,tier_1_primary_pharmacy,Y,Y,
1689219917,BAKER PHARMACY LLC,698 W MACCLENNY AVE STE 682,,MACCLENNY,FL,320632092,9043143288,OWNER,3336C0003X,tier_1_primary_pharmacy,Y,Y,
1912542002,MAA BHAWANI INC,3791 N LECANTO HWY,,BEVERLY HILLS,FL,344653559,3525273111,PRESIDENT,3336L0003X,tier_1_primary_pharmacy,Y,Y,
1174168322,BREVARD PHARMACY L.L.C.,401. BARTON BLVD.,,ROCKLEDGE,FL,32955,3213056975,OWNER,3336L0003X,tier_1_primary_pharmacy,Y,Y,
1891330940,"PUBLIX SUPER MARKETS, INC.",700 N. MIRAMAR AVENUE,,INDIALANTIC,FL,32903,3213395012,VP PHARMACY,333600000X|3336C0003X,tier_1_primary_pharmacy,Y,N,PUBLIX
1063058717,CND3 INC,228 US HIGHWAY 1,,LAKE PARK,FL,334033552,5618441191,VICE PRESIDENT,3336L0003X,tier_1_primary_pharmacy,Y,Y,
1831735406,MAA BHAWANI INC,3791 N LECANTO HWY,,BEVERLY HILLS,FL,344653559,3525273111,PRESIDENT,3336L0003X,tier_1_primary_pharmacy,Y,Y,
1922644491,MY PRESCRIPTION COACH COM LLC,2111 E 93RD AVE,,TAMPA,FL,336128636,8138678213,PHARMACIST IN CHARGE,3336C0004X|3336C0003X,tier_1_primary_pharmacy,Y,Y,
1811533854,TAMPABAY RX LLC,1010 E BUSCH BLVD,,TAMPA,FL,336128502,3526781882,MGR,3336C0003X,tier_1_primary_pharmacy,Y,Y,
1871139774,ST. PHILLO LLC,4127 MARINER BLVD,,SPRING HILL,FL,346092469,3525562516,PHARMACIST/OWNER,3336L0003X,tier_1_primary_pharmacy,Y,Y,
1750927588,PHARMACORE RX LLC,13930 LYNMAR BLVD,,TAMPA,FL,336263123,8135808040,PHARMACY DIRECTOR,333600000X,tier_1_primary_pharmacy,Y,Y,
1730725565,PRYME RX LLC,4300 N UNIVERSITY DR STE E200,,SUNRISE,FL,333516244,8557796379,MANAGING MEMBER,3336C0004X|3336M0002X|3336S0011X|3336C0003X,tier_1_primary_pharmacy,Y,Y,
1528604345,"COMMUNITY HEALTH CENTERS, INC.",509 CAGAN VIEW RD,,CLERMONT,FL,347146405,3525575712,CFO,3336C0002X|3336C0003X,tier_1_primary_pharmacy,Y,Y,
1063059673,MDP PRODUCTS AND SERVICES,6602 STIRLING RD,,HOLLYWOOD,FL,330241954,8556935483,OPERATIONS MANAGER,3336C0003X|3336L0003X|3336S0011X|333600000X,tier_1_primary_pharmacy,Y,Y,
1245877406,"RICHEY MEDICAL PHARMACY, LLC",5346 GRAND BLVD,,NEW PORT RICHEY,FL,346524012,7278075344,OWNER/ PHARMACIST IN CHARGE,333600000X|3336C0004X|3336C0003X,tier_1_primary_pharmacy,Y,Y,
1306483441,"NEW HORIZONS COMMUNITY MENTAL HEALTH CENTER, INC",1469 NW 36TH ST,,MIAMI,FL,331425557,3056357444,CEO,3336C0003X,tier_2_secondary_pharmacy,N,Y,
1619515376,"KENDALL HEALTHCARE GROUP, LTD.",11750 SW 40TH ST,,MIAMI,FL,331753530,3052275595,CFO,3336C0003X,tier_1_primary_pharmacy,Y,Y,
1285272815,"GASTRO FLORIDA PHARMACY, LLC",3001 EXECUTIVE DRIVE,SUITE 130,CLEARWATER,FL,33762,7273470536,CEO,3336C0003X|333600000X,tier_1_primary_pharmacy,Y,Y,
1427696830,BURGOS PHARMACY LLC,9527 SW 40TH ST,,MIAMI,FL,331654035,3053749003,PHARMACY MANAGER,333600000X|3336C0003X,tier_1_primary_pharmacy,Y,Y,
1215575527,FIRST CITY HEALTH LLC,6005 COLLEGE PARKWAY,SUITE 1,PENSACOLA,FL,32504,8507239403,OWNER/PHARMACY MANAGER,3336C0003X,tier_1_primary_pharmacy,Y,Y,
1497393524,"HOLY TRINITY PHARMACY, LLC",10900 STATE ROAD 54 STE 102,,TRINITY,FL,346552267,7273124384,PHARMACY MANAGER,3336C0003X,tier_1_primary_pharmacy,Y,Y,
1275172256,"PUBLIX SUPER MARKETS, INC.",12681 MIRAMAR PARKWAY,,MIRAMAR,FL,33027,9542666320,VP PHARMACY,333600000X|3336C0003X,tier_1_primary_pharmacy,Y,N,PUBLIX
1205475175,LORDONI DISCOUNT PHARMACY INC,6300 N WICKHAM RD STE 126,,MELBOURNE,FL,329402037,3216103114,OWNER,3336L0003X,tier_1_primary_pharmacy,Y,Y,
1750920641,"PUBLIX SUPER MARKETS, INC.",18485 S DIXIE HWY,,CUTLER BAY,FL,331576817,7867328072,VP PHARMACY,333600000X|3336C0003X,tier_1_primary_pharmacy,Y,N,PUBLIX
1942849724,KABS OF FLORIDA,2812 E BEARSS AVE,,TAMPA,FL,336132653,8139884000,VICE PRESIDENT,3336L0003X,tier_1_primary_pharmacy,Y,Y,
1093354797,DAN'S PHARMACY INC DBA CARROLLWOOD COMPOUNDING CENTER,11775 N DALE MABRY HWY,,TAMPA,FL,336183503,8139618798,PRESIDENT/ OWNER,3336C0004X,tier_1_primary_pharmacy,Y,Y,
1508405796,CHELSEA INVESTMENTS INC,6914 E FOWLER AVE STE J,,TEMPLE TERRACE,FL,336171705,8136446131,PHARMACIST IN CHARGE,333600000X,tier_1_primary_pharmacy,Y,Y,
1598304669,WELL GOODS PHARMACY INC,3179 N STATE ROAD 7,,MARGATE,FL,330637006,9549332191,OWNER,3336C0003X,tier_1_primary_pharmacy,Y,Y,
1679112726,TAMPA PALMS PHARMACY LLC,15309 AMBERLY DR,,TAMPA,FL,336472112,8136050300,MGR,3336C0003X,tier_1_primary_pharmacy,Y,Y,
1942840467,CARE MEDRX LLC,311 BULLARD PKWY STE. B,,TEMPLE TERRACE,FL,33617,8134827412,OWNER,3336C0003X|3336H0001X,tier_1_primary_pharmacy,Y,Y,
1700426970,SHAMBHU INC.,19214 NW US HIGHWAY 441 STE 10,,HIGH SPRINGS,FL,326438783,3864541586,PHARMACY MANAGER,3336L0003X,tier_1_primary_pharmacy,Y,Y,
1124658935,DAYTONA PEOPLES PHARMACY LLC,968 ORANGE AVE,,DAYTONA BEACH,FL,321144667,3868887500,MGR,3336L0003X|3336M0002X|3336S0011X|3336C0004X|3336C0003X|333600000X,tier_1_primary_pharmacy,Y,Y,
1639709454,"MEDSTOP, LLC",2095 W FAIRBANKS AVE STE A,,WINTER PARK,FL,327894505,4076366115,PRESIDENT,3336C0003X|333600000X,tier_1_primary_pharmacy,Y,Y,
1710517495,MMG PHARMA LLC CROSS PHARMACY,2208 US HIGHWAY 19,,HOLIDAY,FL,346914351,7276880290,OWNER,3336C0003X,tier_1_primary_pharmacy,Y,Y,
1114557659,PHARMARX INC,11382 MIRAMAR PKWY,,MIRAMAR,FL,330255805,7864185383,COO,3336C0003X,tier_1_primary_pharmacy,Y,Y,
1366072746,HEALTHRX CORP,8336 SW 8TH ST,,MIAMI,FL,331444180,7865362349,PRESIDENT,3336C0003X,tier_1_primary_pharmacy,Y,Y,
1417588625,MULBERRY FOOD AND PHARMACY LLC,806 N CHURCH AVE,,MULBERRY,FL,338602036,8137701394,PHARMACIST,333600000X,tier_1_primary_pharmacy,Y,Y,
1295366011,AV INTERNATIONAL LLC,2775 OLD WINTER GARDEN RD STE 2775,,OCOEE,FL,347612995,4078131800,VP OF PHARMACY OPERATIONS,3336C0003X,tier_1_primary_pharmacy,Y,Y,
1508498569,CBA PHARMACY INC,13801 BRUCE B DOWNS BLVD STE 102&103,,TAMPA,FL,336133946,8139335830,MANAGER,3336S0011X,tier_1_primary_pharmacy,Y,Y,
1366074239,"PUBLIX SUPER MARKETS, INC.",14323 S US HIGHWAY 301,,WIMAUMA,FL,335982039,8139227550,VP PHARMACY,333600000X|3336C0003X,tier_1_primary_pharmacy,Y,N,PUBLIX
1831722362,JSN9 INC.,4140 ROWAN RD,,NEW PORT RICHEY,FL,346536116,7273721070,MANAGER,3336L0003X,tier_1_primary_pharmacy,Y,Y,
1467085985,PREVENT RX,2925 10TH AVE N STE 108,,PALM SPRINGS,FL,334613054,8449783186,MANAGER,333600000X,tier_1_primary_pharmacy,Y,Y,
1366075889,"PUBLIX SUPER MARKETS, INC",5810 SEVEN MILE DR,,WILDWOOD,FL,347858854,3524615094,VP PHARMACY,333600000X|3336C0003X,tier_1_primary_pharmacy,Y,N,PUBLIX
1265065783,"PREVENT RX 2, LLC",3677 CENTRAL AVE STE A,,FORT MYERS,FL,339018226,2392439025,OWNER,3336S0011X|3336C0003X,tier_1_primary_pharmacy,Y,Y,
1477186724,CENTRAL TAMPA PHARMACY LLC,5010 N 40TH ST STE 201,,TAMPA,FL,336105202,8136834353,MANAGER,3336L0003X,tier_1_primary_pharmacy,Y,Y,
1548893894,SEMINOLE TRIBE OF FLORIDA HEALTH DEPARTMENT,111 W. CORAL WAY,,HOLLYWOOD,FL,33021,9549651312,PHARMACY MANAGER,3336C0002X,tier_1_primary_pharmacy,Y,Y,
1215560107,"PUBLIX SUPER MARKETS, INC.",501 N BENEVA RD STE 161,,SARASOTA,FL,342321301,9415541660,VP PHARMACY,333600000X|3336C0003X,tier_1_primary_pharmacy,Y,N,PUBLIX
1184257743,STREAMLINERX,2861 EXECUTIVE DR STE 210,,CLEARWATER,FL,337623383,7275650245,MANAGER,333600000X,tier_1_primary_pharmacy,Y,Y,
1588298012,INFINITY PHAMACY CORP,10521 SW 40TH ST STE A,,MIAMI,FL,331653747,7864960033,PRESIDENT,3336C0003X,tier_1_primary_pharmacy,Y,Y,
1609400415,CARE RESOURCE COMMUNITY HEALTH CENTERS INC.,275 NE 35TH ST,,MIAMI,FL,331373813,7866071040,CHIEF MEDICAL OFFICER,3336C0003X,tier_1_primary_pharmacy,Y,Y,
1073147849,"BAYCARE URGENT CARE, LLC",2645 S FLORIDA AVE,,LAKELAND,FL,338033829,8636066880,"VP, PFS",3336C0003X,tier_1_primary_pharmacy,Y,Y,
1023643707,OPS INTERNATIONAL INCORPORATED,4600 L B MCLEOD RD,,ORLANDO,FL,328116454,7816860640,CEO,3336C0004X|3336C0003X,tier_1_primary_pharmacy,Y,Y,
1760017487,BSN HEALTH,45665 HIGHWAY 27,,DAVENPORT,FL,338974546,8638669660,VICE PRESIDENT,333600000X|3336C0003X,tier_1_primary_pharmacy,Y,Y,
1730714130,VIRGIN MARYS PHARMACY CORP,14606 N DALE MABRY,,TAMPA,FL,33618,8135056684,PHARMACY MANAGER,3336C0003X,tier_1_primary_pharmacy,Y,Y,
1821623976,"ASIAN SENIOR HOME CARE, INC",145 HILDEN RD STE 102,,PONTE VEDRA,FL,320818401,9046004099,MANAGER,3336L0003X,tier_1_primary_pharmacy,Y,Y,
1578198560,ECKERDS PHARMACY LLC,4404 66TH ST N,,KENNETH CITY,FL,337094922,7275131107,AUTHORIZED OFFICER,3336L0003X,tier_1_primary_pharmacy,Y,Y,
1982239810,WAMU LLC,85 CYPRESS POINT PKWY UNIT C,,PALM COAST,FL,321648455,3864478944,PHARMACIST,3336L0003X,tier_1_primary_pharmacy,Y,Y,
1053947754,MED & CO INVESTMENT LLC,722 E MEMORIAL BLVD,,LAKELAND,FL,338011848,8635834999,MANAGER,3336L0003X,tier_1_primary_pharmacy,Y,Y,
1780210179,SEWALL'S POINT PHARMACY INC,3754 SE OCEAN BLVD STE B,,STUART,FL,349966700,7260080777,PRESIDENT,3336C0004X|3336C0003X,tier_1_primary_pharmacy,Y,Y,
1891321089,EAGLE PHARMACY LLC,330 EAGLES LANDING DR STE 172,,LAKELAND,FL,338103041,8889200527,"VP, PHARMACY OPERATIONS",333600000X,tier_1_primary_pharmacy,Y,Y,
1720614910,PARASHAKTI INC,1138 S PARROTT AVE,,OKEECHOBEE,FL,349745270,6303450679,OWNER,3336L0003X,tier_1_primary_pharmacy,Y,Y,
1922635424,KAILASHRX LLC,1240 PROVIDENCE BLVD,UNIT 1 & 2,DELTONA,FL,327257352,3862595435,OWNER/ PHARMACY MANAGER,3336C0003X,tier_1_primary_pharmacy,Y,Y,
1497383939,"UNITY EXPRESS PHARMACY, INC.",2340 STATE ROAD 580 STE G,,CLEARWATER,FL,337631137,7276008880,MANAGER-OWNER,333600000X,tier_1_primary_pharmacy,Y,Y,
1730718735,LEE MEMORIAL HEALTH SYSTEM,13681 DOCTORS WAY,,FORT MYERS,FL,339124300,2393431000,CHIEF FINANCIAL OFFICER,3336L0003X|333600000X,tier_1_primary_pharmacy,Y,Y,
1104455187,LEE MEMORIAL HEALTH SYSTEM,2776 CLEVELAND AVE,,FORT MYERS,FL,339015864,2393432800,CHIEF FINANCIAL OFFICER,333600000X,tier_1_primary_pharmacy,Y,Y,
1811526650,CAREONE PHARMACY SERVICES LLC,1455 E AIRPORT BLVD,,SANFORD,FL,327736818,3866796763,VICE PRESIDENT OF PHARMACY SERVICES,3336L0003X,tier_1_primary_pharmacy,Y,Y,
1285263780,LEE MEMORIAL HEALTH SYSTEM,9981 S HEALTHPARK DR,,FORT MYERS,FL,339083618,2393435000,CHIEF FINANCIAL OFFICER,3336L0003X|333600000X,tier_1_primary_pharmacy,Y,Y,
1992334205,MYPILLS PHARMACY LLC,1410 SW 1ST ST,,MIAMI,FL,331352203,4078070522,PHARMACIST IN CHARGE,333600000X,tier_1_primary_pharmacy,Y,Y,
1063031060,MEDPOINT PHARMACY LLC,23020 SANDALFOOT PLAZA DR,,BOCA RATON,FL,334286654,5614512111,CEO,3336C0003X,tier_1_primary_pharmacy,Y,Y,
1881214096,GOYA MEHDI ENTERPRISE LLC,5802 N ARMENIA AVE STE 1,,TAMPA,FL,336031000,8133128522,OWNER/PHARMACIST,3336C0003X,tier_1_primary_pharmacy,Y,Y,
1194345769,VERDE BALANCE LLC,9160 NW 122ND ST UNIT 27,,HIALEAH GARDENS,FL,330181732,3054565710,DIRECTOR/OWNER,333600000X|3336L0003X|3336C0004X|3336C0003X,tier_1_primary_pharmacy,Y,Y,
1922628544,NEW LIFE PHARMACY & MEDICAL SUPPLY INC,11200 SW VILLAGE PKWY STE 100,,PORT ST LUCIE,FL,349872383,7728771125,PHARMACIST IN CHARGE,3336L0003X,tier_1_primary_pharmacy,Y,Y,
1932720356,BAYPHARM HEALTH SYSTEMS,1147 SE GRAHAM CT,,LAKE CITY,FL,320252841,7272387672,CEO,333600000X,tier_1_primary_pharmacy,Y,Y,
1568083830,MJ PHARMACY & DISCOUNT LLC,1545 WEST 62ND STREET,SUITE 62,HIALEAH,FL,33014,7862593076,MEMBER/OWNER,3336C0003X,tier_1_primary_pharmacy,Y,Y,
1992326235,POPE SHENOUDA LLC,2228 US HIGHWAY 19,,HOLIDAY,FL,346914351,7279351300,OWNER,3336S0011X,tier_1_primary_pharmacy,Y,Y,
1003437732,ADVANCED UROLOGY INSTITUTE LLC,1401 PASADENA AVE S STE 5,,SOUTH PASADENA,FL,337073715,7272414994,AUTHORIZED OFFICIAL,333600000X|3336C0003X,tier_1_primary_pharmacy,Y,Y,
1528689015,WATER LILLY PHARMACY LLC,3700 WASHINGTON ST STE 206,,HOLLYWOOD,FL,330218249,9544175698,PHARMACIST IN CHARGE/MANAGING PARTN,3336C0003X,tier_1_primary_pharmacy,Y,Y,
1417579863,"WELLGISTICS PHARMACY, LLC",354 EAGLES LANDING DR,,LAKELAND,FL,338102999,8442514691,CHIEF PHARMACY OFFICER/PIC,3336C0003X|3336S0011X|3336M0002X|333600000X,tier_1_primary_pharmacy,Y,Y,
1457973646,COPTS LLC,11216 W HILLSBOROUGH AVE,,TAMPA,FL,336359719,8134444493,MANAGER,3336L0003X,tier_1_primary_pharmacy,Y,Y,
1487276663,TOTAL HEALTHCARE ALLIANCE,3510 DR MARTIN LUTHER KING BLVD STE 1,,FORT MYERS,FL,339164608,2398264192,OWNER,3336C0003X,tier_1_primary_pharmacy,Y,Y,
1255953063,"SOUTH MIAMI HOSPITAL, INC",8900 N KENDALL DR FL 2,,MIAMI,FL,331762118,7865278200,CEO,333600000X,tier_1_primary_pharmacy,Y,Y,
1114540770,PILLS POTIONS & LOTIONS,8701 S US HIGHWAY 1,,PORT ST LUCIE,FL,349523333,7723011095,OWNER/PHARMACIST,3336L0003X,tier_1_primary_pharmacy,Y,Y,
1093338865,DWARKADHISH LLC,2761 CITRUS TOWER BLVD STE 102,,CLERMONT,FL,347117010,3522725944,OWNER,3336C0003X,tier_1_primary_pharmacy,Y,Y,
1891318689,AVIVA CARE PHARMACY LLC,2053 NORTH UNIVERSITY DRIVE,,SUNRISE,FL,33322,9544515578,PHARMACY MANAGER,3336L0003X,tier_1_primary_pharmacy,Y,Y,
1942824578,NORTHWEST URGENT CARE,5840 N ORANGE BLOSSOM TRL,,ORLANDO,FL,328101025,4076021100,PRESIDENT & CEO,3336C0002X,tier_2_secondary_pharmacy,N,Y,
1639793276,HOLLEY-NAVARRE PHARMACY & GIFTS LLC,8440 NEVADA ST.,,NAVARRE,FL,32566,8503596619,OWNER / MANAGER,3336C0003X,tier_1_primary_pharmacy,Y,Y,
1659995975,PHARMACY FAMILIA LLC,450 W HILLSBORO BLVD,,DEERFIELD BEACH,FL,334411604,9545310461,CFO,3336C0003X,tier_1_primary_pharmacy,Y,Y,
1730703653,ALPHA TOUGH PHARMACY INC.,10071 PINES BLVD STE D,,PEMBROKE PINES,FL,330246105,9544355200,PRESIDENT,3336L0003X,tier_1_primary_pharmacy,Y,Y,
1891319687,"HOLMES REGIONAL MEDICAL CENTER, INC.",1425 MALABAR ROAD NE,HEALTH FIRST FAMILY PHARMACY - MANAGER,PALM BAY,FL,329072506,3214347355,CEO,3336C0003X,tier_1_primary_pharmacy,Y,Y,
1144845157,ALIGN GROUP LLC,14960 N FLORIDA AVE,,TAMPA,FL,336131626,8133735078,OWNER,333600000X|3336C0003X,tier_1_primary_pharmacy,Y,Y,
1922624857,RAINBOWS BEAM HOME CARE INC.,112 NE 31ST TER,,OCALA,FL,344701237,3522926355,CEO,3336C0003X|3336M0002X,tier_2_secondary_pharmacy,N,Y,
1821614702,"COMMUNITY CARE RESOURCES, INC.",106 BOSTON AVE STE 204,,ALTAMONTE SPRINGS,FL,327014712,4074017457,DIRECTOR,3336C0003X,tier_2_secondary_pharmacy,N,Y,
1982220158,"PUBLIX SUPER MARKETS, INC",14605 SR 70,,BRADENTON,FL,34202,9412531008,VP PHARMACY,333600000X|3336C0003X,tier_1_primary_pharmacy,Y,N,PUBLIX
1821614983,"WHOLESCRIPTS PHARMACY, LLC",6800 KINGSPOINTE PKWY STE 100,,ORLANDO,FL,328198592,4077225076,PHARMACY MANAGER,3336C0003X,tier_1_primary_pharmacy,Y,Y,
1295351203,LAKE EXPRESS PHARMACY INC,25 DR MLK BLVD E STE B,,BELLE GLADE,FL,334304044,5615234161,OWNER,3336C0003X,tier_1_primary_pharmacy,Y,Y,
1700403854,"EQUITY RX, PLLC",14088 ALABAMA ST,,JAY,FL,325651036,8507527030,OWNER,3336C0003X,tier_1_primary_pharmacy,Y,Y,
1750909750,HEALTH SOLUTIONS PHARMACY LLC,7177 LAKE WORTH RD,,LAKE WORTH,FL,334672906,5618554485,PHARMACY TECHNICIAN,3336C0003X,tier_1_primary_pharmacy,Y,Y,
1316565146,RX CARE 17 LLC,7142 N. UNIVERSITY DRIVE,,TAMARAC,FL,33321,9544854949,OWNER,3336L0003X,tier_1_primary_pharmacy,Y,Y,
1710505458,ORLANDO HEALTH INC,1111 BLACKWOOD AVE,,OCOEE,FL,347614549,3218438535,DIRECTOR OF FINANCE,3336H0001X|3336S0011X|3336C0003X,tier_1_primary_pharmacy,Y,Y,
1790303394,WHITE TIP PHARMACY LLC,411 S FEDERAL HWY STE D,,DEERFIELD BEACH,FL,334414170,9545310211,OWNER,3336C0003X,tier_1_primary_pharmacy,Y,Y,
1396363750,"PHARMEDICO PHARMACY, LLC",6206 N LOCKWOOD RIDGE RD,,SARASOTA,FL,342432529,9419523959,OWNER,3336L0003X,tier_1_primary_pharmacy,Y,Y,
1235757576,BNR PHARMACY,1063 S CLARKE RD,,OCOEE,FL,347616995,4076011998,PRESIDENT/OWNER,3336C0003X,tier_1_primary_pharmacy,Y,Y,
1932717006,FUTURE PHARMACY,10809 N 56TH ST,,TEMPLE TERRACE,FL,336173646,8139881900,OWNER,3336L0003X,tier_1_primary_pharmacy,Y,Y,
1326656265,SKY CITY PHARMACY LLC,2812 W. DR MARTIN LUTHER KING JR BLVD,,TAMPA,FL,33607,8134434796,OWNER,3336L0003X,tier_1_primary_pharmacy,Y,Y,
1356959134,CVERX PHARMACY CORP,7360 SW 24TH ST STE 29,,MIAMI,FL,331551462,7862268116,PRESIDENT,3336C0003X|333600000X,tier_1_primary_pharmacy,Y,Y,
1962011890,GREEN STAR PHARMACY,2950 WINKLER AVE STE 701,,FORT MYERS,FL,339169322,2399313605,PHARMACY MANAGER/ PHARMACIST,333600000X,tier_1_primary_pharmacy,Y,Y,
1336759505,ECKERDS RX 108 LLC,17510 N US HIGHWAY 41,,LUTZ,FL,335494571,8134999266,PRESIDENT,3336L0003X|3336C0003X,tier_1_primary_pharmacy,Y,Y,
1154931145,"PUBLIX SUPER MARKETS, INC",11950 FOREST HILL BLVD,,WELLINGTON,FL,334146248,5612736208,VP PHARMACY,333600000X|3336C0003X,tier_1_primary_pharmacy,Y,N,PUBLIX
1518577576,"PUBLIX SUPER MARKETS, INC",7340 KATHLEEN RD,,LAKELAND,FL,338104495,8637971001,VP PHARMACY,333600000X|3336C0003X,tier_1_primary_pharmacy,Y,N,PUBLIX
1912517988,"PUBLIX SUPER MARKETS, INC",2215 OHIO AVE N,,LIVE OAK,FL,32064,3863396377,VP PHARMACY,333600000X|3336C0003X,tier_1_primary_pharmacy,Y,N,PUBLIX
1568072536,"PUBLIX SUPER MARKETS, INC",4315 W GANDY BLVD,,TAMPA,FL,336113405,8133934601,VP PHARMACY,333600000X|3336C0003X,tier_1_primary_pharmacy,Y,N,PUBLIX
1750991717,"PUBLIX SUPER MARKETS, INC",220 N NOVA RD,,ORMOND BEACH,FL,321745124,3863193666,VP PHARMACY,333600000X|3336C0003X,tier_1_primary_pharmacy,Y,N,PUBLIX
1538779053,PHYSICIAN FAMILY PHARMACY CORP. PHYSICIAN FAMILY PHARMACY,5869 LAKE WORTH RD,,GREENACRES,FL,334633209,5615088449,OWNER / PRESIDENT,3336L0003X,tier_1_primary_pharmacy,Y,Y,
1255942645,HARHAR MAHADEV LLC,34650 US HIGHWAY 19 N STE 101,,PALM HARBOR,FL,346842155,7277872273,MGRM,3336C0003X|3336L0003X,tier_1_primary_pharmacy,Y,Y,
1962013094,CARENOW PHARMACY LLC,1039 HARLEY STRICKLAND BLVD STE 600,,ORANGE CITY,FL,327637981,3864560055,MANAGING MEMBER,3336C0003X,tier_1_primary_pharmacy,Y,Y,
1831700855,KINGSLEY RX LLC,1542 KINGSLEY AVE STE 142,,ORANGE PARK,FL,320734547,9044091337,OWNER/PHARMACIST,3336C0003X,tier_1_primary_pharmacy,Y,Y,
1043822620,SPECIALTYCARERX LLC,821 N US HIGHWAY 1 STE A,,ORMOND BEACH,FL,321744528,6314596514,DIRECTOR OF OPERATIONS,3336C0004X|3336S0011X|3336C0003X,tier_1_primary_pharmacy,Y,Y,
1922610112,"EVERWELL SPECIALTY PHARMACY, LLC",6506 N DAVIS HWY,,PENSACOLA,FL,325046957,8504739190,PIC,3336M0002X,tier_1_primary_pharmacy,Y,Y,
1972115103,INTELLRX CONSULTING LLC,1257 THE 12TH FAIRWAY,,WELLINGTON,FL,334145738,5617624477,OWNER,333600000X,tier_1_primary_pharmacy,Y,Y,
1700499076,CAPSTONE HEALTH,10501 S ORANGE AVE STE 123,,ORLANDO,FL,328247749,4079928494,OWNER,3336H0001X,tier_1_primary_pharmacy,Y,Y,
1326651555,PURFORMANCE WELLNESS PHARMACY LLC,555 HERITAGE DR STE 101,,JUPITER,FL,334585286,5614675333,MANAGER,3336C0004X|3336C0003X,tier_1_primary_pharmacy,Y,Y,
1609480375,"SUN HEALTH AND WELLNESS, INC",109 PARK PLACE BLVD,SUITE A,DAVENPORT,FL,33837,8635479944,PRESIDENT,3336S0011X|3336C0003X,tier_1_primary_pharmacy,Y,Y,
1033723127,FIVE PILLARS CORPORATION,2301 N UNIVERSITY DR STE 112,,PEMBROKE PINES,FL,330243617,9544046610,OWNER,3336C0003X,tier_1_primary_pharmacy,Y,Y,
1528674447,MIDTOWN COMMUNITY HEALTH CENTER,4728 N HABANA AVE # 100A,,TAMPA,FL,336147100,8135367291,OWNER,3336C0003X,tier_1_primary_pharmacy,Y,Y,
1467068197,AVM COMPOUNDING PHARMACY LLC,501 S LINCOLN AVE STE 203,,CLEARWATER,FL,337565945,7274474248,PRESIDENT,3336C0004X,tier_1_primary_pharmacy,Y,Y,
1760098354,"FLORIDA HEALTH CARE PLAN, INC",5151 BABCOCK ST NE,,PALM BAY,FL,329054610,3215677765,CEO,333600000X|3336M0003X,tier_1_primary_pharmacy,Y,Y,
1306452974,CURRY FORD PHARMACY LLC,4538 CURRY FORD RD,,ORLANDO,FL,328122711,4072379514,OWNER,333600000X|3336C0003X,tier_1_primary_pharmacy,Y,Y,
1689280851,UNIQUE PHARMACY CORP,7800 SW 87TH AVE STE 210B,,MIAMI,FL,331732537,7862664093,OWNER,3336C0003X,tier_1_primary_pharmacy,Y,Y,
1508473414,TU TE WELLNESS PHARMACY LLC,8563 ARGYLE BUSINESS LOOP STE 1,,JACKSONVILLE,FL,322446613,9046727604,MANAGING PARTNER,3336C0004X|3336C0003X,tier_1_primary_pharmacy,Y,Y,
1093322851,AL MANI HEALTH INSTITUTE,7710 NW 71ST CT STE 205A,,TAMARAC,FL,333212931,4433819200,PHARMACY MANAGER,3336C0002X|3336C0003X|333600000X,tier_1_primary_pharmacy,Y,Y,
1164039798,"CARE RESOURCE COMMUNITY HEALTH CENTERS, INC.",1800 SW 1ST ST,,MIAMI,FL,331351960,3055761234,CHIEF MEDICAL OFFICER,3336C0003X,tier_1_primary_pharmacy,Y,Y,
1669089892,DAYSPRING TREATMENT CENTER LLC,240 NW 183RD ST,,MIAMI,FL,331694462,7863445680,CEO,3336I0012X,tier_2_secondary_pharmacy,N,Y,
1033716279,"VILLAGE MEDICAL CENTER, LLC.",13400 SW 10TH ST,,PEMBROKE PINES,FL,330271833,9549001466,CEO/FINANCE,3336C0002X,tier_2_secondary_pharmacy,N,Y,
1598362519,"FAST & FRIENDLY LTC PHARMACY, LLC",3202 W BAKER ST,,PLANT CITY,FL,335632849,8137046857,OWNER,3336L0003X,tier_1_primary_pharmacy,Y,Y,
1366049983,CYPRESS CARE PHARMACY,970 CYPRESS VILLAGE BLVD,,SUN CITY CENTER,FL,335736830,8635295546,PHARMACY MANAGER,3336L0003X,tier_1_primary_pharmacy,Y,Y,
1023615606,AADESH RX LLC,518 S 6TH AVE,,WAUCHULA,FL,338733211,8637743536,PRESIDENT,3336L0003X,tier_1_primary_pharmacy,Y,Y,
1821696170,"ALL CARE PHARMACY, LLC",1839 CENTRAL AVE STE B,,ST PETERSBURG,FL,337138900,7273306991,DR,3336C0003X,tier_1_primary_pharmacy,Y,Y,
1487252391,MYCELIUM PHARMACY LLC,141 E COMMERCIAL BLVD,,FT LAUDERDALE,FL,333341623,9546165675,MANAGER/OWNER,333600000X,tier_1_primary_pharmacy,Y,Y,
1720686355,"MCR HEALTH, INC.",170 N LIME AVE,,SARASOTA,FL,342376122,9417764000,PRESIDENT & CEO,3336C0003X|333600000X,tier_1_primary_pharmacy,Y,Y,
1609474089,LEON MEDICAL CENTERS LLC,8881 NW 18TH TER,,DORAL,FL,331722624,3056315078,DIRECTOR OF PHARMACY,3336C0002X|3336C0004X,tier_1_primary_pharmacy,Y,Y,
1275132631,RIVIERA BEACH INTEGRATED CARE INC,31 W 20TH ST,,RIVIERA BEACH,FL,334046155,5615100471,EXECUTIVE DIRECTOR,3336C0002X,tier_1_primary_pharmacy,Y,Y,
1114526100,NEWGEN CLINICAL CARE PHARMACY LLC,6709 RIDGE RD STE 306,,PORT RICHEY,FL,346686834,7272033202,PHARMACIST IN CHARGE/OWNER,3336C0002X|3336C0003X,tier_1_primary_pharmacy,Y,Y,
1073112116,HL72 LLC,5193 CLARK RD,,SARASOTA,FL,342333213,9734798032,RPH MGR,3336C0003X,tier_1_primary_pharmacy,Y,Y,
1003415019,ADYA LLC,1572 CITRUS MEDICAL CT,,OCOEE,FL,347614547,4073375250,MANAGING MEMBER,3336C0003X,tier_1_primary_pharmacy,Y,Y,
1588264931,ROBALO SPECIALTY PHARMACY INC,2580 METROCENTRE BLVD STE 5,,WEST PALM BEACH,FL,334073100,5618808480,DIRECTOR,3336C0003X,tier_1_primary_pharmacy,Y,Y,
1053911883,NRC PHARMD INC,2700 IMMOKALEE RD STE 24,,NAPLES,FL,341101437,2394314217,OWNER/PHARMACIST,3336C0003X,tier_1_primary_pharmacy,Y,Y,
1588265961,"PUBLIX SUPER MARKETS, INC",835 COUNTY ROAD 210 W,,SAINT JOHNS,FL,32259,9044179248,VP PHARMACY,333600000X|3336C0003X,tier_1_primary_pharmacy,Y,N,PUBLIX
1659972016,"PUBLIX SUPER MARKETS, INC",5140 COUNTY LINE RD,,LAKELAND,FL,338111706,8639405000,VP PHARMACY,333600000X|3336C0003X,tier_1_primary_pharmacy,Y,N,PUBLIX
1972104305,"PUBLIX SUPER MARKETS, INC",8684 BEULAH RD,,PENSACOLA,FL,325265201,8504626503,VP PHARMACY,333600000X|3336C0003X,tier_1_primary_pharmacy,Y,N,PUBLIX
1952902363,1FAMILY1HEALTH PHARMACY INC,2803 SW 27TH AVE,,MIAMI,FL,331333701,8772037099,PRESIDENT,3336C0003X,tier_1_primary_pharmacy,Y,Y,
1326649781,"PUBLIX SUPER MARKETS, INC",930 NORTH MIAMI BEACH BLVD,,NORTH MIAMI BEACH,FL,33162,7866546396,VP PHARMACY,333600000X|3336C0003X,tier_1_primary_pharmacy,Y,N,PUBLIX
1548861990,"PUBLIX SUPER MARKETS, INC",2135 EVERGLADES LN,,THE VILLAGES,FL,321631037,3524615097,VP PHARMACY,333600000X|3336C0003X,tier_1_primary_pharmacy,Y,N,PUBLIX
1891396248,"PUBLIX SUPER MARKETS, INC",205 RIVERTOWN SHOPS DR,,SAINT JOHNS,FL,322597476,9042979334,VP PHARMACY,333600000X|3336C0003X,tier_1_primary_pharmacy,Y,N,PUBLIX
1225639388,MED PHARMACY INC,3421 SW 8TH ST,,MIAMI,FL,331354107,7868884633,PRESIDENT,3336C0003X,tier_1_primary_pharmacy,Y,Y,
1649871583,"FLORIDA COMMUNITY HEALTH CENTERS, INC.",9576 S US HIGHWAY 1,,PORT SAINT LUCIE,FL,349524217,7723374000,DIRECTOR OF PHARMACY,3336C0003X,tier_1_primary_pharmacy,Y,Y,
1053912832,"MULTICARE COMMUNITY SERVICES, INC",4055 NW 97TH AVENUE.,SUITE 105,DORAL,FL,33178,7866185368,PHARMACIST,333600000X,tier_2_secondary_pharmacy,N,Y,
1487255154,SHRI GOVIND LLC,200 MOODY BLVD,,FLAGLER BEACH,FL,321363372,3867770777,PHARMACIST IN CHARGE,3336L0003X,tier_1_primary_pharmacy,Y,Y,
1336741263,CAREMAX PHARMACY 725 LLC,5547 NORMANDY BLVD,,JACKSONVILLE,FL,322056246,9043742692,AUTHORIZED USER,3336C0003X|3336S0011X,tier_2_secondary_pharmacy,N,Y,
1003418948,CAREMAX PHARMACY LLC,2789 PARK ST STE B,,JACKSONVILLE,FL,322057607,9045519026,MBR/MGR,3336S0011X|3336C0003X|3336M0002X,tier_1_primary_pharmacy,Y,Y,
1952904781,ABDIN PHARMACIES PHARMA LLC,1301 W BOYNTON BEACH BLVD STE 9,,BOYNTON BEACH,FL,334263420,5618772051,OWNER,3336C0003X,tier_1_primary_pharmacy,Y,Y,
1104420876,COMMUNITY HEALTH CENTER OF PINELLAS INC,14100 58TH ST N,,CLEARWATER,FL,337609900,7278248181,CEO,333600000X,tier_1_primary_pharmacy,Y,Y,
1821692187,RISHIKRIPA INC,16640 S US HIGHWAY 301 STE 103,,WIMAUMA,FL,335984006,6303450679,OWNER/CEO,3336C0003X,tier_1_primary_pharmacy,Y,Y,
1366046450,ORLANDO HEALTH INC,701 6TH ST S,,ST PETERSBURG,FL,337014814,3218438535,VP FINANCE,3336C0003X,tier_1_primary_pharmacy,Y,Y,
1669076642,CVS PHARMACY,8900 SW 97TH AVE,,MIAMI,FL,331761936,3055989021,PHARMACIST,333600000X,tier_1_primary_pharmacy,Y,N,CVS
1124624937,BAPTIST HEALTH PHARMACY 101 LLC,8950 N KENDALL DR STE 102,,MIAMI,FL,331762131,7866620828,CEO,3336C0003X,tier_1_primary_pharmacy,Y,Y,
1336745595,CONNECT MEDS PHARMACY GROUP LLC,7854 SW 24TH ST,,MIAMI,FL,331556551,7866336234,PHARMACIST/OWNER,3336C0003X,tier_1_primary_pharmacy,Y,Y,
1528654506,"PROSPER INFUSION, INC.",12637 RACE TRACK RD,,WESTCHASE,FL,336261331,8137490786,CEO,3336C0003X|3336S0011X|3336H0001X,tier_1_primary_pharmacy,Y,Y,
1255927760,THE HOLISTIC APOTHECARY,1710 NW 7TH ST STE 9,,MIAMI,FL,331253520,7863532490,OWNER,333600000X,tier_1_primary_pharmacy,Y,Y,
1669068920,MAHIMN RX LLC,1905 W STATE ROAD 434,,LONGWOOD,FL,327506015,4073505925,OWNER/MANAGER,3336L0003X,tier_1_primary_pharmacy,Y,Y,
1598351843,"BAPTIST HEALTH PHARMACY 102, LLC",6200 SUNSET DR STE 102,,SOUTH MIAMI,FL,331434832,7866620828,CEO,3336S0011X,tier_1_primary_pharmacy,Y,Y,
1225624588,BAPTIST HEALTH PHARMACY 103 LLC,9555 SW 162ND AVE,,MIAMI,FL,331966408,7865956333,CEO,3336S0011X,tier_1_primary_pharmacy,Y,Y,
1518554856,SRQ CARE PHARMACY INC,4201 S TAMIAMI TRL,,SARASOTA,FL,342313627,9417501000,PHARMACIST IN CHARGE / CEO,3336C0004X|3336C0003X,tier_1_primary_pharmacy,Y,Y,
1841887767,"PELICAN VILLAGE PHARMACY, LLC",24830 S TAMIAMI TRL STE 1800,,BONITA SPRINGS,FL,341347017,2393190744,OWNER,3336C0003X,tier_1_primary_pharmacy,Y,Y,
1275120933,"PREVENT RX 3, LLC",2372 WILTON DR,,WILTON MANORS,FL,333052267,7547010225,CONTRACTING & LICENSING SPECIALIST,333600000X,tier_1_primary_pharmacy,Y,Y,
1922696046,LAKEVIEW CENTER INC,1201 W HERNANDEZ ST,,PENSACOLA,FL,325011815,8504693719,DIRECTOR OF PHARMACY,3336C0003X|3336L0003X,tier_1_primary_pharmacy,Y,Y,
1760070825,LITTLEROADPHARMACY LLC,4211 LITTLE RD # 4,,NEW PORT RICHEY,FL,346551606,7273725222,PHARMACIST/OWNER,3336L0003X,tier_1_primary_pharmacy,Y,Y,
1114516523,MIDWAY SPECIALTY CARE RX LLC,2608 NE 16TH AVE,,WILTON MANORS,FL,333344319,9549320691,DIRECTOR OF PHARMACY,3336C0003X,tier_1_primary_pharmacy,Y,Y,
1831788595,10RX LLC,1941 SE PORT ST LUCIE BLVD,,PORT ST LUCIE,FL,349525535,8882965525,PRESIDENT,3336M0002X,tier_1_primary_pharmacy,Y,Y,
1083204580,FINEST PHARMACY & COMPOUNDS LLC.,8410 W FLAGLER ST STE 105B,,MIAMI,FL,331442041,7865367346,PHARMACY MANAGER,3336C0003X,tier_1_primary_pharmacy,Y,Y,
1164012191,"PRONTO ONE PHARMACY, LLC",2955 ENTERPRISE RD STE 108,,DEBARY,FL,327132711,3862595400,PHARMACY MANAGER,3336C0003X,tier_1_primary_pharmacy,Y,Y,
1609466333,APB & J CORPORATION,1141 N DIXIE FWY,,NEW SMYRNA BEACH,FL,321686069,3864273459,OWNER/PIC,3336L0003X,tier_1_primary_pharmacy,Y,Y,
1649861790,360 MEDICAL CARE LLC,14107 CORTEZ BLVD,,BROOKSVILLE,FL,34613,3525499962,MANAGER,3336H0001X,tier_2_secondary_pharmacy,N,Y,
1225629496,"PRIMARY CARE MEDICAL SERVICES OF POINCIANA, INC.",1503 BILL BECK BLVD,,KISSIMMEE,FL,34744,4079438600,CEO,333600000X,tier_1_primary_pharmacy,Y,Y,
1558953265,"THE APOTHECARY AT DMH, LLC",900 N ROBERT AVE,,ARCADIA,FL,342668712,8634943535,CEO,3336C0003X,tier_1_primary_pharmacy,Y,Y,
1295327633,JRC COMPOUNDING,18114 POWELL RD,,BROOKSVILLE,FL,346048141,3523454849,MANAGER,3336C0003X,tier_1_primary_pharmacy,Y,Y,
1336731256,"PUBLIX SUPER MARKETS, INC",15050 SANDPIPER LANE,,NAPLES,FL,34114,2399630319,VP PHARMACY,333600000X|3336C0003X,tier_1_primary_pharmacy,Y,N,PUBLIX
1750974358,"TARUJ, INC.",2829 BIRD AVE STE 4,,MIAMI,FL,331334607,3054569542,OWNER-MANAGER,333600000X,tier_1_primary_pharmacy,Y,Y,
1154914414,SIA-SPECIALTY INFUSION APOTHECARY INC,3725 S HWY 27 STE 102,,CLERMONT,FL,34711,3524046083,OWNER,333600000X|3336S0011X|3336C0003X,tier_1_primary_pharmacy,Y,Y,
1952994204,SAINT MARY MEDICAL,4651 BABCOCK ST NE STE 5A,,PALM BAY,FL,329052808,3473091829,MANGER,3336C0003X,tier_1_primary_pharmacy,Y,Y,
1417541426,MEDWELL PHARMACY LLC,801 BEVILLE RD STE 103,,SOUTH DAYTONA,FL,321191861,3522134295,OWNER,3336C0003X,tier_1_primary_pharmacy,Y,Y,
1275127102,SUNSHINE PHARMACY OF CASSELBERRY LLC,2915 LAKEVIEW DR STE 1061,,CASSELBERRY,FL,327302009,4077907289,PHARMACY MANAGER,333600000X,tier_1_primary_pharmacy,Y,Y,
1407440290,ST.CLOUD PHARMACY&WELLNESS CENTER,2801 13TH ST,,SAINT CLOUD,FL,347694134,4075932959,MANAGER,3336L0003X,tier_1_primary_pharmacy,Y,Y,
1871188391,"PUBLIX SUPER MARKETS, INC",3171 S ORANGE AVE,,ORLANDO,FL,328066193,4072042317,VP PHARMACY,333600000X|3336C0003X,tier_1_primary_pharmacy,Y,N,PUBLIX
1740875269,"PUBLIX SUPER MARKETS, INC",3080 W KELLY PARK RD,,APOPKA,FL,32712,4075534516,VP PHARMACY,333600000X|3336C0003X,tier_1_primary_pharmacy,Y,N,PUBLIX
1881289304,"PUBLIX SUPER MARKETS, INC",30841 MIRADA BLVD,,SAN ANTONIO,FL,33576,3525881199,VP PHARMACY,333600000X|3336C0003X,tier_1_primary_pharmacy,Y,N,PUBLIX
1538754916,AT YOUR SERVICE PHARMACY,692 SW PRIMA VISTA BLVD,,PORT SAINT LUCIE,FL,349831835,3055286539,PRESIDENT/OWNER,333600000X|3336C0004X|3336M0003X|3336S0011X|3336C0003X,tier_1_primary_pharmacy,Y,Y,
1902491228,KAZE HEALTH,4648 E COUNTY ROAD 540A,,LAKELAND,FL,338134472,8635130673,OWNER,3336C0002X,tier_2_secondary_pharmacy,N,Y,
1003491689,PHYTOGENIX RX,4501 NW 31ST AVE STE 4,,OAKLAND PARK,FL,333093403,7542237701,PIC,333600000X|3336M0002X,tier_1_primary_pharmacy,Y,Y,
1811572407,MA SANTOSHI LLC,23388 STATE ROAD 54 STE 104,,LUTZ,FL,335496937,8133673752,OWNER,3336C0003X,tier_1_primary_pharmacy,Y,Y,
1790360261,"ONE HOMECARE SOLUTIONS, LLC",3351 EXECUTIVE WAY,,MIRAMAR,FL,33025,9546285296,PRESIDENT AND CEO,3336H0001X,tier_2_secondary_pharmacy,N,Y,
1265017685,HOLY TRINITY PHARMACY LTC LLC,10900 STATE ROAD 54 STE 102B,,TRINITY,FL,346552267,7273124384,OWNER,3336L0003X,tier_1_primary_pharmacy,Y,Y,
1811573041,"THE CLEVER CHEMIST, LLC",15032 SW 36TH ST,,DAVIE,FL,333312736,9543035480,MGR,3336C0003X,tier_1_primary_pharmacy,Y,Y,
1720664709,OVIEDO PHARMACY AND DRUG STORE LLC,784 S. CENTRAL AVE,,OVIEDO,FL,327653276,4079779779,PHARMACIST,3336C0004X|3336H0001X|3336C0003X,tier_1_primary_pharmacy,Y,Y,
1487230934,"JTJ MEDICAL SUPPLY, INC.",2105 N NEBRASKA AVE,,TAMPA,FL,336022558,8009392022,SECRETARY,3336C0003X,tier_1_primary_pharmacy,Y,Y,
1578140950,"SUPERIOR BIOLOGICS FLORIDA, INC",600 W HILLSBORO BLVD STE 130,,DEERFIELD BEACH,FL,334411610,9548032540,"PRESIDENT, TREASURER, SECRETARY",3336C0003X|3336S0011X|3336H0001X,tier_1_primary_pharmacy,Y,Y,
1568049914,AUBURNDALE FAMILY PHARMACY INC,382 HAVENDALE BLVD,,AUBURNDALE,FL,338234527,8636038104,PDM,3336C0003X,tier_1_primary_pharmacy,Y,Y,
1639757198,AMZ GROUP LLC,450 NE 125TH ST,,NORTH MIAMI,FL,331614754,3056771221,CFO,3336L0003X|3336C0003X,tier_1_primary_pharmacy,Y,Y,
1730767971,PUBLIC HEALTH TRUST OF MIAMI DADE COUNTY FLORIDA,2801 NW 79TH AVE,,DORAL,FL,331221174,7864661010,EVP CFO,3336C0003X,tier_1_primary_pharmacy,Y,Y,
1346829702,PUBLIC HEALTH TRUST OF MIAMI DADE COUNTY FLORIDA,2801 NW 79TH AVE,,DORAL,FL,331221174,7864661010,EVP/CFO,3336I0012X,tier_1_primary_pharmacy,Y,Y,
1720667868,ADV PHARMACY LLC,10212 SW 183RD ST,,MIAMI,FL,331575249,7864922354,OWNER,3336C0003X,tier_1_primary_pharmacy,Y,Y,
1235718305,"MD2RX, LLC",2460 N UNIVERSITY DR,,PEMBROKE PINES,FL,330243624,8662660514,PHARMACY MANAGER,3336C0003X,tier_1_primary_pharmacy,Y,Y,
1083293922,FRICKS PHARMACY LLC,921 DR MARTIN L KING JR DR APT C,,PENSACOLA,FL,325014090,8506654657,OWNER,3336C0003X|3336L0003X,tier_1_primary_pharmacy,Y,Y,
1396325684,ST. MARY AND ST. ANTHONY LLC,5045 TURNPIKE FEEDER RD,,FORT PIERCE,FL,349512247,7727428091,OWNER,3336C0003X,tier_1_primary_pharmacy,Y,Y,
1801476007,LENO RX,1640 NE 148TH ST,,NORTH MIAMI,FL,331811021,7864889030,PRESIDENT,3336C0003X|3336L0003X|3336S0011X,tier_1_primary_pharmacy,Y,Y,
1568042893,HANNA PHARMACY LLC,27650 BERMONT RD UNIT 4,,PUNTA GORDA,FL,339821996,9412905484,PHARMACY OWNER,3336C0003X,tier_1_primary_pharmacy,Y,Y,
1962082834,"COMMUNITY HEALTH CENTER, INC.",19108 E COLONIAL DR,,ORLANDO,FL,328203701,4079058827,DIRECTOR OF BILLING & MANAGED CARE,3336C0003X,tier_1_primary_pharmacy,Y,Y,
1700467800,MLINK RX LLC,15511 N FLORIDA AVE STE 601,,TAMPA,FL,336131242,2018921968,MANAGER,3336L0003X,tier_1_primary_pharmacy,Y,Y,
1043892979,"JESSIE TRICE COMMUNITY HEALTH SYSTEM, INC",5607 NW 27TH AVENUE,SUITE 1,MIAMI,FL,33142,3054991928,PRESIDENT & CEO,3336C0003X,tier_1_primary_pharmacy,Y,Y,
1790367472,ERICKSON PHARMACEUTICALS LLC,300 ARTHUR GODFREY RD STE 202A,,MIAMI BEACH,FL,331403627,7867066683,MANAGING MEMBER,3336C0003X,tier_1_primary_pharmacy,Y,Y,
1093397630,H & F PHARMACY LLC,7640 N WICKHAM RD STE 117,,MELBOURNE,FL,329408147,3212533535,DIRECTOR,3336C0003X|3336C0004X,tier_1_primary_pharmacy,Y,Y,
1356923544,RDD PHARMACY LLC,3063 MICHIGAN AVE,,KISSIMMEE,FL,347441501,4072166533,MEMBER,3336C0003X,tier_1_primary_pharmacy,Y,Y,
1023690070,CAREFREE PHARMACY LLC,3999 N DIXIE HWY,,BOCA RATON,FL,334314520,5168336262,OWNER,3336C0003X|3336M0002X|333600000X,tier_1_primary_pharmacy,Y,Y,
1821670811,JCR MEDICAL EQUIPMENT INC.,10650 NW 29TH TER,,DORAL,FL,331722195,3052627004,PRESIDENT,3336C0003X,tier_1_primary_pharmacy,Y,Y,
1649853383,VERITY HEALTHCARE LLC,514 E COLONIAL DR,,ORLANDO,FL,328034504,4072163474,OWNER,3336C0003X,tier_1_primary_pharmacy,Y,Y,
1457934929,PRIME CARE PHARMACY LLC,2176 MARINER BLVD,,SPRING HILL,FL,346093859,3526008083,AGENT,333600000X,tier_1_primary_pharmacy,Y,Y,
1992388235,TREASURE COAST COMMUNITY HEALTH INC,4675 28TH CT,,VERO BEACH,FL,329671329,7722578224,CEO,333600000X|3336C0002X,tier_1_primary_pharmacy,Y,Y,
1780268821,CONSULT RX PHARMACY,1119 E SUNRISE BLVD,,FORT LAUDERDALE,FL,333042809,9549905326,OWNER/PHARMACIST,3336C0003X,tier_1_primary_pharmacy,Y,Y,
1790368934,SOPURE PHARMACY LLC,5101 E BUSCH BLVD STE 9,,TAMPA,FL,336175380,8138200570,PRESIDENT/OWNER,3336C0003X,tier_1_primary_pharmacy,Y,Y,
1619551231,RIDDHINSHIVA PHARMACY LLC.,1569 N NOVA RD,,HOLLY HILL,FL,321173048,4077581047,PIC,3336C0003X,tier_1_primary_pharmacy,Y,Y,
1902480379,BETTER LIFE COMMUNITY PHARMACY LLC,13255 SW 137TH AVE # 110-111,,MIAMI,FL,331865326,7862504027,MANAGER,3336C0003X,tier_1_primary_pharmacy,Y,Y,
1063096568,ISHAANI LLC,2301 TAMIAMI TRL STE B,,PORT CHARLOTTE,FL,339523907,4045380092,OWNER,3336C0003X,tier_1_primary_pharmacy,Y,Y,
1598349821,"PUBLIX SUPER MARKETS, INC.",3942 S SUNCOAST BLVD,,HOMOSASSA,FL,344482601,3524235560,"VP, PHARMACY",333600000X|3336C0003X,tier_1_primary_pharmacy,Y,N,PUBLIX
1225602782,CITY RX LLC,715 E VINE ST STE 8,,KISSIMMEE,FL,347444232,7278314392,PHARMACIST,3336S0011X|3336C0003X,tier_1_primary_pharmacy,Y,Y,
1194399501,"CENTERWELL PHARMACY, INC.",12020 SEMINOLE BLVD,,LARGO,FL,337782805,7276556507,VP,333600000X|3336C0003X,tier_1_primary_pharmacy,Y,Y,
1467026724,"NABE PHARMACY, LLC",906 W SUNRISE BLVD STE B,,FORT LAUDERDALE,FL,333117131,9543686626,PRESIDENT,3336S0011X|3336C0003X,tier_1_primary_pharmacy,Y,Y,
1891360160,"COMPOUNDING DOCS, INC",1000 CLINT MOORE RD,,BOCA RATON,FL,334872818,8665881851,CEO/PRESIDENT,3336S0011X,tier_1_primary_pharmacy,Y,Y,
1174198196,"PUBLIX SUPER MARKETS, INC.",1100 6TH ST,,MIAMI BEACH,FL,331396312,3054597222,"VP, PHARMACY",333600000X|3336C0003X,tier_1_primary_pharmacy,Y,N,PUBLIX
1548835242,BAYSIDE PHARMACY LLC,205 1ST ST S STE 106,,WINTER HAVEN,FL,338803266,8633774774,PHARMACY DIRECTOR,3336L0003X,tier_1_primary_pharmacy,Y,Y,
1649845181,"PUBLIX SUPER MARKETS, INC.",10601 US HIGHWAY 441 STE D,,LEESBURG,FL,347887241,3526306295,"VP, PHARMACY",333600000X|3336C0003X,tier_1_primary_pharmacy,Y,N,PUBLIX
1386219822,VMSA L.L.C,1028 E OSCEOLA PKWY,,KISSIMMEE,FL,347441607,7275056797,OWNER,3336C0003X,tier_1_primary_pharmacy,Y,Y,
1336716356,ACCORD SPECIALTY LLC,2752 ENTERPRISE RD STE B,,ORANGE CITY,FL,327638328,3864563000,OWNER,3336H0001X|3336C0003X,tier_1_primary_pharmacy,Y,Y,
1245808583,"PUBLIX SUPER MARKETS, INC.",175 S BARFIELD DR,,MARCO ISLAND,FL,341455143,2393941220,"VP, PHARMACY",333600000X|3336C0003X,tier_1_primary_pharmacy,Y,N,PUBLIX
1417525700,"PUBLIX SUPER MARKETS, INC.",1685 N HANCOCK RD,,MINNEOLA,FL,34711,3522419347,"VP, PHARMACY",333600000X|3336C0003X,tier_1_primary_pharmacy,Y,N,PUBLIX
1407424724,"PUBLIX SUPER MARKETS, INC.",42051 CYPRESS PARKWAY,,BABCOCK RANCH,FL,33982,2395671029,"VP, PHARMACY",333600000X|3336C0003X,tier_1_primary_pharmacy,Y,N,PUBLIX
1174192843,"HEART OF FLORIDA HEALTH CENTER, INC",5051 SE 110TH ST,,BELLEVIEW,FL,344203115,3527326599,CEO,3336C0003X,tier_1_primary_pharmacy,Y,Y,
1972172690,LAKEN PHARMACY LLC,4352 W VINE ST,,KISSIMMEE,FL,347466313,4074790033,PHARMACIST,3336C0004X|3336C0003X,tier_1_primary_pharmacy,Y,Y,
1093384562,GRAND 7TH PHARMACY AND DISCOUNT LLC,923 S STATE ROAD 7,,PLANTATION,FL,333174501,9547947268,OWNER,3336C0003X,tier_1_primary_pharmacy,Y,Y,
1316516602,ADVANCED SCRIPTS LLC,2836 ENTERPRISE RD STE 5,,DEBARY,FL,327135210,3868451200,PHARMACIST,3336C0003X,tier_1_primary_pharmacy,Y,Y,
1972172120,ASPIRE HOME CARE SERVICES INC,149 S RIDGEWOOD AVE STE 300A,,DAYTONA BEACH,FL,321144386,3863108955,EXECUTIVE ADMINISTRATIVE ASSISTANT,3336S0011X,tier_1_primary_pharmacy,Y,Y,
1578132395,"PUBLIX SUPER MARKETS, INC",1200 CHAMPIONS DR,,DAVENPORT,FL,338977423,8632561104,VP PHARMACY,333600000X|3336C0003X,tier_1_primary_pharmacy,Y,N,PUBLIX
1487223202,"PUBLIX SUPER MARKETS, INC",14561 PALM BEACH BLVD STE 150,,FORT MYERS,FL,339052327,2392025163,VP PHARMACY,333600000X|3336C0003X,tier_1_primary_pharmacy,Y,N,PUBLIX
1205406055,"HEALTHSIDE, INC.",4730 NW 2ND AVE STE 201,,BOCA RATON,FL,334314169,5612220275,GENERAL COUNSEL,333600000X,tier_2_secondary_pharmacy,N,Y,
1558931212,PHARMACY ONE Y MAS LLC.,6741 SW 24TH ST STE 52&53,,MIAMI,FL,331551762,3059518170,MANAGING MEMBER,3336C0003X,tier_1_primary_pharmacy,Y,Y,
1760052252,LUX PHARMACY CORP,13205 SW 137TH AVE STE 104,,MIAMI,FL,331865333,7864329111,PRESIDENT,333600000X,tier_1_primary_pharmacy,Y,Y,
1063082451,ROCKET RX PHARMACY CORP,729 E 9TH ST,,HIALEAH,FL,330104553,7867735845,VICE PRES,3336C0003X,tier_1_primary_pharmacy,Y,Y,
1235709627,WELLNESS CENTRAL COMPANY LLC,175 SALEM CT,,TALLAHASSEE,FL,323012809,8502221963,PHARMACIST IN CHARGE,333600000X|3336C0002X|3336C0003X,tier_1_primary_pharmacy,Y,Y,
1235709734,MEDWAY RX LLC,3010 E 138TH AVE STE 102,,TAMPA,FL,336133902,4078013371,OWNER/MANAGER,3336C0003X,tier_1_primary_pharmacy,Y,Y,
1265002760,AVERT LLC,2218 S JOG RD,,GREENACRES,FL,334156101,5617290857,PHARMACY MANAGER,3336C0004X,tier_1_primary_pharmacy,Y,Y,
1417527771,IA SUPPLY PHARMACY CORP,6903 W FLAGLER ST,,MIAMI,FL,331442846,7869538021,PRESIDENT,3336C0003X,tier_2_secondary_pharmacy,N,Y,
1487224838,ST. MARY AND ST. ANTHONY LLC,378 SE PORT ST LUCIE BLVD,,PORT SAINT LUCIE,FL,349845111,7727131244,OWNER,3336C0003X,tier_1_primary_pharmacy,Y,Y,
1134790900,ANAY INVESTMENTS LLC,126 S COUNTY ROAD 315 STE A,,INTERLACHEN,FL,321485418,3864003545,MANAGING MEMBER AO,3336C0003X,tier_1_primary_pharmacy,Y,Y,
1558932335,SG PHARMACEUTICALS LLC,13191 STARKEY RD STE 3,,LARGO,FL,337731438,7275924588,PRESIDENT,3336L0003X,tier_1_primary_pharmacy,Y,Y,
1891366423,"CANCER SPECIALISTS, LLC",7015 A C SKINNER PKWY STE 2,,JACKSONVILLE,FL,322566932,9045192720,CEO,3336S0011X,tier_1_primary_pharmacy,Y,Y,
1689245839,"CENTRAL FLORIDA FAMILY HEALTH CENTER, INC",11881-A EAST COLONIAL DRIVE,,ORLANDO,FL,32826,4073228645,CEO,3336C0003X,tier_1_primary_pharmacy,Y,Y,
1326619529,"DIRECT CARE PHARMACY, LLC",3117 INNOVATION DR,,SAINT CLOUD,FL,347696501,4074772345,PHARMACIST,3336L0003X,tier_1_primary_pharmacy,Y,Y,
1720650674,"TAMPA FAMILY HEALTH CENTERS, INC",1212 E BEARSS AVE,,LUTZ,FL,335493525,8133985300,CEO,3336C0003X,tier_1_primary_pharmacy,Y,Y,
1801468541,"QRCPC PHARMACY, INC",5620 CHERRY ST STE A,,PANAMA CITY,FL,324046734,8503884333,PRESIDENT,3336H0001X,tier_1_primary_pharmacy,Y,Y,
1548832116,"PUBLIX SUPER MARKETS, INC.",10301 SE US HIGHWAY 441,,BELLEVIEW,FL,344202807,3522036007,"VP, PHARMACY",333600000X|3336C0003X,tier_1_primary_pharmacy,Y,N,PUBLIX
1700458379,"PUBLIX SUPER MARKETS, INC.",2655 NE 35TH ST,,OCALA,FL,344793005,3524216648,"VP, PHARMACY",333600000X|3336C0003X,tier_1_primary_pharmacy,Y,N,PUBLIX
1184296576,"HEART OF FLORIDA HEALTH CENTER, INC",1536 S PINE AVE,,OCALA,FL,344716546,3527326599,CEO,3336C0003X,tier_1_primary_pharmacy,Y,Y,
1184296238,"MAGNUM COMPOUNDING, LLC",490 W 84TH ST,,HIALEAH,FL,330143615,7866222301,OWNER,3336C0004X,tier_1_primary_pharmacy,Y,Y,
1740852839,BHABHARAM MAHARAJ LLC,1426 S PINE AVE,,OCALA,FL,344716544,3216842888,OWNER,3336C0003X,tier_1_primary_pharmacy,Y,Y,
1215500335,GOOD RX CENTURY PHARMACY LLC,1200 NW 78TH AVE STE 113,,DORAL,FL,331261816,3056421040,OFFICER,333600000X,tier_1_primary_pharmacy,Y,Y,
1003489840,RXLIVE FLORIDA LLC,1211 1ST AVE N STE 204,,ST PETERSBURG,FL,337051567,8662344974,MANAGING MEMBER,333600000X,tier_1_primary_pharmacy,Y,Y,
1932772613,"PREMIUM HEALTHCARE, LLC",2400 SW 69TH AVE STE 120,,MIAMI,FL,331552947,3054135070,PHARMACY MANAGER,333600000X|3336C0003X|3336C0004X,tier_1_primary_pharmacy,Y,Y,
1487227039,PBOS LLC,1401 NW 136TH AVE,SUITE 400,SUNRISE,FL,33323,9548744600,COO,333600000X,tier_1_primary_pharmacy,Y,Y,
1023681202,"PUBLIX SUPER MARKETS, INC",11495 BIRD RD,,MIAMI,FL,331653311,3055531399,VP PHARMACY,333600000X|3336C0003X,tier_1_primary_pharmacy,Y,N,PUBLIX
1255004412,"PUBLIX SUPER MARKETS, INC",12541 YELLOW BLUFF RD,,JACKSONVILLE,FL,32226,9049160630,VP PHARMACY,333600000X|3336C0003X,tier_1_primary_pharmacy,Y,N,PUBLIX
1790458958,"PUBLIX SUPER MARKETS, INC",5100 PINE ISLAND RD NW,,BOKEELIA,FL,33922,2395586087,VP PHARMACY,333600000X|3336C0003X,tier_1_primary_pharmacy,Y,N,PUBLIX
1215600481,"PUBLIX SUPER MARKETS, INC",8605 SE FEDERAL HWY,,HOBE SOUND,FL,334556026,7724029525,VP PHARMACY,333600000X|3336C0003X,tier_1_primary_pharmacy,Y,N,PUBLIX
1295408466,"PUBLIX SUPER MARKETS, INC",3540 SE FEDERAL HWY,,STUART,FL,34997,7724036608,VP PHARMACY,333600000X|3336C0003X,tier_1_primary_pharmacy,Y,N,PUBLIX
1104599372,"PUBLIX SUPER MARKETS, INC",11200 S MILITARY TRAIL,,GOLF,FL,33436,5619033140,VP PHARMACY,333600000X|3336C0003X,tier_1_primary_pharmacy,Y,N,PUBLIX
1942973714,TALANCO ONE INC,9250 NW 25TH ST,,DORAL,FL,331721503,3055379511,VICE PRESIDENT,3336C0003X,tier_1_primary_pharmacy,Y,Y,
1881367605,"PUBLIX SUPER MARKETS, INC",5050 CHAMPION BLVD,,BOCA RATON,FL,334964438,5612269815,VP PHARMACY,333600000X|3336C0003X,tier_1_primary_pharmacy,Y,N,PUBLIX
1366115628,HARMONY DISCOUNT PHARMACY,25 E 13TH ST STE 11,,SAINT CLOUD,FL,347694746,6892261067,MBR MAGR,333600000X|3336L0003X,tier_1_primary_pharmacy,Y,Y,
1326712233,XCELLENCEHEALTH MANAGEMENT GROUP,784 S CENTRAL AVE,,OVIEDO,FL,327653276,4079779779,PARTNER,333600000X,tier_1_primary_pharmacy,Y,Y,
1720752611,"ESCAMBIA COMMUNITY CLINICS, INC",6671 CAROLINE ST,,MILTON,FL,325704781,8509819433,CEO,3336C0002X,tier_1_primary_pharmacy,Y,Y,
1497429294,AKSHAR PHARMA LLC,820 PALM BAY RD NE STE 108,,PALM BAY,FL,329056351,3213275814,DIRECTOR,3336L0003X,tier_1_primary_pharmacy,Y,Y,
1811661440,"TAMPA FAMILY HEALTH CENTERS, INC",2808 W. MARTIN LUTHER KING BLVD,,TAMPA,FL,33607,8133975300,CEO,3336C0002X|3336C0003X,tier_1_primary_pharmacy,Y,Y,
1477228229,"PHARMACY AT THE REEF, LLC",31 OCEAN REEF DR STE A100,,KEY LARGO,FL,330375281,3057807136,OWNER,3336C0003X,tier_1_primary_pharmacy,Y,Y,
1720753304,PIYASI LLC,2458 N STATE ROAD 7,,MARGATE,FL,330635742,9542632212,PHARMACIST/OWNER,3336C0003X,tier_1_primary_pharmacy,Y,Y,
1811662372,"ONCOLOGY SPECIALTY PHARMACY, LLC",14412 COMMERCE WAY,,MIAMI LAKES,FL,330161508,7865278200,VP OF PHARMACY,3336S0011X,tier_1_primary_pharmacy,Y,Y,
1053087411,U TRUST PHARMACY INC,6974 PEMBROKE RD,,PEMBROKE PINES,FL,330232676,9545890585,PRESIDENT,3336L0003X,tier_1_primary_pharmacy,Y,Y,
1629744941,SHREEJI 16 INC,2012 S PINE AVE,,OCALA,FL,344718192,3523484049,PHARMACIST IN CHARGE,333600000X|3336L0003X|3336S0011X|3336C0003X,tier_1_primary_pharmacy,Y,Y,
1750057246,"TRENTON MEDICAL CENTER, INC.",200 SW 62ND BLVD,,GAINESVILLE,FL,326076030,3526642266,CEO,3336C0003X,tier_1_primary_pharmacy,Y,Y,
1871269795,SHUBHOM RX LLC,415 53RD AVE W,,BRADENTON,FL,342073416,9417734460,OWNER,333600000X|3336C0003X,tier_1_primary_pharmacy,Y,Y,
1295401149,PREMIER ACT ENTERPRISES LLC,11270 4TH ST N STE 206,,SAINT PETERSBURG,FL,337162937,7273175825,OWNER,333600000X,tier_1_primary_pharmacy,Y,Y,
1144996893,CAMALICHE PHARMACY,2750 W 68TH ST STE 112,,HIALEAH,FL,330165447,7864329222,OWNER/PHARMACIST,3336C0003X,tier_1_primary_pharmacy,Y,Y,
1629744263,ORLANDO HEALTH INC.,1920 DON WICKHAM DR STE 135,,CLERMONT,FL,347111978,4074070130,VP FINANCE,3336C0003X,tier_1_primary_pharmacy,Y,Y,
1336815950,"JTJ MEDICAL SUPPLY, INC.",8390 N PALAFOX ST STE 130,,PENSACOLA,FL,325343735,8009392022,SECRETARY,3336C0003X,tier_1_primary_pharmacy,Y,Y,
1588331433,"PUBLIX SUPER MARKETS, INC",4975 AVILA AVE,,AVE MARIA,FL,341429562,2396754025,VP PHARMACY,333600000X|3336C0003X,tier_1_primary_pharmacy,Y,N,PUBLIX
1740958081,"AON PHARMACY, LLC",14543 GLOBAL PKWY STE 110,,FORT MYERS,FL,339139446,8338861725,PHARMACY MANAGER,3336S0011X|3336C0003X,tier_1_primary_pharmacy,Y,Y,
1699443895,"Z & G PHARMACY, LLC",3680 N WICKHAM RD STE C,,MELBOURNE,FL,329352327,3216084949,OWNER & PIC,3336C0003X,tier_1_primary_pharmacy,Y,Y,
1356019707,ADVENTIST HEALTH SYSTEM SUNBELT HEALTHCARE CORPORATION,5050 WESLEY RD STE 120,,APOPKA,FL,327125908,8554409068,PHARMACY MANAGER,3336S0011X,tier_1_primary_pharmacy,Y,Y,
1124797923,LATIN BARRIO PHARMACY &DISCOUNT INC,1456 NW 17TH AVE,,MIAMI,FL,331252323,7863107977,PRESIDENT,3336C0003X,tier_1_primary_pharmacy,Y,Y,
1497424550,"COMMUNITY HEALTH CENTERS, INC.",19108 E COLONIAL DR,,ORLANDO,FL,328203701,4079058827,CFO,3336C0003X,tier_1_primary_pharmacy,Y,Y,
1790455087,"FAMILY HEALTH CENTERS OF SOUTHWEST FLORIDA, INC.",2232 GRAND AVE,,FORT MYERS,FL,339013717,2393442310,PRESIDENT/CEO,3336C0002X,tier_1_primary_pharmacy,Y,Y,
1750051041,"FAMILY HEALTH CENTERS OF SOUTHWEST FLORIDA, INC.",19701 S TAMIAMI TRL,,FORT MYERS,FL,339084818,2393141683,PRESIDENT/CEO,3336C0002X,tier_1_primary_pharmacy,Y,Y,
1275203564,"FAMILY HEALTH CENTERS OF SOUTHWEST FLORIDA, INC.",316 DEL PRADO BLVD S,,CAPE CORAL,FL,339901710,2392264580,PRESIDENT/CEO,3336C0002X,tier_1_primary_pharmacy,Y,Y,
1962172213,RECHARGE LLC,47 SW 17TH ST STE B,,OCALA,FL,344718104,3525129996,PIC,3336C0004X|333600000X,tier_1_primary_pharmacy,Y,Y,
1164193108,MT. DORA PHARMACY LLC,461 PLAZA DR,,EUSTIS,FL,327266523,3527296557,OWNER,3336L0003X,tier_1_primary_pharmacy,Y,Y,
1124799754,NP PHARMACY LLC,5944 34TH ST N STE 1,,ST PETERSBURG,FL,337141211,7276239856,OWNER,3336C0003X,tier_1_primary_pharmacy,Y,Y,
1902577232,OUR HOLLYWOOD PHARMACY INC.,2006 HOLLYWOOD BLVD,,HOLLYWOOD,FL,330204525,5614448888,STORE MANAGER,3336C0003X,tier_1_primary_pharmacy,Y,Y,
1841962958,VISHNUH LLC,10475 COUNTY LINE RD,,SPRING HILL,FL,346095695,3526006699,MGR,3336L0003X|3336S0011X|3336C0003X,tier_1_primary_pharmacy,Y,Y,
1811669476,"EMERGE PHARMACY OF FLORIDA, INC.",2030 S PATRICK DR STE 2,,INDIAN HARBOUR BEACH,FL,329374400,3218025850,CEO,3336C0003X,tier_1_primary_pharmacy,Y,Y,
1912679523,"CENTRAL FLORIDA HEALTH CARE, INC.",130 RIDGE CENTER DR,,DAVENPORT,FL,338376413,8662348534,CEO,333600000X,tier_1_primary_pharmacy,Y,Y,
1396417564,EZ RX BONITA SPRINGS LLC,13141 MCGREGOR BLVD STE 7,,FORT MYERS,FL,339195926,2393015058,PRESIDENT,3336C0003X|3336L0003X|3336S0011X,tier_1_primary_pharmacy,Y,Y,
1336811645,BAPTIST HEALTH PHARMACY #107 LLC,1228 S PINE ISLAND RD STE 140,,PLANTATION,FL,333244580,9543774679,CEO,3336S0011X,tier_1_primary_pharmacy,Y,Y,
1285396143,"AGAPE COMMUNITY HEALTH CENTER, INC",1680 DUNN AVENUE,SUITE 38,JACKSONVILLE,FL,32218,9047604904,CHIEF EXECUTIVE OFFICER,3336C0003X,tier_1_primary_pharmacy,Y,Y,
1215699756,"OUR NEIGHBORHOOD PHARMACY, INC",4019 MONCRIEF RD,,JACKSONVILLE,FL,322093933,8336337487,VICE PRESIDENT,333600000X,tier_1_primary_pharmacy,Y,Y,
1336802602,VIHAS LLC,2706 W SAINT ISABEL ST,,TAMPA,FL,336076382,8137716075,PHARMACY MANAGER,3336C0003X,tier_1_primary_pharmacy,Y,Y,
1629731534,EASY COMFORT INC,1711 W 38TH PL STE 1207,,HIALEAH,FL,330127034,7864311660,OWNER/ PRESIDENT,3336C0003X,tier_1_primary_pharmacy,Y,Y,
1700549615,SCRIPTS PHARMACY 2 LLC,2789 BROWNWOOD BLVD.,,THE VILLAGES,FL,32163,7273895900,MGRM,3336L0003X|3336C0003X,tier_1_primary_pharmacy,Y,Y,
1689337354,"PUBLIX SUPER MARKETS, INC",5854 DOGWOOD DR,,MILTON,FL,325703576,8505642670,VP PHARMACY,333600000X|3336C0003X,tier_1_primary_pharmacy,Y,N,PUBLIX
1992468755,NORTHLAKE PHARMACY LLC,9091 N MILITARY TRL STE 17,,PALM BEACH GARDENS,FL,334105983,5616199900,MANAGER,3336L0003X,tier_1_primary_pharmacy,Y,Y,
1679236269,"NFM RX, LLC",16251 N CLEVELAND AVE STE 13,,NORTH FORT MYERS,FL,339032176,2395992926,PIC,3336C0003X,tier_1_primary_pharmacy,Y,Y,
1720742786,CHILDRENS DIAGNOSTIC & TREATMENT CENTER INC,1401 S FEDERAL HWY,,FORT LAUDERDALE,FL,333162619,9547281080,INTERIM CFO,3336C0003X|333600000X,tier_1_primary_pharmacy,Y,Y,
1922763028,GRACE PHARMACY SOLUTIONS LLC,80 PINNACLES DR STE 900,,PALM COAST,FL,321642915,3862637370,"PHARMACY MANAGER, OWNER",3336L0003X,tier_1_primary_pharmacy,Y,Y,
1528723640,"UPTOWN HEALTH, LLC",258 E ALTAMONTE DR,,ALTAMONTE SPRINGS,FL,327014332,4072125589,OWNER,333600000X,tier_2_secondary_pharmacy,N,Y,
1982369906,B & P PHARMACY CORPORATION,2961 DUFF RD,,LAKELAND,FL,338102188,8637382729,MANAGER,3336L0003X|3336C0003X,tier_1_primary_pharmacy,Y,Y,
1891450813,"ESCAMBIA COMMUNITY CLINICS, INC",4350 BAYOU BLVD STE 5,,PENSACOLA,FL,325032689,8504844338,CEO,3336C0002X,tier_1_primary_pharmacy,Y,Y,
1699430413,PALMS PHARMACY INC,17008 PALM POINTE DR,,TAMPA,FL,336473504,8132529063,OWNER,3336L0003X,tier_1_primary_pharmacy,Y,Y,
1578228375,LA LAKERS,2101 NE 2ND ST APT 114,,GAINESVILLE,FL,326098626,3527928069,OSTEOPATHIC MEDICINE PHYSICIAN,333600000X,tier_2_secondary_pharmacy,N,Y,
1003571647,"METRO TREATMENT OF FLORIDA, LP",1241 BLANDING BLVD STE 5,,ORANGE PARK,FL,320655908,4073517080,CFO,3336C0002X,tier_2_secondary_pharmacy,N,Y,
1669137360,"PUBLIX SUPER MARKETS, INC",10065 CLEARY BLVD,,PLANTATION,FL,333241063,9544127997,VP PHARMACY,333600000X|3336C0003X,tier_1_primary_pharmacy,Y,N,PUBLIX
1285399915,"PUBLIX SUPER MARKETS, INC",20951 OLD CUTLER ROAD,,CUTLER BAY,FL,33189,3059644017,VP PHARMACY,333600000X|3336C0003X,tier_1_primary_pharmacy,Y,N,PUBLIX
1407511108,"PUBLIX SUPER MARKETS, INC",3815 TAMIAMI TRL E,,NAPLES,FL,341126224,2399630231,VP PHARMACY,333600000X|3336C0003X,tier_1_primary_pharmacy,Y,N,PUBLIX
1487319109,"PUBLIX SUPER MARKETS, INC",76010 WILLIAM BURGESS BLVD,,YULEE,FL,32097,9048756180,VP PHARMACY,333600000X|3336C0003X,tier_1_primary_pharmacy,Y,N,PUBLIX
1477219012,"PUBLIX SUPER MARKETS, INC",8160 WILES RD,,CORAL SPRINGS,FL,330672041,9546885208,VP PHARMACY,333600000X|3336C0003X,tier_1_primary_pharmacy,Y,N,PUBLIX
1265198709,SUPERIOR PHARMACY OF TEMPLE TERRACE LLC,9780 N 56TH ST STE D,,TEMPLE TERRACE,FL,336175508,8139891351,PHARMACY MANAGER,3336L0003X,tier_1_primary_pharmacy,Y,Y,
1578229084,SCC PHARMACY LLC,4950 SW 8TH ST,,CORAL GABLES,FL,331342400,3053921027,MANAGING MEMBER,3336C0003X,tier_1_primary_pharmacy,Y,Y,
1881350221,"PUBLIX SUPER MARKETS, INC",4173 S TAMIAMI TRL,,VENICE,FL,342935111,9412369200,VP PHARMACY,333600000X|3336C0003X,tier_1_primary_pharmacy,Y,N,PUBLIX
1093471401,"PROSPER INFUSION, INC.",12637 RACE TRACK RD,,WESTCHASE,FL,336261331,8137490786,PRESIDENT,333600000X|3336H0001X|3336C0003X,tier_1_primary_pharmacy,Y,Y,
1912663378,WALDRUG LLC,1950 W HILLSBORO BLVD STE 102,,DEERFIELD BEACH,FL,334421445,5616581362,OWNER,3336C0003X,tier_1_primary_pharmacy,Y,Y,
1346906732,FOUNDCARE INC,5867 OKEECHOBEE BLVD,,WEST PALM BEACH,FL,334174344,5614325849,CEO,3336C0003X,tier_1_primary_pharmacy,Y,Y,
1942966361,NORTH BROWARD HOSPITAL DISTRICT,1401 S FEDERAL HWY,,FORT LAUDERDALE,FL,333162619,9547281080,INTERIM CFO,3336C0003X|333600000X,tier_1_primary_pharmacy,Y,Y,
1821754037,"JACKSON DRUGS, LLC",2301 OKEECHOBEE RD,,FORT PIERCE,FL,349506597,7724643784,OWNER/PHARMACY MANAGER,3336L0003X,tier_1_primary_pharmacy,Y,Y,
1164189031,RX CARE 11 LLC,1201 PIPER BLVD STE 12,,NAPLES,FL,341101381,2393307792,OWNER,3336L0003X,tier_1_primary_pharmacy,Y,Y,
1174280911,ST. MARY AND ST. ANTHONY LLC,595 21ST ST UNIT 100,,VERO BEACH,FL,329605449,7727139303,OWNER/MGR,3336C0003X,tier_1_primary_pharmacy,Y,Y,
1790442515,"INTEGRATED COMPREHENSIVE URGENT CARE, LLC.",9090 SW 87TH CT STE 100,,MIAMI,FL,331762317,3054567951,PRESIDENT,3336C0002X,tier_1_primary_pharmacy,Y,Y,
1285393694,PATIENT PROVIDER NETWORK LLC,1700 N DIXIE HWY STE 140,,BOCA RATON,FL,334321808,7274152308,AMBR,3336C0004X,tier_2_secondary_pharmacy,N,Y,
1174282529,TITA PHARMA LLC,2705 54TH AVE N STE 1,,ST PETERSBURG,FL,337141940,7273719898,PHARMACIST,3336C0003X,tier_1_primary_pharmacy,Y,Y,
1437818705,"MY PHARMACY PUNTA GORDA, LLC",514 EAST GRACE STREET,,PUNTA GORDA,FL,33950,4079683324,OWNER,333600000X,tier_1_primary_pharmacy,Y,Y,
1366102246,"EQUISCRIPTRX, LLC",307 CRANES ROOST BLVD STE 1048,,ALTAMONTE SPRINGS,FL,327013441,8552661443,PHARMACIST IN CHARGE,333600000X,tier_1_primary_pharmacy,Y,Y,
1629738497,"EAST COAST COMPOUNDING & PHARMACY, LLC",1617 ATLANTIC BLVD,,JACKSONVILLE,FL,322073300,8502910892,OWNER,3336C0004X|3336C0003X,tier_1_primary_pharmacy,Y,Y,
1548920143,"JESSIE TRICE COMMUNITY HEALTH SYSTEM, INC",20612 NW 27TH AVENUE,,MIAMI GARDENS,FL,33056,3058351615,PRESIDENT & CEO,3336C0003X,tier_1_primary_pharmacy,Y,Y,
1912667502,"JESSIE TRICE COMMUNITY HEALTH SYSTEM, INC",901 EAST 10TH AVENUE,SUITE 39,HIALEAH,FL,33010,3058351578,PRESIDENT & CEO,3336C0003X,tier_1_primary_pharmacy,Y,Y,
1104586684,"BAYCARE URGENT CARE, LLC","11178 STATE ROAD 54, SUITE B",,NEW PORT RICHEY,FL,34655,7272819065,VP,333600000X,tier_1_primary_pharmacy,Y,Y,
1114687688,"BAYCARE URGENT CARE, LLC",18610 FERNVIEW STREET,,LAND O LAKES,FL,346386212,7272819065,"VP, PATIEND FINANCIAL SERVICES",333600000X,tier_1_primary_pharmacy,Y,Y,
1053071365,THOROUGH PHARMACISTS INC,2151 S ALT A1A STE 1500,,JUPITER,FL,334773901,5617411191,PRESIDENT,3336C0004X,tier_1_primary_pharmacy,Y,Y,
1659031961,"FIRST CHOICE PEDIATRICS, INC",501 W STATE ROAD 434,,WINTER SPRINGS,FL,327082485,4072491234,PRESIDENT,3336C0004X|3336C0003X,tier_1_primary_pharmacy,Y,Y,
1134889314,"PUBLIX SUPER MARKETS, INC",171 TOWN AND COUNTRY DR,,PALATKA,FL,321773962,3866436234,VP PHARMACY,333600000X|3336C0003X,tier_1_primary_pharmacy,Y,N,PUBLIX
1558022376,"BEST PHARMACY, LLC",1165 W 49TH ST STE 208,,HIALEAH,FL,330123373,7862378376,MANAGER,3336C0003X,tier_1_primary_pharmacy,Y,Y,
1528729480,MANUEL D GONZALEZ MD PA,2141 NW 7TH ST,,MIAMI,FL,331253483,7866880105,AUTHORIZED OFFICIAL,333600000X,tier_1_primary_pharmacy,Y,Y,
1023779824,1GOOD PHARMACY CORP,6460 SW 8 ST,,MIAMI,FL,331446045,7862547240,PRESIDENT,3336C0003X,tier_1_primary_pharmacy,Y,Y,
1477214336,HEALTH CARE DISTRICT OF PALM BEACH COUNTY,2051 45TH ST STE 300,,WEST PALM BEACH,FL,334072031,5616421000,CEO,3336C0003X,tier_1_primary_pharmacy,Y,Y,
1629739115,APTA MEDS LLC,1617 34TH ST S STE B,,SAINT PETERSBURG,FL,337112855,8139673810,MANAGER,3336L0003X,tier_1_primary_pharmacy,Y,Y,
1033870209,AV PHARMA LLC,1545 UNIVERSITY BLVD N STE A,,JACKSONVILLE,FL,322115229,8442248493,DIRECTOR,3336S0011X|333600000X,tier_1_primary_pharmacy,Y,Y,
1891446050,BLISS SCRIPTS LLC,3901 E COLONIAL DR,,ORLANDO,FL,328035230,8004219390,MANAGING MEMBER,3336C0003X,tier_1_primary_pharmacy,Y,Y,
1104577865,SHRIJI SWAMI LLC,1301 MONUMENT RD STE 22,,JACKSONVILLE,FL,322256462,9047273434,MANAGING MEMBER,3336S0011X,tier_1_primary_pharmacy,Y,Y,
1255083945,SHEPHERD PHARMACY INC,7191 66TH ST N,,PINELLAS PARK,FL,337814004,7278737444,OWNER/PHARMACIST,3336L0003X,tier_1_primary_pharmacy,Y,Y,
1790438166,SCOTTPHARM ENTERPRISES LLC,2720 US 1 S STE A,,SAINT AUGUSTINE,FL,320866371,9044847775,DIRECTOR,3336L0003X|3336C0003X,tier_1_primary_pharmacy,Y,Y,
1023760485,CAAS LLC,1086 KANE CONCOURSE,,BAY HARBOR ISLANDS,FL,331542107,9546496262,PHARMACY MANAGER/OWNER,3336C0003X,tier_1_primary_pharmacy,Y,Y,
1841943222,"CENTERWELL PHARMACY, INC.","876 SAXON BLVD, SUITE 34",,ORANGE CITY,FL,32763,3864576357,VP,333600000X|3336C0003X,tier_1_primary_pharmacy,Y,Y,
1326791740,"PUBLIX SUPER MARKETS, INC",7745 LAKE WORTH RD,,LAKE WORTH,FL,334672536,5614737596,VP PHARMACY,333600000X|3336C0003X,tier_1_primary_pharmacy,Y,N,PUBLIX
1346993532,SW PHARMACY INC,1233 LANE AVE S STE 9,,JACKSONVILLE,FL,322056254,9047695104,AO,3336C0003X,tier_1_primary_pharmacy,Y,Y,
1467105221,"METRO TREATMENT OF FLORIDA, LP",320 OAKFIELD DR,,BRANDON,FL,335115723,8139065544,CFO,3336C0002X,tier_2_secondary_pharmacy,N,Y,
1992458756,"METRO TREATMENT OF FLORIDA, LP",1104 E FOWLER AVE UNIT 100,,TAMPA,FL,336125404,8137057557,"VP, MANAGED CARE",3336C0002X,tier_2_secondary_pharmacy,N,Y,
1447903208,"METRO TREATMENT OF FLORIDA, LP",704 DOCTORS CT,,LEESBURG,FL,347487366,3523274417,CFO,3336C0002X,tier_2_secondary_pharmacy,N,Y,
1760135388,RELIANT PHARMACY LLC,10507 SPRING HILL DR,,SPRING HILL,FL,346085047,3525961044,PHARMACY SUPERVISOR,3336L0003X,tier_1_primary_pharmacy,Y,Y,
1093468688,"BAKER COUNTY MEDICAL SERVICES, INC",159 N 3RD ST,,MACCLENNY,FL,320632103,9042593151,CEO,3336L0003X|3336C0003X,tier_1_primary_pharmacy,Y,Y,
1184378598,"PRESCRIPTIONS PLUS, LLC",2460 N UNIVERSITY DR,,PEMBROKE PINES,FL,330243624,8335322424,PHARMACY MANAGER,3336C0003X,tier_1_primary_pharmacy,Y,Y,
1437803640,LOTUS PHARMACY CORP,8903 GLADES RD STE D1,,BOCA RATON,FL,334344023,5619610959,PRES,3336C0003X,tier_1_primary_pharmacy,Y,Y,
1942954086,ENVISION PHARMACY AND HEALTHCARE SERVICES LLC,18125 N US HIGHWAY 41 STE 107,,LUTZ,FL,335494498,8133330750,OWNER,3336L0003X,tier_1_primary_pharmacy,Y,Y,
1801540794,DELIVRXD LLC,4104 W LINEBAUGH AVE,,TAMPA,FL,336245239,8139326266,OWNER/PHARMACIST,3336L0003X,tier_1_primary_pharmacy,Y,Y,
1063167617,PURELINE HEALTH LLC,1103 MARTIN LUTHER KING BLVD W,,SEFFNER,FL,335844541,8137284443,PRESIDENT,3336C0003X,tier_1_primary_pharmacy,Y,Y,
1417602764,SOCIAL HEALTH COMPANY,501 E LAS OLAS BLVD STE 222,,FORT LAUDERDALE,FL,333012882,8884842466,CEO,3336M0003X,tier_2_secondary_pharmacy,N,Y,
1366197436,CONFIDENTIAL PHARMA,645 W HALLANDALE BEACH BLVD STE 107,,HALLANDALE BEACH,FL,330095345,3055701933,PHARMACIST IN CHARGE,3336C0003X,tier_1_primary_pharmacy,Y,Y,
1114672805,APRICUSRX LLC,1826 60TH PL E UNIT 5-6,,BRADENTON,FL,342035073,9412014379,OWNER,333600000X|3336C0004X|3336L0003X|3336H0001X,tier_1_primary_pharmacy,Y,Y,
1588310239,PINE BROOK PHARMACY LLC,14111 CORTEZ BLVD,,BROOKSVILLE,FL,346132707,3526104347,PHARMACY SUPERVISOR,3336L0003X,tier_1_primary_pharmacy,Y,Y,
1366198079,RX HUB INC,11379 W PALMETTO PARK RD STE B,,BOCA RATON,FL,334282616,5612881866,PRESIDENT,3336C0003X,tier_1_primary_pharmacy,Y,Y,
1578219416,POLYNESIA INC,1906 CLINT MOORE RD STE 4,,BOCA RATON,FL,334962663,5612456985,PRESIDENT,3336C0003X,tier_1_primary_pharmacy,Y,Y,
1134876980,"NOMI PHARMA, LLC",2794 NW 79TH AVE,,MIAMI,FL,331221067,7867443663,COO,3336S0011X|3336C0003X,tier_1_primary_pharmacy,Y,Y,
1013664523,JOY & JOHN LLC,2660 W SR 434,,LONGWOOD,FL,327794400,4074910797,OWNER,3336C0003X,tier_1_primary_pharmacy,Y,Y,
1346998234,"PUBLIX SUPER MARKETS, INC",1720 E HIGHWAY 50,,CLERMONT,FL,347112778,8636881188,VP PHARMACY,333600000X|3336C0003X,tier_1_primary_pharmacy,Y,N,PUBLIX
1831847730,"PUBLIX SUPER MARKETS, INC.",8245 NW 88TH AVE,,TAMARAC,FL,333211541,8636881188,VP PHARMACY,333600000X|3336C0003X,tier_1_primary_pharmacy,Y,N,PUBLIX
1649928540,"PUBLIX SUPER MARKETS, INC.",2039 HENDRICKS AVE. SUITE 325,,JACKSONVILLE,FL,32207,9045237317,VP PHARMACY,333600000X|3336C0003X,tier_1_primary_pharmacy,Y,N,PUBLIX
1013665306,SMART A&A PHARMACY INC,541 E 9TH ST,,HIALEAH,FL,330104549,3056405638,PRESIDENT,3336C0003X,tier_1_primary_pharmacy,Y,Y,
1821746090,"HARDEN-GIVENS ENTERPRISE , LLC",3416 MONCRIEF RD # SET101,,JACKSONVILLE,FL,322094340,9049001491,OWNER,3336S0011X|333600000X,tier_1_primary_pharmacy,Y,Y,
1215685326,"CENTERWELL PHARMACY, INC.",1380 S HIATUS RD,,PEMBROKE PINES,FL,330253551,7542368000,VP,333600000X|3336C0003X,tier_1_primary_pharmacy,Y,Y,
1164170270,KNAP INC.,3547 CLEVELAND AVE,,FORT MYERS,FL,339017903,2392438490,MANAGER,3336L0003X,tier_1_primary_pharmacy,Y,Y,
1194474189,ORTUX PHARMACY LLC,9134 NW 25TH ST,,DORAL,FL,331721502,7865425007,MGR,3336C0003X,tier_1_primary_pharmacy,Y,Y,
1770232720,FAMY INC,3370 TAMIAMI TRL,,PORT CHARLOTTE,FL,339528127,9419799085,MANAGER,3336L0003X,tier_1_primary_pharmacy,Y,Y,
1649929829,ELEVATION PHARMACY LLC,1212 US HIGHWAY 1 STE A&C,,NORTH PALM BEACH,FL,334083536,8003259210,CEO,333600000X,tier_1_primary_pharmacy,Y,Y,
1205576840,SEMINOLE DRUGS LLC,2492 W SR 434 STE A,,LONGWOOD,FL,327796086,4076985410,OWNER,3336C0003X,tier_1_primary_pharmacy,Y,Y,
1942941893,"PUBLIX SUPER MARKETS, INC.",8725 PLACIDA RD,,PLACIDA,FL,339462429,8636881188,"VP, PHARMACY",333600000X|3336C0003X,tier_1_primary_pharmacy,Y,N,PUBLIX
1104567551,METROPOLITAN DRUGS L.L.C,1367 N MILITARY TRL,,WEST PALM BEACH,FL,334096016,4846835500,CEO,333600000X,tier_1_primary_pharmacy,Y,Y,
1184366478,CARESCRIPTS LLC,4719 HIGHWAY 90,,MARIANNA,FL,324467839,8505263314,OWNER,3336C0002X|3336C0003X,tier_1_primary_pharmacy,Y,Y,
1063154953,HOMESTEAD PHARMACY CORP,15260 SW 280TH ST STE 114,,HOMESTEAD,FL,330328186,7869042440,COO,3336C0003X,tier_1_primary_pharmacy,Y,Y,
1548902372,"CENTERWELL PHARMACY, INC.",4078 S RIDGEWOOD AVE,,PORT ORANGE,FL,321274501,3862411544,VP,333600000X|3336C0003X,tier_1_primary_pharmacy,Y,Y,
1831831544,UNIVV INC,2814 LEE BLVD STE 1,,LEHIGH ACRES,FL,339711561,2394912909,PRESIDENT,3336L0003X,tier_1_primary_pharmacy,Y,Y,
1003559287,"PUBLIX SUPER MARKETS, INC.",8725 PLACIDA RD,,PLACIDA,FL,339462429,8636881188,"VP, PHARMACY",333600000X|3336C0003X,tier_1_primary_pharmacy,Y,N,PUBLIX
1093458275,"PUBLIX SUPER MARKETS, INC.",11291 US HIGHWAY 98 EAST,,INLET BEACH,FL,32461,8502137030,"VP, PHARMACY",333600000X|3336C0003X,tier_1_primary_pharmacy,Y,N,PUBLIX
1902549181,"PUBLIX SUPER MARKETS, INC.",10115 UNIVERSITY BLVD,,ORLANDO,FL,328171904,8636881188,"VP, PHARMACY",3336C0003X,tier_1_primary_pharmacy,Y,N,PUBLIX
1811630098,"PUBLIX SUPER MARKETS, INC.",2343 CRAWFORDVILLE HIGHWAY,,CRAWFORDVILLE,FL,32327,8508886021,"VP, PHARMACY",333600000X|3336C0003X,tier_1_primary_pharmacy,Y,N,PUBLIX
1174266183,MIXMYRX VENTURES LLC,8696 VINELAND AVE,,ORLANDO,FL,328216400,4073613049,OWNER/ PHARMACIST,333600000X|3336C0003X|3336C0004X,tier_1_primary_pharmacy,Y,Y,
1114661741,MEDICA PHARMACY,105 COMMERCE ST STE 109,,LAKE MARY,FL,327466228,4075545010,MANAGER,3336C0003X,tier_1_primary_pharmacy,Y,Y,
1053055681,"RXLIVE, INC.",1211 1ST AVE N STE 204,,ST PETERSBURG,FL,337051567,8662344974,CHIEF ADMIN/COMPLIANCE OFFICER,333600000X,tier_1_primary_pharmacy,Y,Y,
1679217822,ELITE PHARMACY INC,7011 N MANHATTAN AVE,,TAMPA,FL,336143714,8133735709,PRESIDENT,3336C0003X,tier_1_primary_pharmacy,Y,Y,
1467196360,"METRO TREATMENT OF FLORIDA, LP",6480 20TH ST STE 101-102,,VERO BEACH,FL,329661004,7728881790,"VP, MANAGED CARE",3336C0002X,tier_2_secondary_pharmacy,N,Y,
1689319378,"METRO TREATMENT OF FLORIDA, LP",4195 MARINER BLVD,,SPRING HILL,FL,346092470,3523400530,"VP, MANAGED CARE",3336C0002X,tier_2_secondary_pharmacy,N,Y,
1689319709,MIDWAY SPECIALTY CARE RX LLC.,5224 E FOWLER AVE,,TEMPLE TERRACE,FL,336172147,8137330602,PHARMACY DIRECTOR,3336C0003X,tier_1_primary_pharmacy,Y,Y,
1144965989,PURE PHARMACY LLC,959 WEST AVE STE 7,,MIAMI BEACH,FL,331395202,3055321300,OWNER,3336S0011X,tier_1_primary_pharmacy,Y,Y,
1871239608,ADVENTIST HEALTH SYSTEM-SUNBELT INC,2200 FOWLER GROVE BLVD STE 120,,WINTER GARDEN,FL,347875597,4076140650,DIRECTOR,3336C0003X,tier_1_primary_pharmacy,Y,Y,
1114663820,"PUBLIX SUPER MARKETS, INC.",3315 W UNIVERSITY AVE,,GAINESVILLE,FL,326072539,3525656011,VP PHARMACY,333600000X|3336C0003X,tier_1_primary_pharmacy,Y,N,PUBLIX
1184360711,"PUBLIX SUPER MARKETS, INC.",5265 S JOHN YOUNG PKWY,,ORLANDO,FL,328395025,4077234490,VP PHARMACY,333600000X|3336C0003X,tier_1_primary_pharmacy,Y,N,PUBLIX
1477299352,EPIC CARE PHARMACY LLC,3948 PEMBROKE RD STE D,,PEMBROKE PARK,FL,330218114,9549632113,OWNER,3336C0003X,tier_1_primary_pharmacy,Y,Y,
1376280842,RX CASE II PHARMACY LLC,1201 PIPER BLVD,UNIT 12,NAPLES,FL,34110,2393307792,OWNER,3336C0003X,tier_1_primary_pharmacy,Y,Y,
1851038327,MLK RX PHARMACY LLC,2812 W. DR MARTIN LUTHER KING JR BLVD,,TAMPA,FL,33607,8134434796,OWNER,3336S0011X|3336C0003X,tier_1_primary_pharmacy,Y,Y,
1679210140,ORLANDO RX PHARMACY LLC,717 W. LANCASTER ROAD,,ORLANDO,FL,32809,4078554770,OWNER,3336C0003X,tier_1_primary_pharmacy,Y,Y,
1720725104,WESLEY CHAPEL PHARMACY LLC,2653 BRUCE B. DOWNS BLVD,SUITE 115,WESLEY CHAPEL,FL,33544,8139919200,OWNER,3336C0003X,tier_1_primary_pharmacy,Y,Y,
1881331338,PERFECTION RX LLC,3248 LANTANA RD,,LAKE WORTH,FL,334622432,5618981450,OWNER,3336S0011X|3336H0001X,tier_1_primary_pharmacy,Y,Y,
1184361669,TAMPA PHARMACY 01 LLC,14306-D NORTH DALE MABRY HWY,,TAMPA,FL,33618,8139636800,OWNER,3336C0003X,tier_1_primary_pharmacy,Y,Y,
1598402976,VILLAGES RX PHARMACY LLC,13733 N. US HWY 441,,LADY LAKE,FL,32159,3523915533,OWNER,3336C0003X,tier_1_primary_pharmacy,Y,Y,
1760129100,NARAYAN PHARMACY LLC,320 W FLETCHER AVE STE 108,,TAMPA,FL,336123400,8139718401,OWNER,3336C0003X|3336L0003X,tier_1_primary_pharmacy,Y,Y,
1275270738,TAMPA PHARMACY 13 LLC,5908 BRECKENRIDGE PKWY,,TAMPA,FL,33610,8136447277,OWNER,3336C0003X,tier_1_primary_pharmacy,Y,Y,
1629715198,PINELLAS PHARMACY LLC,6280 66TH STREET NORTH,,PINELLAS PARK,FL,33781,7275444203,OWNER,3336C0003X,tier_1_primary_pharmacy,Y,Y,
1346987633,MOUNT DORA RX PHARMACY LLC,461 PLAZA DRIVE,,EUSTIS,FL,32726,3527296557,OWNER,3336C0003X,tier_1_primary_pharmacy,Y,Y,
1164169454,PALM BAY RX PHARMACY LLC,1270 MALABAR RD SE,SUITE #2,PALM BAY,FL,32907,3219520656,OWNER,3336C0003X,tier_1_primary_pharmacy,Y,Y,
1437896727,ZEPHYRHILLS RX LLC,38160 MEDICAL CENTER AVE,,ZEPHYRHILLS,FL,33540,8133882908,OWNER,3336C0003X,tier_1_primary_pharmacy,Y,Y,
1982341277,MANGO RX PHARMACY LLC,11509 E. MLK JR BLVD,,MANGO,FL,33550,8136612263,OWNER,3336C0003X,tier_1_primary_pharmacy,Y,Y,
1316684616,THE PHARMACY HUB LLC.,15600 NW 15TH AVE STE C,,MIAMI,FL,331695609,3057312318,OWNER/PRESIDENT,3336C0003X,tier_1_primary_pharmacy,Y,Y,
1689311706,"ONE SOURCE PHARMACY, LLC",12639 RACE TRACK RD,,TAMPA,FL,336261331,7273164135,AUTHORIZED OFFICIAL,333600000X,tier_1_primary_pharmacy,Y,Y,
1124766159,MERRITT ISLAND PHARMACY,35 N COURTENAY PKWY,,MERRITT ISLAND,FL,329533476,3214540911,PHARMACY MANAGER,3336L0003X,tier_1_primary_pharmacy,Y,Y,
1083352025,"SUNCOAST COMMUNITY HEALTH CENTERS, INC",16621 LAGOON SHORE BLVD,,WIMAUMA,FL,335984177,8136303649,PHARMACY DIRECTOR,3336C0003X|333600000X|3336C0002X,tier_1_primary_pharmacy,Y,Y,
1245978261,REEBA SRIVASTAVA,8973 HERITAGE BAY CIR,,ORLANDO,FL,328365035,6615860048,OWNER,3336C0003X,tier_1_primary_pharmacy,Y,Y,
1346988318,MEDI-DRUG INC,4539 GRAND BLVD,,NEW PORT RICHEY,FL,346525121,7278455550,PRESIDENT,3336L0003X,tier_1_primary_pharmacy,Y,Y,
1063150886,"PUBLIX SUPER MARKETS, INC.",10040 NAVARRE PKWY,,NAVARRE,FL,325663013,8506846324,VP PHARMACY,333600000X|3336C0003X,tier_1_primary_pharmacy,Y,N,PUBLIX
1972241792,"PUBLIX SUPER MARKETS, INC.",9570 SW 62ND AVENUE ROAD,,OCALA,FL,34476,3526442110,VP PHARMACY,333600000X|3336C0003X,tier_1_primary_pharmacy,Y,N,PUBLIX
1164160974,"PUBLIX SUPER MARKETS, INC.",13150 SR 64 EAST,,BRADENTON,FL,34212,9412531984,VP PHARMACY,333600000X|3336C0003X,tier_1_primary_pharmacy,Y,N,PUBLIX
1306584156,HEARTLAND PHARMACY LAKE PLACID INC,342 E ROYAL PALM ST,,LAKE PLACID,FL,338525019,8636591780,"OWNER, PHARMACIST",3336L0003X,tier_1_primary_pharmacy,Y,Y,
1134867658,"PUBLIX SUPER MARKETS, INC.",939 W BRANDON BLVD,,BRANDON,FL,335114905,8136846974,VP PHARMACY,333600000X|3336C0003X,tier_1_primary_pharmacy,Y,N,PUBLIX
1023756475,"H. LEE MOFFITT CANCER CENTER AND RESEARCH INSTITUTE HOSPITAL, INC.",12902 USF MAGNOLIA DRIVE,MAILSTOP: MCC-PHARM,TAMPA,FL,33612,8137457354,PHARMACY MANAGER,3336S0011X,tier_1_primary_pharmacy,Y,Y,
1770221921,LA FAMILIA PHARMACY CORP,454 NW 22ND AVE STE 107,,MIAMI,FL,331253355,7864094791,PRESIDENT,3336C0003X,tier_1_primary_pharmacy,Y,Y,
1376281410,SCRIPTS PHARMACY 2 LLC,2789 BROWNWOOD BOULEVARD,,THE VILLAGES,FL,32163,8889916197,OWNER,3336L0003X,tier_1_primary_pharmacy,Y,Y,
1932848926,"PUBLIX SUPER MARKETS, INC.",11055 DARYL CARTER PARKWAY,,ORLANDO,FL,32836,4076054071,VP PHARMACY,333600000X|3336C0003X,tier_1_primary_pharmacy,Y,N,PUBLIX
1477292464,PUBLIX SUPER MARKETS INC,16024 PINES BLVD STE 101,,PEMBROKE PINES,FL,330271168,9542661312,VP PHARMACY,333600000X|3336C0003X,tier_1_primary_pharmacy,Y,N,PUBLIX
1689313678,"PUBLIX SUPER MARKETS, INC.",1880 US HIGHWAY 1,,ROCKLEDGE,FL,329552822,3216159859,VP PHARMACY,333600000X|3336C0003X,tier_1_primary_pharmacy,Y,N,PUBLIX
1497494496,"PUBLIX SUPER MARKETS, INC.",2801 E. COUNTY LINE ROAD,,LUTZ,FL,33559,8139492378,VP PHARMACY,333600000X|3336C0003X,tier_1_primary_pharmacy,Y,N,PUBLIX
1326787912,NEXT GEN RX INC,18400 NW 75TH PL STE 106,,HIALEAH,FL,330152956,7863913758,PRESIDENT,333600000X|3336C0003X|3336L0003X,tier_1_primary_pharmacy,Y,Y,
1740919950,BRASPHARMA LLC,5423 INTERNATIONAL DR,,ORLANDO,FL,328198567,3866992121,OWNER,3336C0003X,tier_1_primary_pharmacy,Y,Y,
1679202766,BROOKSVILLE RX LLC,80 PONCE DE LEON BLVD,,BROOKSVILLE,FL,34601,3527964975,OWNER,3336S0011X|3336C0003X,tier_1_primary_pharmacy,Y,Y,
1821727462,PHARMACORE RX LLC,6607 N DALE MABRY HWY,,TAMPA,FL,336143985,8135808040,PHARMACY DIRECTOR,333600000X,tier_1_primary_pharmacy,Y,Y,
1750010047,PALM BEACH APOTHECARY ARTS LLC,140 JUPITER LAKES BLVD STE B,,JUPITER,FL,334587196,5614273646,OWNER/PHARMACIST IN CHARGE,3336C0004X,tier_1_primary_pharmacy,Y,Y,
1306576798,TAVARES PHARMACY LLC,524 S. DUNCAN DRIVER,,TAVARES,FL,32778,3525086449,OWNER,3336L0003X,tier_1_primary_pharmacy,Y,Y,
1699406066,"JULES ENTERPRISE GROUP, INC",549 SAWGRASS CORPORATE PKWY,,SUNRISE,FL,333256259,8884981444,OWNER/PIC,333600000X,tier_1_primary_pharmacy,Y,Y,
1205567104,POLYNESIA INC,1906 CLINT MOORE RD STE 4,,BOCA RATON,FL,334962663,5612456985,PRESIDENT,3336L0003X,tier_1_primary_pharmacy,Y,Y,
1013648195,"CENTERWELL PHARMACY, INC.",4340 W HILLSBOROUGH AVE STE 210,,TAMPA,FL,336145522,8134396946,VP,3336C0002X|3336C0003X,tier_1_primary_pharmacy,Y,Y,
1184355109,RX AVE HEALTH LLC,5908 BRECKENRIDGE PKWY STE B,,TAMPA,FL,336104233,3214217620,OWNER,3336C0003X,tier_1_primary_pharmacy,Y,Y,
1891427043,"NARAYAN PHARMACY, LLC",320 W FLETCHER AVE STE 108,,TAMPA,FL,336123400,8139718401,OWNER,3336L0003X|3336S0011X,tier_1_primary_pharmacy,Y,Y,
1760114771,ANGELS PHARMACY I INC,259 E MICHIGAN ST,,ORLANDO,FL,328064537,4074267000,OWNER,3336S0011X,tier_1_primary_pharmacy,Y,Y,
1740912864,POMP RX PHARMACY LLC,900 E ATLANTIC BLVD STE 5,,POMPANO BEACH,FL,330607371,9549433111,OWNER,3336C0003X,tier_1_primary_pharmacy,Y,Y,
1134852098,ST CROIX MEDICAL PHARMACY,4010 NW 34TH ST,,LAUDERDALE LAKES,FL,333195721,9544867101,OWNER,3336C0003X,tier_1_primary_pharmacy,Y,Y,
1346974847,"JRA HEALTH, LLC",6925 SE US HIGHWAY 301,,HAWTHORNE,FL,326403966,3524431684,ADMINISTRATOR,3336S0011X|3336H0001X,tier_1_primary_pharmacy,Y,Y,
1871227884,"PUBLIX SUPER MARKETS, INC.",775 HIGHWAY 559,,AUBURNDALE,FL,33823,8638371503,"VP, PHARMACY",333600000X|3336C0003X,tier_1_primary_pharmacy,Y,N,PUBLIX
1326772385,"PUBLIX SUPER MARKETS, INC.",250 PLAZA BLVD,,SAINT AUGUSTINE,FL,320869304,9044179017,"VP, PHARMACY",333600000X|3336C0003X,tier_1_primary_pharmacy,Y,N,PUBLIX
1841924859,"PUBLIX SUPER MARKETS, INC.","1005 N. STATE ROAD 434, SUITE 1020",,ALTAMONTE SPRINGS,FL,32714,4075515025,"VP, PHARMACY",333600000X|3336C0003X,tier_1_primary_pharmacy,Y,N,PUBLIX
1578297545,"CORA PHARMACY, LLC",175 S STATE ROAD 7,,MARGATE,FL,330685722,9545293919,ADMIN,3336C0002X|3336C0003X,tier_1_primary_pharmacy,Y,Y,
1194459164,"PUBLIX SUPER MARKETS, INC.",3617 W GANDY BLVD,,TAMPA,FL,336112607,8133375629,"VP, PHARMACY",333600000X|3336C0003X,tier_1_primary_pharmacy,Y,N,PUBLIX
1548996234,PHARM-AID ENTERPRISES LLC,1341 E VINE ST,,KISSIMMEE,FL,347443602,3054961682,OWNER,3336C0003X,tier_1_primary_pharmacy,Y,Y,
1467188953,MTM SPECIALIST,123 J HARVEY ETHRIDGE ST,,BONIFAY,FL,324252104,8505919694,MANAGER,3336C0002X,tier_2_secondary_pharmacy,N,Y,
1205562469,"FRESENIUS MEDICAL CARE PHARMACY SERVICES, INC.",11001 DANKA WAY N STE 2,,ST PETERSBURG,FL,337163724,8009473131,DIRECTOR & CEO,3336L0003X,tier_1_primary_pharmacy,Y,Y,
1841926094,BLUEBIRD SPECIALTY PHARMACY LLC,8110 CYPRESS PLAZA DR STE 301,,JACKSONVILLE,FL,322564468,7048043600,MANAGER,333600000X|3336S0011X|3336H0001X,tier_1_primary_pharmacy,Y,Y,
1730815770,NOOR PHARMACY INC.,18825 SW 117TH AVE,,MIAMI,FL,331773250,7867856420,PHARMACIST/OWNER,3336C0003X|333600000X,tier_1_primary_pharmacy,Y,Y,
1457088742,"COMMUNITY HEALTH CENTERS, INC.",710 S TAMPA AVE,SUITE 203,ORLANDO,FL,328053646,4079058827,DIRECTOR OF BILLING & MANAGED CARE,3336C0003X,tier_1_primary_pharmacy,Y,Y,
1306574405,CLEVELAND RX LLC,2835 CLEVELAND AVE,,FORT MYERS,FL,339016002,6093739929,PHARMACY MANAGER,3336C0003X,tier_1_primary_pharmacy,Y,Y,
1538897343,SUNSHINE RX LLC,5139 MANATEE AVE W,,BRADENTON,FL,342093740,9415387122,PRESIDENT,3336L0003X,tier_1_primary_pharmacy,Y,Y,
1376271957,"TITHEOTOKOS, LLC",1995 US HIGHWAY 1,,VERO BEACH,FL,329600960,7729992843,OWNER,3336C0003X,tier_1_primary_pharmacy,Y,Y,
1770211328,"LARX, LLC",1160 CYPRESS GLEN CIR,,KISSIMMEE,FL,347417560,4075181074,VP OF OPERATIONS,333600000X,tier_2_secondary_pharmacy,N,Y,
1871221259,AAYUSH PHARMA INC.,7463 W SAMPLE RD,,CORAL SPRINGS,FL,330654754,7543361712,OWNER,333600000X|3336H0001X,tier_1_primary_pharmacy,Y,Y,
1891413092,"METRO TREATMENT OF FLORIDA, LP",1601 NE 25TH AVE STE 601,,OCALA,FL,344708800,3526002080,"VP, MANAGED CARE",3336C0002X,tier_2_secondary_pharmacy,N,Y,
1205554219,HEALTH MATTERS PHARMACY,5110 N 40TH ST,,TAMPA,FL,336105204,8138006337,OWNER,3336C0003X,tier_2_secondary_pharmacy,N,Y,
1144948035,YAI PHARMACY LLC,5958 W 16TH AVE,,HIALEAH,FL,330126814,3053645912,PHARMACIST DEPARTMENT MANAGER,3336C0003X,tier_1_primary_pharmacy,Y,Y,
1053039743,"PRESCRIPTIONS UNLIMITED, LLC",831 SIMPSON RD STE 102,,KISSIMMEE,FL,347445328,4077509313,AUTHORIZED MEMBER,3336C0002X|3336S0011X|333600000X,tier_1_primary_pharmacy,Y,Y,
1093434995,CARENOW PHARMACY II LLC,18830 US HIGHWAY 441,,MOUNT DORA,FL,327576700,3525593107,OWNER,3336C0003X,tier_1_primary_pharmacy,Y,Y,
1598484420,"PUBLIX SUPER MARKETS, INC.",4840 S TAMIAMI TRL,,SARASOTA,FL,342314352,9415545410,VP OF PHARMACY,333600000X|3336C0003X,tier_1_primary_pharmacy,Y,N,PUBLIX
1245959923,FAST RX PHARMACY LLC,11630 N KENDALL DR,,MIAMI,FL,331761005,3057917303,OWNER,3336C0003X,tier_1_primary_pharmacy,Y,Y,
1720708217,VIMANI LLC,441 NW 12TH AVE,,MIAMI,FL,331281020,3054565846,OWNER,3336C0003X,tier_1_primary_pharmacy,Y,Y,
1932820479,AADESH RX LLC,907 10TH ST E,,PALMETTO,FL,342214131,9414044121,PRESIDENT,3336L0003X,tier_1_primary_pharmacy,Y,Y,
1427779578,BREVARD HEALTH ALLIANCE INC,7227 N HIGHWAY 1 STE 125,,COCOA,FL,329275020,3215662703,DIRECTOR OF BILLING,3336C0003X|3336S0011X,tier_1_primary_pharmacy,Y,Y,
1366163313,TOWERS PHARMACY INC.,125 BAPTIST WAY,SUITE 1H,PENSACOLA,FL,32503,4482277970,PRESIDENT,3336C0003X,tier_1_primary_pharmacy,Y,Y,
1962123778,LIFE PHARMA CORP,1109 NW 22ND AVE,,MIAMI,FL,33125,3056461111,PRESIDENT,3336C0003X,tier_1_primary_pharmacy,Y,Y,
1811619042,MAILMYPRESCRIPTIONS COM PHARMACY CORPORATION,951 CLINT MOORE RD,,BOCA RATON,FL,334872804,8009649654,CHIEF OPERATING OFFICER,3336C0003X,tier_1_primary_pharmacy,Y,Y,
1598487589,AV INTERNATIONAL LLC,2775 OLD WINTER GARDEN RD STE 2775,,OCOEE,FL,347612995,4078131800,VP OF PHARMACY OPERATIONS,3336L0003X,tier_1_primary_pharmacy,Y,Y,
1467174334,MATHEW MANAGEMENT INC,4000 PARK ST N,,ST PETERSBURG,FL,337094034,7272166374,BUSINESS MANAGER,3336L0003X,tier_1_primary_pharmacy,Y,Y,
1194447094,COMMUNITY CARE PHARMACY LLC,2406 S SEACREST BLVD,,BOYNTON BEACH,FL,334356702,5612770398,MANAGER,3336C0003X,tier_1_primary_pharmacy,Y,Y,
1568184240,ORLANDO HEALTH INC.,60 COLUMBIA ST,,ORLANDO,FL,32806,3218438535,VP FINANCE,3336C0003X,tier_1_primary_pharmacy,Y,Y,
1063135572,PHARMACY CORPORATION OF AMERICA,5628 TROUBLE CREEK RD,,NEW PORT RICHEY,FL,346525158,7278467600,VP/SECRETARY,3336S0011X,tier_1_primary_pharmacy,Y,Y,
1437872876,"PUBLIX SUPER MARKETS, INC.",9201 OAKHURST RD,,SEMINOLE,FL,337762158,7272756299,VP OF PHARMACY,333600000X|3336C0003X,tier_1_primary_pharmacy,Y,N,PUBLIX
1962125948,"PUBLIX SUPER MARKETS, INC.",503 MANATEE AVENUE,,HOLMES BEACH,FL,34217,9412426738,VP OF PHARMACY,333600000X|3336C0003X,tier_1_primary_pharmacy,Y,N,PUBLIX
1871216879,"PUBLIX SUPER MARKETS, INC.",8405 HONORE AVENUE,UNIT 1,SARASOTA,FL,34238,9415542121,VP OF PHARMACY,333600000X|3336C0003X,tier_1_primary_pharmacy,Y,N,PUBLIX
1215650361,ATN HEALTH,733 S GOLDENROD RD,,ORLANDO,FL,328228100,3054871792,PRESIDENT/CEO,3336C0002X,tier_2_secondary_pharmacy,N,Y,
1124741053,"PREMIER COMMUNITY HEALTHCARE GROUP, INC.",37840 MEDICAL ARTS CT,,ZEPHYRHILLS,FL,335414325,3525182000,CEO,333600000X,tier_1_primary_pharmacy,Y,Y,
1720702004,PENATE RX LLC,1200 NW 78TH AVE STE 113-114,,DORAL,FL,331261835,3052395318,AMBR,3336C0002X,tier_1_primary_pharmacy,Y,Y,
1316662299,BAPTIST OUTPATIENT SERVICES INC,14420 COMMERCE WAY,,MIAMI LAKES,FL,330161508,7866620808,CEO,3336H0001X,tier_1_primary_pharmacy,Y,Y,
1710601604,METROMEDS LTC LLC,409 E MICHIGAN ST,,ORLANDO,FL,328064541,3218882222,MANAGER,3336L0003X,tier_1_primary_pharmacy,Y,Y,
1750006656,SEMINOLE PHARMACY,850 SEMINOLE CROSSING TRL,,IMMOKALEE,FL,341424307,2398673440,EXECUTIVE DIRECTOR,3336C0002X,tier_1_primary_pharmacy,Y,Y,
1952026692,"IBIS HEALTHCARE, INC.",5707 N 22ND ST,,TAMPA,FL,336104350,8132398545,CHIEF OPERATAING OFFICER,3336S0011X|3336C0003X,tier_1_primary_pharmacy,Y,Y,
1083339345,PENATE MEDICAL CENTER 5 LLC,995 N MIAMI BEACH BLVD,,NORTH MIAMI BEACH,FL,331623721,7862729170,AMBR,3336C0002X,tier_1_primary_pharmacy,Y,Y,
1275258469,"CHOICE ONE INFUSION, LLC",500 GULFSTREAM BLVD STE 107,,DELRAY BEACH,FL,334836142,5613636991,CFO,3336S0011X|3336H0001X,tier_1_primary_pharmacy,Y,Y,
1346966280,"NORTH FLORIDA REGIONAL MEDICAL CENTER, INC.",916 NW 66TH ST STE C,,GAINESVILLE,FL,326054235,3523334171,CFO,3336C0003X|333600000X,tier_1_primary_pharmacy,Y,Y,
1568188936,PINE BROOK PHARMACY LTC LLC,10507 SPRING HILL DR STE 101,,SPRING HILL,FL,346085047,8134543500,OWNER,3336L0003X,tier_1_primary_pharmacy,Y,Y,
1487371217,ZENITH APOTHECARY INC,6909 OLD HIGHWAY 441 S STE 106,,MOUNT DORA,FL,327577039,4077890048,PHARMACIST,3336S0011X|3336C0003X,tier_1_primary_pharmacy,Y,Y,
1174230049,"ACHIEVE MAS, LLC",9000 NW 15TH STREET,UNITS 6 & 7,DORAL,FL,33172,3055057149,"VP, PHARMACY",3336C0003X,tier_1_primary_pharmacy,Y,Y,
1700593670,HOLISTIC APOTHECARY,1710 NW 7TH ST STE 8,,MIAMI,FL,331253520,7863532490,PRESIDENT,3336S0011X,tier_1_primary_pharmacy,Y,Y,
1326755208,"MCR HEALTH, INC.",3501 CORTEZ RD W STE 1,,BRADENTON,FL,342103197,9417764000,PRESIDENT & CEO,3336C0003X|333600000X,tier_1_primary_pharmacy,Y,Y,
1689382384,RAV PHARMA LLC,450077 STATE ROAD 2OO,UNIT 4,CALLAHAN,FL,32011,9045150929,OFFICER,3336L0003X|3336C0003X,tier_1_primary_pharmacy,Y,Y,
1861100430,"CENTRUM PHARMACY, LLC",7200 NW 7TH ST STE 200,,MIAMI,FL,331262941,3059900067,SECRETARY,3336C0003X,tier_1_primary_pharmacy,Y,Y,
1811606262,BILL'S PILLS INC,615 CROSS ST UNIT 1112,,PUNTA GORDA,FL,339505551,9415051095,MANAGER,3336L0003X,tier_1_primary_pharmacy,Y,Y,
1275242687,PUBLIX SUPER MARKETS INC.,"16841 PERSIMMON BLVD. WEST, UNIT 1000",,WESTLAKE,FL,33470,5612731071,VP OF PHARMACY,333600000X|3336C0003X,tier_1_primary_pharmacy,Y,N,PUBLIX
1003525403,PUBLIX SUPER MARKETS INC,5893 SE FEDERAL HWY,,STUART,FL,349977869,7724036330,VP OF PHARMACY,333600000X|3336C0003X,tier_1_primary_pharmacy,Y,N,PUBLIX
1912616327,"PUBLIX SUPER MARKETS, INC.",1725 FUTURE WAY,,KISSIMMEE,FL,34747,4075509011,VP OF PHARMACY,333600000X|3336C0003X,tier_1_primary_pharmacy,Y,N,PUBLIX
1366151516,"LIVE BETTER PHARMACY, LLC.",4421 PARK BLVD N,,PINELLAS PARK,FL,337813540,7272394529,CEO,333600000X,tier_1_primary_pharmacy,Y,Y,
1174232375,ONESTOP RX LLC,7262 BROAD ST,,BROOKSVILLE,FL,346015591,3528483090,PRESIDENT,3336L0003X,tier_1_primary_pharmacy,Y,Y,
1013626043,POLYNESIA INC.,1906 CLINT MOORE RD STE 4,,BOCA RATON,FL,334962663,5612456985,PRESIDENT,3336M0002X,tier_1_primary_pharmacy,Y,Y,
1629787684,GRAND 7TH PHARMACY STOP INC,12304 SW 127TH AVE,,MIAMI,FL,331866579,3054457533,PRESIDENT,3336C0003X,tier_1_primary_pharmacy,Y,Y,
1093424061,PUBLIX SUPER MARKETS INC.,3200 LAKE WASHINGTON RD,,MELBOURNE,FL,329347620,3214262209,VP OF PHARMACY,333600000X|3336C0003X,tier_1_primary_pharmacy,Y,N,PUBLIX
1225747850,IV DRUG SOLUTIONS,27499 RIVERVIEW CENTER BLVD STE 247,,BONITA SPRINGS,FL,341344335,5512086761,CONSULTANT PHARMACIST,3336H0001X,tier_1_primary_pharmacy,Y,Y,
1063121663,PREMIER PHARMACY LLC,4307 N ARMENIA AVE,,TAMPA,FL,336076403,8138737470,OWNER,3336C0003X,tier_1_primary_pharmacy,Y,Y,
1598474017,EXCEL PHARMACY PARTNERS LLC,6817 SOUTHPOINT PKWY STE 2204,,JACKSONVILLE,FL,322168200,9048002285,MANAGER,3336S0011X,tier_1_primary_pharmacy,Y,Y,
1063122299,"PUBLIX SUPER MARKETS, INC.",11025 ETOWN PKWY SUITE 101,,JACKSONVILLE,FL,32256,9049448972,"VP, PHARMACY",333600000X|3336C0003X,tier_1_primary_pharmacy,Y,N,PUBLIX
1053021931,"TRENTON MEDICAL CENTER, INC.",211 RANCHERA STREET NW,,LIVE OAK,FL,32064,3863641751,CEO,3336C0002X|3336C0003X,tier_1_primary_pharmacy,Y,Y,
1104536754,"UNLIMITED RX, LLC",503 E 1ST ST,,SANFORD,FL,327711409,4073236413,PHARMACY MANAGER,3336L0003X,tier_1_primary_pharmacy,Y,Y,
1174234785,"TRENTON MEDICAL CENTER, INC.",173 NW ALBRITTON LN,,LAKE CITY,FL,320554451,3867554020,CEO,3336C0002X|3336C0003X,tier_1_primary_pharmacy,Y,Y,
1528779592,MED PHARMACY INC,3421 SW 8TH ST,,MIAMI,FL,331354107,7868884633,PRESIDENT,3336C0003X,tier_1_primary_pharmacy,Y,Y,
1275244188,FACIL PHARMACY INC,1199 W FLAGLER ST STE 1,,MIAMI,FL,331301055,3056860605,PRESIDENT,3336S0011X,tier_1_primary_pharmacy,Y,Y,
1700597663,METROPOLITAN DRUGS L.L.C,1367 N MILITARY TRL,,WEST PALM BEACH,FL,334096016,5613288222,PHARMACY MANGER,3336L0003X,tier_1_primary_pharmacy,Y,Y,
1487366720,A & J PHARMACEUTICALS LLC,4932 MOOG RD,,HOLIDAY,FL,346901958,7742580914,MANAGER,333600000X,tier_1_primary_pharmacy,Y,Y,
1285347450,"CITRUS HEALTH NETWORK, INC",240 E 1ST AVE STE 116,,HIALEAH,FL,330104923,7862092205,PRESIDENT & CEO,3336C0003X,tier_1_primary_pharmacy,Y,Y,
1396458204,SARASOTA COUNTY PUBLIC HOSPITAL DISTRICT,1700 S TAMIAMI TRL,,SARASOTA,FL,342393555,9419176979,PRESIDENT & CEO,3336C0003X,tier_1_primary_pharmacy,Y,Y,
1598478414,COMMUNITY PHARMACY,4221 N HIMES AVE,,TAMPA,FL,336076229,8137690879,CFO,333600000X,tier_1_primary_pharmacy,Y,Y,
1528772365,ROSE BROS INC,100 NW 82ND AVE STE 406,,PLANTATION,FL,333241835,9544727244,OWNER/ PHARMACIST,3336L0003X,tier_1_primary_pharmacy,Y,Y,
1871207837,CRESTVIEW CITY PHARMACY INC,310 S FERDON BLVD,,CRESTVIEW,FL,325363722,8504281057,OWNER,3336C0003X,tier_1_primary_pharmacy,Y,Y,
1821703414,AGHAPY SPIRIT LLC,2019 GULF TO BAY BLVD,,CLEARWATER,FL,337653703,7274416900,PHARMACY MANAGER,3336L0003X,tier_1_primary_pharmacy,Y,Y,
1922713577,ANAY INVESTMENTS LLC,126 S COUNTY ROAD 315 STE A,,INTERLACHEN,FL,321485418,3864003545,MANAGING MEMBER AO,3336L0003X|3336C0003X,tier_1_primary_pharmacy,Y,Y,
1093420382,HEALTH MATTERS PHARMACY LLC,5110 N 40TH ST,,TAMPA,FL,336105204,8138006337,OWNER/PHARMACIST IN CHARGE,333600000X|3336L0003X,tier_1_primary_pharmacy,Y,Y,
1043926173,HOMESTEAD COMMUNITY PHARMACY LLC,925 NE 30TH TER STE 200,,HOMESTEAD,FL,330337614,3052451800,"OWNER, CEO",3336L0003X,tier_1_primary_pharmacy,Y,Y,
1720794209,"INTEGRATED HOME CARE SERVICES, INC.",3700 COMMERCE PARKWAY,SOUTH CAROLINA TPA DIVISION,MIRAMAR,FL,330253912,8442154264,COO,3336H0001X,tier_2_secondary_pharmacy,N,Y,
1902502172,VM PHARMACY LLC,9000 NW 15TH STREET,UNITS 6 & 7,DORAL,FL,33172,3055057149,CHIEF PHARMACY OFFICER,3336C0003X,tier_1_primary_pharmacy,Y,Y,
1265138333,IMMOKALEE PHARMACY LLC,1201 PIPER BLVD STE 12,,NAPLES,FL,341101381,2393307792,OWNER,3336L0003X,tier_1_primary_pharmacy,Y,Y,
1801592993,"PUBLIX SUPER MARKETS, INC.",13001 SW 112TH ST,,MIAMI,FL,331864601,7868223967,VP PHARMACY,333600000X|3336C0003X,tier_1_primary_pharmacy,Y,N,PUBLIX
1245936335,"PUBLIX SUPER MARKETS, INC.",8462 BANNERMAN BLVD,,TALLAHASSEE,FL,323129118,4482066623,VP PHARMACY,333600000X|3336C0003X,tier_1_primary_pharmacy,Y,N,PUBLIX
1760188858,"PUBLIX SUPER MARKETS, INC.",10650 AVALON ROAD,,WINTER GARDEN,FL,34787,4075509013,VP PHARMACY,333600000X|3336C0003X,tier_1_primary_pharmacy,Y,N,PUBLIX
1205532306,"PUBLIX SUPER MARKETS, INC.",1180 ROYAL PALM BEACH BLVD,,ROYAL PALM BEACH,FL,334111671,5618515963,"VP, PHARMACY",333600000X|3336C0003X,tier_1_primary_pharmacy,Y,N,PUBLIX
1922704022,"PUBLIX SUPER MARKETS, INC.",1500 BEVILLE RD STE 300,,DAYTONA BEACH,FL,321145644,3862814623,VP PHARMACY,333600000X|3336C0003X,tier_1_primary_pharmacy,Y,N,PUBLIX
1770289332,PB GARDENS DRUGS LLC,4270 DESIGN CENTER DR # C,,PALM BEACH GARDENS,FL,334104298,5616222141,OWNER,3336L0003X,tier_1_primary_pharmacy,Y,Y,
1508562877,"CENTERWELL PHARMACY, INC.","11010 FLORIDA CROWN DRIVE, SUITE 200",,ORLANDO,FL,328247017,8003790092,VP,333600000X|3336M0002X,tier_1_primary_pharmacy,Y,Y,
1619674819,"GLA PHARMACY, LLC",4700 NW 7TH ST STE 1,,MIAMI,FL,331262252,3056405764,PHARMACIST,3336C0003X,tier_1_primary_pharmacy,Y,Y,
1497452338,PACK4U CORP,7531 CURRENCY DR,,ORLANDO,FL,328096922,4078572871,GENERAL MANGER,3336C0003X,tier_1_primary_pharmacy,Y,Y,
1366149254,BROOKSVILLE RX LLC,80 PONCE DE LEON BLVD,,BROOKSVILLE,FL,346012818,3527964975,OWNER,3336L0003X,tier_1_primary_pharmacy,Y,Y,
1417654112,TAMPA PHARMACY 13 LLC,5908 BRECKENRIDGE PKWY,,TAMPA,FL,336104233,8136447277,OWNER,3336L0003X,tier_1_primary_pharmacy,Y,Y,
1326745001,VILLAGES RX PHARMACY LLC,13733 N US HIGHWAY 441,,LADY LAKE,FL,321598981,3523915533,OWNER,3336L0003X,tier_1_primary_pharmacy,Y,Y,
1013614742,"EMED ASSOCIATES, LLC",1909 PERRY ST,,JACKSONVILLE,FL,322063521,8447455822,PRESIDENT,333600000X,tier_1_primary_pharmacy,Y,Y,
1053018507,UNITED/XCEL-RX LLC,4300 N UNIVERSITY DR STE C101,,LAUDERHILL,FL,333516243,7542312300,INSURANCE CONTRACTOR,3336C0003X,tier_1_primary_pharmacy,Y,Y,
1730887043,ENTERPRISE RX LLC BEST PHARMACY,2499 ENTERPRISE RD STE E,,ORANGE CITY,FL,327637910,3862068326,PHARMACY MANAGER,333600000X,tier_1_primary_pharmacy,Y,Y,
1114625514,MOUNT DORA RX PHARMACY LLC,461 PLAZA DR,,EUSTIS,FL,327266523,3527296557,OWNER,3336L0003X,tier_1_primary_pharmacy,Y,Y,
1295433563,"CENTERWELL PHARMACY, INC.","11010 FLORIDA CROWN DRIVE, SUITE 200",,ORLANDO,FL,32824,8004862668,VP,333600000X|3336S0011X,tier_1_primary_pharmacy,Y,Y,
1619675691,GOOD GUYS PHARMA LLC,3002 17TH ST,,SAINT CLOUD,FL,347696011,4075563831,"OWNER, PHARMACIST IN CHARGE",333600000X,tier_1_primary_pharmacy,Y,Y,
1376242818,CONSULT RX PHARMACY,1119 E SUNRISE BLVD,,FORT LAUDERDALE,FL,333042809,9549905326,PHARMD,3336S0011X,tier_1_primary_pharmacy,Y,Y,
1073212056,SHRI AARNA RX LLC,3134 E HILLSBOROUGH AVE,,TAMPA,FL,336104528,8134444666,OWNER,3336L0003X,tier_1_primary_pharmacy,Y,Y,
1801595665,CARDINAL MEDICAL SUPPLY LLC,2335 TAMIAMI TRL N STE 208B,,NAPLES,FL,341034457,2392062959,OWNER,3336C0003X,tier_1_primary_pharmacy,Y,Y,
1598465130,LAKE BUTLER PHARMACY LLC,610 SW 1ST ST,,LAKE BUTLER,FL,320541505,3862917007,OWNER,3336C0003X,tier_1_primary_pharmacy,Y,Y,
1912606641,RAINBOW PHARMACY LLC,2820 NE 214TH ST,,AVENTURA,FL,331801268,3057887008,MANAGING MEMBER,3336C0003X,tier_1_primary_pharmacy,Y,Y,
1912607599,"METFUSION, LLC",821 N US HIGHWAY 1 STE A,,ORMOND BEACH,FL,321744528,3868680011,CHIEF OPERATING OFFICER,3336S0011X|3336H0001X,tier_1_primary_pharmacy,Y,Y,
1427758275,ARCHANGEL PHARMACY LLC,7306 STATE ROAD 52 STE 4,,HUDSON,FL,346676750,6462809084,PHARMACY MANAGER,333600000X,tier_1_primary_pharmacy,Y,Y,
1154021889,ROYAL PHARMACY LLC,17044 COLLINS AVE,,SUNNY ISLES BEACH,FL,331603642,3053403988,OWNER,333600000X|3336C0003X,tier_1_primary_pharmacy,Y,Y,
1669172300,COMITO PHARMACY LLC,1452 OVIEDO MALL BLVD,,OVIEDO,FL,327657421,3213801997,OWNER/OPERATOR,333600000X,tier_1_primary_pharmacy,Y,Y,
1619678315,PSG OF SARASOTA LLC,5315 AVION PARK DR STE 120,,TAMPA,FL,336071461,8446505802,COO,3336H0001X|3336S0011X,tier_1_primary_pharmacy,Y,Y,
1255032652,FLORIDA HEALTH SCIENCES CENTER INC,10740 PALM RIVER RD,,TAMPA,FL,336194573,8136606500,VP PAYOR AND GOVERNMNT AFFAIRS,3336C0003X,tier_1_primary_pharmacy,Y,Y,
1295436475,"PROXSYSRX - FL, LLC",1401 MICCOSUKEE RD STE 100,,TALLAHASSEE,FL,323085171,4482092010,PRESIDENT PHARMACY SERVICES,3336S0011X|3336C0003X,tier_1_primary_pharmacy,Y,Y,
1669176970,THE AUSADHA LLC,18474 N US HIGHWAY 41,,LUTZ,FL,335494469,8133044340,PHARMACIST,3336C0003X|3336C0004X|3336L0003X|333600000X,tier_1_primary_pharmacy,Y,Y,
1407550528,ADW DIABETES LLC,701 MARKET ST STE 108B,,SAINT AUGUSTINE,FL,320958803,8772419002,PHARMACIST IN CHARGE,333600000X|3336C0003X|3336M0002X,tier_1_primary_pharmacy,Y,Y,
1003510116,MAYO CLINIC JACKSONVILLE,4500 SAN PABLO RD S STE 2131,,JACKSONVILLE,FL,322241865,9049562000,CFO,3336H0001X,tier_1_primary_pharmacy,Y,Y,
1821793217,"METRO TREATMENT OF FLORIDA, LP",425 OFFICE PLAZA DR,,TALLAHASSEE,FL,323012756,4073517080,CFO,3336C0002X,tier_2_secondary_pharmacy,N,Y,
1073218459,"METRO TREATMENT OF FLORIDA, LP",57 TOWN CT STE 215,,PALM COAST,FL,321642425,3863873320,DIRECTOR OF MANAGED CARE,3336C0002X,tier_2_secondary_pharmacy,N,Y,
1235824426,"NORTH FLORIDA PHARMACY, INC.",3718 W US HIGHWAY 90,,LAKE CITY,FL,320554897,3867559300,PHARMACY TECH,3336L0003X,tier_1_primary_pharmacy,Y,Y,
1326733130,MA SANTOSHI LLC,23388 STATE ROAD 54 STE 104,,LUTZ,FL,335496937,8133673752,OWNER,333600000X,tier_1_primary_pharmacy,Y,Y,
1649965963,GULF COAST INFUSION LLC,6565 N W ST STE 220&230,,PENSACOLA,FL,325051715,8509858912,OWNER,333600000X|3336H0001X,tier_1_primary_pharmacy,Y,Y,
1023705654,US-RX CARE,4600 SHERIDAN ST STE 200,,HOLLYWOOD,FL,330213409,9546486774,CPO,333600000X,tier_1_primary_pharmacy,Y,Y,
1508553140,"RIGHT RX FL, LLC",4600 SHERIDAN ST STE 200,,HOLLYWOOD,FL,330213409,9546486774,CPO,333600000X,tier_1_primary_pharmacy,Y,Y,
1467140251,RAV PHARMA LLC,450077 SR 200,SUITE 4,CALLAHAN,FL,32011,9045150929,MEMBER MANAGER,333600000X|3336C0003X,tier_1_primary_pharmacy,Y,Y,
1609564327,MYDOSEPACK LLC,10575 US HIGHWAY 19 N,,PINELLAS PARK,FL,337823424,8132859365,MANAGING MEMBER,333600000X,tier_1_primary_pharmacy,Y,Y,
1619666526,POLOMAR SPECIALTY PHARMACY LLC,32866 US HIGHWAY 19 N,,PALM HARBOR,FL,346843124,7272022217,PRESIDENT,3336C0004X,tier_1_primary_pharmacy,Y,Y,
1760171581,UNIVV 3 INC,290 NICHOLAS PKWY NW STE 6,,CAPE CORAL,FL,339913804,2013446411,PRESIDENT/ PHARMACY MANAGER,3336C0003X,tier_1_primary_pharmacy,Y,Y,
1083303770,JAD FAMILY PHARMACY LLC,3413 S HOPKINS AVE,,TITUSVILLE,FL,327805624,3212254900,OWNER,3336C0003X,tier_1_primary_pharmacy,Y,Y,
1053001511,"PUBLIX SUPER MARKETS, INC.",3685 W 85TH PATH,,HIALEAH,FL,33018,8636881188,VICE PRESIDENT OF PHARMACY,333600000X|3336C0003X,tier_1_primary_pharmacy,Y,N,PUBLIX
1215627799,CVS,10155 OKEECHOBEE BLVD,,ROYAL PALM BEACH,FL,334111404,5617842734,PHARMACIST,3336C0003X,tier_1_primary_pharmacy,Y,N,CVS
1477243087,"PUBLIX SUPER MARKETS, INC.",303 SE 17TH ST STE 201,,OCALA,FL,344714470,3527236999,"VICE PRESIDENT, PHARMACY",333600000X|3336C0003X,tier_1_primary_pharmacy,Y,N,PUBLIX
1467142976,"PUBLIX SUPER MARKETS, INC.",1285 N UNIVERSITY DR,,CORAL SPRINGS,FL,330718314,7542406240,VICE PRESIDENT OF PHARMACY,333600000X|3336C0003X,tier_1_primary_pharmacy,Y,N,PUBLIX
1780374066,HANAI INC,116 HEARTLAND WAY,,WAUCHULA,FL,338735000,8637678920,PRESIDENT/OWNER,3336L0003X,tier_1_primary_pharmacy,Y,Y,
1497445696,"VITACARE PRESCRIPTION SERVICES, INC",951 YAMATO RD STE 160,,BOCA RATON,FL,334314432,8003503819,PHARMACIST IN CHARGE,333600000X,tier_1_primary_pharmacy,Y,Y,
1467142323,RNRX HEALTH LLC,164 S US HIGHWAY 17 STE 10,,EAST PALATKA,FL,321314066,9046100450,CEO,3336C0003X,tier_1_primary_pharmacy,Y,Y,
1760173454,STIRLING PHARMACY LLC,731 STIRLING CENTER PL UNIT 1901,,LAKE MARY,FL,327465209,4078783412,OWNER,3336C0003X,tier_1_primary_pharmacy,Y,Y,
1962193607,"SKNV PHARMACY, LLC",3155 SW 10TH ST STE 6A,,DEERFIELD BEACH,FL,334425900,8882108111,PRESIDENT,3336C0003X,tier_1_primary_pharmacy,Y,Y,
1023709540,"IDEL PHARMACY, INC",3314 W COLUMBUS DR STE A,,TAMPA,FL,336071801,8138776679,PRESIDENT,3336L0003X,tier_1_primary_pharmacy,Y,Y,
1023709573,"SUN HEALTH AND WELLNESS, INC",1300 US HIGHWAY 27 N STE 2,,SEBRING,FL,338701950,8635479996,PRESIDENT,3336C0004X|3336S0011X|3336C0003X,tier_1_primary_pharmacy,Y,Y,
1922799295,1ST CHOICE RX LLC,2049 WELBILT BLVD,,TRINITY,FL,346554700,7277449628,OWNER,3336C0004X,tier_1_primary_pharmacy,Y,Y,
1245921253,"PRIMARY CARE MEDICAL SERVICES OF POINCIANA, INC.",109 N DOVERPLUM AVE,,KISSIMMEE,FL,347583309,4079438600,CEO,3336C0002X,tier_1_primary_pharmacy,Y,Y,
1922790641,LEE MEMORIAL HEALTH SYSTEM,8350 HOSPITAL DR STE 120,,ESTERO,FL,341358111,2393437277,CHIEF FINANCIAL OFFICER,3336S0011X|3336C0003X,tier_1_primary_pharmacy,Y,Y,
1700578143,SW PHARMACY INC,1233 LANE AVE S STE 9,,JACKSONVILLE,FL,322056254,9047695104,PRESIDENT AO,3336L0003X,tier_1_primary_pharmacy,Y,Y,
1346932662,LEGACY PHARMACY PLUS INC,8140 W WATERS AVE STE H,,TAMPA,FL,336151859,8132490011,PRESIDENT,3336C0003X,tier_1_primary_pharmacy,Y,Y,
1891487138,"COASSIST PHARMACY, LLC",2400 SAND LAKE RD STE 200A,,ORLANDO,FL,328097662,8772190039,PHARMACIST IN CHARGE,3336C0003X,tier_1_primary_pharmacy,Y,Y,
1720770969,"PUBLIX SUPER MARKETS, INC.",1400 PINEHURST DR,,SPRING HILL,FL,346064553,3526105191,"VP, PHARMACY",333600000X|3336C0003X,tier_1_primary_pharmacy,Y,N,PUBLIX
1922790161,"PUBLIX SUPER MARKETS, INC.",4966 LECHALET BLVD,,BOYNTON BEACH,FL,334361406,5614136664,"VP, PHARMACY",333600000X|3336C0003X,tier_1_primary_pharmacy,Y,N,PUBLIX
1720770977,"PUBLIX SUPER MARKETS, INC.",13435 US HIGHWAY 1,,SEBASTIAN,FL,329583757,7724139060,"VP, PHARMACY",333600000X|3336C0003X,tier_1_primary_pharmacy,Y,N,PUBLIX
1992498364,PHARM-AID ENTERPRISES LLC,2100 NW 107TH AVE STE 107,,SWEETWATER,FL,331722506,3054961682,OWNER,3336C0003X,tier_1_primary_pharmacy,Y,Y,
1417640913,"QUALITYHEALTH PHARMACY, LLC",5850 T G LEE BLVD STE 435,,ORLANDO,FL,328224404,8333532095,VP/CHIEF PHARMACY OFFICER,3336C0003X|3336L0003X,tier_1_primary_pharmacy,Y,Y,
1801589312,"CHOICE ONE INFUSION, LLC",500 GULFSTREAM BLVD STE 107,,DELRAY BEACH,FL,334836142,5613636991,CFO,3336S0011X|3336H0001X,tier_1_primary_pharmacy,Y,Y,
1770276099,FIRST COAST COMMUNITY DEVELOPMENT,525 N NEWNAN ST,,JACKSONVILLE,FL,322023121,9043798383,PRESIDENT,3336C0002X|3336C0003X,tier_1_primary_pharmacy,Y,Y,
1144914201,PIONEER RX PHARMACY LLC,494 PONDEROSA DR,,SAINT CLOUD,FL,347691656,4079684218,AMBR,3336L0003X,tier_1_primary_pharmacy,Y,Y,
1710671854,"COASSIST PHARMACY, LLC",2400 SAND LAKE RD STE 200B,,ORLANDO,FL,328097662,8339495527,PIC,3336C0003X,tier_1_primary_pharmacy,Y,Y,
1346933454,RISHIKRIPA INC,16640 S US HIGHWAY 301 STE 103,,WIMAUMA,FL,335984176,8138126062,CEO,333600000X,tier_1_primary_pharmacy,Y,Y,
1336833169,REMEDY PHARMACEUTICAL INC.,231 DEL PRADO BLVD S STE 11,,CAPE CORAL,FL,339905707,9738701265,PHARMACIST,3336C0003X,tier_1_primary_pharmacy,Y,Y,
1558055194,INNOVATIVE PHARMACY SERVICES LLC,7381 114TH AVE STE 402,,LARGO,FL,337735131,7272688982,PRESIDENT,3336S0011X,tier_1_primary_pharmacy,Y,Y,
1457045999,PRAKRUTI LLC,1801 S OCEAN DR STE C,,HALLANDALE BEACH,FL,330094923,5618705554,MEMBER,3336L0003X,tier_1_primary_pharmacy,Y,Y,
1528742509,"TELYRX, LLC",24761 US HIGHWAY 19 N STE 630,,CLEARWATER,FL,337633932,8133366619,CHIEF OPERATING OFFICER,3336C0003X,tier_1_primary_pharmacy,Y,Y,
1396429817,FLORIDA HEALTH CARE PLAN INC,1925 PROVIDENCE BLVD,,DELTONA,FL,327253945,3866155008,CMO,333600000X|3336M0003X,tier_1_primary_pharmacy,Y,Y,
1568148211,OM RX PARTNERS LLC,15835 SHADDOCK DR STE 110,,WINTER GARDEN,FL,347875778,8622038851,PHARMACY DEPARTMENT MANAGER,3336C0003X,tier_1_primary_pharmacy,Y,Y,
1285311290,HYGEIA HOLDINGS LLC,1555 E BAY DR STE L,,LARGO,FL,337711002,7275010188,PIC/OWNER,3336L0003X,tier_1_primary_pharmacy,Y,Y,
1295412286,"HEALTHDYNE PHARMACY FL, LLC",500 EAGLES LANDING DR,,LAKELAND,FL,338102899,8884792000,SENIOR VICE PRESIDENT & SECRETARY,333600000X,tier_1_primary_pharmacy,Y,Y,
1366129322,"MIXLAB, INC.",3880 N 28TH TER,,HOLLYWOOD,FL,330201118,8889014480,CHIEF PHARMACY OFFICER,3336C0004X|3336C0003X|333600000X,tier_1_primary_pharmacy,Y,Y,
1851079107,"ACIVICS PHARMACY, INC.",2441 NORTHWEST 43RD STREET,SUITE 5C,GAINESVILLE,FL,32606,3523165453,CEO,3336C0003X,tier_1_primary_pharmacy,Y,Y,
1790463560,NEW HEALTH PHARMACY LLC,1776 N PINE ISLAND RD STE 218,,PLANTATION,FL,333225223,9548368336,OWNER,3336C0003X,tier_1_primary_pharmacy,Y,Y,
1891474078,PHARMACY BRASIL LAS AMERICAS PBLA LLC,3925 N FEDERAL HWY,,POMPANO BEACH,FL,330646042,9543618919,PHARMACIST,3336C0003X,tier_1_primary_pharmacy,Y,Y,
1265111421,PUBLIX SUPER MARKETS INC.,11286 DOWDEN RD,,ORLANDO,FL,328325201,4072410259,VP OF PHARMACY,333600000X|3336C0003X,tier_1_primary_pharmacy,Y,N,PUBLIX
1306525563,PUBLIX SUPER MARKETS INC.,16950 SAN CARLOS BLVD,,FORT MYERS,FL,339081224,2398950721,VP OF PHARMACY,333600000X|3336C0003X,tier_1_primary_pharmacy,Y,N,PUBLIX
1801575899,PUBLIX SUPER MARKETS INC.,4181 E SR-46,,SANFORD,FL,32771,4074304036,VP OF PHARMACY,333600000X|3336C0003X,tier_1_primary_pharmacy,Y,N,PUBLIX
1982383907,VMK INTERNATIONAL LLC,8003 NW 95TH ST,,HIALEAH GARDENS,FL,330162377,3054196897,OWNER,3336C0003X,tier_1_primary_pharmacy,Y,Y,
1033899521,"HEALTHDYNE SPECIALTY FLORIDA, LLC",500 EAGLES LANDING DR STE A,,LAKELAND,FL,338102899,8006418475,SENIOR VICE PRESIDENT & SECRETARY,333600000X,tier_1_primary_pharmacy,Y,Y,
1083394217,360 PHARMACY & DME LLC,3677 CENTRAL AVE STE C,,FORT MYERS,FL,339018226,2392475702,OWNER,3336C0003X,tier_1_primary_pharmacy,Y,Y,
1467133975,SPECIALTY INFUSIONS FL CORP,1809 S DIVISION AVE STE B,,ORLANDO,FL,328054729,4074657500,DIRECTOR OF PHARMACY,3336C0003X,tier_1_primary_pharmacy,Y,Y,
1427739895,MMRX HEALTH LLC,11661 COUNTRYWAY BLVD,,TAMPA,FL,336262739,8132647158,PHARMACIST IN CHARGE,3336C0003X|333600000X,tier_1_primary_pharmacy,Y,Y,
1275214389,BRASHEARS VITAL CARE CORP,206 W DAMPIER ST,,INVERNESS,FL,344504212,3526372079,CEO,3336L0003X,tier_1_primary_pharmacy,Y,Y,
1114609989,"BAYVRIO PHARMACY, LLC",1548 E FOWLER AVE,,TAMPA,FL,336125416,8136231800,CEO,333600000X,tier_1_primary_pharmacy,Y,Y,
1922780287,GPSIG LLC,18155 BISCAYNE BLVD,,AVENTURA,FL,331602535,3052399199,MEMBER,3336C0003X,tier_1_primary_pharmacy,Y,Y,
1659053874,"COASSIST PHARMACY, LLC",2400 SAND LAKE RD STE 200,,ORLANDO,FL,328099100,8772197537,"VP, PHARMACY",3336M0002X,tier_1_primary_pharmacy,Y,Y,
1669155487,PRIVECARERX LLC,2020 PONCE DE LEON BLVD STE 105,,CORAL GABLES,FL,331344475,3522844390,OWNER/ PHARMACY MANAGER,333600000X,tier_1_primary_pharmacy,Y,Y,
1306629340,"CENTERWELL PHARMACY, INC.",11010 FLORIDA CROWN DR STE 200,,ORLANDO,FL,328247017,8004862668,VP,3336C0003X,tier_1_primary_pharmacy,Y,Y,
1427831007,STRIVE PHARMACY TAMPA LLC,3906 CRAGMONT DR,,TAMPA,FL,336198305,8136447700,OWNER,3336C0004X,tier_1_primary_pharmacy,Y,Y,
1285417709,COSTA PHARMACY,4055 NW 97TH AVE STE 110,,DORAL,FL,331782911,3054390318,PHARMACY DIRECTOR,333600000X,tier_1_primary_pharmacy,Y,Y,
1609650936,RO HEALTH SERVICES LLC,3606 QUANTUM BLVD,,BOYNTON BEACH,FL,334268637,8882991855,PHARMACY MANAGER,3336C0003X,tier_1_primary_pharmacy,Y,Y,
1023891348,"BAYSIDE INFUSION SERVICES, LLC",8600 HIDDEN RIVER PKWY STE 300,,TAMPA,FL,336371033,3525840563,OWNER,333600000X|3336C0004X|3336H0001X,tier_1_primary_pharmacy,Y,Y,
1710762067,"ALMA PHARMACY, INC",10740 WEST FLAGLER ST,SUITE 12,MIAMI,FL,331744405,3058002562,PRESIDENT,3336C0002X,tier_1_primary_pharmacy,Y,Y,
1144005158,"KALITEK, INC",5703 DUCKWEED RD,,LAKE WORTH,FL,334493344,5616286757,PRESIDENT,3336C0002X,tier_1_primary_pharmacy,Y,Y,
1073399523,MAHEEM ENTERPRISE LLC,1515 PALM BAY RD STE 108,,MELBOURNE,FL,329053863,3214993999,OWNER/MANAGER,3336L0003X,tier_1_primary_pharmacy,Y,Y,
1164208609,ST JUDE PHARMACY & DISCOUNT 2 INC,3474 W 60 ST,,HIALEAH,FL,330164409,7869536339,OWNER,3336C0003X,tier_1_primary_pharmacy,Y,Y,
1801673488,ATLAS ONE INC,55 W 3RD ST,,HIALEAH,FL,330104727,7864192945,"PHARMACIST IN CHARGE, PRESIDENT",333600000X,tier_1_primary_pharmacy,Y,Y,
1144007717,"SPRX, INC.",3740 SAINT JOHNS BLUFF RD S STE 21,,JACKSONVILLE,FL,322242650,9045753571,PHARMACIST IN CHARGE,333600000X|3336C0003X,tier_1_primary_pharmacy,Y,Y,
1598542508,BELL PHARMACY 002 LLC,8702 HUNTERS LAKE DR # 140,,TAMPA,FL,336472855,8138033399,MANAGER,333600000X|3336C0003X,tier_1_primary_pharmacy,Y,Y,
1326825241,HM BLOOMINGDALE LLC,3535 CENTRAL AVE,,SAINT PETERSBURG,FL,337138405,8136892273,MANAGER,3336S0011X,tier_1_primary_pharmacy,Y,Y,
1154108819,GAINESVILLE INFUSION RX LLC,6241 NW 23RD ST STE 101,,GAINESVILLE,FL,326537105,3522838411,OWNER,333600000X|3336C0004X|3336H0001X,tier_1_primary_pharmacy,Y,Y,
1679350383,"ZENITH 24, LLC",2861 ELECTRONICS DR,,MELBOURNE,FL,329352101,3214752007,OWNER,333600000X|3336C0004X|3336H0001X,tier_1_primary_pharmacy,Y,Y,
1801674270,HEALTHI RX LLC,2318 NE 2ND AVE,,MIAMI,FL,331374808,3053592222,PRESIDENT/PHARMACIST IN CHARGE,333600000X|3336C0003X,tier_1_primary_pharmacy,Y,Y,
1811775067,HEALTH FIRST LLC,667 W KING ST,,ST AUGUSTINE,FL,320848720,9042575050,OWNER/PHARMACY DIRECTOR,333600000X|3336C0003X,tier_1_primary_pharmacy,Y,Y,
1619755790,"LARKIN COMMUNITY HOSPITAL PALM SPRINGS CAMPUS, LLC",8000 BISCAYNE BLVD STE 105,,MIAMI,FL,331384621,3058161920,CHIEF EXECUTIVE OFFICER,3336C0003X,tier_1_primary_pharmacy,Y,Y,
1265210215,MY CONCIERGE PHARMACY PLLC,2112 S CONGRESS AVE STE 207,,PALM SPRINGS,FL,334067670,5612846165,OWNER/PHARMACIST,3336C0004X|3336C0003X,tier_1_primary_pharmacy,Y,Y,
1316726029,CURATIVE PHARMACY LLC,6706 BENJAMIN RD STE 300,,TAMPA,FL,336344419,8334287284,DIRECTOR OF PHARMACY OPERATIONS,3336C0003X,tier_1_primary_pharmacy,Y,Y,
1942089651,CURATIVE PHARMACY LLC,6706 BENJAMIN RD STE 300,,TAMPA,FL,336344419,8334287284,DIRECTOR OF PHARMACY OPERATIONS,3336M0002X,tier_1_primary_pharmacy,Y,Y,
1114706827,CURATIVE PHARMACY LLC,6706 BENJAMIN RD STE 300,,TAMPA,FL,336344419,8334287284,DIRECTOR OF PHARMACY OPERATIONS,3336S0011X,tier_1_primary_pharmacy,Y,Y,
1639958176,D&S ENTERPRISES OF VERO BEACH LLC,777 37TH ST STE C100,,VERO BEACH,FL,329607331,7727788585,MANAGER,3336L0003X,tier_1_primary_pharmacy,Y,Y,
1528847605,"LEDGERMEDS, INC",3248 W LAKE MARY BLVD STE 1200,,LAKE MARY,FL,327463587,3212529011,PRESIDENT,3336C0003X,tier_1_primary_pharmacy,Y,Y,
1184404766,LEGACY PARK DISCOUNT PHARMACY,10967 LAKE UNDERHILL RD STE 118,,ORLANDO,FL,328254454,4077307989,PHARMACY MANAGER,3336L0003X,tier_1_primary_pharmacy,Y,Y,
1750161345,HHPK INC,2840 RECKER HWY,,WINTER HAVEN,FL,338801941,8636623178,OWNER/PHARMACY MANAGER,3336C0003X,tier_1_primary_pharmacy,Y,Y,
1154101731,LEGACY PHARMACY OC LLC,921 TOWN CENTER DR STE 100,,ORANGE CITY,FL,327638266,3862184993,PHARMACY MANAGER,3336L0003X,tier_1_primary_pharmacy,Y,Y,
1992585285,ATOMOS SOLUTIONS INC,329 BLACKBIRD CT,,BRADENTON,FL,342122945,9418401426,ADMINISTRATIVE,333600000X,tier_1_primary_pharmacy,Y,Y,
1457131450,ROSE NURSING & PHARMACY SERVICES,10008 PINES BOULEVARD,,PEMBROKE PINES,FL,33024,9544328290,OWNER,3336S0011X|3336L0003X,tier_1_primary_pharmacy,Y,Y,
1063293892,ZAS PHARMACY LLC,2736 SW 137TH AVE,,MIAMI,FL,331756638,7869535564,MGRM,3336C0003X,tier_1_primary_pharmacy,Y,Y,
1558142679,WR PHARMACY SERVICES INC,14244 SW 8TH ST,,MIAMI,FL,331843104,7867175095,OWNER,3336L0003X,tier_1_primary_pharmacy,Y,Y,
1689456626,"PUBLIX SUPER MARKETS, INC.",4601 LINDSEY CROSSING,,PANAMA CITY,FL,324049325,8507726110,VP OF PHARMACY,333600000X|3336C0003X,tier_1_primary_pharmacy,Y,N,PUBLIX
1326820366,"MEDICAL HOTSPOTS, INC",2183 PARK AVE STE B,,ORANGE PARK,FL,320735585,9043285959,CEO,333600000X,tier_1_primary_pharmacy,Y,Y,
1962284919,"MEDICAL HOTSPOTS, INC",11848 COUNTY ROAD 105 STE B,,OXFORD,FL,344842956,3525714928,CEO,333600000X,tier_1_primary_pharmacy,Y,Y,
1144002239,"LEDGERMEDS, INC",3248 W LAKE MARY BLVD STE 1200,,LAKE MARY,FL,327463587,3212529011,PRESIDENT,3336L0003X,tier_1_primary_pharmacy,Y,Y,
1326820358,"PUBLIX SUPER MARKETS, INC.",32265 OVERPASS RD,,WESLEY CHAPEL,FL,335454987,8139534408,VP OF PHARMACY,333600000X|3336C0003X,tier_1_primary_pharmacy,Y,N,PUBLIX
1669254603,"PUBLIX SUPER MARKETS, INC.",10640 FOREST HILL BLVD,,WELLINGTON,FL,334143165,5615305027,VP OF PHARMACY,333600000X|3336C0003X,tier_1_primary_pharmacy,Y,N,PUBLIX
1720860414,"PUBLIX SUPER MARKETS, INC.",2335 N. ORANGE BLOSSOM TRL,,ORLANDO,FL,32804,6892068881,VP OF PHARMAY,333600000X|3336C0003X,tier_1_primary_pharmacy,Y,N,PUBLIX
1437931136,"PUBLIX SUPER MARKETS, INC.",19050 CORKSCREW,,ESTERO,FL,33928,2396754030,VP OF PHARMACY,333600000X|3336C0003X,tier_1_primary_pharmacy,Y,N,PUBLIX
1093597544,PBJ MEDICAL RX LLC,7380 W SAND LAKE RD,,ORLANDO,FL,328195248,8004857962,OPERATION MANAGER,3336C0003X,tier_1_primary_pharmacy,Y,Y,
1811779242,COASTAL PLANNING PHARMACY LLC,151 N TAMIAMI TRL,,OSPREY,FL,342299318,9412310131,OWNER,3336C0003X,tier_1_primary_pharmacy,Y,Y,
1174305551,WEST COAST PHARMACY LLC,8439 N FLORIDA AVE,,TAMPA,FL,336043034,8139328380,OWNER,3336C0003X,tier_1_primary_pharmacy,Y,Y,
1699557082,WEST COAST PHARMACY II LLC,7009 N ARMENIA AVE,,TAMPA,FL,336045252,8138740795,OWNER,3336C0003X,tier_1_primary_pharmacy,Y,Y,
1073395463,LOPEZ CAPITOL GROUP CORP,11300 NW 87 CT,SUITE 109,HIALEAH GARDENS,FL,330184516,3059678586,PRESIDENT,3336C0003X,tier_1_primary_pharmacy,Y,Y,
1891567426,ADYA LLC,1572 CITRUS MEDICAL CT,,OCOEE,FL,347614547,4073375250,PHAMACY MANAGER,3336C0003X|3336L0003X,tier_1_primary_pharmacy,Y,Y,
1275306243,MAYA PHARMACY CORP,11045 SW 216TH ST UNIT 2,,MIAMI,FL,331703073,7867130512,OWNER,3336C0003X,tier_1_primary_pharmacy,Y,Y,
1245003250,STARKE FAMILY PHARMACY,211 S ORANGE ST,,STARKE,FL,320913833,9044541484,PRESCRIPTION DEPARTMENT MANAGER,3336C0003X,tier_1_primary_pharmacy,Y,Y,
1962275735,EXCEL PHARMACY INC,9495 SW 72ND ST STE B180P,,MIAMI,FL,331733253,3052745319,PRESIDENT,3336S0011X|333600000X,tier_1_primary_pharmacy,Y,Y,
1477326890,OASIS RX PHARMA CORP,13205 SW 137TH AVE STE 133,,MIAMI,FL,331865334,7864329218,PRESIDENT,3336C0003X,tier_1_primary_pharmacy,Y,Y,
1043084460,CARENOW PHARMACY II LLC,18830 US HIGHWAY 441,,MOUNT DORA,FL,327576700,3525593107,MANAGING MEMBER,3336L0003X,tier_1_primary_pharmacy,Y,Y,
1396519633,WATER LILLY PHARMACY LLC,3700 WASHINGTON ST STE 206,,HOLLYWOOD,FL,330218249,9544175698,PHARMACY MANAGER,3336S0011X,tier_1_primary_pharmacy,Y,Y,
1407620230,THE NEMOURS FOUNDATION,6535 NEMOURS PKWY,,ORLANDO,FL,328277884,4075674799,DIRECTOR OF PHARMACY SERVICES,3336S0011X|3336C0003X,tier_1_primary_pharmacy,Y,Y,
1255105755,PHARMAOVERSEAS LLC,36255 US HIGHWAY 19 N,,PALM HARBOR,FL,346841454,8134991980,AUTHORIZED OFFICIAL,3336C0003X,tier_1_primary_pharmacy,Y,Y,
1093580300,"LEGACY PHARMACY CF, LLC",1060 N JOHN YOUNG PKWY,,KISSIMMEE,FL,347414104,4077307989,PARTNER,3336C0003X,tier_1_primary_pharmacy,Y,Y,
1285409458,HMV LLC,4860 48TH AVE N,,ST PETERSBURG,FL,337142836,7275223222,PHARMACY MANAGER,3336L0003X,tier_1_primary_pharmacy,Y,Y,
1184499303,BETTER CHOICE PHARMACY LLC,13723 N DALE MABRY HWY,,TAMPA,FL,336182417,7273667384,OWNER,3336L0003X|3336C0004X|3336C0003X,tier_1_primary_pharmacy,Y,Y,
1669247466,"THRIVE SPECIALTY PHARMACY, LLC",7368 NW 5TH ST,,PLANTATION,FL,333171605,9544402392,DIRECTOR OF OPERATIONS,3336S0011X|3336C0003X,tier_1_primary_pharmacy,Y,Y,
1710752563,HEALTHRX MIAMI PHARMACY CORP,10063 SW 72ND ST,,MIAMI,FL,331734623,7869630154,PRESIDENT,3336C0003X|333600000X,tier_1_primary_pharmacy,Y,Y,
1346015104,"FORT MYERS INFUSION, LLC",24840 S TAMIAMI TRL STE 1&2,,BONITA SPRINGS,FL,341347009,2393140279,OWNER,333600000X|3336C0004X|3336H0001X,tier_1_primary_pharmacy,Y,Y,
1871368613,SARASOTA COUNTY PUBLIC HOSPITAL DISTRICT,1700 S TAMIAMI TRL,,SARASOTA,FL,342393509,9419176979,PRESIDENT & CEO,3336C0003X,tier_1_primary_pharmacy,Y,Y,
1255107496,"PUBLIX SUPER MARKETS, INC.",1940 LAKEWOOD RANCH BLVD,,SARASOTA,FL,34240,9412716985,VP OF PHARMACY,333600000X|3336C0003X,tier_1_primary_pharmacy,Y,N,PUBLIX
1295501435,"PUBLIX SUPER MARKETS, INC.",1220 EAST PALM DRIVE,,HOMESTEAD,FL,33035,7865726696,VP OF PHARMACY,333600000X|3336C0003X,tier_1_primary_pharmacy,Y,N,PUBLIX
1689440810,MY SUPER PHARMACY,10550 NW 77TH CT STE 303,,HIALEAH GARDENS,FL,330162071,7864854170,PRES,3336C0003X,tier_1_primary_pharmacy,Y,Y,
1225804461,"PUBLIX SUPER MARKETS, INC.",11635 MOCCASIN WALLOW ROAD,,PARRISH,FL,34219,9419816158,VP OF PHARMACY,333600000X|3336C0003X,tier_1_primary_pharmacy,Y,N,PUBLIX
1346016052,PIONEER RX PHARMACY LLC,494 PONDEROSA DR,,SAINT CLOUD,FL,347691656,4075931600,MANGER,3336L0003X|3336C0003X,tier_1_primary_pharmacy,Y,Y,
1558138149,"PREMIER COMMUNITY HEALTH CARE GROUP, INC.",5957 ROWAN RD,,NEW PORT RICHEY,FL,346534531,3525182000,CEO,3336C0003X|333600000X,tier_1_primary_pharmacy,Y,Y,
1255108619,PILLPACK LLC,7469 KINGSPOINTE PKWY STE 400,,ORLANDO,FL,328198587,8557455725,VICE PRESIDENT,3336C0003X|333600000X,tier_1_primary_pharmacy,Y,Y,
1932976206,BIG BEND INFUSION LLC,124 MARRIOTT DR STE 105,,TALLAHASSEE,FL,323012981,8505585588,OWNER/PHARMACISTS,333600000X|3336C0004X|3336H0001X,tier_1_primary_pharmacy,Y,Y,
1821865056,ALL WELL PHARMACY INC,5452 BLANDING BLVD,,JACKSONVILLE,FL,322441957,9047796990,PRESIDENT,3336M0002X|3336L0003X,tier_1_primary_pharmacy,Y,Y,
1750158747,"CENTERWELL PHARMACY, INC.",500 E CENTRAL AVE,,WINTER HAVEN,FL,338803053,8632593255,VP,333600000X|3336C0003X,tier_1_primary_pharmacy,Y,Y,
1013785559,ST. THOMAS PHARMACY LLC,7200 RIDGE RD STE 106,,PORT RICHEY,FL,346686971,7273124888,OWNER/AUTHORIZED AGENT,3336L0003X,tier_1_primary_pharmacy,Y,Y,
1578331575,WELLS ROAD PHARMACY LLC,1635 WELLS RD STE 3,,ORANGE PARK,FL,320732303,9043757277,OWNER,333600000X,tier_1_primary_pharmacy,Y,Y,
1457129496,"PHARMACON, INC.",160 SW 12TH AVE,,DEERFIELD BEACH,FL,334423119,8883272233,COO,333600000X|3336C0004X|3336L0003X|3336S0011X,tier_2_secondary_pharmacy,N,Y,
1376312967,C&T RX LLC,8165 WOODVILLE HWY,,TALLAHASSEE,FL,323051732,2017048910,MANAGE/OWNER,3336C0003X,tier_1_primary_pharmacy,Y,Y,
1821868803,COMMUNITY HEALTH CENTERS OF PINELLAS INC.,1260 S MARTIN LUTHER KING JR AVE,,CLEARWATER,FL,337564172,7278248181,CHIEF REGULATORY OFFICER,333600000X,tier_1_primary_pharmacy,Y,Y,
1831969609,"FORMULATE RX PHARMACY, LLC",1049 WILLA SPRINGS DR STE 1051,,WINTER SPRINGS,FL,327085259,8773400042,MEMBER,333600000X,tier_1_primary_pharmacy,Y,Y,
1730959602,CURATIVE MEDICINE,2622 NW 43RD ST STE A1,,GAINESVILLE,FL,326066678,3525651177,OWNER,3336C0003X,tier_1_primary_pharmacy,Y,Y,
1891565065,"BURRYS PHARMACY, INC.",500 WEBSTER ST,,LEESBURG,FL,347485019,3527873787,PHARMACIST/OWNER,3336L0003X,tier_1_primary_pharmacy,Y,Y,
1275304164,READY MADE PHARMACY LLC,3294 GREENWALD WAY N,,KISSIMMEE,FL,347410728,8008913040,OWNER,333600000X|3336C0003X,tier_1_primary_pharmacy,Y,Y,
1154192078,"FACE TO FACE PHARMACY, INC",15924 SW 92ND AVE,,PALMETTO BAY,FL,331571842,3059643361,VP,333600000X,tier_1_primary_pharmacy,Y,Y,
1720849540,NORTH FLORIDA RURAL HEALTH CORP,680 MAPLE ST STE 100,,CHATTAHOOCHEE,FL,323241826,8507599223,CEO,3336M0002X|3336C0003X,tier_1_primary_pharmacy,Y,Y,
1790546422,VENICECARE HEALTHCARE SERVICES LLC,5504 PINEBROOK RD STE 202,,NORTH VENICE,FL,342753745,9413501199,OWNER,3336C0003X,tier_1_primary_pharmacy,Y,Y,
1164284378,"PUBLIX SUPER MARKETS, INC.",81 ALAFAYA WOODS BLVD,,OVIEDO,FL,327656235,4076034223,"VP, PHARMACY",333600000X|3336C0003X,tier_1_primary_pharmacy,Y,N,PUBLIX
1780446997,"PUBLIX SUPER MARKETS, INC.",3100 S OCEAN DR,,HOLLYWOOD,FL,330192846,9542665006,"VP, PHARMACY",333600000X|3336C0003X,tier_1_primary_pharmacy,Y,N,PUBLIX
1114789336,"TRENTON MEDICAL CENTER, INC.",16916 NW US HIGHWAY 441,,HIGH SPRINGS,FL,326438102,3867992050,CEO,3336C0002X|3336C0003X,tier_1_primary_pharmacy,Y,Y,
1770345803,A&A MED SOLUTIONS LLC,7938 PINES BLVD,,PEMBROKE PINES,FL,330246908,9549875230,PHARMACY MANAGER,3336L0003X,tier_1_primary_pharmacy,Y,Y,
1497517437,ELITE PHARMACY SD CORP,14742 SW 56TH ST,,MIAMI,FL,331854067,8085577845,PHARMACIST/OWNER,3336C0003X,tier_1_primary_pharmacy,Y,Y,
1699537654,"FOUNDCARE, INC.",840 US HIGHWAY 1 STE 120,,NORTH PALM BEACH,FL,334083858,5617768300,CEO,3336C0003X,tier_1_primary_pharmacy,Y,Y,
1326800152,"PUBLIX SUPER MARKETS, INC.",7655 STADIUM PARKWAY,,MELBOURNE,FL,32940,3214262916,VP PHARMACY,333600000X|3336C0003X,tier_1_primary_pharmacy,Y,N,PUBLIX
1861254617,"PUBLIX SUPER MARKETS, INC.",7064 WATERSET BLVD,,GIBSONTON,FL,33572,8138936962,VP PHARMACY,333600000X|3336C0003X,tier_1_primary_pharmacy,Y,N,PUBLIX
1750143400,"JOSEYKAY CONSULTANT SERVICES, INC",406 E VINE ST RM B,,KISSIMMEE,FL,347444274,4075305745,VICE PRESIDENT,3336L0003X,tier_1_primary_pharmacy,Y,Y,
1215799697,CARDINAL MEDICAL SUPPLY LLC,2335 TAMIAMI TRL N STE 208B,,NAPLES,FL,341034457,2392062959,OWNER,3336L0003X,tier_1_primary_pharmacy,Y,Y,
1376306639,XRX PHARMACY LLC,2810 E OAKLAND PARK BLVD STE 200B,,FORT LAUDERDALE,FL,333061801,9548706969,CEO,333600000X|3336C0003X,tier_1_primary_pharmacy,Y,Y,
1396508982,"ALPHARM HEALTHCARE SERVICES, LLC",813 NW 119TH ST,,NORTH MIAMI,FL,331682336,9546087684,PRESIDENT/MANAGER,3336C0003X,tier_1_primary_pharmacy,Y,Y,
1316700941,SKP LLC,5004 GULFPORT BLVD S,,GULFPORT,FL,337074942,7272231075,BUSINESS PARTNER,3336L0003X,tier_1_primary_pharmacy,Y,Y,
1073376737,"EDUCATION & EMPOWERMENT, INC.",119 W BAY ST,,WAUCHULA,FL,338733135,8634484532,EXECUTIVE BOARD/CEO,3336C0003X,tier_1_primary_pharmacy,Y,Y,
1194589341,"BREVARD HEALTH ALLIANCE, INC.",1315 VALENTINE ST,,MELBOURNE,FL,329013127,3212416800,DIRECTOR OF BILLING,3336C0003X,tier_1_primary_pharmacy,Y,Y,
1033973789,CUBANE LLC,8170 OKEECHOBEE BLVD STE 4,,WEST PALM BEACH,FL,334112159,8888622772,PHARMACIST IN CHARGE,3336C0004X,tier_1_primary_pharmacy,Y,Y,
1013772193,"WISDOM PHARMACY,LLC",4123 W HILLSBOROUGH AVE STE C,,TAMPA,FL,336145609,8124436980,PHARMACY OWNER,3336L0003X,tier_1_primary_pharmacy,Y,Y,
1356106256,CAREPACK PHARMACY LLC,1039 HARLEY STRICKLAND BLVD STE 700,,ORANGE CITY,FL,327637981,3865320220,MANAGING MEMBER,3336L0003X,tier_1_primary_pharmacy,Y,Y,
1689439325,NEWGEN CLINICAL CARE PHARMACY LLC,6709 RIDGE RD STE 306,,PORT RICHEY,FL,346686867,7272033202,"PHARMACY MANAGER, OWNER",3336L0003X,tier_1_primary_pharmacy,Y,Y,
1689439432,"VILLA CLARA PHARMACY, LLC",9568 SW 137TH AVE # 354-B3,,MIAMI,FL,331862201,7862824279,PHARMACY MANAGER,3336C0003X,tier_1_primary_pharmacy,Y,Y,
1831955327,"RESCUE HEALTH FOUNDATION, INC.",818 CHESTNUT ST,,CLEARWATER,FL,337565642,7274773636,CEO,3336M0002X,tier_2_secondary_pharmacy,N,Y,
1033975826,"LEON MEDICAL CENTERS, LLC",2250 NE 8TH ST,,HOMESTEAD,FL,330335349,3056463250,DIRECTOR OF PHARMACY OPERATIONS,3336C0002X|3336C0003X,tier_1_primary_pharmacy,Y,Y,
1942067590,OAK STREET PHARMACY LLC,1026 MANN ST,,KISSIMMEE,FL,347414121,4075728004,PHARMACIST,3336C0003X,tier_1_primary_pharmacy,Y,Y,
1750148375,INTERGRATED PHARMCEUTICAL SOLUTIONS LLC,1478 N WILSON AVE,,BARTOW,FL,338303373,8635376694,MGR,3336C0004X|3336L0003X|3336S0011X,tier_1_primary_pharmacy,Y,Y,
1427815182,"CARE RESOURCE COMMUNITY HEALTH CENTERS, INC.",1680 MICHIGAN AVE STE 908,,MIAMI BEACH,FL,331392550,7866071040,CHIEF MEDICAL OFFICER,3336C0003X,tier_1_primary_pharmacy,Y,Y,
1598522047,CORAL SPECIALTY LLC,9837 W SAMPLE RD,,CORAL SPRINGS,FL,330654005,7329128122,OWNER,3336S0011X,tier_1_primary_pharmacy,Y,Y,
1306603360,PUBLIX SUPER MARKETS INC,11341 NORMANDY BLVD STE 201,,JACKSONVILLE,FL,322211803,9049296001,VP OF PHARMACY,333600000X|3336C0003X,tier_1_primary_pharmacy,Y,N,PUBLIX
1588421549,PUBLIX SUPER MARKETS INC,13170 ATLANTIC BLVD STE 29,,JACKSONVILLE,FL,322254150,9043804405,VP OF PHARMACY,333600000X|3336C0003X,tier_1_primary_pharmacy,Y,N,PUBLIX
1902664675,RAJHANS INC,3603 TAMIAMI TRL N,,NAPLES,FL,341033706,2154294090,OWNER,3336C0003X,tier_1_primary_pharmacy,Y,Y,
1750149506,LIFE QUEST PHARMACY LLC,140 JUPITER LAKES BLVD STE B,,JUPITER,FL,334587196,5616682213,OWNER,3336C0004X|3336C0003X,tier_1_primary_pharmacy,Y,Y,
1447018890,"TALLAHASSEE MEMORIAL HEALTHCARE, INC.",1401 MICCOSUKEE RD STE 100-B,,TALLAHASSEE,FL,323085171,4482092012,DIRECTOR,3336S0011X,tier_1_primary_pharmacy,Y,Y,
1396503744,BREVARD FAMILY PHARMACY INC,2507 GARDEN ST,,TITUSVILLE,FL,327964612,4079259433,OWNER,3336C0003X,tier_1_primary_pharmacy,Y,Y,
1164281143,SOUTHEAST QUALITY PHARMACY LLC,5401 HANGAR CT,,TAMPA,FL,336345341,8138824500,PRESIDENT,3336C0003X|3336C0004X,tier_1_primary_pharmacy,Y,Y,
1932968757,KAILASH PHARMACY LLC,1107 N NOVA RD,,DAYTONA BEACH,FL,321174108,7139923289,OWNER,3336C0003X,tier_1_primary_pharmacy,Y,Y,
1346009180,"ST LUKE LAB , LLC",9338 LITTLE RD,,NEW PORT RICHEY,FL,346543415,7182233464,OWNER,3336H0001X|3336C0004X,tier_1_primary_pharmacy,Y,Y,
1265291967,"COMPOUNDING COSMETICS, LLC",3860 CURTIS BLVD STE 636,,COCOA,FL,329273970,4074217992,OWNER,333600000X,tier_1_primary_pharmacy,Y,Y,
1659130383,TELE-PHARMACY SERVICES INC,3801 N UNIVERSITY DR STE 403,,SUNRISE,FL,333516320,5619953017,CEO,3336C0003X,tier_1_primary_pharmacy,Y,Y,
1174382824,CLERMONT PHARMACY LLC,1740 US HIGHWAY 27 UNIT 30,,CLERMONT,FL,347146214,3522725944,OWNER,333600000X,tier_1_primary_pharmacy,Y,Y,
1538928965,"CENTRAL FLORIDA HEALTH CARE, INC",1190 E CHURCH ST,,BARTOW,FL,338304117,8662348534,CEO,333600000X,tier_1_primary_pharmacy,Y,Y,
1376303354,SAGP PHARMA LLC,1371 S WALNUT ST STE 1400,,STARKE,FL,320914426,4073888997,AO,3336C0003X,tier_1_primary_pharmacy,Y,Y,
1801656681,MEDICINA TOTALCARE LLC,2107 E COLLEGE AVE STE 5,,RUSKIN,FL,335705222,8139224030,MGM,3336C0003X,tier_1_primary_pharmacy,Y,Y,
1831959527,LSL PHARMACY LLC,910 OLD CAMP RD STE 170,,THE VILLAGES,FL,321625609,3522683454,OWNER,333600000X,tier_1_primary_pharmacy,Y,Y,
1083474217,BUENO PHARMACY LLC,520 W LAKE MARY BLVD STE 214-216,,SANFORD,FL,327737424,3212332239,PHARMACIST,3336C0003X,tier_1_primary_pharmacy,Y,Y,
1255191433,"SIGNATURE RX, INC.",1107 WALLACE DR,,DELRAY BEACH,FL,334441209,4012491963,CEO & PRESIDENT,333600000X|3336S0011X|3336C0004X,tier_1_primary_pharmacy,Y,Y,
1588414049,"INDIAN RIVER MEMORIAL HOSPITAL, INC.",1000 36TH ST,,VERO BEACH,FL,329604862,7722906970,DIRECTOR OF PHARMACY,3336C0003X,tier_1_primary_pharmacy,Y,Y,
1306697321,PHARMA BUDDIES CORP,832 W CENTRAL BLVD,,ORLANDO,FL,328051809,4078221121,PRESIDENT,3336C0003X,tier_1_primary_pharmacy,Y,Y,
1578315784,FILL RX LLC,776 DELTONA BLVD,,DELTONA,FL,327257107,3862594074,OWNER,3336L0003X,tier_1_primary_pharmacy,Y,Y,
1326890617,SHANDS TEACHING HOSPITAL AND CLINICS INC,2051 NW 80TH COURT,,OCALA,FL,34482,3524217700,CEO,3336C0003X,tier_1_primary_pharmacy,Y,Y,
1285486225,PHARMARX INC,11382 MIRAMAR PKWY,,MIRAMAR,FL,330255805,7864185383,PRESIDENT,3336L0003X,tier_1_primary_pharmacy,Y,Y,
1215789946,"PHARMACY AT 100 NW 170TH ST, LLC",15485 EAGLE NEST LN STE 230,,MIAMI LAKES,FL,330142222,9174401529,OWNER,3336C0003X|3336C0004X,tier_1_primary_pharmacy,Y,Y,
1841043379,"NEIGHBORHOOD MEDICAL CENTER, INC",2613 S MONROE ST,,TALLAHASSEE,FL,323016308,8507590347,CHIEF EXECUTIVE OFFICER,3336C0003X|3336S0011X|333600000X,tier_1_primary_pharmacy,Y,Y,
1154173789,OSBORNE PHARM INC,333 NW 70TH AVE STE 102,,PLANTATION,FL,333172358,9547912000,PRESIDENT,3336L0003X,tier_1_primary_pharmacy,Y,Y,
1982457149,SAINT GIRGIS LLC,3443 13TH ST,,SAINT CLOUD,FL,347694052,4239917400,PHARMACIST,333600000X,tier_1_primary_pharmacy,Y,Y,
1508619966,"EMERALD COMPOUNDING PHARMACY, LLC",5325 PRIMROSE LAKE CIR STE A,,TAMPA,FL,336473540,3213213313,DIRECTOR,333600000X,tier_1_primary_pharmacy,Y,Y,
1417700550,OVIEDO PHARMACY AND DRUG STORE LLC,784 S CENTRAL AVE,,OVIEDO,FL,327658060,4079779779,MANAGER,3336M0002X,tier_1_primary_pharmacy,Y,Y,
1508619321,ARIHHANT LLC,6984 S BENEVA RD,,SARASOTA,FL,342382607,9549537969,AUTHORIZED OFFICIAL,333600000X,tier_1_primary_pharmacy,Y,Y,
1548013451,M&S.US GROUP INVESTMENT LLC,7675 CURRENCY DR,,ORLANDO,FL,328096984,7163482175,MANAGER,3336M0002X,tier_2_secondary_pharmacy,N,Y,
1386498855,JEBA INVESTMENTS GROUP LLC,8802 ROCKY CREEK DR STE 101,,TAMPA,FL,336154315,8138854000,PRESIDENT,3336L0003X,tier_1_primary_pharmacy,Y,Y,
1679327878,TAMPA PHARMACY 13 LLC,5908 BRECKENRIDGE PKWY,,TAMPA,FL,336104233,8133042221,OWNER,3336M0002X,tier_1_primary_pharmacy,Y,Y,
1730933607,HEPHAESTUS PHARMACEUTICALS LLC,10913 NW 30TH ST STE 102,,DORAL,FL,331725029,8886481134,PHARMACIST IN CHARGE,3336C0003X,tier_1_primary_pharmacy,Y,Y,
1194570721,JAYVI CAPITAL LLC,2455 US HIGHWAY 98 N,,LAKELAND,FL,338052418,8636038104,OWNER,3336L0003X,tier_1_primary_pharmacy,Y,Y,
1003661356,LAKEN PHARMACY LLC,4560 TAMIAMI TRL STE 5,,PORT CHARLOTTE,FL,339802954,9415352020,PHARMACIST/OWNER,3336C0003X,tier_1_primary_pharmacy,Y,Y,
1730934704,DIRECT MEDS OF FLORIDA 2 INC,3850 COCONUT CREEK PKWY STE 3,,COCONUT CREEK,FL,330661600,3054819098,OWNER,3336C0003X,tier_1_primary_pharmacy,Y,Y,
1184470833,"PUBLIX SUPER MARKETS, INC.",1750 N FEDERAL HWY,,FORT LAUDERDALE,FL,333052543,9548478602,VP OF PHARMACY,333600000X|3336C0003X,tier_1_primary_pharmacy,Y,N,PUBLIX
1154177780,MEDLIFE PHARMACY LLC,736 S DILLARD ST STE C,,WINTER GARDEN,FL,347873975,4076562604,PHARMACY MANAGER,3336L0003X,tier_1_primary_pharmacy,Y,Y,
1144076795,"MEDICAL HOTSPOTS, INC",780 US HIGHWAY 1 UNIT 101,,VERO BEACH,FL,329621661,7724928559,CEO,333600000X|3336M0003X|3336S0011X|3336L0003X,tier_1_primary_pharmacy,Y,Y,
1588410047,VARAHI PHARMACY INC.,5561 PALMER CROSSING CIR,,SARASOTA,FL,342333335,9418933050,OWNER/PHARMACIST IN CHARGE,3336L0003X,tier_1_primary_pharmacy,Y,Y,
1902652068,NAPIER PHARMACY INC,7307 N MAIN ST,,JACKSONVILLE,FL,322084123,9047653531,OWNER,3336L0003X,tier_1_primary_pharmacy,Y,Y,
1184470148,SOUTHEASTERN PHARMACY,8081 PHILIPS HWY STE 7,,JACKSONVILLE,FL,322567443,9047185631,MANAGER,3336C0003X,tier_1_primary_pharmacy,Y,Y,
1750138616,TQ HEALTH LLC,1300 S HIGHLAND AVE,,CLEARWATER,FL,337566519,7276164660,MANAGER/OWNER,3336C0003X,tier_1_primary_pharmacy,Y,Y,
1457107310,"COLLIER HEALTH SERVICES, INC",1845 VETERANS PARK DR,,NAPLES,FL,341090493,2396583000,CFO,333600000X|3336C0003X,tier_1_primary_pharmacy,Y,Y,
1598512360,"PUBLIX SUPER MARKETS, INC.",13880 WELLINGTON TRCE STE 28,,WELLINGTON,FL,334148553,5615306665,VP OF PHARMACY,333600000X|3336C0003X,tier_1_primary_pharmacy,Y,N,PUBLIX
1487401253,"PUBLIX SUPER MARKETS, INC.",771 HARBOR BLVD STE 100,,DESTIN,FL,325412620,8503896015,VP OF PHARMACY,333600000X|3336C0003X,tier_1_primary_pharmacy,Y,N,PUBLIX
1629825047,PHARMAKON LLC,2386 DUNN AVE STE 117,,JACKSONVILLE,FL,322184751,9046968882,PIC,3336L0003X,tier_1_primary_pharmacy,Y,Y,
1023866779,OPTIMUM HEALTH WELLNESS CENTER INC,1503 BUENOS AIRES BLVD STE 160,,LADY LAKE,FL,321596823,3523506241,PRESIDENT,3336C0002X,tier_2_secondary_pharmacy,N,Y,
1427806025,LEE HEALTH SYSTEM INC,2776 CLEVELAND AVE,,FORT MYERS,FL,339015864,2394241503,CHIEF FINANCIAL OFFICER,3336C0003X|3336S0011X,tier_2_secondary_pharmacy,N,Y,
1063260859,CAREWISE PHARMACY LLC,7651 SW HIGHWAY 200 UNIT 108-109,,OCALA,FL,344767726,3526444005,OWNER,3336C0003X,tier_1_primary_pharmacy,Y,Y,
1801644398,GILBERT DRUGS INC,2190 LAKEVIEW DR,,SEBRING,FL,338704967,8633850741,MANAGER,3336L0003X,tier_1_primary_pharmacy,Y,Y,
1982452264,XCELLENT PHARMACY,11880 SW 40TH ST STE 119,,MIAMI,FL,331753573,3052291496,PRESIDENT,3336L0003X,tier_1_primary_pharmacy,Y,Y,
1932957297,NORTHEASTERN PHARMACY LLC,10645 NW 7TH AVE STE 104,,MIAMI,FL,331501067,7869636008,MANAGER,3336C0003X,tier_1_primary_pharmacy,Y,Y,
1144079245,LEE MEMORIAL HEALTH SYSTEM,23450 VIA COCONUT PT,,ESTERO,FL,341351877,2394680090,CHIEF FINANCIAL OFFICER,333600000X|3336C0003X,tier_1_primary_pharmacy,Y,Y,
1699524124,"RESTORE PHARMA, LLC",12617 RACE TRACK RD,,TAMPA,FL,336261331,8134638009,OWNER / PIC,3336C0003X,tier_1_primary_pharmacy,Y,Y,
1366281750,LEE HEALTH SYSTEM INC,13681 DOCTORS WAY,,FORT MYERS,FL,339124300,2394241503,CHIEF FINANCIAL OFFICER,3336C0003X|3336S0011X,tier_2_secondary_pharmacy,N,Y,
1154160455,PUBLIC HEALTH TRUST OF MIAMI DADE COUNTY FLORIDA,1611 NW 12TH AVE STE T-277,,MIAMI,FL,331361005,3055855261,PRESIDENT AND CEO,3336C0003X|3336H0001X,tier_1_primary_pharmacy,Y,Y,
1588404826,"SACRED HEART HEALTH SYSTEM, INC.",4501 N DAVIS HWY STE B,,PENSACOLA,FL,325032724,8507461650,CHIEF OPERATING OFFICER,3336C0003X,tier_1_primary_pharmacy,Y,Y,
1912746223,"AVITA DRUGS FLORIDA, LLC",3487 BROADWAY STE 110,,FORT MYERS,FL,339017213,2396100620,"AVP, LEGAL COUNSEL",3336C0003X,tier_1_primary_pharmacy,Y,Y,
1720828262,VLADES FLORIDA INC,160 NW 176TH ST STE 202-1,,MIAMI GARDENS,FL,331695023,3057496421,PRESIDENT,3336S0011X,tier_1_primary_pharmacy,Y,Y,
1205677481,"PUBLIX SUPER MARKETS, INC.",9179 BABCOCK ST SE,,PALM BAY,FL,32909,3213276141,VP OF PHARMACY,333600000X|3336C0003X,tier_1_primary_pharmacy,Y,N,PUBLIX
1245071596,JMRX LLC,1295 TUSKAWILLA RD STE 1001,,WINTER SPRINGS,FL,327085032,4077257200,OWNER,3336C0003X,tier_1_primary_pharmacy,Y,Y,
1861234122,SHRINATHJEE LLC,1825 TAMIAMI TRL UNIT B7,,PORT CHARLOTTE,FL,339481056,9419795301,AUTHORIZED OFFICER,3336L0003X,tier_1_primary_pharmacy,Y,Y,
1720820723,REDDWOOD LLC,6610 E FOWLER AVE STE B,,TEMPLE TERRACE,FL,336172443,8135636600,OWNER,3336C0004X|3336L0003X|333600000X,tier_1_primary_pharmacy,Y,Y,
1225870199,"RAINBOW PHARMACY II, LLC",257 GIRALDA AVE.,"GROUND FLOOR, UNIT 3B",CORAL GABLES,FL,33134,3057497000,SOLE MEMBER,3336C0003X,tier_1_primary_pharmacy,Y,Y,
1104668771,BLUE STONE 4 PHARMACY LLC,861 SW 8TH ST STE 101,,MIAMI,FL,331303703,2055828214,MANAGING DIRECTOR,3336C0004X,tier_1_primary_pharmacy,Y,Y,
1730922071,"PUBLIX SUPER MARKETS, INC.",13005 SW 89TH PL,,MIAMI,FL,331765812,3059644922,VP OF PHARMACY,333600000X|3336C0003X,tier_1_primary_pharmacy,Y,N,PUBLIX
1154165348,GRAVITAS RX INC,120 N FEDERAL HWY,,DEERFIELD BEACH,FL,334413610,9543792444,VP,333600000X|3336C0003X,tier_1_primary_pharmacy,Y,Y,
1174368948,"PUBLIX SUPER MARKETS, INC.",2895 N NARCOOSSEE RD.,,ST CLOUD,FL,34771,4075560116,VP OF PHARMACY,333600000X|3336C0003X,tier_1_primary_pharmacy,Y,N,PUBLIX
1871338392,LEE HEALTH SYSTEM INC,9981 S HEALTHPARK DR,,FORT MYERS,FL,339083618,2393435720,CHIEF FINANCIAL OFFICER,3336L0003X|333600000X,tier_1_primary_pharmacy,Y,Y,
1063257749,MAHANT PHARMACY INC,1550 SE FLORESTA DR,,PORT ST LUCIE,FL,349834069,7723404142,VP,333600000X,tier_1_primary_pharmacy,Y,Y,
1114762630,LEE HEALTH SYSTEM INC,23450 VIA COCONUT PT,,ESTERO,FL,341351877,2394680090,CHIEF FINANCIAL OFFICER,3336C0003X,tier_1_primary_pharmacy,Y,Y,
1427893932,LEE HEALTH SYSTEM INC,9981 S HEALTHPARK DR,,FORT MYERS,FL,339083618,2393435100,CHIEF FINANCIAL OFFICER,3336C0003X,tier_1_primary_pharmacy,Y,Y,
1366287880,LEE HEALTH SYSTEM INC,11220 METRO PKWY STE 31,,FORT MYERS,FL,339661291,2393439781,COO,333600000X|3336H0001X,tier_1_primary_pharmacy,Y,Y,
1780429076,LEE HEALTH SYSTEM INC,636 DEL PRADO BLVD S,,CAPE CORAL,FL,339902668,2394241503,CHIEF FINANCIAL OFFICER,3336C0003X|3336S0011X,tier_2_secondary_pharmacy,N,Y,
1033954342,LEE HEALTH SYSTEM INC,4751 S CLEVELAND AVE,,FORT MYERS,FL,339071317,2393439836,CHIEF FINANCIAL OFFICER,3336C0003X,tier_1_primary_pharmacy,Y,Y,
1336984640,LEE HEALTH SYSTEM INC,636 DEL PRADO BLVD S STE 4,,CAPE CORAL,FL,339902668,2394243197,CHIEF FINANCIAL OFFICER,3336C0003X,tier_1_primary_pharmacy,Y,Y,
1699510925,LEE HEALTH SYSTEM INC,8350 HOSPITAL DR STE 120,,BONITA SPRINGS,FL,34135,2393437277,CHIEF FINANCIAL OFFICER,3336S0011X|3336C0003X,tier_1_primary_pharmacy,Y,Y,
1578308540,CITRUS CARE PHARMACY,2024 HIGHWAY 44 W,,INVERNESS,FL,344533804,3525032056,PHARMACY MANAGER,3336C0003X,tier_1_primary_pharmacy,Y,Y,
1346085347,LEE HEALTH SYSTEM INC,2503 DEL PRADO BLVD S STE 504,,CAPE CORAL,FL,339045791,2394243197,CHIEF FINANCIAL OFFICER,3336C0003X,tier_1_primary_pharmacy,Y,Y,
1689419632,INTERSTELLAR PHARMACEUTICALS,2040 NE 163RD ST STE 206,,NORTH MIAMI BEACH,FL,331624953,3057204004,CEO,3336C0002X,tier_1_primary_pharmacy,Y,Y,
1023854544,TAYLORS PHARMACY LLC,1021 W FAIRBANKS AVE,,WINTER PARK,FL,327894718,4076441025,GENERAL MANAGER/PHARMACIST,3336C0004X,tier_1_primary_pharmacy,Y,Y,
1205672359,KAILASHRX LLC,1240 PROVIDENCE BLVD UNIT # 1 & 2,,DELTONA,FL,32725,3862595435,OWNER/MANAGER,3336L0003X,tier_1_primary_pharmacy,Y,Y,
1063258119,RX CARE PHARMACY AND KWICKMART INC,14306 7TH ST,,DADE CITY,FL,335233434,3525672238,PHARMACY MANAGER,3336C0003X,tier_1_primary_pharmacy,Y,Y,
1912744558,MANGALMURTI LLC,17435 US HIGHWAY 441 STE 102,,EUSTIS,FL,32726,3523571406,OWNER,3336L0003X,tier_1_primary_pharmacy,Y,Y,
1992542369,SHANDS TEACHING HOSPITAL AND CLINICS INC,2100 NW 35TH AVENUE RD,,OCALA,FL,344754630,3527331500,CEO,333600000X,tier_2_secondary_pharmacy,N,Y,
1588401947,RIVA VEERA LLC,1205 SW 16TH AVE,,GAINESVILLE,FL,326018410,3527722072,OWNER,333600000X,tier_1_primary_pharmacy,Y,Y,
1649017906,GOPAL PHARMACY LLC,9889 SAN JOSE BLVD STE 4,,JACKSONVILLE,FL,322575487,2017364738,OWNER,333600000X,tier_1_primary_pharmacy,Y,Y,
1639917644,"DAP3 HEALTH, LLC",8909 REGENTS PARK DR STE 420,,TAMPA,FL,336473432,8133952780,OWNER,3336C0003X,tier_1_primary_pharmacy,Y,Y,
1205674827,RXVIP DELRAY,1601 S CONGRESS AVE,,DELRAY BEACH,FL,334456368,5612720015,GENERAL MANAGER,333600000X|3336L0003X,tier_1_primary_pharmacy,Y,Y,
1548008121,MY DOCTORS FARMACY,9200 BONITA BEACH RD SE,,BONITA SPRINGS,FL,341354280,2399476808,OWNER,3336C0003X,tier_1_primary_pharmacy,Y,Y,
1417795030,RXVIP DELRAY,1601 S CONGRESS AVE,,DELRAY BEACH,FL,334456368,5612720015,GENERAL MANAGER,3336C0003X|333600000X,tier_1_primary_pharmacy,Y,Y,
1285472670,"CENTERPLACE HEALTH, INC",1900 BROTHER GEENEN WAY,,SARASOTA,FL,342367102,9415290200,CEO,3336C0003X|333600000X,tier_1_primary_pharmacy,Y,Y,
1710725122,NIPPURRX SOLUTIONS,33905 STATE ROAD 54 STE 102,,WESLEY CHAPEL,FL,335439100,8324808495,PHARMACY DEPARTMENT MANAGER,3336C0002X,tier_1_primary_pharmacy,Y,Y,
1366280604,"MEDICAL HOTSPOTS, INC",12801 BONITA BEACH RD SE,,BONITA SPRINGS,FL,341356222,2399639551,OWNER/CEO,3336C0003X,tier_1_primary_pharmacy,Y,Y,
1326886565,WC NETWORK LLC,1916 GULF TO BAY BLVD,,CLEARWATER,FL,337653537,7277615474,OWNER,3336C0003X,tier_1_primary_pharmacy,Y,Y,
1699503128,GULFSTREAM PHARMA RX LLC,500 GULFSTREAM BLVD,STE 103,BOYNTON BEACH,FL,33436,2194060133,OWNER,333600000X,tier_1_primary_pharmacy,Y,Y,
1689402133,CLAY PHARMACY INC,116 N ORANGE AVE,,GREEN COVE SPRINGS,FL,320433404,9048633884,OWNER,333600000X,tier_1_primary_pharmacy,Y,Y,
1093543357,"FATEN&GEORGE, LLC",40164 US HIGHWAY 19 N,,TARPON SPRINGS,FL,346898333,7279344490,PHARMACY MANAGER,3336C0003X,tier_1_primary_pharmacy,Y,Y,
1508695644,"PUBLIX SUPER MARKETS, INC.",9500 W HIGHWAY 98,,PENSACOLA,FL,32506,8508235871,"VP, PHARMACY",333600000X|3336C0003X,tier_1_primary_pharmacy,Y,N,PUBLIX
1093544124,VITAL PHARM RX INC,1616 W 68TH ST,,HIALEAH,FL,330144435,3059678584,OWNER/CEO,3336C0003X,tier_1_primary_pharmacy,Y,Y,
1437988300,"TARRYTOWN EXPOCARE, LLC",5807 BRECKENRIDGE PKWY STE A&B,,TAMPA,FL,336104258,8556177312,CEO,3336L0003X,tier_1_primary_pharmacy,Y,Y,
1871322453,CYPRESS PHARMACY INC,1700 PERIWINKLE WAY STE 7,,SANIBEL,FL,339574334,2394817322,OWNER,333600000X|3336C0003X,tier_1_primary_pharmacy,Y,Y,
1235968850,HANSARAJ INC,3231 TAMIAMI TRL STE G,,PORT CHARLOTTE,FL,339528031,9418897239,MBR,3336L0003X,tier_1_primary_pharmacy,Y,Y,
1114757408,SCRIPTS TO YOU LLC,10231 W SAMPLE RD,,CORAL SPRINGS,FL,330653939,9544617619,OWNER,3336C0003X,tier_1_primary_pharmacy,Y,Y,
1366272346,SUNRISE PHARMACY OF KISSIMMEE LLC,4543 PLEASANT HILL RD STE D,,KISSIMMEE,FL,347593406,4073434434,OWNER,3336L0003X,tier_1_primary_pharmacy,Y,Y,
1437989928,BAYVRIO PHARMACY LLC,1548 E FOWLER AVE,,TAMPA,FL,336125416,8136231800,CEO,3336L0003X,tier_1_primary_pharmacy,Y,Y,
1003647587,ISLAND CITY URGENT CARE PA,1442 NE 26TH ST,,WILTON MANORS,FL,333051322,9543917160,OWNER,3336C0002X,tier_2_secondary_pharmacy,N,Y,
1780415695,ACCORD SPECIALTY LLC,2752 ENTERPRISE RD STE B,,ORANGE CITY,FL,327638328,8552226730,PRESIDENT,3336S0011X|333600000X|3336H0001X,tier_1_primary_pharmacy,Y,Y,
1023840220,ANAYRAA RX LLC,7512 CONGRESS ST,,NEW PORT RICHEY,FL,346531104,7273351315,OWNER,3336C0003X,tier_1_primary_pharmacy,Y,Y,
1871325241,UMATILLA PHARMACY INC,901 N CENTRAL AVE,,UMATILLA,FL,327848655,3526691166,PRESIDENT,3336C0003X,tier_1_primary_pharmacy,Y,Y,
1346072725,"FORCERX, LLC",1180 SPRING CENTRE SOUTH BLVD STE 370,,ALTAMONTE SPRINGS,FL,327141999,8006001930,CTO,333600000X,tier_1_primary_pharmacy,Y,Y,
1427880723,"PRECISION HEALTHCARE SPECIALISTS, LLC",13691 METRO PKWY STE 430,,FORT MYERS,FL,339124349,2393745224,VP OF PHARMACY SERVICES,333600000X,tier_1_primary_pharmacy,Y,Y,
1578395893,IBIS HEALTHCARE INC,5707 N 22ND ST,,TAMPA,FL,336104350,8132398545,COO,3336C0003X|3336S0011X,tier_1_primary_pharmacy,Y,Y,
1275365447,COMPOUNDRX PHARMACY LLC,8740 N KENDALL DR STE 106,,MIAMI,FL,331762209,3053235313,MANAGER,3336C0003X,tier_1_primary_pharmacy,Y,Y,
1093547705,"CLINICAL SPECIALTY INFUSIONS OF DALLAS, LLC",5429 E BEAUMONT CENTER BLVD STE 820,,TAMPA,FL,336345248,8335691005,DIRECTOR OF LEGAL AND COMPLIANCE,3336M0002X|333600000X|3336C0003X|3336S0011X|3336H0001X,tier_1_primary_pharmacy,Y,Y,
1134952807,"PANCARE OF FLORIDA, INC",17324 MAIN ST N,,BLOUNTSTOWN,FL,324241763,8508180455,PHARMACY DIRECTOR,3336C0003X,tier_1_primary_pharmacy,Y,Y,
1073346094,TOWERS PHARMACY INC.,125 BAPTIST WAY STE 1H,,PENSACOLA,FL,325032274,4482277970,SPECIALTY PHARMACY MANAGER,3336S0011X,tier_1_primary_pharmacy,Y,Y,
1447083399,ACHIEVE PHARMACY LLC,34650 US HIGHWAY 19 N STE 209,,PALM HARBOR,FL,346842156,7272709886,MGR,3336C0003X,tier_1_primary_pharmacy,Y,Y,
1770316648,PREEMINENT PHARMACY LLC,1111 MARTIN LUTHER KING BLVD W,,SEFFNER,FL,335844541,8138503510,MANAGER,3336C0003X,tier_1_primary_pharmacy,Y,Y,
1326872060,"PANCARE OF FLORIDA, INC",401 CECIL G COSTIN SR BLVD,,PORT ST JOE,FL,324561928,8502291043,PHARMACY DIRECTOR,3336C0003X,tier_1_primary_pharmacy,Y,Y,
1043044712,TU BARRIO PHARMACY & DISCOUNT CORP,8251 SW 40TH ST,,MIAMI,FL,331553334,7863594056,PRESIDENT,3336L0003X|3336C0003X,tier_1_primary_pharmacy,Y,Y,
1831923275,ERXHUB,34911 US HIGHWAY 19 N,,PALM HARBOR,FL,34684,8003115805,PHARMACY MANAGER,333600000X,tier_1_primary_pharmacy,Y,Y,
1336973429,COMMUNITY CARE RESOURCES INC,280 PATTERSON RD STE 3,,HAINES CITY,FL,338446261,8638774489,DIRECTOR,3336C0003X,tier_1_primary_pharmacy,Y,Y,
1548094410,ONE-STOP PHARMACY 101 LLC,1101 6TH ST NW,,WINTER HAVEN,FL,338814020,8638455800,PIC - OWNER,3336L0003X,tier_1_primary_pharmacy,Y,Y,
1114752961,FORGHAB'S GLOBAL HEALTH CONSULTING LLC,5352 N HABANA AVE STE 1,,TAMPA,FL,336146838,8136446845,PRESIDENT,3336L0003X,tier_1_primary_pharmacy,Y,Y,
1821823048,RYAN PHARMACY LLC,1523 CHAFFEE RD S UNIT 12,,JACKSONVILLE,FL,322213830,9045336564,OWNER,333600000X,tier_1_primary_pharmacy,Y,Y,
1346076890,3MD TARPON SPRINGS LLC,40741 US HIGHWAY 19 N,,TARPON SPRINGS,FL,346894735,7279448529,OWNER,3336C0003X,tier_1_primary_pharmacy,Y,Y,
1982431672,"PUBLIX SUPER MARKETS, INC.",4112 E JOHNSON AVE,,HAINES CITY,FL,338449233,8632561195,VP OF PHARMACY,333600000X|3336C0003X,tier_1_primary_pharmacy,Y,N,PUBLIX
1528895265,RX EXPRESS PHARMACY OF NAVARRE INC,8986 ORTEGA PARK DR,,NAVARRE,FL,325664141,8509366446,OWNER/PIC,3336L0003X,tier_1_primary_pharmacy,Y,Y,
1568289619,FLOMED RX LLC,15340 S JOG RD STE 214,,DELRAY BEACH,FL,334462170,5614069800,CEO,3336H0001X|3336S0011X,tier_1_primary_pharmacy,Y,Y,
1912724196,CONSULT RX PHARMACY LLC,1119 E SUNRISE BLVD,,FORT LAUDERDALE,FL,333042809,9549905326,PHARMACIST/MANAGER,3336L0003X,tier_1_primary_pharmacy,Y,Y,
1265259956,ARYAN RETAIL LLC,57 HOMESTEAD RD N,,LEHIGH ACRES,FL,33936,2393690141,PRESIDENT,3336L0003X,tier_1_primary_pharmacy,Y,Y,
1881411494,PRESCRIPTRX PHARMACY LLC,1523 E COMMERCIAL BLVD,,FORT LAUDERDALE,FL,333345717,7542005913,PHARMACIST,3336L0003X,tier_1_primary_pharmacy,Y,Y,
1437976776,PHARMACY BRASIL LAS AMERICAS BOCA LLC,23123 STATE ROAD 7 STE 110,,BOCA RATON,FL,334285476,9543618919,PHARMACIST,3336C0003X,tier_1_primary_pharmacy,Y,Y,
1609693191,ROSE NURSING & PHARMACY SERVICES,10008 PINES BLVD,,PEMBROKE PINES,FL,330246137,9544328290,OWNER,3336L0003X,tier_1_primary_pharmacy,Y,Y,
1770301863,CADUCEUS PHARMACY II LLC,4361 N STATE ROAD 7,,LAUDERDALE LAKES,FL,333194856,9546627378,MANAGING MEMBER,3336L0003X,tier_1_primary_pharmacy,Y,Y,
1497573588,EPIC CARE PHARMACY LLC,3948 PEMBROKE RD STE D,,HOLLYWOOD,FL,330218114,9549632113,MANAGING MEMBER,3336L0003X,tier_1_primary_pharmacy,Y,Y,
1790503548,ADVENTIST HEALTH SYSTEM SUNBELT HEALTHCARE CORPORATION,5050 WESLEY RD STE 120,,APOPKA,FL,327125908,8554409068,PHARMACY MANAGER,3336M0002X|3336C0003X,tier_1_primary_pharmacy,Y,Y,
1710705447,FLORIMED MEDICAL CENTER CORP,111 SW 107TH AVE,,MIAMI,FL,331741417,3054562529,CEO,3336C0003X,tier_1_primary_pharmacy,Y,Y,
1033937792,PIONEER PHARMACY LLC,9743 66TH ST N,,PINELLAS PARK,FL,337823008,7275130873,OWNER,3336C0003X,tier_1_primary_pharmacy,Y,Y,
1366260739,SACRED HEART HEALTH SYSTEM INC,5151 N 9TH AVE STE 1137,,PENSACOLA,FL,325048721,8507461650,CHIEF OPERATING OFFICER,3336C0003X,tier_1_primary_pharmacy,Y,Y,
1619795242,"PUBLIX SUPER MARKETS, INC.",3213 W HIGHWAY 390,,PANAMA CITY,FL,324052734,8507726597,VP OF PHARMACY,333600000X|3336C0003X,tier_1_primary_pharmacy,Y,N,PUBLIX
1720807134,KRISHNA HEALTHCARE LLC,5751 BENEVA RD,,SARASOTA,FL,342334105,9419602549,PHARMACY MANAGER,3336L0003X,tier_1_primary_pharmacy,Y,Y,
1427877646,RECUPERATE LLC,890 SW 87TH AVE STE 17,,MIAMI,FL,331743245,3055517778,OWNER/CEO,3336C0003X,tier_1_primary_pharmacy,Y,Y,
1033938162,COCONUT PHARMA INC,3001 SW 27TH AVE STE 102,,MIAMI,FL,331334717,3054420211,OWNER,3336C0003X,tier_1_primary_pharmacy,Y,Y,
1801615430,OSTEENS WELLNESS CLINIC,757 EDGEWOOD AVE N,,JACKSONVILLE,FL,322543013,9049290495,MANAGER/AUTHORIZED OFFICIAL,3336C0002X,tier_2_secondary_pharmacy,N,Y,
1689494114,ANGELS PHARMACY II LLC,610 ZEAGLER DR,,PALATKA,FL,32177,3863259300,OWNER,3336L0003X,tier_1_primary_pharmacy,Y,Y,
1245050368,BARCLAY'S APOTHECARY SHOPPE,200 TAMIAMI TRL N,,VENICE,FL,342851914,9414242494,PHARMACIST/OWNER,3336C0004X|3336C0003X,tier_1_primary_pharmacy,Y,Y,
1760202394,THE LAKES ON 41 LLC,103 FLAGSHIP DR,,LUTZ,FL,335495409,4102926965,OWNER,3336C0003X,tier_1_primary_pharmacy,Y,Y,
1467273953,PUBLIX SUPER MARKETS INC,24100 W NEWBERRY RD STE 10,,NEWBERRY,FL,326693782,3526606062,VP OF PHARMACY,333600000X|3336C0003X,tier_1_primary_pharmacy,Y,N,PUBLIX
1821819319,"PUBLIX SUPER MARKETS, INC.",7230 W ATLANTIC BLVD,,MARGATE,FL,330634236,9545904057,VP OF PHARMACY,333600000X|3336C0003X,tier_1_primary_pharmacy,Y,N,PUBLIX
1467273383,COMMUNITY HEALTH CENTERS OF PINELLAS INC.,26286 US HIGHWAY 19 N STE B200,,CLEARWATER,FL,337614506,7278248100,CHIEF REGULATORY OFFICER,333600000X,tier_1_primary_pharmacy,Y,Y,
1689496333,"MEDICAL INFUSION SOLUTIONS, LLC",6280 SUNSET DR STE 407,,SOUTH MIAMI,FL,331434860,6452200180,OWNER,333600000X|3336C0004X|3336H0001X,tier_1_primary_pharmacy,Y,Y,
1578385654,"FLORIDA DIGESTIVE HEALTH SPECIALISTS, LLP",10910 TECHNOLOGY TER STE 2,,LAKEWOOD RANCH,FL,342114930,9417574810,BOARD CHAIRMAN,3336S0011X|333600000X,tier_1_primary_pharmacy,Y,Y,
1255153292,MELBOURNE PHARMA,2235 S BABCOCK ST,,MELBOURNE,FL,329015305,3214236200,PRESIDENT,3336C0004X,tier_1_primary_pharmacy,Y,Y,
1376365262,WEISPHARMA LLC,3030 CONGRESS PARK DR APT 322,,LAKE WORTH,FL,334615243,7179303024,CEO,333600000X,tier_1_primary_pharmacy,Y,Y,
1669294443,ALIVE AND WELL COMMUNITY PARTNERS,18425 NW 2ND AVE FL 5THE,,MIAMI GARDENS,FL,331694534,8476418547,DIRECTOR,3336C0003X,tier_1_primary_pharmacy,Y,Y,
1275356966,WESTWOOD PHARMACY INC,9101 LAKERIDGE BLVD STE 10,,BOCA RATON,FL,334962147,5614879260,VP,3336L0003X,tier_1_primary_pharmacy,Y,Y,
1447073135,MAHANT RX INC,136 S MAIN ST STE B,,BELLE GLADE,FL,334303424,5615719861,VP,3336L0003X,tier_1_primary_pharmacy,Y,Y,
1083437776,MAHANT PHARMACY INC,1550 SE FLORESTA DR,,PORT ST LUCIE,FL,349834069,7723404142,VP,3336L0003X,tier_1_primary_pharmacy,Y,Y,
1831912229,"PUBLIX SUPER MARKETS, INC.",19595 S STATE RD 7,,BOCA RATON,FL,334984701,5612269831,VP OF PHARMACY,333600000X|3336C0003X,tier_1_primary_pharmacy,Y,N,PUBLIX
1114740255,JRMRX CORP.,14731 W DIXIE HWY,,NORTH MIAMI,FL,331811013,5163695456,OWNER,3336C0003X,tier_1_primary_pharmacy,Y,Y,
1619791449,RX HEALTHCARE SYSTEM LLC,3755 S NOVA RD STE A,,PORT ORANGE,FL,321294282,3862563177,OWNER,3336L0003X,tier_1_primary_pharmacy,Y,Y,
1033933643,PHARMCARE PHARMACY INC,12382 QUAIL ROOST DR,,MIAMI,FL,331774974,7868423840,OWNER/PRESIDENT,3336L0003X,tier_1_primary_pharmacy,Y,Y,
1720802861,PHARMCARE PHARMACY INC,12382 QUAIL ROOST DR,,MIAMI,FL,33177,7868423840,OWNER,3336L0003X,tier_1_primary_pharmacy,Y,Y,
1376368696,AMATO MANAGEMENT LLC,938 PATRICIA AVE,,DUNEDIN,FL,346986023,7277330404,MGRM,3336L0003X,tier_1_primary_pharmacy,Y,Y,
1215753140,MTZ MEDS LLC,12750 SW 128TH ST STE 206,,MIAMI,FL,331865381,3077076555,CEO/OWNER,3336C0003X,tier_1_primary_pharmacy,Y,Y,
1700602638,"CENTRAL FLORIDA HEALTH CARE, INC",1010 N CHURCH AVE,,MULBERRY,FL,338602040,8662348534,CEO,333600000X,tier_1_primary_pharmacy,Y,Y,
1154147015,GUARDIAN PHARMACY OF SOUTHWEST FLORIDA LLC,6060 COLLIER BLVD BLDG 2,,NAPLES,FL,341143981,2397992388,PRESIDENT,333600000X|3336L0003X,tier_1_primary_pharmacy,Y,Y,
1669298360,PHARMACY ASSOCIATES LLC,6110 ATLANTIC AVE STE C,,DELRAY BEACH,FL,334848406,5614997500,PHARMACIST/OWNER,3336L0003X,tier_1_primary_pharmacy,Y,Y,
1932925617,BIG BEND CARES INC,2201 S MONROE ST,,TALLAHASSEE,FL,323016302,8778911049,PRESIDENT PHARMACY SERVICES,3336C0003X,tier_1_primary_pharmacy,Y,Y,
1053137612,GRANTSKY VENTURES,825 SEAWAY DR STE 4,,FORT PIERCE,FL,349493122,7723060236,OWNER,333600000X|3336C0004X|3336L0003X|3336C0003X,tier_1_primary_pharmacy,Y,Y,
1538985023,ZENITH ALCHEMY INC,3710 AUSTIN DAVIS AVE STE 130,,TALLAHASSEE,FL,323087412,8509009700,PHARMACIST,3336C0004X|3336C0003X,tier_1_primary_pharmacy,Y,Y,
1487470894,"PUBLIX SUPER MARKETS, INC.",1542 S DIXIE HWY,,CORAL GABLES,FL,331463001,3059297068,VP OF PHARMACY,333600000X|3336C0003X,tier_1_primary_pharmacy,Y,N,PUBLIX
1992521306,CONCEPTS RX LLC,5150 SW 48TH WAY STE 610,,DAVIE,FL,333145513,5614485488,CEO/OWNER,3336C0003X,tier_1_primary_pharmacy,Y,Y,
1154147437,ATLANTIS PHARMACY LTC LLC,100 JOHN F KENNEDY DR,,ATLANTIS,FL,334621120,5612322893,OWNER,3336L0003X,tier_1_primary_pharmacy,Y,Y,
1760298988,SOL LAB LLC,4002 PARK ST N,,SAINT PETERSBURG,FL,33709,7272870941,DIRECTOR OF PHARMACY,3336C0003X|3336C0004X,tier_1_primary_pharmacy,Y,Y,
1558177345,CADERX,1100 PARK CENTRAL BLVD S STE 3600-B,,POMPANO BEACH,FL,330642218,5613743950,PHARMACIST,333600000X,tier_1_primary_pharmacy,Y,Y,
1104632678,"COVERX, LLC",4161 TAMIAMI TRL UNIT 601,,PORT CHARLOTTE,FL,339529204,9412339773,CEO,3336C0003X|333600000X,tier_1_primary_pharmacy,Y,Y,
1881400331,LINTON SQUARE PHARMACY & MEDICAL SUPPLIES INC,1601 S CONGRESS AVE STE A,,DELRAY BEACH,FL,334456368,5612720015,CEO/FOUNDER,3336L0003X,tier_1_primary_pharmacy,Y,Y,
1447067723,SU FARMACIA LATINA INC,8462 SW 8TH ST,,MIAMI,FL,331444153,7867060797,PRESIDENT,3336C0003X,tier_1_primary_pharmacy,Y,Y,
1457168668,"PROCARE PHARMACY CARE, LLC",2850 N COMMERCE PKWY,,MIRAMAR,FL,330253958,8006620586,CLINICAL PHARMACY MANAGER,333600000X|3336C0003X,tier_2_secondary_pharmacy,N,Y,
1588471122,VERO BEACH COMPOUNDING LLC,4015 20TH ST,,VERO BEACH,FL,329602403,7729786470,OWNER/PHARMACIST,3336C0003X|333600000X,tier_1_primary_pharmacy,Y,Y,
1841008265,DOCTORS HOSPITAL INC,5000 UNIVERSITY DR,,CORAL GABLES,FL,331462008,7863084204,CEO,3336C0003X,tier_1_primary_pharmacy,Y,Y,
1043028228,"PUBLIX SUPER MARKETS, INC.",9900 ALTERNATE A1A,,PALM BEACH GARDENS,FL,334104903,7282107251,VP OF PHARMACY,333600000X|3336C0003X,tier_1_primary_pharmacy,Y,N,PUBLIX
1114735248,VAULT PHARMACEUTICALS,3167 PREMIER DR,,BROOKSVILLE,FL,346048305,3527774260,OWNER,3336C0004X,tier_1_primary_pharmacy,Y,Y,
1023826013,SALVATO PHARMACY INC,770 SE 5TH TER,,CRYSTAL RIVER,FL,344294852,3204059504,PRESIDENT,3336C0003X,tier_1_primary_pharmacy,Y,Y,
1710795638,LIV PHARMACY LLC,12220 SW 8TH ST,,MIAMI,FL,331841552,7863532407,OWNER,3336C0003X,tier_1_primary_pharmacy,Y,Y,
1598574006,PUBLIX SUPER MARKETS INC,3435 N FEDERAL HWY,,POMPANO BEACH,FL,330646605,9545904069,VP OF PHARMACY,333600000X|3336C0003X,tier_1_primary_pharmacy,Y,N,PUBLIX
1811707441,CHEEK & SCOTT DRUGS INC,1520 OHIO AVE S,,LIVE OAK,FL,320643396,3863622591,CEO,3336L0003X,tier_1_primary_pharmacy,Y,Y,
1801605456,ELITE PHARMACY INC,7011 N MANHATTAN AVE,,TAMPA,FL,336143714,8133735709,PRESIDENT,3336L0003X,tier_1_primary_pharmacy,Y,Y,
1336959980,"COLLIER HEALTH SERVICES, INC",125 BOSTON AVE,,IMMOKALEE,FL,341424017,2398428800,CFO,3336C0003X,tier_1_primary_pharmacy,Y,Y,
1962212522,"BOND COMMUNITY HEALTH CENTER, INC.",1549 S MONROE ST,,TALLAHASSEE,FL,323014312,8505764073,PHARMACY DIRECTOR,333600000X,tier_1_primary_pharmacy,Y,Y,
1811707227,ISLAND FAMILY PHARMACY INC,600 PLANTATION ISLAND DR S STE 3,,ST AUGUSTINE,FL,320806010,9044611081,PRESIDENT,3336L0003X,tier_1_primary_pharmacy,Y,Y,
1689485229,HARIGOPAL INC,21340 GERTRUDE AVE,,PORT CHARLOTTE,FL,339525018,9416257800,AUTHORIZED OFFICER,3336L0003X,tier_1_primary_pharmacy,Y,Y,
1942011051,"PALM BEACH INFUSION, INC.",1818 S AUSTRALIAN AVE STE 102,,WEST PALM BEACH,FL,334096447,5619345811,OWNER,333600000X|3336C0004X|3336H0001X,tier_1_primary_pharmacy,Y,Y,
1003627944,"FLEX 4 MEDICAL CENTER, CORP",2221 N UNIVERSITY DR STE D,,PEMBROKE PINES,FL,330243603,5615607373,DIRECTOR/CEO,3336C0003X,tier_1_primary_pharmacy,Y,Y,
1093528895,"PANCARE OF FLORIDA, INC",1440 MAIN ST,,CHIPLEY,FL,324286943,8506764926,CHIEF PHARMACY OFFICER,3336C0003X,tier_1_primary_pharmacy,Y,Y,
1508679952,BENAK INC,1600 SW 2ND AVE,,OKEECHOBEE,FL,349746122,8634624479,DOP,3336L0003X,tier_1_primary_pharmacy,Y,Y,
1124831573,HANSA PHARMACY LLC,1111 SE FEDERAL HWY STE 122,,STUART,FL,349943802,7726176784,OWNER,3336L0003X,tier_1_primary_pharmacy,Y,Y,
1790598993,TAI PHARMACY LLC,5944 34TH ST N STE 1,,ST PETERSBURG,FL,337141211,7276239854,OWNER,3336C0003X,tier_1_primary_pharmacy,Y,Y,
1952114290,"NEIGHBORHOOD MEDICAL CENTER, INC",438 W BREVARD ST,,TALLAHASSEE,FL,323011004,8505770045,CEO,333600000X,tier_1_primary_pharmacy,Y,Y,
1548073596,SCRIPTED VENTURES LLC,14305 S DIXIE HWY,,MIAMI,FL,331767225,7867019146,OWNER/PHARMACIST-IN-CHARGE,3336C0003X,tier_1_primary_pharmacy,Y,Y,
1609680461,"PUBLIX SUPER MARKETS, INC.",1700 N BLVD,,TAMPA,FL,33607,8134624244,VP OF PHARMACY,333600000X|3336C0003X,tier_1_primary_pharmacy,Y,N,PUBLIX
1093529315,J. AGUSTIN LACSON M.D. INC,537 E CENTRAL AVE,,WINTER HAVEN,FL,338803001,8633203530,AUTHORIZED OFFICIAL/ EMPLOYEE,3336C0003X,tier_1_primary_pharmacy,Y,Y,
1205641008,WALGREENS,3518 HENDERSON BLVD,,TAMPA,FL,336093947,8138774365,PHARMACIST,3336C0003X,tier_1_primary_pharmacy,Y,N,WALGREENS
1982419560,VENICE APOTHECARIES LLC,1243 US HIGHWAY 41 BYP S,,VENICE,FL,342855540,9414858205,MEMBER MANAGER,3336L0003X,tier_1_primary_pharmacy,Y,Y,
1932904059,"PUBLIX SUPER MARKETS, INC.",6030 14TH ST W,,BRADENTON,FL,342074104,9415274707,VP OF PHARMACY,333600000X|3336C0003X,tier_1_primary_pharmacy,Y,N,PUBLIX
1619772720,"APOTHECARY & COMPOUNDING, INC",2814 N UNIVERSITY DR,,CORAL SPRINGS,FL,330655010,9545757085,PDM,3336C0003X,tier_1_primary_pharmacy,Y,Y,
1144025974,BSN HEALTH LLC,17075 CAGAN RIDGE BLVD STE 100B,,CLERMONT,FL,347149619,3527084219,PRESIDENT,3336C0003X,tier_1_primary_pharmacy,Y,Y,
1336944065,A & J PHARMACEUTICALS LLC,4932 MOOG RD,,HOLIDAY,FL,346901958,7276264084,MANAGER,3336L0003X,tier_1_primary_pharmacy,Y,Y,
1487459269,AUBURNDALE FAMILY PHARMACY INC,382 HAVENDALE BLVD,,AUBURNDALE,FL,338234527,8632688008,PHARMACY OWNER,3336L0003X,tier_1_primary_pharmacy,Y,Y,
1316743495,"PUBLIX SUPER MARKETS, INC.",12407 SW COMMUNITY BLVD,,PORT SAINT LUCIE,FL,34987,7724468515,VP OF PHARMACY,333600000X|3336C0003X,tier_1_primary_pharmacy,Y,N,PUBLIX
1770389629,PRECISION PHARMA CORP,555 HERITAGE DRIVE,LAB 143,JUPITER,FL,334585285,5619413900,OWNER,3336C0004X,tier_1_primary_pharmacy,Y,Y,
1750187258,"LARKIN COMMUNITY HOSPITAL PALM SPRINGS CAMPUS, LLC",1475 W 49TH ST,,HIALEAH,FL,330123222,3058244771,DIRECTOR OF PHARMACY,3336S0011X,tier_1_primary_pharmacy,Y,Y,
1801692298,"LAKELAND REGIONAL MEDICAL CENTER, INC.",199 AVENUE B NW,,WINTER HAVEN,FL,338814546,8632841874,EVP/CFO,3336C0003X,tier_1_primary_pharmacy,Y,Y,
1346047032,"MY PHARMACY CRYSTAL RIVER, LLC",927 N CITRUS AVE FL 34428,,CRYSTAL RIVER,FL,344283422,3525657342,CEO,333600000X,tier_1_primary_pharmacy,Y,Y,
1295532026,THE LAKES ON 41 LLC,103 FLAGSHIP DR,,LUTZ,FL,335495409,8137761277,PHARMACY MANAGER,3336L0003X,tier_1_primary_pharmacy,Y,Y,
1013714849,THE LAKES ON 41 LLC,103 FLAGSHIP DR,,LUTZ,FL,335495409,8137761277,PHARMACY MANAGER,3336C0004X,tier_1_primary_pharmacy,Y,Y,
1790582203,A&D ATALLA LLC,8713 OLD KINGS RD S,,JACKSONVILLE,FL,322174827,9042282729,OWNER/PHARMACY MANAGER,3336C0003X,tier_1_primary_pharmacy,Y,Y,
1679371884,"MEDICAL HOTSPOTS, INC",3065 34TH ST N STE B,,ST PETERSBURG,FL,337132401,7272561410,PHARMACY MANAGER,3336L0003X,tier_1_primary_pharmacy,Y,Y,
1912705104,FLORIDA HEALTH SCIENCES CENTER INC,5 TAMPA GENERAL CIR STE MT-110,,TAMPA,FL,336063601,8138447688,"DIRECTOR, AMBULATORY PHARMACY",3336C0003X,tier_1_primary_pharmacy,Y,Y,
1265230031,"PUBLIX SUPER MARKETS, INC.",1715 OIL WELL RD,,NAPLES,FL,34120,2393976690,VP OF PHARMACY,333600000X|3336C0003X,tier_1_primary_pharmacy,Y,N,PUBLIX
1215735808,"COMMUNITY HEALTH INITIATIVES GROUP, INC.",934 ARLINGTON RD N,,JACKSONVILLE,FL,322115956,9043234488,PRESIDENT,3336C0002X,tier_2_secondary_pharmacy,N,Y,
1457159097,VITAL PHARMACY LLC,997 BLANDING BLVD STE 5,,ORANGE PARK,FL,320656790,8567256905,OWNER,3336C0003X,tier_1_primary_pharmacy,Y,Y,
1023817434,L & H PHARMA CORP,428 DEL PRADO BLVD N STE 111,,CAPE CORAL,FL,339092218,2398002419,VP,3336L0003X,tier_1_primary_pharmacy,Y,Y,
1477352748,HELPING HANDSRX LLC,770 SE 5TH TER,,CRYSTAL RIVER,FL,344294852,8137611414,EXECUTIVE,333600000X,tier_1_primary_pharmacy,Y,Y,
1043019052,SUNNY LIFE HEALTH POINT INC,637 NE 125TH ST,,NORTH MIAMI,FL,331615503,7865362595,PHARMACIST,333600000X,tier_1_primary_pharmacy,Y,Y,
1740089713,PINE HILLS DRUGS INC,5000 W COLONIAL DR STE 100,,ORLANDO,FL,328087602,4072911236,OWNER,3336L0003X,tier_1_primary_pharmacy,Y,Y,
1881493633,PUBLIX SUPER MARKETS INC.,200 ACCOLADE AVENUE,C/O PHARM OPS - LICENSING #3202-03,SAINT JOHNS,FL,32259,8636881188,VP PHARMACY,333600000X,tier_1_primary_pharmacy,Y,N,PUBLIX
1548060213,COMMUNITY HEALTH CENTERS OF PINELLAS INC.,26286 US HIGHWAY 19 N STE B-300,,CLEARWATER,FL,337614506,7278248100,CHIEF REGULATORY OFFICER,3336C0003X|3336S0011X|333600000X,tier_1_primary_pharmacy,Y,Y,
1598565897,ARCHANGEL PHARMACY LLC,7306 STATE ROAD 52 STE 4,,HUDSON,FL,346676750,7273002087,OWNER,3336L0003X,tier_1_primary_pharmacy,Y,Y,
1588464853,"GRACE PHARMSPA, LLC",7222 W COLONIAL DR,,ORLANDO,FL,328186743,4077380160,OWNER,3336C0003X,tier_1_primary_pharmacy,Y,Y,
1114728615,BELL PHARMACY COMPOUNDING LLC,1246 RAY CHARLES BLVD STE 3,,TAMPA,FL,336023028,8136947020,OWNER,3336C0004X,tier_1_primary_pharmacy,Y,Y,
1295536274,NORTH BREVARD COUNTY HOSPITAL DISTRICT,951 N WASHINGTON AVE BLDG 4,,TITUSVILLE,FL,327962194,3212686333,DIRECTOR OF FINANCE,3336C0003X,tier_1_primary_pharmacy,Y,Y,
1760284178,OVIEDO PHARMACY AND DRUG STORE LLC,784 S CENTRAL AVE,,OVIEDO,FL,327658060,4079779779,MANAGER,3336L0003X,tier_1_primary_pharmacy,Y,Y,
1386447332,HM BLOOMINGDALE LLC,3535 CENTRAL AVE,,SAINT PETERSBURG,FL,337138405,8136892273,CEO,3336L0003X,tier_1_primary_pharmacy,Y,Y,
1558164426,SARASOTA COMPOUNDING PHARMACY,2075 SIESTA DR,,SARASOTA,FL,342395232,9413660880,PRESIDENT,3336C0004X,tier_1_primary_pharmacy,Y,Y,
1487457362,VASO RPH SOLUTION INC,38008 NORTH AVE,,ZEPHYRHILLS,FL,335427468,8137807216,OWNER,3336L0003X,tier_1_primary_pharmacy,Y,Y,
1629872403,"PUBLIX SUPER MARKETS, INC.",6900 DANIELS PKWY STE 19,,FORT MYERS,FL,339121586,2392866070,VP OF PHARMACY,333600000X|3336C0003X,tier_1_primary_pharmacy,Y,N,PUBLIX
1215731757,HUDSON DRUGS LLC,7211 N DALE MABRY HWY STE 101A,,TAMPA,FL,336142669,8139615790,OWNER / RX MANAGER,3336L0003X,tier_1_primary_pharmacy,Y,Y,
1285438457,STERILECARE NAPLES LLC,5413 AIRPORT PULLING ROAD,,NAPLES,FL,34109,9734616737,OWNER,3336C0003X|333600000X,tier_1_primary_pharmacy,Y,Y,
1922892447,INJURED RESPONSE PHARMACY LLC,37 E ACRE DR,,PLANTATION,FL,333172640,8006601477,CEO,333600000X,tier_1_primary_pharmacy,Y,Y,
1811781438,MIDWAY SPECIALTY CARE RX LLC,2247 PALM BEACH LAKES BLVD STE 209,,WEST PALM BEACH,FL,334093408,5615136237,CEO,3336C0003X,tier_1_primary_pharmacy,Y,Y,
1275327561,PRAMUKH KRUPA RX LLC,27432 CASHFORD CIR STE 101,,WESLEY CHAPEL,FL,335446916,8136676100,PHARMACIST INCHARGE,3336L0003X,tier_1_primary_pharmacy,Y,Y,
1972398840,RNRX HEALTH LLC,164 S US HIGHWAY 17 STE 10164SUS,,EAST PALATKA,FL,321314024,9046100450,MANAGING MEMBER,3336C0003X,tier_1_primary_pharmacy,Y,Y,
1295521656,ALL CARE PHARMACY LLC,1839 CENTRAL AVE STE B,,SAINT PETERSBURG,FL,337138900,7273902620,OWNER,3336L0003X,tier_1_primary_pharmacy,Y,Y,
1316733264,DUANE LOGISTICS LLC,2923 CORINTHIAN AVE,,JACKSONVILLE,FL,322104401,9043895558,OWNER,3336C0004X|333600000X,tier_1_primary_pharmacy,Y,Y,
1285420141,PHARM-AID ENTERPRISES DORAL LLC,2100 NW 107TH AVE STE 107,,SWEETWATER,FL,331722506,9545444994,CEO/OWNER,3336C0003X,tier_1_primary_pharmacy,Y,Y,
1427844158,"PUBLIX SUPER MARKETS, INC.",2435 S HIAWASSEE RD,,ORLANDO,FL,328356346,4078673723,VP OF PHARMACY,333600000X|3336C0003X,tier_1_primary_pharmacy,Y,N,PUBLIX
1881481836,"PUBLIX SUPER MARKETS, INC.",150 ST JOHNS HERITAGE PKWY NW,SUITE 101,PALM BAY,FL,32907,3213276278,VP OF PHARMACY,333600000X|3336C0003X,tier_1_primary_pharmacy,Y,N,PUBLIX
1639966534,FOUNDATION PHARMACY LLC,10204 NW 47TH ST,,SUNRISE,FL,333517980,8888571984,PIC/MANAGER,3336C0003X,tier_1_primary_pharmacy,Y,Y,
1194512020,4 U MEDICAL DELIVERY LLC,707 N 7TH ST APT 165,,FORT PIERCE,FL,349503134,7659389015,OWNER,333600000X,tier_1_primary_pharmacy,Y,Y,
1750179362,HEARTLAND DISCOUNT PHARMACY LLC,407 S PARROTT AVE,,OKEECHOBEE,FL,349744342,8637637633,PHARMACIST,3336L0003X,tier_1_primary_pharmacy,Y,Y,
1336937408,HENDRY COUNTY HOSPITAL AUTHORITY,524 W SAGAMORE AVE,,CLEWISTON,FL,334403514,8639836186,CHIEF OPERATING OFFICER,3336H0001X|3336S0011X|333600000X|3336C0003X,tier_1_primary_pharmacy,Y,Y,
1861280596,"PRAXIS SPECIALTY PHARMACY, LLC",5455 W WATERS AVE STE 214,,TAMPA,FL,336341208,8889037453,PRESIDENT,3336C0003X|3336M0002X,tier_1_primary_pharmacy,Y,Y,
1740079383,"CYPRESS PHARMACY, INC",9451 CYPRESS LAKE DR,,FORT MYERS,FL,339194909,2394817322,OWNER,3336L0003X,tier_1_primary_pharmacy,Y,Y,
1972392538,"TITHEOTOKOS, LLC",1995 US HIGHWAY 1,,VERO BEACH,FL,329600960,7729992843,OWNER / MANAGER,3336L0003X,tier_1_primary_pharmacy,Y,Y,
1578352266,"JMP HEALTH AND PHARMACY SERVICES, INC",9787 SW 72ND ST,,MIAMI,FL,331734615,7865580702,PRESIDENT,3336C0003X,tier_1_primary_pharmacy,Y,Y,
1104615798,ARTURITOS PHARMACY INC,8740 SW 72ND ST,,MIAMI,FL,331733512,7867764226,OWNER,333600000X,tier_1_primary_pharmacy,Y,Y,
1215727813,NOVOPHARM OF TAMPA LLC,5730 CORPORATE WAY STE 130,,WEST PALM BEACH,FL,334072032,8133749345,COMPLIANCE OFFICER,3336L0003X,tier_1_primary_pharmacy,Y,Y,
1447040753,"NORTH FLORIDA MEDICAL CENTERS, INC.",469 W BASE ST,,MADISON,FL,323402064,8502533444,CEO/PRESIDENT,3336C0003X,tier_1_primary_pharmacy,Y,Y,
1891585832,PUBLIX SUPER MARKETS INC,6605 38TH AVE N,,SAINT PETERSBURG,FL,33710,7272916996,VP OF PHARMACY,333600000X|3336C0003X,tier_1_primary_pharmacy,Y,N,PUBLIX
1770374449,PADRONE AND CO. LLC,9230 LAGOON PL APT 103,,DAVIE,FL,333246706,9546084958,CEO,333600000X,tier_1_primary_pharmacy,Y,Y,
1295526648,"RX CARE OF TAMPA, LLC",5138 N FLORIDA AVE,,TAMPA,FL,336032154,8132496593,CEO,3336C0003X|333600000X,tier_1_primary_pharmacy,Y,Y,
1326839325,LAKELAND COMMUNITY PHARMACY LLC,2430 US HIGHWAY 92 E,,LAKELAND,FL,338012650,8633331111,MEMBER,333600000X|3336C0003X,tier_1_primary_pharmacy,Y,Y,
1053103887,"PUBLIX SUPER MARKETS, INC.",1033 A1A BEACH BLVD,,SAINT AUGUSTINE,FL,320806731,9048156243,VP OF PHARMACY,333600000X|3336C0003X,tier_1_primary_pharmacy,Y,N,PUBLIX
1124810908,"WESTMINSTER SENIOR CARE PHARMACY, LLC",13880 SHELL POINT PLZ STE 130,,FORT MYERS,FL,339083504,4072449280,PHARMACY CONTROLLER,3336C0003X|3336L0003X,tier_1_primary_pharmacy,Y,Y,
1568254159,SOUTHWEST VOLUSIA HEALTHCARE CORPORATION,1061 MEDICAL CENTER DR STE 112,,ORANGE CITY,FL,327638225,3869177801,CFO,3336C0003X,tier_1_primary_pharmacy,Y,Y,
1801689898,BUENO CLINIC,2921 S ORLANDO DR STE 130,,SANFORD,FL,327734106,3212859907,CEO,3336C0002X,tier_2_secondary_pharmacy,N,Y,
1881487726,EKON RX INC,1028 E BRANDON BLVD,,BRANDON,FL,335115509,8136993496,PRESIDENT,3336C0003X,tier_1_primary_pharmacy,Y,Y,
1073306734,"TRENTON MEDICAL CENTER, INC.",2349 VILLAGE SQUARE PKWY STE 110-111,,FLEMING ISLAND,FL,320036355,9043852023,CEO,3336C0002X|3336C0003X,tier_1_primary_pharmacy,Y,Y,
1770376253,"CARE RESOURCE COMMUNITY HEALTH CENTERS, INC",871 W OAKLAND PARK BLVD STE 100,,WILTON MANORS,FL,333111731,7866071040,CHIEF MEDICAL OFFICER,3336C0003X,tier_1_primary_pharmacy,Y,Y,
1558154732,THE PHARMACY HUB 2 LLC,2750 BRIDGE WAY UNIT 180,,DAVIE,FL,333141655,9548959454,OWNER/PHARMACIST,3336C0003X,tier_1_primary_pharmacy,Y,Y,
1932093267,PARAGON PHARMACEUTICALS,2180 AMERICAN FLYER WAY,,BROOKSVILLE,FL,346046829,3527774488,OWNER,3336C0004X,tier_1_primary_pharmacy,Y,Y,
1982598074,"SMARTPHARMARX, LLC",6463 S FALKENBURG RD,,RIVERVIEW,FL,335788696,8133573660,CEO,333600000X|3336C0004X|3336M0002X|3336C0003X,tier_1_primary_pharmacy,Y,Y,
1740175199,"PUBLIX SUPER MARKETS, INC.",75 IRONDALE RD,SUITE 100,JACKSONVILLE,FL,32081,9048156239,VP OF PHARMACY,333600000X|3336C0003X,tier_1_primary_pharmacy,Y,N,PUBLIX
1497640700,CC CHEMIST LLC,1242 SW PINE ISLAND RD STE 15,,CAPE CORAL,FL,339912124,2393872599,MANAGER,3336C0003X,tier_1_primary_pharmacy,Y,Y,
1730074964,TITA PHARMA 2 LLC,2425 S DALE MABRY HWY STE D,,TAMPA,FL,336296840,8134022430,OWNER,333600000X|3336C0003X,tier_1_primary_pharmacy,Y,Y,
1912892795,"CAPSTONE HEALTH PINELLAS COUNTY, LLC",7500 BRYAN DAIRY RD STE A,,LARGO,FL,337771437,8138291300,OWNER,333600000X|3336C0004X|3336H0001X,tier_1_primary_pharmacy,Y,Y,
1447145305,"CAPSTONE HEALTH STUART, LLC",600 SE INDIAN ST STE 3,,STUART,FL,349975540,7724031330,OWNER,333600000X|3336C0004X|3336H0001X,tier_1_primary_pharmacy,Y,Y,
1689569550,"CAPSTONE HEALTH JACKSONVILLE, LLC",80 PINNACLES DR STE 900,,PALM COAST,FL,321642915,3864770010,OWNER,333600000X|3336C0004X|3336H0001X,tier_1_primary_pharmacy,Y,Y,
1437046042,"PUBLIX SUPER MARKETS, INC.",9964 OLD BAYMEADOWS RD,,JACKSONVILLE,FL,322568103,9043808552,VP OF PHARMACY,333600000X|3336C0003X,tier_1_primary_pharmacy,Y,N,PUBLIX
1821984451,LOPEZ CAPITOL GROUP CORP,11300 NW 87TH CT STE 109,,HIALEAH GARDENS,FL,330184516,3059678586,PRESIDENT,3336L0003X,tier_1_primary_pharmacy,Y,Y,
1124915939,RPH SOLUTION INC,1246 RAY CHARLES BLVD,,TAMPA,FL,336023028,8136947020,MGR,3336L0003X,tier_1_primary_pharmacy,Y,Y,
1619864436,BELL PHARMACY 002 LLC,8702 HUNTERS LAKE DR STE 140,,TAMPA,FL,336472855,8138033399,MGR,3336L0003X,tier_1_primary_pharmacy,Y,Y,
1760379580,HM BLOOMINGDALE LLC,3535 CENTRAL AVE,,SAINT PETERSBURG,FL,337138405,8136892273,MGR,3336L0003X,tier_1_primary_pharmacy,Y,Y,
1306734777,"FOUNDCARE, INC",3501 BROADWAY,,RIVIERA BEACH,FL,334042331,5614325849,CEO,3336C0003X,tier_1_primary_pharmacy,Y,Y,
1922996024,NOVOPHARM OF TAMPA LLC,3821 WOODBRIAR TRL STE 101,,PORT ORANGE,FL,321299615,8133749345,DIRECTOR OF COMPLIANCE,3336L0003X,tier_1_primary_pharmacy,Y,Y,
1972491850,PUBLIC SQUARE PHARMACY LLC,2736 UNIVERSITY BLVD W STE 2,,JACKSONVILLE,FL,322172170,9045314556,OWNER,3336L0003X,tier_1_primary_pharmacy,Y,Y,
1952290678,B & P PHARMACY CORPORATION,2961 DUFF RD,,LAKELAND,FL,338102188,8637382729,PHARMACY MANAGER,3336L0003X,tier_1_primary_pharmacy,Y,Y,
1912896549,ALIVE MIAMI LLC,901 S MIAMI AVE STE 211,,MIAMI,FL,331303043,3058977121,CEO,3336C0004X|3336H0001X,tier_2_secondary_pharmacy,N,Y,
1306735592,JUFERCA INVESTMENTS LLC,10890 NW 17TH ST UNIT 141,,SWEETWATER,FL,331722069,7863272360,OWNER,3336C0003X,tier_1_primary_pharmacy,Y,Y,
1497645915,SHANDS TEACHING HOSPITAL AND CLINICS INC,1549 GALE LEMERAND DR STE 1510,,GAINESVILLE,FL,326103008,3522658270,CEO,333600000X,tier_1_primary_pharmacy,Y,Y,
1063302255,DOCTORS HOSPITAL INC,5000 UNIVERSITY DR,,CORAL GABLES,FL,331462008,7863084204,CEO,3336C0003X,tier_1_primary_pharmacy,Y,Y,
1184515140,FORT LAUDERDALE PHARMACY LLC,3331 N FEDERAL HWY STE A,,OAKLAND PARK,FL,333061034,9548073337,PRESIDENT,3336C0003X,tier_1_primary_pharmacy,Y,Y,
1609767417,WESLEY PHARMACEUTICALS,5551 VANGUARD ST,,ORLANDO,FL,328198532,4074401555,DIRECTOR REGULATORY AFFAIRS,3336C0004X,tier_1_primary_pharmacy,Y,Y,
1871484378,ORTUX PHARMACY LLC,9134 NW 25TH ST,,DORAL,FL,331721502,7865425007,PRESIDENT,3336L0003X,tier_1_primary_pharmacy,Y,Y,
1407747769,"SUN HEALTH AND WELLNESS, INC",2100 S CHICKASAW TRL STE 101,,ORLANDO,FL,328258444,4072506406,PRESIDENT,3336C0003X,tier_1_primary_pharmacy,Y,Y,
1407748320,TAQUECHEL PHARMACY RX LLC,20920 W DIXIE HWY,,AVENTURA,FL,33180,3059745604,OWNER,333600000X,tier_1_primary_pharmacy,Y,Y,
1558253492,"MEDICAL HOTSPOTS, INC",3850 NW 50TH ST,,TAMARAC,FL,333093316,9547664090,OWNER,3336M0003X|333600000X|3336S0011X|3336L0003X,tier_1_primary_pharmacy,Y,Y,
1508758459,"MEDICAL HOTSPOTS, INC",3065 34TH ST N STE B,,SAINT PETERSBURG,FL,337132401,7272561410,CEO,333600000X|3336M0003X|3336S0011X|3336L0003X,tier_1_primary_pharmacy,Y,Y,
1588556211,THE AUSADHA LLC,18474 N US HIGHWAY 41,,LUTZ,FL,335494469,8139493200,COOWNER,3336L0003X,tier_1_primary_pharmacy,Y,Y,
1578445599,OPN RX LLC,3911 HOLLYWOOD BLVD STE 106,,HOLLYWOOD,FL,330216795,9546974745,CEO/OWNER,3336C0003X,tier_1_primary_pharmacy,Y,Y,
1932081825,AVH FOUNDATION INC,1126 UNIVERSITY BLVD N STE C,,JACKSONVILLE,FL,322118850,9049233375,DIRECTOR OF PHARMACY,3336C0002X,tier_1_primary_pharmacy,Y,Y,
1437031234,E-RX LABS LLC,34911 US HIGHWAY 19 N STE B,,PALM HARBOR,FL,346841966,7143568759,CEO,333600000X,tier_1_primary_pharmacy,Y,Y,
1902789084,CULLINAN INVESTMENTS LLC,5600 MARINER ST STE 220,,TAMPA,FL,336093417,8887925273,OWNER,3336S0011X|333600000X,tier_1_primary_pharmacy,Y,Y,
1477436673,RX EXPRESS OF PACE INC,6775 CHUMUCKLA HWY,,PACE,FL,32571,8508898990,PRESIDENT,333600000X,tier_1_primary_pharmacy,Y,Y,
1528941440,MARIGOLD AVENUE PHARMACY LLC,4792 MARIGOLD AVE,,KISSIMMEE,FL,347593326,4072014640,OFFICER,3336C0003X,tier_1_primary_pharmacy,Y,Y,
1336022250,"PUBLIX SUPER MARKETS, INC.",2875 STATE ROAD 16,,SAINT AUGUSTINE,FL,320921684,9048156215,VP OF PHARMACY,333600000X|3336C0003X,tier_1_primary_pharmacy,Y,N,PUBLIX
1861375578,OCALA AH PHARMACY LLC,3949 SW COLLEGE RD STE 100C,,OCALA,FL,344745713,3524508040,OWNER,3336C0003X,tier_1_primary_pharmacy,Y,Y,
1437032034,STARKE FAMILY PHARMACY-LTC,211 S ORANGE ST,,STARKE,FL,320913833,9044541484,PHARMACIST,3336L0003X,tier_1_primary_pharmacy,Y,Y,
1346124708,DIVAANI LLC,38449 COUNTY ROAD 54,,ZEPHYRHILLS,FL,335427529,2396348767,OWNER,333600000X|3336C0003X,tier_1_primary_pharmacy,Y,Y,
1609759091,"COLLIER HEALTH SERVICES, INC",2355 STANFORD CT # 701,,NAPLES,FL,341124813,2392441356,CFO,3336C0003X,tier_1_primary_pharmacy,Y,Y,
1295618684,UNIVV 4 INC,6150 DIAMOND CENTRE CT UNIT 1302,,FORT MYERS,FL,339124366,2392307966,OWNER,3336C0003X,tier_1_primary_pharmacy,Y,Y,
1972487007,VILLAGE WELLNESS LLC,11750 NE 62ND TER,,LADY LAKE,FL,321628622,9199610715,OWNER,3336C0003X,tier_1_primary_pharmacy,Y,Y,
1831073006,"ALIGN MD, LLC",1 INDEPENDENT DR STE 3300,,JACKSONVILLE,FL,322025027,2513000391,PRINCIPAL,333600000X,tier_1_primary_pharmacy,Y,Y,
1518841360,VERED RX LLC,6555 NOVA DR STE 305,,DAVIE,FL,333177404,8887974632,OWNER,333600000X|3336L0003X|3336C0003X,tier_1_primary_pharmacy,Y,Y,
1912881525,HUDSON PHARMACY INC,8117 STATE ROAD 52,,HUDSON,FL,346676728,7273785882,OWNER,3336L0003X,tier_1_primary_pharmacy,Y,Y,
1487538997,PILLPACK LLC,1700 IMESON RD SUITE 100,,JACKSONVILLE,FL,32220,8557455725,VICE PRESIDENT,3336C0003X|333600000X,tier_1_primary_pharmacy,Y,Y,
1811873466,FLORIDA DEPARTMENT OF CORRECTIONS,FLORIDA DEPT OF CORRECTIONS -REGION III PHARMACY,11120 NW GAINESVILLE RD.,OCALA,FL,34482,3526908920,BUREAU CHIEF OF PHARMACEUTICAL SER,3336I0012X|3336C0003X,tier_1_primary_pharmacy,Y,Y,
1134005796,FLORIDA DEPT OF CORRECTIONS,7765 S. CR 231 RECEPTION AND MEDICAL CENTER,,LAKE BUTLER,FL,32054,3864967241,BUREAU CHIEF OF PHARMACEUTICAL SERV,3336C0004X|3336I0012X|3336C0003X,tier_1_primary_pharmacy,Y,Y,
1336025998,FLORIDA DEPT OF CORRECTIONS,25636 NE SR 16 (FLORIDA DEPT. OF CORRECTIONS - REGION I,,RAIFORD,FL,32083,3864314096,BUREAU CHIEF OF PHARMACEUTICAL SERV,3336C0003X,tier_1_primary_pharmacy,Y,Y,
1093691628,FLORIDA DEPARTMENT OF CORRECTIONS,2980 STATE CORRECTIONAL RD. REGION I PHARMACY,,MARIANNA,FL,32448,8503726337,BUREAU CHIEF OF PHARMACEUTICAL SERV,3336C0003X,tier_1_primary_pharmacy,Y,Y,
1609752989,FLORIDA HEALTH CARE PLAN INC,2655 LPGA BLVD,,DAYTONA BEACH,FL,321242075,3869747255,CMO,333600000X|3336M0003X,tier_1_primary_pharmacy,Y,Y,
1336025295,PHARMACY EXPRESS & DISCOUNT CORP,3101 W HALLANDALE BEACH BLVD STE 101,,HALLANDALE BEACH,FL,330095154,3056636043,PRESIDENT,3336L0003X,tier_1_primary_pharmacy,Y,Y,
1801773338,"ALL DISCOUNT PHARMACY, LLC",15084 S JOG RD,,DELRAY BEACH,FL,334461218,5612479383,PRESIDENT,3336C0003X,tier_1_primary_pharmacy,Y,Y,
1174400337,BHESAJA LLC,31130 CORTEZ BLVD,,BROOKSVILLE,FL,346027548,2695017359,OWNER/PHARMACIST,3336C0003X,tier_1_primary_pharmacy,Y,Y,
1295612364,OIC INSPIRED INC,1707 N MILLS AVE,,ORLANDO,FL,328031851,8332083783,"PRESIDENT, PHARMACY SERVICES",3336C0003X,tier_1_primary_pharmacy,Y,Y,
1376420562,GOLD GORILLA PHARMACY LLC,8424 4TH ST N STE F,,ST PETERSBURG,FL,337023654,8888800766,OWNER/PHARMACIST,333600000X,tier_1_primary_pharmacy,Y,Y,
1740167048,"BREVARD HEALTH ALLIANCE, INC.",775 MALABAR RD,,MALABAR,FL,329503112,3212416800,DIRECTOR OF BILLING,3336C0003X,tier_1_primary_pharmacy,Y,Y,
1932086923,MLINK RX LLC,15511 N FLORIDA AVE # 103,,TAMPA,FL,336131263,8137710010,OWNER,3336S0011X|3336C0003X,tier_1_primary_pharmacy,Y,Y,
1093692089,CITI COMPOUNDING,5051 NW 13TH AVE STE B,,DEERFIELD BEACH,FL,330648650,3057965149,OWNER,333600000X|3336C0004X|3336L0003X|3336C0003X,tier_1_primary_pharmacy,Y,Y,
1861370173,"26HEALTH, INC",801 N MAGNOLIA AVE STE 406,,ORLANDO,FL,328033843,3218002926,CREDENTIALING SPECIALIST,333600000X|3336C0003X,tier_1_primary_pharmacy,Y,Y,
1891673026,THE BOI CORPORATION,3901 NW 79TH AVE,,DORAL,FL,331666508,3465433534,DIRECTOR; TREASURY; PRESIDENT,333600000X,tier_1_primary_pharmacy,Y,Y,
1164300398,TRUST LONG TERM CARE LLC,9344 LITTLE RD,,NEW PORT RICHEY,FL,346543415,7182233464,OWNER,3336L0003X,tier_1_primary_pharmacy,Y,Y,
1851270797,YOUR RX PHARMACY LLC,3060 COUNTRY CLUB LN,,HALLANDALE,FL,330095118,3057053247,MANAGER,3336C0003X,tier_1_primary_pharmacy,Y,Y,
1275412868,SPEEDY SCRIPTS INC,1115 45TH ST STE 3,,WEST PALM BEACH,FL,334072378,5612963795,PRESIDENT,3336L0003X,tier_1_primary_pharmacy,Y,Y,
1164301776,PILLPACK LLC,16670 ORIOLE RD STE 100,,FORT MYERS,FL,339122573,8557455725,VICE PRESIDENT,3336C0003X|333600000X,tier_1_primary_pharmacy,Y,Y,
1194605113,PUBLIX SUPER MARKETS INC,1295 S MISSOURI AVE,,CLEARWATER,FL,337564174,7272416724,VP OF PHARMACY,333600000X|3336C0003X,tier_1_primary_pharmacy,Y,N,PUBLIX
1770463150,"SOLMED RX, LLC",8659 NW 36TH ST,,DORAL,FL,331666621,3056317477,PHARMACY MANAGER,3336C0003X,tier_1_primary_pharmacy,Y,Y,
1457232209,PUREWELL PHARMACY LLC,8730 N MOBLEY RD,,ODESSA,FL,335562509,8135535010,PRESIDENT/OWNER,3336C0003X,tier_1_primary_pharmacy,Y,Y,
1962383547,RX CARE PHARMACY AND KWICKMART INC,14306 7TH ST,,DADE CITY,FL,335233434,3525672239,PHARMACIST,3336L0003X,tier_1_primary_pharmacy,Y,Y,
1346121720,"MAYO PHARMACY AND WELLNESS CENTER, INC.",523 N MARION AVE,,LAKE CITY,FL,320552882,3863441422,OWNER,3336C0003X,tier_1_primary_pharmacy,Y,Y,
1699656025,PILLPACK LLC,"6317 COUNTY RD 579, SUITE 100",,SEFFNER,FL,33584,8557455725,VICE PRESIDENT,3336C0003X|333600000X,tier_1_primary_pharmacy,Y,Y,
1578434551,GOLDENROD PHARMACY LLC,2223 S GOLDENROD RD,,ORLANDO,FL,328224676,4077303866,MANGER,3336L0003X,tier_1_primary_pharmacy,Y,Y,
1336010271,"CAREWELL PHARMACY, LLC",1015 W 19TH ST STE 104,,HIALEAH,FL,330102333,7866368637,OWNER/PHARMACIST,3336C0003X,tier_1_primary_pharmacy,Y,Y,
1043181415,"CENTERWELL PHARMACY, INC.",11010 FLORIDA CROWN DR STE 200,,ORLANDO,FL,328247044,8004862668,VP,3336M0003X,tier_1_primary_pharmacy,Y,Y,
1437022035,"PUBLIX SUPER MARKETS, INC.",1975 SILVERLEAF PKWY STE 101,,SAINT AUGUSTINE,FL,320922059,9048156987,VP OF PHARMACY,333600000X|3336C0003X,tier_1_primary_pharmacy,Y,N,PUBLIX
1659245884,ADVENTIST HEALTH SYSTEM -SUNBELT INC,1800 N HANCOCK RD,,MINNEOLA,FL,347158184,4076140650,QUALITY AND COMPLIANCE COORDINATOR,3336C0003X,tier_2_secondary_pharmacy,N,Y,
1942174776,SUNSHINE PHARMACY OF LONGWOOD LLC,876 S US HIGHWAY 17 92,,LONGWOOD,FL,327505711,4077907254,OWNER,3336C0004X|3336C0003X,tier_1_primary_pharmacy,Y,Y,
1457225070,INFINITY PHARMACY AND ASSOCIATES INC,7551 W HILLSBOROUGH AVE,,TAMPA,FL,336154103,8134622777,PHARMACY OWNER & MANAGER,3336L0003X,tier_1_primary_pharmacy,Y,Y,
1255206801,JT PHARMACY LLC,10549 N FLORIDA AVE STE G,,TAMPA,FL,336126707,3526781881,OWNER/MBR,3336C0003X,tier_1_primary_pharmacy,Y,Y,
1760356380,PUBLIX SUPER MARKETS INC,4267 DUNDEE RD,,WINTER HAVEN,FL,33884,8632694837,VP OF PHARMACY,333600000X|3336C0003X,tier_1_primary_pharmacy,Y,N,PUBLIX
1952276230,PHARMIQUE PHARMACY LLC,1210 S INTERNATIONAL PKWY STE 166,,LAKE MARY,FL,327461691,4076109090,PHARMACIST,3336C0004X|3336C0003X,tier_1_primary_pharmacy,Y,Y,
1013882851,THE PHARMACY AT CLERMONT LLC,1740 US HIGHWAY 27 UNIT 30,,CLERMONT,FL,347146214,6893197001,OWNER,3336C0003X,tier_1_primary_pharmacy,Y,Y,
1144196270,PUBLIX SUPER MARKETS INC,160 MARINER BLVD,,SPRING HILL,FL,346095689,3526105043,VP OF PHARMACY,333600000X|3336C0003X,tier_1_primary_pharmacy,Y,N,PUBLIX
1790651735,CITRUS TOWER PHARMACY LLC,2761 CITRUS TOWER BLVD STE 102,,CLERMONT,FL,347117010,3524048408,OWNER,3336C0003X,tier_1_primary_pharmacy,Y,Y,
1700753571,"NUVIARX, LLC",6900 TAVISTOCK LAKES BLVD STE 400,,ORLANDO,FL,328277593,4072253621,CEO & CO-FOUNDER,3336M0002X,tier_1_primary_pharmacy,Y,Y,
1417824988,H&R HEALTH HUB GROUP LLC,702 DREW ST,,CLEARWATER,FL,337554111,7272650420,PHARMACIST IN CHARGE/OWNER,3336C0003X,tier_1_primary_pharmacy,Y,Y,
1073481560,SMA HEALTHCARE INC,301 JUSTICE LN,,BUNNELL,FL,321104487,3862363188,PHARMACIST IN CHARGE,3336C0003X|333600000X,tier_1_primary_pharmacy,Y,Y,
1891664728,BIOHEALTH INFUSION CENTER LLC,8684 SUNSET DR,,MIAMI,FL,331433734,7864606044,COO,3336S0011X|3336C0003X,tier_1_primary_pharmacy,Y,Y,
1285503979,PHARMACY XD LLC,6910 RIDGE RD,,PORT RICHEY,FL,346686846,8447427692,OWNER,3336M0002X,tier_1_primary_pharmacy,Y,Y,
1508735150,"BREVARD HEALTH ALLIANCE, INC.",17 SILVER PALM AVE,,MELBOURNE,FL,329013123,3212416800,DIRECTOR OF BILLING,3336C0003X,tier_1_primary_pharmacy,Y,Y,
1952271694,"PUBLIX SUPER MARKETS, INC.",16642 SR 64 E,,BRADENTON,FL,34212,9412778277,VP OF PHARMACY,333600000X|3336C0003X,tier_1_primary_pharmacy,Y,N,PUBLIX
1336019652,VERED RX LLC,6555 NOVA DR STE 305,,DAVIE,FL,333177404,8887974632,OWNER,333600000X,tier_1_primary_pharmacy,Y,Y,
1134089287,ADVANCE PHARMACY SERVICE LLC,4907 N ARMENIA AVE,,TAMPA,FL,336031401,8103945416,AM,3336L0003X,tier_1_primary_pharmacy,Y,Y,
1801756788,"MY PHARMACY CRYSTAL RIVER, LLC",20360 GATOR LN,,LAND O LAKES,FL,346382802,8133463100,CEO,333600000X,tier_1_primary_pharmacy,Y,Y,
1427918309,"MY PHARMACY CRYSTAL RIVER, LLC",14730 COBRA WAY,,HUDSON,FL,346691083,7272463900,CEO,333600000X,tier_1_primary_pharmacy,Y,Y,
1093675787,LAKEN PHARMACY LLC,11109 W COLONIAL DR,,OCOEE,FL,347612935,4075542110,OWNER/PHARMACIST,3336C0003X,tier_1_primary_pharmacy,Y,Y,
1770443533,SCRIPTS ALLIANCE LLC,4705 SW 8TH ST SPC 1,,CORAL GABLES,FL,331342546,7864628115,MANAGER,3336L0003X,tier_1_primary_pharmacy,Y,Y,
1013877877,SCRIPTS ALLIANCE LLC,4705 SW 8TH ST SPC 1,,CORAL GABLES,FL,331342546,7864628115,MANAGER,3336C0003X,tier_1_primary_pharmacy,Y,Y,
1063373215,KULTURE CORP,10960 SW 15TH ST APT 203,,PEMBROKE PINES,FL,330255549,7864309286,MANAGER,333600000X|3336C0003X,tier_1_primary_pharmacy,Y,Y,
1093676728,"MID-FLORIDA HEMATOLOGY & ONCOLOGY CENTERS, PA",2776 ENTERPRISE RD STE 100,,ORANGE CITY,FL,327638316,4074618324,CEO,3336S0011X,tier_1_primary_pharmacy,Y,Y,
1891656203,MOULTRIE PHARMACY INC,3690 US HIGHWAY 1 S,,ST AUGUSTINE,FL,320866498,9047941399,OWNER,3336L0003X,tier_1_primary_pharmacy,Y,Y,
1497616916,"PUBLIX SUPER MARKETS, INC.",4601 9TH ST N,,NAPLES,FL,341033004,2393976861,VP OF PHARMACY,333600000X|3336C0003X,tier_1_primary_pharmacy,Y,N,PUBLIX
1124989553,"LAFFITA PHARMACY, INC",14244 SW 8TH ST UNIT 21,,MIAMI,FL,331843104,3055219400,OWNER,3336L0003X,tier_1_primary_pharmacy,Y,Y,
1932061272,TREASURE COAST COMMUNITY HEALTH INC,8505 20TH ST,,VERO BEACH,FL,329661705,7722578224,PHARMACY DIRECTOR,3336C0003X,tier_1_primary_pharmacy,Y,Y,
1518829621,PUBLIX SUPER MARKETS INC,42660 HWY 27,,DAVENPORT,FL,338376850,8632561446,VP OF PHARMACY,333600000X|3336C0003X,tier_1_primary_pharmacy,Y,N,PUBLIX
1841153236,"ORLANDO HEALTH, INC.",3000 WIREGRASS RANCH BLVD,,WESLEY CHAPEL,FL,33544,3218438535,"SENIOR DIRECTOR, AMB PHARMACY SVCS",3336C0003X,tier_1_primary_pharmacy,Y,Y,
1578426821,OP PHARMACY LLC,11826 MIRAMAR PKWY,,MIRAMAR,FL,330255800,9548853011,PHARMACY LICENSING MANAGER,3336C0003X,tier_1_primary_pharmacy,Y,Y,
1114880341,"COMMUNITY HEALTH CENTER, INC.",849 GREENWAY PROFESSIONAL CT,,ORLANDO,FL,328249482,4079058827,VP/CHIEF FINANCIAL OFFICER,333600000X,tier_1_primary_pharmacy,Y,Y,
1134082753,"SOUTHERN BAPTIST HOSPITAL OF FLORIDA, INC",1301 PALM AVE STE 210,,JACKSONVILLE,FL,322078499,9042022555,SYSTEM PHARMACY EXECUTIVE,3336S0011X|3336C0003X,tier_1_primary_pharmacy,Y,Y,
1225992845,CITY CLINICS LLC,11641 KEW GARDENS AVE STE 205,,PALM BEACH GARDENS,FL,334102846,5612210139,OWNER,333600000X,tier_1_primary_pharmacy,Y,Y,
1366306532,SOWAL PHARMACY LLC,9375 EMERALD COAST PKWY W STE 6,,MIRAMAR BEACH,FL,325507275,8507972711,OWNER,3336C0004X|3336C0003X,tier_1_primary_pharmacy,Y,Y,
1912861097,"TALLAHASSEE ORTHOPEDIC CLINIC III, P.L.",1002 N ARNOLD RD UNIT 201,,PANAMA CITY BEACH,FL,324132524,8508778174,CEO,3336C0002X,tier_2_secondary_pharmacy,N,Y,
1336003318,"PROCARE PHARMACY CARE, LLC",2850 N COMMERCE PKWY,,MIRAMAR,FL,330253958,8006620586,PHARMACIST IN CHARGE,333600000X,tier_1_primary_pharmacy,Y,Y,
1588529788,"PUBLIX SUPER MARKETS, INC.",12535 NORTHLAKE BLVD,,PALM BEACH GARDENS,FL,334122757,5615305849,VP OF PHARMACY,333600000X|3336C0003X,tier_1_primary_pharmacy,Y,N,PUBLIX
1629933692,LIBERTY COMPOUNDING LLC,1000 PARK CENTRE BLVD STE 136,,MIAMI,FL,331695373,3057496790,PHARMACIST-IN-CHARGE,3336C0004X,tier_1_primary_pharmacy,Y,Y,
1346107240,"ORLANDO HEALTH, INC.",4000 LAKELAND HIGHLANDS ROAD,,LAKELAND,FL,33812,3218438535,"SENIOR DIRECTOR, AMB PHARMACY SVCS",3336C0003X,tier_1_primary_pharmacy,Y,Y,
1689531501,PQ PHARMACY,15225 TECHNOLOGY DR,,BROOKSVILLE,FL,346040692,3524778977,"CEO, PIC",3336C0003X,tier_1_primary_pharmacy,Y,Y,
1235096942,PUBLIX SUPER MARKETS INC,8710 W LAKE RUBY DR,,WINTER HAVEN,FL,338843394,8632694832,VP OF PHARMACY,333600000X|3336C0003X,tier_1_primary_pharmacy,Y,N,PUBLIX
1528925534,PRESCRIPTION PLACE OF DEFUNIAK SPRINGS INC,1337 US HIGHWAY 90 W,,DEFUNIAK SPRINGS,FL,324331470,8508926898,CO-OWNER/PHARMACIST,3336L0003X,tier_1_primary_pharmacy,Y,Y,
1699632620,PRESCRIPTION PLACE OF NICEVILLE LLC,1140 JOHN SIMS PKWY E STE 6,,NICEVILLE,FL,325782200,8503898182,CO-OWNER/PHARMACIST,3336L0003X,tier_1_primary_pharmacy,Y,Y,
1487512208,RXPRO SOLUTIONS LLC,133 DRENNEN RD,,ORLANDO,FL,328066116,4043338214,MANAGING PARTNER,3336M0002X,tier_1_primary_pharmacy,Y,Y,
1144188079,RELIANZ HEALTH LLC,1014 MARTIN LUTHER KING BLVD W,,SEFFNER,FL,335844572,8133339281,MANAGER,3336C0003X,tier_1_primary_pharmacy,Y,Y,
1922966563,"MY PHARMACY CRYSTAL RIVER, LLC",3381 TOWN AVE,,NEW PORT RICHEY,FL,346552168,3524045588,PRESIDENT & CEO,333600000X,tier_1_primary_pharmacy,Y,Y,
1992663546,"MY PHARMACY CRYSTAL RIVER, LLC",8585 OLD PASCO RD,,WESLEY CHAPEL,FL,335442913,3524045588,PRESIDENT & CEO,333600000X,tier_1_primary_pharmacy,Y,Y,
1821956475,"MY PHARMACY CRYSTAL RIVER, LLC",38503 CENTENNIAL RD,,DADE CITY,FL,335251654,3524045588,PRESIDENT & CEO,333600000X,tier_1_primary_pharmacy,Y,Y,
1013875459,GENOGENRX LLC,1200 S ROGERS CIR STE 11,,BOCA RATON,FL,334875703,5617601060,CEO,3336C0003X,tier_1_primary_pharmacy,Y,Y,
1770441925,"MY PHARMACY CRYSTAL RIVER, LLC",5375 SCHOOL RD,,NEW PORT RICHEY,FL,34652,3524045588,PRESIDENT & CEO,333600000X,tier_1_primary_pharmacy,Y,Y,
1043178163,KAASINDRA & CO INC,216 OAKFIELD DR,,BRANDON,FL,335115707,8136629926,PRESIDENT,3336L0003X,tier_1_primary_pharmacy,Y,Y,
1982563938,"WESTMINSTER SENIOR CARE PHARMACY, LLC",13880 SHELL POINT PLZ,,FORT MYERS,FL,339083503,2393964609,PHARMACY CONTROLLER,333600000X|3336L0003X,tier_1_primary_pharmacy,Y,Y,
1306705579,"SAINT GEORGE ONE, LLC.",8488 W HILLSBOROUGH AVE,,TAMPA,FL,336153808,8138004455,CEO/PHARMACIST IN CHARGE,3336L0003X|3336C0004X|3336H0001X|3336S0011X|3336M0002X|333600000X|3336C0003X,tier_1_primary_pharmacy,Y,Y,
1811846017,AKSHARAM AHAM INC,13847 TAMIAMI TRL,,NORTH PORT,FL,342872069,3468292645,PRESIDENT,3336C0003X,tier_1_primary_pharmacy,Y,Y,
1801745013,"HEART OF FLORIDA HEALTH CENTER, INC",3367 WEDGEWOOD LN,,THE VILLAGES,FL,321627181,3527326599,CEO,3336C0003X,tier_1_primary_pharmacy,Y,Y,
1093664229,"LOTUS PHARMACY 1, LLC",5410 NW 33RD AVE STE 107,,FT LAUDERDALE,FL,333090004,8336023336,CEO,3336L0003X,tier_1_primary_pharmacy,Y,Y,
1578412821,"PUBLIX SUPER MARKETS, INC.",13752 LITTLE RD,,HUDSON,FL,346678024,8636881188,VP OF PHARMACY,333600000X|3336C0003X,tier_1_primary_pharmacy,Y,N,PUBLIX
1811847361,"PRIME CARE SALUD NOVA PHARMACY, LLC",4213 E 4TH AVE,,HIALEAH,FL,330132305,3056880644,OWNER,333600000X|3336C0003X,tier_1_primary_pharmacy,Y,Y,
1912857319,OPTIMAL HEALTH PHARMACY OF SISTRUNK LLC,1409 SISTRUNK BLVD.,105,FORT LAUDERDALE,FL,33311,3057054024,OWNER/PHARMACIST IN CHARGE,333600000X,tier_1_primary_pharmacy,Y,Y,
1194676304,"BAYCARE URGENT CARE, LLC",1601 W TIMBERLANE DR STE 100,,PLANT CITY,FL,335660957,8135670020,VP,3336C0003X,tier_1_primary_pharmacy,Y,Y,
1841141603,"HEALTHDYNE SPECIALTY FLORIDA, LLC",500 EAGLES LANDING DR STE A,,LAKELAND,FL,338102899,8006418475,SENIOR VICE PRESIDENT & SECRETARY,3336M0002X,tier_1_primary_pharmacy,Y,Y,
1801747563,"HEALTHDYNE SPECIALTY FLORIDA, LLC",500 EAGLES LANDING DR STE A,,LAKELAND,FL,338102899,8006418475,SENIOR VICE PRESIDENT & SECRETARY,333600000X,tier_1_primary_pharmacy,Y,Y,
1023969995,SPECIALTY CARE PHARMACY LLC,5915 MEMORIAL HWY STE 104,,TAMPA,FL,336155008,8132907555,OWNER,3336S0011X|3336C0004X|3336C0003X,tier_1_primary_pharmacy,Y,Y,
1942152459,FRONTLINE RX PHARMACY LLC,7332 NW 5TH ST,,PLANTATION,FL,333171605,8005391788,OWNER,333600000X,tier_1_primary_pharmacy,Y,Y,
1316899503,THE HEALTH MALL PHARMACY LLC,1782 W FLAGLER ST,,MIAMI,FL,331352017,3055190575,CEO,333600000X,tier_2_secondary_pharmacy,N,Y,
1669324372,"EMPOWER U, INC",7900 NW 27TH AVE STE E12,,MIAMI,FL,331474934,7863182337,CEO,333600000X|3336C0003X,tier_1_primary_pharmacy,Y,Y,
1134072630,"HD PHARMACY SERVICES, LLC",500 EAGLES LANDING DR STE C,,LAKELAND,FL,338102899,8884792000,SENIOR VICE PRESIDENT & SECRETARY,3336M0002X,tier_1_primary_pharmacy,Y,Y,
1467305722,UNIVIDA PHARMACY,4353 NW 77TH AVE FL 1,,MIAMI,FL,331666736,7864453689,VP OF OPERATIONS,3336C0003X,tier_1_primary_pharmacy,Y,Y,
1285587238,RELIANCE PHARMACY 2 LLC,901 45TH ST,,MANGONIA PARK,FL,334072413,5613292376,MANAGER,3336C0003X,tier_1_primary_pharmacy,Y,Y,
1578416657,CARE ADVANS LLC,33572 GARDEN SAGE ISLE,,WESLEY CHAPEL,FL,335455369,4078027778,PRESIDENT,3336C0004X,tier_2_secondary_pharmacy,N,Y,
1699629477,PUBLIX SUPER MARKETS INC,3050 19TH AVE NE,,RUSKIN,FL,335707806,8636881188,VP OF PHARMACY,333600000X|3336C0003X,tier_1_primary_pharmacy,Y,N,PUBLIX
1164376950,PUBLIX SUPER MARKETS INC,1421 SADLER RD,,FERNANDINA BEACH,FL,320344788,9045579421,VP OF PHARMACY,333600000X|3336C0003X,tier_1_primary_pharmacy,Y,N,PUBLIX
1417802893,"COLLIER HEALTH SERVICES, INC",13753 IMMOKALEE RD,,NAPLES,FL,341207602,2395444409,CFO,3336C0003X,tier_1_primary_pharmacy,Y,Y,
1548115033,SARASOTA COUNTY PUBLIC HOSPITAL DISTRICT,5640 RAND BLVD,,SARASOTA,FL,342385174,9419174950,PRESIDENT & CEO,3336I0012X,tier_1_primary_pharmacy,Y,Y,
1871448977,BELL PHARMACY 008 LLC,2251 DREW ST STE A,,CLEARWATER,FL,337653306,4077607351,ADMIN,3336C0003X,tier_1_primary_pharmacy,Y,Y,
1902751001,BELL PHARMACY 009 LLC,915 CHESTNUT ST STE B,,CLEARWATER,FL,337565643,4077607351,ADMIN,3336C0003X,tier_1_primary_pharmacy,Y,Y,
1326994153,W. ATLANTIC DISCOUNT PHARMACY LLC,15071 S STATE ROAD 7 STE 150,,DELRAY BEACH,FL,334464112,5617742920,OWNER,3336C0003X,tier_1_primary_pharmacy,Y,Y,
1598612186,JNS RX LLC,10420 US HIGHWAY 301 S,,RIVERVIEW,FL,335785806,8136773800,PRESIDENT,333600000X|3336L0003X,tier_1_primary_pharmacy,Y,Y,
1295682896,FAMILY PHARMACY & MEDICAL SUPPLY,9861 BERNWOOD PLACE DR STE 145,,FORT MYERS,FL,339666545,2392886997,PRESIDENT,333600000X|3336L0003X,tier_1_primary_pharmacy,Y,Y,
1730036914,DISPENSING PHYSICIAN CONSULTANTS,4900 LINTON BLVD STE 21,,DELRAY BEACH,FL,334456687,5614550090,VICE-PRESIDENT,3336L0003X,tier_1_primary_pharmacy,Y,Y,
1063369247,"SOFKO, LLC",4900 LINTON BLVD STE 24,,DELRAY BEACH,FL,334456687,5619212030,MANAGING MEMBER,3336L0003X,tier_1_primary_pharmacy,Y,Y,
1760330518,ILS PHARMACY LLC,7758 NW 46TH ST,,DORAL,FL,331665460,7863147496,OFFICER,3336C0003X|3336L0003X,tier_1_primary_pharmacy,Y,Y,
1679411201,UIVERSITY OF MIAMI,9675 NW 117TH AVE STE 310B,,MEDLEY,FL,331781232,3056892742,AVP GOVT REPORTING,333600000X,tier_1_primary_pharmacy,Y,Y,
1033057518,"PROXSYSRX - FL, LLC",1002 N ARNOLD RD,STE 104,PANAMA CITY BEACH,FL,32413,8062427782,"PRESIDENT, PHARMACY SERVICES",3336C0003X,tier_1_primary_pharmacy,Y,Y,
1477491793,HOLY CROSS HOSPITAL INC,5601 N DIXIE HWY STE 102,,OAKLAND PARK,FL,333344145,9545422880,PRESIDENT /CEO,3336C0003X,tier_1_primary_pharmacy,Y,Y,
1104766310,"SPRX, INC",3740 SAINT JOHNS BLUFF RD S STE 21,,JACKSONVILLE,FL,322242650,9042359446,VP OF OPERATIONS,3336M0002X,tier_1_primary_pharmacy,Y,Y,
1740120617,MAA BHAWANI INC,5691 S SUNCOAST BLVD,,HOMOSASSA,FL,344462605,3526280096,PRESIDENT,3336L0003X,tier_1_primary_pharmacy,Y,Y,
1275473860,"PROXSYSRX - FL, LLC",1002 N ARNOLD RD UNIT 104,,PANAMA CITY BEACH,FL,324132524,8062427782,"PRESIDENT, PHARMACY SERVICES",3336C0002X,tier_1_primary_pharmacy,Y,Y,
1033059670,"LUNA 2025 LLC, DBA FARMACIA21",2010 NE 8TH ST,,HOMESTEAD,FL,330334702,7866502909,OWNER/PHARMACY DEPARTMENT MANAGER,3336C0003X,tier_1_primary_pharmacy,Y,Y,
1659211191,"TRUPHARMARX, LLC",14001 NW 4TH ST,,SUNRISE,FL,333256206,9547514322,MANAGING MEMBER,3336C0003X,tier_1_primary_pharmacy,Y,Y,
1366383424,GITALIFERX LLC,1211 NE 4TH AVE FL 2,,FORT LAUDERDALE,FL,333041924,3057239991,MANAGING MEMBER,3336S0011X|3336L0003X,tier_1_primary_pharmacy,Y,Y,
1922949239,"HEART OF FLORIDA HEALTH CENTER, INC",3365 WEDGEWOOD LN,,THE VILLAGES,FL,321627181,3527326599,CEO,3336C0002X,tier_1_primary_pharmacy,Y,Y,
1972445336,ZENITH ELIXIUM INC,8620 GRIFFIN RD,,COOPER CITY,FL,333283719,9543730053,OWNER,333600000X,tier_1_primary_pharmacy,Y,Y,
1477495307,DELIVER ON TIME LLC,930 MALABAR RD SE STE 2,,PALM BAY,FL,329073252,3213699814,AUTHORIZED OFFICIAL - OWNER,3336C0002X,tier_2_secondary_pharmacy,N,Y,
1679415624,MPAM LLC,696 E ALTAMONTE DR STE 1060,,ALTAMONTE SPRINGS,FL,327014808,4079017777,OWNER,3336L0003X,tier_1_primary_pharmacy,Y,Y,
1316880800,PUBLIX SUPER MARKETS INC,5595 MURRELL RD,,MELBOURNE,FL,329406482,8636881188,VP OF PHARMACY,333600000X|3336C0003X,tier_1_primary_pharmacy,Y,N,PUBLIX
1710820147,NEXGEN PHARMACEUTICALS LLC,3061 SW 133RD CT,,MIAMI,FL,331756648,7863036129,OWNER,3336C0002X|3336C0004X,tier_1_primary_pharmacy,Y,Y,
1790628386,"CENTER FOR FAMILY AND CHILD ENRICHMENT, INC",1825 NW 167TH ST STE 102,,MIAMI GARDENS,FL,330564838,3056247450,CEO,3336C0003X,tier_1_primary_pharmacy,Y,Y,
1861335804,PROFESSIONAL PHARMACY SERVICES AND DME INC.,10993 SW 186TH ST,,CUTLER BAY,FL,331576812,3052536634,CEO,3336L0003X,tier_1_primary_pharmacy,Y,Y,
1285577353,VERED RX LLC,6555 NOVA DR STE 305,,DAVIE,FL,333177404,8887974632,OWNER,3336C0003X,tier_1_primary_pharmacy,Y,Y,
1831032671,BELL PHARMACY 008 LLC,2251 DREW ST STE A,,CLEARWATER,FL,337653306,7276610070,CFO,3336L0003X,tier_1_primary_pharmacy,Y,Y,
1316880164,BELL PHARMACY 009 LLC,915 CHESTNUT ST STE B,,CLEARWATER,FL,337565643,7276610077,CFO,3336L0003X,tier_1_primary_pharmacy,Y,Y,
1568306611,ROSE NURSING & PHARMACY SERVICES,10008 PINES BLVD,,PEMBROKE PINES,FL,330246137,9544328290,PHARMACY DIRECTOR,3336C0002X,tier_1_primary_pharmacy,Y,Y,
1598600066,RXCONNECT PHARMACY LLC,1357 S PARSONS AVE,,SEFFNER,FL,335844573,8136998262,PRESIDENT,333600000X,tier_1_primary_pharmacy,Y,Y,
1568307502,TU FAMILIA HEALTH CENTER INC,375 W 19TH ST,,HIALEAH,FL,330102532,7866221866,PRESIDENT,3336C0002X,tier_1_primary_pharmacy,Y,Y,
1932045549,JJ APOTHECARY LLC,18463 PINES BLVD,,PEMBROKE PINES,FL,330291400,7864022423,OWNER/PHARMACIST,3336C0003X,tier_1_primary_pharmacy,Y,Y,
1467398909,NUVEXA SCIENTIFIC,7972 FOREST CITY RD,,ORLANDO,FL,328102907,8884601468,EXECUTIVE ASSISTANT,3336C0004X,tier_1_primary_pharmacy,Y,Y,
1477499739,PUBLIX SUPER MARKETS INC,2411 OCOEE APOPKA RD,,APOPKA,FL,327039354,8636881188,VP OF PHARMACY,333600000X|3336C0003X,tier_1_primary_pharmacy,Y,N,PUBLIX
1376489526,TRUE LIGHT HEALTHHUB PHARMACY LLC,13526 VILLAGE PARK DR,,ORLANDO,FL,328377685,7723219963,OWNER,3336C0004X|3336S0011X|3336C0003X,tier_1_primary_pharmacy,Y,Y,
1356288450,LAKE BUENA VISTA PHARMACY LLC,13401 BLUE HERON BEACH DR STE 101,,ORLANDO,FL,328216375,4079514590,PHARMACY MANAGER,3336C0003X,tier_1_primary_pharmacy,Y,Y,
1639016504,PUBLIX SUPER MARKETS INC,1500 PLACIDA RD STE C,,ENGLEWOOD,FL,342234951,8636881188,VP OF PHARMACY,333600000X|3336C0003X,tier_1_primary_pharmacy,Y,N,PUBLIX
1679410369,BAY PHARMA OF FLORIDA INC,7099 W HIGHWAY 98,,PANAMA CITY BEACH,FL,324075415,9177946909,OWNER,333600000X,tier_1_primary_pharmacy,Y,Y,
1811834005,PUBLIX SUPER MARKETS INC,7535 CORTEZ RD W,,BRADENTON,FL,34210,8636881188,VP OF PHARMACY,333600000X|3336C0003X,tier_1_primary_pharmacy,Y,N,PUBLIX
1619814043,"VACCINE VAN RX, LLC",925 S MILITARY TRL # D7,,WEST PALM BEACH,FL,334153977,9544153841,OWNER,3336C0003X,tier_1_primary_pharmacy,Y,Y,
1730016361,PUBLIX SUPER MARKETS INC,13890 SW 56TH ST,,MIAMI,FL,331756021,8636881188,VP OF PHARMACY,333600000X|3336C0003X,tier_1_primary_pharmacy,Y,N,PUBLIX
1821926189,MAGNOLIA PHARMACYONE LLC,910 OLD CAMP RD STE 170,,THE VILLAGES,FL,321625609,2017364738,OWNER,3336C0003X,tier_1_primary_pharmacy,Y,Y,
1356279632,CLINICMEDS,1776 N PINE ISLAND RD STE 216,,PLANTATION,FL,333225223,9544950008,MANAGER,3336C0003X,tier_1_primary_pharmacy,Y,Y,
1255269270,MEDICORE SOLUTIONS LLC,10639 MISTFLOWER LN,,TAMPA,FL,336473738,8134804553,ORGANIZER,3336C0003X,tier_1_primary_pharmacy,Y,Y,
1114855178,BESTIE MEDS LLC,9501 US HIGHWAY 19 STE 206,,PORT RICHEY,FL,346684658,7272038873,OWNER/ MANAGER,3336C0003X,tier_1_primary_pharmacy,Y,Y,
1730018730,DIVERSITY HEALTHCARE 'LLC',435 2ND ST NE,,WINTER HAVEN,FL,338814103,8634194422,CEO,3336C0003X,tier_1_primary_pharmacy,Y,Y,
1992634075,SEMINOLE PHARMACY (OK),17270 CIVIC ST NE,,OKEECHOBEE,FL,349742730,9549651331,PHARMACY DIRECTOR,3336C0002X,tier_1_primary_pharmacy,Y,Y,
1285563320,PARLAY PHARMA CORP,755 SHOTGUN RD,,SUNRISE,FL,333261934,8005595738,PHARMACIST,3336C0003X,tier_1_primary_pharmacy,Y,Y,
1104755222,ADVENTIST HEALTH SYSTEM/SUNBELT INC,1820 N HANCOCK RD STE 110,,MINNEOLA,FL,347158182,6892892660,QUALITY COMPLIANCE COORDINATOR,3336C0003X,tier_1_primary_pharmacy,Y,Y,
1386573863,"ORLANDO HEALTH, INC.",1705 KUHL AVE,,ORLANDO,FL,328062024,3218438535,"SENIOR DIRECTOR, AMB PHARMACY SVCS",3336C0003X,tier_1_primary_pharmacy,Y,Y,
1619806122,"HOATC PHARMACY, LLC",1801 SE HILLMOOR DR STE B-107,,PORT ST LUCIE,FL,349527550,8886428208,OWNER,3336C0003X,tier_1_primary_pharmacy,Y,Y,
1114857307,"BOCA RATON REGIONAL HOSPITAL, INC.",800 MEADOWS RD,,BOCA RATON,FL,334862304,7866620828,CEO,3336C0003X|333600000X,tier_1_primary_pharmacy,Y,Y,
1043140064,ICARE PHARMACY LLC,3094 S ORLANDO DR,,SANFORD,FL,327735318,4077665720,OWNER/PHARMACIST IN CHARGE,3336C0004X|3336L0003X|3336M0002X|3336C0003X,tier_1_primary_pharmacy,Y,Y,
1598695157,WEST ATLANTIC PHARMACY INCORPORATED,7495 ATLANTIC AVE STE 206-204,,DELRAY BEACH,FL,334461393,5617062878,PIC/OWNER,333600000X,tier_1_primary_pharmacy,Y,Y,
1598696601,,3465 GALT OCEAN DR STE 203,,FORT LAUDERDALE,FL,333087077,9546835950,MANAGING MEMBER,3336C0003X,tier_1_primary_pharmacy,Y,Y,
1083545263,COMMUNITY HEALTH CENTER OF PINELLAS INC,247 S HUEY AVE,,TARPON SPRINGS,FL,346894205,7276099130,CHIEF REGULATORY OFFICER,3336C0003X,tier_1_primary_pharmacy,Y,Y,
1437081882,"TRENTON MEDICAL CENTER, INC.",922 E CALL ST # 100,,STARKE,FL,320913616,9049664045,CEO,3336C0003X,tier_1_primary_pharmacy,Y,Y,
1457283533,TYJEAN LOGISTICS LLC,10807 NW 9TH CT,,PLANTATION,FL,333247326,3057091332,MANAGER,3336C0003X,tier_1_primary_pharmacy,Y,Y,
1356273437,J 3S ENTERPRIZE LLC,2960 NW 26TH ST,,FORT LAUDERDALE,FL,333112014,3134974206,MANAGER,3336C0003X,tier_1_primary_pharmacy,Y,Y,
1598697625,AMOR HAULING LLC,1219 SW 81ST TER,,NORTH LAUDERDALE,FL,330683536,3213990873,MANAGER,3336C0003X,tier_1_primary_pharmacy,Y,Y,
1366374498,TOP TIER ZONE SERVICES LLC,7620 NW 21ST CT,,SUNRISE,FL,333223942,3213990873,MANAGER,3336C0003X,tier_1_primary_pharmacy,Y,Y,
1124950266,JJ LUX INVESTMENTS LLC,7823 NW 68TH AVE,,TAMARAC,FL,333214984,3213990873,MANAGER,3336C0003X,tier_1_primary_pharmacy,Y,Y,
1497687560,BURKS INVESTMENT & PROPERTIES LLC,2960 NW 26TH ST,,FORT LAUDERDALE,FL,333112014,3057091332,MANAGER,3336C0003X,tier_1_primary_pharmacy,Y,Y,
1932031010,RANKIN SECURITY SERVICES LLC,2821 NW 26TH ST,,FORT LAUDERDALE,FL,333112011,3057091332,MANAGER,3336C0003X,tier_1_primary_pharmacy,Y,Y,
1306778246,"NORTH FLORIDA MEDICAL CENTERS, INC.",1249 STRONG RD,,QUINCY,FL,323515248,8506623820,CEO,3336C0003X,tier_1_primary_pharmacy,Y,Y,
1386576197,JYJ PHARMACY,8756 SW 8TH ST,,MIAMI,FL,331743201,7865344608,OWNER,3336C0003X,tier_1_primary_pharmacy,Y,Y,
1568394393,USA PHARMACEUTICALS ENTERPRISE LLC,3611 1ST ST E STE 920,,BRADENTON,FL,342084432,9418778753,PHARMACY MANAGER,3336C0003X,tier_1_primary_pharmacy,Y,Y,
