npi,organization_name,address_1,address_2,city,state,zip,phone,authorized_official_title,matched_taxonomy_codes,pharmacy_tier,primary_pharmacy_flag,likely_independent,chain_exclusion_match
1801899356,"TOWN DRUG OF HOLLYWOOD, INC",2730 HOLLYWOOD BLVD,,HOLLYWOOD,FL,330204808,9549218696,PRESIDENT,333600000X,tier_1_primary_pharmacy,Y,Y,
1912900226,DNA PHARMACY SERVICES INC,"2151 S. HIGHWAY ALT. A1A, SUITE 1500",THREE PALMS CENTER,JUPITER,FL,33477,5617411191,PIC,333600000X|3336C0004X|3336M0002X|3336C0003X,tier_1_primary_pharmacy,Y,Y,
1386649747,MEDISERV PHARMACY SERVICES LLC,5736 CLARK RD,,SARASOTA,FL,342333302,9419272811,CHIEF OPERATING OFFICER,333600000X,tier_1_primary_pharmacy,Y,Y,
1588669063,BAY STREET PHARMACY INC,7746 BAY ST,,SEBASTIAN,FL,329583427,7725892043,PRESIDENT,3336C0004X|333600000X|3336C0003X,tier_1_primary_pharmacy,Y,Y,
1972508406,"SPECIALTY PHARMACY SERVICES, INC",800 E MELBOURNE AVE,STE B,MELBOURNE,FL,329015549,3219532004,PHARMACIST/ VICE PRESIDENT,333600000X,tier_1_primary_pharmacy,Y,Y,
1568468932,OLSON DRUG CORPORATION,75 S TUTTLE AVE,,SARASOTA,FL,342376329,9413660090,PRESIDENT,3336C0003X,tier_1_primary_pharmacy,Y,Y,
1184620213,ALPHAMEDS PHARMACY,487 E TENNESSEE ST,STE 2,TALLAHASSEE,FL,323017627,8509421992,OWNER MANAGER,333600000X,tier_1_primary_pharmacy,Y,Y,
1609872696,PREMIER PHARMACY LABS,8269 COMMERCIAL WAY,,WEEKI WACHEE,FL,346134511,3525974950,PRESIDENT,333600000X,tier_1_primary_pharmacy,Y,Y,
1124024963,"MY PHARMACY, INC.",15043 S DIXIE HWY,,MIAMI,FL,331767930,3052382474,DIRECT OWNER,333600000X,tier_1_primary_pharmacy,Y,Y,
1598762015,COMMCARE PHARMACY-FTL LLC,855 SW 78TH AVE,STE C100,PLANTATION,FL,333243223,9545686212,C.O.O.,333600000X,tier_1_primary_pharmacy,Y,Y,
1770580292,COMMCARE PHARMACY-WPB LLC,1689 FORUM PL,,WEST PALM BEACH,FL,334012303,5616150564,OFFICE MANAGER,333600000X|3336C0003X|3336S0011X,tier_1_primary_pharmacy,Y,Y,
1528065828,MGM PHARMACY & DISCOUNT CORP,2007 SW 8TH ST,,MIAMI,FL,331353317,3056319642,PRESIDENT,333600000X,tier_1_primary_pharmacy,Y,Y,
1245237502,KELSON DRUG INC,3008 JEFFERSON ST,SUITE B,MARIANNA,FL,324462318,8505262839,"PRESIDENT, PHARMACY MANAGER",3336C0003X,tier_1_primary_pharmacy,Y,Y,
1972500130,CREATIVE PHARMACY SOLUTIONS EAST LLC,7779 STARKEY RD,,SEMINOLE,FL,337774346,7273819799,PRESIDENT/OWNER,3336C0003X|3336C0004X|333600000X,tier_1_primary_pharmacy,Y,Y,
1649277641,"MELROSE PHARMACY, INC.",8744 STATE ROAD 21,,MELROSE,FL,326668809,3524753919,PHARMACIST/OWNER,333600000X,tier_2_secondary_pharmacy,N,Y,
1023015831,SUNRISE PHARMACY & DISCOUNT,4254 W 12TH AVE,,HIALEAH,FL,330124108,7862350555,PRESIDENT,333600000X,tier_1_primary_pharmacy,Y,Y,
1427056142,WINSHIPS PHARMACY INC,721 NORTHLAKE BLVD,,N PALM BEACH,FL,334085281,5618422444,OWNER,333600000X|3336C0003X,tier_1_primary_pharmacy,Y,Y,
1326045097,RX SERVICES CORPORATION,2665 CLEVELAND AVE,#103,FORT MYERS,FL,339015850,2395612757,VICE PRESIDENT PHARMACIST,3336C0003X|3336C0004X|333600000X,tier_1_primary_pharmacy,Y,Y,
1275530180,"MCGAW RX, INC",5326 STEWART ST,,MILTON,FL,325704736,8506233211,PRESIDENT,333600000X|3336C0003X,tier_1_primary_pharmacy,Y,Y,
1376540294,MY PHARMACY OF BIRD ROAD INC,4000 SW 57TH AVE,,MIAMI,FL,331555318,3056668582,PRESIDENT,333600000X|3336C0004X,tier_2_secondary_pharmacy,N,Y,
1124026521,HEALTHLINK PHARMACY LLC,3301 W. WATER AVE,SUITE 101,TAMPA,FL,336142789,8138686800,MANAGING MBR/OWNER,3336C0003X,tier_1_primary_pharmacy,Y,Y,
1710985544,RADIANCE PHARMACY INC.,110 CLEARWATER LARGO RD S,,LARGO,FL,337703233,7275889878,PHARAMCIST/OWNER,3336C0004X|3336C0003X,tier_1_primary_pharmacy,Y,Y,
1710986575,HK PHARMACY INC,4133 UNIVERSITY BLVD S STE 1,,JACKSONVILLE,FL,322164350,9047372216,PRESIDENT,3336C0003X,tier_1_primary_pharmacy,Y,Y,
1710986203,LATO DRUG COMPANY INC,4401 SHERIDAN ST,,HOLLYWOOD,FL,330213513,9549896524,PRESIDENT,3336C0004X|333600000X|3336C0003X,tier_1_primary_pharmacy,Y,Y,
1790785293,TRELLES PHARMACY MANAGEMENT INC.,3501 RIGA BLVD,SUITE 300A,TAMPA,FL,336191333,8136621153,OWNER/PRESIDENT,333600000X,tier_1_primary_pharmacy,Y,Y,
1447250857,BELLEVIEW COMMUNITY PHARMACY,10762 SE US HIGHWAY 441,,BELLEVIEW,FL,344203805,3523474064,OWNER,333600000X|3336C0003X,tier_1_primary_pharmacy,Y,Y,
1467452417,MILTON MEDICAL & DRUG CO INC.,958 ARTHUR GODFREY RD,,MIAMI BEACH,FL,331403307,3055316436,AUTHORIZED OFFICIAL,3336C0003X,tier_1_primary_pharmacy,Y,Y,
1598765570,"BIOPLUS SPECIALTY PHARMACY, INC.",3200 LAKE EMMA RD UNIT 1000,,LAKE MARY,FL,327463358,8557333126,DIRECTOR,3336S0011X|333600000X,tier_1_primary_pharmacy,Y,Y,
1760483572,CHEEK PHARMACY INC,16734 SE 19 HWY,,CROSS CITY,FL,326285020,3524983342,PRES,333600000X|3336C0003X,tier_1_primary_pharmacy,Y,Y,
1104827724,PRIORITY HEALTHCARE PHARMACY INC.,250 TECHNOLOGY PARK,,LAKE MARY,FL,327467115,8008929622,VP OF OPERATIONS,333600000X,tier_1_primary_pharmacy,Y,Y,
1073505954,"DAVID'S PHARMACY, INC.",2302 W DR MARTIN LUTHER KING JR BLVD,,TAMPA,FL,336076406,8138701967,PRESIDENT,333600000X,tier_1_primary_pharmacy,Y,Y,
1225020167,WESTWOOD DISCOUNT PHARMACY INC.,5615 SW 107TH AVE,,MIAMI,FL,331731269,3052799559,PRESIDENT,3336C0003X,tier_1_primary_pharmacy,Y,Y,
1174517452,"BIOPLUS SPECIALTY PHARMACY SERVICES, LLC",376 NORTHLAKE BLVD STE 1008,,ALTAMONTE SPRINGS,FL,327015261,8882920744,VICE PRESIDENT,3336M0002X|333600000X|3336H0001X|3336S0011X,tier_1_primary_pharmacy,Y,Y,
1063406023,"KELSON PHARMACY SERVICES, INC.",4957 SW 74TH CT,,MIAMI,FL,331554471,3053240234,VICE PRESIDENT,333600000X,tier_1_primary_pharmacy,Y,Y,
1326032210,FIVE POINTS PHARMACY,1108 LAKE DR,,COCOA,FL,329228678,3216368433,MGR,3336C0003X|333600000X,tier_1_primary_pharmacy,Y,Y,
1972598738,HANNA PHARMACY LLC,13221 TAMIAMI TRAIL,,NORTH PORT,FL,34287,9414261123,PHARMACY OWNER,333600000X|3336C0003X,tier_1_primary_pharmacy,Y,Y,
1750378394,PHARMA-PLUS DRUG STORE CORP,619 SW 57TH AVE,,MIAMI,FL,331443970,3052623738,PRESIDENT,333600000X,tier_1_primary_pharmacy,Y,Y,
1972592889,LAKE PHARMACY INC,25 MARTIN LUTHER KING JR BLVD,SUITE 3,BELLE GLADE,FL,334304044,5619960200,RPA,333600000X|3336C0003X,tier_1_primary_pharmacy,Y,Y,
1457340077,"GLOBAL PHARMACY SERVICES, INC.",7760 W 20TH AVE,UNIT #8,HIALEAH,FL,330161890,3058277900,PRESIDENT/PHARMACIST,333600000X,tier_1_primary_pharmacy,Y,Y,
1720078595,"HHCS PHARMACY, INC.",3901 E COLONIAL DR,SUITE 'C',ORLANDO,FL,328035245,4078984427,PRESIDENT/CEO,333600000X,tier_2_secondary_pharmacy,N,Y,
1437149218,"CYSTIC FIBROSIS PHARMACY, INC.",3901 E COLONIAL DR,SUITE 'D',ORLANDO,FL,328035245,4078984427,PRESIDENT/CEO,333600000X,tier_2_secondary_pharmacy,N,Y,
1740270099,MOULTRIE PHARMACY INC,3690 US HIGHWAY 1 S,,ST AUGUSTINE,FL,320866498,9047941399,OWNER,333600000X|3336C0004X|3336C0003X,tier_1_primary_pharmacy,Y,Y,
1730170663,LIBERTY HOME PHARMACY CORPORATION,8881 LIBERTY LN,,PORT ST LUCIE,FL,349523477,8778912545,PRESIDENT,333600000X,tier_1_primary_pharmacy,Y,Y,
1023099926,MAJORCA DRUG STORE INC,1823 PONCE DE LEON BLVD,,CORAL GABLES,FL,331344418,3054481757,PRESIDENT,333600000X,tier_2_secondary_pharmacy,N,Y,
1720069313,"ARMENIA PHARMACY, INC.",8338 N ARMENIA AVE,STE B,TAMPA,FL,336042777,8138327574,PRESIDENT,333600000X,tier_1_primary_pharmacy,Y,Y,
1831170299,SUNNY PHARMACY AND DISCOUNT,3960 W 16TH AVE,SUITE 206,HIALEAH,FL,330127029,3052313199,PHARMACY MANAGER,333600000X|3336C0003X,tier_1_primary_pharmacy,Y,Y,
1700869880,MAZAL TOV PHARMACY INC,5582 W FLAGLER ST,,CORAL GABLES,FL,331341066,3052691672,OWNER,3336C0003X,tier_1_primary_pharmacy,Y,Y,
1689657454,GRANDMAS COUNTRY PHARMACY INC,11386 E HIGHWAY 316,,FORT MC COY,FL,321348114,3522360407,PRESIDENT,333600000X|3336C0003X,tier_1_primary_pharmacy,Y,Y,
1275516973,FIGUEROA PHARMACY,14449 COUNTRY WALK DR,,MIAMI,FL,331868104,3052540454,STORE MANAGER,333600000X|3336C0003X,tier_1_primary_pharmacy,Y,Y,
1700860020,"MIAMI DOWNTOWN PHARMACY, INC",96 SE 1ST ST,,MIAMI,FL,331311008,3053745076,PRESIDENT,333600000X,tier_1_primary_pharmacy,Y,Y,
1780668087,THE APOTHECARY OF GULFPORT,5802 28TH AVE S,,GULFPORT,FL,337075227,7273213000,OWNER,333600000X,tier_1_primary_pharmacy,Y,Y,
1306820345,"TARARA PHARMACY, INC.",1160 W FLAGLER ST,,MIAMI,FL,331301034,3055457561,PRESIDENT,3336C0003X,tier_1_primary_pharmacy,Y,Y,
1124003728,"CIRCLE 'S' PHARMACY, INC.",323 BACOM POINT RD STE 100,,PAHOKEE,FL,334762102,5619245238,PRESIDENT OWNER,333600000X|3336C0003X,tier_1_primary_pharmacy,Y,Y,
1609851880,"FAITH PHARMACY, INC",575 10TH ST E,,PALMETTO,FL,342214013,9417292021,PHARMACY DIRECTOR,333600000X,tier_1_primary_pharmacy,Y,Y,
1063497972,VERNON DISCOUNT DRUG INC,3248 MAIN ST,,VERNON,FL,324622223,8505352803,OWNER  PHARMACIST,333600000X,tier_1_primary_pharmacy,Y,Y,
1164408860,"DELTONA PHARMACY OF FLORIDA, LLC",25987 S TAMIAMI TRL STE 102,,BONITA SPRINGS,FL,341347807,2393170771,MANAGING MEMBER,333600000X,tier_1_primary_pharmacy,Y,Y,
1689650822,MOST VALUABLE PHARMACY INC,11355 W FRLAGLER STREET,,MIAMI,FL,33174,3052252332,PRESIDENT,3336C0003X,tier_1_primary_pharmacy,Y,Y,
1073590717,"WELAKA PHARMACY, LLC",698 THIRD AVENUE,,WELAKA,FL,321930780,3864679994,V.P.,333600000X,tier_1_primary_pharmacy,Y,Y,
1568449924,ANNS PHARMACY AND DISCOUNT INC,3498 NW 7TH ST,,MIAMI,FL,331254014,3054451200,PRESIDENT,333600000X,tier_1_primary_pharmacy,Y,Y,
1760469043,ECY PHARMACY DISCOUNT INC,7951 SW 40TH ST,SUITE 102,MIAMI,FL,331556752,3052665220,DIRECTOR,333600000X,tier_1_primary_pharmacy,Y,Y,
1972580272,AMERICAN PHARMACY INC,6799 W FLAGLER ST,,MIAMI,FL,331442923,3052610282,PRESIDENT,333600000X,tier_1_primary_pharmacy,Y,Y,
1366420176,"FRANCK'S PHARMACY, INC.",1730 SW 17TH ST,,OCALA,FL,344743523,3526224148,CEO/OWNER,333600000X,tier_1_primary_pharmacy,Y,Y,
1407834294,"FRANCKS PHARMACY, INC.",202 SW 17TH ST,,OCALA,FL,344718138,3526224148,CEO OWNER,333600000X,tier_1_primary_pharmacy,Y,Y,
1558349233,MY PHARMACY OF HOMESTEAD INC,806 N KROME AVE,,HOMESTEAD,FL,330304407,3052476949,OWNER,3336C0004X|3336C0003X|3336H0001X|3336L0003X|3336S0011X|333600000X,tier_1_primary_pharmacy,Y,Y,
1336128396,CAMILLUS PHARMACY LC,10780 W FLAGLER ST,#15,MIAMI,FL,33174,3052213441,VICE PRESIDENT,333600000X,tier_2_secondary_pharmacy,N,Y,
1255301586,ORANGE BELT PHARMACY INC.,112 E NEW YORK AVE,,DELAND,FL,327245504,3867341685,PHARMACY MANAGER,333600000X|3336H0001X|3336C0004X|3336C0003X,tier_1_primary_pharmacy,Y,Y,
1891769089,FLORIDA PHARMACY INC.,5366 W 12TH AVE,,HIALEAH,FL,330123030,3055560061,PRESIDENT,333600000X,tier_2_secondary_pharmacy,N,Y,
1912972639,CORAL WEST PHARMACY,7245 CORAL WAY,,MIAMI,FL,331551401,3052611234,OWNER,333600000X,tier_1_primary_pharmacy,Y,Y,
1073588380,RX EXPRESS PHARMACY OF NAVARRE INC,8986 ORTEGA PARK DR,,NAVARRE,FL,325664141,8509366446,PRESIDENT,3336C0004X|333600000X|3336C0003X,tier_1_primary_pharmacy,Y,Y,
1508831587,"SPECIALTY PHARMACY SERVICES, INC",800 E MELBOURNE AVE,SUITE A,MELBOURNE,FL,329015549,3219532004,VICE PRESIDENT,333600000X,tier_1_primary_pharmacy,Y,Y,
1174599385,MAGIC DOLLAR PHARMACY INC.,1802 E 4TH AVE,,HIALEAH,FL,330103115,3058837126,PRESIDENT,333600000X,tier_1_primary_pharmacy,Y,Y,
1720055775,ENSLEY PHARMACY INC,8814 N PALAFOX ST # C,,PENSACOLA,FL,325343029,8504730428,PRESIDENT,3336C0003X,tier_1_primary_pharmacy,Y,Y,
1609845502,LINTON SQUARE PHARMACY & MEDICAL SUPPLIES INC,1601 S CONGRESS AVE,,DELRAY BEACH,FL,334456368,5612720015,BENEFICIAL OWNER,3336C0004X|333600000X|3336C0003X,tier_1_primary_pharmacy,Y,Y,
1528020633,BROWNINGS PHARMACY AND HEALTH CARE INC,141 E HIBISCUS BLVD,,MELBOURNE,FL,329013102,3217236520,PRESIDENT,333600000X|3336S0011X|3336C0003X,tier_1_primary_pharmacy,Y,Y,
1790747483,RX CARE FOUR LLC,1270 MALABAR RD SE,STE 2,PALM BAY,FL,329073407,3219520656,OWNER,3336C0004X|3336S0011X|333600000X|3336C0003X,tier_1_primary_pharmacy,Y,Y,
1003871492,FAMILY PHYSICIANS RX INC,901 N MIAMI BEACH BLVD STE 1,,NORTH MIAMI BEACH,FL,331623720,3058740072,VP OF HEALTHCARE OPERATIONS,333600000X|3336C0003X,tier_1_primary_pharmacy,Y,Y,
1467419606,APOTHECARY CORPORATION,1089 N COLLIER BLVD,SUITE 409,MARCO ISLAND,FL,341452563,2393943111,OWNER,3336C0003X,tier_1_primary_pharmacy,Y,Y,
1679522635,"MEDASSIST RX,LLC",1209 TECH BLVD,STE 211,TAMPA,FL,336197870,8136204101,OWNER,3336C0003X,tier_1_primary_pharmacy,Y,Y,
1396795688,PEOPLE'S PHARMACY INC,907 SW 87TH AVE,,MIAMI,FL,331743206,3052610777,PRESIDENT,333600000X,tier_1_primary_pharmacy,Y,Y,
1912957127,JR PHARMACY PLLC,2160 WHISPER LAKES BLVD,,ORLANDO,FL,328376762,4074475612,MANAGING MBR,3336C0003X,tier_1_primary_pharmacy,Y,Y,
1134179807,CARIBBEAN PHARMACY INC,1643 SW 32ND AVE,,MIAMI,FL,331451848,3054475173,PRES,333600000X|3336C0003X,tier_1_primary_pharmacy,Y,Y,
1043260714,YPM TOTAL CARE PHARMACY,5050 S FLORIDA AVE,STE 3,LAKELAND,FL,338132510,8636447600,PRESIDENT,3336C0003X,tier_1_primary_pharmacy,Y,Y,
1902857188,"HAVANA PHARMACY, INC.",1209 W FLAGLER ST,,MIAMI,FL,331352419,3053249835,PRESIDENT,333600000X,tier_1_primary_pharmacy,Y,Y,
1346291119,FAMILY PHARMACY CORP,9841 SW 184TH ST,,MIAMI,FL,331576934,3059712374,PRESIDENT,3336C0003X,tier_1_primary_pharmacy,Y,Y,
1063463883,"PINECREST PHARMACY, INC",955 NW 3RD ST,,MIAMI,FL,331281274,3052539191,PRESIDENT,333600000X,tier_1_primary_pharmacy,Y,Y,
1245283423,SEASIDE FAMILY PHARMACY LLC,4075 A1A S,STE 102,ST AUGUSTINE,FL,320806773,9044613299,CO OWNER,333600000X|3336C0003X,tier_1_primary_pharmacy,Y,Y,
1649223793,ESSENCE PHARMACY CORP,1805 NE 164TH ST,,NORTH MIAMI BEACH,FL,331624109,3059483500,PRESIDENT,333600000X|3336C0003X,tier_1_primary_pharmacy,Y,Y,
1396798435,MED EXPRESS PHARMACY CORP,888 NW 27TH AVE,SUITE 4,MIAMI,FL,331253000,3056436800,PRESIDENT,3336C0003X,tier_1_primary_pharmacy,Y,Y,
1043263510,YONG PHARMACY DISCOUNT,2324 SW 67TH AVE,,MIAMI,FL,331551846,7863884990,PRESIDENT,3336C0003X,tier_1_primary_pharmacy,Y,Y,
1063466266,"NEW HORIZON PHARMACY, INC,",3606-2 EMERSON ST,,JACKSONVILLE,FL,322075641,9043982881,OWNER,3336C0003X,tier_1_primary_pharmacy,Y,Y,
1679527881,MIAMI GARDENS PHARMACY INC,7 BARRY RD,,WEST PARK,FL,330235271,9549833777,PRESIDENT,333600000X|3336C0003X,tier_1_primary_pharmacy,Y,Y,
1801840079,ATLANTIC PHARMACY SERVICES INC,4908 SW 72ND AVE,SUITE C,MIAMI,FL,331555548,3056668711,PRESIDENT,3336S0011X|3336C0003X,tier_1_primary_pharmacy,Y,Y,
1841244316,"GARRETT'S PHARMACY SERVICES, INC.",536 E 1ST AVE,,CRESTVIEW,FL,325362505,8506282008,OWNER-PHARMACIST,3336C0003X,tier_1_primary_pharmacy,Y,Y,
1962457796,VILLAGE PHARMACY OF NOKOMIS LLC,1095 TAMIAMI TRL N,STE B,NOKOMIS,FL,342752114,9414888800,MGR,3336C0004X|3336L0003X|3336S0011X|3336C0003X,tier_1_primary_pharmacy,Y,Y,
1871548602,SUPER SAVER PHARMACY #NO 2 LLC,200 PARK PLACE BLVD,,KISSIMMEE,FL,347412344,4078460765,OWNER,3336C0003X,tier_1_primary_pharmacy,Y,Y,
1417902255,BELLEVIEW COMMUNITY PHARMACY,2500 CITRUS BLVD,,LEESBURG,FL,347483063,3527280477,MGR,3336L0003X|3336C0003X,tier_1_primary_pharmacy,Y,Y,
1326094301,PERKINS COMPOUNDING PHARMACY INC,4015 20TH ST,,VERO BEACH,FL,329602403,7729786470,OWNER PHCST,333600000X|3336C0003X,tier_1_primary_pharmacy,Y,Y,
1316993322,FLORIDA SOLUTIONS PHARMACY,1057 W 29TH ST,,HIALEAH,FL,330125061,3058835791,PRESIDENT,333600000X|3336S0011X,tier_1_primary_pharmacy,Y,Y,
1184671414,NANY'S PHARMACY DISCOUNT CORP,11264 SW 137TH AVE,,MIAMI,FL,331864203,3053809050,PRESIDENT,3336C0003X,tier_1_primary_pharmacy,Y,Y,
1790722072,RDS PHARMACY MANAGEMENT INC,111 NW 1ST ST,,MIAMI,FL,331281902,3053745120,PHARMACIST IN CHARGE,3336C0003X,tier_1_primary_pharmacy,Y,Y,
1851338230,"HCI SPECIALTY PHARMACY, LLC",8320 NW 30TH TER,,DORAL,FL,331221915,8663454424,MEMBER,3336H0001X|3336C0003X,tier_1_primary_pharmacy,Y,Y,
1700824885,KINGS RX INC,7410 W BOYNTON BEACH BLVD,STE A4,BOYNTON BEACH,FL,334376156,5617389494,PRESIDENT/PHARMACIST IN CHARGE,3336C0004X|333600000X|3336C0003X,tier_1_primary_pharmacy,Y,Y,
1306884051,"CLERO'S PHARMACY, INC.",11300 NW 87TH CT,SUITE 149,HIALEAH GARDENS,FL,330184586,3058201242,PRESIDENT,333600000X,tier_1_primary_pharmacy,Y,Y,
1427096809,AETNA RX HOME DELIVERY,1600 SW 80TH TER,2ND FLOOR,PLANTATION,FL,333244049,9546932800,"DIR, PHARMACIST IN CHARGE",333600000X|3336M0002X,tier_1_primary_pharmacy,Y,Y,
1811937931,PEOPLES PHARMACY INC.,907 SW 87TH AVE,,MIAMI,FL,331743206,3052610777,PRESIDENT,3336C0003X,tier_1_primary_pharmacy,Y,Y,
1326088725,L&M PHARMACY INC,7040 W PALMETTO PARK RD,SUITE 12,BOCA RATON,FL,334333407,5616202611,PRESIDENT,3336C0003X,tier_2_secondary_pharmacy,N,Y,
1033159892,GUANTANAMO PHARMACY & DISCOUNT INC,1054 W 35TH ST,,HIALEAH,FL,330124928,3058053595,PRESIDENT,333600000X,tier_1_primary_pharmacy,Y,Y,
1578503322,SABY PHARMACY DISCOUNT INC,210 SW 22ND AVE,,MIAMI,FL,331351505,3056439693,OWNER,333600000X|3336C0003X,tier_1_primary_pharmacy,Y,Y,
1487694238,GULF BAY PHARMACY INC,1941 BARBER RD,,SARASOTA,FL,342408303,9413731373,OWNER,333600000X|3336L0003X,tier_1_primary_pharmacy,Y,Y,
1578503223,JOCHYS PHARMACY INC,5858 W 20TH AVE,,HIALEAH,FL,330162603,3055561800,OWNER,333600000X|3336C0003X,tier_1_primary_pharmacy,Y,Y,
1487694139,KIMS FAMILY PHARMACY INC,740 N HIGHWAY 29,,CANTONMENT,FL,325339595,8509685655,PRES REG PHARMACIST AND OWNER,333600000X|3336C0003X,tier_1_primary_pharmacy,Y,Y,
1215978275,SUNSHINE PHARMACY MEDICAL INC,6350 DAVIS BLVD,,NAPLES,FL,341045323,2397757207,OWNER,3336C0003X,tier_1_primary_pharmacy,Y,Y,
1457393993,FCS PHARMACY LLC,951 BROKEN SOUND PKWY,SUITE 252,BOCA RATON,FL,334873507,8002237151,PRESIDENT,333600000X,tier_1_primary_pharmacy,Y,Y,
1740223593,"STA AMALIA PHARMACY, INC.",2170 NW 7TH ST,,MIAMI,FL,331253425,3056318330,PRESIDENT,333600000X|3336C0003X,tier_1_primary_pharmacy,Y,Y,
1588606362,MELI PHARMACY AND SUPPLIES,1432 E 4TH AVE,,HIALEAH,FL,330103528,3058637211,OWNER/PRESIDENT,3336C0003X,tier_1_primary_pharmacy,Y,Y,
1750324539,EVENECER PHARMACY INC,441 NW 12TH AVE,,MIAMI,FL,331281020,3053249395,PHCY CONSULTANT,333600000X|3336C0003X,tier_1_primary_pharmacy,Y,Y,
1831132117,EXPRESS CARE PHARMACY,117 S STATE RD 7,,ROYAL PALM BEACH,FL,33411,5617911115,PRESIDENT,333600000X|3336C0003X|3336L0003X,tier_1_primary_pharmacy,Y,Y,
1376588806,HOBBS PHARMACY UNITED INCORPORATED,135 N BANANA RIVER DR,,MERRITT ISLAND,FL,329522546,3214525058,PRESIDENT,333600000X|3336L0003X,tier_1_primary_pharmacy,Y,Y,
1285679712,EASTSIDE PHARMACY,818 A PHILIP RANDOLPH BLVD,,JACKSONVILLE,FL,322065776,9043538500,MANAGER,333600000X|3336C0003X,tier_1_primary_pharmacy,Y,Y,
1235174400,WESTLAB PHARMACY INC,4410 W NEWBERRY RD,STE A5,GAINESVILLE,FL,326075200,3523738111,OWNER AND MGR,3336C0004X|333600000X|3336C0003X,tier_1_primary_pharmacy,Y,Y,
1447295621,WELLINGTON DISCOUNT PHARMACY,9312 FOREST HILL BLVD,,WELLINGTON,FL,334116577,5617954400,PRES,333600000X|3336C0003X|3336C0002X|3336C0004X,tier_1_primary_pharmacy,Y,Y,
1265477442,RX FC INC,5336 26TH ST W,,BRADENTON,FL,342073011,9417562213,PRESIDENT,3336C0003X,tier_1_primary_pharmacy,Y,Y,
1073558250,BURKLOW PHARMACY INC,4880 WOODBINE RD,,PACE,FL,325718762,8509959999,"PRESIDENT, PIC",333600000X|3336C0004X|3336C0003X,tier_1_primary_pharmacy,Y,Y,
1982649166,RX CARE PHARMACY,6991 NW 82ND AVE,STE 12,MIAMI,FL,331662776,3054184541,CONTROLLER,333600000X|3336C0003X|3336S0011X,tier_1_primary_pharmacy,Y,Y,
1245275452,MEDIPHARM RX INC,4607 N CLARK AVE,,TAMPA,FL,336147038,8138760881,CHIEF PHARMACIST,3336C0003X|3336L0003X|3336M0002X|3336I0012X,tier_1_primary_pharmacy,Y,Y,
1720023047,RXPERT PHARMACY LLC,2177 KINGSLEY AVE,,ORANGE PARK,FL,320735199,9042721690,COO,333600000X|3336C0003X,tier_1_primary_pharmacy,Y,Y,
1326083692,YOMY PHARMACY DISCOUNT INC,8239 BIRD RD,,MIAMI,FL,331553334,3052079686,PRESIDENT,3336C0003X,tier_1_primary_pharmacy,Y,Y,
1144265380,EXTRA CARE PHARMACY INC,2001 E FLETCHER AVE,STE 101,TAMPA,FL,336123707,8135589300,PRESIDENT,333600000X|3336C0003X,tier_1_primary_pharmacy,Y,Y,
1053356113,HILLMOOR PLAZA PHARMACY INC,9312 FOREST HILL BLVD,,WELLINGTON,FL,334116577,5617536768,CEO,3336H0001X|3336C0003X,tier_1_primary_pharmacy,Y,Y,
1255377735,AZALIA'S PHARMACY & DISCOUNT INC.,428 E 49TH ST,,HIALEAH,FL,330131868,3056859556,OWNER/ PHARMACY TECH,3336C0003X,tier_1_primary_pharmacy,Y,Y,
1386680908,VINTAGE PHARMACY LLC,104 S OLD DIXIE HWY,,LADY LAKE,FL,321594349,3527516895,OWNER AND PRESIDENT,3336C0004X|3336L0003X|3336H0001X|3336S0011X|333600000X|3336C0003X,tier_1_primary_pharmacy,Y,Y,
1811933450,PHARMACY MEDICAL SERVICES INC,201 NW 70TH AVE,SUITE D-E,PLANTATION,FL,333172369,9546411448,OWNER AND PRESIDENT,3336C0002X|333600000X|3336C0003X,tier_1_primary_pharmacy,Y,Y,
1275579815,"HEALTHNET PHARMACY SERVICES, INC.",15518 NW 77TH CT,,MIAMI LAKES,FL,330165804,3058233461,OWNER PHARMACIST,333600000X|3336C0003X|3336L0003X,tier_1_primary_pharmacy,Y,Y,
1750327219,RX ADVANTAGE INC,2256 W NINE MILE RD STE B,,PENSACOLA,FL,325349471,8504787923,COO,333600000X|3336L0003X,tier_1_primary_pharmacy,Y,Y,
1669418125,SCOTTS PHARMACY LLC,6505 HIGHWAY 29 N,,MOLINO,FL,325775276,8505872511,"OWNER, PIC",333600000X|3336C0003X,tier_1_primary_pharmacy,Y,Y,
1487690947,CENTRAL FLORIDA PHARMACY INC,2464 E MICHIGAN ST,,ORLANDO,FL,328065059,4078988382,PHARMACY MANAGER OWNER,333600000X|3336C0003X|3336H0001X,tier_1_primary_pharmacy,Y,Y,
1578599296,SAVEON RX INC,3350 NW BOCA RATON BLVD,SUITE A 38,BOCA RATON,FL,334316657,5614176626,PRESIDENT,333600000X|3336C0003X|3336L0003X,tier_1_primary_pharmacy,Y,Y,
1225064710,A B PHARMACY INC,1956 W FLAGLER ST,,MIAMI,FL,331351615,3056492180,MANAGER,3336C0003X,tier_1_primary_pharmacy,Y,Y,
1184651416,"DUBLIN PHARMACY & DISCOUNT, INC",491 HIALEAH DR,2,HIALEAH,FL,330105335,3058880292,PRESIDENT,3336C0003X,tier_1_primary_pharmacy,Y,Y,
1770511768,"1,2,3 PHARMACY & DOLLAR, INC.",1987 W FLAGLER ST,,MIAMI,FL,331351614,3056448007,PRESIDENT,3336C0003X,tier_1_primary_pharmacy,Y,Y,
1912935925,PHARMACY ONE INC,2505 NW 54TH ST,,MIAMI,FL,331422947,3056378311,PIC,333600000X|3336C0003X,tier_1_primary_pharmacy,Y,Y,
1629006291,"LEAVITT PHARMACY, LLC",187 SABAL PALM DR,SUITE 102,LONGWOOD,FL,327792595,4074782799,TREASURER / SECRETARY,3336C0003X,tier_1_primary_pharmacy,Y,Y,
1679502728,"RR PHARMACY, INC.",3750 W 16TH AVE,SUITE 100,HIALEAH,FL,330124654,3058268674,PRESIDENT,333600000X,tier_1_primary_pharmacy,Y,Y,
1336178243,"PDI PHARMACY SERVICES, INC.",6405 CONGRESS AVE.,SUITE 140,BOCA RATON,FL,334872861,5619970330,PRESIDENT,3336H0001X|3336S0011X|3336C0003X,tier_2_secondary_pharmacy,N,Y,
1922037670,PARADISE PHARMACY INC,13339 SW 42 ST,,MIAMI,FL,33175,3052074888,PRESIDENT,3336C0003X,tier_1_primary_pharmacy,Y,Y,
1689604621,MABELEX INC D/BA/ INTERNATIONAL GARDENS PHARMACY,12610 SW 8TH ST,,MIAMI,FL,331841424,3055536327,PRESIDENT,3336C0003X,tier_1_primary_pharmacy,Y,Y,
1023048071,JACKSON PHARMACY LLC,940 SW 87 AVE,,MIAMI,FL,33144,3054030210,PRESIDENT,3336C0003X,tier_1_primary_pharmacy,Y,Y,
1992738421,P&P PHARMACY INC.,8381 SW 40TH ST,,MIAMI,FL,331553353,3055510760,PRESIDENT,333600000X,tier_1_primary_pharmacy,Y,Y,
1205869914,RAYMOND PHARMACY CORP,15740 SW 72ND ST,,MIAMI,FL,331935060,3057525377,REPRESENTATIVE,3336C0003X,tier_1_primary_pharmacy,Y,Y,
1316970957,"UNLIMITED RX, LLC",503 E 1ST ST,,SANFORD,FL,327711409,4073236413,OWNER,333600000X|3336C0003X,tier_1_primary_pharmacy,Y,Y,
1891728580,"METCARE RX ORMOND BEACH PHARMACEUTICAL SERVICES, LLC",1200 W GRANADA BLVD,SUITE 5,ORMOND BEACH,FL,321748156,3866732210,SENIOR VP CORPORATE REVENUE,3336C0003X,tier_1_primary_pharmacy,Y,Y,
1528091212,G & G PHARMACY INC,9724 SW 24 ST,,MIAMI,FL,33165,3052254452,PRESIDENT,333600000X,tier_1_primary_pharmacy,Y,Y,
1669405239,PHARMACY CORPORATION OF AMERICA,2200 TALL PINES DR,SUITE 118,LARGO,FL,337715341,7275249333,SECRETARY,333600000X|3336L0003X,tier_1_primary_pharmacy,Y,Y,
1013940683,PHARMACY CORPORATION OF AMERICA,1950 COMMONWEALTH LN,,TALLAHASSEE,FL,323033196,8505046262,SECRETARY,333600000X|3336C0003X|3336L0003X,tier_1_primary_pharmacy,Y,Y,
1962435156,"CENTER CITY PHARMACY, INC",416 CLEMATIS ST,,WEST PALM BEACH,FL,33401,5618057135,OWNER/RPH,3336C0003X,tier_1_primary_pharmacy,Y,Y,
1285667584,"PDI PHARMACY SERVICES OF JUPITER, INC.",1001 JUPITER PARK DR.,SUITE #128,JUPITER,FL,334588971,5617458338,PRESIDENT,3336C0003X|3336H0001X|3336S0011X,tier_2_secondary_pharmacy,N,Y,
1205860277,BELL PHARMACY,4377 W 16TH AVE,,HIALEAH,FL,330127628,3058218388,PRESIDENT,3336C0003X,tier_2_secondary_pharmacy,N,Y,
1346274297,LOS PALACIOS MEDICAL SUPPLIES AND PHARMACY,4213 E 4TH AVE,,HIALEAH,FL,330132305,3056880644,OWNER,333600000X|3336C0003X,tier_1_primary_pharmacy,Y,Y,
1912931171,PALMETTO BAY PHARMACY CORP,17035 S DIXIE HWY,,PALMETTO BAY,FL,331574362,3059692492,PRESIDENT,3336C0003X,tier_1_primary_pharmacy,Y,Y,
1073547287,"LIDDY'S PHARMACY, LLC",4204 S FLORIDA AVE STE E,,LAKELAND,FL,338131669,8636479899,OWNER,3336C0003X,tier_1_primary_pharmacy,Y,Y,
1023043684,PHARMACY ASSOCIATES LLC,6110 W ATLANTIC AVE,UNIT C,DELRAY BEACH,FL,334848405,5614997500,OWNER,3336C0003X,tier_1_primary_pharmacy,Y,Y,
1972528453,"CENTERWELL PHARMACY, INC.",1500 E HILLSBORO BLVD,,DEERFIELD BEACH,FL,334414355,9545705943,VP,3336C0002X|3336C0003X,tier_1_primary_pharmacy,Y,Y,
1417972993,"CENTERWELL PHARMACY, INC.",4601 N CONGRESS AVE,,WEST PALM BEACH,FL,334073228,5618811539,VP,3336C0002X|3336C0003X,tier_1_primary_pharmacy,Y,Y,
1235154717,"CENTERWELL PHARMACY, INC.",7031 WASHINGTON AVE,,LANTANA,FL,334625201,5615856911,VP,3336C0002X|3336C0003X,tier_1_primary_pharmacy,Y,Y,
1235154725,"CENTERWELL PHARMACY, INC.",1651 S CONGRESS AVE,,WEST PALM BEACH,FL,334065903,5619661052,VP,333600000X|3336C0003X,tier_1_primary_pharmacy,Y,Y,
1144245630,"CENTERWELL PHARMACY, INC.",5350 ATLANTIC AVE STE 101,,DELRAY BEACH,FL,334848112,5614966032,VP,3336C0002X|3336C0003X,tier_1_primary_pharmacy,Y,Y,
1962427450,"CENTERWELL PHARMACY, INC.",301 NW 84TH AVE,,PLANTATION,FL,333241807,9543212682,VP,3336C0002X|3336C0003X,tier_1_primary_pharmacy,Y,Y,
1780609271,"CENTERWELL PHARMACY, INC.",300 ARTHUR GODFREY RD,,MIAMI BEACH,FL,331403637,3055351512,VP,3336C0002X|3336C0003X,tier_1_primary_pharmacy,Y,Y,
1407871999,"CENTERWELL PHARMACY, INC.",9030 KIMBERLY BLVD,,BOCA RATON,FL,334342823,5614705897,VP,3336C0002X|3336C0003X,tier_1_primary_pharmacy,Y,Y,
1851316731,"IDEL PHARMACY, INC",3314 W COLUMBUS DR,,TAMPA,FL,336071801,8138776679,PRESIDENT,3336C0003X,tier_1_primary_pharmacy,Y,Y,
1821013715,HOME CARE PHARMACY OF PALM COAST INC.,6 FLORIDA PARK DR N,SUITE A,PALM COAST,FL,321373890,3864451212,OWNER,3336C0003X,tier_1_primary_pharmacy,Y,Y,
1184649493,"BABY PHARMACY, INC.",6900 WEST 32ND AVE,SUITE #8,HIALEAH,FL,33018,8772207909,PRESIDENT/OWNER,3336C0003X,tier_1_primary_pharmacy,Y,Y,
1679599526,LAKE ONE COMMUNITY PHARMACY INC,4849 LAKE WORTH RD,,GREENACRES,FL,334633461,5614333330,PHCY MGR,333600000X|3336C0003X,tier_1_primary_pharmacy,Y,Y,
1396761854,TREASURE COAST SPECIALTY PHARMACY INC,1114 NE JENSEN BEACH BLVD,,JENSEN BEACH,FL,349574708,7724635316,OWNER AND RPH,3336C0004X|3336C0003X,tier_1_primary_pharmacy,Y,Y,
1053337485,ADVANCED PHARMACY INC,251 PARK BLVD,,MIAMI,FL,331268009,3052645570,OWNER,3336C0003X,tier_2_secondary_pharmacy,N,Y,
1396762720,MEDLINE PHARMACY CORP,7299 W FLAGLER ST,,MIAMI,FL,331442503,3052646323,PRESIDENT,3336C0003X,tier_1_primary_pharmacy,Y,Y,
1386661254,HEALTH-SMART PHARMACY INC.,5809 HIGHWAY 189 N,,BAKER,FL,325312501,8505376266,PRESIDENT,3336C0003X,tier_1_primary_pharmacy,Y,Y,
1518984384,"CESAR PHARMACY, INC.",3947 NW 7TH ST,,MIAMI,FL,331265504,3055417888,PRESIDENT,3336C0003X,tier_1_primary_pharmacy,Y,Y,
1790702165,"D'MED PHARMACY, LLC",7003 N WATERWAY DR,204,MIAMI,FL,331552842,3052619043,PRESIDENT,333600000X,tier_1_primary_pharmacy,Y,Y,
1255358990,EL JARDIN PHARMACY,8361 PINES BLVD,,PEMBROKE PINES,FL,330246607,9542486135,OWNER,3336C0003X,tier_1_primary_pharmacy,Y,Y,
1538187539,"MAYO FAMILY PHARMACY, INC.",294 W MAIN ST,SUITE 1,MAYO,FL,32066,3862943500,PHARMACY MANAGER OWNER,333600000X,tier_2_secondary_pharmacy,N,Y,
1467470336,AKDM RX LLC,1777 NE 163RD ST,,NORTH MIAMI BEACH,FL,331624732,3059470433,PHARMACY MANAGER,3336C0003X,tier_1_primary_pharmacy,Y,Y,
1477572899,MELI PHARMACY & SUPPLIES,1432 E 4TH AVE,,HIALEAH,FL,330103528,3058637211,OWNER,3336C0003X,tier_1_primary_pharmacy,Y,Y,
1053330043,COMMUNITY PHARMACY INC,897 N SUMMIT ST,,CRESCENT CITY,FL,321122109,3866982666,PHARMACIST OWNER,3336C0003X,tier_1_primary_pharmacy,Y,Y,
1528088978,"OUR FAMILY PHARMACY, INC.",9730 SW 184 STREET,,MIAMI,FL,33157,3052356333,PRESIDENT OWNER,3336C0003X,tier_1_primary_pharmacy,Y,Y,
1477573780,K T PHARMACY INC,490 E SUMMERLIN ST,,BARTOW,FL,338304731,8635334102,LEAD PHARMACY TECH  ASST MANAGER,3336C0003X,tier_1_primary_pharmacy,Y,Y,
1881614212,SYNERGY PHARMACY & MEDICAL SUPPLIES,1543 NW 119 ST,,MIAMI,FL,33167,3056881164,VICE PRESIDENT,3336C0003X,tier_2_secondary_pharmacy,N,Y,
1467472704,BAXTER PHARMACY & DISCOUNT,13730 SW 84TH ST,,MIAMI,FL,331834000,3054087290,PRESIDENT,3336C0003X,tier_1_primary_pharmacy,Y,Y,
1487674271,"NORTH FLORIDA PHARMACY OF MAYO, INC",229 WEST MAIN STREET/ BOX 1510,,MAYO,FL,32066,3862943777,CO-OWNER/MANAGER,3336C0003X,tier_1_primary_pharmacy,Y,Y,
1285655019,JACKSON PHARMACY,940 SW 82ND AVE,,MIAMI,FL,331444270,3054030210,PRESIDENT,333600000X,tier_1_primary_pharmacy,Y,Y,
1710908587,LDC PHARMACY INC,9676 NW 25TH ST,,DORAL,FL,331721403,3055134480,PRESIDENT,3336C0003X,tier_2_secondary_pharmacy,N,Y,
1194746149,FOLKLORE PHARMACY DISCOUNT INC,12812 SW 8TH ST,,MIAMI,FL,331841309,3052210726,PRESIDENT,333600000X|3336C0003X,tier_1_primary_pharmacy,Y,Y,
1003837055,SUPER SAVER PHARMACY LLC,9089 BELCHER RD N,,PINELLAS PARK,FL,337824423,7275652299,MANAGER,3336L0003X|3336S0011X|3336C0003X,tier_1_primary_pharmacy,Y,Y,
1821019878,SIGNATURE PHARMACY INC,2304 ALOMA AVE,,WINTER PARK,FL,327923330,4076732222,PRES,333600000X|3336M0002X|3336C0004X|3336C0003X,tier_1_primary_pharmacy,Y,Y,
1730100785,SIGNATURE PHARMACY INC,1200 KUHL AVE,,ORLANDO,FL,328061127,4074269944,OWNER MANAGER,333600000X|3336M0002X|3336C0004X|3336C0003X,tier_1_primary_pharmacy,Y,Y,
1871514828,MG UNIVERSAL PHARMACY INC,4065 E 8TH AVE,,HIALEAH,FL,330132856,3058360071,VP,333600000X|3336C0003X,tier_1_primary_pharmacy,Y,Y,
1780605733,MED CARE RX PHARMACY LLC,933 CLINT MOORE RD,,BOCA RATON,FL,334872802,8004070109,CEO,333600000X|3336C0003X,tier_1_primary_pharmacy,Y,Y,
1407877459,NOBIS PHARMACY,65 NW 167TH ST,,N MIAMI BEACH,FL,331696017,3056529600,PRESIDENT,3336C0003X,tier_1_primary_pharmacy,Y,Y,
1316968365,P AND D PHARMACY DISCOUNT INC,2360 W 68TH ST STE 113-114,,HIALEAH,FL,330165514,3055566672,OWNER,333600000X|3336C0003X,tier_1_primary_pharmacy,Y,Y,
1417978479,DIABETIC CARE RX LLC,3890 PARK CENTRAL BLVD N,,POMPANO BEACH,FL,330642264,8663480441,DIRECTOR OF PHARMACY,333600000X|3336C0003X|3336C0004X|3336M0002X|3336H0001X,tier_1_primary_pharmacy,Y,Y,
1225059207,"CENTERWELL PHARMACY, INC.",4800 LINTON BLVD,STE E311,DELRAY BEACH,FL,334456584,5614991096,VP,3336C0002X|3336C0003X,tier_1_primary_pharmacy,Y,Y,
1649291725,WESTWOOD PHARMACY INC,9101 LAKERIDGE BLVD,STE 10,BOCA RATON,FL,334962181,5614879260,PRESIDENT,3336C0003X,tier_1_primary_pharmacy,Y,Y,
1740203645,A & E PHARMACY DISCOUNT INC,2005 SW 1ST ST,,MIAMI,FL,331351602,3056318391,PRESIDENT,3336C0003X,tier_1_primary_pharmacy,Y,Y,
1427070499,"RENAL PHARMACY SERVICES, LLC",1000 PARK CENTRE BLVD STE 134,,MIAMI,FL,331695373,3056515762,CEO,3336C0003X,tier_1_primary_pharmacy,Y,Y,
1417970898,SYLVESTRE PHARMACY CORP,1268 PALM AVE,,HIALEAH,FL,330103921,3058858888,OWNER,3336L0003X|3336C0003X,tier_1_primary_pharmacy,Y,Y,
1548283815,MORON DRUG AND DISCOUNT CORP,6267 SW 8TH ST,,WEST MIAMI,FL,331444845,3052623334,PRESIDENT,3336C0003X,tier_1_primary_pharmacy,Y,Y,
1639192883,OSAYIN PHARMACY DISCOUNT INC,8210 W FLAGLER ST,STE A,MIAMI,FL,331442028,7866216010,PHRM,3336C0003X,tier_1_primary_pharmacy,Y,Y,
1043233307,LIBERTY PHARMACY,7806 NE 2ND AVE,,MIAMI,FL,331384805,3057627240,PRESIDENT,3336C0003X,tier_1_primary_pharmacy,Y,Y,
1326062928,ANDY'S PHARMACY,7701 W 26 AVE,BAY 5,HIALEAH,FL,33016,3058196786,PRESIDENT,3336C0003X,tier_1_primary_pharmacy,Y,Y,
1376557660,COUNTRY WALK PHARMACY & DISCOUNT INC,1845 NW 17TH AVE,,MIAMI,FL,331252330,3053250301,PRESIDENT,3336C0003X,tier_1_primary_pharmacy,Y,Y,
1821003468,C&P ROMANOS PHARMACY INC,9835 W SAMPLE RD,,CORAL SPRINGS,FL,330654005,9547520050,R.PH.,3336C0003X,tier_1_primary_pharmacy,Y,Y,
1730194374,DEPARTMENT OF HEALTH CENTRAL PHARMACY,104-2 HAMILTON PARK DR.,,TALLAHASSEE,FL,32304,8509229036,CHIEF,3336C0003X|3336M0002X,tier_1_primary_pharmacy,Y,Y,
1356356901,A CHEM RX LLC,12116 CORTEZ BLVD,,BROOKSVILLE,FL,346135514,3525921320,OWNER/MANAGER,333600000X|3336C0003X,tier_1_primary_pharmacy,Y,Y,
1891700472,SILVER STAR PHARMACY LLC,12304 SW 127TH AVE,,MIAMI,FL,331866579,3052598767,PRESIDENT,333600000X|3336C0003X,tier_1_primary_pharmacy,Y,Y,
1538174131,DIPARDI PHARMACY GROUP INC,231 SUNNY ISLES BLVD,,SUNNY ISLES BEACH,FL,331604208,3059476810,PRESIDENT,333600000X|3336C0003X,tier_1_primary_pharmacy,Y,Y,
1447265046,BLUESTAR PHARMACY LLC,7432 SW 48TH ST STE B,,MIAMI,FL,331554496,6056679887,PRESIDENT,333600000X|3336C0003X|3336M0002X,tier_1_primary_pharmacy,Y,Y,
1700891314,ALMENDARES PHARMACY,1840 W 49TH ST STE 106,,HIALEAH,FL,330122948,3058210709,PHARMACY MANGER,333600000X|3336C0003X,tier_1_primary_pharmacy,Y,Y,
1720093339,APOTHECARY SHOP,437 S 11TH ST,,LAKE WALES,FL,338534250,8636761174,PHARMACIST OWNER,333600000X|3336C0003X,tier_1_primary_pharmacy,Y,Y,
1548275159,FT MEADE COMMUNITY PHARMACY INC,107 W BROADWAY ST STE B,,FORT MEADE,FL,338413300,8632859285,OWNER,333600000X|3336C0003X,tier_1_primary_pharmacy,Y,Y,
1366457970,ISABELLA PHARMACY,3180 NW 7TH ST,,MIAMI,FL,331254202,3056460006,SUPERVISOR,333600000X|3336C0003X,tier_1_primary_pharmacy,Y,Y,
1801801410,COUNTRY WALK PHARMACY,1845 NW 17TH AVE,,MIAMI,FL,331252330,3053250301,ADMIN,333600000X|3336C0003X,tier_1_primary_pharmacy,Y,Y,
1831104298,"TERESITA PHARMACY & DISCOUNT, INC.",2839 NW 7TH ST,,MIAMI,FL,331254303,3056446611,PRESIDENT,3336C0003X,tier_1_primary_pharmacy,Y,Y,
1225044134,MAJORCA DRUG STORE,1823 PONCE DE LEON BLVD,,CORAL GABLES,FL,331344418,3054481757,PRESIDENT,3336C0003X,tier_1_primary_pharmacy,Y,Y,
1861408338,"PLAZA PHARMACY, INC",4399 NW 124TH AVE,,CORAL SPRINGS,FL,330657634,8777704422,OWNER,3336C0003X,tier_2_secondary_pharmacy,N,Y,
1194731927,COMMUNITY DISCOUNT PHARMACY,1408 SW 6TH ST,,MIAMI,FL,331353809,3058606330,GM,3336C0003X,tier_1_primary_pharmacy,Y,Y,
1386650018,NEBMED PHARMACY,2850 SCHERER DR N,500,SAINT PETERSBURG,FL,337161022,7275929131,PRESIDENT,333600000X,tier_1_primary_pharmacy,Y,Y,
1588671366,HAMMOCKS PHARMACY INC,11801 SW 144TH CT STE 5,,MIAMI,FL,331868650,3053861011,PRESIDENT,3336C0003X,tier_1_primary_pharmacy,Y,Y,
1861409484,CADUCEUS PHARMACY LLC,660 N STATE ROAD 7,SUITE 2,PLANTATION,FL,333172117,9547978077,RPH,3336C0003X,tier_1_primary_pharmacy,Y,Y,
1730197914,EIGHTY EIGHT PHARMACY AND DISCOUNT INC,7471 SW 8TH ST,,MIAMI,FL,331444547,3052648404,PRES,333600000X|3336C0003X,tier_1_primary_pharmacy,Y,Y,
1265441588,"BJS PHARMACY, INC",321 E ATLANTIC AVE,,DELRAY BEACH,FL,334834534,5612766034,RPH.,3336C0003X,tier_1_primary_pharmacy,Y,Y,
1194734038,"NORTH FLORIDA PHARMACY, INC.",3718 W US HIGHWAY 90,,LAKE CITY,FL,320554897,3867559300,OWNER,3336C0003X,tier_1_primary_pharmacy,Y,Y,
1669481586,STEVERSON PHARMACY SERVICES INC,1242 MAIN ST,,CHIPLEY,FL,324282471,8506384875,OWNER PHARMACIST,333600000X|3336L0003X|3336C0003X,tier_1_primary_pharmacy,Y,Y,
1225048036,WOOLLEY'S PHARMACY,3761 TAMIAMI TRL E,,NAPLES,FL,341126215,2397759908,OWNER-PHARMACIST,3336C0003X,tier_1_primary_pharmacy,Y,Y,
1790795581,"NORTH FLORIDA PHARMACY, INC.",347 SW MAIN BLVD,SUITE 102,LAKE CITY,FL,320255262,3867586770,CO-OWNER/VP/PHARMACIST,3336C0003X,tier_1_primary_pharmacy,Y,Y,
1881605426,CIMO PHARMACY,2235 EAGLE PASS RD,,OVIEDO,FL,327659046,4079773622,OWNER,3336C0003X,tier_1_primary_pharmacy,Y,Y,
1316958069,NORTH FLORIDA PHARMACY OF BRANFORD INC,305 SW US HWY 27,,BRANFORD,FL,320082767,3869356905,OWNER AND PHARMACIST,333600000X|3336C0003X,tier_1_primary_pharmacy,Y,Y,
1326059817,"BURRYS PHARMACY, INC.",500 WEBSTER ST,,LEESBURG,FL,347485019,3527873787,PRESIDENT,333600000X|3336C0004X|3336C0003X,tier_1_primary_pharmacy,Y,Y,
1972514511,SOUTH PARK PHARMACY INC,7035 SW 87TH AVE,,MIAMI,FL,331732505,3052713081,PRESIDENT,3336C0003X,tier_1_primary_pharmacy,Y,Y,
1225049869,DMD PHARMACY SERVICES LLC,1804 W HILLSBORO BLVD,,DEERFIELD BEACH,FL,334421402,9544269899,OWNER,3336C0003X,tier_1_primary_pharmacy,Y,Y,
1104837608,WEEKS S PHARMACY LLC,132 STATE HIGHWAY 20 E,,FREEPORT,FL,324393917,8508352028,OWNER PHARMACIST,333600000X|3336C0003X,tier_1_primary_pharmacy,Y,Y,
1245241884,PRIME THERAPEUTICS PHARMACY LLC,6870 SHADOWRIDGE DR,STE 111,ORLANDO,FL,328129002,8665542673,VP & GM SPECIALTY PHARMACY DIST,333600000X|3336S0011X,tier_1_primary_pharmacy,Y,Y,
1154332799,SVS DRUG CO DUFUNIAK SPRINGS FL INC,810 BALDWIN AVE,,DEFUNIAK SPRINGS,FL,324351707,8508927211,PRESIDENT,3336C0003X,tier_1_primary_pharmacy,Y,Y,
1063423606,COMMCARE PHARMACY MIA LLC,1801 CORAL WAY,STE 115,MIAMI,FL,331452790,3058545535,COO,3336C0003X|333600000X|3336S0011X,tier_1_primary_pharmacy,Y,Y,
1659382158,"NORTH FLORIDA PHARMACY OF CHIEFLAND, INC",1100 N YOUNG BLVD,,CHIEFLAND,FL,326261704,3524907700,CO-OWNER,333600000X|3336C0003X,tier_1_primary_pharmacy,Y,Y,
1073524401,"GLOBAL RX OF USA,INC",209 PARK BLVD,,MIAMI,FL,331268009,3052665101,PRESIDENT,3336C0003X,tier_1_primary_pharmacy,Y,Y,
1790797611,BETTER HEALTH PHARMACY INC.,2007 S PARSONS AVE,,SEFFNER,FL,335845207,8136814225,PRESIDENT AND PHARMACY MANAGER,3336C0003X,tier_1_primary_pharmacy,Y,Y,
1972515757,CHELSEA DISCOUNT APOTHECARY INC,312 NEW WARRINGTON ROAD,SUITE 2A,PENSACOLA,FL,325065855,8504757091,OWNER,3336M0002X|3336C0003X,tier_1_primary_pharmacy,Y,Y,
1831102763,AGAPE PHARMACY,120 KING ST,,JACKSONVILLE,FL,322042410,9042531540,DIRTR OF PHCY,3336C0003X|3336C0002X,tier_1_primary_pharmacy,Y,Y,
1285647859,JRM PHARMACY INC,5512 SW 8TH ST,,CORAL GABLES,FL,331342220,3054485958,OWNER,3336C0003X,tier_1_primary_pharmacy,Y,Y,
1699888404,APOTHECARY INC,833 4TH AVE N,,NAPLES,FL,34102,2392622222,SECRETARY,333600000X,tier_1_primary_pharmacy,Y,Y,
1477666956,ISLAND FAMILY PHARMACY INC,"600 PLANTATION ISLAND DR S, UNIT 3",,ST AUGUSTINE,FL,32080,9044611081,PRESIDENT/ PHARMACY MANAGER,3336C0003X,tier_1_primary_pharmacy,Y,Y,
1598878985,CENTRA RX INC,1326 S PINE AVE,,OCALA,FL,344716542,3526298080,PRESIDENT,333600000X|3336L0003X,tier_1_primary_pharmacy,Y,Y,
1750495644,REST ASSURED PHARMACY AND HM CARE,1350 22ND ST S,,ST PETERSBURG,FL,337122744,7278967848,OWNER,3336H0001X|333600000X|3336C0003X,tier_1_primary_pharmacy,Y,Y,
1669586558,J AND J PHARMACY INC,7250 W 24TH AVE,SUITE 10,HIALEAH,FL,330166575,3058280110,ADMIN MANAGER,3336C0003X,tier_1_primary_pharmacy,Y,Y,
1124132196,PROMISE PHARMACY LLC,31818 US 19 N,,PALM HARBOR,FL,346843713,7277720500,OWNER,3336C0004X|3336C0003X,tier_1_primary_pharmacy,Y,Y,
1942314919,J AND A PHARMACY INC,4286 PALM AVE # A,,HIALEAH,FL,330124454,3052313998,VP,3336C0003X,tier_1_primary_pharmacy,Y,Y,
1760596738,A AND J RX LLC,8324 US HIGHWAY 301 N,,PARRISH,FL,342198653,9414797904,OWNER,333600000X|3336C0003X,tier_1_primary_pharmacy,Y,Y,
1861507287,MERIT PHARMACY INC,2464 N STATE ROAD 7,,LAUDERDALE LAKES,FL,333133724,9547394666,PHARMACIST OWNER,333600000X,tier_1_primary_pharmacy,Y,Y,
1750496956,NATURE COAST PHARMACY INC,4662 COMMERCIAL WAY,,SPRING HILL,FL,346061944,3525975757,OWNER,333600000X|3336C0003X|3336L0003X,tier_1_primary_pharmacy,Y,Y,
1528173598,"THE DRUG SHOP, INC.",2040 N 12TH AVE,,PENSACOLA,FL,325035303,8504330031,PHARMACIST,3336C0003X,tier_1_primary_pharmacy,Y,Y,
1134234164,LINCOURT PHARMACY CORP,501 S LINCOLN AVE,STE 10,CLEARWATER,FL,337565945,7274474248,CFO,333600000X|3336C0003X,tier_1_primary_pharmacy,Y,Y,
1124133152,JEN MAR PHARMACY SERVICES INC,7901 N ARMENIA AVE,STE D,TAMPA,FL,336043847,8139369598,OWNER,333600000X|3336C0003X,tier_1_primary_pharmacy,Y,Y,
1518072420,"CACHITA PHARMACY DISCOUNT,INC.",11400 W FLAGLER ST,SUITE 109-110,MIAMI,FL,331744007,3055528282,PRESIDENT,3336C0003X,tier_1_primary_pharmacy,Y,Y,
1790890481,BETA PHARMACY INC,2638 NW 21ST TER,,MIAMI,FL,331427113,3056379719,PRESIDENT,3336C0003X,tier_1_primary_pharmacy,Y,Y,
1700991361,MFN INVESTMENTS DBA: PALM BEACH PHARMACY,4469 S CONGRESS AVE,SUITE # 111,LAKE WORTH,FL,334614749,5614327979,VICE PRESIDENT,3336C0003X,tier_1_primary_pharmacy,Y,Y,
1962518928,SAVERS DRUG MART INC.,200 OCEAN AVE,,MELBOURNE BEACH,FL,329512369,3217255492,MANAGER,333600000X|3336C0003X,tier_1_primary_pharmacy,Y,Y,
1073629713,HILLIARD PHARMACY INC,551770 US HIGHWAY 1,,HILLIARD,FL,320468820,9048453371,PRESIDENT,333600000X|3336C0003X,tier_1_primary_pharmacy,Y,Y,
1194833822,BUNNELL PHARMACY INC,706 E MOODY BLVD,,BUNNELL,FL,321100895,3864373325,OWNER,333600000X|3336C0003X,tier_1_primary_pharmacy,Y,Y,
1407965262,"CRESTVIEW PHARMACY, LLC",1116 N FERDON BLVD,,CRESTVIEW,FL,325361710,8506831111,COO,3336C0003X,tier_1_primary_pharmacy,Y,Y,
1942319629,MEDIC PHARMACY INC,5150 N FEDERAL HWY,,FORT LAUDERDALE,FL,333083814,9544844200,PRESIDENT,333600000X|3336C0003X,tier_1_primary_pharmacy,Y,Y,
1760591960,BOCA PHARMACY SERVICES INC,22191 POWERLINE RD,SUITE 22C,BOCA RATON,FL,334335037,5613916336,PRESIDENT,3336C0003X,tier_1_primary_pharmacy,Y,Y,
1548379647,TAMIAMI DISCOUNT PHARMACY INC,7959 NW 2ND ST,SUITE A,MIAMI,FL,331268000,3052655706,PRESIDENT,3336C0003X,tier_1_primary_pharmacy,Y,Y,
1528178613,LITTLE DRUG CO INCORPORATED,412 CANAL STREET,,NEW SMYRNA BEACH,FL,32168,3864289041,PHARMACIST / PIC,333600000X,tier_1_primary_pharmacy,Y,Y,
1275645103,DMD PHARMACY SERVICES LLC,13460 SW 10TH ST,STE 101,PEMBROKE PINES,FL,330271833,9544500212,PRES,3336C0003X|3336L0003X|3336C0004X|333600000X,tier_1_primary_pharmacy,Y,Y,
1780796615,WELLS SPECIALTY PHARMACY INC,3796 HOWELL BRANCH RD,,WINTER PARK,FL,327921740,4079153360,VP CLINICAL OPERATIONS AND SERVICES,3336C0003X|3336H0001X,tier_1_primary_pharmacy,Y,Y,
1235241175,CENTRAL DAYTONA PHARMACY,1232 8TH ST,,DAYTONA BEACH,FL,321174009,3862383777,DIRECTOR,333600000X|3336C0003X,tier_1_primary_pharmacy,Y,Y,
1184736019,PEOPLE'S PHARMACY INC.,4977 US HWY 98 N,,LAKELAND,FL,33809,8638584444,OWNER,333600000X|3336C0003X|3336L0003X,tier_1_primary_pharmacy,Y,Y,
1891807723,UNIVERSITY PHARMACY INC,500 UNIVERSITY BLVD,STE 108,JUPITER,FL,334582773,5616224088,OWNER PHARMACIST,333600000X|3336C0003X,tier_1_primary_pharmacy,Y,Y,
1427169440,DMD PHARMACY SERVICES LLC,110 CENTURY VILLAGE BLVD,1ST FLOOR,WEST PALM BEACH,FL,33417,5616829400,PRESIDENT,3336C0003X,tier_1_primary_pharmacy,Y,Y,
1427160357,"PROCARE PHARMACY CARE, LLC",2850 N COMMERCE PKWY,,MIRAMAR,FL,330253958,8006620586,CLINICAL PHARMACY MANAGER / PIC,333600000X|3336M0003X|3336S0011X|3336M0002X,tier_1_primary_pharmacy,Y,Y,
1053423988,MADAHIMA PHARMACY INC,8129 W 8TH AVE,,HIALEAH,FL,330143529,3055566060,MANAGER,3336L0003X|333600000X|3336C0003X,tier_1_primary_pharmacy,Y,Y,
1962514802,SKYEMED PHARMACY INC,3664 NE 18TH TER,,POMPANO BEACH,FL,330646654,9544263330,VP,3336H0001X|3336S0011X|3336C0003X,tier_1_primary_pharmacy,Y,Y,
1134231079,THE AFFORDABLE APOTHECARY INC,401 N WICKHAM RD,STE E,MELBOURNE,FL,329358659,3212552660,PRESIDENT,333600000X|3336C0003X,tier_1_primary_pharmacy,Y,Y,
1801998612,"COTO'S PHARMACY, INC.",4982 W 12TH AVE,,HIALEAH,FL,330123115,3058211430,PRESIDENT,3336C0003X,tier_1_primary_pharmacy,Y,Y,
1811099278,PRESCRIPTION CARE PHARMACY,5820 STIRLING RD,,HOLLYWOOD,FL,330211527,9549853999,PHARMACY MANAGER,3336C0003X,tier_1_primary_pharmacy,Y,Y,
1033212006,RX EXPRESS PHARMACY CORP.,12261 SW 129TH CT,,MIAMI,FL,331866442,3052523209,PRESIDENT,333600000X,tier_1_primary_pharmacy,Y,Y,
1851494660,"THE TOWERS PHARMACY, INC",125 BAPTIST WAY,SUITE 1F,PENSACOLA,FL,32503,8504344540,PRESIDENT,3336C0003X,tier_1_primary_pharmacy,Y,Y,
1245333053,"THE TOWERS PHARMACY, INC",9400 UNIVERSITY PKWY,,PENSACOLA,FL,325145752,8502086100,PRESIDENT,3336C0003X,tier_1_primary_pharmacy,Y,Y,
1841393279,HARRISON'S PHARMACY LLC,3333 CURRY FORD RD,,ORLANDO,FL,328063472,4078942373,MGRM,333600000X|3336C0003X,tier_1_primary_pharmacy,Y,Y,
1891899282,LIVE AND LET LIVE DRUG STORE,3520 N W 17 AVE,,MIAMI,FL,331425540,3056355203,PRESIDENT,333600000X,tier_1_primary_pharmacy,Y,Y,
1538263660,JIMENEZ PHARMACY,9160 NW 122ND ST,UNIT #36,HIALEAH GARDENS,FL,330181730,3055584109,PRESIDENT,333600000X,tier_1_primary_pharmacy,Y,Y,
1962506147,G & H PHARMACY INC.,8091 66TH ST N,,PINELLAS PARK,FL,337812108,7272099999,OWNER,333600000X,tier_1_primary_pharmacy,Y,Y,
1295839249,DI MARE PHARMACY INC,5309 SW 8TH ST,,CORAL GABLES,FL,331342269,3054470505,PRESIDENT,3336C0003X,tier_1_primary_pharmacy,Y,Y,
1104920156,HEALTHWISE PHARMACY,2708 W WATERS AVE,,TAMPA,FL,336141837,8139326337,OWNER/PIC/AO,333600000X|3336C0003X,tier_1_primary_pharmacy,Y,Y,
1255435871,POMP PHARMACY LLC,60 NE 1ST ST,,POMPANO BEACH,FL,330606602,9549433111,OWNER,333600000X|3336C0003X,tier_1_primary_pharmacy,Y,Y,
1124123617,"UNION PHARMACY & MEDICAL SUPPLIES, INC.",6462 W FLAGLER ST,,MIAMI,FL,331443009,3052624646,PRESIDENT,3336C0003X,tier_1_primary_pharmacy,Y,Y,
1780789941,"MOULTON'S PHARMACY, INC.",648 N FERDON BLVD,,CRESTVIEW,FL,325362165,8506826136,PRESIDENT,3336C0003X,tier_1_primary_pharmacy,Y,Y,
1922103183,"LEWIS PHARMACY OF THE PALM BECAHES, INC",235 S COUNTY RD,,PALM BEACH,FL,334804294,5616557867,PRESIDENT,3336C0003X,tier_1_primary_pharmacy,Y,Y,
1124123492,BELLE GLADE DISCOUNT PHARMACY,1508 SW AVE E,,BELLE GLADE,FL,33430,5619920508,PRES,333600000X|3336C0003X,tier_1_primary_pharmacy,Y,Y,
1154426070,"SANTA ROSA PHARMACY, INC.",19 TOWN CENTER LOOP,UNIT 1A,SANTA ROSA BEACH,FL,32459,8506223313,PRES.,3336C0003X,tier_1_primary_pharmacy,Y,Y,
1528164779,BITTINGS APOTHECARY INC,619 SE 17TH ST,,OCALA,FL,344714428,3527323666,GM,3336C0003X,tier_2_secondary_pharmacy,N,Y,
1457458994,ADAMS PHARMACY INC,922 OHIO AVE,,LYNN HAVEN,FL,324442354,8502652442,OWNER,3336C0004X|333600000X|3336C0003X,tier_1_primary_pharmacy,Y,Y,
1487751301,SENIOR CARE COMMUNITY PHARMACY INC.,6712 HANLEY ROAD,,TAMPA,FL,33634,8138844090,PRESIDENT,333600000X|3336C0003X,tier_1_primary_pharmacy,Y,Y,
1912005513,"GOLDEN GATE PHARMACY, INC",11669 COLLIER BLVD,,NAPLES,FL,341166530,2394553124,MANAGER,3336C0003X,tier_1_primary_pharmacy,Y,Y,
1558468736,MORRISON'S RX INC,7535 W OAKLAND PARK BLVD,,TAMARAC,FL,333194909,9545785858,OWNER,3336C0003X|333600000X,tier_1_primary_pharmacy,Y,Y,
1669579918,BRADYS PHARMACY INC,6810 STIRLING RD,,HOLLYWOOD,FL,330241842,9549890085,OWNER,333600000X|3336S0011X|3336C0003X,tier_1_primary_pharmacy,Y,Y,
1609973445,MULBERRY PHARMACY INC,1009 N CHURCH AVE,,MULBERRY,FL,338602039,8634251101,OWNER CEO,333600000X|3336C0004X|3336C0003X,tier_1_primary_pharmacy,Y,Y,
1427155266,HIGHLAND PHARMACY INC,1224 S HIGHLAND AVE,,CLEARWATER,FL,337564375,7274462331,CEO,333600000X|3336L0003X|3336C0003X,tier_1_primary_pharmacy,Y,Y,
1336246172,ORLY PHARMACY 2 INC,711 NW 23RD AVE,,MIAMI,FL,331253298,3056424641,VP,3336C0003X|333600000X,tier_1_primary_pharmacy,Y,Y,
1437257466,"JORVIANA MEDICAL SUPPLIES & PHARMACY, INC",435 SOUTH STATE ROAD 7,BAY 12,HOLLYWOOD,FL,33023,9549854211,PRESIDENT,333600000X,tier_1_primary_pharmacy,Y,Y,
1154429181,ROYAL RX PHARMACY INC,4941 E BUSCH BLVD,STE 240,TAMPA,FL,336176056,8139806334,PHARMACY MANAGER,333600000X|3336M0002X|3336C0003X,tier_1_primary_pharmacy,Y,Y,
1235237132,PARK & KING PHARMACY INC,4163 OXFORD AVE,,JACKSONVILLE,FL,322104425,9043896602,OWNER,3336S0011X|3336C0004X|3336C0003X,tier_1_primary_pharmacy,Y,Y,
1598864050,"FRESENIUS MEDICAL CARE PHARMACY SERVICES, INC.",11001 DANKA WAY NORTH,SUITE 2,ST. PETERSBURG,FL,337163724,8009473131,PRESIDENT,3336C0003X,tier_1_primary_pharmacy,Y,Y,
1760581375,CARTERS ORTEGA PHARMACY,2923 CORINTHIAN AVE,,JACKSONVILLE,FL,322104401,9043895558,OWNER,3336C0003X,tier_1_primary_pharmacy,Y,Y,
1053410944,"SOUTHWEST DRUG'S, INC.",10692 SW 24TH ST,,MIAMI,FL,331657917,3052222977,PRESIDENT,3336C0003X,tier_1_primary_pharmacy,Y,Y,
1518067560,HIALEAH PHARMACY INC.,791 W 29TH ST,,HIALEAH,FL,330125605,3058827074,OWNER/PRESIDENT,3336C0003X,tier_1_primary_pharmacy,Y,Y,
1609976919,HARRINGTONS PHARMACY NO 2,1750 SW HEALTH PKWY,STE B,NAPLES,FL,341090420,2395925147,VP CHAIN COMPLIANCE OPS,333600000X|3336C0003X,tier_1_primary_pharmacy,Y,Y,
1518067826,HARRINGTONS PHARMACY NO 1,2675 WINKLER AVE,STE 190,FORT MYERS,FL,339019342,2399393949,VP CHAIN COMPLIANCE OPS,333600000X|3336C0003X,tier_1_primary_pharmacy,Y,Y,
1427158732,HARRINGTONS PHARMACY NO 4,11121 HEALTH PARK BLVD,STE 400,NAPLES,FL,341105739,2395925147,VP OF CHAIN COMPLIANCE,333600000X|3336C0003X,tier_1_primary_pharmacy,Y,Y,
1558461913,MEDIC PHARMACY INC,5150 N FEDERAL HWY STE REAR,,FT LAUDERDALE,FL,333083814,9544844200,PRESIDENT,333600000X|3336L0003X,tier_1_primary_pharmacy,Y,Y,
1225138613,OLYMPO PHARMACY AND DISCOUNT INC,4749 SW 8TH ST,,MIAMI,FL,331342546,3054445477,PRESIDENT,3336C0003X,tier_1_primary_pharmacy,Y,Y,
1184725350,WINN DIXIE PHARMACY,14595 MILITARY TRL,,DELRAY BEACH,FL,334843730,5616372364,STAFF PHARMACY,3336C0003X,tier_1_primary_pharmacy,Y,Y,
1174624365,"GOLDEN PHARMACY,INC",17324 MAIN ST N,,BLOUNTSTOWN,FL,324241763,8506744557,OWNER/PHARMACIST,333600000X,tier_1_primary_pharmacy,Y,Y,
1508967357,"DMD PHARMACY SERVICES,LLC",110 CENTURY BLVD,,WEST PALM BEACH,FL,334172262,5616829400,PRESIDENT,3336C0003X,tier_1_primary_pharmacy,Y,Y,
1548351422,CERVER PHARMACY CORP.,2711 SW 37TH AVE,,COCONUT GROVE,FL,331332727,3054412425,PRESIDENT,3336C0003X,tier_1_primary_pharmacy,Y,Y,
1821189192,"CABANA PHARMACY , INC",119 NW 29TH ST,,MIAMI,FL,331273951,3055738172,OWNER,333600000X,tier_1_primary_pharmacy,Y,Y,
1154413433,JOLIE PHARMACY & DISCOUNT INC.,7209 CORAL WAY,,MIAMI,FL,331551401,3052650030,PRESIDENT,3336C0003X,tier_1_primary_pharmacy,Y,Y,
1134211444,HUMANITARY PHARMACY INC,4152 SW 74TH CT,,MIAMI,FL,331554414,3052636773,OWNER,3336C0003X,tier_1_primary_pharmacy,Y,Y,
1134211345,SEDANOS PHARMACY & DISCOUNT STORE INC,9686 SW 24 ST,,MIAMI,FL,33165,3052266101,PRESIDENT,3336C0003X,tier_1_primary_pharmacy,Y,Y,
1205928413,VISA PHARMACY & DISCOUNT STORE INC,1700 WEST 68 STREET,,HIALEAH,FL,33014,3055563008,PRESIDENT,3336C0003X,tier_1_primary_pharmacy,Y,Y,
1114019320,SPD PHARMACY & DISCOUNT STORE INC,13655 SW 26 STREET,,MIAMI,FL,33175,3052211653,PRESIDENT,3336C0003X,tier_1_primary_pharmacy,Y,Y,
1023100237,METRO PHARMACY & DISCOUNT STORE INC,11865-A SW 26 STREET,,MIAMI,FL,33175,3052270023,PRESIDENT,3336C0003X,tier_1_primary_pharmacy,Y,Y,
1447342662,SAV A LOT PHARMACY LAUDERHILL LLC,5540 W OAKLAND PARK BLVD,,LAUDERHILL,FL,333131412,9547311418,PRESIDENT,3336C0003X,tier_1_primary_pharmacy,Y,Y,
1063504389,DRUG TOWNE INC,7326 ROYAL PALM BLVD,,MARGATE,FL,330636803,9549716900,PRESIDENT,333600000X|3336C0003X,tier_1_primary_pharmacy,Y,Y,
1215029426,REAL HOLDING PHARMACY & DISCOUNT STORE INC,3960 W 12 AVENUE,,HIALEAH,FL,33012,3055563117,PRESIDENT,3336C0003X,tier_1_primary_pharmacy,Y,Y,
1932291143,PALM PHARMACY & DISCOUNT STORE INC,3915 PALM AVENUE,,HIALEAH,FL,33012,3058222210,PRESIDENT,3336C0003X,tier_1_primary_pharmacy,Y,Y,
1841382058,LATIN QUARTER PHARMACY & DISCOUNT STORE INC,1601 W. FLAGLER STREET,,MIAMI,FL,33135,3056439762,PRESIDENT,3336C0003X,tier_1_primary_pharmacy,Y,Y,
1750473963,HYPERDRUG PHARMACY & DISCOUNT STORE INC,6410 NW 186 ST,,MIAMI LAKES,FL,33015,3058253386,PRESIDENT,3336C0003X,tier_1_primary_pharmacy,Y,Y,
1578655783,CORAL REEF PHARMACY & DISCOUNT STORE INC,13796 SW 152 STREET,,MIAMI,FL,33177,3052569800,PRESIDENT,3336C0003X,tier_1_primary_pharmacy,Y,Y,
1396837407,BROWARD PHARMACY & DISCOUNT STORE INC,2323 N 60 AVENUE,,HOLLYWOOD,FL,33021,9549860056,PRESIDENT,3336C0003X,tier_1_primary_pharmacy,Y,Y,
1205928314,GARDENS PHARMACY & DISCOUNT STORE INC,2399 WEST 52 STREET,,HIALEAH,FL,33016,3058224884,PRESIDENT,3336C0003X,tier_1_primary_pharmacy,Y,Y,
1295827301,ULTIMA RX LLC,3900 NW 79TH AVENUE,SUITE 216,DORAL,FL,33166,3055579512,PRESIDENT,3336C0003X,tier_1_primary_pharmacy,Y,Y,
1497847941,"PROSCRIPT PHARMACY SERVICES, INC",3744 SW 64TH AVE,,DAVIE,FL,333142410,9547975041,PRESIDENT,3336C0003X|3336S0011X|333600000X,tier_1_primary_pharmacy,Y,Y,
1801989298,LUIS PHARMACY INC,3601 SW 8TH ST,,MIAMI,FL,331354111,3054455393,PRESIDENT AND CEO,333600000X,tier_1_primary_pharmacy,Y,Y,
1679666010,RONNY RAMIREZ RX CORP,3105 NW 107TH AVE STE 102,STE 102,DORAL,FL,331722215,3056299891,OWNER,333600000X|3336C0003X,tier_1_primary_pharmacy,Y,Y,
1396838736,RXPERT COMMUNITY PHARMACY,4239 SUNBEAM RD,STE 1,JACKSONVILLE,FL,322578849,9044481713,PHARMACY MANAGER,333600000X|3336C0003X,tier_1_primary_pharmacy,Y,Y,
1114010550,CAREPOINT PHARMACY INC,1400 HAND AVE,STE O,ORMOND BEACH,FL,321748194,3866719476,OWNER,333600000X|3336C0003X,tier_1_primary_pharmacy,Y,Y,
1790879112,ISABELLA PHARMACY AND DISCOUNT,3180 NW 7 STREET,,MIAMI,FL,331254202,3056460006,PRESIDENT,3336C0003X,tier_1_primary_pharmacy,Y,Y,
1417040486,POLK CITY PHARMACY INC,108 N COMMONWEALTH AVE,,POLK CITY,FL,338689506,8639843427,OWNER PHARMACIST,333600000X|3336C0003X,tier_1_primary_pharmacy,Y,Y,
1245323492,RAYNORS PHARMACY INC,698 F W MACCLENNY AVE,STE F,MACCLENNY,FL,32063,9042593261,OWNER,333600000X|3336C0003X,tier_2_secondary_pharmacy,N,Y,
1508959297,SETON PHARMACY INC,2300 PARK AVENUE,SUITE 100,ORANGE PARK,FL,320735572,9042152780,CEO,3336C0003X,tier_1_primary_pharmacy,Y,Y,
1760575542,WEST COAST PHARMACY LLC,8439 N FLORIDA AVE,,TAMPA,FL,336043034,8139328380,PIC,333600000X|3336C0003X,tier_1_primary_pharmacy,Y,Y,
1639262280,"BAY PHARMACY, INC.",2 EAST MAGNOLIA AVENUE,,EUSTIS,FL,32726,3523574341,PRESIDENT,3336C0004X|3336C0003X,tier_1_primary_pharmacy,Y,Y,
1376636050,CMS PHARMACY INC,327 E HALLANDALE BEACH BLVD,,HALLANDALE BEACH,FL,33009,9544540052,PRESIDENT,3336C0003X,tier_1_primary_pharmacy,Y,Y,
1255424966,RAPID-MED PHARMACY INC,161 NW 29TH ST,,MIAMI,FL,331273929,3055715121,PRESIDENT,3336C0003X,tier_1_primary_pharmacy,Y,Y,
1295829638,"BAY PHARMACY, INC.",2 E MAGNOLIA AVE,,EUSTIS,FL,327263417,3523574341,PRESIDENT,3336C0003X,tier_1_primary_pharmacy,Y,Y,
1477647881,MNC RX INC,5827 LAKE WORTH RD,,GREENACRES,FL,334633209,5615148677,SECRETARY,3336C0003X,tier_2_secondary_pharmacy,N,Y,
1659465342,"MARTINEZ DRUG STORE, INC.",874 E 41 STREET,,HIALEAH,FL,33013,3056930441,PRESIDENT,3336C0003X,tier_1_primary_pharmacy,Y,Y,
1437243011,FEMY DRUG CORP.,9884 SW 40 ST.,,MIAMI,FL,331653912,3052214711,PRESIDENT,3336C0003X,tier_1_primary_pharmacy,Y,Y,
1508951443,PHARMACY CARE INC,1905 N ANDREWS AVE,,FORT LAUDERDALE,FL,333113914,9545638407,OWNER,333600000X|3336C0003X,tier_1_primary_pharmacy,Y,Y,
1437245990,"CONSOLIDATED PHARMACY SERVICES, INC",2651 PARK STREET,,JACKSONVILLE,FL,322044519,9043872448,SYSTEM COO,3336L0003X|3336C0003X,tier_1_primary_pharmacy,Y,Y,
1013002146,ST. JOHNS DRUG STORE,5633 SW 8 ST,,MIAMI,FL,33134,3052610066,PRESIDENT,3336C0003X,tier_1_primary_pharmacy,Y,Y,
1912093691,CAMILLUS PHARMACY,10780 W FLAGLER ST STE 15,,MIAMI,FL,331744403,3052213441,MANAGER,3336C0003X,tier_1_primary_pharmacy,Y,Y,
1982790614,STAR PHARMACY DISCOUNT INC,357 EAST 1 AVE,,HIALEAH,FL,33010,3058873997,PRESIDENT,3336C0003X,tier_1_primary_pharmacy,Y,Y,
1124114210,ORLANDO PHARMACY INC,2909 N ORANGE AVE STE 112,,ORLANDO,FL,328044639,4078981331,PRESIDENT,333600000X|3336C0003X,tier_1_primary_pharmacy,Y,Y,
1508952524,"BAY PHARMACY, INC.",710 N BAY ST,,EUSTIS,FL,327262940,3523575485,PRESIDENT,3336C0003X,tier_1_primary_pharmacy,Y,Y,
1578650974,AMJ RX INC,2804 N UNIVERSITY DR,,SUNRISE,FL,333222450,9547465890,VICE PRESIDENT,3336C0003X,tier_1_primary_pharmacy,Y,Y,
1629165816,KARE PHARMACY INC,600 W HILLSBORO BLVD,SUITE 300,DEERFIELD BEACH,FL,334411609,9543808232,OWNER,3336C0003X,tier_1_primary_pharmacy,Y,Y,
1538256722,ARIGUANABO PHARMACY INC,5755 W FLAGLER ST,STE 110,MIAMI,FL,331443441,3052643122,OWNER/MANAGER,333600000X|3336C0003X,tier_1_primary_pharmacy,Y,Y,
1265529457,DRUG SHOPPE INC,4060 N ARMENIA AVE,,TAMPA,FL,336071002,8138703939,OWNER,3336C0003X,tier_1_primary_pharmacy,Y,Y,
1609964907,SOUTH PHARMACY INC,4315 NW 7TH ST STE 20,,MIAMI,FL,331263562,3054486300,PRESIDENT,3336C0003X,tier_1_primary_pharmacy,Y,Y,
1720177132,NICANOR PHARMACY INC,1003 W FLAGLER ST,,MIAMI,FL,331301031,3053245020,PRESIDENT,333600000X,tier_1_primary_pharmacy,Y,Y,
1235228651,MORON DRUG & DISCOUNT,6267 SW 8TH ST,,WEST MIAMI,FL,331444845,3052620225,OWNER,333600000X,tier_1_primary_pharmacy,Y,Y,
1932298619,E & T PHARMACY LLC,3111 45TH ST STE 3,,WEST PALM BEACH,FL,334071981,5616831095,PHCY MANAGER,3336C0003X|333600000X|3336C0004X,tier_1_primary_pharmacy,Y,Y,
1053400606,JOHNSONS PHARMACY LLC,219 N WAUKESHA ST,,BONIFAY,FL,324252245,8505472163,PHARMD/OWNER,333600000X|3336C0003X,tier_1_primary_pharmacy,Y,Y,
1962591511,THE BOCA APOTHECARY,5458 TOWN CENTER RD,STE 12,BOCA RATON,FL,334861089,5613686161,OWNER,333600000X|3336C0003X,tier_1_primary_pharmacy,Y,Y,
1629158829,"TUDELA PHARMACY, INC.",10981 SW 40TH ST,,MIAMI,FL,331654412,3052234841,OWNER / PRESIDENT,333600000X,tier_1_primary_pharmacy,Y,Y,
1326128075,DI MARE PHARMACY INC,5309 SW 8TH ST,,CORAL GABLES,FL,331342269,3054470505,PRESIDENT,3336C0003X,tier_1_primary_pharmacy,Y,Y,
1629158100,"CYPRESS CENTER PHARMACY, INC.",2912 OCEAN DR,,VERO BEACH,FL,329631949,7722316931,MANAGER,333600000X,tier_1_primary_pharmacy,Y,Y,
1902987365,UNIVERSAL PHARMACY & DISCOUNT,13427 SW 56 STREET,,MIAMI,FL,33175,3052217921,OWNER,333600000X,tier_1_primary_pharmacy,Y,Y,
1225119969,MELISSA PHARMACY DISCOUNT CORP,634 E 9TH ST,,HIALEAH,FL,330104502,3058879591,PRESIDENT,3336C0003X,tier_1_primary_pharmacy,Y,Y,
1356422729,"OLMO PHARMACY,INC",7167 W FLAGLER ST,,MIAMI,FL,331442601,3052695121,PHARMACY MANAGER,3336C0003X|333600000X,tier_1_primary_pharmacy,Y,Y,
1861573842,LAKHANI RX INC,4400 N ANDREWS AVE,,FT LAUDERDALE,FL,333093918,9547761521,OWNER/PRESIDENT,3336C0003X,tier_1_primary_pharmacy,Y,Y,
1407938897,"ONCOLOGY SPECIALTY PHARMACY, LLC",14412 COMMERCE WAY,,MIAMI LAKES,FL,330161508,7865278200,VP OF PHARMACY,333600000X,tier_1_primary_pharmacy,Y,Y,
1043392970,USA SUNSET PHARMACY INC,9783 SW 72ND ST,,MIAMI,FL,331734615,3052713838,SECRETARY,3336C0003X,tier_1_primary_pharmacy,Y,Y,
1134201924,US1 PHARMACY INC,4356 N FEDERAL HWY,,FORT LAUDERDALE,FL,333085208,9543028478,PRESIDENT PHARMACIST,3336C0003X,tier_1_primary_pharmacy,Y,Y,
1952483745,MAI PHARMACY LLC,1821 E COLONIAL DR,,ORLANDO,FL,328034805,4078982055,PHARMACY MANAGER,3336C0003X,tier_1_primary_pharmacy,Y,Y,
1770665564,LAGE PHARMACY INC,3485 W FLAGLER ST STE 200,,MIAMI,FL,331351042,3056493333,PRESIDENT,333600000X|3336C0003X,tier_1_primary_pharmacy,Y,Y,
1508949835,"CENTERWELL PHARMACY, INC.",1200 SW 1ST ST,,MIAMI,FL,331352402,3053266948,VP,3336C0002X|3336C0003X,tier_1_primary_pharmacy,Y,Y,
1326121658,"CENTERWELL PHARMACY, INC.",10401 SW 40TH ST,,MIAMI,FL,331653745,3052219657,VP,3336C0002X|3336C0003X,tier_1_primary_pharmacy,Y,Y,
1689757726,MORTAR & PESTLE PHARMACY INC,12920 SW 119TH ST,,MIAMI,FL,331864506,3056039958,PIC,3336L0003X|3336C0003X,tier_1_primary_pharmacy,Y,Y,
1407930043,"CENTERWELL PHARMACY, INC.",975 W 49TH ST,,HIALEAH,FL,330123412,3055129381,VP,3336C0002X|3336C0003X,tier_1_primary_pharmacy,Y,Y,
1346324472,BARCLAY PHARMACY INC,200 TAMIAMI TRL N,SUITE A,VENICE,FL,342851914,9414842494,PRESIDENT,3336C0004X|333600000X|3336C0003X,tier_1_primary_pharmacy,Y,Y,
1295819142,HEALTHPLUS PHARMACY INC,8820 MIRAMAR PKWY BAY 11,,MIRAMAR,FL,330252732,9544339086,PRESIDENT,333600000X|3336S0011X|3336C0003X,tier_1_primary_pharmacy,Y,Y,
1639253685,SOUTH MIAMI PHARMACY INC,6233 SW 72ND ST,,SOUTH MIAMI,FL,331434804,3056686150,PHARMACIST OWNER,3336C0004X|3336L0003X|3336C0003X,tier_1_primary_pharmacy,Y,Y,
1619051380,CREST PHARMACY INC,8241 SW 124TH ST,,PINECREST,FL,331565900,3052539191,PRESIDENT,3336C0003X,tier_1_primary_pharmacy,Y,Y,
1023192788,LITTLE HORSE RX INC,6487 SW 8TH ST,,WEST MIAMI,FL,331444843,3052610015,PRESIDENT,3336C0003X,tier_1_primary_pharmacy,Y,Y,
1871677542,DAILYS PHARMACY INC,4705 SW 8TH ST,UNIT 2,CORAL GABLES,FL,331342546,3054471284,PRESIDENT,3336C0003X,tier_1_primary_pharmacy,Y,Y,
1356425003,MENDRO PHARMACY INC,1655 W 31ST PL,,HIALEAH,FL,330124505,3058284909,PRESIDENT,3336C0003X,tier_1_primary_pharmacy,Y,Y,
1477639276,PRESIDENT PHARMACY & DISCOUNT INC,11340 QUAIL ROOST DRIVE,,MIAMI,FL,33157,3052358244,OWNER PRESIDENT,3336C0003X,tier_1_primary_pharmacy,Y,Y,
1700962255,RR MEDS PHARMACY INC,2751 N HIAWASSEE RD,,ORLANDO,FL,328183009,4077706077,RPH PRESIDENT,333600000X,tier_1_primary_pharmacy,Y,Y,
1487739215,CYPRESS PHARMACY INC,9451 CYPRESS LAKE DR,,FORT MYERS,FL,339194909,2394817322,OWNER,333600000X|3336C0004X|3336C0003X,tier_1_primary_pharmacy,Y,Y,
1881770139,MELI PHARMACY & SUPPLIES INC,1432 EAST 4TH AVE,,HIALEAH,FL,33010,3058637211,OWNER PRESIDENT,3336C0003X,tier_2_secondary_pharmacy,N,Y,
1720164841,MILAGROS PHARMACY CORPORATION,302 SW 12TH AVE,,MIAMI,FL,331302001,3055410094,PRESIDENT,3336C0003X,tier_1_primary_pharmacy,Y,Y,
1245316272,MY PHARMACY OF BIRD ROAD,4000 SW 57TH AVE,,MIAMI,FL,331555318,3056668582,PRESIDENT,333600000X,tier_2_secondary_pharmacy,N,Y,
1033295993,"OK PHARMACY, INC",2736 SW 137TH AVE,,MIAMI,FL,331756638,3054857712,PRESIDENT,3336C0003X,tier_1_primary_pharmacy,Y,Y,
1780761650,COLLEGE HILL PHARMACY,3503 N 22ND ST,,TAMPA,FL,336051215,8132482767,PHCY MGR,333600000X|3336C0003X,tier_2_secondary_pharmacy,N,Y,
1598842460,CARE FIRST PHARMACY CORP,13795 SW 36TH AVENUE RD,SUITE 5B,OCALA,FL,344736103,3523078487,OWNER PHARMACIST,3336C0003X,tier_1_primary_pharmacy,Y,Y,
1023195187,"LORENZO'S PHARMACY & DISCOUNT, INC.",2800 W 84TH ST,#12,HIALEAH,FL,330184922,3055126073,PRESIDENT,333600000X|3336C0003X,tier_1_primary_pharmacy,Y,Y,
1982781423,CHILDREN AND FAMILIES HOME PHARMACY SERVICES INC,4448 EDGEWATER DR,,ORLANDO,FL,328041216,4075133000,MANAGER OF FINANCIAL SERVICES,333600000X,tier_1_primary_pharmacy,Y,Y,
1215014949,SAN MARTIN'S PHARMACY INC,2255 SW 32ND AVE,,MIAMI,FL,331453177,3054450033,MANAGER,3336C0003X,tier_1_primary_pharmacy,Y,Y,
1508944786,UNION PHARMACY AND MEDICAL SUPPLIES INC.,6456 W FLAGLER ST,,MIAMI,FL,331443009,3052624646,PRESIDENT,3336C0003X,tier_1_primary_pharmacy,Y,Y,
1316026479,EVENECER PHARMACY CORP,441 NW 12TH AVE,,MIAMI,FL,331281020,3053249395,OWNER,3336C0003X,tier_1_primary_pharmacy,Y,Y,
1538248562,"PARK AVENUE PHARMACY, INC.",5440 DOGWOOD DR,,MILTON,FL,325703700,8506232222,OWNER,3336C0003X,tier_1_primary_pharmacy,Y,Y,
1467530873,LIFE EXTENSION PHARMACY INC,5990 N FEDERAL HWY,,FORT LAUDERDALE,FL,333082633,8778779700,PARALEGAL,3336M0002X|3336C0003X,tier_1_primary_pharmacy,Y,Y,
1003995770,BENSON PHARMACY INC,11380 66TH ST,SUITE 138,LARGO,FL,337735531,7275487777,PRESIDENT,3336C0003X|3336L0003X,tier_1_primary_pharmacy,Y,Y,
1912086687,DELRAY SHORES PHARMACY INC,124 NE 5TH AVE,,DELRAY BEACH,FL,33483,5612722124,"PRESIDENT, PIC",3336C0004X|333600000X|3336C0003X,tier_1_primary_pharmacy,Y,Y,
1558430629,MODERN PHARMACY LLC,123 ALTON ROAD,,MIAMI BEACH,FL,331396708,3055313784,"ATTORNEY, COMPLIANCE OFFICER",3336C0003X,tier_1_primary_pharmacy,Y,Y,
1730258385,"OPTIMA RX, INC.",13331 N 56TH ST,,TAMPA,FL,336171161,8139858399,PRESIDENT,3336C0003X,tier_1_primary_pharmacy,Y,Y,
1033288972,"KINGS PHARMACY, INC",2814 N UNIVERSITY DR,,CORAL SPRINGS,FL,330655010,9545757085,PRESIDENT,333600000X,tier_1_primary_pharmacy,Y,Y,
1477622025,CAPE CORAL EXPRESS PHARMACY INC,505 DEL PRADO BLVD N,,CAPE CORAL,FL,339092269,2395748846,PRESIDENT,3336C0003X,tier_1_primary_pharmacy,Y,Y,
1124198916,IDEAL RX PHARMACY INC,823 NW 119TH ST,,NORTH MIAMI,FL,33168,3056874480,PRESIDENT,3336C0003X,tier_1_primary_pharmacy,Y,Y,
1366511602,HOBBS PHARMACY UNITED INCORPORATED,133 N BANANA RIVER DR,,MERRITT ISLAND,FL,329522546,3214520010,OWNER,333600000X|3336H0001X|3336C0004X|3336C0003X,tier_1_primary_pharmacy,Y,Y,
1275604555,"ARTHUR'S ORIGINAL PHARMACY, INC.",5816 N UNIVERSITY DR,,TAMARAC,FL,333214634,9547261911,OWNER,3336C0003X,tier_1_primary_pharmacy,Y,Y,
1871664888,NEWBERRY PHARMACY INC,24220 W NEWBERRY RD,,NEWBERRY,FL,326692211,3524729001,PHARMACIST,3336C0003X,tier_1_primary_pharmacy,Y,Y,
1457423972,PATIENT CARE PHARMACY SERVICES INC,1476 MARKET CIR,UNIT 1,PORT CHARLOTTE,FL,339533876,9412551987,OWNER,333600000X|3336L0003X,tier_1_primary_pharmacy,Y,Y,
1992877112,BRIGHT STAR PHARMACY,2350 W 84TH ST STE 7,,HIALEAH,FL,330165574,7862350696,PRESIDENT,3336C0003X,tier_1_primary_pharmacy,Y,Y,
1962574723,DOUGLAS GARDENS COMMUNITY MENTAL HEALTH CENTER PHARMACY,1680 MERIDIAN AVE,4TH FLOOR,MIAMI BEACH,FL,331392719,3055315341,EXECUTIVE DIRECTOR,3336L0003X|3336C0003X,tier_1_primary_pharmacy,Y,Y,
1790857571,GALEN DRUG INC,9555 SEMINOLE BLVD STE 100,,SEMINOLE,FL,337722524,7275275778,DIRECTOR/PARTNER,3336C0004X|3336L0003X|3336C0003X,tier_1_primary_pharmacy,Y,Y,
1609948488,SUPERIOR PHARMACY OF TEMPLE TERRACE LLC,9780 N 56TH ST STE D,,TEMPLE TERRACE,FL,336175508,8139891351,OWNER,333600000X|3336C0003X,tier_1_primary_pharmacy,Y,Y,
1427120203,HAWA PHARMACY INC,646 S DILLARD ST,,WINTER GARDEN,FL,347873903,4076560081,OWNER PHARMACIST,333600000X|3336C0003X,tier_1_primary_pharmacy,Y,Y,
1578636288,TAMPA RX,206 W ORANGE ST,,DAVENPORT,FL,338373118,9549319212,PRESIDENT   CEO,333600000X,tier_1_primary_pharmacy,Y,Y,
1104990621,OCEAN SIDE PHARMACY,1118 COLONNADES DR,,FT PIERCE,FL,349493063,7724651118,OWNER,333600000X,tier_1_primary_pharmacy,Y,Y,
1346314861,ASAP PHARMACY INC,1361 MAIN ST,,DUNEDIN,FL,346986246,7272818242,PRESIDENT,333600000X|3336C0003X,tier_1_primary_pharmacy,Y,Y,
1639243074,ELSA PHARMACY INC,1802 E 4TH AVE,,HIALEAH,FL,330103115,3056911968,PRESIDENT,333600000X|3336L0003X|3336C0003X,tier_1_primary_pharmacy,Y,Y,
1154495505,"A & E PHARMACY, INC.",923 N NEW WARRINGTON RD,,PENSACOLA,FL,325064250,8504550381,PRESIDENT,3336C0003X,tier_1_primary_pharmacy,Y,Y,
1083789440,ELY'S PHARMACY AND DISCOUNT CORP.,15126 SW 56TH ST,,MIAMI,FL,331854072,3053857770,OWNER-PHARMACIST MANAGER,3336C0003X,tier_1_primary_pharmacy,Y,Y,
1932275690,EAST HILL PHARMACY INC,2899 N 12TH AVE,,PENSACOLA,FL,325034001,8504387568,THIRD PARTY PLAN COORDINATOR,3336C0003X,tier_1_primary_pharmacy,Y,Y,
1679649180,SUPER SAVER PHARMACY #3 LLC,1901 SOUTH JOHN YOUNG PARKWAY,SUITE 101,KISSIMMEE,FL,34741,3212844631,MANAGING MEMBER,333600000X,tier_2_secondary_pharmacy,N,Y,
1285700468,UNIVERSITY OF CENTRAL FLORIDA PHARMACY,4000 CENTRAL FLORIDA BLVD,HEALTH SERVICES BLDG. 127,ORLANDO,FL,328163333,4078236337,PHARMACY MANAGER,3336C0003X,tier_1_primary_pharmacy,Y,Y,
1053487520,ARENAL PHARMACY AND DISCOUNT STORE INC,366 EAST 4TH AVE,,HIALEAH,FL,33010,3058832277,PRESIDENT,333600000X|3336C0003X,tier_1_primary_pharmacy,Y,Y,
1710053731,SAN ANTONIO PHARMACY INC,1250 NW 7TH STREET,,MIAMI,FL,331253550,3055455595,PRESIDENT,333600000X,tier_1_primary_pharmacy,Y,Y,
1477620110,DESOTO PHARMACY,823 SOUTHERN BLVD,,WEST PALM BEACH,FL,334052529,5618327686,PRESIDENT,333600000X,tier_1_primary_pharmacy,Y,Y,
1942377932,CREATIVE PHARMACY SERVICES INC,9920 NW 27TH AVE,,MIAMI,FL,331472158,3056941852,PHARMACY MANAGER,3336C0003X,tier_1_primary_pharmacy,Y,Y,
1356418503,GOODLUCK PHARMACY INC,15320 NW GAINESVILLE RD,,REDDICK,FL,32686,3525911116,OWNER,3336C0003X,tier_1_primary_pharmacy,Y,Y,
1588732317,NORTH PORT PHARMACY INC,14255 SOUTH TAMIAMI TRAIL,SUITE C,NORTH PORT,FL,34287,9414262800,OWNER PHARMACIST,333600000X|3336C0003X,tier_1_primary_pharmacy,Y,Y,
1114095908,ATLANTIS PHARMACY INC,136 NW 57 AVE,,MIAMI,FL,33126,3052650001,PRESIDENT OWNER,3336C0003X,tier_1_primary_pharmacy,Y,Y,
1720156599,PACIFIC PHARMACY INC,8876 SW 24TH ST # 11,,MIAMI,FL,331652008,3052265463,MANAGER,3336C0003X,tier_1_primary_pharmacy,Y,Y,
1639247513,H&N PHARMACY LLC,217 VALENCIA AVE,,CORAL GABLES,FL,331345905,3054486116,OWNER/PHARMACIST,3336C0003X,tier_1_primary_pharmacy,Y,Y,
1285702084,C & C COMMUNITY PHARMACY INC,927 S. GOLDWYN AVE #111,,ORLANDO,FL,32805,4072956201,OWNER,3336C0003X,tier_1_primary_pharmacy,Y,Y,
1750459020,"PINE HILLS PHARMACY, INC",1210 E COLONIAL DR,SUITE 1,ORLANDO,FL,328034727,4078963434,PRESIDENT,3336C0003X,tier_1_primary_pharmacy,Y,Y,
1386702579,"AIC PHARMACY DISCOUNT, INC",8350 BIRD RD,,MIAMI,FL,331553354,3052255235,PRESIDENT,333600000X,tier_1_primary_pharmacy,Y,Y,
1194893339,RAPIDSCRIPTS PHARMACY INC,777 E 25TH ST,STE 120,HIALEAH,FL,330133825,3056965464,MANAGER,333600000X|3336C0003X,tier_1_primary_pharmacy,Y,Y,
1568530707,SATELLITE DRUGS AND PHARMACY,4105 LITTLE RD,STE 200,NEW PORT RICHEY,FL,346551731,7278157922,PRESIDENT PHCY MGR,333600000X|3336C0003X,tier_1_primary_pharmacy,Y,Y,
1104994342,WAAS DRUG STORE INC,1551 S 14TH ST,STE 1,FERNANDINA BEACH,FL,320341930,9042613171,PRES,333600000X|3336C0003X,tier_1_primary_pharmacy,Y,Y,
1164580817,"J & A PHARMACY, INC.",4286-A PALM AVENUE,,HIALEAH,FL,33012,3052313998,PRESIDENT,3336C0003X,tier_2_secondary_pharmacy,N,Y,
1922166412,"S & G PHARMACY, INC.",2173 W FLAGLER ST,,MIAMI,FL,331351638,3056434391,PRESIDENT,3336C0003X,tier_1_primary_pharmacy,Y,Y,
1033278130,SHARED PHARMACY SERVICES LLC,6149 CHANCELLOR DR,SUITE 2780,ORLANDO,FL,328095680,4072515492,PRESIDENT,3336C0003X|3336L0003X,tier_1_primary_pharmacy,Y,Y,
1760541866,TREASURE ISLAND PHARMACY CARE INC,1630 79TH STREET CSWY,,NORTH BAY VILLAGE,FL,331414132,3058686144,PRESIDENT,333600000X,tier_1_primary_pharmacy,Y,Y,
1285793828,"PALM LAKES PHARMACY, INC.",3300 W 84TH ST,BAY #3,HIALEAH,FL,330184903,3058232885,PRESIDENT,3336C0003X,tier_1_primary_pharmacy,Y,Y,
1245399732,"CENTURY PHARMACY, LLC",7531 MAYO ST,,CENTURY,FL,325352906,8502563472,MANAGING MEMBER,333600000X,tier_2_secondary_pharmacy,N,Y,
1982764114,KIRBY & COMPANY PHARMACY LLC,395 W MAIN ST,STE C,LAKE BUTLER,FL,320541642,3864968099,PHARM,333600000X|3336C0003X,tier_1_primary_pharmacy,Y,Y,
1912068024,CORAL WAY PHARMACY,6965 CORAL WAY,,MIAMI,FL,331551705,3052665177,PRESIDENT-VP-TREASURER,333600000X,tier_1_primary_pharmacy,Y,Y,
1013078567,GLOBAL PHARMACY INC,6501 NW 36TH ST,315,VIRGINIA GARDENS,FL,331666959,7864394556,PRESIDENT,3336C0003X,tier_1_primary_pharmacy,Y,Y,
1003977174,SOUTHPOINT PHARMACY SVCS INC,6817 SOUTHPOINT PKWY,STE 1702,JACKSONVILLE,FL,322166282,9042969145,PRESIDENT,3336C0003X,tier_1_primary_pharmacy,Y,Y,
1942361761,CONDOMINIUM PHARMACY,4790 NW 7TH ST,,MIAMI,FL,331262200,3054481000,TREASURER,333600000X|3336C0003X,tier_1_primary_pharmacy,Y,Y,
1851452676,NORTH BEACHES PHARMACY INC,730 BEACH BLVD STE 104,,JACKSONVILLE,FL,32250,9042415171,"OWNER,PRES,AO",333600000X|3336C0004X|3336C0003X,tier_1_primary_pharmacy,Y,Y,
1881757417,ST GEORGE PHARMACY INC,31201 US HIGHWAY 19 N,,PALM HARBOR,FL,346844480,7277726868,PHARMACY MGR,3336C0004X|3336L0003X|3336C0003X,tier_1_primary_pharmacy,Y,Y,
1134282403,MNC RX INC,5827 LAKE WORTH RD,,GREENACRES,FL,334633209,3054776507,PRESIDENT,3336C0003X,tier_1_primary_pharmacy,Y,Y,
1568525186,NORTH FLORIDA PHARMACY OF KEYSTONE HEIGHTS INC,405 S LAWRENCE BLVD,,KEYSTONE HEIGHTS,FL,326569222,3524782057,PHARMACY MANAGER,3336C0003X,tier_1_primary_pharmacy,Y,Y,
1992869705,UNITED MED PHARMACY,960 NE 62ND ST,,OAKLAND PARK,FL,333344110,9543187575,PRESIDENT,333600000X,tier_1_primary_pharmacy,Y,Y,
1902960552,CAMILLUS PHARMACY LLC,10780 W FLAGLER STREET,SUITE #15,MIAMI,FL,33174,3052213441,MANAGER,3336C0003X,tier_1_primary_pharmacy,Y,Y,
1982769303,KME RX INC,3491 S CONGRESS AVE,BAY 6,PALM SPRINGS,FL,334613021,5614320402,OWNER PHARMACIST,333600000X|3336C0003X,tier_1_primary_pharmacy,Y,Y,
1619032042,FLETCHER DISCOUNT PHARMACY INC,3450 E FLETCHER AVE,STE 140,TAMPA,FL,336134655,8139772013,PRESIDENT,3336C0003X,tier_1_primary_pharmacy,Y,Y,
1699830216,B & B PHARMACY DISCOUNT INC,5595 SW 8TH ST,,CORAL GABLES,FL,331342219,3052642265,PRESIDENT,333600000X,tier_1_primary_pharmacy,Y,Y,
1497810691,LA CARIDAD PHARMACY INC,4041 SW 96TH AVE,,MIAMI,FL,331655104,3052208822,PRESIDENT,333600000X|3336C0003X,tier_1_primary_pharmacy,Y,Y,
1942366927,MAGGY PHARMACY DISCOUNT INC.,1255 W 46TH ST # 5-6,,HIALEAH,FL,330123283,3055572262,OWNER,333600000X,tier_1_primary_pharmacy,Y,Y,
1811053705,PINES DISCOUNT PHARMACY INC,2020 KINGSLEY AVE STE 2B,,ORANGE PARK,FL,320735181,9045277330,PRESIDENT,3336C0003X,tier_1_primary_pharmacy,Y,Y,
1720144611,S AND S PHARMACY INC,9945 TRINITY BLVD,STE 107,TRINITY,FL,346554552,7273767800,PRESIDENT AND PHCY MGR,3336C0003X|3336C0004X,tier_2_secondary_pharmacy,N,Y,
1366508251,POLARIS PHARMACY CORP,10845 SW 40TH ST,,MIAMI,FL,331654410,3054858787,PRESIDENT,333600000X|3336C0003X,tier_1_primary_pharmacy,Y,Y,
1194881599,S & S PHARMACY INC,14973 BRUCE B DOWNS BLVD STE 204,,TAMPA,FL,336132860,8138665000,PRESIDENT AND PHCY MGR,3336C0004X|3336C0003X,tier_1_primary_pharmacy,Y,Y,
1710043187,LOVE PHARMACY,1000 E 4TH AVE,,HIALEAH,FL,330104104,3058853352,PRESIDENT,333600000X|3336C0003X,tier_1_primary_pharmacy,Y,Y,
1841356110,RB COMPOUNDING PHARMACY,2311 SEVEN SPRINGS BLVD,,NEW PORT RICHEY,FL,346553913,7273759500,OWNER,3336C0003X,tier_1_primary_pharmacy,Y,Y,
1750447025,HUNT CLUB PHARMACY,425 S HUNT CLUB BLVD,STE 1001,APOPKA,FL,327034947,4073896094,OWNER,3336C0003X,tier_1_primary_pharmacy,Y,Y,
1669538930,DRUG CENTER INC,1625 PALM AVE,,HIALEAH,FL,330103000,3058877900,VP PHCY MGR,333600000X|3336C0003X,tier_1_primary_pharmacy,Y,Y,
1992862726,JULIO'S PHARMACY INC,2875 W 2ND AVENUE,,HIALEAH,FL,33010,3058840703,PRESIDENT/OWNER,3336C0003X,tier_1_primary_pharmacy,Y,Y,
1518024116,DRUG STORE AND MORE INC,8305 GARDEN RD,SUITE 1-3,WEST PALM BEACH,FL,334041709,5618424456,PHARMACIST,333600000X,tier_1_primary_pharmacy,Y,Y,
1104983899,LAKE WIRE PHARMACY INC,505 MARTIN LUTHER KING JR AVE,SUITE 3,LAKELAND,FL,33815,8636826880,PHARMACY MANAGER,333600000X,tier_1_primary_pharmacy,Y,Y,
1184771164,LA LUZ DRUG STORE INC.,4677 W FLAGLER ST,,CORAL GABLES,FL,331341512,3054433910,OWNER,3336C0003X,tier_1_primary_pharmacy,Y,Y,
1528115813,UNION PHARMACY AND MEDICAL SUPPLIES II,2501 SW 67TH AVE,,MIAMI,FL,331552968,3056618800,PRESIDENT,333600000X|3336I0012X|3336L0003X|3336C0003X,tier_1_primary_pharmacy,Y,Y,
1588713465,MIAMI SPRINGS PHARMACY,45 CURTISS PKWY,,MIAMI SPRINGS,FL,331665218,3058885259,OWNER,3336C0003X,tier_1_primary_pharmacy,Y,Y,
1598814287,PARAMORES PHARMACY INC,4314 5TH AVE,,MARIANNA,FL,324462182,8504823924,OWNER,333600000X|3336C0003X,tier_1_primary_pharmacy,Y,Y,
1841340296,SABY PHARMACY & DISCOUNT INC,210 SW 22ND AVE,,MIAMI,FL,331351505,3056439693,PRESIDENT,3336C0003X,tier_1_primary_pharmacy,Y,Y,
1679623987,CAREPLUS PHARMACY CORP,3020 S COMBEE RD,,LAKELAND,FL,338037306,8636688480,OWNER,333600000X|3336C0003X,tier_1_primary_pharmacy,Y,Y,
1518017359,JENEL PHARMACY INC,3491 E 4TH AVE,,HIALEAH,FL,330133052,3056931104,PRESIDENT,3336C0003X,tier_1_primary_pharmacy,Y,Y,
1457402083,BARCLAY PHARMACY INC.,200 TAMIAMI TRL N STE A,,VENICE,FL,342851914,9414842494,PRES.,3336C0003X,tier_1_primary_pharmacy,Y,Y,
1316098486,ENGLEWOOD SPECIALTY PHARMACY,21234 OLEAN BLVD,SUITE 6,PORT CHARLOTTE,FL,339526752,9412553784,OWNER,3336C0003X,tier_1_primary_pharmacy,Y,Y,
1225180722,"INDIAN RIVER PHARMACY, INC.",3721 10TH CT,,VERO BEACH,FL,329606559,7725672555,PRESIDENT,3336C0003X|3336H0001X,tier_1_primary_pharmacy,Y,Y,
1437201613,SUMMERFIELD PHARMACY,13057 SUMMERFIELD SQUARE DR,,RIVERVIEW,FL,335787402,8132349409,PHARMACY MANAGER,333600000X,tier_1_primary_pharmacy,Y,Y,
1225181670,R B WATSON PHARMACY INC,16 W WALL ST.,,FROSTPROOF,FL,33843,8636354568,OWNER,333600000X|3336C0003X,tier_1_primary_pharmacy,Y,Y,
1093869448,HOLLYWOOD PHARMACY INC,13148 W DIXIE HWY,,NORTH MIAMI,FL,331614131,3058932157,PHCY MGR OWNER,333600000X|3336C0003X,tier_2_secondary_pharmacy,N,Y,
1366597015,"POINTE MED PHARMACY, INC.",1996 KINGSLEY AVE,,ORANGE PARK,FL,320734442,9042721919,PHARMACY MANAGER,3336C0003X|3336C0004X,tier_1_primary_pharmacy,Y,Y,
1346395829,"O'QUINN PHARMACY, INC.",200 N JEFFERSON ST,,PERRY,FL,323472652,8505847692,PRESIDENT,333600000X|3336C0003X,tier_1_primary_pharmacy,Y,Y,
1982759510,"DRUG PLACE, INC",2201 W SAMPLE RD,BLDG 9 SUITE 3A,POMPANO BEACH,FL,330733056,9549902204,VICE PRESIDENT,3336C0003X,tier_1_primary_pharmacy,Y,Y,
1972659472,"JMG PHARMACY, INC",3750 W 16TH AVE,SUITE 100,HIALEAH,FL,330124654,3058222351,PRESIDENT,3336C0003X,tier_1_primary_pharmacy,Y,Y,
1811034119,MALECON PHARMACY INC,5966 W 16TH AVE,,HIALEAH,FL,330126814,3055588551,PRESIDENT,3336S0011X|3336M0003X|333600000X|3336C0003X,tier_1_primary_pharmacy,Y,Y,
1497891006,PIERSON COMMUNITY PHARMACY INC,112 E 1ST AVE,,PIERSON,FL,321803039,3867499557,CONSULTANT,3336L0003X|333600000X|3336C0003X,tier_1_primary_pharmacy,Y,Y,
1306982913,"SUN AND LAKE PHARMACY SERVICES, INC",1231 LAKELAND HILLS BLVD,,LAKELAND,FL,338054673,8636885427,OWNER PHARMACIST,333600000X|3336C0003X,tier_1_primary_pharmacy,Y,Y,
1942346556,CHARLES PHARMACY INC,5987 BERRYHILL RD,,MILTON,FL,325704043,8506236008,PRESIDENT,333600000X|3336C0003X,tier_1_primary_pharmacy,Y,Y,
1114064391,WESTON PHARMACY,54 INDIAN TRCE,,WESTON,FL,333264551,9544466550,PRESIDENT,333600000X,tier_1_primary_pharmacy,Y,Y,
1851438527,DELTONA MEDICAL ARTS PHARMACY INC,921 TOWN CENTER DR STE 100,,ORANGE CITY,FL,327638266,3867747933,PRESIDENT,3336C0004X|333600000X|3336C0003X,tier_1_primary_pharmacy,Y,Y,
1194863944,PUMAR PHARMACY INC,528 SW 109TH AVE,,MIAMI,FL,331741336,3055520166,VICE PRESIDENT,3336C0003X,tier_1_primary_pharmacy,Y,Y,
1275671265,NAPIER PHARMACY INC,7307 N MAIN ST,,JACKSONVILLE,FL,322084123,9047653531,PHARMACIST IN CHARGE,333600000X|3336L0003X|3336C0003X,tier_1_primary_pharmacy,Y,Y,
1316086705,LA REINA PHARMACY INC,455 SW 17 AVE,,MIAMI,FL,33135,3056436676,VP,333600000X,tier_1_primary_pharmacy,Y,Y,
1457499949,BELLAMAR PHARMACY INC,10332 WEST FLAGLER ST,,MIAMI,FL,33174,3052216060,PRESIDENT,333600000X,tier_1_primary_pharmacy,Y,Y,
1235278169,EASTWOOD PHARMACY INC,1605 E PLAZA DRIVE,,TALLAHASSEE,FL,32308,8508777108,PRESIDENT RPH,3336C0003X,tier_1_primary_pharmacy,Y,Y,
1396884342,SACRED HEART OUT PATIENT PHARMACY,5149 N 9TH AVE,STE 1137,PENSACOLA,FL,325048756,8504167137,MANAGER,3336C0004X|3336M0002X|333600000X|3336C0003X,tier_1_primary_pharmacy,Y,Y,
1861532145,"FISHER PHARMACY, INC",688 BALDWIN AVE,,DEFUNIAK SPRINGS,FL,324352596,8508925612,PRESIDENT,3336C0003X,tier_1_primary_pharmacy,Y,Y,
1780724773,STUDENT HEALTH PHARMACY AT THE UNIVERSITY OF FLORIDA,280 FLETCHER DR,,GAINESVILLE,FL,326112038,3523921760,PHARMACY MANAGER,333600000X|3336C0003X,tier_1_primary_pharmacy,Y,Y,
1942340864,WISES DRUG STORE INC,708 SW 4TH AVE,,GAINESVILLE,FL,326016427,3523768286,PRESIDENT,3336C0003X,tier_1_primary_pharmacy,Y,Y,
1063552750,YANIS PHARMACY INC,486 PALM AVE,,HIALEAH,FL,330104718,7863460565,PRESIDENT,3336C0003X,tier_1_primary_pharmacy,Y,Y,
1104967066,ACCUMED RX INC,3104 W WATERS AVE,STE 104,TAMPA,FL,336142800,8138651325,OWNER,333600000X|3336C0003X|3336M0002X,tier_1_primary_pharmacy,Y,Y,
1013058973,WEST COAST PHARMACY II LLC,3609 HENDERSON BLVD,,TAMPA,FL,336094501,8138740795,OWNER,3336L0003X|333600000X|3336C0003X,tier_1_primary_pharmacy,Y,Y,
1659413342,ABYS PHARMACY AND DISCOUNT INC,7751 W 28TH AVE,6,HIALEAH,FL,330165113,3055575166,PRESIDENT,3336C0003X,tier_1_primary_pharmacy,Y,Y,
1528100237,MAJE PHARMACY CORPORATION,12 NW 69TH AVE,,MIAMI,FL,331264445,3054035845,PRESIDENT,3336C0003X,tier_1_primary_pharmacy,Y,Y,
1689715427,WEAVER PHARMACY INC,1866 N TAMIAMI TRL,,NORTH FORT MYERS,FL,339033366,2399952700,PHARM,3336C0004X|3336S0011X|3336C0003X,tier_1_primary_pharmacy,Y,Y,
1558404442,LAKE PLACID PHARMACY INC,224 E INTERLAKE BLVD,,LAKE PLACID,FL,338529603,8633855588,OWNER AND PRESIDENT,3336C0004X|3336C0003X,tier_1_primary_pharmacy,Y,Y,
1568505089,CANTONMENT PHARMACY INC,433 S HIGHWAY 29,,CANTONMENT,FL,325331401,8509689992,OWNER,333600000X,tier_1_primary_pharmacy,Y,Y,
1770625683,ASC PHARMACY INC,3416 W 84TH ST,108,HIALEAH,FL,330184933,3056985411,PRESIDENT,3336C0004X|3336S0011X|3336C0003X,tier_1_primary_pharmacy,Y,Y,
1083757934,J M PHARMACY & DISCOUNT INC,7385 SW 8TH ST,,MIAMI,FL,331444539,3052648113,PRESIDENT,3336C0003X,tier_1_primary_pharmacy,Y,Y,
1073656096,WELL CARE PHARMACY INC,9714 PINES BLVD,,PEMBROKE PINES,FL,33024,9546022636,PRESIDENT,333600000X,tier_1_primary_pharmacy,Y,Y,
1326182023,"EXPRESS APOTHECARY, LLC",325 OAK WEST ST,,KISSIMMEE,FL,34741,4079320033,MANAGER,333600000X|3336C0003X|3336C0004X,tier_2_secondary_pharmacy,N,Y,
1942344403,LEE ANN DRUG INC,955 WASHINGTON AVE,,MIAMI BEACH,FL,331395015,3055311256,PRESIDENT,3336C0003X,tier_1_primary_pharmacy,Y,Y,
1629112818,"WAKULLA STATION PHARMACY, INC",961 WOODVILLE HWY,,CRAWFORDVILLE,FL,323270706,8504214040,OWNER,3336C0003X,tier_1_primary_pharmacy,Y,Y,
1467597799,JAY PHARMACY OF JAY FLORIDA INC,14088 ALABAMA ST,,JAY,FL,325651036,8506756666,PHARMACY MANAGER,333600000X|3336C0003X,tier_1_primary_pharmacy,Y,Y,
1689719213,GREAT CARE PHARMACY INC,17560 NW 27 AVE,SUITE 107,MIAMI GARDENS,FL,33056,3054307970,PRESIDENT,333600000X|3336C0003X,tier_1_primary_pharmacy,Y,Y,
1932244555,GARON PHARMACY INC.,8000 4TH ST N,,ST PETERSBURG,FL,337023653,7275773170,PRESIDENT,3336C0003X,tier_1_primary_pharmacy,Y,Y,
1083759559,ADVANCE FLORIDA MEDICAL SUPPLIES INC D/B/A ADVANCE FLORIDA PHARMACY,490 OPA LOCKA BLVD,10,OPA LOCKA,FL,330543563,3056855854,PRESIDENT,333600000X,tier_1_primary_pharmacy,Y,Y,
1750416202,"JAY PHARMACY OF JAY,FLA INC",14088 ALA ST,,JAY,FL,32565,8596756666,PRESIDENT,3336C0003X,tier_1_primary_pharmacy,Y,Y,
1588799001,CADUCEUS PHARMACY II LLC,4361 N STATE ROAD 7,,LAUDERDALE LAKES,FL,333194856,9547978077,MANAGING MEMBER/PHARMACIST IN CHARG,333600000X|3336C0003X,tier_1_primary_pharmacy,Y,Y,
1972639813,"DR G'S PHARMACY, INC","5975 N FEDERAL HIGHWAY, SUITE 108",,FT LAUDERDALE,FL,33308,9549380005,PRESIDENT,3336C0003X,tier_1_primary_pharmacy,Y,Y,
1316074750,DEYSI PHARMACY INC,7176 SW 47TH ST,,MIAMI,FL,331554655,3056689354,PRESIDENT,3336C0003X,tier_1_primary_pharmacy,Y,Y,
1306972708,SPECIALTY CARE RX,1856 N PINE ISLAND RD,,PLANTATION,FL,333225202,9544231147,CEO,3336C0003X|333600000X|3336M0002X,tier_1_primary_pharmacy,Y,Y,
1215063615,FLORIDA DRUG OF TAMPA INC,2102 E 7TH AVE,,TAMPA,FL,336053904,8132483308,PHARMACIST MANAGER,333600000X|3336C0003X,tier_1_primary_pharmacy,Y,Y,
1740317106,STAR SERVICES PHARMACY INC,8428 BIRD RD,,MIAMI,FL,331553226,3052253630,PRESIDENT,3336C0003X,tier_1_primary_pharmacy,Y,Y,
1366579260,ALPHA PHARMACY INC,7652 N. HILL ROAD,,TAMARAC,FL,33321,9547211259,PRESIDENT,3336C0003X,tier_1_primary_pharmacy,Y,Y,
1124154521,HOMESTEAD MEDICAL PHARMACY INC,854 N KROME AVE,,HOMESTEAD,FL,330304407,3052481310,PHARMACIST,333600000X|3336C0003X,tier_1_primary_pharmacy,Y,Y,
1841327681,MEDICAL CENTER PHARMACY INC OF QUINCY,306 E JEFFERSON ST,,QUINCY,FL,323512530,8506277595,OWNER,333600000X|3336C0003X,tier_1_primary_pharmacy,Y,Y,
1568599249,ALACHUA PHARMACY INC,15560 NW US HIGHWAY 441,,ALACHUA,FL,326155168,3864181444,PHARMACIST,3336C0003X,tier_1_primary_pharmacy,Y,Y,
1780712612,PANAMA CITY PHARMACY INC,1108 HARRISON AVE,,PANAMA CITY,FL,324012431,8507850286,RPH MANAGER,3336C0003X,tier_1_primary_pharmacy,Y,Y,
1306974993,OB PHARMACY INC,5554 SW 8TH ST,,CORAL GABLES,FL,331342220,3054465990,PRESIDENT,3336C0003X,tier_1_primary_pharmacy,Y,Y,
1235268319,NEW HOPE PHARMACY,1920 E 4TH AVE,,HIALEAH,FL,330102714,3058059950,PRESIDENT,3336C0003X,tier_1_primary_pharmacy,Y,Y,
1013048115,DYALS MASON AVENUE PHARMACY INC,636 MASON AVE,,DAYTONA BEACH,FL,321174835,3862550907,CONSULTANT,333600000X|3336L0003X|3336C0004X|3336S0011X|3336C0003X,tier_1_primary_pharmacy,Y,Y,
1922139021,PREMIER PHARMACY OF JACKSONVILLE INC,150 E 8TH ST,,JACKSONVILLE,FL,322063704,9043555646,PRESIDENT,333600000X|3336C0003X,tier_1_primary_pharmacy,Y,Y,
1740311844,PALM AVENUE PHARMACY INC,2501 SW 67TH AVE,,MIAMI,FL,331552968,3056618800,OWNER,333600000X|3336C0003X,tier_1_primary_pharmacy,Y,Y,
1134251796,VIDA PHARMACY CORP,7250 W 24TH AVE,SUITE 19/20,HIALEAH,FL,330166575,3058228234,OWNER,333600000X,tier_1_primary_pharmacy,Y,Y,
1306978036,REDONDO PHARMACY,19533 NW 57TH AVE,,OPA LOCKA,FL,330554709,3056250225,PRESIDENT,333600000X,tier_1_primary_pharmacy,Y,Y,
1780717769,"L & B PHARMACY, INC.",8030 NW 103RD STREET,SUITE 5,HIALEAH GARDEN,FL,33016,8772207909,PRESIDENT,3336C0003X,tier_1_primary_pharmacy,Y,Y,
1407989239,A S I PHARMACY INC,11300 NW 87TH CT,149,HIALEAH GARDENS,FL,330184586,3052272120,PRESIDENT,3336C0003X,tier_1_primary_pharmacy,Y,Y,
1457484156,DRUGVILLE PHARMACY INC,5580 WEST 16TH AVE,#204,HIALEAH,FL,33012,3056981399,PRESIDENT,3336C0003X,tier_1_primary_pharmacy,Y,Y,
1598889677,"L.S.S. PHARMACY DISCOUNT, INC.",10521 SW 40TH ST,,MIAMI,FL,331653747,3052261293,PRESIDENT,3336C0003X,tier_1_primary_pharmacy,Y,Y,
1124142567,DRUG DEPOT INC,2595 TAMPA RD,SUITE E,PALM HARBOR,FL,346843152,7275472654,MANAGER,3336C0003X,tier_1_primary_pharmacy,Y,Y,
1851418149,TOWN PHARMACY INC,14826 TAMIAMI TRAIL,,NORTH PORT,FL,34287,9414297766,PRESIDENT,3336L0003X|3336C0004X|3336C0003X,tier_1_primary_pharmacy,Y,Y,
1104944701,STAR SERVICE PHARMACY INC,11629 SW 216TH ST,,MIAMI,FL,331702908,3055521919,PRESIDENT,3336C0003X,tier_1_primary_pharmacy,Y,Y,
1487772661,ISLAND PHARMACY INC,2330 PALM RIDGE RD,STE 12,SANIBEL,FL,339573280,2394726188,PRESIDENT,333600000X|3336C0003X,tier_1_primary_pharmacy,Y,Y,
1033230982,FOREST HILL PHARMACY LLC,2939 FOREST HILL BLVD,,WEST PALM BEACH,FL,334065962,5619654288,OWNER / MANAGER,3336C0004X|333600000X|3336C0003X,tier_1_primary_pharmacy,Y,Y,
1164545083,"PHARMACY OF AMERICA, LLC",2613 CENTERVILLE RD,,TALLAHASSEE,FL,323084503,8503853073,PRESIDENT,3336C0003X,tier_1_primary_pharmacy,Y,Y,
1316160021,41 PHARMACY DISCOUNT INC.,820 E 41ST ST,,HIALEAH,FL,330132464,3058362200,PRESIDENT,3336C0003X,tier_1_primary_pharmacy,Y,Y,
1417171109,NIKAELA T PHARMACY DICOUNT INC,2200 SW 16TH ST STE 116,,MIAMI,FL,331452021,3058602840,PRESIDENT,3336C0003X,tier_1_primary_pharmacy,Y,Y,
1093930117,XCELLENT PHARMACY,11880 SW 40TH ST,SUITE 119,MIAMI,FL,331753584,3052291496,PRESIDENT,3336C0003X,tier_1_primary_pharmacy,Y,Y,
1386860922,BRIGHT STAR PHARMACY DISCOUNT INC,2350 W 84TH ST,7,HIALEAH,FL,330165575,3058269799,PRESIDENT,3336C0003X,tier_1_primary_pharmacy,Y,Y,
1912126087,APPLE PHARMACY SERVICES INC,500 N INDIANA AVE,,ENGLEWOOD,FL,342232704,9414750061,PRES,333600000X|3336C0003X,tier_1_primary_pharmacy,Y,Y,
1548489800,MAJORCA DRUG STORE INC,1823 PONCE DE LEON BLVD,,CORAL GABLES,FL,331344418,3054481757,PRESIDENT,3336C0003X,tier_1_primary_pharmacy,Y,Y,
1073733408,"ACARIAHEALTH PHARMACY #26, INC.",8715 HENDERSON RD,,TAMPA,FL,336341143,8664589246,PRESIDENT,3336C0003X,tier_1_primary_pharmacy,Y,Y,
1083836662,S & G PHARMACY INC,2173 W FLAGLER ST,,MIAMI,FL,331351638,3056434391,PRESIDENT,3336C0003X,tier_1_primary_pharmacy,Y,Y,
1760604904,LEWIS PHARMACY LLC,7995 HIGHWAY 90,,SNEADS,FL,324602308,8505935288,PHARMACIST,333600000X|3336C0003X,tier_1_primary_pharmacy,Y,Y,
1760694962,NORTHSTAR PHARMACY LLC,8090 W 23RD AVE,SUITE 4,HIALEAH,FL,330165572,3058044761,PRESIDENT,3336C0003X,tier_1_primary_pharmacy,Y,Y,
1336351402,"FREEDOM PHARMACY, LLC",5535 MEMORIAL HWY,,TAMPA,FL,336347332,8138899779,AUTHORIZED OFFICIAL/OWNER,333600000X|3336C0002X|3336C0004X|3336L0003X|3336C0003X,tier_1_primary_pharmacy,Y,Y,
1609089150,"SUDDHA PHARMACY, LLC",255 SUNRISE AVE,,PALM BEACH,FL,33480,5618333348,OWNER,3336C0003X,tier_1_primary_pharmacy,Y,Y,
1134333545,NEW PHARMACY DISCOUNT CORP,10061 SW 72ND ST,,MIAMI,FL,331734623,3054127852,PRESIDENT,3336C0002X|3336H0001X|333600000X|3336C0003X,tier_1_primary_pharmacy,Y,Y,
1871708735,AB SPECIALTY PHARMACY INC,2311 SEVEN SPRINGS BLVD,,NEW PORT RICHEY,FL,346553913,7273759520,OWNER,3336C0004X|3336S0011X|3336C0003X,tier_1_primary_pharmacy,Y,Y,
1083824122,PHARMACY SPECIALISTS OF CENTRAL FLORIDA,393 MAITLAND AVE,,ALTAMONTE SPRINGS,FL,327015450,4072607002,PHARMACY MANAGER,3336C0003X,tier_1_primary_pharmacy,Y,Y,
1467653915,SUPERIOR PHARMACY LLC,3031 W CYPRESS ST,SUITE B,TAMPA,FL,336091647,8138742848,OWNER,3336C0003X,tier_1_primary_pharmacy,Y,Y,
1629270491,BOBS PHARMACY & DIABETIC SUPPLIES,2860 HIGHWAY 17 NORTH,,WINTER HAVEN,FL,338811435,8632936084,ADMINISTRATIVE ASST.,3336C0003X,tier_1_primary_pharmacy,Y,Y,
1033312152,MJN PHARMACY INC,632 E 4TH AVE,,HIALEAH,FL,330104402,3058880071,PRESIDENT,3336C0003X,tier_1_primary_pharmacy,Y,Y,
1346443116,CHOICE PHARMACY,5913 N ARMENIA AVE,,TAMPA,FL,336031023,8138706426,OWNER/PIC,3336C0003X,tier_1_primary_pharmacy,Y,Y,
1043414782,NORTH FLORIDA PHARMACY OF FORT WHITE INC,7729 SW US HIGHWAY 27,,FORT WHITE,FL,320383508,3864972580,"CO-OWNER, PHARMACY MANAGER",3336C0003X,tier_1_primary_pharmacy,Y,Y,
1730385253,ATKINSON'S MART PHARMACY,1994A KINGSLEY AVE,,ORANGE PARK,FL,320734442,9042980873,OWNER,3336C0003X,tier_1_primary_pharmacy,Y,Y,
1487852190,VAZQUEZ PHARMACY & DISCOUNT CORP,1899 W FLAGLER ST,,MIAMI,FL,331351939,3056319015,PRESIDENT,3336C0003X,tier_1_primary_pharmacy,Y,Y,
1295933299,MANASOTA PHARMACY SERVICES LLC,1407 57TH AVE W,,BRADENTON,FL,342073646,9417279120,PHARMACIST,3336C0004X|3336S0011X|3336C0003X,tier_1_primary_pharmacy,Y,Y,
1528267499,COASTAL PHARMACY LLC,504 GARDEN ST,,TITUSVILLE,FL,32796,3217470206,MANAGER,3336C0003X,tier_1_primary_pharmacy,Y,Y,
1003015983,RX CARE PHARMACY,13733 N US HIGHWAY 441,,LADY LAKE,FL,321598981,3523915531,OWNER,333600000X,tier_1_primary_pharmacy,Y,Y,
1346449246,AC PHARMACY INC,3964 CURTISS PKWY,BAY 1,MIAMI SPRINGS,FL,331667108,3058700979,PRESIDENT,3336C0003X,tier_1_primary_pharmacy,Y,Y,
1699974162,"ALPHA TOUCH PHARMACY ,INC",10071 PINES BLVD,STE D,PEMBROKE PINES,FL,33024,9544355200,PRESIDENT,3336C0003X,tier_1_primary_pharmacy,Y,Y,
1568662625,IDEAL RX PHARMACY JACKSON NORTH INC,16800 NW 2ND AVE,STE 100,NORTH MIAMI BEACH,FL,331695549,3054930940,PRESIDENT,3336H0001X|3336C0003X|3336S0011X,tier_1_primary_pharmacy,Y,Y,
1467652024,GOOD RX V LLC,10720 STATE ROAD 54,STE 103,TRINITY,FL,346552217,7273752502,OWNER PHARMACIST,3336L0003X|3336C0003X,tier_1_primary_pharmacy,Y,Y,
1013107242,HOMETOWN PHARMACY 1 LLC,10157 LEM TURNER RD,,JACKSONVILLE,FL,322185044,9047644256,CEO,3336C0003X,tier_1_primary_pharmacy,Y,Y,
1700076262,MGC PHARMACY LLC,1516 E 4TH AVE,,HIALEAH,FL,330103159,3055866443,PHARMACY OWNER/ MANAGER ON RECORD,3336C0003X,tier_1_primary_pharmacy,Y,Y,
1811187198,WATERS COMMUNITY PHARMACY,8206 W WATERS AVE,STE 114,TAMPA,FL,336151852,8138889900,PRESIDENT,3336C0003X,tier_1_primary_pharmacy,Y,Y,
1982895165,RX HEALTH PHARMACY INC,9361 SW 40TH ST,,MIAMI,FL,331654159,3052275842,PRESIDENT,3336C0003X,tier_1_primary_pharmacy,Y,Y,
1417148396,SERVICE DRUG STORE INC,5341 BROWN ST.,,GRACEVILLE,FL,32440,8502633257,OWNER/PRESIDENT,3336C0003X,tier_1_primary_pharmacy,Y,Y,
1033301031,LINDA PHARMACY INC,4849 E 8TH AVE,,HIALEAH,FL,330132046,3056858723,PRESIDENT,3336C0003X,tier_1_primary_pharmacy,Y,Y,
1508058553,ENCORE PHARMACY DISCOUNT INC,105 E MONUMENT AVE,,KISSIMMEE,FL,347415761,4079437345,PRESIDENT,3336C0003X|333600000X,tier_1_primary_pharmacy,Y,Y,
1922290501,OZAIN PHARMACY INC,4201 PALM AVE,SUITE AA,HIALEAH,FL,330124424,3058270011,PRESIDENT,3336C0003X,tier_1_primary_pharmacy,Y,Y,
1083807812,TREVOL DISCOUNT & PHARMACY INC,1463-65 WEST FLAGLER ST.,,MIAMI,FL,33135,3056424788,PRESIDENT,3336C0003X,tier_1_primary_pharmacy,Y,Y,
1609060706,D&M PHARMACY DISCOUNT INC,3251 NW 7TH ST,,MIAMI,FL,331254139,3056430800,PRESIDENT,3336C0003X,tier_1_primary_pharmacy,Y,Y,
1255525341,LAS VILLAS PHARMACY DISCOUNT AND MEDICAL SUPPLIES INC,716 W 29TH ST,,HIALEAH,FL,330125606,3058837476,PRESIDENT,3336C0003X,tier_1_primary_pharmacy,Y,Y,
1235323098,MD OMEGA PHARMACY,4915 S DIXIE HWY,,WEST PALM BEACH,FL,334052926,5615477710,CO-OWNER/ TREASURER,333600000X|3336C0003X,tier_1_primary_pharmacy,Y,Y,
1407041817,SUPER DISCOUNT PHARMACY LLC,1423 S COLLINS ST,,PLANT CITY,FL,335636577,8137521133,PHARMACY MANAGER/OWNER,333600000X|3336C0003X,tier_1_primary_pharmacy,Y,Y,
1790970713,NEW LIFE PHARMACY INC,70 W 9TH ST,,HIALEAH,FL,330104013,3058883391,PRESIDENT,3336C0003X,tier_1_primary_pharmacy,Y,Y,
1669667424,"EVERWELL SPECIALTY PHARMACY, LLC",6506 N DAVIS HWY,,PENSACOLA,FL,325046957,8504739190,PIC,3336C0004X|3336S0011X|3336C0003X,tier_1_primary_pharmacy,Y,Y,
1306032073,NORTH FLORIDA PHARMACY OF MADISON INC.,139 SW MACON ST,,MADISON,FL,32340,8509738120,OWNER,3336C0003X,tier_1_primary_pharmacy,Y,Y,
1336335892,DADE PHARMACY INC,261 WESTWARD DR,115-116,MIAMI SPRINGS,FL,331665290,3058050035,PRESIDENT,3336C0003X,tier_1_primary_pharmacy,Y,Y,
1518153634,MADABHUSHI PHARMACY SERVICES LLC,14936 N FLORIDA AVE,,TAMPA,FL,336131626,8139616546,PHARMACIST-IN-CHARGE,3336C0003X,tier_1_primary_pharmacy,Y,Y,
1386831105,"CENTERWELL PHARMACY, INC.",18623 S DIXIE HWY,,CUTLER BAY,FL,331576804,3052780763,VP,3336C0002X|3336C0003X,tier_1_primary_pharmacy,Y,Y,
1477740298,RX TO GO LLC,14543 GLOBAL PKWY STE 100,,FORT MYERS,FL,339139446,2392755357,PHARMACY DIRECTOR,333600000X|3336C0003X,tier_1_primary_pharmacy,Y,Y,
1184811994,FLORIDA DISCOUNT RX LLC,1951 W MLK JR BLVD,,TAMPA,FL,33607,8134252195,PHCY MANG,3336C0003X|3336C0004X,tier_1_primary_pharmacy,Y,Y,
1881881530,ANTILLEAN RX CENTERS LLC,3520 S ORANGE AVE,,ORLANDO,FL,328066114,4072464488,OWNER PHARMACIST,3336C0003X,tier_1_primary_pharmacy,Y,Y,
1407044035,BAYLIFE PHARMACY INC,1235 S MISSOURI AVE,,CLEARWATER,FL,337569111,7275815400,OWNER/PRESIDENT,333600000X|3336C0003X|3336L0003X,tier_1_primary_pharmacy,Y,Y,
1346438678,"A C NATIONAL PHARMACY , INC",896B N FEDERAL HWY,,POMPANO BEACH,FL,330624316,9545821293,VP,3336C0003X,tier_1_primary_pharmacy,Y,Y,
1053500066,MOON LAKE PHARMACY,9111 RIDGE RD,,NEW PORT RICHEY,FL,346545059,7278461800,PRESIDENT,3336C0003X,tier_1_primary_pharmacy,Y,Y,
1932398658,"FAMILY PHARMACY & DISCOUNT, INC.",17690 NW 78TH AVE,STE: 105,HIALEAH,FL,330153668,3056981195,PRESIDENT,333600000X,tier_1_primary_pharmacy,Y,Y,
1043409386,TORRES PHARMACY DISCOUNT INC.,553B E 9TH ST,,HIALEAH,FL,330104549,3058821404,PHARMACISTS,3336C0003X,tier_1_primary_pharmacy,Y,Y,
1457530040,ORANGE-BAY PHARMACY LLC,4625 N NEBRASKA AVE,,TAMPA,FL,336034013,8134186780,CO OWNER,3336L0003X|3336C0003X,tier_1_primary_pharmacy,Y,Y,
1467632224,"PRIME PHARMACY SERVICES, LLC",2427 PORTER LAKE DR STE 109A,,SARASOTA,FL,342408853,9413782607,PRESIDENT,3336C0003X,tier_1_primary_pharmacy,Y,Y,
1023298619,ELITE PHARMACY & DISCOUNT INC,3115 NE 163RD ST,,N MIAMI BEACH,FL,331604463,3053319323,PRESIDENT,3336C0003X,tier_1_primary_pharmacy,Y,Y,
1306027560,KENDALL RX INC,9783 SW 72ND ST,,MIAMI,FL,331734615,3052759149,PRESIDENT,3336C0003X,tier_1_primary_pharmacy,Y,Y,
1144402421,GOODLIFE PHARMACY INC,104 NE 2ND ST,,BOCA RATON,FL,334323908,5619998855,PRESIDENT,3336C0003X,tier_1_primary_pharmacy,Y,Y,
1255513545,ILVA PHARMACY INC,10550 NW 77TH CT,STE 303,HIALEAH GARDENS,FL,330167084,3058218881,PRESIDENT,3336C0003X,tier_1_primary_pharmacy,Y,Y,
1528240736,PROFESSIONAL PHARMACY SERVICES AND DME INC.,10993 SW 186TH ST,,MIAMI,FL,331576812,3052536634,CEO,3336C0003X,tier_1_primary_pharmacy,Y,Y,
1003098971,#1 RX LIBERTY PHARMACY DISCOUNT CORP,972 E 25TH ST,,HIALEAH,FL,330133404,3056916686,OWNER,3336C0003X,tier_1_primary_pharmacy,Y,Y,
1508048570,FLAGLER DISCOUNT PHARMACY INC,1801 W FLAGLER ST,,MIAMI,FL,331351914,3056420493,PRESIDENT,3336C0003X,tier_1_primary_pharmacy,Y,Y,
1053594754,MORENO PHARMACY AND DISCOUNT INC,7299 W FLAGLER ST,,MIAMI,FL,331442503,3052624288,OWNER,3336C0003X,tier_1_primary_pharmacy,Y,Y,
1871778225,"NARAYAN PHARMACY, LLC",320 W FLETCHER AVE STE 108,,TAMPA,FL,336123400,8139718401,OWNER,3336S0011X|3336C0003X,tier_1_primary_pharmacy,Y,Y,
1427233584,LANE AVENUE PHARMACY INC,1233 LANE AVE S,STE 9,JACKSONVILLE,FL,322056284,9046936633,OWNER / PHARMACIST,3336C0003X,tier_1_primary_pharmacy,Y,Y,
1154507564,CHEM RX OF BOCA RATON LLC,5001 NW 13TH AVE,STE H AND I,POMPANO BEACH,FL,330648649,9544269322,GENERAL MANG,3336C0003X|3336L0003X,tier_1_primary_pharmacy,Y,Y,
1619153020,CARE PHARMACY INC,1631 NE 8TH ST,,HOMESTEAD,FL,330334603,3052485363,OWNER,3336C0004X|333600000X|3336C0003X,tier_1_primary_pharmacy,Y,Y,
1144407636,FELKY RX LLC,14510 N FLORDIA AVENUE,,TAMPA,FL,33613,8132640777,PRESIDENT,3336C0003X|3336L0003X,tier_1_primary_pharmacy,Y,Y,
1336326784,"ONE SOURCE PHARMACY, LLC",6404 OLD WINTER GARDEN RD,STE 100,ORLANDO,FL,32835,8774908987,OWNER/ MGR,3336M0002X|3336C0003X,tier_1_primary_pharmacy,Y,Y,
1477731305,MAHANT PHARMACY INC,1550 SE FLORESTA DR,,PORT ST LUCIE,FL,349834069,7723404142,PRESIDENT,3336C0004X|3336C0003X,tier_1_primary_pharmacy,Y,Y,
1609054808,MEDICAL ARTS PHARMACY SERVICES,10412 W ATLANTIC BLVD,,CORAL SPRINGS,FL,330715605,9545418201,CEO,3336C0003X,tier_1_primary_pharmacy,Y,Y,
1730357757,GOODYEAR DISCOUNT PHARMACY,272 W 21ST ST,,HIALEAH,FL,330102517,3058840868,PRESIDENT,3336C0003X,tier_1_primary_pharmacy,Y,Y,
1699944439,MEDI-DRUG INC,4539 GRAND BLVD,,NEW PORT RICHEY,FL,346525121,7278455550,OWNER,3336C0003X,tier_1_primary_pharmacy,Y,Y,
1578733747,TAMIAMI PHARMACY INC,5309 SW 8TH ST,,CORAL GABLES,FL,331342269,3054460250,OWNER/PRESIDENT,3336C0003X,tier_1_primary_pharmacy,Y,Y,
1346410537,17TH STREET DISCOUNT PHARMACY INC,2506 SE 17TH ST STE B,,OCALA,FL,344715523,3523513330,OWNER AND PHARMACIST,3336C0004X|3336C0003X,tier_1_primary_pharmacy,Y,Y,
1972773984,HOLIDAY PHARMACY INC,6751 N ARMENIA AVE,UNIT 4,TAMPA,FL,336045701,8139336900,PHARMACY MANAGER,3336C0003X,tier_1_primary_pharmacy,Y,Y,
1003086711,KAPRICHO PHARMACY CORP,600 E 25TH ST,SUITE E,HIALEAH,FL,330133801,3056932282,PRESIDENT,3336C0003X,tier_1_primary_pharmacy,Y,Y,
1669642377,RIVERCITY COMMUNITY PHARMACY AND WELLNESS CENTER,7278 LEM TURNER RD,,JACKSONVILLE,FL,32208,9045021882,PHARMACY MANAGER/OWNER,333600000X,tier_1_primary_pharmacy,Y,Y,
1942470570,NEW GEN RX LLC,2751 N HIAWASSEE RD,,ORLANDO,FL,32818,4077706077,OWNER/PRESIDENT,333600000X|3336C0003X,tier_1_primary_pharmacy,Y,Y,
1053582494,SPEED PHARMACY INC,9111 PEMBROKE RD,,PEMBROKE PINES,FL,330251638,9544436200,PRESIDENT,3336C0003X,tier_1_primary_pharmacy,Y,Y,
1144491382,OM PHARMACY INC,9309 SE MARICAMP RD,,OCALA,FL,344722343,3525915023,OWNER,3336C0003X,tier_1_primary_pharmacy,Y,Y,
1568634079,ALF PHARMACY DISCOUNT INC,390 SW 109TH AVE,,MIAMI,FL,331741332,3055545424,OWNER,3336C0003X,tier_1_primary_pharmacy,Y,Y,
1174795686,"NINA PHARMACY, INC",4228 W 16TH AVE,,HIALEAH,FL,330127624,3055580740,PRESIDENT,3336C0003X,tier_1_primary_pharmacy,Y,Y,
1528230646,"JGJW, LLC D/B/A ALL PEOPLES PHARMACY",4750 SOUTEL DR,,JACKSONVILLE,FL,322081829,9047663145,OWNER,3336C0003X,tier_1_primary_pharmacy,Y,Y,
1023280765,"DAYTONA DISCOUNT PHARMACY, INC",815 BEVILLE RD,STE - D,SOUTH DAYTONA,FL,321191858,3863225969,PHARMACIST,3336L0003X|3336C0003X,tier_1_primary_pharmacy,Y,Y,
1801068689,FLORIDA DISCOUNTS RX 1 INC,1911 W MLK JR BLVD,,TAMPA,FL,33607,8134252195,VP,333600000X|3336C0004X|3336L0003X|3336C0003X,tier_1_primary_pharmacy,Y,Y,
1922270727,WEST HIALEAH PHARMACY INC,2900 W 12TH AVE,4,HIALEAH,FL,330124860,3058838566,PRESIDENT,3336C0003X,tier_1_primary_pharmacy,Y,Y,
1972776037,FAMILY PHYSICIANS RX INC,1160 S SEMORAN BLVD,"STE D, E, F",ORLANDO,FL,328073280,4073813085,VP OF HEALTHCARE OPERATIONS,333600000X|3336C0003X,tier_1_primary_pharmacy,Y,Y,
1285809061,BROTHERS PHARMACY AND DISCOUNT LLC,1001 SW 27TH AVE,,MIAMI,FL,331354614,3056421800,PRESIDENT,333600000X,tier_1_primary_pharmacy,Y,Y,
1750556130,DEPT OF HEALTH CENTRAL PHARMACY,116A HAMILTON PARK DRIVE,,TALLAHASSEE,FL,323042894,8509229036,"CHIEF, BUREAU OF STATEWIDE PHARMA",333600000X,tier_1_primary_pharmacy,Y,Y,
1336314301,PAR PHARMACY INC,8239 SW 40TH ST,,MIAMI,FL,331553334,3052277900,PRESIDENT,3336C0003X,tier_1_primary_pharmacy,Y,Y,
1801062427,BUCKHORN PHARMACY LLC,1085 SOPCHOPPY HWY,STE 1A,SOPCHOPPY,FL,323581016,8509622166,OWNER,3336C0003X,tier_1_primary_pharmacy,Y,Y,
1871769042,"PHARMACY XPRESS OF FL ,III,LLC.",1523 E COMMERCIAL BLVD,,OAKLAND PARK,FL,333345717,9542671650,OWNER,333600000X,tier_1_primary_pharmacy,Y,Y,
1649447699,"NORTH FLORIDA PHARMACY OF HIGH SPRINGS, INC.",115 NW SANTA FE BLVD,,HIGH SPRINGS,FL,326434301,3864541382,PRESIDENT/PHARMACY MANAGER,3336C0003X,tier_1_primary_pharmacy,Y,Y,
1770750408,O AND J PHARMACY INC,1899 W FLAGLER ST,,MIAMI,FL,331351939,3056430918,OWNER,333600000X,tier_1_primary_pharmacy,Y,Y,
1295902757,MIA PHARMACY DISCOUNT CORP,33 NW 27TH AVE,,MIAMI,FL,331255111,3056438078,PRESIDENT,3336C0003X,tier_1_primary_pharmacy,Y,Y,
1003083569,WHITE ORCHID PHARMACY INC,2328B HOLLYWOOD BLVD,,HOLLYWOOD,FL,330201201,9544047542,PRESIDENT,3336C0003X,tier_1_primary_pharmacy,Y,Y,
1083871222,YOUNIQUE PHARMACY INC.,12963 WEST OKEECHOBEE RD STE 2,,HIALEAH GARDENS,FL,330186055,3058170904,PRESIDENT,333600000X,tier_1_primary_pharmacy,Y,Y,
1649437161,JS PHARMACY LLC,6416 RIDGE RD,,PORT RICHEY,FL,346686748,7278472211,MANAGING MEMBER,3336C0003X,tier_1_primary_pharmacy,Y,Y,
1205093861,"ALBE PHARMACY,INC",161 NW 29TH ST,,MIAMI,FL,331273929,3055760024,PRESIDENT,333600000X|3336C0003X,tier_1_primary_pharmacy,Y,Y,
1649438623,BONANZA STATE PHARMACY AND DISCOUNT CORP,19752 SW 177TH AVE,,MIAMI,FL,331872600,3053786116,PRESIDENT,3336C0003X,tier_1_primary_pharmacy,Y,Y,
1689832404,PAY LESS PHARMACY INC,1460 6TH ST SE,,WINTER HAVEN,FL,338804505,8632910703,OWNER,3336L0003X|3336C0003X,tier_1_primary_pharmacy,Y,Y,
1932367687,LA MILAGROSA PHARMACY & DISCOUNT LLC,432 SW 8TH AVE,,MIAMI,FL,331302507,3055451127,PRESIDENT/OWNER,333600000X|3336L0003X|3336C0003X,tier_1_primary_pharmacy,Y,Y,
1184883431,PAY LESS PHARMACY INC,7208 N STERLING AVE,STE B,TAMPA,FL,336144051,8139335830,OWNER,3336L0003X|3336C0003X,tier_1_primary_pharmacy,Y,Y,
1770742892,PRIDE PHARMACY INC,1421 E OAKLAND PARK BLVD,STE 100,OAKLAND PARK,FL,333344434,9543900916,MANAGER,333600000X|3336C0003X,tier_1_primary_pharmacy,Y,Y,
1093974982,"HEALTHDYNE PHARMACY FL, LLC",500 EAGLES LANDING DR,,LAKELAND,FL,338102899,8884792000,SENIOR VICE PRESIDENT&SECRETARY,333600000X|3336C0003X|3336M0002X,tier_1_primary_pharmacy,Y,Y,
1942469804,A.S.F. PHARMACY INC,1203 71ST ST,,MIAMI BEACH,FL,33141,3058610837,PRESIDENT,3336C0003X,tier_1_primary_pharmacy,Y,Y,
1205095015,ASF PHARMACY INC,1203 71ST STREET,,MIAMI BEACH,FL,33141,3058610837,PRESIDENT,3336C0003X,tier_1_primary_pharmacy,Y,Y,
1477713667,ST MARKS PHARMACY LLC,4954 RIDGEMOOR BLVD,,PALM HARBOR,FL,346851744,7277727070,OWNER/PRESIDENT,3336C0003X,tier_1_primary_pharmacy,Y,Y,
1982864831,PETER BOTROS PHARMACY INC,121 VICTORIA COMMONS BLVD,SUITE #102,DELAND,FL,32724,3867348477,PRESIDENT & OWNER,333600000X|3336L0003X|3336C0003X,tier_1_primary_pharmacy,Y,Y,
1538329313,"MEDITERRANEA PHARMACY, INC.",1177 W 37TH ST,,HIALEAH,FL,330124941,3058200423,PRESIDENT,3336C0003X,tier_1_primary_pharmacy,Y,Y,
1316108814,BILTMORE PHARMACY INC,11300 NW 87TH CT,149,HIALEAH GARDENS,FL,330184586,3054776502,PRESIDENT,3336C0003X,tier_1_primary_pharmacy,Y,Y,
1285895250,EZ RX PHARMACY LLC,6916 W LINEBAUGH AVE,SUITE 101,TAMPA,FL,336255815,8139602020,PHARMACY OPERATIONS,3336L0003X|3336C0003X,tier_1_primary_pharmacy,Y,Y,
1609038926,BUSCH PHARMACY LLC,7009 N ARMENIA AVE,,TAMPA,FL,336045252,8139908300,MANAGER,3336C0003X,tier_1_primary_pharmacy,Y,Y,
1538322532,KENI PHARMACY INC,13911 SW 42ND ST,STE 203,MIAMI,FL,331756403,3052284980,PRESIDENT,3336C0003X,tier_1_primary_pharmacy,Y,Y,
1679738637,SIMS PHARMACY LLC,1177 GULF BREEZE PKWY,,GULF BREEZE,FL,325614835,8506779340,OWNER,3336C0003X|333600000X,tier_1_primary_pharmacy,Y,Y,
1306001953,"ABRANTCARE PHARMACY, CORP.",777 NE 79TH ST,SUITE 100,MIAMI,FL,331384701,3057510021,PRESIDENT,3336C0003X,tier_1_primary_pharmacy,Y,Y,
1578728895,PREMIUM PHARMACY INC,8901 SW 157TH AVE,STE 3,MIAMI,FL,331961102,3053852900,OWNER,3336C0003X,tier_1_primary_pharmacy,Y,Y,
1245496363,WOODS NATURAL PHARMACY,8038 W SAMPLE RD,,MARGATE,FL,330654714,9545757678,OWNER,3336C0004X|3336C0003X,tier_1_primary_pharmacy,Y,Y,
1609032259,PREMIER COMPOUNDING PHARMACY INC,2000 PGA BLVD STE 5507,STE 5507,PALM BEACH GARDENS,FL,334082726,5616914991,PRES,3336C0003X|3336S0011X|333600000X|3336C0004X,tier_1_primary_pharmacy,Y,Y,
1770739799,SAMZOY PHARMACY INC,1611 NW 77TH WAY,,PEMBROKE PINES,FL,330245251,9549679452,PHARMACIST,3336C0003X,tier_1_primary_pharmacy,Y,Y,
1487800264,PINELLAS COMPOUNDING PHARMACY INC,1609-1611 MAIN ST,,DUNEDIN,FL,34698,7272390300,PRESIDENT,333600000X|3336C0004X,tier_1_primary_pharmacy,Y,Y,
1326294919,ST JOSEPH PHARMACY & MEDICAL SUPPLIES LLC,35780 STATE ROAD 54 STE 101,,ZEPHYRHILLS,FL,335412242,8137824854,PHARMACY MANAGER,333600000X|3336C0003X,tier_1_primary_pharmacy,Y,Y,
1932356409,JACOBS PHARMACY INC,261 WESTWARD DR,SUITE 115-116,MIAMI SPRINGS,FL,331665290,7869535643,PRESIDENT,3336C0003X,tier_1_primary_pharmacy,Y,Y,
1437306909,LAURA PHARMACY DISCOUNT INC,6724 W FLAGLER ST,,MIAMI,FL,331442924,3052605533,PRESIDENT,3336C0003X,tier_1_primary_pharmacy,Y,Y,
1932356326,PHARMACY DOCTORS ENTERPRISES INC,205 E HALLANDALE BEACH BLVD,,HALLANDALE BEACH,FL,330095524,9543675365,PIC,3336C0004X|3336H0001X|3336C0003X,tier_1_primary_pharmacy,Y,Y,
1316196579,HABOUR ISLAND PHARMACY LLC,601 S HARBOUR ISLAND BLVD,SUITE 105,TAMPA,FL,336025735,8133740206,PIC,3336C0003X,tier_1_primary_pharmacy,Y,Y,
1841440682,WEST ATLANTIC PHARMACY INCORPORATED,7495 W ATLANTIC AVE,STE 206,DELRAY BEACH,FL,334461393,5614960338,OWNER/PIC,333600000X|3336C0003X,tier_1_primary_pharmacy,Y,Y,
1659522738,MR RX LLC,10549 N FLORIDA AVE,STE A,TAMPA,FL,336126707,8139369700,MGR,3336C0003X,tier_1_primary_pharmacy,Y,Y,
1255582144,EXECUTIVE PHARMACY LLC,4300 N UNIVERSITY DR,STE E-200,SUNRISE,FL,333516249,9543680901,MR.,3336C0004X|333600000X|3336C0003X,tier_1_primary_pharmacy,Y,Y,
1851542674,ANTONIO PHARMACY LLC,7202 SOUTHGATE BLVD,,NORTH LAUDERDALE,FL,330681426,9547210325,PHARMACIST,3336C0003X,tier_1_primary_pharmacy,Y,Y,
1396997300,GRANDE PHARMACY LLC,4015 E HILLSBOROUGH AVE,,TAMPA,FL,336103847,8136239911,PHARMACIST,3336C0003X,tier_1_primary_pharmacy,Y,Y,
1467605733,GAVIOTA PHARMACY DISCOUNT CORP,10521 SW 40TTH STREET,,MIAMI,FL,331653747,3052236469,OWNER,3336C0003X,tier_1_primary_pharmacy,Y,Y,
1962655282,24 HOUR COMMUNITY PHARMACY INC.,7945 NW 2ND ST,,MIAMI,FL,331268000,3052626956,PRESIDENT,3336C0003X,tier_1_primary_pharmacy,Y,Y,
1346494952,FLAGLER RX INC,7299 W FLAGLER ST,,MIAMI,FL,331442503,3052628080,PRESIDENT,3336C0003X,tier_1_primary_pharmacy,Y,Y,
1881848497,"PHYSICIAN PREFERRED PHARMACY, INC.",2700 NORTH STATE ROAD 7,,MARGATE,FL,33063,9549607360,PRESIDENT,333600000X,tier_1_primary_pharmacy,Y,Y,
1437303062,FIRST SOLUTION PHARMACY INC,5554 SW 8TH ST,,CORAL GABLES,FL,331342220,3055299155,PRESIDENT / OWNER,3336C0003X,tier_1_primary_pharmacy,Y,Y,
1750535399,GABI'S PHARMACY INC,106C SW 27TH AVE,,MIAMI,FL,331351429,3056449808,OWNER / PRESIDENT,3336C0003X,tier_1_primary_pharmacy,Y,Y,
1194979799,TNC PHARMACY LLC,1947 W DR MARTIN LUTHER KING JR BLVD,,TAMPA,FL,336076509,8133742400,PIC,3336C0003X,tier_1_primary_pharmacy,Y,Y,
1558515734,ALLEN INVESTORS AND PHARMACY FIRST CO LLC,7229 N DALE MABRY HWY,STE 7,TAMPA,FL,336142699,8133742416,OWNER/MANAGER,3336C0003X,tier_1_primary_pharmacy,Y,Y,
1194979286,"COCONUT GROVE PHARMACY, INC",3001 SW 27TH AVE,SUITE 102,COCONUT GROVE,FL,331334663,3054420211,MANAGER,3336C0004X|333600000X|3336C0003X,tier_1_primary_pharmacy,Y,Y,
1639324353,MIAMI PHARMACY & DISCOUNT INC,27036 S DIXIE HWY,,HOMESTEAD,FL,330327315,3052467769,PRESIDENT,333600000X,tier_1_primary_pharmacy,Y,Y,
1932344918,UNIVERSAL COMPOUNDING PHARMACY INC,2304 ALOMA AVE,,WINTER PARK,FL,327923330,4076732222,OWNER,3336C0004X|3336C0003X,tier_1_primary_pharmacy,Y,Y,
1548405970,WCRX PHARMACY CENTRAL,100 SALEM CT,,TALLAHASSEE,FL,323012810,8502221963,PHARM.D,3336S0011X|333600000X|3336C0003X,tier_1_primary_pharmacy,Y,Y,
1740426758,CHARLIE RX INC,551 E 49TH ST,SUITE 16,HIALEAH,FL,330131904,3056818389,PRESIDENT,333600000X,tier_1_primary_pharmacy,Y,Y,
1538305479,PERDOMOS PHARMACY & DISCOUNT INC,4286A PALM AVE,,HIALEAH,FL,330124454,3058181971,PRESIDENT,3336C0003X,tier_1_primary_pharmacy,Y,Y,
1811133424,TAMPA SPECIALTY PHARMACY LLC,5908 BRECKENRIDGE PKWY,,TAMPA,FL,336104233,8136447277,OWNER,333600000X|3336C0003X,tier_1_primary_pharmacy,Y,Y,
1144467143,MICHAELS PHARMACY,11936 SEMINOLE BLVD,,LARGO,FL,337782803,7275852000,PRESIDENT / PIC,333600000X|3336C0004X|3336C0003X,tier_1_primary_pharmacy,Y,Y,
1972740967,RISE N SHINE PHARMACY,17913 NW 7TH ST,"SUITE 104, PINES PROFESSIONAL MEDICAL CAMPUS",PEMBROKE PINES,FL,330292811,9544477784,PRESIDENT,333600000X|3336C0003X,tier_1_primary_pharmacy,Y,Y,
1396982955,UNITED PHARMACY & DISCOUNT INC,12887 SW 42ND ST,,MIAMI,FL,331753435,3052218699,OWNER,333600000X,tier_1_primary_pharmacy,Y,Y,
1508003138,PIERSON COMMUNITY PHARMACY INC,650 W PLYMOUTH AVE,,DELAND,FL,327203260,3867386268,"OWNER,AO",333600000X|3336C0003X,tier_1_primary_pharmacy,Y,Y,
1558509950,JSK RX LLC,2224 E STATE ROAD 60,,VALRICO,FL,335943703,8136817800,OWNER,333600000X|3336C0003X,tier_1_primary_pharmacy,Y,Y,
1063650208,PROGRESSIVE PHARMACY INC,7177 LAKE WORTH RD,,LAKE WORTH,FL,334672906,5619642700,PRESIDENT-PHARMACY MANAGER,3336C0003X|333600000X,tier_1_primary_pharmacy,Y,Y,
1225276595,HILLSBOROUGH RIVER PHARMACY INC,4603 N ARMENIA AVE,,TAMPA,FL,336032705,8138733651,PHARMACY MANAGER,333600000X|3336C0004X|3336M0003X|3336C0003X,tier_1_primary_pharmacy,Y,Y,
1639317779,SANTOS SUAREZ PHARMACY INC,11300 NW 87TH CT,149,HIALEAH GARDENS,FL,330184586,3058212904,OWNER,3336C0003X,tier_1_primary_pharmacy,Y,Y,
1164660122,RELIANCE PHARMACY LLC,2100 45TH ST STE B1,,WEST PALM BEACH,FL,334072063,5618411801,PHARMACY MANAGER,333600000X|3336C0003X,tier_1_primary_pharmacy,Y,Y,
1467690214,AGNES RX INC,2800 N MACDILL AVE,STE C,TAMPA,FL,336072208,8138706300,PRESIDENT/PHARMACIST,333600000X,tier_1_primary_pharmacy,Y,Y,
1912145582,MED-SOURCE PHARMACY SERVICES CORP,515 SW 17TH AVE STE 1,,MIAMI,FL,331353878,3058547377,PRESIDENT,3336L0003X|3336C0003X,tier_1_primary_pharmacy,Y,Y,
1063650612,"LIFE SPECIALTY PHARMACY, INC",1507 PARK CENTER DR,SUITE 1L,ORLANDO,FL,328355795,4075225683,PHARMACIST,333600000X|3336C0003X|3336H0001X|3336L0003X|3336S0011X|3336C0004X,tier_1_primary_pharmacy,Y,Y,
1063651537,EDWARDS PHARMACY OF INDIAN ROCKS LLC,12071 INDIAN ROCKS RD,,LARGO,FL,337743216,7277244171,PHARMACY OWNER,333600000X|3336C0004X|3336C0003X,tier_1_primary_pharmacy,Y,Y,
1235378571,"RX CARE RETAIL SERVICES, INC.",3590 NW 54TH ST,SUITE 6B,FORT LAUDERDALE,FL,333096366,9547147007,PRESIDENT,333600000X|3336L0003X,tier_1_primary_pharmacy,Y,Y,
1679712673,YOUR NEIGHBORHOOD PHARMACY INC,11067 SPRING HILL DR,,SPRING HILL,FL,346085000,3526664466,PRESIDENT,3336C0003X,tier_1_primary_pharmacy,Y,Y,
1245479161,SUNSHINE PHARMACY SERVICES LTD CO,104 COMMONWEALTH AVE N STE 1,,POLK CITY,FL,338689500,8638744834,MANAGER/OWNER,333600000X|3336C0003X,tier_1_primary_pharmacy,Y,Y,
1841439502,SUN RX LLC,139 S PEBBLE BEACH BLVD,SUITE 103,SUN CITY CENTER,FL,335735799,8136338222,OWNER/PIC/AO,333600000X|3336S0011X|3336C0003X,tier_1_primary_pharmacy,Y,Y,
1760622013,SCOTT'S RX INC,2215 N HERCULES AVE,,CLEARWATER,FL,337632325,7277334100,PRESIDENT/PHCY MANAGER,333600000X|3336L0003X|3336C0004X|3336C0003X,tier_1_primary_pharmacy,Y,Y,
1396985479,DISCOUNT PHARMACY OF PINES LLC,12201 PEMBROKE RD,,PEMBROKE PINES,FL,330251725,9548854285,OWNER,3336C0003X,tier_1_primary_pharmacy,Y,Y,
1821238957,HARBOUR ISLAND PHARMACY,601 S HARBOUR ISLAND BLVD,,TAMPA,FL,336025735,8133740207,OWNER,3336C0004X|3336L0003X|333600000X,tier_1_primary_pharmacy,Y,Y,
1679713598,HARRISON'S PHARMACY,3333 CURRY FORD RD,,ORLANDO,FL,328063472,4078942373,OWNER/PHARMACIST,333600000X,tier_1_primary_pharmacy,Y,Y,
1376784926,CIRQUE DU RX CORP,7758 PALM RIVER RD,,TAMPA,FL,336194215,8139715551,"OWNER, PIC, AO",333600000X|3336C0003X,tier_1_primary_pharmacy,Y,Y,
1386885515,EAST COAST PHARMACY LLC,695 N WASHINGTON AVE,UNIT 101,TITUSVILLE,FL,327962101,3217470600,OWNER/MANAGER/AO,333600000X|3336C0003X,tier_1_primary_pharmacy,Y,Y,
1982845855,QUICK SCRIPT PHARMACY INC,2408 WILTON DR,,WILTON MANORS,FL,333051251,9545147685,OWNER / PRESIDENT / PIC,333600000X|3336C0003X,tier_1_primary_pharmacy,Y,Y,
1255573010,SEVEN PHARMACY INC,5545 SW 8TH ST,SUITE 205,CORAL GABLES,FL,331342286,7863606274,PRESIDENT,3336C0003X,tier_1_primary_pharmacy,Y,Y,
1760624571,UNITED PHARMACY LLC,3951 HAVERHILL RD N,SUITE 120-121,WEST PALM BEACH,FL,334178154,5616169000,PRESIDENT,3336L0003X|333600000X|3336C0003X,tier_1_primary_pharmacy,Y,Y,
1003058587,SUNSHINE PHARMACY AT GOLDEN GATE BLVD INC,80 WILSON BLVD S,STE 7,NAPLES,FL,341179386,2393845092,OWNER,3336C0003X,tier_1_primary_pharmacy,Y,Y,
1215179791,IDEAL PHARMACY SERVICES LLC,4603 NW 7TH ST,,MIAMI,FL,331262308,7862940472,PRESIDENT,333600000X|3336C0003X,tier_1_primary_pharmacy,Y,Y,
1306088497,LE SELECT PHARMACY & MES INC.,128 NW 27TH AVE,,MIAMI,FL,331255114,3056425241,PRESIDENT,3336C0003X,tier_1_primary_pharmacy,Y,Y,
1720220775,FOCUS ON HEALTH RX LLC,1001 WYNMOOR CIRCLE,,COCONUT CREEK,FL,330660000,9547979771,MANAGING PARTNER,3336C0003X,tier_1_primary_pharmacy,Y,Y,
1659513638,PHARMACY CORPORATION OF AMERICA,5628 TROUBLE CREEK RD,,NEW PORT RICHEY,FL,346525158,7278467600,VP/SECRETARY,333600000X|3336C0003X,tier_1_primary_pharmacy,Y,Y,
1053554980,PSJ PHARMACY LLC,6801 N US HIGHWAY 1 STE 1,,COCOA,FL,329275095,3216370911,MANAGER,3336C0004X|3336L0003X|3336S0011X|333600000X|3336C0003X,tier_1_primary_pharmacy,Y,Y,
1740423573,ST MARY PHARMACY LLC,1290 W BAY DR,,LARGO,FL,337702204,7275851333,PHARMACIST (PARTNER),3336L0003X|3336C0004X|333600000X|3336C0003X,tier_1_primary_pharmacy,Y,Y,
1528201340,ROBERTS SOUTH BANK PHARMACY INC,1625 ATLANTIC BLVD,,JACKSONVILLE,FL,322073318,9043989660,PRESIDENT/OWNER,3336C0004X|333600000X|3336C0003X,tier_1_primary_pharmacy,Y,Y,
1659514214,QUALITY SPECIALTY PHARMACY INC,5144 E. BUSCH BLVD,,TAMPA,FL,33617,8139887600,OWNER,333600000X|3336S0011X|3336C0003X,tier_1_primary_pharmacy,Y,Y,
1427292341,RX SOLUTIONS PHARMACY LLC,9191 R G SKINNER PKWY UNIT 701,,JACKSONVILLE,FL,322569662,9046218175,OWNER,333600000X|3336C0003X|3336C0004X,tier_1_primary_pharmacy,Y,Y,
1073757852,NORTHWEST MEDICAL PHARMACY,671 NW 119TH ST,,NORTH MIAMI,FL,331682522,9545823602,OFFICER,333600000X|3336L0003X,tier_1_primary_pharmacy,Y,Y,
1235373945,RAMIL RX INC,2331 N STATE ROAD 7 STE 121,,LAUDERDALE LAKES,FL,333133771,9545339792,"PRESIDENT, PHCY MGR",3336L0003X|333600000X|3336C0003X,tier_1_primary_pharmacy,Y,Y,
1538303110,US 1 PHARMACY INC,4356 N FEDERAL HWY,,FORT LAUDERDALE,FL,333085208,9549280444,PRESIDENT,3336C0003X,tier_1_primary_pharmacy,Y,Y,
1174767610,NOVA PHARMACY & DISCOUNT,8216 W FLAGLER ST,,MIAMI,FL,33144,3052077050,PRESIDENT,333600000X,tier_1_primary_pharmacy,Y,Y,
1861626921,CHITYS PHARMACY INC,3750 W 16TH AVE,100,HIALEAH,FL,330124654,3058282076,PRESIDENT,333600000X,tier_1_primary_pharmacy,Y,Y,
1508090572,MEDICAL ARTS PHARMACY OF SARASOTA LLC,4417 BEE RIDGE RD,,SARASOTA,FL,342332514,9417061777,OWNER,333600000X|3336C0004X|3336C0003X,tier_1_primary_pharmacy,Y,Y,
1770717282,NW PHARMACY INC,3180 NW 7TH ST,,MIAMI,FL,331254202,3058155606,PRESIDENT,3336C0003X,tier_1_primary_pharmacy,Y,Y,
1881829000,"LE SELECT PHARMACY & M.E.S., INC.",128 NW 27TH AVE,,MIAMI,FL,331255114,3056425241,OWNER,333600000X,tier_1_primary_pharmacy,Y,Y,
1467687632,FLORIDA PHARMACY NO 2 INC,4633 NW 199TH ST,,MIAMI GARDENS,FL,330551508,3056201333,PRESIDENT,333600000X|3336C0003X,tier_1_primary_pharmacy,Y,Y,
1043445968,ONESTOP RX LLC,7262 BROAD ST,,BROOKSVILLE,FL,346015591,3528483090,PRESIDENT,333600000X|3336C0003X,tier_1_primary_pharmacy,Y,Y,
1558596932,PINE BROOK PHARMACY LLC,14111 CORTEZ BLVD,,BROOKSVILLE,FL,346132707,3526104347,PRESIDENT,3336L0003X|3336C0003X,tier_1_primary_pharmacy,Y,Y,
1235365495,ST JUDES PHARMACY INC,1202 NE PINE ISLAND RD,STE IV,CAPE CORAL,FL,339092197,2396737777,OWNER/PRESIDENT,3336C0003X,tier_1_primary_pharmacy,Y,Y,
1548496425,DELTONA PHARMACY OF FLORIDA LLC,776 DELTONA BLVD,,DELTONA,FL,327257107,3865747600,OWNER,333600000X,tier_1_primary_pharmacy,Y,Y,
1235366774,FUTURE PHARMACY LLC,10809 N 56TH ST,,TAMPA,FL,336173646,8139881900,OWNER,3336C0003X,tier_1_primary_pharmacy,Y,Y,
1093942401,DISCOUNT RX INC,2442 SW 27TH AVE,,MIAMI,FL,331453655,7865170470,PRESIDENT,3336C0003X,tier_1_primary_pharmacy,Y,Y,
1699902908,"Y & Y PHARMACY,INC",515 SW 12TH AVE STE 513,,MIAMI,FL,331302436,3053250580,PRESIDENT,3336C0003X,tier_1_primary_pharmacy,Y,Y,
1780811125,NEOVANCE SPECIALTY PHARMACY LLC,100 TECHNOLOGY PARK STE 158,,LAKE MARY,FL,327466205,8668422147,CHIEF OPERATIONS OFFICER,3336C0003X|333600000X,tier_1_primary_pharmacy,Y,Y,
1457589046,LIFESAVER PHARMACY INC,11735 SW 147TH AVE UNIT 5,,MIAMI,FL,331963329,3053850059,PRESIDENT / OWNER,333600000X|3336C0003X,tier_1_primary_pharmacy,Y,Y,
1528296639,HVVP RX LLC,10010 CROSS CREEK BLVD,,TAMPA,FL,336472595,8139557777,PHARMACY MANAGER,333600000X|3336C0004X|3336L0003X|3336C0003X,tier_1_primary_pharmacy,Y,Y,
1891924569,ANM PHARMACY INC,5445 JAMES ST,,NEW PORT RICHEY,FL,346523927,7278488300,PRESIDENT,333600000X|3336C0003X,tier_1_primary_pharmacy,Y,Y,
1497984116,HVVP RX LLC,10720 PARK BLVD STE E,,SEMINOLE,FL,337725461,7273981969,PHARMACY MANAGER,3336C0003X|3336C0004X|3336S0011X|333600000X,tier_1_primary_pharmacy,Y,Y,
1740419845,"GREEN PHARMACY & DISCOUNT, INC.",5989 SW 8TH ST,,WEST MIAMI,FL,331445037,3053920851,PRESIDENT,3336C0003X,tier_1_primary_pharmacy,Y,Y,
1366672271,GENERIC RX LLC,3448 W HILLSBORO BLVD,,DEERFIELD BEACH,FL,334429419,9544205656,OWNER,3336C0003X,tier_1_primary_pharmacy,Y,Y,
1760613491,SAV-A-LOT PHARMACY,2488 N UNIVERSITY DR,,PEMBROKE PINES,FL,330243624,9547334123,VP OF OPERATIONS,3336C0003X,tier_1_primary_pharmacy,Y,Y,
1184855793,RX CARE 17 LLC,7142 UNIVERSITY DRIVE,,TAMARAC,FL,33321,9544854949,OWNER,333600000X|3336C0004X|3336S0011X|3336C0003X,tier_1_primary_pharmacy,Y,Y,
1003048950,JET PHARMACY LLC,2310 W WATERS AVE,STE J,TAMPA,FL,336042764,8139333458,RPH,3336C0003X,tier_1_primary_pharmacy,Y,Y,
1831321694,MAGGIES PHARMACY INC,7590 NW 186TH ST STE 109,,HIALEAH,FL,330152952,3058180863,PRESIDENT,333600000X|3336C0003X,tier_1_primary_pharmacy,Y,Y,
1265664080,"LA PERLA PHARMACY,INC",11180 W FLAGLER ST STE 2,,MIAMI,FL,331741250,3055518419,PRESIDENT,3336C0003X,tier_1_primary_pharmacy,Y,Y,
1336372168,MY COMMUNITY PHARMACY LLC,2615 STATE ROAD 7,SUITE B530,WELLINGTON,FL,33414,5617536768,VICE PRESIDENT/PHARMACIST,3336C0003X,tier_1_primary_pharmacy,Y,Y,
1073746608,UNIVERSAL ARTS PHARMACY INC,14350 NW 56TH CT,UNIT 114,OPA LOCKA,FL,330542353,3055562673,RPH/CEO,333600000X|3336C0003X|3336S0011X|3336C0004X,tier_1_primary_pharmacy,Y,Y,
1396978607,SANTA BARBARA PHARMACY INC,14012 SW 8TH ST,,MIAMI,FL,331843001,3055590010,PRESIDENT,3336C0003X,tier_1_primary_pharmacy,Y,Y,
1851624175,LA ROSA PHARMACY INC,11023 NW 27TH AVE,,MIAMI,FL,331673411,3056880063,PRESIDENT,3336C0003X,tier_1_primary_pharmacy,Y,Y,
1134453806,1ST CHOICE PHARMACY,517 NORTHLAKE BLVD,,NORTH PALM BEACH,FL,334085408,5613403838,PRESIDENT,333600000X|3336C0003X,tier_1_primary_pharmacy,Y,Y,
1447584024,1ST CHOICE PHARMACY,41 E COMMERCIAL BLVD,,FT LAUDERDALE,FL,333341621,9543327885,PRESIDENT,3336C0003X,tier_1_primary_pharmacy,Y,Y,
1811221385,GUDOC PHARMACY PLLC,106 S PARSONS AVE,,BRANDON,FL,335115225,8133813971,MANAGER,3336C0003X,tier_1_primary_pharmacy,Y,Y,
1770818106,SCRIPTS 'R' US PHARMACY LLC,373 CHENEY HWY,,TITUSVILLE,FL,327807272,3212688667,PRESIDENT,3336C0003X,tier_1_primary_pharmacy,Y,Y,
1457686602,KRISHNA PHARMACY LLC,14102 PALM BEACH BLVD,,FORT MYERS,FL,339052244,2393622760,MANAGER,3336C0004X|3336C0003X,tier_1_primary_pharmacy,Y,Y,
1902131717,MG PHARMACY AND DISCOUNT INC.,764 E 10TH ST,,HIALEAH,FL,330103636,7863601253,PRESIDENT,3336C0003X,tier_1_primary_pharmacy,Y,Y,
1336475847,SPECIALTY PHARMACY & DISCOUNT CORP,4501 PALM AVE STE 101,,HIALEAH,FL,330124075,3056980300,OWNER,333600000X,tier_1_primary_pharmacy,Y,Y,
1801122858,"FOCUS ON HEALTH RX, LLC",5301 W BROWARD BLVD,,PLANTATION,FL,333172611,9546151201,MANAGING PARTNER,333600000X,tier_1_primary_pharmacy,Y,Y,
1154658169,JONES TOTAL HEALTH PHARMACY LLC,1130 W SUNRISE BLVD,,FORT LAUDERDALE,FL,333117165,9545331244,OWNER,3336C0003X,tier_1_primary_pharmacy,Y,Y,
1053648907,WEBRX PHARMACY PALACE,6583 GATEWAY AVE,,SARASOTA,FL,342315803,9419068077,OWNER,3336C0003X,tier_1_primary_pharmacy,Y,Y,
1366770901,WILLSON PHARMACY INC,2183 SW 1ST ST,,MIAMI,FL,331351636,3056442929,OWNER,333600000X|3336C0003X,tier_1_primary_pharmacy,Y,Y,
1356679906,A TO Z PHARMACY INC,9039 LITTLE RD,,NEW PORT RICHEY,FL,346544221,3523621499,MANAGER,3336C0003X,tier_1_primary_pharmacy,Y,Y,
1457689812,SUPER SAVER PHARMACY 2 LLC,1800 W OAK RIDGE RD,,ORLANDO,FL,328093962,4074726580,CEO,3336C0003X|333600000X,tier_1_primary_pharmacy,Y,Y,
1487982765,WATSON PHARMACY INC,8058 OLD KINGS RD S,,JACKSONVILLE,FL,322174102,9046195523,PRESIDENT/PHARMACY MANAGER,3336C0003X,tier_1_primary_pharmacy,Y,Y,
1013245877,NELA PHARMACY DISCOUNT AND MEDICAL SUPPLIES INC,2640 SW 137TH AVE,,MIAMI,FL,331756314,3052205599,PRESIDENT,333600000X,tier_1_primary_pharmacy,Y,Y,
1205164019,PRESTIGE PHARMACY AND MEDICAL SUPPLIES,2150 W 76TH ST STE 106,,HIALEAH,FL,330161839,3055583848,PRESIDENT,3336C0003X,tier_1_primary_pharmacy,Y,Y,
1508195769,PREMIER PHARMACY LLC,4307 N ARMENIA AVE,,TAMPA,FL,336076403,8138737470,MANAGER,3336C0003X,tier_1_primary_pharmacy,Y,Y,
1003145079,VALUE RX LLC,141 N OAKWOOD AVE,,BRANDON,FL,335104629,8136842300,OWNER,333600000X|3336C0003X,tier_1_primary_pharmacy,Y,Y,
1558691220,LUTZ PHARMACY LLC,1930 LAND O LAKES BLVD,STE 15,LUTZ,FL,335492999,8139484500,OWNER,333600000X|3336C0003X,tier_1_primary_pharmacy,Y,Y,
1750611331,RESOLVE PHARMACY LLC,501 S LINCOLN AVE,STE 10,CLEARWATER,FL,33756,7272104793,OWNER,3336C0003X,tier_1_primary_pharmacy,Y,Y,
1790015188,LAMBRIGHT PHARMACY,8890 N 56TH ST,,TEMPLE TERRACE,FL,336176265,8139881985,PIC,3336C0004X|3336C0003X,tier_1_primary_pharmacy,Y,Y,
1609106095,Q & A PHARMACY CORP,1420 W WATERS AVE STE 101,,TAMPA,FL,336042830,8134434635,PHARMACY DIRECTOR,333600000X|3336C0003X,tier_1_primary_pharmacy,Y,Y,
1992035182,"MEDROCK PHARMACY, LLC",12540 RACE TRACK RD # D2,,TAMPA,FL,336263106,7272401341,OWNER,3336C0004X|3336M0002X|3336C0003X,tier_1_primary_pharmacy,Y,Y,
1528399474,DJ PHARMACY LLC,5622 MARINE PKWY STE 23,,NEW PORT RICHEY,FL,346524335,7272320646,OWNER,3336C0003X,tier_1_primary_pharmacy,Y,Y,
1417288614,METRO PHARMACY,318 W COLONIAL DR,,ORLANDO,FL,328011109,4076684945,OWNER,3336C0004X|333600000X|3336C0003X,tier_1_primary_pharmacy,Y,Y,
1306177530,CALLAHAN PHARMACY INC,450077 STATE ROAD 200,,CALLAHAN,FL,320113863,9046280365,PRESIDENT/PHARMACIST IN CHARGE,333600000X|3336C0003X,tier_1_primary_pharmacy,Y,Y,
1952633083,FLAGLER PHARMACY INC,6722 W FLAGLER ST,,MIAMI,FL,331442924,3054567987,PRESIDENT,3336C0003X,tier_1_primary_pharmacy,Y,Y,
1093047029,PALMA CEIA HEALTH MART PHARMACY INC,2506 S MACDILL AVE,SUITE A,TAMPA,FL,336297261,8138398700,PRESIDENT/OWNER,333600000X|3336C0003X,tier_1_primary_pharmacy,Y,Y,
1659603223,GALVEZ PHARMACY CORP,137 SW 57TH AVE,,MIAMI,FL,331443411,3054227200,PRESIDENT,333600000X,tier_1_primary_pharmacy,Y,Y,
1255663795,STERLING PHARMACY INC,1090 SW 27TH AVE,,MIAMI,FL,331354634,7863604176,PRESIDENT,333600000X,tier_1_primary_pharmacy,Y,Y,
1366774739,"VILLAGE PHARMACY, LLC",1804 W HILLSBORO BLVD,,DEERFIELD BEACH,FL,334421402,9544283784,MANAGING MEMBER,3336C0003X,tier_1_primary_pharmacy,Y,Y,
1447582655,MIRACLE PHARMACY & DISCOUNT INC,13653 SW 26TH ST,,MIAMI,FL,331756378,3052258700,PRESIDENT,333600000X,tier_1_primary_pharmacy,Y,Y,
1568784692,LA CUBANISIMA PHARMACY DISCOUNT INC,857 PALM AVE,,HIALEAH,FL,330104319,7863606589,PRESIDENT,3336C0003X,tier_1_primary_pharmacy,Y,Y,
1679895767,BRIGHT PHARMACY CORP,632 E 4TH AVE,,HIALEAH,FL,330104402,3058873370,PRESIDENT,3336C0003X,tier_1_primary_pharmacy,Y,Y,
1023330909,HOPKINS PHARMACY INC,4401 S HOPKINS AVE,#102,TITUSVILLE,FL,327806679,3216076802,MANAGER,3336C0003X,tier_1_primary_pharmacy,Y,Y,
1396067799,WECARE PHARMACY LLC,7830 GUNN HWY # A,,TAMPA,FL,336261612,8139086868,PHARMACIST,3336C0004X|3336C0003X|333600000X|3336L0003X,tier_1_primary_pharmacy,Y,Y,
1932421294,SOUTH MIAMI PHARMACY II LLC,7500 NW 26TH ST STE 102,,MIAMI,FL,331221414,3057409744,QUALITY AND PROJECT MANAGER,3336C0003X,tier_1_primary_pharmacy,Y,Y,
1083937395,GOODLIFE PHARMACY INC,8903 GLADES RD STE G13,,BOCA RATON,FL,334344091,5619998855,PRESIDENT,333600000X|3336C0003X,tier_1_primary_pharmacy,Y,Y,
1902129786,MERCY PHARMACY CORP,5524 W FLAGLER ST,,CORAL GABLES,FL,331341078,3058469381,PRESIDENT,3336C0003X,tier_1_primary_pharmacy,Y,Y,
1780907667,QUALITY PHARMACY DISCOUNT CORP,1133 W 29TH ST,,HIALEAH,FL,330125063,3052003853,PHARMACY TECH / PRESIDENT,333600000X|3336C0003X,tier_1_primary_pharmacy,Y,Y,
1558684340,ALLIED PHARMACY INC,3964 CURTISS PKWY,BAY 1,MIAMI SPRINGS,FL,331667108,3056039498,PRESIDENT,3336C0003X,tier_1_primary_pharmacy,Y,Y,
1255654992,JNS RX LLC,10420 US HIGHWAY 301 S,,RIVERVIEW,FL,335785806,8136773800,OWNER/PIC/AO,3336L0003X|333600000X|3336C0003X,tier_1_primary_pharmacy,Y,Y,
1265755748,EXACT DOSE PHARMACY INC,10004 E DR MARTIN LUTHER KING JR BLVD,,TAMPA,FL,336107461,8136267353,PHARMACY MANAGER,333600000X,tier_1_primary_pharmacy,Y,Y,
1124342548,FLORES & MOWATT RX GROUP INC,1475 W OKEECHOBEE RD STE 5,,HIALEAH,FL,330102860,3055410577,PRESIDENT/OWNER,3336C0003X,tier_1_primary_pharmacy,Y,Y,
1336463678,FRIENDLY PHARMACY INC,1623 S ANDREWS AVE,,FT LAUDERDALE,FL,333162509,9549030078,OWNER,333600000X|3336C0003X,tier_1_primary_pharmacy,Y,Y,
1558685800,ARY PHARMACY CORP,4790 NW 7TH ST,106,MIAMI,FL,331262200,3052626722,PRESIDENT/OWNER,333600000X,tier_1_primary_pharmacy,Y,Y,
1245554492,YOUR NEIGHBOR PHARMACY LLC,14447 COUNTRY WALK DR,,MIAMI,FL,331868104,3052540481,PRESIDENT,333600000X,tier_1_primary_pharmacy,Y,Y,
1558685776,WESTSIDE PHARMACY LLC,2977 W COMMERCIAL BLVD,,FT LAUDERDALE,FL,333093502,9544848474,PHARMACIST/OWNER,333600000X|3336C0004X|3336S0011X|3336C0003X,tier_1_primary_pharmacy,Y,Y,
1316261035,ALPHA DRUG INC,1450 OAKFIELD DR,,BRANDON,FL,335114853,8136855454,PHARMACY MANAGER,3336C0003X,tier_1_primary_pharmacy,Y,Y,
1841514460,DIVINE PHARMACY AND HEALTHCARE LLC,6266 S CONGRESS AVE,L-12,LANTANA,FL,334622375,5614206438,MANAGER/OWNER,3336C0003X,tier_1_primary_pharmacy,Y,Y,
1841514346,DAVE PHARMACY LLC,1313 W BOYNTON BEACH BLVD,,BOYNTON BEACH,FL,334263436,9542631514,MANAGER,3336C0003X,tier_1_primary_pharmacy,Y,Y,
1386969665,HUDSON PHARMACY INC,8117 STATE ROAD 52,,HUDSON,FL,346676728,7273785882,CEO,3336C0004X|333600000X|3336C0003X,tier_1_primary_pharmacy,Y,Y,
1285959387,TAMPA EXPRESS PHARMACY,4219 N ARMENIA AVE,,TAMPA,FL,336076428,8134022957,OWNER,3336C0003X,tier_1_primary_pharmacy,Y,Y,
1760707806,305 RX LLC,344 W 65TH ST STE 101,,HIALEAH,FL,330126719,3055583522,OWNER,3336C0003X,tier_1_primary_pharmacy,Y,Y,
1962728360,"PRIME PHARMACY, LLC",7685 103RD ST STE 4,,JACKSONVILLE,FL,32210,9048137634,COO,3336C0004X|333600000X|3336C0003X,tier_1_primary_pharmacy,Y,Y,
1821314196,CITY PHARMACY & DISCOUNT CORP,923 SW 122ND AVE,,MIAMI,FL,331842477,3052003898,PRESIDENT / OWNER,3336C0003X,tier_1_primary_pharmacy,Y,Y,
1861718892,SONEE PHARMACY SERVICES INC,6229 14TH ST W,,BRADENTON,FL,342074611,9417536075,PHARMACY MANAGER,3336C0003X,tier_1_primary_pharmacy,Y,Y,
1134445000,NEW MARGATE PHARMACY INC,2926 N STATE ROAD 7,,MARGATE,FL,330635730,9542479700,PHARMACY MANAGER,3336C0003X,tier_1_primary_pharmacy,Y,Y,
1043536964,AMERICAN PHARMACY SOLUTIONS LLC,5001 COMMERCE PARK CIR,,PENSACOLA,FL,325051659,8502662333,DIRECTOR OF OPERATIONS,3336C0003X,tier_1_primary_pharmacy,Y,Y,
1508183047,TROPICAL PHARMACY,6289 W SUNRISE BLVD,STE 118,PLANTATION,FL,333136154,9547752707,OWNER / PIC,3336C0003X,tier_1_primary_pharmacy,Y,Y,
1376860866,GERMAINE PHARMACY INC,2511 W SWANN AVE STE 102,,TAMPA,FL,33609,8133560370,OWNER,333600000X|3336C0003X,tier_1_primary_pharmacy,Y,Y,
1174840581,PALM PHARMACY,486 PALM AVE,,HIALEAH,FL,330104718,3053920051,PRESIDENT/OWNER,3336C0003X,tier_1_primary_pharmacy,Y,Y,
1851618987,CAMEO PHARMACY LLC,1326 S PINE AVE,# 202,OCALA,FL,344716542,3524332990,PRESIDENT,3336C0003X,tier_1_primary_pharmacy,Y,Y,
1659698405,"KEOPS PHARMACY, LLC",31 NW 27TH AVE,,MIAMI,FL,331255111,3056490030,PRESIDENT,3336C0003X,tier_1_primary_pharmacy,Y,Y,
1093032823,SAMPLE SQUARE PHARMACY,428 E SAMPLE RD,,POMPANO BEACH,FL,330644424,9545735083,OWNER,3336C0003X,tier_1_primary_pharmacy,Y,Y,
1699094516,NORTH BROWARD PHARMACY,428 E SAMPLE RD,,POMPANO BEACH,FL,330644424,9548761279,PRESIDENT/OWNER,333600000X,tier_1_primary_pharmacy,Y,Y,
1003135872,COMFORT PHARMACY CORP,8300 W FLAGLER ST,SUITE 210,MIAMI,FL,331446000,7865472382,PRESIDENT,3336C0003X,tier_1_primary_pharmacy,Y,Y,
1811216005,HP PHARMACY,8730 49TH ST. N,SUITE 1,PINELLAS PARK,FL,33782,7279548857,PHARMACY MANAGER,3336C0003X,tier_1_primary_pharmacy,Y,Y,
1336468511,WELLCARE PHARMACY SERVICES INC,13733 N US HIGHWAY 441,,LADY LAKE,FL,321598981,3523915533,OWNER,3336C0004X|3336S0011X|3336C0003X,tier_1_primary_pharmacy,Y,Y,
1346560109,VILLAGE PHARMACY LLC,1804 W HILLSBORO BLVD,,DEERFIELD BEACH,FL,334421402,9544283784,OWNER/MANAGER,3336C0003X,tier_1_primary_pharmacy,Y,Y,
1013237668,IMMOKALEE PHARMACY LLC,1201 PIPER BLVD,UNIT 12,NAPLES,FL,34110,2396586123,OWNER,3336C0003X|333600000X,tier_1_primary_pharmacy,Y,Y,
1558681056,MEDPOINT PHARMACY INCORPORATED,23020 SANDALFOOT PLAZA DR,,BOCA RATON,FL,334286654,5614512111,MANAGER,333600000X|3336C0003X,tier_1_primary_pharmacy,Y,Y,
1912227398,URJA PHARMACY INC,219 S MAIN ST,,WILLISTON,FL,326962657,3525296966,OWNER,333600000X|3336C0003X,tier_1_primary_pharmacy,Y,Y,
1538489703,SANTOS PHARMACY INC,6601 SW 8TH ST,#4,MIAMI,FL,331444851,3052621145,PRESIDENT/OWNER,333600000X,tier_1_primary_pharmacy,Y,Y,
1164742334,GULF PHARMACY CORP,340 W 23RD ST,SUITE D2,PANAMA CITY,FL,324057600,8502159900,OWNER,333600000X|3336C0003X,tier_1_primary_pharmacy,Y,Y,
1144541830,MALABAR PHARMACY LLC,930 MALABAR RD SE,STE 1,PALM BAY,FL,329073252,3217750911,PHARMACY MANAGER,3336S0011X|3336L0003X|3336C0004X|3336C0003X,tier_1_primary_pharmacy,Y,Y,
1457672057,MD FAMILY PHARMACY,1100 N JOHN YOUNG PKWY,,KISSIMMEE,FL,347414201,4073430099,PRESIDENT,3336C0003X,tier_1_primary_pharmacy,Y,Y,
1568783918,PEOPLES CHOICE PHARMACY LLC,7142 N UNIVERSITY DR,,TAMARAC,FL,333212916,9547226460,OWNER,3336C0003X,tier_1_primary_pharmacy,Y,Y,
1588985824,HEARTLAND DISCOUNT PHARMACY LLC,407 S PARROTT AVE,,OKEECHOBEE,FL,349744342,8637637633,PHARMACY MANAGER,333600000X|3336C0004X|3336C0003X,tier_1_primary_pharmacy,Y,Y,
1912218108,PEAK PHARMACY INC,7732 W. HIILLSBOROUGH AVE,,TAMPA,FL,33615,8134430833,CEO/PRESCRIPTION DEPARTMENT MANAGE,333600000X,tier_1_primary_pharmacy,Y,Y,
1285945386,SWASTIK RX LLC,2110 MANATEE AVE E,,BRADENTON,FL,342081660,8135795344,PHARMACY MANAGER,3336C0003X,tier_1_primary_pharmacy,Y,Y,
1952612970,"1 OLD RIVER PHARMACY, LLC",1879 NW 7TH ST,,MIAMI,FL,331253503,3054776507,PRESIDENT,3336C0003X,tier_1_primary_pharmacy,Y,Y,
1942511043,ALLZ WELL PHARMACY LLC,821 E OAKLAND PARK BLVD,,OAKLAND PARK,FL,333342752,9547691098,MANAGING MEMBER,3336L0003X|3336H0001X|333600000X|3336C0003X,tier_1_primary_pharmacy,Y,Y,
1831400282,"THE HOUSE PHARMACY, INC",1554 W 68TH ST,,HIALEAH,FL,330143810,3058211275,PRESIDENT,3336C0003X,tier_1_primary_pharmacy,Y,Y,
1760793111,CAREPLUS RX CORP,701 W DR MARTIN LUTHER KING JR BLVD STE 1,,TAMPA,FL,336033100,8138490991,PRESIDENT/PHARMACIST,3336C0004X|3336C0003X|3336L0003X|3336S0011X|333600000X,tier_1_primary_pharmacy,Y,Y,
1164734927,RAGHAVENDRA PHARMACY INC,5431 N STATE ROAD 7,,TAMARAC,FL,333192921,9544854903,VICE PRESIDENT,333600000X|3336C0003X,tier_1_primary_pharmacy,Y,Y,
1043522782,NEIGHBOURHOOD PHARMACY,1497 N NEBRASKA AVE,,TAMPA,FL,336022847,8133748955,PHARMACIST  IN CHARGE,3336C0003X,tier_1_primary_pharmacy,Y,Y,
1548572092,NMB GENERICS PHARMACY,16600 N MIAMI AVE,,MIAMI,FL,331696026,3059744510,OWNER,3336M0002X|3336C0003X,tier_1_primary_pharmacy,Y,Y,
1659683043,LAUDERHILL PHARMACY LLC,5368 N UNIVERSITY DR,,LAUDERHILL,FL,333515020,9547462728,PHARMACIST,333600000X|3336C0004X|3336S0011X|3336C0003X,tier_1_primary_pharmacy,Y,Y,
1689987729,MD FAMILY PHARMACY,12981 S ORANGE BLOSSOM TRL,,ORLANDO,FL,328376592,4078162999,CEO,3336C0003X,tier_1_primary_pharmacy,Y,Y,
1912210758,ALEXANDER PHARMACY LLP,6540 PARK BLVD N,,PINELLAS PARK,FL,337813142,7276230962,PRES / MANAGING MBR,333600000X|3336C0003X,tier_1_primary_pharmacy,Y,Y,
1538472261,REPUBLIC PHARMACY,106 S PARSONS AVE,SUITE B,BRANDON,FL,335115225,8136534802,OWNER,3336C0003X,tier_1_primary_pharmacy,Y,Y,
1669785168,MANGO PHARMACY LLC,11509 DR MARTIN LUTHER KING JR BLVD,,MANGO,FL,33550,8136612263,OWNER,333600000X|3336C0003X,tier_1_primary_pharmacy,Y,Y,
1578877023,FIRST CHOICE PHARMACY DISCOUNT CORP,2900 WEST 12 AVE,UNIT 4,HIALEAH,FL,33012,3058882000,OWNER,3336C0003X,tier_1_primary_pharmacy,Y,Y,
1346554433,1ST COMMUNITY PHARMACY LLC,2775 OLD WINTER GARDEN RD,,OCOEE,FL,347612995,4076560641,PHARMACY MANAGER,3336C0004X|333600000X|3336C0003X,tier_1_primary_pharmacy,Y,Y,
1295049344,"HOPE PHARMACY OF FLORIDA, INC",6834 GALL BLVD STE 105,,ZEPHYRHILLS,FL,335422506,8139433172,RPH,3336C0003X,tier_1_primary_pharmacy,Y,Y,
1942514526,ALLSTATE PHARMACY CORP,4567 NW 7TH ST,,MIAMI,FL,331262306,3054432442,ADMINISTRATOR,3336C0003X,tier_1_primary_pharmacy,Y,Y,
1811201452,WELLNESS PHARMACY INC,120 W BOUGAINVILLEA AVE,,TAMPA,FL,336127437,8137748856,OWNER/PIC/AO,333600000X|3336S0011X|3336C0003X,tier_1_primary_pharmacy,Y,Y,
1861706442,AMERICAN DOLLAR PHARMACY CORP,5339 W 20TH AVE UNIT A,,HIALEAH,FL,330122100,3058700118,OWNER,333600000X|3336C0003X,tier_1_primary_pharmacy,Y,Y,
1982918512,KIARA DISCOUNT PHARMACY COR,9620 SW 72ND ST,,MIAMI,FL,331733250,7862014666,PRESIDENT,333600000X,tier_1_primary_pharmacy,Y,Y,
1235444183,COCOA BEACH DISCOUNT PHARMACY LLC,291 W COCOA BEACH CSWY,,COCOA BEACH,FL,329313529,3217992030,PHARMACY MANAGER,3336C0004X|333600000X|3336C0003X,tier_1_primary_pharmacy,Y,Y,
1003121856,CITY DISCOUNT PHARMACY,1260 US HIGHWAY 1,,ROCKLEDGE,FL,329552728,3218063972,PHARMACIST,3336C0003X,tier_1_primary_pharmacy,Y,Y,
1417263104,BLUE STAR PHARMACY INC,3009 SW 107TH AVE,,MIAMI,FL,331652434,3052221818,PRESIDENT,333600000X|3336C0003X,tier_1_primary_pharmacy,Y,Y,
1336455096,"SYNERGY PHARMACY SERVICES, INC.",31201 US HIGHWAY 19 N STE 2,,PALM HARBOR,FL,346844422,8889185024,PIC,3336C0004X|3336H0001X|3336S0011X|3336L0003X|3336C0003X|333600000X,tier_1_primary_pharmacy,Y,Y,
1922314509,"MARIA ANGELICA PHARMACY & DISCOUNT, INC.",11355 W FLAGLER ST,,MIAMI,FL,331741196,3052228088,OWNER,3336C0003X,tier_1_primary_pharmacy,Y,Y,
1497061923,IN-TOWN PHARMACY INC.,1381 S POWERLINE RD,,POMPANO BEACH,FL,330694313,9549572990,PRESIDENT,333600000X|3336C0004X|3336S0011X|3336C0003X,tier_1_primary_pharmacy,Y,Y,
1659687119,DOCTOR DIABETIC PHARMACY INC,100 NE 28TH ST,,MIAMI,FL,331374423,8888297581,SR. VP PHARMACY OPERATION,3336C0003X,tier_1_primary_pharmacy,Y,Y,
1154637551,W.A.P. PHARMACY INC,437 E ATLANTIC BLVD STE 1A-1B,,POMPANO BEACH,FL,330606214,5614960338,PRESIDENT,333600000X,tier_1_primary_pharmacy,Y,Y,
1033425079,SAVE-RITE PHARMACY INC,7402 N 56TH ST,SUITE # 907,TAMPA,FL,336177733,8136231800,PRESIDENT,333600000X,tier_1_primary_pharmacy,Y,Y,
1134435951,PHARMACY PARTNERS,901 N CONGRESS AVE STE B101,,BOYNTON BEACH,FL,334263317,5617347433,PRESIDENT,3336C0003X,tier_1_primary_pharmacy,Y,Y,
1083921860,MEDOZ PHARMACY OF OSCEOLA INC,720 W OAK ST,STE 114,KISSIMMEE,FL,347414989,4073742550,CEO,3336C0004X|333600000X|3336C0002X|3336C0003X,tier_1_primary_pharmacy,Y,Y,
1801103486,TRUST PHARMACY LLC,36515 US HIGHWAY 19 N,,PALM HARBOR,FL,346841340,7277817400,PHARMACY MANAGER,333600000X|3336C0003X,tier_1_primary_pharmacy,Y,Y,
1427365972,MEDWINS PHARMACY INC,740 W MAIN ST,,HAINES CITY,FL,338444116,8634197777,PHARMACY MANAGER,3336C0003X,tier_1_primary_pharmacy,Y,Y,
1487961900,A-1 PHARMACY,265 NE 24TH ST STE 106,,MIAMI,FL,331375040,7862755395,PRES,3336C0003X,tier_1_primary_pharmacy,Y,Y,
1437466968,SOUTHERN STATES PHARMACY,4047 OKEECHOBEE BLVD,SUITE #120,WEST PALM BEACH,FL,334093239,5614873808,OWNER,3336C0003X,tier_1_primary_pharmacy,Y,Y,
1447567938,M & M PHARMACY LLC,283 NW 82ND AVE,,MIAMI,FL,331268339,3052662458,REGISTERED AGENT,3336C0003X,tier_1_primary_pharmacy,Y,Y,
1063729226,US-RX DISTRIBUTION LLC,1846 N PINE ISLAND RD,,PLANTATION,FL,333225202,9547416644,OWNER/MEMBER,333600000X|3336S0011X|3336C0003X,tier_1_primary_pharmacy,Y,Y,
1861700791,CHARLES PLAZA PHARMACY INC,5448 N UNIVERSITY DR,,LAUDERHILL,FL,333515006,9546260626,PRESIDENT,3336C0003X,tier_1_primary_pharmacy,Y,Y,
1417265265,EZ CARE PHARMACY INC,3353 SHERIDAN ST STE D,,HOLLYWOOD,FL,330213632,9549810614,OWNER,3336L0003X|3336C0003X,tier_1_primary_pharmacy,Y,Y,
1134437650,VALUE RX ZEPHYRHILLS LLC,38160 MEDICAL CENTER AVE,,ZEPHYRHILLS,FL,335401380,8137885000,MANAGING MEMBER,3336C0003X,tier_1_primary_pharmacy,Y,Y,
1891003364,"COSTASUR PHARMACY, INC.",3421 SW 8TH ST,,MIAMI,FL,331354107,7867129463,PRESIDENT,3336C0003X,tier_1_primary_pharmacy,Y,Y,
1568770048,RX OF BOCA,5801 N FEDERAL HWY,,BOCA RATON,FL,334874049,5619992100,SUPERVISING MANAGER,3336C0003X,tier_1_primary_pharmacy,Y,Y,
1134437403,EMERALD HILLS PHARMACY LLC,3000 STIRLING RD,STE 120,HOLLYWOOD,FL,330212069,9549833336,MANAGER,3336C0003X,tier_1_primary_pharmacy,Y,Y,
1619285988,COUNTRY VALUE PHARMACY LLC,6201 N FEDERAL HWY,,BOCA RATON,FL,334873200,5619950355,MANAGER,333600000X|3336C0003X,tier_1_primary_pharmacy,Y,Y,
1487962676,FAMILY PHARMACY LLC,3230 W BROWARD BLVD,,FT LAUDERDALE,FL,333121113,8558737989,OWNER/PRESIDENT,3336S0011X|333600000X|3336C0003X,tier_1_primary_pharmacy,Y,Y,
1952619033,BLACK & WHITE PHARMACY CORP,8381 BIRD RD,,MIAMI,FL,331553353,3055452108,PRESIDENT,3336S0011X|3336C0003X,tier_1_primary_pharmacy,Y,Y,
1366750473,KEZIT DISCOUNT PHARMACY,12813 W DIXIE HWY,,NORTH MIAMI,FL,331614807,3054566844,PHARMACIST,3336C0003X,tier_1_primary_pharmacy,Y,Y,
1629387642,CORAL PHARMACY LLC,5581 SW 8TH ST,,CORAL GABLES,FL,331342219,4076900537,MANAGER,3336C0003X,tier_1_primary_pharmacy,Y,Y,
1730498288,BEACHES PHARMACY LLC,4717 SAN JUAN AVE UNIT 1,,JACKSONVILLE,FL,322103229,8505457646,PHARMACIST,3336C0003X,tier_1_primary_pharmacy,Y,Y,
1083923361,ALPHA PHARMACY & DISCOUNT INC,5927 SW 8TH ST,,WEST MIAMI,FL,331445037,3053920284,PRESIDENT,3336C0003X,tier_1_primary_pharmacy,Y,Y,
1588974604,GARCIA PHARMACY & DISCOUNT CORP,138 BEACOM BLVD,,MIAMI,FL,331351534,3056496500,PRESIDENT,3336C0003X,tier_1_primary_pharmacy,Y,Y,
1316257264,EXPRESSCARE PHARMACY INC,3340 GRIFFIN RD,,FORT LAUDERDALE,FL,333125519,9543998003,OWNER,3336M0002X|333600000X|3336C0003X,tier_1_primary_pharmacy,Y,Y,
1346550209,MACCLENNY PHARMACY COMPANY,1254 S 6TH ST,D-1,MACCLENNY,FL,320634619,9042591116,PHARMACY MANAGER,333600000X,tier_1_primary_pharmacy,Y,Y,
1962712562,SUNSHINE PHARMACY RX INC,607 E ALEXANDER ST,,PLANT CITY,FL,335637126,8137031500,PHARMACIST PDM,333600000X|3336C0004X|3336C0003X,tier_1_primary_pharmacy,Y,Y,
1023328705,EHP PHARMACY INC,4853 NW 36TH ST,,MIAMI SPRINGS,FL,331666001,3058882780,PRESIDENT,3336C0003X,tier_1_primary_pharmacy,Y,Y,
1679883292,"TEAMCARE PHARMACY SERVICES, INC",12240 SW 128TH CT,UNIT 107,MIAMI,FL,331864781,3059692270,PRESIDENT,333600000X|3336C0004X|3336H0001X|3336S0011X,tier_2_secondary_pharmacy,N,Y,
1821308305,PEPPER TREE PHARMACY,1907 SE 58TH AVE,ROLLING GREENS SHOPPING CENTER,OCALA,FL,344805847,3526225601,PHARMACY MANAGER,3336C0004X|3336C0003X,tier_1_primary_pharmacy,Y,Y,
1841500220,"HOWARD'S PHARMACY, INC.",823 NW 119TH ST,,NORTH MIAMI,FL,331682336,3056858808,PHARMACY MANAGER/OWNER,3336C0003X,tier_1_primary_pharmacy,Y,Y,
1457661746,RITZ PHARMACY INC,2173 W FLAGLER ST,,MIAMI,FL,331351638,3056432906,PRESIDENT,333600000X|3336C0003X,tier_1_primary_pharmacy,Y,Y,
1467752691,BREVARD PHARMACY LLC,6250 N US HIGHWAY 1,,COCOA,FL,329274926,3213056975,OWNER,333600000X|3336C0004X|3336C0003X,tier_1_primary_pharmacy,Y,Y,
1356641559,COUNTRY CLUB PHARMACY AND DISCOUNT INC,5911 NW 173RD DR,# 6,HIALEAH,FL,330155121,3058288600,PRESIDENT,3336C0003X,tier_1_primary_pharmacy,Y,Y,
1548560725,PAS RX LLC,2224 STATE ROAD 60 E,,VALRICO,FL,335943703,8136817800,OWNER/MANAGER,3336C0003X,tier_1_primary_pharmacy,Y,Y,
1043510233,RX PHARMACY & SUPPLIES CORP,4888 NW 7TH ST,,MIAMI,FL,331262102,3054428101,PRESIDENT,3336C0003X,tier_1_primary_pharmacy,Y,Y,
1770883613,"BLANDING HEALTH MART PHARMACY, LLC",5136 BLANDING BLVD,,JACKSONVILLE,FL,322107894,9047772223,OWNER,333600000X,tier_1_primary_pharmacy,Y,Y,
1639479512,RX DEPOT CORP,5559 N STATE ROAD 7,,FORT LAUDERDALE,FL,333192923,9543066306,PRESIDENT,3336C0003X,tier_1_primary_pharmacy,Y,Y,
1326348921,ORLANDO DISCOUNT PHARMACY INC,419 E MICHIGAN ST STE 4,,ORLANDO,FL,328064511,4074126912,OWNER,333600000X|3336S0011X|3336C0003X,tier_1_primary_pharmacy,Y,Y,
1780984443,LILY & ROSY PHARMACY DISCOUNT CORP,4254 W 12TH AVE,,HIALEAH,FL,330124108,3058269967,PRESIDENT,3336C0003X,tier_1_primary_pharmacy,Y,Y,
1467752014,FIRST CHOICE PHARMACY DISCOUNT II CORP,464 W 29TH ST,,HIALEAH,FL,330125729,9546350397,PRESIDENT,3336C0003X,tier_1_primary_pharmacy,Y,Y,
1083914477,PRONTO PHARMACY LLC,1461 W BUSCH BLVD,,TAMPA,FL,336127601,8134430970,OWNER,3336C0003X,tier_1_primary_pharmacy,Y,Y,
1740580083,JOES PHARMACY INC,1554 W 68TH ST,,HIALEAH,FL,330143810,3054776507,PRESIDENT,3336C0003X,tier_1_primary_pharmacy,Y,Y,
1073813309,CUMBERLAND PHARMACY LLC,1047 W BUSCH BLVD,,TAMPA,FL,336127703,8139917233,PHARMACIST/OWNER/AUTHORIZED OFFICER,3336C0003X|333600000X,tier_1_primary_pharmacy,Y,Y,
1821399114,DOLLAR RX PHARMACY,2950 WINKLER AVE # 701,,FORT MYERS,FL,33916,2392457276,PRESIDENT/OWNER,333600000X,tier_1_primary_pharmacy,Y,Y,
1801197132,CAREMED PHARMACY LLC,8600 NW 17TH ST STE 100,,DORAL,FL,331261038,3054551250,OWNER/CEO,3336C0003X,tier_1_primary_pharmacy,Y,Y,
1306147319,SHREY PHARMACY LLC,5340 SPRING HILL DR,,SPRING HILL,FL,346064562,3526104437,PHARMACY MANAGER,3336L0003X|3336C0003X,tier_1_primary_pharmacy,Y,Y,
1861793655,ARIA PHARMACY SERVICES LLC,3633 CORTEZ RD W STE B9,,BRADENTON,FL,342103156,9419149991,PHARMACY MANAGER,3336C0004X|3336L0003X|333600000X|3336C0003X,tier_1_primary_pharmacy,Y,Y,
1639470362,"ADVANCED MEDICAL PHARMACY, INC.",1129 NIKKI VIEW DR,,BRANDON,FL,335114879,8133742065,CEO,3336C0004X|333600000X,tier_1_primary_pharmacy,Y,Y,
1215238928,PURE PHARMACY LLC,959 WEST AVE STE 16,,MIAMI BEACH,FL,331395214,3055321300,"OWNER,PIC,AO",3336C0003X,tier_1_primary_pharmacy,Y,Y,
1568763910,ALEX & FABY PHARMACY DISCOUNT CORP,3740 W 12TH AVE,,HIALEAH,FL,330124126,3052312571,PRESIDENT,3336C0003X,tier_1_primary_pharmacy,Y,Y,
1386946580,RX ONE PHARMACY LLC,717 W LANCHESTER RD,,ORLANDO,FL,32809,4078554770,OWNER,3336C0004X|3336S0011X|3336C0003X,tier_1_primary_pharmacy,Y,Y,
1881996924,PATRIOT DISCOUNT PHARMACY,10071 PINES BLVD,UNIT D,PEMBROKE PINES,FL,330246181,5617342022,D,333600000X,tier_1_primary_pharmacy,Y,Y,
1073815106,LIBERTY PHARMACY LLC,5443 N FEDERAL HWY,,FT LAUDERDALE,FL,333083206,9545432991,MGR,333600000X,tier_1_primary_pharmacy,Y,Y,
1164724167,DRUG WORLD,8050 ABERDEEN DR,#201,BOYNTON BEACH,FL,334722915,3053741029,P,333600000X,tier_1_primary_pharmacy,Y,Y,
1508168576,BLUE SKY DISCOUNT PHARMACY LLC,115 HICKORY ST,SUITE #101,WEST MELBOURNE,FL,329043505,3219140823,OWNER,333600000X,tier_1_primary_pharmacy,Y,Y,
1871895847,"PHARMACY DEPOT, LLC",1304A E ATLANTIC BLVD,,POMPANO BEACH,FL,330606745,9546500823,MANAGING MEMBER,333600000X,tier_1_primary_pharmacy,Y,Y,
1427350479,"SUNRISE NATURAL PHARMACY, LLC",925 N FEDERAL HWY,,FT LAUDERDALE,FL,333042706,3053741029,MGRM,333600000X,tier_1_primary_pharmacy,Y,Y,
1942502919,"MARGATE DISCOUNT PHARMACY, LLC",2726 N STATE ROAD 7,,MARGATE,FL,330635726,5618868723,MGR,333600000X,tier_1_primary_pharmacy,Y,Y,
1588966568,MAHIMN RX LLC,1905 W STATE ROAD 434,,LONGWOOD,FL,327506015,4073505925,OPERATIONS MANAGER /OWNER,333600000X|3336C0003X,tier_1_primary_pharmacy,Y,Y,
1285936179,JENNIFER'S PHARMACY DISCOUNT CORP,425 SW 22ND AVE,E-1,MIAMI,FL,331353100,7864017158,OWNER,3336C0003X,tier_1_primary_pharmacy,Y,Y,
1275835019,"CLINICAL CARE PHARMACY, LLC",4765 W. 8TH AVENUE,SUITE 303,HIALEAH,FL,330123554,7864549852,CFO,333600000X|3336C0003X,tier_1_primary_pharmacy,Y,Y,
1386946044,"BETTER LIFE PHARMACY, INC.",6741 CORAL WAY,"STE 52, 53",MIAMI,FL,331551762,3052666277,PRESIDENT,333600000X,tier_1_primary_pharmacy,Y,Y,
1952603789,EASYCARE PHARMACY INC,210 S KINGS AVE,UNIT L,BRANDON,FL,335115705,8133813963,PHARMACY MANAGER,3336C0003X,tier_1_primary_pharmacy,Y,Y,
1922300565,JOSEPHS PHARMACY LLC,3130 N PACE BLVD,,PENSACOLA,FL,325055140,8503326998,PHARMACIST IN CHARGE,3336C0003X,tier_1_primary_pharmacy,Y,Y,
1699078055,TOPCARE PHARMACY LLC,430 COLLEGE DR STE 116,,MIDDLEBURG,FL,320688532,9043751591,OWNER,3336C0003X,tier_1_primary_pharmacy,Y,Y,
1578866869,GOOD-SIGHT PHARMACY INC,5554 SW 8TH ST,,CORAL GABLES,FL,331342220,3056482520,PRESIDENT,3336C0003X,tier_1_primary_pharmacy,Y,Y,
1881997146,A PLUS PHARMACY LLC,5933 S CONGRESS AVE,,ATLANTIS,FL,334621303,5614322121,VICE PRESIDENT,3336C0003X,tier_1_primary_pharmacy,Y,Y,
1437452661,LILY & ROSY PHARMACY DISCOUNT CORP.,4254 W 12TH AVE,,HIALEAH,FL,330124108,3058269967,PRESIDENT,3336C0003X,tier_1_primary_pharmacy,Y,Y,
1790088805,YOUR FRIENDLY PHARMACY INC,458 W HILLSBORO BLVD,458 B,DEERFIELD BEACH,FL,334411604,9544205273,PRESIDENT/OWNER,3336C0003X,tier_1_primary_pharmacy,Y,Y,
1467755488,"SOUTHCARE PHARMACY, INC.",6450 38TH AVE N STE 110,,ST PETERSBURG,FL,337101649,7273443902,OWNER,3336L0003X|333600000X|3336C0003X,tier_1_primary_pharmacy,Y,Y,
1376846394,SUPER SAVER PHARMACY 4 LLC,1977 ALAFAYA TRL STE 1121,,OVIEDO,FL,327654522,4075932844,OWNER,333600000X|3336C0004X|3336M0002X|3336C0003X,tier_1_primary_pharmacy,Y,Y,
1922301829,"PROGRESSIVE PHARMACY SOLUTIONS, INC.",29448 STATE ROAD 54,,WESLEY CHAPEL,FL,335434226,8139732782,PRESIDENT,3336C0003X,tier_1_primary_pharmacy,Y,Y,
1043513864,TREASURE ISLAND PHARMACY CARE INC,1630 79TH STREET CSWY,,NORTH BAY VILLAGE,FL,331414132,3058686144,PRESIDENT,3336C0003X,tier_1_primary_pharmacy,Y,Y,
1023311792,L & E PHARMACY CORP,11023 NW 27TH AVE,,MIAMI,FL,331673411,7865365217,PRESIDENT,3336C0003X,tier_1_primary_pharmacy,Y,Y,
1154624856,APOTHECARY PHARMACY LLC,4749 34TH ST S,,ST PETERSBURG,FL,337114507,7273298868,OWNER/PRESIDENT,333600000X|3336C0003X,tier_1_primary_pharmacy,Y,Y,
1215230875,AADESH RX LLC,518 S 6TH AVE,,WAUCHULA,FL,338733211,8637743536,PHARMACIST,333600000X|3336C0004X|3336L0003X|3336S0011X|3336C0003X,tier_1_primary_pharmacy,Y,Y,
1831493428,LOLA PHARMACY CORP,23 SW 8TH AVE,,MIAMI,FL,331301213,3053251990,PRESIDENT,3336C0003X,tier_1_primary_pharmacy,Y,Y,
1811291412,MILLENIUM PHARMACY INC,836 W FLAGLER ST,,MIAMI,FL,331301222,7862265683,PRESIDENT,3336C0003X,tier_1_primary_pharmacy,Y,Y,
1053615567,SCRIPT CHOICE PHARMACY LLC,1721 W FLETCHER AVE,,TAMPA,FL,336121820,8133749944,PHARMACIST IN CHARGE,3336C0003X,tier_1_primary_pharmacy,Y,Y,
1427352939,PREMIER FAMILY PHARMACY,159 N STATE RD 7,,PLANTATION,FL,33317,9545878282,PHARMACIST,333600000X,tier_1_primary_pharmacy,Y,Y,
1427352798,"RX 4 LESS, INC",932 W HALLANDALE BEACH BLVD,,HALLANDALE BEACH,FL,330095241,3052982400,OWNER,333600000X,tier_1_primary_pharmacy,Y,Y,
1417251786,FEDERAL DISCOUNT PHARMACY INC,229 S FEDERAL HWY,,POMPANO BEACH,FL,330625322,9545323943,PHARMACY MANAGER,3336C0003X,tier_1_primary_pharmacy,Y,Y,
1144524471,"F & J PHARMACY, INC",6477 STIRLING RD,,DAVIE,FL,333147126,9542941313,OWNER,3336C0003X,tier_1_primary_pharmacy,Y,Y,
1184928442,MIDTOWN MIAMI RX LLC,3800 N MIAMI AVE,STE A,MIAMI,FL,331272906,3056038965,OWNER,3336C0003X,tier_1_primary_pharmacy,Y,Y,
1881998938,JAI MARUTI RX LLC,9323 LEM TURNER RD,,JACKSONVILLE,FL,322082274,9042228490,PHARMACY MANAGER,333600000X|3336C0003X,tier_1_primary_pharmacy,Y,Y,
1568766228,SAR PHARMACY DISCOUNT INC,2089 SW 67TH AVE,,MIAMI,FL,331551835,3052636632,PRESIDENT,3336C0003X,tier_1_primary_pharmacy,Y,Y,
1437454154,GOLDEN OWL PHARMACY & DISCOUNT CORP,1874 SW 57TH AVE,,MIAMI,FL,331552139,3052636646,PRESIDENT,3336C0003X,tier_1_primary_pharmacy,Y,Y,
1053616771,MY PHARMACY RX FL LLC,616 21ST ST,,VERO BEACH,FL,329600951,7725620000,OWNER/ MANAGER,3336C0003X,tier_1_primary_pharmacy,Y,Y,
1124323613,PHARMACY CHOICE INC,14583 SOUTHERN BLVD,,LOXAHATCHEE,FL,334709222,5617933300,PHARM.D.,333600000X|3336C0003X,tier_1_primary_pharmacy,Y,Y,
1154626513,BEST SOLUTION DRUG STORE INC,10920 W FLAGLER ST,207-208,MIAMI,FL,331741278,3052294051,PRESIDENT,3336C0003X,tier_1_primary_pharmacy,Y,Y,
1033414339,V & T PHARMACY INC,4040 W WATERS AVE STE 105,,TAMPA,FL,336148155,8134434732,PHARMACIST/OWNER,3336C0003X,tier_1_primary_pharmacy,Y,Y,
1811292808,OMA PHARMACY INC,2736 SW 137TH AVE,,MIAMI,FL,331756638,3054851720,PRESIDENT,3336C0003X,tier_1_primary_pharmacy,Y,Y,
1356646376,PHARMACY PLUS INC,7645 MERRILL RD STE 210,,JACKSONVILLE,FL,322776574,9044428822,PRESIDENT,3336C0003X,tier_1_primary_pharmacy,Y,Y,
1447555453,"DIRECT PHARMACY SOURCE, INC",3540 NW 56TH ST STE 204,,FORT LAUDERDALE,FL,333092260,8773673479,CEO,3336C0003X,tier_1_primary_pharmacy,Y,Y,
1457656498,MEF PHARMACY CORP,10468 TAFT ST,,PEMBROKE PINES,FL,330262819,9544048025,OWNER,3336C0003X,tier_1_primary_pharmacy,Y,Y,
1457656373,MY PHARMACY OF TAMPA LLC,7108 CAUSEWAY BLVD,,TAMPA,FL,336196364,8136284441,PHARMACY MANAGER,333600000X|3336S0011X|3336C0003X,tier_1_primary_pharmacy,Y,Y,
1639474489,PHYSICIAN CHOICE PHARMACY LLC,4529 N PINE ISLAND RD,,SUNRISE,FL,333515376,8883892014,"MANAGER, AO",3336C0003X|333600000X|3336M0002X,tier_1_primary_pharmacy,Y,Y,
1285939058,"BEACH PHARMACY, INC",1364 NE 163RD ST,,NORTH MIAMI BEACH,FL,331624623,3059452818,OWNER,333600000X,tier_1_primary_pharmacy,Y,Y,
1679879357,P Y PHARMACY DISCOUNT INC,1555 SW 8TH ST,,MIAMI,FL,331355218,7862291099,PRESIDENT/OWNER,333600000X,tier_1_primary_pharmacy,Y,Y,
1790081297,MIAMI BEACH COMMUNITY HEALTH CENTER PHARMACY INC,11645 BISCAYNE BLVD STE 102,,NORTH MIAMI,FL,331813138,3055388835,CHIEF EXECUTIVE OFFICER,333600000X|3336C0003X,tier_1_primary_pharmacy,Y,Y,
1508162017,VIP PHARMACY OF LAKE WORTH,3093 LAKE WORTH RD,,PALM SPRINGS,FL,334613631,5614339933,OWNER,333600000X,tier_1_primary_pharmacy,Y,Y,
1376849810,VIP PHARMACY INC,5669 NW 195TH DR,,MIAMI GARDENS,FL,330556112,3059611629,OWNER,3336C0003X,tier_1_primary_pharmacy,Y,Y,
1881990265,ST.MARY PHARMACY II,30606 US HIGHWAY 19 N,,PALM HARBOR,FL,346844414,7277739000,PHARMACIST,3336C0003X,tier_1_primary_pharmacy,Y,Y,
1336445659,CVH PHARMACY DISCOUNT INC,4811 NW 183RD ST,,MIAMI GARDENS,FL,330552955,3059745098,OWNER,3336C0003X,tier_1_primary_pharmacy,Y,Y,
1407152770,"ST. ANTHONY'S PHARMACY, LLC",6512 US HIGHWAY 19,,NEW PORT RICHEY,FL,346522236,7278487722,PRESIDENT,333600000X|3336C0003X,tier_1_primary_pharmacy,Y,Y,
1316243686,AADESH RX LLC,907 10TH ST E,,PALMETTO,FL,342214131,9414044121,PRESIDENT,3336C0004X|333600000X|3336L0003X|3336C0003X,tier_1_primary_pharmacy,Y,Y,
1174829352,"RX CARE OF TAMPA, LLC",2235 CENTRAL AVE STE A,,ST PETERSBURG,FL,337138844,8132496593,CHIEF EXECUTIVE OFFICER,3336C0003X|333600000X,tier_1_primary_pharmacy,Y,Y,
1891091914,BIRD ROAD PHARMACY,8428 SW 40TH ST,,MIAMI,FL,331553226,3055513040,OWNER,3336C0003X,tier_1_primary_pharmacy,Y,Y,
1205132362,G & E PHARMACY CORP,2666 SW 97 AVE,,MIAMI,FL,33165,7863337856,PRESIDENT,333600000X,tier_1_primary_pharmacy,Y,Y,
1982900981,WELLGISTICS PHARMACY LLC,354 EAGLES LANDING DR.,,LAKELAND,FL,33810,7278960001,CHIEF PHARMACY OFFICER/PIC,3336C0004X|3336S0011X|333600000X|3336C0003X,tier_1_primary_pharmacy,Y,Y,
1841596798,"BROWNING'S PHARMACY AND HEALTH CARE, INC.",141 E HIBISCUS BLVD,,MELBOURNE,FL,329013102,3217256320,PRESIDENT,333600000X,tier_1_primary_pharmacy,Y,Y,
1154628097,MIAMI EXECUTIVE PHARMACY INC,8950 SW 74TH CT STE 102,,MIAMI,FL,331563172,3056705253,PRESIDENT,3336C0004X|3336S0011X|333600000X|3336C0003X,tier_1_primary_pharmacy,Y,Y,
1841597671,"BELEN PHARMACY GROUP, LLC",4201 PALM AVE,STE AA,HIALEAH,FL,330124424,3052003944,MANAGING MEMBER,3336C0003X,tier_1_primary_pharmacy,Y,Y,
1578860276,21 PHARMACY INC,6105 SW 8TH ST,,WEST MIAMI,FL,331445004,3052612220,PRESIDENT / OWNER,333600000X,tier_1_primary_pharmacy,Y,Y,
1609173376,KAR PHARMACY INC,3855 SW 137TH AVE,UNIT 6,MIAMI,FL,331758820,3052284795,PRESIDENT,3336C0003X,tier_1_primary_pharmacy,Y,Y,
1598062150,LIBERTY PHARMACY,3469 W BOYNTON BEACH BLVD,,BOYNTON BEACH,FL,334364611,5616493130,OWNER,3336C0003X,tier_1_primary_pharmacy,Y,Y,
1619274131,PINES PHARMACY INC,8930 TAFT ST,,PEMBROKE PINES,FL,330244675,9545349166,V.P,333600000X,tier_1_primary_pharmacy,Y,Y,
1033416433,EXCELLENT PHARMACY & DISCOUNT,11400 W FLAGLER ST,109-110,MIAMI,FL,331744007,3054561465,PRESIDENT,3336C0003X,tier_1_primary_pharmacy,Y,Y,
1174821185,GULF SHORE APOTHECARY LLC,1400 GULF SHORE BLVD N,SUITE 100,NAPLES,FL,341024968,2392622222,PRES,3336C0003X,tier_1_primary_pharmacy,Y,Y,
1396043261,SAINT CLOUD PHARMACY AND WELLNESS CENTER INC,2801 13TH ST,,SAINT CLOUD,FL,347694134,4075932959,PHARMACIST,333600000X,tier_1_primary_pharmacy,Y,Y,
1487952289,PRONTO PHARMACY GROUP CORP,6765 W FLAGLER ST,,MIAMI,FL,331442923,3054567130,PRESIDENT,3336L0003X|3336C0003X,tier_1_primary_pharmacy,Y,Y,
1053619478,ANGELIZ PHARMACY DISCOUNT INC,5496 W 16TH AVE,,HIALEAH,FL,330122105,3058193660,PRESIDENT,333600000X,tier_1_primary_pharmacy,Y,Y,
1467750679,"BALANCED SOLUTIONS COMPOUNDING PHARMACY, LLC.",550 TECHNOLOGY PARK,SUITE 1008,LAKE MARY,FL,327467131,4079362999,BSD GENERAL MANAGER,3336C0004X|3336C0003X,tier_1_primary_pharmacy,Y,Y,
1578861795,AMERICAN PHARMACY INC,1432 E 4TH AVE,,HIALEAH,FL,330103528,3056037791,OWNER,3336C0003X,tier_1_primary_pharmacy,Y,Y,
1265730345,MIDTOWN APOTHECARY INC.,2136 W MLK BLVD STE A,,TAMPA,FL,336076512,8135270765,OWNER,3336C0002X|3336C0003X,tier_1_primary_pharmacy,Y,Y,
1841599867,NEWTECH PHARMACY LLC,2350 W 84TH ST,BAY 15,HIALEAH,FL,330165575,3054776507,PRESIDENT,333600000X,tier_1_primary_pharmacy,Y,Y,
1598064610,ONE FAMILY PHARMACY INC,2422 SW 8TH ST,,MIAMI,FL,331353004,7863342631,PRESIDENT,333600000X,tier_1_primary_pharmacy,Y,Y,
1447559562,MILLENNIUM RX INC,2955 SW 8TH ST,SUITE 103-104,MIAMI,FL,331352862,3056420051,PRESIDENT,333600000X,tier_1_primary_pharmacy,Y,Y,
1427357540,MED SOLUTION PHARMACY DISCOUNT AND EQUIPMENT CORP,10694 SW 24TH ST,,MIAMI,FL,331657917,3054915317,PRESIDENT,333600000X,tier_1_primary_pharmacy,Y,Y,
1497054514,JAR PHARMACY & DISCOUNT CORP,4800 W FLAGLER ST STE 105,,CORAL GABLES,FL,331341464,3056038396,PRESIDENT,3336C0003X,tier_1_primary_pharmacy,Y,Y,
1336448182,ALDER PHARMACY LLC,729 NE 79TH ST,,MIAMI,FL,331384711,3059991469,PHARMACIST/PDM,3336M0002X|3336C0004X|3336L0003X|3336H0001X|3336S0011X|333600000X|3336C0003X,tier_1_primary_pharmacy,Y,Y,
1841599644,WEST LAKE PHARMACY INC,2544 SIMPSON RD,,KISSIMMEE,FL,347444637,4073444555,MANAGER,333600000X|3336C0003X,tier_1_primary_pharmacy,Y,Y,
1134428824,RELIANT PHARMACY LLC,10507 SPRING HILL DR,,SPRING HILL,FL,346085047,3525961044,OWNER,3336C0004X|3336L0003X|333600000X|3336C0003X,tier_1_primary_pharmacy,Y,Y,
1851690440,CAPSULE PHARMACY CORP,2219 W HILLSBORO BLVD,,DEERFIELD BEACH,FL,334421108,9542465300,PD,333600000X,tier_1_primary_pharmacy,Y,Y,
1871892349,ELJ PHARMACY INC,2745 W HILLSBORO BLVD,STE 6,DEERFIELD BEACH,FL,334428491,9544183100,PD,333600000X,tier_1_primary_pharmacy,Y,Y,
1942509401,SOUTH WALTON PHARMACY LLC,2050 W COUNTY HIGHWAY 30A UNIT M1-106,,SANTA ROSA BEACH,FL,324590187,8506223313,PRESIDENT/DIRECTOR,3336C0003X|3336H0001X|3336S0011X,tier_1_primary_pharmacy,Y,Y,
1821397241,AD PHARMACY INC.,3253 NW 7TH ST,,MIAMI,FL,331254139,3055410070,PRESIDENT,3336C0003X,tier_1_primary_pharmacy,Y,Y,
1245539642,WEST OKEECHOBEE PHARMACY INC,1514 W OKEECHOBEE RD,,HIALEAH,FL,33013,7864028991,PRESIDENT,333600000X,tier_1_primary_pharmacy,Y,Y,
1780983106,EXPRESS PLUS PHARMACY,2950 SW 27TH AVE STE 300,,MIAMI,FL,331333765,9545890790,MANAGING MEMBER,333600000X|3336C0003X,tier_1_primary_pharmacy,Y,Y,
1194024406,SUNSET PHARMACY LLC,4224 CLEVELAND AVE STE 5,,FORT MYERS,FL,339019051,2392256337,PHARMACIST,333600000X|3336C0003X,tier_1_primary_pharmacy,Y,Y,
1154620466,MARAZUL PHARMACY INC,2140 W FLAGLER ST STE 102,,MIAMI,FL,331351641,7865587010,PRESIDENT,3336C0003X,tier_1_primary_pharmacy,Y,Y,
1891084059,D-CROWNED QUEEN PHARMACY INC,456 NE 79TH ST,,MIAMI,FL,331384521,3059678224,OWNER,333600000X|3336C0003X,tier_1_primary_pharmacy,Y,Y,
1891084075,METRO RX LLC,4809 E COLONIAL DR,,ORLANDO,FL,328034307,4076684945,MEMBER/MANAGER,3336C0004X|3336C0003X,tier_1_primary_pharmacy,Y,Y,
1437448651,NAVAZA PHARMACY CORP,2901 SW 8TH ST STE 107,,MIAMI,FL,331352849,7865588533,PRESIDENT,333600000X,tier_1_primary_pharmacy,Y,Y,
1710276803,JALVAREZ PHARMACY INC,483 NW 42ND AVE,,MIAMI,FL,331265682,3052653755,CEO,3336C0003X,tier_1_primary_pharmacy,Y,Y,
1144519950,J.C PHARMACY AND DISCOUNT,14554 SW 8TH ST,,MIAMI,FL,331843132,3052076011,PRESIDENT,3336C0003X,tier_1_primary_pharmacy,Y,Y,
1003105859,NARANJA DISCOUNT PHARMACY LLC,26799 S DIXIE HWY,,NARANJA,FL,330327403,3052570081,MANAGER,333600000X|3336C0003X,tier_1_primary_pharmacy,Y,Y,
1194014969,A1A PHARMACY INC,3965 N FEDERAL HWY,,POMPANO BEACH,FL,330646042,9549464450,PD,333600000X,tier_1_primary_pharmacy,Y,Y,
1164711412,R&D PHARMACY INC,7105 SW 8TH ST,STE 403,MIAMI,FL,331444664,3055088894,PRESIDENT,3336C0003X,tier_1_primary_pharmacy,Y,Y,
1073802377,SCRIPTS PHARMACY LLC,4910 34TH ST S,,SAINT PETERSBURG,FL,337114512,7278674466,PHARMACIST,3336C0003X,tier_1_primary_pharmacy,Y,Y,
1255620589,"RX TO YOU PHARMACY, INC.",3202 SE FEDERAL HWY,,STUART,FL,349974919,8558797928,PRESIDENT,3336C0003X,tier_1_primary_pharmacy,Y,Y,
1790075612,RX INTERNATIONAL PHARMACY LLC,8380 SW 40TH ST,,MIAMI,FL,331553337,3052211421,MANAGER,3336C0003X,tier_1_primary_pharmacy,Y,Y,
1730479536,WELCOME PHARMACY CO,9825-36 SAN JOSE BLVD,,JACKSONVILLE,FL,32257,9042880030,PHARMACIST,3336C0003X,tier_1_primary_pharmacy,Y,Y,
1023308905,ROYAL PHARMACY AND DISCOUNT,9961 SW 142ND AVE,,MIAMI,FL,331866844,7863133878,VICE PRESIDENT/OWNER,333600000X|3336C0003X,tier_1_primary_pharmacy,Y,Y,
1093005753,EMPIRE SPECIALTY PHARMACY LLC,378 N BABCOCK ST,,MELBOURNE,FL,329357344,3215495005,PRESIDENT,333600000X|3336C0004X|3336S0011X|3336C0003X,tier_1_primary_pharmacy,Y,Y,
1962792531,BAYFRONT HMA MEDICAL CENTER PHARMACY,701 6TH ST. S.,,ST PETERSBURG,FL,337014891,7278936132,DIRECTOR OF PHARMACY,3336C0003X,tier_1_primary_pharmacy,Y,Y,
1518257112,RX CHOICES PHARMACEUTICAL INC,3336 S DALE MABRY HWY,,TAMPA,FL,336297840,8135551212,PIC/CEO,333600000X,tier_1_primary_pharmacy,Y,Y,
1609166198,ALL WELL PHARMACY INC,5452 BLANDING BLVD,,JACKSONVILLE,FL,322441957,9047796990,PRESIDENT,3336L0003X|3336C0003X,tier_1_primary_pharmacy,Y,Y,
1770873135,ONE SOURCE PHARMACY OF BRADENTON,3501 CORTEZ RD W,UNIT 901B,BRADENTON,FL,34210,8774908987,OWNER/MGR,3336C0003X,tier_1_primary_pharmacy,Y,Y,
1942591177,D'LEON PHARMACY DISCOUNT,1944 NW 17TH AVE,SUITE B,MIAMI,FL,331251546,3054242074,PRESIDENT,333600000X,tier_1_primary_pharmacy,Y,Y,
1629369343,"M I PHARMACY & DISCOUNT, INC",14554 SW 8TH ST,,MIAMI,FL,331843132,3055594800,PRESIDENT,3336C0003X,tier_1_primary_pharmacy,Y,Y,
1205128774,ST JUDE PHARMACY & DISCOUNT INC,4822 NW 167TH ST,,MIAMI LAKES,FL,330146426,3056213448,PRESIDENT,333600000X|3336C0004X|3336C0003X,tier_1_primary_pharmacy,Y,Y,
1831481027,"SMP PHARMACY SOLUTIONS, LLC",7500 NW 26TH ST STE 101,,MIAMI,FL,331221414,3057409696,QUALITY AND PROJECT MANAGER,3336H0001X|3336C0003X,tier_1_primary_pharmacy,Y,Y,
1992097836,BETTY PHARMACY INC,2500 NW 79TH AVE,SUITE 241,DORAL,FL,331221073,7862221234,PRESIDENT,333600000X,tier_1_primary_pharmacy,Y,Y,
1154613826,ONE FAMILY PHARMACY INC,2422 SW 8TH ST,,MIAMI,FL,331353004,3056427500,PRESIDENT,3336C0003X,tier_1_primary_pharmacy,Y,Y,
1063705606,COMPLETE PHARMACY & DISCOUNT,7951 SW 40TH ST,,MIAMI,FL,331556752,3052647800,PRESIDENT,3336C0003X,tier_1_primary_pharmacy,Y,Y,
1740573328,PRESTIGERX PHARMACY LLC,7200 NORMANDY BLVD,SUITE 4,JACKSONVILLE,FL,322056287,9043866785,PHARMACY MANAGER,3336C0003X,tier_1_primary_pharmacy,Y,Y,
1972896314,VETERANS PHARMACY INC,11434 N 53RD ST,,TEMPLE TERRACE,FL,336172216,8139646881,MANAGER,333600000X|3336C0003X,tier_1_primary_pharmacy,Y,Y,
1437442530,"LA MILAGROSA PHARMACY & DISCOUNT, LLC",1690 NW 19TH TER,,MIAMI,FL,331251593,7869537156,PRESIDENT,333600000X|3336C0003X,tier_1_primary_pharmacy,Y,Y,
1225321193,"PRESIDENTE PHARMACY & DISCOUNT, INC",10845 SW 40TH ST,,MIAMI,FL,331654410,3054858888,PRESIDENT,333600000X|3336C0003X,tier_1_primary_pharmacy,Y,Y,
1760775415,FIRST PHARMACY CORP,551 E 49TH ST STE 16,,HIALEAH,FL,330131911,3056814090,PRESIDENT,333600000X|3336C0003X,tier_1_primary_pharmacy,Y,Y,
1770877102,BONANZA PHARMACY,2350 W 60TH ST,SUIT #5,HIALEAH,FL,330164482,3058280348,OWNER,3336C0003X,tier_1_primary_pharmacy,Y,Y,
1447544911,FLORIDA COAST PHARMACY,4015 E HILLSBOROUGH AVENUE,,TAMPA,FL,33610,8139881300,OWNER,333600000X,tier_1_primary_pharmacy,Y,Y,
1215221593,MARTNICKS PHARMACY & DISCOUNT SERVICES INC.,1107 E HALLANDALE BEACH BLVD STE A,,HALLANDALE BEACH,FL,330094431,9545304698,PRESIDENT,3336L0003X|3336C0003X,tier_1_primary_pharmacy,Y,Y,
1225322324,IMA PHARMACY CAPE CORAL,1528 DEL PRADO BLVD S,,CAPE CORAL,FL,339903798,2399313440,OWNER,333600000X,tier_1_primary_pharmacy,Y,Y,
1063706950,GOLDENWAY PHARMACY DISCOUNT,6350 SW 40TH ST,,MIAMI,FL,331554826,3056692976,OWNER/PRESIDENT,333600000X|3336C0003X,tier_1_primary_pharmacy,Y,Y,
1063707818,FLORIDA COAST PHARMACY,9006 N 40TH ST,,TAMPA,FL,336042428,3174418614,OWNER,3336C0003X,tier_1_primary_pharmacy,Y,Y,
1912292715,"TOWN AND COUNTRY PHARMACY, LLC",997 UNIVERSITY BLVD N,,JACKSONVILLE,FL,322115529,9047440104,PHARMACIST,3336C0003X,tier_1_primary_pharmacy,Y,Y,
1386939072,YOUTH PHARMACY INC,10788 SW 24TH ST,,MIAMI,FL,331652499,3052202848,PRESIDENT,3336C0003X,tier_1_primary_pharmacy,Y,Y,
1134414824,NEIGHBORS PHARMACY INC,26059 S DIXIE HWY,,NARANJA,FL,330326613,3052583599,PRESIDENT,333600000X,tier_1_primary_pharmacy,Y,Y,
1336434984,ZZS PHARMACY,489 HIALEAH DR STE 6,,HIALEAH,FL,330105320,7867099201,PRESIDENT,3336C0003X,tier_1_primary_pharmacy,Y,Y,
1942595541,EASY GO PHARMACY INC,2406 SW 137TH AVE,,MIAMI,FL,331756311,3052212448,PRESIDENT,333600000X|3336C0003X,tier_1_primary_pharmacy,Y,Y,
1770878290,MIDTOWN DISCOUNT PHARMACY INC,4506 NW 2ND AVE,,MIAMI,FL,331272610,3054563720,OWNER,3336C0003X,tier_1_primary_pharmacy,Y,Y,
1912292244,TINUMALA PHARMACY P C,4543 PLEASANT HILL RD,STE D & E,KISSIMMEE,FL,347593403,4073434434,PRESIDENT,333600000X|3336C0003X,tier_1_primary_pharmacy,Y,Y,
1376838409,WEST OKEECHOBEE PHARMACY INC,1535 W OKEECHOBEE RD,,HIALEAH,FL,330102833,7865589150,PRESIDENT,333600000X,tier_1_primary_pharmacy,Y,Y,
1033404173,YANISA PHARMACY INC,11200 W FLAGLER ST,SUITE 213,MIAMI,FL,331744210,3055545210,PRESIDENT,333600000X,tier_1_primary_pharmacy,Y,Y,
1437444379,SHUTTLE PHARMACY DISCOUNT INC,243 N FLAGLER AVE,,HOMESTEAD,FL,330306130,3055068462,PRESIDENT-OWNER,3336C0003X,tier_1_primary_pharmacy,Y,Y,
1710272646,HEALTHY MEDS PHARMACY CORP,730 W HALLANDALE BEACH BLVD STE 105,,HALLANDALE BEACH,FL,330095300,9544046556,OWNER,333600000X|3336C0003X,tier_1_primary_pharmacy,Y,Y,
1104112671,WINNERS PHARMACY INC.,17050 N US HIGHWAY 301 STE 5,,CITRA,FL,321132515,3525951110,DIRECTOR/PHARMACIST,3336C0003X,tier_1_primary_pharmacy,Y,Y,
1154618098,PHARMACY SOLUTION CORP,15652 SW 72ND ST,,MIAMI,FL,331931921,3053868442,OWNER/PRESIDENT,333600000X|3336C0003X,tier_1_primary_pharmacy,Y,Y,
1083901938,NORTHWEST MEDICAL PHARMACY LLC,2089 SW 67TH AVE,SUITE B,MIAMI,FL,331551835,3056376776,MGRM,333600000X,tier_1_primary_pharmacy,Y,Y,
1760779615,MED EXPRESS RX,1717 SHEPHERD RD,,LAKELAND,FL,338112179,8133612571,PHARMACY MANAGER,3336C0003X,tier_1_primary_pharmacy,Y,Y,
1770870628,LEGACY PARK DISCOUNT PHARMACY,10967 LAKE UNDERHILL RD,,ORLANDO,FL,328254457,4077307989,MANAGING MEMBER,3336C0003X,tier_1_primary_pharmacy,Y,Y,
1033406954,JAIMY PHARMACY INC,5080 E 4TH AVE,,HIALEAH,FL,330131545,7864311870,PRESIDENT,333600000X,tier_1_primary_pharmacy,Y,Y,
1659668275,LAKELAND DISCOUNT PHARMACY,1755 E EDGEWOOD DR,,LAKELAND,FL,338033411,8639379715,PHARMACY MANAGER,3336C0003X,tier_1_primary_pharmacy,Y,Y,
1073800579,TITUSVILLE PHARMACY LLC,2175 CHENEY HWY STE B,,TITUSVILLE,FL,327806792,3212680911,OWNER,333600000X|3336C0004X|3336C0003X,tier_1_primary_pharmacy,Y,Y,
1548558463,CBA PHARMACY INC,13801 BRUCE B DOWNS BLVD STE 103&102,,TAMPA,FL,336133946,8139335830,PHARMACY MANAGER,3336C0003X,tier_1_primary_pharmacy,Y,Y,
1275821134,TIRUMALA PHARMACY INC,4106 W LAKE MARY BLVD STE 130,,LAKE MARY,FL,327463383,4078787615,DIRECTOR/PHARMACY MANAGER,3336C0004X|3336S0011X|3336C0003X,tier_1_primary_pharmacy,Y,Y,
1306134952,URBAN SPECIALTY PHARMACY LLC,1617 34TH ST S STE A,,ST PETERSBURG,FL,337112855,7273279881,OWNER,333600000X|3336S0011X|3336C0003X,tier_1_primary_pharmacy,Y,Y,
1063700631,KAMILA PHARMACY DISCOUNT CORP,5989 SW 8TH ST,,WEST MIAMI,FL,331445037,3053920816,PRESIDENT,3336C0003X,tier_1_primary_pharmacy,Y,Y,
1588952030,PHARMACY 4U INC,1026 MANN ST,,KISSIMMEE,FL,347414121,4072795160,PHARMACY MANAGER,3336C0003X,tier_1_primary_pharmacy,Y,Y,
1881972479,MY FAMILY PHARMACY & DISCOUNT,8410 W FLAGLER ST STE 105B,,MIAMI,FL,331442041,3052005973,MANAGING MEMBER,333600000X|3336C0003X,tier_1_primary_pharmacy,Y,Y,
1588942965,BEST QUALITY PHARMACY D CORP,261 WESTWARD DR,SUITE # 111,MIAMI SPRINGS,FL,331665290,7865870725,OWNER/ PRESIDENT,3336C0003X,tier_1_primary_pharmacy,Y,Y,
1467730713,WESMARK RX PHARMACY,5339 VILLAGE MARKET,,WESLEY CHAPEL,FL,335448452,8134353577,PHARMACIST,3336C0003X,tier_1_primary_pharmacy,Y,Y,
1578842738,MEDS RX,750 E SAMPLE RD BLDG 3,,POMPANO BEACH,FL,330645144,9544160058,OWNER,3336C0003X,tier_1_primary_pharmacy,Y,Y,
1457630519,QUALITY SPECIALTY PHARMACY OF JACKSONVILLE INC,6680 POWERS AVE,UNIT 110,JACKSONVILLE,FL,322172889,9043655500,OWNER,333600000X|3336S0011X|3336C0003X,tier_1_primary_pharmacy,Y,Y,
1477832301,SOUTH FLORIDA PHARMACY SERVICES LLC,1475 W OKEECHOBEE RD STE 5,,HIALEAH,FL,330102860,3058876868,OWNER,3336C0003X,tier_1_primary_pharmacy,Y,Y,
1548549033,ALPHA PHARMACY INC,2712 NW 95TH ST,,MIAMI,FL,331472320,3056930505,PHARMACIST,3336C0003X,tier_1_primary_pharmacy,Y,Y,
1841579224,"TRI-COAST PHARMACY, INC.",14125 US HIGHWAY 1,,JUNO BEACH,FL,334081425,5617767510,GENERAL MANAGER,333600000X|3336C0003X|3336S0011X|3336C0004X,tier_1_primary_pharmacy,Y,Y,
1407135890,PRICE CHOICE PHARMACY 2,4500 NW 183RD ST,,MIAMI GARDENS,FL,330553045,3055171412,MANAGING MEMBER,333600000X,tier_1_primary_pharmacy,Y,Y,
1962782326,FAVOURITE PHARMACY INC,1405 TAMPA PARK PLAZA ST,,TAMPA,FL,336054821,8134435565,OWNER,3336C0003X,tier_1_primary_pharmacy,Y,Y,
1376823591,CALAN PHARMACY & DISCOUNT INC,1879 W FLAGLER ST,,MIAMI,FL,331351939,3054776507,PRESIDENT,333600000X,tier_1_primary_pharmacy,Y,Y,
1821378902,"KAMILA PHARMACY DISCOUNT, CORP",5989 SW 8TH ST,,WEST MIAMI,FL,331445037,3053920816,PRESIDENT,333600000X,tier_1_primary_pharmacy,Y,Y,
1962782912,PINES PHARMACY,881 E. 2ND AVE,,HIALEAH,FL,33010,3058890377,PRESIDENT,3336C0003X,tier_1_primary_pharmacy,Y,Y,
1467732289,"THRIFT PHARMACY INC.,",94 E MCNAB RD,,POMPANO BEACH,FL,33060,9543665633,PRESIDENT,3336C0003X,tier_1_primary_pharmacy,Y,Y,
1477833994,"STEVEN'S RX,LLC",1465 SW 27TH AVE,102,MIAMI,FL,331353983,3059611160,PRESIDENT,333600000X,tier_1_primary_pharmacy,Y,Y,
1972884203,PINNACLE PHARMACY INC,80 PINNACLES DR STE 900,,PALM COAST,FL,321642915,3863135995,PIC,3336C0003X,tier_1_primary_pharmacy,Y,Y,
1356622666,PHARMACY SOLUTION & DISCOUNT CORP,9716 SW 40TH ST,,MIAMI,FL,331654075,3055516663,OWNER/PRESIDENT,3336C0003X,tier_1_primary_pharmacy,Y,Y,
1073894846,CHAPTERS HEALTH PHARMACY,111 KELSEY LN STE F,,TAMPA,FL,336194357,8134707444,DIRECTOR OF PHARMACY,333600000X|3336C0003X,tier_1_primary_pharmacy,Y,Y,
1134400823,TAMPA FAMILY PHARMACY LLC,12470 TELECOM DR STE 110W,,TEMPLE TERRACE,FL,336370904,8138715161,PRESIDENT & CEO,3336S0011X|333600000X|3336C0003X,tier_1_primary_pharmacy,Y,Y,
1326320961,PINES PHARMACY INC,881 E 2ND AVE,,HIALEAH,FL,330104205,3058890377,PRESIDENT,3336C0003X|333600000X,tier_1_primary_pharmacy,Y,Y,
1871875609,BX PHARMACY INC,7664 NW 186TH ST,,HIALEAH,FL,330152925,3058227880,PRESIDENT,333600000X|3336C0003X,tier_1_primary_pharmacy,Y,Y,
1134402407,VIVI PHARMACY LLC,1250 NW 7TH ST,101-102,MIAMI,FL,331253744,3054566347,PRESIDENT,3336C0003X,tier_1_primary_pharmacy,Y,Y,
1780968560,FIVE STAR PHARMACY AND DISCOUNT INC,8428 BIRD RD,,MIAMI,FL,331553226,3054565090,PRESIDENT,333600000X|3336C0003X,tier_1_primary_pharmacy,Y,Y,
1942584271,LA ESPERANZA PHARMACY DISCOUNT INC,5858 W 20TH AVE,,HIALEAH,FL,330162603,7865478219,PRESIDENT/OWNER,3336C0003X,tier_1_primary_pharmacy,Y,Y,
1558645630,D&Y PHARMACY DISCOUNT CORP,3715 W 16TH AVE,BAY 15,HIALEAH,FL,330127071,7865213325,PRESIDENT,333600000X,tier_1_primary_pharmacy,Y,Y,
1255615381,TAVARES PHARMACY LLC,524 S DUNCAN DR,,TAVARES,FL,327784146,3525086449,PHARMACIST-IN-CHARGE,333600000X|3336C0003X,tier_1_primary_pharmacy,Y,Y,
1356626204,PINES PHARMACY INC,881 E 2ND AVE,,HIALEAH,FL,330104205,3058890377,PRESIDENT,333600000X|3336L0003X,tier_1_primary_pharmacy,Y,Y,
1568747376,PEDMAR PHARMACY AND DISCOUNT INC,922 E 25 ST,,HIALEAH,FL,33013,3479981660,PRESIDENT,3336C0003X,tier_1_primary_pharmacy,Y,Y,
1942585625,VIVI PHARMACY LLC,1250 NW 7 ST,SUITE 101-102,MIAMI,FL,33136,3054565236,PRESIDENT,333600000X,tier_1_primary_pharmacy,Y,Y,
1174808125,PATIENTS CHOICE PHARMACY LLC,4801 S UNIVERSITY DR STE 105,,DAVIE,FL,333283835,9546222222,"OWNER, PIC",3336C0004X|3336C0003X,tier_1_primary_pharmacy,Y,Y,
1568748010,ADVANCED RX MANAGEMENT,5315 AVION PARK DR STE 120,,TAMPA,FL,336071461,8135439043,PROGRAM MANAGER,3336C0003X|3336M0003X,tier_1_primary_pharmacy,Y,Y,
1235415662,ITANI FAMILY PHARMACY PLC,2507 GARDEN ST,,TITUSVILLE,FL,327964612,3212697772,OWNER,3336C0003X,tier_1_primary_pharmacy,Y,Y,
1598041758,GOLD STAR PHARMACY LLC,2895 SW 144TH PL,,MIAMI,FL,331757444,4075791045,PRESIDENT,333600000X,tier_1_primary_pharmacy,Y,Y,
1619254661,MORON PHARMACY CORP,6267 SW 8TH ST # 101,,MIAMI,FL,331444845,3052620285,PRES,3336C0003X,tier_1_primary_pharmacy,Y,Y,
1609153642,RAPID PHARMACY CORP,2017 W 62ND ST,,HIALEAH,FL,330162678,3058243800,PRESIDENT,3336C0003X|333600000X,tier_1_primary_pharmacy,Y,Y,
1114204906,THE NEIGHBORHOOD PHARMACY,5352 N HABANA AVE STE 2,,TAMPA,FL,336146838,8138982745,OWNER-CEO,3336C0003X,tier_1_primary_pharmacy,Y,Y,
1821375460,EXTENDED CARE PHARMACY EAST INC,305 S US HIGHWAY 17,,EAST PALATKA,FL,321314092,3863264487,CPT/OWNER,3336C0003X,tier_1_primary_pharmacy,Y,Y,
1538446182,NORTH TAMPA PHARMACY INC,6634 RIDGE RD,,PORT RICHEY,FL,346686837,7273878228,CFO,3336C0003X,tier_1_primary_pharmacy,Y,Y,
1700163136,LITTLE FAMILY PHARMACY CORP,2200 SW 16TH ST,STE 116,MIAMI,FL,331452067,3052859333,AUTHORIZED OFFICIAL,3336C0003X,tier_1_primary_pharmacy,Y,Y,
1073890406,BEST CARE PHARMACY INC,2657 NW 20TH ST,,MIAMI,FL,331427105,3058560070,"SR VP, AO",333600000X|3336C0003X,tier_1_primary_pharmacy,Y,Y,
1578840823,CASABLANCA PHARMACY & DISCOUNT INC,7245 CORAL WAY,,MIAMI,FL,331551401,7863322473,PRESIDENT,3336C0003X,tier_1_primary_pharmacy,Y,Y,
1972880276,FIVE POINTS PHARMACY OF COCOA LLC,1108 LAKE DR,,COCOA,FL,329228678,3216368433,OWNER,3336C0003X,tier_1_primary_pharmacy,Y,Y,
1093082042,COREHEALTH PHARMACY INC,11260 PINES BLVD,,PEMBROKE PINES,FL,330264101,9544508873,"OWNER, MANAGER",3336C0003X,tier_1_primary_pharmacy,Y,Y,
1184991085,FAMILY CARE RX LLC,6428 MELALEUCA LN,,GREENACRES,FL,334633807,5614322273,MANAGING MEMBER,333600000X|3336L0003X|3336C0003X,tier_1_primary_pharmacy,Y,Y,
1750658548,PROFESSIONAL PHARMACY & DISCOUNT CO,934 SW 82ND AVE,,MIAMI,FL,331444240,3058467903,OWNER,3336C0003X,tier_1_primary_pharmacy,Y,Y,
1336416171,WELLS SPECIALTY PHARMACY,803 SOUTH ORLANDO AVENUE,SUITE D,WINTER PARK,FL,32789,4079653980,VICE PRESIDENT OF OPERATIONS,333600000X|3336S0011X|3336C0003X,tier_1_primary_pharmacy,Y,Y,
1407123854,CTM PHARMACY INC,18901 SW 106TH AVE STE 143,,CUTLER BAY,FL,331577663,3052522056,OWNER,333600000X,tier_1_primary_pharmacy,Y,Y,
1376810812,STERLING PHARMACY II INC,3130 NW 7TH ST,,MIAMI,FL,331254202,7863604176,PRESIDENT,333600000X,tier_1_primary_pharmacy,Y,Y,
1881961282,"BIOMAX PHARMACY, LLC",14285 SW 42ND ST,SUITE 212,MIAMI,FL,331756410,7863345155,PRESIDENT,3336C0003X,tier_1_primary_pharmacy,Y,Y,
1144597493,MARY'S PHARMACY INC,6765 W FLAGLER ST,,MIAMI,FL,331442923,3052618044,PRESIDENT,3336C0003X,tier_1_primary_pharmacy,Y,Y,
1629345970,CYM PHARMACY CORP,11338 SW 184TH ST,,MIAMI,FL,331576553,3052343294,PRESIDENT,333600000X,tier_1_primary_pharmacy,Y,Y,
1659649887,"LAS MERCEDES PHARMACY , INC",75 W 21ST ST,,HIALEAH,FL,330102613,7864017301,CHIEF PHARMACY OFFICER,333600000X|3336C0003X,tier_1_primary_pharmacy,Y,Y,
1821366055,PRICE CHOICE PHARMACY #1 LLC,1851 NE 2ND AVE,,MIAMI,FL,331321000,3053747072,OWNER,3336C0003X,tier_1_primary_pharmacy,Y,Y,
1356619456,WELLNESS RX AT PENALVER LLC,971 NW 2ND ST,,MIAMI,FL,331281205,3055454860,PHARMACY MANAGER,3336C0003X,tier_1_primary_pharmacy,Y,Y,
1205104106,PRONTO PHARMACY SERVICES INC,10521 SW 40TH ST,,MIAMI,FL,331653747,3055599909,OWNER,333600000X|3336C0003X,tier_1_primary_pharmacy,Y,Y,
1558639385,GALAXY PHARMACY & DISCOUNT INC,900 W FLAGLER ST STE D,,MIAMI,FL,331301174,7863626390,PRESIDENT,3336C0003X|333600000X,tier_1_primary_pharmacy,Y,Y,
1356619209,EXCELLENCE PHARMACY DISCOUNT INC,12887 SW 42ND ST,,MIAMI,FL,331753435,3058469243,OWNER,3336C0003X,tier_1_primary_pharmacy,Y,Y,
1730457664,PEDMAR PHARMACY AND DISCOUNT,922 E 25TH ST,,HIALEAH,FL,330133404,3058363376,OWNER/PRESIDENT,333600000X,tier_1_primary_pharmacy,Y,Y,
1518235100,CMA PHARMACY & SUPPLIES CORP,5549 SW 8 STREET,,CORAL GABLES,FL,33134,3053645807,PRESIDENT,333600000X,tier_1_primary_pharmacy,Y,Y,
1942579297,PRESCRIPTION PHARMACY CORP,1675 SW 67TH AVE,,MIAMI,FL,331551827,7865366708,PRESIDENT,3336C0003X,tier_1_primary_pharmacy,Y,Y,
1174892319,LIVE RX PHARMACY INC,4750 W FLAGLER ST,,CORAL GABLES,FL,331341452,7863322363,OWNER / PRESIDENT,333600000X|3336C0003X,tier_1_primary_pharmacy,Y,Y,
1720357890,TRINITY MEDICAL PHARMACY,9332 STATE ROAD 54 STE 203,,NEW PORT RICHEY,FL,346551810,7274956979,CEO & PRESIDENT,333600000X|3336C0003X|3336C0004X,tier_1_primary_pharmacy,Y,Y,
1790054773,WELLS PHARMACY NETWORK LLC,11120 S CROWN WAY STE 11,,WELLINGTON,FL,334148718,5617931568,PRESIDENT,3336C0003X|3336C0004X,tier_1_primary_pharmacy,Y,Y,
1922377993,NEW LIFE COMMUNITY PHARMACY,3032 NW 7TH AVE,,MIAMI,FL,331273624,7863604020,PRESIDENT/OWNER,3336C0003X|333600000X,tier_1_primary_pharmacy,Y,Y,
1649549312,RUBIO PHARMACY AND DISCOUNT INC,18600 NW 87TH AVE UNIT 109,,HIALEAH,FL,330153528,3054053333,PRESIDENT/PHARMACY MANAGER,333600000X|3336C0003X,tier_1_primary_pharmacy,Y,Y,
1619246378,WEST PALM PHARMACY LLC,5760 OKEECHOBEE BLVD,,WEST PALM BEACH,FL,334174343,5612492130,PHARMACIST/OWNER,333600000X|3336C0003X,tier_1_primary_pharmacy,Y,Y,
1942579636,"SONIA'S PHARMACY & DISCOUNT,INC",2913 NW 7TH ST,,MIAMI,FL,331254305,7863322257,PRESIDENT,3336C0003X,tier_1_primary_pharmacy,Y,Y,
1285903872,"UNITED CARE PHARMACY, LLC",2955 SW 8TH ST,SUITE 202B,MIAMI,FL,331352862,3056438587,PRESIDENT,333600000X,tier_1_primary_pharmacy,Y,Y,
1770853293,MY COMMUNITY PHARMACY OF BOYNTON INC,1050 GATEWAY BLVD STE 101,,BOYNTON BEACH,FL,334268363,5612004245,PHCY OWNER/MANAGER,3336C0004X|3336S0011X|333600000X|3336C0003X,tier_1_primary_pharmacy,Y,Y,
1134499361,"ORLANDO PROCARE PHARMACY, INC.",2021 S ORANGE AVE,,ORLANDO,FL,328063035,4073703557,OWNER/VICE-PRESIDENT,3336C0003X,tier_1_primary_pharmacy,Y,Y,
1396015301,U TRUST PHARMACY INC,6974 PEMBROKE RD,,PEMBROKE PINES,FL,330232676,9545890585,PRESIDENT,333600000X|3336L0003X|3336S0011X|3336C0003X,tier_1_primary_pharmacy,Y,Y,
1053681080,J & N PHARMACY CORP,430 MORTON PLANT ST,SUITE 100A,CLEARWATER,FL,337563398,7274744391,CREDENTIALING MANAGER,3336C0003X,tier_1_primary_pharmacy,Y,Y,
1295005221,FLORIDA PHARMACY & DISCOUNT CORP,2422 SW 8TH ST,,MIAMI,FL,331353004,3056316799,PRESIDENT,333600000X,tier_1_primary_pharmacy,Y,Y,
1912277757,BAPTIST HEALTH PHARMACY CORP,13730 SW 84TH ST,,MIAMI,FL,331834000,7863289539,PRESIDENT,3336C0003X,tier_1_primary_pharmacy,Y,Y,
1982974572,OSCEOLA PHARMACY OF VERO BEACH,1635 14TH AVE,,VERO BEACH,FL,329600435,7725623600,OWNER,333600000X,tier_1_primary_pharmacy,Y,Y,
1790055382,PALM AVE PHARMACY DISCOUNT CORPORATION,1301 PALM AVE UNIT 105,,HIALEAH,FL,330103461,3058877979,PRESIDENT,3336C0003X,tier_1_primary_pharmacy,Y,Y,
1518237106,MEDI SHOW PHARMACY LLC,715 N FERNCREEK AVE STE C,,ORLANDO,FL,328034108,4074404504,MANAGER,3336C0003X,tier_1_primary_pharmacy,Y,Y,
1164793642,ROSEL RX INC,7301 N UNIVERSITY DR STE 100,,TAMARAC,FL,333212909,9547218660,PRESIDENT,333600000X|3336C0003X,tier_1_primary_pharmacy,Y,Y,
1982975256,MEDICAL CENTER PHARMACY LLC,38160 MEDICAL CENTER AVE,,ZEPHYRHILLS,FL,33540,8133882908,OWNER,333600000X|3336C0003X,tier_1_primary_pharmacy,Y,Y,
1568733228,BRITON PHARMACY INC,1201 S OCEAN BLVD STE 14,,POMPANO BEACH,FL,330626600,9549421866,PHARMACIST/OWNER,3336C0003X,tier_1_primary_pharmacy,Y,Y,
1689945305,"UNIVERSITY HEALTH CARE PHARMACY, INC.",8250 NW 27TH ST STE 301,,DORAL,FL,331221904,7865170444,CEO,3336C0003X,tier_1_primary_pharmacy,Y,Y,
1972875623,PRICE CHOICE PHARMACY 3,13931 NW 27TH AVE,,OPA LOCKA,FL,330543652,3056853110,DIRECTOR,333600000X,tier_1_primary_pharmacy,Y,Y,
1811269574,"GOODPILL PHARMACY, INC",17177 PINES BLVD,,PEMBROKE PINES,FL,330271091,7542013663,PRESIDENT,3336C0003X,tier_1_primary_pharmacy,Y,Y,
1740552116,ZAHRA PHARMACY & DISCOUNT CORP,12486 SW 8TH ST,,MIAMI,FL,331841400,3052215600,PRESIDENT /OWNER,3336C0003X,tier_1_primary_pharmacy,Y,Y,
1619240942,RX EXPRESS PHARMACY OF MILTON INC,5987 BERRYHILL RD,,MILTON,FL,325704043,8506236337,PRESIDENT/PHARMACY MANAGER,333600000X|3336C0004X|3336C0003X,tier_1_primary_pharmacy,Y,Y,
1881967974,OXFORD PHARMACY,3612 WEDGEWOOD LN,,THE VILLAGES,FL,321629318,3527501400,PHARMACY MANAGER,3336C0003X,tier_1_primary_pharmacy,Y,Y,
1063785103,"ALCAZAR PHARMACY, INC",4750 NW 7TH ST,STE 6,MIAMI,FL,331262253,3054482313,PRESIDENT,3336C0003X,tier_1_primary_pharmacy,Y,Y,
1770856783,GOLDEN PALM PHARMACY CORP,6900 W 32ND AVE,STE 16,HIALEAH,FL,330185227,3058272230,OWNER,3336C0003X,tier_1_primary_pharmacy,Y,Y,
1942574801,"17TH STREET PHARMACY & DISCOUNT, INC",1691 NW 27TH AVE,,MIAMI,FL,331252162,7863625997,REG PHARMACY TECH,3336C0003X,tier_1_primary_pharmacy,Y,Y,
1023382926,AMEN PHARMACY DISCOUNT INC,10000 SW 56TH ST,SUITE 5,MIAMI,FL,331657165,3054125162,PRESIDENT,333600000X,tier_1_primary_pharmacy,Y,Y,
1902170889,BAYGREEN PHARMACY CORP,9860 BEACH BLVD STE C,,JACKSONVILLE,FL,322464704,9042018222,DIRECTOR,333600000X|3336C0003X,tier_1_primary_pharmacy,Y,Y,
1124392014,LAS MERCEDES DRUG STORE INC,7209 CORAL WAY,,MIAMI,FL,331551401,7865182793,PRESIDENT,333600000X,tier_1_primary_pharmacy,Y,Y,
1578837324,SOLUTIONS DRUG STORE LLC,774 SW 1ST ST,,MIAMI,FL,331301206,3055471004,OWNER/PIC,333600000X|3336C0003X,tier_1_primary_pharmacy,Y,Y,
1114291705,RED PHARMACY LLC,350 NW 27TH AVE,,MIAMI,FL,331253031,3054776502,PRESIDENT,333600000X,tier_1_primary_pharmacy,Y,Y,
1861766925,8TH STREET PHARMACY CORP,2742 SW 8TH ST,SUITE 11-12,MIAMI,FL,331354650,7863606582,PRESIDENT,333600000X,tier_1_primary_pharmacy,Y,Y,
1134493380,ACE PHARMACY LLC,13218 SW 8TH ST,,MIAMI,FL,331841176,3052286055,OWNER,3336C0003X,tier_1_primary_pharmacy,Y,Y,
1396019410,SAVERS DRUG MART INC,200 OCEAN AVE,SUITE A,MELBOURNE BEACH,FL,329512369,3217255492,PHARMACIST,333600000X|3336L0003X,tier_1_primary_pharmacy,Y,Y,
1033483169,"CALAN PHARMACY & DISCOUNT SERVICE, LLC",1879 W FLAGLER ST,,MIAMI,FL,331351939,3056432001,MANAGER,3336C0003X,tier_1_primary_pharmacy,Y,Y,
1861767840,APPLE PHARMACY DISCOUNT INC,2730 NW 22ND AVE,,MIAMI,FL,331428433,3056362888,PRESIDENT/OWNER,3336C0003X,tier_1_primary_pharmacy,Y,Y,
1669747507,TOTAL PHARMACY INC,920 HIALEAH DR,,HIALEAH,FL,330105541,3054569564,PRESIDENT,333600000X|3336C0004X|3336C0003X,tier_1_primary_pharmacy,Y,Y,
1003181835,MELODY PHARMACY INC,17639 NW 27TH AVE,,MIAMI GARDENS,FL,330564007,3056250018,"PRESIDENT, RPH",333600000X|3336C0003X,tier_1_primary_pharmacy,Y,Y,
1528333283,LEHIGH PHARMACY & SUPPLIES INC.,5513 8TH ST W STE 1,,LEHIGH ACRES,FL,339716349,2394912675,COO,333600000X,tier_1_primary_pharmacy,Y,Y,
1053687798,G.M.G PHARMACY AND DISCOUNT,2215 W 4TH AVE,SUITE E,HIALEAH,FL,330101419,7865588880,OWNER,3336C0003X,tier_1_primary_pharmacy,Y,Y,
1699031807,MARANATHA PHARMACY CORP,138 BEACOM BLVD,,MIAMI,FL,331351534,3056427770,PRESIDENT,333600000X,tier_1_primary_pharmacy,Y,Y,
1104192335,"RX PRO PHARMACY & COMPOUNDING, INC",932 W HALLANDALE BEACH BLVD,,HALLANDALE BEACH,FL,330095241,9544550004,PRESIDENT,3336C0003X,tier_1_primary_pharmacy,Y,Y,
1053677237,SERENITY PHARMACY CORP,23 SW 8TH AVE,,MIAMI,FL,331301213,3053251885,OWNER,3336C0003X,tier_1_primary_pharmacy,Y,Y,
1316203524,OMG PHARMACY DISCOUNT INC,7305 NW 36TH ST,,MIAMI,FL,331666704,3056299032,PRESIDENT,333600000X,tier_1_primary_pharmacy,Y,Y,
1023374063,EAGLE LAKE PHARMACY INC,5245 A U S HWY 98 N,SUITE A,LAKELAND,FL,33809,8639377992,OWNER,333600000X|3336C0003X,tier_1_primary_pharmacy,Y,Y,
1336405109,STAYWELL PHARMACY INC.,10112 US HWY 19,,PORT RICHEY,FL,34668,7273784548,PHARMACY MANAGER,3336C0003X,tier_1_primary_pharmacy,Y,Y,
1902162506,SORKINS RX LTD.,251 MAITLAND AVE STE 107,,ALTAMONTE SPRINGS,FL,327014913,8772273405,PRESIDENT,3336C0003X,tier_1_primary_pharmacy,Y,Y,
1598021008,CAPITAL PHARMACY AND DISCOUNT INC,137 SW 57TH AVE,,MIAMI,FL,331443411,3052644620,PRESIDENT,333600000X,tier_1_primary_pharmacy,Y,Y,
1881951184,RX CARE OF LADY LAKE INC.,725 HIGHWAY 466,,LADY LAKE,FL,321596340,3526332105,OWNER,3336C0004X|3336S0011X|3336C0003X,tier_1_primary_pharmacy,Y,Y,
1174880207,"RAMIL RX, INC","2331 N STATE RD 7, STE 121",,LAUDERHILL,FL,33313,9545339792,PHARMACY MANAGER,3336C0003X,tier_1_primary_pharmacy,Y,Y,
1376800367,SUNRISE RX PHARMACY,2336 CLEVELAND AVE,,FORT MYERS,FL,339013540,2392887450,PRESIDENT/ OWNER,3336C0004X|3336M0002X|333600000X|3336C0003X,tier_1_primary_pharmacy,Y,Y,
1255698122,NOVA PHARMACY CORP,950 1ST ST S STE 103,,WINTER HAVEN,FL,338803607,3052626682,PRESIDENT,3336C0003X,tier_1_primary_pharmacy,Y,Y,
1538426408,"LA ROCA PHARMACY, INC.",1665 W 68TH ST,SUITE 106,HIALEAH,FL,330144400,3058272222,PRESIDENT,333600000X,tier_1_primary_pharmacy,Y,Y,
1811254618,MEDICINE PHARMACY,710 PALM AVE,,HIALEAH,FL,330104318,3053645083,PRESIDENT,3336C0003X,tier_1_primary_pharmacy,Y,Y,
1154689503,RICHARDS PHARMACY DISCOUNT INC,15315 S DIXIE HWY,,PALMETTO BAY,FL,331571831,7864870437,PRESIDENT,333600000X,tier_1_primary_pharmacy,Y,Y,
1164780516,WATED PHARMACY DISCOUNT INC,7130 SW 117TH AVE,,MIAMI,FL,331832809,3052710131,PRESIDENT,333600000X,tier_1_primary_pharmacy,Y,Y,
1215295696,"STERLING PHARMACY II, INC.",2853 NW 7TH ST,,MIAMI,FL,33125,3056444197,OWNER/PRESIDENT,333600000X,tier_1_primary_pharmacy,Y,Y,
1316205271,SUNSHINE RX LLC,5139 MANATEE AVE W,,BRADENTON,FL,342093740,9415387122,PRESIDENT,3336C0004X|3336L0003X|3336C0003X,tier_1_primary_pharmacy,Y,Y,
1134488661,"LAMBRIGHT PHARMACY, LLC",4202 W WATERS AVE STE 2,,TAMPA,FL,336141972,8138777971,RPH/ PIC,3336C0004X|3336C0003X,tier_1_primary_pharmacy,Y,Y,
1790044022,PALACE PHARMACY CORP,923 SW 122ND AVE,,MIAMI,FL,331842477,7869534291,PRESIDENT / OWNER,3336C0003X,tier_1_primary_pharmacy,Y,Y,
1831458868,ST LUKE PHARMACY CORP,2019 GULF TO BAY BLVD,,CLEARWATER,FL,337653703,7277547851,PRESIDENT,3336C0003X,tier_1_primary_pharmacy,Y,Y,
1740549500,EVERGREEN PHARMACY INC,875 E 10TH AVE,,HIALEAH,FL,330104645,7863604945,OWNED/PHARMACIST,3336L0003X|333600000X|3336C0003X,tier_1_primary_pharmacy,Y,Y,
1891054417,DIXIE PHARMACY DISCOUNT INC,17027 S DIXIE HWY,,PALMETTO BAY,FL,331574362,3052339202,PRESIDENT,3336C0003X,tier_1_primary_pharmacy,Y,Y,
1376803718,AFFORDABLE COMMUNITY PHARMACY,4801 LINTON BLVD,A4,DELRAY BEACH,FL,334456503,5614552689,OWNER,3336C0003X,tier_1_primary_pharmacy,Y,Y,
1396005344,"KSP PHARMACY, LLC.",10549 N FLORIDA AVE,SUITE A,TAMPA,FL,336126707,8139369700,MEMBER,3336C0003X,tier_1_primary_pharmacy,Y,Y,
1700146461,"MY HEALTH SOUTH PHARMACY, INC.",11948 MIRAMAR PARKWAY,,MIRAMAR,FL,33025,9547031069,PRESIDENT,3336S0011X|3336C0003X,tier_1_primary_pharmacy,Y,Y,
1104187822,GREEN APPLE PHARMACY INC,4545 FOREST HILL BLVD,BAY 3,WEST PALM BEACH,FL,334159144,5616494242,OWNER/PRESIDENT,3336C0003X,tier_1_primary_pharmacy,Y,Y,
1033470588,AFFORDABLE COMMUNITY PHARMACY L L C,4801 LINTON BLVD STE 4A,,DELRAY BEACH,FL,334456501,5614507514,OWNER,333600000X|3336C0003X,tier_1_primary_pharmacy,Y,Y,
1073874525,PLANTATION PHARMACY INC,700 SW 78TH AVE STE 101,,PLANTATION,FL,333243313,9544738441,PRESIDENT/PHARMACIST,3336C0003X,tier_1_primary_pharmacy,Y,Y,
1285995696,YOUTH PHARMACY INC,10788 SW 24TH ST,,MIAMI,FL,331652499,3052202848,OWNER/PRESIDENT,333600000X,tier_1_primary_pharmacy,Y,Y,
1902167125,ALHAMBRA PHARMACY INC,4815 NW 79TH AVE STE 1,,DORAL,FL,331665437,7864521171,OWNER,3336C0003X,tier_1_primary_pharmacy,Y,Y,
1730440702,RX MARINE INC,5580 E. GRANT ST,SUITE 100,ORLANDO,FL,32822,7863107099,OWNER/PHARMACY MANAGER,3336C0003X|333600000X,tier_1_primary_pharmacy,Y,Y,
1386906774,WELLNESS RX LLC,7640 NW 25TH ST STE 105,,MIAMI,FL,331221716,3053847600,CFO,333600000X|3336C0003X,tier_1_primary_pharmacy,Y,Y,
1467714840,LA FE PHARMACY,1728 W FLAGLER ST,,MIAMI,FL,331352016,7862469723,OWNER,3336C0003X,tier_1_primary_pharmacy,Y,Y,
1255693271,AVALON PHARMACY CORP,4993 SW 74TH CT,SUITE A,MIAMI,FL,331554471,3057405336,PRESIDENT,333600000X,tier_1_primary_pharmacy,Y,Y,
1659634285,BERAJA PHARMACY INC,2550 S DOUGLAS RD,,CORAL GABLES,FL,331346104,3054614624,CEO,3336C0003X,tier_1_primary_pharmacy,Y,Y,
1063775369,E AND A PHARMACY,1891 W FLAGLER ST,,MIAMI,FL,331351939,3056421326,PRESIDENT,333600000X|3336C0003X,tier_1_primary_pharmacy,Y,Y,
1508120395,MERRITT ISLAND PHARMACY,35 N COURTENAY PKWY,,MERRITT ISLAND,FL,329533476,3214540911,"PHARMACY MANAGER, PIC",333600000X|3336L0003X|3336C0003X,tier_1_primary_pharmacy,Y,Y,
1033473616,RIVER PHARMACY LLC,1708 CAPE CORAL PKWY W,UNIT 12,CAPE CORAL,FL,339146985,2392572651,OWNER,333600000X,tier_1_primary_pharmacy,Y,Y,
1629333646,DELTA DRUG DISCOUNT CORP,3240 NW 72ND AVE,,MIAMI,FL,331221318,3055936230,PRESIDENT,3336C0003X,tier_1_primary_pharmacy,Y,Y,
1730444563,DAVIE ROAD PHARMACY INC,6477 STIRLING RD,,DAVIE,FL,333147126,9547910161,MANAGING MEMBER,333600000X|3336C0003X,tier_1_primary_pharmacy,Y,Y,
1548515620,SOUTHERN RX LLC,10131 W COMMERCIAL BLVD,,SUNRISE,FL,333514327,9547228111,PHARMACIST IN CHARGE,3336C0004X|3336C0003X,tier_1_primary_pharmacy,Y,Y,
1538414313,PRECISION PHARMACY GROUP LLC.,12617 RACE TRACK RD,STE B,TAMPA,FL,336261331,8135982837,MANAGING MEMBER,3336C0003X,tier_1_primary_pharmacy,Y,Y,
1174878870,OLDIN PHARMACY INC,336 NW 12TH AVE,,MIAMI,FL,331281019,3055450140,PRESIDENT/OWNER,3336C0003X,tier_1_primary_pharmacy,Y,Y,
1396090056,ARBOR PHARMACY,1112 ROCK SPRINGS RD,,APOPKA,FL,327122387,4078143977,CEO/PHARMACY MANAGER,3336C0004X|333600000X|3336C0003X,tier_1_primary_pharmacy,Y,Y,
1023363637,ULTRA PHARMACY DISCOUNT INC,2416 NW 27TH AVE,,MIAMI,FL,331427234,3056373066,PRESIDENT,3336C0003X,tier_1_primary_pharmacy,Y,Y,
1518212182,NEPTUNE BEACH PHARMACY LLC,1529 ATLANTIC BLVD,,NEPTUNE BEACH,FL,322661717,9046854919,PHARMACIST OWNER,3336C0003X,tier_1_primary_pharmacy,Y,Y,
1427303098,VISTA SPECILTY PHARMACY,1500 OAKLEY SEAVER DR STE 3,,CLERMONT,FL,347111974,3529895850,DIRECTOR OF PHARMACY,333600000X|3336C0003X,tier_1_primary_pharmacy,Y,Y,
1962757542,NARANJA PHARMACY INC,26059 S DIXIE HWY,,HOMESTEAD,FL,330326613,3052589875,OWNER,3336C0003X,tier_1_primary_pharmacy,Y,Y,
1891040242,"JAGUA PHARMACY, INC",4765 SW 8TH ST,,CORAL GABLES,FL,331342546,3054480836,OWNER,3336C0003X,tier_1_primary_pharmacy,Y,Y,
1508112889,MACK BAYOU PHARMACY LLC,82 MACK BAYOU LOOP STE B,,SANTA ROSA BEACH,FL,324592607,8506220730,OWNER,3336C0003X|333600000X|3336C0004X,tier_1_primary_pharmacy,Y,Y,
1073868386,JAG PHARMACY AND HEALTH SERVICES,5335 N MILITARY TRL STE 44,,WEST PALM BEACH,FL,334073033,5616702001,OWNER,333600000X|3336L0003X|3336C0003X,tier_1_primary_pharmacy,Y,Y,
1144576463,AVENTURA RX PHARMACY INC,18749 W DIXIE HWY,,MIAMI,FL,331802617,7869424410,PRESIDENT,3336M0002X|3336C0003X,tier_1_primary_pharmacy,Y,Y,
1114273489,GALINDO PHARMACY INC,2955 SW 8TH ST,SUITE #103,MIAMI,FL,331352862,7864318246,PRESIDENT,333600000X,tier_1_primary_pharmacy,Y,Y,
1285980003,PHARMACY CARE CENTER INC,2081 W 76TH ST,,HIALEAH,FL,330161834,3058214337,"PRESIDENT/CHIEF RPH, PIC",3336C0004X|3336L0003X|333600000X|3336C0003X,tier_1_primary_pharmacy,Y,Y,
1912253774,MARIETTA PHARMACY LLC,8299 W BEAVER ST STE 5,,JACKSONVILLE,FL,322202315,9049994884,RXM,333600000X|3336L0003X|3336C0003X,tier_1_primary_pharmacy,Y,Y,
1104172824,SUNVIEW PHARMACY LLC,6355 SW 8TH ST,UNIT 100,WEST MIAMI,FL,331444858,7863855370,OWNER,3336C0003X,tier_1_primary_pharmacy,Y,Y,
1619223351,NORTH MAIN PHARMACY,12405 N MAIN ST STE 3,,JACKSONVILLE,FL,322182609,9046960265,MANAGER,3336C0003X,tier_1_primary_pharmacy,Y,Y,
1851647515,SHEPPARD APOTHECARY,3793 HIGHWAY 4,,JAY,FL,325651756,8506756990,OWNER/PHARMACIST,3336C0004X|333600000X|3336C0003X,tier_1_primary_pharmacy,Y,Y,
1669728176,PRAMUKH KRUPA RX LLC,27432 CASHFORD CIR STE 101,,WESLEY CHAPEL,FL,335446916,8136676100,PHARMACY DEPARTMENT MANAGER,3336C0003X,tier_1_primary_pharmacy,Y,Y,
1467709709,PASCO PHARMACY INC,9332 STATE ROAD 54 STE 205,,NEW PORT RICHEY,FL,346551810,8139919500,CHIEF EXECUTIVE OFFICER,3336C0004X|333600000X,tier_1_primary_pharmacy,Y,Y,
1174870885,VEDADO PHARMACY CORP,14637 SW 56TH ST,,MIAMI,FL,331755703,3052261452,MANAGER,3336C0003X,tier_1_primary_pharmacy,Y,Y,
1407103187,VICTOR FARRIS PHARMACY INC,120 N. FEDERAL HWY,,DEERFIELD BEACH,FL,33441,9543792444,OWNER,333600000X|3336C0003X,tier_1_primary_pharmacy,Y,Y,
1316294093,SOUTH OCEAN PHARMACY INC,2875 S OCEAN BLVD,SUITE 103,PALM BEACH,FL,334805590,5617214359,OWNER/PHARMACIST,3336C0003X,tier_1_primary_pharmacy,Y,Y,
1043568561,TOPCARE PHARMACY 4 LLC,6484 FORT CAROLINE RD,,JACKSONVILLE,FL,322772042,9047224295,OWNER,333600000X|3336C0003X,tier_1_primary_pharmacy,Y,Y,
1285982611,FRANKLIN PHARMACY SOUTH LLC,13933 17TH ST STE 300,,DADE CITY,FL,335254603,3524374856,CEO,3336C0003X,tier_1_primary_pharmacy,Y,Y,
1699023705,"AMERICAN PHARMACY, INC",1432 E 4TH AVE,,HIALEAH,FL,330103528,3056037791,PRESIDENT / OWNER,3336C0003X,tier_1_primary_pharmacy,Y,Y,
1356699953,NEW LIFE PHARMACY LLC,283 NW 82ND AVE,,MIAMI,FL,33126,7869086370,OWNER,3336C0003X,tier_1_primary_pharmacy,Y,Y,
1730438169,HARMONY PHARMACY INC,4615 NW 72ND AVE UNIT 115,,MIAMI,FL,331665698,3055991975,OWNER,3336C0003X,tier_1_primary_pharmacy,Y,Y,
1508115890,METROMEDS PHARMACY LLC,409 E MICHIGAN ST,,ORLANDO,FL,328064541,3218882222,MANAGER,333600000X|3336C0004X|3336S0011X|3336C0003X,tier_1_primary_pharmacy,Y,Y,
1558610527,REVIVE PHARMACY INC,16205 S TAMIAMI TRL,SUITE # 6,FORT MYERS,FL,339085304,2392044223,OWNER,333600000X|3336C0003X,tier_1_primary_pharmacy,Y,Y,
1427307461,INNOVATIVERX GULF COAST PHARMACY INC,1035 COLLIER CENTER WAY STE 2,,NAPLES,FL,341108474,2393249619,PRESIDENT,333600000X|3336L0003X,tier_1_primary_pharmacy,Y,Y,
1679822365,THE PHARMACY LLC,333 SOUTH PLUMOSA STREET,,MERRITT ISLAND,FL,329524891,3212088999,PHARMACIST/OWNER,333600000X|3336C0004X|3336C0003X,tier_1_primary_pharmacy,Y,Y,
1821348525,"FLORIDA PHARMACY SOLUTIONS, INC",38444 5TH AVENUE,,ZEPHYRHILLS,FL,33542,3524374856,CEO,3336C0003X,tier_1_primary_pharmacy,Y,Y,
1720338163,"DR G'S PHARMACY, INC",1425 S CONGRESS AVE,,DELRAY BEACH,FL,334456384,5613303146,PRESIDENT,3336C0003X,tier_1_primary_pharmacy,Y,Y,
1073863312,XUBEX PHARMACY LLC,500 STATE ROAD 436 STE 2064,,CASSELBERRY,FL,327075392,4073782309,CEO/PRESIDENT,3336S0011X|3336M0002X|3336C0004X|333600000X|3336L0003X,tier_1_primary_pharmacy,Y,Y,
1740530013,GOLDTREE RX LLC,1401 SE GOLDTREE DR STE 103,,PORT ST LUCIE,FL,349527584,7722374426,PHARMACIST/MANAGER,333600000X|3336C0004X,tier_1_primary_pharmacy,Y,Y,
1902156284,FILL-A-SCRIPT PHARMACY,2500 SW 107TH AVE STE 30,,MIAMI,FL,331652492,3052260181,SECRETARY,3336S0011X|3336C0003X,tier_1_primary_pharmacy,Y,Y,
1023368123,TRUE PHARMACY INC,748 NW 183RD ST,,MIAMI GARDENS,FL,331694250,7864841777,PRESIDENT,3336C0004X|3336C0003X,tier_1_primary_pharmacy,Y,Y,
1487905097,BEST CARE PHARMACY,2389 CORAL WAY,,CORAL GABLES,FL,331453510,3058560070,PRESIDENT,333600000X,tier_1_primary_pharmacy,Y,Y,
1487905840,EAGLE PHARMACY LLC,350 EAGLES LANDING DR,,LAKELAND,FL,338102999,8557482663,VP PHARMACY OPERATIONS,3336M0002X|333600000X|3336C0003X,tier_1_primary_pharmacy,Y,Y,
1750632717,SAI RX LLC,2747 BLANDING BLVD,SUITE 104,MIDDLEBURG,FL,320685653,9042143747,OWNER/PIC,3336C0003X,tier_1_primary_pharmacy,Y,Y,
1053662973,RX GROUP ONE LLC,305 CLYDE MORRIS BLVD,SUITE # 200,ORMOND BEACH,FL,321748181,3868727605,OWNER,333600000X|3336C0003X,tier_1_primary_pharmacy,Y,Y,
1417209396,LIVING WELL PHARMACY,1203 E SUNRISE BLVD,,FORT LAUDERDALE,FL,333042810,9545015451,PHARMACIST,3336C0003X,tier_1_primary_pharmacy,Y,Y,
1730431487,XUBEX COMMUNITY PHARMACY INC,500 STATE ROAD 436 STE 1010,,CASSELBERRY,FL,327075376,4076245088,PRESIDENT,333600000X|3336C0004X|3336L0003X|3336M0002X|3336S0011X|3336C0003X,tier_1_primary_pharmacy,Y,Y,
1932451556,"TRIO PHARMACY, INC.",5587 SW 8TH ST,,CORAL GABLES,FL,331342219,3052640350,PRESIDENT,333600000X,tier_1_primary_pharmacy,Y,Y,
1780936476,BLACK & WHITE PHARMACY CORP,1003 W FLAGLER ST,,MIAMI,FL,331301031,3055452108,OWNER,333600000X,tier_1_primary_pharmacy,Y,Y,
1255683835,GREAT CARE PHARMACY INC,2505 NW 54TH ST,,MIAMI,FL,331422947,3056362994,PRESIDENT/PHARMACY MANAGER,333600000X|3336C0003X,tier_1_primary_pharmacy,Y,Y,
1629320825,"RIVERSIDE COMMUNITY PHARMACY, INC.","RIVERSIDE COMMUNITY PHARMACY, INC.",1456 NW 17TH AVE,MIAMI,FL,33125,3055496677,ADMINISTRATOR,333600000X|3336C0003X,tier_1_primary_pharmacy,Y,Y,
1285986224,FAMILY PHARMACY,3644 WEBBER ST,,SARASOTA,FL,342324413,9419216645,MANAGER,3336C0003X,tier_1_primary_pharmacy,Y,Y,
1992058929,ADVANCE PHARMACY SOLUTIONS LLC,10910 SW 184TH ST,,CUTLER BAY,FL,331576608,7867324613,OWNER/MANAGAR,333600000X|3336C0003X|3336L0003X,tier_1_primary_pharmacy,Y,Y,
1033462007,OLGUIN PHARMACY DISCOUNT CORP,12236 SW 8TH ST,,MIAMI,FL,331841552,3052207360,PRESIDENT,3336C0003X,tier_1_primary_pharmacy,Y,Y,
1659624534,MEDPLUS PHARMACY,13016 SW 120TH ST,,MIAMI,FL,331864526,3059694435,PRESIDENT,3336C0003X,tier_1_primary_pharmacy,Y,Y,
1154674968,"DHANALAKSHMI RX, LLC",659 NW 62ND ST,,MIAMI,FL,331504329,3057593339,MANAGER,3336C0004X|3336C0003X,tier_1_primary_pharmacy,Y,Y,
1720331168,MIAMI DADE PHARMACY DISCOUNT INC,2168 NW 7TH ST,,MIAMI,FL,331253425,3056434720,PRESIDENT,3336C0003X,tier_1_primary_pharmacy,Y,Y,
1700139003,LANTANA PHARMACY,3206 LANTANA ROAD,,LANTANA,FL,334622432,5619647614,PRESIDENT,3336C0003X,tier_1_primary_pharmacy,Y,Y,
1104170612,LUMI PHARMACY LLC,261 WESTWARD DR,SUITE 108-109,MIAMI SPRINGS,FL,331665290,3058886755,PRESIDENT,3336C0003X,tier_1_primary_pharmacy,Y,Y,
1033463542,ELITE CARE PHARMACY CORP,19112 NW 23RD CT,,PEMBROKE PINES,FL,330295335,9546350397,PRESIDENT,3336C0003X,tier_1_primary_pharmacy,Y,Y,
1598009573,COASTAL SPECIALTY PHARMACY LLC,2050 W COUNTY HIGHWAY 30A,M1-106,SANTA ROSA BEACH,FL,324590187,8506223315,MGMR,333600000X,tier_1_primary_pharmacy,Y,Y,
1326382227,METROPOLITAN PHARMACY CORP.,3253 NW 7TH ST,,MIAMI,FL,331254139,7865183919,PRESIDENT,333600000X,tier_1_primary_pharmacy,Y,Y,
1306180997,LORDONI DISCOUNT PHARMACY INC,6300 N WICKHAM RD,SUITE 126,MELBOURNE,FL,329402028,3216103114,OWNER,3336L0003X|333600000X|3336C0003X,tier_1_primary_pharmacy,Y,Y,
1215271895,V & N PHARMACY LLC,2290 WEST EAU GALLIE BLVD,SUITE 112,MELBOURNE,FL,32935,3214284505,OWNER,3336L0003X|333600000X,tier_1_primary_pharmacy,Y,Y,
1144565466,UNITED CARE PHARMACY LLC,13339 SW 42ND ST,,MIAMI,FL,331753270,3057642804,PRESIDENT,3336C0003X,tier_1_primary_pharmacy,Y,Y,
1609111764,CAB PHARMACY INC,1501 1ST ST S,SUITE 1,WINTER HAVEN,FL,338804307,8632295974,PHARMACY MANAGER,3336C0003X,tier_1_primary_pharmacy,Y,Y,
1770828741,ALPHA-OMEGA PHARMACY,4625 E BAY DR STE 313,,CLEARWATER,FL,337645747,8445570835,OWNER,333600000X|3336C0003X,tier_1_primary_pharmacy,Y,Y,
1598000291,"ANDY'S PHARMACY & DISCOUNT, INC",4315 NW 7TH ST,STE 15,MIAMI,FL,331263560,7865238114,PRESIDENT/OWNER,3336C0003X,tier_1_primary_pharmacy,Y,Y,
1881939312,WELLNESS RX TAMPA LLC,7208 N STERLING AVE,SUITE B,TAMPA,FL,336144228,8133042266,PRESCRIPTION DEOARTMENT MANAGER,3336C0003X,tier_1_primary_pharmacy,Y,Y,
1275878738,THRIFTY DISCOUNT PHARMACY LLC,32 W NEW HAVEN AVE,,MELBOURNE,FL,329014406,3216765999,REGISTERED PHARMACIST,333600000X|3336C0003X,tier_1_primary_pharmacy,Y,Y,
1306182670,RIGHTCHOICE PHARMACY LLC,2309 W WOOLBRIGHT RD,SUITE 4,BOYNTON BEACH,FL,33426,5615090707,OWNER PHARMACIST,333600000X|3336C0003X,tier_1_primary_pharmacy,Y,Y,
1902142144,LPE PHARMACY LLC,4380 OAKES RD,SUITE 807,DAVIE,FL,333142238,9546344746,PHARMACIST IN CHARGE,3336C0003X,tier_1_primary_pharmacy,Y,Y,
1750627543,"EZ CARE PHARMACY, INC",3353 SHERIDAN ST STE D,,HOLLYWOOD,FL,330213632,9549810614,PRESIDENT,333600000X|3336L0003X,tier_1_primary_pharmacy,Y,Y,
1811233430,HEARTLAND PHARMACY LAKE PLACID,342 E ROYAL PALM ST,,LAKE PLACID,FL,338525019,8636591780,OWNER/PRESIDENT,333600000X|3336C0003X,tier_1_primary_pharmacy,Y,Y,
1518204882,SAMARA PHARMACY SERVICES LLC,7855 ARGYLE FOREST BLVD STE 801,,JACKSONVILLE,FL,322447706,9048001888,PHARMACY MANAGER,333600000X|3336L0003X|3336C0004X|3336C0003X,tier_1_primary_pharmacy,Y,Y,
1871830034,MD OMEGA PHARMACY INC,823 SOUTHERN BLVD,,WEST PALM BEACH,FL,334052529,5615477710,CO-OWNER SECRETARY,3336C0003X,tier_1_primary_pharmacy,Y,Y,
1619214616,CINERGY PHARMACY LLC,2116 S ORANGE AVE,SUITE B,ORLANDO,FL,328063055,4077570567,MANAGER,333600000X|3336C0004X|3336C0003X,tier_1_primary_pharmacy,Y,Y,
1871830950,MG PHARMACY & DISCOUNT INC,764 E 10TH ST,,HIALEAH,FL,330103636,7863601253,PRESIDENT,3336C0003X,tier_1_primary_pharmacy,Y,Y,
1841537826,FORT MYERS BEACH PHARMACY,1003 8TH AVE W,,BRADENTON,FL,342057709,9417942444,PRESCRIPTION DEPARTMENT MANAGER,3336C0003X,tier_1_primary_pharmacy,Y,Y,
1679810568,BAYCARE PHARMACY,620 10TH ST N,,SAINT PETERSBURG,FL,337051407,7275024144,DIRECTOR,3336C0003X,tier_1_primary_pharmacy,Y,Y,
1144567884,LA IDEAL PHARMACY & DISCOUNT,4920 E 4 AVE,,HIALEAH,FL,33012,3058210070,PRESIDENT,333600000X,tier_1_primary_pharmacy,Y,Y,
1275870818,OCALA PHARMACY LLC,8290 SW HIGHWAY 200,,OCALA,FL,344819677,3525097890,OWNER,3336S0011X|3336L0003X|3336C0003X,tier_1_primary_pharmacy,Y,Y,
1629315213,MIAMI PHARMACY CORP,15552 SW 72ND ST,,MIAMI,FL,331931900,3057520200,PRESIDENT,333600000X,tier_1_primary_pharmacy,Y,Y,
1972841229,"SUDDHA PHARMACY, LLC",255 SUNRISE AVE,,PALM BEACH,FL,334803876,5616596713,MANAGER,333600000X|3336L0003X,tier_1_primary_pharmacy,Y,Y,
1740528686,AP PHARMACY INC,5757 SW 8TH ST,,WEST MIAMI,FL,331445060,7865369521,PRESIDENT,333600000X|3336C0003X,tier_1_primary_pharmacy,Y,Y,
1306184205,ST MOSES PHARMACY CORP,11629 SW 216TH ST,,MIAMI,FL,331702908,3059699193,PRESIDENT,3336C0003X,tier_1_primary_pharmacy,Y,Y,
1255679080,JRX PHARMACY LLC,4024 W HILLSBOROUGH AVE,,TAMPA,FL,336145628,8138742900,PRESIDENT/PHARMACIST,333600000X|3336C0003X,tier_1_primary_pharmacy,Y,Y,
1649518416,"CENTERWELL PHARMACY, INC.",5849 OKEECHOBEE BLVD STE 203,,WEST PALM BEACH,FL,334174352,5616239848,VP,3336C0002X|3336C0003X,tier_1_primary_pharmacy,Y,Y,
1932447661,A-1 PHARMACY INC,265 NE 24TH ST STE 106,,MIAMI,FL,331375040,7862755395,PRESIDENT,333600000X,tier_1_primary_pharmacy,Y,Y,
1285973842,CAREMAX PHARMACY LLC,2789 PARK ST,,JACKSONVILLE,FL,322057607,9045519026,MANAGING MEMBER,3336C0003X,tier_1_primary_pharmacy,Y,Y,
1811236219,SUNSHINE PHARMACY SERVICES LTD CO,1231 LAKELAND HILLS BLVD,,LAKELAND,FL,338054673,8639379038,MANAGER/OWNER,333600000X|3336C0003X,tier_1_primary_pharmacy,Y,Y,
1487993788,ST JOSEPH PHARMACY LLC,7933 N ARMENIA AVE,,TAMPA,FL,336043830,8139306000,PHARMACY MANAGER,3336C0004X|3336S0011X|333600000X|3336C0003X,tier_1_primary_pharmacy,Y,Y,
1063751238,DEL PRADO DISCOUNT PHARMACY,2504 DEL PRADO BLVD S,,CAPE CORAL,FL,339045750,2396739415,OWNER,3336C0003X,tier_1_primary_pharmacy,Y,Y,
1811236938,CITRUS SPRINGS PHARMACY INC,10479 N FLORIDA AVE,,CITRUS SPRINGS,FL,344343268,3524891341,PHARMACIST,3336C0003X,tier_1_primary_pharmacy,Y,Y,
1508105677,"TOPICAL RX PHARMACY, LLC",1536 KINGSLEY AVE,#118,ORANGE PARK,FL,320734587,8509334342,PARTNER,3336C0003X,tier_1_primary_pharmacy,Y,Y,
1730428897,"AGEVITAL PHARMACY, LLC",16 S BLVD OF THE PRESIDENTS,,SARASOTA,FL,342361424,9419288066,PROPRIETOR/GENERAL MANAGER,3336C0003X|3336C0004X,tier_1_primary_pharmacy,Y,Y,
1972842870,EXPRESS PHARMACY CORP,9833 PINES BLVD,,PEMBROKE PINES,FL,330246100,9544362359,"OWNER, PIC",333600000X|3336C0004X|3336C0003X,tier_1_primary_pharmacy,Y,Y,
1063752236,VICTORY PHARMACY CORPORATION,1003 SW 67TH AVE,,WEST MIAMI,FL,331444757,7865425670,PRESIDENT/OWNER,3336C0003X,tier_1_primary_pharmacy,Y,Y,
1851631980,"ACARIAHEALTH PHARMACY, INC.",6923 LEE VISTA BLVD STE 200,,ORLANDO,FL,328224703,4079031308,PRESIDENT,333600000X|3336C0003X,tier_1_primary_pharmacy,Y,Y,
1699016550,ADVANCED RX LLC,1942 NE 163 ST,,NORTH MIAMI BEACH,FL,33162,3059497464,OWNER,333600000X,tier_1_primary_pharmacy,Y,Y,
1629319520,"E.D.I PHARMACY & DISCOUNT, INC",557 E 9TH ST,,HIALEAH,FL,330104549,7862940431,SECRETARY,3336C0003X,tier_1_primary_pharmacy,Y,Y,
1508107418,ARY PHARMACY CORP,4790 NW 7TH ST,SUITE # 106,MIAMI,FL,331262200,7862940570,PRESIDENT,3336C0003X,tier_1_primary_pharmacy,Y,Y,
1023359775,"LUCAYA PHARMACY & DISCOUNT, INC",1554 W 68TH ST,,HIALEAH,FL,330143810,3058214048,OWNER,3336C0003X,tier_1_primary_pharmacy,Y,Y,
1205177607,ASHKA RX LLC,202 SW 17TH ST STE A,,OCALA,FL,344718138,3526242779,OWNER,3336L0003X|3336C0004X|3336S0011X|3336C0003X,tier_1_primary_pharmacy,Y,Y,
1710228085,"SOLERA SPECIALTY PHARMACY, LLC",2100 PARK CENTRAL BLVD N,STE 300,POMPANO BEACH,FL,330642219,9546151840,CEO,3336S0011X|3336C0003X,tier_1_primary_pharmacy,Y,Y,
1356682660,EVERYBODY'S PHARMACY & DISCOUNT INC,7830 NW 178TH ST # ST32,,HIALEAH,FL,330153649,7869534959,PRESIDENT,333600000X,tier_1_primary_pharmacy,Y,Y,
1386985604,LAS MERCEDES DRUG STORE INC,7209 CORAL WAY,,MIAMI,FL,331551401,7865182793,PRESIDENT,333600000X,tier_1_primary_pharmacy,Y,Y,
1538400759,ATLANTIS PHARMACY INC,136 NW 57TH AVE,,MIAMI,FL,331264805,3052650001,PRESIDENT,3336C0003X,tier_1_primary_pharmacy,Y,Y,
1306187448,CHANG'S PHARMACY INC,2800 W 84TH ST UNIT 2,,HIALEAH,FL,330184922,3058270642,PRESIDENT,333600000X|3336C0003X,tier_1_primary_pharmacy,Y,Y,
1659612794,SENTRIX PHARMACY AND DISCOUNT,3285 W MCNAB RD,,POMPANO BEACH,FL,330694807,9545892516,CMO,333600000X,tier_1_primary_pharmacy,Y,Y,
1538400502,PETE'S PHARMACY INC,6400 SE FEDERAL HWY,,STUART,FL,349978313,7724637720,OWNER/PHARMACIST,333600000X|3336C0003X,tier_1_primary_pharmacy,Y,Y,
1316289887,NAPLES RX SOLUTIONS LLC,700 2ND AVE N,SUITE 101,NAPLES,FL,341025756,2392634490,PHARMACIST/OWNER,333600000X|3336C0003X,tier_1_primary_pharmacy,Y,Y,
1841532108,MAGNOLIA PHARMACY LLC,12525 CURLEY ST,,SAN ANTONIO,FL,335767094,3525883330,OWNER/PHARMACIST,333600000X|3336C0004X|3336C0003X,tier_1_primary_pharmacy,Y,Y,
1992047260,MEDCITY PHARMACY,463688 SR 200,SUITE #6,YULEE,FL,32097,9044323810,CO-OWNER,333600000X|3336C0004X|3336C0003X,tier_1_primary_pharmacy,Y,Y,
1821330150,INNOVATIVERX GULF COAST PHARMACY INC,1035 COLLIER CENTER WAY STE 2,,NAPLES,FL,341108474,2393249619,DIRECTOR OF PHARMACY,3336C0003X,tier_1_primary_pharmacy,Y,Y,
1568704666,SOLUTION DISCOUNT PHARMACY INC,13730 SW 84TH ST,,MIAMI,FL,331834000,3053886720,PRESIDENT,333600000X,tier_1_primary_pharmacy,Y,Y,
1649513482,ORANGE PARK PHARMACY INC.,1992 KINGSLEY AVE,,ORANGE PARK,FL,320734442,9045793027,OWNER,3336C0003X,tier_1_primary_pharmacy,Y,Y,
1407199169,LAKE ELLA PHARMACY,2525 S MONROE ST STE 6,,TALLAHASSEE,FL,323016353,8507278736,OWNER / PIC,333600000X|3336C0003X,tier_1_primary_pharmacy,Y,Y,
1275876773,RX CARE 7 LLC,1426 S PINE AVE,,OCALA,FL,344716544,3526223454,PHARMACY OWNER,3336C0004X|3336C0003X,tier_1_primary_pharmacy,Y,Y,
1750724910,QUALITY PHARMACY AND DISCOUNT CORP.,1133 W 29TH ST,,HIALEAH,FL,330125063,3052003853,PRESIDENT,333600000X,tier_1_primary_pharmacy,Y,Y,
1306289210,EASTERN PHARMACY INC,2046 W SILVER SPRINGS BLVD,,OCALA,FL,344756366,3526229909,OWNER/OPERATOR,333600000X|3336C0003X,tier_1_primary_pharmacy,Y,Y,
1265875090,CENTRAL FL PHARMACY CORP,1219 E COLONIAL DR,,ORLANDO,FL,328034701,4078980055,PRESIDENT,3336C0002X|3336C0004X|333600000X|3336C0003X,tier_1_primary_pharmacy,Y,Y,
1649613993,MOTHER'S PHARMACY,6350 DAVIS BLVD,,NAPLES,FL,341045323,2397327993,OWNER,3336C0003X,tier_1_primary_pharmacy,Y,Y,
1396188769,ANDYS PHARMACY AND DISCOUNT,4315 NW 7TH ST STE 15,,MIAMI,FL,331263560,3054433507,OWNER,3336C0003X,tier_1_primary_pharmacy,Y,Y,
1801239272,VERO PHARMACY INC,1635 14TH AV,,VERO BEACH,FL,32960,7725623660,OWNER,3336C0003X|3336L0003X,tier_1_primary_pharmacy,Y,Y,
1669816997,CURE PHARMACY INC,7001 MERRILL RD STE 13,,JACKSONVILLE,FL,322772691,9042533405,PRESIDENT,333600000X|3336C0003X,tier_1_primary_pharmacy,Y,Y,
1164866315,"LOS ANGELES PHARMACY, INC.",2772 SW 137TH AVE,,MIAMI,FL,331756638,3059175862,PRESIDENT,3336C0003X,tier_1_primary_pharmacy,Y,Y,
1962846287,SAN NICOLAS PHARMACY CORP,2140 W FLAGLER ST,SUITE 102,MIAMI,FL,331355600,7869537224,PRESIDENT,333600000X,tier_1_primary_pharmacy,Y,Y,
1487098513,LEGACY PHARMACY OC LLC,921 TOWN CENTER DR STE 100,,ORANGE CITY,FL,327638266,3862184993,PARTNER,3336C0003X,tier_1_primary_pharmacy,Y,Y,
1053755645,JENNY'S PHARMACY& DISCOUNT INC,9709 NW 27TH AVE,,MIAMI,FL,331472153,3058792178,PRESIDENT,3336C0003X,tier_1_primary_pharmacy,Y,Y,
1730523267,HOMESTEAD COMMUNITY PHARMACY LLC,925 NE 30TH TER STE 200,,HOMESTEAD,FL,330337614,3052451800,"OWNER, CEO",333600000X|3336C0004X|3336C0003X,tier_1_primary_pharmacy,Y,Y,
1043654536,LMC PHARMACY LLC,950 PENINSULA CORPORATE CIR,SUITE 1022,BOCA RATON,FL,334871378,5619950611,PRESIDENT,333600000X,tier_1_primary_pharmacy,Y,Y,
1124463583,"OLDE TIME PHARMACY, LLC",4766 GOLDEN GATE PKWY,UNIT 5,NAPLES,FL,341166984,2392931565,OWNER/PHARMACIST,3336C0003X,tier_1_primary_pharmacy,Y,Y,
1780029157,RX CARE 11 LLC,1201 PIPER BLVD,UNIT 12,NAPLES,FL,34110,2393307792,OWNER,333600000X|3336C0003X,tier_1_primary_pharmacy,Y,Y,
1285079400,SIXTYSEVEN PHARMACY DISCOUNT INC,2205 SW 67TH AVE,,MIAMI,FL,331551839,3052612313,PRESIDENT,333600000X,tier_1_primary_pharmacy,Y,Y,
1629413737,PALM RX PHARMACY LLC,700 1ST ST S STE 1,,WINTER HAVEN,FL,338803605,8632926111,OWNER,333600000X|3336C0003X,tier_1_primary_pharmacy,Y,Y,
1336584069,SUNSHINE PHARMACY AT GULFSHORE,5480 RATTLESNAKE HAMMOCK RD,,NAPLES,FL,341137454,2397756800,OWNER,333600000X,tier_1_primary_pharmacy,Y,Y,
1437595907,FAMILY PHARMACY AND MEDICAL LLC,5480 RATTLESNAKE HAMMOCK RD,,NAPLES,FL,341137454,2397756800,MGR,3336C0003X,tier_1_primary_pharmacy,Y,Y,
1154767663,SUNSHINE PHARMACY,5480 RATTLESNAKE HAMMOCK RD,,NAPLES,FL,341137454,2397750600,NEW OWNER,333600000X,tier_1_primary_pharmacy,Y,Y,
1508202987,SUNSHINE PHARMACY INC,5480 RATTLESNAKE HAMMOCK RD,,NAPLES,FL,341137454,2397756800,OWNER,3336C0003X,tier_1_primary_pharmacy,Y,Y,
1780021121,BAPTIST PHARMACY NORTH INC,1187 WEST 35 STREET,,HIALEAH,FL,33012,3058270738,PRESIDENT,3336C0003X,tier_1_primary_pharmacy,Y,Y,
1093152571,"CENTERWELL PHARMACY, INC.",1648 NE 163RD ST,,NORTH MIAMI BEACH,FL,331624731,3054000752,VP,3336C0002X|3336C0003X,tier_1_primary_pharmacy,Y,Y,
1225475353,LITTLE HAVANA DRUG STORE INC,1116 SW 1ST ST,,MIAMI,FL,331301011,3053245228,PRESIDENT,3336C0003X,tier_1_primary_pharmacy,Y,Y,
1952749632,XTRA CARE PHARMACY,6520 US HIGHWAY 301 S,SUITE 106,RIVERVIEW,FL,335784347,8135980593,PIC/OWNER,3336C0003X,tier_1_primary_pharmacy,Y,Y,
1326486077,EKI PHARMACY INC,2415 NW 97TH AVE,,DORAL,FL,33174,7865182281,PRESIDENT,3336C0003X,tier_1_primary_pharmacy,Y,Y,
1740628346,TATA PHARMACY DISCOUNT LLC,3810 SW 8TH ST,,CORAL GABLES,FL,331343002,7864092705,PRESIDENT,3336C0003X,tier_1_primary_pharmacy,Y,Y,
1699113902,"MED CARE CHOICE PHARMACY, INC.",3570 CONSUMER ST,8,RIVIERA BEACH,FL,334041740,5612831243,OWNER,3336M0002X|3336C0003X,tier_1_primary_pharmacy,Y,Y,
1073951349,CONTINENTAL PHARMACY CORP,8428 SW 40TH ST,,MIAMI,FL,331553226,7865022366,PRESIDENT,333600000X,tier_1_primary_pharmacy,Y,Y,
1093153355,HAPPY CARE PHARMACY INC.,15190 SW 136TH ST STE 27,,MIAMI,FL,331962618,3052354800,OWNER,333600000X,tier_1_primary_pharmacy,Y,Y,
1275971210,AZUL PHARMACY CORP,11338 SW 184TH ST,,MIAMI,FL,331576553,3052351473,PRESIDENT,3336C0003X,tier_1_primary_pharmacy,Y,Y,
1174962997,WELLNESS PHARMACY OF ST AUGUSTINE LLC,4405 SARTILLO RD STE C,,SAINT AUGUSTINE,FL,320955240,9044297333,PHARMACIST/PARTNER,333600000X|3336C0003X,tier_1_primary_pharmacy,Y,Y,
1104265669,NATURAL SCIENCE PHARMACY,13978 W HILLSBOROUGH AVE,,TAMPA,FL,336359656,8134211250,OWNER,333600000X,tier_1_primary_pharmacy,Y,Y,
1255770459,SUN PHARMACY SERVICES LLC,3549 1ST ST,,BRADENTON,FL,342084441,9414484751,PHARMACY MANAGER,333600000X|3336C0004X|3336C0003X,tier_1_primary_pharmacy,Y,Y,
1184063455,XTRA CARE PHARMACY INC,6520 US HIGHWAY 301 S STE 106,,RIVERVIEW,FL,335784324,8132800927,OWNER/PIC,3336C0003X,tier_1_primary_pharmacy,Y,Y,
1265871529,PRIME RX LLC,8486 W HILLSBOROUGH AVE,,TAMPA,FL,336153808,6157536873,OWNER,333600000X|3336C0003X,tier_1_primary_pharmacy,Y,Y,
1477993111,TOP RX PHARMACY,1420 W WATERS AVE STE 101,,TAMPA,FL,336042830,8137671708,OWNER,333600000X,tier_1_primary_pharmacy,Y,Y,
1750721213,WELLINGTON PHARMACY INC,11328 OKEECHOBEE BLVD SUITE #5,,ROYAL PALM BEACH,FL,33411,4076970566,PRESIDENT,3336C0003X,tier_1_primary_pharmacy,Y,Y,
1487094991,BETTER LIFE PHARMACY INC.,6741 CORAL WAY,STE 52-53,MIAMI,FL,331551762,3052666277,OWNER,333600000X,tier_1_primary_pharmacy,Y,Y,
1912347998,RX EXPRESS PHARMACY OF PANAMA CITY INC,3104 W 23RD ST,,PANAMA CITY,FL,324051829,8502157455,PHARMACY OWNER/MANAGER,3336C0004X|3336C0003X,tier_1_primary_pharmacy,Y,Y,
1083055891,PREMIUM RX PHARMACY,2750 BAHIA VISTA ST,SUITE 235,SARASOTA,FL,342392600,7274601855,PARTNER,333600000X,tier_1_primary_pharmacy,Y,Y,
1316388168,NATIONAL PHARMACY LLC,19533 NW 57TH AVE,,MIAMI GARDENS,FL,330554709,3056273919,PRESIDENT,333600000X,tier_1_primary_pharmacy,Y,Y,
1033550777,AG BENS DISCOUNT PHARMACY,10521 SW 40TH ST,,MIAMI,FL,331653747,3055536355,PRESIDENT,3336C0003X,tier_1_primary_pharmacy,Y,Y,
1447691159,VISTA PHARMACY CORP,6765 W FLAGLER ST,,MIAMI,FL,331442923,3054567130,PRESIDENT,333600000X,tier_1_primary_pharmacy,Y,Y,
1194166421,LIFE PHARMACY AND DISCOUNT LLC,237 NW 12TH AVE,STE C,MIAMI,FL,331281080,3053260086,MANAGER,3336C0003X,tier_1_primary_pharmacy,Y,Y,
1750723722,BAYSHORE PHARMACY,1026 SW BAYSHORE BLVD,,PORT SAINT LUCIE,FL,349832400,7723440410,PHARMACIST/CHIEF,333600000X|3336C0004X|3336C0003X,tier_1_primary_pharmacy,Y,Y,
1629410469,"SUPERIOR PHARMACY OF TEMPLE TERRACE, LLC",5671 E FOWLER AVE,,TEMPLE TERRACE,FL,336172307,8139891351,MANAGER,333600000X,tier_1_primary_pharmacy,Y,Y,
1952743569,ANGELS PHARMACY I INC,259 E MICHIGAN ST,,ORLANDO,FL,328064537,4074267000,OWNER,333600000X|3336C0004X|3336C0003X,tier_1_primary_pharmacy,Y,Y,
1811339336,"MY PHARMACY OF BIG BEND, INC.",538 WILBUR ST,,BRANDON,FL,335115324,8136993496,PRESIDENT,333600000X|3336C0003X,tier_1_primary_pharmacy,Y,Y,
1942632120,"YOUR PHARMACY IN MIAMI, INC",1463 W FLAGLER ST,,MIAMI,FL,331352208,7864093250,PRESIDENT,333600000X,tier_1_primary_pharmacy,Y,Y,
1770915837,FLAGLER'S DRUG STORE INC,8216 W FLAGLER ST,,MIAMI,FL,331442028,3052280606,PRESIDENT,3336C0003X,tier_1_primary_pharmacy,Y,Y,
1114359072,BIRD ROAD PHARMACY & DISCOUNT INC,7951 SW 40TH ST,SUITE 102,MIAMI,FL,331556752,3052640608,PRESIDENT,333600000X,tier_1_primary_pharmacy,Y,Y,
1114359890,"PHARMACY DISCOUNT SERVICE, INC.",4894 NW 7TH ST,,MIAMI,FL,331262102,7865366134,OWNER/PRESIDENT,333600000X|3336C0003X,tier_1_primary_pharmacy,Y,Y,
1588097828,"IMPERIAL POINT PHARMACY CENTER, INC.",6310 N FEDERAL HWY,,FORT LAUDERDALE,FL,333081906,9542107350,PHARMACIST IN CHARGE,3336C0004X|3336C0003X,tier_1_primary_pharmacy,Y,Y,
1447683131,SONIA PHARMACY & DISCOUNT,2913 NW 7TH ST,,MIAMI,FL,331254305,7863322257,OWNER,3336C0003X,tier_1_primary_pharmacy,Y,Y,
1396178919,GENESIS PHARMACY CORP,8150 SW 8TH ST,SUITE 105,MIAMI,FL,331444263,3052612660,PRESIDENT,333600000X,tier_1_primary_pharmacy,Y,Y,
1154754760,JACKSON PHARMACY CORP,2356 NW 7TH ST,,MIAMI,FL,331253249,7865022250,OWNER,3336C0003X,tier_1_primary_pharmacy,Y,Y,
1003249400,AVENTURA RX PHARMACY INC,18749 W DIXIE HWY,,MIAMI,FL,331802617,3057050021,PRESIDENT,333600000X,tier_1_primary_pharmacy,Y,Y,
1235563529,OSHUN PHARMACY DISCOUNT INC,1554 W 68TH ST,,HIALEAH,FL,330143810,3058228266,PRESIDENT,3336C0003X,tier_1_primary_pharmacy,Y,Y,
1417381906,ANGELS TOUCH PHARMACY DICOUNT CORP,4338 SW 8THST,,CORAL GABLES,FL,33134,7865183081,PRESIDENT,333600000X,tier_1_primary_pharmacy,Y,Y,
1215362447,ROSES PHARMACY LLC,2168 NW 7TH ST,,MIAMI,FL,331253425,3057636407,PRESIDENT,333600000X,tier_1_primary_pharmacy,Y,Y,
1689009714,MARION OAKS PHARMACY INC,13795 SW 36TH AVENUE RD STE 5B,,OCALA,FL,344736104,3523079371,PRESIDENT,3336C0003X,tier_1_primary_pharmacy,Y,Y,
1336574375,SOUTHCARE PHARMACY INC,405 SE 1ST AVE,,TRENTON,FL,326933219,3524632240,PRESIDENT,333600000X,tier_1_primary_pharmacy,Y,Y,
1336574003,WHOLE LIFE PHARMACY,10575 DIXIE HWY,,PONTE VEDRA,FL,32081,9048270177,PHARMACY MANAGER,3336C0003X,tier_1_primary_pharmacy,Y,Y,
1972938520,WESTLAND PHARMACY INC,12963 W OKEECHOBEE RD,SUITE 5,HIALEAH,FL,330186055,7866158689,PRESIDENT,3336C0003X,tier_1_primary_pharmacy,Y,Y,
1265868665,WICKHAM DISCOUNT PHARMACY LLC,1060 N WICKHAM RD,,MELBOURNE,FL,329358937,3212416433,"OWNER, PHCY MGR, PIC",3336C0003X,tier_1_primary_pharmacy,Y,Y,
1750717062,BLUE MOON PHARMACY & DISCOUNT CORP,7884 NW 52ND ST,,DORAL,FL,331664742,7864838667,PRESIDENT,3336C0003X,tier_1_primary_pharmacy,Y,Y,
1396171492,CENTRAL FL PHARMACY CORP.,1219 E COLONIAL DR,,ORLANDO,FL,328034701,4078980055,PRESIDENT,3336C0003X,tier_1_primary_pharmacy,Y,Y,
1962838821,AFM PHARMACY,"5757 SW 8 ST, SUITE 117",,MIAMI,FL,331445060,3053039761,OWNER,333600000X,tier_1_primary_pharmacy,Y,Y,
1609202597,HEALING PHARMACY,17860 SE 109TH AVE STE 616A,,SUMMERFIELD,FL,344918909,3526932773,"OWNER, PIC",333600000X|3336C0004X|3336C0003X,tier_1_primary_pharmacy,Y,Y,
1346677093,SONIC PHARMACY INC,112 N HOMESTEAD BLVD,,HOMESTEAD,FL,330307426,3055278399,OWNER,3336C0003X,tier_1_primary_pharmacy,Y,Y,
1245667807,TRINITY SPECIALTY PHARMACY LLC,13615 BRUCE B DOWNS BLVD STE 111,,TAMPA,FL,336134607,8139660177,CEO,3336C0003X,tier_1_primary_pharmacy,Y,Y,
1538596259,AAZ PHARMACY INC,7209 CORAL WAY,,MIAMI,FL,331551401,3052640711,PCEO,333600000X,tier_1_primary_pharmacy,Y,Y,
1295162709,MODEL PHARMACY LLC,1714 N MAIN ST,,KISSIMMEE,FL,347443307,4075728779,OWNER,3336C0003X,tier_1_primary_pharmacy,Y,Y,
1992132377,STRIVE PHARMACY TAMPA LLC,5505 JOHNS ROAD,SUITE 700,TAMPA,FL,33634,8136447700,PRESIDENT,3336C0003X|3336C0004X|333600000X,tier_1_primary_pharmacy,Y,Y,
1902233356,MORON PHARMACY CORP,6267 SW 8TH ST,SUITE 101,WEST MIAMI,FL,331444845,3052620285,PRESIDENT,333600000X,tier_1_primary_pharmacy,Y,Y,
1497182869,INTERNATIONAL PHARMACY SOLUTIONS INC.,11471 W SAMPLE RD,SUITE # 7,CORAL SPRINGS,FL,330652696,3059680010,PHARMACIST IN CHARGE,3336C0003X,tier_1_primary_pharmacy,Y,Y,
1851728703,KING PHARMACY & COMPOUNDING LLC,31201 US HIGHWAY 19 N,,PALM HARBOR,FL,346844422,7277726868,RPH MANAGER,3336L0003X|3336C0004X|333600000X|3336C0003X,tier_1_primary_pharmacy,Y,Y,
1720415599,VILLA PHARMACY LLC,105 AVENUE R NW,,WINTER HAVEN,FL,33881,8132159855,OWNER/MANAGER,333600000X,tier_1_primary_pharmacy,Y,Y,
1730517301,ONEWAY PHARMACY,823 NW 119TH ST,,NORTH MIAMI,FL,331682336,3056685321,OWNER,3336C0003X,tier_1_primary_pharmacy,Y,Y,
1447688452,RITEMED PHARMACY,1014 CYPRESS PKWY,,KISSIMMEE,FL,347593328,4072876727,PHARMACY MANAGER,3336C0003X,tier_1_primary_pharmacy,Y,Y,
1194154831,OPTIMUM CARE PHARMACY,2405 E MOODY BLVD,,BUNNELL,FL,321105985,3866278595,OWNER/MANAGER,3336C0003X,tier_1_primary_pharmacy,Y,Y,
1568891125,PROVIDENCE PHARMACY LLC,5515 US HIGHWAY 98 N STE 1,,LAKELAND,FL,338093133,8639378092,PHARMACIST,333600000X|3336C0003X,tier_1_primary_pharmacy,Y,Y,
1053740548,ZUY PHARMACY DISCOUNT INC,5927 SW 8TH ST,,WEST MIAMI,FL,331445037,7863322504,PRESIDENT,333600000X|3336C0003X,tier_1_primary_pharmacy,Y,Y,
1275962664,PRETTY PHARMACY INC,17027 S DIXIE HWY,,PALMETTO BAY,FL,331574362,3052532006,PRESEDENT,3336C0003X,tier_1_primary_pharmacy,Y,Y,
1194154559,"J&S PHARMACY ANS DISCOUNT, INC",4920 E 4TH AVE,,HIALEAH,FL,330131509,3053648858,PRESIDENT/OWNER,3336C0003X,tier_1_primary_pharmacy,Y,Y,
1366871774,RX-MART PHARMACY LLC,665 STATE ROAD 207,SUITE 101,ST AUGUSTINE,FL,320845938,9043422162,PIC,3336C0003X,tier_1_primary_pharmacy,Y,Y,
1447680368,LILI PHARMACY AND DISCOUNT LLC,4869 NW 36TH ST,,MIAMI SPRINGS,FL,331666001,7863625900,PRESIDENT,333600000X,tier_1_primary_pharmacy,Y,Y,
1780014670,LIBERTY FOR ALL PHARMACY INC,8444 W OAKLAND PARK BLVD,,SUNRISE,FL,333517361,8772476072,OWNER,3336C0003X,tier_1_primary_pharmacy,Y,Y,
1508296252,"GOOD HOMES PHARMACY, LLC",8873 WEST COLONIAL DRIVE,,OCOEE,FL,347616951,4072532933,PHARMACY MANAGER,3336C0003X,tier_1_primary_pharmacy,Y,Y,
1710317987,BEACOM PHARMACY INC,752 W FLAGLER ST,SUITE 101,MIAMI,FL,331301248,3053246500,PRESIDENT,3336C0003X,tier_1_primary_pharmacy,Y,Y,
1275963456,VERSALLES PHARMACY INC,3526 W FLAGLER ST,,MIAMI,FL,331351028,3054567333,PRESIDENT,3336C0003X,tier_1_primary_pharmacy,Y,Y,
1265862395,AFM PHARMACY,5757 SW 8TH ST STE 117,,WEST MIAMI,FL,331445060,3052668081,OWNER,333600000X|3336C0003X,tier_1_primary_pharmacy,Y,Y,
1235560301,SOUTH POINT PHARMACY CORP,1864 W FLAGLER ST,,MIAMI,FL,331351915,3055418699,PRESIDENT,3336C0003X,tier_1_primary_pharmacy,Y,Y,
1770914707,LEAL PHARMACY LLC,1690 NE 8TH ST,,HOMESTEAD,FL,330334604,3052461626,PRESIDENT,3336C0003X,tier_1_primary_pharmacy,Y,Y,
1043641053,FIRST CHOICE PHARMACY INC,5743 SW 8TH ST,,WEST MIAMI,FL,331445033,3052620663,PRESIDENT,3336C0003X,tier_1_primary_pharmacy,Y,Y,
1477984284,CAROLINA PHARMACY AND DISCOUNT CO,4705 SW 8TH ST,1,CORAL GABLES,FL,331342546,7863603320,PRESIDENT,3336C0003X,tier_1_primary_pharmacy,Y,Y,
1750712501,VISTA SPECIALTY PHARMACY,235 W HIGHWAY 50,,CLERMONT,FL,347113027,3522416293,DIRECTOR OF PHARMACY,333600000X|3336C0003X|3336C0004X|3336L0003X|3336S0011X,tier_1_primary_pharmacy,Y,Y,
1578994257,SKY PHARMACY AND DISCOUNT CORP,2414 SHERIDAN ST,,HOLLYWOOD,FL,330202064,9549296500,PRESIDENT,3336C0003X,tier_1_primary_pharmacy,Y,Y,
1427489939,REMED PHARMACY,10163 S US HIGHWAY 1,,PORT ST LUCIE,FL,349525610,7723332740,MANAGER,3336C0003X,tier_1_primary_pharmacy,Y,Y,
1528499191,PRECISION CARE PHARMACY SERVICES INC,2131 NW 55TH TER,,GAINESVILLE,FL,326053374,8886342094,CEO/PRESIDENT,333600000X,tier_1_primary_pharmacy,Y,Y,
1316378771,VALLEJOS PHARMACY CORP.,4750 NW 7TH ST,SUITE 6,MIAMI,FL,331262253,7865520007,OWNER,3336C0003X,tier_1_primary_pharmacy,Y,Y,
1902237340,EKG PHARMACY LLC,7305 NW 36TH ST,,MIAMI,FL,331666704,3055928557,MANAGER,3336C0003X,tier_1_primary_pharmacy,Y,Y,
1346661204,PHARMACY EXPRESS & DISCOUNT CORP,3101 W HALLANDALE BEACH BLVD STE 101,,HALLANDALE BEACH,FL,330095154,3056636043,PRESIDENT,3336C0003X,tier_1_primary_pharmacy,Y,Y,
1780005389,SKY CITY PHARMACY LLC,2812 W DR MARTIN LUTHER KING JR BLVD,,TAMPA,FL,336076306,8134434796,OWNER,333600000X|3336C0004X|3336L0003X|3336C0003X,tier_1_primary_pharmacy,Y,Y,
1922429562,ADVANCE PHARMACY SERVICE LLC,4907 N ARMENIA AVE,,TAMPA,FL,336031401,8133509999,OWNER,333600000X,tier_1_primary_pharmacy,Y,Y,
1407277056,"BOCA RATON PHARMACY, INC",4802 NW 2ND AVE,,BOCA RATON,FL,334314173,5612417711,PRESIDENT,3336C0003X,tier_1_primary_pharmacy,Y,Y,
1104247451,BLUE RX PHARMACY,251 PARK BLVD,,MIAMI,FL,331268009,3052621770,PRESIDENT,3336C0003X,tier_1_primary_pharmacy,Y,Y,
1427470780,MEDICASCRIPTS PHARMACY,1551 N. FLORIDA AVE,,TAMPA,FL,33613,8139680520,PHARMACY DIRECTOR,3336C0003X,tier_1_primary_pharmacy,Y,Y,
1396167623,HEALTHPROMOTE PHARMACY LLC,12701 S JOHN YOUNG PKWY STE 120,,ORLANDO,FL,328373422,3213191090,MANAGING MBR/OWNER,3336C0003X,tier_1_primary_pharmacy,Y,Y,
1376965566,"SILVER LAKE PHARMACY, LLC.",32729 RADIO RD,,LEESBURG,FL,347883900,3522170487,PHARMACY MANAGER,3336C0003X,tier_1_primary_pharmacy,Y,Y,
1659793859,ROSE NURSING & PHARMACY SERVICES,10008 PINES BLVD,,PEMBROKE PINES,FL,330246137,9544357200,OWNER,3336L0003X|333600000X|3336C0003X|3336S0011X,tier_1_primary_pharmacy,Y,Y,
1417379249,PVRX PHARMACY CORP,10327 NW 27TH AVE,,MIAMI,FL,331471224,3053645323,PRESIDENT,3336C0003X,tier_1_primary_pharmacy,Y,Y,
1497178636,SUNNY PHARMACY INC,2140 NW 36TH ST,,MIAMI,FL,331425432,7866155528,PRESIDENT,333600000X,tier_1_primary_pharmacy,Y,Y,
1962825950,GREEN HOPE PHARMACY INC,5309 SW 8TH ST,,CORAL GABLES,FL,331342269,7867037514,OWNER,3336C0003X,tier_1_primary_pharmacy,Y,Y,
1679996722,LATIN QUARTERS DRUG STORE INC,425 SW 22ND AVE,SUITE E1,MIAMI,FL,331353100,3056422277,PRESIDENT,3336C0003X,tier_1_primary_pharmacy,Y,Y,
1386067320,EMERGENCY PHARMACY INC,4742 W FLAGLER ST,,CORAL GABLES,FL,331341452,3055690100,PRESIDENT,3336C0003X,tier_1_primary_pharmacy,Y,Y,
1316360241,NOLBIS PHARMACY DISCOUNT INC,710 PALM AVE,,HIALEAH,FL,330104318,3058888084,PRESIDENT,3336C0003X,tier_1_primary_pharmacy,Y,Y,
1407279334,P&H PHARMACY,9527 SW 40TH ST,,MIAMI,FL,331654035,7865182392,PRESIDENT,3336C0003X,tier_1_primary_pharmacy,Y,Y,
1639592280,QUALITY RX PHARMA INC,1778 W FLAGLER ST,,MIAMI,FL,331352017,3055412327,OWNER,3336C0003X,tier_1_primary_pharmacy,Y,Y,
1952724510,EPIC CARE PHARMACY LLC,3948 PEMBROKE RD STE D,,PEMBROKE PARK,FL,330218114,9549632113,OWNER,333600000X|3336C0003X,tier_1_primary_pharmacy,Y,Y,
1396169876,PA PHARMACY INC,9722 SW 184TH ST,,CUTLER BAY,FL,331576987,7867324507,PRESIDENT,3336C0003X,tier_1_primary_pharmacy,Y,Y,
1851715254,MARLINS PHARMACY & DISCOUNT INC,439-441 NW 12 AVE,,MIAMI,FL,33128,7866158723,PRESIDENT,3336C0003X,tier_1_primary_pharmacy,Y,Y,
1922422153,"MEDICAL PRIORITY PHARMACY, LLC.",5350 PALM AVE,,HIALEAH,FL,330122746,3058230915,MANAGING MEMBER,3336C0003X,tier_1_primary_pharmacy,Y,Y,
1730503889,EXPRESS SPECIALTY PHARMACY,902 W LUMSDEN RD STE 104,,BRANDON,FL,335118806,8132880777,"OWNER, PIC",333600000X|3336C0003X,tier_1_primary_pharmacy,Y,Y,
1902220197,GOLDENROD PHARMACY LLC,2223 S GOLDENROD RD,,ORLANDO,FL,328224676,4077303866,PRESIDENT,3336C0003X,tier_1_primary_pharmacy,Y,Y,
1063836195,SUNSET PHARMACY DISCOUNT INC,7400 NW 19TH ST STE F,,MIAMI,FL,331261217,3056081082,OWNER/DIRECTOR,333600000X,tier_1_primary_pharmacy,Y,Y,
1356765226,JOHNSON PHARMACY DISCOUNT INC,28856 S DIXIE HWY,,HOMESTEAD,FL,330332405,3052460688,PRESIDENT,3336C0003X,tier_1_primary_pharmacy,Y,Y,
1710301502,SHAFA PHARMACY,11476 ROYAL PALM BEACH BLVD.,,ROYAL PALM BEACH,FL,33411,5613602530,PHARMACY MANAGER,3336C0003X,tier_1_primary_pharmacy,Y,Y,
1831513613,MAZ PHARMACY DISCOUNT CORP,3825 W 16TH AVE,SUITE 6,HIALEAH,FL,330127005,7867033263,PRESIDENT,3336C0003X,tier_1_primary_pharmacy,Y,Y,
1982028551,GOLDEN HILLS PHARMACY LLC,2053 N UNIVERSITY DR,,SUNRISE,FL,333223936,3523513784,OWNER,3336C0003X,tier_1_primary_pharmacy,Y,Y,
1265857817,GLORIA PHARMACY CORP,2742 SW 8TH ST,SUITE 12-13,MIAMI,FL,331354650,3059038878,PRESIDENT,3336C0003X,tier_1_primary_pharmacy,Y,Y,
1891110326,READY PHARMACY INC,5782 W. FLAGLER ST,,MIAMI,FL,33144,3052663838,PRESIDENT,3336C0003X,tier_1_primary_pharmacy,Y,Y,
1366867566,PINO PHARMACY CORP.,1350 SW 57TH AVE STE 314,,WEST MIAMI,FL,331445768,3052622920,PRESIDENT,333600000X|3336C0003X,tier_1_primary_pharmacy,Y,Y,
1376968479,AJ PHARMACY CORP,4615 NW 72ND AVE,UNIT 115,MIAMI,FL,331665689,3054777585,PRESIDENT,3336C0003X,tier_1_primary_pharmacy,Y,Y,
1275958274,"PAC SHORES PHARMACY, LLC",9416 NE 2ND AVE,,MIAMI SHORES,FL,331382703,7863133018,PHARMACY MANAGER,3336C0003X,tier_1_primary_pharmacy,Y,Y,
1215352224,VARAHI PHARMACY INC.,5561 PALMER CROSSING CIR,,SARASOTA,FL,342333335,9418933050,PHARMACIST,333600000X|3336C0003X,tier_1_primary_pharmacy,Y,Y,
1104241199,S P PHARMACY CORP,5587 SW 8TH ST,,CORAL GABLES,FL,331342219,7864205360,PRESIDENT,3336C0003X,tier_1_primary_pharmacy,Y,Y,
1861817728,"FORMULA PHARMACY, INC.",11180 W FLAGLER ST STE 2,,MIAMI,FL,331741250,3053815635,PRESIDENT,333600000X,tier_1_primary_pharmacy,Y,Y,
1881010486,NEW PHARMACY AND STORE CORP,1204 E 4TH AVE,,HIALEAH,FL,330103502,7867036580,PRESIDENT,3336C0003X,tier_1_primary_pharmacy,Y,Y,
1699191296,LA BOTICA PHARMACY INC,10550 NW 77TH CT STE 109,,HIALEAH GARDENS,FL,330162069,7867034284,OWNER/PRESIDENT,3336C0003X,tier_1_primary_pharmacy,Y,Y,
1740606128,ARCO PHARMACY LLC,1475 W OKEECHOBEE RD STE 5,,HIALEAH,FL,330102860,7865425000,PRESIDENT,3336C0003X,tier_1_primary_pharmacy,Y,Y,
1114343597,MEDLIFE PHARMACY LLC,736 S DILLARD ST UNIT C,,WINTER GARDEN,FL,347873908,4076562604,PHARMACY MANAGER,333600000X|3336C0003X,tier_1_primary_pharmacy,Y,Y,
1831515121,MANATEE PHARMACY SERVICES INC.,1802 59TH ST W,,BRADENTON,FL,342094630,9412091234,P,333600000X|3336C0003X|3336C0004X,tier_1_primary_pharmacy,Y,Y,
1841616117,27 AVE PHARMACY INC,1065 SW 27TH AVE,,MIAMI,FL,331354614,3056430100,PRESIDENT,3336C0003X,tier_1_primary_pharmacy,Y,Y,
1114343282,GINGER PHARMACY LLC,739 S ORANGE BLOSSOM TRL,,APOPKA,FL,327033708,4078143868,PHARMACIST,3336C0003X,tier_1_primary_pharmacy,Y,Y,
1114343084,"PRAXIS SPECIALTY PHARMACY, LLC",5455 W WATERS AVE,SUITE 214,TAMPA,FL,336341260,8889037453,PRESIDENT,3336M0002X|3336C0003X,tier_1_primary_pharmacy,Y,Y,
1154748630,SPRINGS DRUG STORE INC,450 NE 125TH ST,,NORTH MIAMI,FL,331614754,3058637333,PRESIDENT,3336C0003X,tier_1_primary_pharmacy,Y,Y,
1871910018,"SANDESTIN APOTHECARY SERVICE, LLC",400 AUDUBON DR,,MIRAMAR BEACH,FL,325504594,8502676767,ADMINISTRATOR,333600000X,tier_1_primary_pharmacy,Y,Y,
1538586615,AMBAR RX INC,6460 SW 8TH ST,,WEST MIAMI,FL,331444814,7867033388,PRESIDENT,3336C0003X,tier_1_primary_pharmacy,Y,Y,
1689091787,"IFB PHARMACY, LLC",2488 N UNIVERSITY DR,,PEMBROKE PINES,FL,330243624,9548422827,MANAGING MEMBER,3336C0003X,tier_1_primary_pharmacy,Y,Y,
1548687460,PHARMACHOICE SOLUTION PHARMACY CORP,560 W 29TH ST,,HIALEAH,FL,330125712,3058831115,PRESIDENT,3336C0003X,tier_1_primary_pharmacy,Y,Y,
1982022620,MED SOLUTIONS PHARMACY,1078 S POWERLINE RD,,DEERFIELD BEACH,FL,334428119,8553946337,PHARMACY MANAGER,3336C0003X,tier_1_primary_pharmacy,Y,Y,
1710305164,SHS PHARMACY,1733 N MONROE ST STE A,,TALLAHASSEE,FL,323035534,8502705302,CEO,3336C0003X,tier_1_primary_pharmacy,Y,Y,
1750709002,INNOVATIVE PHARMACY LLC,11356 S ORANGE BLOSSOM TRL,,ORLANDO,FL,328379426,4079232223,OWNER,3336C0003X,tier_1_primary_pharmacy,Y,Y,
1417375684,NEW NEIGHBOR PHARMACY,10694 SW 24TH ST,,MIAMI,FL,331657917,7864527500,PRESIDENT,3336C0003X,tier_1_primary_pharmacy,Y,Y,
1902225949,MILO PHARMACY & DISCOUNT INC,857 PALM AVE,,HIALEAH,FL,330104319,7865770886,RX MANAGER/OWNER,3336C0003X,tier_1_primary_pharmacy,Y,Y,
1952720963,ZUMA PHARMACY INC,554 HIALEAH DR,,HIALEAH,FL,330105349,7865028290,PRESIDENT,333600000X,tier_1_primary_pharmacy,Y,Y,
1528487303,COMPLETE CARE PHARMACY LLC,7254 GOLDEN WINGS RD UNIT 9,,JACKSONVILLE,FL,322443321,9043891104,PHARMACIST IN CHARGE,3336C0004X|3336C0003X,tier_1_primary_pharmacy,Y,Y,
1164841987,RXPRESS PHARMACY LLC,7970 W SAMPLE RD,,MARGATE,FL,330654712,9542273042,PHARMACY MANAGER/OWNER,333600000X|3336C0004X|3336C0003X,tier_1_primary_pharmacy,Y,Y,
1881013498,GEORGE PHARMACY INC,948 ORANGE AVE,,DAYTONA BEACH,FL,321144668,3863222180,OWNER,333600000X|3336C0003X,tier_1_primary_pharmacy,Y,Y,
1699194191,EXPRESS HELP PHARMACY INC,7250 W 24TH AVE,SUITE 19-20,HIALEAH,FL,330166575,7867038778,PRESIDENT,3336C0003X,tier_1_primary_pharmacy,Y,Y,
1740609197,HIALEAH DISCOUNT PHARMACY CORP,12861 SW 42 ST.,,MIAMI,FL,331753435,3058852660,PRESIDENT,3336C0003X,tier_1_primary_pharmacy,Y,Y,
1881013241,MC DRUG STORE INC,1893 W FLAGLER ST,,MIAMI,FL,331351939,3056430507,PRESIDENT,333600000X,tier_1_primary_pharmacy,Y,Y,
1831518067,A&R PHARMACY,1201 US HIGHWAY 1,STE 043,N PALM BEACH,FL,334083550,5615003770,CEO,333600000X,tier_1_primary_pharmacy,Y,Y,
1396164588,DARIG PHARMACY,12702 STARKEY RD,,LARGO,FL,337731426,7275359950,MANAGER,3336C0003X,tier_1_primary_pharmacy,Y,Y,
1457771529,NOVA PHARMACY AND DISCOUNT INC,1691 NW 27TH AVE,,MIAMI,FL,331252162,3056350008,PRESIDENT,3336C0003X,tier_1_primary_pharmacy,Y,Y,
1114346228,RX CARE 16 LLC,401 N WICKHAM RD STE W,,MELBOURNE,FL,329358659,3214217620,OWNER,333600000X|3336C0004X|3336C0003X,tier_1_primary_pharmacy,Y,Y,
1023437134,GOLDENROD PHARMACY,1952 E OSCEOLA PKWY,,KISSIMMEE,FL,347438626,3212140062,PRESIDENT,3336C0003X,tier_1_primary_pharmacy,Y,Y,
1891115655,K P PHARMACY CORP,17027 S DIXIE HWY,,PALMETTO BAY,FL,331574362,3052532006,PRESIDENT,3336C0003X,tier_1_primary_pharmacy,Y,Y,
1649690413,G & R PHARMACY INC,805 S FORT HARRISON AVE,,CLEARWATER,FL,337563901,7274424955,PRESIDENT,333600000X|3336C0003X,tier_1_primary_pharmacy,Y,Y,
1245650852,MANATEE FAMILY PHARMACY,3705 MANATEE AVE W,,BRADENTON,FL,342051711,9419819632,OWNER AND PHARMACY MANAGER,333600000X|3336C0004X|3336L0003X|3336S0011X|3336C0003X,tier_1_primary_pharmacy,Y,Y,
1154741767,VILLA PHARMACY,14285 SW 42ND ST,,MIAMI,FL,331756410,7865365358,PRESIDENT,3336C0003X,tier_1_primary_pharmacy,Y,Y,
1619397148,NORTON PHARMACY CORP,2140 W FLAGLER ST,SUITE 102,MIAMI,FL,331355600,7863532977,PRESIDENT,3336C0003X,tier_1_primary_pharmacy,Y,Y,
1699195164,LIBRTY FOR ALL PHARMACY,3034 S JOG ROAD,,LAKE WOTH,FL,334670000,7542458883,OWNER,3336M0002X|3336C0003X,tier_1_primary_pharmacy,Y,Y,
1962822536,JDS PHARMACY CORP,10788 SW 24TH ST,,MIAMI,FL,331652499,7866415109,OWNER,3336C0003X,tier_1_primary_pharmacy,Y,Y,
1710307160,48TH PHARMACY INC,4800 W FLAGLER ST,SUITE 104,CORAL GABLES,FL,331341446,3054467505,PRESIDENT,3336C0003X,tier_1_primary_pharmacy,Y,Y,
1669892972,"CHARLES PHARMACY, LLC.",5081 OKEECHOBEE BLVD,,WEST PALM BEACH,FL,334174533,5615075300,PHARMACY MANAGER,333600000X|3336C0003X,tier_1_primary_pharmacy,Y,Y,
1235559469,SETON PHARMACY INC,1760 EDGEWOOD AVE W STE C,,JACKSONVILLE,FL,322087209,9044508787,"PHARMACY DIRECTOR,AO",3336C0003X,tier_1_primary_pharmacy,Y,Y,
1063822286,CALLE OCHO PHARMACY LLC,2204 SW 8TH ST,,MIAMI,FL,331354914,7865259143,PRESIDENT,3336C0003X,tier_1_primary_pharmacy,Y,Y,
1306256524,AA PHARMACY INC,11338 SW 184TH ST,,MIAMI,FL,331576553,3058789343,PRESIDENT,3336C0003X,tier_1_primary_pharmacy,Y,Y,
1992115059,PETES DRUG STORE INC,2016 NE 8TH ST,,HOMESTEAD,FL,330334702,7863434043,PRESIDENT,3336C0003X,tier_1_primary_pharmacy,Y,Y,
1467862540,"NUESTRA PHARMACY AND DISCOUNT, CORP.",1208 SW 2ND ST,,MIAMI,FL,331352404,3054180052,OWNER,3336C0003X,tier_1_primary_pharmacy,Y,Y,
1669882627,UNIVERSAL PHARMACY,4888 NW 183RD ST STE 105,,MIAMI GARDENS,FL,330552939,7866573476,OWNER,3336C0004X|3336L0003X|3336C0003X,tier_1_primary_pharmacy,Y,Y,
1225448285,LA GLORIA PHARMACY INC,2901 SW 8TH ST,107,MIAMI,FL,331352861,7865028119,PRESIDENT,3336C0003X,tier_1_primary_pharmacy,Y,Y,
1538579503,VALUED CHOICE PHARMACY CORP,5537 SHELDON RD STE Y,,TAMPA,FL,336153173,8138810600,PHARMACY MANAGER,3336C0003X,tier_1_primary_pharmacy,Y,Y,
1013327907,MY PHARMACY DISCOUNT CORP,1085 E 4TH AVE STE C,,HIALEAH,FL,330104103,7864314340,PRESIDENT,3336C0003X,tier_1_primary_pharmacy,Y,Y,
1306256110,GARCIA PHARMACY INC,9160 NW 122ND ST,SUITE 8,HIALEAH GARDENS,FL,330181730,3055121797,PRESIDENT,3336C0003X,tier_1_primary_pharmacy,Y,Y,
1902216724,CECILIAS PHARMACY INC,2500 SW 107TH AVE,SUITE 30,MIAMI,FL,331652470,7865425893,PRESIDENT,3336C0003X,tier_1_primary_pharmacy,Y,Y,
1679983225,PS PHARMACY CORP,2003 SW 1ST ST,,MIAMI,FL,331351602,7868038147,PRESIDENT,3336C0003X,tier_1_primary_pharmacy,Y,Y,
1275943771,EXPRESS PHARMACY,1218 WINTER GARDEN VINELAND RD,UNIT 112,WINTER GARDEN,FL,347876370,4079025719,PHARMACY MANAGER AND OWNER,3336C0003X,tier_1_primary_pharmacy,Y,Y,
1962812370,HYGEA PHARMACY CORP,6242 SW 8TH ST,,WEST MIAMI,FL,331444810,7863324251,PRESIDENT,3336C0003X,tier_1_primary_pharmacy,Y,Y,
1144630419,MILIAN PHARMACY INC,6801 NW 77TH AVE,SUITE 106,MIAMI,FL,331662851,3056153989,PRESIDENT,3336C0003X,tier_1_primary_pharmacy,Y,Y,
1083025381,MILLIES PHARMACY INC,7245 SW 24TH ST,,MIAMI,FL,331551401,7866168741,PRESIDENT,3336C0003X,tier_1_primary_pharmacy,Y,Y,
1811308026,CB PHARMACY INC,2390 W 76TH ST,BAY 3,HIALEAH,FL,330161843,7862387801,PRESIDENT,3336C0003X,tier_1_primary_pharmacy,Y,Y,
1881005098,NINA PHARMACY INC,4723 NW 79TH AVE,,DORAL,FL,331665403,3054710091,OWNER,3336C0003X,tier_1_primary_pharmacy,Y,Y,
1285045302,PRIMROSE PHARMACY LLC,4733 WEST ATLANTIC AVENUE,SUITE C 5,DELRAY BEACH,FL,33445,5615294935,VP PHARMACY OPERATIONS,3336C0003X|3336M0002X|333600000X,tier_1_primary_pharmacy,Y,Y,
1538570445,"1ST CLASS PHARMACY ,INC.",1516 E 4TH AVE,,HIALEAH,FL,330103159,7862529590,PRESIDENT,333600000X,tier_1_primary_pharmacy,Y,Y,
1174934095,B S PHARMACY CORP,10788 SW 24TH ST,,MIAMI,FL,331652499,7863594528,PRESIDENT,333600000X|3336C0003X,tier_1_primary_pharmacy,Y,Y,
1669883674,RIGAL PHARMACY LLC,3180 NW 7TH ST,,MIAMI,FL,331254202,3056437780,PRESIDENT,3336C0003X,tier_1_primary_pharmacy,Y,Y,
1093126005,DOS RIOS PHARMACY INC,2205 NW 67TH AVE,,MIAMI,FL,331222207,7869538970,PRESIDENT,3336C0003X,tier_1_primary_pharmacy,Y,Y,
1407267313,EMPORIUM PHARMACY,2664 PALM AVE,,HIALEAH,FL,330101714,7864838500,PRESIDENT,3336C0003X,tier_1_primary_pharmacy,Y,Y,
1699186338,SHIVSAI RX LLC,1808 S FRENCH AVE,,SANFORD,FL,32771,4073237922,OWNER AND MANAGER,333600000X|3336C0004X|3336C0003X,tier_1_primary_pharmacy,Y,Y,
1699186353,VITAL LIFE PHARMACY,6063 SW 18TH ST,BAY 112,BOCA RATON,FL,334337118,5612457082,OWNER,3336C0003X,tier_1_primary_pharmacy,Y,Y,
1770994220,EXPRESS PHARMACY DISCOUNT INC,2350 W 60TH ST STE 5,,HIALEAH,FL,330164483,7868042233,PRESIDENT,3336C0003X,tier_1_primary_pharmacy,Y,Y,
1285045732,WESTERN PHARMACY CORP,1609 SW 67TH AVE,,MIAMI,FL,331551827,7865367847,PRESIDENT,3336C0003X,tier_1_primary_pharmacy,Y,Y,
1316358849,WELLNESS RX LLC,7640 NW 25TH ST STE 105,,MIAMI,FL,331221716,3053847600,CFO,333600000X|3336L0003X,tier_1_primary_pharmacy,Y,Y,
1932511359,RX CARE 10 LLC,3795 TAMIAMI TRL E,,NAPLES,FL,341126257,2397742200,OWNER,3336C0004X|3336C0003X,tier_1_primary_pharmacy,Y,Y,
1811309024,YERA PHARMACY CORP,11629 SW 216TH ST,,MIAMI,FL,331702908,3052512852,PRESIDENT,333600000X|3336C0003X,tier_1_primary_pharmacy,Y,Y,
1568874626,OLD TOWN PHARMACY INC,26064 SE HWY 19,,OLD TOWN,FL,32680,3525429301,BOOKKEEPER,3336C0003X,tier_1_primary_pharmacy,Y,Y,
1942612718,THE FLA PHARMACY INC,3750 W 16TH AVE,SUITE 100,HIALEAH,FL,330124654,3058238150,PRESIDENT,3336C0003X,tier_1_primary_pharmacy,Y,Y,
1083026801,FAMILY GABLES PHARMACY INC,3401 BONITA BEACH RD,SUITE 405,BONITA SPRINGS,FL,341344188,2393300247,PRESIDENT,3336C0003X,tier_1_primary_pharmacy,Y,Y,
1033521828,FOREVER PHARMACY CORP,710 SW 17TH AVE,,MIAMI,FL,331355231,3054567625,PRESIDENT,3336C0003X,tier_1_primary_pharmacy,Y,Y,
1003228883,MY DRUG STORE INC,1901 W FLAGLER ST,,MIAMI,FL,331351677,7864649549,PRESIDENT,3336C0003X,tier_1_primary_pharmacy,Y,Y,
1962814749,DOUGLAS RD PHARMACY DISCOUNT CORP,801 NW 37TH AVE,SUITE 833,MIAMI,FL,331253887,7864315733,VICE PRESIDENT,3336C0003X,tier_1_primary_pharmacy,Y,Y,
1982016770,J & M PHARMACY INC,1250 NW 7TH ST,UNIT 101 102,MIAMI,FL,331253744,3054776500,PRESIDENT,3336C0003X,tier_1_primary_pharmacy,Y,Y,
1265844997,J.S RX INC,1970 OPA LOCKA BLVD,,OPA LOCKA,FL,33054,3056039887,PRESIDENT,3336C0003X,tier_1_primary_pharmacy,Y,Y,
1649682337,RIVERO PHARMACY INC,13621 SW 26 ST,,MIAMI,FL,33175,3052211300,PRESIDENT,3336C0003X,tier_1_primary_pharmacy,Y,Y,
1629480322,GUANABO PHARMACY DISCOUNT INC,632 E 4TH AVE,,HIALEAH,FL,330104402,3058876220,PRESIDENT,3336C0003X,tier_1_primary_pharmacy,Y,Y,
1912319617,EBENEZER PHARMACY INC,3491 E 4TH AVE,,HIALEAH,FL,330133052,3056931104,PRESIDENT,3336C0003X,tier_1_primary_pharmacy,Y,Y,
1356753818,LA BOTICA PHARMACY INC NO2,1159 W 29TH ST,,HIALEAH,FL,330125063,7863602589,OWNER,333600000X|3336C0003X,tier_1_primary_pharmacy,Y,Y,
1396157897,"SUSY'S PHARMACY, INC.",12887 SW 42 ST,,MIAMI,FL,33175,7866168668,PRESIDENT,3336C0003X,tier_1_primary_pharmacy,Y,Y,
1750794293,E & L PHARMACY DISCOUNT LLC,237 NW 12TH AVE,C,MIAMI,FL,331281080,5618563829,MGR,3336C0003X,tier_1_primary_pharmacy,Y,Y,
1912310848,ORANGE PHARMACY CORP,1417 DEL PRADO BLVD S,UNIT 4,CAPE CORAL,FL,339903749,2398003132,PRESIDENT,3336C0003X,tier_1_primary_pharmacy,Y,Y,
1376957811,EXPRESS RX PHARMACY INC,9999 SW 72 ST,SUITE 101,MIAMI,FL,331734107,7864205601,PRESIDENT,3336C0003X,tier_1_primary_pharmacy,Y,Y,
1376957985,"ABSOLUTE PHARMACY, LLC",16011 N. NEBRASKA AVE,SUITE 103,LUTZ,FL,33549,8139992700,PRESIDENT,333600000X,tier_1_primary_pharmacy,Y,Y,
1588078406,"LIFE AND HEALTH PHARMACY, LLC",4065 E 8TH AVE,,HIALEAH,FL,330132856,3058362811,PRESIDENT,3336C0003X,tier_1_primary_pharmacy,Y,Y,
1376957050,INTERAMERICAN PHARMACY CORP,6001 NW 153RD ST STE 102,,MIAMI LAKES,FL,330142447,3055123532,OWNER PRESIDENT,3336C0003X,tier_1_primary_pharmacy,Y,Y,
1619382322,ALBA PHARMACY AND DISCOUNT INC,918 E 25TH ST,,HIALEAH,FL,330133404,7867034966,PRESIDENT,3336C0003X,tier_1_primary_pharmacy,Y,Y,
1346655818,CHOBEE PHARMACY LLC,1535 W OKEECHOBEE RD,,HIALEAH,FL,330102833,7863914314,PRESIDENT,3336C0003X,tier_1_primary_pharmacy,Y,Y,
1134534555,FAMILY CHOICE PHARMACY LLC,1897 PALM BEACH LAKES BLVD,SUITE115,WEST PALM BEACH,FL,334093507,5618223511,PHARMACIST/OWNER,3336C0003X,tier_1_primary_pharmacy,Y,Y,
1306251798,APA PHARMACY,2282 SW 22ND ST,,CORAL GABLES,FL,331453509,3054180759,OWNER,3336C0003X,tier_1_primary_pharmacy,Y,Y,
1235544305,DNA PHARMACY INC,347 PALM AVE,,HIALEAH,FL,330104715,7863626263,PRESIDENT,3336C0003X,tier_1_primary_pharmacy,Y,Y,
1700291606,"NORTH TAMPA PHARMACY, INC",14125 7TH ST,,DADE CITY,FL,335254204,3524374843,OWNER,3336C0003X,tier_1_primary_pharmacy,Y,Y,
1649686338,J & O PHARMACY INC,2416 SW 137TH AVE,,MIAMI,FL,331756311,7865343612,PRESIDENT,3336C0003X,tier_1_primary_pharmacy,Y,Y,
1316353980,LUCKY RX PHARMACY INC,486 PALM AVE,,HIALEAH,FL,33010,7863177216,PRESIDENT/OWNER,3336C0003X,tier_1_primary_pharmacy,Y,Y,
1710394465,1ST CLASS PHARMACY OF PALM AVE CORP,2760 PALM AVE,SUITE 101,HIALEAH,FL,330101778,7866156396,PRESIDENT,3336C0003X,tier_1_primary_pharmacy,Y,Y,
1245647627,WESTERN FLORIDA PHARMACY LLC,5001 COMMERCE PARK CIR,SUITE B,PENSACOLA,FL,325051659,8502669282,COO,333600000X|3336C0003X|3336C0004X,tier_1_primary_pharmacy,Y,Y,
1922415140,PHYSICIAN SPECIALTY PHARMACY LLC,6258 N W ST,,PENSACOLA,FL,325051903,8504629555,DIRECTOR,333600000X|3336C0003X,tier_1_primary_pharmacy,Y,Y,
1770990715,PHARMACY MEDICAL SERVICES INC,3850 COCONUT CREEK PKWY,,COCONUT CREEK,FL,330661600,9545326633,CHIEF PHARMACIST,3336C0003X,tier_1_primary_pharmacy,Y,Y,
1730596776,AAP PHARMACY INC,171 WESTWARD DR,,MIAMI SPRINGS,FL,331665257,3052005043,PRESIDENT,3336C0003X,tier_1_primary_pharmacy,Y,Y,
1104234889,ESTRELLA DISCOUNT PHARMACY INC,357 E 1ST AVE,,HIALEAH,FL,330104807,3054776200,PRESIDENT,3336C0003X,tier_1_primary_pharmacy,Y,Y,
1912315607,LEAH PHARMACY LLC,1246 W 44TH PL,,HIALEAH,FL,330123332,3058880000,PRESIDENT,3336C0003X,tier_1_primary_pharmacy,Y,Y,
1376951061,CHARLIES DRUG STORE INC,2350 W 84TH ST,BAY 15,HIALEAH,FL,330165575,7865343997,PRESIDENT,3336C0003X,tier_1_primary_pharmacy,Y,Y,
1548678238,MILA PHARMACY INC,2705 SW 142ND AVE,,MIAMI,FL,331758014,7866158361,PRESIDENT,3336C0003X,tier_1_primary_pharmacy,Y,Y,
1568870244,MAX PHARMACY CORP,2017 W 62ND ST,,HIALEAH,FL,330162678,7868343800,PRESIDENT,3336C0003X,tier_1_primary_pharmacy,Y,Y,
1841608528,REAL PHARMACY & DISCOUNT INC,11400 W FLAGLER ST,SUITE 108,MIAMI,FL,331744007,7865345952,PRESIDENT,3336C0003X,tier_1_primary_pharmacy,Y,Y,
1063820678,AAN PHARMACY INC,1116 SW 1ST ST,,MIAMI,FL,331301011,3056480000,PRESIDENT,3336C0003X,tier_1_primary_pharmacy,Y,Y,
1235547845,ONE PHARMACY INC,2356 NW 7TH ST,,MIAMI,FL,331253249,3056420000,PRESIDENT,3336C0003X,tier_1_primary_pharmacy,Y,Y,
1376951905,EMM PHARMACY INC,6459 SW 8TH ST,,WEST MIAMI,FL,331444843,3056350000,PRESIDENT,3336C0003X,tier_1_primary_pharmacy,Y,Y,
1437567062,WEST FLAGLER DRUG STORE CORP,6785 W FLAGLER ST,,MIAMI,FL,331442923,3056650000,PRESIDENT,3336C0003X,tier_1_primary_pharmacy,Y,Y,
1699183210,L AND J PHARMACY DISCOUNT INC,9620 SUNSET DR,,MIAMI,FL,331733250,3055510000,PRESIDENT,3336C0003X,tier_1_primary_pharmacy,Y,Y,
1053729418,NIMOH PHARMACY AND COMPOUNDING LLC,12878 US HIGHWAY 301,,DADE CITY,FL,335255801,3524375985,P.I.C / OWNER,333600000X|3336C0004X|3336C0003X,tier_1_primary_pharmacy,Y,Y,
1679981922,RX CARE 12 LLC,2309 W WOOLBRIGHT RD STE 4,,BOYNTON BEACH,FL,334266366,5613363281,PHARMACY OWNER,3336C0004X|3336C0003X,tier_1_primary_pharmacy,Y,Y,
1851709927,RODRIGUEZ PHARMACY CORP,6600 W FLAGLER ST,,MIAMI,FL,331442922,3056405097,PRESIDENT,3336C0003X,tier_1_primary_pharmacy,Y,Y,
1912315086,SJ PHARMACY CORP,161 NW 29TH ST,,MIAMI,FL,331273929,3055737598,PRESIDENT,3336C0003X,tier_1_primary_pharmacy,Y,Y,
1407265523,ODEN PHARMACY CORP,8302 NW 103RD ST,SUITE 104,HIALEAH GARDENS,FL,330164697,7867039559,PRESIDENT,3336C0003X,tier_1_primary_pharmacy,Y,Y,
1659780518,SUNRISE PHARMACY LLC,4000 N STATE ROAD 7,SUITE 103,LAUDERDALE LAKES,FL,333194804,9545307171,PHARMACY MANAGER,3336C0003X,tier_1_primary_pharmacy,Y,Y,
1891104543,ATLANTIS PHARMACY RX LLC,100 JOHN F KENNEDY DR,,ATLANTIS,FL,334621120,5612322893,OWNER/PHARMACY MANAGER,3336C0003X,tier_1_primary_pharmacy,Y,Y,
1790194462,"A & B PHARMACY DISCOUNT, INC",846 SE 8TH ST,,HIALEAH,FL,330105702,7865344451,OWNER,3336C0003X,tier_1_primary_pharmacy,Y,Y,
1568871176,AMY PHARMACY,8216 W FLAGLER ST,,MIAMI,FL,331442028,3055490352,OWNER,333600000X,tier_1_primary_pharmacy,Y,Y,
1215346606,OCEAN PHARMACY INC,3442 SW 8TH ST,,MIAMI,FL,331354108,7863345592,OWNER,3336C0003X,tier_1_primary_pharmacy,Y,Y,
1124437512,"QUEENS PHARMACY, INC.",281 NW 82ND AVE,,MIAMI,FL,331268339,7866154467,PRESIDENT,333600000X|3336C0003X,tier_1_primary_pharmacy,Y,Y,
1235548611,PDL PHARMACY CORP,3255 NW 7TH ST,,MIAMI,FL,331254139,3052663705,OWNER/PRESIDENT/PIC,3336C0003X,tier_1_primary_pharmacy,Y,Y,
1417366840,"PEOPLES PHARMACY TWO, INC.",1818 HARDEN BLVD,SUITE 150,LAKELAND,FL,338031812,8636883683,PRESIDENT,3336C0003X,tier_1_primary_pharmacy,Y,Y,
1144639451,GIRASOL PHARMACY & DISCOUNT INC,501 N KROME AVE,,HOMESTEAD,FL,330306050,7862436606,PRESIDENT,3336C0003X,tier_1_primary_pharmacy,Y,Y,
1407255672,GOLD PHARMACY LLC,758 E 10TH ST,,HIALEAH,FL,330103636,7863913907,PRESIDENT,3336C0003X,tier_1_primary_pharmacy,Y,Y,
1578962734,DANIELS PHARMACY CORP,2913 NW 7TH ST,,MIAMI,FL,331254305,7865347477,PRESIDENT,3336C0003X,tier_1_primary_pharmacy,Y,Y,
1376942417,OPTIMUN RX PHARMACY LLC.,6900 WEST 32 AVE STE #16,,HIALEAH,FL,33018,3055574995,OWNER / PRESIDENT,3336C0003X,tier_1_primary_pharmacy,Y,Y,
1487053344,MAIN STREET PHARMACY OF SAFETY HARBOR LLC,531 MAIN ST,SUITE K,SAFETY HARBOR,FL,346953558,7277876072,OWNER/PHARMACIST,3336C0003X,tier_1_primary_pharmacy,Y,Y,
1518366319,DIRECT RETAIL PHARMACY LLC,5050 CONWAY RD STE 1,,ORLANDO,FL,328121200,4072030005,PHARMACIST/OWNER,333600000X|3336C0003X,tier_1_primary_pharmacy,Y,Y,
1265831978,SOUTHERN HILLS PHARMACY LLC,1739 N UNIVERSITY DR,,PLANTATION,FL,333224111,8505902622,CEO,3336C0004X|333600000X|3336C0003X,tier_1_primary_pharmacy,Y,Y,
1548669120,FORDS PHARMACY,8280 NW 27TH ST STE 503,,DORAL,FL,331221905,3055928353,PRESIDENT,3336C0003X,tier_1_primary_pharmacy,Y,Y,
1326447988,LAKELAND FAMILY PHARMACY,605 W MEMORIAL BLVD,,LAKELAND,FL,338151466,8636987260,OWNER/MANAGER,3336C0003X,tier_1_primary_pharmacy,Y,Y,
1205235686,"PHARMCARE PHARMACY, INC","654 NE 9TH PLACE, SUITE A",,HOMESTEAD,FL,33030,7868423840,OWNER,333600000X|3336C0004X|3336C0003X|3336S0011X,tier_1_primary_pharmacy,Y,Y,
1770982225,CECILIAS PHARMACY INC,2500 SW 107TH AVE,SUITE 30,MIAMI,FL,331652470,7865425893,PRESIDENT,3336C0003X,tier_1_primary_pharmacy,Y,Y,
1669871018,BRIGHT PHARMACY & DISCOUNT INC,7945 NW 2ND ST,,MIAMI,FL,331268000,3052656122,PRESIDENT/OWNER,3336C0003X,tier_1_primary_pharmacy,Y,Y,
1215336607,UMBRELLA PHARMACY DISCOUNT CORP,10521 SW 40TH ST,,MIAMI,FL,331653747,7863322477,MANAGER,3336C0003X,tier_1_primary_pharmacy,Y,Y,
1710386180,SALUS PHARMACY LLC,4677 W FLAGLER ST,,MIAMI,FL,33134,7863602360,OWNER,3336C0003X,tier_1_primary_pharmacy,Y,Y,
1316346620,EASTPORT PHARMACY LLC,8972 S US HIGHWAY 1,,PORT ST LUCIE,FL,349523403,7728007267,"OWNER, MGR, PIC",333600000X|3336C0004X|3336L0003X|3336S0011X|3336C0003X,tier_1_primary_pharmacy,Y,Y,
1881094712,"MEDINA-MEDS PHARMACY, LLC",4675 OLD PLEASANT HILL RD,,KISSIMMEE,FL,347593423,4077480140,PRESIDENT/MANAGER,3336C0003X,tier_1_primary_pharmacy,Y,Y,
1992105514,GABLES PHARMACY INC,706 SW 57TH AVE,,MIAMI,FL,331443922,7864094261,PRESIDENT,3336C0003X,tier_1_primary_pharmacy,Y,Y,
1851791339,MEDICA PHARMACY & COMPOUNDING,21004 W DIXIE HWY,,AVENTURA,FL,331801132,3055701933,OWNER,333600000X|3336C0003X,tier_1_primary_pharmacy,Y,Y,
1760882245,FLEMING ISLAND PHARMACY LLC,2349 VILLAGE SQUARE PKWY STE 106,,FLEMING ISLAND,FL,320034319,9046448233,PHARMACIST/OWNER,333600000X|3336C0004X|3336L0003X|3336C0003X,tier_1_primary_pharmacy,Y,Y,
1033510060,"ADVANCERX PHARMACY,INC",26059 S DIXIE HWY,,HOMESTEAD,FL,330326613,7864108171,OWNER,333600000X,tier_1_primary_pharmacy,Y,Y,
1588065494,MED BLUE PHARMACY & DISCOUNT INC,1850 SW 8TH ST,,MIAMI,FL,331353433,7865342686,PRESIDENT/OWNER,3336C0003X,tier_1_primary_pharmacy,Y,Y,
1770984510,FRITZ PHARMACY INC,11398 W FLAGLER ST,SUITE 109,MIAMI,FL,331744213,3055043990,PRESIDENT,3336C0003X,tier_1_primary_pharmacy,Y,Y,
1235530023,MED BLUE PHARMACY & DISCOUNT INC,1850 SW 8TH ST STE 209,,MIAMI,FL,331353434,7865342686,PRESIDENT/OWNER,3336C0003X,tier_1_primary_pharmacy,Y,Y,
1366844789,AQUA PHARMACY INC,4243 W FLAGLER ST,,CORAL GABLES,FL,331341605,7864097503,OWNER,3336C0003X,tier_1_primary_pharmacy,Y,Y,
1922400365,M & P PHARMACY,2570 W 84TH ST,,HIALEAH,FL,330165702,3055589941,OWNER,3336C0003X,tier_1_primary_pharmacy,Y,Y,
1215339122,"CENTERWELL PHARMACY, INC.",15516 SW 88TH ST,,MIAMI,FL,331961554,3055173565,VP,3336C0003X,tier_1_primary_pharmacy,Y,Y,
1386046043,EL CARIBE PHARMACY CORP,425 SW 22ND AVE,SUITE # E1,MIAMI,FL,331353100,7863532656,PRESIDENT,3336C0003X,tier_1_primary_pharmacy,Y,Y,
1962804625,IGR PHARMACY CORP,6045 SW 8TH ST,,WEST MIAMI,FL,331445039,7864017020,PRESIDENT,3336C0003X,tier_1_primary_pharmacy,Y,Y,
1194127910,"OASIS PHARMACY, INC.",13339 SW 42ND ST,,MIAMI,FL,331753270,7865348161,PRESIDENT,3336C0003X,tier_1_primary_pharmacy,Y,Y,
1407258031,VINEYARD PHARMACY AND HEALTHCARE SERVICES,6500 SW ARCHER RD STE H,,GAINESVILLE,FL,326084786,3525053387,OWNER/PHARMACY MANAGER,3336C0002X|3336C0003X,tier_1_primary_pharmacy,Y,Y,
1902209059,MB PHARMACY INC,8940 SW 40TH ST,,MIAMI,FL,331655304,3052274055,PRESIDENT,3336C0003X,tier_1_primary_pharmacy,Y,Y,
1831592989,EMPIRE PHARMACY INC,12753 SW 42ND ST,,MIAMI,FL,331753429,7865347454,PRESIDENT,3336C0003X,tier_1_primary_pharmacy,Y,Y,
1124422530,QUALITY SPECIALTY PHARMACY INC.,5144 E BUSCH BLVD,,TAMPA,FL,336175306,8139887600,OWNER,333600000X,tier_1_primary_pharmacy,Y,Y,
1043614217,STAYWELL RX PHARMACY LLC,7209 CORAL WAY,,MIAMI,FL,331551401,3052628297,OWNER,3336M0002X|3336C0003X,tier_1_primary_pharmacy,Y,Y,
1538563580,FLORIDA A AND M UNIVERSITY COLLEGE OF PHARMACY,2050 ART MUSEUM DR,SUITE 200,JACKSONVILLE,FL,322072595,9043913900,DIVISION DIRECTOR,333600000X,tier_1_primary_pharmacy,Y,Y,
1962806729,MERSY PHARMACY CORP,2900 W 12TH AVE,SUITE #25,HIALEAH,FL,330124860,7863604059,OWNER/PHARMACY TECHNICIAN,333600000X,tier_1_primary_pharmacy,Y,Y,
1861897969,SANTANDER PHARMACY INC,4800 W FLAGLER ST STE 104,,CORAL GABLES,FL,331341464,3056039661,PRESIDENT,3336C0003X,tier_1_primary_pharmacy,Y,Y,
1407251465,J'S PHARMACY,6416 RIDGE RD,,PORT RICHEY,FL,346686748,7278472211,MANAGING MEMBER,3336C0003X,tier_1_primary_pharmacy,Y,Y,
1164827150,MAJESTIC PHARMACY INC,15516 SW OSCEOLA ST STE A,,INDIANTOWN,FL,349563414,7725970061,OWNER/CEO,3336C0003X,tier_1_primary_pharmacy,Y,Y,
1053716936,"ADVANCED RX DERM, LLC",7500 GULF BLVD,,ST PETE BEACH,FL,337061821,4077536310,MANAGER,3336L0003X|3336S0011X|3336C0003X,tier_1_primary_pharmacy,Y,Y,
1902202898,WELLNESS PHARMACY OF ST AUGUSTINE LLC,4405 SARTILLO RD,SUITE B,ST AUGUSTINE,FL,320955240,9044297333,PHARMACIST,3336C0003X,tier_1_primary_pharmacy,Y,Y,
1598161333,FAMILY HEALTH MART PHARMACY INC.,5482 RATTLESNAKE HAMMOCK RD,,NAPLES,FL,341137454,2392494036,PHARMACIST/OWNER,3336C0003X,tier_1_primary_pharmacy,Y,Y,
1073919718,SAN JUDAS PHARMACY CORP,2604 W 84TH ST,,HIALEAH,FL,330165703,3056037145,PRESIDENT/SECRETARY,333600000X|3336S0011X,tier_1_primary_pharmacy,Y,Y,
1154727519,"FORT PIERCE DISCOUNT PHARMACY, INC.",1727 OKEECHOBEE RD,,FORT PIERCE,FL,349503945,7728733743,PHARMACY MANAGER,3336C0003X,tier_1_primary_pharmacy,Y,Y,
1497152425,@ ALL PHARMACY & SUPPLIES LLC,14637 SW 56TH ST,,MIAMI,FL,331755703,3052250280,PRESIDENT,3336C0003X,tier_1_primary_pharmacy,Y,Y,
1336546118,RAMON PHARMACY DISCOUNT INC.,2173 W FLAGLER ST,,MIAMI,FL,331351638,7865346436,ADMINISTRATOR,3336C0003X,tier_1_primary_pharmacy,Y,Y,
1346647005,MEDOZ PHARMACY OF POLK LLC,40230 US HIGHWAY 27 N,SUITE 100-110,DAVENPORT,FL,338372636,8556336948,MANAGING MEMBER,3336C0004X|3336L0003X|3336S0011X|3336C0003X,tier_1_primary_pharmacy,Y,Y,
1740687417,WR PHARMACY SERVICES INC,14244 SW 8TH ST,,MIAMI,FL,331843104,7867175095,PHARMACIST IN CHARGE / OWNER,333600000X|3336C0003X,tier_1_primary_pharmacy,Y,Y,
1265839492,KARE PHARMACY DEERFIELD BEACH,2200 SW 10TH ST,,DEERFIELD BEACH,FL,334427622,9547197144,PRESIDENT,3336C0003X,tier_1_primary_pharmacy,Y,Y,
1104224898,GIO PHARMACY AND DISCOUNT CORP,2422 SW 8TH ST,,MIAMI,FL,331353004,3053311028,PRESIDENT,3336C0003X,tier_1_primary_pharmacy,Y,Y,
1417355751,BARRANCAS PHARMACY INC,3420 BARRANCAS AVE,,PENSACOLA,FL,325072355,8504628605,PHARMACIST,3336C0003X,tier_1_primary_pharmacy,Y,Y,
1891193017,JEFFERSON PHARMACY LLC,2683 SAINT JOHNS BLUFF RD S STE 127,,JACKSONVILLE,FL,322463765,9045168278,OWNER/MANAGER,3336C0003X,tier_1_primary_pharmacy,Y,Y,
1194123315,AIRPORT PHARMACY CORP,4869 NW 36TH ST,,MIAMI SPRINGS,FL,331666001,3058909139,PRESIDENT,3336C0003X,tier_1_primary_pharmacy,Y,Y,
1932597481,MARIPOSA PHARMACY & DISCOUNT INC,251 PARK BLVD,,MIAMI,FL,331268009,7865349062,PRESIDENT,3336C0003X,tier_1_primary_pharmacy,Y,Y,
1366830739,ROYAL PHARMACY INC,1710 NW 7TH ST,SUITE 8,MIAMI,FL,331253500,7868990116,PRESIDENT,3336C0003X,tier_1_primary_pharmacy,Y,Y,
1134517568,AMERICAN UNITED PHARMACY CORP,138 BEACOM BLVD,,MIAMI,FL,331351534,7865345594,PRESIDENT,3336C0003X,tier_1_primary_pharmacy,Y,Y,
1376931634,PHYSICIANS PHARMACY,6299 W SUNRISE BLVD,SUITE 107,PLANTATION,FL,33313,8884807577,CEO,3336C0003X,tier_1_primary_pharmacy,Y,Y,
1609265594,HC PHARMACY LLC,33048 HWY 27,,HAINES CITY,FL,338447621,8635476921,OWNER,3336C0003X,tier_1_primary_pharmacy,Y,Y,
1063801744,PRECISION CARE PHARMACY SERVICES INC,5200 NW 43RD ST,SUITE 102-336,GAINESVILLE,FL,326064484,3523253835,CEO,333600000X,tier_1_primary_pharmacy,Y,Y,
1780073494,OLORUN PHARMACY AND DISCOUNT CORP,11400 W FLAGLER ST STE 108,,MIAMI,FL,331744007,7866314561,PRESIDENT,333600000X|3336C0003X,tier_1_primary_pharmacy,Y,Y,
1366831836,MAR RX INC,3491 S CONGRESS AVE,BAY 6,PALM SPRINGS,FL,334613021,5614320402,OWNER,3336C0003X,tier_1_primary_pharmacy,Y,Y,
1205225745,FAMILY FIRST PHARMACY INC,27581 S DIXIE HWY,,HOMESTEAD,FL,330328297,7866502114,PRESIDENT,333600000X,tier_1_primary_pharmacy,Y,Y,
1942699327,SANFORD PHARMACY INC,2541 S FRENCH AVE,,SANFORD,FL,327735302,4079156637,OWNER / PHARMACIST,3336C0004X|3336L0003X|3336C0003X,tier_1_primary_pharmacy,Y,Y,
1467842815,FIRST SOLUTION PHARMACY CORP,3782 W 12TH AVE,,HIALEAH,FL,330124126,3056461377,PRESIDENT,3336C0003X,tier_1_primary_pharmacy,Y,Y,
1649660887,"MIRAMAR PHARMACY AND DISCOUNT, INC",6320 MIRAMAR PKWY STE H,,MIRAMAR,FL,330233999,9549625709,PRESIDENT,3336C0003X,tier_1_primary_pharmacy,Y,Y,
1740670991,GR21 PHARMACY DISCOUNT INC,5929 SW 8TH ST,,WEST MIAMI,FL,331445037,7867032987,PRESIDENT,3336C0003X,tier_1_primary_pharmacy,Y,Y,
1497145643,"PHARMACY OF TAMA, INC",4536 W JEAN ST,,TAMPA,FL,336143611,8134463985,PRESIDENT,3336C0003X,tier_1_primary_pharmacy,Y,Y,
1518357599,"GASTRO HEALTH SPECIALTY PHARMACY, LLC",4820 SW 72ND AVENUE,,MIAMI,FL,33155,3054684199,CFO,3336C0003X,tier_1_primary_pharmacy,Y,Y,
1326438383,LASER PHARMACY CORP,53 W 21ST ST STE 4,,HIALEAH,FL,330102647,7868038166,PRESIDENT/OWNER,3336C0003X,tier_1_primary_pharmacy,Y,Y,
1720478332,INTERNATIONAL PHARMACY INC,480 PALM AVE,,HIALEAH,FL,330104718,3056405466,PRESIDENT,3336C0003X,tier_1_primary_pharmacy,Y,Y,
1215327861,1ST CLASS PHARMACY,1516 E 4TH AVE,,HIALEAH,FL,330103159,7867039932,OWNER,3336C0003X,tier_1_primary_pharmacy,Y,Y,
1548650088,CLOVER PHARMACY INC,259-357 SE PORT ST LUCIE BLVD,,PORT ST LUCIE,FL,34952,7723332585,OWNER,3336C0003X,tier_1_primary_pharmacy,Y,Y,
1528459831,HEALTH PHARMACY & DISCOUNT LLC,15552 SW 72ND ST,,MIAMI,FL,331931900,7865349798,PRESIDENT,3336C0003X,tier_1_primary_pharmacy,Y,Y,
1669863924,VANGUARD PHARMACY & DISCOUNT INC,2089 SW 67TH AVE,,MIAMI,FL,331551835,3052621266,PRESIDENT OWNER,3336C0003X,tier_1_primary_pharmacy,Y,Y,
1902297245,AVELLANEDA PHARMACY & DISCOUNT,7305 NW 36TH ST,,MIAMI,FL,331666704,7867731772,PRESIDENT,3336C0003X,tier_1_primary_pharmacy,Y,Y,
1780075903,AMERICA'S PHARMACY LLC.,3470 17TH ST,,SARASOTA,FL,342358906,9419557700,PHARMACIST MANAGER/OWNER,3336C0003X,tier_1_primary_pharmacy,Y,Y,
1770974750,ADVANCE PHARMACY SERVICE LLC,7926 W HILLSBOROUGH AVE STE E,,TAMPA,FL,336154600,8134372100,OWNER,333600000X|3336C0003X,tier_1_primary_pharmacy,Y,Y,
1184015026,TOTAL PHARMACY & DISCOUNT CORP,48 E 5TH ST,,HIALEAH,FL,330104842,7864095570,PRESIDENT/OWNER,3336C0003X,tier_1_primary_pharmacy,Y,Y,
1750772612,RX FLORIDA PHARMACY LLC,3615 COLUMBIA STREET,,ORLANDO,FL,32805,4077046422,PHARMACIST/OWNER,3336C0003X,tier_1_primary_pharmacy,Y,Y,
1710378484,JANET PHARMACY DISCOUNT INC,6743 W 4TH AVE,,HIALEAH,FL,330126605,7862959707,OWNER,3336C0003X,tier_1_primary_pharmacy,Y,Y,
1215329875,"MELRICK PHARMACY, INC",557 E 9TH ST,,HIALEAH,FL,330104549,7865349535,PRESIDENT,3336C0003X,tier_1_primary_pharmacy,Y,Y,
1740672278,SUSYS PHARMACY INC,12887 SW 42ND ST,,MIAMI,FL,331753435,7864315766,PHARMACY MANAGER,3336C0003X,tier_1_primary_pharmacy,Y,Y,
1376935700,E.I.D. PHARMACY INC,2204 SW 8TH ST,,MIAMI,FL,331354914,7865425397,PRESIDENT,3336C0003X,tier_1_primary_pharmacy,Y,Y,
1427440700,"REGIONS PHARMACY, CORP",1065 SW 27TH AVE,,MIAMI,FL,331354614,3056039924,PRESIDENT,333600000X,tier_1_primary_pharmacy,Y,Y,
1487046736,"RELIABLE PHARMACY, LLC",1757 SAN MARCO RD,UNIT B,MARCO ISLAND,FL,341455151,2399700415,DIRECTOR,333600000X|3336C0003X,tier_1_primary_pharmacy,Y,Y,
1013309293,DIABETIC CARE RX LLC,3890 PARK CENTRAL BLVD N,,POMPANO BEACH,FL,330642264,9544734717,DIRECTOR OF PHARMACY OPERATIONS,3336H0001X|3336C0004X|3336C0003X|333600000X|3336S0011X,tier_1_primary_pharmacy,Y,Y,
1821480708,"MIAMI DOWNTOWN PHARMACY, INC",96 SE 1ST ST,,MIAMI,FL,331311008,3053745075,OWNER/PRESIDENT,3336C0003X,tier_1_primary_pharmacy,Y,Y,
1245622117,VISTACARE PHARMACY SERVICES LLC,1441 E FLETCHER AVE STE 113,,TAMPA,FL,336123670,8134444410,AUTHORIZED AGENT,333600000X|3336C0003X,tier_1_primary_pharmacy,Y,Y,
1770975658,WYNWOOD FAMILY PHARMACY CORP,5847 W FLAGLER ST,,MIAMI,FL,331443316,7863604155,PRESIDENT,3336C0003X,tier_1_primary_pharmacy,Y,Y,
1952794695,SOUTHWEST RETAIL PHARMACY,27391 S DIXIE HWY,,NARANJA,FL,330328210,3052245958,PRESIDENT,333600000X|3336C0003X,tier_1_primary_pharmacy,Y,Y,
1205229408,BRONSON PHARMACY INC,830 E HATHAWAY AVE STE 400,,BRONSON,FL,326216743,3524869033,PRESIDENT,333600000X|3336C0003X,tier_1_primary_pharmacy,Y,Y,
1194118331,WINTER SPRINGS PHARMACY LLC,5942 RED BUG LAKE RD,,WINTER SPRINGS,FL,327085035,3213164615,PHARMACIST IN CHARGE,333600000X|3336C0003X,tier_1_primary_pharmacy,Y,Y,
1457744484,MOON PHARMACY INC,8325 W 24TH AVE,BAY 11,HIALEAH,FL,330161880,7865589648,PRESIDENT,3336C0003X,tier_1_primary_pharmacy,Y,Y,
1295128080,"NARANJA DISCOUNT PHARMACY, LLC",27140 S DIXIE HWY,,NARANJA,FL,330327317,3052452277,OWNER/PIC,3336C0003X,tier_1_primary_pharmacy,Y,Y,
1215321005,SUNSHINE COMMUNITY RX OF SARASOTA,12615 RACE TRACK RD,,TAMPA,FL,336261331,8137038839,MANAGING MEMEBER,333600000X|3336C0003X,tier_1_primary_pharmacy,Y,Y,
1558755280,TAMIMI PHARMACY LLC,12643 N 56TH ST,,TEMPLE TERRACE,FL,336171221,8135157918,"OWNER, AO",333600000X|3336C0003X,tier_1_primary_pharmacy,Y,Y,
1184018756,PHARMACIE PHARMACY INC,13255 SW 137TH AVE STE 110,,MIAMI,FL,331865327,7865921994,OWNER,3336C0003X,tier_1_primary_pharmacy,Y,Y,
1316331846,GULF SHORE RX LLC,11669 COLLIER BLVD,,NAPLES,FL,341166581,2393049084,OWNER,3336C0003X,tier_1_primary_pharmacy,Y,Y,
1871987271,URANTIA PHARMACY INC,2901 SW 8TH ST,,MIAMI,FL,331352861,7867175759,PRESIDENT,3336C0003X,tier_1_primary_pharmacy,Y,Y,
1578957643,STAR PHARMACY INC,3235 NW 32ND AVE STE 5,,MIAMI,FL,331425733,7865867990,PRESIDENT,333600000X,tier_1_primary_pharmacy,Y,Y,
1508250465,"BERMUDA PHARMACY #1, PLLC",393 PALM DR,,ISLAMORADA,FL,330364212,3059038092,PHARMACY MANAGER (PDM/ P.I.C.),333600000X,tier_1_primary_pharmacy,Y,Y,
1366837130,"49TH STREET PHARMACY, LLC",455 E 49TH ST,,HIALEAH,FL,330131867,7864838843,OWNER,3336C0003X,tier_1_primary_pharmacy,Y,Y,
1245625938,PHARMACY 4 LESS LLC,805 DOUGLAS AVE STE #159,,ALTAMONTE SPRINGS,FL,32714,3212078438,OWNER/PHARMACY MANAGER,333600000X,tier_1_primary_pharmacy,Y,Y,
1598151391,CITY PHARMACY CORP,486 PALM AVE,,HIALEAH,FL,330104718,7865440380,PRESIDENT,3336C0003X,tier_1_primary_pharmacy,Y,Y,
1679969356,"TOUCHPOINT RX, LLC",3208 2ND AVE N,BAY 4,PALM SPRINGS,FL,33461,5616519393,VP OF HEALTHCARE OPERATIONS,3336L0003X|3336S0011X|3336C0003X,tier_1_primary_pharmacy,Y,Y,
1528455136,REINA'S PHARMACY CORP,9835 SW 72ND ST STE 109,,MIAMI,FL,331734648,7865349684,PRESIDENT,3336C0003X,tier_1_primary_pharmacy,Y,Y,
1023405545,"A1A PHARMACY, LLC",200C SOLANA RD,,PONTE VEDRA BEACH,FL,320822232,9043182515,OWNER,3336C0004X|3336C0003X,tier_1_primary_pharmacy,Y,Y,
1285021675,MAGNO PHARMACY INC,1609 SW 67TH AVE,,MIAMI,FL,331551827,7865024399,PRESIDENT,3336C0003X,tier_1_primary_pharmacy,Y,Y,
1609263847,WEST MIAMI RX CORP,6350 SW 8TH ST,,WEST MIAMI,FL,331444812,3059224121,PRESIDENT,3336C0003X,tier_1_primary_pharmacy,Y,Y,
1134506280,BLUE RX INC,8347 SW 40TH ST,,MIAMI,FL,331553352,7863594999,PRESIDENT,3336C0003X,tier_1_primary_pharmacy,Y,Y,
1194102251,OASIS PHARMACY,13339 SW 42ND ST,,MIAMI,FL,331753270,7865348161,PRESIDENT,3336C0003X,tier_1_primary_pharmacy,Y,Y,
1003293903,ACROSS FLORIDA PHARMACY DISCOUNT CORP,2750 SW 87TH AVE,#201,MIAMI,FL,331653254,7865348478,PRESIDENT,3336C0003X,tier_1_primary_pharmacy,Y,Y,
1518344027,ONE-STOP PHARMACY 101 LLC,1101 6TH ST NW,,WINTER HAVEN,FL,338814020,8638455800,PHARMACY IN CHARGE,333600000X,tier_1_primary_pharmacy,Y,Y,
1043697535,HELLO PHARMACY AND DISCOUNT INC,17845D NW 27TH AVE,,MIAMI GARDENS,FL,330563502,3056251887,PRESIDENT,3336C0003X,tier_1_primary_pharmacy,Y,Y,
1790162311,CALLAWAY GULF COAST PHARMACY CO,420 N TYNDALL PKWY,,PANAMA CITY,FL,324046125,8506152000,PRESIDENT,3336C0003X,tier_1_primary_pharmacy,Y,Y,
1871970327,VALCHO PHARMACY DISCOUNT INC,10000 SW 56TH ST STE 5,,MIAMI,FL,331657161,3052748898,PRESIDENT,333600000X|3336C0003X,tier_1_primary_pharmacy,Y,Y,
1801274923,NAPLES PHARMACY SERVICES,5600 TRAIL BLVD SUIT 10,,NAPLES,FL,34103,2392162701,PRES.,333600000X,tier_1_primary_pharmacy,Y,Y,
1467830638,MIDWAY SPECIALTY CARE RX LLC,3255 S US HIGHWAY I,,FORT PIERCE,FL,349826381,7724649746,PHARMACY DIRECTOR,3336C0003X,tier_1_primary_pharmacy,Y,Y,
1487032454,FAMILY MED PHARMACY INC,2140 W FLAGLER ST,SUITE 7,MIAMI,FL,331355600,3056398677,PRESIDENT,3336C0003X,tier_1_primary_pharmacy,Y,Y,
1114305810,ECONOMY DRUG STORE,319 N MACOMB ST,,TALLAHASSEE,FL,323011017,8502245397,MANAGER/PHARMACIST,3336C0003X,tier_1_primary_pharmacy,Y,Y,
1548648363,CAREMAX PHARMACY 725 LLC,5547 NORMANDY BLVD,,JACKSONVILLE,FL,322056246,9045519026,AUTHORIZED USER,3336L0003X|3336S0011X|3336C0003X,tier_1_primary_pharmacy,Y,Y,
1497134449,FULL HEALTH PHARMACY,637 NE 125TH ST,,NORTH MIAMI,FL,331615503,7867034652,PRESIDENT,333600000X,tier_1_primary_pharmacy,Y,Y,
1508245317,US PHARMACY AND DISCOUNT CORP,5545 SW 8TH ST,SUITE 104,CORAL GABLES,FL,331342274,7863248811,PRESIDENT,333600000X,tier_1_primary_pharmacy,Y,Y,
1518346410,OPTIMUN RX PHARMACY LLC,6900 W 32ND AVE STE 16,,HIALEAH,FL,330185228,3055574995,OWNER,333600000X,tier_1_primary_pharmacy,Y,Y,
1629457270,WILL-CARE PHARMACY LLC,9867 E FERN ST,,PALMETTO BAY,FL,331575413,3052538100,PRESIDENT,333600000X,tier_1_primary_pharmacy,Y,Y,
1063893964,ADVANCED RX DERM LLC,755 W SR 434 STE B,,LONGWOOD,FL,327505136,4077536310,MANAGER,333600000X|3336L0003X|3336S0011X|3336C0003X,tier_1_primary_pharmacy,Y,Y,
1881075604,MAXI PHARMACY DISCOUNT CORP,6459 SW 8TH ST,,WEST MIAMI,FL,331444843,7867176068,PRESIDENT,3336C0003X,tier_1_primary_pharmacy,Y,Y,
1821479510,MERIDIAN PHARMACY LLC,4202 W WATERS AVE STE 2,,TAMPA,FL,336141972,8133740395,MANAGER/OWNER,333600000X|3336C0003X,tier_1_primary_pharmacy,Y,Y,
1023491800,D. ONE PHARMACY CORP.,"9070 KIMBERLY BLVD., STE 27",,BOCA RATON,FL,33434,5618268234,OWNER,333600000X|3336C0003X,tier_1_primary_pharmacy,Y,Y,
1316320666,BUBAIRE PHARMACY INC,920 HIALEAH DR,,HIALEAH,FL,330105541,7865366845,PRESIDENT,3336C0003X,tier_1_primary_pharmacy,Y,Y,
1003299967,"CARESMART PHARMACY 1, LLC",2955 SW 8TH ST,SUITE 103,MIAMI,FL,331352862,3059728952,PRESIDENT,3336L0003X|3336C0003X,tier_1_primary_pharmacy,Y,Y,
1952785750,TAMARAC PHARMACY LLC,7120 N NOB HILL RD,,TAMARAC,FL,333211841,9545864546,AUTHORIZED PERSON,333600000X|3336C0004X|3336S0011X|3336C0003X,tier_1_primary_pharmacy,Y,Y,
1104200856,"ASTER DISCOUNT PHARMACY, INC.",718 SW PORT ST LUCIE BLVD,UNIT # 2,PORT SAINT LUCIE,FL,349532689,7725776469,PHARMACY MANAGER,333600000X,tier_1_primary_pharmacy,Y,Y,
1538543210,V FLORIDA PHARMACY INC,14285 SW 42ND ST,212,MIAMI,FL,331756410,7865365358,PRESIDENT,3336C0003X,tier_1_primary_pharmacy,Y,Y,
1740664077,US HWY 1 PHARMACY INC,1609 SW 67TH AVE,,MIAMI,FL,331551827,7869535682,OWNER,3336C0003X,tier_1_primary_pharmacy,Y,Y,
1992180996,CLARKES PHARMACY,3989 S JOG RD,,GREENACRES,FL,334671514,5616606268,OWNER,333600000X|3336C0004X|3336C0003X,tier_1_primary_pharmacy,Y,Y,
1992180897,CHRIST PHARMACY INC,3952 S SUNCOAST BLVD,,HOMOSASSA,FL,344482601,3527654743,OWNER,333600000X|3336C0003X,tier_1_primary_pharmacy,Y,Y,
1114303229,STAR PHARMACY INC,37 E 44TH ST,,HIALEAH,FL,330131815,3058213131,OWNER,3336C0003X,tier_1_primary_pharmacy,Y,Y,
1134505712,GIGI PHARMACY INC,7664 NW 186TH ST,,HIALEAH,FL,330152925,3058200019,PRESIDENT,3336C0003X,tier_1_primary_pharmacy,Y,Y,
1245616838,RED ROAD PHARMACY CORP,1874 SW 57TH AVE,,MIAMI,FL,331552139,3058469163,PRESIDENT,333600000X,tier_1_primary_pharmacy,Y,Y,
1366828774,CHANS PHARMACY PLUS INC,2092 N UNIVERSITY DR,,PEMBROKE PINES,FL,330243608,9543673296,OWNER,3336C0003X,tier_1_primary_pharmacy,Y,Y,
1568848026,LAKELAND FAMILY PHARMACY,3655 INNOVATION DR,,LAKELAND,FL,338124106,8636445415,MANAGING PARTNER,3336C0003X,tier_1_primary_pharmacy,Y,Y,
1700252939,BOLLUK PHARMACY CORP,7120 STIRLING RD,,HOLLYWOOD,FL,330241650,7547034944,PRESIDENT,3336C0003X,tier_1_primary_pharmacy,Y,Y,
1275909327,TAFT STREET PHARMACY,7750 TAFT ST,,PEMBROKE PINES,FL,330245271,9546137997,OWNER,3336C0003X,tier_1_primary_pharmacy,Y,Y,
1871969121,"THE NEW PHARMACY MIAMI, INC",3955 SW 137TH AVE,STE 5,MIAMI,FL,331756478,7862306676,PRESIDENT,3336C0003X,tier_1_primary_pharmacy,Y,Y,
1558738864,PRIME THERAPEUTICS PHARMACY LLC,6870 SHADOWRIDGE DR STE 111,,ORLANDO,FL,328129002,8665542673,VP & GM SPECIALTY PHARMACY DIST,333600000X|3336M0002X,tier_1_primary_pharmacy,Y,Y,
1568839629,XPRESSO PHARMACY INC.,6305 B MIRAMAR PARKWAY,,MIRAMAR,FL,33023,9545349779,MANAGER,333600000X|3336C0003X,tier_1_primary_pharmacy,Y,Y,
1619344777,MT. DORA PHARMACY LLC,461-463 PLAZA DRIVE,,EUSTIS,FL,32726,3527296557,OWNER,333600000X|3336C0003X,tier_1_primary_pharmacy,Y,Y,
1700254158,"BENNY RX PHARMACY, INC",146 NW 27TH AVE,,MIAMI,FL,331255114,7865183889,PRESIDENT,3336C0003X,tier_1_primary_pharmacy,Y,Y,
1457729618,"VISTACARE PHARMACY SERVICES 2, LLC",7599 PARK BLVD N,SUITE 100,PINELLAS PARK,FL,337812904,7279145227,OWNER,3336C0003X,tier_1_primary_pharmacy,Y,Y,
1225406200,WESLEY CHAPEL RX LLC,2653 BRUCE B DOWNS BLVD STE 115,,WESLEY CHAPEL,FL,335449206,8139919200,OWNER,3336S0011X|333600000X|3336C0003X,tier_1_primary_pharmacy,Y,Y,
1356719074,ALL HEART PHARMACY INC,911 SE 6TH AVE,STE 105,DELRAY BEACH,FL,334835190,5616544760,PHARMACIST,3336C0003X,tier_1_primary_pharmacy,Y,Y,
1558739276,HEALTH SMART PHARMACY CORP,2415 NW 97TH AVE,,DORAL,FL,331722307,7863604258,PRESIDENT,3336C0003X,tier_1_primary_pharmacy,Y,Y,
1568830255,"ASTER DISCOUNT PHARMACY, INC",1905 N ANDREWS AVE,,WILTON MANORS,FL,333113914,9545815400,OWNER,3336C0003X,tier_1_primary_pharmacy,Y,Y,
1720457740,MIAMI COAST PHARMACY LLC,1250 NW 7TH ST UNIT 101-102,,MIAMI,FL,331253744,7866158627,OWNER,333600000X|3336C0003X,tier_1_primary_pharmacy,Y,Y,
1588033112,"SIR CHARLES PHARMACY, INC.",17560 NW 27TH AVE,SUITE 119,MIAMI GARDENS,FL,330564014,3057053415,PRESIDENT/OWNER,3336C0003X,tier_1_primary_pharmacy,Y,Y,
1689044141,NEW CARE PHARMACY LLC,14306 N DALE MABRY HWY STE D,,TAMPA,FL,336182052,8139636800,OWNER,333600000X|3336C0003X,tier_1_primary_pharmacy,Y,Y,
1407226392,"CENTERWELL PHARMACY, INC.",11240 BEACH BLVD,,JACKSONVILLE,FL,322463802,9043800318,VP,3336C0003X,tier_1_primary_pharmacy,Y,Y,
1710358494,HEALTH FIRST PHARMACY INC,3160 S UNIVERSITY DR,,MIRAMAR,FL,330253001,9546883727,OWNER/PRESIDENT,333600000X|3336C0003X,tier_1_primary_pharmacy,Y,Y,
1962873646,AVIVA CARE PHARMACY LLC,2053 N UNIVERSITY DR,,SUNRISE,FL,333223936,9544515578,OWNER,333600000X|3336C0003X,tier_1_primary_pharmacy,Y,Y,
1093186546,LAKE TOWN PHARMACY LLC,2020 CR N 470 UNIT B,,LAKE PANASOFFKEE,FL,33538,3524442055,"OWNER,  AO, PHCY MANAGER, PIC",333600000X|3336C0003X,tier_1_primary_pharmacy,Y,Y,
1316318637,A1ABILITY PHARMACY INC,999 STINSON WAY STE 301,,WEST PALM BEACH,FL,334113741,5617536040,OWNER/PRESIDENT,333600000X|3336C0003X,tier_1_primary_pharmacy,Y,Y,
1487025599,"THE CENTRAL PHARMACY MIAMI, INC",3526 W FLAGLER ST,,MIAMI,FL,331351028,7864991410,PRESIDENT,3336C0003X,tier_1_primary_pharmacy,Y,Y,
1699147959,EXPRESS AID PHARMACY SERVICES LLC,5892 STIRLING RD STE 2,,HOLLYWOOD,FL,330211541,9546397030,"OWNER,RPH,AO",333600000X|3336C0003X,tier_1_primary_pharmacy,Y,Y,
1750753935,ANGELS PHARMACY II LLC,610 ZEAGLER DR,,PALATKA,FL,321773811,4074267000,PRESIDENT,3336C0003X,tier_1_primary_pharmacy,Y,Y,
1760854756,SANTOS FAMILY PHARMACY INC,13780 SW 26TH ST,SUITE 108,MIAMI,FL,331756302,3055534595,PRESIDENT,3336C0003X,tier_1_primary_pharmacy,Y,Y,
1972975829,"GRAND PHARMACY - DISCOUNT, INC.",12486 SW 8TH ST,,MIAMI,FL,331841400,7866153586,PRESIDENT/OWNER,3336C0003X,tier_1_primary_pharmacy,Y,Y,
1346612256,PARAMOUNT PHARMACY INC,5540 SW 8TH ST,,CORAL GABLES,FL,331342220,7864205506,OWNER,333600000X|3336C0003X,tier_1_primary_pharmacy,Y,Y,
1326411851,GIO RX SCRIPTS INC,4338 SW 8TH ST,,CORAL GABLES,FL,331342673,7868990481,PRESIDENT,3336C0003X,tier_1_primary_pharmacy,Y,Y,
1992178271,INSIGHT PHARMACY LLC,1414 GAY RD STE 100,,WINTER PARK,FL,327892928,4079603784,PHARMACIST,3336C0003X|3336C0004X|333600000X,tier_1_primary_pharmacy,Y,Y,
1760855050,JUNIORS PHARMACY,7112 W MCNAB RD,,TAMARAC,FL,333215306,9545321859,PRESIDENT,333600000X|3336C0003X,tier_1_primary_pharmacy,Y,Y,
1528431616,"MARCO ISLAND PHARMACY, INC.",905 N COLLIER BLVD,,MARCO ISLAND,FL,341452742,2399702490,"PRESIDENT, OWNER",3336C0003X,tier_1_primary_pharmacy,Y,Y,
1073986089,AMERICAN DRUGS PHARMACY INC,2111 10TH AVE N,,LAKE WORTH,FL,334613345,5615573320,OWNER,333600000X|3336C0003X,tier_1_primary_pharmacy,Y,Y,
1528431558,"CENTERWELL PHARMACY, INC.",420 S NOVA RD STE 4/5,,ORMOND BEACH,FL,321740410,3862816633,VP,333600000X|3336C0003X,tier_1_primary_pharmacy,Y,Y,
1164896965,RX PHARMACY MIAMI INC,5309 SW 8TH ST,,CORAL GABLES,FL,331342269,3055426028,PRESIDENT,3336C0003X,tier_1_primary_pharmacy,Y,Y,
1679947139,ALEJANDRA PHARMACY AND DISCOUNT STORE,626 SW 109TH AVE,,MIAMI,FL,331741338,3052278990,PHARMACY OWNER,3336C0003X,tier_1_primary_pharmacy,Y,Y,
1528432028,HARBOR CITY PHARMACY INC,503 HARBOR CITY BLVD.,,MELBOURNE,FL,32935,3214284509,OWNER,333600000X|3336C0003X,tier_1_primary_pharmacy,Y,Y,
1518331917,HSUS PHARMACY,5800 N FEDERAL HWY STE 2,,BOCA RATON,FL,334874008,8889704787,CEO,333600000X|3336M0002X|3336C0003X,tier_1_primary_pharmacy,Y,Y,
1255705646,NAPLES PHARMACY LLC,49 8TH ST N STE A,,NAPLES,FL,341026020,2392313026,"OWNER,  AO, PHCY MANAGER, PIC",333600000X|3336C0004X|3336C0003X,tier_1_primary_pharmacy,Y,Y,
1790159085,TRINITY SPECIALTY PHARMACY LLC,13615 BRUCE B DOWNS BLVD,STE 111,TAMPA,FL,336134607,8552548529,COMPLIANCE DIRECTOR,333600000X|3336C0003X,tier_1_primary_pharmacy,Y,Y,
1245604420,WELLNESS RX TAMPA LLC,7208 N STERLING AVE STE B,,TAMPA,FL,336144228,8138674330,PHARMACY AFFLIATED,3336C0003X,tier_1_primary_pharmacy,Y,Y,
1487028502,NATURA PHARMACY INC,3825 BECK BLVD #701,,NAPLES,FL,34114,2392611003,PTS,333600000X|3336C0003X,tier_1_primary_pharmacy,Y,Y,
1124493101,RX PHARMACY MIAMI INC,5309 SW 8 ST,SUITE 9,MIAMI,FL,33134,7866082611,PRESIDENT,3336C0003X,tier_1_primary_pharmacy,Y,Y,
1386019115,CENTRAL AVENUE PHARMACY LLC,347 W OAK ST,,KISSIMMEE,FL,347414421,3212848886,PHARMACIST,333600000X|3336C0003X,tier_1_primary_pharmacy,Y,Y,
1184099921,CLEARWATER PHARMACY LLC,4700 140TH AVE N STE 112,,CLEARWATER,FL,337623847,7279007787,OWNER,333600000X|3336C0004X|3336C0003X,tier_1_primary_pharmacy,Y,Y,
1457726150,PHARMAX SPECIALTY PHARMACY INC,7808 WOODLAND CENTER BLVD,,TAMPA,FL,336142409,8138802500,PRESIDENT/DIRECTOR,333600000X|3336C0003X,tier_1_primary_pharmacy,Y,Y,
1952776536,TAMPA PALMS PHARMACY LLC,15309 AMBERLY DR,,TAMPA,FL,336472112,8136050300,"OWNER, PIC",333600000X|3336C0003X,tier_1_primary_pharmacy,Y,Y,
1013382662,NIA RX SERVICES LLC,500 VONDERBURG DR STE 113W,,BRANDON,FL,335115969,8136844444,MANAGER,333600000X|3336C0003X,tier_1_primary_pharmacy,Y,Y,
1467827840,LAKELAND FAMILY PHARMACY,427 E CENTRAL AVE,,WINTER HAVEN,FL,338803051,8636987938,MANAGING PARTNER,3336C0003X,tier_1_primary_pharmacy,Y,Y,
1598130890,STAYWELL RX PHARMACY LLC,7209 CORAL WAY,,MIAMI,FL,331551401,3052628297,PRESIDENT,333600000X|3336L0003X,tier_1_primary_pharmacy,Y,Y,
1487019295,"PALMS PHARMACY, INC",17008 PALM POINTE DR,,TAMPA,FL,336473504,8132529063,PHARMACIST,3336C0003X,tier_1_primary_pharmacy,Y,Y,
1225493927,ITABO PHARMACY,237 NW 12TH AVE,STE C,MIAMI,FL,331281080,3059169174,PRESIDENT,3336C0003X,tier_1_primary_pharmacy,Y,Y,
1609231331,OUSIA PHARMACY CORP,5194 MARINER BLVD,,SPRING HILL,FL,34609,8132524076,OWNER,333600000X|3336C0003X,tier_1_primary_pharmacy,Y,Y,
1104281609,CORAL PHARMACY MIAMI INC,5309 SW 8TH ST,,CORAL GABLES,FL,331342269,7865428488,OWNER,3336C0003X|333600000X,tier_1_primary_pharmacy,Y,Y,
1558726075,"CENTERWELL PHARMACY, INC.",228 W ALEXANDER ST,,PLANT CITY,FL,335637157,8133592045,VP,333600000X|3336C0003X,tier_1_primary_pharmacy,Y,Y,
1982060869,"SUREHEALTH PHARMACY, INC",7945 NW 2ND ST,,MIAMI,FL,331268000,7862121015,PHARMACIST-IN-CHARGE/OWNER,333600000X|3336C0003X,tier_1_primary_pharmacy,Y,Y,
1790141570,PHARMACORE RX LLC,13930 LYNMAR BLVD,,TAMPA,FL,336263123,8135808040,PHARMACY DIRECTOR,333600000X|3336L0003X,tier_1_primary_pharmacy,Y,Y,
1982061255,CUE PHARMACY INC,777 E 25TH ST,SUITE 120,HIALEAH,FL,330133825,3056965464,VP,333600000X|3336C0003X,tier_1_primary_pharmacy,Y,Y,
1073970919,NH PHARMACY,4850 W OAKLAND PARK BLVD UNIT 106-108,,LAUDERDALE LAKES,FL,333137260,9545304793,"OWNER, PIC, AO",333600000X|3336C0003X,tier_1_primary_pharmacy,Y,Y,
1518324078,JENNYS YOUR FRIENDLY PHARMACY,2217 NW 7TH ST # CU-2,,MIAMI,FL,331253330,7865338269,"PRESIDENT,AO",333600000X|3336C0003X,tier_1_primary_pharmacy,Y,Y,
1407214885,ELLENTON DISCOUNT PHARMACY LLC,8324 US HIGHWAY 301 N,,PARRISH,FL,342198653,9414442233,OWNER,333600000X|3336C0003X,tier_1_primary_pharmacy,Y,Y,
1992163141,TEL-PHARMACY,5489 WILES RD STE 302,,COCONUT CREEK,FL,330734220,9549757112,CEO,3336C0003X|3336M0002X|3336S0011X|333600000X,tier_1_primary_pharmacy,Y,Y,
1295193324,MN PHARMACY LLC,6701 NW 7TH STREET,SUITE 199,MIAMI,FL,331266008,3059077947,VICE PRESIDENT,333600000X|3336C0003X,tier_1_primary_pharmacy,Y,Y,
1861850810,YRMA PHARMACY LLC,7958 SW 8TH ST,,MIAMI,FL,331444209,3052669999,"OWNER,RPH,AO",333600000X|3336C0003X,tier_1_primary_pharmacy,Y,Y,
1881052769,CONTROLLED RX LLC,4081 L B MCLEOD RD STE C,,ORLANDO,FL,328115660,4072706748,MANAGER,3336C0003X|333600000X,tier_1_primary_pharmacy,Y,Y,
1174981096,SRI SAI SANVI INTEGRATIVE PHARMACY SERVICES LLC,1101 BLANDING BLVD STE 122,,ORANGE PARK,FL,320656751,9046448038,PHARMACY MANAGER/ OWNER / PIC/AO,333600000X|3336C0004X|3336C0003X,tier_1_primary_pharmacy,Y,Y,
1699133421,CEPEMART PHARMACY LLC,1087 W ORANGE BLOSSOM TRL,,APOPKA,FL,327123401,4077035454,RPH,333600000X|3336C0003X,tier_1_primary_pharmacy,Y,Y,
1255799904,OSPREY PHARMACY SERVICES LLC,50 N LAURA ST,SUITE 2500,JACKSONVILLE,FL,322023664,8886171953,CEO,333600000X,tier_1_primary_pharmacy,Y,Y,
1255799854,"COMFORT PHARMACY 2, LLC",12600 SW 120TH ST STE 102,,MIAMI,FL,331869115,7865477423,CEO,3336C0003X,tier_1_primary_pharmacy,Y,Y,
1538527130,"ELKABARY ENTERPRISES LLC, DBA VERACITY PHARMACY",13135 KINGS LAKE DR,UNIT 102,GIBSONTON,FL,335343960,8136778811,OWNER / MANAGER,3336C0004X|333600000X|3336C0003X,tier_1_primary_pharmacy,Y,Y,
1053770420,TAMPA RX CARE LLC,15416 N. FLORIDA AVE,SUITE 200,TAMPA,FL,33613,8137567900,OWNER,333600000X|3336C0004X|3336C0003X,tier_1_primary_pharmacy,Y,Y,
1215396346,VILLA PHARMACY LLC,105 AVENUE R NW,,WINTER HAVEN,FL,338812147,8632295978,PHARMACY MANAGER,333600000X|3336L0003X,tier_1_primary_pharmacy,Y,Y,
1730548496,GENERIC PHARMACY INC,930 E SAMPLE RD,,POMPANO BEACH,FL,330645131,9549337012,OWNER,3336C0003X,tier_1_primary_pharmacy,Y,Y,
1851751481,"YUVANESSE COMPOUNDING PHARMACY, LLC",1141 KANE CONCOURSE STE 203,,BAY HARBOR ISLANDS,FL,331542052,3058648423,CEO,3336C0003X,tier_1_primary_pharmacy,Y,Y,
1538529060,GULF MED PHARMACY INC,4106 DEL PRADO BLVD S,,CAPE CORAL,FL,339047163,2395421291,PRESIDENT/OWNER,3336L0003X|3336C0004X|3336S0011X|333600000X|3336C0003X,tier_1_primary_pharmacy,Y,Y,
1063872562,PATIENT RX SOLUTIONS PHARMACY LLC,3450 E FLETCHER AVE,SUITE 140,TAMPA,FL,336134655,8135492134,VICE PRESIDENT OF OPERATIONS,3336C0003X,tier_1_primary_pharmacy,Y,Y,
1417317447,SAGE RX SPECIALTY PHARMACY CORP,3693 W WATERS AVE # 1210,,TAMPA,FL,336142783,8137699094,PRESIDENT,3336S0011X|3336C0003X,tier_1_primary_pharmacy,Y,Y,
1063872083,SUNBELT PHARMACY AND DISCOUNT CORP,2831 N FEDERAL HWY,BAY 2,BOCA RATON,FL,334316809,5617573352,PRESIDENT,333600000X,tier_1_primary_pharmacy,Y,Y,
1477914109,"POPS NEIGHBORHOOD PHARMACY, LLC",20 NE 2ND AVE,,DEERFIELD BEACH,FL,334413504,7542277252,MANAGING MEMBER,3336C0003X,tier_1_primary_pharmacy,Y,Y,
1730540980,DAP PHARMACY MANAGEMENT AND CONSULTING SERV,2364 SUNSET POINT RD,,CLEARWATER,FL,337651423,7276482700,MANAGING PARTNER,333600000X,tier_1_primary_pharmacy,Y,Y,
1235590118,CAREONE PHARMACY SERVICES LLC,1003 E NEWPORT CENTER DR,,DEERFIELD BEACH,FL,334427724,9544256505,VICE PRESIDENT OF PHARMACY SERVICES,333600000X|3336L0003X,tier_1_primary_pharmacy,Y,Y,
1982067732,"RX MANAGEMENT CONSULTANTS, LLC",1996 ROBIN RD,,ORLANDO,FL,328146542,4078446055,OWNER/CHIEF PHARMACY OFFICER,3336C0003X,tier_1_primary_pharmacy,Y,Y,
1578926135,SAN JUAN PHARMACY LLC,9533 SW 40TH ST,,MIAMI,FL,331654035,3053997449,OWNER,333600000X,tier_1_primary_pharmacy,Y,Y,
1881057180,UNLIMETED PHARMACY INC,6320 MIRAMAR PKWY STE H,,MIRAMAR,FL,330233999,9545444093,PRESIDENT,333600000X,tier_1_primary_pharmacy,Y,Y,
1578927166,PRESCRIPTRX PHARMACY LLC,1523 E COMMERCIAL BLVD,,FORT LAUDERDALE,FL,333345717,7542005913,"OWNER, MANAGER, PIC, AO",3336L0003X|333600000X|3336C0003X,tier_1_primary_pharmacy,Y,Y,
1871947499,"MOULTON'S PHARMACY OF CRESTVIEW, INC.",648 N FERDON BLVD,,CRESTVIEW,FL,325362165,8506826136,PRESIDENT,3336C0003X,tier_1_primary_pharmacy,Y,Y,
1669826178,T-RX PHARMACY,211 HANCOCK BRIDGE PKWY,,CAPE CORAL,FL,339904021,2396774945,OWNER/PRESIDENT/PIC/AO,3336C0004X|333600000X|3336C0003X,tier_1_primary_pharmacy,Y,Y,
1104270404,FILL RX LLC,776 DELTONA BLVD,,DELTONA,FL,327257107,3862594074,CO-OWNER,3336L0003X|3336C0003X,tier_1_primary_pharmacy,Y,Y,
1821442260,CUSTOM CARE PHARMACY LLC,9332 STATE ROAD 54 STE 207,,NEW PORT RICHEY,FL,346551810,7274956979,COMPLIANCE OFFICER,3336C0003X|333600000X,tier_1_primary_pharmacy,Y,Y,
1306291679,FIRST CHOICE PHARMACY LLC,3208 CRILL AVE UNIT 2,,PALATKA,FL,321774159,3862191988,"OWNER, PIC, AO",333600000X|3336C0004X|3336S0011X|3336C0003X,tier_1_primary_pharmacy,Y,Y,
1205281458,LINCOLN PHARMACY LLC,21011 JOHNSON ST,SUITE# 126,PEMBROKE PINES,FL,330291913,9545349161,PHARMACY MANAGER,3336C0003X,tier_1_primary_pharmacy,Y,Y,
1568817666,HR RX LLC,870 SAXON BLVD STE 45,,ORANGE CITY,FL,327638209,3862180926,"OWNER, PIC, AO",333600000X|3336C0004X|3336C0003X,tier_1_primary_pharmacy,Y,Y,
1730534710,"COBALT PHARMACY, INC.",7135 STATE ROAD 52,UNIT 103,HUDSON,FL,346676782,7273783598,CEO,333600000X,tier_1_primary_pharmacy,Y,Y,
1104271873,KD RX LLC,4644 W GANDY BLVD,UNIT 4,TAMPA,FL,336113300,8136050055,"OWNER, RPH, AO",333600000X|3336C0003X,tier_1_primary_pharmacy,Y,Y,
1629423074,PHAMILY PHARMACY LLC,407 W OAK ST,,KISSIMMEE,FL,347414931,4072014348,OWNER/PIC/AO,333600000X|3336C0003X,tier_1_primary_pharmacy,Y,Y,
1255787313,LINKS PHARMACY AND DISCOUNT INC,7131 PEMBROKE ROAD,,PEMBROKE PINES,FL,33023,9543624090,PRESIDENT,3336C0003X,tier_1_primary_pharmacy,Y,Y,
1942657432,RAMIL RX INC,2331 N STATE ROAD 7 STE 121,,LAUDERDALE LAKES,FL,333133771,9545339792,PRESIDENT,333600000X,tier_1_primary_pharmacy,Y,Y,
1700233368,SERVICE PRO PHARMACY LLC,6472 HIGHWAY 90,,MILTON,FL,325704560,8505640880,OWNER PRESIDENT,333600000X|3336C0003X,tier_1_primary_pharmacy,Y,Y,
1710335971,Z ORANGE PHARMACY,7268 STATE ROAD 54,,NEW PORT RICHEY,FL,346536124,7273486439,RPH/OWNER,3336C0003X,tier_1_primary_pharmacy,Y,Y,
1528416575,"SMART RX PHARMACY, INC.",235 W HIGHWAY 50,,CLERMONT,FL,347113027,4075365696,FOUNDER & CEO,333600000X|3336C0003X,tier_1_primary_pharmacy,Y,Y,
1740638527,OUR PHARMACY NETWORK LLC,3350 NW 53RD ST,SUITE 103,FT LAUDERDALE,FL,333096354,8442389313,MGR,3336C0003X,tier_1_primary_pharmacy,Y,Y,
1467800169,PHARMACY CHEVALIER INC,1553-1555 NW 36 STREET,,MIAMI,FL,33142,7866004242,OWNER,3336S0011X|3336C0003X,tier_1_primary_pharmacy,Y,Y,
1487003695,GALIANO PHARMACY DISCOUNT,3813 SW 8TH ST,,CORAL GABLES,FL,331343001,3054563420,PRESIDENT,3336C0003X,tier_1_primary_pharmacy,Y,Y,
1306295688,INFINITY PHARMACY INC,19533 NW 57TH AVE,,MIAMI GARDENS,FL,330554709,7868033105,PRESIDENT,333600000X,tier_1_primary_pharmacy,Y,Y,
1598115958,CITY DISCOUNT PHARMACY,2330 N WICKHAM RD STE 7,,MELBOURNE,FL,329358183,3214254377,MANAGER,3336C0003X,tier_1_primary_pharmacy,Y,Y,
1053762260,NORTHLAKE PHARMACY LLC,9091 N MILITARY TRL STE 17,,PALM BEACH GARDENS,FL,334105983,5616199900,OWNER/PHARMACIST/AO,333600000X|3336C0003X,tier_1_primary_pharmacy,Y,Y,
1134571722,"CENTERWELL PHARMACY, INC.",11701 MILLS DR,,MIAMI,FL,331834824,7868434172,VP,333600000X|3336C0003X,tier_1_primary_pharmacy,Y,Y,
1356793616,CAMBRIDGE PHARMACY SERVICE LLC,3760 NW 126TH AVE,,CORAL SPRINGS,FL,330652408,8777784088,COO,333600000X|3336C0003X,tier_1_primary_pharmacy,Y,Y,
1265884522,MEDICAL HOTSPOTS INC/BAILEYS CLOSED SYSTEM PHARMACY,5156 S ORANGE AVE STE B,,ORLANDO,FL,328093024,4079303102,OWNER,333600000X|3336M0003X|3336S0011X|3336L0003X,tier_1_primary_pharmacy,Y,Y,
1134571482,SIGMA PHARMACY LLC,5413 E BUSCH BLVD,,TEMPLE TERRACE,FL,336175417,8103945416,OWNER,333600000X|3336C0003X,tier_1_primary_pharmacy,Y,Y,
1922450196,RIDGE MANOR PHARMACY,34490 CORTEZ BLVD,,RIDGE MANOR,FL,335238908,3524376851,OWNER,3336C0003X|333600000X,tier_1_primary_pharmacy,Y,Y,
1942652110,OXFORD PHARMACY LLC,12134 US HIGHWAY 19,,HUDSON,FL,346672058,7273784615,PHARMACY OWNER,3336C0003X|333600000X,tier_1_primary_pharmacy,Y,Y,
1639622350,ALOE DRUG MART AND MEDICAL SUPPLIES,65 NW 167TH ST,,NORTH MIAMI BEACH,FL,331696017,3056551544,PRESIDENT,3336C0003X,tier_1_primary_pharmacy,Y,Y,
1770036071,US STERILE RX INC,16140 FLIGHT PATH DR,,BROOKSVILLE,FL,346046845,3523458220,PRESIDENT,3336C0003X,tier_1_primary_pharmacy,Y,Y,
1104370931,CHOICE PLUS RX LLC,13978 W HILLSBOROUGH AVE,,TAMPA,FL,336359656,8133590003,MANAGER/PHARMACIST,333600000X|3336C0003X,tier_1_primary_pharmacy,Y,Y,
1497209159,PALMYRA PHARMACY LLC,13080 CORTEZ BLVD,,BROOKSVILLE,FL,346134854,3526007572,MANAGER,3336C0003X,tier_1_primary_pharmacy,Y,Y,
1295289676,SOUTHCHASE COMMUNITY PHARMACY,12981 S ORANGE BLOSSOM TRL,,ORLANDO,FL,328376592,4072044090,PRESIDENT,333600000X|3336C0003X,tier_1_primary_pharmacy,Y,Y,
1467907592,"VENICE PHARMACY, LLC",1229 US HIGHWAY 41 BYP S,,VENICE,FL,34285,8448404879,PHARMACIST IN CHARGE/PHARMACY MANAG,3336C0003X|333600000X,tier_1_primary_pharmacy,Y,Y,
1528513595,BAY STREET PHARMACY INC,7746 BAY ST,,SEBASTIAN,FL,329583427,7725892043,PRES,333600000X|3336L0003X,tier_1_primary_pharmacy,Y,Y,
1558816231,NEW LIFE PHARMACY INC,22149 S DIXIE HWY,,MIAMI,FL,331702840,3059607176,PHARMACY MANAGER,333600000X|3336C0003X,tier_1_primary_pharmacy,Y,Y,
1689129173,"PLAZA PHARMACY,LLC",3094 CURRY FORD RD,,ORLANDO,FL,328063376,4077513333,PHARMACY MANAGER,3336C0003X,tier_1_primary_pharmacy,Y,Y,
1558817783,PLAMYRA PHARMACY LLC,4817 E BUSCH BLVD,,TAMPA,FL,33617,3522133815,MANAGER,333600000X,tier_1_primary_pharmacy,Y,Y,
1902352958,"GORDIUM RX, LLC",4723 W ATLANTIC AVE STE 2,,DELRAY BEACH,FL,334453865,5615620674,PHYSICIANS ASSISTANT,3336C0003X,tier_1_primary_pharmacy,Y,Y,
1083161160,KACHEEZ PHARMACY LLC,122 W MOWRY DR,,HOMESTEAD,FL,330305904,3052476006,PHARMACY MANAGER,333600000X|3336C0003X,tier_1_primary_pharmacy,Y,Y,
1750838967,TAQUECHEL PHARMACY LLC,18145 BISCAYNE BLVD,,AVENTURA,FL,331602535,7864311800,PHARMACIST IN CHARGE,333600000X|3336C0003X,tier_1_primary_pharmacy,Y,Y,
1891242798,EZ RX BONITA SPRINGS LLC,13141 MCGREGOR BLVD STE 7,,FORT MYERS,FL,339195926,2393015058,MANAGER,333600000X|3336L0003X|3336S0011X|3336C0003X,tier_1_primary_pharmacy,Y,Y,
1700333606,EZ RX BOYNTON BEACH LLC,190 GLADES RD STE A,,BOCA RATON,FL,334321642,5613362617,OWNER,333600000X,tier_1_primary_pharmacy,Y,Y,
1619424512,EZ RX HALLANDALE LLC,1550 W 84TH ST,#62,HIALEAH,FL,330143379,7867035670,OWNER,3336C0003X|3336C0004X|333600000X,tier_1_primary_pharmacy,Y,Y,
1730636424,THE RIGHT PHARMACY INC,515 E LAS OLAS BLVD,SUITE 120,FT LAUDERDALE,FL,333012296,4042687447,PHARMACIST,3336C0003X,tier_1_primary_pharmacy,Y,Y,
1518415827,USRX PHARMACY LLC,11121 HEALTH PARK BLVD STE 700,,NAPLES,FL,341105740,2392168000,OWNER,3336C0003X,tier_1_primary_pharmacy,Y,Y,
1104375971,"TROX PHARMACY, LLC",14965 OLD SAINT AUGUSTINE RD,SUITE 108,JACKSONVILLE,FL,322589480,9045008769,PHARMACY MANAGER/OWNER,3336C0003X,tier_1_primary_pharmacy,Y,Y,
1659820447,COASTLINE PHARMACY LLC,2107 S US HIGHWAY 1,,JUPITER,FL,33477,8667581957,MANAGING MEMBER,333600000X|3336C0003X,tier_1_primary_pharmacy,Y,Y,
1861942740,EXTRA CARE CITY PHARMACY LLC,1620 DANIELS RD STE 130,,WINTER GARDEN,FL,347875604,4078909241,PHARMACY MANAGER,333600000X|3336C0003X,tier_1_primary_pharmacy,Y,Y,
1598215675,TRISTAR DISCOUNT PHARMACY LLC,1502 N SEMORAN BLVD STE 154,,ORLANDO,FL,328073545,4074403436,PIC MEMBER,333600000X|3336C0003X,tier_1_primary_pharmacy,Y,Y,
1033660964,APNAR PHARMACY & SUPERMARKET INC.,3095 S MILITARY TRL STE 7,,LAKE WORTH,FL,334632108,5615085126,PRESIDENT,3336C0003X,tier_1_primary_pharmacy,Y,Y,
1164973004,FOUNTAIN PHARMACY INC,1331 W BROADWAY ST,,OVIEDO,FL,327658103,7133971544,DIRECTOR,3336C0003X,tier_1_primary_pharmacy,Y,Y,
1801347190,SEFFNER HEALTH PHARMACY LLC,10907 E US HIGHWAY 92 STE D,,SEFFNER,FL,335843231,8134058900,OWNER/PHARMACIST,3336C0003X|333600000X,tier_1_primary_pharmacy,Y,Y,
1760934384,SHUBHOM PHARMACY LLC,1214 E VENICE AVE STE C,,VENICE,FL,342857165,9417734460,PHARMACY MANAGER,333600000X|3336C0004X|3336L0003X|3336C0003X,tier_1_primary_pharmacy,Y,Y,
1437601861,"BEST CARE PHARMACY, INC.",2657 NW 20TH ST,,MIAMI,FL,331427105,3058560070,PRESIDENT,3336M0002X|333600000X,tier_1_primary_pharmacy,Y,Y,
1699227025,ORANGE PARK PHARMACY INC,1992 KINGSLEY AVE,SUITE B,ORANGE PARK,FL,320734442,9045793027,PHARMACY MANAGER/OWNER,333600000X|3336L0003X,tier_1_primary_pharmacy,Y,Y,
1477095685,SERVICE PRO PHARMACY LLC,4880 WOODBINE RD,,PACE,FL,325718762,8509959999,PRESIDENT,3336C0003X,tier_1_primary_pharmacy,Y,Y,
1700328473,TU SALUD PHARMACY INC,1255 W 46 ST,SUITE #5,HIALEAH,FL,33012,7863594283,PRESIDENT,3336C0003X|333600000X,tier_1_primary_pharmacy,Y,Y,
1780126250,OMNI CARE PHARMACY LLC,4432 HENDRICKS AVE,,JACKSONVILLE,FL,322076326,9044230123,PHARMACIST IN CHARGE,333600000X|3336C0003X,tier_1_primary_pharmacy,Y,Y,
1588107528,SUNRISE PHARMACY OF KISSIMMEE LLC,4543 PLEASANT HILL RD STE D,,KISSIMMEE,FL,347593406,4073434434,MEMBER/MANAGER,3336C0003X,tier_1_primary_pharmacy,Y,Y,
1588107411,"APOLLO CARE PHARMACY ,LLC",4061 W OAK RIDGE RD,,ORLANDO,FL,328093604,3528705521,PRESIDENT,3336C0003X,tier_1_primary_pharmacy,Y,Y,
1932642543,ADVANCE CARE RX LLC,7016 US 301 N,,ELLENTON,FL,342223030,4072712138,OWNER/STAFF PHARMACIST,333600000X|3336C0003X,tier_1_primary_pharmacy,Y,Y,
1598208969,P&M PHARMACY LLC,7753 LAKE WORTH RD,,LAKE WORTH,FL,334672536,5616608650,OWNER/AO,333600000X|3336C0004X|3336C0003X,tier_1_primary_pharmacy,Y,Y,
1881138469,"PHARMACY AT ABACOA, INC.",1155 MAIN ST STE 109,,JUPITER,FL,334585264,5616303770,OWNER,333600000X|3336C0003X,tier_1_primary_pharmacy,Y,Y,
1871037333,"NIGHT OWL PHARMACY, INC.",811 E HIBISCUS BLVD,,MELBOURNE,FL,329013219,3219144909,PRESIDENT,3336C0003X|3336C0004X|333600000X,tier_1_primary_pharmacy,Y,Y,
1194260661,CARE RITE PHARMACY LLC,4721 HIGHWAY 90,,MARIANNA,FL,324466820,8503812150,PHARMACY MANAGER/OWNER,333600000X|3336C0003X,tier_1_primary_pharmacy,Y,Y,
1487199394,AVENTUS PHARMACY LLC,10323 CROSS CREEK BLVD STE B,,TAMPA,FL,336472988,3212625938,OWNER,333600000X|3336C0003X,tier_1_primary_pharmacy,Y,Y,
1043756695,SULLIVAN PHARMACY SERVICES INC.,6555 NW 9TH AVE,STE 208,FORT LAUDERDALE,FL,333092067,9547712091,CFO,3336C0003X,tier_1_primary_pharmacy,Y,Y,
1629514864,ST. THOMAS PHARMACY LLC,7200 RIDGE RD STE 106,,PORT RICHEY,FL,346686971,7273124888,OWNER,3336C0003X,tier_1_primary_pharmacy,Y,Y,
1316483258,MAILMYPRESCRIPTIONS COM PHARMACY CORPORATION,951 CLINT MOORE RD,,BOCA RATON,FL,334872804,8009649654,CEO,3336C0003X|3336M0002X,tier_1_primary_pharmacy,Y,Y,
1588101356,"COASSIST PHARMACY, LLC",2400 SAND LAKE ROAD,SUITE 200,ORLANDO,FL,32809,8553822533,"VP, PHARMACY",3336C0003X,tier_1_primary_pharmacy,Y,Y,
1225575020,MILLENNIUM SPECIALTY PHARMACY LLC,110 S ORLANDO AVE STE 5,,WINTER PARK,FL,327893656,4076161327,PHARMACIST/OWNER,3336C0004X|3336C0003X|333600000X,tier_1_primary_pharmacy,Y,Y,
1962940858,"YOUR HEALTH COMPOUNDING PHARMACY, LLC",1000 E ATLANTIC BLVD,#110,POMPANO BEACH,FL,330607479,9543666519,OWNER,333600000X,tier_1_primary_pharmacy,Y,Y,
1518406487,A. LILIKO'I PHARMACY,2232 UNIVERSITY SQUARE MALL,,TAMPA,FL,33612,8083128738,OWNER,3336C0002X|3336C0003X|3336S0011X,tier_1_primary_pharmacy,Y,Y,
1295274066,CLOSED DOOR PHARMACY INC,1065 NE 125TH ST STE 207,,NORTH MIAMI,FL,331615832,7863470365,CEO/PRESIDENT,333600000X|3336L0003X,tier_1_primary_pharmacy,Y,Y,
1598204547,CRAWFORDVILLE PHARMACY INC,2650 CRAWFORDVILLE HWY,SUITE 1,CRAWFORDVILLE,FL,32327,3528749878,AO,333600000X|3336C0003X,tier_1_primary_pharmacy,Y,Y,
1487193496,SMP PHARMACY SOLUTIONS LLC,6050 S DIXIE HWY,,SOUTH MIAMI,FL,331435042,7863611111,DATA & COMPLIANCE COORDINATOR,333600000X|3336S0011X,tier_1_primary_pharmacy,Y,Y,
1649710534,GULF COAST PHARMACY INC,6631 ORION DR,SUITE 112,FORT MYERS,FL,339124333,2396907700,"PHARMD, OWNER",333600000X|3336S0011X,tier_1_primary_pharmacy,Y,Y,
1265972608,"UNITY CARE RX, LLC",6085 LAKE WORTH RD,,GREENACRES,FL,334634288,7542645698,MANAGING MEMBER,3336C0003X,tier_1_primary_pharmacy,Y,Y,
1215477419,"BEAR LAKE PHARMACY, LLC",3840 E SEMORAN BLVD,SUITE 1048,APOPKA,FL,327036197,4078484442,OWNER,3336C0003X,tier_1_primary_pharmacy,Y,Y,
1407397524,"WISDOM PHARMACY,LLC",4123 W HILLSBOROUGH AVE,SUITE C,TAMPA,FL,33614,7279357039,OWNER,333600000X|3336C0003X,tier_1_primary_pharmacy,Y,Y,
1336680412,COUNTRYSIDE PHARMACY,2196 MAIN ST STE A,,DUNEDIN,FL,346985650,7276482680,MANAGER,333600000X|3336C0003X,tier_1_primary_pharmacy,Y,Y,
1841731726,PROGRESS PHARMACY INC,8170 OKEECHOBEE BLVD,SUITE 5,WEST PALM BEACH,FL,33411,5613014220,OWNER,3336C0003X,tier_1_primary_pharmacy,Y,Y,
1316488281,BREVARD PHARMACY LLC,6250 N US HIGHWAY 1,,COCOA,FL,329274926,3213056975,OWNER,333600000X|3336C0004X|3336L0003X|3336C0003X,tier_1_primary_pharmacy,Y,Y,
1205377173,"PREMIER COMPOUNDING PHARMACY, INC.",2000 PGA BLVD.,SUITE 5507,PALM BEACH GARDENS,FL,33408,8885078621,PRESIDENT/CEO/OWNER,333600000X|3336L0003X,tier_1_primary_pharmacy,Y,Y,
1861933004,GONZALEZ PHARMACY SERVICES,630 E 9TH ST,,HIALEAH,FL,330104502,3054472785,PHARM.D.,333600000X|3336C0003X,tier_1_primary_pharmacy,Y,Y,
1790216950,BAPTIST PHARMACY DISCOUNT INC,7305 NW 36TH ST,,MIAMI,FL,331666704,7862121315,PRESIDENT,3336C0003X,tier_1_primary_pharmacy,Y,Y,
1336672427,A1 PHARMACY INC.,1169 HOMESTEAD RD N,,LEHIGH ACRES,FL,339366040,2394912649,PHARMACY MANAGER,333600000X|3336C0003X,tier_1_primary_pharmacy,Y,Y,
1730612243,SEBASTIAN PHARMACY LLC,15835 SHADDOCK DR STE 110,,WINTER GARDEN,FL,347875778,4072201263,PRESIDENT,3336C0003X,tier_1_primary_pharmacy,Y,Y,
1942734033,VCARE PHARMACY INC,2561 COUNTY ROAD 220 STE 308,,MIDDLEBURG,FL,320688518,9043758579,OWNER,333600000X|3336C0003X,tier_1_primary_pharmacy,Y,Y,
1326572165,"P&M PHARMACY, LLC",7753 LAKE WORTH RD,,LAKE WORTH,FL,334672536,5616608650,OWNER,333600000X|3336L0003X,tier_1_primary_pharmacy,Y,Y,
1124554100,G&S PHARMACY LLC.,3232 W BROWARD BLVD,,FT LAUDERDALE,FL,333121113,5613086738,OWNER/ PRESIDENT,3336C0003X,tier_1_primary_pharmacy,Y,Y,
1285161083,EBENEZER CLINICAL PHARMACY LLC,4073 13TH ST,,SAINT CLOUD,FL,34769,4078919280,PHARMACIST/OWNER,333600000X|3336C0002X|3336C0003X,tier_1_primary_pharmacy,Y,Y,
1629506365,SUPERIOR CARE PHARMACY LLC,765 CORTARO DR,,RUSKIN,FL,335736812,8135512999,OWNER,3336C0003X,tier_1_primary_pharmacy,Y,Y,
1376072132,SEMINOLE PHARMACY,31055 JOSIE BILLIE HIGHWAY,,CLEWISTON,FL,33440,8639831197,PHARMACY PROGRAM MANAGER,333600000X|3336C0002X,tier_2_secondary_pharmacy,N,Y,
1912436775,TAMPA SPECIALTY PHARMACY LLC,5908 BRECKENRIDGE PKWY,,TAMPA,FL,336104233,8136447277,OWNER,3336M0002X|333600000X,tier_1_primary_pharmacy,Y,Y,
1326577933,WINSHIPS PHARMACY INC,5643 SE CROOKED OAK AVE UNIT 1C,,HOBE SOUND,FL,334558319,7723248381,PHARMACIST/SECRETARY,3336C0003X,tier_1_primary_pharmacy,Y,Y,
1679093744,ZEPHYRHILLS COMMUNITY PHARMACY LLC,6242 GALL BLVD,,ZEPHYRHILLS,FL,335422505,8133956161,OWNER,333600000X|3336C0003X,tier_1_primary_pharmacy,Y,Y,
1205356086,"PACE PHARMACY, LLC",4880 WOODBINE RD,,PACE,FL,325718762,8504634232,OWNER,3336C0003X,tier_1_primary_pharmacy,Y,Y,
1346760683,MARCO ISLAND PHARMACY 2 LLC,5475 GOLDEN GATE PKWY STE 5W,,NAPLES,FL,341167529,2393154823,MANAGER,333600000X|3336C0003X,tier_1_primary_pharmacy,Y,Y,
1417478561,ARIANA PHARMACY INC,1354 ARIANA ST,,LAKELAND,FL,338031817,8636033430,PHARMACY MANAGER,3336C0003X,tier_1_primary_pharmacy,Y,Y,
1538680111,JAYLEX PHARMACY LLC,5535 MEMORIAL HWY,,TAMPA,FL,336347332,8138899779,PHARMACIST,3336C0003X,tier_1_primary_pharmacy,Y,Y,
1093237000,SHRI AARNA RX LLC,3134 E HILLSBOROUGH AVE,,TAMPA,FL,336104528,8134444666,PHARMACIST MANAGER,333600000X|3336C0003X,tier_1_primary_pharmacy,Y,Y,
1245752013,VIVA PHARMACY LLC,114 S SEMORAN BLVD,,ORLANDO,FL,328073293,4079851816,PIC,333600000X|3336C0004X|3336C0003X,tier_1_primary_pharmacy,Y,Y,
1902329840,"ELITE RETAIL PHARMACY, INC.",840 111TH AVE N STE 7,,NAPLES,FL,341081868,2396311173,PRESIDENT,3336C0003X,tier_1_primary_pharmacy,Y,Y,
1720501547,EXPRESS CARE PHARMACY LLC,777 SHOTGUN ROAD,,SUNRISE,FL,333261940,8003097246,OWNER/PHARMACIST,333600000X|3336C0003X,tier_1_primary_pharmacy,Y,Y,
1477076016,NP PHARMACY LLC,7644 PARK BLVD N,,PINELLAS PARK,FL,337813755,7276850268,OWNER,3336C0003X|333600000X,tier_1_primary_pharmacy,Y,Y,
1619490356,CLA PHARMACY GROUP LLC,5240 GOLDEN GATE PKWY,,NAPLES,FL,341167670,2392412864,OWNER,333600000X|3336C0003X,tier_1_primary_pharmacy,Y,Y,
1528582889,GLOBAL REACH RX PBF,10560 NW 27TH ST,,DORAL,FL,331725928,3057941375,MGR,333600000X,tier_1_primary_pharmacy,Y,Y,
1235653577,VIVA PHARMACY LLC,114 S SEMORAN BLVD,,ORLANDO,FL,328073293,4079851816,RPH,3336C0003X|333600000X,tier_1_primary_pharmacy,Y,Y,
1770007486,MILLENIUM CLINIC PHARMACY INC,12914 SW 133RD CT STE B,,MIAMI,FL,331866585,7863015407,OWNER / PIC,3336C0002X|3336C0003X,tier_1_primary_pharmacy,Y,Y,
1720503824,MEDLAB PHARMACY INC,7300 W MCNAB RD STE 112,,TAMARAC,FL,333215329,9544000560,PHARMACIST,333600000X|3336C0003X,tier_1_primary_pharmacy,Y,Y,
1700301652,M & M FAMILY PHARMACY CORP,1535 W OKEECHOBEE RD,,HIALEAH,FL,330102833,7864094533,PRES,333600000X|3336C0003X,tier_1_primary_pharmacy,Y,Y,
1093230831,RX HEALTHCARE SYSTEM LLC,3755 S NOVA RD STE A,,PORT ORANGE,FL,321294282,3219466332,OWNER,3336C0003X,tier_1_primary_pharmacy,Y,Y,
1235655069,PHYSICIAN FAMILY PHARMACY,5869 LAKE WORTH RD,,GREENACRES,FL,334633209,5615011804,PRESIDENT,3336C0003X,tier_1_primary_pharmacy,Y,Y,
1508382094,JAC PHARMACY CORP,17350 S DIXIE HWY,,PALMETTO BAY,FL,331574319,7868423196,SECRETARY,3336C0003X,tier_1_primary_pharmacy,Y,Y,
1215454061,THE RED ALAMO PHARMACY CORP,2140 W FLAGLER ST STE 107,,MIAMI,FL,331351662,3056003378,OWNER,333600000X|3336C0003X,tier_1_primary_pharmacy,Y,Y,
1710404488,"CENTERWELL PHARMACY, INC.",3233 PALM AVE,,HIALEAH,FL,330125427,7867744980,VP,3336C0003X,tier_1_primary_pharmacy,Y,Y,
1013434265,"THREE OAKS PHARMACY, INC.",10347 BONITA BEACH RD SE UNIT 117,,BONITA SPRINGS,FL,341354817,9734616737,PRESIDENT,3336C0003X,tier_1_primary_pharmacy,Y,Y,
1366960346,I CARE PHARMACY LLC,34064 US HIGHWAY 19 N,,PALM HARBOR,FL,346842644,7273033672,"COMPLIANCE OFFICER,AO",333600000X|3336C0003X,tier_1_primary_pharmacy,Y,Y,
1780103481,ELLENTON DISCOUNT PHARMACY LLC,8324 US HIGHWAY 301 N,,PARRISH,FL,342198653,9414442233,PHARMACIST,333600000X|3336L0003X,tier_1_primary_pharmacy,Y,Y,
1326557422,BAL PHARMACY INC,7300 W MCNAB RD STE 112,,TAMARAC,FL,333215329,9543666137,CEO,3336C0003X,tier_1_primary_pharmacy,Y,Y,
1891205696,HEALTH MATTERS PHARMACY,5110 N 40TH ST,,TAMPA,FL,336105204,8138006337,PHARMACIST,3336C0003X,tier_1_primary_pharmacy,Y,Y,
1922518778,"LINK PHARMACY, INC.",7387 US HIGHWAY 98 N,,LAKELAND,FL,338092102,8635006463,PHARMACY MANAGER,3336C0003X,tier_1_primary_pharmacy,Y,Y,
1891206157,VERO PHARMACY INC,1635 14TH AVE,,VERO BEACH,FL,329600435,7725623660,OWNER/PIC,3336C0003X,tier_1_primary_pharmacy,Y,Y,
1427560630,AGV SPECIALTY PHARMACY,3774 W 12TH AVE,,HIALEAH,FL,330124126,7863345283,MGR,333600000X,tier_1_primary_pharmacy,Y,Y,
1487166153,CRE8 PHARMACY GROUP,3700 NW 126TH AVENUE,,CORAL SPRINGS,FL,330652408,7545298353,CEO,3336C0003X,tier_1_primary_pharmacy,Y,Y,
1952814485,"CENTERWELL PHARMACY, INC.",692 N HOMESTEAD BLVD STE 104-105,,HOMESTEAD,FL,330306236,7864046810,VP,333600000X|3336C0003X,tier_1_primary_pharmacy,Y,Y,
1902319981,HANSA PHARMACY LLC,1111 SE FEDERAL HWY STE 122,,STUART,FL,349943802,7726177684,OWNER,3336C0003X,tier_1_primary_pharmacy,Y,Y,
1821501545,ANGELS PHARMACY III LLC,7455 S US HIGHWAY 1,STE A,TITUSVILLE,FL,327808115,5513584242,"OWNER,  AO",333600000X|3336C0003X,tier_1_primary_pharmacy,Y,Y,
1427562412,ZEPHYRHILLS PHARMACY LLC,36504 PURE WATER WAY,,ZEPHYRHILLS,FL,335413083,8138157000,PIC,3336C0003X,tier_1_primary_pharmacy,Y,Y,
1598270092,ADNO PHARMACY INC,7958 SW 8TH ST,,MIAMI,FL,331444209,3052669999,PRESIDENT,3336C0003X|333600000X,tier_1_primary_pharmacy,Y,Y,
1255846705,MAHANT RX INC,136 S MAIN ST STE B,,BELLE GLADE,FL,334303424,5615719861,PRESIDENT,333600000X|3336C0003X,tier_1_primary_pharmacy,Y,Y,
1083129175,JAY CARE PHARMACY LLC,1212 W 23RD ST,,PANAMA CITY,FL,324053609,8506404810,OWNER/PRESIDENT/AO,333600000X|3336C0003X,tier_1_primary_pharmacy,Y,Y,
1902311046,SPRING PARK PHARMACY LLC,3851 EMERSON ST STE 13,,JACKSONVILLE,FL,32207,9045515094,PHARMACIST IN CHARGE,3336C0003X|333600000X,tier_1_primary_pharmacy,Y,Y,
1912413741,ORANGE TREE PHARMACY INC.,6191 ORANGE DR STE 6177,,DAVIE,FL,333143450,9549005174,OWNER,3336C0003X|333600000X,tier_1_primary_pharmacy,Y,Y,
1194231928,JAYS PHARMACY OF MADISON LLC,683 E BASE STREET,MADISON,MADISON,FL,32340,8502532599,OWNER,3336C0003X,tier_1_primary_pharmacy,Y,Y,
1639685365,SUNSHINE PHARMACY CORP,5767 SW 8TH ST STE A,,WEST MIAMI,FL,331445033,7865221529,PRESIDENT,3336C0003X,tier_1_primary_pharmacy,Y,Y,
1871009258,SUNSHINE PHARMACY OF SANFORD LLC,5040 SR 46 STE 1126,,SANFORD,FL,327719252,4075901914,OWNER,3336L0003X|333600000X,tier_1_primary_pharmacy,Y,Y,
1306353370,SHEPHERD PHARMACY INC,7191 66TH ST N,,PINELLAS PARK,FL,337814004,7279676175,OWNER/MANAGER,3336C0003X,tier_1_primary_pharmacy,Y,Y,
1225545064,DELTONA MEDICAL ARTS PHARMACY INC,1200 DELTONA BLVD,SUITE 50,DELTONA,FL,327256306,3862594712,PRESIDENT,3336L0003X|3336S0011X|333600000X|3336C0003X,tier_1_primary_pharmacy,Y,Y,
1770090482,EVENTUS RX LLC,11300 LINDBERGH BLVD STE 107,,FORT MYERS,FL,339138827,8662492696,CFO,3336S0011X|3336C0003X|3336H0001X|333600000X,tier_1_primary_pharmacy,Y,Y,
1093222622,PHARMACY AT ABACOA INC,1155 MAIN ST,UNIT 109,JUPITER,FL,334585263,5616303770,CEO,333600000X|3336L0003X,tier_1_primary_pharmacy,Y,Y,
1841707940,EXCEL PHARMACY PARTNERS LLC,6817 SOUTHPOINT PKWY STE 2204,,JACKSONVILLE,FL,322168200,9048002285,MANAGER,3336C0003X,tier_1_primary_pharmacy,Y,Y,
1831697135,CHOICE PHARMACY INC,5913 N ARMENIA AVE,,TAMPA,FL,33603,8138706426,PHARMACY MANAGER,333600000X|3336C0003X,tier_1_primary_pharmacy,Y,Y,
1861991895,DENNINGS PHARMACY LLC,2620 BLANDING BLVD STE 2,,MIDDLEBURG,FL,320685175,9044069379,OWNER/MGR/PIC/AO,333600000X|3336C0003X,tier_1_primary_pharmacy,Y,Y,
1518466275,BUENO PHARMACY LLC,2921 S ORLANDO DR STE 130,,SANFORD,FL,327734106,6462023418,MRG,3336C0003X,tier_1_primary_pharmacy,Y,Y,
1649771171,"YOUR HEALTH RX, LLC",12 N FEDERAL HWY # A,,POMPANO BEACH,FL,330624305,9542837075,OWNER,333600000X|3336C0004X|3336C0003X,tier_1_primary_pharmacy,Y,Y,
1093216103,ANM PHARMACY INC.,5445 JAMES ST,,NEW PORT RICHEY,FL,346523927,7278488300,PRESIDENT,333600000X|3336L0003X,tier_1_primary_pharmacy,Y,Y,
1619479243,ALL FAMILY PHARMACY LLC,3350 NW 2ND AVE STE A34,,BOCA RATON,FL,334316678,5617176794,MANAGING MEMBER/OWNER,3336C0003X,tier_1_primary_pharmacy,Y,Y,
1215439609,BROADWAY DISCOUNT PHARMACY LLC,1765 N BROADWAY AVE,,BARTOW,FL,338303104,8635377656,OWNER,3336C0003X,tier_1_primary_pharmacy,Y,Y,
1477056901,L AND N PHARMACY INC,1849 TAMIAMI TRL S,,VENICE,FL,342933128,9417863208,OWNER,333600000X|3336C0004X|3336M0002X|3336C0003X,tier_1_primary_pharmacy,Y,Y,
1841795788,PHARMEDICO PHARMACY LLC,6206 N LOCKWOOD RIDGE RD,,SARASOTA,FL,342432529,9419523959,OWNER,3336C0002X|3336C0004X|3336C0003X,tier_1_primary_pharmacy,Y,Y,
1649775693,"AON PHARMACY, LLC",14543 GLOBAL PKWY STE 110,,FORT MYERS,FL,339139446,8338861725,PHARMACY MANAGER,3336S0011X|3336C0003X,tier_1_primary_pharmacy,Y,Y,
1366949471,"LAFFITA PHARMACY, INC",2462 SW 137TH AVE,,MIAMI,FL,331756330,3055219400,PRESIDENT,333600000X|3336C0003X,tier_1_primary_pharmacy,Y,Y,
1518464916,QUICK RX PHARMACY LLC,7235 CORPORATE DRIVE,H2,MIAMI,FL,33126,3053635170,OFFICER,3336C0003X,tier_1_primary_pharmacy,Y,Y,
1588161871,"MY PHARMACY OF BRANDON, LLC",1420 W WATERS AVE,STE 101,TAMPA,FL,336042830,8138678503,MANAGING MEMBER,3336C0003X|3336S0011X|333600000X,tier_1_primary_pharmacy,Y,Y,
1467959783,NMB PHARMACY INC,1203 NE 163RD ST,SUITE 103,NORTH MIAMI BEACH,FL,331624634,3057689888,CEO,333600000X|3336C0003X,tier_1_primary_pharmacy,Y,Y,
1740787977,QUICK RX SPECIALTY PHARMACY LLC,7235 CORPORATE DRIVE,H2,MIAMI,FL,33126,3053635176,OFFICER,333600000X,tier_1_primary_pharmacy,Y,Y,
1306333497,CARELINE PHARMACY AND HEALTHCARE SERVICES LLC,11200 E MARTIN LUTHER KING BLVD,STE 103,SEFFNER,FL,335843358,8133330870,DIRECTOR,333600000X|3336C0003X,tier_1_primary_pharmacy,Y,Y,
1518454164,PRUDENT PHARMACY,5575 N STATE ROAD 7 STE B,,LAUDERDALE LAKES,FL,33319,9546130284,CEO,3336C0003X,tier_1_primary_pharmacy,Y,Y,
1639666985,ENVISION PHARMACY AND HEALTHCARE SERVICES LLC,18125 N US HIGHWAY 41 STE 107,,LUTZ,FL,335494498,8133330750,OWNER,333600000X|3336C0003X,tier_1_primary_pharmacy,Y,Y,
1790273944,HARBOUR BAY PHARMACY LLC,3754 SE OCEAN BLVD STE B,,STUART,FL,34996,8444073681,MANAGING MEMBER,333600000X|3336M0002X|3336C0003X,tier_1_primary_pharmacy,Y,Y,
1366930059,"FAMILY CARE RX, LLC",6428 MELALEUCA LN,,GREENACRES,FL,33463,5614322273,OWNER,3336L0003X|333600000X,tier_1_primary_pharmacy,Y,Y,
1134617517,CARE CENTRIX PHARMACY LLC,3585 MURRELL RD STE A,,ROCKLEDGE,FL,329554779,3218770539,PIC,333600000X|3336L0003X,tier_1_primary_pharmacy,Y,Y,
1629567474,PERFECTION RX LLC,3248 LANTANA RD,,LAKE WORTH,FL,33462,5618981450,PHARMACIST IN CHARGE,333600000X|3336C0003X|3336S0011X,tier_1_primary_pharmacy,Y,Y,
1972093201,TRUST PHARMACY 2 LLC,9340 LITTLE RD,,NEW PORT RICHEY,FL,346543415,7272336400,PHARMACIST/OWNER,3336C0003X,tier_1_primary_pharmacy,Y,Y,
1598255861,PROFESSIONAL PHARMACY RESOURCES,4854 WOODBINE RD UNIT 5,,PACE,FL,325718709,8662365040,ADMIN ASSIST,3336C0003X,tier_1_primary_pharmacy,Y,Y,
1902397946,STEVERSON PHARMACY SERVICES INC,1242 MAIN ST,,CHIPLEY,FL,324282471,8506384875,OWNER PHARMACIST,333600000X|3336L0003X,tier_1_primary_pharmacy,Y,Y,
1205328663,ST.CLOUD PHARMACY&WELLNESS CENTER,2801 13TH ST,,SAINT CLOUD,FL,347694134,4075932959,EMPLOYEE,3336C0003X,tier_1_primary_pharmacy,Y,Y,
1477045698,FLORIDA CARE PHARMACY,4296 BEE RIDGE RD,,SARASOTA,FL,342332563,9415005955,PHARMACIST,333600000X|3336C0003X,tier_1_primary_pharmacy,Y,Y,
1710472451,"CARING RX, LLC",21002 S RIDGEWOOD AVE,SUITE 2,EDGEWATER,FL,32141,3864028400,PHARMACY MANAGER,3336C0004X|3336C0003X,tier_1_primary_pharmacy,Y,Y,
1376038554,REAL PHARMACY INC,455 SW 17TH AVE,,MIAMI,FL,331353626,7865345952,PRESIDENT,3336C0003X,tier_1_primary_pharmacy,Y,Y,
1255827309,ST.CLOUD PHARMACY&WELLNESS CENTER,ST.CLOUD PHARMACY & WELLNESS CENTER,"1503, BILLBECK BLVD",KISSIMMEE,FL,34744,4075932959,EMPLOYEE,333600000X,tier_1_primary_pharmacy,Y,Y,
1003302308,FINLAY COMMUNITY PHARMACY INC,10550 NW 77TH CT STE 311,,HIALEAH GARDENS,FL,330162072,7863726024,VICE PRESIDENT,3336C0003X,tier_1_primary_pharmacy,Y,Y,
1922584150,MALONE PHARMACY LLC,5404 10TH ST,,MALONE,FL,324453128,8505695100,MANAGER/MEMBER,3336C0003X,tier_1_primary_pharmacy,Y,Y,
1104302215,"PROHEALTH PHARMACY SOLUTIONS, LLC",500 WINDERLEY PL STE 226,,MAITLAND,FL,327517407,3215277940,PRESIDENT,3336C0003X,tier_1_primary_pharmacy,Y,Y,
1770069361,AMERICA'S PHARMACY LLC.,5612 14TH ST W,,BRADENTON,FL,342073609,9417390000,OWNER/PHARMACIST,3336C0003X,tier_1_primary_pharmacy,Y,Y,
1932686615,BAYSIDE LAKES PHARMACY LLC,1850 ELDRON BLVD SE STE 7,,PALM BAY,FL,329096870,3213080303,OWNER,333600000X|3336C0004X|3336C0003X,tier_1_primary_pharmacy,Y,Y,
1184103111,"NIEVES PHARMACY, LLC",1140 W 50TH ST STE 207,,HIALEAH,FL,330123438,7865402363,OWNER,333600000X|3336C0003X,tier_1_primary_pharmacy,Y,Y,
1548749351,JABER'S PHARMACY INC,14110 US HIGHWAY 1,,SEBASTIAN,FL,329583233,7727428269,DIRECTOR,3336C0003X,tier_1_primary_pharmacy,Y,Y,
1356820955,EVERYDAY PHARMACY INC,3013 SW 107TH AVE,,MIAMI,FL,331652434,7863625216,PRESIDENT,3336C0003X,tier_1_primary_pharmacy,Y,Y,
1295215507,RISE N SHINE PHARMACY INC,17913 NW 7 STREET,SUITE 104,PEMBROKE PINES,FL,33029,9544477784,PRESIDENT,333600000X|3336C0003X,tier_1_primary_pharmacy,Y,Y,
1023599321,BAYSIDE PHARMACY LLC,205 1ST ST S STE 106,,WINTER HAVEN,FL,338803266,8633774774,DIRECTOR OF PHARMACY,3336L0003X|3336C0003X,tier_1_primary_pharmacy,Y,Y,
1619458981,SIMPLYWELL SPECIALTY PHARMACY LP,463128 STATE ROAD 200,,YULEE,FL,320975554,9044688886,OWNER/PIC,3336C0003X,tier_1_primary_pharmacy,Y,Y,
1720560485,SACHS PHARMACY LLC,1210 S INTERNATIONAL PKWY STE 166,,LAKE MARY,FL,327461691,4076801839,CO - OWNER,3336C0003X,tier_1_primary_pharmacy,Y,Y,
1184106668,"SMP PHARMACY SOLUTIONS #3, LLC",6050 S DIXIE HWY STE 201,,SOUTH MIAMI,FL,331435046,8552088358,PRESIDENT,3336C0003X,tier_1_primary_pharmacy,Y,Y,
1568944056,RX CARE 10 LLC,3975 TAMIAMI TRAIL E,,NAPLES,FL,34112,2397742200,OWNER,333600000X|3336L0003X,tier_1_primary_pharmacy,Y,Y,
1174006399,VILLAGE DISCOUNT PHARMACY,3990 E ST 44 SUITE 207,E SR44 SUITE 207,WILDWOOD,FL,34785,4074923041,OWNER /PIC,3336C0003X,tier_1_primary_pharmacy,Y,Y,
1073098489,ST.CLOUD PHARMACY&WELLNESS CENTER,2801 13TH ST,,SAINT CLOUD,FL,347694134,4075932959,EMPLOYEE,333600000X,tier_1_primary_pharmacy,Y,Y,
1972088128,GOOD DAY PHARMACY,2561 COUNTY ROAD 220 STE 308,,MIDDLEBURG,FL,320688518,9043758579,OWNER,333600000X,tier_1_primary_pharmacy,Y,Y,
1174098800,GUARDIAN PHARMACY LLC,483 N SEMORAN BLVD STE 109,,WINTER PARK,FL,327923800,4079153565,PRESIDENT,3336C0003X,tier_1_primary_pharmacy,Y,Y,
1447725163,RADIANCE HEALTH RX LLC,723 VIRGINIA DR,,ORLANDO,FL,328032527,4072345873,CEO,3336C0003X,tier_1_primary_pharmacy,Y,Y,
1124593645,GOOD SHEPHERD PHARMACY,5337 W 20TH AVE # 33012,,HIALEAH,FL,330122100,3059873422,PHARMACIST,3336C0003X,tier_1_primary_pharmacy,Y,Y,
1770050965,OLD TOWN PHARMACY INC,26064 US- 19,,OLD TOWN,FL,32680,3867586770,BOOKKEEPER,3336C0003X,tier_1_primary_pharmacy,Y,Y,
1992273023,PUBLIC SQUARE PHARMACY LLC,2736 UNIVERSITY BLVD W STE 2,,JACKSONVILLE,FL,322172170,9412041610,OWNER PHARMACY MANAGER,3336C0003X,tier_1_primary_pharmacy,Y,Y,
1124596150,RX FOR ALL PHARMACY CORP,1325 NW 93RD CT STE B109,,DORAL,FL,331722835,3054904968,PHARMACY DEPARTMENT MANAGER,3336C0004X|333600000X,tier_1_primary_pharmacy,Y,Y,
1922577832,ECKERDS PHARMACY LLC,4404 66TH ST N,,KENNETH CITY,FL,337094922,7275131107,PIC,3336S0011X|3336C0003X,tier_1_primary_pharmacy,Y,Y,
1811468143,LIFE PHARMACY INC,4144 LAKEWOOD RANCH BLVD,,BRADENTON,FL,34211,9414175433,OWNER/PRESIDENT,3336C0003X,tier_1_primary_pharmacy,Y,Y,
1477024677,SUNEXPRESS PHARMACY INC.,906 N US HIGHWAY 41 STE A,,RUSKIN,FL,335703544,8132961333,OWNER-SECRETARY,3336C0003X,tier_1_primary_pharmacy,Y,Y,
1548731631,GRAND 7TH PHARMACY BY KWIK STOP LLC,12304 SW 127TH AVE,,MIAMI,FL,331866579,3054457533,PRESIDENT,3336C0003X,tier_1_primary_pharmacy,Y,Y,
1134691660,A&N PHARMACY INC,1701 W. FLAGLER ST,SUITE 322,MIAMI,FL,33135,7867427973,PRESIDENT,3336C0003X,tier_1_primary_pharmacy,Y,Y,
1194297382,ECLIPSE PHARMACY CORP,3498 NW 7TH ST,,MIAMI,FL,331254014,3053815752,PRESIDENT,3336C0003X,tier_1_primary_pharmacy,Y,Y,
1003389768,"MIMED PHARMACY, LLC",7758 NW 46TH ST,,DORAL,FL,331665460,3059298473,OWNER / PHARMACIST,3336C0003X,tier_1_primary_pharmacy,Y,Y,
1588137137,A-TOTAL PHARMACY LLC LATIN DRUG PHARMACY & DISCOUNT,251 PARK BLVD,,MIAMI,FL,331268009,7863910483,PRESIDENT,3336C0003X,tier_1_primary_pharmacy,Y,Y,
1013480177,"PATHEMA RX, LLC",4300 N UNIVERSITY DR STE C101,,LAUDERHILL,FL,333516243,7547027168,PRESIDENT,333600000X,tier_1_primary_pharmacy,Y,Y,
1780158303,INFINITY PHARMACY AND ASSOCIATES INC,7551 W HILLSBOROUGH AVE,,TAMPA,FL,336154103,8457292794,PHARMACY MANAGER AND OWNER,3336C0003X,tier_1_primary_pharmacy,Y,Y,
1639643000,"READY CARE PHARMACY, LLC",4150 N ARMENIA AVE STE 102,,TAMPA,FL,336076448,8135425244,OWNER/PHARMACIST,3336C0002X|3336C0004X|3336S0011X|3336C0003X,tier_1_primary_pharmacy,Y,Y,
1407320807,ABACOA PHARMACY INC,500 UNIVERSITY BLVD STE 108,,JUPITER,FL,334582774,5616607585,RPH/OWNER,3336C0003X,tier_1_primary_pharmacy,Y,Y,
1033683313,"MILLS PHARMACY, LLC",320 W FLETCHER AVE STE 108,,TAMPA,FL,336123400,8136052389,OWNER,3336C0003X,tier_1_primary_pharmacy,Y,Y,
1003370057,RIAAN PHARMACY LLC,2105 NEW TAMPA HWY,,LAKELAND,FL,338157364,8638165151,OWNER/MEMBER,3336C0003X,tier_1_primary_pharmacy,Y,Y,
1063976777,"HIYA RX, LLC",1140 E VAN FLEET DR,,BARTOW,FL,338307626,3528040817,MEMBER,3336M0002X|3336C0003X,tier_1_primary_pharmacy,Y,Y,
1619432770,OSSY PHARMACY CORP,5309 SW 8TH ST STE A,,CORAL GABLES,FL,331342269,7864921122,PRESIDENT,3336C0003X,tier_1_primary_pharmacy,Y,Y,
1669937470,RENOVAR PHARMACY INC,1739 NW 2ND AVE,,BOCA RATON,FL,334321652,5618263808,PRESIDENT,3336C0003X,tier_1_primary_pharmacy,Y,Y,
1760948855,Q PHARMACY & DISCOUNT INC.,1555 NW 36TH ST,,MIAMI,FL,331425559,7866152319,OWNER,333600000X,tier_1_primary_pharmacy,Y,Y,
1962968552,GOOD PHARMACY,16741 SW 95TH ST,,MIAMI,FL,331964757,7865364966,PRESIDENT,3336C0003X,tier_1_primary_pharmacy,Y,Y,
1003373580,BEST CARE PHARMACY INC,2655 NW 20TH ST,,MIAMI,FL,331427105,3056800685,PRESIDENT,333600000X,tier_1_primary_pharmacy,Y,Y,
1508324963,FIRST RESPONDERS PHARMACY LLC,3333 CURRY FORD RD STE B,,ORLANDO,FL,328063472,4076748842,OWNER PHARMACIST,3336C0003X,tier_1_primary_pharmacy,Y,Y,
1093276537,"HILL DERM PHARMACY, INC",3065 S. MELLONVILLE AVE STE B,,SANFORD,FL,32773,4075856060,PRESIDENT,3336C0003X,tier_1_primary_pharmacy,Y,Y,
1235692740,BELLEAIR PHARMACY LLC DBA BELLEAIR PHARMACY,2864 W BAY DR,,BELLEAIR BLUFFS,FL,337702620,9174854941,OWNER,3336C0003X,tier_1_primary_pharmacy,Y,Y,
1649833633,CYPRESS CREEK PHARMACY LLC,26829 TANIC DR STE 101,,WESLEY CHAPEL,FL,335444612,8139949600,OWNER,3336C0003X,tier_1_primary_pharmacy,Y,Y,
1326601261,WELDONE PHARMACY LLC,1739 E HILLSBOROUGH AVE,,TAMPA,FL,336108233,8139953663,PHARMACIST,3336C0003X,tier_1_primary_pharmacy,Y,Y,
1659934024,"REMEDY BOX PHARMACY,INC",10000 SW 56TH ST STE 9,,MIAMI,FL,331657161,7865848521,OWNER/PHARMACIST,3336C0003X,tier_1_primary_pharmacy,Y,Y,
1003472408,PLANTATION RX PHARMACY INC,660 N STATE ROAD 7 STE 5,,PLANTATION,FL,333172117,3474253140,PRESIDENT,3336C0003X,tier_1_primary_pharmacy,Y,Y,
1992361729,PURECARE PHARMACY LLC,6834 GALL BLVD STE 105,,ZEPHYRHILLS,FL,335422506,8133648100,PHARMACIST/OWNER,3336C0003X,tier_1_primary_pharmacy,Y,Y,
1619534997,ULTIMATE PHARMACY LLC,1250 MARINER BLVD,,SPRING HILL,FL,346095657,3525926340,MANAGER,3336C0003X,tier_1_primary_pharmacy,Y,Y,
1841858487,HEALTHYRX PHARMACY LLC,650 NW 120TH ST,,NORTH MIAMI,FL,331682529,9543557744,MEMBER,3336C0003X,tier_1_primary_pharmacy,Y,Y,
1275191983,"UNIVERSITY PHARMACY OF JACKSONVILLE, INC",3901 UNIVERSITY BLVD S STE 237,,JACKSONVILLE,FL,322164390,9045358792,OWNER,3336C0003X,tier_1_primary_pharmacy,Y,Y,
1699333518,"ZENCARE PHARMACY, LLC",12140 MIRAMAR PKWY,,MIRAMAR,FL,330257013,9544394563,OWNER/PDM,3336C0003X,tier_1_primary_pharmacy,Y,Y,
1013577253,DELRAY PHARMACY,5130 LINTON BLVD STE F6,,DELRAY BEACH,FL,334846597,5614552309,OWNER/PHARMACIST IN CHARGE,3336C0003X|3336C0004X|333600000X,tier_1_primary_pharmacy,Y,Y,
1518529809,MAIK PHARMACY CORP,10521 SW 40TH ST.,SUITE 102,MIAMI,FL,33165,3058740165,PRESIDENT,3336C0003X,tier_1_primary_pharmacy,Y,Y,
1730731449,PHYSICIAN FAMILY PHARMACY CORP,9716 PINES BLVD,,PEMBROKE PINES,FL,330246228,9546761847,PRESIDENT,3336C0003X,tier_1_primary_pharmacy,Y,Y,
1225680564,RX 2 YOU INC,5598 8TH ST W UNIT 1,,LEHIGH ACRES,FL,339716341,2392154144,OWNER,3336C0003X,tier_1_primary_pharmacy,Y,Y,
1609429547,ROMAN HEALTH PHARMACY LLC,3602 QUANTUM BLVD,,BOYNTON BEACH,FL,33426,8887988686,DIRECTOR OF OPERATIONS,333600000X|3336M0002X,tier_1_primary_pharmacy,Y,Y,
1316590987,GLS PHARMACY LLC,15680 SW 72ND ST,,MIAMI,FL,331931923,7863913636,PDM/OWNER,333600000X,tier_1_primary_pharmacy,Y,Y,
1144874827,INFINITE HEALTH PHARMACY LLC,416 CLEMATIS ST STE B,,WEST PALM BEACH,FL,334015312,8334634679,PHARMACIST IN CHARGE,3336C0003X,tier_1_primary_pharmacy,Y,Y,
1376197855,ORANGE CITY COMMUNITY PHARMACY,830 COMMED BLVD STE A,,ORANGE CITY,FL,327638300,4072239528,CEO,3336C0003X,tier_1_primary_pharmacy,Y,Y,
1881249548,FAMILY PHARMACY LLC,1436 STATE ROAD 436 STE 1008,,CASSELBERRY,FL,327076572,4078534010,OWNER AND PHARMACIST IN CHARGE.,333600000X|3336C0003X,tier_1_primary_pharmacy,Y,Y,
1275188898,"EAST BOCA PHARMACY, LLC",4800 NW 2ND AVE,SUITE 3,BOCA RATON,FL,33431,5616721888,PRESIDENT,333600000X|3336C0003X,tier_1_primary_pharmacy,Y,Y,
1295381812,IMPERIAL PHARMACY LLC,100 N FEDERAL HWY STE 100,,HALLANDALE BEACH,FL,330094373,2152064008,MANAGER,3336C0003X|333600000X,tier_1_primary_pharmacy,Y,Y,
1720634801,BEST ORGANIC PHARMACY,409 W HALLANDALE BEACH BLVD STE 417,,HALLANDALE BEACH,FL,330095301,9549475009,SUPERVISING PHARMACIST,3336C0003X,tier_1_primary_pharmacy,Y,Y,
1457907206,RITE RX PHARMACY CORP,6918 STIRLING RD,,HOLLYWOOD,FL,330241840,8009316279,CEO,3336C0003X,tier_1_primary_pharmacy,Y,Y,
1881241495,"ADVANCED RX PHARMACY, INC",5315 AVION PARK DR STE 120,,TAMPA,FL,336071461,8133214004,LICENSING OFFICER,333600000X,tier_1_primary_pharmacy,Y,Y,
1003464132,"LINTON SQUARE PHARMACY NORTH, LLC.",2580 METROCENTRE BLVD STE 5,,WEST PALM BEACH,FL,334073100,5613020045,REGISTERED AGENT,3336C0003X,tier_1_primary_pharmacy,Y,Y,
1578112991,"DR G'S PHARMACY, INC",2224 N. UNIVERSITY DRIVE,,CORAL SPRINGS,FL,33071,9549380005,PRESIDENT,3336C0003X,tier_1_primary_pharmacy,Y,Y,
1659920072,"DR G'S PHARMACY, INC",127 N DIXIE HIGHWAY,,LAKE WORTH,FL,33460,5613303146,PRESIDENT,3336C0003X,tier_1_primary_pharmacy,Y,Y,
1609427657,CHARLES FAMILY PHARMACY,10741 US HIGHWAY 1,,SEBASTIAN,FL,329588441,7724735007,OWNER,3336C0003X,tier_1_primary_pharmacy,Y,Y,
1265083729,"HEALTHDYNE PHARMACY FL, LLC",500 EAGLES LANDING DR,,LAKELAND,FL,338102899,8635836523,SENIOR VICE PRESIDENT & SECRETARY,3336C0003X,tier_1_primary_pharmacy,Y,Y,
1003457946,NESO PHARMACY INC.,6230 SW HIGHWAY 200 UNIT 1,,OCALA,FL,344765606,3526444268,PRESIDENT/CEO,3336C0003X,tier_1_primary_pharmacy,Y,Y,
1649811506,"FENIX DRUG STORE, LLC",527 13TH ST W,,BRADENTON,FL,34205,8885111517,MANAGING MEMBER,3336C0003X,tier_1_primary_pharmacy,Y,Y,
1811538689,OPUS PHARMACY CORP,5767 SW 8TH ST STE 102,,WEST MIAMI,FL,331445033,7886584002,PRESIDENT,3336C0003X,tier_1_primary_pharmacy,Y,Y,
1992346761,MANU PHARMACY CORP,5143 SW 8TH ST .,SUITE A,CORAL GABLES,FL,331342442,7866272544,PRESIDENT,3336C0003X,tier_1_primary_pharmacy,Y,Y,
1083256317,PROMELL PHARMACY,8291 DANI DR STE 103,,FORT MYERS,FL,339668009,2397668300,PHARMACY MANAGER,333600000X,tier_1_primary_pharmacy,Y,Y,
1487296877,W. ATLANTIC DISCOUNT PHARMACY LLC,15071 S STATE ROAD 7 STE 150,,DELRAY BEACH,FL,334464112,5617742920,OWNER/PIC,3336C0003X,tier_1_primary_pharmacy,Y,Y,
1952944126,HEALTHY SOLUTIONS PHARMACY LLC,155 TONEY PENNA DR STE 1B,,JUPITER,FL,334585746,5612038589,SOLE MBR,3336C0004X|3336C0003X,tier_1_primary_pharmacy,Y,Y,
1497398226,FRICKS PHARMACY LLC,921 DR MARTIN L KING JR DR APT C,,PENSACOLA,FL,325014090,8504830363,OWNER/PDM,333600000X|3336L0003X|3336C0003X,tier_1_primary_pharmacy,Y,Y,
1437793767,"ST. PHILOPATEER PHARMACY , LLC",13260 US HIGHWAY 1,,SEBASTIAN,FL,329583750,7727139131,OWNER/ MANAGER,3336C0003X,tier_1_primary_pharmacy,Y,Y,
1558905661,"PROMOD RX, LLC",2650 SW 145TH AVE,,MIRAMAR,FL,330276606,8553058500,PHARMACIST IN CHARGE,3336C0003X,tier_1_primary_pharmacy,Y,Y,
1730723685,ECKERDS RX 107 LLC,710 N BREVARD AVE,,ARCADIA,FL,342668778,8634854150,PRESIDENT,3336L0003X|3336S0011X|333600000X|3336C0003X,tier_1_primary_pharmacy,Y,Y,
1366086126,GRACE PHARMACY SOLUTIONS LLC,80 PINNACLES DR STE 900,,PALM COAST,FL,321642915,3862637370,"PHARMACIST, OWNER",3336L0003X|3336C0003X,tier_1_primary_pharmacy,Y,Y,
1861036592,KESHAV RX LLC,520 13TH ST,,SAINT CLOUD,FL,347694531,4078093266,PIC,3336C0003X,tier_1_primary_pharmacy,Y,Y,
1689219917,BAKER PHARMACY LLC,698 W MACCLENNY AVE STE 682,,MACCLENNY,FL,320632092,9043143288,OWNER,3336C0003X,tier_1_primary_pharmacy,Y,Y,
1811533854,TAMPABAY RX LLC,1010 E BUSCH BLVD,,TAMPA,FL,336128502,3526781882,MGR,3336C0003X,tier_1_primary_pharmacy,Y,Y,
1750927588,PHARMACORE RX LLC,13930 LYNMAR BLVD,,TAMPA,FL,336263123,8135808040,PHARMACY DIRECTOR,333600000X,tier_1_primary_pharmacy,Y,Y,
1730725565,PRYME RX LLC,4300 N UNIVERSITY DR STE E200,,SUNRISE,FL,333516244,8557796379,MANAGING MEMBER,3336C0004X|3336M0002X|3336S0011X|3336C0003X,tier_1_primary_pharmacy,Y,Y,
1245877406,"RICHEY MEDICAL PHARMACY, LLC",5346 GRAND BLVD,,NEW PORT RICHEY,FL,346524012,7278075344,OWNER/ PHARMACIST IN CHARGE,333600000X|3336C0004X|3336C0003X,tier_1_primary_pharmacy,Y,Y,
1285272815,"GASTRO FLORIDA PHARMACY, LLC",3001 EXECUTIVE DRIVE,SUITE 130,CLEARWATER,FL,33762,7273470536,CEO,3336C0003X|333600000X,tier_1_primary_pharmacy,Y,Y,
1427696830,BURGOS PHARMACY LLC,9527 SW 40TH ST,,MIAMI,FL,331654035,3053749003,PHARMACY MANAGER,333600000X|3336C0003X,tier_1_primary_pharmacy,Y,Y,
1497393524,"HOLY TRINITY PHARMACY, LLC",10900 STATE ROAD 54 STE 102,,TRINITY,FL,346552267,7273124384,PHARMACY MANAGER,3336C0003X,tier_1_primary_pharmacy,Y,Y,
1598304669,WELL GOODS PHARMACY INC,3179 N STATE ROAD 7,,MARGATE,FL,330637006,9549332191,OWNER,3336C0003X,tier_1_primary_pharmacy,Y,Y,
1679112726,TAMPA PALMS PHARMACY LLC,15309 AMBERLY DR,,TAMPA,FL,336472112,8136050300,MGR,3336C0003X,tier_1_primary_pharmacy,Y,Y,
1124658935,DAYTONA PEOPLES PHARMACY LLC,968 ORANGE AVE,,DAYTONA BEACH,FL,321144667,3868887500,MGR,3336L0003X|3336M0002X|3336S0011X|3336C0004X|3336C0003X|333600000X,tier_1_primary_pharmacy,Y,Y,
1710517495,MMG PHARMA LLC CROSS PHARMACY,2208 US HIGHWAY 19,,HOLIDAY,FL,346914351,7276880290,OWNER,3336C0003X,tier_1_primary_pharmacy,Y,Y,
1417588625,MULBERRY FOOD AND PHARMACY LLC,806 N CHURCH AVE,,MULBERRY,FL,338602036,8137701394,PHARMACIST,333600000X,tier_1_primary_pharmacy,Y,Y,
1467085985,PREVENT RX,2925 10TH AVE N STE 108,,PALM SPRINGS,FL,334613054,8449783186,MANAGER,333600000X,tier_1_primary_pharmacy,Y,Y,
1265065783,"PREVENT RX 2, LLC",3677 CENTRAL AVE STE A,,FORT MYERS,FL,339018226,2392439025,OWNER,3336S0011X|3336C0003X,tier_1_primary_pharmacy,Y,Y,
1730714130,VIRGIN MARYS PHARMACY CORP,14606 N DALE MABRY,,TAMPA,FL,33618,8135056684,PHARMACY MANAGER,3336C0003X,tier_1_primary_pharmacy,Y,Y,
1780210179,SEWALL'S POINT PHARMACY INC,3754 SE OCEAN BLVD STE B,,STUART,FL,349966700,7260080777,PRESIDENT,3336C0004X|3336C0003X,tier_1_primary_pharmacy,Y,Y,
1891321089,EAGLE PHARMACY LLC,330 EAGLES LANDING DR STE 172,,LAKELAND,FL,338103041,8889200527,"VP, PHARMACY OPERATIONS",333600000X,tier_1_primary_pharmacy,Y,Y,
1497383939,"UNITY EXPRESS PHARMACY, INC.",2340 STATE ROAD 580 STE G,,CLEARWATER,FL,337631137,7276008880,MANAGER-OWNER,333600000X,tier_1_primary_pharmacy,Y,Y,
1992334205,MYPILLS PHARMACY LLC,1410 SW 1ST ST,,MIAMI,FL,331352203,4078070522,PHARMACIST IN CHARGE,333600000X,tier_1_primary_pharmacy,Y,Y,
1063031060,MEDPOINT PHARMACY LLC,23020 SANDALFOOT PLAZA DR,,BOCA RATON,FL,334286654,5614512111,CEO,3336C0003X,tier_1_primary_pharmacy,Y,Y,
1568083830,MJ PHARMACY & DISCOUNT LLC,1545 WEST 62ND STREET,SUITE 62,HIALEAH,FL,33014,7862593076,MEMBER/OWNER,3336C0003X,tier_1_primary_pharmacy,Y,Y,
1528689015,WATER LILLY PHARMACY LLC,3700 WASHINGTON ST STE 206,,HOLLYWOOD,FL,330218249,9544175698,PHARMACIST IN CHARGE/MANAGING PARTN,3336C0003X,tier_1_primary_pharmacy,Y,Y,
1417579863,"WELLGISTICS PHARMACY, LLC",354 EAGLES LANDING DR,,LAKELAND,FL,338102999,8442514691,CHIEF PHARMACY OFFICER/PIC,3336C0003X|3336S0011X|3336M0002X|333600000X,tier_1_primary_pharmacy,Y,Y,
1639793276,HOLLEY-NAVARRE PHARMACY & GIFTS LLC,8440 NEVADA ST.,,NAVARRE,FL,32566,8503596619,OWNER / MANAGER,3336C0003X,tier_1_primary_pharmacy,Y,Y,
1659995975,PHARMACY FAMILIA LLC,450 W HILLSBORO BLVD,,DEERFIELD BEACH,FL,334411604,9545310461,CFO,3336C0003X,tier_1_primary_pharmacy,Y,Y,
1821614983,"WHOLESCRIPTS PHARMACY, LLC",6800 KINGSPOINTE PKWY STE 100,,ORLANDO,FL,328198592,4077225076,PHARMACY MANAGER,3336C0003X,tier_1_primary_pharmacy,Y,Y,
1295351203,LAKE EXPRESS PHARMACY INC,25 DR MLK BLVD E STE B,,BELLE GLADE,FL,334304044,5615234161,OWNER,3336C0003X,tier_1_primary_pharmacy,Y,Y,
1700403854,"EQUITY RX, PLLC",14088 ALABAMA ST,,JAY,FL,325651036,8507527030,OWNER,3336C0003X,tier_1_primary_pharmacy,Y,Y,
1750909750,HEALTH SOLUTIONS PHARMACY LLC,7177 LAKE WORTH RD,,LAKE WORTH,FL,334672906,5618554485,PHARMACY TECHNICIAN,3336C0003X,tier_1_primary_pharmacy,Y,Y,
1790303394,WHITE TIP PHARMACY LLC,411 S FEDERAL HWY STE D,,DEERFIELD BEACH,FL,334414170,9545310211,OWNER,3336C0003X,tier_1_primary_pharmacy,Y,Y,
1235757576,BNR PHARMACY,1063 S CLARKE RD,,OCOEE,FL,347616995,4076011998,PRESIDENT/OWNER,3336C0003X,tier_1_primary_pharmacy,Y,Y,
1356959134,CVERX PHARMACY CORP,7360 SW 24TH ST STE 29,,MIAMI,FL,331551462,7862268116,PRESIDENT,3336C0003X|333600000X,tier_1_primary_pharmacy,Y,Y,
1962011890,GREEN STAR PHARMACY,2950 WINKLER AVE STE 701,,FORT MYERS,FL,339169322,2399313605,PHARMACY MANAGER/ PHARMACIST,333600000X,tier_1_primary_pharmacy,Y,Y,
1336759505,ECKERDS RX 108 LLC,17510 N US HIGHWAY 41,,LUTZ,FL,335494571,8134999266,PRESIDENT,3336L0003X|3336C0003X,tier_1_primary_pharmacy,Y,Y,
1962013094,CARENOW PHARMACY LLC,1039 HARLEY STRICKLAND BLVD STE 600,,ORANGE CITY,FL,327637981,3864560055,MANAGING MEMBER,3336C0003X,tier_1_primary_pharmacy,Y,Y,
1831700855,KINGSLEY RX LLC,1542 KINGSLEY AVE STE 142,,ORANGE PARK,FL,320734547,9044091337,OWNER/PHARMACIST,3336C0003X,tier_1_primary_pharmacy,Y,Y,
1326651555,PURFORMANCE WELLNESS PHARMACY LLC,555 HERITAGE DR STE 101,,JUPITER,FL,334585286,5614675333,MANAGER,3336C0004X|3336C0003X,tier_1_primary_pharmacy,Y,Y,
1306452974,CURRY FORD PHARMACY LLC,4538 CURRY FORD RD,,ORLANDO,FL,328122711,4072379514,OWNER,333600000X|3336C0003X,tier_1_primary_pharmacy,Y,Y,
1689280851,UNIQUE PHARMACY CORP,7800 SW 87TH AVE STE 210B,,MIAMI,FL,331732537,7862664093,OWNER,3336C0003X,tier_1_primary_pharmacy,Y,Y,
1508473414,TU TE WELLNESS PHARMACY LLC,8563 ARGYLE BUSINESS LOOP STE 1,,JACKSONVILLE,FL,322446613,9046727604,MANAGING PARTNER,3336C0004X|3336C0003X,tier_1_primary_pharmacy,Y,Y,
1821696170,"ALL CARE PHARMACY, LLC",1839 CENTRAL AVE STE B,,ST PETERSBURG,FL,337138900,7273306991,DR,3336C0003X,tier_1_primary_pharmacy,Y,Y,
1487252391,MYCELIUM PHARMACY LLC,141 E COMMERCIAL BLVD,,FT LAUDERDALE,FL,333341623,9546165675,MANAGER/OWNER,333600000X,tier_1_primary_pharmacy,Y,Y,
1114526100,NEWGEN CLINICAL CARE PHARMACY LLC,6709 RIDGE RD STE 306,,PORT RICHEY,FL,346686834,7272033202,PHARMACIST IN CHARGE/OWNER,3336C0002X|3336C0003X,tier_1_primary_pharmacy,Y,Y,
1588264931,ROBALO SPECIALTY PHARMACY INC,2580 METROCENTRE BLVD STE 5,,WEST PALM BEACH,FL,334073100,5618808480,DIRECTOR,3336C0003X,tier_1_primary_pharmacy,Y,Y,
1952902363,1FAMILY1HEALTH PHARMACY INC,2803 SW 27TH AVE,,MIAMI,FL,331333701,8772037099,PRESIDENT,3336C0003X,tier_1_primary_pharmacy,Y,Y,
1225639388,MED PHARMACY INC,3421 SW 8TH ST,,MIAMI,FL,331354107,7868884633,PRESIDENT,3336C0003X,tier_1_primary_pharmacy,Y,Y,
1336741263,CAREMAX PHARMACY 725 LLC,5547 NORMANDY BLVD,,JACKSONVILLE,FL,322056246,9043742692,AUTHORIZED USER,3336C0003X|3336S0011X,tier_2_secondary_pharmacy,N,Y,
1003418948,CAREMAX PHARMACY LLC,2789 PARK ST STE B,,JACKSONVILLE,FL,322057607,9045519026,MBR/MGR,3336S0011X|3336C0003X|3336M0002X,tier_1_primary_pharmacy,Y,Y,
1124624937,BAPTIST HEALTH PHARMACY 101 LLC,8950 N KENDALL DR STE 102,,MIAMI,FL,331762131,7866620828,CEO,3336C0003X,tier_1_primary_pharmacy,Y,Y,
1336745595,CONNECT MEDS PHARMACY GROUP LLC,7854 SW 24TH ST,,MIAMI,FL,331556551,7866336234,PHARMACIST/OWNER,3336C0003X,tier_1_primary_pharmacy,Y,Y,
1255927760,THE HOLISTIC APOTHECARY,1710 NW 7TH ST STE 9,,MIAMI,FL,331253520,7863532490,OWNER,333600000X,tier_1_primary_pharmacy,Y,Y,
1518554856,SRQ CARE PHARMACY INC,4201 S TAMIAMI TRL,,SARASOTA,FL,342313627,9417501000,PHARMACIST IN CHARGE / CEO,3336C0004X|3336C0003X,tier_1_primary_pharmacy,Y,Y,
1841887767,"PELICAN VILLAGE PHARMACY, LLC",24830 S TAMIAMI TRL STE 1800,,BONITA SPRINGS,FL,341347017,2393190744,OWNER,3336C0003X,tier_1_primary_pharmacy,Y,Y,
1275120933,"PREVENT RX 3, LLC",2372 WILTON DR,,WILTON MANORS,FL,333052267,7547010225,CONTRACTING & LICENSING SPECIALIST,333600000X,tier_1_primary_pharmacy,Y,Y,
1114516523,MIDWAY SPECIALTY CARE RX LLC,2608 NE 16TH AVE,,WILTON MANORS,FL,333344319,9549320691,DIRECTOR OF PHARMACY,3336C0003X,tier_1_primary_pharmacy,Y,Y,
1083204580,FINEST PHARMACY & COMPOUNDS LLC.,8410 W FLAGLER ST STE 105B,,MIAMI,FL,331442041,7865367346,PHARMACY MANAGER,3336C0003X,tier_1_primary_pharmacy,Y,Y,
1164012191,"PRONTO ONE PHARMACY, LLC",2955 ENTERPRISE RD STE 108,,DEBARY,FL,327132711,3862595400,PHARMACY MANAGER,3336C0003X,tier_1_primary_pharmacy,Y,Y,
1558953265,"THE APOTHECARY AT DMH, LLC",900 N ROBERT AVE,,ARCADIA,FL,342668712,8634943535,CEO,3336C0003X,tier_1_primary_pharmacy,Y,Y,
1417541426,MEDWELL PHARMACY LLC,801 BEVILLE RD STE 103,,SOUTH DAYTONA,FL,321191861,3522134295,OWNER,3336C0003X,tier_1_primary_pharmacy,Y,Y,
1275127102,SUNSHINE PHARMACY OF CASSELBERRY LLC,2915 LAKEVIEW DR STE 1061,,CASSELBERRY,FL,327302009,4077907289,PHARMACY MANAGER,333600000X,tier_1_primary_pharmacy,Y,Y,
1538754916,AT YOUR SERVICE PHARMACY,692 SW PRIMA VISTA BLVD,,PORT SAINT LUCIE,FL,349831835,3055286539,PRESIDENT/OWNER,333600000X|3336C0004X|3336M0003X|3336S0011X|3336C0003X,tier_1_primary_pharmacy,Y,Y,
1003491689,PHYTOGENIX RX,4501 NW 31ST AVE STE 4,,OAKLAND PARK,FL,333093403,7542237701,PIC,333600000X|3336M0002X,tier_1_primary_pharmacy,Y,Y,
1720664709,OVIEDO PHARMACY AND DRUG STORE LLC,784 S. CENTRAL AVE,,OVIEDO,FL,327653276,4079779779,PHARMACIST,3336C0004X|3336H0001X|3336C0003X,tier_1_primary_pharmacy,Y,Y,
1568049914,AUBURNDALE FAMILY PHARMACY INC,382 HAVENDALE BLVD,,AUBURNDALE,FL,338234527,8636038104,PDM,3336C0003X,tier_1_primary_pharmacy,Y,Y,
1720667868,ADV PHARMACY LLC,10212 SW 183RD ST,,MIAMI,FL,331575249,7864922354,OWNER,3336C0003X,tier_1_primary_pharmacy,Y,Y,
1083293922,FRICKS PHARMACY LLC,921 DR MARTIN L KING JR DR APT C,,PENSACOLA,FL,325014090,8506654657,OWNER,3336C0003X|3336L0003X,tier_1_primary_pharmacy,Y,Y,
1801476007,LENO RX,1640 NE 148TH ST,,NORTH MIAMI,FL,331811021,7864889030,PRESIDENT,3336C0003X|3336L0003X|3336S0011X,tier_1_primary_pharmacy,Y,Y,
1568042893,HANNA PHARMACY LLC,27650 BERMONT RD UNIT 4,,PUNTA GORDA,FL,339821996,9412905484,PHARMACY OWNER,3336C0003X,tier_1_primary_pharmacy,Y,Y,
1093397630,H & F PHARMACY LLC,7640 N WICKHAM RD STE 117,,MELBOURNE,FL,329408147,3212533535,DIRECTOR,3336C0003X|3336C0004X,tier_1_primary_pharmacy,Y,Y,
1356923544,RDD PHARMACY LLC,3063 MICHIGAN AVE,,KISSIMMEE,FL,347441501,4072166533,MEMBER,3336C0003X,tier_1_primary_pharmacy,Y,Y,
1023690070,CAREFREE PHARMACY LLC,3999 N DIXIE HWY,,BOCA RATON,FL,334314520,5168336262,OWNER,3336C0003X|3336M0002X|333600000X,tier_1_primary_pharmacy,Y,Y,
1457934929,PRIME CARE PHARMACY LLC,2176 MARINER BLVD,,SPRING HILL,FL,346093859,3526008083,AGENT,333600000X,tier_1_primary_pharmacy,Y,Y,
1780268821,CONSULT RX PHARMACY,1119 E SUNRISE BLVD,,FORT LAUDERDALE,FL,333042809,9549905326,OWNER/PHARMACIST,3336C0003X,tier_1_primary_pharmacy,Y,Y,
1790368934,SOPURE PHARMACY LLC,5101 E BUSCH BLVD STE 9,,TAMPA,FL,336175380,8138200570,PRESIDENT/OWNER,3336C0003X,tier_1_primary_pharmacy,Y,Y,
1619551231,RIDDHINSHIVA PHARMACY LLC.,1569 N NOVA RD,,HOLLY HILL,FL,321173048,4077581047,PIC,3336C0003X,tier_1_primary_pharmacy,Y,Y,
1902480379,BETTER LIFE COMMUNITY PHARMACY LLC,13255 SW 137TH AVE # 110-111,,MIAMI,FL,331865326,7862504027,MANAGER,3336C0003X,tier_1_primary_pharmacy,Y,Y,
1225602782,CITY RX LLC,715 E VINE ST STE 8,,KISSIMMEE,FL,347444232,7278314392,PHARMACIST,3336S0011X|3336C0003X,tier_1_primary_pharmacy,Y,Y,
1194399501,"CENTERWELL PHARMACY, INC.",12020 SEMINOLE BLVD,,LARGO,FL,337782805,7276556507,VP,333600000X|3336C0003X,tier_1_primary_pharmacy,Y,Y,
1467026724,"NABE PHARMACY, LLC",906 W SUNRISE BLVD STE B,,FORT LAUDERDALE,FL,333117131,9543686626,PRESIDENT,3336S0011X|3336C0003X,tier_1_primary_pharmacy,Y,Y,
1972172690,LAKEN PHARMACY LLC,4352 W VINE ST,,KISSIMMEE,FL,347466313,4074790033,PHARMACIST,3336C0004X|3336C0003X,tier_1_primary_pharmacy,Y,Y,
1093384562,GRAND 7TH PHARMACY AND DISCOUNT LLC,923 S STATE ROAD 7,,PLANTATION,FL,333174501,9547947268,OWNER,3336C0003X,tier_1_primary_pharmacy,Y,Y,
1558931212,PHARMACY ONE Y MAS LLC.,6741 SW 24TH ST STE 52&53,,MIAMI,FL,331551762,3059518170,MANAGING MEMBER,3336C0003X,tier_1_primary_pharmacy,Y,Y,
1760052252,LUX PHARMACY CORP,13205 SW 137TH AVE STE 104,,MIAMI,FL,331865333,7864329111,PRESIDENT,333600000X,tier_1_primary_pharmacy,Y,Y,
1063082451,ROCKET RX PHARMACY CORP,729 E 9TH ST,,HIALEAH,FL,330104553,7867735845,VICE PRES,3336C0003X,tier_1_primary_pharmacy,Y,Y,
1235709734,MEDWAY RX LLC,3010 E 138TH AVE STE 102,,TAMPA,FL,336133902,4078013371,OWNER/MANAGER,3336C0003X,tier_1_primary_pharmacy,Y,Y,
1215500335,GOOD RX CENTURY PHARMACY LLC,1200 NW 78TH AVE STE 113,,DORAL,FL,331261816,3056421040,OFFICER,333600000X,tier_1_primary_pharmacy,Y,Y,
1366115628,HARMONY DISCOUNT PHARMACY,25 E 13TH ST STE 11,,SAINT CLOUD,FL,347694746,6892261067,MBR MAGR,333600000X|3336L0003X,tier_1_primary_pharmacy,Y,Y,
1477228229,"PHARMACY AT THE REEF, LLC",31 OCEAN REEF DR STE A100,,KEY LARGO,FL,330375281,3057807136,OWNER,3336C0003X,tier_1_primary_pharmacy,Y,Y,
1871269795,SHUBHOM RX LLC,415 53RD AVE W,,BRADENTON,FL,342073416,9417734460,OWNER,333600000X|3336C0003X,tier_1_primary_pharmacy,Y,Y,
1144996893,CAMALICHE PHARMACY,2750 W 68TH ST STE 112,,HIALEAH,FL,330165447,7864329222,OWNER/PHARMACIST,3336C0003X,tier_1_primary_pharmacy,Y,Y,
1740958081,"AON PHARMACY, LLC",14543 GLOBAL PKWY STE 110,,FORT MYERS,FL,339139446,8338861725,PHARMACY MANAGER,3336S0011X|3336C0003X,tier_1_primary_pharmacy,Y,Y,
1699443895,"Z & G PHARMACY, LLC",3680 N WICKHAM RD STE C,,MELBOURNE,FL,329352327,3216084949,OWNER & PIC,3336C0003X,tier_1_primary_pharmacy,Y,Y,
1124797923,LATIN BARRIO PHARMACY &DISCOUNT INC,1456 NW 17TH AVE,,MIAMI,FL,331252323,7863107977,PRESIDENT,3336C0003X,tier_1_primary_pharmacy,Y,Y,
1124799754,NP PHARMACY LLC,5944 34TH ST N STE 1,,ST PETERSBURG,FL,337141211,7276239856,OWNER,3336C0003X,tier_1_primary_pharmacy,Y,Y,
1902577232,OUR HOLLYWOOD PHARMACY INC.,2006 HOLLYWOOD BLVD,,HOLLYWOOD,FL,330204525,5614448888,STORE MANAGER,3336C0003X,tier_1_primary_pharmacy,Y,Y,
1811669476,"EMERGE PHARMACY OF FLORIDA, INC.",2030 S PATRICK DR STE 2,,INDIAN HARBOUR BEACH,FL,329374400,3218025850,CEO,3336C0003X,tier_1_primary_pharmacy,Y,Y,
1396417564,EZ RX BONITA SPRINGS LLC,13141 MCGREGOR BLVD STE 7,,FORT MYERS,FL,339195926,2393015058,PRESIDENT,3336C0003X|3336L0003X|3336S0011X,tier_1_primary_pharmacy,Y,Y,
1215699756,"OUR NEIGHBORHOOD PHARMACY, INC",4019 MONCRIEF RD,,JACKSONVILLE,FL,322093933,8336337487,VICE PRESIDENT,333600000X,tier_1_primary_pharmacy,Y,Y,
1700549615,SCRIPTS PHARMACY 2 LLC,2789 BROWNWOOD BLVD.,,THE VILLAGES,FL,32163,7273895900,MGRM,3336L0003X|3336C0003X,tier_1_primary_pharmacy,Y,Y,
1679236269,"NFM RX, LLC",16251 N CLEVELAND AVE STE 13,,NORTH FORT MYERS,FL,339032176,2395992926,PIC,3336C0003X,tier_1_primary_pharmacy,Y,Y,
1982369906,B & P PHARMACY CORPORATION,2961 DUFF RD,,LAKELAND,FL,338102188,8637382729,MANAGER,3336L0003X|3336C0003X,tier_1_primary_pharmacy,Y,Y,
1578229084,SCC PHARMACY LLC,4950 SW 8TH ST,,CORAL GABLES,FL,331342400,3053921027,MANAGING MEMBER,3336C0003X,tier_1_primary_pharmacy,Y,Y,
1437818705,"MY PHARMACY PUNTA GORDA, LLC",514 EAST GRACE STREET,,PUNTA GORDA,FL,33950,4079683324,OWNER,333600000X,tier_1_primary_pharmacy,Y,Y,
1629738497,"EAST COAST COMPOUNDING & PHARMACY, LLC",1617 ATLANTIC BLVD,,JACKSONVILLE,FL,322073300,8502910892,OWNER,3336C0004X|3336C0003X,tier_1_primary_pharmacy,Y,Y,
1558022376,"BEST PHARMACY, LLC",1165 W 49TH ST STE 208,,HIALEAH,FL,330123373,7862378376,MANAGER,3336C0003X,tier_1_primary_pharmacy,Y,Y,
1023779824,1GOOD PHARMACY CORP,6460 SW 8 ST,,MIAMI,FL,331446045,7862547240,PRESIDENT,3336C0003X,tier_1_primary_pharmacy,Y,Y,
1841943222,"CENTERWELL PHARMACY, INC.","876 SAXON BLVD, SUITE 34",,ORANGE CITY,FL,32763,3864576357,VP,333600000X|3336C0003X,tier_1_primary_pharmacy,Y,Y,
1346993532,SW PHARMACY INC,1233 LANE AVE S STE 9,,JACKSONVILLE,FL,322056254,9047695104,AO,3336C0003X,tier_1_primary_pharmacy,Y,Y,
1437803640,LOTUS PHARMACY CORP,8903 GLADES RD STE D1,,BOCA RATON,FL,334344023,5619610959,PRES,3336C0003X,tier_1_primary_pharmacy,Y,Y,
1366198079,RX HUB INC,11379 W PALMETTO PARK RD STE B,,BOCA RATON,FL,334282616,5612881866,PRESIDENT,3336C0003X,tier_1_primary_pharmacy,Y,Y,
1013665306,SMART A&A PHARMACY INC,541 E 9TH ST,,HIALEAH,FL,330104549,3056405638,PRESIDENT,3336C0003X,tier_1_primary_pharmacy,Y,Y,
1215685326,"CENTERWELL PHARMACY, INC.",1380 S HIATUS RD,,PEMBROKE PINES,FL,330253551,7542368000,VP,333600000X|3336C0003X,tier_1_primary_pharmacy,Y,Y,
1194474189,ORTUX PHARMACY LLC,9134 NW 25TH ST,,DORAL,FL,331721502,7865425007,MGR,3336C0003X,tier_1_primary_pharmacy,Y,Y,
1649929829,ELEVATION PHARMACY LLC,1212 US HIGHWAY 1 STE A&C,,NORTH PALM BEACH,FL,334083536,8003259210,CEO,333600000X,tier_1_primary_pharmacy,Y,Y,
1063154953,HOMESTEAD PHARMACY CORP,15260 SW 280TH ST STE 114,,HOMESTEAD,FL,330328186,7869042440,COO,3336C0003X,tier_1_primary_pharmacy,Y,Y,
1548902372,"CENTERWELL PHARMACY, INC.",4078 S RIDGEWOOD AVE,,PORT ORANGE,FL,321274501,3862411544,VP,333600000X|3336C0003X,tier_1_primary_pharmacy,Y,Y,
1114661741,MEDICA PHARMACY,105 COMMERCE ST STE 109,,LAKE MARY,FL,327466228,4075545010,MANAGER,3336C0003X,tier_1_primary_pharmacy,Y,Y,
1679217822,ELITE PHARMACY INC,7011 N MANHATTAN AVE,,TAMPA,FL,336143714,8133735709,PRESIDENT,3336C0003X,tier_1_primary_pharmacy,Y,Y,
1689319709,MIDWAY SPECIALTY CARE RX LLC.,5224 E FOWLER AVE,,TEMPLE TERRACE,FL,336172147,8137330602,PHARMACY DIRECTOR,3336C0003X,tier_1_primary_pharmacy,Y,Y,
1477299352,EPIC CARE PHARMACY LLC,3948 PEMBROKE RD STE D,,PEMBROKE PARK,FL,330218114,9549632113,OWNER,3336C0003X,tier_1_primary_pharmacy,Y,Y,
1376280842,RX CASE II PHARMACY LLC,1201 PIPER BLVD,UNIT 12,NAPLES,FL,34110,2393307792,OWNER,3336C0003X,tier_1_primary_pharmacy,Y,Y,
1851038327,MLK RX PHARMACY LLC,2812 W. DR MARTIN LUTHER KING JR BLVD,,TAMPA,FL,33607,8134434796,OWNER,3336S0011X|3336C0003X,tier_1_primary_pharmacy,Y,Y,
1679210140,ORLANDO RX PHARMACY LLC,717 W. LANCASTER ROAD,,ORLANDO,FL,32809,4078554770,OWNER,3336C0003X,tier_1_primary_pharmacy,Y,Y,
1720725104,WESLEY CHAPEL PHARMACY LLC,2653 BRUCE B. DOWNS BLVD,SUITE 115,WESLEY CHAPEL,FL,33544,8139919200,OWNER,3336C0003X,tier_1_primary_pharmacy,Y,Y,
1184361669,TAMPA PHARMACY 01 LLC,14306-D NORTH DALE MABRY HWY,,TAMPA,FL,33618,8139636800,OWNER,3336C0003X,tier_1_primary_pharmacy,Y,Y,
1598402976,VILLAGES RX PHARMACY LLC,13733 N. US HWY 441,,LADY LAKE,FL,32159,3523915533,OWNER,3336C0003X,tier_1_primary_pharmacy,Y,Y,
1760129100,NARAYAN PHARMACY LLC,320 W FLETCHER AVE STE 108,,TAMPA,FL,336123400,8139718401,OWNER,3336C0003X|3336L0003X,tier_1_primary_pharmacy,Y,Y,
1275270738,TAMPA PHARMACY 13 LLC,5908 BRECKENRIDGE PKWY,,TAMPA,FL,33610,8136447277,OWNER,3336C0003X,tier_1_primary_pharmacy,Y,Y,
1629715198,PINELLAS PHARMACY LLC,6280 66TH STREET NORTH,,PINELLAS PARK,FL,33781,7275444203,OWNER,3336C0003X,tier_1_primary_pharmacy,Y,Y,
1346987633,MOUNT DORA RX PHARMACY LLC,461 PLAZA DRIVE,,EUSTIS,FL,32726,3527296557,OWNER,3336C0003X,tier_1_primary_pharmacy,Y,Y,
1164169454,PALM BAY RX PHARMACY LLC,1270 MALABAR RD SE,SUITE #2,PALM BAY,FL,32907,3219520656,OWNER,3336C0003X,tier_1_primary_pharmacy,Y,Y,
1437896727,ZEPHYRHILLS RX LLC,38160 MEDICAL CENTER AVE,,ZEPHYRHILLS,FL,33540,8133882908,OWNER,3336C0003X,tier_1_primary_pharmacy,Y,Y,
1982341277,MANGO RX PHARMACY LLC,11509 E. MLK JR BLVD,,MANGO,FL,33550,8136612263,OWNER,3336C0003X,tier_1_primary_pharmacy,Y,Y,
1316684616,THE PHARMACY HUB LLC.,15600 NW 15TH AVE STE C,,MIAMI,FL,331695609,3057312318,OWNER/PRESIDENT,3336C0003X,tier_1_primary_pharmacy,Y,Y,
1689311706,"ONE SOURCE PHARMACY, LLC",12639 RACE TRACK RD,,TAMPA,FL,336261331,7273164135,AUTHORIZED OFFICIAL,333600000X,tier_1_primary_pharmacy,Y,Y,
1770221921,LA FAMILIA PHARMACY CORP,454 NW 22ND AVE STE 107,,MIAMI,FL,331253355,7864094791,PRESIDENT,3336C0003X,tier_1_primary_pharmacy,Y,Y,
1326787912,NEXT GEN RX INC,18400 NW 75TH PL STE 106,,HIALEAH,FL,330152956,7863913758,PRESIDENT,333600000X|3336C0003X|3336L0003X,tier_1_primary_pharmacy,Y,Y,
1679202766,BROOKSVILLE RX LLC,80 PONCE DE LEON BLVD,,BROOKSVILLE,FL,34601,3527964975,OWNER,3336S0011X|3336C0003X,tier_1_primary_pharmacy,Y,Y,
1821727462,PHARMACORE RX LLC,6607 N DALE MABRY HWY,,TAMPA,FL,336143985,8135808040,PHARMACY DIRECTOR,333600000X,tier_1_primary_pharmacy,Y,Y,
1013648195,"CENTERWELL PHARMACY, INC.",4340 W HILLSBOROUGH AVE STE 210,,TAMPA,FL,336145522,8134396946,VP,3336C0002X|3336C0003X,tier_1_primary_pharmacy,Y,Y,
1184355109,RX AVE HEALTH LLC,5908 BRECKENRIDGE PKWY STE B,,TAMPA,FL,336104233,3214217620,OWNER,3336C0003X,tier_1_primary_pharmacy,Y,Y,
1740912864,POMP RX PHARMACY LLC,900 E ATLANTIC BLVD STE 5,,POMPANO BEACH,FL,330607371,9549433111,OWNER,3336C0003X,tier_1_primary_pharmacy,Y,Y,
1134852098,ST CROIX MEDICAL PHARMACY,4010 NW 34TH ST,,LAUDERDALE LAKES,FL,333195721,9544867101,OWNER,3336C0003X,tier_1_primary_pharmacy,Y,Y,
1578297545,"CORA PHARMACY, LLC",175 S STATE ROAD 7,,MARGATE,FL,330685722,9545293919,ADMIN,3336C0002X|3336C0003X,tier_1_primary_pharmacy,Y,Y,
1841926094,BLUEBIRD SPECIALTY PHARMACY LLC,8110 CYPRESS PLAZA DR STE 301,,JACKSONVILLE,FL,322564468,7048043600,MANAGER,333600000X|3336S0011X|3336H0001X,tier_1_primary_pharmacy,Y,Y,
1730815770,NOOR PHARMACY INC.,18825 SW 117TH AVE,,MIAMI,FL,331773250,7867856420,PHARMACIST/OWNER,3336C0003X|333600000X,tier_1_primary_pharmacy,Y,Y,
1306574405,CLEVELAND RX LLC,2835 CLEVELAND AVE,,FORT MYERS,FL,339016002,6093739929,PHARMACY MANAGER,3336C0003X,tier_1_primary_pharmacy,Y,Y,
1205554219,HEALTH MATTERS PHARMACY,5110 N 40TH ST,,TAMPA,FL,336105204,8138006337,OWNER,3336C0003X,tier_2_secondary_pharmacy,N,Y,
1144948035,YAI PHARMACY LLC,5958 W 16TH AVE,,HIALEAH,FL,330126814,3053645912,PHARMACIST DEPARTMENT MANAGER,3336C0003X,tier_1_primary_pharmacy,Y,Y,
1093434995,CARENOW PHARMACY II LLC,18830 US HIGHWAY 441,,MOUNT DORA,FL,327576700,3525593107,OWNER,3336C0003X,tier_1_primary_pharmacy,Y,Y,
1245959923,FAST RX PHARMACY LLC,11630 N KENDALL DR,,MIAMI,FL,331761005,3057917303,OWNER,3336C0003X,tier_1_primary_pharmacy,Y,Y,
1366163313,TOWERS PHARMACY INC.,125 BAPTIST WAY,SUITE 1H,PENSACOLA,FL,32503,4482277970,PRESIDENT,3336C0003X,tier_1_primary_pharmacy,Y,Y,
1811619042,MAILMYPRESCRIPTIONS COM PHARMACY CORPORATION,951 CLINT MOORE RD,,BOCA RATON,FL,334872804,8009649654,CHIEF OPERATING OFFICER,3336C0003X,tier_1_primary_pharmacy,Y,Y,
1194447094,COMMUNITY CARE PHARMACY LLC,2406 S SEACREST BLVD,,BOYNTON BEACH,FL,334356702,5612770398,MANAGER,3336C0003X,tier_1_primary_pharmacy,Y,Y,
1487371217,ZENITH APOTHECARY INC,6909 OLD HIGHWAY 441 S STE 106,,MOUNT DORA,FL,327577039,4077890048,PHARMACIST,3336S0011X|3336C0003X,tier_1_primary_pharmacy,Y,Y,
1861100430,"CENTRUM PHARMACY, LLC",7200 NW 7TH ST STE 200,,MIAMI,FL,331262941,3059900067,SECRETARY,3336C0003X,tier_1_primary_pharmacy,Y,Y,
1366151516,"LIVE BETTER PHARMACY, LLC.",4421 PARK BLVD N,,PINELLAS PARK,FL,337813540,7272394529,CEO,333600000X,tier_1_primary_pharmacy,Y,Y,
1629787684,GRAND 7TH PHARMACY STOP INC,12304 SW 127TH AVE,,MIAMI,FL,331866579,3054457533,PRESIDENT,3336C0003X,tier_1_primary_pharmacy,Y,Y,
1063121663,PREMIER PHARMACY LLC,4307 N ARMENIA AVE,,TAMPA,FL,336076403,8138737470,OWNER,3336C0003X,tier_1_primary_pharmacy,Y,Y,
1528779592,MED PHARMACY INC,3421 SW 8TH ST,,MIAMI,FL,331354107,7868884633,PRESIDENT,3336C0003X,tier_1_primary_pharmacy,Y,Y,
1598478414,COMMUNITY PHARMACY,4221 N HIMES AVE,,TAMPA,FL,336076229,8137690879,CFO,333600000X,tier_1_primary_pharmacy,Y,Y,
1871207837,CRESTVIEW CITY PHARMACY INC,310 S FERDON BLVD,,CRESTVIEW,FL,325363722,8504281057,OWNER,3336C0003X,tier_1_primary_pharmacy,Y,Y,
1093420382,HEALTH MATTERS PHARMACY LLC,5110 N 40TH ST,,TAMPA,FL,336105204,8138006337,OWNER/PHARMACIST IN CHARGE,333600000X|3336L0003X,tier_1_primary_pharmacy,Y,Y,
1902502172,VM PHARMACY LLC,9000 NW 15TH STREET,UNITS 6 & 7,DORAL,FL,33172,3055057149,CHIEF PHARMACY OFFICER,3336C0003X,tier_1_primary_pharmacy,Y,Y,
1508562877,"CENTERWELL PHARMACY, INC.","11010 FLORIDA CROWN DRIVE, SUITE 200",,ORLANDO,FL,328247017,8003790092,VP,333600000X|3336M0002X,tier_1_primary_pharmacy,Y,Y,
1619674819,"GLA PHARMACY, LLC",4700 NW 7TH ST STE 1,,MIAMI,FL,331262252,3056405764,PHARMACIST,3336C0003X,tier_1_primary_pharmacy,Y,Y,
1053018507,UNITED/XCEL-RX LLC,4300 N UNIVERSITY DR STE C101,,LAUDERHILL,FL,333516243,7542312300,INSURANCE CONTRACTOR,3336C0003X,tier_1_primary_pharmacy,Y,Y,
1730887043,ENTERPRISE RX LLC BEST PHARMACY,2499 ENTERPRISE RD STE E,,ORANGE CITY,FL,327637910,3862068326,PHARMACY MANAGER,333600000X,tier_1_primary_pharmacy,Y,Y,
1295433563,"CENTERWELL PHARMACY, INC.","11010 FLORIDA CROWN DRIVE, SUITE 200",,ORLANDO,FL,32824,8004862668,VP,333600000X|3336S0011X,tier_1_primary_pharmacy,Y,Y,
1598465130,LAKE BUTLER PHARMACY LLC,610 SW 1ST ST,,LAKE BUTLER,FL,320541505,3862917007,OWNER,3336C0003X,tier_1_primary_pharmacy,Y,Y,
1912606641,RAINBOW PHARMACY LLC,2820 NE 214TH ST,,AVENTURA,FL,331801268,3057887008,MANAGING MEMBER,3336C0003X,tier_1_primary_pharmacy,Y,Y,
1427758275,ARCHANGEL PHARMACY LLC,7306 STATE ROAD 52 STE 4,,HUDSON,FL,346676750,6462809084,PHARMACY MANAGER,333600000X,tier_1_primary_pharmacy,Y,Y,
1154021889,ROYAL PHARMACY LLC,17044 COLLINS AVE,,SUNNY ISLES BEACH,FL,331603642,3053403988,OWNER,333600000X|3336C0003X,tier_1_primary_pharmacy,Y,Y,
1669172300,COMITO PHARMACY LLC,1452 OVIEDO MALL BLVD,,OVIEDO,FL,327657421,3213801997,OWNER/OPERATOR,333600000X,tier_1_primary_pharmacy,Y,Y,
1023705654,US-RX CARE,4600 SHERIDAN ST STE 200,,HOLLYWOOD,FL,330213409,9546486774,CPO,333600000X,tier_1_primary_pharmacy,Y,Y,
1508553140,"RIGHT RX FL, LLC",4600 SHERIDAN ST STE 200,,HOLLYWOOD,FL,330213409,9546486774,CPO,333600000X,tier_1_primary_pharmacy,Y,Y,
1083303770,JAD FAMILY PHARMACY LLC,3413 S HOPKINS AVE,,TITUSVILLE,FL,327805624,3212254900,OWNER,3336C0003X,tier_1_primary_pharmacy,Y,Y,
1760173454,STIRLING PHARMACY LLC,731 STIRLING CENTER PL UNIT 1901,,LAKE MARY,FL,327465209,4078783412,OWNER,3336C0003X,tier_1_primary_pharmacy,Y,Y,
1962193607,"SKNV PHARMACY, LLC",3155 SW 10TH ST STE 6A,,DEERFIELD BEACH,FL,334425900,8882108111,PRESIDENT,3336C0003X,tier_1_primary_pharmacy,Y,Y,
1346932662,LEGACY PHARMACY PLUS INC,8140 W WATERS AVE STE H,,TAMPA,FL,336151859,8132490011,PRESIDENT,3336C0003X,tier_1_primary_pharmacy,Y,Y,
1891487138,"COASSIST PHARMACY, LLC",2400 SAND LAKE RD STE 200A,,ORLANDO,FL,328097662,8772190039,PHARMACIST IN CHARGE,3336C0003X,tier_1_primary_pharmacy,Y,Y,
1417640913,"QUALITYHEALTH PHARMACY, LLC",5850 T G LEE BLVD STE 435,,ORLANDO,FL,328224404,8333532095,VP/CHIEF PHARMACY OFFICER,3336C0003X|3336L0003X,tier_1_primary_pharmacy,Y,Y,
1710671854,"COASSIST PHARMACY, LLC",2400 SAND LAKE RD STE 200B,,ORLANDO,FL,328097662,8339495527,PIC,3336C0003X,tier_1_primary_pharmacy,Y,Y,
1568148211,OM RX PARTNERS LLC,15835 SHADDOCK DR STE 110,,WINTER GARDEN,FL,347875778,8622038851,PHARMACY DEPARTMENT MANAGER,3336C0003X,tier_1_primary_pharmacy,Y,Y,
1295412286,"HEALTHDYNE PHARMACY FL, LLC",500 EAGLES LANDING DR,,LAKELAND,FL,338102899,8884792000,SENIOR VICE PRESIDENT & SECRETARY,333600000X,tier_1_primary_pharmacy,Y,Y,
1851079107,"ACIVICS PHARMACY, INC.",2441 NORTHWEST 43RD STREET,SUITE 5C,GAINESVILLE,FL,32606,3523165453,CEO,3336C0003X,tier_1_primary_pharmacy,Y,Y,
1790463560,NEW HEALTH PHARMACY LLC,1776 N PINE ISLAND RD STE 218,,PLANTATION,FL,333225223,9548368336,OWNER,3336C0003X,tier_1_primary_pharmacy,Y,Y,
1891474078,PHARMACY BRASIL LAS AMERICAS PBLA LLC,3925 N FEDERAL HWY,,POMPANO BEACH,FL,330646042,9543618919,PHARMACIST,3336C0003X,tier_1_primary_pharmacy,Y,Y,
1083394217,360 PHARMACY & DME LLC,3677 CENTRAL AVE STE C,,FORT MYERS,FL,339018226,2392475702,OWNER,3336C0003X,tier_1_primary_pharmacy,Y,Y,
1114609989,"BAYVRIO PHARMACY, LLC",1548 E FOWLER AVE,,TAMPA,FL,336125416,8136231800,CEO,333600000X,tier_1_primary_pharmacy,Y,Y,
1306629340,"CENTERWELL PHARMACY, INC.",11010 FLORIDA CROWN DR STE 200,,ORLANDO,FL,328247017,8004862668,VP,3336C0003X,tier_1_primary_pharmacy,Y,Y,
1285417709,COSTA PHARMACY,4055 NW 97TH AVE STE 110,,DORAL,FL,331782911,3054390318,PHARMACY DIRECTOR,333600000X,tier_1_primary_pharmacy,Y,Y,
1164208609,ST JUDE PHARMACY & DISCOUNT 2 INC,3474 W 60 ST,,HIALEAH,FL,330164409,7869536339,OWNER,3336C0003X,tier_1_primary_pharmacy,Y,Y,
1598542508,BELL PHARMACY 002 LLC,8702 HUNTERS LAKE DR # 140,,TAMPA,FL,336472855,8138033399,MANAGER,333600000X|3336C0003X,tier_1_primary_pharmacy,Y,Y,
1801674270,HEALTHI RX LLC,2318 NE 2ND AVE,,MIAMI,FL,331374808,3053592222,PRESIDENT/PHARMACIST IN CHARGE,333600000X|3336C0003X,tier_1_primary_pharmacy,Y,Y,
1265210215,MY CONCIERGE PHARMACY PLLC,2112 S CONGRESS AVE STE 207,,PALM SPRINGS,FL,334067670,5612846165,OWNER/PHARMACIST,3336C0004X|3336C0003X,tier_1_primary_pharmacy,Y,Y,
1316726029,CURATIVE PHARMACY LLC,6706 BENJAMIN RD STE 300,,TAMPA,FL,336344419,8334287284,DIRECTOR OF PHARMACY OPERATIONS,3336C0003X,tier_1_primary_pharmacy,Y,Y,
1063293892,ZAS PHARMACY LLC,2736 SW 137TH AVE,,MIAMI,FL,331756638,7869535564,MGRM,3336C0003X,tier_1_primary_pharmacy,Y,Y,
1093597544,PBJ MEDICAL RX LLC,7380 W SAND LAKE RD,,ORLANDO,FL,328195248,8004857962,OPERATION MANAGER,3336C0003X,tier_1_primary_pharmacy,Y,Y,
1811779242,COASTAL PLANNING PHARMACY LLC,151 N TAMIAMI TRL,,OSPREY,FL,342299318,9412310131,OWNER,3336C0003X,tier_1_primary_pharmacy,Y,Y,
1174305551,WEST COAST PHARMACY LLC,8439 N FLORIDA AVE,,TAMPA,FL,336043034,8139328380,OWNER,3336C0003X,tier_1_primary_pharmacy,Y,Y,
1699557082,WEST COAST PHARMACY II LLC,7009 N ARMENIA AVE,,TAMPA,FL,336045252,8138740795,OWNER,3336C0003X,tier_1_primary_pharmacy,Y,Y,
1275306243,MAYA PHARMACY CORP,11045 SW 216TH ST UNIT 2,,MIAMI,FL,331703073,7867130512,OWNER,3336C0003X,tier_1_primary_pharmacy,Y,Y,
1245003250,STARKE FAMILY PHARMACY,211 S ORANGE ST,,STARKE,FL,320913833,9044541484,PRESCRIPTION DEPARTMENT MANAGER,3336C0003X,tier_1_primary_pharmacy,Y,Y,
1962275735,EXCEL PHARMACY INC,9495 SW 72ND ST STE B180P,,MIAMI,FL,331733253,3052745319,PRESIDENT,3336S0011X|333600000X,tier_1_primary_pharmacy,Y,Y,
1477326890,OASIS RX PHARMA CORP,13205 SW 137TH AVE STE 133,,MIAMI,FL,331865334,7864329218,PRESIDENT,3336C0003X,tier_1_primary_pharmacy,Y,Y,
1093580300,"LEGACY PHARMACY CF, LLC",1060 N JOHN YOUNG PKWY,,KISSIMMEE,FL,347414104,4077307989,PARTNER,3336C0003X,tier_1_primary_pharmacy,Y,Y,
1184499303,BETTER CHOICE PHARMACY LLC,13723 N DALE MABRY HWY,,TAMPA,FL,336182417,7273667384,OWNER,3336L0003X|3336C0004X|3336C0003X,tier_1_primary_pharmacy,Y,Y,
1669247466,"THRIVE SPECIALTY PHARMACY, LLC",7368 NW 5TH ST,,PLANTATION,FL,333171605,9544402392,DIRECTOR OF OPERATIONS,3336S0011X|3336C0003X,tier_1_primary_pharmacy,Y,Y,
1710752563,HEALTHRX MIAMI PHARMACY CORP,10063 SW 72ND ST,,MIAMI,FL,331734623,7869630154,PRESIDENT,3336C0003X|333600000X,tier_1_primary_pharmacy,Y,Y,
1689440810,MY SUPER PHARMACY,10550 NW 77TH CT STE 303,,HIALEAH GARDENS,FL,330162071,7864854170,PRES,3336C0003X,tier_1_primary_pharmacy,Y,Y,
1346016052,PIONEER RX PHARMACY LLC,494 PONDEROSA DR,,SAINT CLOUD,FL,347691656,4075931600,MANGER,3336L0003X|3336C0003X,tier_1_primary_pharmacy,Y,Y,
1750158747,"CENTERWELL PHARMACY, INC.",500 E CENTRAL AVE,,WINTER HAVEN,FL,338803053,8632593255,VP,333600000X|3336C0003X,tier_1_primary_pharmacy,Y,Y,
1578331575,WELLS ROAD PHARMACY LLC,1635 WELLS RD STE 3,,ORANGE PARK,FL,320732303,9043757277,OWNER,333600000X,tier_1_primary_pharmacy,Y,Y,
1376312967,C&T RX LLC,8165 WOODVILLE HWY,,TALLAHASSEE,FL,323051732,2017048910,MANAGE/OWNER,3336C0003X,tier_1_primary_pharmacy,Y,Y,
1831969609,"FORMULATE RX PHARMACY, LLC",1049 WILLA SPRINGS DR STE 1051,,WINTER SPRINGS,FL,327085259,8773400042,MEMBER,333600000X,tier_1_primary_pharmacy,Y,Y,
1275304164,READY MADE PHARMACY LLC,3294 GREENWALD WAY N,,KISSIMMEE,FL,347410728,8008913040,OWNER,333600000X|3336C0003X,tier_1_primary_pharmacy,Y,Y,
1154192078,"FACE TO FACE PHARMACY, INC",15924 SW 92ND AVE,,PALMETTO BAY,FL,331571842,3059643361,VP,333600000X,tier_1_primary_pharmacy,Y,Y,
1497517437,ELITE PHARMACY SD CORP,14742 SW 56TH ST,,MIAMI,FL,331854067,8085577845,PHARMACIST/OWNER,3336C0003X,tier_1_primary_pharmacy,Y,Y,
1376306639,XRX PHARMACY LLC,2810 E OAKLAND PARK BLVD STE 200B,,FORT LAUDERDALE,FL,333061801,9548706969,CEO,333600000X|3336C0003X,tier_1_primary_pharmacy,Y,Y,
1689439432,"VILLA CLARA PHARMACY, LLC",9568 SW 137TH AVE # 354-B3,,MIAMI,FL,331862201,7862824279,PHARMACY MANAGER,3336C0003X,tier_1_primary_pharmacy,Y,Y,
1942067590,OAK STREET PHARMACY LLC,1026 MANN ST,,KISSIMMEE,FL,347414121,4075728004,PHARMACIST,3336C0003X,tier_1_primary_pharmacy,Y,Y,
1750149506,LIFE QUEST PHARMACY LLC,140 JUPITER LAKES BLVD STE B,,JUPITER,FL,334587196,5616682213,OWNER,3336C0004X|3336C0003X,tier_1_primary_pharmacy,Y,Y,
1396503744,BREVARD FAMILY PHARMACY INC,2507 GARDEN ST,,TITUSVILLE,FL,327964612,4079259433,OWNER,3336C0003X,tier_1_primary_pharmacy,Y,Y,
1164281143,SOUTHEAST QUALITY PHARMACY LLC,5401 HANGAR CT,,TAMPA,FL,336345341,8138824500,PRESIDENT,3336C0003X|3336C0004X,tier_1_primary_pharmacy,Y,Y,
1932968757,KAILASH PHARMACY LLC,1107 N NOVA RD,,DAYTONA BEACH,FL,321174108,7139923289,OWNER,3336C0003X,tier_1_primary_pharmacy,Y,Y,
1659130383,TELE-PHARMACY SERVICES INC,3801 N UNIVERSITY DR STE 403,,SUNRISE,FL,333516320,5619953017,CEO,3336C0003X,tier_1_primary_pharmacy,Y,Y,
1174382824,CLERMONT PHARMACY LLC,1740 US HIGHWAY 27 UNIT 30,,CLERMONT,FL,347146214,3522725944,OWNER,333600000X,tier_1_primary_pharmacy,Y,Y,
1831959527,LSL PHARMACY LLC,910 OLD CAMP RD STE 170,,THE VILLAGES,FL,321625609,3522683454,OWNER,333600000X,tier_1_primary_pharmacy,Y,Y,
1083474217,BUENO PHARMACY LLC,520 W LAKE MARY BLVD STE 214-216,,SANFORD,FL,327737424,3212332239,PHARMACIST,3336C0003X,tier_1_primary_pharmacy,Y,Y,
1255191433,"SIGNATURE RX, INC.",1107 WALLACE DR,,DELRAY BEACH,FL,334441209,4012491963,CEO & PRESIDENT,333600000X|3336S0011X|3336C0004X,tier_1_primary_pharmacy,Y,Y,
1215789946,"PHARMACY AT 100 NW 170TH ST, LLC",15485 EAGLE NEST LN STE 230,,MIAMI LAKES,FL,330142222,9174401529,OWNER,3336C0003X|3336C0004X,tier_1_primary_pharmacy,Y,Y,
1508619966,"EMERALD COMPOUNDING PHARMACY, LLC",5325 PRIMROSE LAKE CIR STE A,,TAMPA,FL,336473540,3213213313,DIRECTOR,333600000X,tier_1_primary_pharmacy,Y,Y,
1003661356,LAKEN PHARMACY LLC,4560 TAMIAMI TRL STE 5,,PORT CHARLOTTE,FL,339802954,9415352020,PHARMACIST/OWNER,3336C0003X,tier_1_primary_pharmacy,Y,Y,
1184470148,SOUTHEASTERN PHARMACY,8081 PHILIPS HWY STE 7,,JACKSONVILLE,FL,322567443,9047185631,MANAGER,3336C0003X,tier_1_primary_pharmacy,Y,Y,
1063260859,CAREWISE PHARMACY LLC,7651 SW HIGHWAY 200 UNIT 108-109,,OCALA,FL,344767726,3526444005,OWNER,3336C0003X,tier_1_primary_pharmacy,Y,Y,
1932957297,NORTHEASTERN PHARMACY LLC,10645 NW 7TH AVE STE 104,,MIAMI,FL,331501067,7869636008,MANAGER,3336C0003X,tier_1_primary_pharmacy,Y,Y,
1225870199,"RAINBOW PHARMACY II, LLC",257 GIRALDA AVE.,"GROUND FLOOR, UNIT 3B",CORAL GABLES,FL,33134,3057497000,SOLE MEMBER,3336C0003X,tier_1_primary_pharmacy,Y,Y,
1154165348,GRAVITAS RX INC,120 N FEDERAL HWY,,DEERFIELD BEACH,FL,334413610,9543792444,VP,333600000X|3336C0003X,tier_1_primary_pharmacy,Y,Y,
1063257749,MAHANT PHARMACY INC,1550 SE FLORESTA DR,,PORT ST LUCIE,FL,349834069,7723404142,VP,333600000X,tier_1_primary_pharmacy,Y,Y,
1578308540,CITRUS CARE PHARMACY,2024 HIGHWAY 44 W,,INVERNESS,FL,344533804,3525032056,PHARMACY MANAGER,3336C0003X,tier_1_primary_pharmacy,Y,Y,
1063258119,RX CARE PHARMACY AND KWICKMART INC,14306 7TH ST,,DADE CITY,FL,335233434,3525672238,PHARMACY MANAGER,3336C0003X,tier_1_primary_pharmacy,Y,Y,
1649017906,GOPAL PHARMACY LLC,9889 SAN JOSE BLVD STE 4,,JACKSONVILLE,FL,322575487,2017364738,OWNER,333600000X,tier_1_primary_pharmacy,Y,Y,
1699503128,GULFSTREAM PHARMA RX LLC,500 GULFSTREAM BLVD,STE 103,BOYNTON BEACH,FL,33436,2194060133,OWNER,333600000X,tier_1_primary_pharmacy,Y,Y,
1689402133,CLAY PHARMACY INC,116 N ORANGE AVE,,GREEN COVE SPRINGS,FL,320433404,9048633884,OWNER,333600000X,tier_1_primary_pharmacy,Y,Y,
1093544124,VITAL PHARM RX INC,1616 W 68TH ST,,HIALEAH,FL,330144435,3059678584,OWNER/CEO,3336C0003X,tier_1_primary_pharmacy,Y,Y,
1871322453,CYPRESS PHARMACY INC,1700 PERIWINKLE WAY STE 7,,SANIBEL,FL,339574334,2394817322,OWNER,333600000X|3336C0003X,tier_1_primary_pharmacy,Y,Y,
1023840220,ANAYRAA RX LLC,7512 CONGRESS ST,,NEW PORT RICHEY,FL,346531104,7273351315,OWNER,3336C0003X,tier_1_primary_pharmacy,Y,Y,
1871325241,UMATILLA PHARMACY INC,901 N CENTRAL AVE,,UMATILLA,FL,327848655,3526691166,PRESIDENT,3336C0003X,tier_1_primary_pharmacy,Y,Y,
1275365447,COMPOUNDRX PHARMACY LLC,8740 N KENDALL DR STE 106,,MIAMI,FL,331762209,3053235313,MANAGER,3336C0003X,tier_1_primary_pharmacy,Y,Y,
1447083399,ACHIEVE PHARMACY LLC,34650 US HIGHWAY 19 N STE 209,,PALM HARBOR,FL,346842156,7272709886,MGR,3336C0003X,tier_1_primary_pharmacy,Y,Y,
1770316648,PREEMINENT PHARMACY LLC,1111 MARTIN LUTHER KING BLVD W,,SEFFNER,FL,335844541,8138503510,MANAGER,3336C0003X,tier_1_primary_pharmacy,Y,Y,
1043044712,TU BARRIO PHARMACY & DISCOUNT CORP,8251 SW 40TH ST,,MIAMI,FL,331553334,7863594056,PRESIDENT,3336L0003X|3336C0003X,tier_1_primary_pharmacy,Y,Y,
1821823048,RYAN PHARMACY LLC,1523 CHAFFEE RD S UNIT 12,,JACKSONVILLE,FL,322213830,9045336564,OWNER,333600000X,tier_1_primary_pharmacy,Y,Y,
1437976776,PHARMACY BRASIL LAS AMERICAS BOCA LLC,23123 STATE ROAD 7 STE 110,,BOCA RATON,FL,334285476,9543618919,PHARMACIST,3336C0003X,tier_1_primary_pharmacy,Y,Y,
1033937792,PIONEER PHARMACY LLC,9743 66TH ST N,,PINELLAS PARK,FL,337823008,7275130873,OWNER,3336C0003X,tier_1_primary_pharmacy,Y,Y,
1245050368,BARCLAY'S APOTHECARY SHOPPE,200 TAMIAMI TRL N,,VENICE,FL,342851914,9414242494,PHARMACIST/OWNER,3336C0004X|3336C0003X,tier_1_primary_pharmacy,Y,Y,
1154147015,GUARDIAN PHARMACY OF SOUTHWEST FLORIDA LLC,6060 COLLIER BLVD BLDG 2,,NAPLES,FL,341143981,2397992388,PRESIDENT,333600000X|3336L0003X,tier_1_primary_pharmacy,Y,Y,
1992521306,CONCEPTS RX LLC,5150 SW 48TH WAY STE 610,,DAVIE,FL,333145513,5614485488,CEO/OWNER,3336C0003X,tier_1_primary_pharmacy,Y,Y,
1457168668,"PROCARE PHARMACY CARE, LLC",2850 N COMMERCE PKWY,,MIRAMAR,FL,330253958,8006620586,CLINICAL PHARMACY MANAGER,333600000X|3336C0003X,tier_2_secondary_pharmacy,N,Y,
1023826013,SALVATO PHARMACY INC,770 SE 5TH TER,,CRYSTAL RIVER,FL,344294852,3204059504,PRESIDENT,3336C0003X,tier_1_primary_pharmacy,Y,Y,
1710795638,LIV PHARMACY LLC,12220 SW 8TH ST,,MIAMI,FL,331841552,7863532407,OWNER,3336C0003X,tier_1_primary_pharmacy,Y,Y,
1790598993,TAI PHARMACY LLC,5944 34TH ST N STE 1,,ST PETERSBURG,FL,337141211,7276239854,OWNER,3336C0003X,tier_1_primary_pharmacy,Y,Y,
1619772720,"APOTHECARY & COMPOUNDING, INC",2814 N UNIVERSITY DR,,CORAL SPRINGS,FL,330655010,9545757085,PDM,3336C0003X,tier_1_primary_pharmacy,Y,Y,
1346047032,"MY PHARMACY CRYSTAL RIVER, LLC",927 N CITRUS AVE FL 34428,,CRYSTAL RIVER,FL,344283422,3525657342,CEO,333600000X,tier_1_primary_pharmacy,Y,Y,
1457159097,VITAL PHARMACY LLC,997 BLANDING BLVD STE 5,,ORANGE PARK,FL,320656790,8567256905,OWNER,3336C0003X,tier_1_primary_pharmacy,Y,Y,
1922892447,INJURED RESPONSE PHARMACY LLC,37 E ACRE DR,,PLANTATION,FL,333172640,8006601477,CEO,333600000X,tier_1_primary_pharmacy,Y,Y,
1811781438,MIDWAY SPECIALTY CARE RX LLC,2247 PALM BEACH LAKES BLVD STE 209,,WEST PALM BEACH,FL,334093408,5615136237,CEO,3336C0003X,tier_1_primary_pharmacy,Y,Y,
1639966534,FOUNDATION PHARMACY LLC,10204 NW 47TH ST,,SUNRISE,FL,333517980,8888571984,PIC/MANAGER,3336C0003X,tier_1_primary_pharmacy,Y,Y,
1861280596,"PRAXIS SPECIALTY PHARMACY, LLC",5455 W WATERS AVE STE 214,,TAMPA,FL,336341208,8889037453,PRESIDENT,3336C0003X|3336M0002X,tier_1_primary_pharmacy,Y,Y,
1578352266,"JMP HEALTH AND PHARMACY SERVICES, INC",9787 SW 72ND ST,,MIAMI,FL,331734615,7865580702,PRESIDENT,3336C0003X,tier_1_primary_pharmacy,Y,Y,
1104615798,ARTURITOS PHARMACY INC,8740 SW 72ND ST,,MIAMI,FL,331733512,7867764226,OWNER,333600000X,tier_1_primary_pharmacy,Y,Y,
1295526648,"RX CARE OF TAMPA, LLC",5138 N FLORIDA AVE,,TAMPA,FL,336032154,8132496593,CEO,3336C0003X|333600000X,tier_1_primary_pharmacy,Y,Y,
1326839325,LAKELAND COMMUNITY PHARMACY LLC,2430 US HIGHWAY 92 E,,LAKELAND,FL,338012650,8633331111,MEMBER,333600000X|3336C0003X,tier_1_primary_pharmacy,Y,Y,
1124810908,"WESTMINSTER SENIOR CARE PHARMACY, LLC",13880 SHELL POINT PLZ STE 130,,FORT MYERS,FL,339083504,4072449280,PHARMACY CONTROLLER,3336C0003X|3336L0003X,tier_1_primary_pharmacy,Y,Y,
1881487726,EKON RX INC,1028 E BRANDON BLVD,,BRANDON,FL,335115509,8136993496,PRESIDENT,3336C0003X,tier_1_primary_pharmacy,Y,Y,
1558154732,THE PHARMACY HUB 2 LLC,2750 BRIDGE WAY UNIT 180,,DAVIE,FL,333141655,9548959454,OWNER/PHARMACIST,3336C0003X,tier_1_primary_pharmacy,Y,Y,
1184515140,FORT LAUDERDALE PHARMACY LLC,3331 N FEDERAL HWY STE A,,OAKLAND PARK,FL,333061034,9548073337,PRESIDENT,3336C0003X,tier_1_primary_pharmacy,Y,Y,
1407748320,TAQUECHEL PHARMACY RX LLC,20920 W DIXIE HWY,,AVENTURA,FL,33180,3059745604,OWNER,333600000X,tier_1_primary_pharmacy,Y,Y,
1578445599,OPN RX LLC,3911 HOLLYWOOD BLVD STE 106,,HOLLYWOOD,FL,330216795,9546974745,CEO/OWNER,3336C0003X,tier_1_primary_pharmacy,Y,Y,
1437031234,E-RX LABS LLC,34911 US HIGHWAY 19 N STE B,,PALM HARBOR,FL,346841966,7143568759,CEO,333600000X,tier_1_primary_pharmacy,Y,Y,
1477436673,RX EXPRESS OF PACE INC,6775 CHUMUCKLA HWY,,PACE,FL,32571,8508898990,PRESIDENT,333600000X,tier_1_primary_pharmacy,Y,Y,
1528941440,MARIGOLD AVENUE PHARMACY LLC,4792 MARIGOLD AVE,,KISSIMMEE,FL,347593326,4072014640,OFFICER,3336C0003X,tier_1_primary_pharmacy,Y,Y,
1861375578,OCALA AH PHARMACY LLC,3949 SW COLLEGE RD STE 100C,,OCALA,FL,344745713,3524508040,OWNER,3336C0003X,tier_1_primary_pharmacy,Y,Y,
1518841360,VERED RX LLC,6555 NOVA DR STE 305,,DAVIE,FL,333177404,8887974632,OWNER,333600000X|3336L0003X|3336C0003X,tier_1_primary_pharmacy,Y,Y,
1801773338,"ALL DISCOUNT PHARMACY, LLC",15084 S JOG RD,,DELRAY BEACH,FL,334461218,5612479383,PRESIDENT,3336C0003X,tier_1_primary_pharmacy,Y,Y,
1376420562,GOLD GORILLA PHARMACY LLC,8424 4TH ST N STE F,,ST PETERSBURG,FL,337023654,8888800766,OWNER/PHARMACIST,333600000X,tier_1_primary_pharmacy,Y,Y,
1932086923,MLINK RX LLC,15511 N FLORIDA AVE # 103,,TAMPA,FL,336131263,8137710010,OWNER,3336S0011X|3336C0003X,tier_1_primary_pharmacy,Y,Y,
1851270797,YOUR RX PHARMACY LLC,3060 COUNTRY CLUB LN,,HALLANDALE,FL,330095118,3057053247,MANAGER,3336C0003X,tier_1_primary_pharmacy,Y,Y,
1770463150,"SOLMED RX, LLC",8659 NW 36TH ST,,DORAL,FL,331666621,3056317477,PHARMACY MANAGER,3336C0003X,tier_1_primary_pharmacy,Y,Y,
1457232209,PUREWELL PHARMACY LLC,8730 N MOBLEY RD,,ODESSA,FL,335562509,8135535010,PRESIDENT/OWNER,3336C0003X,tier_1_primary_pharmacy,Y,Y,
1346121720,"MAYO PHARMACY AND WELLNESS CENTER, INC.",523 N MARION AVE,,LAKE CITY,FL,320552882,3863441422,OWNER,3336C0003X,tier_1_primary_pharmacy,Y,Y,
1336010271,"CAREWELL PHARMACY, LLC",1015 W 19TH ST STE 104,,HIALEAH,FL,330102333,7866368637,OWNER/PHARMACIST,3336C0003X,tier_1_primary_pharmacy,Y,Y,
1942174776,SUNSHINE PHARMACY OF LONGWOOD LLC,876 S US HIGHWAY 17 92,,LONGWOOD,FL,327505711,4077907254,OWNER,3336C0004X|3336C0003X,tier_1_primary_pharmacy,Y,Y,
1255206801,JT PHARMACY LLC,10549 N FLORIDA AVE STE G,,TAMPA,FL,336126707,3526781881,OWNER/MBR,3336C0003X,tier_1_primary_pharmacy,Y,Y,
1952276230,PHARMIQUE PHARMACY LLC,1210 S INTERNATIONAL PKWY STE 166,,LAKE MARY,FL,327461691,4076109090,PHARMACIST,3336C0004X|3336C0003X,tier_1_primary_pharmacy,Y,Y,
1013882851,THE PHARMACY AT CLERMONT LLC,1740 US HIGHWAY 27 UNIT 30,,CLERMONT,FL,347146214,6893197001,OWNER,3336C0003X,tier_1_primary_pharmacy,Y,Y,
1790651735,CITRUS TOWER PHARMACY LLC,2761 CITRUS TOWER BLVD STE 102,,CLERMONT,FL,347117010,3524048408,OWNER,3336C0003X,tier_1_primary_pharmacy,Y,Y,
1336019652,VERED RX LLC,6555 NOVA DR STE 305,,DAVIE,FL,333177404,8887974632,OWNER,333600000X,tier_1_primary_pharmacy,Y,Y,
1801756788,"MY PHARMACY CRYSTAL RIVER, LLC",20360 GATOR LN,,LAND O LAKES,FL,346382802,8133463100,CEO,333600000X,tier_1_primary_pharmacy,Y,Y,
1427918309,"MY PHARMACY CRYSTAL RIVER, LLC",14730 COBRA WAY,,HUDSON,FL,346691083,7272463900,CEO,333600000X,tier_1_primary_pharmacy,Y,Y,
1093675787,LAKEN PHARMACY LLC,11109 W COLONIAL DR,,OCOEE,FL,347612935,4075542110,OWNER/PHARMACIST,3336C0003X,tier_1_primary_pharmacy,Y,Y,
1578426821,OP PHARMACY LLC,11826 MIRAMAR PKWY,,MIRAMAR,FL,330255800,9548853011,PHARMACY LICENSING MANAGER,3336C0003X,tier_1_primary_pharmacy,Y,Y,
1366306532,SOWAL PHARMACY LLC,9375 EMERALD COAST PKWY W STE 6,,MIRAMAR BEACH,FL,325507275,8507972711,OWNER,3336C0004X|3336C0003X,tier_1_primary_pharmacy,Y,Y,
1336003318,"PROCARE PHARMACY CARE, LLC",2850 N COMMERCE PKWY,,MIRAMAR,FL,330253958,8006620586,PHARMACIST IN CHARGE,333600000X,tier_1_primary_pharmacy,Y,Y,
1689531501,PQ PHARMACY,15225 TECHNOLOGY DR,,BROOKSVILLE,FL,346040692,3524778977,"CEO, PIC",3336C0003X,tier_1_primary_pharmacy,Y,Y,
1922966563,"MY PHARMACY CRYSTAL RIVER, LLC",3381 TOWN AVE,,NEW PORT RICHEY,FL,346552168,3524045588,PRESIDENT & CEO,333600000X,tier_1_primary_pharmacy,Y,Y,
1992663546,"MY PHARMACY CRYSTAL RIVER, LLC",8585 OLD PASCO RD,,WESLEY CHAPEL,FL,335442913,3524045588,PRESIDENT & CEO,333600000X,tier_1_primary_pharmacy,Y,Y,
1821956475,"MY PHARMACY CRYSTAL RIVER, LLC",38503 CENTENNIAL RD,,DADE CITY,FL,335251654,3524045588,PRESIDENT & CEO,333600000X,tier_1_primary_pharmacy,Y,Y,
1770441925,"MY PHARMACY CRYSTAL RIVER, LLC",5375 SCHOOL RD,,NEW PORT RICHEY,FL,34652,3524045588,PRESIDENT & CEO,333600000X,tier_1_primary_pharmacy,Y,Y,
1982563938,"WESTMINSTER SENIOR CARE PHARMACY, LLC",13880 SHELL POINT PLZ,,FORT MYERS,FL,339083503,2393964609,PHARMACY CONTROLLER,333600000X|3336L0003X,tier_1_primary_pharmacy,Y,Y,
1811847361,"PRIME CARE SALUD NOVA PHARMACY, LLC",4213 E 4TH AVE,,HIALEAH,FL,330132305,3056880644,OWNER,333600000X|3336C0003X,tier_1_primary_pharmacy,Y,Y,
1912857319,OPTIMAL HEALTH PHARMACY OF SISTRUNK LLC,1409 SISTRUNK BLVD.,105,FORT LAUDERDALE,FL,33311,3057054024,OWNER/PHARMACIST IN CHARGE,333600000X,tier_1_primary_pharmacy,Y,Y,
1023969995,SPECIALTY CARE PHARMACY LLC,5915 MEMORIAL HWY STE 104,,TAMPA,FL,336155008,8132907555,OWNER,3336S0011X|3336C0004X|3336C0003X,tier_1_primary_pharmacy,Y,Y,
1942152459,FRONTLINE RX PHARMACY LLC,7332 NW 5TH ST,,PLANTATION,FL,333171605,8005391788,OWNER,333600000X,tier_1_primary_pharmacy,Y,Y,
1316899503,THE HEALTH MALL PHARMACY LLC,1782 W FLAGLER ST,,MIAMI,FL,331352017,3055190575,CEO,333600000X,tier_2_secondary_pharmacy,N,Y,
1467305722,UNIVIDA PHARMACY,4353 NW 77TH AVE FL 1,,MIAMI,FL,331666736,7864453689,VP OF OPERATIONS,3336C0003X,tier_1_primary_pharmacy,Y,Y,
1285587238,RELIANCE PHARMACY 2 LLC,901 45TH ST,,MANGONIA PARK,FL,334072413,5613292376,MANAGER,3336C0003X,tier_1_primary_pharmacy,Y,Y,
1871448977,BELL PHARMACY 008 LLC,2251 DREW ST STE A,,CLEARWATER,FL,337653306,4077607351,ADMIN,3336C0003X,tier_1_primary_pharmacy,Y,Y,
1902751001,BELL PHARMACY 009 LLC,915 CHESTNUT ST STE B,,CLEARWATER,FL,337565643,4077607351,ADMIN,3336C0003X,tier_1_primary_pharmacy,Y,Y,
1326994153,W. ATLANTIC DISCOUNT PHARMACY LLC,15071 S STATE ROAD 7 STE 150,,DELRAY BEACH,FL,334464112,5617742920,OWNER,3336C0003X,tier_1_primary_pharmacy,Y,Y,
1598612186,JNS RX LLC,10420 US HIGHWAY 301 S,,RIVERVIEW,FL,335785806,8136773800,PRESIDENT,333600000X|3336L0003X,tier_1_primary_pharmacy,Y,Y,
1760330518,ILS PHARMACY LLC,7758 NW 46TH ST,,DORAL,FL,331665460,7863147496,OFFICER,3336C0003X|3336L0003X,tier_1_primary_pharmacy,Y,Y,
1285577353,VERED RX LLC,6555 NOVA DR STE 305,,DAVIE,FL,333177404,8887974632,OWNER,3336C0003X,tier_1_primary_pharmacy,Y,Y,
1598600066,RXCONNECT PHARMACY LLC,1357 S PARSONS AVE,,SEFFNER,FL,335844573,8136998262,PRESIDENT,333600000X,tier_1_primary_pharmacy,Y,Y,
1932045549,JJ APOTHECARY LLC,18463 PINES BLVD,,PEMBROKE PINES,FL,330291400,7864022423,OWNER/PHARMACIST,3336C0003X,tier_1_primary_pharmacy,Y,Y,
1376489526,TRUE LIGHT HEALTHHUB PHARMACY LLC,13526 VILLAGE PARK DR,,ORLANDO,FL,328377685,7723219963,OWNER,3336C0004X|3336S0011X|3336C0003X,tier_1_primary_pharmacy,Y,Y,
1356288450,LAKE BUENA VISTA PHARMACY LLC,13401 BLUE HERON BEACH DR STE 101,,ORLANDO,FL,328216375,4079514590,PHARMACY MANAGER,3336C0003X,tier_1_primary_pharmacy,Y,Y,
1619814043,"VACCINE VAN RX, LLC",925 S MILITARY TRL # D7,,WEST PALM BEACH,FL,334153977,9544153841,OWNER,3336C0003X,tier_1_primary_pharmacy,Y,Y,
1619806122,"HOATC PHARMACY, LLC",1801 SE HILLMOOR DR STE B-107,,PORT ST LUCIE,FL,349527550,8886428208,OWNER,3336C0003X,tier_1_primary_pharmacy,Y,Y,
1043140064,ICARE PHARMACY LLC,3094 S ORLANDO DR,,SANFORD,FL,327735318,4077665720,OWNER/PHARMACIST IN CHARGE,3336C0004X|3336L0003X|3336M0002X|3336C0003X,tier_1_primary_pharmacy,Y,Y,
1598695157,WEST ATLANTIC PHARMACY INCORPORATED,7495 ATLANTIC AVE STE 206-204,,DELRAY BEACH,FL,334461393,5617062878,PIC/OWNER,333600000X,tier_1_primary_pharmacy,Y,Y,
1386576197,JYJ PHARMACY,8756 SW 8TH ST,,MIAMI,FL,331743201,7865344608,OWNER,3336C0003X,tier_1_primary_pharmacy,Y,Y,
