npi,organization_name,address_1,address_2,city,state,zip,phone,authorized_official_title,matched_taxonomy_codes,pharmacy_tier,primary_pharmacy_flag,likely_independent,chain_exclusion_match
1811990146,"PIKE'S PHARMACY, INC",2133 SHAMROCK DR,,CHARLOTTE,NC,282052132,7045632286,PHARMACIST OWNER,333600000X,tier_1_primary_pharmacy,Y,Y,
1770587644,MEDICAL CENTER PHARMACY INC,805 S LONG DR,,ROCKINGHAM,NC,283794317,9109974471,PRESIDENT,333600000X|3336C0003X,tier_1_primary_pharmacy,Y,Y,
1528062403,MEDICAL PARK PHARMACY OF ROCKINGHAM INC,921 S LONG DR,STE 105,ROCKINGHAM,NC,283794874,9104173490,OWNER,333600000X|3336C0003X,tier_1_primary_pharmacy,Y,Y,
1740284298,HICKS PHARMACY LLC,1072 N MAIN ST,STE 103,WALNUT COVE,NC,270529312,3365914345,OWNER,333600000X|3336C0003X,tier_2_secondary_pharmacy,N,Y,
1215932082,CHAIR CITY PHARMACY INCORPORATED,916 RANDOLPH ST STE C,,THOMASVILLE,NC,273605729,3364751888,VP AND SECRETARY,333600000X|3336C0003X,tier_1_primary_pharmacy,Y,Y,
1437154481,WENDELL DRUG CO. INC.,3430 WENDELL BLVD,,WENDELL,NC,275916925,9193658800,PRESIDENT,333600000X|3336C0003X,tier_1_primary_pharmacy,Y,Y,
1255336285,ZEBULON DRUG COMPANY INC,303 N ARENDELL AVE,,ZEBULON,NC,275972605,9192697481,PRESIDENT,333600000X|3336C0003X,tier_1_primary_pharmacy,Y,Y,
1134120017,ASHER-MCADAMS DRUG CO.,305 TROLLINGER ST,,BURLINGTON,NC,272152227,3362261619,PRESIDENT,3336C0003X,tier_1_primary_pharmacy,Y,Y,
1942201173,"FARMVILLE DISCOUNT DRUG, INC.",3708 N MAIN ST,,FARMVILLE,NC,278281465,2527532092,PRESIDENT,3336C0004X|3336H0001X|3336C0003X,tier_1_primary_pharmacy,Y,Y,
1558353110,BIRMINGHAM DRUG CO INC,27 W MAIN STREET,,HAMLET,NC,28345,9105823585,OWNER,333600000X|3336C0003X,tier_1_primary_pharmacy,Y,Y,
1104818475,HEALTHWISE PHARMACY OF GREENVILLE INC,615B S MEMORIAL DR,,GREENVILLE,NC,278342856,2527520338,PRESIDENT,333600000X|3336C0004X|3336S0011X|3336C0003X,tier_1_primary_pharmacy,Y,Y,
1255324380,"LOWRY DRUG COMPANY, INC.",750 HARTNESS RD,,STATESVILLE,NC,286773400,7048739032,VP,333600000X,tier_2_secondary_pharmacy,N,Y,
1548253628,"BEST CARE PHARMACY OF CREEDMOOR, L.L.C.",1614 NC HIGHWAY 56,,CREEDMOOR,NC,275228297,9195290351,PHARMACIST/OWNER,333600000X,tier_2_secondary_pharmacy,N,Y,
1457344988,HALSEY DRUG LLC,5121 NC HIGHWAY 88 WEST,,WARRENSVILLE,NC,286939209,3363843900,VICE PRESIDENT,333600000X,tier_1_primary_pharmacy,Y,Y,
1043204902,COMMUNITY FAMILY PHARMACY,1194 WYKE RD,,SHELBY,NC,281504259,7044824457,OWNER,3336C0003X,tier_1_primary_pharmacy,Y,Y,
1407843584,GATE CITY PHARMACY INC,803 FRIENDLY CENTER RD STE C,,GREENSBORO,NC,274082024,3362926888,BUYER,3336C0004X|333600000X|3336C0003X,tier_1_primary_pharmacy,Y,Y,
1336137496,VILLAGE PHARMACY INC,108 S MAIN ST,,ROBERSONVILLE,NC,27871,2527953130,OWNER,3336C0003X,tier_1_primary_pharmacy,Y,Y,
1821087990,MEDICAL ARTS PHARMACY OF LUMBERTON INC,1550 GODWIN AVE,,LUMBERTON,NC,283584206,9107393370,VICE PRESIDENT/OWNER,333600000X,tier_1_primary_pharmacy,Y,Y,
1528058187,JONES PHARMACY ENTERPRISES INC,5123A SOUTH BLVD,,CHARLOTTE,NC,282172709,7045221138,V PRESIDENT,333600000X,tier_1_primary_pharmacy,Y,Y,
1386634947,BELMONT PHARMACY INC,105 PROFESSIONAL DR,,REIDSVILLE,NC,273207173,3363424221,OWNER/PRESIDENT,333600000X|3336C0003X,tier_1_primary_pharmacy,Y,Y,
1003890252,AKERS PHARMACY INC,1595 E GARRISON BLVD,,GASTONIA,NC,280545138,7048653411,PRESIDENT,333600000X|3336C0003X,tier_1_primary_pharmacy,Y,Y,
1205811015,LSA PHARMACY INC,320 CALHOUN ST,,SALISBURY,NC,28144,7046420952,PHCST MGR,333600000X|3336L0003X,tier_1_primary_pharmacy,Y,Y,
1538145610,"FAMILY PHARMACY OF STATESVILLE, INC.",3478 E BROAD ST,,STATESVILLE,NC,286254523,7048720296,CEO,333600000X|3336C0003X|3336C0004X|3336H0001X|3336L0003X,tier_1_primary_pharmacy,Y,Y,
1942287776,TOMS DRUG CO,1 N FRONT ST,,WILMINGTON,NC,284014436,9107623391,PRES,3336C0003X,tier_1_primary_pharmacy,Y,Y,
1992782643,"STANTONSBURG DRUG COMPANY, INC",105 SOUTH MAIN STREET,,STANTONSBURG,NC,278830040,2522383539,OWNER-MANAGER,333600000X|3336C0003X,tier_1_primary_pharmacy,Y,Y,
1932188836,COMMUNITY PHARMACY OF BETHLEHEM INC,9471 NC HIGHWAY 127,,HICKORY,NC,286018394,8284958258,VICE PRESIDENT,3336C0003X,tier_1_primary_pharmacy,Y,Y,
1912986001,W C ROSE DRUG STORE INC,309-B NASH ST W,,WILSON,NC,27893,2522371188,PRESIDENT,333600000X,tier_1_primary_pharmacy,Y,Y,
1851362081,COMMUNITY PHARMACY OF ROXBORO INC,719 N. MAIN ST.,,ROXBORO,NC,27573,3365999293,PHARMACIST/OWNER,333600000X,tier_1_primary_pharmacy,Y,Y,
1134194707,GURLEYS PHARMACY INC,114 W MAIN ST,,DURHAM,NC,27701,9196888978,VP,333600000X,tier_1_primary_pharmacy,Y,Y,
1548236144,GOLDSBORO DRUG COMPANY INC,101 N CENTER ST,,GOLDSBORO,NC,275303620,9197343725,MANAGER/ HEAD PHARMACIST,333600000X,tier_1_primary_pharmacy,Y,Y,
1922075662,SOUTHEAST FAMILY PHARMACY INC,223 NC HIGHWAY 111 S,,GOLDSBORO,NC,275349253,9197781110,OWNER/PHARMACIST,333600000X|3336C0003X,tier_1_primary_pharmacy,Y,Y,
1871560631,DAMERON DRUG STORE INC,100 S MAIN ST,,TABOR CITY,NC,28463,9106533089,VICE PRESIDENT/COMPLIANCE OFFICER,3336C0003X,tier_1_primary_pharmacy,Y,Y,
1891762134,CLINTON PHARMACY LLC,307 BEAMAN ST,,CLINTON,NC,283282907,9105928444,MANAGING PARTNER,333600000X|3336L0003X|3336C0003X,tier_1_primary_pharmacy,Y,Y,
1366411050,MINTON RX INC,925 MEMORIAL DR E,,AHOSKIE,NC,279103915,2523323444,OWNER,3336C0003X,tier_1_primary_pharmacy,Y,Y,
1649231937,JAMES & ASSOCIATES DBA PERSON STREET DISCOUNT PHARMACY,301 PACE ST,,RALEIGH,NC,276041208,9198332332,V.PRES./PHARMACIST,333600000X,tier_1_primary_pharmacy,Y,Y,
1053372342,"PERSON STREET PHARMACY OF RALEIGH, INC.",702 N PERSON ST,,RALEIGH,NC,276041216,9198326432,PRESIDENT/PHARMACIST,333600000X,tier_1_primary_pharmacy,Y,Y,
1982665170,GATEWAY PHARMACY LLC,510 PINEVIEW DR,,KERNERSVILLE,NC,272843663,3369922111,OWNER,333600000X|3336C0003X,tier_1_primary_pharmacy,Y,Y,
1568425098,NORTHWOODS DRUG CO INC,344 HENDERSON DR,,JACKSONVILLE,NC,28540,9103472141,PRESIDENT,333600000X,tier_1_primary_pharmacy,Y,Y,
1477517589,WINTER PARK DISCOUNT DRUG NILKANTH INC.,5220 WRIGHTSVILLE AVE,,WILMINGTON,NC,284037056,9107912346,PRESIDENT,333600000X|3336C0003X,tier_1_primary_pharmacy,Y,Y,
1144285578,"FAMILY CARE PHARMACY, INC",606 S CHURCH ST,,HERTFORD,NC,279441205,2524262214,OWNER,333600000X|3336C0003X,tier_1_primary_pharmacy,Y,Y,
1740246677,"EDEN DRUG, INC.",103 W STADIUM DR,,EDEN,NC,272883329,3366274854,"PRESIDENT, PHARMACIST",3336C0003X,tier_1_primary_pharmacy,Y,Y,
1720044720,PROFESSIONAL PHARMACY OF OXFORD LLC,140 ROXBORO RD,,OXFORD,NC,275652642,9196938555,MEMBER/MANAGER,333600000X|3336C0004X|3336C0003X,tier_1_primary_pharmacy,Y,Y,
1083672059,"MEDICAL VILLAGE PHARMACY, INC.",815 FAIRGROVE CHURCH RD,,CONOVER,NC,286138609,8283224505,PRESIDENT,3336C0003X,tier_1_primary_pharmacy,Y,Y,
1881652881,CENTER STREET PHARMACY INC,316 EAST CENTER STREET,,LEXINGTON,NC,27292,3362485048,PHARMACY MGR,3336C0003X,tier_1_primary_pharmacy,Y,Y,
1447209978,BRIDGE STREET PHARMACY INC,817 N BRIDGE ST,,ELKIN,NC,28621,3368353131,PRESIDENT OWNER,333600000X|3336C0003X,tier_1_primary_pharmacy,Y,Y,
1073564928,PROFESSIONAL PHARMACY INC,139 1/2 E COLLEGE AVE,,BOILING SPRINGS,NC,280171168,7044349897,OWNER,3336C0003X,tier_1_primary_pharmacy,Y,Y,
1720039316,EDWARD V BEAM PHARMACY INC,108 E GROVER ST,,SHELBY,NC,281503804,7044878068,OWNER,3336C0003X|333600000X,tier_1_primary_pharmacy,Y,Y,
1871547018,"KERR DRUG, INC",1016 N ARENDELL AVE,TRIANGLE EAST CTR,ZEBULON,NC,275972358,9192697100,VP OF PHARMACY,333600000X|3336C0003X,tier_1_primary_pharmacy,Y,Y,
1750335998,KERR DRUG INC,4441 SIX FORKS RD,NORTH HILLS MALL,RALEIGH,NC,276095729,9197871155,VP OF PHARMACY,333600000X|3336C0003X,tier_1_primary_pharmacy,Y,Y,
1104870351,KERR DRUG INC,8385 CREEDMOOR RD,TOWNE NORTH PLZ,RALEIGH,NC,276131385,9198478101,VP OF PHARMACY,333600000X|3336C0003X,tier_1_primary_pharmacy,Y,Y,
1861446023,KERR DRUG INC,403 E MAIN ST,,BENSON,NC,275041530,9192070637,VP OF PHARMACY,333600000X|3336C0003X,tier_1_primary_pharmacy,Y,Y,
1104870260,KERR DRUG INC,816 N MAIN ST,DARLINGTON PLZ,FUQUAY VARINA,NC,275262067,9195524248,VP OF PHARMACY,333600000X|3336C0003X,tier_1_primary_pharmacy,Y,Y,
1275587339,KERR DRUG INC,1219 BUCK JONES RD,,RALEIGH,NC,276063326,9194676364,VP OF PHARMACY,333600000X|3336C0003X,tier_1_primary_pharmacy,Y,Y,
1447204508,KERR DRUG INC,1106 ENVIRON WAY,,CHAPEL HILL,NC,275174418,9199428738,VP OF PHARMACY,333600000X|3336C0003X,tier_1_primary_pharmacy,Y,Y,
1265486328,KERR DRUG INC,625 HARPER AVE SW,,LENOIR,NC,286455250,8287585196,VP OF PHARMACY,333600000X|3336C0003X,tier_1_primary_pharmacy,Y,Y,
1164476222,KERR DRUG INC,1812 HOLLOWAY ST,VILLAGE S/C,DURHAM,NC,277032210,9196829271,VP OF PHARMACY,333600000X|3336C0003X,tier_1_primary_pharmacy,Y,Y,
1699720441,MEDICAL PARK PHARMACY GREENVILLE,1872 W ARLINGTON BLVD,STE M,GREENVILLE,NC,278345704,2523210222,VICE PRESIDENT,333600000X|3336C0003X,tier_1_primary_pharmacy,Y,Y,
1558318683,JOHNSON DRUG COMPANY INC,714 NEW BRIDGE ST,,JACKSONVILLE,NC,285405435,9103475185,PRESIDENT,3336C0004X|3336H0001X|3336C0003X,tier_1_primary_pharmacy,Y,Y,
1942257654,"FALLS RIVER PHARMACY, LLC",10930 RAVEN RIDGE RD,SUITE 109,RALEIGH,NC,276148725,9198442055,MEMBER-MANAGER,3336C0003X,tier_1_primary_pharmacy,Y,Y,
1174570840,HAYES BARTON PHARMACY INC-A NEW CORP,2000 FAIRVIEW RD,,RALEIGH,NC,276082374,9198324641,PRESIDENT,333600000X|3336C0003X,tier_1_primary_pharmacy,Y,Y,
1003863689,"SILER CITY PHARMACY, LLC",202A E RALEIGH ST,,SILER CITY,NC,27344,9196635541,MEMBER-MANAGER,3336C0003X,tier_1_primary_pharmacy,Y,Y,
1831136761,"COMMUNITY PHARMACY, INC.",3302 BRIDGES ST,STE A,MOREHEAD CITY,NC,285572983,2527267787,PRESIDENT,333600000X|3336C0004X|3336C0003X,tier_1_primary_pharmacy,Y,Y,
1861430811,HARRISBURGS HOMETOWN PHARMACY INC,5006 HWY 49 SOUTH,,HARRISBURG,NC,28075,7044547948,PHARMACY MANAGER CO OWNER,3336L0003X|3336C0003X,tier_1_primary_pharmacy,Y,Y,
1346281979,"DDP PHARMACY, INC",107 SMITH CHURCH RD,,ROANOKE RAPIDS,NC,278704911,2525377010,COO,3336S0011X|3336C0003X,tier_1_primary_pharmacy,Y,Y,
1427099324,"CHINA GROVE DRUG CO., INC.",112 S MAIN ST,,CHINA GROVE,NC,280232448,7048577951,PRESIDENT,3336C0003X,tier_1_primary_pharmacy,Y,Y,
1053352989,CAREMOR FAMILY PHARMACY INC,3634 N HIGHWAY 16,,DENVER,NC,280378268,7044892223,PRESIDENT,333600000X|3336C0003X,tier_1_primary_pharmacy,Y,Y,
1285676882,ELLERBE PHARMACY,274 SECOND STREET,,ELLERBE,NC,28338,9106526261,OWNER-MANAGER,333600000X|3336C0003X,tier_1_primary_pharmacy,Y,Y,
1093757692,WEBSTERS PHARMACY,214 S MAIN ST,,FAIRMONT,NC,283401904,9106286362,PRESIDENT/ PHARMACY MGR,333600000X|3336C0003X,tier_1_primary_pharmacy,Y,Y,
1780626135,"CHS PHARMACY SERVICES, INC.",4400 GOLF ACRES DR,BLDG J STE C,CHARLOTTE,NC,282085968,7045126800,"DIRECTOR, PHARMACY SERVICES",333600000X|3336S0011X|3336C0003X,tier_1_primary_pharmacy,Y,Y,
1407898851,"MOUNTAIN APOTHECARY, INC",110 PARK AVE,,BANNER ELK,NC,286046604,8288984271,PHARMACY MANAGER/OWNER,333600000X|3336C0003X,tier_1_primary_pharmacy,Y,Y,
1134161581,MOUNT PILOT DRUG INC,119 W MAIN ST,,PILOT MOUNTAIN,NC,270419303,3363683500,PRESIDENT,333600000X|3336C0003X,tier_1_primary_pharmacy,Y,Y,
1710929286,DUNN DISCOUNT DRUG INC,710 ERWIN RD,,DUNN,NC,283344522,9108928187,PHARMACY MANAGER,333600000X|3336C0003X,tier_1_primary_pharmacy,Y,Y,
1912949710,INNES STREET DRUG COMPANY,1706 W INNES ST,,SALISBURY,NC,281442552,7046361712,PRESIDENT OWNER,333600000X|3336C0003X,tier_1_primary_pharmacy,Y,Y,
1639111453,INNES ST DRUG COMPANY INC,112 S MAIN ST,,SALISBURY,NC,281444942,7046334521,PRESIDENT,333600000X|3336C0003X|3336L0003X,tier_1_primary_pharmacy,Y,Y,
1306888128,BAILEY PHARMACY INC,6174 MAIN STREET,,BAILEY,NC,27807,2522353562,OWNER/PIC/PRESIDENT,333600000X|3336C0003X,tier_1_primary_pharmacy,Y,Y,
1215979034,WALKERTOWN FAMILY PHARMACY INC,2905 DARROW RD,,WALKERTOWN,NC,270519682,3365956979,PRESIDENT,333600000X|3336C0003X,tier_1_primary_pharmacy,Y,Y,
1124060942,MOOSE DRUG COMPANY,740 CHURCH ST N,,CONCORD,NC,280254336,7047922555,OWNER,3336S0011X|333600000X|3336C0003X,tier_1_primary_pharmacy,Y,Y,
1265475560,LAYNES FAMILY PHARMACY,509 S VAN BUREN RD,,EDEN,NC,272885082,3366274600,PHARM/OWNER,333600000X|3336C0003X,tier_1_primary_pharmacy,Y,Y,
1932144912,VILLAGE PHARMACY LLC,5106 HWY 87 S,STE 100,FAYETTEVILLE,NC,28306,9104833466,OWNER,333600000X|3336C0003X,tier_1_primary_pharmacy,Y,Y,
1902841133,MEASURED DOSE PHARMACY INC,750 4TH ST SW,STE B,HICKORY,NC,286023401,8283229365,PRESIDENT,333600000X|3336L0003X,tier_1_primary_pharmacy,Y,Y,
1598700718,NORTHWESTERN DRUG CO INC,53 E MAIN AVE,,TAYLORSVILLE,NC,286812540,8286322278,OWNER,333600000X|3336C0003X,tier_1_primary_pharmacy,Y,Y,
1366488454,1ST RX PHARMACY INC,837 N CENTER ST,,STATESVILLE,NC,286773222,7048720880,PRESIDENT/OWNER,3336C0003X,tier_1_primary_pharmacy,Y,Y,
1467498352,MEDIFARE DRUG CENTER OF EARL INC,129 W MOUNTAIN ST,,KINGS MOUNTAIN,NC,280863447,7047394721,OWNER,333600000X|3336C0003X,tier_1_primary_pharmacy,Y,Y,
1376589267,MED CARE PHARMACY INC,5805 DEPARTURE DR,STE E,RALEIGH,NC,276161859,9188449248,OWNER PHARMACIST,333600000X|3336L0003X,tier_1_primary_pharmacy,Y,Y,
1285670174,THE DRUG STORE INC,3064 SALEM INDUSTRIAL DR,,WINSTON SALEM,NC,271278854,3368310500,EXECUTIVE MANAGER,333600000X|3336L0003X,tier_1_primary_pharmacy,Y,Y,
1477599850,CORNER DRUG STORES INC,23 EAST HIGHWAY 98,SUITE 100,BUNN,NC,27508,9194971700,PRESIDENT,333600000X|3336C0003X,tier_1_primary_pharmacy,Y,Y,
1376579052,CHS PHARMACY SERVICES INC,920 CHURCH ST N,,CONCORD,NC,28025,7044031568,AVP PHARMACY SERVICES,3336S0011X|333600000X|3336C0003X,tier_1_primary_pharmacy,Y,Y,
1972539294,EDC DRUG STORES,1404 NATIONAL HWY,,THOMASVILLE,NC,273602320,3368874927,SR MANAGER THIRD PARTY ENROLLMENTS,3336C0003X,tier_1_primary_pharmacy,Y,Y,
1306873781,WESTERN WAKE MEDICAL CENTER PHARMACY,1900 KILDAIRE FARM RD,,CARY,NC,275116616,9193502300,SR VP AND CFO,333600000X,tier_1_primary_pharmacy,Y,Y,
1215966502,HARMONY DRUG INC,111 W MEMORIAL HWY,,HARMONY,NC,28634,7045465885,PRESIDENT/OWNER,3336C0003X,tier_1_primary_pharmacy,Y,Y,
1528097441,MACK'S 1ST RX PHARMACY INC,8782 NC HWY 90 E,,STONY POINT,NC,28678,7045852102,PRESIDENT/OWNER,3336C0003X,tier_1_primary_pharmacy,Y,Y,
1558390476,TROUTMAN 1ST RX PHARMACY,106 WAGNER STREET,,TROUTMAN,NC,28166,7045286611,PRESIDENT/OWNER,3336C0003X,tier_1_primary_pharmacy,Y,Y,
1366472292,THE HAWTHORNE PHARMACY LLC,1622 SOUTH HAWTHORNE ROAD,,WINSTON-SALEM,NC,271034103,3367681815,MANAGER,333600000X,tier_1_primary_pharmacy,Y,Y,
1942231535,MEDICAL CENTER PHARMACY OF CHERRYVILLE INC,607 E ACADEMY ST,,CHERRYVILLE,NC,28021,7044353263,OFFICE MANAGER,333600000X,tier_1_primary_pharmacy,Y,Y,
1801829221,KENLY DRUG & PHARMACY INC,104 E 2ND ST,,KENLY,NC,275427791,9192842333,OWNER,333600000X|3336C0003X,tier_1_primary_pharmacy,Y,Y,
1356375273,SENTRY DRUG CENTER 11,2622 E MAIN ST,,LINCOLNTON,NC,280924319,7047352551,RPH MANAGER,3336S0011X|333600000X|3336C0003X,tier_1_primary_pharmacy,Y,Y,
1700810645,SENTRY DRUG CENTER 16 INC,1446 E GASTON ST,SUITE 201,LINCOLNTON,NC,280924416,7047321194,PRESIDENT AND MANAGER,333600000X|3336C0004X|3336S0011X|3336C0003X,tier_1_primary_pharmacy,Y,Y,
1053345421,NORTHSIDE FAMILY PLAZA PHARMACY INC,1041 NOELL LN,STE 102,ROCKY MOUNT,NC,278042058,2529854265,PRES,333600000X|3336C0003X,tier_1_primary_pharmacy,Y,Y,
1427081439,"COOR'S PHARMACY, INC",1103 WAYNE MEMORIAL DR,,GOLDSBORO,NC,275342957,9197350400,PRESIDENT,3336C0003X,tier_1_primary_pharmacy,Y,Y,
1477587665,ELDER DRUG INC,804 N LINDSAY ST,,HIGH POINT,NC,272623902,3368894422,PRES,333600000X|3336C0003X,tier_1_primary_pharmacy,Y,Y,
1972528586,COMMUNITY PHARMACY OF LINCOLNTON LLC,626 CENTER DR,,LINCOLNTON,NC,280923712,7047352556,OWNER/TREASURER,3336C0003X,tier_1_primary_pharmacy,Y,Y,
1942226097,OAKWOOD PHARMACY INC,329 N FAIRVIEW RD,,ROCKY MOUNT,NC,27801,2524428159,MANAGER OWNER,3336C0003X,tier_1_primary_pharmacy,Y,Y,
1689691206,HEALTHWISE PHARMACY OF GREENVILLE INC,615B S MEMORIAL DR,,GREENVILLE,NC,278342856,2522950060,"PHARMACY MANAGER, OWNER",3336C0004X|333600000X|3336H0001X,tier_1_primary_pharmacy,Y,Y,
1548288996,"PHARMACY PLUS OF NEW BERN, INC",1204 S GLENBURNIE RD,,NEW BERN,NC,285622609,2526363322,VICE PRESIDENT,3336C0003X,tier_1_primary_pharmacy,Y,Y,
1720007610,"REALO DISCOUNT DRUG STORES OF EASTERN NORTH CAROLINA, INC.",2680 HENDERSON DR,UNIT 1,JACKSONVILLE,NC,285465296,9104559982,PRESIDENT,3336C0003X,tier_1_primary_pharmacy,Y,Y,
1235158213,REALO DISCOUNT DRUG STORES INC,125 W JONES ST,,TRENTON,NC,285857599,2524482901,PHARMACIST MANAGER,3336C0003X,tier_1_primary_pharmacy,Y,Y,
1194744342,NORTH VILLAGE PHARMACY INC,1493 MAIN ST,,YANCEYVILLE,NC,273798793,3366944104,STAFF PHARMACIST,3336C0003X,tier_1_primary_pharmacy,Y,Y,
1912926023,REALO DISCOUNT DRUG STORES OF EASTERN NORTH CAROLINA INC,1301 COMMERCE DR,,NEW BERN,NC,285622213,2526361711,PRES,333600000X|3336C0003X,tier_1_primary_pharmacy,Y,Y,
1437179892,COMMUNITY PHARMACY OF LINCOLNTON LLC,626 CENTER DR,,LINCOLNTON,NC,280923712,7047352556,MANAGER,3336C0003X,tier_1_primary_pharmacy,Y,Y,
1508886029,REALO DISCOUNT DRUG STORES OF EASTERN NORTH CAROLINA INC,137 BRIDGE TOWN BLVD,,NEW BERN,NC,285607192,2526360236,PRESIDENT,333600000X|3336C0003X,tier_1_primary_pharmacy,Y,Y,
1164442992,EASTERN CAROLINA PHARMACY CARE INC,300 N QUEEN ST,,KINSTON,NC,285014932,2525276929,OWNER/PRESIDENT,3336C0003X,tier_1_primary_pharmacy,Y,Y,
1841211620,HCC PHARMACY,402 S MAIN ST,,RAEFORD,NC,283763223,9108754831,VP OF CORPORATE AFFAIRS,333600000X|3336C0003X,tier_2_secondary_pharmacy,N,Y,
1255351078,SOUTH COURT DRUG COMPANY,210 E ELM ST STE A,,GRAHAM,NC,272533055,3362264401,PHARMACIST,3336C0003X,tier_1_primary_pharmacy,Y,Y,
1841211596,"WAYNESVILLE PHARMACY, INC.",477 HAZELWOOD AVE,,WAYNESVILLE,NC,287861946,8284565112,PRESIDENT,3336C0003X,tier_1_primary_pharmacy,Y,Y,
1144241993,EASTERN CAROLINA PHARMACY CARE INC,1302 W VERNON AVE,,KINSTON,NC,285043528,2525236069,OWNER/PRESIDENT,3336C0003X,tier_1_primary_pharmacy,Y,Y,
1427079490,NORTHSIDE FAMILY PHARMACY INC,3920 BISHOP RD,,BATTLEBORO,NC,278099038,2529854263,PRESIDENT,333600000X|3336C0003X,tier_1_primary_pharmacy,Y,Y,
1528089463,PHARMACY LAND,137 N FIELDCREST RD,,EDEN,NC,272883947,3366356450,OWNER,3336C0003X,tier_1_primary_pharmacy,Y,Y,
1699797431,REALO DISCOUNT DRUG STORES OF EASTERN NORTH CAROLINA INC,2602 DR M L KING JR BLVD,,NEW BERN,NC,285624238,2525140374,PRESIDENT,333600000X|3336C0003X,tier_1_primary_pharmacy,Y,Y,
1982626552,COLUMBIA PHARMACY INC,214 MAIN ST,,COLUMBIA,NC,27925,2527962421,OWNER,3336C0003X,tier_1_primary_pharmacy,Y,Y,
1225051261,NORTHSIDE FAMILY PHARMACY INC,3920 BISHOP RD,,BATTLEBORO,NC,278099038,2529854263,PRESIDENT,333600000X|3336C0003X,tier_1_primary_pharmacy,Y,Y,
1174547715,MCPHAILS PHARMACY INC,105 EAST H ST,MCPHAILS PHARMACY INC,ERWIN,NC,28339,9108977165,OWNER PRESIDENT,3336C0003X,tier_1_primary_pharmacy,Y,Y,
1073537494,NORTHWESTERN DRUG CO INC,255 NC HWY 16 S,,TAYLORSVILLE,NC,286813048,8286322271,PHARMACIST OWNER,333600000X|3336C0003X,tier_1_primary_pharmacy,Y,Y,
1780699322,GAMEWELL FAMILY PHARMACY,2655 MORGANTON BLVD SW,,LENOIR,NC,286458183,8287549500,OWNER,333600000X|3336C0003X,tier_1_primary_pharmacy,Y,Y,
1881609477,PENSLOW PHARMACY,206 N DYSON ST,,HOLLY RIDGE,NC,284458502,9103296151,OWNER,333600000X|3336C0003X,tier_1_primary_pharmacy,Y,Y,
1386659985,KAITLYNS PHARMACY INC,9100 S TRYON ST STE A,,CHARLOTTE,NC,282733113,7045889623,PHARMACY MANAGER,333600000X|3336C0003X,tier_1_primary_pharmacy,Y,Y,
1194730796,CANE CREEK PHARMACY INC,785 CANE CREEK RD,,FLETCHER,NC,287329472,8282092370,OFFICE MANAGER,333600000X|3336L0003X,tier_1_primary_pharmacy,Y,Y,
1003821604,REALO DISCOUNT DRUG STORE,1302 W VERNON AVE,,KINSTON,NC,285043528,2525236069,OWNER,333600000X|3336C0003X,tier_1_primary_pharmacy,Y,Y,
1730194333,COASTAL CARE PHARMACY INC,278 HWY 24,STE M,MOREHEAD CITY,NC,28557,2527260279,OWNER,333600000X|3336S0011X|3336C0003X,tier_1_primary_pharmacy,Y,Y,
1689689200,CAROLINA COMPOUNDING PHARMACY & HEALTH CENTER INC,254 TOWNE VILLAGE DR,,CARY,NC,275138910,9194677110,CEO/OWNER,3336C0004X|333600000X|3336C0003X,tier_1_primary_pharmacy,Y,Y,
1497760011,PITTMANS PHARMACY INC,305 W GRANVILLE ST,,WINDSOR,NC,279831815,2527943431,OWNER,333600000X|3336C0003X,tier_1_primary_pharmacy,Y,Y,
1124034046,MCPHAILS PHARMACY INC,815 W FRONT ST,MCPHAILS PHARMACY INC,LILLINGTON,NC,27546,9108977165,OWNER PRESIDENT,3336C0003X,tier_1_primary_pharmacy,Y,Y,
1982611943,FALLSTON PHARMACY INC,5011 FALLSTON RD,,FALLSTON,NC,28042,7045383021,OWNER PHARMACIST,333600000X,tier_1_primary_pharmacy,Y,Y,
1982615548,GLENN AND MARTIN DRUG,100 S CENTER ST,,MT OLIVE,NC,28365,9196582165,PARTNER,333600000X|3336C0003X,tier_1_primary_pharmacy,Y,Y,
1790796357,THOMPSON PHARMACY INC,365 FALLS RD,,ROCKY MOUNT,NC,278044806,2524421919,PRESIDENT,333600000X|3336C0003X,tier_1_primary_pharmacy,Y,Y,
1609887264,EASTGATE PHARMACY INC,93 EASTGATE DR,,SYLVA,NC,287795171,8285864605,OWNER,333600000X|3336C0003X,tier_1_primary_pharmacy,Y,Y,
1427069087,LLOYDS PHARMACY INC,118 W KING ST,STE A,HILLSBOROUGH,NC,272782681,9197321500,PHARMACY MANAGER,333600000X|3336C0003X,tier_1_primary_pharmacy,Y,Y,
1194737734,MEDICINE BOX PHARMACY INC,664 S BROADWAY ST,,FOREST CITY,NC,280434247,8282451696,PRESIDENT /OWNER,3336C0003X,tier_1_primary_pharmacy,Y,Y,
1952414757,"MOREHEAD CITY DRUG COMPANY, INC.",1704 ARENDELL ST,,MOREHEAD CITY,NC,285574040,2527262106,OWNER,333600000X|3336C0003X,tier_1_primary_pharmacy,Y,Y,
1760595573,MOREHEAD CITY DRUG CO,1404 LIVE OAK ST,,BEAUFORT,NC,28516,2527282006,PRESIDENT,3336C0003X,tier_1_primary_pharmacy,Y,Y,
1932212925,COMMUNITY PHARMACY OF MARION LLC.,232 S MAIN ST,,MARION,NC,287524551,8286524661,CPHT,333600000X|3336C0003X,tier_1_primary_pharmacy,Y,Y,
1720191661,MEDICAL ARTS PHARMACY INC,253 RUIN CREEK RD,0,HENDERSON,NC,27536,2524923404,OWNER,333600000X|3336C0004X|3336C0003X,tier_1_primary_pharmacy,Y,Y,
1457465437,HALSEY DRUG LLC,55 S MAIN ST,,SPARTA,NC,286759643,3363725599,VICE PRESIDENT,3336C0003X,tier_1_primary_pharmacy,Y,Y,
1275647257,APPALACHIAN APOTHECARY INC,50 ASHEVILLE HWY,,BREVARD,NC,287123385,8288839000,OWNER,333600000X|3336C0003X|3336C0004X,tier_1_primary_pharmacy,Y,Y,
1184738163,ANGIER DISCOUNT DRUG INC,253 N RALIEGH STREET,,ANGIER,NC,27501,9196399623,OWNER,333600000X|3336C0003X,tier_1_primary_pharmacy,Y,Y,
1225143266,ISLAND PHARMACY INC,210 S HWY 64,,MANTEO,NC,27954,2524735801,OWNER,333600000X|3336C0003X,tier_1_primary_pharmacy,Y,Y,
1134234172,WARD DRUG COMPANY OF NASHVILLE INC,117 W CHURCH ST,,NASHVILLE,NC,278561327,2524592135,OWNER PHCST,3336C0004X|333600000X|3336C0003X,tier_1_primary_pharmacy,Y,Y,
1952416992,"BEACH RX, INC.",57353 NC HIGHWAY 12,TAMS PLAZA,HATTERAS,NC,279430428,2529862400,PRESIDENT/PHARMACIST,333600000X|3336C0003X,tier_1_primary_pharmacy,Y,Y,
1902911696,EDC DRUG STORES INC,13300 STRICKLAND ROAD,,RALEIGH,NC,27613,9198707100,SR MANAGER THIRD PARTY ENROLLMENTS,3336C0003X,tier_1_primary_pharmacy,Y,Y,
1003923673,"KOONCE DRUG COMPANY, INC",112 E 7TH AVE,,CHADBOURN,NC,284311402,9106544194,OWNER,3336C0003X,tier_1_primary_pharmacy,Y,Y,
1831205442,"CHS PHARMACY SERVICES, INC.",16455 STATESVILLE RD,STE 101,HUNTERSVILLE,NC,280787135,7048012566,DIRECTOR,333600000X|3336C0003X,tier_1_primary_pharmacy,Y,Y,
1386752053,"DRUG CARE OF CURRITUCK, INC.",123 FORBES LOOP # B,,GRANDY,NC,279399625,2524538500,PRESIDENT/PHAMACIST,3336C0003X,tier_1_primary_pharmacy,Y,Y,
1942318621,BURKE PHARMACY INC,301 W MEETING ST,,MORGANTON,NC,286553866,8284378025,CO-OWNER/MANAGER,3336C0003X|333600000X,tier_1_primary_pharmacy,Y,Y,
1013025675,CREECH DRUG CO INC,126 N RAIFORD ST,,SELMA,NC,275762833,9199652316,PHCY MGR,333600000X|3336C0003X,tier_1_primary_pharmacy,Y,Y,
1861500118,EAST BURKE PHARMACY INC.,300 MAIN AVE WEST,,HILDEBRAN,NC,28637,8283973420,PHARMACIST,333600000X|3336C0003X,tier_2_secondary_pharmacy,N,Y,
1891804084,MAYBERRY PHARMACY,933 OLD ROCKFORD ST,SUITE 3,MOUNT AIRY,NC,270305356,3367890424,OWNER,3336C0003X,tier_1_primary_pharmacy,Y,Y,
1467561423,CHS PHARMACY SERVICES INC,105 YADKIN ST,STE 103,ALBEMARLE,NC,280013449,9803238222,AVP PHARMACY SERVICES,333600000X|3336C0003X,tier_1_primary_pharmacy,Y,Y,
1033228911,MEDICAL CENTER PHARMACY INC OF HICKORY,126 N CENTER ST,,HICKORY,NC,286016215,8223227717,DO,333600000X|3336C0003X,tier_1_primary_pharmacy,Y,Y,
1063521086,"REALO DISCOUNT DRUG STORES OF EASTERN NORTH CAROLINA, INC.",181 ENTERPRISE AVE,,CAPE CARTERET,NC,285842506,2523933345,PRESIDENT,3336C0003X,tier_1_primary_pharmacy,Y,Y,
1760591796,"TAS DRUG, INC",500 W CHURCH ST,,CHERRYVILLE,NC,280212812,7044355082,PRESIDENT,3336C0003X,tier_1_primary_pharmacy,Y,Y,
1861502569,KERR DRUG INC A DELAWARE COMPANY,1141 E MARION ST,,SHELBY,NC,281504843,7044801275,PHARMACIST MANAGER,333600000X|3336C0003X,tier_1_primary_pharmacy,Y,Y,
1932219888,MOOSE DRUG COMPANY,8374 W FRANKLIN ST,,MT PLEASANT,NC,281248812,7044369613,OWNER PHARMACY MANAGER,333600000X|3336C0004X|3336C0003X,tier_1_primary_pharmacy,Y,Y,
1942310636,KERR DRUG INC,116 W DEPOT ST,,ANGIER,NC,275016696,9196392910,VP OF PHARMACY,333600000X|3336C0003X,tier_1_primary_pharmacy,Y,Y,
1760592455,KERR DRUG INC,321 EAST ST,,PITTSBORO,NC,273128227,9195421661,VP OF PHARMACY,333600000X|3336C0003X,tier_1_primary_pharmacy,Y,Y,
1568572253,KERR DRUG INC A DELAWARE COMPANY,108 E MAIN ST,,THOMASVILLE,NC,273604041,3364727413,PHARMACIST MANAGER,333600000X|3336C0003X,tier_1_primary_pharmacy,Y,Y,
1295845998,KERR DRUG INC,801 W HAMLET AVE,,HAMLET,NC,283452507,9105825031,VP OF PHARMACY,333600000X|3336C0003X,tier_1_primary_pharmacy,Y,Y,
1477663177,KERR DRUG INC,522 N MAIN ST,,TROUTMAN,NC,281669529,7045280043,VP OF PHARMACY,333600000X|3336C0003X,tier_1_primary_pharmacy,Y,Y,
1649380346,KERR DRUG INC,219 RODNEY ORR BYP,,ROBBINSVILLE,NC,287718420,8284798791,VP OF PHARMACY,333600000X|3336C0003X,tier_1_primary_pharmacy,Y,Y,
1184734881,KERR DRUG INC,11 US HIGHWAY 64 E,,PLYMOUTH,NC,279622200,2527931175,VP OF PHARMACY,333600000X|3336C0003X,tier_1_primary_pharmacy,Y,Y,
1306956099,KERR DRUG INC,286 MAIN ST,,ANDREWS,NC,289019250,8283215801,VP OF PHARMACY,333600000X|3336C0003X,tier_1_primary_pharmacy,Y,Y,
1740390434,KERR DRUG INC,1987 COTTON GROVE RD,,LEXINGTON,NC,272925721,3363572396,VP OF PHARMACY,333600000X|3336C0003X,tier_1_primary_pharmacy,Y,Y,
1477663169,KERR DRUG INC,529 E MAIN ST,,BISCOE,NC,272099779,9104282531,VP OF PHARMACY,333600000X|3336C0003X,tier_1_primary_pharmacy,Y,Y,
1821108523,KERR DRUG INC,44 HIGHWAY 64 W,,HAYESVILLE,NC,289049655,8283896343,VP OF PHARMACY,333600000X|3336C0003X,tier_1_primary_pharmacy,Y,Y,
1609986306,KERR DRUG INC,808 E 5TH ST,,TABOR CITY,NC,284632200,9106533562,VP OF PHARMACY,333600000X|3336C0003X,tier_1_primary_pharmacy,Y,Y,
1194835876,"VIEWMONT PHARMACY, INC.",53 13TH AVE NE,,HICKORY,NC,28601,8283221816,OWNER OPERATOR PHARMACIST,333600000X,tier_1_primary_pharmacy,Y,Y,
1194835892,KERR DRUG INC,19 SAWMILL VILLAGE LN,,FRANKLIN,NC,287344753,8283696644,VP OF PHARMACY,333600000X|3336C0003X,tier_1_primary_pharmacy,Y,Y,
1003926700,KERR DRUG INC,1519 S YORK RD,,GASTONIA,NC,280526137,7048676356,VP OF PHARMACY,333600000X|3336C0003X,tier_1_primary_pharmacy,Y,Y,
1730299439,KERR DRUG INC,2044 HIGHWAY 19,,MURPHY,NC,289065106,8288375512,VP OF PHARMACY,333600000X|3336C0003X,tier_1_primary_pharmacy,Y,Y,
1811007511,KERR DRUG INC,206 US RT 117 SOUTH,,BURGAW,NC,28425,9102592514,VP OF PHARMACY,333600000X|3336C0003X,tier_1_primary_pharmacy,Y,Y,
1346350048,KERR DRUG INC,1531 N HOWE ST,,SOUTHPORT,NC,284612608,9104574721,VP OF PHARMACY,333600000X|3336C0003X,tier_1_primary_pharmacy,Y,Y,
1306956008,KERR DRUG INC,9650 STRICKLAND RD,STE 105,RALEIGH,NC,276151902,9198459356,VP OF PHARMACY,333600000X|3336C0003X,tier_1_primary_pharmacy,Y,Y,
1033229737,KERR DRUG INC,317 N SALISBURY AVE,,SPENCER,NC,281592513,7046331360,VP OF PHARMACY,333600000X|3336C0003X,tier_1_primary_pharmacy,Y,Y,
1588774285,KERR DRUG INC,2190 LAWNDALE DR,,GREENSBORO,NC,274087102,3363791053,VP OF PHARMACY,333600000X|3336C0003X,tier_1_primary_pharmacy,Y,Y,
1588774277,KERR DRUG INC,1050 S HORNER BLVD,,SANFORD,NC,273305323,9197764107,VP OF PHARMACY,333600000X|3336C0003X,tier_1_primary_pharmacy,Y,Y,
1760592463,KERR DRUG INC,710 FAYETTEVILLE ST,,DURHAM,NC,277013911,9195308774,VP OF PHARMACY,333600000X|3336C0003X,tier_1_primary_pharmacy,Y,Y,
1215047907,KERR DRUG INC,302 E MAIN ST,,CHERRYVILLE,NC,280213411,7044458763,VP OF PHARMACY,333600000X|3336C0003X,tier_1_primary_pharmacy,Y,Y,
1659481349,KERR DRUG INC,454 S MAIN ST,,SPARTA,NC,286759606,3363722101,VP OF PHARMACY,333600000X|3336C0003X,tier_1_primary_pharmacy,Y,Y,
1013027713,KERR DRUG INC,1110 ABERDEEN RD,,LAURINBURG,NC,283522607,9102766445,VP OF PHARMACY,333600000X|3336C0003X,tier_1_primary_pharmacy,Y,Y,
1841300530,KERR DRUG INC,914 E GREEN DR,,HIGH POINT,NC,272606716,3368842261,VP OF PHARMACY,333600000X|3336C0003X,tier_1_primary_pharmacy,Y,Y,
1295845980,KERR DRUG INC,407 W MAIN ST,,JAMESTOWN,NC,272829558,3364543101,VP OF PHARMACY,333600000X|3336C0003X,tier_1_primary_pharmacy,Y,Y,
1659481356,KERR DRUG INC,552 FORK RD,,NORWOOD,NC,281288445,7044744035,VP OF PHARMACY,333600000X|3336C0003X,tier_1_primary_pharmacy,Y,Y,
1215047915,KERR DRUG INC,1124 PATTON AVE,,ASHEVILLE,NC,288062706,8282361519,VP OF PHARMACY,333600000X|3336C0003X,tier_1_primary_pharmacy,Y,Y,
1679683361,KERR DRUG INC A DELAWARE COMPANY,2720 LAKE WHEELER RD,,RALEIGH,NC,276035861,9198561610,PHARMACIST MANAGER,333600000X|3336C0003X,tier_1_primary_pharmacy,Y,Y,
1750491445,KERR DRUG INC,2805 S MAIN ST,,HIGH POINT,NC,272631936,3364311149,VP OF PHARMACY,333600000X|3336C0003X,tier_1_primary_pharmacy,Y,Y,
1386754075,KERR DRUG INC,690 CHURCH ST N,,CONCORD,NC,280254321,7047822195,VP OF PHARMACY,333600000X|3336C0003X,tier_1_primary_pharmacy,Y,Y,
1376653071,KERR DRUG INC,140 NC HWY 102 WEST,,AYDEN,NC,28513,2527463026,VP OF PHARMACY,333600000X|3336C0003X,tier_1_primary_pharmacy,Y,Y,
1275643975,KERR DRUG INC,703 E WASHINGTON ST,,NASHVILLE,NC,278561713,2524592639,VP OF PHARMACY,333600000X|3336C0003X,tier_1_primary_pharmacy,Y,Y,
1851401558,KERR DRUG INC,722 W INDEPENDENCE BLVD,,MOUNT AIRY,NC,270303574,3367899006,VP OF PHARMACY,333600000X|3336C0003X,tier_1_primary_pharmacy,Y,Y,
1457461238,WARSAW RX LLC,103 S DUDLEY ST,,BURGAW,NC,284255539,9102592116,CREDENTIALING,333600000X|3336C0003X,tier_1_primary_pharmacy,Y,Y,
1679683379,KERR DRUG INC,1106 KINGOLD BLVD,,SNOW HILL,NC,285801619,2527476512,VP OF PHARMACY,333600000X|3336C0003X,tier_1_primary_pharmacy,Y,Y,
1902916604,KERR DRUG INC,308 N JACKSON ST,,BEULAVILLE,NC,285188825,9102983161,VP OF PHARMACY,333600000X|3336C0003X,tier_1_primary_pharmacy,Y,Y,
1720198427,KERR DRUG INC,811 N BROWN ST,,CHADBOURN,NC,284311309,9106545572,VP OF PHARMACY,333600000X|3336C0003X,tier_1_primary_pharmacy,Y,Y,
1548370240,KERR DRUG INC,414 N WALNUT ST,,FAIRMONT,NC,283402038,9106286068,VP OF PHARMACY,333600000X|3336C0003X,tier_1_primary_pharmacy,Y,Y,
1356451058,KERR DRUG INC,218 W MARTIN LUTHER KING BLVD,,ROSEBORO,NC,28382,9105255100,VP OF PHARMACY,333600000X|3336C0003X,tier_1_primary_pharmacy,Y,Y,
1962512665,KERR DRUG INC,3600 N DUKE ST,,DURHAM,NC,277041709,9194711534,VP OF PHARMACY,333600000X|3336C0003X,tier_1_primary_pharmacy,Y,Y,
1780794487,KERR DRUG INC,1821 HILLANDALE RD,,DURHAM,NC,277052659,9193839428,VP OF PHARMACY,333600000X|3336C0003X,tier_1_primary_pharmacy,Y,Y,
1124138813,KERR DRUG INC,3422 US HWY 1,,FRANKLINTON,NC,27525,9194947715,VP OF PHARMACY,333600000X|3336C0003X,tier_1_primary_pharmacy,Y,Y,
1013027705,KERR DRUG INC,6525 JORDAN ROAD,,RAMSEUR,NC,27316,3368241276,VP OF PHARMACY,333600000X|3336C0003X,tier_1_primary_pharmacy,Y,Y,
1568572261,KERR DRUG INC,503 E 3RD ST,,PEMBROKE,NC,283727989,9105214943,VP OF PHARMACY,333600000X|3336C0003X,tier_1_primary_pharmacy,Y,Y,
1558471250,KERR DRUG INC,65 WEAVER BLVD,,WEAVERVILLE,NC,28787,8286456477,VP OF PHARMACY,333600000X|3336C0003X,tier_1_primary_pharmacy,Y,Y,
1639289333,KERR DRUG INC,707 S MCDANIEL ST,,ENFIELD,NC,278231758,2524452300,VP OF PHARMACY,333600000X|3336C0003X,tier_1_primary_pharmacy,Y,Y,
1457461154,KERR DRUG INC,6030 US 301 HWY SOUTH,,FOUR OAKS,NC,27524,9199633777,VP OF PHARMACY,333600000X|3336C0003X,tier_1_primary_pharmacy,Y,Y,
1366552069,KERR DRUG INC,2412 N HERITAGE ST,,KINSTON,NC,285011633,2525222276,VP OF PHARMACY,333600000X|3336C0003X,tier_1_primary_pharmacy,Y,Y,
1083724785,KERR DRUG INC,805 MAIN ST,,SCOTLAND NECK,NC,278741227,2528263007,VP OF PHARMACY,333600000X|3336C0003X,tier_1_primary_pharmacy,Y,Y,
1851401541,KERR DRUG INC,1006 MONROE ST,,CARTHAGE,NC,283277387,9109472690,VP OF PHARMACY,333600000X|3336C0003X,tier_1_primary_pharmacy,Y,Y,
1114037801,KERR DRUG INC A DELAWARE COMPANY,3205 S HOLDEN RD,,GREENSBORO,NC,274076805,3368553919,PHARMACIST MANAGER,333600000X|3336C0003X,tier_1_primary_pharmacy,Y,Y,
1669582359,KERR DRUG INC,1587 SKEET CLUB RD,,HIGH POINT,NC,272659530,3364544327,VP OF PHARMACY,333600000X|3336C0003X,tier_1_primary_pharmacy,Y,Y,
1801906508,KERR DRUG INC,9005 RICHLANDS HWY,,RICHLANDS,NC,285746380,9103241656,VP OF PHARMACY,333600000X|3336C0003X,tier_1_primary_pharmacy,Y,Y,
1629188321,KERR DRUG INC,6140 FALLS OF NEUSE RD,,RALEIGH,NC,276093528,9198767283,VP OF PHARMACY,333600000X|3336C0003X,tier_1_primary_pharmacy,Y,Y,
1205946902,KERR DRUG INC,2901 WAKEFIELD PINES DR,,RALEIGH,NC,276149826,9195696741,VP OF PHARMACY,333600000X|3336C0003X,tier_1_primary_pharmacy,Y,Y,
1205946993,KERR DRUG INC,126 E MACON ST,,WARRENTON,NC,275892018,9192572922,VP OF PHARMACY,333600000X|3336C0003X,tier_1_primary_pharmacy,Y,Y,
1023128717,KERR DRUG INC,3001 E MARKET ST,,GREENSBORO,NC,274057525,3362757657,VP OF PHARMACY,333600000X|3336C0003X,tier_1_primary_pharmacy,Y,Y,
1487764171,KERR DRUG INC,200 HWY 70 EAST,,HILLSBOROUGH,NC,27278,9197326263,VP OF PHARMACY,333600000X|3336C0003X,tier_1_primary_pharmacy,Y,Y,
1104936897,KERR DRUG INC,123 E CENTER ST,,MEBANE,NC,273022431,9195631700,VP OF PHARMACY,333600000X|3336C0003X,tier_1_primary_pharmacy,Y,Y,
1831209527,KERR DRUG INC A DELAWARE COMPANY,533 S SCALES ST,,REIDSVILLE,NC,273205021,3363498236,PHARMACIST MANAGER,333600000X|3336C0003X,tier_1_primary_pharmacy,Y,Y,
1831209535,KERR DRUG INC A DELAWARE COMPANY,106 MARTIN LUTHER KING DR,,MAXTON,NC,28364,9108443096,PHARMACIST MANAGER,333600000X|3336C0003X,tier_1_primary_pharmacy,Y,Y,
1093825796,KERR DRUG INC,418 US HIGHWAY 264 BYP,,BELHAVEN,NC,278109291,2529436260,VP OF PHARMACY,333600000X|3336C0003X,tier_1_primary_pharmacy,Y,Y,
1154431856,KERR DRUG INC,2601 CASTLE HAYNE RD STE B,,WILMINGTON,NC,284012690,9107636231,VP OF PHARMACY,333600000X|3336C0003X,tier_1_primary_pharmacy,Y,Y,
1063522761,KERR DRUG INC,119 US HIGHWAY 13 BYP,,WINDSOR,NC,279837118,2527949222,VP OF PHARMACY,333600000X|3336C0003X,tier_1_primary_pharmacy,Y,Y,
1881704583,KERR DRUG INC A DELAWARE COMPANY,3649 NEW BERN AVE,,RALEIGH,NC,276101232,9192318716,PHARMACIST MANAGER,333600000X|3336C0003X,tier_1_primary_pharmacy,Y,Y,
1053421750,KERR DRUG INC,2233 133 AVENT FERRY RD,,RALEIGH,NC,27606,9198335531,VP OF PHARMACY,333600000X|3336C0003X,tier_1_primary_pharmacy,Y,Y,
1639281900,NALLE PHARMACY,1918 RANDOLPH RD,STE 120,CHARLOTTE,NC,282071100,7043428180,OWNER PHARMACY MANAGER,3336S0011X|3336C0004X|3336C0003X,tier_1_primary_pharmacy,Y,Y,
1114039260,GENE ANDERSON DRUG STORE INC.,206 SOUTH POPLAR STREET,,ELIZABETHTOWN,NC,28337,9108628411,OWNER,3336C0003X,tier_1_primary_pharmacy,Y,Y,
1902918956,KERR DRUG INC A DELAWARE COMPANY,2414 S HORNER BLVD,,SANFORD,NC,273305826,9197764239,PHARMACIST MANAGER,333600000X|3336C0003X,tier_1_primary_pharmacy,Y,Y,
1720190770,KERR DRUG INC A DELAWARE COMPANY,1435 E CONE BLVD,,GREENSBORO,NC,274054533,3366212962,PHARMACIST MANAGER,333600000X|3336C0003X,tier_1_primary_pharmacy,Y,Y,
1376654087,"B&W PHARMACY CARE, INC",819 N MAIN ST,SUITE 112,HIGH POINT,NC,272623991,3368842231,PRESIDENT,3336C0003X,tier_1_primary_pharmacy,Y,Y,
1629180633,DOWNING PHARMACY GROUP INC,5235 S COLLEGE RD,MONKEY JUNCTION,WILMINGTON,NC,284122209,9107980900,OWNER,333600000X|3336L0003X|3336C0003X,tier_1_primary_pharmacy,Y,Y,
1245341551,"PARKER'S DRUG STORE, INC",14 VALLEY RIVER AVE,,MURPHY,NC,289062955,8288372318,OWNER,3336C0003X,tier_1_primary_pharmacy,Y,Y,
1629189899,"KING DRUG CO., LLC",142 S. MAIN ST,,KING,NC,27021,3369833147,PHARMD/PHARMACY MANAGER,333600000X,tier_1_primary_pharmacy,Y,Y,
1992807234,COMMUNITY RX SOLUTIONS INC,5009 BEATTIES FORD RD,STE 106,CHARLOTTE,NC,282162859,7043936345,PHARMACY MGR,3336C0003X,tier_1_primary_pharmacy,Y,Y,
1093818106,BROOKSHIRE PHARMACY INC,462 HAYWOOD RD,,ASHEVILLE,NC,288064263,8282522718,PHARMACIST MANAGER/ OWNER,3336C0003X,tier_1_primary_pharmacy,Y,Y,
1134222029,WARSAW RX LLC,8406 RICHLANDS HIGHWAY,,RICHLANDS,NC,28574,9103243164,CREDENTIALING,3336C0003X,tier_2_secondary_pharmacy,N,Y,
1699878538,NEWTON GROVE DRUG CO INC,305 WEEKS CIRCLE,,NEWTON GROVE,NC,28366,9105941183,PRESIDENT,333600000X|3336C0003X,tier_1_primary_pharmacy,Y,Y,
1700989324,CARROLL PHARMACY INC,840 S BRIGHTLEAF BLVD,,SMITHFIELD,NC,275774377,9199347164,PRESIDENT PHARMACIST IN CHARGE,333600000X,tier_1_primary_pharmacy,Y,Y,
1124122791,"CHS PHARMACY SERVICES, INC.",1085 NE GATEWAY CT NE,STE 190,CONCORD,NC,280252406,7044038680,DIRECTOR,333600000X|3336C0003X,tier_1_primary_pharmacy,Y,Y,
1851495816,ELK PHARMACY INC,116 E MAIN ST,,ELKIN,NC,286213429,3368352621,OWNER PHARMACIST,333600000X|3336C0003X,tier_1_primary_pharmacy,Y,Y,
1760586721,MEDICAL ARTS PHARMACY INC OF FOREST CITY,924 W MAIN ST,,FOREST CITY,NC,280432518,8282457294,PRESIDENT,333600000X|3336C0003X,tier_1_primary_pharmacy,Y,Y,
1679677637,PINK HILL PHARMACY INC,100 S CENTRAL AVE,,PINK HILL,NC,285728083,2525684131,OWNER/PHARMACIST,333600000X|3336C0003X,tier_1_primary_pharmacy,Y,Y,
1588768543,MOOSE DRUG COMPANY,1750 MAIN ST W,,LOCUST,NC,280979793,7048882114,PHARMACY MANAGER,333600000X|3336C0003X,tier_1_primary_pharmacy,Y,Y,
1982709309,"MEDEXPRESS PHARMACY, LTD.",1431 W. INNES STREET,,SALISBURY,NC,28145,8006333977,VP OF PHARM. OPS,333600000X,tier_1_primary_pharmacy,Y,Y,
1750486510,COMMUNITY PHARMACY OF VALE LLC,9576 NC HWY 10 W,,VALE,NC,28168,7044620226,OWNER/TREASURER,3336C0003X,tier_1_primary_pharmacy,Y,Y,
1750486494,SNEADS FERRY FAMILY PHARMACY INC,1016 OLD FOLKSTONE RD STE 214,,SNEADS FERRY,NC,284609414,9103272454,PHCY MGR,333600000X|3336C0003X,tier_1_primary_pharmacy,Y,Y,
1033215421,786 PHARMACY INC,316 S MAIN ST,,GRAHAM,NC,272533320,3362272093,PHARMACIST,333600000X|3336C0003X,tier_1_primary_pharmacy,Y,Y,
1093811093,"CUSTOM CAR PHARMACY, INC",2500 BATTLEGROUND AVE STE C,,GREENSBORO,NC,274084030,3362890074,PRESIDENT,3336C0003X,tier_1_primary_pharmacy,Y,Y,
1447357660,TODD'S PHARMACY INC,207 S POINDEXTER ST,,ELIZABETH CITY,NC,279094834,2523352901,PRESIDENT,3336C0003X,tier_1_primary_pharmacy,Y,Y,
1396842357,BLOUNT'S MUTUAL DRUG'S INC,323 S BROAD ST,,EDENTON,NC,279321933,2524822127,PRESIDENT,3336C0003X,tier_1_primary_pharmacy,Y,Y,
1043317027,MOOSE DRUG COMPANY,740 CHURCH ST N,,CONCORD,NC,280254336,7047849613,OWNER,3336C0003X,tier_1_primary_pharmacy,Y,Y,
1376640201,MARLEY DRUG INC,5008 PETERS CREEK PKWY,,WINSTON SALEM,NC,271277276,3367717672,OFFICER OF MARLEY DRUG AND CFO,3336C0003X|333600000X,tier_1_primary_pharmacy,Y,Y,
1518064906,RX MEDEQ LLC,5642 NC HWY 41 SOUTH,,WALLACE,NC,28458,9102856114,OWNER,3336C0003X,tier_1_primary_pharmacy,Y,Y,
1477650828,"PARKER'S DRUG STORE, INC",4278 E US HIGHWAY 64 ALT,,MURPHY,NC,289066846,8288374145,PHARMACIST/OWNER,3336C0003X,tier_1_primary_pharmacy,Y,Y,
1912004847,GUITONS DRUG STORE,801 S MADISON ST,,WHITEVILLE,NC,284724613,9106424188,PHARMACY MNGR,333600000X|3336C0003X,tier_1_primary_pharmacy,Y,Y,
1649377573,FUQUAY DRUG CO INC,202 S MAIN ST,,FUQUAY VARINA,NC,275262259,9195522277,PHARMACIST OWNER,333600000X|3336C0003X,tier_1_primary_pharmacy,Y,Y,
1467559393,ARCHDALE DRUG CO INC,11220 N MAIN ST,,ARCHDALE,NC,272632891,3364342776,OWNER,333600000X|3336C0003X,tier_1_primary_pharmacy,Y,Y,
1326146135,"GLEN RAVEN PHARMACY, INC",1902 W WEBB AVE,,BURLINGTON,NC,272171062,3365843736,PHARMACIST/MANAGER,3336C0003X,tier_1_primary_pharmacy,Y,Y,
1801993746,TERMINAL DRUG STORE INC,408 NASH ST S,,WILSON,NC,278933888,2522432102,OWNER,333600000X|3336C0003X,tier_1_primary_pharmacy,Y,Y,
1710084652,LEWISVILLE DRUG COMPANY INC,6715 SHALLOWFORD RD,,LEWISVILLE,NC,270239847,3369460220,PRESIDENT,3336C0004X|333600000X|3336C0003X,tier_1_primary_pharmacy,Y,Y,
1629175567,COMMUNITY PHARMACY OF ALBEMARLE LLC,320 YADKIN ST,,ALBEMARLE,NC,280013447,7049829179,VICE PRESIDENT,333600000X,tier_1_primary_pharmacy,Y,Y,
1538266473,ONEALS DRUG STORE INC,820 W MAIN ST,,BELHAVEN,NC,278101120,2529432643,PRESIDENT,333600000X|3336C0003X,tier_1_primary_pharmacy,Y,Y,
1447357389,ANDREWS DRUG COMPANY INC,138 MAPLE AVE,,BURLINGTON,NC,272155847,3362261663,PRESIDENT,333600000X|3336C0003X,tier_1_primary_pharmacy,Y,Y,
1356448294,THOMAS DRUG STORE OF DUNN INC,609 E CUMBERLAND ST,,DUNN,NC,283345021,9108922114,PHCY MGR,333600000X|3336L0003X|3336C0003X,tier_1_primary_pharmacy,Y,Y,
1174620017,MITCHENERS PHARMACY,301 S BROAD ST,,EDENTON,NC,279321933,2524823711,PRESIDENT,333600000X|3336C0003X,tier_1_primary_pharmacy,Y,Y,
1083711923,BROWN GARDINER DRUG CO INC,2101 N ELM ST,,GREENSBORO,NC,274085111,3362730596,PRESIDENT,333600000X|3336C0003X,tier_1_primary_pharmacy,Y,Y,
1891892733,HAW RIVER DRUG INC,740 E MAIN ST,,HAW RIVER,NC,272589644,3365780202,PRES/PIC,333600000X|3336C0002X|3336C0003X,tier_1_primary_pharmacy,Y,Y,
1700983640,HOPE MILLS PHARMACY LLC,3736 S MAIN ST,,HOPE MILLS,NC,283481959,9104256106,PRESIDENT,333600000X|3336C0003X,tier_1_primary_pharmacy,Y,Y,
1619074556,JONES DRUG STORE INC,116 HILLSBORO ST,,OXFORD,NC,275653212,9196938181,PHARMACIST/STR PRESIDENT,333600000X|3336C0003X,tier_1_primary_pharmacy,Y,Y,
1528165461,COLES PHARMACY INC,117 N MAIN ST,,ROXBORO,NC,275735534,3365992171,PRESIDENT,333600000X|3336C0003X,tier_1_primary_pharmacy,Y,Y,
1437256377,NEW TOWN CENTER PHARMACY INC,610 S BENNETT ST,,SOUTHERN PINES,NC,283875920,9106927158,PRESIDENT,3336C0003X,tier_1_primary_pharmacy,Y,Y,
1346347283,SPINDALE DRUG CO INC,109 W MAIN ST,,SPINDALE,NC,281601539,8282863746,OWNER,333600000X|3336C0003X,tier_1_primary_pharmacy,Y,Y,
1255438198,COLONIAL PHARMACY OF MURFREESBORO NC INC,700 E MAIN ST,,MURFREESBORO,NC,278551214,2523983138,OWNER/PHARMACIST IN CHARGE,3336C0003X,tier_1_primary_pharmacy,Y,Y,
1073610911,FAMILY FIRST PHARMACY INC,702 MAIN ST,,BAYBORO,NC,285159634,2527455539,PRESIDENT,3336C0003X,tier_1_primary_pharmacy,Y,Y,
1790882637,DELS DISCOUNT PHARMACY,3060 RICHLANDS HWY,,JACKSONVILLE,NC,285402972,9103472888,MGR/PHARM,333600000X|3336C0003X|3336I0012X,tier_1_primary_pharmacy,Y,Y,
1609973544,NEW BARBEE PHARMACY LLC,415 HARRIS AVE,,RAEFORD,NC,283763111,9108756111,OWNER,333600000X|3336C0003X,tier_1_primary_pharmacy,Y,Y,
1427155365,FAMILY PHARMACY INC,112G VILLAGE RD NE,,LELAND,NC,284517412,9103713181,OWNER/MNGR,333600000X|3336C0003X,tier_1_primary_pharmacy,Y,Y,
1336246271,JOHNSON DRUG WILLIAMSBURG INC.,2200 GUM BRANCH RD,STE 1,JACKSONVILLE,NC,285404574,9109380582,PRESIDENT,333600000X|3336C0003X,tier_1_primary_pharmacy,Y,Y,
1154428092,COROLLA PHARMACY INC,532 A CARATOKE HWY,,MOYOCK,NC,27958,2522320278,PRES/OWNER,333600000X|3336C0003X,tier_1_primary_pharmacy,Y,Y,
1972600815,J & S DRUG COMPANY INC,4307 FAYETTEVILLE RD,,LUMBERTON,NC,283582676,9106719000,OWNER,333600000X|3336C0003X,tier_1_primary_pharmacy,Y,Y,
1285732412,CANNON DRUG CO,342 E PARKER RD,,MORGANTON,NC,286555111,8284335120,PRESIDENT,333600000X|3336C0003X,tier_1_primary_pharmacy,Y,Y,
1710085691,CHOCOWINITY PHARMACY INC,685 HWY 33 EAST,,CHOCOWINITY,NC,27817,2529464000,PRESIDENT,333600000X|3336C0003X,tier_1_primary_pharmacy,Y,Y,
1871691741,ELM CITY PHARMACY INC,118 E MAIN ST,,ELM CITY,NC,278220637,2522364664,PRESIDENT PHARMACIST,333600000X|3336C0003X,tier_1_primary_pharmacy,Y,Y,
1104924133,BOULEVARD PHARMACY INC,256 THE BLVD,,EDEN,NC,272884706,3366238448,OWNER MANAGER PRESIDENT,333600000X|3336C0003X,tier_1_primary_pharmacy,Y,Y,
1043318918,"STOKES PHARMACY, INC",533 S MAIN ST,,KING,NC,270219015,3369833118,PHARMACIST/OWNER,333600000X|3336C0003X,tier_1_primary_pharmacy,Y,Y,
1235237108,CREEDMOOR DRUG COMPANY,108 N MAIN ST,,CREEDMOOR,NC,27522,9195280041,PRES/OWNER,333600000X|3336C0003X,tier_1_primary_pharmacy,Y,Y,
1386742260,O NEALS DRUG STORE OF SNOW HILL,305 5TH STREET,,AURORA,NC,278060397,2523224168,PRESIDENT,333600000X|3336C0003X,tier_1_primary_pharmacy,Y,Y,
1669570693,WAKE FOREST DRUG INC,3113 ROGERS RD,STE 100,WAKE FOREST,NC,275873803,9195542199,PHARMACIST OWNER,333600000X|3336C0003X,tier_1_primary_pharmacy,Y,Y,
1578661500,THE OLD NORTH STATE DRUG CO,405 E CENTER ST,,LEXINGTON,NC,272924109,3362485623,OWNER PRESIDENT,3336C0003X,tier_1_primary_pharmacy,Y,Y,
1487752416,THORNES DRUG CENTER INC,2900 N MAIN ST,,TARBORO,NC,278861921,2528235655,PRESIDENT,333600000X|3336C0003X,tier_1_primary_pharmacy,Y,Y,
1205934171,WOMBLE DRUG STORE,454 HWY 64 EAST,,PLYMOUTH,NC,27962,2527939036,PRESIDENT,3336C0003X,tier_1_primary_pharmacy,Y,Y,
1932207800,WOODARD DRUG STORE INC,102 E EDWARDS ST,,PRINCETON,NC,275697279,9199363151,PRESIDENT,333600000X|3336C0004X|3336C0003X,tier_1_primary_pharmacy,Y,Y,
1750489639,"STOKES PHARMACY, INC",111 CRAWFORD ST,,DANBURY,NC,270167663,3365938070,PHARMACIST/OWNER,333600000X|3336C0003X,tier_1_primary_pharmacy,Y,Y,
1184722068,"REALO DISCOUNT DRUG STORES OF PINK HILL, INC.",107 W BROADWAY ST,,PINK HILL,NC,285727998,2525683161,PHARMACIST MANAGER,333600000X|3336C0003X,tier_1_primary_pharmacy,Y,Y,
1225138118,MT AIRY DRUG INC,701 WEST PINE ST,SUITE 500,MT AIRY,NC,27030,3367865506,PRESIDENT PHARMACIST,333600000X,tier_1_primary_pharmacy,Y,Y,
1164521365,EDC DRUG STORES,1123 E RALEIGH BLVD,,ROCKY MOUNT,NC,278035897,2529770066,SR MANAGER THIRD PARTY ENROLLMENTS,3336C0003X,tier_1_primary_pharmacy,Y,Y,
1629177845,EDC DRUG STORES INC,5319 N ROXBORO ROAD,,DURHAM,NC,277122227,9194711519,MANAGER ONLINE ADJUDICATION,3336C0003X,tier_1_primary_pharmacy,Y,Y,
1366541591,EDC DRUG STORES,1311 NC STATE HIGHWAY 54,,DURHAM,NC,277075505,9194895814,SR MANAGER THIRD PARTY ENROLLMENTS,3336C0003X,tier_1_primary_pharmacy,Y,Y,
1629177852,EDC DRUG STORES,6800 WRIGHTSVILLE AVENUE,,WILMINGTON,NC,284033673,9102566663,MANAGER ONLINE ADJUDICATION,3336C0003X,tier_1_primary_pharmacy,Y,Y,
1538268768,EDC DRUG STORES INC,1601- 51 CROSS LINK ROAD,,RALEIGH,NC,27610,9198211407,SR MANGER THIRD PARTY ENROLLMENTS,3336C0003X,tier_1_primary_pharmacy,Y,Y,
1083713218,EDC DRUG STORES INC,2438 STANTONSBURG ROAD,,GREENVILLE,NC,278347210,2527585188,SR MANAGER THIRD PARTY ENROLLMENTS,3336C0003X,tier_1_primary_pharmacy,Y,Y,
1902905144,EDC DRUG STORES INC,951 WASHINGTON SQUARE MALL,,WASHINGTON,NC,278893532,2529467143,SR MANAGER THIRD PARTY ENROLLMENTS,3336C0003X,tier_1_primary_pharmacy,Y,Y,
1811096050,EDC DRUG STORES,5016 OLD TAR ROAD,,WINTERVILLE,NC,285908436,2523210649,MANAGER ONLINE ADJUDICATION,3336C0003X,tier_1_primary_pharmacy,Y,Y,
1073612297,EDC DRUG STORES,518 NASH STREET,,LOUISBURG,NC,275492460,9194964134,MANAGER ONLINE ADJUDICATION,3336C0003X,tier_1_primary_pharmacy,Y,Y,
1982703104,EDC DRUG STORES INC,602 JONES FERRY ROAD,SUITE G,CARRBORO,NC,275102165,9199420933,MANAGER ONLINE ADJUDICATION,3336C0003X,tier_1_primary_pharmacy,Y,Y,
1790884914,EDC DRUG STORES INC,11360 US HIGHWAY 70 WEST,,CLAYTON,NC,275202206,9195530144,MANAGER ONLINE ADJUDICATION,3336C0003X,tier_1_primary_pharmacy,Y,Y,
1184723314,EDC DRUG STORES INC,3798 GUESS ROAD,,DURHAM,NC,277056909,9194791014,MANAGER ONLINE ADJUDICATION,3336C0003X,tier_1_primary_pharmacy,Y,Y,
1801995030,EDC DRUG STORES,1630 BENVENUE ROAD,,ROCKY MOUNT,NC,278046344,2529772616,SR MANAGER THIRD PARTY ENROLLMENTS,3336C0003X,tier_1_primary_pharmacy,Y,Y,
1710086947,EDC DRUG STORES INC,101 WEST MAIN STREET,,HAVELOCK,NC,285322655,2524476303,MANAGER ONLINE ADJUDICATION,3336C0003X,tier_1_primary_pharmacy,Y,Y,
1528167756,EDC DRUG STORES INC,1002 NORTH HARRISON AVENUE,,CARY,NC,275133905,9194671131,SR MANAGER THIRD PARTY ENROLLMENTS,3336C0003X,tier_1_primary_pharmacy,Y,Y,
1437258662,EDC DRUG STORES,38 PINECREST PLAZA,,SOUTHERN PINES,NC,283874301,9106927773,SR MANAGER THIRD PARTY ENROLLMENTS,3336C0003X,tier_1_primary_pharmacy,Y,Y,
1992804116,EDC DRUG STORES,380 WESTERN BOULEVARD,,JACKSONVILLE,NC,285466347,9103533424,MANAGER ONLINE ADJUDICATION,3336C0003X,tier_1_primary_pharmacy,Y,Y,
1801995022,EDC DRUG STORES,906 BINGHAM DRIVE,,FAYETTEVILLE,NC,283042842,9104875359,MANAGER ONLINE ADJUDICATION,3336C0003X,tier_1_primary_pharmacy,Y,Y,
1356440580,EDC DRUG STORES,4600- 2 MAIN STREET,,SHALLOTTE,NC,284590000,9107547570,MANAGER OL ADJUDICATION,3336C0003X,tier_1_primary_pharmacy,Y,Y,
1265531495,EDC DRUG STORES,1680 NC HIGHWAY 5,SUITE 135,ABERDEEN,NC,283158661,9102951330,MANAGER ONLINE ADJUDICATION,3336C0003X,tier_1_primary_pharmacy,Y,Y,
1891894028,EDC DRUG STORES INC,3465 SOUTH CHURCH STREET,,BURLINGTON,NC,272159111,3365843374,SR MANAGER THIRD PARTY ENROLLMENTS,3336C0003X,tier_1_primary_pharmacy,Y,Y,
1982703112,EDC DRUG STORES INC,1019 NORTH BREAZEALE AVENUE,,MOUNT OLIVE,NC,283651105,9196582554,SR MANAGER THIRD PARTY ENROLLMENTS,3336C0003X,tier_1_primary_pharmacy,Y,Y,
1609975838,EDC DRUG STORES INC,3432 EDWARDS MILL ROAD,,RALEIGH,NC,276125360,9197819571,SR MANAGER THIRD PARTY ENROLLMENTS,3336C0003X,tier_1_primary_pharmacy,Y,Y,
1164521381,EDC DRUG STORES,1129 WEAVER DAIRY ROAD,,CHAPEL HILL,NC,275141541,9199290174,SR MANAGER THIRD PARTY ENROLLMENTS,3336C0003X,tier_1_primary_pharmacy,Y,Y,
1427157650,EDC DRUG STORES,5005 MACKAY ROAD,,JAMESTOWN,NC,272829398,3362921111,MANAGER ONLINE ADJUDICATION,3336C0003X,tier_1_primary_pharmacy,Y,Y,
1801995048,EDC DRUG STORES INC,1372 NORTH MAIN STREET,,FUQUAY VARINA,NC,275262617,9195575473,SR MANAGER THIRD PARTY ENROLLMENTS,3336C0003X,tier_1_primary_pharmacy,Y,Y,
1629177860,EDC DRUG STORES,1945 HIGH HOUSE ROAD,,CARY,NC,275198452,9194676064,MANAGER ONLINE ADJUDICATION,3336C0003X,tier_1_primary_pharmacy,Y,Y,
1811096068,BUTLERS PHARMACY INC,204 E MAIN ST,,CLINTON,NC,283284031,9105922111,PRES,333600000X|3336C0003X,tier_1_primary_pharmacy,Y,Y,
1447359641,EDC DRUG STORES,622 NORTH MARINE BOULEVARD,,JACKSONVILLE,NC,285406142,9104552911,SR MANAGER THIRD PARTY ENROLLMENTS,3336C0003X,tier_1_primary_pharmacy,Y,Y,
1356440556,EDC DRUG STORES,510 WOODBURN ROAD,,RALEIGH,NC,276051326,9198335523,MANAGER ONLINE ADJUDICATION,3336C0003X,tier_1_primary_pharmacy,Y,Y,
1265531461,EDC DRUG STORES INC,3520 WADE AVENUE,,RALEIGH,NC,276074048,9198323749,MANAGER ONLINE ADJUDICATION,3336C0003X,tier_1_primary_pharmacy,Y,Y,
1174622377,EDC DRUG STORES INC,806 EAST ASH STREET,,GOLDSBORO,NC,275303804,9197343121,MANAGER ONLINE ADJUDICATION,3336C0003X,tier_1_primary_pharmacy,Y,Y,
1083713283,EDC DRUG STORES INC,824 WEST RALEIGH BOULEVARD,,ROCKY MOUNT,NC,27803,2524460391,SR MANAGER THIRD PARTY ENROLLMENTS,3336C0003X,tier_1_primary_pharmacy,Y,Y,
1891894093,EDC DRUG STORES INC,1600 NORTH MAIN STREET,,TARBORO,NC,278862522,2528247740,SR MANAGER THIRD PARTY ENROLLMENTS,3336C0003X,tier_1_primary_pharmacy,Y,Y,
1700985900,EDC DRUG STORES,3716 MORGANTON RD,,FAYETTEVILLE,NC,283034963,9108685103,SR MANAGER THIRD PARTY ENROLLMENTS,3336C0003X,tier_1_primary_pharmacy,Y,Y,
1801995014,EDC DRUG STORES INC,1333 FIFTH AVENUE,,GARNER,NC,275293637,9197725809,SR MANAGER THIRD PARTY ENROLLMENTS,3336C0003X,tier_1_primary_pharmacy,Y,Y,
1346349578,EDC DRUG STORES INC,1218 RALEIGH ROAD,,CHAPEL HILL,NC,275174417,9199683777,SR MANAGER THIRD PARTY ENROLLMENTS,3336C0003X,tier_1_primary_pharmacy,Y,Y,
1164521399,EDC DRUG STORES INC,1691 WESTCHESTER DR,,HIGH POINT,NC,272627069,3368877474,SR MANAGER THIRD PARTY ENROLLMENTS,3336C0003X,tier_1_primary_pharmacy,Y,Y,
1790884922,EDC DRUG STORES INC,1910 FALLS VALLEY DRIVE,,RALEIGH,NC,276153445,9198445440,MANAGER ONLINE ADJUDICATION,3336C0003X,tier_1_primary_pharmacy,Y,Y,
1518066745,EDC DRUG STORES,575 NEW WAVERLY PLACE,SUITE 103,CARY,NC,275181611,9198513301,SR MANAGER THIRD PARTY ENROLLMENTS,3336C0003X,tier_1_primary_pharmacy,Y,Y,
1194824334,EDC DRUG STORES INC,12225 CAPITAL BOULEVARD,,WAKE FOREST,NC,275876200,9195562905,MANAGER ONLINE ADJUDICATION,3336C0003X,tier_1_primary_pharmacy,Y,Y,
1003915240,EDC DRUG STORES INC,1401 CHARLES BLVD,,GREENVILLE,NC,278584451,2527581400,SR MANAGER THIRD PARTY ENROLLMENTS,3336C0003X,tier_1_primary_pharmacy,Y,Y,
1447359682,EDC DRUG STORES INC,251 NORTH MAIN STREET,,HOLLY SPRINGS,NC,275409194,9195575322,MANAGER ONLINE ADJUDICATION,3336C0003X,tier_1_primary_pharmacy,Y,Y,
1023117264,EDC DRUG STORES INC,1703 FREEWAY DR,,REIDSVILLE,NC,273207121,3366161375,SR MANAGER THIRD PARTY ENROLLMENTS,3336C0003X,tier_1_primary_pharmacy,Y,Y,
1841399086,EDC DRUG STORES INC,250 INVEY LANE,,PINEHURST,NC,283748803,9102159777,SR MANAGER THIRD PARTY ENROLLMENTS,3336C0003X,tier_1_primary_pharmacy,Y,Y,
1457452906,KERR DRUG INC,HWY 19 AND SLOPE,,BRYSON CITY,NC,28713,8284886677,VP OF PHARMACY,333600000X|3336C0003X,tier_1_primary_pharmacy,Y,Y,
1366543811,KERR DRUG INC,210 N SYCAMORE ST,,ROSE HILL,NC,28458,9102892120,VP OF PHARMACY,333600000X|3336C0003X,tier_1_primary_pharmacy,Y,Y,
1811098676,EDC DRUG STORES INC,1560 HIGHWAY 56,,CREEDMOOR,NC,27522,9195281538,MANAGER ONLINE ADJUDICATION,3336C0003X,tier_1_primary_pharmacy,Y,Y,
1154422921,EDC DRUG STORES INC,1500 MARTIN LUTHER KING BLVD SOUTHEAST,,WILSON,NC,27893,2522373185,SR MANAGER THIRD PARTY ENROLLMENTS,3336C0003X,tier_1_primary_pharmacy,Y,Y,
1689775439,EDC DRUG STORES INC,2462 WYCLIFF ROAD,,RALEIGH,NC,276072903,9197814070,MANAGER ONLINE ADJUDICATION,3336C0003X,tier_1_primary_pharmacy,Y,Y,
1548361322,EDC DRUG STORES,3001 HOPE MILLS ROAD,,HOPE MILLS,NC,28348,9104254753,MANAGER ONLINE ADJUDICATION,3336C0003X,tier_1_primary_pharmacy,Y,Y,
1629179403,EDC DRUG STORES,2438 SOUTHWEST CARY PARKWAY,,CARY,NC,275135318,9194670725,SR MANAGER THIRD PARTY ENROLLMENTS,3336C0003X,tier_1_primary_pharmacy,Y,Y,
1487755807,WALNUT COVE PHARMACY INC,317 N MAIN ST,,WALNUT COVE,NC,270529200,3365917171,OWNER,3336C0003X|333600000X,tier_1_primary_pharmacy,Y,Y,
1114028990,EDC DRUG STORES,245 TIMBER DRIVE WEST,,GARNER,NC,275294870,9197796100,SR MANAGER THIRD PARTY ENROLLMENTS,3336C0003X,tier_1_primary_pharmacy,Y,Y,
1831290527,EDC DRUG STORES INC,2098 EAST FIRE TOWER ROAD,,GREENVILLE,NC,278584134,2527569272,MANAGER ONLINE ADJUDICATION,3336C0003X,tier_1_primary_pharmacy,Y,Y,
1225139090,EDC DRUG STORES INC,2455 US 117 SOUTH,,GOLDSBORO,NC,27530,9197348081,MANAGER ONLINE ADJUDICATION,3336C0003X,tier_1_primary_pharmacy,Y,Y,
1053402586,RX HORIZONS INC,6021 THE PLZ STE C,,CHARLOTTE,NC,282152400,7045370191,PHARMACY MANAGER/PRESIDENT,3336C0003X,tier_1_primary_pharmacy,Y,Y,
1780777110,"JONESTOWN PHARMACY, INC",300 JONESTOWN RD,STE 5,WINSTON SALEM,NC,271044621,3367741445,MANAGER,333600000X|3336C0003X,tier_1_primary_pharmacy,Y,Y,
1417040841,OVERMAN & STEVENSON PHARMACY,512 E MAIN ST,,ELIZABETH CITY,NC,279094430,2523355401,PHRMCST AND PARTNER,333600000X|3336C0003X,tier_1_primary_pharmacy,Y,Y,
1326131756,HUNTER DRUG COMPANY INC,126 S MAIN ST,,WARRENTON,NC,275891952,2522573131,PRES,333600000X|3336C0003X,tier_2_secondary_pharmacy,N,Y,
1235222662,SOUTHSIDE DRUG COMPANY INC,1005 NICHOLAS ST,,HENDERSON,NC,275364945,2524385128,PRESIDENT/OWNER,333600000X|3336C0003X,tier_1_primary_pharmacy,Y,Y,
1144313578,FUTRELL PHARMACY SERVICE INC,119 W JEFFERSON ST,,JACKSON,NC,278459599,2525346001,PHARMACIST OWNER,333600000X|3336C0003X,tier_1_primary_pharmacy,Y,Y,
1053404483,CLINIC PHARMACY OF DURHAM INC,2726 CROASDAILE DR STE 104,,DURHAM,NC,277052500,9193837495,PRESIDENT,333600000X|3336C0002X|3336C0003X,tier_1_primary_pharmacy,Y,Y,
1962595397,HICKORY FAMILY PHARMACY LLC.,1501 TATE BLVD SE,STE 102,HICKORY,NC,286021384,8283244630,PHARMACIST/ OWNER,333600000X|3336C0003X,tier_1_primary_pharmacy,Y,Y,
1598858920,MIDTOWN PHARMACY LLC,941 CENTER CREST DR STE A,,WHITSETT,NC,27377,3364460099,OWNER,333600000X|3336C0003X,tier_1_primary_pharmacy,Y,Y,
1619060845,FUTRELL PHARMACY SERVICE INC,124 S MAIN ST,,RICH SQUARE,NC,27869,2525392552,OWNER AND PHARMACIST,333600000X|3336C0003X,tier_1_primary_pharmacy,Y,Y,
1982797114,CLARKTON DRUG INC.,80 E GREEN ST,,CLARKTON,NC,284335003,9106470437,OWNER/PRESIDENT,333600000X|3336C0003X,tier_1_primary_pharmacy,Y,Y,
1649363870,"PITTSBORO DISCOUNT DRUG, INC",628 EAST ST,,PITTSBORO,NC,273129474,9195427283,OWNER,333600000X|3336C0004X|3336C0003X,tier_1_primary_pharmacy,Y,Y,
1891888020,ELVINGTON DRUG LLC,1126 MAIN STREET,,FAIR BLUFF,NC,28439,9106497721,MEMBER-MANAGER,3336C0003X,tier_1_primary_pharmacy,Y,Y,
1619060555,KINSTON CLINIC PHARMACY INC.,701 DOCTOR'S DRIVE,SUITE P,KINSTON,NC,28501,2525233187,PHARMACIST   CO-OWNER,333600000X,tier_1_primary_pharmacy,Y,Y,
1215021621,FAMILY CARE RX,532 S HIGHWAY 27,,STANLEY,NC,281642056,7042630019,PRESIDENT,3336C0003X,tier_1_primary_pharmacy,Y,Y,
1942394358,"HOMETOWN DISCOUNT PHARMACY OF GREENVILLE, INC.",1631 GREENVILLE BLVD SE,,GREENVILLE,NC,278584809,2527520003,PRESIDENT AND OWNER,333600000X|3336C0003X,tier_1_primary_pharmacy,Y,Y,
1942394234,BRYSON CITY PHARMACY INC,200 HWY 19 S,,BRYSON CITY,NC,28713,8284881705,PRES,333600000X|3336C0003X,tier_1_primary_pharmacy,Y,Y,
1285728097,HOME TOWN DRUG STORES INC,423 E 2ND ST,,WEST JEFFERSON,NC,286949757,3362469990,CEO,333600000X|3336C0003X,tier_1_primary_pharmacy,Y,Y,
1346335502,RIPLEY DRUG INC,364 N SOUTH ST,,MOUNT AIRY,NC,270303532,3367895050,PRESIDENT,3336C0003X,tier_1_primary_pharmacy,Y,Y,
1346335494,ALMANDS DRUG STORE #1,130 S MAIN STREET,,ROCKY MOUNT,NC,27802,2524425126,PHARMACIST-MANAGER,3336C0003X,tier_2_secondary_pharmacy,N,Y,
1649365701,LITTLETON PHARMACY INC.,123 E. S. MAIN ST.,,LITTLETON,NC,27850,2525863414,PHARMACIST / MANAGER,3336C0003X,tier_1_primary_pharmacy,Y,Y,
1215024419,ARCHDALE DRUG CO INC,2401 HICKSWOOD RD STE B,,HIGH POINT,NC,272651538,3364543784,OWNER,333600000X|3336C0003X,tier_1_primary_pharmacy,Y,Y,
1124115324,"HUIE PHARMACY, LLC",1920 W PARK DR,,N WILKESBORO,NC,28659,3368388988,MEMBER,3336C0003X|3336C0004X|3336S0011X|333600000X,tier_1_primary_pharmacy,Y,Y,
1942397146,SCOTLAND APOTHECARY INC,140 S MAIN ST,,LAURINBURG,NC,283523815,9102763001,OWNER,333600000X|3336C0003X,tier_1_primary_pharmacy,Y,Y,
1851488050,TOWNE PHARMACY,1408 W INNES ST,,SALISBURY,NC,281442502,7046366340,OWNER PHARMACIST,333600000X|3336C0003X,tier_1_primary_pharmacy,Y,Y,
1760579965,WALLACE DRUG CO INC,100 W MAIN ST,,WALLACE,NC,284662902,9102853101,OWNER/PIC,333600000X|3336C0003X,tier_2_secondary_pharmacy,N,Y,
1396832598,RANDLEMAN DRUG LLC,600 W ACADEMY ST,,RANDLEMAN,NC,273179748,3364955100,MANAGING PARTNER,333600000X|3336C0003X,tier_1_primary_pharmacy,Y,Y,
1740377613,TRIANGLE PHARMACY INC,1700 E HIGHWAY 54,,DURHAM,NC,27713,9195441711,RPH,333600000X|3336L0003X|3336C0003X,tier_1_primary_pharmacy,Y,Y,
1205925856,PROFESSIONAL PHARMACY CONCEPTS,120 SOUTHPARK DR,STE 402,MOORESVILLE,NC,281178957,7046649528,OWNER,3336C0003X,tier_1_primary_pharmacy,Y,Y,
1669552303,CAROLINA APOTHECARY INC,726 S SCALES ST,,REIDSVILLE,NC,273205330,3363498221,PRESIDENT/OWNER,333600000X|3336C0004X|3336C0003X,tier_1_primary_pharmacy,Y,Y,
1508948308,KERR DRUG INC A DELAWARE COMPANY,275 MCDOWELL ST,,ASHEVILLE,NC,288032606,8282559890,PHARMACIST MANAGER,333600000X|3336C0003X,tier_1_primary_pharmacy,Y,Y,
1417039215,KERR DRUG INC,419 W BROAD ST,,SAINT PAULS,NC,283841537,9108651242,VP OF PHARMACY,333600000X|3336C0003X,tier_1_primary_pharmacy,Y,Y,
1326120122,KERR DRUG INC,1316 JOHN SMALL AVE,,WASHINGTON,NC,278893843,2529461818,VP OF PHARMACY,333600000X|3336C0003X,tier_1_primary_pharmacy,Y,Y,
1336222801,MOORESVILLE PHARMACY EAST LLC,594 N MAIN ST,,MOORESVILLE,NC,281152328,7047996870,OWNER PHARMACIST,333600000X|3336L0003X|3336C0003X,tier_1_primary_pharmacy,Y,Y,
1053493841,FAMILYMED PHARMACY OF MAIDEN,625 E MAIN ST,,MAIDEN,NC,286501419,8284281501,PIC,333600000X|3336C0003X,tier_1_primary_pharmacy,Y,Y,
1962584755,ROCK DRUG OF VALDESE LLC,240 MAIN ST W,,VALDESE,NC,286902835,8288799812,MANAGER LLC,3336C0003X,tier_1_primary_pharmacy,Y,Y,
1871675660,WOODARDS PHARMACY,101 N CHURCH ST,,HERTFORD,NC,279441103,2524265527,PRESIDENT,333600000X|3336C0003X,tier_1_primary_pharmacy,Y,Y,
1780766576,"SAM'S DRUG STORE OF ROBESON CO, LLC",925 SEASIDE RD SW UNIT 1,,OCEAN ISLE BEACH,NC,284696152,9107744600,PRESIDENT,3336C0003X,tier_1_primary_pharmacy,Y,Y,
1427131804,"GUY'S FAMILY PHARMACY, INC.",817 RANDOLPH ST,,THOMASVILLE,NC,273605714,3364765632,VICE PRESIDENT/CO-OWNER,333600000X,tier_1_primary_pharmacy,Y,Y,
1295818235,KERR DRUG INC,848 UNION ST S,,CONCORD,NC,280255731,7047864197,VP OF PHARMACY,333600000X|3336C0003X,tier_1_primary_pharmacy,Y,Y,
1104909142,HAMPSTEAD FAMILY PHARMACY,15489 HWY 17 N,UNIT 2,HAMPSTEAD,NC,28443,9102701077,PHCY MANAGER,3336C0003X|333600000X,tier_1_primary_pharmacy,Y,Y,
1831272566,ELM CITY PHARMACY INC,118 EAST MAIN STREET,,ELM CITY,NC,27822,2522364664,PRESIDENT,3336C0003X,tier_2_secondary_pharmacy,N,Y,
1871677906,SENTRY DRUG CENTER 3 LLC,518 S HIGHWAY 27,,STANLEY,NC,281642051,7042630810,OWNER,3336C0004X|3336S0011X|333600000X|3336C0003X,tier_1_primary_pharmacy,Y,Y,
1497839393,HAVELOCK DRUG COMPANY INC,1204 E MAIN ST,,HAVELOCK,NC,285322405,2524440910,PHARMACY MANAGER,333600000X|3336C0003X,tier_1_primary_pharmacy,Y,Y,
1114001955,"BEACH RX, INC.",41934 HWY 12,,AVON,NC,27915,2529953811,PRESIDENT/PHARMACIST,3336C0003X|333600000X,tier_1_primary_pharmacy,Y,Y,
1285719856,HUDSON DISCOUNT DRUG,510 CENTRAL ST,,HUDSON,NC,286382401,8287283561,PRESIDENT AND OWNER,3336C0004X|333600000X|3336H0001X|3336S0011X|3336L0003X,tier_1_primary_pharmacy,Y,Y,
1518042613,"ANDREWS PHARMACY, INC.",1305 S HAWTHORNE RD,,WINSTON SALEM,NC,271034121,3367231679,OWNER,3336C0003X,tier_1_primary_pharmacy,Y,Y,
1629153911,THOMAS & OAKLEY DRUG INC,109 N MAIN ST,,ROXBORO,NC,275735534,3365993712,OWNER/PHARM,333600000X|3336C0003X,tier_1_primary_pharmacy,Y,Y,
1578640652,"DAVIS DRUG COMPANY OF KENLY, INC.",103 W 2ND ST.,,KENLY,NC,275420235,9192842010,PRESIDENT/PHARMACIST MANAGER,3336C0003X,tier_1_primary_pharmacy,Y,Y,
1932287448,SPEARS PHARMACY INC,405 BECKER DR,,ROANOKE RAPIDS,NC,278703301,2525371146,OWNER PHCST,333600000X|3336C0003X,tier_1_primary_pharmacy,Y,Y,
1174601470,SALISBURY PHARMACY INC,1431 W INNES ST,,SALISBURY,NC,281442501,7046333113,VICE PRESIDENT,3336C0003X,tier_1_primary_pharmacy,Y,Y,
1457430977,AVERY PHARMACY & HEALTHCARE INC,436 HOSPITAL DRIVE,,LINVILLE,NC,28646,8287332486,VICE PRESIDENT,333600000X,tier_1_primary_pharmacy,Y,Y,
1760561179,"BELMONT'S DRUG STORE, INC.",403 CATAWBA ST,SUITE 100,BELMONT,NC,280123311,7048299897,PRESIDENT,3336C0003X,tier_1_primary_pharmacy,Y,Y,
1528137494,BOONE DRUG NEW MARKET LLC,245 NEW MARKET CTR,,BOONE,NC,286073993,8283553365,COMPLIANCE OFFICER,333600000X,tier_1_primary_pharmacy,Y,Y,
1831269646,KERR DRUG INC,101 E ATKINS ST,,DOBSON,NC,270178700,3363864168,VP OF PHARMACY,333600000X|3336C0003X,tier_1_primary_pharmacy,Y,Y,
1811069321,SERVICE DRUG STORE OF PINETOPS INC,102 WEST HAMLET STREET,,PINETOPS,NC,27864,2528275532,OWNER,333600000X|3336C0003X,tier_1_primary_pharmacy,Y,Y,
1073685608,BUSBEE'S PHARMACY,3119 NORTH OXFORD ST,,CLAREMONT,NC,28610,8284592149,OWNER PHARMACIST,333600000X|3336C0003X,tier_1_primary_pharmacy,Y,Y,
1982776514,"MEDICAP PHARMACY OF CATAWBA,LLC",201 2ND ST SW,,CATAWBA,NC,286098811,8282412422,MANAGING R.PH./ PARTNER,3336C0003X,tier_1_primary_pharmacy,Y,Y,
1548332331,ROWAN DRUG INC,1357 W INNES ST,,SALISBURY,NC,281443101,7046376120,OWNER PHARMACIST,333600000X|3336C0003X,tier_1_primary_pharmacy,Y,Y,
1366514150,DRUGCARE PHARMACY,132 WHITFIELD ST,,ENFIELD,NC,278231340,2524453639,OWNER,3336C0003X,tier_1_primary_pharmacy,Y,Y,
1275605065,CONOVER DRUG COMPANY INC,317 1ST ST E,,CONOVER,NC,286131715,8284644491,OWNER PHARMACIST,333600000X|3336C0003X,tier_1_primary_pharmacy,Y,Y,
1992877781,SHELBURNES PHARMACY INC,700 JEFFERSON ST,,WHITEVILLE,NC,284723706,9106401700,OWNER PHARMACIST,333600000X|3336C0003X,tier_1_primary_pharmacy,Y,Y,
1710059506,"RX FOR HEALTHY SOLUTIONS, INC",6635 FALLS OF NEUSE RD,,RALEIGH,NC,276156816,9196766161,PRESIDENT,333600000X|3336C0003X,tier_1_primary_pharmacy,Y,Y,
1861566390,HEALTH CENTER PHARMACY LLC,3070 S NC 127 HWY,,HICKORY,NC,286025404,8282946236,VP,333600000X|3336C0003X,tier_1_primary_pharmacy,Y,Y,
1770657207,ROWLAND FAMILY PHARMACY LLC,101 S BOND ST,,ROWLAND,NC,283839639,9104223774,PHARM AND MGR,333600000X|3336C0003X,tier_1_primary_pharmacy,Y,Y,
1164596318,HALLS DRUG STORE LLC,100 W 3RD ST,,LEXINGTON,NC,272922362,3362490322,MANAGER OPERTAIONS,333600000X|3336C0003X,tier_1_primary_pharmacy,Y,Y,
1831263227,MIDDLESEX PHARMACY INC,10196 S NASH ST,,MIDDLESEX,NC,275578294,2522354367,OWNER,333600000X|3336C0003X,tier_1_primary_pharmacy,Y,Y,
1205901881,DOCTORS PARK PHARMACY INC,403 WESTERN BLVD,,JACKSONVILLE,NC,285466870,9103535733,PHARMACIST AND MNGR,333600000X|3336C0003X,tier_1_primary_pharmacy,Y,Y,
1487720132,GOLDSBORO DRUG COMPANY INC,101 N CENTER ST,,GOLDSBORO,NC,275303620,9197351111,MANAGER,3336C0003X|333600000X,tier_1_primary_pharmacy,Y,Y,
1609942366,MAST DRUG CO INC,307 WEST BLVD,,WILLIAMSTON,NC,278922145,2527921015,PRESIDENT,3336C0004X|333600000X|3336C0003X,tier_1_primary_pharmacy,Y,Y,
1427124189,NEWTON DRUG COMPANY LLC,401 W A ST,,NEWTON,NC,286583954,8284661500,OWNER PHARMACIST,333600000X|3336C0003X,tier_1_primary_pharmacy,Y,Y,
1235205873,MAST DRUG CO INC,418 DABNEY DR,,HENDERSON,NC,275363944,2524384158,PRESIDENT,333600000X|3336C0003X,tier_1_primary_pharmacy,Y,Y,
1558438333,WARRENS DRUG STORE INC,943 S FIFTH ST,,MEBANE,NC,273023240,9195633102,OWNER PHARMACIST,3336C0003X,tier_1_primary_pharmacy,Y,Y,
1942377668,HEALTH FIRST PHARMACY OF WAKE FOREST LLC,2001 S MAIN ST,,WAKE FOREST,NC,275871649,9195690500,OWNER,333600000X|3336C0004X|3336C0003X,tier_1_primary_pharmacy,Y,Y,
1366519555,THOAMSVILLE PHARMACY,702 RANDOLPH ST,,THOMASVILLE,NC,273605713,3364757194,MANAGER,333600000X|3336C0003X,tier_1_primary_pharmacy,Y,Y,
1790853810,"WAYNE PHARMACY, INC.",2302 WAYNE MEMORIAL DR,,GOLDSBORO,NC,275341726,9197356936,PRESIDENT,333600000X|3336C0004X|3336H0001X|3336C0003X,tier_1_primary_pharmacy,Y,Y,
1932277761,MARSHVILLE PHARMACY INC,6330 A WEST MARSHVILLE BLVD,,MARSHVILLE,NC,28103,7046242131,OWNER PHCST,333600000X|3336C0003X,tier_1_primary_pharmacy,Y,Y,
1164590964,WALKERS PHARMACY INC,33 N COLLEGE AVE,,NEWTON,NC,286583235,8284641240,OWNER AND PHARM,333600000X|3336C0003X,tier_1_primary_pharmacy,Y,Y,
1477611663,"MEDICAL CENTER PHARMACY OF WILMINGTON, LLC",912 S 16TH ST,,WILMINGTON,NC,284018016,9107631896,VP/MANAGER/SECRETARY,3336C0003X,tier_1_primary_pharmacy,Y,Y,
1821157827,MCCARTHY SQUARE PHARMACY LLC,609 MCCARTHY BLVD,,NEW BERN,NC,285625232,2525142900,PHARMACY MANAGER,333600000X|3336C0004X|3336C0003X,tier_1_primary_pharmacy,Y,Y,
1730248733,CAROLINA FAMILY PHARMACY INC,2800 18 RAEFORD RD,,FAYETTEVILLE,NC,28303,9104846100,PRES,333600000X|3336C0004X|3336C0003X,tier_1_primary_pharmacy,Y,Y,
1740340702,DALLAS EXPRESS PHARMACY INC,111A N HOFFMAN ST,,DALLAS,NC,280341597,7049223001,OWNER,333600000X|3336C0003X,tier_1_primary_pharmacy,Y,Y,
1760542906,CLAYTON DRUG COMPANY INC,325 E MAIN ST,,CLAYTON,NC,275202463,9195536224,PHARMACY MGR AND PHARMACIST,333600000X|3336C0003X,tier_2_secondary_pharmacy,N,Y,
1679633812,CENTER PHARMACY OF MAIDEN INC,201 ISLAND FORD RD STE D,,MAIDEN,NC,286508733,8284280668,PHARM,333600000X|3336C0003X,tier_1_primary_pharmacy,Y,Y,
1003976069,SANDHILLS PHARMACY,310 ONE HALF E WASHINGTON ST,,ROCKINGHAM,NC,283793644,9109974012,OWNER,3336C0003X,tier_1_primary_pharmacy,Y,Y,
1104986710,REIDSVILLE PHARMACY INC,924 S SCALES ST,,REIDSVILLE,NC,273205318,3363429175,PRESIDENT,3336C0003X,tier_1_primary_pharmacy,Y,Y,
1710049291,HARDINS DRUG STORE NO 2 INC,1281 US HIGHWAY 221A,,FOREST CITY,NC,280435921,8286575353,PHARMACIST MANAGER,3336C0003X,tier_1_primary_pharmacy,Y,Y,
1457413965,MOORESVILLE PHARMACY LLC,108 LEANING OAK DR,,MOORESVILLE,NC,281176991,7046581184,MANAGER OWNER,3336C0003X,tier_1_primary_pharmacy,Y,Y,
1033271002,PHARMACY OF J IVERSON RIDDLE DEVELOPMENT CENTER,300 ENOLA RD,PHARMACY DEPARTMENT,MORGANTON,NC,286554608,8284332653,DIRECTOR OF PHCY SVCS,3336I0012X|333600000X|3336C0004X|3336L0003X,tier_1_primary_pharmacy,Y,Y,
1801958517,TRENT EAST PHARMACY,937 US HIGHWAY 70 E,,NEW BERN,NC,285606535,2526386500,PHARMACIST MANAGER,3336C0003X,tier_1_primary_pharmacy,Y,Y,
1538222153,MCDOWELLS PHARMACY INC.,1004 MAIN ST,,SCOTLAND NECK,NC,27874,2528264137,PRESIDENT/OWNER,333600000X|3336C0003X|3336L0003X,tier_1_primary_pharmacy,Y,Y,
1114082534,ASHEVILLE DISCOUNT PHARMACY INC,76 PATTON AVE,,ASHEVILLE,NC,288013315,8282588511,OWNER,333600000X|3336C0003X,tier_1_primary_pharmacy,Y,Y,
1679638167,HEALTH PARK PHARMACY LLC,8300 HEALTH PARK,SUITE 227,RALEIGH,NC,276154731,9198477645,OWNER/MANAGER,3336C0003X|3336L0003X|333600000X,tier_1_primary_pharmacy,Y,Y,
1750446175,MADISON PHARMACY AND HOMECARE,125 W MURPHY ST,,MADISON,NC,270251923,3365480049,OWNER/PRESIDENT,333600000X|3336C0003X,tier_1_primary_pharmacy,Y,Y,
1760547921,VILLAGE PHARMACY OF HAMPSTEAD INC,15444 HWY 17 NORTH,BLDG 9,HAMPSTEAD,NC,284433548,9102709739,PRESIDENT,333600000X|3336C0003X|3336C0004X,tier_1_primary_pharmacy,Y,Y,
1871658039,DICKERSONS PHARMACY INC,503 DOCTORS DR,,ELIZABETHTOWN,NC,28337,9108623465,PRES,333600000X|3336C0003X,tier_1_primary_pharmacy,Y,Y,
1386700268,FOSTER DRUG OF MOCKSVILLE,495 VALLEY RD,,MOCKSVILLE,NC,270282074,3367512141,MANAGING MEMBER,333600000X|3336C0003X,tier_1_primary_pharmacy,Y,Y,
1891851366,TOM JONES DISCOUNT DRUG CENTER INC,101 TIMBER POINTE LN,,GARNER,NC,275292511,9197724737,PRESIDENT,333600000X,tier_1_primary_pharmacy,Y,Y,
1447316716,MOUNTAIN STREET PHARMACY INC,709 W MOUNTAIN ST,,KINGS MOUNTAIN,NC,280862711,7047397225,PRESIDENT,333600000X|3336C0003X,tier_1_primary_pharmacy,Y,Y,
1003973496,CHS PHARMACY SERVICES INC,269 S MAIN ST,,NORWOOD,NC,281286435,9803235550,AVP PHARMACY SERVICES,333600000X|3336C0003X,tier_1_primary_pharmacy,Y,Y,
1013064476,SALEMBURG PHARMACY INC,112 WEST COLLEGE ST,,SALEMBURG,NC,28385,9105254490,SEC TREAS BUSINESS MANAGER PHARMACY,333600000X|3336C0003X,tier_1_primary_pharmacy,Y,Y,
1194874123,MEDICAL VILLAGE APOTHECARY INC,1610 VAUGHN RD STE K,,BURLINGTON,NC,272172919,3362281336,OWNER,3336C0003X|333600000X,tier_1_primary_pharmacy,Y,Y,
1043369028,BYNUMS DRUG STORE INC,240 MIDDLE ST,,NEW BERN,NC,28560,2526373123,OWNER,3336C0003X,tier_1_primary_pharmacy,Y,Y,
1376692954,WARREN DRUG CO OF BENSON INC,209 E MAIN ST,,BENSON,NC,275041508,9198944651,PHARMACIST MANAGER,3336C0003X,tier_1_primary_pharmacy,Y,Y,
1073663134,TAYLOR DRUG COMPANY INC,118 E MAIN ST,,CONWAY,NC,278200305,2525850721,MANAGER,3336C0003X,tier_1_primary_pharmacy,Y,Y,
1922159888,RX LABOR INC.,112 E MAIN ST,#A,WILLIAMSTON,NC,278922480,2527927841,OWNER PHARMACIST,3336C0003X,tier_2_secondary_pharmacy,N,Y,
1659423903,ROCKY MOUNT MEDICAL PARK PHARMACY INC,901 N WINSTEAD AVE,STE 100,ROCKY MOUNT,NC,278048467,2524437979,OWNER,333600000X|3336C0003X,tier_1_primary_pharmacy,Y,Y,
1568514677,CAJAHS MTN DISCOUNT DRUG,2006 CONNELLY SPRINGS RD,,LENOIR,NC,286457830,8287268632,PRESIDENT,3336C0003X,tier_1_primary_pharmacy,Y,Y,
1780736785,CHS PHARMACY SERVICES INC,218 ALONZO RD,,OAKBORO,NC,28129,9803235260,AVP PHARMACY SERVICES,333600000X|3336C0003X,tier_1_primary_pharmacy,Y,Y,
1609920982,"DRUG RITE, INC.",2728 US 70 E,,MORGANTON,NC,286556978,8284336777,PRESIDENT,3336C0003X,tier_1_primary_pharmacy,Y,Y,
1245384692,"HOWELL DRUG CO., INC",311 TEAL DR,,RAEFORD,NC,283762527,9108753365,PHARM MGR AND OWNER,333600000X|3336C0002X|3336C0003X,tier_1_primary_pharmacy,Y,Y,
1063566412,COOKES PHARMACY INC,1207 W FRONT ST,,STATESVILLE,NC,286775052,7048739498,PHCST OWNER,333600000X|3336C0003X,tier_1_primary_pharmacy,Y,Y,
1568516904,SUTTON'S DRUG STORE INC.,159 E FRANKLIN ST,,CHAPEL HILL,NC,275143620,9199425161,OWNER,3336C0003X,tier_1_primary_pharmacy,Y,Y,
1144374596,MAIN STREET PHARMACY LLC,213 W MAIN ST STE A,,DURHAM,NC,277013258,9196881368,OWNER,333600000X|3336C0003X,tier_1_primary_pharmacy,Y,Y,
1124172119,METROVIEW PHARMACY INC,1900 RANDOLPH RD,STE 102,CHARLOTTE,NC,282071122,7043347286,PRESIDENT PHARMACIST,333600000X,tier_1_primary_pharmacy,Y,Y,
1811042476,TARHEEL PHARMACY #2 INC,1505 N ROAD ST,,ELIZABETH CITY,NC,279093243,2523841001,PHARMACY MANAGER,3336C0003X,tier_1_primary_pharmacy,Y,Y,
1194870600,B B AND C PHARMACY INC,2200 N PINE ST,,LUMBERTON,NC,283583940,9107383757,OWNER AND PHARMACIST,333600000X|3336C0003X,tier_1_primary_pharmacy,Y,Y,
1285789024,WALLYS PHARMACY INC,933 OLD ROCKFORD ST,,MOUNT AIRY,NC,270305356,3367899089,PRES,3336C0003X,tier_1_primary_pharmacy,Y,Y,
1649325184,"TARHEEL PHARMACY, INC",902 ROANOKE AVE,,ELIZABETH CITY,NC,279095565,2523841000,OWNER,3336C0003X,tier_1_primary_pharmacy,Y,Y,
1821143173,"CARRBORO FAMILY PHARMACY, INC",104 HIGHWAY 54 WEST BYPASS UNIT J,,CARRBORO,NC,27510,9199337629,PRESIDENT PHARMACIST,3336C0003X,tier_1_primary_pharmacy,Y,Y,
1922153170,JONES DRUG INC,208 AVERY AVE,,MORGANTON,NC,286553103,8284371565,OWNER,333600000X|3336C0003X,tier_1_primary_pharmacy,Y,Y,
1578618732,"FAIR BLUFF DISCOUNT DRUG, INC",1089 MAIN ST,,FAIR BLUFF,NC,28439,9106497555,OWNER,3336C0003X,tier_1_primary_pharmacy,Y,Y,
1427194570,BRIDGE STREET PHARMACY INC,817 N BRIDGE ST,,ELKIN,NC,286213008,3368353131,PRESIDENT/OWNER/MANAGER,333600000X,tier_2_secondary_pharmacy,N,Y,
1144366170,MARTINS DRUG STORE INC,24 PARK ST,,CANTON,NC,287164428,8286482321,PHARMACIST,3336C0003X,tier_1_primary_pharmacy,Y,Y,
1932245784,GREENWAY PHARMACY INC,579 GREENWAY RD,SUITE 100,BOONE,NC,286074809,8283553350,VICE PRESIDENT,333600000X,tier_1_primary_pharmacy,Y,Y,
1497891923,HEALTHWAY PHARMACY,103 CROSSOVER RD,,BEULAVILLE,NC,285188801,9102984181,PRESIDENT,3336C0003X|3336C0004X|333600000X,tier_1_primary_pharmacy,Y,Y,
1114064276,"MORGANTON DRUG, INC.",500 S STERLING ST,,MORGANTON,NC,286553573,8284336353,OWNER,3336C0003X,tier_1_primary_pharmacy,Y,Y,
1366588972,BOWMAN DRUG COMPANY INCORPORATED,126 1ST AVE S,,CONOVER,NC,286132112,8284641354,OWNER,333600000X|3336C0003X,tier_1_primary_pharmacy,Y,Y,
1275679888,H & W DRUG COMPANY INC,12 E 1ST ST,,NEWTON,NC,286583200,8284640881,OWNER AND PRESIDENT,333600000X|3336C0003X,tier_1_primary_pharmacy,Y,Y,
1619014453,WARSAW RX LLC,8406 RICHLANDS HWY,,RICHLANDS,NC,28574,9103243164,CREDENTIALING,333600000X|3336C0003X,tier_1_primary_pharmacy,Y,Y,
1194862177,MOOSE PHARMACY OF KANNAPOLIS INC,1113 N MAIN ST,,KANNAPOLIS,NC,280812256,7049329111,TREASURER,333600000X|3336C0004X|3336C0003X,tier_1_primary_pharmacy,Y,Y,
1396882973,PUNGO RIVER PHARMACY INC,892 US HIGHWAY 264 BYP,,BELHAVEN,NC,278109771,2529432585,OWNER,3336C0003X,tier_2_secondary_pharmacy,N,Y,
1114065513,APEX FAMILY PHARMACY INC,2601 BLUE RIDGE RD,,RALEIGH,NC,276070111,9197817986,OWNER PHARMACIST,3336C0004X|333600000X|3336C0003X,tier_1_primary_pharmacy,Y,Y,
1164560157,PUTNAM DRUG INC,112 W VIRGINIA AVE,,BESSEMER CITY,NC,280162373,7046292163,OWNER AND PHARMACIST,333600000X|3336C0003X,tier_1_primary_pharmacy,Y,Y,
1073651063,HEALTH INNOVATIONS PHARMACY INC,295 PINEHURST AVE BLDG 2,,SOUTHERN PINES,NC,283877023,9102465155,CEO,333600000X|3336C0003X,tier_1_primary_pharmacy,Y,Y,
1518005545,UPCHURCH DRUG CORPORATION,5108 N ROXBORO ST,,DURHAM,NC,277041420,9194777325,PRESIDENT,3336C0003X,tier_1_primary_pharmacy,Y,Y,
1700925898,MINTZ COASTAL DRUG STORE INC,4802 MAIN STREET,,SHALLOTTE,NC,284701863,9107546563,"PRESIDENT, MANAGER",3336C0003X,tier_1_primary_pharmacy,Y,Y,
1205975778,COATS PHARMACY INC,393 N MCKINLEY ST,,COATS,NC,275218132,9108978500,OWNER,333600000X|3336C0003X,tier_1_primary_pharmacy,Y,Y,
1932248978,"AULANDER PHARMACY, INC",101 S. COMMERCE ST.,,AULANDER,NC,278050250,2523455131,PRESIDENT,3336C0003X|333600000X,tier_1_primary_pharmacy,Y,Y,
1144360553,HEALTHWAY PHARMACY,103 CROSSOVER RD,,BEULAVILLE,NC,285188801,9102984181,OWNER,3336C0003X,tier_1_primary_pharmacy,Y,Y,
1437290947,"HARRIS PHARMACY, INC",105 N MAIN ST,,LOUISBURG,NC,275492570,9194963543,PRESIDENT,3336C0003X,tier_1_primary_pharmacy,Y,Y,
1043350804,"COMMUNITY PHARMACY OF GRANITE FALLS, LLC",21 FALLS AVE,,GRANITE FALLS,NC,28630,8283962144,OWNER & PIC,333600000X,tier_2_secondary_pharmacy,N,Y,
1396886701,"MEDICAL PARK PHARMACY EAST, INC.",1513 LIVE OAK ST,,BEAUFORT,NC,285161518,2525042800,PRESIDENT,3336C0003X,tier_1_primary_pharmacy,Y,Y,
1710022595,"CLEVELAND DRUG COMPANY, INC",11745B STATESVILLE BLVD,,CLEVELAND,NC,270139419,7042784788,PRESIDENT,3336C0003X,tier_1_primary_pharmacy,Y,Y,
1326183922,"CAROLINA FAMILY PHARMACY ,INC",2800 RAEFORD RD STE 18,SUITE 18,FAYETTEVILLE,NC,283035465,9104846100,PHARMACIST PRESIDENT,333600000X,tier_1_primary_pharmacy,Y,Y,
1720123904,BURTON'S PHARMACY INC,120 E LINDSAY ST,,GREENSBORO,NC,274013008,3362727139,PRESIDENT OF CORP-MANAGER,3336C0003X,tier_1_primary_pharmacy,Y,Y,
1639214232,WARSAW DRUG CO INC,204 N FRONT ST,,WARSAW,NC,283981833,9102934521,PRESIDENT,3336C0003X,tier_1_primary_pharmacy,Y,Y,
1104961739,CROSSROADS PHARMACY,3123 PLATEAU RD,,NEWTON,NC,286588900,7042761078,PHARMACIST,333600000X|3336C0003X,tier_1_primary_pharmacy,Y,Y,
1174650949,JAMISON DRUG CENTERS INC,215 E JEFFERSON ST,,MONROE,NC,281124865,7042838131,PHARMACIST,3336C0003X,tier_1_primary_pharmacy,Y,Y,
1245367838,MADISON PHARMACY & GIFTS INC,4401 US HWY 25 70,,MARSHALL,NC,28753,8286491632,PRESIDENT,333600000X|3336C0003X,tier_1_primary_pharmacy,Y,Y,
1174650998,NEW MASSEY HILL PHARMACY LLC,1072 SOUTHERN AVE,,FAYETTEVILLE,NC,283061766,9104840150,PHARMACIST OWNER,3336C0003X,tier_1_primary_pharmacy,Y,Y,
1801924162,PRESCOTTS PHARMACY INC,1402 W CUMBERLAND ST,,DUNN,NC,283344504,9108921176,PHARMACIST/OWNER,333600000X|3336C0003X,tier_1_primary_pharmacy,Y,Y,
1881722544,SPRUCE PINE PHARMACY INC,431 ALTAPASS HWY,,SPRUCE PINE,NC,287773010,8287652281,PRESIDENT,333600000X|3336C0003X,tier_1_primary_pharmacy,Y,Y,
1730210832,STRICKLANDS PHARMACY INC,7705 LEAD MINE RD,,RALEIGH,NC,276154829,9198452454,PRESIDENT,3336L0003X|3336C0003X,tier_1_primary_pharmacy,Y,Y,
1588795488,PUNGO RIVER PHARMACY INC,892 US HIGHWAY 264 BYP,,BELHAVEN,NC,278109771,2529432585,PRESIDENT,333600000X|3336C0003X,tier_1_primary_pharmacy,Y,Y,
1255463766,RED SPRINGS DRUG COMPANY,114 S MAIN ST,,RED SPRINGS,NC,283771512,9108434431,PHARMACIST,333600000X,tier_1_primary_pharmacy,Y,Y,
1790817724,HAZELWOOD PHARMACY INC,429 HAZELWOOD AVE,,HAZELWOOD,NC,287861946,8284565481,PHARMACIST MANAGER,333600000X|3336C0003X,tier_1_primary_pharmacy,Y,Y,
1740314285,TOWN AND COUNTRY DRUG CTR INC,78 SANDERSON ST,,HAYESVILLE,NC,289040505,8283896111,PHARMACIST,333600000X|3336C0003X,tier_1_primary_pharmacy,Y,Y,
1578680864,JANES RX DRUGS,16 N MAIN ST,,MARS HILL,NC,28754,8286894612,PHARMACIST OWNER,3336C0003X|333600000X,tier_1_primary_pharmacy,Y,Y,
1194941286,CALABASH FAMILY PHARMACY INC,10080 BEACH DRIVE SW,,CALABASH,NC,28467,9105791177,PHRM MANG,333600000X|3336C0003X,tier_1_primary_pharmacy,Y,Y,
1184841280,COMMUNITY PHARMACY OF LOCUST LLC.,236 MARKET STREET,SUITE 100,LOCUST,NC,28097,7048883784,VICE PRESIDENT,3336C0003X,tier_1_primary_pharmacy,Y,Y,
1447470307,"SOUTHERN DISCOUNT DRUG, INC.",1050 ALAMANCE CHURCH RD,,GREENSBORO,NC,274063808,3363780830,PRESIDENT,3336C0003X,tier_1_primary_pharmacy,Y,Y,
1083834949,"SOUTHERN DISCOUNT DRUG, INC.",1805 WAYNE MEMORIAL DR,,GOLDSBORO,NC,275342241,9197346672,PRESIDENT,3336C0003X,tier_1_primary_pharmacy,Y,Y,
1124248331,HARRISBURG PHARMACY SERVICES INC,4310 PHYSICIANS BLVD,,HARRISBURG,NC,28075,7044555355,OWNER,3336C0003X,tier_1_primary_pharmacy,Y,Y,
1295955417,HUDSON DISCOUNT DRUG INC,721 MALCOLM BLVD,,RUTHERFORD COLLEGE,NC,28638,8288745100,PRESIDENT,333600000X|3336C0004X|3336H0001X|3336L0003X|3336S0011X|3336C0003X,tier_1_primary_pharmacy,Y,Y,
1861613994,"ETOWAH PHARMACY, INC.",6527 BREVARD RD.,,ETOWAH,NC,287290351,8288900022,PHARMACIST,3336C0003X,tier_1_primary_pharmacy,Y,Y,
1881815181,LOWRY DRUG COMPANY INC,750 HARTNESS RD,,STATESVILLE,NC,286773400,7048732247,PHARMACIST OWNER,3336C0003X,tier_1_primary_pharmacy,Y,Y,
1407057706,"PHARMACY ASSOCIATES, LLC",534 GREENSBORO ST,,ASHEBORO,NC,272034737,3366256146,OWNER - MANAGER,3336C0003X,tier_1_primary_pharmacy,Y,Y,
1750584769,"LEICESTER VILLAGE PHARMACY, LLC",876 NEW LEICESTER HWY,SUITE 1,ASHEVILLE,NC,288061049,8286836727,PHARMACIST,3336C0003X,tier_1_primary_pharmacy,Y,Y,
1649474859,BURNSVILLE PHARMACY INC,310 WEST BYPASS HWY 19E,,BURNSVILLE,NC,28714,8286829901,PHARMACIST  PRESIDENT,3336C0003X,tier_1_primary_pharmacy,Y,Y,
1881890341,"BELL'S DRUG STORE, INC.",331 FRONT ST,,BEAUFORT,NC,285162124,2527283810,PRESIDENT,3336C0003X,tier_1_primary_pharmacy,Y,Y,
1205035896,PHYSICIANS PHARMACY ALLIANCE,9000 REGENCY PKWY,,CARY,NC,275188592,9194635555,CLINICAL PHARMACIST,3336C0003X,tier_1_primary_pharmacy,Y,Y,
1689866279,"JONES PHARMACY ENTERPRISES, INC.",5123 SOUTH BLVD,SUITE A,CHARLOTTE,NC,282172754,7045253956,SECRETARY-TREASURER,3336C0003X,tier_1_primary_pharmacy,Y,Y,
1982898359,"NORTH IREDELL PHARMACY, INC",979 W MEMORIAL HWY,,HARMONY,NC,286349352,7045394727,OWNER,3336C0003X,tier_1_primary_pharmacy,Y,Y,
1356536791,COMMUNITY PHARMACY OF TIMBERLAKE INC,413 HELENA MORIAH RD,,TIMBERLAKE,NC,275837324,3363641053,PHARMACIST MANAGER,3336C0003X,tier_1_primary_pharmacy,Y,Y,
1043405459,LAKE BRANDT PHARMACY INC,1007 E HWY 150 WEST,,SUMMERFIELD,NC,27358,3366432550,PRESIDENT,3336C0003X,tier_1_primary_pharmacy,Y,Y,
1619163375,"CHS PHARMACY SERVICES, INC.",4525 CAMERON VALLEY PKWY STE 1200,,CHARLOTTE,NC,282114371,7045126040,AVP PHARMACY SERVICES,333600000X|3336C0003X,tier_1_primary_pharmacy,Y,Y,
1801083449,WARSAW RX LLC,107 S PINE ST,,WARSAW,NC,283981924,9102934334,CREDENTIALING,333600000X,tier_1_primary_pharmacy,Y,Y,
1831386226,CHS PHARMACY SERVICES INC,332 N TRADE ST STE 1300,,MATTHEWS,NC,28105,7045126870,PHARMACY SERVICES,333600000X|3336C0002X,tier_1_primary_pharmacy,Y,Y,
1053591305,"KERR DRUG, INC",3220 SPRING FOREST RD,,RALEIGH,NC,276162822,9195443896,THIRD PARTY SUPERVISOR,3336C0003X,tier_1_primary_pharmacy,Y,Y,
1477737237,APPALACHIAN APOTHECARY INC,479 DELLWOOD RD,,WAYNESVILLE,NC,287862907,8284522313,OWNER,3336C0003X,tier_1_primary_pharmacy,Y,Y,
1619151404,FISHER RX DIRECT LLC,1157 E MARION ST STE 1,,SHELBY,NC,281504890,7044827963,OWNER,3336C0003X,tier_1_primary_pharmacy,Y,Y,
1932385374,WARRENS DRUG STORE INC,100 MILLSTEAD DR,,MEBANE,NC,273027165,9195633400,OWNER,3336C0004X|3336C0003X,tier_1_primary_pharmacy,Y,Y,
1558539056,BEST VALUE MED CARE PHARMACY,3309 BONNIES ALLEY,,FARMVILLE,NC,27828,2527532323,OWNER,3336C0003X|3336C0004X|3336M0002X|3336S0011X|3336H0001X,tier_1_primary_pharmacy,Y,Y,
1144499039,NORTHWESTERN DRUG COMPANY INC,255 NC HIGHWAY 16 S,,TAYLORSVILLE,NC,286813048,8286322271,OWNER/PHARMACIST,3336C0003X,tier_1_primary_pharmacy,Y,Y,
1922278605,WATERS DRUG COMPANY LLC,201 LIVERMORE DR,,PEMBROKE,NC,283727322,9105225152,OWNER,3336C0004X|3336C0003X,tier_1_primary_pharmacy,Y,Y,
1912170507,COMMUNITY PHARMACY OF VALE LLC,9576 NC HWY 10W,,VALE,NC,281687451,7044620226,MANAGER,3336C0003X,tier_1_primary_pharmacy,Y,Y,
1346417185,CAROLINA PHARMACY SERVICES,207A ASH ST,,YADKINVILLE,NC,270556869,3366775000,PHARMACY MANAGER,3336C0003X,tier_1_primary_pharmacy,Y,Y,
1336316512,HAYESVILLE PHARMACY LLC,808 NC HWY 69,,HAYESVILLE,NC,28904,8283896900,MEMBER LLC,3336C0003X,tier_1_primary_pharmacy,Y,Y,
1548420912,A PLUS PHARMACY INC,3010 MONROE RD,STE 101,CHARLOTTE,NC,282057532,7043330970,PRESIDENT,3336C0003X,tier_1_primary_pharmacy,Y,Y,
1821258807,BREVARD DRUG COMPANY LLC,518 S BROAD ST,,BREVARD,NC,287124438,8288839757,PRESIDENT,3336C0003X,tier_1_primary_pharmacy,Y,Y,
1881855260,GORDON FAMILY PHARMACY INC,163 ROSMAN HWY,,BREVARD,NC,287124119,8288776111,PRESIDENT,3336C0003X,tier_1_primary_pharmacy,Y,Y,
1588827372,GO PHARMACY INC,203 CHAUNCEY TOWN RD STE B,,LAKE WACCAMAW,NC,284502003,9106466614,CEO,3336I0012X|333600000X|3336L0003X,tier_1_primary_pharmacy,Y,Y,
1780848804,HEALTHSMART PHARMACY LLC,108 LEANING OAK DR,,MOORESVILLE,NC,28117,7046581184,MANAGER,3336C0003X,tier_1_primary_pharmacy,Y,Y,
1174779607,REALO DISCOUNT DRUG STORES OF EASTERN NORTH CAROLINA INC,1913 E FIRE TOWER RD,SUITE K,GREENVILLE,NC,278584126,2523553538,PRESIDENT,3336C0003X,tier_1_primary_pharmacy,Y,Y,
1386891141,HIGH POINT REGIONAL RETAIL PHARMACY,601 N ELM ST,,HIGH POINT,NC,272624331,3368786599,CHIEF FINANCIAL OFFICER,333600000X|3336C0003X,tier_1_primary_pharmacy,Y,Y,
1285883207,"HEALTHFIRST PHARMACY OF WAKE FOREST,LLC",2001 S MAIN ST,,WAKE FOREST,NC,275871612,9195690500,OWNER/MANAGER,333600000X,tier_1_primary_pharmacy,Y,Y,
1164672093,"REALO DISCOUNT DRUG STORES OF PINK HILL, INC.",107 W BROADWAY ST,,PINK HILL,NC,285727998,2525683161,PHARMACIST-MANAGER,3336C0003X,tier_1_primary_pharmacy,Y,Y,
1326290784,BURTON'S PHARMACY INC.,120 E LINDSAY ST,,GREENSBORO,NC,274013008,3362727139,OWNER/PHARMACIST,3336C0003X,tier_1_primary_pharmacy,Y,Y,
1003069832,BEULAVILLE PHARMACY INC,103 CROSSOVER RD,,BEULAVILLE,NC,285188801,9102983093,OWNER PHCY MANAGER,3336C0004X|3336C0003X,tier_1_primary_pharmacy,Y,Y,
1912150749,NATURES PHARMACY INC,752 BILTMORE AVE,,ASHEVILLE,NC,288032558,8282510094,OWNER,3336C0004X|3336C0003X,tier_1_primary_pharmacy,Y,Y,
1528211026,"REALO DISCOUNT DRUG STORES OF EASTERN NORTH CAROLINA, INC",1301 COMMERCE DR,,NEW BERN,NC,285622213,2526399006,PRESIDENT,3336C0003X,tier_1_primary_pharmacy,Y,Y,
1386897460,"THOMAS DRUG STORE OF DUNN, INC",609 E CUMBERLAND ST,,DUNN,NC,283345021,9108922114,PHARMACY MANAGER,3336C0003X,tier_1_primary_pharmacy,Y,Y,
1326292251,MEDICAL CENTER PHARMACY INC,805 S LONG DR,,ROCKINGHAM,NC,283794317,9109974471,PRESIDENT,3336C0003X,tier_1_primary_pharmacy,Y,Y,
1669626164,MOOSE PHARMACY OF SALISBURY LLC,1408 W INNES ST,,SALISBURY,NC,281442502,7046366340,PRESIDENT,3336C0004X|3336C0003X,tier_1_primary_pharmacy,Y,Y,
1902050115,"BRIDGE STREET PHARMACY, INC",817 N BRIDGE ST,,ELKIN,NC,286213008,3368353131,VICE PRESIDENT,3336C0003X,tier_1_primary_pharmacy,Y,Y,
1750536694,"FARMVILLE DISCOUNT DRUG, INC",3708 N MAIN ST,,FARMVILLE,NC,278281499,2527532093,PRESIDENT,3336C0003X,tier_1_primary_pharmacy,Y,Y,
1164677852,FALLS RIVER PHARMACY LLC,10930 RAVEN RIDGE RD,SUITE 109,RALEIGH,NC,276146593,9198442055,MEMBER,3336C0003X,tier_1_primary_pharmacy,Y,Y,
1518112200,SILER CITY PHARMACY LLC,202 E RALEIGH ST,,SILER CITY,NC,27344,9196635541,MEMBER-MANAGER,3336C0003X,tier_1_primary_pharmacy,Y,Y,
1881849263,1ST RX PHARMACY INC - GREENBRIAR,308A MOCKSVILLE HWY,,STATESVILLE,NC,286258267,7048786225,PRESIDENT/OWNER,333600000X,tier_1_primary_pharmacy,Y,Y,
1013162312,"NORTH VILLAGE PHARMACY, INC",1493 MAIN ST,,YANCEYVILLE,NC,273798793,3366944104,PRESIDENT,3336C0003X,tier_1_primary_pharmacy,Y,Y,
1013152099,OLD MAIN PHARMACY INC,407 W 3RD ST,,PEMBROKE,NC,283727977,9105225500,PRESIDENT/OWNER,333600000X,tier_1_primary_pharmacy,Y,Y,
1659516425,W C ROSE DRUG STORE INC,309-B NASH ST W,,WILSON,NC,27893,2522371188,BILLING MANAGER,333600000X,tier_1_primary_pharmacy,Y,Y,
1093951253,PROFESSIONAL PHARMACY OF OXFORD,140 ROXBORO RD,,OXFORD,NC,275652642,9196938555,MANAGER/OWNER,333600000X,tier_1_primary_pharmacy,Y,Y,
1720224702,"MEDICAL PARK PHARMACY GREENVILLE, INC",4814 OLD TAR RD,,WINTERVILLE,NC,285907852,2527528800,PRESIDENT,3336C0003X,tier_1_primary_pharmacy,Y,Y,
1588800478,NALLE PHARMACY INC,11304 HAWTHORNE DR,STE 120,MINT HILL,NC,282279300,7045459687,OWNER,3336C0003X,tier_1_primary_pharmacy,Y,Y,
1396981239,MOOSE DRUG COMPANY,8374 WEST FRANKLIN STREET,,MOUNT PLEASANT,NC,281240067,7044369613,PHARMACIST,3336C0003X,tier_1_primary_pharmacy,Y,Y,
1851538144,FUTRELL PHARMACY SERVICE INC,123 EAST SOUTH MAIN STREET,,LITTLETON,NC,278500532,2525863414,PHARMACIST OWNER,3336C0003X,tier_1_primary_pharmacy,Y,Y,
1831336072,"PITTMAN'S PHARMACY, INC.",305 W GRANVILLE ST,,WINDSOR,NC,279831815,2527943431,OWNER,3336C0003X,tier_1_primary_pharmacy,Y,Y,
1790923555,SENIOR CARE PHARMACY LLC,1207 CREWS RD STE D,,MATTHEWS,NC,281057582,7042466510,MANGER,333600000X|3336L0003X,tier_1_primary_pharmacy,Y,Y,
1922246818,CALHOUN FAMILY PHARMACY INC,4417 RAMSEY STREET,,FAYETTEVILLE,NC,28311,9108843053,PRESIDENT,3336C0003X,tier_1_primary_pharmacy,Y,Y,
1275772238,FAMILY CARE PHARMACY OF JACKSONVILLE INC,114B MEMORIAL DR,,JACKSONVILLE,NC,285466328,9103535050,PRESIDENT,3336C0003X,tier_1_primary_pharmacy,Y,Y,
1912147455,HOSPICE PHARMACY SERVICES INC,3072 TRENWEST DR STE A,,WINSTON SALEM,NC,271033219,3367231679,OWNER,333600000X|3336C0003X|3336C0004X,tier_1_primary_pharmacy,Y,Y,
1528209137,COSTWISE PHARMACY INC,712 WASHINGTON ST,,WILLIAMSTON,NC,278922648,2528094288,PRESIDENT,3336C0003X,tier_1_primary_pharmacy,Y,Y,
1659512879,STANLEYVILLE FAMILY PHARMACY INC,475 SUMMIT SQUARE BLVD,,WINSTON SALEM,NC,271051485,3363773979,MANAGER,3336C0003X,tier_1_primary_pharmacy,Y,Y,
1316180193,GO PHARMACY INC,1911 S 17TH ST STE 100,,WILMINGTON,NC,284016663,9106463112,CEO,3336M0002X|333600000X|3336C0003X,tier_1_primary_pharmacy,Y,Y,
1912141623,"MARSHALL FAMILY PHARMACY, INC.",5115 HWY 25-70,,MARSHALL,NC,287536448,8286490682,"OWNER, PHARMACY MANAGER",3336C0003X,tier_1_primary_pharmacy,Y,Y,
1033343082,CLEMMONS FAMILY PHARMACY LLC,4320 S NC HIGHWAY 150,,LEXINGTON,NC,272955161,3368532744,PRESIDENT,333600000X|3336C0003X,tier_1_primary_pharmacy,Y,Y,
1346474194,MASSEY HILL PHARMACY LLC,1072 SOUTHERN AVE,,FAYETTEVILLE,NC,283061766,9104840159,PHARMACIST OWNER,3336C0003X,tier_1_primary_pharmacy,Y,Y,
1356578470,SMITH WORKS PHARMACY INC,220 BURLINGTON AVE,,GIBSONVILLE,NC,272492461,3364495501,OWNER/PRESIDENT,3336C0003X,tier_1_primary_pharmacy,Y,Y,
1538397799,"LAKE BRANDT PHARMACY, INC",1007 NC HIGHWAY 150 W STE E,,SUMMERFIELD,NC,273587925,3366432550,PRESIDENT/OWNER,3336C0003X,tier_1_primary_pharmacy,Y,Y,
1578791596,MEBANE DRUG STORE INC,101 E CLAY ST,,MEBANE,NC,273022434,9193043784,PRESIDENT/OWNER,3336C0003X,tier_1_primary_pharmacy,Y,Y,
1780813394,"ALLCARE PHARMACY SERVICES, LLC",9641 BITTER MELON DRIVE,,ANGIER,NC,275015917,9196396030,PHARMACIST MANAGER,3336C0003X,tier_2_secondary_pharmacy,N,Y,
1144450933,CAROLINA APOTHECARY INC,726 S SCALES ST,,REIDSVILLE,NC,273205330,3363420071,PRESIDENT/OWNER,3336C0003X,tier_1_primary_pharmacy,Y,Y,
1912137688,BARBOUR DRUG INC,2213 EDGEWOOD AVE,,BURLINGTON,NC,27215,3365848878,OWNER,3336C0003X,tier_1_primary_pharmacy,Y,Y,
1194955120,EASTERN CAROLINA PHARMACY CARE INC,1302 W VERNON AVE,,KINSTON,NC,285043528,2522536069,PHARMACIST MANAGER,3336C0003X,tier_1_primary_pharmacy,Y,Y,
1790917375,"HEALTH PARK PHARMACY, LLC",8300 HEALTH PARK,SUITE 227,RALEIGH,NC,276154730,9198477645,MEMBER,3336C0003X,tier_1_primary_pharmacy,Y,Y,
1649402017,VILLAGE PHARMACY OF WAKE FOREST LLC,900 S FRANKLIN ST,SUITE 102,WAKE FOREST,NC,275872797,9195562757,OWNER,3336S0011X|3336C0004X|3336C0003X,tier_1_primary_pharmacy,Y,Y,
1184856551,MOORESVILLE ON-SITE PHARMACY LLC,1000 LOWES BLVD,,MOORESVILLE,NC,281178520,7047571760,ASSISTANT SECRETARY,3336C0003X,tier_1_primary_pharmacy,Y,Y,
1417280595,CAPITAL CARE RX LLC,10410 MONCREIFFE RD STE 101,,RALEIGH,NC,276177821,9193614343,PRESIDENT,3336C0003X,tier_1_primary_pharmacy,Y,Y,
1457684409,"CHS PHARMACY SERVICES, INC.",13640 STEELECROFT PKWY,SUITE 120,CHARLOTTE,NC,282787565,7045125300,PHARMACY DIRECTOR,333600000X|3336C0003X,tier_1_primary_pharmacy,Y,Y,
1912231309,"RX CENTRAL, INC.",807 DAVIDSON DR NW,,CONCORD,NC,280254351,7047860135,PRESIDENT,3336C0003X,tier_1_primary_pharmacy,Y,Y,
1205161148,SOUTHMONT PHARMACY INC,10599 NC HIGHWAY 8,,LEXINGTON,NC,272926891,3367981700,PHARMACIST,3336C0004X|3336C0003X,tier_1_primary_pharmacy,Y,Y,
1053647255,CARROLL PHARMACY INC,840 S BRIGHTLEAF BLVD,,SMITHFIELD,NC,275774377,9199347164,OWNER/PRESIDENT,3336C0003X|3336L0003X,tier_1_primary_pharmacy,Y,Y,
1174859722,STOKESDALE FAMILY PHARMACY INC.,8500 US HIGHWAY 158,,STOKESDALE,NC,273579248,3366447288,PRESIDENT,333600000X,tier_1_primary_pharmacy,Y,Y,
1538496179,PIEDMONT DRUG,4620 WOODY MILL RD,SUITE B,GREENSBORO,NC,274068779,3368567577,CO-OWNER,3336C0003X,tier_1_primary_pharmacy,Y,Y,
1235466061,MEDCARE CLINIC & PHARMACY LLC,7892 IDLEWILD RD,,INDIAN TRAIL,NC,280798675,7048820211,PHARMACIST MANAGER,333600000X,tier_1_primary_pharmacy,Y,Y,
1578891669,VILLAGE APOTHECARY,7305 NC HIGHWAY 22,,WHISPERING PINES,NC,283278512,9109493700,PRESIDENT/PHARMACIST,333600000X,tier_1_primary_pharmacy,Y,Y,
1225367329,MORRIS FAMILY PHARMACY INC,105 E H ST,,ERWIN,NC,283392143,9108977165,PHARMD,333600000X,tier_1_primary_pharmacy,Y,Y,
1972833630,CREECH DRUG COMPANY INC,126 N RAIFORD ST,,SELMA,NC,275762833,9199652316,PHARMACIST/MANAGER,3336C0003X,tier_1_primary_pharmacy,Y,Y,
1396067567,PIEDMONT PHARMACY SOLUTIONS INC,1816 E ARBORS DR STE 410,,CHARLOTTE,NC,282622666,7049719880,PHARMACY MGR/OWNER,3336C0004X|3336L0003X|3336C0003X|333600000X,tier_2_secondary_pharmacy,N,Y,
1144542994,EASTOVER DRUG LLC,3591 DUNN RD,,EASTOVER,NC,283128794,9104834555,PHARMACY MANAGER,3336C0004X|3336C0003X,tier_1_primary_pharmacy,Y,Y,
1861714115,HAVELOCK DRUG COMPANY,1204 E MAIN ST,,HAVELOCK,NC,285322405,2524440910,PRESIDENT,3336C0003X,tier_1_primary_pharmacy,Y,Y,
1700108115,VEDIC PHARMACY LLC,1620 MARTIN LUTHER KING JR BLVD STE 104,,RALEIGH,NC,276103479,9198659993,MANAGER,3336L0003X|3336C0003X,tier_1_primary_pharmacy,Y,Y,
1174847586,"ARIHANT PHARMACY, LLC",6330 W MARSHVILLE BLVD,,MARSHVILLE,NC,281031500,7046242131,PIC/ OWNER,333600000X|3336C0004X|3336S0011X|3336C0003X,tier_1_primary_pharmacy,Y,Y,
1861716946,KERR DRUG,140 NC 102 W,,AYDEN,NC,285138792,2527463026,DISTRICT PHARMACY SUPERVISOR,3336C0003X,tier_1_primary_pharmacy,Y,Y,
1174847636,ANGIER DISCOUNT DRUG OF NC LLC,253 N RALIEGH STREET,,ANGIER,NC,27501,9196399623,PRESIDENT,333600000X|3336C0003X,tier_1_primary_pharmacy,Y,Y,
1184949810,"REALO DISCOUNT DRUG STORES OF GREENE CO., INC",104 PARKWOOD DR,,SNOW HILL,NC,285801336,2527477004,PRESIDENT,3336C0003X,tier_1_primary_pharmacy,Y,Y,
1184949703,EVANS DRUG & COMPANY,10187 NC HIGHWAY 127,,HICKORY,NC,286018380,8284953784,OWNER,3336C0003X,tier_1_primary_pharmacy,Y,Y,
1326364472,STOKESDALE FAMILY PHARMACY,8500 US HIGHWAY 158,,STOKESDALE,NC,273579248,3366447288,PRESIDENT,333600000X,tier_1_primary_pharmacy,Y,Y,
1346566080,VEDIC PHARMACY LLC,114 W MAIN ST,,DURHAM,NC,277013604,9196888978,OWNER,333600000X|3336C0003X,tier_1_primary_pharmacy,Y,Y,
1467770644,KERNERSVILLE PHARMACY LLC,841 OLD WINSTON RD STE 90,,KERNERSVILLE,NC,272847145,3364974511,OFFICER,333600000X|3336C0003X,tier_1_primary_pharmacy,Y,Y,
1518285477,PHARMACY HEALTH SOLUTIONS LLC,4310 PHYSICIANS BLVD,,HARRISBURG,NC,280757404,7044545135,PRESIDENT/MANAGER,333600000X|3336C0004X|3336C0003X,tier_1_primary_pharmacy,Y,Y,
1033438312,KC PHARMACY,5430 N TRYON ST,SUITE 16,CHARLOTTE,NC,282137128,7043994817,PHARMACIST IN CHARGE,3336C0003X,tier_1_primary_pharmacy,Y,Y,
1215256326,BURKE PHARMACY INC,301 W MEETING ST,,MORGANTON,NC,286553866,8284378025,PHARMACIST OWNER,3336C0003X|333600000X,tier_1_primary_pharmacy,Y,Y,
1093035933,"BISCOE PHARMACY, INC.",2295 NC HIGHWAY 24/27 EAST,,BISCOE,NC,272090249,9106388408,PRESIDENT,3336C0003X,tier_1_primary_pharmacy,Y,Y,
1548574205,"TAS DRUG, INC",500 W CHURCH ST,,CHERRYVILLE,NC,280212812,7044355082,VICE PRESIDENT,3336C0003X,tier_1_primary_pharmacy,Y,Y,
1770898546,ALL-STATES PHARMACY INCORPORATED,221 OLD HENDERSONVILLE RD,SUITE D,FLETCHER,NC,287329679,8777340695,PRESIDENT,3336C0003X,tier_1_primary_pharmacy,Y,Y,
1710294517,CENTER PHARMACY OF MAIDEN INC.,201 ISLAND FORD RD STE D,,MAIDEN,NC,286508733,8284280668,PHARMACIST,333600000X,tier_1_primary_pharmacy,Y,Y,
1477860930,"FAMILY PHARMACY OF LOUISBURG, L.L.C.",339 S BICKETT BLVD,,LOUISBURG,NC,275492701,9193401100,PHARMACIST MANAGER/OWNER,3336C0003X,tier_1_primary_pharmacy,Y,Y,
1942517370,"HUIE PHARMACY, LLC",1920 W PARK DR,,N WILKESBORO,NC,28659,3368388988,PHARMACY MANAGER,333600000X|3336C0003X,tier_1_primary_pharmacy,Y,Y,
1275841033,CLINIC PHARMACY,1901 HILLANDALE RD,,DURHAM,NC,277052664,9193837496,CLINICAL PHARMACIST,3336C0003X,tier_1_primary_pharmacy,Y,Y,
1750699468,HERITAGE PHARMACY INC,1722 W US HIGHWAY 19E,,BURNSVILLE,NC,287148602,8286899300,OWNER,333600000X,tier_1_primary_pharmacy,Y,Y,
1568770857,LONG VIEW DRUG CO,2637 1ST AVE SW,,HICKORY,NC,286021912,8283247948,PRESIDENT,3336C0003X,tier_1_primary_pharmacy,Y,Y,
1912215328,SPECIALTY PHARMACY SOLUTIONS LLC,900 S FRANKLIN ST STE 104,,WAKE FOREST,NC,275872799,9192298025,OWNER,333600000X|3336C0004X|3336H0001X|3336S0011X|3336L0003X,tier_1_primary_pharmacy,Y,Y,
1487962890,ROSEBORO PHARMACY INC,128 N CENTER ST,,MOUNT OLIVE,NC,283651701,9196584313,PHARMACY MANAGER/PRESIDENT,333600000X|3336C0003X,tier_1_primary_pharmacy,Y,Y,
1518276070,BETHLEHEM PHARMACY INC,9471 NC HIGHWAY 127,,HICKORY,NC,286018394,8284958258,PRESIDENT,3336C0003X,tier_1_primary_pharmacy,Y,Y,
1144539388,"MEDICAL PARK PHARMACY, INC",301 PENNY LN,,MOREHEAD CITY,NC,285574307,2527260777,VICE PRESIDENT,333600000X,tier_1_primary_pharmacy,Y,Y,
1558671446,PAMLICO PHARMACY INC,11326 NC 55 HWY E,,GRANTSBORO,NC,285299451,2527456337,OWNER,3336C0004X|333600000X|3336C0003X,tier_1_primary_pharmacy,Y,Y,
1548570955,CLINIC DRUG INC.,106 LINVILLE ST,,MORGANTON,NC,286552806,8285840741,PRESIDENT,333600000X|3336C0003X,tier_1_primary_pharmacy,Y,Y,
1871893107,"APEX FAMILY PHARMACY, INC",2601 BLUE RIDGE RD,,RALEIGH,NC,276076481,9197817986,PHARMACIST,333600000X,tier_1_primary_pharmacy,Y,Y,
1205137254,"GLEN RAVEN PHARMACY, INC.",1902 W WEBB AVE,,BURLINGTON,NC,272171062,3365843736,PHARMACIST/MANAGER,3336C0003X,tier_1_primary_pharmacy,Y,Y,
1881996114,KERNERSVILLE PHARMACY LLC,841 OLD WINSTON RD,STE 90,KERNERSVILLE,NC,272847144,3364974511,PHARMACIST,3336C0003X,tier_1_primary_pharmacy,Y,Y,
1740582774,MARKS PHARMACY LLC,836 ASHEVILLE HWY,,SYLVA,NC,287792743,8286315547,"OWNER, PIC, AO",333600000X|3336C0004X|3336C0003X,tier_1_primary_pharmacy,Y,Y,
1962704775,SPECIALTY PHARMACY-SOUTHERN PINES LLC,735 S. BENNETT ST.,,SOUTHERN PINES,NC,28387,9102469355,PRESIDENT,333600000X|3336C0004X|3336C0003X,tier_1_primary_pharmacy,Y,Y,
1316249873,"TAYLOE DRUG COMPANY, INC.",601 E 12TH ST,,WASHINGTON,NC,278893408,2529462084,BUSINESS MANAGER,3336C0003X,tier_1_primary_pharmacy,Y,Y,
1104129337,AKERS PHARMACY,1595 E GARRISON BLVD,,GASTONIA,NC,280545138,7048653411,IMMUNIZING PHARMACIST,333600000X,tier_1_primary_pharmacy,Y,Y,
1790088904,TRIANGLE PHARMACY,1700 EAST HIGHWAY 54,,DURHAM,NC,277132197,9195441711,PHARMACIST,3336C0003X,tier_1_primary_pharmacy,Y,Y,
1316240435,JOSEFS PHARMACY LLC,2100 NEW BERN AVE,,RALEIGH,NC,276102431,9192122555,OWNER,333600000X|3336L0003X|3336S0011X|3336C0003X,tier_1_primary_pharmacy,Y,Y,
1730482894,CRESCENT PHARMACY OF ROWAN INC.,314 E MAIN ST,,ROCKWELL,NC,28138,7042792288,PRESIDENT,3336C0003X,tier_1_primary_pharmacy,Y,Y,
1184927162,"OTWAY PHARMACY PARTNERS, INC",708 HIGHWAY 70 EAST - OTWAY,,BEAUFORT,NC,28516,2527179356,MANAGER/OWNER,3336C0003X,tier_1_primary_pharmacy,Y,Y,
1821391608,RX 24 7 ON CALL LLC,11635 NORTHPARK DR STE 306,,WAKE FOREST,NC,275876525,9196743650,PRESIDENT/CEO,3336M0002X|3336L0003X|333600000X|3336C0003X,tier_1_primary_pharmacy,Y,Y,
1558664193,SPINDALE DRUG CO INC,109 W MAIN ST,,SPINDALE,NC,28160,8282881044,PRESIDENT,3336C0003X,tier_1_primary_pharmacy,Y,Y,
1841593563,"MCPHAIL'S PHARMACY, INC.",815 W FRONT ST,,LILLINGTON,NC,275469735,9108934544,OWNER/PRESIDENT,3336C0003X,tier_1_primary_pharmacy,Y,Y,
1346544293,JOHNSON S FAMILY PHARMACY LLC,7277 NC HIGHWAY 42 STE 208,,RALEIGH,NC,276037528,9196627550,PHARMACY MANAGER,333600000X|3336C0003X,tier_1_primary_pharmacy,Y,Y,
1992000533,ROBBINSVILLE PHARMACY INC,238 RODNEY ORR BYP,,ROBBINSVILLE,NC,287718420,8284792273,PRESIDENT,333600000X|3336C0003X,tier_1_primary_pharmacy,Y,Y,
1659676948,FUTRELL PHARMACY SERVICE INC,119 W JEFFERSON ST,,JACKSON,NC,278459599,2525346001,OWNER,333600000X,tier_1_primary_pharmacy,Y,Y,
1891090601,LE S FAMILY PHARMACY,1600 PURSER DR,,CHARLOTTE,NC,282152935,9802073267,OWNER/PRESIDENT,333600000X|3336C0003X,tier_1_primary_pharmacy,Y,Y,
1871899617,ANDERSON CREEK PHARMACY INC,6779 OVERHILLS RD,,SPRING LAKE,NC,283908873,9104976337,PRESIDENT,3336C0003X,tier_1_primary_pharmacy,Y,Y,
1164729950,QUAIL CORNERS PHARMACY LLC,5039 FALLS OF NEUSE RD,,RALEIGH,NC,276095462,9198765020,PHARMACY MANAGER,3336C0003X,tier_1_primary_pharmacy,Y,Y,
1801193503,A2Z PHARMACY LLC,1408 ARCHDALE DR,,CHARLOTTE,NC,282104421,9803550906,OWNER,3336C0004X|3336M0003X|333600000X|3336C0003X,tier_1_primary_pharmacy,Y,Y,
1437456084,PREMIER PHARMACY INC,107 ESTATOA AVE,,NEWLAND,NC,286577832,8287330061,PRESIDENT,333600000X|3336C0004X|3336S0011X|3336C0003X,tier_1_primary_pharmacy,Y,Y,
1851698385,"LAYNE'S FAMILY PHARMACY, INC.",509 S VAN BUREN RD,,EDEN,NC,272885082,3366274600,VICE-PRESIDENT,333600000X,tier_1_primary_pharmacy,Y,Y,
1861799199,QUALITY CARE PHARMACY OF THE SANDHILLS,65 PARKER LANE,,PINEHURST,NC,28374,9102153784,PRESIDENT,3336C0003X,tier_1_primary_pharmacy,Y,Y,
1518264605,"TODDS PHARMACY, INC.",207 SOUTH POINDEXTER ST,,ELIZABETH CITY,NC,27909,2523352901,OWNER/PHARMACIST,3336C0003X,tier_1_primary_pharmacy,Y,Y,
1235437518,PHARMACY INNOVATIONS INC,2221 STANTONSBURG RD,,GREENVILLE,NC,278342841,2527520003,PRESIDENT,3336C0004X|333600000X|3336C0003X,tier_1_primary_pharmacy,Y,Y,
1649579582,PHYSICIANS DISCOUNT DRUG LLC,741 TILGHMAN DR,STE A,DUNN,NC,283345507,9102300662,OWNER,3336C0003X,tier_1_primary_pharmacy,Y,Y,
1437448701,ROBINHOOD FAMILY PHARMACY LLC,3424 ROBINHOOD RD,,WINSTON SALEM,NC,271064702,3362839355,PHARMACIST MANAGER/OWNER,3336C0004X|3336C0003X,tier_1_primary_pharmacy,Y,Y,
1093005217,REALO DISCOUNT DRUG OF POLLOCKSVILLE,9041 HWY 17,,POLLOCKSVILLE,NC,285730027,2522240404,MEMBER/MANAGER,3336C0003X,tier_1_primary_pharmacy,Y,Y,
1114217247,"STOKES PHARMACY, INC.",8055 BROAD STREET,,RURAL HALL,NC,27045,3369690444,PRESIDENT/PHARMACIST,3336C0003X,tier_1_primary_pharmacy,Y,Y,
1760773337,"DENTON PHARMACY, INC",807 D BROAD ST,,ORIENTAL,NC,28571,2522492740,PRESIDENT,3336M0002X|3336C0004X|333600000X|3336C0003X,tier_1_primary_pharmacy,Y,Y,
1306138755,"STEDMAN DRUG CENTER, INC",7445 CLINTON RD,,STEDMAN,NC,283918901,9103234555,ASSISTANT MANAGER,3336C0003X,tier_1_primary_pharmacy,Y,Y,
1568754844,"EASTOVER DRUG, LLC",3591 DUNN RD,,EASTOVER,NC,283128794,9104834555,PHARMACIST,3336C0003X,tier_1_primary_pharmacy,Y,Y,
1417240334,"TAS DRUG WEST LINCOLN, INC.",4417 WEST NC HWY 27,,VALE,NC,281689656,7044355082,VP,3336C0003X,tier_1_primary_pharmacy,Y,Y,
1437443116,DDP PHARMACY INC,107 SMITH CHURCH RD,,ROANOKE RAPIDS,NC,278704911,2525377010,PHARMACY MANAGER,333600000X|3336C0003X|3336S0011X,tier_1_primary_pharmacy,Y,Y,
1124313978,QUEST RX SERVICES,5820 E WT HARRIS BLVD STE E-2,,CHARLOTTE,NC,282153541,7048995100,PRESIDENT/OWNER,333600000X|3336C0003X,tier_2_secondary_pharmacy,N,Y,
1316232416,HILLSBOROUGH PHARMACY & NUTRITION,110 BOONE SQUARE ST STE 29,,HILLSBOROUGH,NC,272782665,9192451212,PHARMACY MANAGER/OWNER,3336C0003X|333600000X,tier_1_primary_pharmacy,Y,Y,
1154617918,"LAYNE'S FAMILY PHARMACY, INC",509 S VAN BUREN RD,,EDEN,NC,272885082,3366274600,VICE-PRESIDENT,3336C0003X|3336L0003X,tier_1_primary_pharmacy,Y,Y,
1255628681,NORTHSIDE FAMILY PHARMACY INC,10553 E NC HIGHWAY 97,,ROCKY MOUNT,NC,278039208,2529854266,PRESIDENT,333600000X|3336C0003X,tier_1_primary_pharmacy,Y,Y,
1780964031,"COMMUNITY PHARMACY OF LINCOLNTON, LLC",626 CENTER DR,,LINCOLNTON,NC,280923712,7047352556,OWNER/PHARMACIST,333600000X,tier_1_primary_pharmacy,Y,Y,
1083997530,"STANLEYVILLE FAMILY PHARMACY, INC",193 N SUMMIT SQUARE BLVD,,WINSTON SALEM,NC,27105,3363773979,PRESIDENT,333600000X,tier_1_primary_pharmacy,Y,Y,
1720361199,REALO DISCOUNT DRUG STORES OF EASTERN NORTH CAROLINA INC,1802 JAMES SLAUGHTER RD,,FUQUAY VARINA,NC,275268363,9195521126,PRESIDENT,333600000X|3336C0003X,tier_1_primary_pharmacy,Y,Y,
1124301098,"ONE STOP PHARMACY, INC.",530 NEW WAVERLY PLACE,SUITE 301,CARY,NC,27518,9193878468,PHARMACY MANGER,333600000X,tier_1_primary_pharmacy,Y,Y,
1205112968,HARDINS DRUG 2,1281 US HIGHWAY 221A,,FOREST CITY,NC,280435921,8286575353,PHARMACIST MANAGER,3336C0003X,tier_1_primary_pharmacy,Y,Y,
1699052720,FAMILY FIRST PHARMACY INC.,702 MAIN ST,,BAYBORO,NC,285159634,2527455539,PHARMACIST/PRESIDENT,3336C0003X,tier_1_primary_pharmacy,Y,Y,
1679850879,"TODDS NORTHSIDE PROFESSIONAL PHARMACY,INC.",1141 N ROAD ST,,ELIZABETH CITY,NC,279093354,2523311333,PHARMACIST/OWNER,3336C0003X,tier_1_primary_pharmacy,Y,Y,
1578830105,"ROCKY MOUNT MEDICAL PARK PHARMACY, INC",901 N WINSTEAD AVE,SUITE 100,ROCKY MOUNT,NC,278048467,2524437979,PRESIDENT,3336C0003X,tier_1_primary_pharmacy,Y,Y,
1609143908,"IREDELL DRUG CARE, INC",3478 E BROAD ST,,STATESVILLE,NC,286254523,7048786681,OWNER/PHARMACIST,3336C0003X,tier_1_primary_pharmacy,Y,Y,
1700154366,INNOVATIVE MEDS RX,364 N SOUTH ST,,MOUNT AIRY,NC,270303532,3367895050,PRESIDENT,3336C0003X,tier_1_primary_pharmacy,Y,Y,
1033487798,SOUTH COURT DRUG CO,210 E ELM ST STE A,,GRAHAM,NC,272533055,3362264401,PRESIDENT,3336C0003X,tier_1_primary_pharmacy,Y,Y,
1265700777,CAPE FEAR CLINIC PHARMACY,1607 DOCTORS CIR,,WILMINGTON,NC,284017405,9103438736,"DEPUTY DIRECTOR, PHARMACY SERVICES",3336C0002X|3336C0003X,tier_1_primary_pharmacy,Y,Y,
1124396593,PROHEALTH PHARMACY INC,280 N POINTE BLVD,,MOUNT AIRY,NC,270302267,3367196010,OWNER,333600000X|3336C0003X,tier_1_primary_pharmacy,Y,Y,
1447529631,CLINTON DRUG COMPANY,307 BEAMAN ST,,CLINTON,NC,283282907,9105928444,PHARMACY MANAGER,3336C0003X,tier_1_primary_pharmacy,Y,Y,
1568731594,INNES STREET DRUG CO. INC. #3,1706 W INNES ST,,SALISBURY,NC,281442552,7046361712,VICE-PRESIDENT/ PHARMACIST-MANAGER,3336C0003X,tier_1_primary_pharmacy,Y,Y,
1245509199,"MYERS DISCOUNT PHARMACY, INC.",87 W CORNELIUS HARNETT BLVD,,LILLINGTON,NC,275466848,9105917064,PRESIDENT,3336C0003X,tier_1_primary_pharmacy,Y,Y,
1245509082,PIEDMONT PHARMACY LLC,924 COX RD,,GASTONIA,NC,280543456,9198654641,PHARMACY MANAGER,3336C0003X,tier_1_primary_pharmacy,Y,Y,
1154690998,PIEDMONT PHARMACY LLC,12610 N COMMUNITY HOUSE RD STE 100,,CHARLOTTE,NC,282773892,9198654641,PHARMACY MANAGER,3336C0003X,tier_1_primary_pharmacy,Y,Y,
1386914380,"LEWISVILLE DRUG COMPANY, INC.",6715 SHALLOWFORD RD,,LEWISVILLE,NC,270239724,3369460220,PRESIDENT,3336C0003X,tier_1_primary_pharmacy,Y,Y,
1023389343,WILKES FAMILY PHARMACY,1300 WESTWOOD LN STE A,,WILKESBORO,NC,286972638,3366679347,PHARMACIST/OWNER,333600000X,tier_1_primary_pharmacy,Y,Y,
1235400128,ROBINHOOD FAMILY PHARMACY LLC,3443 ROBINHOOD RD,STE S,WINSTON SALEM,NC,271064760,3362839355,PHARMACIST MANAGER/OWNER,3336C0003X,tier_1_primary_pharmacy,Y,Y,
1306110978,REALO DISCOUNT DRUG STORE OF GREENE CO INC,104 PARKWOOD DR,,SNOW HILL,NC,285801336,2527477004,PHARMACIST MANAGER,333600000X,tier_1_primary_pharmacy,Y,Y,
1790041440,"COROLLA PHARMACY, INC",532 CARATOKE HWY STE A,,MOYOCK,NC,279588740,2522320278,PHARMACIST-MANAGER,3336C0003X,tier_1_primary_pharmacy,Y,Y,
1003172792,DALLAS EXPRESS PHARMACY,111A N HOFFMAN ST,,DALLAS,NC,280341597,7049223001,PRESIDENT,3336C0003X,tier_1_primary_pharmacy,Y,Y,
1629334354,"MEDICAL PHARMACY OF ALBEMARLE, INC.",320 YADKIN ST,,ALBEMARLE,NC,280013447,7049829179,PHARMACIST,333600000X|3336C0003X,tier_1_primary_pharmacy,Y,Y,
1093071698,RX CARE OF NC LLC,11304 HAWTHORNE DR STE 120,,MINT HILL,NC,282279467,7045736899,OWNER,3336S0011X|333600000X|3336C0004X|3336C0003X,tier_1_primary_pharmacy,Y,Y,
1154687408,CHATHAM CARES COMMUNITY PHARMACY,127 E RALEIGH ST,,SILER CITY,NC,273443440,9196630177,PHARMACIST,3336C0003X,tier_1_primary_pharmacy,Y,Y,
1265799894,"MIDTOWN PHARMACY, LLC",941 CENTER CREST DR STE A,,WHITSETT,NC,273778002,3364460099,OWNER,3336C0003X,tier_1_primary_pharmacy,Y,Y,
1366703621,TODDS PHARMACY OF GATES CO INC,504 MAIN STREET,,GATESVILLE,NC,279389998,2523571800,PHARMACIST MANAGER,3336C0003X,tier_1_primary_pharmacy,Y,Y,
1265793012,ALL-STATES PHARMACY INCORPORATED,221 OLD HENDERSONVILLE RD STE D,,FLETCHER,NC,287329679,8286518810,PRESIDENT,333600000X|3336C0004X|3336H0001X|3336I0012X|3336L0003X|3336M0002X|3336M0003X|3336S0011X|3336C0003X,tier_1_primary_pharmacy,Y,Y,
1770845166,ZOO CITY DRUG INC,1204 SHAMROCK RD,,ASHEBORO,NC,272036947,3366263784,PRESIDENT,333600000X|3336C0003X,tier_1_primary_pharmacy,Y,Y,
1164785796,"ZOO CITY DRUG, INC.",1204 SHAMROCK RD,,ASHEBORO,NC,272036947,3366263784,PRESIDENT,333600000X|3336C0003X,tier_1_primary_pharmacy,Y,Y,
1427311406,CAROLINA CARE PHARMACY INC,123 BRANCH ST STE G,,LOWELL,NC,280982044,7048794032,PHARMACY MANAGER,333600000X|3336L0003X,tier_1_primary_pharmacy,Y,Y,
1609131283,HEALTHWISE PHARMACY OF GREENVILLE INC,516 S WM HOOKER DR APT B,,HOOKERTON,NC,285387188,2527470154,CORPORATION SECRETARY,333600000X|3336C0003X,tier_1_primary_pharmacy,Y,Y,
1174888689,PHARMACY ACQUISITION COMPANY LLC,110 E SUNSET DR,,MONROE,NC,281126057,7047769760,OWNER,333600000X|3336C0003X,tier_1_primary_pharmacy,Y,Y,
1417205410,OLD MAIN PHARMACY INC,101 S BOND ST,,ROWLAND,NC,283839639,9104223774,PRESIDENT/OWNER,333600000X,tier_1_primary_pharmacy,Y,Y,
1649528613,OLD MAIN PHARMACY INC.,101 S BOND ST,,ROWLAND,NC,283839639,9104223774,PRESIDENT/OWNER,3336C0003X,tier_1_primary_pharmacy,Y,Y,
1962750893,COMMUNITY PHARMACY,270 PINE MOUNTAIN RD,,HUDSON,NC,286382634,8287578240,DIRECTOR OF PHARMACY,3336C0003X,tier_1_primary_pharmacy,Y,Y,
1740538545,THOMASVILLE FAMILY PHARMACY LLC,1116 LEXINGTON AVE,,THOMASVILLE,NC,273603415,3368532744,PRESIDENT,333600000X|3336C0003X,tier_1_primary_pharmacy,Y,Y,
1407104284,REALO DISCOUNT DRUG STORES OF EASTERN NORTH CAROLINA INC,322 PRITCHARD RD,,CLAYTON,NC,27527,9193599164,PRESIDENT,3336C0003X,tier_1_primary_pharmacy,Y,Y,
1235488388,MOES RX CLINIC INC,1711 CENTRAL AVE,,CHARLOTTE,NC,282055107,7049101242,PHARMACIST IN CHARGE,3336C0003X|333600000X,tier_1_primary_pharmacy,Y,Y,
1194075945,PHARAOHS PHARMACY INC,2971 CROUSE LN STE A,,BURLINGTON,NC,272158446,3362703176,R.PH,333600000X|3336C0003X,tier_1_primary_pharmacy,Y,Y,
1003167891,CARRBORO FAMILY PHARMACY INC.,104 HWY 54 BYP,SUITE J,CARRBORO,NC,275101597,9199337629,PHARMACIST,3336C0003X,tier_1_primary_pharmacy,Y,Y,
1245582089,TPS RX,2250 SHIPYARD BLVD STE 11,,WILMINGTON,NC,284038070,9104422056,COO,333600000X,tier_1_primary_pharmacy,Y,Y,
1770836033,CROSSROADS FAMILY PHARMACY INC,3635 N HALIFAX RD,,ROCKY MOUNT,NC,278048255,2524437700,PRESIDENT,3336C0003X,tier_1_primary_pharmacy,Y,Y,
1821341058,SONA COMPOUNDING PHARMACY,530 HENDERSONVILLE ROAD,,ASHEVILLE,NC,28803,8287825571,OWNER/ PIC,3336C0003X|3336C0004X,tier_1_primary_pharmacy,Y,Y,
1952655425,SUNSHINE FAMILY PHARMACY LTD.,1187 DUCK RD,,DUCK,NC,279494570,2522870480,PHARMACIST IN CHARGE,333600000X,tier_1_primary_pharmacy,Y,Y,
1821342262,AMERICARE PHARMACY LLC,1185 CHARLOTTE HWY STE K,,FAIRVIEW,NC,287307783,8286283121,PRESIDENT/OWNER,333600000X|3336C0004X|3336L0003X|3336C0003X,tier_1_primary_pharmacy,Y,Y,
1639414915,KINSTON CLINIC PHARMACY,701 DOCTORS DR,SUITE P,KINSTON,NC,285011589,2525233187,PHARMACY MANAGER,3336C0003X,tier_1_primary_pharmacy,Y,Y,
1417292244,"INDIAN TRAIL PHARMACY, INC.",106 INDIAN TRAIL RD S,,INDIAN TRAIL,NC,280799669,7048217617,OFFICE MANAGER/TREASURER,3336C0003X,tier_1_primary_pharmacy,Y,Y,
1265778427,MAST DRUG CO. INC,501 S CHESTNUT ST,,HENDERSON,NC,275364102,8882944955,ADM. MGR.,333600000X,tier_1_primary_pharmacy,Y,Y,
1902142649,REALO DISCOUNT DRUG STORES OF EASTERN NORTH CAROLINA INC,15441 US HWY 17,SUITE 801,HAMPSTEAD,NC,28443,9108211006,PRESIDENT,3336C0003X,tier_1_primary_pharmacy,Y,Y,
1033456371,SOUTHERN VILLAGE PHARMACY INC,300 MARKET ST,SUITE 114,CHAPEL HILL,NC,275164493,9192404084,OWNER/MANAGER,333600000X|3336C0003X,tier_1_primary_pharmacy,Y,Y,
1477891513,"MEDICAL PARK PHARMACY GREENVILLE, INC",1872 W ARLINGTON BLVD,SUITE M,GREENVILLE,NC,278345704,2523210222,VP,333600000X,tier_1_primary_pharmacy,Y,Y,
1326386319,CHEROKEE PHARMACY INC,664 CHEROKEE CROSSING,,WHITTIER,NC,287897640,8284972273,PRESIDENT,333600000X,tier_1_primary_pharmacy,Y,Y,
1215276423,WHITE STAR DISCOUNT PHARMACY OF TROY INC,436 ALBEMARLE RD,,TROY,NC,273713102,9105722129,PRESIDENT,3336C0003X,tier_1_primary_pharmacy,Y,Y,
1629319397,RIPLEY DRUG INC,1985 HENDERSONVILLE RD STE 51,,ASHEVILLE,NC,288036600,8287825571,PRESIDENT,333600000X|3336C0003X,tier_1_primary_pharmacy,Y,Y,
1538400205,RIPLEY DRUG INC,317 N KING ST,,HENDERSONVILLE,NC,287924349,8287825571,PRESIDENT,333600000X|3336C0003X,tier_1_primary_pharmacy,Y,Y,
1770824989,"MAST DRUG CO., INC",307 WEST BLVD,,WILLIAMSTON,NC,278922145,2527921015,ADM. MGR.,3336C0003X,tier_1_primary_pharmacy,Y,Y,
1932442514,"COMMUNITY PHARMACY OF ALBEMARLE, LLC",1420 US HIGHWAY 52 N,SUITE C,ALBEMARLE,NC,280012622,7049829179,PRESIDENT,3336C0003X,tier_1_primary_pharmacy,Y,Y,
1831532944,FUTRELL PHARMACY SERVICE INC,108 S MAIN ST STE B,,WARRENTON,NC,275891965,2522572147,PHARMACIST OWNER,3336C0003X,tier_1_primary_pharmacy,Y,Y,
1831533892,LIBERTY FAMILY PHARMACY INC,430 N GREENSBORO ST,,LIBERTY,NC,272980000,3366447288,PRESIDENT,333600000X,tier_1_primary_pharmacy,Y,Y,
1194169615,GREYSTONE VILLAGE PHARMACY INC,7713 LEAD MINE RD STE 37,,RALEIGH,NC,276154805,9198447939,OWNER,333600000X|3336C0003X,tier_1_primary_pharmacy,Y,Y,
1881038230,SMART PHARMACY LLC,10 W PALMER ST,,FRANKLIN,NC,287343046,8283693784,OWNER,3336C0004X|333600000X|3336C0003X,tier_1_primary_pharmacy,Y,Y,
1265878524,"HUIE PHARMACY, LLC",1920 W PARK DR,,NORTH WILKESBORO,NC,286593563,3368388988,PHARMACIST IN CHARGE,3336C0003X,tier_1_primary_pharmacy,Y,Y,
1598101826,JOHNSON DRUG HAMPSTEAD INC.,"17230 US HWY 17N, SUITE 222",,HAMPSTEAD,NC,28443,9102702223,PRESIDENT,333600000X|3336C0004X|3336C0003X,tier_1_primary_pharmacy,Y,Y,
1437596616,DOCS PHARMACY INC,2860 FREEDOM DR,,CHARLOTTE,NC,282083856,7049006001,PHARMACY MANAGER,3336C0003X,tier_1_primary_pharmacy,Y,Y,
1295173573,SOUTH PARK FAMILY PHARMACY LLC,1215 A WEST CLEMMONSVILLE ROAD,,WINSTON-SALEM,NC,271274790,3368532744,MEMBER/MANAGER,333600000X|3336C0003X,tier_1_primary_pharmacy,Y,Y,
1710328315,SENTRY DRUG CENTER 16 INC,1446 E GASTON ST,,LINCOLNTON,NC,280924412,7047321194,PRESIDENT,3336C0003X,tier_1_primary_pharmacy,Y,Y,
1265873863,SENTRY DRUG CENTER 11 INC,2622 E MAIN ST,,LINCOLNTON,NC,280924319,7047352551,OWNER/RPH,3336C0003X,tier_1_primary_pharmacy,Y,Y,
1477995165,"CALDWELL DISCOUNT DRUG COMPANY, INC",425 MAIN STREET,,HUDSON,NC,28638,8287283561,PHARMACIST/OWNER,3336C0003X|3336S0011X|333600000X,tier_1_primary_pharmacy,Y,Y,
1699107961,RALEIGH ORTHOPAEDIC PHARMACY,3001 EDWARDS MILL RD,,RALEIGH,NC,276125243,9196451411,CEO,333600000X,tier_1_primary_pharmacy,Y,Y,
1942632369,"HOMETOWN DISCOUNT PHARMACY OF GREENVILLE, INC",1631 SE GREENVILLE BLVD,,GREENVILLE,NC,278584809,2527520003,OWNER/PHARMACIST,3336C0003X,tier_1_primary_pharmacy,Y,Y,
1386077634,THREE GUYS PHARMACY,2479 S CHURCH ST,,BURLINGTON,NC,272155201,3365702273,SECRETARY,3336C0003X,tier_1_primary_pharmacy,Y,Y,
1447683578,SHIV PHARMACY INC,1546 UNION RD STE B,,GASTONIA,NC,280545521,7048128172,PHARMACY MANAGER,333600000X|3336C0003X,tier_1_primary_pharmacy,Y,Y,
1831522234,RX CARE 13 LLC,305 N JUDD PKWY NE,,FUQUAY VARINA,NC,275262370,9195578300,PRESIDENT,333600000X|3336C0004X|3336S0011X|3336C0003X,tier_1_primary_pharmacy,Y,Y,
1740613140,RX CARE 14 LLC,7701 SHARON LAKES RD STE H,,CHARLOTTE,NC,282107429,9802019240,OWNER,333600000X|3336C0004X|3336S0011X|3336C0003X,tier_1_primary_pharmacy,Y,Y,
1306270574,TRIAD CHOICE PHARMACY,658 WAUGHTOWN ST,,WINSTON SALEM,NC,271072217,3368936286,OWNER,333600000X|3336C0003X,tier_1_primary_pharmacy,Y,Y,
1790111961,"REALO DISCOUNT DRUG STORES OF EASTERN NORTH CAROLINA, INC",5655 S NC 41 HWY,,WALLACE,NC,28466,9102851120,PRESIDENT,333600000X,tier_1_primary_pharmacy,Y,Y,
1770911414,JAYS HOMETOWN PHARMACY LLC,612 S STERLING ST,,MORGANTON,NC,286553575,8284381866,PHARMACY OWNER/MANAGER,333600000X|3336C0003X,tier_1_primary_pharmacy,Y,Y,
1346679412,"FRIENDLY PHARMACY, INC",3712 LAWNDALE DR STE G,,GREENSBORO,NC,274553066,3367907343,OPERATIONS MANAGER,3336C0003X,tier_1_primary_pharmacy,Y,Y,
1528498227,"SUNSHINE PHARMACY, INC.",206 E STATE ST,SUITE 1,BLACK MOUNTAIN,NC,287113541,8286690090,PRESIDENT,3336C0003X,tier_1_primary_pharmacy,Y,Y,
1609207356,B&L PHARMACY ASSOCIATES LLC,197 NC HIGHWAY 42 N STE C,,ASHEBORO,NC,272037968,3366294524,PHARMACIST IN CHARGE,333600000X|3336C0003X,tier_1_primary_pharmacy,Y,Y,
1437570652,LEXINGTON FAMILY PHARMACY LLC,800 E CENTER ST,,LEXINGTON,NC,272924402,3362370648,PRESIDENT,333600000X|3336C0003X,tier_1_primary_pharmacy,Y,Y,
1609297316,SOUTHEAST FAMILY PHARMACY INC,223 NC HIGHWAY 111 S,,GOLDSBORO,NC,275349253,9197781110,PHARMACIST/PRESIDENT,3336C0003X,tier_1_primary_pharmacy,Y,Y,
1285056515,WALKERS PHARMACY OF NEWTON INC,33 N COLLEGE AVE,,NEWTON,NC,286583235,8284641240,OWNER,333600000X,tier_1_primary_pharmacy,Y,Y,
1841611167,REALO DISCOUNT DRUG STORES OF EASTERN NORTH CAROLINA INC,2129 S GLENBURNIE RD,SUITE 12 SOUTH MARKET SQUARE,NEW BERN,NC,285625267,2526720253,PRESIDENT,333600000X|3336L0003X,tier_1_primary_pharmacy,Y,Y,
1932521416,"CHS PHARMACY SERVICES, INC.",4400 GOLF ACRES DR,BLDG J STE B1,CHARLOTTE,NC,282085990,7045126057,AVP PHARMACY SERVICES,333600000X|3336S0011X,tier_1_primary_pharmacy,Y,Y,
1376965889,MAST DRUG CO. INC,1910 ROSS MILL RD,,HENDERSON,NC,275378789,2524383112,ADM MGR,333600000X,tier_1_primary_pharmacy,Y,Y,
1649693359,OFFICE PRACTICE OF PHARMACY LLC,24 COMMERCE DR,,TAYLORSVILLE,NC,286816524,8286328591,OWNER/PHARMACIST,3336C0004X|3336C0003X,tier_1_primary_pharmacy,Y,Y,
1639594369,"CORNER DRUG STORES OF KNIGHTDALE, INC",6905 KNIGHTDALE BLVD,SUITE 102,KNIGHTDALE,NC,275456505,9192616999,PRESIDENT,3336C0003X,tier_1_primary_pharmacy,Y,Y,
1851718571,"FRIENDLY FAMILY PHARMACY, LLC DBA FRIENDLY FAMILY PHARMACY PAW CREEK",517 LITTLE ROCK RD,,CHARLOTTE,NC,282141915,7045315881,PHARMACY MANAGER,333600000X,tier_1_primary_pharmacy,Y,Y,
1255758769,"NC PHARMACY GROUP, LLC",163 NASHVILLE COMMONS DR,,NASHVILLE,NC,278561823,2526775565,COO,3336C0003X,tier_1_primary_pharmacy,Y,Y,
1831500032,PERSON STREET PHARMACY LLC,702 N PERSON ST,,RALEIGH,NC,276041216,9198326432,MANAGER,333600000X|3336C0003X,tier_1_primary_pharmacy,Y,Y,
1699187765,GREENSBORO FAMILY PHARMACY LLC,2290 GOLDEN GATE DR,,GREENSBORO,NC,274054302,3368532744,PRESIDENT,3336C0003X,tier_1_primary_pharmacy,Y,Y,
1457763401,HOGAN'S PHARMACY INC,815 W FRONT ST,,LILLINGTON,NC,275469735,9108934544,PRESIDENT,333600000X|3336C0004X|3336C0003X,tier_1_primary_pharmacy,Y,Y,
1225443294,ALVAREZ PHARMACY & DISCOUNT INC,2645 E MILLBROOK RD STE C,,RALEIGH,NC,276042851,9199046668,SECRETARY,3336C0003X,tier_1_primary_pharmacy,Y,Y,
1598171910,EXPRESS DISCOUNT PHARMACY LLC,1905 SKIBO RD STE 104,,FAYETTEVILLE,NC,283140261,9104912431,DIRECTOR,3336C0003X,tier_1_primary_pharmacy,Y,Y,
1346657129,MORGAN STREET PHARMACY LLC,927 W MORGAN ST,STE 100,RALEIGH,NC,276031600,9197030154,MEMBER,3336C0003X,tier_1_primary_pharmacy,Y,Y,
1801205018,TRIAD ADULT AND PEDIATRIC MED- GREENSBORO PHARMACY,1002 S EUGENE ST,,GREENSBORO,NC,274061308,3363559909,PHARMACY DIRECTOR,3336C0003X,tier_1_primary_pharmacy,Y,Y,
1548679749,TRIAD ADULT AND PEDIATRIC MED-GCH WENDOVER PHARMACY,1046 E WENDOVER AVE,,GREENSBORO,NC,274056712,3363559908,DEPARTMENT ADMINISTRATIVE ASSISTANT,3336C0003X,tier_1_primary_pharmacy,Y,Y,
1801296116,MEDICAL PARK PHARMACY WASHINGTON INC,1316 JOHN SMALL AVE,,WASHINGTON,NC,278893843,2527260777,PRESIDENT,333600000X|3336C0003X,tier_1_primary_pharmacy,Y,Y,
1932509650,MADISON PHARMACY & HOMECARE,125 W MURPHY ST,,MADISON,NC,270251923,3365480049,CO-OWNER/PRESIDENT,3336C0003X,tier_1_primary_pharmacy,Y,Y,
1114328739,JOSEFS PHARMACY LLC,3421 N ROXBORO ST,,DURHAM,NC,277043257,9196801540,MANAGER,3336C0003X,tier_1_primary_pharmacy,Y,Y,
1417358920,"DOWNING PHARMACY GROUP, INC",5235 S COLLEGE RD,,WILMINGTON,NC,284122209,9107981400,OWNER,3336C0004X|333600000X,tier_1_primary_pharmacy,Y,Y,
1104220748,"RX FOR HEALTHY SOLUTIONS, INC",6635 FALLS OF NEUSE RD,,RALEIGH,NC,276156816,9196766161,OWNER/PRESIDENT,3336C0003X,tier_1_primary_pharmacy,Y,Y,
1831593953,NEW HOPE PHARMACY LLC,2211 N NEW HOPE RD,,GASTONIA,NC,280542787,7046714811,PHARMACY MGR,333600000X|3336C0003X,tier_1_primary_pharmacy,Y,Y,
1518362011,"SENTRY DRUG CENTER 3, LLC DBA FAMILYMED PHARMACY",110 E DALLAS RD,,STANLEY,NC,281642051,7042630810,RPH - OWNER,333600000X|3336C0004X|3336S0011X|3336C0003X,tier_1_primary_pharmacy,Y,Y,
1316342371,PHARMACY ASSOCIATES LLC,534 GREENSBORO ST,,ASHEBORO,NC,272034737,3366256146,OWNER/PHARMACY MANAGER,3336C0003X,tier_1_primary_pharmacy,Y,Y,
1356748057,SOUTHEASTERN PHARMACY HEALTH PARK,4901 DAWN DR STE 1200,,LUMBERTON,NC,283608207,9106714223,OUTPATIENT PHARMACY SUPERVISOR,333600000X,tier_1_primary_pharmacy,Y,Y,
1245637990,NASH DRUG INC,3621 SUNSET AVE,,ROCKY MOUNT,NC,278043411,2524433138,OWNER,3336C0003X,tier_1_primary_pharmacy,Y,Y,
1598162240,EDGECOMBE DRUG INC,1329 TARBORO ST,,ROCKY MOUNT,NC,278016070,2524461154,OWNER,3336C0003X,tier_1_primary_pharmacy,Y,Y,
1710385604,OFFICE PRACTICE OF PHARMACY LLC,24 COMMERCE DR,,TAYLORSVILLE,NC,286816524,8286328591,PHARMACIST/OWNER,3336C0003X,tier_1_primary_pharmacy,Y,Y,
1063800365,HEALTH SMART PHARMACY LLD DBA HEALTH SMART PHARMACY OF STARTOWN,1985 STARTOWN RD,SUITE 1,HICKORY,NC,286028307,8284498910,PHAMACIST/OWNER/MANAGER,3336C0003X,tier_1_primary_pharmacy,Y,Y,
1548659261,"MED-CARE MEDICAL & PHARMACY, INC.",50 COMMERCE ST,UNIT 2,BREVARD,NC,287124691,8282147938,PRESIDENT,333600000X,tier_1_primary_pharmacy,Y,Y,
1003208380,EASTERN CAROLINA PHARMACY CARE INC,300 N QUEEN ST,,KINSTON,NC,285014932,2525276929,VICE PRESIDENT,3336C0003X,tier_1_primary_pharmacy,Y,Y,
1093107088,NEW ELLERBE PHARMACY INC,274 SECOND STREET,,ELLERBE,NC,28338,9106526261,PRESIDENT,3336C0003X,tier_1_primary_pharmacy,Y,Y,
1730573098,"REALO SPECIALTY CARE PHARMACY, LLC",860 AVIATION PKWY STE 1400,,MORRISVILLE,NC,275607399,8448141943,CEO AND PRESIDENT,3336S0011X|3336C0003X|333600000X|3336H0001X,tier_1_primary_pharmacy,Y,Y,
1629463609,JOHNSON DRUG WESTPARK,3060 RICHLANDS HWY,,JACKSONVILLE,NC,285402926,9104559222,OWNER,3336C0003X,tier_1_primary_pharmacy,Y,Y,
1124414149,JOHNSON DRUG HAMPSTEAD,17230 US HIGHWAY 17 N,STE 222,HAMPSTEAD,NC,284437465,9102702223,OWNER,3336C0003X,tier_1_primary_pharmacy,Y,Y,
1366838377,JOHNSON DRUG WILLIAMSBURG,2200 GUM BRANCH RD STE I,,JACKSONVILLE,NC,285404568,9109380582,OWNER,3336C0003X,tier_1_primary_pharmacy,Y,Y,
1942696745,JOHNSON DRUG CO,714 NEW BRIDGE ST,,JACKSONVILLE,NC,285405435,9103475185,OWNER,3336C0003X,tier_1_primary_pharmacy,Y,Y,
1639565989,HEALTH INNOVATIONS PHARMACY OF LAURINBURG INC,901 S MAIN ST,,LAURINBURG,NC,283524736,9103614731,PHARMACY MANAGER,333600000X|3336C0003X,tier_1_primary_pharmacy,Y,Y,
1023495272,HOLLY SPRINGS PHARMACY LLC,648 HOLLY SPRINGS RD,,HOLLY SPRINGS,NC,275409030,9193466689,MEMBER,3336C0003X|3336S0011X,tier_1_primary_pharmacy,Y,Y,
1932586351,DSD PHARMACY INC.,1401 E FRANKLIN BLVD,,GASTONIA,NC,280544059,9803201533,PHARMACIST / OWNER,3336C0003X,tier_1_primary_pharmacy,Y,Y,
1407234420,"COMMUNITY PHARMACY, INC.",3302 BRIDGES ST,STE A,MOREHEAD CITY,NC,285572983,2527267787,PHARMACIST,3336C0003X,tier_1_primary_pharmacy,Y,Y,
1417336686,VALLEY DISCOUNT PHARMACY INCORPORATED,317 OWEN DR,,FAYETTEVILLE,NC,283043429,9106306653,PRESIDENT,333600000X,tier_1_primary_pharmacy,Y,Y,
1639559966,STAR BRIGHT PHARMACY INC.,231 MT HOLLY HUNTERSVILLE RD,STE 160,CHARLOTTE,NC,282149357,7048277557,PRESIDENT/CEO,333600000X,tier_1_primary_pharmacy,Y,Y,
1215318209,CAROLINA MOUNTAIN PHARMACY INC,7 PISGAH HWY STE 100,,CANDLER,NC,287158991,8286336700,OWNER/MANAGER,333600000X|3336C0003X,tier_1_primary_pharmacy,Y,Y,
1568843241,PREMIER PHARMACY AND WELLNESS CENTER LLC,3010 MONROE RD,SUITE 101,CHARLOTTE,NC,282057532,7728344707,OWNER/PHARMACYMANAGER,3336C0003X,tier_1_primary_pharmacy,Y,Y,
1699159467,JLOVE LLC (DBA ADLER PHARMACY),3806 A NORTH CHURCH STREET,,GREENSBORO,NC,27405,3368973810,PHARMACIST/OWNER,3336C0003X,tier_1_primary_pharmacy,Y,Y,
1164806899,PINNACLE INDEPENDENT RX INC,1402 N CANNON BLVD,,KANNAPOLIS,NC,280832662,7049337948,PRESIDENT,333600000X|3336C0004X|3336C0003X,tier_1_primary_pharmacy,Y,Y,
1316321672,CARE FIRST PHARMACY,1401 S SCALES ST,,REIDSVILLE,NC,273205634,3366341555,PHARMACIST IN CHARGE,333600000X,tier_2_secondary_pharmacy,N,Y,
1871977827,REALO DISCOUNT DRUG OF ONSLOW,423 YOPP RD STE 200,,JACKSONVILLE,NC,285403594,9103479684,HUMAN RESOURCE MANAGER,333600000X,tier_1_primary_pharmacy,Y,Y,
1295110864,PIKE'S PHARMACY INC,2133 SHAMROCK DR,,CHARLOTTE,NC,282052132,7045632286,PHARMACIST OWNER,333600000X,tier_1_primary_pharmacy,Y,Y,
1235514860,STUDENT STORES PHARMACY,207 SOUTH RD CB #1530 DANIELS BUILDING,,CHAPEL HILL,NC,275990001,9199668166,DIRECTOR OF PHARMACY,3336C0002X|3336C0003X,tier_1_primary_pharmacy,Y,Y,
1831574367,FAMILY CARE PHARMACY OF JACKSONVILLE,114 MEMORIAL DR,SUITE B,JACKSONVILLE,NC,285466328,9103535050,PHARMACY MANAGER/PRESIDENT,3336C0003X,tier_1_primary_pharmacy,Y,Y,
1558746768,ASHER-MCADAMS DRUG COMPANY,305 TROLLINGER ST,,BURLINGTON,NC,272152227,3362261619,"TECHNICIAN, OFFICE MANAGER",3336C0003X,tier_2_secondary_pharmacy,N,Y,
1013384668,HODGES FAMILY PHARMACY LLC,204 WESTWOOD SHOPPING CTR,,FAYETTEVILLE,NC,283141528,9106767570,OWNER/PHARMACIST,3336C0003X,tier_1_primary_pharmacy,Y,Y,
1114395514,KINSTON CLINIC PHARMACY INC,603 E WASHINGTON ST,,LA GRANGE,NC,285519214,2525823600,OWNER/PIC,333600000X,tier_1_primary_pharmacy,Y,Y,
1083083950,REALO DISCOUNT DRUG STORES OF EASTERN NORTH CAROLINA INC,502 W THURMAN RD,,NEW BERN,NC,285627020,2526315444,PRESIDENT OWNER,333600000X,tier_1_primary_pharmacy,Y,Y,
1619347812,REALO DISCOUNT DRUG STORES OF EASTERN NORTH CAROLINA INC,2602 MARTIN LUTHER KING BLVD,,NEW BERN,NC,28562,2526399006,PRESIDENT OWNER,3336C0003X,tier_1_primary_pharmacy,Y,Y,
1841660826,"ROCK DRUG OF VALDESE, LLC",240 MAIN ST W,,VALDESE,NC,286902835,8288742415,"MANAGER, LLC",3336C0003X,tier_1_primary_pharmacy,Y,Y,
1598135568,CANNON DRUG CO,342 E PARKER RD,,MORGANTON,NC,286555111,8284335120,"PHARMACIST, PRESIDENT",3336C0003X,tier_1_primary_pharmacy,Y,Y,
1760853279,COMMUNITY PHARMACY OF VALE LLC,9576 NC HWY 10 W,,VALE,NC,281689511,7044620226,PRESIDENT,3336C0003X,tier_1_primary_pharmacy,Y,Y,
1649642422,"MEDICAL PARK PHARMACY EAST, INC",1513 LIVE OAK ST,,BEAUFORT,NC,285161518,2525042800,PRESIDENT/PHARMACIST,3336C0003X,tier_1_primary_pharmacy,Y,Y,
1932572294,SHIVASHIVAANI PHARMACY LLC,2703 JONES FRANKLIN RD,SUITE 104,CARY,NC,275187171,9197204109,OWNER,3336C0003X,tier_1_primary_pharmacy,Y,Y,
1689048381,SELECT CARE PHARMACY LLC,15 GLENN BRIDGE RD STE A,,ARDEN,NC,287048481,8285852034,PRESIDENT,333600000X|3336L0003X,tier_1_primary_pharmacy,Y,Y,
1891160008,TWO RIVERS PHARMACY INC,101 BROADFOOT AVE,,FAYETTEVILLE,NC,283055001,9107480243,PM/OWNER,333600000X|3336C0003X,tier_1_primary_pharmacy,Y,Y,
1679938898,GPS PHARMACY SOLUTIONS LLC,4455 MORRIS PARK DR STE D,,MINT HILL,NC,282278275,9802452028,PRESIDENT,333600000X|3336C0004X|3336L0003X|3336C0003X,tier_1_primary_pharmacy,Y,Y,
1477918423,BURKE PHARMACY INC,301 W MEETING ST,,MORGANTON,NC,286553866,8284370361,PHARMACIST,333600000X,tier_1_primary_pharmacy,Y,Y,
1578928446,ZOO CITY DRUG II INC,415 NC HIGHWAY 49 S,,ASHEBORO,NC,272059561,3366269002,PRESIDENT,333600000X|3336C0003X,tier_1_primary_pharmacy,Y,Y,
1568827020,COUNTRY PHARMACY INC,610 W MAIN ST STE A,,ROCKWELL,NC,281389415,7042093313,OWNER,333600000X|3336C0003X,tier_1_primary_pharmacy,Y,Y,
1639535248,ASHEVILLE BUNCOMBE COMMUNITY PHARMACY LLC,356 BILTMORE AVE STE 209,,ASHEVILLE,NC,288014504,8283980123,PHARMACY MANAGER,333600000X|3336C0003X,tier_1_primary_pharmacy,Y,Y,
1821457789,"ACARIAHEALTH PHARMACY, INC.",7231 ACC BLVD STE 103,,RALEIGH,NC,27617,8005115144,PRESIDENT,3336S0011X|3336C0003X,tier_1_primary_pharmacy,Y,Y,
1538513346,RANDLEMAN PLAZA PHARMACY,3230 RANDLEMAN RD STE C,,GREENSBORO,NC,274066566,3367636878,PHARMACY MANAGER,333600000X|3336C0003X,tier_1_primary_pharmacy,Y,Y,
1710332242,WELLNESS PHARMACY OF CARY LLC,218 TOWNE VILLAGE DR,,CARY,NC,275138910,9196945357,PHARMACIST OWNER,3336C0004X|3336C0003X|333600000X,tier_1_primary_pharmacy,Y,Y,
1003262072,HAW RIVER PHARMACY LLC,740 E MAIN ST,,HAW RIVER,NC,272589644,3365780202,OWNER,3336C0003X,tier_1_primary_pharmacy,Y,Y,
1982050670,HOMETOWN PHARMACY LLC,401 GLENWOOD AVE,STE 101,RALEIGH,NC,276031219,9198569502,OWNER-MANAGER,333600000X|3336C0003X,tier_1_primary_pharmacy,Y,Y,
1528416898,"WAYNE PHARMACY, INC.",2302 WAYNE MEMORIAL DR,,GOLDSBORO,NC,275341726,9197356936,CORPORATION PRESIDENT,333600000X|3336C0003X,tier_1_primary_pharmacy,Y,Y,
1184072936,GASTON PHARMACY LLC,2605 S YORK RD,,GASTONIA,NC,280526265,9808884900,PRESIDENT,333600000X|3336C0003X,tier_1_primary_pharmacy,Y,Y,
1811345770,CAROLINA APOTHECARY INC,726 S SCALES ST,,REIDSVILLE,NC,273205330,3363498221,PRESIDENT/OWNER,333600000X|3336C0003X,tier_1_primary_pharmacy,Y,Y,
1316390818,"PINNACLE INDEPENDENT RX, INC",1402 N CANNON BLVD,,KANNAPOLIS,NC,280832662,7049337948,PHARMACIST OWNER,3336C0003X,tier_1_primary_pharmacy,Y,Y,
1659824274,WAYNE PHARMACY INC,2302 WAYNE MEMORIAL DR,,GOLDSBORO,NC,275341726,9197356936,COPRPORATION PRESIDENT,3336C0003X,tier_1_primary_pharmacy,Y,Y,
1275088320,501 PHARMACY LLC,69 KNOX WAY STE 110,,CHAPEL HILL,NC,275166619,9849990501,OWNER,333600000X|3336C0003X,tier_1_primary_pharmacy,Y,Y,
1871049239,RX NOW LLC,815 OBERLIN RD,,RALEIGH,NC,276051300,7572856001,MANAGER,3336C0002X|3336S0011X|3336C0003X,tier_1_primary_pharmacy,Y,Y,
1306396965,"PITTSBORO DISCOUNT DRUG, INC",628 EAST ST,,PITTSBORO,NC,273129474,9195427283,OWNER,3336C0003X,tier_1_primary_pharmacy,Y,Y,
1093266082,REALO DISCOUNT DRUG STORES OF EASTERN NORTH CAROLINA INC,3900 NASH ST N,,WILSON,NC,278961122,2529916967,PRESIDENT/OWNER,333600000X|3336C0003X,tier_1_primary_pharmacy,Y,Y,
1801347646,MEDICAL PARK PHARMACY WEST,278 HWY 24,SUITE M,MOREHEAD CITY,NC,28557,2527260279,PHARMACIST/OWNER,3336C0003X,tier_1_primary_pharmacy,Y,Y,
1750832572,"SENTRY DRUG CENTER 3, LLC",518 S HIGHWAY 27,,STANLEY,NC,281642056,7042630810,OWNER/RPH,3336C0003X,tier_1_primary_pharmacy,Y,Y,
1588115463,"PEMBROKE DRUG HOLDINGS, LLC",205 W 3RD ST,,PEMBROKE,NC,283728768,9107759209,MEMBER,333600000X|3336C0004X|3336L0003X|3336C0003X,tier_1_primary_pharmacy,Y,Y,
1083165799,CAROLINA PHARMACY,8035 PROVIDENCE RD,STE 300,CHARLOTTE,NC,282779716,7049094700,PHARMACIST,3336C0003X,tier_1_primary_pharmacy,Y,Y,
1902357130,EASTSIDE PHARMACY SERVICES LLC,308A MOCKSVILLE HWY,,STATESVILLE,NC,286258267,7048786681,OWNER,3336C0003X|333600000X,tier_1_primary_pharmacy,Y,Y,
1417499252,STARMOUNT PHARMACY LLC,4601 W MARKET ST,,GREENSBORO,NC,274071231,7575138987,PRESIDENT,333600000X|3336C0003X,tier_1_primary_pharmacy,Y,Y,
1053855510,MINT HILL PHARMACY LLC,7200 MATTHEWS MINT HILL RD,,MINT HILL,NC,282277593,7049102718,OWNER,333600000X|3336C0004X|3336L0003X|3336C0003X,tier_1_primary_pharmacy,Y,Y,
1760927602,PREMIER PHARMACY AND WELLNESS CENTER,2557 W FRANKLIN BLVD,,GASTONIA,NC,280521249,7044969182,OWNER,3336C0003X|333600000X,tier_1_primary_pharmacy,Y,Y,
1316483472,"HEALTH SAVER RX, LLC",3809 BEAM ROAD SUITE H,SUITE H,CHARLOTTE,NC,28217,7043074580,PIC/AUTHORIZED SIGNATORY,3336C0003X,tier_1_primary_pharmacy,Y,Y,
1952849317,MCDOWELL FAMILY PHARMACY LLC,40 W MAIN ST.,,OLD FORT,NC,287622876,8282370149,OWNER/PHARMACIST MANAGER,333600000X,tier_1_primary_pharmacy,Y,Y,
1083152227,WEAVERVILLE DRUG CO.,3 N MAIN ST,,WEAVERVILLE,NC,287879427,8286453087,MANAGER,3336C0003X,tier_1_primary_pharmacy,Y,Y,
1841739877,TODDS PHARMACY OF GATES CO INC,504 MAIN ST.,,GATESVILLE,NC,27938,2523571800,PHARMACIST MANAGER,3336C0003X,tier_1_primary_pharmacy,Y,Y,
1568902724,BALASAI PHARMACY LLC,5826 FAYETTEVILLE RD STE 105,,DURHAM,NC,277138684,9192241234,PHARMACIST MANAGER,3336C0003X,tier_1_primary_pharmacy,Y,Y,
1265963839,786 PHARMACY INC,316 SOUTH MAIN STREET,,GRAHAM,NC,27253,3362272073,PRESIDENT,333600000X,tier_1_primary_pharmacy,Y,Y,
1508398991,ROCKFISH PHARMACY INC,221 FLAGSTONE LANE,,RAEFORD,NC,28376,9108502111,OWNER,3336C0003X|333600000X,tier_1_primary_pharmacy,Y,Y,
1477086627,CM PHARMACY LLC,97 KENT LANE,,WAYNESVILLE,NC,28786,8282466191,PHARMACY MANAGER/ PIC,3336C0003X,tier_1_primary_pharmacy,Y,Y,
1609302173,CHARLOTTE FAMILY PHARMACY,7008 E WT HARRIS BLVD STE 4,,CHARLOTTE,NC,282154298,7048855669,PHARMACY MANAGER,3336S0011X|3336C0003X,tier_1_primary_pharmacy,Y,Y,
1912433228,FAMILY PHARMACY LLC,4316 S NC HIGHWAY 150,,LEXINGTON,NC,272955161,3362422668,OWNER/ PHARMACY MANAGER,3336C0003X,tier_1_primary_pharmacy,Y,Y,
1821525908,WOODARD DRUG STORE INC,102 E EDWARDS ST,,PRINCETON,NC,275697279,9199363151,PHARMACY TECH,333600000X,tier_1_primary_pharmacy,Y,Y,
1598295784,"TARHEEL TOWN PHARMACY, LLC",370 E MAIN ST STE 160,,CARRBORO,NC,275101866,9199046474,OWNER,3336C0003X,tier_1_primary_pharmacy,Y,Y,
1558881037,HICKORY FAMILY PHARMACY LLC.,1501 TATE BLVD SE STE 102,,HICKORY,NC,286021385,8283244630,PHARMACY MANAGER,3336C0003X,tier_1_primary_pharmacy,Y,Y,
1740701929,"TODDS PHARMACY OF CAMDEN, INC",100 PLANK BRIDGE ROAD,SUITE A,CAMDEN,NC,27921,2523408560,PRESIDENT,3336C0003X,tier_1_primary_pharmacy,Y,Y,
1952825812,"FAMILY CARE PHARMACY, INC",606 S. CHURCH ST.,,HERTFORD,NC,27944,2524262214,OWNER/PHARMACIST,3336C0003X,tier_1_primary_pharmacy,Y,Y,
1407372048,"DAVIS DRUG COMPANY OF KENLY, INC.",12330 NC HIGHWAY 210 STE 102,,BENSON,NC,275045800,9199349111,PRESIDENT,3336C0003X,tier_1_primary_pharmacy,Y,Y,
1265950588,ASPIRAR PHARMACY OF DURHAM LLC,135 PARKWAY OFFICE CT STE 105,,CARY,NC,275187425,9192950925,PHARMACY MANAGER,333600000X|3336C0004X|3336S0011X|3336C0003X,tier_1_primary_pharmacy,Y,Y,
1043739030,HOPE MILLS PHARMACY LLC,3736 S MAIN ST,,HOPE MILLS,NC,283481959,9104256106,PRESIDENT,3336C0003X,tier_1_primary_pharmacy,Y,Y,
1750890109,CARTER'S FAMILY PHARMACY LLC,700 N FAYETTEVILLE ST,,ASHEBORO,NC,272034611,3366258650,OWNER,3336C0003X|333600000X,tier_1_primary_pharmacy,Y,Y,
1295246544,"TODDS PHARMACY OF CAMDEN, INC",100 PLANK BRIDGE ROAD,,CAMDEN,NC,27921,2523408560,PRESIDENT,3336C0003X,tier_1_primary_pharmacy,Y,Y,
1144731431,MINT HILL PHARMACY LLC,7200 MATTHEWS MINT HILL RD,,MINT HILL,NC,282277593,7049102718,PRESIDENT,333600000X,tier_1_primary_pharmacy,Y,Y,
1538672142,HIGHPOINT FAMILY PHARMACY LLC,200 GREENSBORO RD,,HIGH POINT,NC,272603456,3363552323,OWNER,333600000X|3336C0003X,tier_1_primary_pharmacy,Y,Y,
1952814303,"CENTERWELL PHARMACY, INC.",2910-1 E. FRANKLIN BLVD,,GASTONIA,NC,28056,7046480475,VP,3336C0003X,tier_1_primary_pharmacy,Y,Y,
1689188286,"JUSTICE PHARMACY,INC.",301 S WILLIS DR,#112,SHALLOTTE,NC,28470,9107556337,PHARMACY MANAGER/OWNER,333600000X,tier_1_primary_pharmacy,Y,Y,
1528573623,WELLNESS PHARMACY AND COMPOUNDING CENTER LLC,2601 BLUE RIDGE RD,,RALEIGH,NC,27607,9194132120,MANAGER,3336C0003X,tier_1_primary_pharmacy,Y,Y,
1083120802,ASPIRAR PHARMACY OF DURHAM LLC,135 PARKWAY OFFICE CT STE 105,,CARY,NC,275187425,9192950925,PHARMACY MANAGER,333600000X|3336L0003X,tier_1_primary_pharmacy,Y,Y,
1326545617,LEXINGTON DRUG STORE LLC,405 E CENTER ST,,LEXINGTON,NC,272924109,3362485623,OWNER,3336C0003X|333600000X,tier_1_primary_pharmacy,Y,Y,
1720576085,HERITAGE PHARMACY GROUP LLC,"10099 WEDDINGTON RD EXT, STE 120",STE 120,CONCORD,NC,28027,4325530051,MANAGING MEMBER/OWNER,3336C0003X,tier_1_primary_pharmacy,Y,Y,
1437647385,KINSTON CLINIC PHARMACY INC,2717 NC HWY 11 SOUTH,,KINSTON,NC,28504,2526865295,VP/MANAGER,333600000X|3336C0004X|3336C0003X,tier_1_primary_pharmacy,Y,Y,
1437648334,MOOSE PHARMACY OF MT HOLLY LLC,125 W CENTRAL AVE,,MOUNT HOLLY,NC,28120,7048272211,MANAGER,333600000X|3336C0004X|3336C0003X,tier_1_primary_pharmacy,Y,Y,
1851881478,CARTER PHARMACY LLC,78 THREE HUNTS DR BLDG 5,,PEMBROKE,NC,283728998,9105225152,PHAMACY OWNER/PHARMACIST IN  CHARGE,3336C0003X,tier_1_primary_pharmacy,Y,Y,
1730671322,"DDP PHARMACY, INC",1096 E 10TH ST,,ROANOKE RAPIDS,NC,27870,2524101450,COO,333600000X|3336C0003X,tier_1_primary_pharmacy,Y,Y,
1730671629,RUSSELL'S PHARMACY & SHOPPE LLC,2116 ANGIER AVE,,DURHAM,NC,277034260,9199081060,PHARMACIST MANAGER/OWNER,3336C0003X,tier_1_primary_pharmacy,Y,Y,
1245723725,LAKESIDE PHARMACY LLC,9615 SHERRILL ESTATES RD STE B,,HUNTERSVILLE,NC,280786552,9804418600,MANAGER,333600000X|3336C0003X,tier_1_primary_pharmacy,Y,Y,
1255824538,"DR PHARMACY, INC",304 E WASHINGTON ST,,ROCKINGHAM,NC,283793644,9108177005,OWNER/ PHARMACIST,3336C0003X,tier_1_primary_pharmacy,Y,Y,
1336632405,WILKES PHARMACY INC,1300 WESTWOOD LN STE A,,WILKESBORO,NC,286972638,3366679347,PHARMACY MANAGER,3336C0003X,tier_1_primary_pharmacy,Y,Y,
1104310028,"KEEVER PHARMACY , LLC",1814 E MAIN ST,,LINCOLNTON,NC,280923915,7047359072,PHARMACIST OWNER/MANAGER,333600000X|3336C0003X,tier_1_primary_pharmacy,Y,Y,
1477039253,"MAHAVIR RX, LLC",6216 FAYETTEVILLE RD STE 105,,DURHAM,NC,27713,9196416112,MANAGER,3336C0003X,tier_1_primary_pharmacy,Y,Y,
1871079426,"ANGIER FAMILY PHARMACY, LLC",50 E DEPOT ST,,ANGIER,NC,275016017,9196390155,OWNER,333600000X|3336C0003X,tier_1_primary_pharmacy,Y,Y,
1730665035,"D REX PHARMACY OF YADKINVILLE, LLC",207 ASH ST STE A,,YADKINVILLE,NC,270556809,3365181245,PHARMACIST MANAGER,3336C0003X,tier_1_primary_pharmacy,Y,Y,
1114406055,"WE CARE PHARMACY, LLC",800 W WILLIAMS ST STE 114,,APEX,NC,275025200,9196296010,OWNER/PHARMACY MANAGER,3336C0003X,tier_1_primary_pharmacy,Y,Y,
1548743826,ASHEVILLE MOUNTAIN PHARMACY INC,1272 TUNNEL RD STE 20,,ASHEVILLE,NC,288052100,8285750723,PHARMACY OWNER,3336C0002X|3336C0004X|3336L0003X|3336C0003X,tier_1_primary_pharmacy,Y,Y,
1215411434,SOUND PHARMACY SERVICES INC,1507 LIVE OAK ST STE B,,BEAUFORT,NC,285161573,2528381583,OWNER,3336C0003X,tier_1_primary_pharmacy,Y,Y,
1316422405,"CARY PHARMACY, LLC",114 KILMAYNE DR,,CARY,NC,275114465,7608215092,PHARMACY MANAGER,3336C0003X,tier_1_primary_pharmacy,Y,Y,
1679058077,"WHITE OAK PHARMACY, LLC",501 HEALTH PARK DR STE 170,,GARNER,NC,275297052,9106911022,PHARMACY MANAGER,3336C0003X,tier_1_primary_pharmacy,Y,Y,
1528543972,"REALO DISCOUNT DRUG STORES OF EASTERN NORTH CAROLINA, INC",3724 RALEIGH ROAD PARKWAY,SUITE A,WILSON,NC,27896,2522812218,DIRECTOR OF HUMAN RESOURCES,333600000X|3336C0003X,tier_1_primary_pharmacy,Y,Y,
1710452529,"WH PHARMACY 1, LLC",1507 N MAIN ST,,TARBORO,NC,278862519,2528237030,CHIEF OPERATING OFFICER,3336C0003X,tier_1_primary_pharmacy,Y,Y,
1366918971,A TO Z PHARMACY LLC,1105 BALLENA CIRCLE,,CARY,NC,27513,9196503883,OWNER/PHARMACIST,3336C0003X|333600000X,tier_1_primary_pharmacy,Y,Y,
1770059172,"DREXEL DISCOUNT DRUG, LLC",2728 US 70 E,,MORGANTON,NC,286556978,8284336777,PARTNER/PHARMACIST,3336C0003X,tier_1_primary_pharmacy,Y,Y,
1639646532,OAKRIDGE RX LLC,2406 BLUE RIDGE RD STE 180,,RALEIGH,NC,276076692,4694043686,OFFICER,3336C0003X,tier_1_primary_pharmacy,Y,Y,
1003384652,WOODARD DRUG STORE LLC,102 E EDWARDS ST,,PRINCETON,NC,275697279,9199363151,OWNER,3336C0003X,tier_1_primary_pharmacy,Y,Y,
1295204246,MYSCRIPTS PHARMACY LLC,502 MCKNIGHT DR STE 100,,KNIGHTDALE,NC,275457050,9192298115,OFFICER,3336C0003X|3336L0003X|3336S0011X|333600000X,tier_1_primary_pharmacy,Y,Y,
1104396258,BL APOTHECARY,229 S MAIN ST,,RED SPRINGS,NC,283771621,9103598009,OWNER/PIC,3336C0003X,tier_1_primary_pharmacy,Y,Y,
1952873861,DDP PHARMACY INC,270 SMITH CHURCH RD,,ROANOKE RAPIDS,NC,278704914,2524101423,COO,3336C0003X,tier_1_primary_pharmacy,Y,Y,
1811469372,"CANNON PHARMACY SALISBURY, LLC",1401 S. JAKE ALEXANDER BLVD,,SALISBURY,NC,281468359,9808920700,MANAGING MEMBER,333600000X|3336C0003X,tier_1_primary_pharmacy,Y,Y,
1639642200,"BURY DRUG, INC.",104 NC 54 STE J,,CARRBORO,NC,275101597,9199337629,PRESIDENT,3336C0003X,tier_1_primary_pharmacy,Y,Y,
1467926717,"BIOPLUS SPECIALTY PHARMACY SERVICES, LLC",4900 PROSPECTUS DR STE 300,,DURHAM,NC,277134407,8665148082,VICE PRESIDENT,3336S0011X|333600000X|3336H0001X|3336C0003X,tier_1_primary_pharmacy,Y,Y,
1326503533,HEALTHWISE PHARMACY LLC,2925 SENNA DR STE 100,,MATTHEWS,NC,281050512,7048140154,OWNER,3336C0003X,tier_1_primary_pharmacy,Y,Y,
1255896015,ANDERSONS DRUG STORE LLC,206 S. POPLAR ST.,,ELIZABETHTOWN,NC,28337,9108628411,PHARMACIST/OWNER,3336C0003X,tier_1_primary_pharmacy,Y,Y,
1558827808,JJ BUG PHARMACY LLC,4711 HOPE VALLEY RD STE 5F,,DURHAM,NC,277075651,9193464008,OWNER,3336C0003X,tier_1_primary_pharmacy,Y,Y,
1366900276,PINEVILLE PHARMACY,311 S POLK ST STE 80,,PINEVILLE,NC,281348631,7049647366,OWNER,3336C0003X,tier_1_primary_pharmacy,Y,Y,
1457918575,"GLOBE PHARMACY, LLC",401 EVANS ST,,GREENVILLE,NC,278581835,2523207161,OWNER,3336C0003X,tier_1_primary_pharmacy,Y,Y,
1174180236,CIRCLE CITY PHARMACY LLC,630 EAST ST STE 13,,PITTSBORO,NC,273129475,9195336173,MEMBER/MANAGER,3336C0003X,tier_1_primary_pharmacy,Y,Y,
1831751551,"EASTSIDE PHARMACY SERVICES, LLC",307 N CENTER ST,,STATESVILLE,NC,286774063,7048720880,PHARMACIST,3336C0003X,tier_1_primary_pharmacy,Y,Y,
1730741455,"EASTSIDE PHARMACY SERVICES, LLC",111 W MEMORIAL HWY,,HARMONY,NC,286349049,7045465885,OWNER,3336C0003X,tier_1_primary_pharmacy,Y,Y,
1629630348,"EASTSIDE PHARMACY SERVICES, LLC",106 WAGNER ST,,TROUTMAN,NC,281669627,7045286611,OWNER,3336C0003X,tier_1_primary_pharmacy,Y,Y,
1376190991,"YOU 1ST PHARMACY, LLC",240 E GARRISON BLVD,,GASTONIA,NC,280540460,9803200160,PHARMACIST OWNER,333600000X|3336C0003X,tier_1_primary_pharmacy,Y,Y,
1538700810,"WHITE DOVE PHARMACY, LLC.",2751 NC 55 HWY,,CARY,NC,275196206,9193676031,PIC,333600000X,tier_1_primary_pharmacy,Y,Y,
1851933089,NOLAN'S FAMILY PHARMACY LLC,2513 EASTCHESTER DR STE 119,,HIGH POINT,NC,272651448,8323611491,PHARMACY MANAGER,3336C0003X,tier_1_primary_pharmacy,Y,Y,
1821631672,HEALTHY LIVING PHARMACY,3717 N. SHARON AMITY ROAD,SUITE C,CHARLOTTE,NC,28205,9808195648,PHARMACY MANAGER,3336C0003X,tier_1_primary_pharmacy,Y,Y,
1205470648,BEE WELL PHARMACY LLC,2430 SW CARY PKWY # 2430,,CARY,NC,275135318,9192341037,PHARMACIST,3336C0004X|3336C0003X,tier_1_primary_pharmacy,Y,Y,
1194361832,REALO VETERINARY PHARMACY INC,3800 GATEWAY CENTRE BLVD STE 308A,,MORRISVILLE,NC,275606220,9195868287,PRESIDENT,333600000X,tier_1_primary_pharmacy,Y,Y,
1487292967,COLD MOUNTAIN PHARMACY SERVICES,3130 US HIGHWAY 70,,BLACK MOUNTAIN,NC,287119108,8286699970,PHARMACIST,3336C0004X|3336C0003X|333600000X,tier_1_primary_pharmacy,Y,Y,
1841838372,FAIRMONT DRUG COMPANY LLC,405 N WALNUT ST,,FAIRMONT,NC,283402037,9106284200,PRESIDENT,3336C0003X,tier_1_primary_pharmacy,Y,Y,
1154961290,GARNER 5TH AVENUE PHARMACY INC.,1315 5TH AVE,,GARNER,NC,275293637,9197479482,PRESIDENT/RX MGR.,3336C0003X,tier_1_primary_pharmacy,Y,Y,
1184264897,SPRINGFIELD PHARMACY LLC,6325 FALLS OF NEUSE RD STE 65,,RALEIGH,NC,276156884,5173030775,PHARMACY MANAGER,3336C0003X,tier_1_primary_pharmacy,Y,Y,
1497386403,MOOSE PHARMACY OF MONROE LLC,215 E JEFFERSON ST,,MONROE,NC,281124865,7042838131,MANAGER/MEMBER,3336C0003X|3336C0004X|333600000X,tier_1_primary_pharmacy,Y,Y,
1780218347,ALLIEDRX PHARMACY,505 SAMARITANS RIDGE CT STE 101,,ELKIN,NC,286212457,3362582255,PHARMACY MANAGER/OWNER,3336C0003X,tier_1_primary_pharmacy,Y,Y,
1598399040,DJS PHARMACY LLC,4222 NW CARY PKWY,,CARY,NC,275138411,9193770342,MEMBER/OWNER,3336C0003X,tier_1_primary_pharmacy,Y,Y,
1356977672,"CAPE FEAR DISCOUNT DRUG - HOPE MILLS, LLC",3018 N MAIN ST,,HOPE MILLS,NC,283481722,9107794242,PRESIDENT/OWNER,3336C0003X,tier_1_primary_pharmacy,Y,Y,
1649806969,"CAPE FEAR DISCOUNT DRUG, LLC",2800 RAEFORD RD STE 18,,FAYETTEVILLE,NC,283035465,9104846100,PRESIDENT/OWNER,3336C0003X,tier_1_primary_pharmacy,Y,Y,
1639705957,"CAPE FEAR DISCOUNT DRUG - RAMSEY, LLC",4225 RAMSEY ST STE E,,FAYETTEVILLE,NC,283112185,9108843053,PRESIDENT/OWNER,3336C0003X,tier_1_primary_pharmacy,Y,Y,
1801410295,"SCENIC PHARMACY, INC",113 SCENIC OUTLET LN STE 1,,MOUNT AIRY,NC,270309978,3363525900,DIRECTOR,3336C0003X,tier_1_primary_pharmacy,Y,Y,
1669098240,COASTAL FRIENDLY PHARMACY,1204 E MAIN ST,,HAVELOCK,NC,285322405,2524441061,PHARMACY MANAGER/OWNER,3336C0003X,tier_1_primary_pharmacy,Y,Y,
1215553508,COASTAL PHARMACY AND COMPOUNDING,2231 S COLLEGE RD,,WILMINGTON,NC,284035546,9104527098,OWNER,3336C0004X|3336C0003X,tier_1_primary_pharmacy,Y,Y,
1912516287,"PINETOPS PHARMACY, INC.",102 W. HAMLET ST,,PINETOPS,NC,27864,2522503910,PRESIDENT,333600000X|3336C0003X,tier_1_primary_pharmacy,Y,Y,
1477163285,JOSEFS PHARMACY LLC,3421 N ROXBORO ST,,DURHAM,NC,277043257,1968015409,MEMBER,333600000X|3336L0003X,tier_1_primary_pharmacy,Y,Y,
1871100164,PITTSBORO PHARMACY LLC,630 EAST ST STE 13,,PITTSBORO,NC,273129475,9199862574,OWNER,3336C0003X,tier_1_primary_pharmacy,Y,Y,
1437756798,TROY PHARMACY LLC,436 ALBEMARLE RD,,TROY,NC,273713102,9105733431,OWNER,333600000X|3336C0003X,tier_1_primary_pharmacy,Y,Y,
1578163135,BL APOTHECARY,2739 W 5TH ST,,LUMBERTON,NC,283587819,9102586056,PHARMACY OWNER/ STAFF PHARMACIST,333600000X|3336C0003X,tier_1_primary_pharmacy,Y,Y,
1386247807,KURE PHARMACY,160 MACGREGOR PINES DR STE 109,,CARY,NC,275116037,9192006952,PHARMACY MANAGER,333600000X|3336C0004X,tier_1_primary_pharmacy,Y,Y,
1447846589,REALO DISCOUNT DRUG STORES OF EASTERN NORTH CAROLINA INC,1897 LIVE OAK ST,,BEAUFORT,NC,285167906,2527322090,PRESIDENT,3336C0002X|3336C0003X,tier_1_primary_pharmacy,Y,Y,
1700473782,AVALON RX LLC,8401 MEDICAL PLAZA DR STE 120,,CHARLOTTE,NC,282629769,9805800080,OWNER MANAGER,3336C0003X,tier_1_primary_pharmacy,Y,Y,
1982292223,"PINNACLE APOTHECARY, LLC",24 SARDIS RD STE A,,ASHEVILLE,NC,288069564,8282206411,CEO,3336C0003X,tier_1_primary_pharmacy,Y,Y,
1477145183,"GD PHARMACY CONSULTING, LLC",6401 PRETT CT,,CHARLOTTE,NC,28270,7047376614,OWNER,333600000X,tier_1_primary_pharmacy,Y,Y,
1033703905,"CHS PHARMACY SERVICES, INC.",1001 BLYTHE BLVD STE 201,,CHARLOTTE,NC,282035863,7043556900,DIRECTOR OF PHARMACY SERVICES,333600000X|3336S0011X|3336C0003X,tier_1_primary_pharmacy,Y,Y,
1578146387,PARSONS DRUG COMPANY,100 S. GREENE ST.,,WADESBORO,NC,28170,7046942310,PRESIDENT,3336C0003X,tier_1_primary_pharmacy,Y,Y,
1619543121,UPTOWN PHARMACY LLC,901 WASHINGTON ST,,EDEN,NC,272886012,3366136537,OWNER/PIC,3336C0003X,tier_1_primary_pharmacy,Y,Y,
1124696521,HAYES BARTON PHARMACY INC-A NEW CORP,2000 FAIRVIEW RD STE A,,RALEIGH,NC,276082375,9198324641,OWNER,3336C0003X|3336L0003X,tier_1_primary_pharmacy,Y,Y,
1801465539,QUEEN CITY PHARMACY LLC,4123 ROSE LAKE DR STE E&F,,CHARLOTTE,NC,282172881,6503535495,OFFICER,3336C0003X,tier_1_primary_pharmacy,Y,Y,
1801466370,DENVER PHARMACY,3816 NC-16 BUSINESS,,DENVER,NC,28037,7044515051,CO-CEO/ OWNER,3336C0003X,tier_2_secondary_pharmacy,N,Y,
1750054532,BRYONALLEN PHARMACY LLC,98 DODD ST,,SPRING HOPE,NC,278829581,2524785969,OWNER,3336C0003X,tier_1_primary_pharmacy,Y,Y,
1023785896,ATLANTIC RX LLC,1319 MILITARY CUTOFF RD STE HH,,WILMINGTON,NC,284053640,7043231865,OWNER,3336C0003X,tier_1_primary_pharmacy,Y,Y,
1144998428,HARBOR PHARMACY INC.,400 E MAIN ST STE A,,ELIZABETH CITY,NC,279094428,2523316502,OWNER,3336C0003X,tier_1_primary_pharmacy,Y,Y,
1285391516,ASK RX INC,5826 FAYETTEVILLE RD STE 105,,DURHAM,NC,277138684,9192241234,PHARMACIST-IN-CHARGE,3336C0003X,tier_1_primary_pharmacy,Y,Y,
1265182646,"REALO DISCOUNT DRUG STORES OF EASTERN NORTH CAROLINA, INC.",103 CROSSOVER RD,,BEULAVILLE,NC,285188801,9102983093,OPERATIONS/DIRECTOR OF HR,333600000X|3336C0003X,tier_1_primary_pharmacy,Y,Y,
1457090888,FUQUAY PHARMACY LLC,305 N JUDD PKWY NE,,FUQUAY VARINA,NC,275262370,9195578300,LLC MANAGER,3336C0003X,tier_1_primary_pharmacy,Y,Y,
1255065959,"PINNACLE APOTHECARY, LLC",1388 SAND HILL RD STE 100,,CANDLER,NC,287158937,8287616244,CEO,3336C0003X,tier_1_primary_pharmacy,Y,Y,
1396470209,OLD MONROE PHARMACY LLC,4514 OLD MONROE RD STE A,,INDIAN TRAIL,NC,280795308,7048317895,PHARMACY MANAGER,3336C0004X|3336C0003X,tier_1_primary_pharmacy,Y,Y,
1285356188,CONCORD SPECIALTY PHARMACY,1085 NE GATEWAY CT NE STE 190,,CONCORD,NC,280252407,7046661780,MANAGER,3336C0003X,tier_1_primary_pharmacy,Y,Y,
1508589268,UNIVERSAL RX LLC,7701 SHARON LAKES RD STE H,,CHARLOTTE,NC,282107429,9802019240,PIC,3336C0003X,tier_1_primary_pharmacy,Y,Y,
1306562723,JANA RX INC.,805 GASTONIA HWY,,BESSEMER CITY,NC,280162198,7047296171,PHARMACY MANAGER,3336C0003X,tier_1_primary_pharmacy,Y,Y,
1881301638,QUALITY CARE PHARMACY LLC,3607 BEATTIES FORD RD,,CHARLOTTE,NC,282163249,2167030671,PHARMACY MANAGER,333600000X,tier_1_primary_pharmacy,Y,Y,
1336857697,"AHS PHARMACY, INC",522 PETERSON DR,,LUMBERTON,NC,283582600,9107022474,PRESIDENT,333600000X|3336C0003X,tier_1_primary_pharmacy,Y,Y,
1700594157,"LEGGETT DRUG COMPANY, INC.",712 N. MAIN ST B,,ROBERSONVILLE,NC,27871,2526857979,PRESIDENT,3336C0003X,tier_1_primary_pharmacy,Y,Y,
1134838592,MEDSMART PHARMACY #4 LLC,5106 NC HIGHWAY 87 S STE 100,,FAYETTEVILLE,NC,283063424,9104833466,PRESIDENT,3336C0003X,tier_1_primary_pharmacy,Y,Y,
1508576158,LOOKOUT PHARMACY LLC,1513 LIVE OAK ST,,BEAUFORT,NC,285161518,2528381787,PARTNER/MANAGER,3336C0004X|3336C0003X,tier_1_primary_pharmacy,Y,Y,
1801500954,BRIGHTON OAKS PHARMACY LLC,1208 RALEIGH RD,,CHAPEL HILL,NC,275174417,9192404772,RPH/OWNER,3336C0003X,tier_1_primary_pharmacy,Y,Y,
1316651482,PRIME SPECIALTY PHARMACY,10215 MCINTYRE RIDGE RD,SUITE 101,PINEVILLE,NC,28134,3012043819,PHARMACIST,333600000X,tier_1_primary_pharmacy,Y,Y,
1750095774,MY PHARMACY SERVICES LLC,1814 EASTCHESTER DR,,HIGH POINT,NC,272651403,3369006555,PRESIDENT,3336C0003X,tier_1_primary_pharmacy,Y,Y,
1972202315,"STANLEY SPECIALTY PHARMACY, LLC",3120 LATROBE DR STE 200,,CHARLOTTE,NC,282112185,7043706612,PIC / OWNER,3336C0003X|3336C0004X,tier_1_primary_pharmacy,Y,Y,
1255030110,"SYNCHRONY NORTH CAROLINA RX, LLC",9009 PERIMETER WOODS DR STE K,,CHARLOTTE,NC,282160040,8667529509,PRESIDENT,333600000X|3336L0003X,tier_1_primary_pharmacy,Y,Y,
1942903257,ROOSEVELT PHARMACY INC.,1606 E ROOSEVELT BLVD STE 103,,MONROE,NC,281124049,7047741313,PHARMACY MANAGER,333600000X,tier_1_primary_pharmacy,Y,Y,
1407551328,"REALO DISCOUNT DRUG STORES OF EASTERN NORTH CAROLINA, INC",11326 NC HWY 55 E,,GRANTSBORO,NC,28529,2527456337,OPERATIONS/DIRECTOR OF HR,333600000X|3336C0003X,tier_1_primary_pharmacy,Y,Y,
1023702990,ZEBULON DRUG COMPANY INC,303 N ARENDELL AVE,,ZEBULON,NC,275972605,9192697481,PRESIDENT,3336C0003X,tier_1_primary_pharmacy,Y,Y,
1083398945,WH PHARMACY 2 LLC,1402 W CUMBERLAND ST,,DUNN,NC,283344504,9108921176,CEO/MEMBER,3336C0003X,tier_1_primary_pharmacy,Y,Y,
1801579966,"C & J DRUG COMPANY, LLC",7892 IDLEWILD RD,,INDIAN TRAIL,NC,280798675,7048216885,MANAGER,3336C0003X,tier_1_primary_pharmacy,Y,Y,
1871370767,"REALO DISCOUNT DRUG STORES OF EASTERN NORTH CAROLINA, INC",3302 BRIDGES ST STE A,,MOREHEAD CITY,NC,285573366,2527267787,OPERATIONS/DIRECTOR OF HR,333600000X|3336C0003X,tier_1_primary_pharmacy,Y,Y,
1417720632,"BETHEL PHARMACY, LLC",7433 MAIN STREET,,BETHEL,NC,27812,9197016603,MANAGER,3336C0003X|3336M0002X|333600000X,tier_1_primary_pharmacy,Y,Y,
1336918390,"YOU 1ST PHARMACY, LLC",240 E GARRISON BLVD,,GASTONIA,NC,280540460,9803200160,PHARMACIST-OWNER,3336C0003X|3336L0003X,tier_1_primary_pharmacy,Y,Y,
1366205528,LAS COLINAS RX INCORPORATED,537 MORGAN MILL RD,,MONROE,NC,281103511,7042182285,OWNER,333600000X|3336C0003X,tier_1_primary_pharmacy,Y,Y,
1740044668,"CLINIC PHARMACY CROASDAILE, LLC",2726 CROASDAILE DR STE 104,,DURHAM,NC,277052500,9193837495,PHARMACIST IN CHARGE,3336C0003X,tier_1_primary_pharmacy,Y,Y,
1740048362,STOKES PHARMACY INC,119 W MAIN ST,,PILOT MOUNTAIN,NC,270419381,3369833117,OWNER,3336C0003X,tier_1_primary_pharmacy,Y,Y,
1912741448,K & J DRUG LLC,117 N MAIN ST UNIT A,,BROADWAY,NC,275059500,9192765500,OWNER/PHARMACY MANAGER,3336C0003X,tier_1_primary_pharmacy,Y,Y,
1427892702,CTS HEALTH PHARMACY,1781 TATE BLVD SE STE 202,,HICKORY,NC,286024252,8287581320,CEO,3336C0003X|333600000X,tier_1_primary_pharmacy,Y,Y,
1669206298,THE C. W. WILLIAMS COMMUNITY HEALTH CENTER PHARMACY,5800 OLD PINEVILLE RD STE 101,,CHARLOTTE,NC,282174106,7043937720,CEO,3336C0003X|333600000X,tier_1_primary_pharmacy,Y,Y,
1619794237,DLC APOTHECARY INC,500 S STERLING ST,,MORGANTON,NC,286553573,8284336353,PHARMACIST MANAGER,3336C0003X,tier_1_primary_pharmacy,Y,Y,
1366258956,"A AND S DRUG COMPANY, LLC",801 S MADISON ST,,WHITEVILLE,NC,284724613,9106424188,OWNER/PHARMACY MANAGER,333600000X|3336C0003X,tier_1_primary_pharmacy,Y,Y,
1114736840,"S AND J DRUG COMPANY, LLC",102 W HAMLET ST,,PINETOPS,NC,278648847,2522503910,PHARMACY MANAGER / OWNER,333600000X|3336C0003X,tier_1_primary_pharmacy,Y,Y,
1992504385,"N CAROLINA RX, LLC",4747 CUMBERLAND RD,,FAYETTEVILLE,NC,283062413,9102638503,PHARMACY MANAGER,3336C0003X,tier_1_primary_pharmacy,Y,Y,
1235933060,HOMETOWN PHARMACY LLC,401 GLENWOOD AVE STE 101,,RALEIGH,NC,276031219,9198569502,GENERAL MANAGER,333600000X,tier_1_primary_pharmacy,Y,Y,
1346044849,LEWISVILLE DRUG COMPANY INC,6715 SHALLOWFORD RD,,LEWISVILLE,NC,270239847,3369460220,PRESIDENT,333600000X|3336C0003X|3336L0003X,tier_1_primary_pharmacy,Y,Y,
1639058621,CAROMONT HEALTH RETAIL PHARMACY LLC,2525 COURT DR,SUITE C,GASTONIA,NC,280542140,7048342000,CFO,3336C0003X,tier_1_primary_pharmacy,Y,Y,
1710867338,MEDSMART PHARMACY 5 LLC,7445 CLINTON RD,,STEDMAN,NC,283918901,9103234555,PRESIDENT,3336C0003X,tier_1_primary_pharmacy,Y,Y,
1780557025,BESO PHARMACY INC,5621 ATLANTIC AVE STE 103,,RALEIGH,NC,276157581,9193381604,PRESIDENT,3336C0003X,tier_1_primary_pharmacy,Y,Y,
1427912930,RAO COMMUNITY PHARMACY,321 W 11TH ST,,CHARLOTTE,NC,282020092,7042378793,CFO/DEPUTY DIRECTOR,3336C0003X,tier_1_primary_pharmacy,Y,Y,
1669312138,HIGH COUNTRY COMMUNITY HEALTH PHARMACY AT WATAUGA BOONE MEDICAL,935 STATE FARM RD,,BOONE,NC,286074948,8282623886,CHIEF EXECUTIVE OFFICER,333600000X|3336C0002X|3336C0003X,tier_1_primary_pharmacy,Y,Y,
1346184447,A2A ELITE PHARMACY,1830 OWEN DR STE 106,,FAYETTEVILLE,NC,283043412,9103565500,PHARMACY MANAGER,333600000X,tier_1_primary_pharmacy,Y,Y,
1871421107,SANFORD PHARMACY LLC,1720 S HORNER BLVD,,SANFORD,NC,273305717,9192926161,OWNER,3336C0003X,tier_1_primary_pharmacy,Y,Y,
