npi,organization_name,address_1,address_2,city,state,zip,phone,authorized_official_title,matched_taxonomy_codes,pharmacy_tier,primary_pharmacy_flag,likely_independent,chain_exclusion_match
1275536864,CALJEB PHARMACY CORP,747 MONTAUK HIGHWAY,,PATCHOGUE,NY,11772,6316542444,CEO,333600000X|3336S0011X|3336C0003X,tier_1_primary_pharmacy,Y,Y,
1376546820,CRESETTI DRUG CORP,454 5TH AVE,,BROOKLYN,NY,112154003,7187680600,PHARMACIST,3336L0003X|333600000X,tier_1_primary_pharmacy,Y,Y,
1821091372,TOMASSETTI DRUG CORP,120 7TH AVE,,BROOKLYN,NY,112151372,7188571600,PHARMACIST,333600000X,tier_1_primary_pharmacy,Y,Y,
1396748810,MAPLE AVE PHARMACY INC,48 BAKERTOWN ROAD,SUITE 101,MONROE,NY,10950,8457741464,MANAGER,333600000X|3336C0003X,tier_1_primary_pharmacy,Y,Y,
1689678138,JIM & PHIL'S FAMILY PHARMACY LTD.,6109 5TH AVE,,BROOKLYN,NY,112204609,7184920900,"REGISTERED PHARRMACIST, & CEO",333600000X,tier_1_primary_pharmacy,Y,Y,
1053315515,AHORRE DRUG CORP,746 10TH AVE,,NEW YORK,NY,100197000,2125816010,PRESSIDENT,333600000X,tier_1_primary_pharmacy,Y,Y,
1568467710,"HOSP. RX, INC.",759 WASHINGTON AVE,,BROOKLYN,NY,112384504,7186383800,CORPORATE SECRETARY,333600000X,tier_1_primary_pharmacy,Y,Y,
1689679847,THRIFTWAY CHURCH AVE. DRUG CORP.,1621 CHURCH AVE,,BROOKLYN,NY,112262615,7182824600,PRESIDENT,333600000X,tier_1_primary_pharmacy,Y,Y,
1295730455,STM RX INC,524 NOSTRAND AVE,,BROOKLYN,NY,112162012,7182303009,CORPORATE SECRETARY,333600000X,tier_1_primary_pharmacy,Y,Y,
1104821370,STJ RX INC.,720 CLASSON AVE,,BROOKLYN,NY,112384231,7183991800,CORPORATE SECRETARY,333600000X,tier_1_primary_pharmacy,Y,Y,
1508861758,VANDERVEER PHARMACY INC.,1887 NOSTRAND AVE,,BROOKLYN,NY,112267917,7182822927,CORPORATE SECTRETARY,333600000X,tier_1_primary_pharmacy,Y,Y,
1376548545,THRIFTWAY FLATBUSH AVE. DRUG CORP.,542 FLATBUSH AVE,,BROOKLYN,NY,112254804,7182849800,CORPORATE SECRETARY,333600000X,tier_1_primary_pharmacy,Y,Y,
1184629354,SBC RX INC.,120 RICHARDS ST,,BROOKLYN,NY,112311635,7188520269,CORPORATE SECRETARY,333600000X,tier_1_primary_pharmacy,Y,Y,
1619972288,ROBERT JACOBSON SURGICAL PHARMACY,359 E MAIN ST,,MOUNT KISCO,NY,105493028,9142414887,OWNER,333600000X,tier_1_primary_pharmacy,Y,Y,
1174520779,HOWARD BEACH APOTHECARY INC,158-40 CROSS BAY BLVD,,HOWARD BEACH,NY,114143136,7187384343,OWNER AND SUP PHARMACIST,333600000X|3336C0003X,tier_1_primary_pharmacy,Y,Y,
1124025770,JD RX INC,347 TERRY RD,,SMITHTOWN,NY,117875510,6313614100,"SEC,TSR,SUPERVISING RPH",333600000X,tier_2_secondary_pharmacy,N,Y,
1053318675,"CAMP ROAD PHARMACY, INC.",503 SUNSET DR,,HAMBURG,NY,140754231,7166491650,OWNER,333600000X,tier_1_primary_pharmacy,Y,Y,
1932106366,THRIFTWAY FOSTER AVE. DRUG CORP,1717 FOSTER AVE,,BROOKLYN,NY,112301809,7187241717,CORP. SECY,333600000X,tier_1_primary_pharmacy,Y,Y,
1225035538,DEDRICK'S PHARMACY INC.,86 N FRONT ST,,KINGSTON,NY,124013832,8453388000,OWNER,3336L0003X|333600000X,tier_1_primary_pharmacy,Y,Y,
1871590182,NEW PALTZ PHARMACY INC,190 MAIN ST,,NEW PALTZ,NY,12561,8452550310,PRESIDENT,333600000X|3336C0003X,tier_1_primary_pharmacy,Y,Y,
1053318006,METROPOLITAN PHARMACY II INC,10311 METROPOLITAN AVE,,FOREST HILLS,NY,113756733,7182636151,PRESIDENT,333600000X,tier_1_primary_pharmacy,Y,Y,
1386642973,"BAY RIDGE PEOPLE'S PHARMACY, INC",7517 3RD AVE,,BROOKLYN,NY,112093168,7187452660,PRESIDENT,333600000X,tier_1_primary_pharmacy,Y,Y,
1366440414,CARY'S PHARMACY INC,105 MAIN ST,,DOBBS FERRY,NY,105221601,9146930008,OWNER,333600000X,tier_1_primary_pharmacy,Y,Y,
1790785459,"RYE BEACH PHARMACY, INC",464 FOREST AVE,,RYE,NY,105803645,9149670856,PRESIDENT,3336C0004X|3336S0011X|333600000X|3336C0003X,tier_1_primary_pharmacy,Y,Y,
1356341960,BRIGHTON PHARMACY INC,701 BRIGHTON BEACH AVE,,BROOKLYN,NY,112356413,7187431800,PHARMACIST,333600000X,tier_1_primary_pharmacy,Y,Y,
1356341689,ADLIB PHARMACY CORP,21519 73RD AVE,,OAKLAND GARDENS,NY,113642928,7184288200,SUPERVISING PHCIST,3336C0004X|333600000X|3336C0003X,tier_1_primary_pharmacy,Y,Y,
1114928876,HEALTH PLUS PHARMACY INC,6605 BAY PKWY,,BROOKLYN,NY,112043934,7182320810,OWNER,333600000X|3336C0003X,tier_1_primary_pharmacy,Y,Y,
1811998107,NEIGHBOR CARE PHARMACY INC.,2315 65TH ST,,BROOKLYN,NY,112044066,7183364772,PRESIDENT,333600000X,tier_1_primary_pharmacy,Y,Y,
1063413185,405 86TH PHARMACY INC,405 86TH ST,,BROOKLYN,NY,112094707,9178489172,PRESIDENT,333600000X,tier_1_primary_pharmacy,Y,Y,
1710989553,HASTINGS DRUG CORP,2061 ATLANTIC AVENUE,,BROOKLYN,NY,112333202,7184855095,SUPERVISING PHARMACIST,3336C0003X,tier_1_primary_pharmacy,Y,Y,
1497757082,ZIVE PHARMACY,811 LYDIG AVE,,BRONX,NY,104622105,7188246060,VICE PRESIDENT,333600000X,tier_1_primary_pharmacy,Y,Y,
1063404887,GARR PHARMACY CORP,531 CHURCH AVE,,BROOKLYN,NY,112182409,7184365501,PRESIDENT PHARMACIST,333600000X,tier_1_primary_pharmacy,Y,Y,
1962494617,L & M PHARMACY INC,53 N BROADWAY,,HICKSVILLE,NY,118012901,5169311099,OWNER,333600000X|3336C0003X,tier_1_primary_pharmacy,Y,Y,
1881687069,SHRI DRUG INC,312 RALPH AVE,,BROOKLYN,NY,112333022,7187746800,PRESIDENT,333600000X,tier_1_primary_pharmacy,Y,Y,
1700879822,K & G PHARMACY INC,2434 JEROME AVE,,BRONX,NY,104686401,7182202014,OWNER,333600000X|3336C0003X,tier_1_primary_pharmacy,Y,Y,
1659365849,CONFUCIUS PHARMACY INC,7 BOWERY STREET,STORE #A-104,NEW YORK,NY,100026702,2129664420,CEO,333600000X,tier_1_primary_pharmacy,Y,Y,
1841284957,MANNINGS PHARMACY CORPORATION,"13-17 ELIZABETH ST, UNIT 118",,NEW YORK,NY,100134803,2129416480,PRESIDENT,333600000X,tier_1_primary_pharmacy,Y,Y,
1538153200,JEFFERSON VALLEY PHARMACY INC,3693 HILL BLVD,,JEFFERSON VALLEY,NY,10535,9149626553,PRESIDENT,333600000X|3336C0003X,tier_1_primary_pharmacy,Y,Y,
1932193612,PUTNAM VALLEY PHARMACY INC,11 PEEKSKILL HOLLOW RD,,PUTNAM VALLEY,NY,105793200,8455286400,PRESIDENT,333600000X|3336C0003X,tier_1_primary_pharmacy,Y,Y,
1881689685,ROBBINS DRUG AND SURGICAL CO INC,128 GRAND ST,,CROTON ON HUDSON,NY,105202307,9142715000,PRESIDENT,333600000X,tier_1_primary_pharmacy,Y,Y,
1942295746,"POINT PHARMACY,LLC.",900 HUNTS POINT AVE,,BRONX,NY,104745402,7183283784,VICE PRESIDENT,333600000X,tier_1_primary_pharmacy,Y,Y,
1275528929,TLC PHARMACY INC,1509 STATE ST,,WATERTOWN,NY,136013517,3157861746,PRES,333600000X|3336C0003X,tier_1_primary_pharmacy,Y,Y,
1629063367,B.O.P PHARMACY INC.,135-02 ROOSEVELT AVENUE,,FLUSHING,NY,113545343,7183596333,OWNER,333600000X|3336C0003X,tier_1_primary_pharmacy,Y,Y,
1699760298,BOLTONS PHARMACY INC,128 W MAIN ST,,WATERTOWN,NY,136011989,3157825961,REGISTERED PHAMACIST,333600000X|3336L0003X|3336C0003X,tier_1_primary_pharmacy,Y,Y,
1700872264,ASENCIO PHARMACY INC,154 E 174TH ST,,BRONX,NY,104576904,7182992416,SUPERVISING PHARMACIST,333600000X,tier_1_primary_pharmacy,Y,Y,
1659367415,"ALDAV PHARMACY, INC",749 OCEAN PKWY,,BROOKLYN,NY,112307813,7187242245,PRESIDENT,333600000X|3336C0003X,tier_1_primary_pharmacy,Y,Y,
1972599835,A & S PHARMACY INC,2201 BATH AVE,,BROOKLYN,NY,112145603,7183720797,OWNER,3336C0003X,tier_1_primary_pharmacy,Y,Y,
1639165459,"DRAGONFLY HEALTH RX NY, LLC",75 NASSAU TERMINAL RD STE 101,,NEW HYDE PARK,NY,110404927,5162801000,CHIEF FINANCIAL OFFICER,333600000X|3336L0003X,tier_1_primary_pharmacy,Y,Y,
1427045061,PILGRIM PHARMACY INC,2941 WESTCHESTER AVE,,BRONX,NY,104614534,7188280498,TREASURER AND OWNER,333600000X|3336L0003X|3336S0011X|3336C0003X,tier_1_primary_pharmacy,Y,Y,
1942297247,RO PAUL DRUG CORP,185 12 HILLSIDE AVE,,JAMAICA,NY,114324860,7185261121,PRES RPH CF,333600000X|3336C0003X,tier_1_primary_pharmacy,Y,Y,
1578550729,MOMS PHARMACY INC,45 MELVILLE PARK RD,,MELVILLE,NY,117473109,6315476520,"SR VP, CFO",3336L0003X|3336S0011X|333600000X|3336C0003X,tier_1_primary_pharmacy,Y,Y,
1174510192,"SRI PHARMACY, INC",2109 NOSTRAND AVE,,BROOKLYN,NY,112103001,7184213600,PRESIDENT/ PHARMACIST,333600000X,tier_1_primary_pharmacy,Y,Y,
1699762617,GREENE VAN PHARMACY CORP,94 GREENE AVE,,BROOKLYN,NY,112381011,7187830890,VICE-PRESIDENT,3336L0003X|333600000X|3336C0003X,tier_1_primary_pharmacy,Y,Y,
1366439317,CITY ISLAND PHARMACY INC,290 CITY ISLAND AVE,,BRONX,NY,104641433,7188853053,PRESIDENT,333600000X|3336C0003X,tier_1_primary_pharmacy,Y,Y,
1033106992,JOST PHARMACY INC,3601 QUENTIN RD,,BROOKLYN,NY,112344203,7183393110,VICE PRESIDENT,3336C0003X|333600000X,tier_1_primary_pharmacy,Y,Y,
1083601876,LEMBERG'S PHARMACY INC.,191 NEPTUNE AVE,,BROOKLYN,NY,112356368,7183684336,PHARMACIST,333600000X,tier_1_primary_pharmacy,Y,Y,
1114915998,EVE PHARMACY INC.,2823 CONEY ISLAND AVE,,BROOKLYN,NY,112355015,7187438585,PRESIDENT,333600000X,tier_1_primary_pharmacy,Y,Y,
1598753105,JND PHARMACY INC,800 ROUTE 82,STE A BLDG 5,HOPEWELL JUNCTION,NY,125337371,8452237858,OWNER,333600000X|3336C0003X,tier_1_primary_pharmacy,Y,Y,
1245228808,MARPAL DRUG,306 8TH AVE,,NEW YORK,NY,100014802,2122422587,PRESIDENT,333600000X,tier_1_primary_pharmacy,Y,Y,
1821086497,JOU PHARMACY INC,1100 CONEY ISLAND AVE,,BROOKLYN,NY,112302342,7184344744,SUPERVISING PHARMACIST,3336C0003X,tier_1_primary_pharmacy,Y,Y,
1487642062,FAMILY CARE PHARMACY INC,995 ROUTE 22,,BREWSTER,NY,105091526,8452792931,PRESIDENT,333600000X|3336C0003X,tier_1_primary_pharmacy,Y,Y,
1831187202,RLJ PHARMACY INC,294 KATONAH AVE,,KATONAH,NY,105362148,9142323200,SUPV PHCIST,333600000X|3336C0003X,tier_1_primary_pharmacy,Y,Y,
1437147717,"MARION PHARMACY, INC.",3803 SOUTH MAIN ST.,,MARION,NY,14505,3159265636,PRESIDENT,333600000X,tier_1_primary_pharmacy,Y,Y,
1710975198,ALISONS PHARMACY INC,12 BOWERY,,NEW YORK,NY,100135182,2122277065,PRESIDENT,333600000X|3336C0003X,tier_1_primary_pharmacy,Y,Y,
1588652796,EVE AND R PHARMACY INC.,170 AVENUE U,,BROOKLYN,NY,112233740,7189460101,V.PRES,333600000X,tier_1_primary_pharmacy,Y,Y,
1811985161,CONDO PHARMACY INC,28 MONTCALM AVE,,PLATTSBURGH,NY,129011533,5185633400,"VICE PRESIDENT,AO",333600000X|3336C0002X|3336C0004X|3336L0003X|3336S0011X|3336C0003X,tier_1_primary_pharmacy,Y,Y,
1659369783,"5TH AVE DRUG, INC",1805 5TH AVE,SUITE B,BAY SHORE,NY,117061761,6312314960,PRESIDENT,333600000X,tier_2_secondary_pharmacy,N,Y,
1386632321,THIS WAY PHARMACY INC,2712 AVENUE U,,BROOKLYN,NY,112295052,7187697403,V.PRES.,333600000X,tier_1_primary_pharmacy,Y,Y,
1730178526,WOODROW PHARMACY LTD,645 ROSSVILLE AVE,,STATEN ISLAND,NY,103091752,7189672955,PRESIDENT AND OWNER,333600000X|3336C0003X,tier_1_primary_pharmacy,Y,Y,
1144219734,RED HOOK PHARMACY,376 VAN BRUNT ST,,BROOKLYN,NY,112311235,7187970200,SUP PHARM,3336C0003X|333600000X,tier_1_primary_pharmacy,Y,Y,
1508855990,ETBA PHARMACY INC.,530 E 138TH ST,,BRONX,NY,104544906,7186652018,PHARMACIST/MANAGER,333600000X,tier_1_primary_pharmacy,Y,Y,
1356330740,PL PHARMACY INC,6902 3RD AVE,,BROOKLYN,NY,112091305,7182382444,VP,3336C0003X,tier_1_primary_pharmacy,Y,Y,
1366431603,JEROME PHARMACY INC,3399 JEROME AVE,,BRONX,NY,104671003,7183242900,MANAGER,333600000X,tier_1_primary_pharmacy,Y,Y,
1033108311,"STARRETT CITY PHARMACY, LLC",1110 PENNSYLVANIA AVE,,BROOKLYN,NY,112079061,7182578777,PRESIDENT,333600000X,tier_1_primary_pharmacy,Y,Y,
1891784948,"YMGA PHARMACY SERVICES, CORP",8510 3RD AVE,,BROOKLYN,NY,112094610,7186809855,PRESIDENT,333600000X|3336C0003X,tier_1_primary_pharmacy,Y,Y,
1265421390,D&V PHARMACY CORPORATION,3401 AVENUE H,,BROOKLYN,NY,112103350,7188593000,OWNER,3336C0003X,tier_1_primary_pharmacy,Y,Y,
1285624015,"RLT PHARMACY, INC.",671 YONKERS AVE,,YONKERS,NY,107042621,9149650686,SUPERVISING PHARMACIST,333600000X,tier_1_primary_pharmacy,Y,Y,
1164412953,M & M PHARMACY LLC,10104 QUEENS BLVD,,FOREST HILLS,NY,113752749,7189978200,PHARMASICT,333600000X,tier_1_primary_pharmacy,Y,Y,
1376533083,ALLERTON PARK PHARMACY INC,645 ALLERTON AVE,,BRONX,NY,104677403,7188810555,PRES,333600000X,tier_1_primary_pharmacy,Y,Y,
1801886510,HEALTH COUNCIL PHARMACY,781 E 142ND ST,,BRONX,NY,104541723,7189931400,PRES,3336C0003X,tier_1_primary_pharmacy,Y,Y,
1659361277,"TOTAL CARE PHARMACY BX, INC",1721 CROSBY AVE,,BRONX,NY,104614901,7188239300,PRESIDENT,3336C0003X,tier_1_primary_pharmacy,Y,Y,
1700876075,ST MARY PHARMACY INC,9720 4TH AVE,,BROOKLYN,NY,112098101,7189212525,OWNER,333600000X|3336C0003X,tier_1_primary_pharmacy,Y,Y,
1407846785,E.JEROME PHARMACY INC,1 E 183RD ST,,BRONX,NY,104531242,7183642248,PRES,333600000X|3336C0003X,tier_1_primary_pharmacy,Y,Y,
1699766535,C K PHARMACY INC,4213 MAIN ST,,FLUSHING,NY,113553855,7185398999,OWNER,333600000X|3336C0003X,tier_1_primary_pharmacy,Y,Y,
1962493452,MAHOPAC PHARMACY INC.,936 S LAKE BLVD,,MAHOPAC,NY,105413242,8456285600,PRESIDENT,333600000X,tier_1_primary_pharmacy,Y,Y,
1043201742,SLOCUM-DICKSON PHARMACY INC,1729 BURRSTONE RD,STE 201,NEW HARTFORD,NY,134131001,3157981724,DIRECTOR OF PHARMACY,333600000X|3336C0003X,tier_1_primary_pharmacy,Y,Y,
1699766121,V.G.H. PHARMACY INC.,1454 MYRTLE AVE,,BROOKLYN,NY,112375102,7184536200,SUPERVISING PHARMACIST,333600000X,tier_1_primary_pharmacy,Y,Y,
1902897259,"ELM PHARMACY, INC.",1651 CONEY ISLAND AVE,,BROOKLYN,NY,112305849,7183368300,PRESIDENT,333600000X,tier_1_primary_pharmacy,Y,Y,
1407847635,"LERIN DRUG CO, INC",501 W 113TH ST,,NEW YORK,NY,100258073,2126780636,PRESIDENT,333600000X,tier_1_primary_pharmacy,Y,Y,
1750362992,EXPRESS DRUG STORE INC,1408 AVENUE J,,BROOKLYN,NY,112303702,7186775800,VP,333600000X|3336C0003X,tier_1_primary_pharmacy,Y,Y,
1043291057,A.Y. PHARMACY INC.,2070 BATH AVE,,BROOKLYN,NY,112144904,7183728795,PRESIDENT/PHARMACIST,333600000X,tier_1_primary_pharmacy,Y,Y,
1821079617,KMN PHARMACY CORP,255 E GUN HILL RD,,BRONX,NY,104672109,7186542200,PRESIDENT,333600000X|3336C0003X,tier_1_primary_pharmacy,Y,Y,
1790766103,"3890 BROADWAY PHARMACY IV, INC.",3898 BROADWAY,,NEW YORK,NY,10032,2125680975,OWNER,333600000X,tier_1_primary_pharmacy,Y,Y,
1891777116,SOUND SHORE PHARMACY INC,107 W 4TH ST,,MOUNT VERNON,NY,105504002,9146990235,PHARMACIST,333600000X|3336C0002X,tier_1_primary_pharmacy,Y,Y,
1598747669,JANI'S PHARMACY INC,455 S BROADWAY,,YONKERS,NY,107052338,9149633565,OWNER,3336C0003X,tier_1_primary_pharmacy,Y,Y,
1366424954,"U-CARE PHARMACY, INC.",304 ELLERY ST,,BROOKLYN,NY,112065312,7187829345,PRESIDENT,333600000X,tier_1_primary_pharmacy,Y,Y,
1043292667,"SDF PHARMACY, INC.",302 BROADWAY,,BROOKLYN,NY,112117308,7183841544,ADMIN,333600000X,tier_1_primary_pharmacy,Y,Y,
1427031749,CODUMEL PHARMACY INC,114 BEVERLEY RD,,BROOKLYN,NY,112183914,7184356161,PRESIDENT,333600000X|3336C0003X,tier_1_primary_pharmacy,Y,Y,
1669455093,DAVCO DRUG CO INC,69 MAIN STREET,,COPAKE,NY,12516,5183294671,PRESIDENT,333600000X,tier_1_primary_pharmacy,Y,Y,
1316920606,"RITE-WAY PHARMACY,LLC",1603 WESTCHESTER AVE,,BRONX,NY,104722914,7188600600,SUPERVISING PHARMACIST,333600000X,tier_1_primary_pharmacy,Y,Y,
1942283882,SHREE NATH PHARMACY CORP,1576 ST NICHOLAS AVE,SHREE NATH PHARMACY CORP,NEW YORK,NY,10040,2127951795,"PHARMACIST, PRESIDENT",3336C0003X,tier_1_primary_pharmacy,Y,Y,
1558344101,AVS PHARMACY/DBA: LEROY PHARMACY,314 E 204TH ST,,BRONX,NY,104674602,7188825614,PRESIDENT,333600000X,tier_1_primary_pharmacy,Y,Y,
1528041175,PALM-GATE PHARMACY,583 KNICKERBOCKER AVE,,BROOKLYN,NY,112214742,7183816084,SUR REGISTERED PHARMACIST SUPERVISI,333600000X,tier_1_primary_pharmacy,Y,Y,
1922082346,EVE AND MICHAEL PHARMACY INC.,552 SAINT MARKS AVE,STREET LEVEL,BROOKLYN,NY,11238,7182303321,PRESIDENT,333600000X,tier_1_primary_pharmacy,Y,Y,
1043294465,EVE AND STEVE PHARMACY,250 E HOUSTON ST,,NEW YORK,NY,100021034,2126776688,PRESIDENT,333600000X,tier_1_primary_pharmacy,Y,Y,
1134103567,FIRST CARE PHARMACY,902 FOSTER AVE,,BROOKLYN,NY,112301363,7188594100,OWNER,333600000X,tier_1_primary_pharmacy,Y,Y,
1609850189,NOHA PHARMACY INC.,291 KNICKERBOCKER AVE,,BROOKLYN,NY,112373103,7184565475,SUPERVISOR/PHARMACIST,333600000X,tier_1_primary_pharmacy,Y,Y,
1861476384,EVE 4 PHARMACY,1634 BROADWAY,,BROOKLYN,NY,112071026,7185735555,PRESIDENT,333600000X,tier_1_primary_pharmacy,Y,Y,
1063496404,MARRAS PHARMACY INC,217 REMSEN ST,,COHOES,NY,120473024,5182372110,PRESIDENT,3336C0003X,tier_2_secondary_pharmacy,N,Y,
1013991033,TOTAL CARE PHARMACY J.V. INC,3659 LEE RD,,JEFFERSON VALLEY,NY,105351507,9142453334,SUPERVISING PHARMACIST,333600000X,tier_1_primary_pharmacy,Y,Y,
1245214030,ESQUIRE PHARMACY INC.,277 1ST AVE,,NEW YORK,NY,100032994,2122282260,VICE PRESIDENT/PHARMACIST,3336C0003X,tier_1_primary_pharmacy,Y,Y,
1871577452,QUALITY PHARMACY INC,249 MIDDLE COUNTRY RD,SELDEN PLAZA,SELDEN,NY,117842516,6317327373,OWNER,3336C0003X,tier_1_primary_pharmacy,Y,Y,
1326022922,BROTHERS DRUG CORP,16933 137TH AVE,,JAMAICA,NY,114344517,7187232100,PRESIDENT,333600000X|3336C0003X,tier_1_primary_pharmacy,Y,Y,
1215911953,WEST 14 PHARMACY CORP.,312 W 14TH ST,,NEW YORK,NY,100145002,2127277979,PRESIDENT,3336C0003X,tier_1_primary_pharmacy,Y,Y,
1124003694,"PINEBROOK PHARMACY, INC.",1183 JEROME AVE,,BRONX,NY,104523331,7189928182,PRESIDENT,333600000X,tier_1_primary_pharmacy,Y,Y,
1033194469,FLATBUSH PHARMACY INC,2134 BEVERLEY RD,,BROOKLYN,NY,112265406,7182840909,PRESIDENT,333600000X,tier_1_primary_pharmacy,Y,Y,
1659356012,KVS PHARMACY INC.,112-10 SPRINGFIELD BLVD,,QUEENS VILLAGE,NY,114292650,7184647777,PRESIDENT,333600000X,tier_1_primary_pharmacy,Y,Y,
1073598397,"LINDSAY DRUG CO.,INC",416 5TH AVE,,TROY,NY,121823007,5182352522,VICE PRESIDENT,333600000X|3336C0003X,tier_1_primary_pharmacy,Y,Y,
1659356863,RUBINO PHARMACY,6602 17TH AVE,,BROOKLYN,NY,112044303,7182565052,OWNER,333600000X,tier_1_primary_pharmacy,Y,Y,
1851376834,"ROSA PHARMACY, INC.",1603 SAINT NICHOLAS AVE,,NEW YORK,NY,100403303,2129232412,PRESIDENT,3336C0003X,tier_1_primary_pharmacy,Y,Y,
1629053657,TOTAL CARE PHARMACY INC,4531 3RD AVE,,BRONX,NY,104587804,7189339900,PRESIDENT,333600000X|3336C0004X|3336S0011X|3336C0003X,tier_1_primary_pharmacy,Y,Y,
1588649594,"VIVA PHARMACY, INC.",1494 SAINT NICHOLAS AVE,,NEW YORK,NY,100334022,2129230077,VICE-PRESIDENT,3336C0003X,tier_1_primary_pharmacy,Y,Y,
1568447225,"AMATO PHARMACY, INC.",619 E 187TH ST,,BRONX,NY,104586706,7183658630,PRESIDENT,3336C0003X,tier_1_primary_pharmacy,Y,Y,
1346226891,MIDRAG NINE PHARMACY INC,417 TARRYTOWN ROAD,,WHITE PLAINS,NY,10607,9149484141,PRESIDENT,333600000X,tier_1_primary_pharmacy,Y,Y,
1932185352,"MARG PHARMACY, INC.",76 GRAHAM AVE,,BROOKLYN,NY,112064017,7183884588,DIRECTOR,333600000X,tier_1_primary_pharmacy,Y,Y,
1962488387,MEDLY PHARMACY INC.,31 DEBEVOISE ST,,BROOKLYN,NY,112064196,7187827539,SVP PHARMACY SERVICES,333600000X,tier_1_primary_pharmacy,Y,Y,
1508842931,SHANTI PHARMACY CORP,5105 CHURCH AVE,,BROOKLYN,NY,112033511,7189223400,SECRETARY,333600000X,tier_1_primary_pharmacy,Y,Y,
1447237144,REDDYS PHARMACY INC,126 13 MERRICK BLVD,,JAMAICA,NY,11434,7185280505,OWNER/SUPERVISING PHARMACIST,333600000X,tier_1_primary_pharmacy,Y,Y,
1295712966,HAVILAND PHARMACY INC,874 VIOLET AVE,,HYDE PARK,NY,12538,8452292195,RPH OWNER,333600000X,tier_1_primary_pharmacy,Y,Y,
1558348565,FRIENDLY PHARMACY INC,389 E 138TH ST,,BRONX,NY,104543099,7187420001,MANAGER,333600000X,tier_1_primary_pharmacy,Y,Y,
1144290842,CLARKSTOWN PHARMACY INC,719 WEST NYACK RD,,WEST NYACK,NY,10994,8453583588,PRESIDENT,333600000X,tier_1_primary_pharmacy,Y,Y,
1447221023,VAVA PHARMACY INC.,1403 FOSTER AVE,,BROOKLYN,NY,112301726,7187241333,SECRETARY,3336C0003X,tier_1_primary_pharmacy,Y,Y,
1699746297,STONE'S PHARMACY INC.,1 MAIN ST,,LAKE LUZERNE,NY,12846,5186963214,PRESIDENT,333600000X,tier_1_primary_pharmacy,Y,Y,
1902878796,DOWNTOWN PHARMACY INC.,165 WILLIAM STREET,DOWNTOWN PHARMACY,NEW YORK,NY,10038,2122330333,PARTNER,3336C0003X,tier_1_primary_pharmacy,Y,Y,
1699748350,"THRUWAY PHARMACY, INC.",78 OAK ST,,WALDEN,NY,125861054,8457781388,OWNER,333600000X,tier_1_primary_pharmacy,Y,Y,
1942273636,FAIRBANKS PHARMACY INC.,37 MAIN ST,,SIDNEY,NY,138381139,6075631660,OWNER / CHIEF PHARMACIST,333600000X,tier_2_secondary_pharmacy,N,Y,
1699749739,VALENTINE PHARMACY INC,309 E 181ST ST,,BRONX,NY,104572335,7183299721,OWNER,333600000X|3336C0003X,tier_1_primary_pharmacy,Y,Y,
1235103185,222 JAMAICA ECONOMY DRUG INC,221 21 JAMAICA AVE,,QUEENS VILLAGE,NY,114282097,7184655196,PRESIDENT,333600000X|3336C0003X,tier_1_primary_pharmacy,Y,Y,
1215901905,WILLIAMSON PHARMACY LLC,4102 PEARSALL ST,,WILLIAMSON,NY,145899270,3155893333,SUPERVISING PHARMACIST,3336C0003X|333600000X,tier_1_primary_pharmacy,Y,Y,
1821063504,666 DRUG INC,666 COURTLANDT AVE,,BRONX,NY,104515018,7182921856,R.PH.,333600000X,tier_1_primary_pharmacy,Y,Y,
1205801560,"DRUG WORLD OF HILLCREST, LLC",275 NORTH MAIN STREET,UNIT 12,SPRING VALLEY,NY,10977,8453521800,PRESIDENT & CEO,333600000X,tier_1_primary_pharmacy,Y,Y,
1770558819,"DRUG WORLD OF COLD SPRING, LLC",55 CHESTNUT STREET,,COLD SPRING,NY,10516,8452656352,MANAGING MEMBER,333600000X,tier_1_primary_pharmacy,Y,Y,
1245209956,SOUTHSIDE PHARMACY INC,766 FOOTE AVE,,JAMESTOWN,NY,147018201,7164870133,OWNER,333600000X|3336C0003X,tier_1_primary_pharmacy,Y,Y,
1437118510,ABC PHARMACY INC.,5401 8TH AVE,,BROOKLYN,NY,11220,7186868830,PRESIDENT,333600000X,tier_1_primary_pharmacy,Y,Y,
1205895315,RON-AN PHARMACY INC.,988 1ST AVE,,NEW YORK,NY,100224105,2127556632,OWNER,333600000X,tier_1_primary_pharmacy,Y,Y,
1376502187,"2000 NINOS PHARMACY,INC",601 W 150TH ST,,NEW YORK,NY,100312449,2124912910,PRESIDENT,333600000X|3336C0003X,tier_1_primary_pharmacy,Y,Y,
1669432274,"OCEAN-U PHARMACY, LLC",2001 AVENUE U,,BROOKLYN,NY,112293907,7183323380,SUPERVISING PHARMACIST,333600000X,tier_1_primary_pharmacy,Y,Y,
1013978865,LAVIDA PHARMACY INC.,4034 82ND ST,,ELMHURST,NY,113731305,7184262525,SUPERVISING PHARMACIST,333600000X,tier_1_primary_pharmacy,Y,Y,
1356303523,BAY PARK PHARMACY CORP.,3355 NEPTUNE AVE,,BROOKLYN,NY,112241675,7183722700,PRESIDENT PHARMACIST,3336C0003X,tier_1_primary_pharmacy,Y,Y,
1720043052,"HUDSON VIEW PHARMACY, INC",147 LAKE ST STE 101,,NEWBURGH,NY,125505264,8455614370,SP,333600000X|3336C0003X,tier_1_primary_pharmacy,Y,Y,
1538124805,ACE DRUG COMPANY INC.,192 BROADWAY,,NEWBURGH,NY,125505415,8455614890,PRESIDENT,333600000X,tier_1_primary_pharmacy,Y,Y,
1467418962,"HENDERSON'S DRUG STORE, INC.",126 MAIN ST,,PENN YAN,NY,145271219,3155364448,PRESIDENT,333600000X,tier_1_primary_pharmacy,Y,Y,
1811953201,"NAPLES PHARMACY, INC.",105 S MAIN ST,,NAPLES,NY,145129574,5853742080,PRESIDENT,333600000X,tier_1_primary_pharmacy,Y,Y,
1245296672,"HENDERSON'S DRUG STORE, INC.",106 ARTERIAL RD,,SYRACUSE,NY,132061558,3154370699,PRESIDENT,333600000X,tier_1_primary_pharmacy,Y,Y,
1053377317,"HENDERSON'S DRUG II, INC.",100 N MAIN ST,SUITE L05,ELMIRA,NY,149012901,6072719794,PRESIDENT,333600000X,tier_1_primary_pharmacy,Y,Y,
1639135809,"HENDERSON'S DRUG STORE, INC.",200 NORTH ST,SUITE 103,GENEVA,NY,144561561,3157875388,PRESIDENT,333600000X,tier_1_primary_pharmacy,Y,Y,
1730145921,"HENDERSON'S DRUG STORE, INC.",95 FALL ST,,SENECA FALLS,NY,131481408,3155681700,PRESIDENT,333600000X,tier_1_primary_pharmacy,Y,Y,
1568428993,"HENDERSON'S DRUG STORE, INC.",27 SHETHAR ST,,HAMMONDSPORT,NY,148409380,6075692800,PRESIDENT,333600000X,tier_1_primary_pharmacy,Y,Y,
1699732388,"HENDERSON'S DRUG STORE, INC.",1923 LAKE AVE.,,LIMA,NY,14485,5855821140,PRESIDENT,333600000X,tier_1_primary_pharmacy,Y,Y,
1184681868,"HENDERSON'S DRUG STORE, INC.",320 W MAIN STREET,,MONTOUR FALLS,NY,14865,6075357272,PRESIDENT,333600000X,tier_1_primary_pharmacy,Y,Y,
1689623571,MERCEDES DRUG CORP,625B E 137TH ST # B,,BRONX,NY,104543142,7184017000,OWNER,3336C0003X,tier_1_primary_pharmacy,Y,Y,
1790734655,B&M FAMILY PHARMACY CORP,1001 FLATBUSH AVE,,BROOKLYN,NY,112265006,7188590007,PRESIDENT,3336C0003X,tier_1_primary_pharmacy,Y,Y,
1407806185,MAXWELL PHARMACY INC,234 E 106TH ST,,NEW YORK,NY,100297604,2125347700,SECRETARY,333600000X|3336C0003X,tier_1_primary_pharmacy,Y,Y,
1316997091,ABO PHARMACY CORP,8003 FLATLANDS AVE,,BROOKLYN,NY,112363533,7188725142,SECRETARY,3336C0003X,tier_1_primary_pharmacy,Y,Y,
1619920683,BEHRENS PHARMACY INC,231 DEKALB AVE,,BROOKLYN,NY,112054101,7186384350,OWNER,3336C0003X,tier_1_primary_pharmacy,Y,Y,
1508810755,KHS PHARMACY INC,220 08 HEMPSTED AVE,,QUEENS VILLAGE,NY,11429,7187762300,PRESIDENT/ R.PH,333600000X|3336C0003X,tier_1_primary_pharmacy,Y,Y,
1588618748,DNG PHARMACY CORP.,249 GRAHAM AVE,,BROOKLYN,NY,112061201,7183846630,OWNER,3336C0003X,tier_1_primary_pharmacy,Y,Y,
1558315002,MANHATTAN BEACH PHARMACY INC,1224 AVENUE U,,BROOKLYN,NY,112294107,7183322210,PRESIDENT,3336C0003X,tier_1_primary_pharmacy,Y,Y,
1942254024,FUTURE PHARMACY INC.,2480 65TH ST,,BROOKLYN,NY,112043526,7183766563,PHARMACIST,333600000X|3336C0003X|3336L0003X,tier_1_primary_pharmacy,Y,Y,
1386698371,GLM PHARMACY,82-14 GLEN COVE RD,,GREENVALE,NY,115481039,5168014413,OWNER,3336C0003X,tier_1_primary_pharmacy,Y,Y,
1780639526,UNIVERSAL PHARMACY INC,652 E 233RD ST,,BRONX,NY,104662802,7186961500,PRESIDENT,333600000X|3336C0003X,tier_1_primary_pharmacy,Y,Y,
1669427969,IMAN PHARMACY INC,505 GRAMATAN AVE,,MOUNT VERNON,NY,105523008,9146655556,PRESIDENT / PIC,333600000X|3336S0011X|3336C0003X,tier_1_primary_pharmacy,Y,Y,
1154377190,SEDGWICK PHARMACY INC,3887 SEDGWICK AVE,,BRONX,NY,104634401,7185433116,PRESIDENT,3336C0003X,tier_1_primary_pharmacy,Y,Y,
1538115159,SUNSHINE PHARMACY OF NY INC,411 KINGSTON AVE,,BROOKLYN,NY,112253171,7187732020,PHARMACIST,333600000X|3336C0003X,tier_1_primary_pharmacy,Y,Y,
1568418614,BLACK ROCK PHARMACY INC,431 TONAWANDA ST,,BUFFALO,NY,142072625,7168763070,PRESIDENT,3336C0004X|333600000X|3336C0003X,tier_1_primary_pharmacy,Y,Y,
1730135823,MGL PHARMACY INC,6320 99TH ST,,REGO PARK,NY,113741941,7184590911,SUPERVISING PHARMACIST,3336C0003X,tier_1_primary_pharmacy,Y,Y,
1710933833,"VIC VENA PHARMACY, INC",1322 W STATE ST,,OLEAN,NY,147602036,7163727761,PRESIDENT,333600000X,tier_1_primary_pharmacy,Y,Y,
1598712028,M&L PHARMACY INC DBA BELMONT DRUGS AND SURGICAL,626 SUNRISE HWY,,WEST BABYLON,NY,117046011,6316693311,OWNER/PRESIDENT,3336C0003X,tier_1_primary_pharmacy,Y,Y,
1003853953,AVENUE X PHARMACY INC,319 AVENUE X,,BROOKLYN,NY,112235933,7183753701,PRESIDENT,3336C0003X|333600000X,tier_1_primary_pharmacy,Y,Y,
1861430969,LABAINC D/B/A ALY MARC PHARMACY,17941 HILLSIDE AVE,,JAMAICA,NY,114324631,7182911845,OWNER/PHARMACIST,3336C0003X,tier_1_primary_pharmacy,Y,Y,
1134167125,"VILLY PHARMACY, INC.",179 GRAND ST,,NEW YORK,NY,100133762,2122268971,SUPERVISING PHARMACIST,3336C0003X,tier_1_primary_pharmacy,Y,Y,
1275571192,WYANDANCH PHARMACY INC,323 MERRITT AVE,,WYANDANCH,NY,117982328,6312534552,OWNER,3336C0003X,tier_1_primary_pharmacy,Y,Y,
1912945569,"LA RUCHE PHARMACY,INC",494 ROCKAWAY PKWY,,BROOKLYN,NY,112123248,7184856923,PRESIDENT,3336C0003X,tier_1_primary_pharmacy,Y,Y,
1518906528,A.P.K.G PHARMACY INC.,360 E 4TH ST,,NEW YORK,NY,100098501,2126777335,PHARMACIST,3336C0003X,tier_1_primary_pharmacy,Y,Y,
1235179771,JEFFERSON PHARMACY INC,4892 STATE ROUTE 52,,JEFFERSONVILLE,NY,127485617,8454825720,OPERATING OFFICER,333600000X,tier_1_primary_pharmacy,Y,Y,
1922049352,SR PHARMACY INC,4329 BROADWAY,,NEW YORK,NY,100332408,2127408500,PHARMACY MANAGER,333600000X|3336C0003X,tier_1_primary_pharmacy,Y,Y,
1831130269,FRANKLIN PHARMACY,520 FRANKLIN AVE,STE 110,GARDEN CITY,NY,115305801,5162482044,VICE PRES,333600000X|3336C0003X|3336M0003X|3336S0011X,tier_1_primary_pharmacy,Y,Y,
1740221175,CROWN PHARMACY INC,4020 82ND ST,,ELMHURST,NY,113731305,7183340800,SUP PHARMACIST/OWNER,333600000X|3336C0003X,tier_1_primary_pharmacy,Y,Y,
1477594802,YNFK DRUG INC,700 MORRIS PARK AVE,,BRONX,NY,104623621,7188233443,VICE PRESIDENT,333600000X|3336C0003X,tier_1_primary_pharmacy,Y,Y,
1902847858,731 PHARMACY CORP,691 COLUMBUS AVE,,NEW YORK,NY,100257002,2122224400,OWNER/SUP RPH,333600000X|3336C0003X,tier_1_primary_pharmacy,Y,Y,
1811938764,TOWNE CENTRE PHARMACY INC.,2540 ROUTE 55,,POUGHQUAG,NY,125705115,8457243200,OWNER,333600000X|3336C0003X,tier_1_primary_pharmacy,Y,Y,
1568403467,SUPER RX PHARMACY INC,112 12 LIBERTY AVE,,RICHMOND HILL,NY,11419,7188453540,OWNER/SECRETARY,333600000X|3336C0003X,tier_1_primary_pharmacy,Y,Y,
1780626432,DESAIS PHARMACY INC,228 W 238TH ST,,BRONX,NY,104632474,7185430800,PRESIDENT,333600000X|3336C0003X,tier_1_primary_pharmacy,Y,Y,
1225070857,RG DRUG CORP,2191 BROADWAY,,NEW YORK,NY,100246611,2128773480,PRESIDENT,333600000X|3336C0004X|3336S0011X|3336C0003X,tier_1_primary_pharmacy,Y,Y,
1841232378,U15 PHARMACY INC,1506 AVENUE U,,BROOKLYN,NY,112293808,7183365883,OWNER,333600000X|3336C0003X,tier_1_primary_pharmacy,Y,Y,
1538101092,CORWITH PHARMACY INC,56 HAMPTON RD,,SOUTHAMPTON,NY,119684930,6312830001,PHARMACIST,333600000X|3336C0004X|3336C0003X,tier_1_primary_pharmacy,Y,Y,
1447292909,BEDFORD PHARMACY LLC,387 BEDFORD PARK BLVD,,BRONX,NY,104582422,7189331154,PHARM D / PHARMACIST,333600000X|3336C0003X,tier_1_primary_pharmacy,Y,Y,
1356383814,NEVINS PHARMACY,34 NEVINS ST,,BROOKLYN,NY,112171020,7182371344,PRESIDENT,333600000X|3336C0003X,tier_1_primary_pharmacy,Y,Y,
1265474720,BENJAMIN PHARMACY CORP,84 04 BROADWAY,,ELMHURST,NY,113735793,7184577884,PRESIDENT,333600000X|3336C0003X,tier_1_primary_pharmacy,Y,Y,
1083656540,DJ DRUG CORP.,6365 108TH ST,,FOREST HILLS,NY,113751604,7182756555,VP,333600000X|3336C0003X,tier_1_primary_pharmacy,Y,Y,
1851333140,KINNING PHARMACY CORP,125 LAFAYETTE ST,,NEW YORK,NY,100133100,2123431246,SUPERVISING PHARMACIST,333600000X|3336C0003X,tier_1_primary_pharmacy,Y,Y,
1760424055,GRAND AVENUE PHARMACY INC,69 29 GRAND AVE,,MASPETH,NY,113781895,7188986882,PRESIDENT SUP RPH,333600000X|3336C0004X|3336C0003X,tier_1_primary_pharmacy,Y,Y,
1215979513,JAE IL PHARMACY INC,4103 UNION ST,,FLUSHING,NY,113552452,7184603825,SUPERVISING PHARMACIST,333600000X|3336C0003X,tier_1_primary_pharmacy,Y,Y,
1124060421,ALL HEALTH PHARMACY CORP,118 MOTT ST,,NEW YORK,NY,100134709,2124314398,OWNER,333600000X|3336C0003X,tier_1_primary_pharmacy,Y,Y,
1033151337,GRAND BUY PHARMACY INC,4507 8TH AVE,,BROOKLYN,NY,112201515,7188532845,PRESIDENT,333600000X|3336C0003X,tier_1_primary_pharmacy,Y,Y,
1851333157,EQUAL CARE PHARMACY INC,753 E 5TH ST # STREETA,,NEW YORK,NY,100091274,2122286137,VP/AO,333600000X|3336C0003X,tier_1_primary_pharmacy,Y,Y,
1760424063,CROSSTOWN PHARMACY INC,352 KIMBALL AVE,,YONKERS,NY,107043042,9142374001,PRESIDENT SUPERVISING PHARMCST,333600000X|3336C0003X,tier_1_primary_pharmacy,Y,Y,
1285676064,BROADWAY PHARMACY INC,1226 BROADWAY,,BROOKLYN,NY,112212906,7184431331,MANAGER,333600000X|3336C0003X,tier_1_primary_pharmacy,Y,Y,
1093757874,CLASSIC PHARMACY INC,1284 CLOVE RD,,STATEN ISLAND,NY,103014301,7187270022,PRESIDENT,333600000X|3336C0003X,tier_1_primary_pharmacy,Y,Y,
1720020506,ELDER PHARMACY LLC,1527 WESTCHESTER AVE,,BRONX,NY,104722908,7188422777,"OWNER, PIC",333600000X|3336C0003X,tier_1_primary_pharmacy,Y,Y,
1639111412,CRYSTAL CITY APOTHECARY LLC,443 CAYUTA AVE,,WAVERLY,NY,148921506,6075652390,OWNER AND PIC,333600000X|3336C0003X,tier_1_primary_pharmacy,Y,Y,
1548202328,TOTAL CARE PHARMACY RX INC,110 SMITH ST,,BROOKLYN,NY,112017731,7182432390,PRESIDENT,333600000X|3336C0003X,tier_1_primary_pharmacy,Y,Y,
1457393233,WELLMING DRUG INC,13343 41ST RD,,FLUSHING,NY,113553787,7183213978,SUPERVISING PHARMACIST,333600000X|3336C0003X,tier_1_primary_pharmacy,Y,Y,
1366484149,RX DRUG CORP,410 LAKEVILLE RD,,NEW HYDE PARK,NY,110421101,5163522337,PRESIDENT,333600000X|3336C0003X,tier_1_primary_pharmacy,Y,Y,
1992747778,VILLAGE PHARMACY CORP,407 BLEECKER ST,,NEW YORK,NY,100142157,2128077566,PRESIDENT,3336C0003X,tier_1_primary_pharmacy,Y,Y,
1801838685,JOIA PHARMACY INC,3 WALKER ST,,NEW YORK,NY,100132422,2122190095,SUPERVISOR,333600000X|3336C0003X,tier_1_primary_pharmacy,Y,Y,
1710929591,MMC PHARMACY INC,948 48TH ST,,BROOKLYN,NY,112192918,7182837939,DIRECTOR,333600000X|3336S0011X|3336C0003X,tier_1_primary_pharmacy,Y,Y,
1629010400,QUINLANS PHARMACY INC,107 N MAIN ST,STE B,WAYLAND,NY,145721033,5857282080,OWNER,3336C0003X|333600000X|3336L0003X,tier_1_primary_pharmacy,Y,Y,
1356383137,EMPIRE PHARMACY INC,140 LOCKWOOD AVE STE 108,,NEW ROCHELLE,NY,108014907,9146541222,OWNER/SUP PHARMACIST,333600000X|3336C0003X,tier_1_primary_pharmacy,Y,Y,
1922040716,LISCIO PHARMACY CORP,2498 WILLIAMSBRIDGE RD,,BRONX,NY,104694806,7185473706,OWNER,3336C0003X,tier_1_primary_pharmacy,Y,Y,
1043253651,S&N PHARMACY CORP,9101 43RD AVE,,ELMHURST,NY,113732740,7184261073,PRESIDENT / PIC,333600000X|3336C0003X,tier_1_primary_pharmacy,Y,Y,
1821031105,HOLLAND PHARMACY INC,19 N MAIN ST,,HOLLAND,NY,140809509,7165372822,PRESIDENT AND SP,333600000X|3336C0003X,tier_1_primary_pharmacy,Y,Y,
1730122011,M & A PHARMACY CORP,96 02 JAMAICA AVE,,WOODHAVEN,NY,11421,7188057000,VP PHARMACIST,333600000X|3336C0002X|3336C0004X|3336S0011X|3336C0003X,tier_1_primary_pharmacy,Y,Y,
1467495747,GVG PHARMACY INC.,206 08 HOLLIS AVE,,QUEENS VILLAGE,NY,11429,7184641556,VICE PRESIDENT,333600000X|3336C0004X|3336C0003X,tier_1_primary_pharmacy,Y,Y,
1346283520,"AFFORDABLE RX, INC.",177 ROCKAWAY AVE,,VALLEY STREAM,NY,115805823,5165616480,"PRESIDENT, TREASURER, SECRETARY",3336M0002X|3336M0003X|3336S0011X|3336C0003X,tier_1_primary_pharmacy,Y,Y,
1346284197,GEROULDS PROFESSIONAL PHARMACY INC,98 W PULTENEY ST,,CORNING,NY,148302260,6079363233,OWNER,333600000X|3336C0003X,tier_1_primary_pharmacy,Y,Y,
1164466918,THREE JS PHARMACY INC,9012 ELMHURST AVE,,JACKSON HEIGHTS,NY,113727936,7184240533,OWNER,333600000X|3336C0003X,tier_1_primary_pharmacy,Y,Y,
1982648739,LI EZRA APOTHECARY LTD,690 CENTRAL AVE,,CEDARHURST,NY,115162307,5165697820,PRES /SUPERVISING PHARM,333600000X|3336C0003X,tier_1_primary_pharmacy,Y,Y,
1457396988,VERNON BLVD PHARMACY INC,4815 VERNON BLVD,,LONG ISLAND CITY,NY,111015616,7183617390,OWNER,333600000X|3336C0003X,tier_1_primary_pharmacy,Y,Y,
1285679415,"PARK RIDGE APOTHECARY, INC",1561 LONG POND RD,STE 104,ROCHESTER,NY,146264117,5857237340,"SUPERVISOR,PIC,AO",333600000X|3336C0004X|3336C0003X,tier_1_primary_pharmacy,Y,Y,
1285679480,PALACE PHARMACY INC,543 MALCOLM X BLVD,,NEW YORK,NY,100371806,2122832136,PRESIDENT AND SUPV PHCIST,333600000X|3336C0003X,tier_1_primary_pharmacy,Y,Y,
1841235280,ARLO DRUG STORE OF L I INC,1022 PARK BLVD,,MASSAPEQUA PARK,NY,117622784,5167989444,OWNER/PRESIDENT,333600000X|3336C0003X,tier_1_primary_pharmacy,Y,Y,
1750326195,PORTVILLE PHARMACY INC,323 MAIN ST,,BOLIVAR,NY,147151108,5859281530,OWNER,333600000X|3336C0003X,tier_1_primary_pharmacy,Y,Y,
1669417002,SAN RX INC,801 NOSTRAND AVE,,BROOKLYN,NY,112251507,7189534548,PRESIDENT,333600000X|3336C0003X,tier_1_primary_pharmacy,Y,Y,
1487699823,AVS RX INC,828 NOSTRAND AVE,,BROOKLYN,NY,112164403,7184938833,PRESIDENT,333600000X|3336C0003X,tier_1_primary_pharmacy,Y,Y,
1295770634,VINH HOA LONG CENTRE PHARMACY,87 AVENUE O,,BROOKLYN,NY,112046542,7182327766,OWNER,333600000X|3336C0003X,tier_1_primary_pharmacy,Y,Y,
1477598563,JMC PHARMACY INC,3875 BROADWAY UNIT A,,NEW YORK,NY,100321567,2127954909,PRESIDENT,3336C0004X|333600000X|3336C0003X,tier_1_primary_pharmacy,Y,Y,
1679518781,JAC PHARMACY INC,9315 ROOSEVELT AVE,,JACKSON HEIGHTS,NY,113727943,7184786863,LEGAL,3336C0003X|333600000X,tier_1_primary_pharmacy,Y,Y,
1306882220,ROCKLAND PHARMACY INC.,24-27 ORCHARD ST,STE 111,MONSEY,NY,10952,8453563045,PRESIDENT,333600000X|3336C0003X,tier_1_primary_pharmacy,Y,Y,
1215973136,KIRYAS JOEL PHARMACY INC,51 FOREST RD STE 211,,MONROE,NY,109502936,8457835787,PIC,333600000X|3336C0003X,tier_1_primary_pharmacy,Y,Y,
1821033994,FEIN'S ETHICAL PHARMACY CORP.,3586 BROADWAY,,NEW YORK,NY,100313201,2128623315,OWNER,3336C0003X,tier_1_primary_pharmacy,Y,Y,
1649216532,JAY AKAY RX CORP,820 WYCKOFF AVE,,BROOKLYN,NY,112376005,7184563156,PRESIDENT,3336C0004X|3336S0011X|333600000X|3336H0001X|3336C0003X,tier_1_primary_pharmacy,Y,Y,
1508802455,HUDSON PHARMACY & SURGICAL SUPPLIES INC,40 SPRING ST,,OSSINING,NY,105624716,9149414476,OWNER,3336C0003X,tier_1_primary_pharmacy,Y,Y,
1891731758,"A FAIR DEAL PHARMACY, INC.",849 BROADWAY,,BROOKLYN,NY,112067303,7184522275,PRESIDENT,3336C0003X,tier_1_primary_pharmacy,Y,Y,
1689610131,USS RX INC,13407 LIBERTY AVE,,SOUTH RICHMOND HILL,NY,114192354,7182060716,OWNER SUVP PHRM,333600000X|3336C0003X,tier_1_primary_pharmacy,Y,Y,
1033155585,CLINTWOOD APOTHECARY LLC,343 CLINTON ST,,BINGHAMTON,NY,139052017,6077296972,MEMBER / PRESIDENT,333600000X|3336L0003X,tier_1_primary_pharmacy,Y,Y,
1851337307,VANCO PHARMACY INC,30 VANDERBILT MOTOR PKWY,,COMMACK,NY,117255410,6314991111,OWNER,333600000X|3336C0003X,tier_1_primary_pharmacy,Y,Y,
1740226109,KINGS DRUG & SURGICAL CORP,492 CLARKSON AVE,,BROOKLYN,NY,112032013,7183633300,PRESIDENT,333600000X|3336C0003X,tier_1_primary_pharmacy,Y,Y,
1831135219,MAXI-CARE PHARMACY INC,1645 BEDFORD AVE,,BROOKLYN,NY,112252009,7187740060,PRESIDENT,333600000X|3336C0003X,tier_1_primary_pharmacy,Y,Y,
1740226125,ELIZABETH PHARMACY INC,13231 41ST AVE,FLOOR 1,FLUSHING,NY,113553627,7183535948,OWNER SUPERVISING PHARMACIST,333600000X|3336C0003X,tier_1_primary_pharmacy,Y,Y,
1568408946,1756 PHARMACY INC,1756 3RD AVE,,NEW YORK,NY,100296810,2124105029,OWNER,333600000X|3336C0003X,tier_1_primary_pharmacy,Y,Y,
1548296726,NICHOLAS AVE PHARMACY INC,179 SAINT NICHOLAS AVE,,BROOKLYN,NY,112374441,7184561795,OWNER,333600000X|3336C0003X,tier_1_primary_pharmacy,Y,Y,
1366478547,CEDARS PHARMACY,9519 57TH AVE,,ELMHURST,NY,113734616,7182719429,PHARMACIST,333600000X|3336C0003X,tier_1_primary_pharmacy,Y,Y,
1275569451,UNITED PHARMACY LLC,5539 BROADWAY,,BRONX,NY,104635217,7188842500,"OWNER,AO",333600000X|3336C0003X,tier_1_primary_pharmacy,Y,Y,
1184650368,GERARD PHARMACY INC,903 GERARD AVE,,BRONX,NY,104529405,7182932285,OWNER,333600000X|3336C0003X,tier_1_primary_pharmacy,Y,Y,
1710913447,PINE BUSH PHARMACY INC,2412 RT 52 VALLEY SUPREME PLAZA,,PINE BUSH,NY,12566,8457444221,OWNER,333600000X|3336C0003X,tier_1_primary_pharmacy,Y,Y,
1629004353,LEMED PHARMACY III LLC,2417 3RD AVE STE 406,,BRONX,NY,104516340,3479134656,CEO,3336S0011X|333600000X|3336C0003X,tier_1_primary_pharmacy,Y,Y,
1730115445,GENOVESE DRUG STORES INC,729 SUNRISE HIGHWAY,,WEST BABYLON,NY,117046004,6318935740,MANAGER OL ADJUDICATION,3336C0003X,tier_1_primary_pharmacy,Y,Y,
1922034644,NORTHSIDE PHARMACY CORP,559 DRIGGS AVE,,BROOKLYN,NY,112112911,7183876566,RPH,333600000X|3336C0003X,tier_1_primary_pharmacy,Y,Y,
1497781165,MEGHA PHARMACY INC.,23 S MAIN ST,,FREEPORT,NY,115203603,5166232222,PHARMACIST,3336C0003X,tier_1_primary_pharmacy,Y,Y,
1669408951,CANAAN PHARMACY INC.,6914 5TH AVE,,BROOKLYN,NY,112091507,7187794523,DIRECTOR,3336C0003X,tier_1_primary_pharmacy,Y,Y,
1083640411,MORALES PHARMACY INC.,1412A JEROME AVE,,BRONX,NY,104523306,7182935832,PHARMACIST-IN-CHARGE,3336C0003X,tier_1_primary_pharmacy,Y,Y,
1366479636,GENOVESE DRUG STORES INC,21B KNOLLS CRESCENT,,BRONX,NY,104636301,7184323030,MNGR OL ADJDUICATION,3336C0003X,tier_1_primary_pharmacy,Y,Y,
1609804269,STONY BROOK PHARMACY,2500 NESCONSET HWY,STE 3 A,STONY BROOK,NY,117902555,6317514477,OWNER,333600000X|3336C0003X,tier_1_primary_pharmacy,Y,Y,
1447288030,HILL RX CORP.,9216 4TH AVENUE,,BROOKLYN,NY,11209,7187455100,PRESIDENT,3336C0003X,tier_1_primary_pharmacy,Y,Y,
1669401741,SREEPATHI PHARMACY INC,13402 JAMAICA AVE,,RICHMOND HILL,NY,11418,7182064653,OWNER,333600000X|3336C0004X|3336C0003X,tier_1_primary_pharmacy,Y,Y,
1598794687,TONE PHARMACY MANAGEMENT INC,2268 GRAND CONCOURSE,TONE PHARMACY MANAGEMENT INC,BRONX,NY,10457,7185628100,PRESIDENT,333600000X,tier_1_primary_pharmacy,Y,Y,
1952330961,FARIS PHARMACY INC,2050 LATTA ROAD,,ROCHESTER,NY,14612,5856636950,PRESIDENT,3336C0003X,tier_1_primary_pharmacy,Y,Y,
1598794471,F & D PHARMACY INC,5504 13TH AVE,,BROOKLYN,NY,11219,7184366088,SUPERVISING PHARMACIST,3336L0003X|3336C0003X,tier_1_primary_pharmacy,Y,Y,
1467481374,"OSWEGO VALLEY PHARMACY, INC.",464 MAIN ST,,PHOENIX,NY,131352243,3156954200,PRESIDENT,3336C0003X,tier_1_primary_pharmacy,Y,Y,
1962431510,KIOSK PHARMACY INC,4101 KISSENA BLVD,,FLUSHING,NY,113553138,7184632261,PRESIDENT,3336C0003X,tier_1_primary_pharmacy,Y,Y,
1114957271,GENOVESE DRUG STORES INC,47 EAST PROSPECT AVENUE,,MOUNT VERNON,NY,105502225,9146670400,MANAGER OL ADJUDICATION,3336C0003X,tier_1_primary_pharmacy,Y,Y,
1891725966,GENOVESE DRUG STORES INC,193-01 NORTHERN BOULEVARD,,AUBURNDALE,NY,11358,7183572050,MNGR OL ADJUDICATION,3336C0003X,tier_1_primary_pharmacy,Y,Y,
1023048006,GENOVESE DRUG STORES INC,400 SUNRISE HIGHWAY,,LYNBROOK,NY,115633023,5165934180,MNGR OL ADJUDICATION,3336C0003X,tier_1_primary_pharmacy,Y,Y,
1639109614,GENOVESE DRUG STORES INC,1825 BRENTWOOD ROAD,,BRENTWOOD,NY,117174625,6319527752,MANAGEROL ADJUDICATION,3336C0003X,tier_1_primary_pharmacy,Y,Y,
1013947183,GENOVESE DRUG STORES INC,403 WILLIAM FLOYD PARKWAY,,SHIRLEY,NY,119673473,6313990700,MANAGER OL ADJUDICATION,3336C0003X,tier_1_primary_pharmacy,Y,Y,
1760412779,GENOVESE DRUG STORES INC,33-37 HICKSVILLE ROAD,,MASSAPEQUA,NY,11758,5167957211,MANAGERONLINE ADJUDICATION,3336C0003X,tier_1_primary_pharmacy,Y,Y,
1548290554,GENOVESE DRUG STORES INC,328 MAIN STREET,,EAST ISLIP,NY,11730,6312774279,MANAGER OL ADJUDICATION,3336C0003X,tier_1_primary_pharmacy,Y,Y,
1255361275,GENOVESE DRUG STORES INC,695 EAST JERICHO TURNPIKE,,HUNTINGTON STATION,NY,11746,6314256210,MNGR OL ADJUDICATION,3336C0003X,tier_1_primary_pharmacy,Y,Y,
1467482489,PARUL PHARMACY INC,48 LOWELL AVE,,ISLIP TERRACE,NY,117521415,6315814285,PHARMACIST,3336C0003X,tier_1_primary_pharmacy,Y,Y,
1609806728,GENOVESE DRUG STORES INC,101 MAIN STREET,,SAYVILLE,NY,117822542,6312186880,MANAGER OL ADJUDICATION,3336C0003X,tier_1_primary_pharmacy,Y,Y,
1104856228,GENOVESE DRUG STORES INC,32-14 31ST STREET,,ASTORIA,NY,11106,7187289081,MANAGER OL ADJUDICATION,3336C0003X,tier_1_primary_pharmacy,Y,Y,
1184654220,GENOVESE DRUG STORES INC,901 MERRICK ROAD,,COPIAGUE,NY,11726,6318428096,MNGR OL ADJUDICATION,3336C0003X,tier_1_primary_pharmacy,Y,Y,
1588694483,P & S PHARMACY LLC,2930 ROUTE 209,,WURTSBORO,NY,12790,8458882614,OWNER,333600000X|3336C0003X,tier_1_primary_pharmacy,Y,Y,
1396777918,USHA PHARMACY INC,2120 DEER PARK AVE,,DEER PARK,NY,117291306,6315860045,PHARMACIST,333600000X|3336C0003X,tier_1_primary_pharmacy,Y,Y,
1639101470,RECETAS PHARMACY INC,112 E 183RD ST,,BRONX,NY,104531237,7187339330,PRESIDENT,333600000X|3336C0003X,tier_1_primary_pharmacy,Y,Y,
1346272846,BAY-CARE PHARMACY LLC,8515 BAY PKWY,,BROOKLYN,NY,112144103,7182666160,PARTNER,333600000X,tier_1_primary_pharmacy,Y,Y,
1508898834,LERDS PHARMACY INC,1601 GRAVESEND NECK RD,,BROOKLYN,NY,112294426,7183325330,OWNER PIC,333600000X|3336C0003X,tier_1_primary_pharmacy,Y,Y,
1477586220,TLS PHARMACY CORP,26 CENTRAL AVE,,HAUPPAUGE,NY,117884734,6313033088,PRESIDENT,333600000X|3336L0003X,tier_1_primary_pharmacy,Y,Y,
1417989534,REDA PHARMACY LTD,811 CHESTNUT RIDGE RD,THE BARN STORE G,CHESTNUT RIDGE,NY,109776330,8454258787,OWNER,3336C0003X,tier_1_primary_pharmacy,Y,Y,
1336172030,MALCOLM X PHARMACY CORP,523 LENOX AVE,,NEW YORK,NY,100371808,2122817408,PHARMACIST-IN-CHARGE,333600000X|3336C0003X,tier_1_primary_pharmacy,Y,Y,
1013940659,LUCKY PHARMACY INC.,9006 37TH AVE,,JACKSON HEIGHTS,NY,113727918,7184784877,PRESIDENT,3336C0003X,tier_1_primary_pharmacy,Y,Y,
1972536456,133RD STREET PHARMACY INC,1473 AMSTERDAM AVE,,NEW YORK,NY,100277472,2124914911,SUP PHARMACIST,333600000X|3336C0003X,tier_1_primary_pharmacy,Y,Y,
1730112400,"METCARE RX SCHENECTADY PHARMACEUTICAL SERVICES, LLC",1044 STATE ST,,SCHENECTADY,NY,123071508,5183701441,SENIOR VP CORPORATE REVENUE,3336C0003X,tier_1_primary_pharmacy,Y,Y,
1982637666,SANTA FE PHARMACY INC,8831 37TH AVE,,JACKSON HEIGHTS,NY,113727736,7186517400,SUPERVISING PHARMACIST,3336C0003X,tier_1_primary_pharmacy,Y,Y,
1255364824,"METCARE RX MCP PHARMACEUTICAL SERVICES, LLC",111 E 210TH ST,,BRONX,NY,104672401,7186544305,SENIOR VP CORPORATE REVENUE,3336C0003X,tier_1_primary_pharmacy,Y,Y,
1861425431,"METCARE RX ECMC PHARMACEUTICAL SERVICES, LLC",480 GENESEE ST,,ROCHESTER,NY,146113634,5852352370,SENIOR VP CORPORATE REVENUE,3336C0003X,tier_1_primary_pharmacy,Y,Y,
1053344291,AR & MR PHARMACY INC,1942 86TH ST,,BROOKLYN,NY,112143135,7182342500,SUPERVISING PHARMACIST,3336C0003X,tier_1_primary_pharmacy,Y,Y,
1851324131,VALUEPLUS PHARMACY INC,485 TUCKAHOE RD,,YONKERS,NY,107105707,9149611185,PRESIDENT,3336C0003X,tier_1_primary_pharmacy,Y,Y,
1447283494,POSITIVE CARE PHARMACY INC,502A E TREMONT AVE,,BRONX,NY,104574514,7185830030,PRESIDENT,3336C0003X,tier_1_primary_pharmacy,Y,Y,
1588697692,GAMER PHARMACY INC,6725 BAY PKWY,,BROOKLYN,NY,112044735,7188370600,VP,333600000X|3336C0003X,tier_1_primary_pharmacy,Y,Y,
1407880479,PANCARE PHARMACY INC,22 BOWERY,,NEW YORK,NY,100135102,2122402312,PRESIDENT,333600000X|3336C0003X,tier_1_primary_pharmacy,Y,Y,
1316971856,ELLICOTTVILLE PHARMACY INC,6133 ROUTE 219 S,STE 1004,ELLICOTTVILLE,NY,147319613,7166992300,PRESIDENT,333600000X|3336L0003X|3336M0003X|3336C0003X,tier_1_primary_pharmacy,Y,Y,
1982638672,DRUGS R US PHARMACY INC,1963 GRAND CONCOURSE,,BRONX,NY,104534994,7182994400,OWNER,333600000X|3336C0003X,tier_1_primary_pharmacy,Y,Y,
1902830516,TLC HEALTH NETWORK OUTPATIENT PHARMACY,845 ROUTES 5 & 20,,IRVING,NY,14081,7169517260,DIRECTOR OF PHARMACY,3336C0003X|3336I0012X|3336L0003X,tier_1_primary_pharmacy,Y,Y,
1871528885,HEALTHWAY PHARMACY LLC,2832 LINDEN BLVD,,BROOKLYN,NY,11208,7189641130,PHARMACIST,3336C0003X,tier_1_primary_pharmacy,Y,Y,
1184658353,GEROULD'S PROFESSIONAL PHARMACY INC.,130 S MAIN ST,,ELMIRA,NY,149041309,6077320597,VP,3336C0003X,tier_1_primary_pharmacy,Y,Y,
1528092798,GEROULD'S PROFESSIONAL PHARMACY INC.,215 HOFFMAN ST,,ELMIRA,NY,149052423,6077320597,VP,3336C0003X,tier_1_primary_pharmacy,Y,Y,
1972537140,GEROULD'S PROFESSIONAL PHARMACY INC.,2887 WESTINGHOUSE RD,,HORSEHEADS,NY,148458110,6077320597,VP,3336C0003X,tier_1_primary_pharmacy,Y,Y,
1124053418,S B V PHARMACY CORP,217 E 106TH ST,,NEW YORK,NY,100294005,2125341939,PRESIDENT,3336C0003X,tier_1_primary_pharmacy,Y,Y,
1245265768,SPRINGFIELD PHARMACY INC,9037 SPRINGFIELD BLVD,,QUEENS VILLAGE,NY,114281352,7184644844,PRESIDENT AND MAJORITY HOLDER,333600000X|3336C0003X,tier_1_primary_pharmacy,Y,Y,
1760417083,MERMAID PHARMACY INC,2109 MERMAID AVE,,BROOKLYN,NY,11224,7189461084,OWNER,333600000X,tier_1_primary_pharmacy,Y,Y,
1861427007,FRISCIA PHARMACY INC,1505 MERMAID AVE,,BROOKLYN,NY,112242617,7183739600,OWNER AND PHARMACIST,333600000X|3336C0003X,tier_1_primary_pharmacy,Y,Y,
1437184991,ATLURI PHARMACY INC.,3977 LACONIA AVE,,BRONX,NY,104664916,7187986262,PHARMACIST,3336C0003X,tier_1_primary_pharmacy,Y,Y,
1932134509,VLV MED PHARMACY INC,4085 BROADWAY,,NEW YORK,NY,100321532,2129237530,PRESIDENT,333600000X,tier_1_primary_pharmacy,Y,Y,
1811922388,"VVV RX INC,",112 DEKALB AVE,,BROOKLYN,NY,112015429,7182500060,AUTHORIZED OFFICIAL,333600000X|3336C0003X,tier_1_primary_pharmacy,Y,Y,
1114942968,ASTORIA PHARMACY INC,14805 HILLSIDE AVE,,JAMAICA,NY,114353330,7182783772,PRESIDNET,3336C0003X,tier_1_primary_pharmacy,Y,Y,
1114942976,RICHMOND HILL PHARMACY,10501 JAMAICA AVE,,RICHMOND HILL,NY,114182014,7188462112,SUPERVISING  PHARMACIST,3336C0003X,tier_1_primary_pharmacy,Y,Y,
1306862149,SHOPONLINE PHARMACY INC,6126 COOPER AVE,,GLENDALE,NY,113856115,7184974121,SUPERVISING PHARMACIST,3336C0003X,tier_1_primary_pharmacy,Y,Y,
1366468217,HEALTH TREASURES PHARMACY INC,8512 20TH AVE,,BROOKLYN,NY,112143202,7183330395,PRESIDENT,3336C0003X,tier_1_primary_pharmacy,Y,Y,
1548286404,PALMER PHARMACY INC,7115 N MAIN ST,,OVID,NY,14521,6078695033,OWNER CEO,3336C0003X|333600000X,tier_1_primary_pharmacy,Y,Y,
1093732976,GRACE PHARMACY LTD.,491 S BROADWAY,,YONKERS,NY,107053252,9149633911,OWNER,333600000X,tier_1_primary_pharmacy,Y,Y,
1689691578,PEEKSKILL PHARMACY INC,950 MAIN ST,,PEEKSKILL,NY,105662904,9147373076,PRESIDENT,333600000X|3336C0003X,tier_1_primary_pharmacy,Y,Y,
1689691347,DRUG MART CORP,1959 WESTCHESTER AVE,,BRONX,NY,104624505,7188243745,PRESIDENT,3336C0003X,tier_1_primary_pharmacy,Y,Y,
1093732513,86TH STREET COMMUNITY PHARMACY CORP.,2789 86TH ST,,BROOKLYN,NY,112234433,7182662137,OWNER/PRESIDENT,3336C0003X,tier_1_primary_pharmacy,Y,Y,
1407873136,B & P PHARMACY INC,811 SOUTHERN BLVD,,BRONX,NY,104595202,7185423328,PRESIDENT,3336C0003X,tier_1_primary_pharmacy,Y,Y,
1942227673,PD PHARMACY LLC,898 E 163RD ST,,BRONX,NY,104594108,7183786800,CHIEF PHARMACIST,3336C0003X,tier_1_primary_pharmacy,Y,Y,
1003833740,PALMA PHARMACY LTD,159 - 7TH AVENUE,,BROOKLYN,NY,112152202,7186389617,SUPERVISING PHARMAIST,3336C0003X,tier_1_primary_pharmacy,Y,Y,
1699793216,FAMILY PHARMACY INC,67 02 MYRTLE AVE,,GLENDALE,NY,11385,7188213330,VP AND SUPERVISING PHCST,333600000X|3336C0003X,tier_1_primary_pharmacy,Y,Y,
1023037256,SMK PHARMACY CORP,8702 ROCKAWAY BEACH BLVD,,ROCKAWAY BEACH,NY,116931610,7184741600,PRESIDENT,333600000X|3336C0003X,tier_1_primary_pharmacy,Y,Y,
1356360515,SANA PHARMACY INC,236 BUSHWICK AVE,,BROOKLYN,NY,112062711,7184179031,PRESIDENT,3336C0003X,tier_1_primary_pharmacy,Y,Y,
1215957709,HAMILTON PHARMACY INC.,3293 BROADWAY,,NEW YORK,NY,100277909,2122810488,"CEO, R.PH",3336C0003X,tier_1_primary_pharmacy,Y,Y,
1407876311,SHERMAN PHARMACY,105 WEST MAIN STREET,,SHERMAN,NY,14781,7167616876,OWNER,3336C0003X,tier_1_primary_pharmacy,Y,Y,
1922028786,UMA PHARMACY CORP,446 AVENUE OF THE AMERICAS,,NEW YORK,NY,100118424,2124770762,PRESIDENT,3336C0003X,tier_1_primary_pharmacy,Y,Y,
1265452056,HEALTH CENTER PHARMACY INC,6200 BEACH CHANNEL DR,,ARVERNE,NY,116921409,7189452400,MANAGER,333600000X|3336C0003X,tier_1_primary_pharmacy,Y,Y,
1043230832,"QUICKAID PHARMACY, INC.",3814 13TH AVE,,BROOKLYN,NY,112183604,7188547722,PHARMACIST,3336C0003X,tier_1_primary_pharmacy,Y,Y,
1790706489,S & J PHARMACY CORP,3921 BROADWAY,,NEW YORK,NY,100321538,2129286342,PRESIDENT,333600000X|3336C0003X,tier_1_primary_pharmacy,Y,Y,
1366463952,"HALCO PHARMACY,INC",167 HAVEMEYER ST,,BROOKLYN,NY,112115467,7183842387,PRESIDENT,3336C0003X,tier_1_primary_pharmacy,Y,Y,
1184645137,DVS PHARMACY INC,460 MAMARONECK AVE,,WHITE PLAINS,NY,106051802,9149481900,VP,333600000X|3336C0003X,tier_1_primary_pharmacy,Y,Y,
1801817853,HILLCREST PHARMACY LLC,1 HILLCREST CTR,STE 110,SPRING VALLEY,NY,109773740,8453567300,PRESIDENT,333600000X|3336C0003X,tier_1_primary_pharmacy,Y,Y,
1710908769,JAIN PHARMACY INC,1570 WESTCHESTER AVE,,BRONX,NY,104722913,7185423335,OWNER,3336C0003X,tier_1_primary_pharmacy,Y,Y,
1629099676,PROFESSIONAL PHARMACY INC,1717 BLACK RIVER BLVD N,,ROME,NY,134402425,3153390648,PRESIDENT,3336C0003X,tier_1_primary_pharmacy,Y,Y,
1447271499,X I P PHARMACY INC,21 34 BROADWAY,,ASTORIA,NY,111064598,7182046565,PHCY SUP,333600000X|3336C0003X,tier_1_primary_pharmacy,Y,Y,
1588685549,STEEDS PHARMACY LLC,1141 BROADWAY ST,STE 8,ELMIRA,NY,149042542,6077322006,OWNER,333600000X|3336C0003X,tier_1_primary_pharmacy,Y,Y,
1396766358,HAAS PHARMACY INC,62 ORANGE TPKE,,SLOATSBURG,NY,109742317,8457539675,OWNER,3336C0003X,tier_1_primary_pharmacy,Y,Y,
1932120995,ACJ PHARMACY CORP.,44 45A KISSENA BLVD,,FLUSHING,NY,113553055,7188866200,PRESIDENT,333600000X|3336I0012X|3336L0003X|3336C0003X,tier_1_primary_pharmacy,Y,Y,
1134140106,TOWN DRUG AT BROADWAY INC,4764 BROADWAY,,NEW YORK,NY,100344916,2123049582,VP,333600000X|3336S0011X|3336C0003X,tier_1_primary_pharmacy,Y,Y,
1043231012,WORLD PHARMACY INC,1581 WATSON AVE,,BRONX,NY,104725313,7183783530,PRESIDENT,3336C0003X,tier_1_primary_pharmacy,Y,Y,
1952322927,KOBLINS PHARMACY INC,96 MAIN ST,,NYACK,NY,109603110,8453580688,PRESIDENT,333600000X|3336C0003X,tier_1_primary_pharmacy,Y,Y,
1861413833,1225 FULTON AVENUE PHARMACY INC,1967 WESTCHESTER AVE,,BRONX,NY,10462,3476913484,CEO/PRESIDENT,333600000X|3336C0003X,tier_1_primary_pharmacy,Y,Y,
1346261310,PRINCE BAY PHARMACY,59 SEGUINE AVE,,STATEN ISLAND,NY,103093722,7189842113,OWNER PHARMACIST,3336C0003X,tier_1_primary_pharmacy,Y,Y,
1811918840,PEOPLE CHOICE PHARMACY INC,527 GRAND ST,,NEW YORK,NY,100024103,2123880888,"VP,",333600000X|3336C0004X|3336C0003X,tier_1_primary_pharmacy,Y,Y,
1073534988,K & F DRUG CORP.,4116 MAIN ST,,FLUSHING,NY,113553133,7188861031,PRESIDENT,3336C0003X,tier_1_primary_pharmacy,Y,Y,
1578584496,K & F DRUG CORP.,1507 COLLEGE POINT BLVD,,COLLEGE POINT,NY,113562209,7183591929,PRESIDENT,3336C0003X,tier_1_primary_pharmacy,Y,Y,
1184646028,HAMBURG PHARMACY INC,206 LAKE ST,,HAMBURG,NY,140754471,7166463147,OWNER,333600000X|3336C0003X,tier_1_primary_pharmacy,Y,Y,
1639191505,CONEY ISLAND PHARMACY INC,2913 SURF AVE,,BROOKLYN,NY,112241705,7183725300,PRESIDENT,333600000X|3336C0003X,tier_1_primary_pharmacy,Y,Y,
1699797605,GS PHARMACY LLC,1932 NORSTRAND AVE,,BROOKLYN,NY,11210,7184214068,PHARMACIST,333600000X|3336C0003X,tier_1_primary_pharmacy,Y,Y,
1538182498,ROR MADISON PHARMACY INC,1636 MADISON AVE,,NEW YORK,NY,100293543,2123690700,SUPERVISING PHARMACIST,333600000X|3336S0011X|3336C0003X,tier_1_primary_pharmacy,Y,Y,
1629091392,R & A PHARMACY INC.,1773 UNIVERSITY AVE,(AKA 1773 DR MARTIN LUTHER KING BLVED),BRONX,NY,10453,7185835900,PRESIDENT,3336C0003X,tier_1_primary_pharmacy,Y,Y,
1285657452,DOUGHERTY PHARMACY INC.,14 E MAIN ST BOX 237,,MORRISVILLE,NY,13408,3156843171,PRESIDENT,3336C0003X,tier_1_primary_pharmacy,Y,Y,
1114940327,R & S PHARMACY INC.,137-61 QUEENS BLVD,,JAMAICA,NY,11435,7187399099,PRESIDENT,3336C0003X,tier_1_primary_pharmacy,Y,Y,
1114941721,AUDUBON PHARMACY INC,85 AUDUBON AVE,,NEW YORK,NY,100322261,2125432937,PRESIDENT,3336C0003X,tier_1_primary_pharmacy,Y,Y,
1679597223,"HEALTH WORLD NEIGHBORHHOD PHARMACY, LLC",1791 MADISON AVE,,NEW YORK,NY,100354537,2123605812,OFFICER,3336C0003X,tier_1_primary_pharmacy,Y,Y,
1033133558,NEW AMSTERDAM DRUG MART INC,698 AMSTERDAM AVE,,NEW YORK,NY,100256902,2128659700,PRESIDENT,333600000X|3336C0003X,tier_1_primary_pharmacy,Y,Y,
1881608032,RX EXPRESS PRESCRIPTION SERVICES INC.,1842 E JERICHO TPKE,,HUNTINGTON,NY,117435796,6314622233,PRESIDENT,3336C0003X,tier_1_primary_pharmacy,Y,Y,
1184638181,LEONARD PARK PHARMACY INC,454 E MAIN ST,,MOUNT KISCO,NY,105493434,9146668941,OWNER,3336C0003X,tier_1_primary_pharmacy,Y,Y,
1255345005,OLD COUNTRY PHARMACY INC,10 HONEY LOCUST CT,,DIX HILLS,NY,117466253,5165510775,OWNER/PRESIDENT,3336C0003X,tier_1_primary_pharmacy,Y,Y,
1356355176,K & F DRUG CORP.,4115 KISSENA BLVD,,FLUSHING,NY,113553138,7188880893,PRESIDENT,3336C0003X,tier_1_primary_pharmacy,Y,Y,
1124032545,GAYATRI PHARMACY INC,2465 UNIVERSITY AVE,,BRONX,NY,104685602,7182204253,V.P SUPERVISING PHARMACIST,3336C0003X,tier_1_primary_pharmacy,Y,Y,
1831103126,"LEWISTON APOTHECARY, LLC",400 PLAIN ST,,LEWISTON,NY,140921627,7167544500,MANAGING MEMBER,3336C0003X,tier_1_primary_pharmacy,Y,Y,
1023022381,DREZEN'S PHARMACY INC.,774 ALLERTON AVE,,BRONX,NY,104678910,7186521363,PRESIDENT,3336C0003X,tier_1_primary_pharmacy,Y,Y,
1881609428,31ST & 3RD PHARMACY INC,1860 WALT WHITMAN RD STE 700,,MELVILLE,NY,117473098,5168226300,CHIEF FINANCIAL OFFICER,333600000X|3336C0003X|3336S0011X,tier_1_primary_pharmacy,Y,Y,
1417962051,DRUG RITE II PHARMACY CORP,3432 JEROME AVE,,BRONX,NY,104671002,7182311600,PRES,3336C0003X,tier_1_primary_pharmacy,Y,Y,
1235144874,HEALTHONE PHARMACY INC,119 PENNSYLVANIA AVE,,BROOKLYN,NY,112072428,7184959015,PRESIDENT,333600000X|3336C0003X,tier_1_primary_pharmacy,Y,Y,
1144235789,T M PHARMACY INC,THE BAILEY COURT 336 ROUTE 202,"BLDG B, FIRST FLOOR",SOMERS,NY,105893220,9142762121,OWNER,333600000X|3336C0003X,tier_1_primary_pharmacy,Y,Y,
1053326694,THRIFTWAY BEEKMAN PHARMACY,19 BEEKMAN ST,,NEW YORK,NY,100381522,2127661942,MANAGER,333600000X|3336C0003X,tier_1_primary_pharmacy,Y,Y,
1962417501,ASTOR PHARMACY CORP,35 18 DITMARS BLVD,,ASTORIA,NY,111052107,7189329800,PRESIDENT/OWNER,333600000X|3336C0003X,tier_1_primary_pharmacy,Y,Y,
1588679120,NEW HYDE PARK PHARMACY INC,749 HILLSIDE AVE,,NEW HYDE PARK,NY,110402515,5163543545,OWNER,3336C0003X,tier_1_primary_pharmacy,Y,Y,
1821003476,18TH AVENUE DRUG STORE INC,8110 18TH AVE,,BROOKLYN,NY,112142201,7182325566,OWNER/SEC,3336C0003X,tier_1_primary_pharmacy,Y,Y,
1558376103,FRANCO PHARMACY CORP,77 01 37TH AVENUE,,JACKSON HEIGHTS,NY,11372,7188992600,OWNER,333600000X|3336C0003X,tier_1_primary_pharmacy,Y,Y,
1154336709,RX CHOICE PHARMACY INC,1908 AVENUE U,,BROOKLYN,NY,112293906,7183681190,SUPERVISING MANAGER,3336C0003X,tier_1_primary_pharmacy,Y,Y,
1063427615,GENERAL CARE PHARMACY INC,159 E BROADWAY,,NEW YORK,NY,100026301,2122277262,VICE PRESIDENT,333600000X|3336C0003X,tier_1_primary_pharmacy,Y,Y,
1780699462,"MED RX PHARMACY, INC",9727 QUEENS BLVD,,REGO PARK,NY,113742103,7188978500,SUPERVISING PHARMACIST,3336C0003X,tier_1_primary_pharmacy,Y,Y,
1396750089,O&K PHARMACY,7248 MAIN ST,,FLUSHING,NY,113672408,7185448500,OWNER,3336C0003X,tier_1_primary_pharmacy,Y,Y,
1841205598,LEVINS PHARMACY INC,364 LONG BEACH RD,,OCEANSIDE,NY,115722230,5167662288,PRESIDENT / OWNER,333600000X|3336C0003X,tier_1_primary_pharmacy,Y,Y,
1114932704,NIAGARA APOTHECARY INC.,8745 NIAGARA FALLS BLVD.,,NIAGARA FALLS,NY,143041933,7162973530,OWNER/PHARMACIST,3336C0003X,tier_1_primary_pharmacy,Y,Y,
1518972108,PARKWAY RX CORP,7124 BAY PKWY,,BROOKLYN,NY,112046016,7182363274,TREASURER,3336C0003X,tier_1_primary_pharmacy,Y,Y,
1245245836,I & O PHARMACY CORP,669 MANHATTAN AVE,,BROOKLYN,NY,112223113,7183496696,PRESIDENT,333600000X|3336C0004X|3336C0003X,tier_1_primary_pharmacy,Y,Y,
1063427656,SUMMIT PARK PHARMACY INC,2578 NIAGARA FALLS BLVD,SUITE 100,NIAGARA FALLS,NY,143044681,7162977151,SUPERVISING PHARMACIST,3336C0003X|333600000X,tier_1_primary_pharmacy,Y,Y,
1740295344,FAMILY DRUG STORE,524 BROADWAY,,MONTICELLO,NY,127011154,8457942345,OWNER,333600000X|3336C0003X,tier_1_primary_pharmacy,Y,Y,
1659386258,DERIS PHARMACY INC,4748 BELL BLVD,,BAYSIDE,NY,113613334,7182292344,PRESIDENT,333600000X|3336C0003X,tier_1_primary_pharmacy,Y,Y,
1477568079,LENOX TERRACE PHARMACY INC,20 W 135TH ST,,NEW YORK,NY,100372534,2122342050,PRESIDENT,3336L0003X|333600000X|3336C0003X,tier_1_primary_pharmacy,Y,Y,
1851306468,MARINO PHARMACY INC,167 WYCKOFF AVE,,BROOKLYN,NY,112374303,7184973104,OWNER,333600000X|3336C0004X|3336C0003X,tier_1_primary_pharmacy,Y,Y,
1679588289,MANHASSET PARK DRUG CORP,290 PLANDOME RD,,MANHASSET,NY,110302327,5168690101,OWNER,333600000X|3336C0003X,tier_1_primary_pharmacy,Y,Y,
1588679195,NU-EDGE PHARMACY INC,7707 5TH AVE,,BROOKLYN,NY,112093311,7187484082,PRESIDENT,333600000X|3336C0003X,tier_1_primary_pharmacy,Y,Y,
1396750907,LYDIG AVENUE PHARMACY CORP,742 LYDIG AVE,,BRONX,NY,104622104,7186788700,PHARMACIST,3336C0003X|333600000X,tier_1_primary_pharmacy,Y,Y,
1205841814,GARFIELD PHARMACY OF MERRICK INC,1760 MERRICK AVE,,MERRICK,NY,115662728,5163785521,PRESIDENT/OWNER,333600000X|3336C0003X,tier_1_primary_pharmacy,Y,Y,
1023023637,HEALTHSOURCE PHARMACY III INC,235 E 57TH ST,,NEW YORK,NY,100222842,2123100111,PRESIDENT,333600000X|3336S0011X|3336C0003X,tier_1_primary_pharmacy,Y,Y,
1932114543,BRITE PHARMACY INC,8319 37TH AVE,,JACKSON HEIGHTS,NY,113727320,7184241101,OWNER PRESIDENT,333600000X|3336C0003X,tier_1_primary_pharmacy,Y,Y,
1841205457,EZ PHARMACY INC,3716 3RD AVE,,BRONX,NY,104562103,7189921204,PRESIDENT,333600000X|3336C0003X,tier_1_primary_pharmacy,Y,Y,
1063427680,MGE PHARMACY INC,1785 DUTCH BROADWAY,,ELMONT,NY,110035044,5168253177,PRESIDENT PHARM,333600000X|3336C0003X,tier_1_primary_pharmacy,Y,Y,
1972518595,2818 FULTON STREET PHARMACY INC,2818 FULTON ST,,BROOKLYN,NY,112072608,7182356394,BOOKKEEPER,333600000X|3336C0003X,tier_1_primary_pharmacy,Y,Y,
1881609402,COLOMBOS PHARMACY LLC,75 51 METROPOLITAN AVE,,MIDDLE VILLAGE,NY,11379,7184189700,OWNER,333600000X|3336C0003X,tier_1_primary_pharmacy,Y,Y,
1699780213,FORDHAM PLAZA PHARMACY INC,2515 WEBSTER AVE,,BRONX,NY,104585583,7183658148,PRESIDENT,333600000X|3336C0003X,tier_1_primary_pharmacy,Y,Y,
1508871120,CARNEGIE PHARMACY INC,1842 2ND AVE,,NEW YORK,NY,101283862,2129879400,PHARMACIST,3336C0003X,tier_1_primary_pharmacy,Y,Y,
1417962036,GLOBAL UNITED PHARMACY INC,179 42 HILLSIDE AVE JAMAICA,,QUEENS,NY,11432,7182060271,OWNER/PRESIDENT/AO,333600000X|3336C0003X,tier_1_primary_pharmacy,Y,Y,
1144235763,COMPREHENSIVE PHARMACY,9718 QUEENS BLVD,,REGO PARK,NY,113743245,7188961200,OWNER PHARMACIST,333600000X|3336C0003X|3336S0011X,tier_1_primary_pharmacy,Y,Y,
1053326678,NEW NEIGHBORHOOD PHARMACY INC,4512 GREENPOINT AVE,,SUNNYSIDE,NY,111042410,7183616060,PRESIDENT,333600000X,tier_1_primary_pharmacy,Y,Y,
1598770117,CANAL PHARMACY INC,86 ELIZABETH ST,1ST FL,NEW YORK,NY,10013,2126081668,PRESIDENT,333600000X|3336C0003X,tier_1_primary_pharmacy,Y,Y,
1225043847,RISHI PHARMACY CORP,322 E 149TH ST,,BRONX,NY,104515613,7182928892,PRESIDENT,3336C0003X,tier_1_primary_pharmacy,Y,Y,
1134134752,A-Z DRUG CORPORATION,150 JORALEMON ST,,BROOKLYN,NY,112014317,7182370870,PRESIDENT,333600000X|3336C0003X,tier_1_primary_pharmacy,Y,Y,
1043225667,DYNASTY DRUG AND TRADING INC,208 MOTT ST,,NEW YORK,NY,100124102,2122261415,SUPERVISING PHARMACIST,333600000X|3336C0003X,tier_1_primary_pharmacy,Y,Y,
1952316572,SHIPMANS PHARMACY INC,210 S FRANKLIN ST,,HEMPSTEAD,NY,115505613,5164831767,PRESIDENT/CO-OWNER,333600000X|3336C0003X,tier_1_primary_pharmacy,Y,Y,
1861407488,UPTOWN PHARMACY & SURGICALS INC,4027 BROADWAY,,NEW YORK,NY,100321536,2129236000,PRESIDENT,333600000X|3336C0003X,tier_1_primary_pharmacy,Y,Y,
1518972140,RX CENTER INC,5700 MOSHOLU AVE,,BRONX,NY,104712214,7185498288,PRESIDENT,333600000X|3336C0003X,tier_1_primary_pharmacy,Y,Y,
1427063056,BEN FAMILY PHARMACY INC,102 PARK AVE,,YONKERS,NY,107032934,9143759222,PRESIDENT,333600000X|3336C0003X,tier_1_primary_pharmacy,Y,Y,
1154336782,WELCARE DRUG STORE INC,54 GRAHAM AVE,,BROOKLYN,NY,112064066,7185997200,SP,3336C0003X|333600000X,tier_2_secondary_pharmacy,N,Y,
1972518504,YAKOVS PHARMACY INC,351 CENTRAL AVE,,LAWRENCE,NY,115591605,5162952223,SP,333600000X|3336C0003X,tier_1_primary_pharmacy,Y,Y,
1881609410,LAKEWOOD APOTHECARY AND NATURAL HEALTH CENTER INC,130 CHAUTAUQUA AVE,,LAKEWOOD,NY,147501241,7167630016,OWNER/PRESIDENT,333600000X|3336C0003X,tier_1_primary_pharmacy,Y,Y,
1699780221,ECO PHARMACY LLC,59 04A MAIN ST,,FLUSHING,NY,11355,7183219277,MGING MEMBER,333600000X|3336C0003X,tier_1_primary_pharmacy,Y,Y,
1417962044,ISLA DRUG STORES INC,1994 3RD AVE,,NEW YORK,NY,100293644,2124277123,VP,333600000X|3336C0003X,tier_1_primary_pharmacy,Y,Y,
1679589907,J.J. COLUMBUS DRUG CO. INC.,1009 COLUMBUS AVE,,NEW YORK,NY,10025,2126626630,PRESIDENT,3336C0003X,tier_1_primary_pharmacy,Y,Y,
1811903594,HAVEN PHARMACY,1211 AVENUE U,,BROOKLYN,NY,112294108,7183829616,"RPH, SP, SECRETARY",3336C0003X,tier_1_primary_pharmacy,Y,Y,
1124034640,LEONAUM PHARMACY INC.,4910 FORT HAMILTON PKWY,,BROOKLYN,NY,112193344,7184374699,PRESIDENT,3336C0003X,tier_1_primary_pharmacy,Y,Y,
1063429272,R & S PIONEER PHARMACY INC.,1018 OGDEN AVE.,GROUND FLOOR,BRONX,NY,10452,7185388183,PRESIDENT,3336C0003X,tier_1_primary_pharmacy,Y,Y,
1972510816,RDS PHARMACY INC,225 MADISON ST,,NEW YORK,NY,100027505,2122275227,PHARMACIST,3336C0003X,tier_1_primary_pharmacy,Y,Y,
1023026374,16TH AVENUE PHARMACY INC.,4408 16TH AVE,,BROOKLYN,NY,112041012,7188716700,PRES,3336C0003X,tier_1_primary_pharmacy,Y,Y,
1477561702,LEROY PHARMACY II LLC,239 E 198TH ST,,BRONX,NY,104583147,7182207600,"OWNER, PIC",333600000X|3336C0003X,tier_1_primary_pharmacy,Y,Y,
1568470193,AN NOOR PHARMACY INC,35 101ST AVE,,BROOKLYN,NY,112083404,7188274000,PRESIDENT,333600000X|3336C0003X,tier_1_primary_pharmacy,Y,Y,
1790793990,CLINTWOOD PHARMACY LLC,343 CLINTON ST,,BINGHAMTON,NY,139052017,6077292234,MEMBER AND PHARMACIST,3336C0004X|333600000X|3336C0003X,tier_1_primary_pharmacy,Y,Y,
1316955537,TRADITIONAL PHARMACY INC,1206 AVENUE M,,BROOKLYN,NY,112305204,7187872300,SUP PHARM AND PRT OWNER,333600000X|3336C0003X,tier_1_primary_pharmacy,Y,Y,
1972511244,"M & F PHARMACY INC.,",712 NOSTRAND AVE,,BROOKLYN,NY,112163614,7184671000,OWNER,3336C0003X,tier_1_primary_pharmacy,Y,Y,
1033127352,"FLATBUSH EXPRESS PHARMACY, INC.",862 FLATBUSH AVE,,BROOKLYN,NY,112263102,7182824777,SUPERVISING PHARMACIST,3336C0003X,tier_1_primary_pharmacy,Y,Y,
1528076635,METRO-NORTH PHARMACY INC.,1972 1ST AVE,,NEW YORK,NY,100296430,9147476845,PRES.,3336C0003X,tier_1_primary_pharmacy,Y,Y,
1396753398,HOERNING PHARMACY INC,34 HOPE PLZ,,WEST COXSACKIE,NY,121921225,5187312400,PRESIDENT,3336C0003X,tier_1_primary_pharmacy,Y,Y,
1275541054,BROWNS PRESCRIPTION PHARMACY OF DEPOSIT INC,115 FRONT ST,,DEPOSIT,NY,137541111,6074672298,PRESIDENT,333600000X|3336C0003X,tier_1_primary_pharmacy,Y,Y,
1457369548,BLISS PHARMACY INC.,1590 MADISON AVE,C/O BLISS PHARMACY INC.,NEW YORK,NY,100293816,2124274382,PHARMACIST,3336C0003X,tier_1_primary_pharmacy,Y,Y,
1649289067,KINGS THIRD AVE. PHARMACY LLC,1619 3RD AVE,,NEW YORK,NY,101283459,2125346000,CLINICAL PHARMACIST,3336C0003X,tier_1_primary_pharmacy,Y,Y,
1316956642,DRUG MART OF BEDFORD HILLS INC.,737 BEDFORD RD,,BEDFORD HILLS,NY,105071524,9146666565,PRESIDENT,3336C0003X,tier_1_primary_pharmacy,Y,Y,
1780693903,JW PHARMACY LLC,14102 NORTHERN BLVD,,FLUSHING,NY,113544239,7187623784,PRESIDENT,3336C0003X,tier_1_primary_pharmacy,Y,Y,
1144239302,AJANTA PHARMACY,2718 8TH AVE,,NEW YORK,NY,100303706,2122836228,PRES,3336C0003X,tier_1_primary_pharmacy,Y,Y,
1023027653,LADA PHARMACY,1864 86TH ST,,BROOKLYN,NY,112143107,7182347272,PRESIDENT,3336C0003X,tier_1_primary_pharmacy,Y,Y,
1093724353,DRUG MART MILLWOOD INC,230 SAW MILL RIVER RD,,MILLWOOD,NY,105461139,9149239200,PRESIDENT,3336C0003X,tier_1_primary_pharmacy,Y,Y,
1487663092,WHITES PHARMACY INC,81 MAIN ST,,EAST HAMPTON,NY,119372731,6313240082,PRESIDENT,333600000X|3336C0003X,tier_1_primary_pharmacy,Y,Y,
1467461996,"ELMHURST PHARMACY, INC.",7523 BROADWAY,,ELMHURST,NY,113735612,7185658667,PHARMACIST R.PH,3336C0003X,tier_1_primary_pharmacy,Y,Y,
1073522264,DRUG MART TALLMAN INC.,214 ROUTE 59,,SUFFERN,NY,109015205,8453575200,PRESIDENT,3336C0003X,tier_1_primary_pharmacy,Y,Y,
1841200508,FULTON PHARMACY INC,2818 FULTON ST,,BROOKLYN,NY,112072608,7182356394,PRESIDENT,3336C0003X,tier_1_primary_pharmacy,Y,Y,
1154331080,MERCALDO APOTHECARY INC,588 PLANDOME ROAD,,MANHASSET,NY,11030,5166272500,VICE PRESIDENT,333600000X,tier_1_primary_pharmacy,Y,Y,
1285645051,HEIGHTS PHARMACY INC,719 W 181ST ST,,NEW YORK,NY,100334731,2127810707,OWNER,3336C0003X,tier_1_primary_pharmacy,Y,Y,
1275544819,GLENNS PHARMACY INC,205 MAIN ST,,SALEM,NY,12865,5188543781,PRESIDENT,333600000X|3336C0003X,tier_1_primary_pharmacy,Y,Y,
1184635724,CORAL PHARMACY INC,4126 BROADWAY,,NEW YORK,NY,100333703,2127953894,SUPERVISING PHARMACIST,333600000X|3336C0003X,tier_1_primary_pharmacy,Y,Y,
1811908460,SAVALL DRUG CO INC,393 MERRICK AVE,,N MERRICK,NY,115662723,5163793722,PRESIDENT/OWNER,333600000X|3336C0003X,tier_1_primary_pharmacy,Y,Y,
1538170196,PRIYA PHARMACY LTD,357 BROADWAY,,AMITYVILLE,NY,117012748,6317894447,PRESIDENT,333600000X|3336C0003X,tier_1_primary_pharmacy,Y,Y,
1437160090,AMAN PHARMACY INC.,99 1 RTE 25A,,SHOREHAM,NY,11786,6318210707,PRESIDENT,333600000X|3336C0003X,tier_1_primary_pharmacy,Y,Y,
1629089271,MAGGY PHARMACY INC,1165 RT 374,,DANNEMORA,NY,12929,5184927130,OWNER,333600000X|3336C0003X,tier_1_primary_pharmacy,Y,Y,
1639180284,R AND M DRUG CORP,25921 UNION TPKE,,GLEN OAKS,NY,110041248,7183430070,SUPERVISING PHARMACIST,3336C0004X|3336C0003X,tier_1_primary_pharmacy,Y,Y,
1548271190,SCHEER DRUG INC,1343 E GUN HILL RD,,BRONX,NY,104693010,7186555558,PRESIDENT,333600000X|3336C0003X,tier_1_primary_pharmacy,Y,Y,
1457362006,KEW GARDENS PHARMACY INC,8157 LEFFERTS BLVD,,KEW GARDENS,NY,114151728,7188505220,VP,333600000X|3336C0003X,tier_1_primary_pharmacy,Y,Y,
1366453912,ADEE PHARMACY INC,1427 E GUN HILL RD,,BRONX,NY,104693063,7183791954,PRESIDENT,333600000X|3336C0003X,tier_1_primary_pharmacy,Y,Y,
1174534739,CIVA DRUG CORP,761 SUFFOLK AVE,,BRENTWOOD,NY,117174409,6312733314,RX MNGR,333600000X|3336L0003X|3336C0003X,tier_1_primary_pharmacy,Y,Y,
1710998372,LATO ASCIONE PHARMACY,2268 1ST AVE,,NEW YORK,NY,100355086,2122890811,OWNER,333600000X|3336C0003X,tier_1_primary_pharmacy,Y,Y,
1255342812,CORT PHARMACY INC,6425 108TH ST,,FOREST HILLS,NY,113751603,7188972569,VP,333600000X|3336C0003X,tier_1_primary_pharmacy,Y,Y,
1164433728,FRANKLIN SQUARE PHARMACY INC,925 HEMPSTEAD TPKE,,FRANKLIN SQUARE,NY,110103641,5163287777,OWNER,333600000X|3336C0003X,tier_1_primary_pharmacy,Y,Y,
1083625644,POPULAR PHARMACY INC,350 E MAIN ST STE 8,,PATCHOGUE,NY,117723100,6314756666,PRESIDENT,333600000X|3336C0003X,tier_1_primary_pharmacy,Y,Y,
1336150507,MARGO DRUG CORP,5512 MYRTLE AVE,,RIDGEWOOD,NY,113853551,7188215225,OWNER AND PHARMACIST,333600000X|3336C0003X,tier_1_primary_pharmacy,Y,Y,
1932111861,LAKE AVE PHARMACY INC,130 LAKE AVE,,YONKERS,NY,107032713,9149653034,PHARMACIST,333600000X,tier_1_primary_pharmacy,Y,Y,
1427060300,TURNPIKE PHARMACY INC,18030 UNION TPKE,,FRESH MEADOWS,NY,113661620,7189699500,PRESIDENT,3336C0003X,tier_1_primary_pharmacy,Y,Y,
1508878166,JRSTAT PHARMACY INC,7107 13TH AVE,,BROOKLYN,NY,112281605,7186332988,PRESIDENT,333600000X|3336C0003X,tier_1_primary_pharmacy,Y,Y,
1093728149,V PHARMACY LLC,2124 GRAVESEND NECK RD,,BROOKLYN,NY,112294810,7183680009,PHARMACIST,3336C0003X,tier_1_primary_pharmacy,Y,Y,
1750393153,MAIN STREET APOTHECARY & SURGICAL SUPPLIES INC,507 MAIN ST,,NEW ROCHELLE,NY,108016305,9145760100,SVP PHRM,333600000X|3336C0004X|3336C0003X,tier_1_primary_pharmacy,Y,Y,
1427061142,E.L. PHARMACY CORP.,259 AVENUE X,,BROOKLYN,NY,112235939,7183393400,SUPERVISING PHARMACIST/ PRESIDENT,3336C0003X,tier_1_primary_pharmacy,Y,Y,
1871506337,353 EMPIRE PHARMACY INC,505 UNION AVE,,BROOKLYN,NY,112111395,7184670918,OWNER,3336S0011X|3336C0003X,tier_1_primary_pharmacy,Y,Y,
1437162781,181 PHARMACY INC.,565 W 181ST ST,,NEW YORK,NY,100335004,2125432616,PRESIDENT,3336C0003X,tier_1_primary_pharmacy,Y,Y,
1417060435,KLEIN PHARMACY INC.,123 FIFTH AVE,,PELHAM,NY,108031503,9147383333,PRESIDENT,3336C0003X,tier_1_primary_pharmacy,Y,Y,
1386758274,ES & DC PHARMACY INC,7271 MAIN ST,,FLUSHING,NY,113672407,7182615829,PRESIDENT,333600000X|3336C0003X,tier_1_primary_pharmacy,Y,Y,
1912011800,AIM PHARMACY AND SURGICALS CORP,1655 GRAND AVE,,NORTH BALDWIN,NY,115101846,5168678200,PRESIDENT,333600000X|3336C0003X,tier_1_primary_pharmacy,Y,Y,
1821102716,AUSTRA LINE PHARMACY INC.,5916 GLENWOOD RD,,BROOKLYN,NY,112341817,7185316000,PRESIDENT,333600000X|3336S0011X|3336C0003X,tier_1_primary_pharmacy,Y,Y,
1730293622,LERIC PHARMACY CORP,7426 15TH AVE,,BROOKLYN,NY,112282219,7183319099,RPH,3336C0003X|333600000X,tier_1_primary_pharmacy,Y,Y,
1558475442,J&C PHARMACY INC,1027 A MORRIS PARK AVE,,BRONX,NY,10461,7188227869,OWNER,333600000X|3336C0003X,tier_1_primary_pharmacy,Y,Y,
1720192644,EQUAL CARE PHARMACY,141 HIVEN 14 NORTHERN BOULEVARD,,FLUSHING,NY,11354,2122286137,SUPERVISING PHARMACIST,3336C0003X,tier_1_primary_pharmacy,Y,Y,
1891809778,A & H PHARMACY,589 CRESCENT ST,,BROOKLYN,NY,112083163,7182770573,PRESIDENT,333600000X|3336C0003X,tier_1_primary_pharmacy,Y,Y,
1609980416,PHARMACY OPERATIONS OF NEW YORK INC,1806 PINE AVE,,NIAGARA FALLS,NY,143012234,7162821112,THIRD PARTY PLAN COORDINATOR,3336C0003X,tier_1_primary_pharmacy,Y,Y,
1649384611,J D PHARMACY INC,302 W 12TH ST,,NEW YORK,NY,100146025,2129297527,PRESIDENT,333600000X|3336C0003X,tier_1_primary_pharmacy,Y,Y,
1558475525,PARK RIDGE APOTHECARY INC,89 GENESEE ST,,ROCHESTER,NY,146113201,5853683928,SUPERVISING PHARMACIST,333600000X|3336C0003X,tier_1_primary_pharmacy,Y,Y,
1467566430,KINGS BAY PHARMACY,2927 AVENUE S,,BROOKLYN,NY,112293231,7189986200,PRESIDENT,333600000X|3336C0003X,tier_1_primary_pharmacy,Y,Y,
1285748251,18TH AVE PHARMACY CORP,5411 18TH AVE,,BROOKLYN,NY,112041928,7183313600,PRESIDENT,333600000X|3336C0003X,tier_1_primary_pharmacy,Y,Y,
1003920083,SLEEPY HOLLOW PHARMACY INC,95 BEEKMAN AVE,STE D,SLEEPY HOLLOW,NY,105912549,9143664000,PRESIDENT,333600000X|3336C0003X,tier_1_primary_pharmacy,Y,Y,
1821102807,HEALTH CITY PHARMACY CORP,10 BOWERY,,NEW YORK,NY,100135101,2122678882,PRESIDENT,333600000X|3336C0003X,tier_1_primary_pharmacy,Y,Y,
1649384629,APEX FAMILY PHARMACY CORP,563 NOSTRAND AVE,,BROOKLYN,NY,112163145,7182308520,OWNER,3336C0003X,tier_1_primary_pharmacy,Y,Y,
1558475533,BEST AID COMMUNITY PHARMACY LLC,563 573 E TREMONT AVE,,BRONX,NY,10457,7184664700,PRESIDENT,333600000X|3336C0003X,tier_1_primary_pharmacy,Y,Y,
1467566448,NICKEL CITY PHARMACY INC,1791 S PARK AVE,,BUFFALO,NY,142201411,7168238300,MANAGER,3336C0003X,tier_1_primary_pharmacy,Y,Y,
1376657353,PRO LIFE APOTHECARY CORP,1235 1ST AVE,,NEW YORK,NY,100656311,2126281110,SECRETARY,3336S0011X|3336C0004X|333600000X|3336C0003X,tier_1_primary_pharmacy,Y,Y,
1285748269,ANTEKA RX INC,511 BRIGHTON BEACH AVE,,BROOKLYN,NY,112356403,7183324002,OWER,3336C0003X,tier_1_primary_pharmacy,Y,Y,
1275648693,PAKAM PHARMACY INC,597 MARCY AVE,,BROOKLYN,NY,112066406,7184865255,PRESIDENT,3336C0003X,tier_1_primary_pharmacy,Y,Y,
1679688857,MIDLAND PHARMACY AND HEALTHCARE PRODUCTS INC,606 MIDLAND AVE,,STATEN ISLAND,NY,103065926,7183511689,PHARMICIST,3336C0003X,tier_1_primary_pharmacy,Y,Y,
1144335183,"WATERVLIET PHARMACY ACQUISITION, LLC",601 19TH ST,,WATERVLIET,NY,121892002,5182731402,DIRECTOR,333600000X|3336C0003X,tier_1_primary_pharmacy,Y,Y,
1053426098,PORT JERVIS PHARMACY LLC,15 JERSEY AVE,,PORT JERVIS,NY,127712436,8458566681,OWNER,333600000X|3336C0003X,tier_1_primary_pharmacy,Y,Y,
1356457741,TOP CARE PHARMACY CORP,13604 NORTHERN BLVD,UNIT CU2,FLUSHING,NY,113546557,7188868833,PHARMACIST,333600000X|3336C0003X,tier_1_primary_pharmacy,Y,Y,
1134234867,ARROW PHARMACY INC,883 9TH AVE,,NEW YORK,NY,100191704,2122458469,PRESIDENT,3336C0004X|3336S0011X|333600000X|3336C0003X,tier_1_primary_pharmacy,Y,Y,
1144336595,RX 2000 INC,2325 FIRST AVE,,NEW YORK,NY,100353604,2122898839,PRESIDENT,3336C0003X,tier_1_primary_pharmacy,Y,Y,
1437266087,GREENE MEDICAL ARTS PHARMACY,159 JEFFERSON HTS,SUITE D102,CATSKILL,NY,124141237,5189431715,SUPERVISING PHARMACIST,3336C0003X,tier_1_primary_pharmacy,Y,Y,
1104933795,DIPNA RX INC,2688 3RD AVE,,BRONX,NY,104541103,7182924244,SP,333600000X|3336C0003X,tier_1_primary_pharmacy,Y,Y,
1104933423,JEWEL OF FLUSHING RX INC,70-35 ARSONS BLVD,,FLUSHING,NY,113653097,7185911040,PHARMACIST,333600000X,tier_1_primary_pharmacy,Y,Y,
1366559551,C&C DRUG INC,1 7 AUDUBON AVENUE,,NEW YORK,NY,10032,2125431554,PRESIDENT,3336C0003X,tier_1_primary_pharmacy,Y,Y,
1164539938,ASSOCIATED HEALTHCARE PHARMACY,1031 MAIN ST,,BUFFALO,NY,142031014,7168867337,PHARMACY DIRECTOR,3336C0003X,tier_1_primary_pharmacy,Y,Y,
1134237894,COLONIAL PHARMACY OF WHITESBORO INC,100 MAIN ST,,WHITESBORO,NY,134921027,3157362122,PRESIDENT SUPERVISING PHARMACIST,3336C0003X,tier_1_primary_pharmacy,Y,Y,
1962510693,SHREEJEE RX INC,384 GRAHAM AVE,,BROOKLYN,NY,112112471,7183898015,SUPERVISING PHARMACIST/ OWNER,333600000X|3336C0003X,tier_1_primary_pharmacy,Y,Y,
1083722771,FOUR CORNERS PHARMACY LLC,360 DELAWARE AVE,,DELMAR,NY,120541904,5184398200,CO-OWNER,3336C0003X,tier_1_primary_pharmacy,Y,Y,
1780792309,ADIRONDACK DRUG INC,47 S MAIN ST,,GLOVERSVILLE,NY,120783809,5187250615,OWNER,333600000X,tier_1_primary_pharmacy,Y,Y,
1144338310,WAYNE-CLIFTON PHARMACY INC.,4 COULTER RD,,CLIFTON SPRINGS,NY,144321122,3154626181,PHARMACIST OWNER,333600000X,tier_1_primary_pharmacy,Y,Y,
1255449419,NECESSITIES DRUG CENTER,1010 WILLIS AVE,,ALBERTSON,NY,11507,5164842888,SP,333600000X,tier_1_primary_pharmacy,Y,Y,
1639287485,OHM DRUG CORP,97-30 64 ROAD,,REGO PARK,NY,113742233,7184592400,SUPERVISING PHARMACIST,3336C0003X,tier_1_primary_pharmacy,Y,Y,
1730297896,AMAR PHARMACY INC.,4446 BROADWAY,,NEW YORK,NY,100402939,2125676151,PRESIDENT,3336C0003X,tier_1_primary_pharmacy,Y,Y,
1235248865,DIN PHARMACY CORP,18 MOTT ST,,NEW YORK,NY,100135030,2129284528,DIRECTOR,3336C0003X,tier_1_primary_pharmacy,Y,Y,
1841309002,SIRISHA PHARMACY INC,2722 WHITE PLAINS RD,,BRONX,NY,104678113,7188817958,SUPERVISING PHARMACIST,333600000X,tier_1_primary_pharmacy,Y,Y,
1669582334,EMCON PHARMACY INC,49 FIFTH AVE,,BROOKLYN,NY,11217,7187893370,PHARMACIST OWNER,3336C0003X,tier_1_primary_pharmacy,Y,Y,
1366552465,"LOCAL RX, INC",10319 QUEENS BLVD,,FOREST HILLS,NY,113753447,7188974888,PRESIDENT,3336C0003X,tier_1_primary_pharmacy,Y,Y,
1770693236,JUSTIN PHARMACY INC,3860 BROADWAY,,NEW YORK,NY,100321545,2129236111,PRES,333600000X|3336C0003X,tier_1_primary_pharmacy,Y,Y,
1912019928,MEDIEXPRESS PHARMACY CORP,78 CLINTON ST,,NEW YORK,NY,100023487,2123889886,PHARMACIST,333600000X|3336C0003X,tier_1_primary_pharmacy,Y,Y,
1831201847,90-15 ROOSEVELT PHARMACY CORP,9015 ROOSEVELT AVE,,JACKSON HEIGHTS,NY,113727938,7184297666,PRESIDENT,333600000X|3336C0003X,tier_1_primary_pharmacy,Y,Y,
1568573848,ADIRONDACK APOTHECARY LLC,4315 MAIN ST,,PORT HENRY,NY,129741339,5185467244,VICE PRESIDENT,3336C0003X,tier_1_primary_pharmacy,Y,Y,
1770695876,HEALTHSOURCE PHARMACY INC,1296 2ND AVE,,NEW YORK,NY,100655707,2127948700,PRESIDENT,333600000X|3336C0003X,tier_1_primary_pharmacy,Y,Y,
1659483667,B & B PHARMACY INC,7908 37TH AVE,,JACKSON HEIGHTS,NY,113726748,7185336623,PRESIDENT,333600000X|3336C0003X,tier_1_primary_pharmacy,Y,Y,
1285746297,ALFRED PHARMACY INC,36 N MAIN ST,,ALFRED,NY,148021011,6075879222,OWNER,333600000X|3336C0003X,tier_1_primary_pharmacy,Y,Y,
1811009822,MIDDLETOWN APOTHECARY INC,149 WICKHAM AVE,,MIDDLETOWN,NY,109403721,8453425566,AO,333600000X|3336C0003X,tier_1_primary_pharmacy,Y,Y,
1053423780,BE WELL PHARMACY CORP.,8012 20TH AVE,,BROOKLYN,NY,112141809,7182322320,SUPERVISOR,3336C0003X,tier_1_primary_pharmacy,Y,Y,
1114039112,MONTGOMERY VILLAGE PHARMACY INC,105 WARD ST STE B,,MONTGOMERY,NY,125491150,8454574020,"OWNER,AO",333600000X|3336C0003X,tier_1_primary_pharmacy,Y,Y,
1740392752,PLAINVIEW FAMILY PHARMACY INC,142A MANETTO HILL RD,,PLAINVIEW,NY,118031310,5169327077,"OWNER, PIC, AO",333600000X|3336C0004X|3336C0003X,tier_1_primary_pharmacy,Y,Y,
1477665487,TRUE-CARE PHARMACY CORP,16406 69TH AVE,,FRESH MEADOWS,NY,113653202,7183803330,PRESIDENT,333600000X|3336C0003X,tier_1_primary_pharmacy,Y,Y,
1588776223,BARTHS PHARMACY INC.,58 SUNSET AVE,,WESTHAMPTON BEACH,NY,119782326,6312884345,PHARMACIST OWNER,3336C0003X,tier_1_primary_pharmacy,Y,Y,
1598877060,KINETIC PHARMACY INC.,784 61ST STREET,,BROOKLYN,NY,112204337,7186867288,PRESIDENT,3336C0003X,tier_1_primary_pharmacy,Y,Y,
1073624169,FAMILY PHARMACY & SURGICAL SUPPLIES INC.,1757 BATH AVE,,BROOKLYN,NY,112144517,7183318877,SUPERVISING PHARMACIST,3336C0003X,tier_1_primary_pharmacy,Y,Y,
1033221031,UPSTATE PHARMACY LTD,1900 N AMERICA DR STE 100,STE 100,WEST SENECA,NY,142242014,7166753784,VP,333600000X|3336L0003X|3336S0011X|3336C0003X,tier_1_primary_pharmacy,Y,Y,
1386756393,LITTLE WING PHARMACY INC,18 KELLOGG RD,,NEW HARTFORD,NY,134132825,3157357979,OWNER PHARMACIST,333600000X|3336C0003X,tier_1_primary_pharmacy,Y,Y,
1730291741,DVN DRUG CORP,304 MAPLE AVE,,SMITHTOWN,NY,117874913,6312654040,PHARMACIST,333600000X|3336C0003X,tier_1_primary_pharmacy,Y,Y,
1790896595,"METROPOLITAN PHARMACY, INC",1982 2ND AVE,,NEW YORK,NY,100296335,2128311000,OWNER,3336C0003X,tier_1_primary_pharmacy,Y,Y,
1770695314,GET WELL PHARMACY INC.,5218 8TH AVE,,BROOKLYN,NY,112202816,7186860812,V. PRESIDENT,3336C0003X,tier_1_primary_pharmacy,Y,Y,
1306957725,475 PHARMACY CORP,642 MCLEAN AVE,,YONKERS,NY,10705,9149630888,SUPERVISING PHARMACIST,333600000X,tier_1_primary_pharmacy,Y,Y,
1003928011,MEDILANE PHARMACY CORP,204 CLINTON ST,,NEW YORK,NY,100027576,2125712888,SECRETARY,333600000X|3336C0003X,tier_1_primary_pharmacy,Y,Y,
1518069707,EAST END PHARMACY INC,210 E 116TH ST,,NEW YORK,NY,10029,2128311730,PRESIDENT,3336C0003X,tier_1_primary_pharmacy,Y,Y,
1720180417,"E & M LINDY PHARMACY, INC",178 MONTAUK HWY,,LINDENHURST,NY,117575951,6319579723,PRESIDENT,3336C0003X,tier_1_primary_pharmacy,Y,Y,
1497857114,CHARLIE'S FAMILY PHARMACY INC,3931 MERRICK RD,,SEAFORD,NY,117832823,5167837979,OWNER/PHARMACIST,3336C0003X,tier_1_primary_pharmacy,Y,Y,
1578665212,TRINITY DRUG INC,45 LUDLOW ST,,YONKERS,NY,107051947,9149655275,PRESIDENT,333600000X,tier_1_primary_pharmacy,Y,Y,
1417059072,GALUVI PHARMACY CORP,4023 JUNCTION BLVD,,CORONA,NY,113682123,7188989833,PRESIDENT,3336C0003X,tier_1_primary_pharmacy,Y,Y,
1730281072,LM DRUG CORP,1987 STATE ROUTE 52,STE 3,LIBERTY,NY,127548316,8452928200,OWNER PHARMACIST,333600000X|3336C0003X,tier_1_primary_pharmacy,Y,Y,
1649372988,KHANJEE PHARMACY INC,38 GRANT STREET,,WALDEN,NY,12586,8457786661,OWNER PHARMACIST,333600000X|3336C0003X,tier_1_primary_pharmacy,Y,Y,
1568564979,ROBERT JACOBSON SURGICAL PHARMACY INC.,359 EAST MAIN STREET,,MT KISCO,NY,10549,9142414887,PRESIDENT,333600000X,tier_1_primary_pharmacy,Y,Y,
1053414532,CRYSTAL RUN PHARMACY LLC,731 ROUTE 211 E STE 108,,MIDDLETOWN,NY,109411457,8456927628,PHARMACIST IN CHARGE,3336C0003X,tier_1_primary_pharmacy,Y,Y,
1083717409,SOUTHRIFTY DRUG INC,54 JAGGER LANE,,SOUTHAMPTON,NY,11968,6312831506,PRESIDENT/SUPERVISING PHARMACIST,3336C0003X,tier_1_primary_pharmacy,Y,Y,
1033213327,AUSTIN PHARMACY INC,67 01 AUSTIN ST,,FOREST HILLS,NY,11375,7184590090,OWNER,333600000X|3336C0004X|3336L0003X|3336M0002X|3336S0011X|3336C0003X,tier_1_primary_pharmacy,Y,Y,
1912001041,R & P APOTHECARY,87-08 JUSTICE AVE,,ELMHURST,NY,113734575,7184294411,PRESIDENT,3336C0003X,tier_1_primary_pharmacy,Y,Y,
1871697920,GEO PHARMACY INC,685 CONEY ISLAND AVE,,BROOKLYN,NY,112184306,7187031888,PRESIDENT,333600000X|3336C0003X,tier_1_primary_pharmacy,Y,Y,
1144324104,IVYLEA PHARMACY INC,2446 ELMWOOD AVE,,KENMORE,NY,142172244,7168731444,SUPERVISING PHARMACIST,3336C0004X|333600000X|3336C0003X,tier_1_primary_pharmacy,Y,Y,
1053415018,F G L DRUG CORP,247 HEMPSTEAD AVE,,MALVERNE,NY,115652034,5165938663,PRESIDENT,333600000X|3336C0003X,tier_1_primary_pharmacy,Y,Y,
1962506923,C AND D DRUG CORP,57 37 MAIN ST,,FLUSHING,NY,11355,7183581300,OWNER,333600000X|3336M0003X|3336S0011X|3336L0003X,tier_1_primary_pharmacy,Y,Y,
1780788745,PLEASANTVILLE PHARMACY INC,62 WHEELER AVE,,PLEASANTVILLE,NY,105703010,9147690002,PARTNER,333600000X|3336C0003X,tier_1_primary_pharmacy,Y,Y,
1598869554,ARCOLA PHARMACY CORP,6545 99TH ST,,REGO PARK,NY,113744347,7182755838,PRESIDENT,333600000X|3336C0003X,tier_1_primary_pharmacy,Y,Y,
1407950462,BREWERTON PHARMACY INC,9679 BREWERTON RD,,BREWERTON,NY,130298738,3156764441,PRESIDENT,3336C0004X|333600000X|3336C0003X,tier_1_primary_pharmacy,Y,Y,
1124122189,N & N VILLAGE PHARMACY INC,537 S MAIN ST,,CENTRAL SQUARE,NY,130363505,3156682659,PRESIDENT,333600000X|3336C0003X,tier_1_primary_pharmacy,Y,Y,
1891899431,LUMIT RX INC,200 E 167TH ST,,BRONX,NY,104564004,7188660629,PRESIDENT/SUPERVISING PHARMACIST,3336C0003X,tier_1_primary_pharmacy,Y,Y,
1225132285,N & N VILLAGE PHARMACY INC,792 N MAIN ST,,NORTH SYRACUSE,NY,132121644,3154580500,PRESIDENT,333600000X|3336C0003X,tier_1_primary_pharmacy,Y,Y,
1134223191,AVE O PHARMACY CORP,68 AVENUE O,,BROOKLYN,NY,112046472,7182323500,PRESIDENT,333600000X|3336C0003X,tier_1_primary_pharmacy,Y,Y,
1043314008,PINE PHARMACY AND HOME CARE PRODUCTS CENTER INC,5110 MAIN ST,,WILLIAMSVILLE,NY,142215256,7163322288,PRESIDENT/OWNER,3336S0011X|333600000X|3336C0003X,tier_1_primary_pharmacy,Y,Y,
1770687733,WAB PHARMACY INC,4414 CULVER RD,,ROCHESTER,NY,146221540,5853231470,SUPERVISING PHARMACIST,333600000X|3336C0003X,tier_1_primary_pharmacy,Y,Y,
1689778649,WECARE PHARMACY INC,944 N BROADWAY,,YONKERS,NY,107011304,9149638800,PRESIDENT,333600000X|3336C0003X,tier_1_primary_pharmacy,Y,Y,
1497859458,ROSSI PHARMACY,84 01 101 AVE,,OZONE PARK,NY,11416,7188456840,OWNER,333600000X|3336C0003X,tier_1_primary_pharmacy,Y,Y,
1033213095,GRAMATAN PHARMACY CORP,120 GRAMATAN AVE,,MOUNT VERNON,NY,105501206,9146655555,OWNER/PHARMACIST,333600000X|3336C0003X,tier_1_primary_pharmacy,Y,Y,
1710081278,A-K PHARMACY CORP,14373 243RD ST,,ROSEDALE,NY,114222339,7185285299,SUPERVISING PHARMACIST,3336C0003X,tier_1_primary_pharmacy,Y,Y,
1679677132,JOLIN RX INC.,1870 GRAND CONCOURSE,,BRONX,NY,104575401,7182945588,SUPERVISING PHARMACIST / MANAGER,3336C0003X,tier_1_primary_pharmacy,Y,Y,
1720183700,MARIAN MEDICAL PHARMACY INC,515 ABBOTT RD,,BUFFALO,NY,142201700,7168237374,PRESIDENT,3336C0003X,tier_1_primary_pharmacy,Y,Y,
1053416917,JOHNSONS VILLAGE PHARMACY,99 E CHAUTAUQUA ST,STE 3,MAYVILLE,NY,147571017,7167533200,PHARMACIST AND OWNER,333600000X|3336C0003X,tier_1_primary_pharmacy,Y,Y,
1306941380,MEDICAL GROUP PHARMACY INC,650 HAWKINS AVE,,LAKE RONKONKOMA,NY,117792366,6315888582,SUPERVISING PHARMACIST,3336C0003X,tier_1_primary_pharmacy,Y,Y,
1023113677,MEACHAM PHARMACY,107 MEACHAM AVE,,ELMONT,NY,110032630,5163542950,S P,333600000X|3336C0003X,tier_1_primary_pharmacy,Y,Y,
1376648097,THRIFTWAY UNION TURNPIKE PHARMACY LLC,17660 UNION TPKE,,FRESH MEADOWS,NY,113661531,7183803600,PHARMACY DIRECTOR,3336C0003X,tier_1_primary_pharmacy,Y,Y,
1790880557,KASSEL PHARMACY LTD,21811 JAMAICA AVE,,QUEENS VILLAGE,NY,114282124,7184640200,VP,333600000X,tier_1_primary_pharmacy,Y,Y,
1669577433,D AND B PHARMACY CORPORATION,222 OAKRIDGE CMNS,,SOUTH SALEM,NY,105902437,9145335679,PRESIDENT,333600000X|3336C0003X,tier_1_primary_pharmacy,Y,Y,
1922103951,"PARSONS MEDICAL CENTER PHARMACY, INC.",8801 PARSONS BLVD,,JAMAICA,NY,114323841,7182973222,PRESIDENT,333600000X,tier_1_primary_pharmacy,Y,Y,
1851496715,AAAIP PHARMACY CORP,12510 QUEENS BLVD,,KEW GARDENS,NY,114151519,7185203460,PRESIDENT,333600000X|3336M0002X|3336M0003X|3336C0004X|3336S0011X|3336C0003X,tier_1_primary_pharmacy,Y,Y,
1265537807,THRIFTWAY FAR ROCKAWAY DRUG CORP,2102 MOTT AVE,,FAR ROCKAWAY,NY,116913302,7183272559,PHARMACY DIRECTOR,3336C0003X,tier_1_primary_pharmacy,Y,Y,
1194820886,ZITOMER PHARMACY INC.,969 MADISON AVE,,NEW YORK,NY,100212763,2127375560,PHARMACY DIRECTOR,3336C0003X,tier_1_primary_pharmacy,Y,Y,
1023114386,PRAYOSHA PHARMACY CORP.,54 E 183RD ST,,BRONX,NY,104531239,7182201900,VICE PRESIDENT,3336C0003X,tier_1_primary_pharmacy,Y,Y,
1720184500,AVON PHARMACY & SURGICAL INC,82 GRAHAM AVE,,BROOKLYN,NY,112063311,7183840630,PHARMACIST,3336C0003X,tier_1_primary_pharmacy,Y,Y,
1144326984,OM PHARMACY INC.,42 THOMAS S BOYLAND ST,,BROOKLYN,NY,112332028,7184531003,PRESIDENT,3336C0003X,tier_1_primary_pharmacy,Y,Y,
1598862856,PRIME CARE PHARMACY SERVICES INC,5 ODELL PLZ,STE 141,YONKERS,NY,107011406,9143754300,VP,333600000X|3336C0003X|3336L0003X,tier_1_primary_pharmacy,Y,Y,
1558468470,SVA PHARMACY CORP,119-01 JAMAICA AVE,,RICHMOND HILL,NY,11418,7188479850,PRESIDENT,333600000X|3336C0003X,tier_1_primary_pharmacy,Y,Y,
1467559385,JELUCA PHARMACY CORP,811 N BROADWAY,,WHITE PLAINS,NY,106032400,9149496100,PRESIDENT,333600000X|3336C0003X,tier_1_primary_pharmacy,Y,Y,
1104923044,ASM PHARMACY CORP,1604 AVENUE M,,BROOKLYN,NY,112306007,7183758900,MANAGER/OWNER,333600000X|3336C0003X,tier_1_primary_pharmacy,Y,Y,
1477650315,RIGHTWAY PHARMACY INC,2511 AVENUE U,,BROOKLYN,NY,112294934,7188917900,OWNER,333600000X|3336C0003X,tier_1_primary_pharmacy,Y,Y,
1912004854,BRADHURST PHARMACY INC,95 GRASSLANDS RD,1ST FLR STE 140A,VALHALLA,NY,105951652,9143453838,SUPERVISING PHARMACIST,333600000X|3336C0003X,tier_1_primary_pharmacy,Y,Y,
1558468496,"TAINO STAR PHARMACY, INC.",2403 2ND AVE,,NEW YORK,NY,100352102,2122892000,PRESIDENT,3336C0003X,tier_1_primary_pharmacy,Y,Y,
1467559302,DSST PHARMACY CORP.,123-07 LIBERTY AVE.,,RICHMOND HILL,NY,11419,7183227158,OWNER,333600000X|3336C0003X,tier_1_primary_pharmacy,Y,Y,
1205934833,STAND PHARMACY INC,1515 SOUTHERN BLVD,,BRONX,NY,10460,7188615490,PRESIDENT,333600000X,tier_1_primary_pharmacy,Y,Y,
1316044795,NAYOSHA PHARMACY,755-B EAST 149TH ST,,BRONX,NY,10455,7187426500,REG PHARMACIST AND PRESIDENT,333600000X|3336C0003X,tier_1_primary_pharmacy,Y,Y,
1376640292,"OCEANA EXPRESS PHARMACY, INC",2009 AVE U,,BROOKLYN,NY,112293701,7186769666,MENEGER,333600000X|3336C0003X,tier_1_primary_pharmacy,Y,Y,
1285731109,5TH AVENUE PHARMACY INC,4818 5TH AVE,,BROOKLYN,NY,112201936,7184398585,PESIDENT,3336C0003X|333600000X,tier_1_primary_pharmacy,Y,Y,
1487751319,WILSON COMMUNITY PHARMACY INC,272 PETTIT ST,,WILSON,NY,141729696,7167510140,OWNER PRESIDENT,333600000X|3336C0003X,tier_1_primary_pharmacy,Y,Y,
1295832129,NEW RONSON DRUG INC,237 UTICA AVE,,BROOKLYN,NY,112133932,7187567401,SECRETARY,333600000X|3336C0003X,tier_1_primary_pharmacy,Y,Y,
1104923036,PHARMAKON PHARMACY INC,1914 AVENUE M,,BROOKLYN,NY,112306202,7183752400,PRES.,333600000X|3336C0003X,tier_1_primary_pharmacy,Y,Y,
1922105857,LINCOLN PLACE PHARMACY INC,1135 EASTERN PKWY,,BROOKLYN,NY,112134107,7187561717,MANAGER,333600000X|3336C0003X,tier_1_primary_pharmacy,Y,Y,
1831296763,PROHEALTH PHARMACY INC,385 2ND AVE,,NEW YORK,NY,100104617,2126848300,PRESIDENT,333600000X|3336C0003X,tier_1_primary_pharmacy,Y,Y,
1659478584,BALAJI PHARMACY INC,1708 MERMAID AVE,,BROOKLYN,NY,112242622,7189969000,PRESIDENT,333600000X|3336C0003X,tier_1_primary_pharmacy,Y,Y,
1477650307,872 HPA DRUG CORP,736 E 152ND ST,,BRONX,NY,104552203,7182922088,BOOKKEEPER,333600000X|3336C0003X,tier_1_primary_pharmacy,Y,Y,
1386741213,ECHO PHARMACY LLC,56 ECHO AVE,,MILLER PLACE,NY,117642454,6316428175,PRESIDENT OWNER,3336C0004X|333600000X|3336C0003X,tier_1_primary_pharmacy,Y,Y,
1295832137,BROWNSVILLE COMMUNITY PHARMACY INC,592 ROCKAWAY AVE,,BROOKLYN,NY,112125539,7183453399,PRESIDENT,333600000X|3336C0003X,tier_1_primary_pharmacy,Y,Y,
1013014950,NATURES APOTHECARY INC,1612 E 16TH ST,,BROOKLYN,NY,112291108,7183757877,PRESIDENT,3336C0003X|333600000X,tier_1_primary_pharmacy,Y,Y,
1922105865,GOOD CARE PHARMACY INC,232 SHERMAN AVE # A,,NEW YORK,NY,100342503,2125671115,PHARMACIST,3336C0004X|3336S0011X|333600000X|3336C0003X,tier_1_primary_pharmacy,Y,Y,
1740387687,AREESHA PHARMACY INC,3206 MERMAID AVE,,BROOKLYN,NY,112241810,7189964949,MANG,333600000X|3336C0003X,tier_1_primary_pharmacy,Y,Y,
1659478592,HEALTH AID PHARMACY INC,291 7TH AVE,,BROOKLYN,NY,112157263,7184994610,OWNER,333600000X|3336C0003X,tier_1_primary_pharmacy,Y,Y,
1568569408,NEWARK VILLAGE PHARMACY INC,105 W MILLER ST,,NEWARK,NY,145131422,3153319999,OWNER,3336C0003X|333600000X,tier_1_primary_pharmacy,Y,Y,
1821195769,DRUG USA PHARMACY,21 S MIDDLE NECK RD,,GREAT NECK,NY,110213455,5164821055,RPH,333600000X|3336C0003X,tier_1_primary_pharmacy,Y,Y,
1649377581,HARVEYS MEDICAL CTR PHARMACY OF SYRAC,833 E GENESEE ST,,SYRACUSE,NY,132101507,3154769246,PRES/OWNER,333600000X|3336C0003X,tier_1_primary_pharmacy,Y,Y,
1093812935,NEWBURGH PHARMACY INC,600 BROADWAY,,NEWBURGH,NY,125505157,8455611771,PRESIDENT,333600000X|3336C0003X,tier_1_primary_pharmacy,Y,Y,
1902903842,BURHAN PHARMACY INC,715 KNICKERBOCKER AVE,,BROOKLYN,NY,112215337,7183817360,MANAGER,333600000X|3336C0003X,tier_1_primary_pharmacy,Y,Y,
1811094758,AID PHARMACY INC,807 KINGS HWY,,BROOKLYN,NY,112232239,7183763313,PRESIDENT,333600000X|3336C0003X,tier_1_primary_pharmacy,Y,Y,
1639276579,PERLA PHARMACY,1000 1ST AVE,,NEW YORK,NY,100224105,2127538638,REG PHARMACIST OWNER,333600000X|3336C0003X,tier_1_primary_pharmacy,Y,Y,
1548367485,S-A DRUG CORP,1612 WESTCHESTER AVE,,BRONX,NY,104722915,7183780003,PIC,3336C0003X|333600000X,tier_1_primary_pharmacy,Y,Y,
1366549206,ARARAT PHARMACY LTD,4315 QUEENS BLVD,,SUNNYSIDE,NY,111044609,7187061779,PRESIDENT,333600000X|3336C0003X,tier_1_primary_pharmacy,Y,Y,
1275630113,MID CONCOURSE PHARMACY INC,2106 GRAND CONCOURSE,,BRONX,NY,104572800,7183674540,SUPERVISING PHARM,333600000X|3336C0003X,tier_1_primary_pharmacy,Y,Y,
1528166857,PERU PHARMACY INC.,3 GORMAN WAY,,PERU,NY,129723060,5186432318,SUPERVISING PHARMACIST/MANAGER,3336C0003X,tier_1_primary_pharmacy,Y,Y,
1952409054,MATTHEWS PHARMACY INC.,101 CANAL ST,,ELLENVILLE,NY,124281403,8456476222,SUPERVISING PHARMACIST,3336C0003X,tier_1_primary_pharmacy,Y,Y,
1639277643,CHURCHVILLE PHARMACY INC,42 S MAIN ST,,CHURCHVILLE,NY,14428,5852932717,SP,333600000X|3336C0003X,tier_1_primary_pharmacy,Y,Y,
1396843322,BENLY PHARMACY INC,437 MAIN ST,,ISLIP,NY,117513536,6315818077,PRESIDENT,333600000X|3336S0011X|3336C0003X,tier_1_primary_pharmacy,Y,Y,
1407955297,BROWNSVILLE PHARMACY INC.,4 SUTTER AVE,,BROOKLYN,NY,112123838,7187783900,PRESIDENT,333600000X,tier_1_primary_pharmacy,Y,Y,
1295834034,"BAY PHARMACY, INC.",2240 86TH ST,,BROOKLYN,NY,112144139,7183732722,PRESIDENT,333600000X|3336C0004X|3336C0003X,tier_1_primary_pharmacy,Y,Y,
1386742294,SMITH STREET PHARMACY CORPORATION,269 MANSION ST,,POUGHKEEPSIE,NY,126012623,8454716440,OWNER/PHARMACIST,3336C0003X,tier_1_primary_pharmacy,Y,Y,
1790884336,"LINDENWOOD RX CENTER, INC.",1380 LORING AVE,,BROOKLYN,NY,112085124,7182770898,DIRECTOR,3336C0003X,tier_1_primary_pharmacy,Y,Y,
1023116050,63RD DRIVE PHARMACY CORP,9305 63RD DR,,REGO PARK,NY,113742924,7184593370,PRESIDENT,333600000X|3336C0003X,tier_1_primary_pharmacy,Y,Y,
1932207966,YOUR HEALTH PHARMACY INC,80 E 116TH ST,,NEW YORK,NY,100291128,2123487788,REGISTERED PHARMACIST,333600000X|3336C0003X,tier_1_primary_pharmacy,Y,Y,
1841398872,KEW GARDENS DRUG CORP,11807 METROPOLITAN AVE,,KEW GARDENS,NY,114152020,7188496700,OWNER,3336C0003X|333600000X,tier_1_primary_pharmacy,Y,Y,
1750489787,PELELLA APOTHECARY INC,290 MAIN ST,,CORNWALL,NY,125181579,8455344345,PRESIDENT,333600000X|3336C0003X,tier_1_primary_pharmacy,Y,Y,
1821196775,ABHAS PHARMACY INC,43 01 09 48TH AVE,,WOODSIDE,NY,11377,7187061067,OWNER/PRES,333600000X|3336C0003X,tier_1_primary_pharmacy,Y,Y,
1922107259,GENOVESE DRUG STORES INC,15365 CROSS ISLAND PARKWAY,,WHITESTONE,NY,113572648,7187676000,MANAGER ONLINE ADJUDICATION,3336C0003X,tier_1_primary_pharmacy,Y,Y,
1912006263,GENOVESE DRUG STORES INC,160 40 CROSS BAY BOULEVARD,,HOWARD BEACH,NY,11414,7188451066,MANAGER ONLINE ADJUDICATION,3336C0003X,tier_1_primary_pharmacy,Y,Y,
1861591117,GENOVESE DRUG STORES INC,195 8TH AVENUE,,NEW YORK,NY,100113302,2129296915,SR MANAGER PROVIDER ENROLLMENT,3336C0003X,tier_1_primary_pharmacy,Y,Y,
1689773939,GENOVESE DRUG STORES INC,1910 HEMPSTEAD TURNPIKE,,EAST MEADOW,NY,115541712,5167940616,MANAGER ONLINE ADJUDICATION,3336C0003X,tier_1_primary_pharmacy,Y,Y,
1497854749,GENOVESE DRUG STORES INC,152 154 MIDDLE NECK ROAD,,GREAT NECK,NY,11023,5164823833,MANAGER ONLINE ADJUDICATION,3336C0003X,tier_1_primary_pharmacy,Y,Y,
1205935558,GENOVESE DRUG STORES INC,69 62 188TH STREET,,FRESH MEADOWS,NY,113653771,7189692890,MANAGER ONLINE ADJUDICATION,3336C0003X,tier_1_primary_pharmacy,Y,Y,
1578662730,GENOVESE DRUG STORES INC,2784 SUNRISE HIGHWAY,,BELLMORE,NY,117103639,5168263100,MANAGER ONLINE ADJUDICATION,3336C0003X,tier_1_primary_pharmacy,Y,Y,
1487753646,GENOVESE DRUG STORES INC,23 EASTPORT MANOR ROAD,,EASTPORT,NY,119411410,6313250643,MANAGER ONLINE ADJUDICATION,3336C0003X,tier_1_primary_pharmacy,Y,Y,
1487753711,GENOVESE DRUG STORES INC,3109 DITMARS BLVD,,LONG ISLAND CITY,NY,111052304,7187218666,MANAGER ONLINE ADJUDICATION,3336C0003X,tier_1_primary_pharmacy,Y,Y,
1295834521,GENOVESE DRUG STORES INC,577 LARKFIELD ROAD,,EAST NORTHPORT,NY,117314203,6313680100,MANAGER ONLINE ADJUDICATION,3336C0003X,tier_1_primary_pharmacy,Y,Y,
1104925437,GENOVESE DRUG STORES INC,4602 GREENPOINT AVE,,SUNNYSIDE,NY,111041708,7187840070,MANAGER ONLINE ADJUDICATION,3336C0003X,tier_1_primary_pharmacy,Y,Y,
1013016344,GENOVESE DRUG STORES INC,3099 STEINWAY ST,,LONG ISLAND CITY,NY,111033801,7182746600,MANAGER ONLINE ADJUDICATION,3336C0003X,tier_1_primary_pharmacy,Y,Y,
1548369879,GENOVESE DRUG STORES INC,3590 EAST TREMONT AVENUE,,BRONX,NY,104652005,7187929258,MANAGER ONLINE ADJUDICATION,3336C0003X,tier_1_primary_pharmacy,Y,Y,
1811096167,GENOVESE DRUG STORES INC,5015 ROOSEVELT AVENUE,,WOODSIDE,NY,113774458,7184267572,MANAGER ONLINE ADJUDICATION,3336C0003X,tier_1_primary_pharmacy,Y,Y,
1457450629,GENOVESE DRUG STORES INC,102 30 ATLANTIC AVENUE,,OZONE PARK,NY,11416,7184411120,MANAGER ONLINE ADJUDICATION,3336C0003X,tier_1_primary_pharmacy,Y,Y,
1316046501,GENOVESE DRUG STORES INC,1968 VETERANS HIGHWAY,,ISLANDIA,NY,117491514,6312349417,MANAGER ONLINE ADJUDICATION,3336C0003X,tier_1_primary_pharmacy,Y,Y,
1700985967,GENOVESE DRUG STORES INC,391 SOUTH OYSTER BAY ROAD,,PLAINVIEW,NY,118033327,5168222020,MANAGER ONLINE ADJUDICATION,3336C0003X,tier_1_primary_pharmacy,Y,Y,
1023117207,GENOVESE DRUG STORES INC,601 PORTION RD,,LAKE RONKONKOMA,NY,117794583,6319812550,MANAGER ONLINE ADJUDICATION,3336C0003X,tier_1_primary_pharmacy,Y,Y,
1568561892,GENOVESE DRUG STORES INC,3732 82ND STREET,,JACKSON HEIGHTS,NY,113727032,7184780700,MANAGER ONLINE ADJUDICATION,3336C0003X,tier_1_primary_pharmacy,Y,Y,
1477652709,GENOVESE DRUG STORES INC,630 N WELLWOOD AVE,,LINDENHURST,NY,117571634,6319572720,MANAGER ONLINE ADJUDICATION,3336C0003X,tier_1_primary_pharmacy,Y,Y,
1386743615,GENOVESE DRUG STORES INC,226 ROUTE 25A,,EAST SETAUKET,NY,117332853,6317518100,MANAGER ONLINE ADJUDICATION,3336C0003X,tier_1_primary_pharmacy,Y,Y,
1003915331,GENOVESE DRUG STORES INC,1012 RAILROAD AVENUE,,WOODMERE,NY,115981645,5162951166,MANAGER ONLINE ADJUDICATION,3336C0003X,tier_1_primary_pharmacy,Y,Y,
1912006248,GENOVESE DRUG STORES INC,593 OLD TOWN ROAD,,PORT JEFFERSON STATION,NY,117764244,6314734500,MANAGER ONLINE ADJUDICATION,3336C0003X,tier_1_primary_pharmacy,Y,Y,
1821197153,GENOVESE DRUG STORES INC,5125 MERRICK ROAD,,MASSAPEQUA PARK,NY,117623728,5167987676,MANAGER ONLINE ADJUDICATION,3336C0003X,tier_1_primary_pharmacy,Y,Y,
1730288069,GENOVESE DRUG STORES INC,657 HILLSIDE AVENUE,,NEW HYDE PARK,NY,110402512,5163283434,MANAGER ONLINE ADJUDICATION,3336C0003X,tier_1_primary_pharmacy,Y,Y,
1649379975,GENOVESE DRUG STORES INC,371 HORSEBLOCK ROAD,,FARMINGVILLE,NY,117381203,6316982900,MANAGER ONLINE ADJUDICATION,3336C0003X,tier_1_primary_pharmacy,Y,Y,
1558460881,GENOVESE DRUG STORES INC,166 SOUTH LIBERTY DRIVE,,STONY POINT,NY,109802746,8459422121,MANAGER ONLINE ADJUDICATION,3336C0003X,tier_1_primary_pharmacy,Y,Y,
1376642603,GENOVESE DRUG STORES INC,7326 METROPOLITAN AVE,,MIDDLE VILLAGE,NY,113792635,7188940234,MANAGER ONLINE ADJUDICATION,3336C0003X,tier_1_primary_pharmacy,Y,Y,
1285733519,GENOVESE DRUG STORES INC,335 ROUTE 25A,,MILLER PLACE,NY,117642418,6319286800,MANAGER ONLINE ADJUDICATION,3336C0003X,tier_1_primary_pharmacy,Y,Y,
1093814329,GENOVESE DRUG STORES INC,4368 AMBOY ROAD,,STATEN ISLAND,NY,103123820,7182273049,MANAGER ONLINE ADJUDICATION,3336C0003X,tier_1_primary_pharmacy,Y,Y,
1275632523,GENOVESE DRUG STORES INC,96 02 ROCKAWAY BOULEVARD,,OZONE PARK,NY,11417,7188482334,MANAGER ONLINE ADJUDICATION,3336C0003X,tier_1_primary_pharmacy,Y,Y,
1700985975,GENOVESE DRUG STORES INC,1140 WILLIS AVENUE,,ALBERTSON,NY,115071229,5166212466,MANAGER ONLINE ADJUDICATION,3336C0003X,tier_1_primary_pharmacy,Y,Y,
1295834471,GENOVESE DRUG STORES INC,1200 DEER PARK AVENUE,,NORTH BABYLON,NY,117033109,6312540464,MANAGER ONLINE ADJUDICATION,3336C0003X,tier_1_primary_pharmacy,Y,Y,
1891894143,GENOVESE DRUG STORES INC,495 BROADWAY,,NEW YORK,NY,100124457,2123340431,MANAGER ONLINE ADJUDICATION,3336C0003X,tier_1_primary_pharmacy,Y,Y,
1700985066,GENOVESE DRUG STORES INC,65 ROUTE 111,,SMITHTOWN,NY,117873712,6319798550,MANAGER ONLINE ADJUDICATION,3336C0003X,tier_1_primary_pharmacy,Y,Y,
1760581029,GENOVESE DRUG STORES INC,391 WEST MAIN STREET,,HUNTINGTON,NY,117433203,6315499400,MANAGER ONLINE ADJUDICATION,3336C0003X,tier_1_primary_pharmacy,Y,Y,
1396844650,GENOVESE DRUG STORES INC,198 WEST MERRICK ROAD,,VALLEY STREAM,NY,115805512,5165611400,MANAGER ONLINE ADJUDICATION,3336C0003X,tier_1_primary_pharmacy,Y,Y,
1114026473,GENOVESE DRUG STORES INC,3974 HEMPSTEAD TURNPIKE,,BETHPAGE,NY,117145603,5167967730,MANAGER ONLINE ADJUDICATION,3336C0003X,tier_1_primary_pharmacy,Y,Y,
1023117389,GENOVESE DRUG STORES INC,392 410 PLANDOME ROAD,,MANHASSET,NY,11030,5168698292,MANAGER ONLINE ADJUDICATION,3336C0003X,tier_1_primary_pharmacy,Y,Y,
1932208295,GENOVESE DRUG STORES INC,11088 QUEENS BOULEVARD,,FOREST HILLS,NY,113756345,7182755252,MANAGER ONLINE ADJUDICATION,3336C0003X,tier_1_primary_pharmacy,Y,Y,
1447359609,GENOVESE DRUG STORES INC,1415 HEMPSTEAD TURNPIKE,,ELMONT,NY,110032404,5167752811,MANAGER ONLINE ADJUDICATION,3336C0003X,tier_1_primary_pharmacy,Y,Y,
1356440515,GENOVESE DRUG STORES INC,4500 SUNRISE HIGHWAY,,OAKDALE,NY,117691012,6315673184,MANAGER ONLINE ADJUDICATION,3336C0003X,tier_1_primary_pharmacy,Y,Y,
1609975861,GENOVESE DRUG STORES INC,6910 GRAND AVE,,MASPETH,NY,113781813,7184572020,MANAGER ONLINE ADJUDICATION,3336C0003X,tier_1_primary_pharmacy,Y,Y,
1518066778,GENOVESE DRUG STORES INC,1360 HYLAN BOULEVARD,,STATEN ISLAND,NY,103051922,7189877300,MANAGER ONLINE ADJUDICATION,3336C0003X,tier_1_primary_pharmacy,Y,Y,
1427157684,GENOVESE DRUG STORES INC,7575 31ST AVENUE,,EAST ELMHURST,NY,113701811,7184460300,MANAGER ONLINE ADJUDICATION,3336C0003X,tier_1_primary_pharmacy,Y,Y,
1902905177,GENOVESE DRUG STORES INC,385 BAY STREET,,STATEN ISLAND,NY,103013264,7187276400,MANAGER ONLINE ADJUDICATION,3336C0003X,tier_1_primary_pharmacy,Y,Y,
1720187990,GENOVESE DRUG STORES INC,2577 NOSTRAND AVENUE,,BROOKLYN,NY,112104640,7182581812,MANAGER ONLINE ADJUDICATION,3336C0003X,tier_1_primary_pharmacy,Y,Y,
1588763767,GENOVESE DRUG STORES INC,444 HILLSIDE AVENUE,,WILLISTON PARK,NY,115962109,5167420833,MANAGER ONLINE ADJUDICATION,3336C0003X,tier_1_primary_pharmacy,Y,Y,
1013016294,GENOVESE DRUG STORES INC,5507 NESCONSET HWY STE 100,,MOUNT SINAI,NY,117662033,6314737795,MANAGER ONLINE ADJUDICATION,3336C0003X,tier_1_primary_pharmacy,Y,Y,
1194824318,ANTHONY BROWN PHARMACY INC,4328 S BUFFALO ST,,ORCHARD PARK,NY,141272638,7166623800,PIC,3336S0011X|3336H0001X|3336C0003X,tier_1_primary_pharmacy,Y,Y,
1942309182,GENOVESE DRUG STORES INC,52 JERICHO TURNPIKE,,MINEOLA,NY,115012930,5168732020,MANAGER ONLINE ADJUDICATION,3336C0003X,tier_1_primary_pharmacy,Y,Y,
1669571998,GENOVESE DRUG STORES INC,3114 30TH AVENUE,,LONG ISLAND CITY,NY,111021530,7182781901,MANAGER ONLINE ADJUDICATION,3336C0003X,tier_1_primary_pharmacy,Y,Y,
1811096142,GENOVESE DRUG STORES INC,273 PINE HOLLOW ROAD,,OYSTER BAY,NY,117714707,5166247050,MANAGER ONLINE ADJUDICATION,3336C0003X,tier_1_primary_pharmacy,Y,Y,
1639278963,GENOVESE DRUG STORES INC,500 HEMPSTEAD TURNPIKE,,WEST HEMPSTEAD,NY,115521125,5165384488,MANAGER ONLINE ADJUDICATION,3336C0003X,tier_1_primary_pharmacy,Y,Y,
1972602217,GENOVESE DRUG STORES INC,299 INDEPENDENCE PLAZA,,SELDEN,NY,117844034,6316988500,MANAGER ONLINE ADJUDICATION,3336C0003X,tier_1_primary_pharmacy,Y,Y,
1881793123,GENOVESE DRUG STORES INC,168 NORTH VILLAGE AVENUE,,ROCKVILLE CENTRE,NY,115703801,5167666560,MANAGER ONLINE ADJUDICATION,3336C0003X,tier_1_primary_pharmacy,Y,Y,
1699874933,GENOVESE DRUG STORES INC,23 EAST PARK AVENUE,,LONG BEACH,NY,115613597,5164314422,MANAGER ONLINE ADJUDICATION,3336C0003X,tier_1_primary_pharmacy,Y,Y,
1780783027,GENOVESE DRUG STORES INC,18 INDIAN HEAD ROAD,,KINGS PARK,NY,117543701,6315444530,MANAGER ONLINE ADJUDICATION,3336C0003X,tier_1_primary_pharmacy,Y,Y,
1598864837,GENOVESE DRUG STORES INC,7501 5TH AVENUE,,BROOKLYN,NY,112093301,7184924495,MANAGER ONLINE ADJUDICATION,3336C0003X,tier_1_primary_pharmacy,Y,Y,
1225137565,GENOVESE DRUG STORES INC,14 SOUNDVIEW MARKETPLACE,,PORT WASHINGTON,NY,110502221,5168838830,MANAGER ONLINE ADJUDICATION,3336C0003X,tier_1_primary_pharmacy,Y,Y,
1306945647,GENOVESE DRUG STORES INC,106 BROADWAY,,GREENLAWN,NY,117401310,6317578200,MANAGER ONLINE ADJUDICATION,3336C0003X,tier_1_primary_pharmacy,Y,Y,
1336249309,PALMER PHARMACY INC,2083 RT 96,,TRUMANSBURG,NY,14886,6073876728,OWNER CEO,3336C0003X|333600000X,tier_1_primary_pharmacy,Y,Y,
1003915356,GENOVESE DRUG STORES INC,225 FOREST AVENUE,,GLEN COVE,NY,115422028,5167591201,MANAGER ONLINE ADJUDICATION,3336C0003X,tier_1_primary_pharmacy,Y,Y,
1649379991,GENOVESE DRUG STORES INC,120 COURT STREET,,BROOKLYN,NY,112015607,7186432146,MANAGER ONLINE ADJUDICATION,3336C0003X,tier_1_primary_pharmacy,Y,Y,
1558460808,GENOVESE DRUG STORES INC,2748 EAST TREMONT AVENUE,,BRONX,NY,104612808,7188296808,MANAGER ONLINE ADJUDICATION,3336C0003X,tier_1_primary_pharmacy,Y,Y,
1467551713,GENOVESE DRUG STORES INC,1299 2ND AVENUE,,NEW YORK,NY,100215731,2127720104,MANAGER ONLINE ADJUDICATION,3336C0003X,tier_1_primary_pharmacy,Y,Y,
1093814345,GENOVESE DRUG STORES INC,320 SMITH STREET,,BROOKLYN,NY,112314608,7184039371,MANAGER ONLINE ADJUDICATION,3336C0003X,tier_1_primary_pharmacy,Y,Y,
1902905250,GENOVESE DRUG STORES INC,6410 AMBOY RD,,STATEN ISLAND,NY,103093129,7182275687,MANAGER ONLINE ADJUDICATION,3336C0003X,tier_1_primary_pharmacy,Y,Y,
1801995154,GENOVESE DRUG STORES INC,2119 MERRICK RD,,MERRICK,NY,115664704,5168670956,MANAGER ONLINE ADJUDICATION,3336C0003X,tier_1_primary_pharmacy,Y,Y,
1710086061,GENOVESE DRUG STORES INC,196 EAST HARTSDALE AVENUE,,HARTSDALE,NY,105303505,9147258890,MANAGER ONLINE ADJUDICATION,3336C0003X,tier_1_primary_pharmacy,Y,Y,
1265531511,GENOVESE DRUG STORES INC,2601 86TH ST,,BROOKLYN,NY,112233431,7189464827,MANAGER ONLINE ADJUDICATION,3336C0003X|333600000X,tier_2_secondary_pharmacy,N,Y,
1487753737,GENOVESE DRUG STORES INC,430 JERUSALEM AVE,,HICKSVILLE,NY,118015504,5169377500,MANAGER ONLINE ADJUDICATION,3336C0003X,tier_1_primary_pharmacy,Y,Y,
1295834547,GENOVESE DRUG STORES INC,6535 WOODHAVEN BOULEVARD,,REGO PARK,NY,113745047,7185206744,MANAGER ONLINE ADJUDICATION,3336C0003X,tier_1_primary_pharmacy,Y,Y,
1104925452,GENOVESE DRUG STORES INC,2064 MILL AVENUE,,BROOKLYN,NY,112345922,7185310408,MANAGER ONLINE ADJUDICATION,3336C0003X,tier_1_primary_pharmacy,Y,Y,
1740389097,GENOVESE DRUG STORES INC,6423 FORT HAMILTON PARKWAY,,BROOKLYN,NY,112195520,7188377177,MANAGER ONLINE ADJUDICATION,3336C0003X,tier_1_primary_pharmacy,Y,Y,
1275632531,GENOVESE DRUG STORES INC,836 SUNRISE HIGHWAY,,BAY SHORE,NY,117065908,6316652500,MANAGER ONLINE ADJUDICATION,3336C0003X,tier_1_primary_pharmacy,Y,Y,
1437258795,GENOVESE DRUG STORES INC,3199 LONG BEACH ROAD,,OCEANSIDE,NY,115724107,5167667200,MANAGER ONLINE ADJUDICATION,3336C0003X,tier_1_primary_pharmacy,Y,Y,
1346349602,GENOVESE DRUG STORES INC,864 MIDDLE COUNTRY ROAD,,MIDDLE ISLAND,NY,119532524,6319248500,MANAGER ONLINE ADJUDICATION,3336C0003X,tier_1_primary_pharmacy,Y,Y,
1275632432,GENOVESE DRUG STORES INC,4320 BELL BOULEVARD,,BAYSIDE,NY,113612865,7186318200,MANAGER ONLINE ADJUDICATION,3336C0003X,tier_1_primary_pharmacy,Y,Y,
1629177886,GENOVESE DRUG STORES INC,1508 COLLEGE POINT BOULEVARD,,COLLEGE POINT,NY,113562210,7184455800,MANAGER ONLINE ADJUDICATION,3336C0003X,tier_1_primary_pharmacy,Y,Y,
1437258696,GENOVESE DRUG STORES INC,6036 MYRTLE AVENUE,,RIDGEWOOD,NY,113855932,7184975190,MANAGER ONLINE ADJUDICATION,3336C0003X,tier_1_primary_pharmacy,Y,Y,
1346349503,GENOVESE DRUG STORES INC,7009 13TH AVENUE,,BROOKLYN,NY,112281603,7182561761,MANAGER ONLINE ADJUDICATION,3336C0003X,tier_1_primary_pharmacy,Y,Y,
1194824367,GENOVESE DRUG STORES INC,2981 OCEAN AVENUE,,BROOKLYN,NY,112353432,7183321001,MANAGER ONLINE ADJUDICATION,3336C0003X,tier_1_primary_pharmacy,Y,Y,
1184723355,GENOVESE DRUG STORES INC,1141 WANTAGH AVENUE,,WANTAGH,NY,117932135,5167834300,MANAGER ONLINE ADJUDICATION,3336C0003X,tier_1_primary_pharmacy,Y,Y,
1992804165,GENOVESE DRUG STORES INC,255 01 UNION TURNPIKE,,GLEN OAKS,NY,11004,7184706100,MANAGER ONLINE ADJUDICATION,3336C0003X,tier_1_primary_pharmacy,Y,Y,
1710086988,GENOVESE DRUG STORES INC,395 FORT SALONGA ROAD,,NORTHPORT,NY,117683099,6317548283,MANAGER ONLINE ADJUDICATION,3336C0003X,tier_1_primary_pharmacy,Y,Y,
1629177894,GENOVESE DRUG STORES INC,50 EAST MONTAUK HIGHWAY,,HAMPTON BAYS,NY,119461817,6317282566,MANAGER ONLINE ADJUDICATION,3336C0003X,tier_1_primary_pharmacy,Y,Y,
1447359617,GENOVESE DRUG STORES INC,2799 ROUTE 112,,MEDFORD,NY,117632535,6317582800,MANAGER ONLINE ADJUDICATION,3336C0003X,tier_1_primary_pharmacy,Y,Y,
1669571840,GENOVESE DRUG STORES INC,723 725 MANHATTAN AVENUE,,BROOKLYN,NY,11222,7183837967,MANAGER ONLINE ADJUDICATION,3336C0003X,tier_1_primary_pharmacy,Y,Y,
1578662755,GENOVESE DRUG STORES INC,126 128 JERICHO TURNPIKE,,COMMACK,NY,11725,6315430079,MANAGER ONLINE ADJUDICATION,3336C0003X,tier_1_primary_pharmacy,Y,Y,
1588763726,GENOVESE DRUG STORES INC,785 STATE ROUTE 17M,,MONROE,NY,109502623,8457828684,MANAGER ONLINE ADJUDICATION,3336C0003X,tier_1_primary_pharmacy,Y,Y,
1366542714,GENOVESE DRUG STORES INC,2125 BROADWAY,,LONG ISLAND CITY,NY,111064532,7189329200,MANAGER ONLINE ADJUDICATION,3336C0003X,tier_1_primary_pharmacy,Y,Y,
1275633620,GENOVESE DRUG STORES INC,871 SAW MILL RIVER ROAD,,ARDSLEY,NY,10502,9146936455,MANAGER ONLINE ADJUDICATION,3336C0003X,tier_1_primary_pharmacy,Y,Y,
1184724536,GENOVESE DRUG STORES INC,3601 BROADWAY,,ASTORIA,NY,111061045,7187213486,MANAGER ONLINE ADJUDICATION,3336C0003X,tier_1_primary_pharmacy,Y,Y,
1538269980,GENOVESE DRUG STORES INC,5825 35 BROADWAY,,BRONX,NY,10463,7185810840,MANAGER ONLINE ADJUDICATION,3336C0003X,tier_1_primary_pharmacy,Y,Y,
1447350897,GENOVESE DRUG STORES INC,1936 JERICHO TURNPIKE,,ELWOOD,NY,117316207,6314931223,MANAGER ONLINE ADJUDICATION,3336C0003X,tier_1_primary_pharmacy,Y,Y,
1356441703,GENOVESE DRUG STORES INC,541 WEST 235TH STREET,,BRONX,NY,104631708,7185488600,MANAGER ONLINE ADJUDICATION,3336C0003X,tier_1_primary_pharmacy,Y,Y,
1396845749,GENOVESE DRUG STORES INC,2815 JERUSALEM AVENUE,,NORTH BELLMORE,NY,117101833,5168263900,MANAGER ONLINE ADJUDICATION,3336C0003X,tier_1_primary_pharmacy,Y,Y,
1922108372,GENOVESE DRUG STORES INC,346 102 POINT PLAZA,,ROCKY POINT,NY,11778,6317444300,MANAGER ONLINE ADJUDICATION,3336C0003X,tier_1_primary_pharmacy,Y,Y,
1831299288,GENOVESE DRUG STORES INC,6026 WOODSIDE AVENUE,,WOODSIDE,NY,113773541,7186393234,MANAGER ONLINE ADJUDICATION,3336C0003X,tier_1_primary_pharmacy,Y,Y,
1740380195,GENOVESE DRUG STORES INC,9613 PORT WASHINGTON BOULEVARD,,PORT WASHINGTON,NY,110502924,5169446148,MANAGER ONLINE ADJUDICATION,3336C0003X,tier_1_primary_pharmacy,Y,Y,
1497855852,GENOVESE DRUG STORES INC,583 GRANDVIEW AVENUE,,RIDGEWOOD,NY,113852453,7183264752,MANAGER ONLINE ADJUDICATION,3336C0003X,tier_1_primary_pharmacy,Y,Y,
1568562916,GENOVESE DRUG STORES INC,6129 35 SPRINGFIELD BOULEVARD,,OAKLAND GARDENS,NY,11364,7184288888,MANAGER ONLINE ADJUDICATION,3336C0003X,tier_1_primary_pharmacy,Y,Y,
1912007329,THRIFTWAY BEEKMAN DRUG CORP,19 BEEKMAN ST,,NEW YORK,NY,100381522,2127661942,PHARMACY DIRECTOR,3336C0003X,tier_1_primary_pharmacy,Y,Y,
1346340791,GENOVESE DRUG STORES INC,225 LIBERTY STREET,SUITE 1,NEW YORK,NY,102814301,2126088416,MANAGER ONLINE ADJUDICATION,3336C0003X,tier_1_primary_pharmacy,Y,Y,
1154421501,GENOVESE DRUG STORES INC,4302 DITMARS BOULEVARD,,ASTORIA,NY,111051337,7182676766,MANAGER ONLINE ADJUDICATION,3336C0003X,tier_1_primary_pharmacy,Y,Y,
1063512416,GENOVESE DRUG STORES INC,532A UNION BOULEVARD,,WEST ISLIP,NY,11795,6316616883,MANAGER ONLINE ADJUDICATION,3336C0003X,tier_1_primary_pharmacy,Y,Y,
1962502310,GENOVESE DRUG STORES INC,283 JERICHO TURNPIKE,,HUNTINGTON STATION,NY,117463667,6312715704,MANAGER ONLINE ADJUDICATION,3336C0003X,tier_1_primary_pharmacy,Y,Y,
1871693226,GENOVESE DRUG STORES INC,1923 UTOPIA PARKWAY,,WHITESTONE,NY,113574131,7187674854,MANAGER ONLINE ADJUDICATION,3336C0003X,tier_1_primary_pharmacy,Y,Y,
1316047764,GENOVESE DRUG STORES INC,397 SUNRISE HIGHWAY,,PATCHOGUE,NY,117721901,6316541300,MANAGER ONLINE ADJUDICATION,3336C0003X,tier_1_primary_pharmacy,Y,Y,
1548360902,GENOVESE DRUG STORES INC,7118 3RD AVENUE,,BROOKLYN,NY,112091309,7187452830,MANAGER ONLINE ADJUDICATION,3336C0003X,tier_1_primary_pharmacy,Y,Y,
1457451817,GENOVESE DRUG STORES INC,8222 18TH AVENUE,,BROOKLYN,NY,112142901,7182566635,MANAGER ONLINE ADJUDICATION,3336C0003X,tier_1_primary_pharmacy,Y,Y,
1801996111,GENOVESE DRUG STORES INC,803 MONTAUK HIGHWAYC AND D,,SHIRLEY,NY,11967,6313998070,MANAGER ONLINE ADJUDICATION,3336C0003X,tier_1_primary_pharmacy,Y,Y,
1780784827,ASF PHARMACY INC,1018 CONEY ISLAND AVE,,BROOKLYN,NY,112301313,7184344000,PRESIDENT,3336C0003X,tier_1_primary_pharmacy,Y,Y,
1598866303,GENOVESE DRUG STORES INC,700 43 PATCHOGUE YAPHANK ROAD,,MEDFORD,NY,11763,6313450535,MANAGER ONLINE ADJUDICATION,3336C0003X,tier_1_primary_pharmacy,Y,Y,
1225139033,GENOVESE DRUG STORES INC,457 PARK AVENUE,,LINDENHURST,NY,117575250,6312255480,MANAGER ONLINE ADJUDICATION,3336C0003X,tier_1_primary_pharmacy,Y,Y,
1639270226,DESHI PHARMACY INC,46 STUART DR,,SYOSSET,NY,117915125,7187748702,PRES,333600000X|3336C0003X,tier_1_primary_pharmacy,Y,Y,
1760583579,WARWICK PHARMACY CORP,33 MAIN ST,,WARWICK,NY,109901332,8459862550,PRESIDENT,3336C0003X,tier_1_primary_pharmacy,Y,Y,
1780785501,GENOVESE DRUG STORES INC,1710 CROSBY AVENUE,,BRONX,NY,104614902,7189182459,MANAGER ONLINE ADJUDICATION,3336C0003X,tier_1_primary_pharmacy,Y,Y,
1326149154,GENOVESE DRUG STORES INC,369 LITTLE EAST NECK ROAD,,WEST BABYLON,NY,117047705,6314220011,MANAGER ONLINE ADJUDICATION,3336C0003X,tier_1_primary_pharmacy,Y,Y,
1750482980,ONE SOURCE PHARMACY SERVICES INC.,4480 BROADWAY,,NEW YORK,NY,100402606,2125673384,PRESIDENT,3336C0004X|3336S0011X|3336H0001X|3336C0003X,tier_1_primary_pharmacy,Y,Y,
1891896213,BROADWAY DOWNTOWN PHARMACY INC.,373 BROADWAY,,NEW YORK,NY,100133926,2129254888,PRESIDENT,3336C0003X,tier_1_primary_pharmacy,Y,Y,
1174624076,GENOVESE DRUG STORES INC,237 241 AVENUE U,,BROOKLYN,NY,11223,7189464370,MANAGER ONLINE ADJUDICATION,3336C0003X,tier_1_primary_pharmacy,Y,Y,
1235230053,GENOVESE DRUG STORES INC,599 E MAIN ST,,BAY SHORE,NY,117068505,6316662154,MANAGER ONLINE ADJUDICATION,3336C0003X,tier_1_primary_pharmacy,Y,Y,
1689775488,GENOVESE DRUG STORES INC,195 MAIN ROAD ROUTE 25,,MATTITUCK,NY,11952,6312985601,MANAGER OL ADJUDICATION,3336C0003X,tier_1_primary_pharmacy,Y,Y,
1306947106,GENOVESE DRUG STORES INC,2221 65TH STREET,,BROOKLYN,NY,11204,7182599378,MANAGER ONLINE ADJUDICATION,3336C0003X,tier_1_primary_pharmacy,Y,Y,
1316038060,V & B PHARMACY INC,1699 ROUTE 112,,MEDFORD,NY,117633660,6312896888,PRESIDENT,3336C0003X,tier_1_primary_pharmacy,Y,Y,
1790876365,3817 BROADWAY PHARMACY,3835 BROADWAY,,NEW YORK,NY,100321547,2129270220,PRESIDENT,3336C0003X,tier_1_primary_pharmacy,Y,Y,
1932290574,V.V PHARMACY INC,492 E 169TH ST,,BRONX,NY,104562627,7185383385,PRESIDENT,3336C0003X,tier_1_primary_pharmacy,Y,Y,
1386735926,LENOX PHARMACY INC,27 MALCOLM X BLVD,,NEW YORK,NY,100263819,2126789722,PRESIDENT,3336C0003X,tier_1_primary_pharmacy,Y,Y,
1053402107,WINMARK DRUG LTD,1065 LEXINGTON AVE,,NEW YORK,NY,100213274,2127371280,OWNER,333600000X|3336C0003X,tier_1_primary_pharmacy,Y,Y,
1336230291,AVIGNONE PHARMACY,281 6TH AVE,,NEW YORK,NY,100144723,2122423033,PRES,333600000X|3336C0003X,tier_1_primary_pharmacy,Y,Y,
1346331998,MALCOLM PHARMACY INC,160 LENOX AVE,,NEW YORK,NY,100261319,2127221550,PRESIDENT,3336C0003X,tier_1_primary_pharmacy,Y,Y,
1124119672,CROWN HEIGHTS PHARMACY INC,376 KINGSTON AVE,,BROOKLYN,NY,112134332,7184676700,PRESIDENT,3336C0003X,tier_1_primary_pharmacy,Y,Y,
1093807133,SOLS PHARMACY INC,1070 SOUTHERN BLVD,,BRONX,NY,10459,7185427955,SEC,333600000X,tier_1_primary_pharmacy,Y,Y,
1033201504,NORTHERN DUTCHESS PHARMACY INC,18 EAST MARKET ST,,RHINEBECK,NY,12572,8458763939,PRESIDENT SUPERVISING PHARMACIST,333600000X,tier_1_primary_pharmacy,Y,Y,
1366535791,HARRICO-GALLER DRUG CORPORATION,1374 CONEY ISLAND AVE,,BROOKLYN,NY,112304120,7183777724,PRESIDENT,333600000X|3336C0003X,tier_1_primary_pharmacy,Y,Y,
1275626608,ESCO DRUG CO INC,687 9TH AVE,,NEW YORK,NY,10036,2122468169,PRESIDENT,333600000X|3336C0003X,tier_1_primary_pharmacy,Y,Y,
1992898324,LUNA PARK PHARMACY INC,2875 W 8TH ST,,BROOKLYN,NY,112243601,7189465444,OWNER,333600000X|3336C0003X,tier_1_primary_pharmacy,Y,Y,
1801989231,HANA PHARMACY INC,2926 UNION ST,,FLUSHING,NY,113542201,7183593373,OWNER,3336C0003X|333600000X,tier_1_primary_pharmacy,Y,Y,
1710070149,SHABSIS PHARMACY INC,70 LEE AVE,,BROOKLYN,NY,112111874,7183870021,PRESIDENT,333600000X|3336C0003X,tier_1_primary_pharmacy,Y,Y,
1447343876,RAINDEW PLANDOME PHARMACY LTD,465 PLANDOME RD,,MANHASSET,NY,110301942,5166278666,OWNER,333600000X|3336C0004X|3336C0003X,tier_1_primary_pharmacy,Y,Y,
1174616502,SJS PHARMACY INC,105-107 E BURNSIDE AVE,,BRONX,NY,104534142,7189331222,OWNER,333600000X|3336C0003X,tier_1_primary_pharmacy,Y,Y,
1083707418,GNL PHARMACY,8610 BAY PKWY,,BROOKLYN,NY,112144102,7184496092,PRESIDENT,333600000X|3336C0003X,tier_1_primary_pharmacy,Y,Y,
1063505493,3- 9 DRUG INC,102 NAGLE AVE,,NEW YORK,NY,100401401,2129425050,PRESIDENT,3336C0003X|333600000X,tier_1_primary_pharmacy,Y,Y,
1972696300,ROSENKRANS PHARMACY INC,40 MAIN ST,,OAKFIELD,NY,141251043,5859485283,MANAGING PHARMACIST,3336L0003X|333600000X|3336C0003X,tier_1_primary_pharmacy,Y,Y,
1699868026,GREENLEAF PHARMACY LLC,544 WARBURTON AVE,,HASTINGS ON HUDSON,NY,107061549,9144780004,VP OPERATIONS,3336C0003X,tier_1_primary_pharmacy,Y,Y,
1154414589,FELLERDOM PHARMACY INC,8318 5TH AVE,,BROOKLYN,NY,112094511,7187452100,PRESIDENT AND PHARMACIST,333600000X|3336C0003X,tier_1_primary_pharmacy,Y,Y,
1184717514,ARSHA PHARMACY CORP,1889 COMMERCE ST,,YORKTOWN HEIGHTS,NY,105984432,9149623600,OWNER,333600000X|3336C0003X,tier_1_primary_pharmacy,Y,Y,
1629161054,RALPH PLACE PHARMACY INC.,11 RALPH PL,STE 106,STATEN ISLAND,NY,103044401,7187209640,PRES,333600000X|3336C0003X,tier_1_primary_pharmacy,Y,Y,
1538252960,424 NEIGHBORHOOD PHARMACY INC,424 SUTTER AVE,STORE 4,BROOKLYN,NY,112128113,7184856303,PHARMACIST,333600000X|3336C0003X,tier_1_primary_pharmacy,Y,Y,
1174617658,"ALLSCRIPT PHARMACY,INC.",173 HIGH STREET,,BUFFALO,NY,14204,7168820196,VICE PRESIDENT/PHARMACIST,3336C0003X,tier_1_primary_pharmacy,Y,Y,
1326131632,JMK PHARMACY CORP,4721 13TH AVE,,BROOKLYN,NY,112192602,7184386555,CO OWNER,333600000X|3336C0003X,tier_1_primary_pharmacy,Y,Y,
1235222548,ASTRA PHARMACY CORP,9415 63RD DR,,REGO PARK,NY,113742027,7182754847,SUPERVISING PHARMACIST,333600000X|3336C0003X,tier_1_primary_pharmacy,Y,Y,
1851484166,NUNDA FAMILY PHARMACY LLC,12 N STATE ST,,NUNDA,NY,145170518,5854682416,OWNER,333600000X|3336C0003X,tier_1_primary_pharmacy,Y,Y,
1407949159,"KRAUPNER PHARMACY, INC",457 KNICKERBOCKER AVE,,BROOKLYN,NY,112375107,7188211313,SUPERVISING PHARMACIST,3336C0003X,tier_1_primary_pharmacy,Y,Y,
1407949183,PARK IRMAT DRUG CORP,2 PARK AVE,,NEW YORK,NY,100165675,2126850500,PRESIDENT,3336M0002X|3336C0004X|333600000X|3336C0003X,tier_1_primary_pharmacy,Y,Y,
1174616700,GIDEON'S DRUG,1385 BROADWAY,,NEW YORK,NY,10018,2125756868,PROPRIETOR,3336C0003X,tier_1_primary_pharmacy,Y,Y,
1962597344,ARROCHAR PHARMACY INC,121 MCCLEAN AVENUE,,STATEN ISLAND,NY,103054655,7184473117,PRESIDENT & SUPERVISING PHARMACIST,3336C0003X,tier_1_primary_pharmacy,Y,Y,
1134213549,OVAL PHARMACY CORP,1500 METROPOLITAN AVE,,BRONX,NY,104626801,7188230688,PRESIDENT,3336C0003X|333600000X,tier_1_primary_pharmacy,Y,Y,
1952495368,CALVO DRUG INC,106 N MAIN ST,,EAST HAMPTON,NY,119372640,6313243887,OWNER/PHARM,3336S0011X|333600000X|3336C0003X,tier_1_primary_pharmacy,Y,Y,
1770677189,FISHKILL PLAINS PHARMACY INC,1004 MAIN ST,BLDG 554,FISHKILL,NY,125243509,8458970636,PRES,333600000X|3336C0003X,tier_1_primary_pharmacy,Y,Y,
1689768095,CRYSTAL CITY APOTHECARY LLC,26 W MARKET ST,,CORNING,NY,148302617,6079367023,OWNER,3336C0003X,tier_1_primary_pharmacy,Y,Y,
1306930714,LINDEN PHARMACY INC.,1368 LINDEN BLVD,,BROOKLYN,NY,112124702,7183423131,BOOKKEEPER,3336C0003X|333600000X,tier_1_primary_pharmacy,Y,Y,
1255426839,GREENPOINT PHARMACY CORPORATION,40-26 GREENPOINT AVENUE,,LONG ISLAND CITY,NY,11104,7189371750,"PRESIDENT, RPH",3336C0003X,tier_1_primary_pharmacy,Y,Y,
1568556769,AMI PHARMACY INC.,4180 BROADWAY,,NEW YORK,NY,100333736,2129235733,PRESIDENT,3336C0003X,tier_1_primary_pharmacy,Y,Y,
1447345764,FAR ROCKAWAY PHARMACY CORP,2119 MOTT AVE,,FAR ROCKAWAY,NY,116913215,7183272511,PRESIDENT,3336C0003X,tier_1_primary_pharmacy,Y,Y,
1194810770,SULLIVAN PHARMACY INC,267 NORTH MAIN ST,,LIBERTY,NY,127541846,8452955456,SUPERVISING PHARMACIST/OWNER,3336C0003X,tier_1_primary_pharmacy,Y,Y,
1639263494,COKA PHARMACY,2239 CHURCH AVE,,BROOKLYN,NY,112263201,7189417722,PHARMACIST/OWNER,3336C0003X,tier_1_primary_pharmacy,Y,Y,
1376638890,"SOUND SHORE PHARMACY, INC",16 GUION PLACE,OUTPATIENT PHARMACY,NEW ROCHELLE,NY,108015503,9143653986,SUPERVISING PHARMACIST,3336C0003X,tier_1_primary_pharmacy,Y,Y,
1790870848,ATLANTIS DRUG CORP,152 7 STREET,,GARDEN CITY,NY,11530,5168738058,PRESIDENT,3336C0003X,tier_1_primary_pharmacy,Y,Y,
1649366188,GIFFORD & WEST PHARMACY INC,300 GIFFORD ST,,SYRACUSE,NY,132043257,3154714139,PRESIDENT,3336L0003X|333600000X|3336C0003X,tier_1_primary_pharmacy,Y,Y,
1033204169,A. & W PHARMACY INC,1121 MCDONALD AVE,,BROOKLYN,NY,11230,7183778030,PRESIDENT,3336C0003X,tier_1_primary_pharmacy,Y,Y,
1740375484,SIRI PHARMACY INC,23 FLATBUSH AVE,,BROOKLYN,NY,112171101,7185967397,PRESIDENT,333600000X,tier_1_primary_pharmacy,Y,Y,
1861587016,G&S DRUG CORP,8016 13TH AVE,,BROOKLYN,NY,112283002,7188334810,VICE PRESIDENT,3336C0003X,tier_1_primary_pharmacy,Y,Y,
1700973021,AMERICAN PHARMACY INC,5524 8TH AVE,,BROOKLYN,NY,112203516,7186861688,MANAGER,3336C0003X,tier_1_primary_pharmacy,Y,Y,
1700973062,RAHIMU PHARMACY INC,607 SOUNDVIEW AVE,,BRONX,NY,104732928,7189917550,PHARMACY MANAGER/AUTHORIZED OFFICIA,3336C0003X,tier_1_primary_pharmacy,Y,Y,
1275620593,AM PHARMACY INC,5702 8TH AVE,,BROOKLYN,NY,112203516,7182389828,MANAGER,3336C0003X,tier_1_primary_pharmacy,Y,Y,
1225125628,MT. CARMEL PHARMACY INC,705 E 187TH ST,,BRONX,NY,104586803,7183646100,SECRETARY/OWNER,333600000X,tier_1_primary_pharmacy,Y,Y,
1043307507,GR PHARMACY INC,8818 ROCKAWAY BEACH BLVD,,ROCKAWAY BEACH,NY,116931608,7189454300,PRESIDENT,3336C0003X,tier_1_primary_pharmacy,Y,Y,
1144317348,SHRINEETA PHARMACY INC,1743 AMSTERDAM AVE,,NEW YORK,NY,100314614,2122347959,VICE-PRESIDENT,333600000X|3336C0003X,tier_1_primary_pharmacy,Y,Y,
1962599167,OCEAN PHARMACY INC,3124 LONG BEACH RD,,OCEANSIDE,NY,115723299,5167649600,PRESIDENT,3336C0003X,tier_1_primary_pharmacy,Y,Y,
1780771980,QUEENS PHARMACY CORP,1653 SHEEPSHEAD BAY RD,,BROOKLYN,NY,112353804,7189343838,OWNER,333600000X|3336C0003X,tier_1_primary_pharmacy,Y,Y,
1407943608,TRUCARE PHARMACY OF ROCKLAND INC,358 ROUTE 202,,POMONA,NY,109703107,8453645300,OWNER/ SP,333600000X|3336C0003X|3336L0003X,tier_1_primary_pharmacy,Y,Y,
1225125420,MIEL PHARMACY CORP,8617 5TH AVE,,BROOKLYN,NY,112095201,7187599500,PRES,333600000X|3336C0003X,tier_1_primary_pharmacy,Y,Y,
1134216336,LINDEN RX INC,2568 LINDEN BLVD,,BROOKLYN,NY,112084904,7184850070,SUPERVISING PHARMACIST,3336C0003X|333600000X,tier_1_primary_pharmacy,Y,Y,
1043307242,904 PROSPECT PHARMACY INC,904 PROSPECT AVE,,BRONX,NY,104593929,7189916700,CEO,3336C0003X|3336S0011X|3336L0003X,tier_1_primary_pharmacy,Y,Y,
1952498156,RUEL PHARMACY CORP,3692 NOSTRAND AVE,,BROOKLYN,NY,112295303,7187699600,OWNER,333600000X|3336C0003X,tier_1_primary_pharmacy,Y,Y,
1306933502,MEDPHARM DRUG AND TRADING INC,61 CATHERINE ST,,NEW YORK,NY,100381307,2122675670,PRES,333600000X|3336C0003X,tier_1_primary_pharmacy,Y,Y,
1841387057,THRIFTWAY HYLAN BLVD DRUG CORP,2728 HYLAN BLVD,,STATEN ISLAND,NY,103064658,7189870700,PRESIDENT,333600000X|3336C0003X,tier_1_primary_pharmacy,Y,Y,
1487741690,"PRESCRIPTION CENTER PHARMACY OF ROME, INC.",143 N WASHINGTON ST,,ROME,NY,134405822,3153377050,PRESIDENT,3336C0003X,tier_1_primary_pharmacy,Y,Y,
1114014164,VINCE'S PHARMACY OF CAMILLUS INC,240 TOWNSHIP BLVD STE 30,,CAMILLUS,NY,130311793,3154875775,PRESIDENT,3336L0003X|3336C0003X,tier_1_primary_pharmacy,Y,Y,
1336236314,COMPASHIONE PHARMACY INC,5002 4TH AVE,,BROOKLYN,NY,112201814,7184398383,PRESIDENT,3336C0003X,tier_1_primary_pharmacy,Y,Y,
1851488837,CREST PHARMACY LTD,913 FULTON ST,,BROOKLYN,NY,112381752,7183998677,PRESIDENT,3336C0003X,tier_1_primary_pharmacy,Y,Y,
1497842363,BARTLES PHARMACY INC,10 LAFAYETTE PARK,,OXFORD,NY,138300630,6078432841,PRES,333600000X|3336C0003X,tier_1_primary_pharmacy,Y,Y,
1326135294,SHREE GANESH PHARMACY,2810 3RD AVE,,BRONX,NY,10455,7184016778,PHARM/CLERK,333600000X|3336C0003X,tier_1_primary_pharmacy,Y,Y,
1184712028,NYU STUDENT HEALTH CENTER PHARMACY,726 BROADWAY,4TH FLOOR,NEW YORK,NY,100039502,2124431050,PHARMACIST IN CHARGE,333600000X,tier_1_primary_pharmacy,Y,Y,
1124116009,L & S PHARMACY INC,424 BRIGHTON BEACH AVE,,BROOKLYN,NY,112356457,7183325881,SUPERVISING PHARMACIST,3336C0004X|3336C0003X,tier_1_primary_pharmacy,Y,Y,
1215025226,JAN PHARMACY CORP.,420 CLINTON ST,,BROOKLYN,NY,112313554,7188556171,OWNER,333600000X,tier_1_primary_pharmacy,Y,Y,
1851489959,MASON RX INC,1255 CASTLE HILL AVE,,BRONX,NY,104624813,7188630210,PRESIDENT,3336C0003X,tier_1_primary_pharmacy,Y,Y,
1801985247,STRATTON SCARSDALE PHARMACY INC,1467 WEAVER ST,,SCARSDALE,NY,105837018,9147238558,PRESIDENT,333600000X,tier_1_primary_pharmacy,Y,Y,
1790874857,HONG KONG PHARMACY CO.,228 FLATBUSH AVE,,BROOKLYN,NY,112172473,7182303303,CO. PRESIDENT,3336C0003X,tier_1_primary_pharmacy,Y,Y,
1952490021,JANUS PHARMACY INC.,833 58TH ST,,BROOKLYN,NY,112203609,7188547092,CO. PRESIDENT,3336C0003X,tier_1_primary_pharmacy,Y,Y,
1194814889,CAMY PHARMACY INC,14410 45TH AVE,,FLUSHING,NY,113552232,7184614452,SP,333600000X|3336C0003X,tier_1_primary_pharmacy,Y,Y,
1003905795,S & D PHARMACY INC,493 SUNRISE HWY,,LYNBROOK,NY,115633017,5165939350,PRES/PHARM,3336C0003X|333600000X,tier_1_primary_pharmacy,Y,Y,
1912096603,SHRIJI PHARMACY INC,11 S 4TH AVE,,MT VERNON,NY,105503104,9146689300,PRESIDENT,333600000X|3336C0003X,tier_1_primary_pharmacy,Y,Y,
1821187519,GRAHAM RX CORP,710 METROPOLITAN AVE,,BROOKLYN,NY,112116714,7183870124,OWNER,333600000X|3336C0003X,tier_1_primary_pharmacy,Y,Y,
1649369331,JMJ PHARMACY,2823 NOSTRAND AVE,,BROOKLYN,NY,112291816,7182522818,PRESIDENT,333600000X|3336C0003X,tier_1_primary_pharmacy,Y,Y,
1801985908,MURAWSKI PHARMACY INC,94 98 NASSAU AVE,MURAWSKI PHARMACY INC,BROOKLYN,NY,11222,7183897600,PIC,3336C0003X,tier_1_primary_pharmacy,Y,Y,
1346339447,ESJAY PHARMACY CORP,556 GRAND ST,BROOKLYN,BROOKLYN,NY,112114386,7183847901,PRESIDENT,3336C0003X,tier_1_primary_pharmacy,Y,Y,
1679662225,CURASCRIPT PHARMACY INC,3980 SHERIDAN DR,STE 311,AMHERST,NY,142261727,7165150250,VP,333600000X|3336C0003X,tier_1_primary_pharmacy,Y,Y,
1588753131,THEONIS PHARMACY INC,2465 GRAND CONCOURSE,,BRONX,NY,104685443,7182207555,MGR,333600000X|3336C0003X,tier_1_primary_pharmacy,Y,Y,
1710076351,SALTZMAN PHARMACY INC,96 THIRD AVENUE,,BROOKLYN,NY,11217,7186250141,PRESIDENT,3336C0003X,tier_1_primary_pharmacy,Y,Y,
1386733079,ROSENKRANS PHARMACY INC,526 MAIN ST,,MEDINA,NY,141031421,5857981650,MANAGING PHARMACIST,333600000X|3336L0003X|3336C0003X,tier_1_primary_pharmacy,Y,Y,
1104916089,870 SOUTHERN DRUG CORP.,924 MYRTLE AVENUE,,BROOKLYN,NY,112067295,7184436000,PRESIDENT & CEO,333600000X|3336C0003X,tier_1_primary_pharmacy,Y,Y,
1609966498,CONCOURSE PHARMACY INC.,767 CONCOURSE VLG W,,BRONX,NY,104513801,7186650026,PRESIDENT,3336C0003X,tier_1_primary_pharmacy,Y,Y,
1992895692,GEM DRUG CORPORATION,300 MORTON AVE,,ALBANY,NY,122092220,5184652253,PRESIDENT/SUP.PHARMACIST,3336C0003X,tier_1_primary_pharmacy,Y,Y,
1104916154,KWIKAID PHARMACY INC,15 S ROUTE 303,,CONGERS,NY,109202449,8452675945,SP,3336C0003X,tier_1_primary_pharmacy,Y,Y,
1306936380,V-CARE PHARMACY INC,59 E ECKERSON RD,,SPRING VALLEY,NY,109773014,8453712018,PRESIDENT,3336C0003X,tier_1_primary_pharmacy,Y,Y,
1285724534,EAST ISLIP PHARMACY INC,126 E MAIN ST,,EAST ISLIP,NY,117302600,6315819620,PRESIDENT,333600000X|3336C0003X,tier_1_primary_pharmacy,Y,Y,
1386734655,TEJ PHARMACY INC,414 WILLIS AVE,,BRONX,NY,104541011,7185857061,PRESIDENT,333600000X|3336C0003X,tier_1_primary_pharmacy,Y,Y,
1427138627,MYRTLE AVE PHARMACY INC,329 MYRTLE AVE,A,BROOKLYN,NY,11205,7185960202,PRESIDENT,333600000X,tier_1_primary_pharmacy,Y,Y,
1023198223,S & V PHARMACY INC,3750A 3RD AVE,,BRONX,NY,104562102,7182938810,PRESIDENT,3336C0003X,tier_1_primary_pharmacy,Y,Y,
1366522591,GAG DRUG CORP,6686 FRESH POND RD,,GLENDALE,NY,113853924,7183811299,SUPERVISING PHARMACIST,333600000X,tier_1_primary_pharmacy,Y,Y,
1720168420,TOWN DRUG AT BROADWAY INC,4764 BROADWAY,,NEW YORK,NY,100344916,2123049582,VP,333600000X,tier_1_primary_pharmacy,Y,Y,
1215018213,"ADIRONDACK PHARMACY, INC.",4057 STATE HIGHWAY 3,,STAR LAKE,NY,136900211,3158483784,PRESIDENT,3336L0003X|3336C0003X,tier_1_primary_pharmacy,Y,Y,
1871674531,PORT SALEM PHARMACY CORP,475 PORT WASHINGTON BLVD,,PORT WASHINGTON,NY,11050,5169448668,OWNER,3336C0003X,tier_1_primary_pharmacy,Y,Y,
1699857763,SMP PHARMACY CORPORATION,93 20 LIBERTY AVENUE,,OZONE PARK,NY,11417,7186415648,OWNER SUPERVISING PHARMACIST,333600000X,tier_1_primary_pharmacy,Y,Y,
1619059409,MIRRA PHARMACY CORP,82 E POST RD,,WHITE PLAINS,NY,106015007,9149497000,PRESIDENT,333600000X|3336C0003X,tier_1_primary_pharmacy,Y,Y,
1528140316,WILLIAM HALSTEAD PHARMACY INC,62 VINEYARD AVE,,HIGHLAND,NY,125281426,8456917671,OWNER,3336C0003X,tier_1_primary_pharmacy,Y,Y,
1437231222,DRUG RITE PHARMACY INC,2426 GRAND CONCOURSE,,BRONX,NY,104585202,7182209200,CEO AND PRESIDENT,333600000X|3336C0003X,tier_1_primary_pharmacy,Y,Y,
1417039207,B EIDINGER & SON DRUG CORP,250 3RD AVE,,NEW YORK,NY,100107465,2124751144,RPH,333600000X|3336C0003X,tier_1_primary_pharmacy,Y,Y,
1326120114,SEJAL PHARMACY INC,324 MAIN ST,,POUGHKEEPSIE,NY,126013110,8454712320,PRESIDENT,3336C0003X,tier_1_primary_pharmacy,Y,Y,
1518049303,GOOD BUY DRUG LLC,103 MAIN ST,,PORT WASHINGTON,NY,110502822,5168831155,ADMIN,333600000X|3336C0003X,tier_1_primary_pharmacy,Y,Y,
1427130210,3340 BROADWAY PHARMACY 2 INC,3621 BROADWAY,,NEW YORK,NY,100312518,2129269800,PRESIDENT,333600000X|3336C0003X,tier_1_primary_pharmacy,Y,Y,
1336221126,NEW YORK PHARMACY INC,131 WALKER ST,,NEW YORK,NY,100134108,2122193287,SUPERVISOR,333600000X|3336C0003X,tier_1_primary_pharmacy,Y,Y,
1245312032,ST JOHNS PLACE PHARMACY INC,1106 SAINT JOHNS PL,,BROOKLYN,NY,112132675,7187732200,SUPERVISING PHARMACIST,333600000X|3336C0003X,tier_1_primary_pharmacy,Y,Y,
1235211020,ELLICOTTVILLE PHARMACY INC,445 BROAD ST,,SALAMANCA,NY,147791424,7169452140,SUPERVISING RPH SECT TREAS,333600000X|3336C0003X,tier_1_primary_pharmacy,Y,Y,
1891877684,86TH ST PHARMACY CORP,203 BRIGHTON BEACH AVE,,BROOKLYN,NY,112357406,7187431200,PRES AND PHARM,333600000X|3336C0003X,tier_1_primary_pharmacy,Y,Y,
1346322138,MARLBORO DRUG CO INC,2313 STILLWELL AVE,,BROOKLYN,NY,112235647,7183732600,PRESIDENT,333600000X|3336C0003X,tier_1_primary_pharmacy,Y,Y,
1164504957,S AND Z PHARMACY CORP,1929 KINGS HWY,,BROOKLYN,NY,112291313,7189989595,SUP PHARM/PRES,333600000X|3336C0003X,tier_1_primary_pharmacy,Y,Y,
1073695862,BARLEN PHARMACY INC,38 COLD SPRING RD,,SYOSSET,NY,117913132,5169210880,PRES PHCST,333600000X|3336C0003X,tier_1_primary_pharmacy,Y,Y,
1790867588,SECOND AVE PHARMACY INC,249 E 115TH ST,,NEW YORK,NY,100292130,2128768300,PARTNER AND SUPERVISING PHCST,333600000X|3336C0003X,tier_1_primary_pharmacy,Y,Y,
1154403947,PHARMACY EXPRESS LLC,701 FLATBUSH AVE,,BROOKLYN,NY,112256058,7182825800,MEMBER,3336C0004X|333600000X|3336C0003X,tier_1_primary_pharmacy,Y,Y,
1972685766,AMERIWAY PHARMACY INC,2272 86TH ST,,BROOKLYN,NY,112144138,7188725737,SUPERVISING PHARMACIST,3336C0003X,tier_1_primary_pharmacy,Y,Y,
1275616120,MARTY'S PHARMACY,9422 AVENUE L,,BROOKLYN,NY,112364809,7182511313,OWNER SUPERVISING PHARMACIST,3336C0003X,tier_1_primary_pharmacy,Y,Y,
1861575805,BIG MART PHARMACY INC,2740 3RD AVE,,BRONX,NY,104554036,7182923116,PRESIDENT,3336C0003X,tier_1_primary_pharmacy,Y,Y,
1508940636,ABRIN PHARMACY,13113 ROCKAWAY BLVD,,S OZONE PARK,NY,114202931,7185291130,SUPRV PHARM,333600000X|3336C0003X,tier_1_primary_pharmacy,Y,Y,
1417031543,PPC PHARMACY INC,1272 BOSTON RD,,BRONX,NY,104563621,7189914000,OWNER,333600000X|3336C0003X,tier_1_primary_pharmacy,Y,Y,
1326122458,SNVK PHARMACY INC,47 W 183RD ST,,BRONX,NY,104531233,7183642800,PHARMACY MANAGER / PHARMACIST,333600000X|3336C0003X,tier_1_primary_pharmacy,Y,Y,
1962586099,BELLMORE PHARMACY INC,111 BEDFORD AVE,,BELLMORE,NY,117103526,5162214022,OWNER/RPH,333600000X|3336L0003X|3336S0011X|3336C0003X,tier_1_primary_pharmacy,Y,Y,
1518041656,ELSMERE PHARMACY INC,31 NEW SCOTLAND AVE,,ALBANY,NY,122083527,5184620612,OWNER SUPERVISING PHARMACIST,3336C0003X,tier_1_primary_pharmacy,Y,Y,
1962586016,RAINDEW PHARMACY LTD,35-15 FRANCIS LEWIS BLVD,,BAYSIDE,NY,11577,7185397752,SUPERVISING PHARMACIST,3336C0003X,tier_1_primary_pharmacy,Y,Y,
1457435216,RABINOWITZ PHARMACY INC,602 BRIGHTON BEACH AVE,,BROOKLYN,NY,11235,7183323708,V PRESIDENT,333600000X,tier_1_primary_pharmacy,Y,Y,
1316021199,VEVI PHARMACY INC,32 E MAIN ST,,RIVERHEAD,NY,119012423,6317272125,OWNER/PHARMACIST,3336C0003X,tier_1_primary_pharmacy,Y,Y,
1255415030,DITMAS PHARMACY CORP,509 DITMAS AVE,,BROOKLYN,NY,112185001,7186750055,OWNER,3336C0003X,tier_2_secondary_pharmacy,N,Y,
1235213364,JAY PHARMACY CORP,1328 SAINT NICHOLAS AVE,,NEW YORK,NY,100337213,2125681383,PRESIDENT,3336C0003X,tier_1_primary_pharmacy,Y,Y,
1144304270,GLEN HEAD PHARMACY INC,699 GLEN COVE AVE,,GLEN HEAD,NY,115451602,5166761004,PRESIDENT,333600000X|3336C0003X,tier_1_primary_pharmacy,Y,Y,
1053495184,SLV PHARMACY INC,86 52 QUEENS BLVD,,ELMHURST,NY,113734486,7184573192,PRESIDENT,333600000X|3336C0003X,tier_1_primary_pharmacy,Y,Y,
1245314087,SOUTHOLD PHARMACY INC,53895 MAIN RD,,SOUTHOLD,NY,119714644,6317653434,OWNER,333600000X|3336C0003X,tier_1_primary_pharmacy,Y,Y,
1396820593,NEW PELHAM PARKWAY PHARMACY INC.,1469 BEACH AVE,,BRONX,NY,104603630,7184090908,PHARMACIST  PRESIDENT,333600000X,tier_1_primary_pharmacy,Y,Y,
1730264946,PARKSIDE PHARMACY INC,975 BROADWAY ST,,BUFFALO,NY,142121317,7168958811,PRESIDENT,3336C0003X,tier_1_primary_pharmacy,Y,Y,
1780769125,"MAIN STREET PHARMACY OF MARCELLUS, INC.",11 E MAIN ST,,MARCELLUS,NY,131081224,3156732410,PRESIDENT/PHARMACIST,333600000X,tier_1_primary_pharmacy,Y,Y,
1992880280,LAS AMERICAS PHARMACY CORP,3 BROADWAY,,HAVERSTRAW,NY,109271605,8454292804,PRESIDENT,333600000X|3336C0003X,tier_1_primary_pharmacy,Y,Y,
1427134964,SOHAN RX INC,178 AVENUE C,,NEW YORK,NY,100094235,2122280764,PRESIDENT,333600000X|3336C0003X,tier_1_primary_pharmacy,Y,Y,
1609952910,"E.H. PHARMACY, INC.",310 ROSLYN RD,,ROSLYN HEIGHTS,NY,115772214,5166217373,PRESIDENT,3336C0003X,tier_1_primary_pharmacy,Y,Y,
1851478721,S V RAJ PHARMACY INC,222 HOYT ST,,BROOKLYN,NY,112172909,7186244238,PRES PHCST,333600000X|3336C0003X,tier_1_primary_pharmacy,Y,Y,
1548348519,CAREBAY PHARMACY,3828 NOSTRAND AVE,,BROOKLYN,NY,112352013,7189348888,SP RPH,3336C0003X,tier_1_primary_pharmacy,Y,Y,
1740367564,NEW LONDON PHARMACY INC,241 W 23RD ST,,NEW YORK,NY,100112320,2122434987,SUPERVISING PHARMACIST AND OWNER,3336C0004X|3336C0003X,tier_1_primary_pharmacy,Y,Y,
1891873733,"RX CITY PHARMACY, INC",161 GENESEE ST,SUITE 105,AUBURN,NY,130213451,3152820088,PRESIDENT,3336C0003X,tier_1_primary_pharmacy,Y,Y,
1124105812,LAGRANGE PHARMACY INC,702 FREEDOM PLAINS RD,,POUGHKEEPSIE,NY,126036710,8454714330,PRESIDENT,333600000X|3336C0004X|3336C0003X,tier_1_primary_pharmacy,Y,Y,
1629155734,ST GABRIEL PHARMACY CORP,20-22 W BURNSIDE AVE,,BRONX,NY,104534004,7182943770,PRESIDENT,333600000X|3336C0003X,tier_1_primary_pharmacy,Y,Y,
1205914272,ROCKAWAY RX INC,710 ROCKAWAY AVENUE,,BROOKLYN,NY,112125456,7184983941,PRESIDENT,3336C0003X,tier_1_primary_pharmacy,Y,Y,
1205914710,ROSEBANK PHARMACY LLC,500 TOMPKINS AVE,,STATEN ISLAND,NY,103051743,7187270426,SUPERVISING PHARMACIST/OWNER,333600000X|3336C0003X,tier_1_primary_pharmacy,Y,Y,
1114005626,FLUSHING PHARMACY INC,414 FLUSHING AVE,,BROOKLYN,NY,112051548,7182608999,OWNER,3336C0003X,tier_1_primary_pharmacy,Y,Y,
1023196532,MILLENNIUM PHARMACY INC,3420 FULTON ST,,BROOKLYN,NY,112081716,7183485000,PRESIDENT,333600000X|3336C0003X,tier_1_primary_pharmacy,Y,Y,
1104904630,LENOXHILL PHARMACY INC,1410 SECOND AVENUE,,NEW YORK,NY,100213704,2128790910,PRESIDENT,3336C0003X,tier_1_primary_pharmacy,Y,Y,
1629155361,COMMUNITY PHARMACY INC,100 INDEPENDENT WAY,STE G,BREWSTER,NY,105096301,8452782700,SUPERVISING PHARMACIST,333600000X|3336C0003X,tier_1_primary_pharmacy,Y,Y,
1245318658,KEESEVILLE PHARMACY INC,1730 FRONT ST,,KEESEVILLE,NY,129443618,5188346090,SUPV PHRM,3336C0004X|333600000X|3336C0003X,tier_1_primary_pharmacy,Y,Y,
1316025737,CORNERSTONE DRUG & GIFT INC,72 CHAMPLAIN ST,,ROUSES POINT,NY,129791505,5182973784,PHRM,3336C0004X|333600000X|3336C0003X,tier_1_primary_pharmacy,Y,Y,
1710066485,TOMKINS DRUG CORP,920 WHEELER RD,,HAUPPAUGE,NY,117882900,6317247096,PRESIDENT,3336C0003X|333600000X,tier_1_primary_pharmacy,Y,Y,
1427137819,LEFFERTS PHARMACY INC,5825 5TH AVE,,BROOKLYN,NY,112203819,7184396360,SPH PRESIDENT,333600000X|3336C0003X,tier_1_primary_pharmacy,Y,Y,
1265501407,JJ PHARMACY INC,4043 BROADWAY,,NEW YORK,NY,10032,2127951240,PRESIDENT,333600000X,tier_1_primary_pharmacy,Y,Y,
1750460077,AL-MEDINA PHARMACY INC,1242 FLATBUSH AVE,,BROOKLYN,NY,112267619,7189412669,SUPERVISING PHARMACIST,333600000X|3336C0003X,tier_1_primary_pharmacy,Y,Y,
1881763514,TODT HILL PHARMACY INC,2110G RICHMOND RD,,STATEN ISLAND,NY,10306,7183517363,PRESIDENT,333600000X|3336S0011X|3336C0003X,tier_1_primary_pharmacy,Y,Y,
1316016264,420 2ND AVE DRUG CORP,331 E 23RD ST,,NEW YORK,NY,100104763,2126830148,OWNER,333600000X|3336C0003X,tier_1_primary_pharmacy,Y,Y,
1861561649,PSK RX INC,2700 3RD AVE,,BRONX,NY,10454,7186651410,SUPERVISING PHARMACIST/MANAGER,3336C0003X,tier_1_primary_pharmacy,Y,Y,
1629147012,SHIMONS PHARMACY INC,115 LEE AVE,,BROOKLYN,NY,112117904,7183840234,PRESIDENT,3336C0003X,tier_1_primary_pharmacy,Y,Y,
1225107170,GOLD STAR PHARMACY INC,601 S MAIN ST,,NORTH SYRACUSE,NY,132123614,3154584500,PHARM,333600000X|3336C0003X,tier_1_primary_pharmacy,Y,Y,
1912077215,"L&J PHARMACY, INC.",284 S BROADWAY,,YONKERS,NY,107052026,9149633346,PRESIDENT,3336C0003X,tier_1_primary_pharmacy,Y,Y,
1235209313,679 STANLEY AVENUE PHARMACY INC,679 STANLEY AVE,,BROOKLYN,NY,112077905,7186490200,BOOKEEPER,333600000X|3336C0003X,tier_1_primary_pharmacy,Y,Y,
1467521799,COTTRILLS PHARMACY INC,255 MAIN ST,,ARCADE,NY,140091214,5854922310,PRESIDENT/OWNER,3336H0001X|3336S0011X|3336C0003X,tier_1_primary_pharmacy,Y,Y,
1730259995,RICHMOND PHARMACY & SURGICALS INC.,1796 CLOVE RD,,STATEN ISLAND,NY,103041672,7184471206,OWNER,333600000X,tier_1_primary_pharmacy,Y,Y,
1134299548,BRONXDALE PHARMACY INC,1706 WATSON AVENUE,,BRONX,NY,104725408,7185420440,CORPORATE OFFICER,3336C0003X,tier_1_primary_pharmacy,Y,Y,
1922178730,ST JUDE PHARMACY & SURGICAL SUPP,121 SAINT NICHOLAS AVE,,BROOKLYN,NY,112374043,7183815116,SUPERVISING PHCST,333600000X|3336C0003X,tier_1_primary_pharmacy,Y,Y,
1689744070,ISLAND PHARMACY INC,1841 CONEY ISLAND AVE,,BROOKLYN,NY,112306512,7183362800,PHARMACIST,333600000X|3336C0003X,tier_1_primary_pharmacy,Y,Y,
1225109416,"MORAMI PHARMACY, INC",4030 MURRAY ST,,FLUSHING,NY,113544934,7188869100,SUPERVISING PHARMACIST,333600000X,tier_1_primary_pharmacy,Y,Y,
1952472979,ECONOMY PHARMACY INC,220 WESTCHESTER AVE,,PORT CHESTER,NY,105734557,9149393911,PRES,333600000X|3336C0003X,tier_1_primary_pharmacy,Y,Y,
1528139318,"158TH STREET NEIGHBORHOOD PHARMACY, LLC",3103 3RD AVE,,BRONX,NY,104514688,7185856188,OFFICER,333600000X,tier_1_primary_pharmacy,Y,Y,
1184796468,SHAKTI PHARMACY INC,113 W KINGSBRIDGE RD,,BRONX,NY,104683902,7184323180,SUPERVISING PHARMACIST,3336C0003X,tier_1_primary_pharmacy,Y,Y,
1447323928,ALBANY PHARMACY INC.,178 ALBANY AVE,,BROOKLYN,NY,112132105,7187566061,PRESIDENT,3336C0003X,tier_1_primary_pharmacy,Y,Y,
1013080209,LOUIS PHARMACY INC.,4704 WHITE PLAINS RD,,BRONX,NY,104701103,7183240555,"PRESIDENT, PIC",3336C0003X,tier_1_primary_pharmacy,Y,Y,
1013080225,HEALTH FIRST PHARMACY,10317 GLENWOOD RD,,BROOKLYN,NY,112362703,7182575030,OWNER,333600000X,tier_1_primary_pharmacy,Y,Y,
1790858546,2R DRUG CORP,11121 JAMAICA AVE,FRONT,RICHMOND HILL,NY,114182331,7184411426,PRESIDENT,333600000X,tier_1_primary_pharmacy,Y,Y,
1114090370,BALAJI TARGEE PHARMACY INC,519 TARGEE ST,,STATEN ISLAND,NY,103043501,7187207205,PHARMACY SUPERVISOR,333600000X|3336C0003X,tier_1_primary_pharmacy,Y,Y,
1275606097,"WAYNE DRUG OF PULASKI, INC",24 W BRIDGE ST,,OSWEGO,NY,131262051,3153435722,OWNER,3336C0003X,tier_1_primary_pharmacy,Y,Y,
1952475675,BARRETTO PHARMACY INC,1009 LONGWOOD AVE,,BRONX,NY,104595105,7188932000,PRESIDENT PHARMACIST,3336C0003X,tier_1_primary_pharmacy,Y,Y,
1184797854,SYRACUSE COMMUNITY PHARMACY,819 S SALINA ST,,SYRACUSE,NY,132023536,3154763122,VICE PRESIDENT,3336C0003X,tier_1_primary_pharmacy,Y,Y,
1952475477,DD PHARMACY INC,1448 METROPOLITAN AVE,,BRONX,NY,104627402,7188234344,PHARM MGR,333600000X|3336C0003X,tier_1_primary_pharmacy,Y,Y,
1861566382,BRIGHTON RX INC,277 BRIGHTON BEACH AVE,,BROOKLYN,NY,112357410,7183328428,PRES,3336C0004X|333600000X|3336C0003X,tier_1_primary_pharmacy,Y,Y,
1770657298,RMH RETAIL PHARMACY LLC,1500 N JAMES ST,,ROME,NY,134402844,3153387690,SUPERVISING PHARMACIST,3336L0003X|3336C0004X|333600000X|3336C0003X,tier_1_primary_pharmacy,Y,Y,
1689748105,CHC PHARMACY LLC,1259 FISHER AVE,,CORTLAND,NY,130451012,6077564686,PIC,3336C0003X,tier_1_primary_pharmacy,Y,Y,
1598839029,UNZER PHARMACY INC,572 BEDFORD AVE,,BROOKLYN,NY,112497608,7183847334,PRES,333600000X|3336C0003X,tier_1_primary_pharmacy,Y,Y,
1134293665,L M D PHARMACY INC,801 AVENUE U,,BROOKLYN,NY,112234135,7186271616,OWNER,333600000X|3336C0003X,tier_1_primary_pharmacy,Y,Y,
1831263276,ZARCHY PHARMACY INC,5721 ROOSEVELT AVE,,WOODSIDE,NY,113773430,7184243286,SUPERVISING PHARMACIST,333600000X,tier_1_primary_pharmacy,Y,Y,
1225102601,BURLING DRUG CO OF CORFU INC,22 E MAIN ST,,CORFU,NY,140369601,5855994563,OWNER,333600000X|3336C0003X,tier_1_primary_pharmacy,Y,Y,
1336213198,NEIGHBORHOOD PHARMACY INC,233 E GUN HILL RD,,BRONX,NY,104672106,7186544889,PRESIDENT SP,3336C0003X,tier_1_primary_pharmacy,Y,Y,
1760557342,G & G PHARMACY INC,2967 OCEAN AVE,,BROOKLYN,NY,112353201,7186462800,PRESIDENT,333600000X|3336C0003X,tier_1_primary_pharmacy,Y,Y,
1588739163,CITI PHARMACY INC,714 SENECA AVE,,RIDGEWOOD,NY,113852895,7183667766,PRESIDENT,333600000X|3336C0003X,tier_1_primary_pharmacy,Y,Y,
1396810974,RENAISSANCE PHARMACY LTD,331 COURT ST,,BROOKLYN,NY,112314335,7186241100,PIC,333600000X|3336C0003X,tier_1_primary_pharmacy,Y,Y,
1578639399,"R&R PHARMACY,INC",323 MAMARONECK AVE,,MAMARONECK,NY,105432609,9147770357,GENERAL MGR.,3336C0003X,tier_1_primary_pharmacy,Y,Y,
1841366747,"CM & P PHARMACY, INC.",1600 SAINT NICHOLAS AVE,,NEW YORK,NY,100403311,2129275994,OWNER,3336C0003X,tier_1_primary_pharmacy,Y,Y,
1295801009,NEW PELHAM PARKWAY PHARMACY,2133 WILLIAMS BRIDGE ROAD,,BRONX,NY,10461,7184090908,PHARMACIST PRESIDENT,3336C0003X,tier_1_primary_pharmacy,Y,Y,
1306912076,MEAD SQUARE PHARMACY INC,7249 STATE ROUTE 96,,VICTOR,NY,145649009,5859247970,PRESIDENT,333600000X|3336C0003X,tier_1_primary_pharmacy,Y,Y,
1801962576,NEIGHBORHOOD FRIENDLY PHARMACY INC,712 MYRTLE AVE,,BROOKLYN,NY,112053905,7188558066,OWNER,333600000X,tier_1_primary_pharmacy,Y,Y,
1154497329,"CRIMMINS PHARMACY, INC.",10924 US ROUTE 11,SUITE 3,ADAMS,NY,136053125,3152322460,OWNER,333600000X|3336C0003X,tier_1_primary_pharmacy,Y,Y,
1245306661,VENKATESWARA PHARMACY INC.,1780 WESTCHESTER AVE,,BRONX,NY,104723020,7188292348,PRESIDENT,3336C0003X,tier_1_primary_pharmacy,Y,Y,
1083780183,ROSE PHARMACY INC,1074A LIBERTY AVE,,BROOKLYN,NY,112082923,7182353383,SUPERVISING PHCST,333600000X|3336C0003X,tier_1_primary_pharmacy,Y,Y,
1992871008,JENNIFER-JOHN PHARMACY INC,424 OLD POST RD,,BEDFORD,NY,105061018,9142343744,PRESIDENT,333600000X|3336C0003X,tier_1_primary_pharmacy,Y,Y,
1427124619,LENDA PHARMACY INC,3397 BROADWAY,,NEW YORK,NY,10031,2123683130,VICE PRESIDENT,333600000X,tier_1_primary_pharmacy,Y,Y,
1609942614,CASTLETON PHARMACY CORP,252 PORT RICHMOND AVE,,STATEN ISLAND,NY,103021749,7187205600,PRESIDENT,3336S0011X|3336C0003X,tier_1_primary_pharmacy,Y,Y,
1487721163,HEALTHWISE PHARMACY II INC.,1494 YORK AVE,,NEW YORK,NY,100218816,2124725600,PRESIDENT,3336C0003X,tier_1_primary_pharmacy,Y,Y,
1780751305,JNR PHARMACY CORP,2505 CARMEL AVE,ROUTE 6,BREWSTER,NY,105091155,8452788200,PRESIDENT,3336C0003X|3336C0004X,tier_2_secondary_pharmacy,N,Y,
1750458311,LAKE CARMEL PHARMACY INC,511 ROUTE 52,,CARMEL,NY,105126064,8452254242,PRES,3336C0003X,tier_1_primary_pharmacy,Y,Y,
1134296320,BENJAMIN PHARMACY CORP,84 04 BROADWAY,,ELMHURST,NY,113735793,7184577884,PRESIDENT,333600000X|3336C0003X,tier_1_primary_pharmacy,Y,Y,
1174691976,H & R PHARMACY INC,9431 59TH AVE,,ELMHURST,NY,113735168,7185927200,PHARMACIST,3336L0003X|3336S0011X|333600000X|3336C0003X,tier_1_primary_pharmacy,Y,Y,
1891863692,GM PHARMACY INC,174 AVENUE O,,BROOKLYN,NY,112044918,7182567757,OWNER,3336C0003X,tier_1_primary_pharmacy,Y,Y,
1619045416,1746 PHARMACY CORP,504 CLARKSON AVE,,BROOKLYN,NY,112032013,7187741656,MGR,333600000X|3336C0003X,tier_1_primary_pharmacy,Y,Y,
1114095940,VINCENTS PHARMACY INC,3272 FRANKLIN AVE,,MILLBROOK,NY,125455975,8456773223,PHARMACIST,333600000X|3336C0003X,tier_1_primary_pharmacy,Y,Y,
1255409983,TOTAL CARE PHARMACY XI INC,2859 ROUTE 55,,POUGHQUAG,NY,125705619,8457245757,PRESIDENT,333600000X|3336C0003X,tier_1_primary_pharmacy,Y,Y,
1356419188,ROCKY HILL PHARMACY INC,23601 BRADDOCK AVE,,BELLEROSE,NY,114261143,7183438995,PRESIDENT,3336C0003X,tier_1_primary_pharmacy,Y,Y,
1972671550,TRIPHARM DRUG INC,200 PORT RICHMOND AVE,,STATEN ISLAND,NY,10302,7188161116,PRESIDENT,3336S0011X|333600000X,tier_1_primary_pharmacy,Y,Y,
1780752113,NVR PHARMACY INC,61 E MOUNT EDEN AVE,,BRONX,NY,104525806,7185833575,PRESIDENT,3336C0003X,tier_1_primary_pharmacy,Y,Y,
1720156961,SCARSDALE SPENCER PHARMACY INC,23 SPENCER PL,,SCARSDALE,NY,105834110,9147232808,OWNER,3336C0004X|3336C0003X,tier_1_primary_pharmacy,Y,Y,
1639247877,Y AND Z PHARMACY INC,1901 AVENUE M,,BROOKLYN,NY,112306201,7183771680,PRESIDENT,333600000X|3336C0003X,tier_1_primary_pharmacy,Y,Y,
1548338783,KINGSWAY PHARMACY CORP,1402 KINGS HWY,,BROOKLYN,NY,112292004,7183827700,PRESIDENT,333600000X|3336C0003X,tier_1_primary_pharmacy,Y,Y,
1366510505,V & K PHARMACY INC,1227 OGDEN AVE,,BRONX,NY,104523500,7182938777,SUPERVISING PHARMACIST,333600000X|3336C0003X,tier_1_primary_pharmacy,Y,Y,
1699833715,PHOENICIA PHARMACY,41 MAIN ST,,PHOENICIA,NY,124645211,8456882215,OWNER,333600000X|3336C0003X,tier_1_primary_pharmacy,Y,Y,
1457429698,BIGELOWS PHARMACY INC,6 N MAIN ST,,SHERBURNE,NY,134609545,6076749691,PIC,333600000X|3336C0003X,tier_1_primary_pharmacy,Y,Y,
1952469405,"NASSAU PHARMACY, INC.",3541 US HIGHWAY 20,,NASSAU,NY,121231931,5185884717,PRESIDENT,3336C0003X,tier_1_primary_pharmacy,Y,Y,
1093873440,BERNHARDS PHARMACY INC.,34 W MERRICK RD,,FREEPORT,NY,115203827,5163780008,PHARMACIST,3336C0003X,tier_1_primary_pharmacy,Y,Y,
1417015306,SPAGES PHARMACY INC,471 LAKE AVE,,SAINT JAMES,NY,117802209,6315846460,PRESIDENT,333600000X|3336C0004X|3336C0003X,tier_1_primary_pharmacy,Y,Y,
1235297094,QASIM PHARMACY INC,934 MYRTLE AVE,,BROOKLYN,NY,112066526,7189195075,SUPERVISING PHARMACIST,333600000X|3336C0003X,tier_1_primary_pharmacy,Y,Y,
1851459531,SB PHARMACY INC,27 E 124TH ST # 29,,NEW YORK,NY,100352731,2125342849,PRESIDENT,3336C0003X,tier_1_primary_pharmacy,Y,Y,
1639237993,THE POLISH AMERICAN PHARMACY OF GREENPOINT INC.,566 LEONARD ST.,,BROOKLYN,NY,11222,7183891500,PHARMACIST,3336C0003X,tier_1_primary_pharmacy,Y,Y,
1730247040,"R & I RX CENTER, INC.",342 BEACH 54TH ST,,ARVERNE,NY,116921782,7186345890,SUPERVISING PHARMACIST,3336C0003X,tier_1_primary_pharmacy,Y,Y,
1821157140,61 WEST KINGSBRIDGE PEOPLE'S DRUG,61 W KINGSBRIDGE RD,,BRONX,NY,104687512,7185432813,PRESIDENT,3336C0003X,tier_1_primary_pharmacy,Y,Y,
1497814784,NP PHARMACY INC,682 GRAND ST,,BROOKLYN,NY,112118466,7183872665,PHARMACIST,333600000X|3336C0003X,tier_1_primary_pharmacy,Y,Y,
1578622775,WELLNESS PHARMACY INC,217 KINGS HWY,,BROOKLYN,NY,11223,7182328277,RPH PHARMACIST,3336C0003X,tier_1_primary_pharmacy,Y,Y,
1588723407,"SMILE PHARMACY, INC",15007 NORTHERN BLVD,,FLUSHING,NY,113543836,7183583800,PRESIDENT,3336C0003X,tier_1_primary_pharmacy,Y,Y,
1477612471,MILEX DRUG INC,3130 MAIN ST,,CALEDONIA,NY,144231218,5855386140,OWNER,333600000X|3336C0003X,tier_1_primary_pharmacy,Y,Y,
1386703387,O AND A PHARMACY CORP,203 COURT ST,,BROOKLYN,NY,112016420,7189231122,PRESIDENT,333600000X|3336C0003X,tier_1_primary_pharmacy,Y,Y,
1194884197,1219 FIRST AVENUE PHARMACY INC,9330 43RD AVE,,ELMHURST,NY,113735626,7187791700,PRESIDENT,3336C0003X,tier_1_primary_pharmacy,Y,Y,
1558420372,BAINBRIDGE PHARMACY INC,19 N MAIN ST,,BAINBRIDGE,NY,137331210,6079675143,PRESIDENT,3336C0003X,tier_1_primary_pharmacy,Y,Y,
1841359627,S & M PHARMACY INC.,6850 MAIN ST,,FLUSHING,NY,113671325,7185444656,OWNER,3336C0003X,tier_1_primary_pharmacy,Y,Y,
1114086923,JANMI PHARMACY INC,20220 ROCKAWAY POINT BLVD,,ROCKAWAY POINT,NY,116971113,7186340273,PRES,3336C0003X,tier_1_primary_pharmacy,Y,Y,
1235298795,MARINE PHARMACY INC,2758 GERRITSEN AVE,,BROOKLYN,NY,112295915,7183327155,PRESIDENT,3336C0003X,tier_1_primary_pharmacy,Y,Y,
1134288863,DERU PHARMACY,5915 AVENUE N,,BROOKLYN,NY,112344129,7182092222,PRESIDENT,333600000X|3336C0003X,tier_1_primary_pharmacy,Y,Y,
1134288640,COMMUNITY MEDICAL PHARMACY INC,918 MICHIGAN AVE,,NIAGARA FALLS,NY,143052608,7162821292,PRESIDENT,3336C0003X,tier_1_primary_pharmacy,Y,Y,
1073672606,MIG-RX CORP,1811 KINGS HWY,,BROOKLYN,NY,112291307,7183829999,SUPERVISING PHARMACIST,333600000X,tier_1_primary_pharmacy,Y,Y,
1437218906,J&L PHARMACY CORP,8513 BAY 16TH ST,,BROOKLYN,NY,112142823,7182325541,REG PHARMACIST,3336C0003X,tier_1_primary_pharmacy,Y,Y,
1841359213,BIGELOWS PHARMACY INC,10 MAIN ST,,SIDNEY,NY,138381135,6075632166,PRES,333600000X|3336C0003X,tier_1_primary_pharmacy,Y,Y,
1023177490,LEWISBORO PHARMACY INC,20 N SALEM RD,,CROSS RIVER,NY,105181104,9147633152,VP PIC OWNER,333600000X|3336C0003X,tier_1_primary_pharmacy,Y,Y,
1053471839,VARSHA PHARMACY INC,239 BOYLE RD,,SELDEN,NY,117841955,6316985444,PIC,3336C0003X,tier_1_primary_pharmacy,Y,Y,
1659431310,LOISAIDA RX INC,273 E 3RD ST,,NEW YORK,NY,100097800,2122547307,SUPERVISING PHARMACIST,3336C0003X,tier_1_primary_pharmacy,Y,Y,
1184784811,"GOOD LUCK PHARMACY, INC.",364 JUNIUS ST,,BROOKLYN,NY,112127306,7184854012,PRESIDENT,3336C0003X,tier_1_primary_pharmacy,Y,Y,
1215097456,VISHNEV PHARMACY CORP,495 BEACH 20TH ST,,FAR ROCKAWAY,NY,116913621,7183371900,"OWNER, SUPERVISING PHARMACIST",333600000X|3336C0003X,tier_1_primary_pharmacy,Y,Y,
1033279278,WILLEN PHARMACY INC,3800 E TREMONT AVE,,BRONX,NY,104652455,7182397900,SUPERVISING PHARMACIST,333600000X|3336C0003X,tier_1_primary_pharmacy,Y,Y,
1497815633,CEDARHURST AVENUE PHARMACY,123 CEDARHURST AVE,,CEDARHURST,NY,115162128,5165697588,OWNER PHARMACIST,333600000X|3336C0003X,tier_1_primary_pharmacy,Y,Y,
1053472423,I & B PHARMACY INC.,2350 86TH ST,,BROOKLYN,NY,112144348,7183722144,OWNER PHARMACIST,3336C0003X,tier_1_primary_pharmacy,Y,Y,
1316008600,NYACK PHARMACY INC,114 MAIN ST,,NYACK,NY,109603112,8453580205,OWNER,333600000X|3336C0003X,tier_1_primary_pharmacy,Y,Y,
1538220629,HARLEM PHARMACY INC,17 WEST 125TH STREET,HARLEM PHARMACY INC,NEW YORK,NY,100274513,2128310200,PATNER,333600000X,tier_1_primary_pharmacy,Y,Y,
1841351855,MARCY PHARMACY INC,170 THROOP AVE,,BROOKLYN,NY,112065313,7183845917,PRESIDENT,3336C0003X,tier_1_primary_pharmacy,Y,Y,
1659432342,DANTE PHARMACY CORP,582 5TH AVE,,BROOKLYN,NY,112155436,7184992616,PRESIDENT,3336C0003X,tier_1_primary_pharmacy,Y,Y,
1629139795,FUNMILAYO PHARMACY INC,1563 RALPH AVE,,BROOKLYN,NY,112363127,7188531110,MANAGER,3336C0004X|3336C0003X,tier_1_primary_pharmacy,Y,Y,
1578624391,PETERS PHARMACY AND VITAMINS INC,652 AMSTERDAM AVE,,NEW YORK,NY,100257458,2128738838,PHARMACIST,333600000X|3336C0003X,tier_1_primary_pharmacy,Y,Y,
1285795138,A & G PHARMACY INC.,1216 NEPTUNE AVE,,BROOKLYN,NY,112242903,7189962277,PRESIDENT,3336C0003X,tier_1_primary_pharmacy,Y,Y,
1053472753,BI-WISE PHARMACY CORP.,26 WEST PARK AVE,,LONG BEACH,NY,115612018,5164327131,PRESIDENT,333600000X,tier_1_primary_pharmacy,Y,Y,
1588726160,M&V PHARMACY INC.,1663 BOSTON RD,,BRONX,NY,104604921,7188426532,PRESIDENT,3336C0003X,tier_1_primary_pharmacy,Y,Y,
1386706612,ISHAM BROADWAY PHARMACY INC,4996 BROADWAY,", 212 TH STREET",NEW YORK,NY,10034,2125673137,PRESIDENT,3336C0003X,tier_1_primary_pharmacy,Y,Y,
1104988724,BIGELOWS PHARMACY INC,12 S MAIN ST,,NEW BERLIN,NY,13411,6078478181,PHARMACIST,333600000X|3336C0003X,tier_1_primary_pharmacy,Y,Y,
1922160258,GOODYEAR FOUR BOYS PHARMACY INC.,2584 CONEY ISLAND AVE,,BROOKLYN,NY,112235028,7183753456,PRESIDENT,3336C0003X,tier_1_primary_pharmacy,Y,Y,
1689736746,LIVONIA LAKEVILLE PHARMACY INC,5975 BIG TREE RD,,LAKEVILLE,NY,144800414,5853465615,VICE PRESIDENT,333600000X|3336C0004X|3336C0003X,tier_1_primary_pharmacy,Y,Y,
1598827354,LE-MAC PHARMACY INC.,623 MCLEAN AVE,,YONKERS,NY,107054734,9149656100,PRESIDENT,3336C0003X,tier_1_primary_pharmacy,Y,Y,
1275695082,TROTTA'S WEST STREET PHARMACY INC.,15 HALSTEAD AVE,,HARRISON,NY,105284002,9148351125,PRESIDENT,3336C0003X,tier_1_primary_pharmacy,Y,Y,
1548322308,PORT EWEN PHARMACY INC,177 BROADWAY,,PORT EWEN,NY,124667719,8453314229,OWNER,3336L0003X|3336C0003X,tier_1_primary_pharmacy,Y,Y,
1982766770,"GRASSY SPRAIN PHARMACY,INC",640 TUCKAHOE RD,,YONKERS,NY,107105704,9147795133,PRESIDENT,3336C0003X,tier_1_primary_pharmacy,Y,Y,
1063574739,"OLD TOWN PHARMACY, INC",1250 HYLAN BLVD STE 3A,,STATEN ISLAND,NY,103051944,7188152600,PRSIDENT,3336C0003X,tier_1_primary_pharmacy,Y,Y,
1124181854,1699 FANCY PHARMACY INC.,132 ALLEN ST,,NEW YORK,NY,100023008,2125294532,SUPERVISING PHARMACIST,3336C0003X,tier_1_primary_pharmacy,Y,Y,
1598828121,MYRTLE PHARMACY INC,446A MYRTLE AVE,,BROOKLYN,NY,112052414,7182374444,PRESIDENT,333600000X|3336C0003X,tier_1_primary_pharmacy,Y,Y,
1871656405,RX ZONE INC,12 WELCHER AVE,,PEEKSKILL,NY,105665306,9147372006,OPS MGR,3336C0003X|333600000X,tier_1_primary_pharmacy,Y,Y,
1780747311,RX EXPRESS OF COMMACK,1163 JERICHO TPKE,,COMMACK,NY,117253001,6315413331,PRESIDENT,333600000X|3336C0003X,tier_1_primary_pharmacy,Y,Y,
1235292954,FAMILY PHARMACY & SURGICAL INC,379 W 125TH ST,,NEW YORK,NY,100274831,2122221300,PRESIDENT,333600000X,tier_1_primary_pharmacy,Y,Y,
1629131248,MILLERS PHARMACY OF FARMINGTON,6181 ROUTE 96,,FARMINGTON,NY,144251004,5859241676,PRES,333600000X|3336L0003X|3336C0003X,tier_1_primary_pharmacy,Y,Y,
1992868517,ASZ DRUG CORP,121 AVENUE U,,BROOKLYN,NY,112233605,7189969299,MANG,333600000X|3336C0003X,tier_1_primary_pharmacy,Y,Y,
1710040332,RML PHARMACY PC,4481 LAKESHORE RD,,HAMBURG,NY,140752404,7166273060,PHCST,333600000X|3336C0003X,tier_1_primary_pharmacy,Y,Y,
1285797894,FEEK PHARMACY INC,14223 NYS RTE 9N,,AU SABLE FORKS,NY,129120087,5186478484,PRESIDENT,3336C0003X,tier_1_primary_pharmacy,Y,Y,
1134282486,LORVEN PHARMACY LLC,942 MANHATTAN AVENUE,,BROOKLYN,NY,11222,7183492255,PRESIDENT,333600000X,tier_1_primary_pharmacy,Y,Y,
1669535753,CENTRAL PHARMACY CORP,138 MOTT ST,,NEW YORK,NY,100135540,2122190750,PHARMACIST,3336C0003X,tier_1_primary_pharmacy,Y,Y,
1730242827,FIRST CHOICE PHARMACY CORP.,5912 8TH AVE,,BROOKLYN,NY,112204388,7184398077,SECRETARY,3336C0003X,tier_1_primary_pharmacy,Y,Y,
1598828675,BEST CARE PHARMACY CORP,28 E BROADWAY,,NEW YORK,NY,100026803,2123340086,PHARMACIST,3336C0003X,tier_1_primary_pharmacy,Y,Y,
1881757920,WYOMING REXALL DRUG INC,91 N MAIN ST,,WARSAW,NY,145691343,5857862100,OWNER,3336C0003X,tier_1_primary_pharmacy,Y,Y,
1598828584,VVS PHARMACY INC,702 FULTON ST,,BROOKLYN,NY,112171629,7188346368,PRESIDENT,3336C0003X,tier_1_primary_pharmacy,Y,Y,
1942364351,AVA'S PHARMACY INC,253-20 147TH AVE,,ROSEDALE,NY,114222541,7189784430,PRESIDENT,3336C0003X,tier_1_primary_pharmacy,Y,Y,
1326102377,"INTERACTIVE HEALTH PHARMACY SERVICES, INC.",60 SHAMES DR,,WESTBURY,NY,115901705,5163340202,GENERAL MANAGER,333600000X,tier_1_primary_pharmacy,Y,Y,
1316001498,L & C DRUG CORP,4277 HEMPSTEAD TPKE,,BETHPAGE,NY,117145709,5167964004,PRESIDENT/OWNER,333600000X|3336C0003X,tier_1_primary_pharmacy,Y,Y,
1205990348,"QUICK STOP PHARMACY, INC",7210 20TH AVE,,BROOKLYN,NY,112045771,7182563400,PRESIDENT,3336C0003X,tier_1_primary_pharmacy,Y,Y,
1740344795,ABC RX INC,1220 AVENUE P,,BROOKLYN,NY,112291009,7183362244,SP,3336C0003X,tier_1_primary_pharmacy,Y,Y,
1437214186,FRANKMART PHARMACY,7817 MYRTLE AVE,,GLENDALE,NY,113857439,7188216260,PRESIDENT,3336C0003X,tier_1_primary_pharmacy,Y,Y,
1083779730,PINE BUSH PHARMACY INC,2412 STATE ROUTE 52 STE 5,,PINE BUSH,NY,125667037,8457444221,OWNER,3336C0003X,tier_1_primary_pharmacy,Y,Y,
1942365366,BAYVILLE PHARMACY INC,253 BAYVILLE AVE,,BAYVILLE,NY,117091670,5166283640,PRESIDENT,333600000X|3336C0003X,tier_1_primary_pharmacy,Y,Y,
1851456271,YORK PHARMACY INC,524 MORRIS AVE,,BRONX,NY,104515536,7184016799,PRESIDENT,333600000X|3336C0003X,tier_1_primary_pharmacy,Y,Y,
1760547186,1491 DEKALB AVE PHARMACY INC,1472 DEKALB AVE,,BROOKLYN,NY,112373604,7183810018,PRES,333600000X|3336C0003X,tier_1_primary_pharmacy,Y,Y,
1588729909,ONEIDA MEDICAL CENTER PHARMACY INC,507 LENOX AVE,,ONEIDA,NY,134211521,3153631750,OWNER,3336L0003X|3336C0003X,tier_1_primary_pharmacy,Y,Y,
1639234065,LINCOLN PHARMACY INC,526 MORRIS AVE,,BRONX,NY,104515537,7189936750,PRES,333600000X|3336C0003X,tier_1_primary_pharmacy,Y,Y,
1548325970,NEWMAN LYMAN DRUG CO INC,3901 BROADWAY,,NEW YORK,NY,100321503,2129237617,PRES AND OWNER,333600000X|3336C0004X|3336C0003X,tier_1_primary_pharmacy,Y,Y,
1457416885,NEDCO PHARMACY INC,3301 CARMAN RD,,SCHENECTADY,NY,123035317,5183555860,PRES,333600000X|3336C0003X,tier_1_primary_pharmacy,Y,Y,
1093870693,UPGRADE PHARMACY INC,679 E 138TH ST,,BRONX,NY,104543307,7186659179,OWNER,3336C0003X,tier_1_primary_pharmacy,Y,Y,
1184789745,RCK PHARMACY LLC,520 W 207TH ST,,NEW YORK,NY,100342646,2125671350,OWNER/AO,333600000X|3336C0003X,tier_1_primary_pharmacy,Y,Y,
1720143258,CORNER PHARMACY,166 DIVISION AVE,,BROOKLYN,NY,112117108,7185992771,PRESIDENT,3336C0003X,tier_1_primary_pharmacy,Y,Y,
1972668408,NKS PHARMACY INC,50 UNIVERSITY PL,,NEW YORK,NY,100034511,2124734166,AUTHORIZED OFFICIAL,3336C0004X|3336C0003X,tier_1_primary_pharmacy,Y,Y,
1952466120,PRANAYA PHARMACY INC,586 LENOX AVE,,NEW YORK,NY,100371201,2123683777,PRESIDENT,3336C0003X,tier_1_primary_pharmacy,Y,Y,
1295891174,E & S PHARMACY CORPORATION,295 KINGS HWY,,BROOKLYN,NY,112231348,7183824400,PRESIDENT,333600000X|3336C0003X,tier_1_primary_pharmacy,Y,Y,
1831255710,BN PHARMACY INC,107 45 NEW YORK BLVD,,JAMAICA,NY,11433,7182976500,PRESIDENT,333600000X|3336C0003X,tier_1_primary_pharmacy,Y,Y,
1740346626,DINESH PHARMACY INC,731 WHITE PLAINS RD,,BRONX,NY,104732631,7188423807,PRES,333600000X|3336C0003X,tier_1_primary_pharmacy,Y,Y,
1922164805,J & R PHARMACY INC,2302 MERMAID AVE,,BROOKLYN,NY,112242208,7182666286,"PRES, SP, PIC, AO, OWNER",333600000X|3336C0003X,tier_1_primary_pharmacy,Y,Y,
1932265642,115 IRVING AVE PHARMACY INC,1706B ATLANTIC AVE,,BROOKLYN,NY,112131206,7184842260,PHARMACY MANAGER,333600000X|3336C0003X,tier_1_primary_pharmacy,Y,Y,
1013073998,NEW WINDSOR PHARMACY CORP,215 QUASSAICK AVE,,NEW WINDSOR,NY,125534501,8455683000,OWNER,333600000X|3336C0003X,tier_1_primary_pharmacy,Y,Y,
1710043088,LIEB PHARMACY INC,5006 16TH AVE,,BROOKLYN,NY,112041404,7186335770,PRESIDENT,3336L0003X|333600000X|3336C0003X,tier_1_primary_pharmacy,Y,Y,
1366508632,MATLAND PHARMACY CORP,1142 LEXINGTON AVE,,NEW YORK,NY,100750307,2127444144,PRESIDENT OWNER,333600000X|3336C0003X,tier_1_primary_pharmacy,Y,Y,
1801952171,BED-STUY PHARMACY NY LLC,1458 FULTON ST,,BROOKLYN,NY,112165365,7182214860,PIC,333600000X|3336L0003X|3336C0003X,tier_1_primary_pharmacy,Y,Y,
1598821746,WEINSTEIN PHARMACY CORP,101 KATONAH AVE,,KATONAH,NY,10536,9142325166,SUPERVISING PHARMACIST/OWNRT,3336C0003X,tier_1_primary_pharmacy,Y,Y,
1467518522,SIMS PHARMACY INC,1711 PITKIN AVE,,BROOKLYN,NY,112126601,7183467200,PRESIDENT,333600000X,tier_1_primary_pharmacy,Y,Y,
1346307311,COLUMBUS & 103RD ST DRUG CORP,916 COLUMBUS AVE,,NEW YORK,NY,100254040,2126637440,PRESIDENT,3336C0003X,tier_1_primary_pharmacy,Y,Y,
1427115526,HARTSDALE DRUG INC,211 E HARTSDALE AVE,,HARTSDALE,NY,105303502,9147232847,PRESIDENT,333600000X|3336C0003X,tier_1_primary_pharmacy,Y,Y,
1467519009,ER BLACK PHARMACY INC,9553 MAIN STREET,,HOLLAND PATENT,NY,133540205,3158658141,PRESIDENT PHARMACIST,333600000X,tier_1_primary_pharmacy,Y,Y,
1972660926,L.D.C. PHARMACY CORP.,1825 MADISON AVE,,NEW YORK,NY,10035,2123695555,CEO,3336C0003X,tier_1_primary_pharmacy,Y,Y,
1679630412,GSSV PHARMACY INC.,4002 QUEENS BLVD,,SUNNYSIDE,NY,111043302,7183612084,PHARMACIST,3336C0003X,tier_1_primary_pharmacy,Y,Y,
1134286529,HOMEBOUND SOLUTIONS PHARMACY LLC,13506 JAMAICA AVE,,JAMAICA,NY,114181957,7182916061,MEMBER,3336C0003X,tier_1_primary_pharmacy,Y,Y,
1225185432,ASICS PHARMACY INC,370 HILLSIDE AVE,,WILLISTON PARK,NY,115962106,5162487177,MANAGER,333600000X|3336C0003X,tier_1_primary_pharmacy,Y,Y,
1740347954,PITKIN CARE PHARMACY,1621 PITKIN AVE,,BROOKLYN,NY,112125050,7184981102,PHARMACIST,333600000X,tier_1_primary_pharmacy,Y,Y,
1396892915,JAS PHARMACY INC.,52 WESTCHESTER SQUARE,,BRONX,NY,10461,7188924222,PHARMACIST OWNER,3336C0003X,tier_1_primary_pharmacy,Y,Y,
1609923762,SOLOMON PHARMACY CORPORATION,13691 37TH AVE FL 1,,FLUSHING,NY,113544110,7183212526,PRESIDENT,3336C0003X,tier_1_primary_pharmacy,Y,Y,
1417004581,NEW NEIGHBORHOOD PHARMACY,4512 GREENPOINT AVE,,SUNNYSIDE,NY,111042410,7183616060,OWNER,3336C0003X,tier_1_primary_pharmacy,Y,Y,
1457408395,FINE CARE PHARMACY INC,981 FULTON ST,,BROOKLYN,NY,112382346,7188573499,PRESIDENT SP PHARMACIST,3336C0003X,tier_1_primary_pharmacy,Y,Y,
1972650026,OCEANIA PHARMACY INC,415 BRIGHTON BEACH AVE,,BROOKLYN,NY,112356401,7187695777,RPH,333600000X|3336C0003X,tier_1_primary_pharmacy,Y,Y,
1881741932,SEGAL PHARMACY INC,5214 16TH AVE,,BROOKLYN,NY,112041408,7184361100,PRESIDENT,333600000X|3336C0003X,tier_1_primary_pharmacy,Y,Y,
1790832855,DRUG MART PHARMACY CORP,4914 NEW UTRECHT AVE,,BROOKLYN,NY,112193418,7186334900,SUPERVISING PHRM,333600000X|3336C0003X,tier_1_primary_pharmacy,Y,Y,
1528116704,CITYLINE PHARMACY CORP.,511 CORTELYOU RD,,BROOKLYN,NY,112184604,7189400310,PRESIDENT,3336C0003X,tier_1_primary_pharmacy,Y,Y,
1598813594,SYLJAN DRUG CORP,270 DUFFY AVE,,HICKSVILLE,NY,118013646,5169317690,PRESIDENT PHCST,333600000X|3336L0003X,tier_1_primary_pharmacy,Y,Y,
1316095318,JMR PHARMACY INC,1215 MAMARONECK AVE,,WHITE PLAINS,NY,106054807,9149484818,"OWNER, PIC, AO",333600000X|3336C0004X|3336C0003X,tier_1_primary_pharmacy,Y,Y,
1003964578,SHAN PHARMACY INC,103 SUMNER AVE,,BROOKLYN,NY,112066940,7184557100,MANAGER AND OWNER,333600000X|3336C0003X,tier_1_primary_pharmacy,Y,Y,
1801944467,BROWNS PHARMACY LLC,225 MAIN ST,,UNADILLA,NY,138492245,6073692131,MEMBER,333600000X|3336C0003X,tier_1_primary_pharmacy,Y,Y,
1225186224,ESTHER PHARMACY INC,71 S BROADWAY,,YONKERS,NY,107014004,9149652661,PRESIDENT,333600000X|3336S0011X|3336C0003X,tier_1_primary_pharmacy,Y,Y,
1376691329,KING KULLEN PHARMACY,499 SUNRISE HWY STE 64,,PATCHOGUE,NY,117722290,6312890376,PHARMACY COORDINATOR,333600000X|3336C0003X,tier_1_primary_pharmacy,Y,Y,
1578611521,KING KULLEN PHARMACY,795 OLD COUNTRY RD,,RIVERHEAD,NY,119012111,6317276085,PHARMACY COORDINTOR,333600000X|3336C0003X,tier_1_primary_pharmacy,Y,Y,
1093863045,KING KULLEN PHARMACY,440 E MAIN ST,,BAY SHORE,NY,117068501,6316669090,PHARMACY COORDINATOR,333600000X|3336C0003X,tier_1_primary_pharmacy,Y,Y,
1538217591,KING KULLEN PHARMACY,231 W MERRICK RD,,VALLEY STREAM,NY,115805514,5165931505,PHARMACY COORDINATOR,333600000X|3336C0003X,tier_1_primary_pharmacy,Y,Y,
1447308408,KING KULLEN PHARMACY,120 VETERANS MEMORIAL HWY,,COMMACK,NY,117253432,6318643085,PHARMACY COORDINATOR,333600000X|3336C0003X,tier_1_primary_pharmacy,Y,Y,
1245388206,KING KULLEN PHARMACY,575 NESCONSET HWY,,HAUPPAUGE,NY,117882758,6313661062,PHARMACY COORDINATOR,333600000X|3336C0003X,tier_1_primary_pharmacy,Y,Y,
1154479111,KING KULLEN PHARMACY,455 PARK AVE,,LINDENHURST,NY,117575250,6312256230,PHARMACY COORDINATOR,333600000X|3336C0003X,tier_1_primary_pharmacy,Y,Y,
1972651180,"MEDCOURT PHARMACY, INC.",7701 37TH AVE,,JACKSON HEIGHTS,NY,113726607,7186510795,PRESIDENT,3336C0003X,tier_1_primary_pharmacy,Y,Y,
1982752531,"AVN PHARMACY, INC",2240 3RD AVE,,NEW YORK,NY,100352904,2125341937,V.P,3336C0003X,tier_1_primary_pharmacy,Y,Y,
1972652113,DRUG SHOPPE LLC,2074 8TH AVE,,NEW YORK,NY,100263375,2122223652,PRESIDENT,3336C0003X,tier_1_primary_pharmacy,Y,Y,
1912056706,ASHOK PHARMACY INC,1028 E 163RD ST,,BRONX,NY,104594309,7185420892,PRESIDENT,3336C0003X,tier_1_primary_pharmacy,Y,Y,
1699824516,MEGA PHARMACY LLC,1560 GRAND CONCOURSE,,BRONX,NY,10457,7182947899,AUTHORIZED OFFICIAL,3336C0003X,tier_1_primary_pharmacy,Y,Y,
1619026812,ROCHDALE PHARMACY INC,937 MANHATTAN AVE,,BROOKLYN,NY,112221624,7183894544,PRESIDENT,3336C0003X,tier_1_primary_pharmacy,Y,Y,
1699824524,GSV PHARMACY INC,4623 13TH AVE,,BROOKLYN,NY,112192631,7184351118,SUPERVISING PHARMACIST,3336S0011X|3336C0003X,tier_1_primary_pharmacy,Y,Y,
1295884138,ZUNAIRA PHARMACY INC.,101 17 QUEENS BLVD,,FOREST HILLS,NY,113752856,7189977333,PRESIDENT,3336C0003X,tier_1_primary_pharmacy,Y,Y,
1366592727,GOWANUS PHARMACY LLC,236 HOYT ST,,BROOKLYN,NY,112172913,7187973637,MEMBER AND SP,3336C0003X,tier_1_primary_pharmacy,Y,Y,
1588714547,SHEPHERD AVE DRUG INC.,990 SUTTER AVE,,BROOKLYN,NY,112083534,7182770800,PRESIDENT,3336C0003X,tier_1_primary_pharmacy,Y,Y,
1023168341,TOTAL HEALTH & BEAUTY PHARMACY,4873 BROADWAY,,NEW YORK,NY,100343134,2129428785,SUPV PHRM,333600000X|3336C0003X,tier_1_primary_pharmacy,Y,Y,
1932259256,TOTAL CARE PHARMACY XII INC,329 ALEXANDER AVE,,BRONX,NY,104541111,7189938460,PRESIDENT,3336C0003X,tier_1_primary_pharmacy,Y,Y,
1235289471,JADD PHARMACY CORP,253 ROCK HILL DRIVE,,ROCK HILL,NY,12775,8457911515,OWNER,3336C0003X,tier_1_primary_pharmacy,Y,Y,
1508916305,"THE DRUG SHOPPE, INC.",525 DIVISION ST,,NORTH TONAWANDA,NY,141204403,7166943138,OWNER,3336C0003X,tier_1_primary_pharmacy,Y,Y,
1134279888,BOICEVILLE PHARMACY INC.,4103 RT 28,,BOICEVILLE,NY,12412,8456576511,PIC,3336C0003X,tier_2_secondary_pharmacy,N,Y,
1295885010,"THE DRUG SHOPPE, INC",416 KENMORE AVE,,BUFFALO,NY,142232860,7163620460,OWNER,333600000X,tier_1_primary_pharmacy,Y,Y,
1275684748,QUEENSBRIDGE PLAZA PHARMACY CORP,1037 41ST AVE,,LONG ISLAND CITY,NY,111017346,7187070705,PRESIDENT,3336C0003X,tier_1_primary_pharmacy,Y,Y,
1205987633,STARHILL PHARMACY CORP,115A FEATHERBED LN,,BRONX,NY,104521615,7184661790,PRESIDENT,3336C0003X,tier_1_primary_pharmacy,Y,Y,
1063563369,CENTURY PHARMACY INC,483 KINGS HWY,,BROOKLYN,NY,112231835,7183754100,PRESIDENT,333600000X,tier_1_primary_pharmacy,Y,Y,
1952452948,RSA DRUG CORP,1490 FLATBUSH AVE,,BROOKLYN,NY,112102436,7184218161,CO OWNER AND PHCST S P,333600000X|3336C0003X,tier_1_primary_pharmacy,Y,Y,
1316099971,NEEMA PHARMACY INC,18 ATLANTIC AVE,,LYNBROOK,NY,115633024,5165990079,PRESIDENT,3336C0003X,tier_1_primary_pharmacy,Y,Y,
1003968652,MILE SQUARE PHARMACY INC,855 MIDLAND AVE,,YONKERS,NY,107041024,9149651878,PRESIDENT SUPERVISING PHARMACIST,3336C0003X,tier_1_primary_pharmacy,Y,Y,
1831241181,JULIE PHARMACY INC,10401 NORTHERN BLVD,,CORONA,NY,113681134,7183355424,OWNER,333600000X|3336C0003X,tier_1_primary_pharmacy,Y,Y,
1699827188,J.R. APOTHECARY LLC,1205 MAYBERRY PL,,MACEDON,NY,145028774,3159861500,OWNER,3336C0003X,tier_1_primary_pharmacy,Y,Y,
1982756029,NEW UTRECHT PHARMACY INC.,4624 NEW UTRECHT AVE,,BROOKLYN,NY,112192545,7184369300,PHARMACY MANAGER,3336C0003X,tier_1_primary_pharmacy,Y,Y,
1346392529,MANUIHAR PHARMACY INC,2343 ARTHUR AVE,,BRONX,NY,104588111,7185614040,OWNER,3336C0003X,tier_1_primary_pharmacy,Y,Y,
1083766562,WIN PHARMACY CORP,11 EDWARD MORGAN PLACE,,NEW YORK,NY,10032,2122341800,PRESIDENT,3336C0003X,tier_1_primary_pharmacy,Y,Y,
1912059767,N H MEYER DRUG INC,10 PLATTSBURGH PLZ,,PLATTSBURGH,NY,129012205,5185630151,OWNER,3336C0003X,tier_1_primary_pharmacy,Y,Y,
1780736595,RAINBOW PHARMACY,1449 1ST AVE,,NEW YORK,NY,100213002,2125177500,SUPERVISING PHARMACIST,3336C0003X,tier_1_primary_pharmacy,Y,Y,
1558413401,KHAN PHARMACY INC,545 TITUS AVE,,ROCHESTER,NY,146173538,5852665685,PHARMACIST,3336C0003X,tier_1_primary_pharmacy,Y,Y,
1891848545,"FORSTER'S PHARMACY, INC.",3713 S PARK AVE,,BLASDELL,NY,142191129,7168239800,PRESIDENT,3336C0003X,tier_1_primary_pharmacy,Y,Y,
1114070364,92 PHARMACY INC,1938 2ND AVE,,NEW YORK,NY,100296303,2124266484,PRESIDENT,3336C0003X,tier_1_primary_pharmacy,Y,Y,
1225181308,NY FAMILY PHARMACY LLC,14246 ROOSEVELT AVE,,FLUSHING,NY,113546042,7188880808,OWNER,3336C0003X,tier_1_primary_pharmacy,Y,Y,
1558414813,DAWN PHARMACY INC.,1288 CENTRAL AVE,,FAR ROCKAWAY,NY,116913909,7183271700,PRESIDENT,3336C0003X,tier_1_primary_pharmacy,Y,Y,
1407909856,BAISLEY PHARMACY INC.,16570 BAISLEY BLVD,,JAMAICA,NY,114342517,7185282246,OWNER,3336C0003X,tier_1_primary_pharmacy,Y,Y,
1356494728,WATER STREET PHARMACY INC.,14 WATER ST,,DUNDEE,NY,148371028,6072438114,OWNER,3336C0003X,tier_1_primary_pharmacy,Y,Y,
1366595852,RX DRUG CORP,410 LAKEVILLE RD,SUITE 102,NEW HYDE PARK,NY,110421101,5163522337,OWNER,333600000X|3336C0003X,tier_1_primary_pharmacy,Y,Y,
1144373119,RX PLUS PHARMACY CORP,289 GRAND ST,,NEW YORK,NY,100024417,2122740009,PRESIDENT,3336C0003X,tier_1_primary_pharmacy,Y,Y,
1649323635,LITTLE NECK DRUG STORE INC,25211 NORTHERN BLVD,,LITTLE NECK,NY,113621355,7186318787,SUPERVISING PHARMACIST,3336C0003X,tier_1_primary_pharmacy,Y,Y,
1669526570,MORRIS DRUG INC,1721 AVENUE U,,BROOKLYN,NY,112293811,7186452565,OWNER,333600000X|3336C0003X,tier_1_primary_pharmacy,Y,Y,
1821142324,SRUTHI AND SWAROOP PHARMACY INC,964 RUTLAND RD,,BROOKLYN,NY,112121544,7187749613,PHARMACIST,3336C0003X,tier_1_primary_pharmacy,Y,Y,
1427102870,PRIZELS PHARMACY LLC,535 MAIN ST,,OLEAN,NY,147601593,7163738383,OWNER,333600000X|3336C0003X,tier_1_primary_pharmacy,Y,Y,
1073667432,BIG MART PHARMACY INC,2740 3RD AVENUE,,BRONX,NY,10455,7182923116,PRESIDENT,333600000X,tier_1_primary_pharmacy,Y,Y,
1891849998,B.H. DRUG CORP,8780A SUTPHIN BLVD,,JAMAICA,NY,114353342,7182919500,PHARMECIST  PRESIDENT,3336C0003X,tier_1_primary_pharmacy,Y,Y,
1053466078,SNYDER PHARMACY INC,4536 MAIN STREET,,SNYDER,NY,142263828,7168393050,PRESIDENT OWNER,3336C0003X,tier_1_primary_pharmacy,Y,Y,
1609921253,COTTAGE PHARMACY & SURGICAL INC,8285 JERICHO TPKE,,WOODBURY,NY,117971807,5163679030,PRESIDENT,333600000X|3336C0003X,tier_1_primary_pharmacy,Y,Y,
1730234006,MEDWIN PHARMACY INC,6638 GRAND AVE,,MASPETH,NY,113782531,7184248273,SUPERVISING PHARMACIST,333600000X,tier_1_primary_pharmacy,Y,Y,
1568518371,YIN ON PHARMACY INC DBA PEOPLES PHARMACY,77 MOTT ST,,NEW YORK,NY,100134862,2122850977,SECT,3336C0003X,tier_1_primary_pharmacy,Y,Y,
1578618740,CATSKILL PHARMACY INC,6401 RT 209 US HIGHWAY,,KERHONKSON,NY,12446,8456260900,PRESIDENT,3336C0003X,tier_1_primary_pharmacy,Y,Y,
1346395589,MAGNAM PHARMACY INC,1236 FULTON STREET,,BROOKLYN,NY,11216,7187894645,PRESIDENT,3336C0003X,tier_1_primary_pharmacy,Y,Y,
1407902356,SWAN PHARMACY INC,650 FRANKLIN AVE,,BROOKLYN,NY,112383705,7186239633,PHARMACIST,3336C0003X,tier_1_primary_pharmacy,Y,Y,
1063567311,AVSV PHARMACY INC.,64 W BURNSIDE AVE,,BRONX,NY,104534018,7189604370,VICE PRESIDENT,3336C0003X,tier_1_primary_pharmacy,Y,Y,
1760538409,HEALTHY CORNER PHARMACY INC,11665 QUEENS BLVD,,FOREST HILLS,NY,113756533,7182616699,PHARMACIST,3336C0004X|333600000X|3336C0003X,tier_1_primary_pharmacy,Y,Y,
1700932142,SHIVA PHARMACY,8235 164TH ST,,JAMAICA,NY,114321120,7183801261,PRESIDENT,3336C0003X,tier_1_primary_pharmacy,Y,Y,
1205982634,RAJA PHARMACY INC,20414 HILLSIDE AVE,,HOLLIS,NY,114232217,7184644066,PRESIDENT,333600000X|3336C0003X,tier_1_primary_pharmacy,Y,Y,
1710033162,PREFERRED PHARMACY INC,175 FULTON AVE,,HEMPSTEAD,NY,115503718,5164835000,SUP. PHARMACIST,333600000X|3336C0003X,tier_1_primary_pharmacy,Y,Y,
1457407892,SOUTHGATE MEDICAL PHARMACY INC,1026 UNION RD,,WEST SENECA,NY,142243449,7167120630,SUPERVISING PHARMACIST,3336C0003X,tier_1_primary_pharmacy,Y,Y,
1003962291,SMS PHARMACY CORP.,101 SHERMAN AVE,,NEW YORK,NY,100345626,2125672753,SUPERVISING PHARMACIST,333600000X|3336C0003X,tier_1_primary_pharmacy,Y,Y,
1437295516,TRI PHARMACY CORP,1219 AMSTERDAM AVE,,NEW YORK,NY,100277007,2127498480,PRES,333600000X|3336C0003X,tier_1_primary_pharmacy,Y,Y,
1932245875,ASHLAND PHARMACY INC.,123 DEKALB AVE,,BROOKLYN,NY,112171237,7188349884,SUPERVISING PHARMACISTS-PRESIDENT,3336C0003X,tier_1_primary_pharmacy,Y,Y,
1194861104,"139 PHARMACY, INC.",3411 BROADWAY,,NEW YORK,NY,100317407,2122835764,RPH,333600000X|3336C0003X,tier_1_primary_pharmacy,Y,Y,
1548307861,AVENUE PHARMACY INC.,1215 40TH AVE,,LONG ISLAND CITY,NY,111016107,7183610436,PHARMACIST,333600000X,tier_1_primary_pharmacy,Y,Y,
1154468361,SHARON LYNN PHARMACY INC,64-16 MURTLE AVE,,GLENDALE,NY,113856203,7183813014,PRES SUPERVISING PHARMACIST,333600000X,tier_1_primary_pharmacy,Y,Y,
1609912088,NYC PHARMACY INC,203 E 121ST ST,STORE# 2,NEW YORK,NY,100353018,2123698082,PRESIDENT,333600000X|3336C0003X,tier_1_primary_pharmacy,Y,Y,
1639215247,LIBERTY DRUG INC,7605 13TH AVE,,BROOKLYN,NY,112282411,7183314300,OWNER,333600000X|3336C0004X|3336C0003X,tier_1_primary_pharmacy,Y,Y,
1548306152,GLOBAL CARE PHARMACY INC,5905 8TH AVE,,BROOKLYN,NY,112204336,7188518998,PRESIDENT,333600000X|3336C0003X,tier_1_primary_pharmacy,Y,Y,
1538205190,UGOSON RX,5015 AVE A,,BROOKLYN,NY,11234,7186921200,PRESIDENT,3336C0003X,tier_1_primary_pharmacy,Y,Y,
1447396007,DRUG DEPOT CORP,1601 UNIVERSITY AVE,,BRONX,NY,10453,7182999600,PRESIDENT,3336C0003X,tier_1_primary_pharmacy,Y,Y,
1003953829,DONGAN HILLS PHARMACY INC,1560 RICHMOND RD,,STATEN ISLAND,NY,103042301,7186677733,PRESIDENT,3336C0003X,tier_1_primary_pharmacy,Y,Y,
1851438576,CHRISTOPHER A. BASSOLINO PHARMACY CORP.,1262 MADISON AVE,,NEW YORK,NY,101280516,2122899168,SUPERVISING PHARMACIST,3336C0003X,tier_1_primary_pharmacy,Y,Y,
1861539322,NOSTRAND DRUG CORP.,2918 AVENUE J,,BROOKLYN,NY,112103842,7182531700,PRESIDENT,3336C0003X,tier_1_primary_pharmacy,Y,Y,
1548307036,HARPELL PHARMACY AND SURGICALS CORP,11315 LIBERTY AVE,,SOUTH RICHMOND HILL,NY,114191807,3474078180,PRESIDENT,3336S0011X|3336C0004X|333600000X|3336L0003X|3336C0003X,tier_1_primary_pharmacy,Y,Y,
1982741377,KOCH PHARMACY CORP,126 WYCKOFF AVE,,BROOKLYN,NY,112374308,7183810120,VICE PRESIDENT DIRECTOR OF PHARMACY,333600000X,tier_1_primary_pharmacy,Y,Y,
1033257498,"EAST 16TH STREET PHARMACY, INC",1526 CORTELYOU RD,,BROOKLYN,NY,112265608,7182827660,PRESIDENT,3336C0003X,tier_1_primary_pharmacy,Y,Y,
1467599860,MELLAU PHARMACY INC,593 FORT WASHINGTON AVE,,NEW YORK,NY,100331908,2125685511,PRESIDENT / OWNER,3336C0003X,tier_1_primary_pharmacy,Y,Y,
1457499634,JOSEPH REINA PHARMACY INC,65 15 FRESH POND RD,,RIDGEWOOD,NY,11385,7183660626,PRESIDENT,333600000X|3336C0004X|3336C0003X,tier_1_primary_pharmacy,Y,Y,
1861530768,KALA PHARMACY INC.,9311 CHURCH AVE,,BROOKLYN,NY,11212,7184953035,DIRECTOR,3336C0003X,tier_1_primary_pharmacy,Y,Y,
1245378769,PEPCO PHARMACY,2304 NOSTRAND AVE,,BROOKLYN,NY,112103840,7183380709,STAFF PHARMACIST,333600000X,tier_1_primary_pharmacy,Y,Y,
1821137951,"FRS DRUG, INC",1475 2ND AVE,,NEW YORK,NY,100212292,2125354710,SP PHARMACIST,333600000X,tier_1_primary_pharmacy,Y,Y,
1104965631,THREE S PHARMACY INC,619 9TH AVE,,NEW YORK,NY,100363710,2125810602,SUPERVISING PHARMACIST,333600000X,tier_1_primary_pharmacy,Y,Y,
1568501419,VALUE DRUG STORES INC,391 W MAIN ST,,HUNTINGTON,NY,117433203,6314272919,SUPERVISING PHARMACIST,3336C0003X,tier_1_primary_pharmacy,Y,Y,
1922147974,75 BURNSIDE DRUG AND SURGICAL INC,75 W BURNSIDE AVE,,BRONX,NY,104534015,7187318505,SUPERVISING PHARMACIST,333600000X|3336C0003X,tier_1_primary_pharmacy,Y,Y,
1225178882,STAMFORD PHARMACY INC,119 MAIN ST,,STAMFORD,NY,121671159,6076527233,PRESIDENT,333600000X,tier_1_primary_pharmacy,Y,Y,
1790824456,PARKCHESTER FAMILY PHARMACY & SURGICAL INC,1445 UNIONPORT RD,,BRONX,NY,104624400,3478512688,PRESIDENT,3336C0003X,tier_1_primary_pharmacy,Y,Y,
1194864793,MEDINA PHARMACY INC,5721 5TH AVE,,BROOKLYN,NY,112203876,7184393500,PRESIDENT,3336C0003X,tier_1_primary_pharmacy,Y,Y,
1952440901,1491 LEX PHARMACY INC,1491 LEXINGTON AVE,,NEW YORK,NY,10029,2122893665,PHARMACY SERVICES,333600000X,tier_1_primary_pharmacy,Y,Y,
1316086952,LA ALTAGRACIA PHARMACY INC,1544 SAINT NICHOLAS AVE # A,,NEW YORK,NY,100404506,2127955005,SUPERVISING PHARMACIST,333600000X,tier_1_primary_pharmacy,Y,Y,
1164562369,SAINATH PHARMACY INC,200C W 231ST ST,,BRONX,NY,104635359,7184322240,PHARMACIST,3336C0003X,tier_1_primary_pharmacy,Y,Y,
1215077326,GREENBAUMS PHARMACY INC,42 MAIN ST,,MONSEY,NY,109523000,8453569300,PRESIDENT,333600000X,tier_1_primary_pharmacy,Y,Y,
1013057553,BATTERY PARK PHARMACY INC,327 S END AVE,,NEW YORK,NY,102801002,2129120555,MANAGER,333600000X|3336C0003X,tier_1_primary_pharmacy,Y,Y,
1598805533,"NY NORTHERN PHARMACY, LLC",164-16 NORTHERN BLVD,,FLUSHING,NY,11358,7184452470,SUPERVISING PHARMACIST,3336C0003X,tier_1_primary_pharmacy,Y,Y,
1790825958,"S & K WARBASSE PHARMACY, INC",499 NEPTUNE AVE,,BROOKLYN,NY,112244003,7184495177,PHARMACIST,3336C0003X,tier_1_primary_pharmacy,Y,Y,
1295875128,BETHPAGE PHARMACY INC,334 BROADWAY,,BETHPAGE,NY,117143007,5169311481,HEAD PHARMACIST,3336C0003X,tier_1_primary_pharmacy,Y,Y,
1558402289,BRUCKNER PLAZA PHARMACY INC,751 WHITE PLAINS RD,,BRONX,NY,104732631,7188282446,PRES,333600000X|3336C0003X,tier_1_primary_pharmacy,Y,Y,
1588704332,GABE'S PHARMACY INC.,4818 13TH AVE,,BROOKLYN,NY,112193111,7186331548,PRESIDENT,3336C0003X,tier_1_primary_pharmacy,Y,Y,
1427198183,AVE R PHARMACY INC,2918 AVENUE R,,BROOKLYN,NY,112292524,7187871414,OWNER,3336C0003X,tier_1_primary_pharmacy,Y,Y,
1144361684,"AVENUE A PHARMACY, INC",41 AVENUE A,,NEW YORK,NY,10009,2122604878,RPH,3336C0003X,tier_1_primary_pharmacy,Y,Y,
1184765323,"WHITSON PHARMACY, INC.",110 MAIN ST,,PHELPS,NY,145321017,3155489454,PRESIDENT SUPERVISING PHARMACIST,3336C0003X,tier_1_primary_pharmacy,Y,Y,
1861533952,SURYA PHARMACY INC,12501 101ST AVE,,SOUTH RICHMOND HILL,NY,114191411,7188497300,PRESIDENT,3336C0003X,tier_1_primary_pharmacy,Y,Y,
1962543215,DRUG STORE INCORPORATED,2204 VICTORY BLVD,,STATEN ISLAND,NY,103146624,7189829438,PHARMACIST CO OWNER,3336C0003X,tier_1_primary_pharmacy,Y,Y,
1275674376,BRISELY PHARMACY INC,4229 BROADWAY,,NEW YORK,NY,100333707,2127816314,SUPERVISING PHARMACIST,3336C0003X,tier_1_primary_pharmacy,Y,Y,
1740321967,BARKERS PHARMACY INC.,195 LOVE LANE,,MATTITUCK,NY,119520989,6312988666,OWNER SUPERVISING PHARMACIST,333600000X,tier_1_primary_pharmacy,Y,Y,
1427199553,WELCOME RX INC.,128 DITMAS AVE,,BROOKLYN,NY,112184902,7184318232,OWNER,3336C0003X,tier_1_primary_pharmacy,Y,Y,
1487795829,"RIVERSIDE PHARMACY,INC.",2920 FREDERICK DOUGLASS BLVD,,NEW YORK,NY,100391610,2124915500,PRESIDENT,3336C0003X,tier_1_primary_pharmacy,Y,Y,
1679614721,GSR RX CORP,273 NEW MAIN ST,,YONKERS,NY,107014130,9143772334,PRESIDENT,3336C0003X,tier_1_primary_pharmacy,Y,Y,
1902947948,IDEAL PHARMACY INC.,5409 5TH AVE,,BROOKLYN,NY,112203112,7184395900,PRESIDENT,3336C0003X,tier_1_primary_pharmacy,Y,Y,
1669513602,"WING ON PHARMACY, INC.",18 E BROADWAY,,NEW YORK,NY,100026803,2122192717,OWNER,333600000X,tier_1_primary_pharmacy,Y,Y,
1679614697,SHIA PHARMACY INC,31 12 BROADWAY,,LONG ISLAND CITY,NY,111062649,7187281212,SUPERVISING PHARMACIST,333600000X|3336C0003X|3336C0004X,tier_1_primary_pharmacy,Y,Y,
1154462968,PERFEXON DRUG CORP,86-15 JUSTICE AVE,,ELMHURST,NY,113734555,7187602600,PRESIDENT,333600000X,tier_1_primary_pharmacy,Y,Y,
1942341805,P & G PHARMACY INC,1111 ROUTE 110,,FARMINGDALE,NY,117354820,6312496400,PRESIDENT,333600000X|3336C0003X,tier_1_primary_pharmacy,Y,Y,
1700928207,3921 9TH AVE PHARMACY INC,3921 9TH AVE,,BROOKLYN,NY,112323207,7184357790,PRESIDENT,3336C0003X,tier_1_primary_pharmacy,Y,Y,
1831231224,KAMRAN PHARMACY INC.,1101 FLATBUSH AVE,,BROOKLYN,NY,112266141,7187032440,PRESIDENT,333600000X,tier_1_primary_pharmacy,Y,Y,
1639211790,"EVANS DRUG STORE,INC",878 NOSTRAND AVENUE,,BROOKLYN,NY,11225,7187717271,PRESIDENT,3336C0003X,tier_1_primary_pharmacy,Y,Y,
1205978350,"DIVISION PHARMACY,INC",134 DIVISION AVE,,BROOKLYN,NY,112117117,7183843589,PHARMACIST,3336C0003X,tier_1_primary_pharmacy,Y,Y,
1750423604,CHEUNG LEE PHARMACY INC.,352 -HALF GREENWICH STREET,,NYC,NY,10013,2124063700,VICE-PRESIDENT,333600000X,tier_1_primary_pharmacy,Y,Y,
1275676801,P.A.W. DRUG MART INC,2711 MERRICK RD,,BELLMORE,NY,117105719,5167854774,OWNER,3336C0003X,tier_1_primary_pharmacy,Y,Y,
1023151859,WASHINGTON PHARMACY CORP.,484 E TREMONT AVE,,BRONX,NY,10457,7184665555,SUPERVISING PHARMACIST,3336C0003X,tier_1_primary_pharmacy,Y,Y,
1477696250,JPPA PHARMACY INC,14919 UNION TPKE,,FLUSHING,NY,113673849,7183805440,SECRETARY,333600000X|3336L0003X|3336C0003X,tier_1_primary_pharmacy,Y,Y,
1376686295,311 PHARMACY CORP,522 W 181ST ST,,NEW YORK,NY,100335101,2127403737,SUPERVISING PHARMACIST,3336C0003X,tier_1_primary_pharmacy,Y,Y,
1215070172,"PETERSON DRUG COMPANY OF NEWFANE NY, INC.",2740 MAIN ST,,NEWFANE,NY,141081206,7167787422,PRESIDENT,3336C0003X,tier_1_primary_pharmacy,Y,Y,
1205979721,BAYARD L C PHARMACY CORP,113-33A 41ST AVE,,FLUSHING,NY,11355,2122198116,PRESIDENT,3336C0003X,tier_1_primary_pharmacy,Y,Y,
1689717050,MAPLE CITY PHARMACY,181 SENECA ST,,HORNELL,NY,148431336,6073242212,OWNER,333600000X,tier_1_primary_pharmacy,Y,Y,
1932242401,FLORIDA PHARMACY INC.,162 NORTH MAIN STREET,,FLORIDA,NY,109210535,8456517878,OWNER RPH,3336C0003X,tier_1_primary_pharmacy,Y,Y,
1437292596,AVEL PHARMACY INC,550 NORTH AVE,,NEW ROCHELLE,NY,108012612,9142354422,PRESIDENT,333600000X|3336C0003X,tier_1_primary_pharmacy,Y,Y,
1174667117,ADIRONDACK APOTHECARY LLC,3932 NYS ROUTE 22,,WILLSBORO,NY,129964507,5189638946,VICE PRESIDENT,3336C0003X,tier_1_primary_pharmacy,Y,Y,
1093858375,A & R PHARMACY INC,4004 104 STREET,,CORONA,NY,11368,7186393800,PRESIDENT,3336C0003X,tier_1_primary_pharmacy,Y,Y,
1346383403,HEALTHSOURCE PHARMACY II INC,120 E 34TH ST,,NEW YORK,NY,100164609,2124816600,PRESIDENT,333600000X|3336C0003X,tier_1_primary_pharmacy,Y,Y,
1255474318,JEMJAY DRUG INC,224 12 MERRICK BLVD,,LAURELTON,NY,11413,7182767106,PRES,333600000X|3336C0003X,tier_1_primary_pharmacy,Y,Y,
1023151420,MAIORINO PHARMACY & SURGICAL INC,233 UNION AVE,,HOLBROOK,NY,117411820,6315857092,OWNER,333600000X|3336C0003X,tier_1_primary_pharmacy,Y,Y,
1164565222,MACLEODS PHARMACY,8672 BUFFALO AVE,,NIAGARA FALLS,NY,143044365,7162838704,PHARMACIST AND MANAGER,3336I0012X|333600000X|3336C0003X,tier_1_primary_pharmacy,Y,Y,
1487798484,"SCHNEIDER'S PHARMACY,INC.",FIVE MILE POINT PLAZA,,KIRKWOOD,NY,13795,6077750245,PRESIDENT,3336C0003X,tier_1_primary_pharmacy,Y,Y,
1003950619,RUSSELL AND LAWRIE APOTHECARY INC,59 N BROADWAY,,TARRYTOWN,NY,105913208,9146310079,PHARMACIST,3336C0003X,tier_1_primary_pharmacy,Y,Y,
1033253588,"B.C.P. PHARMACY, INC",2730 E TREMONT AVE,,BRONX,NY,104612808,7185975230,PHARMACIST,3336C0003X,tier_1_primary_pharmacy,Y,Y,
1902940307,FIVE STAR PHARMACY INC,4125 18TH AVE,,BROOKLYN,NY,112185709,7186868900,OWNER,333600000X,tier_1_primary_pharmacy,Y,Y,
1346384781,SCHOHARIE VALLEY PHARMACY INC,4448 STATE ROUTE 30,,MIDDLEBURGH,NY,121225706,5188274488,VICE PRESIDENT,3336C0003X,tier_1_primary_pharmacy,Y,Y,
1215071378,791 MORRIS DRUG CORP,1630 PITKIN AVE,,BROOKLYN,NY,112125051,7183420965,PRES,333600000X|3336C0003X,tier_1_primary_pharmacy,Y,Y,
1568507523,RX PLUS LLC,71 30 MYRTLE AVE,,GLENDALE,NY,11385,7184560100,DIRECTOR OF PHARMACY,3336C0004X|3336S0011X|3336C0003X,tier_1_primary_pharmacy,Y,Y,
1164567061,SKY PHARMACY,7114 BAY PKWY,,BROOKLYN,NY,112046016,7186210204,OWNER,3336C0003X,tier_1_primary_pharmacy,Y,Y,
1790820512,SAS PHARMACY INC,1481 LELAND AVE,,BRONX,NY,104603901,7188235330,MANAGER,333600000X,tier_1_primary_pharmacy,Y,Y,
1467597229,FMRG PHARMACY INC,433 KINGS HWY,,BROOKLYN,NY,112231718,7183363355,SUPERVISING PHARMACIST,333600000X|3336C0003X,tier_1_primary_pharmacy,Y,Y,
1487798518,"MARC'S VILLAGE PHARMACY, INC.",31 E MAIN ST,,ELMSFORD,NY,105232608,9145928211,OWNER,333600000X,tier_1_primary_pharmacy,Y,Y,
1073658993,N & B PHARMACY INC,11829A METROPOLITAN AVENUE,,KEW GARDENS,NY,11415,7184878100,PHARMACIST,333600000X,tier_1_primary_pharmacy,Y,Y,
1538204656,JPE PHARMACY INC.,51 SOUTH MAIN STREET,,FREEPORT,NY,11520,5163793333,SUPERVSING PHARMACIST,333600000X,tier_1_primary_pharmacy,Y,Y,
1679618060,UMAMAH PITKIN PHARMACY INC,2231 PITKIN AVE,,BROOKLYN,NY,11207,7184853724,PRESIDENT,333600000X,tier_1_primary_pharmacy,Y,Y,
1386789626,COMMUNITY APOTHECARY INC,309 MAIN ST,,SCHOHARIE,NY,12157,5182956300,PRESIDENT,333600000X|3336C0003X,tier_1_primary_pharmacy,Y,Y,
1437294626,DANS PHARMACY INC.,99 CHURCH AVE,,BROOKLYN,NY,112182285,7184384300,OWNER,3336C0003X,tier_1_primary_pharmacy,Y,Y,
1841335478,A REAL PHARMACY INC,380 S BROADWAY,,HICKSVILLE,NY,118015033,5164333167,PRESIDENT AND RPH,333600000X|3336C0003X,tier_1_primary_pharmacy,Y,Y,
1326183963,"ADIRONDACK APOTHECARY, LLC",1081 MAIN ST,,SCHROON LAKE,NY,12870,5185327575,VICE PRESIDENT,3336C0003X,tier_1_primary_pharmacy,Y,Y,
1366587925,ATKIN PHARMACY INC,1172 CONEY ISLAND AVE,,BROOKLYN,NY,112302912,7188596100,PRESIDENT,3336C0003X,tier_1_primary_pharmacy,Y,Y,
1841335494,STEINWAY PHARMACY,2574 STEINWAY ST,,ASTORIA,NY,111033702,7187286070,SUPERVISING PHARMACIST,3336C0003X,tier_1_primary_pharmacy,Y,Y,
1346385820,VLS PHARMACY INC,4402 5TH AVE,,BROOKLYN,NY,112201204,7188541384,PHARMACIST,333600000X,tier_1_primary_pharmacy,Y,Y,
1336284645,JP PHARMACY INC,19417 NORTHERN BLVD,,FLUSHING,NY,113583032,7183574039,PRES,3336C0003X,tier_1_primary_pharmacy,Y,Y,
1215062484,LITTLE GELT PHARMACY,111 DREISER LOOP,,BRONX,NY,104752701,7186716410,SUPERVISING PHARMACIST,3336C0003X,tier_1_primary_pharmacy,Y,Y,
1467597716,APPLE DRUG INC.,1207 2ND AVE,,NEW YORK,NY,100657402,2127589614,SUPERVISING PHARMACIST,3336C0003X,tier_1_primary_pharmacy,Y,Y,
1548395452,GLOBAL PHARMACY & HOMECARE INC.,9105 63RD DR,,REGO PARK,NY,113743849,7184768800,OWNER,333600000X,tier_1_primary_pharmacy,Y,Y,
1306971114,PROSPECT AVE. PHARMACY INC.,993 PROSPECT AVE,,BRONX,NY,104592903,7183283593,SECRETARY,3336C0003X,tier_1_primary_pharmacy,Y,Y,
1902931033,THE LOBBY PHARMACY INC,374 STOCKHOLM STREET,,BROOKLYN,NY,112374006,7189637222,SUPERVISING PHARMACIST,333600000X,tier_1_primary_pharmacy,Y,Y,
1386779460,CALIGOR RX INC.,1226 LEXINGTON AVE,,NEW YORK,NY,100281446,2123696000,SUPERVISING PHARMACIST,333600000X|3336C0003X,tier_1_primary_pharmacy,Y,Y,
1053446377,"UTICA PHARMACY, INC",285-287 UTICA AVE,,BROOKLYN,NY,112134940,7189537351,SP,3336C0003X,tier_1_primary_pharmacy,Y,Y,
1669508818,"LIBERTY AVE PHARMACY,INC",1108 LIBERTY AVE,,BROOKLYN,NY,112082922,7188277528,SP,3336C0003X,tier_1_primary_pharmacy,Y,Y,
1508992751,"M&I PHARMACY, INC.",853 E NEW YORK AVE,,BROOKLYN,NY,112031309,7184938118,SP,3336C0003X,tier_1_primary_pharmacy,Y,Y,
1427184282,"GRANT PHARMACY, INC.",1340 EDWARD GRANT HWY,,BRONX,NY,10452,7185883304,OWNER,3336C0003X,tier_1_primary_pharmacy,Y,Y,
1124154067,ROMA PHARMACY CORP,921 E TREMONT AVE,,BRONX,NY,104604305,7188935700,PRESIDENT,3336C0003X,tier_1_primary_pharmacy,Y,Y,
1336275387,ANIL PHARMACY INC,229 E KINGSBRIDGE RD,,BRONX,NY,104584413,7189335150,OWNER,3336C0003X,tier_1_primary_pharmacy,Y,Y,
1649306044,DEDALE PHARMACY INC,531 W MERRICK RD,,VALLEY STREAM,NY,115805125,5165611222,PRES,333600000X|3336C0003X,tier_1_primary_pharmacy,Y,Y,
1558497958,INWOOD PHARMACY INC,4915 BROADWAY,,NEW YORK,NY,100343119,2123044646,PRESIDENT,3336C0004X|3336S0011X|333600000X|3336C0003X,tier_1_primary_pharmacy,Y,Y,
1992832315,SCHELLS PHARMACY INC,179 EAST MAIN ST,,AMSTERDAM,NY,120104818,5188425460,PRESIDENT,3336C0003X|3336C0004X,tier_2_secondary_pharmacy,N,Y,
1689701484,LONGEVITY PHARMACY LLC,96 E BROADWAY,,NEW YORK,NY,100027031,2126938866,MEMBER,333600000X|3336C0003X,tier_1_primary_pharmacy,Y,Y,
1699802934,I & O PHARMACY CORP.,669 MANHATTAN AVE,,BROOKLYN,NY,112223113,7183496696,PRESIDENT,3336C0003X,tier_1_primary_pharmacy,Y,Y,
1326175266,ADUWA PHARMACY CORP,114 10 SUTPHIN BLVD,,JAMAICA,NY,11434,7183229709,PRESIDENT,3336C0003X,tier_1_primary_pharmacy,Y,Y,
1013044858,SEAFORD CHEMISTS QUAILE PHARMACY,1696 WASHINGTON AVE,,SEAFORD,NY,117831903,5167813115,PRESIDENT,333600000X|3336C0003X,tier_1_primary_pharmacy,Y,Y,
1922135763,SOUTH PARK PHARMACY LLC,2707 S PARK AVE,,LACKAWANNA,NY,142181511,7168230440,OWNER/PIC/AO,333600000X|3336C0003X,tier_1_primary_pharmacy,Y,Y,
1356478812,SWAMI NARAYAN PHARMACY INC,3457 BOSTON RD,,BRONX,NY,104692508,7188812260,MANAGER,333600000X,tier_1_primary_pharmacy,Y,Y,
1518095827,ADUWA PHARMACY INC,114-10 SUTPHIN BLVD.,,JAMAICA,NY,11434,1783229709,MANAGER,333600000X,tier_1_primary_pharmacy,Y,Y,
1518095900,NEAB PHARMACY CORP,18901 LINDEN BLVD,,ST.ALBANS,NY,11412,7183410170,PRESIDENT,333600000X,tier_1_primary_pharmacy,Y,Y,
1205963972,MONTEFIORE MEDICAL CENTER-MONTEFIORE PHARMACY,3444 KOSSUTH AVE,GROUND FLOOR,BRONX,NY,104672410,7189204300,PHARMACY MANAGER,3336I0012X|3336C0002X|3336C0003X,tier_1_primary_pharmacy,Y,Y,
1255468773,J&K PHARMACY,440 EAST 138ST #3A,J&K PHARMACY,BRONX,NY,10454,7184017375,OWNER AND SUPERVISION PHARMACIST,333600000X,tier_1_primary_pharmacy,Y,Y,
1053449249,MNK PHARMACY INC,181 AMSTERDAM AVE,,NEW YORK,NY,10023,2128776390,PRESIDENT,3336C0003X,tier_1_primary_pharmacy,Y,Y,
1285762419,COUNTRY VILLAGE PHARMACY INC,242 E MAIN ST,,EAST ISLIP,NY,117302712,6315817878,VP,333600000X|3336C0003X,tier_1_primary_pharmacy,Y,Y,
1992833255,APPLE COMMUNITY PHARMACY,3 HEMPHILL PL,SUITE 116,MALTA,NY,120204419,5188996063,PHARMACIST AND PRESIDENT,3336C0004X|333600000X|3336C0003X,tier_1_primary_pharmacy,Y,Y,
1972631703,HH PHARMACY CORP,3350 FULTON ST,,BROOKLYN,NY,112082034,7188279034,MANAGER,3336C0003X,tier_1_primary_pharmacy,Y,Y,
1376671594,"CRESCENT PHARMACY, INC",48 CENTRAL CT,,VALLEY STREAM,NY,115801143,5165937747,PRESIDENT,3336C0003X,tier_1_primary_pharmacy,Y,Y,
1316075443,PETERS PHARMACY OF NARROWSBURG,110 KIRKS RD,,NARROWSBURG,NY,127646430,8452523003,OWNER,3336C0003X,tier_1_primary_pharmacy,Y,Y,
1154459857,BOWERY PHARMACY INC,95 BOWERY,,NEW YORK,NY,100024901,2122190449,SUPERVISING PHARMACIST,3336C0003X,tier_1_primary_pharmacy,Y,Y,
1972631638,CITY CARE PHARMACY INC,3449 21ST ST,,LONG ISLAND CITY,NY,111064721,7187295199,OWNER,333600000X|3336C0003X,tier_1_primary_pharmacy,Y,Y,
1821127820,AVERYS PHARMACY INC,10504 MAIN ST,,NORTH COLLINS,NY,141110579,7163372992,OWNER,3336C0003X,tier_1_primary_pharmacy,Y,Y,
1548399447,PRIMACARE PHARMACY INC,41 28 MAIN ST,SUITE 5,FLUSHING,NY,11355,7188868968,PRESIDENT/OWNER,333600000X|3336C0003X,tier_1_primary_pharmacy,Y,Y,
1669501441,A & R PHARMACY INC,140 LOCKWOOD AVE,,NEW ROCHELLE,NY,108014915,9146327272,PHARMACIST,333600000X|3336C0003X,tier_1_primary_pharmacy,Y,Y,
1801926019,"BORBAS PHARMACY, INC",2046 BATH AVE,,BROOKLYN,NY,112144806,7183725686,OWNER,3336H0001X|3336S0011X|3336C0003X|3336M0002X,tier_1_primary_pharmacy,Y,Y,
1548390198,ANNADALE FAMILY PHARMACY INC.,831 ANNADALE ROAD,,STATEN ISLAND,NY,103123133,7182270710,OWNER,3336C0003X,tier_1_primary_pharmacy,Y,Y,
1679603591,P D L DRUG STORE INC,95 THE PLZ,,MONTAUK,NY,119544000,6316682994,VICE PRESIDENT,3336C0003X,tier_1_primary_pharmacy,Y,Y,
1194856823,D&A PHARMACY INC.,8024 NORTHERN BLVD,,JACKSON HEIGHTS,NY,113721345,7185973238,PRESIDENT,333600000X,tier_1_primary_pharmacy,Y,Y,
1083745855,"99 C & PHARMACY, INC.",3217 BEACH CHANNEL DR # A,,FAR ROCKAWAY,NY,116911502,7188682200,PRESIDENT,333600000X,tier_1_primary_pharmacy,Y,Y,
1912038019,REDI CORPORATION AND PHARMACY,44 RONALD REAGAN BLVD,,WARWICK,NY,109904118,8459885805,OWNER,3336C0004X|333600000X|3336C0003X,tier_1_primary_pharmacy,Y,Y,
1346371275,CORAM RX LTD,35H MIDDLE COUNTRY RD H,,CORAM,NY,117274404,6316982868,PRESIDENT,333600000X|3336C0003X,tier_1_primary_pharmacy,Y,Y,
1932231768,BRONX COMMUNITY PHARMACY,2404 WEBSTER AVE,,BRONX,NY,104585603,7182201336,PRESIDENT,3336C0003X,tier_1_primary_pharmacy,Y,Y,
1619009263,MCCANN DRUG CO INC,166 MAIN ST,,HUDSON FALLS,NY,128391814,5187474732,VICE PRESIDENT,333600000X|3336C0003X,tier_1_primary_pharmacy,Y,Y,
1902939416,DELCO DRUGS AND SPECIALTY PHARMACY INC,3833 RICHMOND AVE,,STATEN ISLAND,NY,103123828,7189846600,OWNER,3336C0004X|3336S0011X|333600000X|3336C0003X,tier_1_primary_pharmacy,Y,Y,
1124151675,TEE VAL PHARMACY,104 W 70TH ST,,NEW YORK,NY,100234454,2128773090,PRES,333600000X|3336C0003X,tier_1_primary_pharmacy,Y,Y,
1770617185,GRAND CENTRAL PHARMACY LLC,420 CENTRAL AVE,,CEDARHURST,NY,115161907,5162958880,OWNER,333600000X,tier_1_primary_pharmacy,Y,Y,
1821122532,NISAR PHARMACY INC,253B E 149TH ST,,BRONX,NY,104515503,7184029104,PRESIDENT,333600000X|3336L0003X|3336C0003X,tier_1_primary_pharmacy,Y,Y,
1730213448,WASHINGTONVILLE PHARMACY INC,32 W MAIN ST UNIT 2,,WASHINGTONVILLE,NY,109921411,8454968001,RPH,3336C0004X|3336L0003X|3336C0003X,tier_1_primary_pharmacy,Y,Y,
1326172859,H.E.J.J.PHARMACY LTD,2 MAIN ST,,SAYVILLE,NY,117822502,6315890001,"OWNER,SP",333600000X,tier_1_primary_pharmacy,Y,Y,
1588789226,PERSONAL CARE PHARMACY INC.,836 CONEY ISLAND AVE,,BROOKLYN,NY,112185310,7182827375,S.P.,333600000X,tier_1_primary_pharmacy,Y,Y,
1316062623,R&R DRUG CO. INC. OF MASSAPEQUA,4638 MERRICK RD,,MASSAPEQUA,NY,117586030,5167982050,PRESIDENT,3336C0003X,tier_1_primary_pharmacy,Y,Y,
1710002878,63 LEE AVE PHARMACY INC,63 LEE AVE,,BROOKLYN,NY,112117213,7183872852,PRES SPH,333600000X,tier_1_primary_pharmacy,Y,Y,
1427173574,NATURES CURE PHARMACY INC,324 E 34TH ST,,NEW YORK,NY,100164991,2125459393,PHARMACIST,3336C0004X|333600000X|3336C0003X,tier_1_primary_pharmacy,Y,Y,
1548385230,FRANWIN PHARMACY,127 MINEOLA BLVD,,MINEOLA,NY,115013917,5167464720,CEO PRESIDENT,3336C0003X|3336C0004X,tier_1_primary_pharmacy,Y,Y,
1396861662,OMEGA PHARMACY INC,1439 AMSTERDAM AVE,,NEW YORK,NY,100277436,2122344666,OWNER,333600000X|3336C0003X,tier_1_primary_pharmacy,Y,Y,
1225154339,LYDIG AVENUE PHARMACY CORP.,742 LYDIG AVE,,BRONX,NY,104622104,7186788700,PHARMACIST,3336C0003X|333600000X,tier_1_primary_pharmacy,Y,Y,
1285750026,37-17 UNION PHARMACY CORP.,3632 UNION ST,,FLUSHING,NY,113544195,7189616010,PHARMACIST,3336C0003X,tier_1_primary_pharmacy,Y,Y,
1568588390,GCC PHARMACY CORP,1575 GRAND CONCOURSE,,BRONX,NY,104526245,7182994800,PRESIDENT,3336C0003X,tier_1_primary_pharmacy,Y,Y,
1467579839,BRIGHTON-EGGERT PHARMACY INC,935 BRIGHTON RD,,TONAWANDA,NY,141508113,7168356778,OWNER,333600000X|3336C0003X,tier_1_primary_pharmacy,Y,Y,
1316065402,HRITHIKA PHARMACY INC,276-280 MARCUS GARVEY BLVD,,BROOKLYN,NY,11221,7184438787,SP,333600000X|3336C0003X,tier_1_primary_pharmacy,Y,Y,
1265551840,DELVIN PHARMACY INC,32 24 STEINWAY ST,,ASTORIA,NY,111034006,7182047867,PRESIDENT,333600000X|3336C0003X,tier_1_primary_pharmacy,Y,Y,
1902925746,A J K PHARMACY INC,8823 AVE L,,BROOKLYN,NY,112364781,7182514005,PRESIDENT,3336C0003X,tier_1_primary_pharmacy,Y,Y,
1861512527,"RITE QUALITY PHARMACY,INC",614 FLATBUSH AVE,,BROOKLYN,NY,112254927,7188266117,OWNER,3336C0003X,tier_1_primary_pharmacy,Y,Y,
1518087808,IMAGES PHARMACY INC.,1383 BUSHWICK AVE,,BROOKLYN,NY,112071407,7184555065,SUPERVISING PHARMACIST,333600000X,tier_1_primary_pharmacy,Y,Y,
1275653305,STAY SLIM PHARMACY INC,1166 CONEY ISLAND AVE,,BROOKLYN,NY,112302912,7188596100,SECRETARY,3336C0003X,tier_1_primary_pharmacy,Y,Y,
1689794547,HARGRAVES PHARMACY INC.,113 W BROADWAY,,FULTON,NY,130692215,3155924335,SUPERVISING PHARMACIST,3336C0003X,tier_1_primary_pharmacy,Y,Y,
1467574970,AGUSTIN PHARMACY INC,3920 29TH ST,,LONG ISLAND CITY,NY,111013708,7189378160,SUPERVISING PHARMACIST,333600000X,tier_1_primary_pharmacy,Y,Y,
1649393596,NEW YORK AVE PHARMACY INC,3307 CHURCH AVE,,BROOKLYN,NY,112032711,7188568048,PHARMACIST /OWNER,3336C0003X,tier_1_primary_pharmacy,Y,Y,
1548485444,"WATSONS PHARMACY, LLC",4243 MAIN ST,,FLUSHING,NY,113554721,7183591188,OWNER,3336C0003X,tier_1_primary_pharmacy,Y,Y,
1598980302,HILL PHARMACY INC,2197 WESTCHESTER AVE,,BRONX,NY,104624734,7188630203,PRESIDENT,333600000X,tier_1_primary_pharmacy,Y,Y,
1982820890,"APPLE DRUG INC.,",1207 2ND AVE,,NEW YORK,NY,100217402,2127589614,SUPERVISING PHARMACIST,333600000X,tier_1_primary_pharmacy,Y,Y,
1962629048,ETHAN DRUG CORP,27268 GRAND CENTRAL PKWY,,FLORAL PARK,NY,110051342,7186319300,OWNER,3336C0003X,tier_1_primary_pharmacy,Y,Y,
1457578551,MBG PHARMACY CORP,119 CHURCH AVE,,BROOKLYN,NY,112183917,7186867343,PRES,333600000X|3336C0003X,tier_1_primary_pharmacy,Y,Y,
1619194529,MORRIS PHARMACY,1419 AVENUE OF THE AMERICAS,,NEW YORK,NY,100192512,2122471538,PRESIDENT,3336C0003X,tier_1_primary_pharmacy,Y,Y,
1275751687,WHARTONS PHARMACY CORP,901 CROSS BAY BLVD,,BROAD CHANNEL,NY,116931125,7186343733,OWNER,3336C0003X,tier_1_primary_pharmacy,Y,Y,
1801015987,HOPEWELL PHARMACY INC,251 E 188TH ST,,BRONX,NY,104585301,7187336722,SUPERVISING PHARMACIST,3336C0003X,tier_1_primary_pharmacy,Y,Y,
1215156526,"K.R.D.PHARMACY,INC.DBA SUNNYSIDE",4811 SKILLMAN AVE,,SUNNYSIDE,NY,111041025,7187291400,RPH,333600000X|3336C0003X,tier_1_primary_pharmacy,Y,Y,
1770702086,DUNBAR PHARMACY,2580 7TH AVE,,NEW YORK,NY,100392620,2122344493,GENERAL MGR,333600000X|3336C0003X,tier_1_primary_pharmacy,Y,Y,
1831319375,"CLINTON PHARMACY , INC.",2032 CLINTON ST,,BUFFALO,NY,142063312,7168245200,OWNER,3336C0003X,tier_1_primary_pharmacy,Y,Y,
1689894909,"GRAND ISLAND PHARMACY, INC.",1728 GRAND ISLAND BLVD,,GRAND ISLAND,NY,14072,7167735665,PRESIDENT,3336C0003X,tier_1_primary_pharmacy,Y,Y,
1780805432,UGOSON PHARMACY & SURGICAL SUPPLIES INC,5015 AVENUE N,,BROOKLYN,NY,112343805,7186921200,PRESIDENT,3336C0003X,tier_1_primary_pharmacy,Y,Y,
1497976419,"HARBOR HILL PHARMACY, LLC",310 GLEN COVE RD,,ROSLYN HEIGHTS,NY,115771846,5166211185,SUPERVISING PHARMACIST,3336C0003X,tier_1_primary_pharmacy,Y,Y,
1902027238,ROBBINS PHARMACY INC,770 PALISADE AVE,,YONKERS,NY,107031820,9149630679,PRESIDENT,3336C0003X,tier_1_primary_pharmacy,Y,Y,
1831310945,SCAREAST PHARMACY INC.,199 BROOK ST,,SCARSDALE,NY,105835436,9147251827,PRESIDENT,3336C0003X,tier_1_primary_pharmacy,Y,Y,
1790907236,ROSENKRANS PHARMACY INC,32 MAIN ST,,HILTON,NY,14468,5853927979,SUPERVISING PHARMACIST,3336C0003X,tier_1_primary_pharmacy,Y,Y,
1326250341,"RAILROAD RX, INC",150 W RAILROAD AVE,,GARNERVILLE,NY,109231243,8454295075,PRESIDENT/SUPERVISING PHARMACIST,3336C0003X,tier_1_primary_pharmacy,Y,Y,
1508079625,IMAGES PHARMACY INC.,1383 BUSHWICK AVE,,BROOKLYN,NY,112071407,7184555065,SUPERVISOR,3336C0003X,tier_1_primary_pharmacy,Y,Y,
1841403649,RNJ PHARMACY INC.,82 GUY LOMBARDO AVE,,FREEPORT,NY,115203715,5163778500,PRESIDENT,3336C0003X,tier_1_primary_pharmacy,Y,Y,
1154535110,DALIZA PHARMACY INC.,3481 BROADWAY,,NEW YORK,NY,100315612,2122819410,MANAGER,3336C0003X,tier_1_primary_pharmacy,Y,Y,
1649484148,CHARNO PHARMACY,893 MANHATTAN AVE,,BROOKLYN,NY,112222227,7183896400,SUPERVISING PHARMACIST,3336C0003X,tier_1_primary_pharmacy,Y,Y,
1629282223,BUENA VISTA PHARMACY,2022 THIRD AVE,,NEW YORK CITY,NY,100292855,2123694018,SUPERVISING PHARMACIST,3336C0003X,tier_1_primary_pharmacy,Y,Y,
1295941870,AJPC PHARMACY INC.,40 ROBERT PITT DR,,MONSEY,NY,109523333,8454266990,PRESIDENT,3336C0003X,tier_1_primary_pharmacy,Y,Y,
1215144647,LIEB PHARMACY II INC.,147 LEE AVE,,BROOKLYN,NY,112118030,7184868595,RPH,3336C0003X,tier_1_primary_pharmacy,Y,Y,
1548477557,ISLAND PHARMACY & SURGICAL INC,5121 CHURCH AVE,,BROOKLYN,NY,112033511,7183456588,PRESIDENT,3336C0003X,tier_1_primary_pharmacy,Y,Y,
1720295983,NEW YORK RX INC.,875 3RD AVE # M-105,SECOND FLOOR MEZZANNINE,NEW YORK,NY,100226225,8005115144,OWNER,3336C0003X,tier_1_primary_pharmacy,Y,Y,
1629285598,COLONIAL PHARMACY INC,9920-4TH AVENUE,,BROOKLYN,NY,11209,7182381445,PRESIDENT,3336C0003X,tier_1_primary_pharmacy,Y,Y,
1518174440,2027 ALICO PHARMACY CORP,2027 JEROME AVE,,BRONX,NY,104531803,7182941949,SECRETARY,3336C0003X,tier_1_primary_pharmacy,Y,Y,
1992913537,119 EINSTEIN PHARMACY INC.,119 EINSTEIN LOOP,,BRONX,NY,10475,7183794850,PRESIDENT,3336C0003X,tier_1_primary_pharmacy,Y,Y,
1609085026,BROADWAY PHARMACY III INC,629 W 185TH ST,,NEW YORK,NY,100333102,2129270999,PRESIDENT,3336C0003X,tier_1_primary_pharmacy,Y,Y,
1871703199,"SYMART DRUG CO., INC.",162 CROTON AVE,,OSSINING,NY,10562,9149411661,PRES.,333600000X|3336C0003X|3336C0004X|3336L0003X|3336S0011X,tier_2_secondary_pharmacy,N,Y,
1609086115,SANDLANE PHARMACY CORP.,307 SAND LN,,STATEN ISLAND,NY,103054500,7185563330,PRES,3336C0003X,tier_1_primary_pharmacy,Y,Y,
1245440767,RED HOOK PHARMACY CORP,376 VAN BRUNT ST,,BROOKLYN,NY,112311235,7187970200,VP,333600000X|3336C0003X,tier_1_primary_pharmacy,Y,Y,
1245440346,THIRD AVENUE PHARMACY & SURGICAL INC.,550 3RD AVE,,NEW YORK,NY,100163538,2124476111,PRESIDENT,3336C0003X,tier_1_primary_pharmacy,Y,Y,
1326259383,NEW HORIZON PHARMACY CORP,45-60 43RD ST,,SUNNYSIDE,NY,111042610,7183496767,PRESIDENT,3336C0003X,tier_1_primary_pharmacy,Y,Y,
1164633558,BROADALBIN PHARMACY INC,6 N MAIN ST,,BROADALBIN,NY,12025,5188838333,PRESIDENT,3336C0003X,tier_1_primary_pharmacy,Y,Y,
1992907992,RAPHAEL DRUG & HEALTH LTD,1257 BROADWAY,,NEW YORK,NY,100013504,2126840090,PRESIDENT,3336C0003X,tier_1_primary_pharmacy,Y,Y,
1568665495,"THE HEIGHTS COMMUNITY PHARMACY,INC",120 AUDUBON AVE,,NEW YORK,NY,100322109,2127954080,PRESIDENT,3336C0003X,tier_1_primary_pharmacy,Y,Y,
1215130992,"Y S DRUG STORE, INC",13654 39TH AVE,,FLUSHING,NY,113545516,7184615500,OWNER,3336C0003X,tier_1_primary_pharmacy,Y,Y,
1851595904,CANAL STREET PHARMACY INCORPORATED,"2029 86TH ST., GROUND FLOOR",,BROOKLYN,NY,11214,2127484900,CORP. OFFICER,3336C0004X|3336C0003X,tier_1_primary_pharmacy,Y,Y,
1134325814,ANDY PHARMACY II INC.,1329 SAINT NICHOLAS AVE,,NEW YORK,NY,100337235,2127953033,PHARMACIST,3336C0003X,tier_1_primary_pharmacy,Y,Y,
1447456116,"YOUNG'S PHARMACY & GENERAL STORE, LLC",1636 BURDEN LAKE ROAD,,AVERILL PARK,NY,120182808,5186743663,SUPERVISING PHARMACIST,3336C0003X,tier_1_primary_pharmacy,Y,Y,
1326245333,AJ CARE PHARMACY CORP.,8011 18TH AVE,,BROOKLYN,NY,112141705,7183312668,PRESIDENT,333600000X,tier_1_primary_pharmacy,Y,Y,
1760680623,"MOLLOY'S MEDICAL ARTS PHARMACY, LLC",19 BAKER AVENUE,SUITE 207,POUGHKEEPSIE,NY,12601,8454717455,PHARMACIST-OWNER,3336C0003X,tier_1_primary_pharmacy,Y,Y,
1588862965,NEIL'S PHARMACY INC.,712 PORTION RD,,RONKONKOMA,NY,117791853,6316762756,PRESIDENT,3336C0003X,tier_1_primary_pharmacy,Y,Y,
1306044557,VENUS PHARMACY AND SUPPLIES CORP,972 AMSTERDAM AVE,,NEW YORK,NY,100253002,2126664800,PRESIDENT,3336C0003X,tier_1_primary_pharmacy,Y,Y,
1164621843,TO YOUR HEALTH RX CORP.,3024 ATLANTIC AVE,,BROOKLYN,NY,112081107,7182779160,PHARMACIST/SP,333600000X,tier_1_primary_pharmacy,Y,Y,
1033309547,BOULEVARD PHARMACY CORP,10 NASSAU BLVD SO,,GARDEN CITY,NY,11530,5165057979,PRESIDENT,3336C0003X,tier_1_primary_pharmacy,Y,Y,
1700077641,"ASTORIA FAMILY PHARMACY, INC.",2590 STEINWAY ST,,ASTORIA,NY,111033703,7187771155,PRESIDENT/ SUPERVISING  PHARMACIST,3336C0003X,tier_1_primary_pharmacy,Y,Y,
1710179072,"MONTICELLO PHARMACY, INC.",41 JEFFERSON ST.,,MONTICELLO,NY,12701,8457963600,OWNER,3336C0003X,tier_1_primary_pharmacy,Y,Y,
1154513372,LINKUS PHARMACY INC.,7213 18TH AVE,,BROOKLYN,NY,112045634,7188378282,PRESIDENT,3336C0003X,tier_1_primary_pharmacy,Y,Y,
1346432473,ELIYAHUS PHARMACY INC.,573 KINGS HWY,,BROOKLYN,NY,112232003,7186270485,R PH,3336C0003X,tier_2_secondary_pharmacy,N,Y,
1376736827,WEBSTER PHARMACY INC.,1231 WEBSTER AVE,,BRONX,NY,104563373,7182932934,PRESIDENT,333600000X,tier_1_primary_pharmacy,Y,Y,
1487847471,MEGA AID PHARMACY INC.,3112 MERMAID AVE,,BROOKLYN,NY,112241808,7183339133,SUPERVISING PHARMACIST,3336C0003X,tier_1_primary_pharmacy,Y,Y,
1104011915,ESQUIRE DRUG INC.,100 BROADWAY,,MENANDS,NY,122042797,5184632291,OWNER/PRESIDENT,3336C0003X,tier_1_primary_pharmacy,Y,Y,
1508052051,PINE HILL HOMETOWN PHARMACY INC,2949 STATE ROUTE 370,,CATO,NY,130339778,3156263161,PRESIDENT,333600000X|3336C0003X,tier_1_primary_pharmacy,Y,Y,
1871780411,PARKWAY RX,7124 BAY PKWY,,BROOKLYN,NY,112046016,7182363274,SUPERVISING PHARMACIST,3336C0003X,tier_1_primary_pharmacy,Y,Y,
1477740041,QUEENS COMMUNITY EXPRESS PHARMACY INC,168 12 HILLSIDE AVE,,JAMAICA,NY,11432,7182069096,OWNER,3336C0003X,tier_1_primary_pharmacy,Y,Y,
1265629463,872 HUNTSPOINT PHARMACY INC,872 HUNTS POINT AVE,,BRONX,NY,104745402,7189913519,OWNER,3336C0003X,tier_1_primary_pharmacy,Y,Y,
1225226103,S & K WARBASSE PHARMACY INC.,499 NEPTUNE AVE,,BROOKLYN,NY,112244003,7184495177,PRESIDENT,3336C0003X,tier_1_primary_pharmacy,Y,Y,
1366630006,"HRITHIKA PHARMACY,INC",280 MARCUS GARVEY BLVD,,BROOKLYN,NY,112211510,7184438787,PRESIDENT,3336C0003X,tier_1_primary_pharmacy,Y,Y,
1346439924,SENECA PHARMACY OF WNY INC,1979 SENECA ST,,BUFFALO,NY,142102352,7168274900,OWNER,3336C0003X,tier_1_primary_pharmacy,Y,Y,
1245429786,SMARTHEALTH PHARMACY LLC,551 86TH ST,GROUND FL,BROOKLYN,NY,112094809,7182382725,"OWNER, PIC, AO",333600000X|3336C0003X,tier_1_primary_pharmacy,Y,Y,
1235318940,M & O PHARMACY INC,9 S MIDDLE NECK RD,,GREAT NECK,NY,110213455,5168295900,PHARMACIST,333600000X,tier_1_primary_pharmacy,Y,Y,
1588843114,MARCY PHARMACY INC.,170 THROOP AVE,,BROOKLYN,NY,112065313,7183845917,PRESIDENT,333600000X,tier_1_primary_pharmacy,Y,Y,
1447439757,SURF PHARMACY CORP,3010 MERMAID AVE,,BROOKLYN,NY,112241806,7183732300,PRESIDENT,3336C0003X,tier_1_primary_pharmacy,Y,Y,
1356520662,PATIENTS PHARMACY INC,707 FAIRMOUNT AVE STE 6,,JAMESTOWN,NY,147012623,7164836913,PRESIDENT,333600000X|3336L0003X,tier_1_primary_pharmacy,Y,Y,
1033390182,BABA PHARMACY,438 SOUTH BROADWAY,,YONKERS,NY,10705,9144231003,PRESIDENT,333600000X,tier_1_primary_pharmacy,Y,Y,
1053592527,NOOR PHARMACY INC,2036 BEDFORD AVE,,BROOKLYN,NY,112261905,7182828982,PIC,3336C0004X|3336C0003X,tier_1_primary_pharmacy,Y,Y,
1124200266,GOLD ST PHARMACY CORP,111 GOLD ST,,BROOKLYN,NY,112011551,7188551990,SP,3336C0003X,tier_1_primary_pharmacy,Y,Y,
1154503746,SILVER OAK PHARMACY INC,5105 CHURCH AVE,,BROOKLYN,NY,112033511,7182409924,PRESIDENT,3336C0003X,tier_1_primary_pharmacy,Y,Y,
1811170376,COMMACK DRUG AND SURGICAL AND GIFTS,132 COMMACK RD,,COMMACK,NY,117253404,6314994438,PRESIDENT,3336C0004X|3336C0003X,tier_1_primary_pharmacy,Y,Y,
1952584245,DUANE READE PHARMACY,280 BROADWAY,,NEW YORK,NY,100071868,2122333068,PHARMACIST,3336C0003X,tier_1_primary_pharmacy,Y,Y,
1275716979,1 STOP PHARMACY & FOOD MART.INC,7117 ROOSEVELT AVE,,JACKSON HEIGHTS,NY,113726136,7188998200,VICE PRESIDENT,3336C0003X,tier_1_primary_pharmacy,Y,Y,
1992989537,MERU PHARMACY INC,2 PARK AVE,,YONKERS,NY,107033402,9149641010,PHARMACIST,3336C0003X,tier_1_primary_pharmacy,Y,Y,
1508040106,736 EAST 152ND STREET PHARMACY INC,736 E 152ND ST,,BRONX,NY,104552203,7182922088,PRESIDENT,3336C0003X,tier_1_primary_pharmacy,Y,Y,
1689859217,GN PHARMACY LLC,800 NORTHERN BLVD,STE 3A,GREAT NECK,NY,110215314,5163045380,PRESIDENT,3336M0002X|3336C0004X|3336C0003X,tier_1_primary_pharmacy,Y,Y,
1578748919,ALITA PHARMACY INC,191-19 JAMAICA AVE,,HOLLIS,NY,114232521,7182171424,SUPERVISING PHARMACIST,333600000X,tier_1_primary_pharmacy,Y,Y,
1023293115,SIGNATURE RX INC,181 S PLANK RD,,NEWBURGH,NY,125503054,8455691700,OWNER,3336C0003X,tier_1_primary_pharmacy,Y,Y,
1063697191,A & T PHARMACY INC,144 01 JAMAICA AVE,,JAMAICA,NY,11435,7185309022,PRESIDENT,3336C0003X,tier_1_primary_pharmacy,Y,Y,
1912184987,ROCKAWAY FAMILY PHARMACY CORP,872 HUNTS POINT AVE,,BRONX,NY,104745402,7189913519,PHARMACIST IN CHARGE,333600000X|3336C0003X,tier_1_primary_pharmacy,Y,Y,
1760669261,1413 FULTON ST PHARMACY,1413 FULTON ST,,BROOKLYN,NY,112162607,7186385088,TRES.,3336C0003X,tier_1_primary_pharmacy,Y,Y,
1770760894,SUNRISE PHARMACY INC.,7611 BROADWAY,,ELMHURST,NY,113731032,7185079277,PRESIDENT,333600000X|3336C0003X,tier_1_primary_pharmacy,Y,Y,
1952589251,MEDICMASTERS PHARMACY & SURGICAL SUPPLIES INC,16926 JAMAICA AVE,,JAMAICA,NY,114325286,7182064121,SUPERVISING PHARMACIST,333600000X|3336C0003X,tier_2_secondary_pharmacy,N,Y,
1477721546,NOSTRAND HOUSES PHARMACY LLC,3031 AVENUE V,,BROOKLYN,NY,112295448,7183320040,PRESIDENT,3336C0003X,tier_1_primary_pharmacy,Y,Y,
1649448143,QUEENS EXPRESS PHARMACY CORP,3454 JUNCTION BLVD,,JACKSON HEIGHTS,NY,113723829,7185651005,OWNER,333600000X|3336C0003X,tier_1_primary_pharmacy,Y,Y,
1437327863,GMJS PHARMACY INC,4320 43RD AVE,,SUNNYSIDE,NY,111042212,7189370890,SECRETARY,3336C0003X,tier_1_primary_pharmacy,Y,Y,
1407025638,NEW STAGE PHARMACY INC,204-19 HILLSIDE AVENUE,,HOLLIS,NY,11423,7184652121,PRESIDENT,333600000X,tier_1_primary_pharmacy,Y,Y,
1104096213,AMIN PHARMACY INC,29 03 36TH AVE,,LONG ISLAND CITY,NY,11106,7187866611,PRESIDENT,3336C0003X,tier_1_primary_pharmacy,Y,Y,
1770753840,VISAI LAVEN PHARMACY INC,49 02 QUEENS BLVD,,WOODSIDE,NY,11377,7182050550,PRESIDENT,3336C0003X,tier_1_primary_pharmacy,Y,Y,
1992976872,ONE STOP PHARMACY CORPORATION,176 E 161ST ST,,BRONX,NY,104513508,7182923801,PHARMACIST IN CHARGE,3336C0003X,tier_1_primary_pharmacy,Y,Y,
1093986713,"VIDA PHARMACY, INC.",1620 SAINT NICHOLAS AVE,,NEW YORK,NY,100403313,2129233524,PRESIDENT,3336C0003X,tier_1_primary_pharmacy,Y,Y,
1255503744,"MEDSRUS PHARMACY, INC",932 E 174TH ST,,BRONX,NY,104605202,7183781200,OWNER,3336C0003X,tier_1_primary_pharmacy,Y,Y,
1871765388,LINCOLN NEIGHBORHOOD PHARMACY INC,723 FLATBUSH AVE,,BROOKLYN,NY,112261403,7182840083,PRESIDENT,333600000X,tier_1_primary_pharmacy,Y,Y,
1184896581,M & P PHARMACY L L C,567 COURTLANDT AVE,,BRONX,NY,104515015,7185851117,MANAGING MEMBER,3336C0003X,tier_1_primary_pharmacy,Y,Y,
1992977094,"QUEENS CROSSING PHARMACY,INC.",13620 38TH AVE,SUITE 3A,FLUSHING,NY,113544233,7184601180,PRESIDENT,333600000X,tier_1_primary_pharmacy,Y,Y,
1750554820,THRIFTWAY 10TH AVE DRUG CORP,646 10TH AVE,,NEW YORK,NY,100362929,2129561100,CORP. SECY,333600000X,tier_1_primary_pharmacy,Y,Y,
1770757353,SAMICA PHARMACY INC,6407 BAY PKWY,,BROOKLYN,NY,112043930,7182344211,PRESIDENT,3336C0003X,tier_1_primary_pharmacy,Y,Y,
1255507695,PRESTIGE PHARMACY INC,36 42 JAMES ST,,MIDDLETOWN,NY,10940,8453444433,OWNER,333600000X|3336C0003X,tier_1_primary_pharmacy,Y,Y,
1972779171,AID PHARMACY NY CORP,139 CENTRE ST,RETAIL#108,NEW YORK,NY,100134552,2129659688,PRESIDENT,333600000X|3336C0004X|3336C0003X,tier_1_primary_pharmacy,Y,Y,
1245407667,NEXTGEN PHARMACY CORP.,2483 86TH ST,,BROOKLYN,NY,112144448,7186769191,PRESIDENT,333600000X,tier_1_primary_pharmacy,Y,Y,
1790952208,ISLANDIA PHARMACY LTD,333 S BROADWAY,,HICKSVILLE,NY,118015005,5169399800,PRESIDENT,3336C0003X,tier_1_primary_pharmacy,Y,Y,
1326205287,LEVYS PHARMACY INC,4021 13TH AVE,,BROOKLYN,NY,112183564,7186334377,PRESIDENT,3336C0003X,tier_1_primary_pharmacy,Y,Y,
1942468418,BARNS CENTER PHARMACY INC,667 STONELEIGH AVE,STE 114,CARMEL,NY,105122454,8452782600,OWNER,3336C0004X|3336C0003X,tier_1_primary_pharmacy,Y,Y,
1356500425,JRA DRUG CORP,506 W 207TH ST,,NEW YORK,NY,100342609,2123040101,PRESIDENT,333600000X|3336C0003X,tier_1_primary_pharmacy,Y,Y,
1952560724,370 PHARMACY CORP,370 LEXINGTON AVE,,NEW YORK,NY,100176503,2122868400,PRESIDENT,3336C0003X,tier_1_primary_pharmacy,Y,Y,
1063671857,HEALTH RX INC,984 N BROADWAY,,YONKERS,NY,107011318,9147515432,SUPERVISING PHARMACIST,333600000X,tier_1_primary_pharmacy,Y,Y,
1740449503,LYELL AVE PHARMACY INC,115 LYELL AVE,,ROCHESTER,NY,146081312,5855461150,PRESIDENT,3336C0003X,tier_1_primary_pharmacy,Y,Y,
1043479538,ZOYA PHARMACY INC,1527 PITKIN AVE,,BROOKLYN,NY,112124516,7183423911,SUPERVISER PHARMACIST,333600000X|3336C0003X,tier_1_primary_pharmacy,Y,Y,
1205095767,AYUSH PHARMACY CORP,827 BLACK RIVER BLVD N,,ROME,NY,134403549,3155717126,PRESIDENT,3336C0003X,tier_1_primary_pharmacy,Y,Y,
1215197991,MEDISOURCE PHARMACY LLC,720 OLD COUNTRY RD,,PLAINVIEW,NY,118034929,5166050080,OWNER,3336C0003X|3336S0011X,tier_1_primary_pharmacy,Y,Y,
1801057740,"RX WAREHOUSE PHARMACY, INC",7724 NEW UTRECHT AVE,,BROOKLYN,NY,112141014,7182361212,PRESIDENT,333600000X|3336C0003X,tier_1_primary_pharmacy,Y,Y,
1427211929,"SHREYA RX, INC",200 ORISKANY BLVD,,YORKVILLE,NY,134951330,3157683347,OWNER,3336C0003X,tier_1_primary_pharmacy,Y,Y,
1003070657,POLLOCK BAILEY APOTHECARY LTD,405 E 57TH ST,,NEW YORK,NY,100223003,2127554244,PRESIDENT,3336C0003X,tier_1_primary_pharmacy,Y,Y,
1285899831,FAMILY FIRST PHARMACY SURGICAL SUPPLIES INC,6010 8TH AVE,,BROOKLYN,NY,112204338,7186338388,PRESIDENT,333600000X|3336S0011X|3336C0004X|3336C0003X,tier_1_primary_pharmacy,Y,Y,
1992960108,FANCY PHARMACY INC,2158 STARLING AVE,,BRONX,NY,104624303,7188925140,PRESIDENT,3336C0003X,tier_1_primary_pharmacy,Y,Y,
1902062987,DELCO DRUGS & SPECIALTY PHARMACY INC.,3833 RICHMOND AVE,,STATEN ISLAND,NY,103123828,7189846600,OWNER,333600000X,tier_1_primary_pharmacy,Y,Y,
1447416284,HOMECARE CONCEPTS PHARMACY,226 MAIN ST,SUITE A,FARMINGDALE,NY,117352618,6317520555,PRESIDENT/CEO,333600000X,tier_1_primary_pharmacy,Y,Y,
1912163536,ROSE DRUG STORE INC,262 E BURNSIDE AVE,,BRONX,NY,104573724,1718291470,PRESIDENT,3336C0003X,tier_1_primary_pharmacy,Y,Y,
1427204858,GLENDALE PHARMACY INC,6116 COOPER AVE,,GLENDALE,NY,113856115,7183810886,SR. VP/CFO,3336C0003X,tier_1_primary_pharmacy,Y,Y,
1437306263,MONA PHARMACY INC.,358 S BROADWAY,,YONKERS,NY,107052049,9149697741,PRESIDENT/ SP PHARMACIST,3336C0003X|333600000X,tier_1_primary_pharmacy,Y,Y,
1740437193,LEROY'S PHARMACY CORP,901 E TREMONT AVE,,BRONX,NY,104604301,7189912266,PRESIDENT,3336C0003X,tier_1_primary_pharmacy,Y,Y,
1457508871,ART PHARMACY CORP,7060 KISSENA BLVD,,FLUSHING,NY,113672245,7182639400,SUPERVISING PHARMACIST,3336C0003X,tier_1_primary_pharmacy,Y,Y,
1316196983,PROMISA PHARMACY INC.,284 E 174TH ST.,,BRONX,NY,10457,7182941049,PRESIDENT,3336C0003X,tier_1_primary_pharmacy,Y,Y,
1770733388,AC PHARMACY CORP,762 59TH ST,,BROOKLYN,NY,112203936,7185673318,VIP,3336C0003X,tier_1_primary_pharmacy,Y,Y,
1922258466,"SMILE PHARMACY,INC",15011 NORTHERN BLVD,,FLUSHING,NY,113543836,7183583800,PRESIDENT,3336C0003X,tier_1_primary_pharmacy,Y,Y,
1548410913,MARKET STREET APOTHECARY LLC,78 W MARKET ST,,CORNING,NY,148302527,6079367023,"OWNER, SUPERVISING PHARMACIST",333600000X|3336C0003X,tier_1_primary_pharmacy,Y,Y,
1033369087,INTERBORO PHARMACY INC.,75 NEVINS STREET,,BROOKLYN,NY,11217,7188585500,PHARMACIST,3336C0003X|333600000X,tier_1_primary_pharmacy,Y,Y,
1588815997,RESOLUTION RX INC,11 E MAIN ST,,PAWLING,NY,125641404,8666390542,PRESIDENT,3336C0003X|333600000X|3336S0011X,tier_1_primary_pharmacy,Y,Y,
1881845865,SALUMED PHARMACY INC,753 COMMACK RD,,BRENTWOOD,NY,117177407,6312990213,PRESIDENT,3336C0003X,tier_1_primary_pharmacy,Y,Y,
1780835629,THIRD AVENUE DRUG CORP,1449 1ST AVE,,NEW YORK,NY,100213002,2125357100,PRESIDENT,3336C0004X|3336C0003X,tier_1_primary_pharmacy,Y,Y,
1255583928,ELMHURST RX INC,557 E 169TH ST,,BRONX,NY,104562625,3479188700,PRESIDENT,333600000X|3336C0004X|3336S0011X|3336C0003X,tier_1_primary_pharmacy,Y,Y,
1932352408,RISTA PHARMACY CORP.,8342 PARSONS BLVD,,JAMAICA,NY,114321642,7186589300,PRESIDENT,3336C0003X,tier_1_primary_pharmacy,Y,Y,
1497909824,BB MYRTLE PHARMACY CORP,141 CHARLES AVE,,STATEN ISLAND,NY,103021624,7187205604,CEO,333600000X|3336L0003X,tier_1_primary_pharmacy,Y,Y,
1689828022,SANTA MARIA PHARMACY INC,255 S 2ND ST,,BROOKLYN,NY,112118770,7183880745,OFFICER,333600000X|3336C0003X,tier_1_primary_pharmacy,Y,Y,
1275787509,DMS RX INC,772 GRAND ST,,BROOKLYN,NY,112115395,7184860344,SUPERVISING PHARMACIST,3336C0004X|333600000X|3336C0003X,tier_1_primary_pharmacy,Y,Y,
1619121928,BLUESMAN PHARMACY INC,9422 AVENUE L,,BROOKLYN,NY,112364809,7182511313,PRESIDENT,333600000X,tier_1_primary_pharmacy,Y,Y,
1023262136,909 COLUMBUS RX NY LLC,909 COLUMBUS AVE,,NEW YORK,NY,100254041,2122226388,PIC,333600000X|3336C0003X,tier_1_primary_pharmacy,Y,Y,
1093960056,BOARDWALK RX CORP,3100 OCEAN PKWY,,BROOKLYN,NY,112358439,7189967600,PRESIDENT,333600000X|3336C0003X,tier_1_primary_pharmacy,Y,Y,
1992950919,VALUE CARE RX INC,805B SOUNDVIEW AVE,,BRONX,NY,104733900,7183280000,PRESIDENT,333600000X|3336C0003X,tier_1_primary_pharmacy,Y,Y,
1174778112,BRIDGEHAMPTON PHARMACY INC,2450 MONTAUK HWY STORE B,,BRIDGEHAMPTON,NY,11932,6315378884,PRESIDENT,3336C0003X,tier_1_primary_pharmacy,Y,Y,
1467607234,MEDICINE CENTER RX LLC,92 E 167TH ST,,BRONX,NY,104528203,7184102814,PRESIDENT,3336C0003X,tier_1_primary_pharmacy,Y,Y,
1902051618,FOUR B'S PHARMACY INC,4035 95TH ST,,ELMHURST,NY,113736206,7182052411,PRESIDENT,333600000X|3336C0003X,tier_1_primary_pharmacy,Y,Y,
1528213246,NATIONAL SPECIALITY PHARMACY LLC,1336 PENINSULA BLVD,,HEWLETT,NY,115571226,5167916700,OWNER,3336C0004X|3336S0011X|3336C0003X,tier_1_primary_pharmacy,Y,Y,
1326293002,FOREVER HEALTH PHARMACY INC.,2 E BROADWAY,,NEW YORK,NY,100381073,2129667887,PRESIDENT,333600000X,tier_1_primary_pharmacy,Y,Y,
1649415704,REX SPECIALTY PHARMACY CORP,48 CENTRAL CT,,VALLEY STREAM,NY,115801143,5165937747,PRESIDENT/SUPERVISING PHARMACIST,3336C0003X|333600000X,tier_1_primary_pharmacy,Y,Y,
1235374844,BEEKMAN PHARMACY,19 BEEKMAN ST,,NEW YORK,NY,100381522,2127661942,PRESIDENT,333600000X|3336C0003X,tier_1_primary_pharmacy,Y,Y,
1437394822,RIDGEWOOD CITY PHARMACY INC.,775 SENECA AVE,,RIDGEWOOD,NY,113854127,7183817766,OWNER,333600000X,tier_1_primary_pharmacy,Y,Y,
1770729782,FIZA PHARMACY INC,13107 ROCKAWAY BLVD,,SOUTH OZONE PARK,NY,114202931,7183225000,PRESIDENT,3336C0003X,tier_1_primary_pharmacy,Y,Y,
1912143686,ELLERY STREET PHARMACY INC,310 ELLERY ST,,BROOKLYN,NY,112065312,7187829345,"VICE PRESIDENT, AO",333600000X|3336C0004X|3336S0011X|3336C0003X,tier_1_primary_pharmacy,Y,Y,
1548406119,"CLINICAL PHARMACY CONSULT, LLC",134 EVELYN RD,,MINEOLA,NY,115013206,5163766412,MEMBER MANAGER,333600000X,tier_1_primary_pharmacy,Y,Y,
1154568509,FARFA PHARMACY CORP,932 E 174TH ST,,BRONX,NY,104605202,7183781200,PRESIDENT,3336C0003X,tier_1_primary_pharmacy,Y,Y,
1134366578,1413 RX NY LLC,1456 FULTON ST,,BROOKLYN,NY,112162505,7186385088,PIC,333600000X|3336C0003X,tier_1_primary_pharmacy,Y,Y,
1154568400,GOOD DAY PHARMACY LLC,4908 7TH AVE,,BROOKLYN,NY,112202126,7188518826,SUPERVISING PHARMACIST,3336C0003X,tier_1_primary_pharmacy,Y,Y,
1467699637,PHARMACY PLUS SURGICAL SUPPLIES INC,1770 WESTCHESTER AVE # D,,BRONX,NY,104723022,5169871521,PRESIDENT,333600000X|3336C0003X,tier_1_primary_pharmacy,Y,Y,
1255578456,DALE PHARMACY & SURGICAL INC,10813 JAMAICA AVE,,RICHMOND HILL,NY,114182243,7184417711,OWNER,333600000X|3336C0003X,tier_1_primary_pharmacy,Y,Y,
1164669057,PDP PHARMACY INC,493 SUNRISE HWY,,LYNBROOK,NY,115633017,5165939350,PRESIDENT,3336C0003X,tier_1_primary_pharmacy,Y,Y,
1043458136,RVK PHARMACY,170 DYCKMAN ST,,NEW YORK,NY,100401004,2125672434,PRESIDENT,3336C0003X,tier_1_primary_pharmacy,Y,Y,
1912145947,UNIVERSAL PHARMACY DEPOT INC.,1206 AVENUE M,,BROOKLYN,NY,112305204,7187872300,OWNER,3336C0003X,tier_1_primary_pharmacy,Y,Y,
1902044670,M & D PHARMACY LLC,17 W 125TH ST,,NEW YORK,NY,100274513,2128310200,PHARMACIST,3336C0003X,tier_1_primary_pharmacy,Y,Y,
1780822445,NUCARE PHARMACY INC.,1789 1ST AVE.,,NEW YORK,NY,10128,7189978200,PRESIDENT,333600000X,tier_1_primary_pharmacy,Y,Y,
1982842530,BIP PHARMACY. LLC,1560 GRAND CONCOURSE SUITE 100,,BRONX,NY,104578471,7182947899,PARTNER,333600000X|3336C0003X,tier_1_primary_pharmacy,Y,Y,
1639318801,HALCO PHARMACY II INC,167 HAVEMEYER ST,,BROOKLYN,NY,112115791,7183842387,PRESIDENT,333600000X,tier_1_primary_pharmacy,Y,Y,
1205075330,HAVERSTRAW PHARMACY INC,124 E RAMAPO ROAD,,GARNERVILLE,NY,10923,8454298888,PRESIDENT,3336C0003X,tier_1_primary_pharmacy,Y,Y,
1629217716,BOWEN PHARMACY INC,826 10TH AVE,,NEW YORK,NY,100195029,2129569111,SP,3336C0003X,tier_1_primary_pharmacy,Y,Y,
1942449822,"BAY RIDGE SPECIALTY PHARMACY, LLC",7618 5TH AVE,,BROOKLYN,NY,112093304,7187456800,MANAGING MEMBER,3336C0003X,tier_1_primary_pharmacy,Y,Y,
1194965889,ZAHEER SONS PHARMACY INC,596 CLARKSON AVE,,BROOKLYN,NY,112032115,7184847213,PRESIDENT,333600000X|3336C0003X,tier_1_primary_pharmacy,Y,Y,
1265672943,"MEDEX PHARMACY, INC",1166 CONEY ISLAND AVE,,BROOKLYN,NY,112302912,7188596100,PRESIDENT,3336C0003X,tier_1_primary_pharmacy,Y,Y,
1922248582,"A&F PHARMACY, INC",2754 PITKIN AVE,,BROOKLYN,NY,112083100,7182777707,PRESIDENT/OWNER,3336C0003X,tier_1_primary_pharmacy,Y,Y,
1841430386,HEALTHLINK PHARMACY INC,5423 7TH AVE,,BROOKLYN,NY,112203186,7186868388,PRESIDENT,3336C0003X,tier_1_primary_pharmacy,Y,Y,
1821238288,MVM PHARMACY INC.,800 E 138TH ST,,BRONX,NY,104541902,7186656337,PHARMACIST,333600000X,tier_1_primary_pharmacy,Y,Y,
1417197492,RND PHARMACY INC,52 W BURNSIDE AVE,,BRONX,NY,104534018,3478207989,SUPERVISING PHARMACIST,333600000X|3336C0003X,tier_1_primary_pharmacy,Y,Y,
1538309331,CASTLETON PHARMACY CORP,252 PORT RICHMOND AVE,,STATEN ISLAND,NY,103021749,7185560942,PRESIDENT,333600000X|3336C0004X|3336S0011X|3336C0003X,tier_1_primary_pharmacy,Y,Y,
1366683021,ELMHURST STAR PHARMACY INC.,1850 GRAND CONCOURSE,,BRONX,NY,104575520,7182992200,PRESIDENT,3336C0003X,tier_1_primary_pharmacy,Y,Y,
1841431525,MAURICE PHARMACY INC,802 AVENUE U,,BROOKLYN,NY,112234163,3474622877,PRESIDENT,3336C0003X,tier_1_primary_pharmacy,Y,Y,
1659512028,SACHIT PHARMACY INC.,714 SENECA AVE,,RIDGEWOOD,NY,113852895,7183667766,PRESIDENT,3336C0003X,tier_1_primary_pharmacy,Y,Y,
1811138928,MCDONALD PHARMACY INC,487 MCDONALD AVE,,BROOKLYN,NY,112183811,7189728300,PRESIDENT,3336C0003X,tier_1_primary_pharmacy,Y,Y,
1134360142,DIABETIC CARE RX LLC,3715 23RD AVE,,ASTORIA,NY,111051993,7187770602,COO,3336H0001X|3336S0011X|3336C0003X,tier_1_primary_pharmacy,Y,Y,
1023259082,NEW LOTS CARE PHARMACY INC,404 NEW LOTS AVE,,BROOKLYN,NY,112076346,7184840700,OWNER/ PRESIDENT,3336C0003X,tier_1_primary_pharmacy,Y,Y,
1275774135,FRANHILL PHARMACY LLC,20419 HILLSIDE AVE,,HOLLIS,NY,114232213,7184652121,MEMBER,333600000X,tier_1_primary_pharmacy,Y,Y,
1114169851,"HENDERSON DRUG 10, INC",210 N FRANKLIN ST,,WATKINS GLEN,NY,148911224,6075354660,PRESIDENT,333600000X,tier_1_primary_pharmacy,Y,Y,
1710120704,596 MORRIS AVENUE PHARMACY INC,596 MORRIS AVE,,BRONX,NY,104514744,7184018800,PRESIDENT,333600000X|3336C0003X,tier_1_primary_pharmacy,Y,Y,
1578706586,OPTIMA PHARMACY INC.,9101 37TH AVE,,JACKSON HEIGHTS,NY,113727919,7184249275,PRESIDENT,3336C0003X,tier_1_primary_pharmacy,Y,Y,
1285877845,AMBEE DRUG CORP,590 GRANDVIEW AVE,,RIDGEWOOD,NY,113852452,7184562200,PRESIDENT,333600000X|3336C0003X,tier_1_primary_pharmacy,Y,Y,
1790928943,MONROE PHARMACY LLC,2672 RIDGE RD W,SUITE 100,ROCHESTER,NY,146263027,5857231755,OWNER,3336C0003X,tier_1_primary_pharmacy,Y,Y,
1659515583,IRVING PHARMACY CORP.,118 WYCKOFF AVE,,BROOKLYN,NY,112378069,7184848510,OFFICER,3336C0003X,tier_1_primary_pharmacy,Y,Y,
1265676001,BROOKLYN PHARMACY INC,1675 FLATBUSH AVE,,BROOKLYN,NY,112103946,3474624662,PRESIDENT,3336C0003X,tier_1_primary_pharmacy,Y,Y,
1306080635,HARLEM STAR PHARMACY INC.,67 W 137TH ST,,NEW YORK,NY,100371953,2129267500,PRESIDENT,3336C0003X,tier_1_primary_pharmacy,Y,Y,
1578797403,GEMINI PHARMACY INC,8612 37TH AVE,,JACKSON HEIGHTS,NY,113727533,7188033888,PRESIDENT,3336C0003X,tier_1_primary_pharmacy,Y,Y,
1467686295,"G.N. DRUG, INC.",1620 SAINT NICHOLAS AVE,,NEW YORK,NY,100403313,2129233524,PRESIDENT,3336C0003X,tier_1_primary_pharmacy,Y,Y,
1841424397,"BED PHARMACY EAST, LLC",639 E PARK AVE,,LONG BEACH,NY,115612512,5164316633,MANAGER,3336C0003X,tier_1_primary_pharmacy,Y,Y,
1407081607,OME DRUG CORP,1611 BROADWAY,STORE B,BROOKLYN,NY,112071002,7189424842,SECRETARY,3336C0003X,tier_1_primary_pharmacy,Y,Y,
1306071923,"JEVAN PHARMACY,INC",1146A CONEY ISLAND AVE,,BROOKLYN,NY,11230,7188054300,OWNER,333600000X,tier_1_primary_pharmacy,Y,Y,
1598990004,DDMH PHARMACY INC,1588 UNIVERSITY BLVD,,BRONX,NY,104536994,7182999600,TREASURER,3336C0003X,tier_1_primary_pharmacy,Y,Y,
1417183518,SOUTHSHORE PHARMACY CORP.,4020 HYLAN BLVD,,STATEN ISLAND,NY,103083331,7189484848,PIC/OWNER,333600000X,tier_1_primary_pharmacy,Y,Y,
1962638809,"PINE PHARMACY OF NIAGARA FALLS,LLC",1806 PINE AVE,,NIAGARA FALLS,NY,143012234,7162821112,RPH/PARTNER,3336C0003X,tier_1_primary_pharmacy,Y,Y,
1629204367,AMITH & ADITH PHARMACY INC,378 LAFAYETTE AVE,,BROOKLYN,NY,112381472,7186238930,OWNER/SUPERVISING PHARMACIST,3336C0003X,tier_1_primary_pharmacy,Y,Y,
1811123466,SHAKESPEARE PHARMACY LLC,1252 SHAKESPEARE AVE,,BRONX,NY,104523012,7185884100,PRESIDENT,3336C0003X,tier_1_primary_pharmacy,Y,Y,
1972739415,WELLNESS CENTER PHARMACY INC,4013 BROADWAY,,ASTORIA,NY,111034082,7189560060,SUPERVISING PHARMACIST,3336C0003X,tier_1_primary_pharmacy,Y,Y,
1316174659,74-17 101 AVE PHARMACY INC.,7417 101ST AVE,,OZONE PARK,NY,114161026,7182961023,PRESIDENT,3336C0003X,tier_1_primary_pharmacy,Y,Y,
1801024179,BRIGHT RX INC,183 BUFFALO AVE,,BROOKLYN,NY,112132426,7189539083,PIC,3336C0003X,tier_1_primary_pharmacy,Y,Y,
1093943185,R.M.R. PHARMACY INC.,6508 ROOSEVELT AVE,WOODSIDE,WOODSIDE,NY,113772928,3474486965,PRESIDENT,3336C0003X,tier_1_primary_pharmacy,Y,Y,
1184852287,"ALBANY COLLEGE OF PHARMACY AND HEALTH SCIENCES, INC",106 NEW SCOTLAND AVE,,ALBANY,NY,122083425,5186947200,SUPERVISING PHARMACIST,333600000X,tier_1_primary_pharmacy,Y,Y,
1104054097,PRECISION PHARMACY INC.,2640 MERRICK RD.,,BELLMORE,NY,117105719,5167854774,PHARMACIST IN CHARGE,3336C0003X,tier_2_secondary_pharmacy,N,Y,
1902034895,"CAREFIRST RX, INC.",2544A WHITE PLAINS RD,,BRONX,NY,104678193,7189944444,PRESIDENT,3336S0011X|3336C0003X,tier_1_primary_pharmacy,Y,Y,
1669600508,MEGA AID PHARMACY I INC,1013 BROADWAY,,BROOKLYN,NY,112212462,3475334845,PHARMACIST,3336C0003X,tier_1_primary_pharmacy,Y,Y,
1063640811,MIDTOWN EAST PHARMACY & SURGICAL LLC,161 MADISON AVE,,NEW YORK,NY,100165421,2122132444,MEMBER,333600000X,tier_1_primary_pharmacy,Y,Y,
1588893002,LUBA PHARMACY INC.,9914 63RD RD,,REGO PARK,NY,113741940,3475543629,PRESIDENT,3336C0003X,tier_1_primary_pharmacy,Y,Y,
1043449630,FAMILY CHOICE PHARMACY CORP,13-17 ELIZABETH ST LOWER LEVEL UNIT #10,,NEW YORK,NY,10013,2129256088,SUPERVISING PHARMACIST,333600000X|3336C0003X,tier_1_primary_pharmacy,Y,Y,
1104055581,"NR PHARMACY, INC.",10104 QUEENS BLVD,,FOREST HILLS,NY,113752749,7189978200,PRESIDENT,3336C0003X,tier_1_primary_pharmacy,Y,Y,
1457581142,MR PHARMACY INC,1901 MOTT AVE,,FAR ROCKAWAY,NY,116914104,7188684860,PRESIDENT,3336C0003X,tier_1_primary_pharmacy,Y,Y,
1083844419,CARNEGIE HILL PHARMACY INC,1331 MADISON AVE,,NEW YORK,NY,101281304,2125341300,OWNER,3336C0004X|3336S0011X|3336C0003X,tier_1_primary_pharmacy,Y,Y,
1710117908,"HEALTH SOURCE PLUS PHARMACY, LLC.",11807 METROPOLITAN AVE,,KEW GARDENS,NY,114152020,7188496700,PHARMACIST,3336L0003X|3336S0011X|3336C0003X,tier_1_primary_pharmacy,Y,Y,
1518197540,IMAGE HEIGHTS PHARMACY,7501 37TH AVE,,JACKSON HEIGHTS,NY,113726537,7184240100,VICE PRESIDENT,333600000X|3336C0003X,tier_1_primary_pharmacy,Y,Y,
1710117627,LA HISPANA ON BROADWAY PHARMACY LLC,3890 BROADWAY,,NEW YORK,NY,100321509,2125686878,PARTNER,3336C0003X,tier_1_primary_pharmacy,Y,Y,
1861623662,GUY BREWER PHARMACY INC.,11717 GUY R BREWER BLVD,,JAMAICA,NY,114342148,7185255005,PHARMACIST,333600000X|3336C0003X,tier_1_primary_pharmacy,Y,Y,
1427289172,NY CITY PHARMACY,2260 3RD AVE,,NEW YORK,NY,100352208,3477392840,PRESIDENT,333600000X,tier_1_primary_pharmacy,Y,Y,
1982835252,BROADWAY PHARMACY NYC INC,4740 BROADWAY,,NEW YORK,NY,100401032,2129421234,SUPERVISING PHARMACIST,3336C0003X,tier_1_primary_pharmacy,Y,Y,
1285865451,"ROYAL CARE PHARMACY, INC",127 E 110TH ST,,NEW YORK,NY,100298054,2129960055,PRESIDENT,3336C0003X,tier_1_primary_pharmacy,Y,Y,
1306078985,VERA I PHARMACY LLC,94-02A 63 DR,,REGO PARK,NY,113744257,7189971777,OWNER/SUPERVISING PHARMACIST,333600000X|3336C0003X,tier_1_primary_pharmacy,Y,Y,
1538391933,EZ CARE PHARMACY LLC,87 ELIZABETH ST,,NEW YORK,NY,100134992,2123438899,VICE PRESIDENT,333600000X|3336C0003X,tier_1_primary_pharmacy,Y,Y,
1205068475,CARE MAX PHARMACY INC.,6721 FORT HAMILTON PKWY,,BROOKLYN,NY,112195847,7188336700,PRESIDENT,3336C0003X,tier_1_primary_pharmacy,Y,Y,
1225261381,C&JS NORTHSIDE PHARMACY INC,2301 TEALL AVE,,SYRACUSE,NY,132061691,3154556677,PRESIDENT/OWNER,333600000X|3336C0003X,tier_1_primary_pharmacy,Y,Y,
1417180464,APEX PHARMACY INC,11449 SUTPHIN BLVD,,JAMAICA,NY,114341022,7188484900,TREASURER,333600000X|3336C0003X,tier_1_primary_pharmacy,Y,Y,
1497988430,HUMNAA PHARMACY INC,1706 B ATLACTIC AVE,,BROOKLYN,NY,11213,7182212608,PRESIDENT,333600000X,tier_1_primary_pharmacy,Y,Y,
1033342605,PARKARE PHARMACY INC,2158 STARLING AVE,,BRONX,NY,104624303,7182393500,SUPERVISING PHARMACIST,333600000X|3336C0003X,tier_1_primary_pharmacy,Y,Y,
1255564704,GREENMAN PHARMACY INC,881 MANHATTAN AVE,,BROOKLYN,NY,112222227,7183890900,SUPERVISING PHARMACIST,3336C0003X,tier_1_primary_pharmacy,Y,Y,
1437482569,158 RX CORP,11 EDWARD MORGAN PL,,NEW YORK,NY,10032,2122341800,PRESIDENT,3336C0003X,tier_1_primary_pharmacy,Y,Y,
1790018612,WYCKOFF PHARMACY INC,5 GRAHAM AVE,,BROOKLYN,NY,112064108,7183816200,SUPERVISING PHARMACIST,333600000X|3336C0003X,tier_1_primary_pharmacy,Y,Y,
1104159979,TRUPTISUDHIR PHARMACY CORP,2901 WHITE PLAINS RD,,BRONX,NY,104678129,7188817958,PHARMACIST IN CHARGE,3336S0011X|3336C0003X,tier_1_primary_pharmacy,Y,Y,
1326371634,"A TO Z PHARMACY, INC,",9407 5TH AVE,,BROOKLYN,NY,112097479,3475174040,PRESIDENT,3336C0003X,tier_1_primary_pharmacy,Y,Y,
1497089528,BARDONIA DRUG INC,4 BARDONIA MALL,,BARDONIA,NY,109541647,8456238200,PRESIDENT,3336C0003X,tier_1_primary_pharmacy,Y,Y,
1083948129,1622 VOORHIES AVE PHARMACY INC,1622 VOORHIES AVE,,BROOKLYN,NY,11235,3474629778,PRESIDENT,3336C0003X,tier_1_primary_pharmacy,Y,Y,
1962736868,GREENBURGH PHARMACY CORP.,430 E 149TH ST,,BRONX,NY,104551338,3475900831,PRESIDENT,3336C0003X,tier_1_primary_pharmacy,Y,Y,
1306170063,HEIGHTS APOTHECARY INC,79 ATLANTIC AVE,,BROOKLYN,NY,112015503,7185222588,OWNER,3336C0003X,tier_1_primary_pharmacy,Y,Y,
1376877753,FUSION PHARMACY CORP,6801 18TH AVE,,BROOKLYN,NY,112044058,7189752130,SUPERVISING PHARMACIST,333600000X|3336C0003X,tier_1_primary_pharmacy,Y,Y,
1679808018,"NAGLE PHARMACY, INC.",220 NAGLE AVE,,NEW YORK,NY,100346004,2129420202,SUPERVISING PHARMACIST,3336C0003X,tier_1_primary_pharmacy,Y,Y,
1407181811,"B&T MARLBORO PHARMACY, INC.",2845 86TH ST,FIRST FLOOR STORE FRONT,BROOKLYN,NY,112234634,7183734800,SUPERVISING PHARMACIST,333600000X,tier_1_primary_pharmacy,Y,Y,
1619202751,SUNRISE RX INC.,285 SILLS RD BLDG 8B,,EAST PATCHOGUE,NY,117728800,6315694245,PRESIDENT,3336H0001X|3336S0011X|3336C0003X,tier_1_primary_pharmacy,Y,Y,
1013242890,PALMER PHARMACY,131 E GREEN ST,SUITE 2,ITHACA,NY,148505653,6078829500,MANAGER,3336C0003X,tier_1_primary_pharmacy,Y,Y,
1356676910,ROSLYN PHARMACY INC,1314 OLD NORTHERN BLVD,,ROSLYN,NY,115762244,5166213363,PRESIDENT/SUPERVISINGR.PH.,3336C0004X|333600000X|3336C0003X,tier_1_primary_pharmacy,Y,Y,
1922334267,A AND V PHARMACY INC,8501 4TH AVE,,BROOKLYN,NY,112094607,7182381402,PRESIDENT,333600000X,tier_1_primary_pharmacy,Y,Y,
1942536008,"RAEESA PHARMACY, INC.",7417 101ST AVE,,OZONE PARK,NY,114161026,7182961023,PRESIDENT,3336C0003X,tier_1_primary_pharmacy,Y,Y,
1356677041,ADDISONS APOTHECARY INC,36 MAIN ST,,ADDISON,NY,148011210,6075044091,PRESIDENT,333600000X|3336C0003X,tier_1_primary_pharmacy,Y,Y,
1336475078,PAB PHARMACY INC,1115 NOSTRAND AVE,,BROOKLYN,NY,112255409,7186491111,PRESIDENT,333600000X|3336C0003X,tier_1_primary_pharmacy,Y,Y,
1801122544,HEALTH NET PHARMACY INC,3601 CHURCH AVENUE,,BROOKLYN,NY,11203,3475338019,PRESIDENT,333600000X,tier_1_primary_pharmacy,Y,Y,
1265769814,JAI SAI PHARMACY INC,4902 QUEENS BLVD,,WOODSIDE,NY,113774444,7182050550,SECRETARY,333600000X,tier_1_primary_pharmacy,Y,Y,
1689901241,GSR PHARMACY INC,803 ASTORIA BLVD,,ASTORIA,NY,111024028,7187771100,MANAGER,333600000X,tier_1_primary_pharmacy,Y,Y,
1316274582,LOVING PHARMACY INC,5711 6TH AVE,,BROOKLYN,NY,112203807,7186801982,SUPERVISING PHARMACIST,3336C0003X,tier_1_primary_pharmacy,Y,Y,
1629305800,AVALON PHARMACY INC,7 2ND AVE,,NEW YORK,NY,100038674,2122603131,PRESIDENT,333600000X|3336C0004X|3336C0003X,tier_1_primary_pharmacy,Y,Y,
1811224660,NUEVA VIDA PHARMACY INC,8125 37TH AVE,,JACKSON HEIGHTS,NY,11372,7188990200,PRESIDENT,3336C0003X,tier_1_primary_pharmacy,Y,Y,
1568790111,ETHICAL DRUG INC,1265 SAINT NICHOLAS AVE,,NEW YORK,NY,100337266,2127814214,PHARMACIST,333600000X|3336C0003X,tier_1_primary_pharmacy,Y,Y,
1063740306,COMFORT CARE PHARMACY INC,1990 LEXINGTON AVE,,NEW YORK,NY,100352902,2124104200,PRESIDENT,333600000X,tier_1_primary_pharmacy,Y,Y,
1144558339,"EVERGREEN PHARMACY GROUP, INC.",1037 MAIN ST,,PEEKSKILL,NY,105662913,9147348750,PRESIDENT,333600000X,tier_1_primary_pharmacy,Y,Y,
1811225949,OLIVE TREE PHARMACY,106 RIDGE ST,,NEW YORK,NY,100022554,6463689960,OWNER,333600000X|3336C0003X,tier_1_primary_pharmacy,Y,Y,
1700114790,CHURCH AVE PHARMACY INC,1810 CHURCH AVE,,BROOKLYN,NY,11226,7189412200,SUPERVISOR PHARMACIST,333600000X,tier_1_primary_pharmacy,Y,Y,
1619205663,ARLINGTON PHARMACY INC.,187 MILL ST,,LIBERTY,NY,127542000,8457474477,PRESIDENT,3336C0003X,tier_1_primary_pharmacy,Y,Y,
1366771099,NUCARE PHARMACY WEST LLC,246 9TH AVE,,NEW YORK,NY,100016602,2124622525,MEMBER,333600000X|3336C0003X,tier_1_primary_pharmacy,Y,Y,
1134458755,BERNHARD RX INC,34 W MERRICK RD,,FREEPORT,NY,115203827,5163780491,SUPERVISING PHARMACIST / MANAGER,3336C0003X,tier_1_primary_pharmacy,Y,Y,
1477882538,CIRCLE PHARMACY CORP,116 HUGH J GRANT CIR,,BRONX,NY,104725065,7188236666,PRESIDENT,333600000X|3336C0003X,tier_1_primary_pharmacy,Y,Y,
1588994230,ARD PHARMACY LLC,6061 MYRTLE AVE,,RIDGEWOOD,NY,113855908,7184174154,OWNER,333600000X|3336C0004X|3336C0003X,tier_1_primary_pharmacy,Y,Y,
1871823559,"NYC DRUG STORE, INC.",925 HEMPSTEAD TPKE,,FRANKLIN SQUARE,NY,110103641,7183800999,SUPERVISING PHARMACIST,3336C0003X,tier_1_primary_pharmacy,Y,Y,
1902136500,T&N PHARMACY INC,2570 E 17TH ST,,BROOKLYN,NY,112353505,7186462100,PRESIDENT/SP,333600000X,tier_1_primary_pharmacy,Y,Y,
1275863789,RXCIRCLE PHARMACY CORP.,5001 7TH AVE,,BROOKLYN,NY,112202127,7186868280,PRESIDENT,333600000X,tier_1_primary_pharmacy,Y,Y,
1093046039,AAA PHARMACY INC,3513 WHITE PLAINS RD,,BRONX,NY,104675705,7182312471,OWNER,333600000X|3336C0003X,tier_1_primary_pharmacy,Y,Y,
1821329731,"TOTAL CARE RX, INC.",22310 UNION TPKE,,OAKLAND GARDENS,NY,113643645,7187627111,DIRECTOR OF SPECIALTY SERVICES,3336L0003X|3336S0011X|333600000X|3336C0003X,tier_1_primary_pharmacy,Y,Y,
1962733352,VITAHEALTH APOTHECARY,1609 2ND AVE,,NEW YORK,NY,100284153,2127721110,OWNER,333600000X|3336C0004X|3336C0003X,tier_1_primary_pharmacy,Y,Y,
1487985669,FAMILY HEALTH PHARMACY LLC,8510 18TH AVE,,BROOKLYN,NY,112142913,7188375777,PRESIDENT,3336C0003X,tier_1_primary_pharmacy,Y,Y,
1114258290,"SEHAR PHARMACY, INC",5908 99TH ST,,CORONA,NY,113684304,7182719500,PRESIDENT,3336C0003X,tier_1_primary_pharmacy,Y,Y,
1801128525,SUNSET RX PHARMACY INC.,5805 4TH AVE,,BROOKLYN,NY,112203836,7187650019,SP PHARMACIST,333600000X|3336C0004X|3336L0003X|3336C0003X,tier_1_primary_pharmacy,Y,Y,
1003148321,BLONDELL RX NY LLC,1642 EASTCHESTER RD,,BRONX,NY,104612316,3476913494,MANAGING MEMBER,333600000X|3336C0003X,tier_1_primary_pharmacy,Y,Y,
1114259330,WATER PLACE PHARMACY LLC,313 E 161ST ST,,BRONX,NY,104513535,7188223700,PHARMACY MANAGER,3336C0003X,tier_1_primary_pharmacy,Y,Y,
1659603876,GHC PHARMACY INC.,23428 MERRICK BLVD,,ROSEDALE,NY,114221320,7189978700,PRESIDENT,3336C0003X,tier_1_primary_pharmacy,Y,Y,
1285957514,HMB PHARMACY MANAGEMENT LLC,480 GENESEE ST,,ROCHESTER,NY,146113634,5852352370,COO,333600000X|3336C0003X,tier_1_primary_pharmacy,Y,Y,
1568785897,HMB PHARMACY MANAGEMENT LLC,1 FORDHAM PLZ,,BRONX,NY,104585871,7187419505,COO,333600000X|3336C0003X,tier_1_primary_pharmacy,Y,Y,
1043533375,HMB PHARMACY MANAGEMENT LLC,322 LAKE AVE,,ROCHESTER,NY,146081017,5852546480,COO,333600000X|3336C0003X,tier_1_primary_pharmacy,Y,Y,
1396068623,HMB PHARMACY MANAGEMENT LLC,1515 BLONDELL AVE,,BRONX,NY,104612601,7182399808,COO,333600000X|3336C0003X,tier_1_primary_pharmacy,Y,Y,
1770805004,HMB PHARMACY MANAGEMENT LLC,305 E 161ST ST,,BRONX,NY,104513535,7184104711,COO,333600000X|3336C0003X,tier_1_primary_pharmacy,Y,Y,
1134442486,RITE HOPE PHARMACY INC,1793A MADISON AVE,,NEW YORK,NY,100354537,2123483341,PRESIDENT/OWNER/AO,333600000X|3336C0003X,tier_1_primary_pharmacy,Y,Y,
1003139270,HMB PHARMACY MANAGEMENT LLC,462 GRIDER ST,DRIVEWAY 3,BUFFALO,NY,142153021,7163322866,COO,333600000X|3336C0003X,tier_1_primary_pharmacy,Y,Y,
1407179534,HMB PHARMACY MANAGEMENT LLC,34 BENWOOD AVE,,BUFFALO,NY,142141761,7163326811,COO,3336C0003X,tier_1_primary_pharmacy,Y,Y,
1083937098,KENSINGTON PHARMACY INC,309 CHURCH AVE,,BROOKLYN,NY,112183105,3475336619,S.P.,3336C0003X,tier_1_primary_pharmacy,Y,Y,
1720301757,MONROE AVENUE PHARMACY INC,2341 MONROE AVE,,ROCHESTER,NY,146183024,5852717716,OWNER,3336C0003X|3336C0004X|333600000X,tier_1_primary_pharmacy,Y,Y,
1023332319,VICTORY RX LLC,395 FOREST AVE,,STATEN ISLAND,NY,103012622,7187202324,PHARMACIST/OWNER,333600000X|3336C0003X,tier_1_primary_pharmacy,Y,Y,
1457675647,BRONX CARE PHARMACY INC.,2404 WEBSTER AVE,,BRONX,NY,104585603,7182201336,PRESIDENT,3336C0003X,tier_1_primary_pharmacy,Y,Y,
1588988539,LEXINGTON AVENUE PHARMACY,2056 LEXINGTON AVE,,NEW YORK,NY,100351732,2124265555,VP,333600000X,tier_1_primary_pharmacy,Y,Y,
1922322890,RJ PHARMACY INC,2111 WILLIAMSBRIDGE RD,,BRONX,NY,104611601,3476913701,MANAGER,3336L0003X|3336S0011X|333600000X|3336C0003X,tier_1_primary_pharmacy,Y,Y,
1801110598,PERSONAL PHARMACY INC.,4873 BROADWAY,,NEW YORK,NY,100343134,2129428785,SECRETARY,3336C0003X,tier_1_primary_pharmacy,Y,Y,
1114241692,VICRAM PHARMACY INC,2244 CHURCH AVE,,BROOKLYN,NY,112264195,7189417722,PRESIDENT,3336C0003X,tier_1_primary_pharmacy,Y,Y,
1013232578,PREMIUM PHARMACY INC,4110A MAIN ST,,FLUSHING,NY,113553167,7188867128,PHARMACY MANAGER,3336C0003X,tier_1_primary_pharmacy,Y,Y,
1669797858,SAI RAM PHARMACY INC.,1575 HILLSIDE AVE,,NEW HYDE PARK,NY,110402521,5164923520,R.PH,333600000X|3336C0003X,tier_1_primary_pharmacy,Y,Y,
1669797643,WINMARK DRUG LTD,1065 LEXINGTON AVE,,N.Y.,NY,076663274,2127371280,VICE PRESIDENT,333600000X,tier_1_primary_pharmacy,Y,Y,
1710202874,MARIANNA'S PHARMACY COPR,1301 AVE U,,BROOKLYN,NY,11229,7186761516,PHARMACIST/OWNER,3336C0003X,tier_1_primary_pharmacy,Y,Y,
1821313909,MY PHARMACY INC.,2262 WEBSTER AVE,,BRONX,NY,104571302,7187334150,PRESIDENT,333600000X,tier_1_primary_pharmacy,Y,Y,
1063737781,AFI PHARMACY LLC,595 E TREMONT AVE,,BRONX,NY,104574727,7184661122,VICE PRESIDENT,333600000X|3336C0003X,tier_1_primary_pharmacy,Y,Y,
1669798047,"EXPEDITE CARE PHARMACY, INC.",2283 NOSTRAND AVE,,BROOKLYN,NY,112103839,6463591976,PHARMACIST,3336C0003X,tier_1_primary_pharmacy,Y,Y,
1821314162,RUSA PHARMACY CORP,342 E 149TH ST,,BRONX,NY,104515635,9176648531,PRESIDENT,333600000X,tier_1_primary_pharmacy,Y,Y,
1295051522,WALLABOUT PHARMACY INC,711 BEDFORD AVE,,BROOKLYN,NY,112065428,7188550214,OWNER,333600000X|3336C0003X,tier_1_primary_pharmacy,Y,Y,
1265758346,HYDE PARK PHARMACY INC,870 VIOLET AVE STE 10,,HYDE PARK,NY,125381754,8452295599,PRESIDENT/OWNER,333600000X,tier_1_primary_pharmacy,Y,Y,
1659697746,"PRIME PHARMACY, INC.",1797 LEXINGTON AVE,,NEW YORK,NY,100292830,2124260402,PRESIDENT,3336C0003X,tier_1_primary_pharmacy,Y,Y,
1144546193,WOORI PHARMACY LLC,21915B NORTHERN BLVD,,BAYSIDE,NY,11361,7182292001,PHARMACIST,333600000X|3336C0004X|3336C0003X,tier_1_primary_pharmacy,Y,Y,
1699091611,EVE III COMMUNITY PHARMACY LLC,612 WESTCHESTER AVE,,BRONX,NY,104551521,7182929292,MEMBER,3336C0003X,tier_1_primary_pharmacy,Y,Y,
1447576368,ELMONT PHARMACY INC,1604 FULTON ST,,BROOKLYN,NY,112131124,7184677000,PRESIDENT,3336C0004X|333600000X|3336C0003X,tier_1_primary_pharmacy,Y,Y,
1063738789,HYDE PARK PHARMACY INC.,870 VIOLET AVE STE 10,,HYDE PARK,NY,125381754,8452295599,SUP PHARMACIST,3336C0003X,tier_1_primary_pharmacy,Y,Y,
1831416536,PGU PHARMACY INC,1229 FRANKLIN AVE,,BRONX,NY,104563515,3475977999,SUPERVISING PHARMACIST / MANAGER,3336C0003X,tier_1_primary_pharmacy,Y,Y,
1184941890,WORLD RX INC,16306 HILLSIDE AVE,,JAMAICA,NY,114324078,3474549032,PRESIDENT,3336C0003X,tier_1_primary_pharmacy,Y,Y,
1629395389,BEST AID COMMUNITY PHARMACY LLC,563 E TREMONT AVE # 573,,BRONX,NY,104574655,7184664700,PRESIDENT LLC,333600000X|3336C0003X,tier_1_primary_pharmacy,Y,Y,
1851618144,TWIN RX INC,4050 WHITE PLAINS ROAD,,BRONX,NY,10466,7188814848,V.P,3336C0003X,tier_1_primary_pharmacy,Y,Y,
1508183377,HARBOR APOTHECARY INC,625 E FORDHAM RD,,BRONX,NY,104585049,7185846600,PHARMACY MANAGER,333600000X|3336C0003X,tier_1_primary_pharmacy,Y,Y,
1861710634,RX NOW II,565 LENOX AVE,GROUND FLOOR,NEW YORK,NY,100371742,2123685800,OWNER,333600000X|3336C0003X,tier_1_primary_pharmacy,Y,Y,
1225356736,MED SCRIPT PHARMACY INC,8342 PARSONS BLVD,,JAMAICA,NY,114321642,7186589300,OWNER,333600000X|3336C0003X,tier_1_primary_pharmacy,Y,Y,
1992023352,GRAND CONCOURSE PHARMACY INC,233 E TREMONT AVE,,BRONX,NY,104575303,7189013186,PRESIDENT,333600000X|3336C0004X|3336C0003X,tier_1_primary_pharmacy,Y,Y,
1609194182,TOTALCARE PHARMACY MANAGEMENT INC,322 E 194TH ST,,BRONX,NY,104584304,7185846561,PRESIDENT,3336S0011X|3336C0003X,tier_1_primary_pharmacy,Y,Y,
1841518248,PRIME AID PHARMACY CORP.,373 EAST FORDHAM ROAD,,BRONX,NY,10458,7182202111,OWNER,3336C0003X|333600000X|3336S0011X|3336M0002X,tier_1_primary_pharmacy,Y,Y,
1467770420,SOUTH BROADWAY PHARMACY,314 S BROADWAY,,YONKERS,NY,107052049,9149651000,SUPERVISING PHARMACIST,333600000X,tier_1_primary_pharmacy,Y,Y,
1912225921,RDS PHARMACY INC,225 MADISON ST,,NEW YORK,NY,100027505,2122275227,SUPERVISING PHARMACIST,333600000X,tier_1_primary_pharmacy,Y,Y,
1871811703,GARDEN PHARMACY INC,273 E 149TH ST,,BRONX,NY,104515601,7182927010,PRESIDENT,333600000X,tier_1_primary_pharmacy,Y,Y,
1306165022,MALIK DRUG CORP,436 ROCKAWAY AVE,,BROOKLYN,NY,112125636,7183427368,PRESIDENT,3336C0003X,tier_1_primary_pharmacy,Y,Y,
1962721688,NATES SPECIALTY PHARMACY CORP,2304 NOSTRAND AVE,,BROOKLYN,NY,112103840,7183380709,PRESIDENT,3336C0003X|3336C0004X,tier_1_primary_pharmacy,Y,Y,
1932428612,CNG PHARMACY INC,64 GRAMATAN AVE,,MOUNT VERNON,NY,105501306,9146681173,PRESIDENT,333600000X|3336C0003X,tier_1_primary_pharmacy,Y,Y,
1962721241,GRAND HEALTH PHARMACY INC,349 GRAND ST,,NEW YORK,NY,100024628,2122280068,MANAGER,333600000X,tier_1_primary_pharmacy,Y,Y,
1821317280,AMS PHARMACY INC,817 E 180TH ST,,BRONX,NY,104601305,7186187436,PRESIDENT,3336C0003X,tier_1_primary_pharmacy,Y,Y,
1013236132,UNION ST. PHARMACY,4170 MAIN ST,A2,FLUSHING,NY,113553837,7183218830,PRESIDENT / SUPERVISING PHARMACIST,3336C0003X,tier_1_primary_pharmacy,Y,Y,
1811217185,AFAM PHARMACY ASSOCIATES,5207 CHURCH AVE,,BROOKLYN,NY,11203,7189750520,SUPERVISING  PHARMACIST,333600000X,tier_1_primary_pharmacy,Y,Y,
1851612915,AMAZON PHARMACY INC.,42-10 43RD AVE,,SUNNYSIDE,NY,11104,7187680707,PRESIDENT,3336C0003X,tier_1_primary_pharmacy,Y,Y,
1982925830,FAIR CARE PHARMACY INC,1094 FLATBUSH AVE,,BROOKLYN,NY,112266101,3473053100,PRESIDENT,333600000X|3336C0003X,tier_1_primary_pharmacy,Y,Y,
1205157153,"SPECIALTY PHARMACY MANAGEMENT, LLC",15 EARHART DRIVE STE 101,,AMHERST,NY,14221,7169291000,EVP-CHIEF OPERATING OFFICER,333600000X|3336S0011X,tier_1_primary_pharmacy,Y,Y,
1528389202,COMMUNITY CARE PHARMACY INC,15 S ROUTE 303,,CONGERS,NY,109202449,8452675945,PRESIDENT,333600000X,tier_1_primary_pharmacy,Y,Y,
1023339454,EVERS PHARMACY INC,14202 ROCKAWAY BLVD,,JAMAICA,NY,114361402,7183238377,PRESIDENT,3336L0003X|3336H0001X|3336M0002X|3336C0002X|3336C0004X|333600000X|3336C0003X|3336M0003X|3336S0011X,tier_1_primary_pharmacy,Y,Y,
1710298864,DORVIT PHARMACY INC.,1025A 3RD AVE,,NEW YORK,NY,100658501,2127504100,PRESIDENT,3336C0003X,tier_1_primary_pharmacy,Y,Y,
1699086645,TGIS PHARMACY INC,6324 4TH AVE,,BROOKLYN,NY,112204909,7185679100,PRESIDENT,3336C0003X,tier_1_primary_pharmacy,Y,Y,
1306157102,86 PHARMACY INC.,2042 86TH ST,,BROOKLYN,NY,112143216,7182661268,DIRECTOR,3336C0003X,tier_1_primary_pharmacy,Y,Y,
1538470182,LIFE CARE PHARMACY INC,1337 NOSTRAND AVE,,BROOKLYN,NY,112262201,7185642356,PRESIDENT,3336C0003X,tier_1_primary_pharmacy,Y,Y,
1811208465,AL-SHIFA PHARMACY INC,236 BUSHWICK AVE,,BROOKLYN,NY,112062711,7184179031,PRESIDENT,333600000X|3336C0003X,tier_1_primary_pharmacy,Y,Y,
1356653448,LIFELINE RX LLC,38 GRANT ST,,WALDEN,NY,125861850,8457786661,PRESIDENT,3336C0003X,tier_1_primary_pharmacy,Y,Y,
1861704819,HMB PHARMACY MANAGEMENT LLC,1044 STATE ST,,SCHENECTADY,NY,123071508,5183701441,COO,3336C0003X,tier_1_primary_pharmacy,Y,Y,
1851603633,U PASS PHARMACY,2769 CONEY ISLAND AVE,1ST FLOOR,BROOKLYN,NY,112355051,7186761560,OWNER,333600000X,tier_1_primary_pharmacy,Y,Y,
1366754103,PHELPS HOMETOWN PHARMACY LLC,110 MAIN ST,,PHELPS,NY,145321017,3155489454,SUPERVISING PHARMACIST,3336C0003X,tier_1_primary_pharmacy,Y,Y,
1134431562,DUNBAR PHARMACY INC,2580 7TH AVE,,NEW YORK,NY,100392620,2122344493,S.P/PARTNER,333600000X|3336C0003X,tier_1_primary_pharmacy,Y,Y,
1225341274,HEALTH GUARD PHARMACY INC.,3313 JUNCTION BLVD,,JACKSON HEIGHTS,NY,113722031,7185076800,SUPERVISING  PHARMACIST,333600000X|3336C0003X,tier_1_primary_pharmacy,Y,Y,
1164735973,PRINCE PHARMACY INC.,3907 PRINCE ST STE 1E,,FLUSHING,NY,113545321,7188889596,SUPERVISING PHARMACIST,3336C0003X,tier_1_primary_pharmacy,Y,Y,
1720391246,UNITED CARE PHARMACY CORP,4424 4TH AVE,,BROOKLYN,NY,112201104,7183692803,PRESIDENT,3336C0003X,tier_1_primary_pharmacy,Y,Y,
1053624536,QUEENS CENTRAL PHARMACY INC,11608 QUEENS BLVD,,FOREST HILLS,NY,113757055,7182688060,OWNER/PHARMACIST,333600000X|3336C0003X,tier_1_primary_pharmacy,Y,Y,
1265746416,BURNSIDE PHARMACY CORP,52 W BURNSIDE AVE,,BRONX,NY,104534018,3478207989,OFFICER,333600000X,tier_1_primary_pharmacy,Y,Y,
1912211780,CHESTER PHARMACY CORP,614 FLATBUSH AVE,,BROOKLYN,NY,112254901,7188266117,PHARMACIST,333600000X|3336C0003X,tier_1_primary_pharmacy,Y,Y,
1164736799,CHELSEA ROYAL CARE PHARMACY INC,154 9TH AVE,,NEW YORK,NY,100114904,2122558000,SUPERVISING PHARMACIST/OWNER,333600000X|3336C0003X|3336S0011X,tier_1_primary_pharmacy,Y,Y,
1699080622,SUPREME RX PHARMACY CORP,3011 AVENUE N,,BROOKLYN,NY,112105410,7186776600,PHARMACIST,333600000X|3336C0003X,tier_1_primary_pharmacy,Y,Y,
1932414984,KINGSTON PHARMACY INC,1106 SAINT JOHNS PL,,BROOKLYN,NY,112132675,7182214805,PRESIDENT,3336C0003X,tier_1_primary_pharmacy,Y,Y,
1760797534,EZ RX PHARMACY INC,8802 4TH AVE,,BROOKLYN,NY,112095606,3475606560,OWNER-SP PHARMAXIST-OFFICER,333600000X|3336C0004X|3336C0003X,tier_1_primary_pharmacy,Y,Y,
1932414661,OK PHARMACY & SURGICAL,3404 UNION ST,,FLUSHING,NY,113543053,7188862227,RPIC/PARTNER,3336C0003X,tier_1_primary_pharmacy,Y,Y,
1134435886,EMBLEM HEALTH PHARMACY,1070 WASHINGTON AVE,,WESTBURY,NY,115905533,5169975260,PHARMACIST,333600000X,tier_1_primary_pharmacy,Y,Y,
1962718502,ALLMED PHARMACY INC.,855 BROADWAY,,BROOKLYN,NY,112067321,7184434571,PRESIDENT,3336C0003X,tier_1_primary_pharmacy,Y,Y,
1184930448,BAYSHORE PHARMACY LLC,558 W 235TH ST,,BRONX,NY,104631709,7185436868,MANAGING MEMBER,333600000X|3336C0003X,tier_1_primary_pharmacy,Y,Y,
1457667511,"NEW YORK BEST PHARMACY, INC.",2202 AVENUE U,,BROOKLYN,NY,112293648,7187430033,OWNER,333600000X,tier_1_primary_pharmacy,Y,Y,
1962719542,R&G PHARMACY INC.,5625 BROADWAY,,BRONX,NY,104635548,7185430028,PRESIDENT,3336C0003X,tier_1_primary_pharmacy,Y,Y,
1699082057,BIG APPLE PHARMACY CORP,3771 103RD ST,,CORONA,NY,113683191,7187794450,OWNER,3336C0004X|333600000X|3336C0003X,tier_1_primary_pharmacy,Y,Y,
1578870564,NU CASSEL PHARMACY INC,821 PROSPECT AVE,,WESTBURY,NY,115903777,5162809675,OWNER,333600000X|3336C0003X,tier_1_primary_pharmacy,Y,Y,
1164730891,HARINAM RX INC,313 SOUTH WILLIAM ST,SUITE 3,NEWBURGH,NY,12550,8455694100,PRESIDENT,3336C0003X,tier_1_primary_pharmacy,Y,Y,
1548578305,GSPM PHARMACY INC,2854 FREDERICK DOUGLASS BLVD,,NEW YORK,NY,100392145,2122343900,PRESIDENT,3336C0003X,tier_1_primary_pharmacy,Y,Y,
1508174590,TWIN PHARMACY CORP,1538 SAINT NICHOLAS AVE,,NEW YORK,NY,100332605,2129275570,PRESSIDENT,333600000X,tier_1_primary_pharmacy,Y,Y,
1629386636,NEW PARSONS PHARMACY LLC,88 01 PARSONS BLVD,,JAMAICA,NY,114323895,7182911114,OWNER,3336C0003X,tier_1_primary_pharmacy,Y,Y,
1790094365,URVI PHARMACY INC,3060 BOSTON RD,,BRONX,NY,104694038,3475901030,PRESIDENT,333600000X,tier_1_primary_pharmacy,Y,Y,
1841509296,SHALOMS PHARMACY INC,1490 CONEY ISLAND AVE,,BROOKLYN,NY,112304714,7182534900,OWNER/PRESIDENT,333600000X|3336C0004X|3336S0011X|3336C0003X,tier_1_primary_pharmacy,Y,Y,
1720397920,NORWOOD PHARMACY LLC,2490 FREDERICK DOUGLASS BLVD,,NEW YORK,NY,100302792,2122346611,MEMBER,333600000X,tier_1_primary_pharmacy,Y,Y,
1558671651,APTEKA PHARMACY INC,6562 MYRTLE AVE,,GLENDALE,NY,113857067,3472278188,VICE PRESIDENT,333600000X,tier_1_primary_pharmacy,Y,Y,
1023328085,SEVENTH ELM DRUG CORP,56 7TH AVE,,NEW YORK,NY,100116672,2122556100,PRESIDENT,3336C0003X|333600000X,tier_1_primary_pharmacy,Y,Y,
1831409697,AVE J ROYAL CARE PHARMACY LLC,1315 AVENUE J,,BROOKLYN,NY,112303605,7182531030,MANAGER,3336C0003X|333600000X,tier_1_primary_pharmacy,Y,Y,
1285944744,KINGDOM RX CORP,3131 E TREMONT AVE,,BRONX,NY,104615719,7188225900,PHARMACIST/OWNER,3336C0003X|3336C0004X|3336M0002X|333600000X,tier_1_primary_pharmacy,Y,Y,
1730489956,MJJ PHARMACY INC,25310 HILLSIDE AVE,,BELLEROSE,NY,114262152,7184137077,PRESIDENT,3336C0003X,tier_1_primary_pharmacy,Y,Y,
1891096137,BRENTWOOD PHARMACY LLC,48 W 8TH ST,,NEW YORK,NY,100119013,2124605838,MEMBER,333600000X,tier_1_primary_pharmacy,Y,Y,
1174824353,ADINAS PHARMACY INC,13819 QUEENS BLVD,,BRIARWOOD,NY,114352641,7187399700,DIRECTOR,3336C0003X,tier_1_primary_pharmacy,Y,Y,
1710288915,ARYA PHARMACY CORP,567 COURTLANDT AVE,,BRONX,NY,104515015,7185851117,PRESIDENT,3336C0003X,tier_1_primary_pharmacy,Y,Y,
1023319258,PARKER PHARMACY INC,1388 HERTEL AVE,,BUFFALO,NY,142163409,7167250887,PRESIDENT,333600000X|3336C0003X,tier_1_primary_pharmacy,Y,Y,
1134420193,TOWER PHARMACY INC,4192 STATE HIGHWAY 30,,AMSTERDAM,NY,120106202,5188838400,PRESIDENT/OWNER,333600000X|3336C0003X,tier_1_primary_pharmacy,Y,Y,
1306147749,RUSSO'S PHARMACY INC,1909 CORNAGA AVE,,FAR ROCKAWAY,NY,116914303,5165687338,PRESIDENT,3336C0003X,tier_1_primary_pharmacy,Y,Y,
1841591286,ALMARK PHARMACY INC.,2094 LINDEN BLVD,,BROOKLYN,NY,112077412,3477708633,PRESIDENT,3336C0003X,tier_1_primary_pharmacy,Y,Y,
1689976953,HARLEM RX INC.,102 W 116TH ST,,NEW YORK,NY,100262500,2126668100,PRESIDENT,3336C0003X,tier_1_primary_pharmacy,Y,Y,
1902108111,WEBSTER AVE. PHARMACY CORP.,1231 WEBSTER AVE,,BRONX,NY,104563373,7186180802,PRES,333600000X,tier_1_primary_pharmacy,Y,Y,
1396047544,"LIBERTY ROCK PHARMACY, INC.",11806 101ST AVE,,SOUTH RICHMOND HILL,NY,114191230,7188802500,SUPERVISING PHARMACIST,3336C0003X,tier_1_primary_pharmacy,Y,Y,
1730481847,EBI PHARMACY & SUPERMARKET INC,21620 HILLSIDE AVE,,QUEENS VILLAGE,NY,114271947,7182177700,PRESIDENT,3336C0003X,tier_1_primary_pharmacy,Y,Y,
1316249519,BOLING PHARMACY INC,133-37 41ST RD,,FLUSHING,NY,11355,7183219876,PRESIDENT,3336C0003X,tier_1_primary_pharmacy,Y,Y,
1871895300,"VALLEY PHARMACY AND MEDICAL SUPPLIES, INC.",31 W MAIN ST,,GOWANDA,NY,140701305,7169821264,PRESIDENT,3336C0003X,tier_1_primary_pharmacy,Y,Y,
1205139441,YASNA PHARMACY INC,1481 LELAND AVE,,BRONX,NY,104603901,7188235330,OWNER,3336C0003X,tier_1_primary_pharmacy,Y,Y,
1952604142,NB RX PHARMACY INC,1707 KINGS HWY,,BROOKLYN,NY,112291207,7189980518,PRESIDENT,3336C0004X|333600000X|3336C0003X,tier_1_primary_pharmacy,Y,Y,
1124321187,16TH AVENUE DRUG CORP,4408 16TH AVE,,BROOKLYN,NY,112041012,7188716700,PRESIDENT,3336C0003X,tier_1_primary_pharmacy,Y,Y,
1568765196,SAN REMO SUPER PHARMACY INC.,629 E MAIN ST,,KINGS PARK,NY,117543407,6312656404,PRESIDENT,3336C0003X,tier_1_primary_pharmacy,Y,Y,
1528362811,ABC PHARMACY V CORP.,17 E BROADWAY STORE #105,,NEW YORK,NY,100026994,2129658882,PRESIDENT,333600000X|3336C0003X,tier_1_primary_pharmacy,Y,Y,
1336443530,A & M PHARMACY AND SURGICAL SUPPLIES LLC,256-17-19 HILLSIDE AVE,,FLORAL PARK,NY,11004,7183435900,SUPERVISING PHARMACIST,333600000X,tier_1_primary_pharmacy,Y,Y,
1730484429,CARE WELL RX INC,826 E TREMONT AVE,,BRONX,NY,104604146,7182947147,PRESIDENT,333600000X,tier_1_primary_pharmacy,Y,Y,
1477858041,AL-HAQQ PHARMACY INC,7507 101ST AVE,,OZONE PARK,NY,114161028,7187383333,SUPERVISING PHARMACIST,3336C0003X,tier_1_primary_pharmacy,Y,Y,
1780989236,CARE PHARMACY INC,378 LAFAYETTE AVE,,BROOKLYN,NY,112382254,7186238930,PRESIDENT,333600000X,tier_1_primary_pharmacy,Y,Y,
1952606212,A & J PHARMACY LLC,1900 EMPIRE BLVD STE 160,,WEBSTER,NY,145801898,5858727575,SP/OWNER,333600000X|3336C0003X,tier_1_primary_pharmacy,Y,Y,
1558666719,FREYA PHARMACY INC,10119 39TH AVE,,CORONA,NY,113684806,3476492525,PHARMACIST IN CHARGE,333600000X,tier_1_primary_pharmacy,Y,Y,
1811292766,HERBST PHARMACY INC,1 CHURCH ST,,PORT BYRON,NY,13140,3157764372,PRESIDENT,3336C0003X,tier_1_primary_pharmacy,Y,Y,
1538465927,VVS PHARMACY INC.,702 FULTON ST,,BROOKLYN,NY,112171629,7188346368,PRESIDENT,3336C0003X,tier_1_primary_pharmacy,Y,Y,
1609172584,J & M PHARMACY CORP,8507 ROOSEVELT AVE,,JACKSON HEIGHTS,NY,113727342,7182479752,PRESIDENT,333600000X|3336C0004X|3336C0003X,tier_1_primary_pharmacy,Y,Y,
1629374525,"A&Z DRUG STORE, INC.",11 S 4TH AVE,,MOUNT VERNON,NY,105503104,9146689300,PRESIDENT,333600000X,tier_1_primary_pharmacy,Y,Y,
1750688602,MORRIS AVE PHARMACY INC,675 MORRIS AVE,,BRONX,NY,104514783,7182922500,SP,333600000X|3336C0004X|3336L0003X|3336M0003X|3336S0011X|3336C0003X,tier_1_primary_pharmacy,Y,Y,
1093012635,JEWEL OF FLUSHING RX INC.,7035 PARSONS BLVD,,FLUSHING,NY,113653049,9144003173,PRESIDENT,3336C0003X,tier_1_primary_pharmacy,Y,Y,
1992002414,ALLSTAR PHARMACY INC,41-69 KISSENA BLVD,,FLUSHING,NY,11355,7188866618,PRESIDENT,333600000X,tier_1_primary_pharmacy,Y,Y,
1720385941,A & R DRUG INC,39-20 103 STREET,,CORONA,NY,11368,7184587336,PRESIDENT,3336C0003X,tier_1_primary_pharmacy,Y,Y,
1093013930,"CARE FIRST PHARMACY & SURGICAL, INC",5612A 8TH AVE,,BROOKLYN,NY,112203518,7185673338,SUPERVISING PHARMACIST,3336S0011X|3336C0003X,tier_1_primary_pharmacy,Y,Y,
1730487588,DRUGDEX PHARMACY,1632 BRUCKNER BLVD,,BRONX,NY,104734553,2123650366,PHARMACIST,3336C0004X|3336C0003X|333600000X,tier_1_primary_pharmacy,Y,Y,
1649578303,DIVINO PHARMACY CORP,30 E KINGSBRIDGE RD,,BRONX,NY,104687502,7189330278,PRESIDENT,3336S0011X|3336C0003X,tier_1_primary_pharmacy,Y,Y,
1871891325,SCHEER RX INC,1343 E GUN HILL RD,,BRONX,NY,104693010,7186555558,PRESIDENT,3336C0003X,tier_1_primary_pharmacy,Y,Y,
1821396383,Z RX INC,2315-17 WESTCHESTER AVENUE,,BRONX,NY,104620000,7184093537,PHARMACY MANAGER / PHARMACIST,3336C0003X,tier_1_primary_pharmacy,Y,Y,
1265730428,"FOREVER HEALTH PHARMACY I, LLC",244 GRAND ST,,NEW YORK,NY,100024937,2122193692,MEMBER,3336C0003X,tier_1_primary_pharmacy,Y,Y,
1750689881,NEO PHARMACY INC,785 E 163RD ST,,BRONX,NY,104567208,7189917901,PRESIDENT,3336C0003X,tier_1_primary_pharmacy,Y,Y,
1083913917,MY RX PHARMACY INC,17815 UNION TPKE,,FRESH MEADOWS,NY,113661633,7189696979,OWNER,3336C0004X|3336S0011X|3336C0003X,tier_1_primary_pharmacy,Y,Y,
1114226008,PREM PHARMACY CORP.,5812 8TH AVE,,BROOKLYN,NY,112203979,7184844628,PRESIDENT,333600000X|3336C0003X,tier_1_primary_pharmacy,Y,Y,
1215236930,SEVEN HILLS PHARMACY INC,743 HILLSIDE AVE,,NEW HYDE PARK,NY,110402515,5163545641,PRESIDENT,3336C0003X,tier_1_primary_pharmacy,Y,Y,
1952600439,NOSTRAND PHARMACY LLC,1887 NOSTRAND AVE,,BROOKLYN,NY,112267917,7182822956,PRESIDENT,3336C0004X|333600000X|3336C0003X,tier_1_primary_pharmacy,Y,Y,
1548569098,TACONIC PHARMACY INC,3659 LEE RD,,JEFFERSON VALLEY,NY,105351507,9142453334,VICE PRESIDENT,3336C0004X|333600000X|3336C0003X,tier_1_primary_pharmacy,Y,Y,
1801195250,13TH AVE PHARMACY INC.,5211 13TH AVE,,BROOKLYN,NY,112193814,7188719777,PRESIDENT,3336C0003X,tier_1_primary_pharmacy,Y,Y,
1790074268,"SHEEPSHEAD BAY PHARMACY, INC.",3558 NOSTRAND AVE,,BROOKLYN,NY,112295203,7186764966,SUPERVISING PHARMACIST,3336C0003X,tier_1_primary_pharmacy,Y,Y,
1750671020,VALUECARE PHARMACY,8269 PARSONS BLVD,,JAMAICA,NY,114321048,7183801329,PRESIDENT,3336C0003X,tier_1_primary_pharmacy,Y,Y,
1326338567,SAFIA PHARMACY INC,742 LYDIG AVE,,BRONX,NY,104622104,7186788700,PRESIDENT,333600000X|3336C0003X,tier_1_primary_pharmacy,Y,Y,
1235429523,SILVER PHARMACY INC,4024 18TH AVE,,BROOKLYN,NY,112185708,7188517711,SP,333600000X|3336C0003X,tier_1_primary_pharmacy,Y,Y,
1962792176,HEALTHSOURCE PHARMACY III B INC,1000 1ST AVE,AT 55TH STREET,NEW YORK,NY,100224105,2123100111,PRESIDENT,333600000X|3336C0003X,tier_1_primary_pharmacy,Y,Y,
1619267747,PHARMACY DEPOT LLC,317 BRIGHTON BEACH AVE,,BROOKLYN,NY,112357412,7186460001,SUPERVISING PHARMACIST,333600000X|3336C0003X,tier_1_primary_pharmacy,Y,Y,
1740570829,JNR PHARMACY BREWSTER INC,2505 CARMEL AVE STE 110-111,,BREWSTER,NY,105091155,8452788200,PHARMACIST,333600000X|3336C0003X,tier_1_primary_pharmacy,Y,Y,
1053601831,FRIENDS PHARMACY INC,342 KINGS HWY,,BROOKLYN,NY,112231478,7187534900,SUPERVISING PHARMACIST,333600000X,tier_1_primary_pharmacy,Y,Y,
1629368345,UPPER MANHATTAN PHARMACY,1728 AMSTERDAM AVE,,NEW YORK,NY,100314604,2126946666,OWNER,333600000X,tier_1_primary_pharmacy,Y,Y,
1235429978,EDS HEALTHCARE PHARMACY,30 VAN SICLEN AVE,,FLORAL PARK,NY,110012013,5167752524,PRESIDENT,3336S0011X|3336C0003X,tier_1_primary_pharmacy,Y,Y,
1003107319,MAKSOUD RX CORP,800 2ND AVE,,NEW YORK,NY,100174709,6469187363,PRESIDENT,3336C0004X|333600000X|3336C0003X,tier_1_primary_pharmacy,Y,Y,
1396036364,HEALTH SMART PHARMACY INC,760 GRAND CONCOURSE,,BRONX,NY,104513048,7186187081,PHARMACIST,3336C0003X,tier_1_primary_pharmacy,Y,Y,
1386935195,BALAJI II PHARMACY INC,1726 MERMAID AVE,,BROOKLYN,NY,112242765,7189969000,PRESIDENT,3336C0003X,tier_1_primary_pharmacy,Y,Y,
1609167196,PHARMACY DEPOT LLC,317 BRIGHTON BEACH AVE,,BROOKLYN,NY,112357412,7186460001,SUPERVISING PHARMACIST,333600000X,tier_1_primary_pharmacy,Y,Y,
1760774061,RIGHT CHOICE PHARMACY INC,3609 AVENUE S,,BROOKLYN,NY,112344829,7186765522,OWNER,3336C0003X,tier_1_primary_pharmacy,Y,Y,
1043502164,"SANTO DOMINGO PHARMACY, INC",7704 ROOSEVELT AVE,,JACKSON HEIGHTS,NY,113726610,7184248798,OWNER/PRESIDENT,333600000X,tier_1_primary_pharmacy,Y,Y,
1790077568,TOP CHOICE PHARMACY CORP,9706 QUEENS BLVD,,REGO PARK,NY,113743245,7183815100,PRESIDENT,333600000X|3336C0003X,tier_1_primary_pharmacy,Y,Y,
1700178480,"ELMCARE PHARMACY, INC.",3902 UNION ST STE 2,,FLUSHING,NY,113545514,7186611122,PRESIDENT,333600000X|3336C0004X|3336C0003X,tier_1_primary_pharmacy,Y,Y,
1588956262,FOREST PHARMACY LLC,2236 FOREST AVE STE 5,,STATEN ISLAND,NY,103031714,7184475900,SUPERVISING PHARMACIST / MEMBE,333600000X|3336C0003X,tier_1_primary_pharmacy,Y,Y,
1669765194,SOLS 4 PHARMACY INC,107-18 37TH DRIVE,,CORONA,NY,113682025,7186394107,PRESIDENT,333600000X|3336C0003X,tier_1_primary_pharmacy,Y,Y,
1245523521,PREMIER ONE PHARMACY INC.,4112A MAIN ST FL 1,,FLUSHING,NY,113553348,7188867128,OWNER,333600000X,tier_1_primary_pharmacy,Y,Y,
1184917163,TLA PHARMACY INC,395 AVENUE X,,BROOKLYN,NY,112236004,7183393131,OWNER,3336C0004X|3336M0003X|333600000X|3336C0003X,tier_1_primary_pharmacy,Y,Y,
1295028991,AVE Z PHARMACY,1324 SHEEPSHEAD BAY RD,,BROOKLYN,NY,112353920,7183327733,PHARMACIST,3336C0004X|3336M0003X|333600000X|3336C0003X,tier_1_primary_pharmacy,Y,Y,
1932493475,QUICK-FILL PHARMACY CORP,21617 MERRICK BLVD,,LAURELTON,NY,114131407,7182766090,PHARMACIST,3336C0003X,tier_1_primary_pharmacy,Y,Y,
1417241720,CSS PHARMACY INC,2043 GRAND CONCOURSE,,BRONX,NY,104534317,7182205402,OWNER/PHARMACIST,333600000X|3336C0003X,tier_1_primary_pharmacy,Y,Y,
1588958441,SY PHARMACY INC,241 W 116TH ST,,NEW YORK,NY,100262858,2126658880,PRESIDENT.OWNER,333600000X,tier_1_primary_pharmacy,Y,Y,
1053605113,GRANDBROOK PHARMACY INC,642 SUTTER AVE,,BROOKLYN,NY,112074113,7184848690,PRESIDENT/SUP.PHARMACIST,333600000X|3336C0003X,tier_1_primary_pharmacy,Y,Y,
1952695918,PRIMARY CARE PHARMACY INC,9020 SUTPHIN BLVD,,JAMAICA,NY,114353636,7182914747,PRESIDENT,333600000X|3336C0003X,tier_1_primary_pharmacy,Y,Y,
1578858262,"ABBOTT PHARMACY, INC.",1979 SENECA ST,,BUFFALO,NY,142102352,7168224400,OWNER,333600000X|3336C0003X,tier_1_primary_pharmacy,Y,Y,
1013203488,WELLNESS PARK PHARMACY INC,8672 BUFFALO AVE,,NIAGARA FALLS,NY,14304,7162601918,PRESIDENT,3336C0003X,tier_1_primary_pharmacy,Y,Y,
1194011486,COMMUNITY CARE RX INC.,131 SUNNYSIDE BLVD STE 100,,PLAINVIEW,NY,118031539,3475613806,CEO/OWNER,333600000X|3336C0004X|3336S0011X|3336L0003X,tier_1_primary_pharmacy,Y,Y,
1477849669,MNS PHARMACY CORP.,29 AUDUBON AVENUE,,NEW YORK,NY,10032,6465591515,PRESIDENT,3336C0003X,tier_1_primary_pharmacy,Y,Y,
1649567306,MI CASA PHARMACY CORP.,18 E 183RD ST,,BRONX,NY,104531241,7188419969,PRESIDENT,333600000X,tier_1_primary_pharmacy,Y,Y,
1609163310,HEALTHY POINT PHARMACY LLC,1524 COLLEGE POINT BLVD # PHARMACY,,FLUSHING,NY,113562257,7186612288,SUPERVISOR,333600000X,tier_1_primary_pharmacy,Y,Y,
1487941076,HLP PHARMACY INC,3569 BROADWAY,,NEW YORK,NY,100313209,2128627700,OWNER/VP/AO,333600000X|3336C0003X,tier_1_primary_pharmacy,Y,Y,
1528355195,EUROPEAN APOTHECARY INC,6619 FRESH POND RD,,RIDGEWOOD,NY,113853310,7184163200,PRESIDENT,3336C0003X,tier_1_primary_pharmacy,Y,Y,
1467749838,WELLNESS RX PHARMACY INC,95 ELIZABETH ST FRNT B,,NEW YORK,NY,100135210,2122268873,SUPERVISING PHARMACIST,3336C0003X,tier_1_primary_pharmacy,Y,Y,
1922395110,A PLUS PHARMACY CORPORATION,5605 7TH AVE,,BROOKLYN,NY,112203509,7184923888,PRESIDENT,333600000X,tier_1_primary_pharmacy,Y,Y,
1578851531,SIMON PHARMACY LLC,124 N LONG BEACH RD,,ROCKVILLE CENTRE,NY,115704415,5167643200,PRESIDENT,3336C0003X,tier_1_primary_pharmacy,Y,Y,
1912295775,NEWKIRK PHARMACY INC,1402 NEWKIRK AVE,,BROOKLYN,NY,112266522,7184340931,PRESIDENT,3336C0003X,tier_1_primary_pharmacy,Y,Y,
1114205333,CUSTOM CHEMISTS PHARMACY INC,127 SPRUCE ST UNIT A,,CEDARHURST,NY,115161923,5163410500,SUPERVISING PHARMACIST,3336C0004X|3336C0003X,tier_1_primary_pharmacy,Y,Y,
1972881860,AS-SALAM PHARMACY INC,14726 HILLSIDE AVE,,JAMAICA,NY,114353329,7182910717,SUPERVISING PHARMACIST,333600000X|3336C0003X,tier_1_primary_pharmacy,Y,Y,
1982982716,MAIN PHARMACY INC.,7271 MAIN ST,,FLUSHING,NY,113672407,7182615608,OWNER,3336C0003X,tier_1_primary_pharmacy,Y,Y,
1073891776,NAZ PHARMACY INC.,731 CONEY ISLAND AVE,,BROOKLYN,NY,112184306,7182844200,PRESIDENT,3336C0003X,tier_2_secondary_pharmacy,N,Y,
1003194754,RL HEALTH PHARMACY INC.,2304 86TH ST,,BROOKLYN,NY,11214,7183330410,SUPERVISING PHARMACIST,3336C0004X|3336C0003X,tier_1_primary_pharmacy,Y,Y,
1356629919,"VITAHEALTH PHARMACY, INC.",4116 30TH AVE,,ASTORIA,NY,111032968,7187778482,SUPERVISING PHARMACIST,3336C0003X,tier_1_primary_pharmacy,Y,Y,
1104104447,COLONY PHARMACY INC.,481 MIDDLE NECK RD,,GREAT NECK,NY,110231470,5164395556,PRESIDENT,3336C0003X,tier_1_primary_pharmacy,Y,Y,
1568741460,"MOMS PHARMACY OF NYC, INC.",224 W 29TH ST,,NEW YORK,NY,100015204,6462181710,GENERAL MANAGER,3336C0003X,tier_1_primary_pharmacy,Y,Y,
1952680894,"A.M. PHARMACY II, INC",223 GRAND ST,,NEW YORK,NY,100134240,2122268832,SUPERVISING PHARMACIST,3336C0003X,tier_1_primary_pharmacy,Y,Y,
1558640532,SOEY RX INC,6902 3RD AVE,,BROOKLYN,NY,112091305,7182382444,VICE PRESIDENT,333600000X|3336C0003X,tier_1_primary_pharmacy,Y,Y,
1245519198,E CARE PHARMACY CORP,48 MOTT ST,,NEW YORK,NY,100135011,2129623388,PIC,333600000X|3336C0003X,tier_1_primary_pharmacy,Y,Y,
1598044216,VAISHNAVI PHARMACY INC,1379 NOSTRAND AVE # 83,,BROOKLYN,NY,112262596,7186187425,PRESIDENT,3336C0003X,tier_1_primary_pharmacy,Y,Y,
1447539085,ISLAND EXPRESS PHARMACY INC,1335 FLATBUSH AVE,,BROOKLYN,NY,112267669,3475334606,OWNER/SUPERVISING PHARMACIST,333600000X|3336C0003X,tier_1_primary_pharmacy,Y,Y,
1184903650,OLD FAMILY PHARMACY INC,1917 KINGS HWY,,BROOKLYN,NY,112291313,7183393500,PRESIDENT,333600000X|3336C0003X,tier_1_primary_pharmacy,Y,Y,
1619256120,LEV RX CORP,88 KINGS HWY,,BROOKLYN,NY,112141510,7186464343,PHARMACIST,333600000X|3336C0003X,tier_1_primary_pharmacy,Y,Y,
1902185366,MYRTLE RX LLC,1454 MYRTLE AVE,,BROOKLYN,NY,112375102,7184536200,MEMBER,333600000X|3336C0003X,tier_1_primary_pharmacy,Y,Y,
1154600518,CASTLE TOPP PHARMACY CORP,1370A CASTLE HILL AVE,,BRONX,NY,104624807,7186846825,SUPERVISING PHARMACIST,333600000X|3336C0003X,tier_1_primary_pharmacy,Y,Y,
1245510684,TISANE PHARMACY LLC,340 E 86TH ST,,NEW YORK,NY,100284661,2125170037,OWNER,3336C0003X,tier_1_primary_pharmacy,Y,Y,
1326328501,LENOX STAR PHARMACY INC.,531 LENOX AVE,,NEW YORK,NY,100371809,2123687900,PRESIDENT,3336C0003X,tier_1_primary_pharmacy,Y,Y,
1639459605,FAMILY PHARMACY SOLUTIONS INC,890 GARRISON AVE,B317,BRONX,NY,104745332,7187641002,PRESIDENT,333600000X|3336L0003X,tier_1_primary_pharmacy,Y,Y,
1588944326,HILLSIDE PHARMACY INC,22036 HILLSIDE AVE,,QUEENS VILLAGE,NY,114272020,7182642222,PHARMACIST,3336C0003X,tier_1_primary_pharmacy,Y,Y,
1306127816,FULL CARE PHARMACY INC,2913 SURF AVE,,BROOKLYN,NY,112241705,7183725300,PRESIDENT,333600000X|3336C0003X,tier_1_primary_pharmacy,Y,Y,
1639450539,GOODMAN PHARMACY LLC,779 MELROSE AVE.,,BRONX,NY,104514440,7185854663,OWNER,333600000X,tier_1_primary_pharmacy,Y,Y,
1093096810,PALMVILLE PHARMACY,799 ALLERTON AVE,,BRONX,NY,10467,7185477600,PHARMACIST/OWNER,333600000X|3336C0003X,tier_1_primary_pharmacy,Y,Y,
1902188493,RM ISLAND PHARMACY INC,1841 CONEY ISLAND AVE,,BROOKLYN,NY,112306512,7183362800,OWNER/PIC,333600000X|3336C0003X,tier_1_primary_pharmacy,Y,Y,
1619259793,ST THERESA PHARMACY CORP,3849 10TH AVENUE,,NEW YORK,NY,10034,6464135795,PRESIDENT,3336C0003X,tier_1_primary_pharmacy,Y,Y,
1609158450,32 PROCTOR PHARMACY INC.,32 GRAMATAN AVE,,MT VERNON,NY,11550,9146681488,PRESIDENT,3336C0003X,tier_1_primary_pharmacy,Y,Y,
1003198706,MED HEALTH PHARMACY INC.,6061 MYRTLE AVE,,RIDGEWOOD,NY,113855908,7184174154,PRESIDENT,333600000X,tier_1_primary_pharmacy,Y,Y,
1174805865,HEALTHY LIFE PHARMACY INC,65 MOTT ST,,NEW YORK,NY,100134837,2122850977,PRESIDENT,3336C0003X,tier_1_primary_pharmacy,Y,Y,
1548543283,U PLUS PHARMACY INC,4223 162ND ST,1 FLOOR,FLUSHING,NY,113584126,7188861121,SUPERVISING PHARMACIST,333600000X,tier_1_primary_pharmacy,Y,Y,
1710260195,TERESA PHARMACY INC.,582 ROCKAWAY AVE,,BROOKLYN,NY,112125625,7183423446,PRESIDENT,3336C0003X,tier_1_primary_pharmacy,Y,Y,
1659654630,ARX ACCURATE RX SPECIALTY PHARMACY CORP,8548 118TH ST,,KEW GARDENS,NY,114152908,7184415474,PHARMACIST IN CHARGE,333600000X|3336C0004X|3336C0003X,tier_1_primary_pharmacy,Y,Y,
1770866550,EXCELLENT PHARMACY SOLUTIONS INC,801 CHURCH AVE,,BROOKLYN,NY,112183307,7184382565,OWNER,3336C0004X|3336S0011X|3336M0003X|333600000X|3336C0003X,tier_1_primary_pharmacy,Y,Y,
1831473610,HARINAM RX INC,313 S WILLIAM ST,,NEWBURGH,NY,125505387,8455694100,PRESIDENT,333600000X,tier_1_primary_pharmacy,Y,Y,
1225311020,HYATT PHARMACY INC,2321 30TH AVE,,ASTORIA,NY,111024183,3478087726,RPH/ CEO,333600000X|3336C0003X,tier_1_primary_pharmacy,Y,Y,
1003190844,METROCARE RX INC,59 E BROADWAY,,NEW YORK,NY,100026804,2126088889,SUPERVISING PHARMACIST,333600000X|3336C0003X,tier_1_primary_pharmacy,Y,Y,
1730463340,ALDERTON PHARMACY LLC,9110 63RD DR,,REGO PARK,NY,113743850,7188968500,MEMBER,333600000X|3336C0003X,tier_1_primary_pharmacy,Y,Y,
1679857155,ABACUS PHARMACY INC,168 2ND AVE,,NEW YORK,NY,100035754,2124776400,R.PH.,333600000X|3336C0003X,tier_1_primary_pharmacy,Y,Y,
1336423763,H PLAZA PHARMACY INC,253-34 NORTHERN BLVD.,,LITTLE NECK,NY,113621414,5164415400,PRESIDENT,333600000X|3336C0004X|3336C0003X,tier_1_primary_pharmacy,Y,Y,
1881978005,BENGAL PHARMACY INC,8781 PARSONS BLVD,,JAMAICA,NY,114323839,7182910740,PHARMACIST,3336C0003X,tier_1_primary_pharmacy,Y,Y,
1154605269,POUGHKEEPSIE PHARMACY INC,724 MAIN ST,,POUGHKEEPSIE,NY,126031820,8454733784,PRESIDENT,3336C0003X,tier_1_primary_pharmacy,Y,Y,
1346524477,BEST PHARMACY INC,2002 2ND AVE,STORE 1,NEW YORK,NY,100295445,2124104410,SUPERVISING PHARMACIST,3336C0003X,tier_1_primary_pharmacy,Y,Y,
1851675714,JERICHO PHARMACY CORP,340 JERICHO TPKE,,SYOSSET,NY,117914507,5168640020,PRESIDENT,3336C0003X,tier_1_primary_pharmacy,Y,Y,
1093099038,"HUDSON VIEW PHARMACY, INC.",147 LAKE ST,STE 101,NEWBURGH,NY,125505264,8455614370,SUPERVISING PHARMACIST,3336C0003X,tier_1_primary_pharmacy,Y,Y,
1184909855,SSS PHARMACY INC,66 NAGLE AVE,,NEW YORK,NY,100401406,2123043949,PRESIDENT,3336C0003X|3336L0003X|333600000X,tier_1_primary_pharmacy,Y,Y,
1487939880,APPLE VALLEY PHARMACY INC,8 WEST ST,,WARWICK,NY,109901402,8459885805,PRESIDENT,333600000X|3336C0003X,tier_1_primary_pharmacy,Y,Y,
1750667598,ARDENT PHARMACY INC,987-989 ALLERTON AVE,,BRONX,NY,104694336,7184059111,PRESIDENT/OWNER,333600000X,tier_1_primary_pharmacy,Y,Y,
1356627780,ZOURA PHARMACY INC,464 AVENUE U,,BROOKLYN,NY,112234011,7186766445,PRESIDENT,3336C0003X,tier_1_primary_pharmacy,Y,Y,
1689951717,METROHEALTH PHARMACY LLC,5543 MYRTLE AVE,,RIDGEWOOD,NY,113853503,3478897086,MEMBER/MANAGER,333600000X|3336C0004X|3336C0003X,tier_1_primary_pharmacy,Y,Y,
1295012342,OWEGO PHARMACY INC,1135 STATE ROUTE 17C,,OWEGO,NY,138274823,6076878779,PRESIDENT,3336C0003X,tier_1_primary_pharmacy,Y,Y,
1679850689,PRESTIGE CARE PHARMACY INC,1190 GRAVESEND NECK RD,,BROOKLYN,NY,112294208,7186766691,PRESIDENT,333600000X|3336C0003X,tier_1_primary_pharmacy,Y,Y,
1053698951,WEST 142ND STREET PHARMACY CORP,3471 BROADWAY,,NEW YORK,NY,100315628,2122348400,MANAGER,3336C0003X,tier_1_primary_pharmacy,Y,Y,
1407133218,ADDISON'S APOTHECARY INC.,131 EAST GREEN STREET,SUITE 2,ITHACA,NY,148505661,6078829500,CO-OWNER,3336C0003X,tier_1_primary_pharmacy,Y,Y,
1801173372,BEAR PHARMACY,13516 NORTHERN BLVD,,FLUSHING,NY,113544007,5168406215,PRESIDENT / CEO,333600000X,tier_1_primary_pharmacy,Y,Y,
1528345824,YG PHARMACY CORP,8612 37TH AVE,,JACKSON HEIGHTS,NY,113727533,7188033888,PRESIDENT,3336C0003X,tier_1_primary_pharmacy,Y,Y,
1144507385,BGH RX INC,1155 A BLAKE AVE,,BROOKLYN,NY,11208,7189641000,PRESIDENT,3336C0003X,tier_1_primary_pharmacy,Y,Y,
1114294337,GERAD PHARMACY INC,903 GERARD AVE,,BRONX,NY,104529405,7182932285,PRESIDENT,333600000X,tier_1_primary_pharmacy,Y,Y,
1962779074,PAPAS PHARMACY,3979 LACONIA AVE,,BRONX,NY,104664916,3479479500,PHARMACIST IN CHARGE,333600000X|3336C0003X,tier_1_primary_pharmacy,Y,Y,
1194092866,NATIONAL PHARMACY CORP.,4015 NATIONAL ST,,CORONA,NY,113682320,7187799080,PRESIDENT,3336C0003X,tier_1_primary_pharmacy,Y,Y,
1437426715,KMS PHARMACY INC,4902 QUEENS BLVD,,WOODSIDE,NY,113774444,7182050550,PRESIDENT,3336C0003X,tier_1_primary_pharmacy,Y,Y,
1043588387,OZONE PHARMACY INC,10210 101ST AVE,,OZONE PARK,NY,114162622,7188054300,V. PRESIDENT,3336C0003X,tier_1_primary_pharmacy,Y,Y,
1447527775,ASCAN PHARMACY INC.,11215 72ND ROAD,LL5,FOREST HILLS,NY,113756647,7187936747,PRESIDENT,3336C0003X,tier_1_primary_pharmacy,Y,Y,
1891063012,KELLY'S PHARMACY INC.,4852 STATE ROUTE 81,,GREENVILLE,NY,12083,5189664800,PRESIDENT,333600000X|3336C0003X,tier_1_primary_pharmacy,Y,Y,
1851669899,YASHAL PHARMACY INC,629 SUTTER AVE,,BROOKLYN,NY,112074117,7184988898,PRESIDENT,3336C0003X,tier_1_primary_pharmacy,Y,Y,
1932477973,NAZAHA PHARMACY INC,291 PENNSYLVANIA AVE,,BROOKLYN,NY,112074198,7183469512,OWNER,3336C0003X,tier_1_primary_pharmacy,Y,Y,
1114295912,CHINATOWN PHARMACY CORP.,111 MOTT STREET,,NEW YORK,NY,10013,6465292084,PRESIDENT,333600000X,tier_1_primary_pharmacy,Y,Y,
1659649192,HEALTH CARE PHARMACY LLC,1437 FLATBUSH AVE,,BROOKLYN,NY,112102330,7166766731,OWNER,333600000X|3336C0003X,tier_1_primary_pharmacy,Y,Y,
1033487525,CARE-RX PHARMACY INC,8011 18TH AVE,,BROOKLYN,NY,112141705,7183312668,DR.,333600000X,tier_1_primary_pharmacy,Y,Y,
1629347414,REVIVAL PHARMACY LLC,5369 KINGS HWY,,BROOKLYN,NY,112036704,7182982222,COO,333600000X|3336C0003X|3336L0003X,tier_1_primary_pharmacy,Y,Y,
1467721274,VBVS PHARMACY INC,1200 1ST AVE,,NEW YORK,NY,100657100,2127346998,SUPERVISING PHARMACIST/ SECRETARY,3336C0003X,tier_1_primary_pharmacy,Y,Y,
1265701957,SANTA ISABEL PHARMACY INC,145 SHERMAN AVE,,NEW YORK,NY,100344604,2125671444,PRESIDENT,3336C0003X,tier_1_primary_pharmacy,Y,Y,
1437428034,RELION PHARMACY INC,1607 WILLIAMSBRIDGE RD,,BRONX,NY,104616201,3476913922,PRESIDENT,333600000X|3336C0003X,tier_1_primary_pharmacy,Y,Y,
1740559277,G.A.C. PHARMACY CORP,1032 1ST AVE,,NEW YORK,NY,100222902,2127554244,PRESIDENT,3336C0003X,tier_1_primary_pharmacy,Y,Y,
1235409244,JSM PHARMACY INC,953 SOUTHERN BLVD,,BRONX,NY,104593428,3475775060,PRESIDENT,3336C0003X,tier_1_primary_pharmacy,Y,Y,
1730450131,WOODCREST PHARMACY INC.,59 W 167TH ST,,BRONX,NY,104523509,7182937320,OWNER,333600000X|3336C0003X,tier_1_primary_pharmacy,Y,Y,
1477824613,RX & BEYOND INC.,4269 MAIN ST,,FLUSHING,NY,113554721,7183530060,VICE PRESIDENT,333600000X|3336C0003X,tier_1_primary_pharmacy,Y,Y,
1891066098,LC PHARMACY INC,75 E BROADWAY,SOUTH BUILDING,NEW YORK,NY,100026007,2125131177,PRESIDENT,333600000X|3336C0003X,tier_1_primary_pharmacy,Y,Y,
1962773051,"YMD PHARMACY, INC.",519 UTICA AVE,STORE # 3,BROOKLYN,NY,112031916,7182216814,MANAGER - OWNER,333600000X|3336C0003X,tier_1_primary_pharmacy,Y,Y,
1124399167,HEALTH RITE PHARMACY INC,1988 AMSTERDAM AVE,,NEW YORK,NY,100325141,2127818888,SUPERVISING PHARMACIST/OWNER,333600000X|3336C0003X|3336C0004X|3336S0011X,tier_1_primary_pharmacy,Y,Y,
1922379809,BELLE MEAD PHARMACY INC,196 N BELLE MEAD RD STE 8,UNIT 8,EAST SETAUKET,NY,117333477,6314440784,PRESIDENT,3336C0004X|333600000X|3336C0003X,tier_1_primary_pharmacy,Y,Y,
1700157484,ARCHI-MED PHARMACY INC.,6 BAY 50TH ST,,BROOKLYN,NY,112146917,7183331215,SUPERVISING PHARMACIST,3336C0003X,tier_1_primary_pharmacy,Y,Y,
1679845267,NEW FLUSHING PHARMACY INCORPORATED,4207 KISSENA BLVD,,FLUSHING,NY,113553275,3473686681,PRESIDENT,3336C0003X,tier_1_primary_pharmacy,Y,Y,
1669744165,FEEL GOOD PHARMACY INC,3058 3RD AVE,,BRONX,NY,104514605,3479189000,PRESIDENT,333600000X|3336C0003X,tier_1_primary_pharmacy,Y,Y,
1184996324,BOSTON ROAD PHARMACY CORP.,3444 BOSTON RD,,BRONX,NY,104692512,7185154088,OWNER,333600000X|3336C0003X,tier_1_primary_pharmacy,Y,Y,
1851663876,NEWFANE PHARMACY INC.,2780 MAIN ST,,NEWFANE,NY,141081237,7167780600,OWNER,333600000X|3336C0003X,tier_1_primary_pharmacy,Y,Y,
1518230309,THRIFT PHARMACY LLC,1621 CHURCH AVE,,BROOKLYN,NY,112262615,7182824600,PRESIDENT,3336C0003X,tier_1_primary_pharmacy,Y,Y,
1306119045,596 MORRIS AVENUE PHARMACY INC,596 MORRIS AVE,,BRONX,NY,104514744,7184018800,PRESIDENT,3336C0003X,tier_1_primary_pharmacy,Y,Y,
1407129141,WORLD RX INC,16306 HILLSIDE AVE,,JAMAICA,NY,114324078,3474549032,PRESIDENT,3336C0003X,tier_1_primary_pharmacy,Y,Y,
1659644557,PAYLESS RX PHARMACY. INC,567 WEST 207TH ST,PAYLESS RX PHARMACY. INC.,NEW YORK,NY,10034,2125440020,PRESIDENT,333600000X|3336C0003X,tier_1_primary_pharmacy,Y,Y,
1780958553,YOUR LOCAL PHARMACY LLC,780 JOSEPH AVE,,ROCHESTER,NY,146214735,5852661100,PRESIDENT,333600000X|3336C0003X,tier_1_primary_pharmacy,Y,Y,
1215201090,KNAPP NUTRITIONAL & PHARMACY INC,9525 CHURCH AVE,,BROOKLYN,NY,112122433,7185136178,PRESIDENT/CEO,333600000X|3336C0003X,tier_1_primary_pharmacy,Y,Y,
1851665954,HAVEMEYER PHARMACY INC,259 S 2ND ST,,BROOKLYN,NY,112118699,7185995991,PHARMACIST,3336S0011X|3336M0003X|3336M0002X|3336C0004X|3336H0001X|333600000X|3336L0003X|3336C0003X,tier_1_primary_pharmacy,Y,Y,
1770858680,TRIBORO PHARMACY,3720 DITMARS BLVD,,ASTORIA,NY,111051841,7187777033,OWNER/SUPERVISING PHARMACIST,333600000X|3336C0003X,tier_1_primary_pharmacy,Y,Y,
1831464684,PARK PHARMACY OF HAMMONDSPORT,27 SHETHAR ST,,HAMMONDSPORT,NY,148409380,6075692800,MEMBER,333600000X|3336C0003X,tier_1_primary_pharmacy,Y,Y,
1013282722,32-24 DRUG CORP,3284 STEINWAY ST,,ASTORIA,NY,111034006,7182047867,PRESIDENT,3336S0011X|3336C0003X,tier_1_primary_pharmacy,Y,Y,
1659646966,MEERAJ PHARMACY INC.,11517 LIBERTY AVE,,RICHMOND HILL,NY,114191901,7186414400,SUPERVISING PHARMACIST,333600000X,tier_1_primary_pharmacy,Y,Y,
1376818443,F & N PHARMACY INC,2309 WESTCHESTER AVE,,BRONX,NY,104625073,7186842567,PRESIDENT,333600000X|3336C0003X,tier_1_primary_pharmacy,Y,Y,
1861768558,MILL BASIN PHARMACY INC,5829 AVENUE T,,BROOKLYN,NY,112344111,7186766675,PRESIDENT,333600000X|3336C0003X,tier_1_primary_pharmacy,Y,Y,
1164798930,UTICA RX INC,374 UTICA AVE,,BROOKLYN,NY,112135551,7187788750,PRESIDENT/OWNER,333600000X|3336L0003X|3336C0003X,tier_1_primary_pharmacy,Y,Y,
1801162375,EVERS RX INC,226 E 144TH ST FL 2,,BRONX,NY,104515909,7182920900,VICE PRESIDENT,3336C0002X|3336C0004X|3336S0011X|333600000X|3336C0003X,tier_1_primary_pharmacy,Y,Y,
1063788487,AL-MAMOOR PHARMACY INC.,169-18 HILLSIDE AVE,,JAMAICA,NY,11432,7183743406,PRESIDENT,3336C0003X,tier_1_primary_pharmacy,Y,Y,
1669748836,NEW YORK HEALTHFIRST PHARMACY INC.,2021 1ST AVE,,NEW YORK,NY,100295093,2129870700,MANAGER,3336C0003X,tier_1_primary_pharmacy,Y,Y,
1730445917,RND PHARMACY INC.,52 W BURNSIDE AVE,,BRONX,NY,104534018,3478207989,PRESIDENT,3336C0003X,tier_1_primary_pharmacy,Y,Y,
1144586066,QUINLANS PHARMACY INC,336 WEST MAIN STREET,,MONTOUR FALLS,NY,14865,6072104262,OWNER,333600000X|3336C0003X,tier_1_primary_pharmacy,Y,Y,
1356607063,L & V PHARMACY INC,99 NASSAU ST # 111,,NEW YORK,NY,100382703,2129624900,SUPERVISING PHARMACIST,333600000X|3336C0003X,tier_1_primary_pharmacy,Y,Y,
1295091627,FULTON MALL PHARMACY INC,540 FULTON ST,,BROOKLYN,NY,112015308,7188557979,PRESIDENT/SUPERVISING RPH,3336C0003X,tier_1_primary_pharmacy,Y,Y,
1114283512,DHAKA PHARMACY INC,4026 75TH ST,,ELMHURST,NY,113731012,7184264727,SUPERVISING PHARMACIST,333600000X|3336C0003X,tier_1_primary_pharmacy,Y,Y,
1043576598,A & P PHARMACY CORP,11709 JAMAICA AVE,,RICHMOND HILL,NY,114182435,7188801008,PRESIDENT,333600000X|3336C0003X,tier_1_primary_pharmacy,Y,Y,
1851657134,A AND B PHARMACY INC,1348 CONEY ISLAND AVE,,BROOKLYN,NY,112304120,7185136644,PHARMACIST,3336C0003X,tier_1_primary_pharmacy,Y,Y,
1861759789,SKYLINE PHARMACY INC.,2123 2ND AVE,1ST FLOOR,NEW YORK,NY,100293232,2129965929,PRESIDENT,3336C0003X,tier_1_primary_pharmacy,Y,Y,
1730446485,POLKOR PHARMACY INC,831 MANHATTAN AVE,,BROOKLYN,NY,112222507,7183890389,PHARMACIST,333600000X|3336C0003X,tier_1_primary_pharmacy,Y,Y,
1003174392,WONDER PHARMACY CORP.,1665 RALPH AVE,,BROOKLYN,NY,112363317,7182093434,PRESIDENT,3336C0003X,tier_1_primary_pharmacy,Y,Y,
1184982175,MANHATTAN CHINATOWN PHARMACY INC,156 CANAL ST,,NEW YORK,NY,100134501,2122332833,PRESIDENT,3336C0003X,tier_1_primary_pharmacy,Y,Y,
1699033670,PHARMACY 4U,1919A AVENUE U,,BROOKLYN,NY,112293905,7186769770,PRESIDENT,3336S0011X|333600000X|3336C0003X,tier_1_primary_pharmacy,Y,Y,
1356609143,NEW DORP PHARMACY CORP,62 NEW DORP PLZ,,STATEN ISLAND,NY,103062920,7186676668,PRESIDENT,3336C0003X,tier_1_primary_pharmacy,Y,Y,
1811255789,"LENOX SUPER PHARMACY, INC.",685 LENOX AVE,,NEW YORK,NY,100371013,2122816200,PRESIDENT,333600000X,tier_1_primary_pharmacy,Y,Y,
1861750523,80TH STREET PHARMACY INC,8014 18TH AVE,,BROOKLYN,NY,112141706,7182362747,PRESIDENT,3336C0004X|333600000X|3336C0003X,tier_1_primary_pharmacy,Y,Y,
1235497801,MONROE AVENUE PHARMACY INC,2 SOUTH MAIN ST,,RUSHVILLE,NY,14544,5855544001,SUPERVISING R.PH.,3336C0003X,tier_1_primary_pharmacy,Y,Y,
1073872396,NORTH STREET PHARMACY INC,200 NORTH ST,ST 103,GENEVA,NY,144561561,3157875388,OWNER,333600000X|3336C0003X,tier_1_primary_pharmacy,Y,Y,
1205195526,ZHUHA PHARMACY INC,278 BRIGHTON BEACH AVE,,BROOKLYN,NY,112357411,7186480002,PRESIDENT,3336C0003X,tier_1_primary_pharmacy,Y,Y,
1588923742,WOLCOTT PHARMACY LLC,12042 E MAIN ST,,WOLCOTT,NY,145901022,3155942222,OWNER,333600000X|3336C0003X,tier_1_primary_pharmacy,Y,Y,
1831458702,CROTONA PHARMACY CORP,1384 BOSTON RD,,BRONX,NY,104562541,9176881102,OFFICER,3336C0004X|333600000X|3336C0003X,tier_1_primary_pharmacy,Y,Y,
1407115249,LENOX DRUG CORP,523 LENOX AVE,,NEW YORK,NY,100371808,2122817408,PRESIDENT,333600000X|3336C0003X,tier_1_primary_pharmacy,Y,Y,
1144580705,DIRECT RX PHARMACY INC,10205 JAMAICA AVE,,RICHMOND HILL,NY,114182006,7184414693,PRESIDENT,3336C0003X|3336C0004X|3336S0011X|333600000X,tier_1_primary_pharmacy,Y,Y,
1023378528,UPPER MANHATTAN PHARMACY,1728 AMSTERDAM AVE,,NEW YORK,NY,100314604,2126946666,PHARMACIST,333600000X,tier_1_primary_pharmacy,Y,Y,
1821358292,CLARKSTOWN PHARMACY II LLC,174 S MAIN ST,,NEW CITY,NY,109563380,8456346100,PRESIDENT,333600000X|3336C0003X,tier_1_primary_pharmacy,Y,Y,
1619237096,MY RX INC,16303 HORACE HARDING EXPY,,FLUSHING,NY,113651454,3475423391,PRESIDENT,3336C0003X|3336C0002X|333600000X|3336S0011X,tier_1_primary_pharmacy,Y,Y,
1093075327,A & J PHARMACY AND SURGICAL SUPPLIES INC,13108 LIBERTY AVE,,SOUTH RICHMOND HILL,NY,114193124,7183233700,OWNER,333600000X|3336C0003X,tier_1_primary_pharmacy,Y,Y,
1093075236,LIBERTY PHARMACY INC.,12402A LIBERTY AVE,,SOUTH RICHMOND HILL,NY,114192232,7187381500,PRESIDENT,333600000X,tier_1_primary_pharmacy,Y,Y,
1871854406,HJK PHARMACY INC,1831 GRAND CONCOURSE FRNT B,,BRONX,NY,104536324,7184661000,PRESIDENT,3336C0003X,tier_1_primary_pharmacy,Y,Y,
1093076663,APTEKA RX INC,1743 AMSTERDAM AVE,,NEW YORK,NY,100314614,2122347400,SUPERVISING PHARMACIST/MANAGER,3336C0003X,tier_1_primary_pharmacy,Y,Y,
1265793467,S&I RIGHT CHOICE PHARMACY INC,330 E 204TH ST,,BRONX,NY,104674706,7188450042,SUPERVISING PHARMACIST,333600000X,tier_1_primary_pharmacy,Y,Y,
1760743959,SUCCESSFUL PHARMACY INC,1301 AVENUE U,,BROOKLYN,NY,112293305,7186761516,OWNER,333600000X|3336C0003X,tier_1_primary_pharmacy,Y,Y,
1811258031,HARRY'S PHARMACY & SURGICALS INC,333 S BROADWAY,,HICKSVILLE,NY,118015062,5169333322,SUPERVISING PHARMACIST,333600000X|3336C0003X,tier_1_primary_pharmacy,Y,Y,
1023379286,MARIN PHARMACY LLC,1570-4 ST. NICHOLAS AVE,,NEW YORK,NY,100404351,2127951795,MANAGING MEMBER,3336C0003X,tier_1_primary_pharmacy,Y,Y,
1932462033,QUICK SUCCESS PHARMACY INC,1610 AVENUE U,,BROOKLYN,NY,112293810,7183767600,OWNER,333600000X|3336C0003X,tier_1_primary_pharmacy,Y,Y,
1932462009,SHIZO DRUG CORP,311 SAINT NICHOLAS AVE,,RIDGEWOOD,NY,113852296,7183662268,SUPERVISING PHARMACIST,333600000X|3336C0003X,tier_1_primary_pharmacy,Y,Y,
1912260993,TOTAL PHARMACY INC,3716 3RD AVE,,BRONX,NY,104562103,7189921204,PRESIDENT,333600000X,tier_1_primary_pharmacy,Y,Y,
1669735635,SHLOMO PHARMACY INC,2092 CONEY ISLAND AVE,,BROOKLYN,NY,112232308,7189989100,PRESIDENT,333600000X,tier_1_primary_pharmacy,Y,Y,
1568726545,ABIGAIL'S PHARMACY CORP.,9717 KINGS HWY,,BROOKLYN,NY,112123312,7185669700,PRESIDENT,3336C0003X,tier_1_primary_pharmacy,Y,Y,
1063775096,ZAMZAM PHARMACY INC,524 MORRIS AVE,,BRONX,NY,104515536,7184016799,"OWNER, PRESIDENT, AO",333600000X|3336C0003X,tier_1_primary_pharmacy,Y,Y,
1427312214,"HEALTH CARE PHARMACY OF NY, INC",6061 MYRTLE AVE,,RIDGEWOOD,NY,113855908,7184174154,CEO,3336C0003X|3336C0004X|3336S0011X|333600000X,tier_1_primary_pharmacy,Y,Y,
1386909216,APNA PHARMACY INC,7106 37TH AVE,,JACKSON HEIGHTS,NY,113723938,7187794694,PRESIDENT,333600000X|3336C0003X,tier_1_primary_pharmacy,Y,Y,
1598020729,JANNAT PHARMACY INC,7203 35TH AVE,,JACKSON HEIGHTS,NY,113724005,7187324288,PHARMACIST,333600000X|3336C0003X,tier_1_primary_pharmacy,Y,Y,
1487909123,REDDY'S PHARMACY INC,126-13 MERRICK BLVD,,JAMAICA,NY,11434,7185280505,PRESIDENT,3336C0003X,tier_1_primary_pharmacy,Y,Y,
1205181609,NEW ISLAND PHARMACY INC,1912 DEER PARK AVE,,DEER PARK,NY,117293332,6313924800,SUPERVISING PHARMACIST,3336C0003X,tier_1_primary_pharmacy,Y,Y,
1699021956,JAMAICA PHARMACY GROUP LLC,17217 JAMAICA AVE,,JAMAICA,NY,114325562,7185235800,OWNER,3336C0003X,tier_1_primary_pharmacy,Y,Y,
1700132016,RSC DRUG CORP,5904 KISSENA BLVD,,FLUSHING,NY,113555546,7184638018,PRESIDENT,3336C0003X,tier_1_primary_pharmacy,Y,Y,
1912253956,MINEOLA FAMILY PHARMACY INC.,182 2ND ST,,MINEOLA,NY,115014021,5164275573,OWNER/PHARMACIST,3336C0003X,tier_1_primary_pharmacy,Y,Y,
1669728036,SAI APTEKA PHARMACY INC,151 NASSAU AVE,,BROOKLYN,NY,112224023,7183498989,PRESIDENT,333600000X|3336C0003X,tier_1_primary_pharmacy,Y,Y,
1376890624,"ALPHA PHARMACY, INC.",8342 PARSONS BLVD,,JAMAICA,NY,114321642,7186589300,PRESIDENT,3336C0003X,tier_1_primary_pharmacy,Y,Y,
1144577289,GOOD LIFE PHARMACY INC,2366 GRAND CONCOURSE,,BRONX,NY,104586908,7186187099,PRESIDENT,3336C0003X,tier_1_primary_pharmacy,Y,Y,
1346597192,LIVING WELL PHARMACY INC,3555 VICTORY BLVD,,STATEN ISLAND,NY,103146764,7184775483,SUPERVISING PHARMACIST,333600000X|3336C0003X,tier_1_primary_pharmacy,Y,Y,
1497002935,EMA PHARMACY CORP,380 KNICKERBOCKER AVE,,BROOKLYN,NY,112373702,7186769976,PRESIDENT,3336C0004X|3336S0011X|333600000X|3336C0003X,tier_1_primary_pharmacy,Y,Y,
1376891176,RAYS PHARMACY INC,423 E 138TH ST,GROUND FL,BRONX,NY,104543041,7185851071,PRESIDENT,333600000X|3336C0003X,tier_1_primary_pharmacy,Y,Y,
1669721239,MEDFORD COMPOUNDING & SPECIALTY PHARMACY LLC,2612 ROUTE 112,,MEDFORD,NY,117632522,6316931403,VPF,333600000X|3336C0004X,tier_1_primary_pharmacy,Y,Y,
1316296726,SAMS PHARMACY LLC,397 SARATOGA AVE,,BROOKLYN,NY,112337076,7186760697,PRESIDENT,3336C0003X,tier_1_primary_pharmacy,Y,Y,
1013266519,BROOKLYN STAR PHARMACY INC.,5407 2ND AVENUE,,BROOKLYN,NY,11220,7184929800,PRESIDENT,3336C0003X,tier_1_primary_pharmacy,Y,Y,
1760731525,VLSG PHARMACY INC,4013 5TH AVE,,BROOKLYN,NY,112322962,7326135806,PRESIDENT,3336C0003X,tier_1_primary_pharmacy,Y,Y,
1144579053,CINGULAR PHARMACY INC,2313 MERMAID AVE,,BROOKLYN,NY,112242418,7182592700,PRESIDENT,333600000X,tier_1_primary_pharmacy,Y,Y,
1255680104,VVSB PHARMACY INC,231 ASHBURTON AVE,,YONKERS,NY,107013227,9149653049,PHARMACY MANAGER,333600000X,tier_1_primary_pharmacy,Y,Y,
1265781041,LADA PHARMACY INC.,3 E 115TH ST,,NEW YORK,NY,100291088,2127220000,PRESIDENT,3336C0003X,tier_1_primary_pharmacy,Y,Y,
1245580992,"41 AVENUE PHARMACY, LLC",13633 37TH AVE UNIT 1A,,FLUSHING,NY,113544110,7183538600,PRESIDENT,3336C0003X,tier_1_primary_pharmacy,Y,Y,
1427308188,FISHKILL PHARMACY LLC,1004 MAIN ST,BUILDING 554,FISHKILL,NY,125243509,8458970636,MEMBER,333600000X|3336C0003X,tier_1_primary_pharmacy,Y,Y,
1639429046,PRIME CARE DRUG & SURGICALS CORP,2066 FLATBUSH AVE,,BROOKLYN,NY,112344314,7185136644,CHIEF FINANCIAL OFFICER,333600000X|3336C0003X,tier_1_primary_pharmacy,Y,Y,
1780934158,A ONE PHARMACY INC,6009 8TH AVE,,BROOKLYN,NY,11220,7184383999,PHARMACIST,3336C0003X,tier_1_primary_pharmacy,Y,Y,
1891045126,PHARMACHOICE PHARMACY INC,2578 STEINWAY ST,,ASTORIA,NY,111033774,3477386443,OWNER,333600000X|3336C0003X,tier_1_primary_pharmacy,Y,Y,
1952651002,HMB II PHARMACY MANAGEMENT LLC,462 GRIDER ST,DRIVEWAY 1,BUFFALO,NY,142153021,7168931428,RPH,3336C0003X,tier_1_primary_pharmacy,Y,Y,
1437400223,WOODHAVEN PHARMACY INC.,6220 WOODHAVEN BLVD,,REGO PARK,NY,113742745,7184784600,PRESIDENT,333600000X,tier_1_primary_pharmacy,Y,Y,
1982955613,LUCKY CARE PHARMACY INC.,3720 PRINCE ST # 1A,,FLUSHING,NY,113544429,7183587000,PRESIDENT,3336C0003X,tier_1_primary_pharmacy,Y,Y,
1174874796,JUNCTION PHARMACY LLC,9508 35TH AVE,,JACKSON HEIGHTS,NY,113728546,2014070208,PRESIDENT,333600000X,tier_1_primary_pharmacy,Y,Y,
1225389828,FRIENDLY RX INC,651 CONEY ISLAND AVE # C,,BROOKLYN,NY,112184306,7187323399,PRESIDENT,3336C0003X,tier_1_primary_pharmacy,Y,Y,
1477804953,39TH STREET PHARMACY INC.,3902 16TH AVE,,BROOKLYN,NY,112185500,7185523223,PRESIDENT,3336C0003X,tier_1_primary_pharmacy,Y,Y,
1730430018,GRAND STATION PHARMACY INC,8601 JUSTICE AVE,,ELMHURST,NY,113734555,7182716180,PHARMACIST,3336C0003X,tier_1_primary_pharmacy,Y,Y,
1417208737,ALMEERA PHARMACY INC,6545 99TH ST,,REGO PARK,NY,113744347,7182755838,PRESIDENT,3336C0003X,tier_1_primary_pharmacy,Y,Y,
1902157019,EAST HARLEM PHARMACY CORP,2095 MADISON AVE,,NEW YORK,NY,100373449,2124912501,PHARMACIST,333600000X|3336C0003X,tier_1_primary_pharmacy,Y,Y,
1912258807,"VICTORY FAMILY PHARMACY, LLC",1975 VICTORY BLVD STE A,,STATEN ISLAND,NY,103143536,7184480400,PHARMACIST / MANAGING MEMBER,3336C0003X,tier_1_primary_pharmacy,Y,Y,
1750633509,MEDPRO PHARMACY,2769 CONEY ISLAND AVE,,BROOKLYN,NY,112355061,7186761560,PRESIDENT,3336C0003X,tier_1_primary_pharmacy,Y,Y,
1326390154,WHITMAN PHARMACY LLC,329A MYRTLE AVE,,BROOKLYN,NY,112053201,9178150802,MANAGER,333600000X,tier_1_primary_pharmacy,Y,Y,
1669724092,DRUGTOWN PHARMACY INC.,10121 METROPOLITAN AVE,,FOREST HILLS,NY,113756647,7187936747,SHAREHOLDER,3336C0003X,tier_1_primary_pharmacy,Y,Y,
1992057939,"79TH STREET PHARMACY, INC.",215 W 79TH ST,,NEW YORK,NY,100246242,6463705978,PRESIDENT,333600000X|3336C0003X,tier_1_primary_pharmacy,Y,Y,
1407108541,KCAID PHARMACY INC,1771 BROADWAY,,BROOKLYN,NY,11207,7188727717,MANAGER,3336C0003X,tier_1_primary_pharmacy,Y,Y,
1376896399,IDEAL CARE PHARMACY INC,811 AVENUE U,,BROOKLYN,NY,112234176,7183821990,PRESIDENT,3336C0003X,tier_1_primary_pharmacy,Y,Y,
1639422447,CHELSEA PHARMACY INC,171 7TH AVE,,NEW YORK,NY,10011,2122559900,"PIC, AO",333600000X|3336C0003X,tier_1_primary_pharmacy,Y,Y,
1033462429,FAIRFIELD PHARMACY INC,953 PENNSYLVANIA AVE,,BROOKLYN,NY,112078416,7183959400,SUPERVISING PHARMACIST,3336C0003X,tier_1_primary_pharmacy,Y,Y,
1942553367,6010 SUPER RX INC,6010A KISSENA BLVD,,FLUSHING,NY,113555548,7184458450,SP PHARMACIST,333600000X,tier_1_primary_pharmacy,Y,Y,
1851644181,ALL RX PHARMACY INC,4022 MAIN ST,,FLUSHING,NY,11354,7184600666,PRESIDENT,333600000X|3336C0003X,tier_1_primary_pharmacy,Y,Y,
1487907697,SRK PHARMACY INC,1227 OGDEN AVE,,BRONX,NY,104523500,7182938777,PRESIDENT,333600000X,tier_1_primary_pharmacy,Y,Y,
1093069114,HOMECREST V&I PHARMACY INC.,1826 GRAVESEND NECK RD,,BROOKLYN,NY,112294511,7188726655,SUPERVISING PHARMACIST,333600000X|3336C0003X,tier_1_primary_pharmacy,Y,Y,
1376897744,"BELLEPLAINE PHARMACY, INC.",2703 FREDERICK DOUGLASS BLVD,,NEW YORK,NY,100301246,2122430300,PRESIDENT,3336C0003X,tier_1_primary_pharmacy,Y,Y,
1760736979,CENTRAL PHARMACY GROUP INC.,23 W FORDHAM RD,,BRONX,NY,104685304,7184503555,PRESIDENT,3336C0003X,tier_1_primary_pharmacy,Y,Y,
1225372055,STERLING PHARMACY INC.,3801 BELL BLVD,,BAYSIDE,NY,113612058,7182247300,"VICE-PRESIDENT, R.PH.",3336C0004X|333600000X|3336C0003X,tier_1_primary_pharmacy,Y,Y,
1790029353,ALAFIA PHARMACY CORP,4704 3RD AVE,,BROOKLYN,NY,112201045,9177368927,PRESIDENT,3336C0003X,tier_1_primary_pharmacy,Y,Y,
1871837203,"HEIDI PHARMACY, INC",522 W 181ST ST,,NEW YORK,NY,100335101,2127403737,PRESIDENT,3336C0003X,tier_1_primary_pharmacy,Y,Y,
1154666444,CUTCHOGUE BARTHS PHARMACY INC,28195 MAIN ROAD,,CUTCHOGUE,NY,11935,6317346796,PRESIDENT/OWNER,333600000X,tier_1_primary_pharmacy,Y,Y,
1184969248,ZIVE Z PHARMACY INC,811 LYDIG AVE,,BRONX,NY,104622105,7188246060,PHARMACIST,333600000X|3336C0003X,tier_1_primary_pharmacy,Y,Y,
1508101692,NOVA PHARMACY INC.,1521 WATSON AVE,,BRONX,NY,104725329,7183287040,PRESIDENT,3336C0003X,tier_1_primary_pharmacy,Y,Y,
1952646994,GLOBAL HEALTH PHARMACY CORP,1424 RICHMOND AVENUE,,STATEN ISLAND,NY,103141527,7183701220,CEO/OWNER,333600000X,tier_1_primary_pharmacy,Y,Y,
1770828550,"HEAL THE WORLD PHARMACY, INC.",16145 BAISLEY BLVD,,JAMAICA,NY,114342900,7182764325,PRESIDENT/SUPERVISING PHARMACIST,3336C0003X,tier_1_primary_pharmacy,Y,Y,
1942545793,RSC DRUG CORP,397 MOTHER GASTON BLVD,,BROOKLYN,NY,112127736,9292345500,PRESIDENT,333600000X,tier_1_primary_pharmacy,Y,Y,
1386989036,SHIVSHAKTI RX LLC.,2200 GRAND CONCOURSE,,BRONX,NY,104572029,7182202748,MEMBER,333600000X|3336C0003X,tier_1_primary_pharmacy,Y,Y,
1093050445,GOTHAM PHARMACY INC,2258 3RD AVE,(CORNER OF E 123RD ST AND 3RD AVE),NEW YORK,NY,100352208,2122897800,PRESIDENT,3336C0003X,tier_1_primary_pharmacy,Y,Y,
1922344795,MYRTLE DRUG CARE CORP,355 MYRTLE AVE,,BROOKLYN,NY,112053216,7188552292,OFFICER,3336C0003X,tier_1_primary_pharmacy,Y,Y,
1982940763,STATEN ISLAND PHARMACY INC.,1807 VICTORY BLVD,,STATEN ISLAND,NY,103143515,7184485200,SUPERVISING PHARMACIST,3336C0003X,tier_1_primary_pharmacy,Y,Y,
1861738601,AL-HAFEEZ PHARMACY INC,9721 57TH AVE,,CORONA,NY,113683540,7186997700,OWNER,333600000X,tier_1_primary_pharmacy,Y,Y,
1821334632,SUPER STAR PHARMACY INC,4173B BOWNE ST,,FLUSHING,NY,113552642,7188880551,PRESIDENT,333600000X|3336C0003X,tier_1_primary_pharmacy,Y,Y,
1093051757,NOLITA DRUG CORPORATION,208 MOTT ST,,NEW YORK,NY,100124102,2122261415,OWNER PHARMACIST,333600000X|3336C0003X,tier_1_primary_pharmacy,Y,Y,
1578800058,NATES PHARMACY CORP.,100 JERICHO TPKE,,FLORAL PARK,NY,110012003,2129959400,PRESIDENT,3336C0003X|3336L0003X,tier_1_primary_pharmacy,Y,Y,
1477890861,GLOBAL PHARMACY INC,1910 SOUTH RD STE B,,POUGHKEEPSIE,NY,126016027,8452972132,SECRETARY,3336H0001X|333600000X|3336C0003X,tier_1_primary_pharmacy,Y,Y,
1609113885,"FULL HEALTHCARE PHARMACY, INC",4624 7TH AVE,,BROOKLYN,NY,112201413,3475991088,PRESIDENT,3336C0003X,tier_1_primary_pharmacy,Y,Y,
1871831479,CASTLE TOPP PHARMACY II CORP,6508 ROOSEVELT AVE,,WOODSIDE,NY,113772928,3474486965,VICE PRES,333600000X,tier_1_primary_pharmacy,Y,Y,
1902144280,QUEENSCARE PHARMACY CORP,8446 JAMAICA AVE,,WOODHAVEN,NY,114211920,7184806597,PRESIDENT,3336C0003X,tier_1_primary_pharmacy,Y,Y,
1114265493,"RML PHARMACY, P.C.",4481 LAKE SHORE RD,,HAMBURG,NY,140752404,7166273060,PRESIDENT/OWNER,333600000X|3336C0003X,tier_1_primary_pharmacy,Y,Y,
1083952154,FAMILY DRUG INC.,8655 BROADWAY,,ELMHURST,NY,113735820,7185058999,PRESIDENT,3336C0003X,tier_1_primary_pharmacy,Y,Y,
1225376098,"WOODMARK PHARMACY OF NEW YORK, LLC",1142 WEHRLE DR,,WILLIAMSVILLE,NY,142217748,7166313381,DIRECTOR,3336C0003X|3336L0003X,tier_1_primary_pharmacy,Y,Y,
1124366885,SUNRISE RX PHARMACY INC,4902 QUEENS BLVD,,WOODSIDE,NY,113774444,7182050550,PRESIDENT,333600000X|3336C0003X,tier_1_primary_pharmacy,Y,Y,
1881934636,"DAHILL PHARMACY, INC",73 CHURCH AVE,,BROOKLYN,NY,112183718,7184848300,SUPERVISING PHARMACIST,3336C0003X,tier_1_primary_pharmacy,Y,Y,
1952641672,SKILLMAN AVENUE PHARMACY CORP,5112 SKILLMAN AVE,,WOODSIDE,NY,113774158,7185655454,OWNER,3336C0003X,tier_1_primary_pharmacy,Y,Y,
1225378771,LIVE GOOD PHARMACY INC,1025 NOSTRAND AVE,,BROOKLYN,NY,112253508,7182219300,VP,3336C0003X,tier_1_primary_pharmacy,Y,Y,
1477893865,NAPLES APOTHECARY INC,129 S MAIN ST,,NAPLES,NY,145120000,5853745040,PRESIDENT,3336L0003X|3336C0003X,tier_1_primary_pharmacy,Y,Y,
1992045314,NORTH STAR PHARMACY INC.,2253 3RD AVE,,NEW YORK,NY,100352206,2124266200,PRESIDENT,3336C0003X,tier_1_primary_pharmacy,Y,Y,
1730429044,SAFE HEALTH PHARMACY CORP.,758 61ST ST STE C,,BROOKLYN,NY,112204212,7186328299,OWNER,3336C0003X,tier_1_primary_pharmacy,Y,Y,
1922348218,184TH ST PHARMACY CORP,69 E 184TH ST,,BRONX,NY,104686501,3477875434,OWNER,3336C0003X,tier_1_primary_pharmacy,Y,Y,
1588904890,"ALITON'S PHARMACY HOME HEALTHCARE CENTERS OF GOSHEN, INC.",70 HATFIELD LANE,,GOSHEN,NY,10924,8458568314,PRESIDENT,333600000X,tier_1_primary_pharmacy,Y,Y,
1053651224,NATURES PHARMACY INC,397 FULTON AVE,,HEMPSTEAD,NY,115504127,5164833000,SP PHARMACIST,3336C0003X,tier_1_primary_pharmacy,Y,Y,
1659611820,NEW WILLIAMSBURG PHARMACY AND WELLNESS CENTER LLC,517 PARK AVE,SUITE 102,BROOKLYN,NY,112051631,7188751505,PRESIDENT,3336C0003X,tier_1_primary_pharmacy,Y,Y,
1417297698,"888 PHARMACY, INC.",4821 8TH. AVENUE,,BROOKLYN,NY,112202213,7188718833,PRESIDENT,333600000X|3336C0003X,tier_1_primary_pharmacy,Y,Y,
1336489301,NAIMA PHARMACY CORP,8210 37TH AVE,,JACKSON HEIGHTS,NY,113727023,7182055001,OWNER/PHARMACIST,3336C0003X,tier_1_primary_pharmacy,Y,Y,
1790025708,OAKS PHARMACY INC,417 RIVERDALE AVE,,YONKERS,NY,107052918,9143273555,OWNER,3336C0003X,tier_1_primary_pharmacy,Y,Y,
1205176211,WURLITZER FAMILY PHARMACY INC.,521 DIVISION ST,,NORTH TONAWANDA,NY,141204403,7162601131,CFO/OWNER,333600000X|3336C0003X,tier_1_primary_pharmacy,Y,Y,
1891035762,TOP VALUE PHARMACY LLC,3811 DYRE AVE,,BRONX,NY,104666112,7183251355,OWNER,333600000X|3336C0003X,tier_1_primary_pharmacy,Y,Y,
1477893386,VIP PHARMACY CORP.,10005 ROOSEVELT AVE,,CORONA,NY,113684880,7188981100,PRESIDENT,333600000X,tier_1_primary_pharmacy,Y,Y,
1720329626,"PARK PLACE PHARMACY, INC",160 PARK PL,,BROOKLYN,NY,112173350,7188574000,OWNER,3336C0003X,tier_1_primary_pharmacy,Y,Y,
1982945630,"WESTCHESTER AVENUE PHARMACY, INC.",3227 WESTCHESTER AVE,,BRONX,NY,104614507,7186845127,OWNER,333600000X,tier_1_primary_pharmacy,Y,Y,
1356682025,1721 CARNEGIE HILL PHARMACY INC,1721 BROADWAY,,NEW YORK,NY,100195214,2122460020,MANAGER,333600000X|3336C0003X,tier_1_primary_pharmacy,Y,Y,
1427399096,CARE MORE PHARMACY LLC,319 RIDGE RD,,LACKAWANNA,NY,142181228,7162358185,SUPERVISING PHARMACIST,333600000X|3336C0003X,tier_1_primary_pharmacy,Y,Y,
1629319108,PLANET PHARMACY LLC,2336 GRAND CONCOURSE,,BRONX,NY,104586903,7182202035,PRESIDENT,333600000X,tier_1_primary_pharmacy,Y,Y,
1669713939,LIVINGSTON MANOR PHARMACY LLC,47 STEWART AVE,,ROSCOE,NY,127765105,6074984111,MEMBER,333600000X|3336C0003X,tier_1_primary_pharmacy,Y,Y,
1285975573,PREMIER HEALTH PHARMACY INC,20-07 127TH STREET,#G33,COLLEGE POINT,NY,11356,7186610872,OWNER,333600000X,tier_1_primary_pharmacy,Y,Y,
1952642258,J&I PHARMACY CORP,288 MAMARONECK AVE,,WHITE PLAINS,NY,106051420,9149978573,PHARMACIST,3336C0003X,tier_1_primary_pharmacy,Y,Y,
1689915902,ARCHER PHARMACY INC,1481 LELAND AVE,,BRONX,NY,104603901,7188235330,OWNER,333600000X|3336C0003X,tier_1_primary_pharmacy,Y,Y,
1992046130,E & E PHARMACY CORP,1392 OGDEN AVE,,BRONX,NY,104522311,7188726060,PHARMACIST,3336C0003X,tier_1_primary_pharmacy,Y,Y,
1356683296,MERCY PHARMACY INC,6413 18TH AVE,,BROOKLYN,NY,112043730,7182561020,PRESIDENT,333600000X|3336C0003X,tier_1_primary_pharmacy,Y,Y,
1205178951,ALLEN STREET PHARMACY INC,2 ALLEN ST,1A/1B,NEW YORK,NY,100025302,2129668287,PRESIDENT,333600000X|3336C0003X,tier_1_primary_pharmacy,Y,Y,
1528300233,"FPR SPECIALTY PHARMACY, LLC",7910 RAE BOULEVARD,SUITE C,VICTOR,NY,14564,5854332000,VICE PRESIDENT,3336C0003X|3336C0004X,tier_1_primary_pharmacy,Y,Y,
1992047567,NATURES FIRST PHARMACY CORP,313 1ST AVE,,NEW YORK,NY,100032913,2122287900,PHARMACIST,333600000X,tier_1_primary_pharmacy,Y,Y,
1205178795,NAPLES DRUG GUILD INC,456 GRAND ST,,BROOKLYN,NY,112116945,3475244536,PRESIDENT,333600000X,tier_1_primary_pharmacy,Y,Y,
1255673745,LAGRANGE PHARMACY INC.,1520 ROUTE 55,UNIT #16,LAGRANGEVILLE,NY,125405236,8454471343,PRESIDENT,333600000X,tier_1_primary_pharmacy,Y,Y,
1235471335,NATURES FIRST PHARMACY CORP.,313 1ST AVE,,NEW YORK,NY,100032913,2122287900,PRESIDENT,3336C0003X,tier_1_primary_pharmacy,Y,Y,
1851634950,PINEBROOK RX INC,1183 JEROME AVE,,BRONX,NY,104523331,7189928182,PRESIDENT,333600000X,tier_1_primary_pharmacy,Y,Y,
1962745059,ANA'S PHARMACY LTD,77 RIVERDALE AVE,,YONKERS,NY,107013645,9143273344,OWNER,3336C0003X,tier_1_primary_pharmacy,Y,Y,
1932442977,"PET RESCUE RX, INC.",13760 INDIAN FALLS RD,,AKRON,NY,140019501,8553077940,PRESIDENT,333600000X,tier_1_primary_pharmacy,Y,Y,
1063755098,MILLBROOK PHARMACY LLC,3272 FRANKLIN AVE,,MILLBROOK,NY,125455975,8456773131,OWNER,333600000X|3336C0003X,tier_1_primary_pharmacy,Y,Y,
1205179991,SMART PHARMACY INC,55 W 39TH ST,,NEW YORK,NY,100183803,2123989999,PRESIDENT,333600000X|3336C0003X,tier_1_primary_pharmacy,Y,Y,
1104169671,CITY RX INC.,9525 QUEENS BLVD,,REGO PARK,NY,113744510,7184594880,PRESIDENT,3336C0003X,tier_1_primary_pharmacy,Y,Y,
1649513003,"FOOKANG PHARMACY , INC.",139 CENTRE STREET,ROOM 201,NEW YORK,NY,100130000,2126258878,PRESIDENT,3336C0003X,tier_1_primary_pharmacy,Y,Y,
1982947420,BK PHARMACY INC,1675 FLATBUSH AVE,,BROOKLYN,NY,112103946,3474624662,PHARMACIST,333600000X,tier_1_primary_pharmacy,Y,Y,
1689917122,PRIME EX PHARMACY INC,7517 JAMAICA AVE,,WOODHAVEN,NY,114211849,7182960202,PRESIDENT,3336C0003X,tier_1_primary_pharmacy,Y,Y,
1184967457,NEIGHBORHOOD RX CORP,10023 QUEENS BLVD,,FOREST HILLS,NY,113752452,7189976700,PRESIDENT,3336C0003X,tier_1_primary_pharmacy,Y,Y,
1053754424,BBRX PHARMACY INC,6013B 7TH AVE,,BROOKLYN,NY,112204104,7184390502,SUPERVISING PHARMACIST,333600000X|3336C0003X,tier_1_primary_pharmacy,Y,Y,
1487097796,MAIN CARE PHARMACY INC,37-14/18 MAIN STREET,,FLUSHING,NY,11354,7188860205,PHARMACIST IN CHARGE,3336C0003X,tier_1_primary_pharmacy,Y,Y,
1457794786,MENSK PHARMACY CORP,518 BRIGHTON BEACH AVE,,BROOKLYN,NY,112356404,7183323708,PRESIDENT,333600000X|3336C0004X|3336C0003X,tier_1_primary_pharmacy,Y,Y,
1497199590,"CRYSTAL PHARMACY,INC.",2950 AVENUE X STE B,,BROOKLYN,NY,112351874,7189425800,SECRETARY,3336C0003X,tier_1_primary_pharmacy,Y,Y,
1730523549,"TRUE NORTH HEALTH PHARMACY, INC",450 LAKEVILLE RD,,NEW HYDE PARK,NY,110421118,8339208486,"SVP, CHIEF EXPENSE OFFICER",3336C0003X|333600000X|3336S0011X,tier_1_primary_pharmacy,Y,Y,
1003250614,HEALTH AID PHARMACY II INC,1781 RICHMOND RD,,STATEN ISLAND,NY,103062524,7186681090,PRESIDENT,333600000X,tier_1_primary_pharmacy,Y,Y,
1619312279,SOS PHARMACY INC,1201 AVENUE Z,,BROOKLYN,NY,112354301,9179334000,PRESIDENT,3336C0003X,tier_1_primary_pharmacy,Y,Y,
1407291040,HK PHARMACY INC.,4146 MAIN ST UNIT A10,,FLUSHING,NY,113553183,7187990660,PRESIDENT,333600000X|3336C0003X,tier_1_primary_pharmacy,Y,Y,
1629414347,MJ88 PHARMACY INC,6136 SPRINGFIELD BLVD,,BAYSIDE,NY,113642336,7188190881,PRESIDENT,3336C0003X,tier_1_primary_pharmacy,Y,Y,
1316384977,MARBLE HILL PHARMACY CORP.,5243 BROADWAY,,BRONX,NY,104637636,7185625200,PRESIDENT,3336C0003X,tier_1_primary_pharmacy,Y,Y,
1023455664,"FLATLANDS PHARMACY, INC.",9002 FLATLANDS AVE,,BROOKLYN,NY,112363616,6463591976,PRESIDENT,3336C0003X,tier_1_primary_pharmacy,Y,Y,
1073950663,EAST NY PHARMACY INC.,1611 E NEW YORK AVE,PHARMACY DEPARTMENT,BROOKLYN,NY,112126860,3473310522,SUPERVISING PHARMACIST,333600000X,tier_1_primary_pharmacy,Y,Y,
1013354364,ROCKWAY COMMUNITY PHARMACY INC,4320 43RD AVE,,SUNNYSIDE,NY,111042212,7189370890,PRESIDENT,3336C0003X,tier_1_primary_pharmacy,Y,Y,
1801233960,YACOB PHARMACY INC,1106 SAINT JOHNS PL,,BROOKLYN,NY,112132699,7182214805,PRESIDENT,3336C0003X,tier_1_primary_pharmacy,Y,Y,
1770920795,MAKKI PHARMACY & SURGICAL INC,22404 LINDEN BLVD,,CAMBRIA HEIGHTS,NY,114111739,3475485250,OWNER,3336C0003X,tier_1_primary_pharmacy,Y,Y,
1821435793,B & T WEST BRIGHTON PHARMACY INC.,702 CASTLETON AVE,,STATEN ISLAND,NY,103101802,7182737200,PRESIDENT,3336C0003X,tier_1_primary_pharmacy,Y,Y,
1508203555,"MEDS DIRECT RX OF NY, LLC",882 3RD AVE,"10TH FLOOR, SUITE 1000",BROOKLYN,NY,112321904,7188879955,OPERATIONS & COMPLIANCE OFFICER,333600000X,tier_1_primary_pharmacy,Y,Y,
1154769552,FASTCARE PHARMACY INC,70 E 184TH ST,,BRONX,NY,104686502,7183292000,PRESIDENT,3336C0003X,tier_1_primary_pharmacy,Y,Y,
1144668559,PALMYRA PHARMACY LLC,214 E MAIN ST,,PALMYRA,NY,145221128,3155020038,PRESIDENT,3336C0003X,tier_1_primary_pharmacy,Y,Y,
1710325121,STANLEY'S PHARMACY,31 LUDLOW ST,,NEW YORK,NY,100026304,6464769622,SUPERVISING PHARMACIST,3336C0003X,tier_1_primary_pharmacy,Y,Y,
1629416045,PRIME RX PHARMACY INC.,7517 JAMAICA AVE,,WOODHAVEN,NY,114211849,7182960202,PRESIDENT,3336C0003X,tier_1_primary_pharmacy,Y,Y,
1285072546,137 PHARMACY CORP.,3 W 137TH ST,,NEW YORK,NY,100371900,2122814881,PRESIDENT,3336C0003X,tier_1_primary_pharmacy,Y,Y,
1023456167,RL MT VERNON PHARMACY INC,107 W 4TH ST,,MOUNT VERNON,NY,105504002,9146990235,SUPERVISING PHARMACIST,3336L0003X|3336C0003X,tier_1_primary_pharmacy,Y,Y,
1689012544,VIDA PHARMACY LLC,172 BUSHWICK AVE,,BROOKLYN,NY,112061604,3477257953,PHARMACIST,3336C0003X,tier_1_primary_pharmacy,Y,Y,
1821436742,UNITED CARE PHARMACY RX INC,4424 4TH AVE,,BROOKLYN,NY,112201104,7183692803,PRESIDENT,333600000X|3336C0003X,tier_1_primary_pharmacy,Y,Y,
1194164608,CENTRAL PHARMACY OF BROOKLYN LTD,252 BRIGHTON BEACH AVE,,BROOKLYN,NY,112357427,7186462222,PRERSIDENT,3336C0003X,tier_1_primary_pharmacy,Y,Y,
1760821201,"VICTORY PHARMACY, INC",1211 AVENUE U,,BROOKLYN,NY,112294108,7183829616,PRESIDENT,333600000X|3336C0003X,tier_1_primary_pharmacy,Y,Y,
1902245947,GOOD HEALTH PHARMACY INC,7928 JAMAICA AVE,,WOODHAVEN,NY,114211801,7182967000,PRESIDENT,3336M0002X|3336C0004X|3336S0011X|3336M0003X|333600000X|3336L0003X|3336C0003X,tier_1_primary_pharmacy,Y,Y,
1942649876,HS PHARMACY INC,5 E 213TH ST,,BRONX,NY,104671101,7187087550,PRESIDENT,333600000X,tier_1_primary_pharmacy,Y,Y,
1962842690,3110 CUIDAMED PHARMACY INC.,3110 3RD AVE,,BRONX,NY,104514606,7189939800,OWNER,3336C0003X,tier_1_primary_pharmacy,Y,Y,
1114367653,NYACK APOTHECARY INC,96 MAIN ST,,NYACK,NY,109603110,8453580688,PRESIDENT,333600000X,tier_1_primary_pharmacy,Y,Y,
1669812954,514 WILLIS AVE PHARMACY CORP,514 WILLIS AVE,,BRONX,NY,104554028,7182927979,CEO,333600000X|3336C0003X,tier_1_primary_pharmacy,Y,Y,
1356781546,45 LUDLOW PHARMACY & SURGICAL SUPPLIES CORP,45 LUDLOW ST,,YONKERS,NY,107051947,9143274400,PRESIDENT,3336C0003X,tier_1_primary_pharmacy,Y,Y,
1962842039,JAYRON PHARMACY CORP,489 E TREMONT AVE,,BRONX,NY,104574401,9178011000,OWNER,333600000X,tier_1_primary_pharmacy,Y,Y,
1598106551,"HERITAGE PHARMACY & SURGICAL SUPPLIES,CORP",2258 ADAM CLAYTON POWELL JR BLVD,,NEW YORK,NY,100277808,2126948050,PRESIDENT/PHARMACIST,333600000X|3336C0003X,tier_1_primary_pharmacy,Y,Y,
1720429046,NATION CARE PHARMACY SOLUTIONS INC,79 GRAMATAN AVE,,MOUNT VERNON,NY,105501360,6465735127,PRESIDENT,333600000X,tier_1_primary_pharmacy,Y,Y,
1215378419,OPTIMUM PHARMACY LLC,3324 THIRD AVE,,BRONX,NY,104566749,3475771170,MANAGER,333600000X,tier_1_primary_pharmacy,Y,Y,
1558703595,NEW HEALTH RX INC,127 W 135TH ST,,NEW YORK,NY,100302926,2122811100,CFO,333600000X,tier_1_primary_pharmacy,Y,Y,
1366884363,MANHATTAN RX LLC,3456 BOSTON RD,,BRONX,NY,104692512,7187334150,PHARMACY MANAGER,333600000X|3336C0003X,tier_1_primary_pharmacy,Y,Y,
1093157810,ALBERTSON PHARMACY INC,1028 WILLIS AVE,,ALBERTSON,NY,11507,5162469900,PRESIDENT,3336C0003X,tier_1_primary_pharmacy,Y,Y,
1902248701,CHARLIE PHARMACY INC,2034 2ND AVE,,NEW YORK,NY,100295193,6465987028,OWNER,3336C0003X,tier_1_primary_pharmacy,Y,Y,
1427490283,1 2 3 PHARMACY INC,764 BURKE AVENUE,,BRONX,NY,10467,7187087960,PRESIDENT,3336C0003X,tier_1_primary_pharmacy,Y,Y,
1811339112,SALAAM PHARMACY INC.,155 CRYSTAL ST,,BROOKLYN,NY,112082624,7184848157,PRESIDENT,333600000X,tier_1_primary_pharmacy,Y,Y,
1588006746,JB PHARMACY INC,93 20 LIBERTY AVE,,OZONE PARK,NY,114171528,7186415648,PRESIDENT,333600000X|3336C0003X,tier_1_primary_pharmacy,Y,Y,
1548692262,"PENDLETON STAR PHARMACY, INC.",6503 CAMPBELL BLVD,,LOCKPORT,NY,140949210,7162103152,OWNER/SUPERVISOR,333600000X,tier_1_primary_pharmacy,Y,Y,
1265864912,TAS PHARMACY INC,445 NORTH ST ROUTE 17 M,,MIDDLETOWN,NY,109400000,8453444050,VICE PRESIDENT,333600000X,tier_1_primary_pharmacy,Y,Y,
1891127346,"PATCHOGUE PHARMACY, INC",176 W MAIN ST,,PATCHOGUE,NY,117723004,6314388100,PRESIDENT,333600000X,tier_1_primary_pharmacy,Y,Y,
1003240003,BLITZ PHARMACY INC,485 MAPLE ST,,BIG FLATS,NY,148149701,6073584200,PRESIDENT / MANAGER,3336C0003X,tier_1_primary_pharmacy,Y,Y,
1275967929,MEDICINE SUPER STORE PHARMACY INC.,924 KINGS HWY,,BROOKLYN,NY,112232337,7183757700,PRESIDENT,3336C0003X,tier_1_primary_pharmacy,Y,Y,
1417381005,LA FE PHARMACY CORP.,1395 SAINT NICHOLAS AVE,,NEW YORK,NY,100334047,2123210083,PRESIDENT,3336C0003X,tier_1_primary_pharmacy,Y,Y,
1649605130,ETMC PHARMACY INC,930 E TREMONT AVE,,BRONX,NY,104604363,7187641661,PRESIDENT/OWNER,333600000X|3336C0003X,tier_1_primary_pharmacy,Y,Y,
1982039053,WELL GREEN PHARMACY INC,1969 AMSTERDAM AVE,,NEW YORK,NY,100325041,2124917700,PRESIDENT,333600000X|3336C0003X,tier_1_primary_pharmacy,Y,Y,
1255766226,CEDRA PHARMACY INC,3027 3RD AVE,,BRONX,NY,104552647,9174737788,PRESIDENT,3336C0003X,tier_1_primary_pharmacy,Y,Y,
1538594221,"FALCONER PHARMACY, INC",202 W MAIN ST,,FALCONER,NY,147331616,7166651188,RPH/VICE PRESIDENT,3336C0003X|333600000X,tier_1_primary_pharmacy,Y,Y,
1639504236,LIVINGWORD PHARMACY INC,957 UTICA AVE,,BROOKLYN,NY,112034397,3474619555,PHARMACIST/OWNER,333600000X|3336C0003X,tier_1_primary_pharmacy,Y,Y,
1710313903,MG PHARMACY INC,950 BROADWAY,,BROOKLYN,NY,112212402,3479152828,PHARMACIST,3336C0003X,tier_1_primary_pharmacy,Y,Y,
1366878415,PULSE PHARMACY INC,7 BEDFORD PARK BLVD,,BRONX,NY,104681771,7189754411,PRESIDENT,3336C0003X,tier_1_primary_pharmacy,Y,Y,
1497181457,WOODHAVEN RX INC.,6206 WOODHAVEN BLVD,,REGO PARK,NY,113742745,7184784600,PRESIDENT,3336C0003X,tier_1_primary_pharmacy,Y,Y,
1306273792,BROOKLYN HEIGHTS PHARMACY CORP,160 ATLANTIC AVE,,BROOKLYN,NY,112015604,7186436300,OWNER,333600000X,tier_1_primary_pharmacy,Y,Y,
1659708816,COMMUNITY PHARMACY NY INC,2742 3RD AVE,,BRONX,NY,104554036,7186657800,PRESIDENT,333600000X,tier_1_primary_pharmacy,Y,Y,
1356778336,21ST CENTURY PHARMACY INC,9605 57TH AVE,,CORONA,NY,113683445,7186998899,PRESIDENT,3336C0004X|3336M0002X|3336S0011X|333600000X|3336C0003X,tier_1_primary_pharmacy,Y,Y,
1013344001,LAGUARDIA PHARMACY INC.,10122 ASTORIA BLVD,,EAST ELMHURST,NY,113692059,7184782576,SUPERVISOR,3336C0004X|3336C0003X,tier_1_primary_pharmacy,Y,Y,
1558798421,"RITE HEALTH PHARMACY, INC",3885 BROADWAY,,NEW YORK,NY,100321506,6468612533,PRESIDENT,3336C0003X,tier_1_primary_pharmacy,Y,Y,
1609204346,MOTT HAVEN PHARMACY INC,400 E 141ST ST,,BRONX,NY,104542212,7182929144,PRESIDENT,3336C0003X,tier_1_primary_pharmacy,Y,Y,
1821426321,PORT EWEN RX INC,177 BROADWAY,,PORT EWEN,NY,124667719,8453314229,MANAGER,3336L0003X|333600000X|3336C0003X,tier_1_primary_pharmacy,Y,Y,
1598193047,OLYMPE PHARMACY INC.,1665 NOSTRAND AVE,,BROOKLYN,NY,112265515,7184847020,PHARMACIST,333600000X,tier_1_primary_pharmacy,Y,Y,
1811325384,GREENTREE PHARMACY INC.,291 7TH AVE,,BROOKLYN,NY,112157263,7187682700,OWNER,333600000X,tier_1_primary_pharmacy,Y,Y,
1871921353,TEBA PHARMACY INC.,7618 5TH AVE,,BROOKLYN,NY,112093304,3475174833,CEO,3336C0004X|3336C0003X,tier_1_primary_pharmacy,Y,Y,
1346678778,ARCADIA HEALTH PHARMACY CORP,42-35 MAIN STREET UNIT 1L,,FLUSHING,NY,11355,7188786999,SECRETARY,3336C0003X,tier_1_primary_pharmacy,Y,Y,
1972931269,FAST & FRIENDLY PHARMACY LLC,140 EMPIRE BLVD,STORE # 1,BROOKLYN,NY,112253316,7184842300,SUPERVISING PHARMACIST,333600000X|3336C0003X,tier_1_primary_pharmacy,Y,Y,
1710315957,CARE FAST PHARMACY INC,3771 NOSTRAND AVE,,BROOKLYN,NY,112352041,7189754464,VICE PRESIDENT,333600000X|3336C0003X,tier_1_primary_pharmacy,Y,Y,
1407285216,RICHMOND VALLEY PHARMACY INC,4888 ARTHUR KILL RD,,STATEN ISLAND,NY,103092633,7189679607,PRESIDENT,333600000X|3336C0004X|3336C0003X,tier_1_primary_pharmacy,Y,Y,
1457780868,ARCADIA HEALTH PHARMACY CORP.,4235 MAIN ST UNIT 1L,,FLUSHING,NY,113554721,7188786999,SECRETARY,333600000X|3336C0003X,tier_1_primary_pharmacy,Y,Y,
1487083606,TRISTATE PHARMACY INC.,8924 37TH AVE,,JACKSON HEIGHTS,NY,113727739,7185651900,PRESIDENT,333600000X,tier_1_primary_pharmacy,Y,Y,
1003245101,KINGRAJ PHARMACY INC,58 E KINGSBRIDGE RD,,BRONX,NY,104687517,7185848371,OWNER,333600000X,tier_1_primary_pharmacy,Y,Y,
1316377278,BELLA PHARMACY LTD,815 E TREMONT AVE,STORE H,BRONX,NY,104604108,7185133210,SECRETARY,3336C0003X,tier_1_primary_pharmacy,Y,Y,
1811327646,"BONAPARTE PHARMACY, LLC",8210 MAIN ST.,,HARRISVILLE,NY,13648,3155375032,PRESIDENT,3336C0003X,tier_1_primary_pharmacy,Y,Y,
1538599303,EDELSIE PHARMACY INC,11228 FRANCIS LEWIS BLVD,,QUEENS VILLAGE,NY,114292224,7187360036,RPH SUPERVISING PHARMACIST,3336C0003X,tier_1_primary_pharmacy,Y,Y,
1497185128,BRADDOCK PHARMACY LLC,23601A BRADDOCK AVE,,BELLEROSE,NY,114261143,7183471516,SUPERVISING PHARMACIST,333600000X|3336C0003X,tier_1_primary_pharmacy,Y,Y,
1346670445,MR TEES PHARMACY INC,51 E 167TH ST,,BRONX,NY,104528206,7185888337,OWNER,3336C0003X,tier_1_primary_pharmacy,Y,Y,
1669802757,PARSONS PHARMACY INC,14414 NORTHERN BLVD,,FLUSHING,NY,113544231,7188887817,PRESIDENT,3336C0003X,tier_1_primary_pharmacy,Y,Y,
1619308343,TAKE CARE PHARMACY INC.,2134 STARLING AVE,,BRONX,NY,104624303,3472819221,PRESIDENT/SUPERVISING PHARMACIST,3336C0003X,tier_1_primary_pharmacy,Y,Y,
1134550734,BRAVO SUPER PHARMACY INC,174 WHEELER RD,,CENTRAL ISLIP,NY,117222027,6317616600,PRESIDENT,333600000X|3336C0003X,tier_1_primary_pharmacy,Y,Y,
1376974949,APNAR PHARMACY INC,16801 HILLSIDE AVE,,JAMAICA,NY,114324340,3475616520,PRESIDENT,333600000X|3336C0002X|3336S0011X|3336C0003X,tier_1_primary_pharmacy,Y,Y,
1497186910,PHILLIPS PHARMACY INC,3921 9TH AVE,,BROOKLYN,NY,112323207,7184357790,PRESIDENT,333600000X,tier_1_primary_pharmacy,Y,Y,
1114358512,PRECISION PHARMACY INC OF LONG BEACH,629 E PARK AVE,,LONG BEACH,NY,115612512,5168898899,TREASURER,3336C0003X,tier_1_primary_pharmacy,Y,Y,
1972934420,FLUSHING FAMILY PHARMACY LLC,4367 147TH ST,,FLUSHING,NY,113551735,7188881108,PARTNER,333600000X,tier_1_primary_pharmacy,Y,Y,
1275964553,BORO PHARMACY INC,5027 NEW UTRECHT AVE,,BROOKLYN,NY,112193547,7188787333,PRESIDENT,333600000X|3336C0003X,tier_1_primary_pharmacy,Y,Y,
1245661453,SIMPSON PHARMACY INC,1015 SOUTHERN BLVD,,BRONX,NY,104593441,7183281080,OWNER,333600000X|3336C0003X,tier_1_primary_pharmacy,Y,Y,
1952732166,WILLIS STAR PHARMACY INC.,208 WILLIS AVE,,BRONX,NY,104544844,7185856300,PRESIDENT,3336C0003X,tier_1_primary_pharmacy,Y,Y,
1144641325,"MERCY PHARMACY &SURGICAL SUPPLIES, INC",30100 51ST ST,,WOODSIDE,NY,113771457,7182040026,OWNER,3336C0003X,tier_1_primary_pharmacy,Y,Y,
1639590839,TRIUMPH PHARMACY LLC,11112 SUTPHIN BLVD # 2,,JAMAICA,NY,114355829,7185290300,PRESIDENT,333600000X|3336C0004X|3336S0011X|3336C0003X,tier_1_primary_pharmacy,Y,Y,
1407277544,"FULTON 1ST PHARMACY, INC",1185 FULTON ST,,BROOKLYN,NY,112161810,7184849100,CONSULTANT,3336C0003X,tier_1_primary_pharmacy,Y,Y,
1598186595,PHARMACY 112 INC.,2608 ROUTE 112 # B,,MEDFORD,NY,117632551,6314380530,COO,333600000X,tier_1_primary_pharmacy,Y,Y,
1154742914,STARLING PHARMACY INC.,2098 STARLING AVE,,BRONX,NY,104624304,7186846880,PRESIDENT,3336C0003X,tier_1_primary_pharmacy,Y,Y,
1427479013,GIG PHARMACY INC,3405 JEROME AVE,,BRONX,NY,104671049,7187085400,PRESIDENT,3336C0003X,tier_1_primary_pharmacy,Y,Y,
1669893079,4TH AVE PHARMACY INC.,5002 4TH AVE,,BROOKLYN,NY,112201814,7184921500,PRESIDENT,3336C0003X,tier_1_primary_pharmacy,Y,Y,
1154742591,"MEDICAL CENTER PHARMACY, INC.",571 E 184TH ST,,BRONX,NY,104588039,7189333113,PRESIDENT,333600000X|3336C0004X|3336C0003X,tier_1_primary_pharmacy,Y,Y,
1033530399,BAY PARKWAY PHARMACY LLC,8506A BAY PKWY,,BROOKLYN,NY,112144104,9179339188,PRESIDENT,3336C0003X,tier_1_primary_pharmacy,Y,Y,
1770904047,ATLAS PHARMACY LLC,9213 JAMAICA AVE,,WOODHAVEN,NY,114212108,7185770200,PHARMACIST,333600000X,tier_1_primary_pharmacy,Y,Y,
1982025235,S & P PHARMACY CORPORATION,2029 BATH AVE,,BROOKLYN,NY,112144805,9293339306,PRESIDENT,3336C0003X,tier_1_primary_pharmacy,Y,Y,
1679995708,MLK RX GROUP LLC,2260 CROTONA AVE,,BRONX,NY,104571939,9178012325,MANAGER,3336C0003X,tier_1_primary_pharmacy,Y,Y,
1275955056,ROSEDALE PHARMACY LLC,1737 E 174TH ST,,BRONX,NY,104721801,7186842318,MEMBER,3336C0003X,tier_1_primary_pharmacy,Y,Y,
1346662814,VITAMIN PHARMACY INC.,150-15 NORTHERN BLVD 1ST FLOOR,,FLUSHING,NY,11354,7188880851,PRESIDENT,3336C0003X,tier_1_primary_pharmacy,Y,Y,
1063834430,JAI SAI VENKATESWARA PHARMACY LLC,634 FULTON AVE,,HEMPSTEAD,NY,115504544,5165652300,MEMBER,3336C0003X,tier_1_primary_pharmacy,Y,Y,
1871916015,HAREEM PHARMACY INC,191 NEPTUNE AVE,,BROOKLYN,NY,112356992,7183684336,PRESIDENT,333600000X|3336C0003X,tier_1_primary_pharmacy,Y,Y,
1821411059,A & L PHARMACY CORP,11514 BEACH CHANNEL DR,,ROCKAWAY PARK,NY,116942206,7183185000,PRESIDENT,333600000X,tier_1_primary_pharmacy,Y,Y,
1700209962,MEDCAL PHARMACY LLC,6010 BAY PKWY STE 803,,BROOKLYN,NY,112046081,7183312200,PRESIDENT,3336C0003X,tier_1_primary_pharmacy,Y,Y,
1548683535,NOHO PHARMACY INC.,81 BOWERY,,NEW YORK,NY,100024934,2129667789,VICE PRESIDENT,333600000X,tier_1_primary_pharmacy,Y,Y,
1972926848,CAF PHARMACY INC,3424 CHURCH AVE,,BROOKLYN,NY,112032714,7184843300,SUPERVISING PHARMACIST,3336C0003X,tier_1_primary_pharmacy,Y,Y,
1205259009,ARCELY PHARMACY INC,1603 SAINT NICHOLAS AVE,,NEW YORK,NY,100403303,2129232412,OWNER,3336C0003X,tier_1_primary_pharmacy,Y,Y,
1184047987,"SPENCERPORT FAMILY APOTHECARY, LLC",5017 W RIDGE RD STE D,,SPENCERPORT,NY,145591568,5853493562,OWNER/PIC,3336C0004X|333600000X|3336S0011X|3336C0003X,tier_1_primary_pharmacy,Y,Y,
1750704508,REFILL RX PHARMACY INC,6324 AUSTIN ST,,REGO PARK,NY,113742923,7182757948,OWNER,333600000X|3336C0004X|3336C0003X,tier_1_primary_pharmacy,Y,Y,
1730502246,YORGANIC PHARMACY INC,1695 1ST AVE,,NEW YORK,NY,101284804,2123488900,PRESIDENT,3336C0003X,tier_1_primary_pharmacy,Y,Y,
1134543671,"EXPRESS CARE PHARMACY, LLC",15 E TREMONT AVE,,BRONX,NY,104535801,7186187525,PRESIDENT,3336C0003X,tier_1_primary_pharmacy,Y,Y,
1942624044,SURF AVENUE PHARMACY INC,2115 SURF AVE,,BROOKLYN,NY,112242108,7182666111,PRESIDENT,333600000X|3336C0003X,tier_1_primary_pharmacy,Y,Y,
1376967075,LG RX PHARMACY INC,1055 BRIGHTON BEACH AVE,,BROOKLYN,NY,112355662,9179339222,PRESIDENT,333600000X|3336C0003X,tier_1_primary_pharmacy,Y,Y,
1184048720,CHOICE ONE PHARMACY CORPORATION,1550 UNIVERSITY AVE,,BRONX,NY,104521503,7184508922,PRESIDENT,3336C0003X,tier_1_primary_pharmacy,Y,Y,
1083039473,TOM'S FAMILY PHARMACY INC.,47 S MAIN ST,,GLOVERSVILLE,NY,120783809,5187250615,PRESIDENT/SUPERVISING PHARMACIST,333600000X,tier_1_primary_pharmacy,Y,Y,
1477978468,FORDHAM FAMILY PHARMACY & SURGICAL INC.,202 W FORDHAM RD,,BRONX,NY,10468,9178011801,SECRETARY,3336C0003X,tier_1_primary_pharmacy,Y,Y,
1932524808,LOUDONVILLE PHARMACY LLC,265 OSBORNE RD,,ALBANY,NY,122111879,5185124545,MEMBER,333600000X,tier_1_primary_pharmacy,Y,Y,
1356767065,AUBURNDALE PHARMACY INC.,19215 47TH AVE,,FLUSHING,NY,113583906,7183523200,OWNER/SUPERVISOR,3336C0003X,tier_1_primary_pharmacy,Y,Y,
1760808372,BOBO PHARMACY INC,6903 18TH AVE,,BROOKLYN,NY,112045076,7187596308,PRESIDENT,333600000X|3336C0003X,tier_1_primary_pharmacy,Y,Y,
1841616208,IBRAM PHARMACY INC,1762 HYLAN BLVD,,STATEN ISLAND,NY,103051932,7186676777,PRESIDENT,3336C0003X,tier_1_primary_pharmacy,Y,Y,
1770909046,AVE T PHARMACY INC,3340 NOSTRAND AVE,,BROOKLYN,NY,112293715,7185131585,PRESIDENT,3336C0004X|333600000X|3336C0003X,tier_1_primary_pharmacy,Y,Y,
1508282674,YASNA PHARMACY II INC,11709 JAMAICA AVE,,RICHMOND HILL,NY,114182435,7188801008,PRESIDENT,3336C0003X,tier_1_primary_pharmacy,Y,Y,
1215353461,GHC PHARMACY INC.,6209 16TH AVE,,BROOKLYN,NY,112042702,9172921550,PRESIDENT,3336C0003X,tier_1_primary_pharmacy,Y,Y,
1245656347,EAST STAR PHARMACY INC.,2403 2ND AVE,,NEW YORK,NY,100352102,2122892000,PHARMACY MANAGER,3336C0003X,tier_1_primary_pharmacy,Y,Y,
1053737114,VSAB PHARMACY INC.,1336 PENINSULA BLVD,,HEWLETT,NY,115571226,5167916700,PRESIDENT,333600000X,tier_1_primary_pharmacy,Y,Y,
1588080360,"AI HUA PHARMACY, LLC",57-24 7TH AVENUE,1ST FLOOR FRONT,BROOKLYN,NY,11220,7185678288,MEMBER,3336C0003X,tier_1_primary_pharmacy,Y,Y,
1154748937,BRONX FAMILY PHARMACY CORP,1800 WHITE PLAINS RD,,BRONX,NY,104621408,7188283450,OWNER,333600000X,tier_1_primary_pharmacy,Y,Y,
1992122600,APPLE PHARMACY LLC,13221 41ST AVE,UNIT 1B,FLUSHING,NY,113555853,7189393335,MANAGER,3336C0003X,tier_1_primary_pharmacy,Y,Y,
1306263926,THE PHARMACY AT LLC,2541 ADAM CLAYTON POWELL JR BLVD,,NEW YORK,NY,100393502,2124917900,"OWNER, PIC,AO",333600000X|3336C0004X|3336C0003X,tier_1_primary_pharmacy,Y,Y,
1497172191,AS RX CORP,16306 HILLSIDE AVE,,JAMAICA,NY,114324078,3474549032,OWNER,333600000X,tier_1_primary_pharmacy,Y,Y,
1902223605,CAREWAY PHARMACY INC.,1174 FLATBUSH AVE,,BROOKLYN,NY,112267005,7184838743,PRESIDENT/SUPERVISINING PHARMACIST,333600000X,tier_1_primary_pharmacy,Y,Y,
1043637630,AMR PHARMACY INC,3161A BAINBRIDGE AVE,,BRONX,NY,10467,3478998666,PRESIDENT,3336C0003X,tier_1_primary_pharmacy,Y,Y,
1356768899,"DANA PHARMACY, INC",24812 NORTHERN BLVD,1C,LITTLE NECK,NY,113621206,7182243233,SUPERVISING PHARMACIST,333600000X,tier_1_primary_pharmacy,Y,Y,
1710304258,VALRX PHARMACY INC,3007 FARRAGUT RD # 1A,,BROOKLYN,NY,112101537,7184847045,OWNER,333600000X|3336C0003X,tier_1_primary_pharmacy,Y,Y,
1295152627,SIXTY-FIRST STREET PHARMACY INC.,755 61ST ST,,BROOKLYN,NY,112204211,7185677988,PHARMACIST,3336C0003X,tier_1_primary_pharmacy,Y,Y,
1780001917,SATYA DRUG CORP,113-07 QUEENS BLVD,,FOREST HILLS,NY,113755554,7184783908,PRESIDENT,333600000X,tier_1_primary_pharmacy,Y,Y,
1255758330,"WATER STREET PHARMACY, INC.",126 MAIN ST,,PENN YAN,NY,145271219,3155360100,PRESIDENT,3336C0003X,tier_1_primary_pharmacy,Y,Y,
1760800668,"SPRUCE RX, INC.",127A SPRUCE STREET,,CEDARHURST,NY,11516,5167309655,PRESIDENT,333600000X,tier_1_primary_pharmacy,Y,Y,
1366860181,DRUG MART II LLC,4873 BROADWAY,,NEW YORK,NY,100343134,2125694400,MEMBER,3336C0003X,tier_1_primary_pharmacy,Y,Y,
1528486966,FRIENDLY CARE PHARMACY INC,2614 DECATUR AVE,,BRONX,NY,104584804,7185846561,CO- OWNER,333600000X,tier_1_primary_pharmacy,Y,Y,
1558780155,MANAV PHARMACY INC,917 WYOFF AVENUE,,RIDGEWOOD,NY,11385,7183366700,PRESIDENT,3336C0003X,tier_1_primary_pharmacy,Y,Y,
1932529823,YOUR CARE PHARMACY CORP,2492 WEBSTER AVE,,BRONX,NY,104585509,7185023070,OWNER/MANAGER,3336M0002X|3336S0011X|333600000X,tier_1_primary_pharmacy,Y,Y,
1518387331,PELHAM PHARMACY INC,2171 WHITE PLAINS RD,,BRONX,NY,104621405,9177089700,VICE PRESIDENT,3336C0003X|3336L0003X|3336S0011X|333600000X,tier_1_primary_pharmacy,Y,Y,
1700206380,"ARX, ACCURATE RX SPECIALTY PHARMACY CORP.",8548 118TH ST,,KEW GARDENS,NY,114152908,7184415474,PRESIDENT,333600000X,tier_1_primary_pharmacy,Y,Y,
1669892931,GIANT PITKIN PHARMACY INC,2232 PITKIN AVE,,BROOKLYN,NY,112073621,3479555506,"PRESIDENT, PIC",3336C0004X|333600000X|3336C0003X,tier_1_primary_pharmacy,Y,Y,
1992125207,MY HOPE PHARMACY LLC,14114 NORTHERN BLVD,,FLUSHING,NY,113544239,7183538202,PHARMACIST,333600000X|3336C0003X,tier_1_primary_pharmacy,Y,Y,
1437569233,"BUSHWICK PHARMACY, INC.",1486 DEKALB AVE,,BROOKLYN,NY,112373659,7188217911,OWNER,3336C0003X,tier_1_primary_pharmacy,Y,Y,
1437569217,NEW FAMILY PHARMACY LLC,3 W 137TH ST,,NEW YORK,NY,100371900,2122814881,MANAGING MEMBER,333600000X,tier_1_primary_pharmacy,Y,Y,
1346650769,PRANAY PHARMACY LLC,823 BLACK RIVER BLVD N,,ROME,NY,134403549,3153390400,MEMBER,3336C0003X,tier_1_primary_pharmacy,Y,Y,
1245640655,CARE SCRIPT PHARMACY INC.,9605 ROCKAWAY BOULEVARD,,OZONE PARK,NY,11417,7184873677,PRESIDENT,3336C0003X,tier_1_primary_pharmacy,Y,Y,
1265843445,WRAY PHARMACY INC,533 E 7TH ST,,BROOKLYN,NY,112184801,7182829200,OWNER/PRESIDENT,3336C0004X|333600000X|3336C0003X,tier_1_primary_pharmacy,Y,Y,
1114338266,59 ST PHARMACY INC,5816 4TH AVE,,BROOKLYN,NY,112203810,7185670019,PRESIDENT,333600000X|3336C0003X,tier_1_primary_pharmacy,Y,Y,
1134530702,XIP-HARPELL PHARMACY INC,21 34 BROADWAY,,ASTORIA,NY,111064598,7182046565,VICE PRES,3336C0003X,tier_1_primary_pharmacy,Y,Y,
1982015533,37TH AVE. PHARMACY INC.,95-07 ROOSEVELT AVE,,JACKSON HEIGHTS,NY,11372,7184248684,PRESIDENT,333600000X,tier_1_primary_pharmacy,Y,Y,
1164834529,RIGHT TRACK PHARMACY INC,7518 18TH AVE,,BROOKLYN,NY,112141115,9179339334,SUPERVISING PHARMACIST / OWNER,3336C0003X,tier_1_primary_pharmacy,Y,Y,
1295147213,CAREPOINT PHARMACY CORP,888 HUNTS POINT AVE,,BRONX,NY,104745402,7185891234,SP,333600000X|3336C0003X,tier_1_primary_pharmacy,Y,Y,
1891108379,"HMB PHARMACY III MANAGEMENT,LLC",600 E 233RD ST,,BRONX,NY,104662604,3473464570,COO,3336C0003X,tier_1_primary_pharmacy,Y,Y,
1700299799,ALRITE PHARMACY INC,161 HESTER ST,ALRITE PHARMACY,NEW YORK,NY,100134702,2129658868,MANAGER,333600000X|3336C0004X|3336S0011X|3336C0003X,tier_1_primary_pharmacy,Y,Y,
1124431036,HARLEM SUPER PHARMACY INC,2046 7TH AVE,,NEW YORK,NY,100278115,2123161100,PRESIDENT,3336C0003X,tier_1_primary_pharmacy,Y,Y,
1881007474,SARATOGA RX LLC,192 LYELL AVE,,ROCHESTER,NY,146081317,5854582326,PHARMACY MANAGER/ PHARMACIST,333600000X|3336C0003X,tier_1_primary_pharmacy,Y,Y,
1326452830,NATIONAL RX PHARMACY INC,111 HEMPSTEAD TPKE,,WEST HEMPSTEAD,NY,115522155,5165397540,OWNER,333600000X,tier_1_primary_pharmacy,Y,Y,
1568876902,CLINIX PHARMACY INC,7271 MAIN ST,,FLUSHING,NY,113672407,7182615608,MANAGER,3336C0003X,tier_1_primary_pharmacy,Y,Y,
1700290061,L & M PHARMACY AND SURGICAL SUPPLIES LLC,11062 QUEENS BLVD,,FOREST HILLS,NY,113756347,7188801418,OWNER/SUPERVISING PHARMACIST,333600000X|3336C0003X,tier_1_primary_pharmacy,Y,Y,
1417361791,LONG BEACH PHARMACY LLC.,251 W PARK AVE,,LONG BEACH,NY,115613222,5168898877,MEMBER,3336C0003X,tier_1_primary_pharmacy,Y,Y,
1477967156,GOLDEN RX INC,8612 37TH AVE,,JACKSON HEIGHTS,NY,113727533,7188033888,PRESIDENT,3336C0003X,tier_1_primary_pharmacy,Y,Y,
1740695154,IMPERIAL PHARMACY INC.,3050 CORLEAR AVE,,BRONX,NY,104635180,7185430019,PRESIDENT,3336C0003X,tier_1_primary_pharmacy,Y,Y,
1770998635,ECKERSON PHARMACY CORP.,200 E ECKERSON RD,,NEW CITY,NY,109567153,8454251131,PRESIDENT,3336C0003X,tier_1_primary_pharmacy,Y,Y,
1194131805,AMNA PHARMACY INC,8011 18TH AVE,,BROOKLYN,NY,112141705,7183312668,OWNER,3336C0003X,tier_1_primary_pharmacy,Y,Y,
1386050326,WORLD PHARMACY LLC,14901 41ST AVE,,FLUSHING,NY,113551025,7183584800,PRESIDENT,3336C0003X,tier_1_primary_pharmacy,Y,Y,
1407263023,WEBSTER 123 PHARMACY INC,1231 WEBSTER AVE,,BRONX,NY,104563373,7186180802,PRESIDENT,333600000X|3336C0003X,tier_1_primary_pharmacy,Y,Y,
1679980742,ZAHIRS PHARMACY,15922 HILLSIDE AVE,,JAMAICA,NY,114323936,7187397777,SUPERVISING PHARMACIST,3336C0003X,tier_1_primary_pharmacy,Y,Y,
1134536139,FOCUSED CARE PHARMACY INC,6040 TARBELL RD,SUITE 106,SYRACUSE,NY,132061314,3154332371,DIRECTOR OF PBM RELATIONS,3336C0003X,tier_1_primary_pharmacy,Y,Y,
1649688144,GUARDIOLA PHARMACY INC,9312 ROOSEVELT AVE,,JACKSON HEIGHTS,NY,113727944,7186729700,PRESIDENT,333600000X|3336C0003X,tier_1_primary_pharmacy,Y,Y,
1205244670,NAP PHARMACY LLC,1315 W GENESEE ST STE A,,CHITTENANGO,NY,130378702,3155103141,"OWNER, SUPERVISING PHARMACIST",3336C0003X,tier_1_primary_pharmacy,Y,Y,
1770991226,MOURAD DRUG CORP,312 MAIN STREET,,MIDDLEBURGH,NY,12122,5187024176,PHARMACIST/OWNER,333600000X,tier_1_primary_pharmacy,Y,Y,
1316355456,"DOSES RX, LLC",353 CENTRAL AVE,,LAWRENCE,NY,115591667,5164009100,SUPERVISING PHARMACIST,333600000X,tier_1_primary_pharmacy,Y,Y,
1639587819,DRJ PHARMACY INC,10410 FLATLANDS AVE,,BROOKLYN,NY,112362822,9175412458,PHARMACIST,3336C0003X,tier_1_primary_pharmacy,Y,Y,
1639588783,FUSIONCARE PHARMACY INC.,18723 HILLSIDE AVE FL 1,,JAMAICA,NY,114323200,3476441886,PRESIDENT,3336C0004X|3336L0003X|3336C0003X,tier_1_primary_pharmacy,Y,Y,
1740699859,WESTCHESTER APOTHECARY LLC,104 MAIN STREET,,IRVINGTON,NY,10533,9144787822,PRESIDENT & OFFICER,3336C0003X,tier_1_primary_pharmacy,Y,Y,
1033528427,HEALTHY RX INC,5917 JUNCTION BLVD,,ELMHURST,NY,113735188,7187772020,OWNER,333600000X|3336C0004X|3336M0002X|3336S0011X|3336C0003X,tier_1_primary_pharmacy,Y,Y,
1902215213,KELLYS PHARMACY INC,34 HOPE PLZ,,WEST COXSACKIE,NY,121921225,5187314800,PRESIDENT,333600000X|3336C0003X,tier_1_primary_pharmacy,Y,Y,
1366851586,JSK PHARMACY INC,4902 QUEENS BLVD,,WOODSIDE,NY,113774444,7182050550,PRESIDENT/OWNER,3336C0003X,tier_1_primary_pharmacy,Y,Y,
1750780987,ISABEL'S PHARMACY INC,338 E GUN HILL RD,,BRONX,NY,104672208,7186554005,PHARMACIST,333600000X,tier_1_primary_pharmacy,Y,Y,
1285033324,UNION SPECIALTY PHARMACY INC,26501 UNION TPKE,,NEW HYDE PARK,NY,110401425,7187495961,SUPERVISING PHARMACIST,333600000X|3336C0003X|3336C0004X|3336S0011X|3336H0001X,tier_1_primary_pharmacy,Y,Y,
1114326030,COMMUNITY FRIENDLY PHARMACY INC,9101 37TH AVE,,JACKSON HEIGHTS,NY,113727919,7184249275,PRESIDENT,3336C0003X,tier_1_primary_pharmacy,Y,Y,
1114326915,NEWTOWN PHARMACY INC,28-04 31ST STREET,,ASTORIA,NY,11102,9736151010,PHARMACIST,3336C0003X,tier_1_primary_pharmacy,Y,Y,
1912306739,UNICORN PHARMACY INC,2336A GRAND CONCOURSE,,BRONX,NY,104586903,7182202035,OWNER,333600000X|3336C0003X,tier_1_primary_pharmacy,Y,Y,
1750780359,R & T PHARMACY CORP,12 NEPTUNE AVE,,BROOKLYN,NY,112354405,7189754535,SUPERVISING PHARMACIST,333600000X|3336C0004X|3336C0003X,tier_1_primary_pharmacy,Y,Y,
1063811628,AMS PHARMACY INC.,817 E 180TH ST,,BRONX,NY,104601305,7186187436,PRESIDENT,333600000X|3336C0003X,tier_1_primary_pharmacy,Y,Y,
1225437650,37TH AVE PHARMACY INC,9507 37TH AVE,,JACKSON HEIGHTS,NY,113728024,7184248684,SUPERVISING PHARMACIST,3336C0004X|3336C0003X,tier_1_primary_pharmacy,Y,Y,
1972902351,101 FIRST CARE PHARMACY INC,18 E 183RD ST,,BRONX,NY,104531241,7188802346,PRESIDENT,3336C0003X,tier_1_primary_pharmacy,Y,Y,
1902206956,BIN PHARMACY INC.,10317 GLENWOOD RD,,BROOKLYN,NY,112362703,7185766556,PRESIDENT,3336C0003X,tier_1_primary_pharmacy,Y,Y,
1972903805,JRS PHARMACY INC,1712 86TH ST,,BROOKLYN,NY,112142829,7185136642,OWNER,3336C0003X,tier_1_primary_pharmacy,Y,Y,
1316347248,AUSTIN WELLNESS PHARMACY LLC.,6902 AUSTIN ST,,FOREST HILLS,NY,113754233,7182636688,MEMBER,3336C0003X,tier_1_primary_pharmacy,Y,Y,
1689074569,FIRST HEALTH SPECIALTY PHARMACY INC.,754 E 151ST ST,,BRONX,NY,104553267,6462567800,OWNER/PRESIDENT,3336S0011X|3336C0003X,tier_1_primary_pharmacy,Y,Y,
1053711861,8737 BRITTON AVE PHARMACY INC,8737 BRITTON AVE,,ELMHURST,NY,113731435,7184769100,PRESIDENT,333600000X|3336C0003X,tier_1_primary_pharmacy,Y,Y,
1013317452,"MEDTOWN PHARMACY, INC.",517 PARK AVE,SUITE 102,BROOKLYN,NY,112051783,7188751505,PRESIDENT,3336C0003X,tier_1_primary_pharmacy,Y,Y,
1871994202,REXCARE PHARMACY INC.,259 TROY AVE,,BROOKLYN,NY,112133601,7184847400,PRESIDENT,3336C0003X,tier_1_primary_pharmacy,Y,Y,
1346641594,TRUE HEALTH PHARMACY INC,7524 5TH AVE,,BROOKLYN,NY,112093302,7187484300,PRESIDENT,3336C0004X|3336S0011X|3336C0003X,tier_1_primary_pharmacy,Y,Y,
1467853481,"KANEDA PHARMACY, LLC",4032 UNION ST,,FLUSHING,NY,113546044,7188881489,SUPERVISING PHARMACIST,333600000X|3336C0003X,tier_1_primary_pharmacy,Y,Y,
1699176396,"WESTCHESTER COMPOUNDING PHARMACY, INC.",274 WHITE PLAINS RD,,EASTCHESTER,NY,107094419,9142001222,SUPERVISOR,3336C0004X|333600000X,tier_1_primary_pharmacy,Y,Y,
1992106439,YUSRA PHARMACY INC,327 S END AVE,,NEW YORK,NY,102801002,9178680368,PRESIDENT,3336C0003X,tier_1_primary_pharmacy,Y,Y,
1730580333,RIVERTON PHARMACY INC,2085 LEXINGTON AVENUE,,NEW YORK,NY,10035,2122838301,PRESIDENT,3336C0003X,tier_1_primary_pharmacy,Y,Y,
1225430630,"ACCURATE PHARMACY, LLC",639 5TH AVE,,BROOKLYN,NY,112158048,7187882082,PHARMACIST/SUPERVISING PHARMACIST,3336C0003X,tier_1_primary_pharmacy,Y,Y,
1134521487,SILVER STAR PHARMACY INC,531 E 7TH ST,,BROOKLYN,NY,112184801,7189218777,PRESIDENT,333600000X|3336C0003X,tier_1_primary_pharmacy,Y,Y,
1114329232,DRUG RITE 3 PHARMACY CORP.,3038 ATLANTIC AVE,,BROOKLYN,NY,112081184,7182779160,SUPERVISING PHARMACIST,3336C0003X,tier_1_primary_pharmacy,Y,Y,
1538561527,"SAV-RITE PHARMACY, LLC.",290 CENTER RD,,WEST SENECA,NY,142241945,7166750000,OWNER,3336C0003X,tier_1_primary_pharmacy,Y,Y,
1255733283,COURTLANDT PHARMACY INC.,680 COURTLANDT AVE,,BRONX,NY,104515166,7184020202,OWNER,3336C0004X|3336C0003X,tier_1_primary_pharmacy,Y,Y,
1407258346,RIVERSIDE REMEDIES RX CORP.,39 LOWER MAIN ST,,CALLICOON,NY,127235000,8458873030,SUPERVISING PHARMACIST,3336C0003X,tier_1_primary_pharmacy,Y,Y,
1609278308,"139 CENTER PHARMACY, LLC",139 CENTRE ST,STORE 105,NEW YORK,NY,100134552,6468386388,CORPORATE OFFICER,3336C0003X,tier_1_primary_pharmacy,Y,Y,
1982006524,HEALTHPRO PHARMACY INC,217 SCHENECTADY AVE,,BROOKLYN,NY,112133757,7183633400,OWNER,3336C0003X,tier_1_primary_pharmacy,Y,Y,
1528461175,7 HILLS RX INC,708 SAINT NICHOLAS AVE,,NEW YORK,NY,100314002,2122344299,PRESIDENT,3336S0011X|3336C0003X,tier_1_primary_pharmacy,Y,Y,
1629471065,RAINA PHARMACY LLC,113 S MAIN ST,,MANCHESTER,NY,145049786,5852893002,MEMBER,3336C0003X,tier_1_primary_pharmacy,Y,Y,
1578966826,AVE M PHARMACY CORP.,1206 AVENUE M,,BROOKLYN,NY,112305204,7183762836,PRESIDENT,3336C0003X,tier_1_primary_pharmacy,Y,Y,
1568865897,"PHARMACY FOR THE PUBLIC GOOD, INC.",53 MAIN ST,,PHOENICIA,NY,12464,8456880188,OWNER,3336C0003X,tier_1_primary_pharmacy,Y,Y,
1770986028,RANDALL PHARMACY INC,1753 RANDALL AVE,,BRONX,NY,104734251,7183282100,PRESIDENT,333600000X|3336C0003X,tier_1_primary_pharmacy,Y,Y,
1023411295,ALL RX PHARMACY II INC,1231 AVENUE U,,BROOKLYN,NY,112294101,7183757800,MANAGER,333600000X|3336C0003X,tier_1_primary_pharmacy,Y,Y,
1912300849,COMMUNITY AID PHARMACY INC.,436 AVENUE P,,BROOKLYN,NY,112231971,7183398118,OWNER,333600000X|3336C0003X,tier_1_primary_pharmacy,Y,Y,
1891199584,"EXPRESS PHARMACY, INC.",1108 LIBERTY AVE,,BROOKLYN,NY,112082922,7188277528,PRESIDENT,333600000X,tier_1_primary_pharmacy,Y,Y,
1336543610,SYLHET PHARMACY LLC,8001 101ST AVE,,OZONE PARK,NY,114161923,7186413938,PRESIDENT,333600000X,tier_1_primary_pharmacy,Y,Y,
1205230547,"BRIGHTON PHARMACY II ,INC",701 BRIGHTON BEACH AVE,,BROOKLYN,NY,112356413,7187431800,PRESIDENT,3336C0003X,tier_1_primary_pharmacy,Y,Y,
1275937229,CARE LAND PHARMACY INC,84 CLARK ST,,BROOKLYN,NY,112012721,3479874315,SECRETARY,333600000X|3336C0003X,tier_1_primary_pharmacy,Y,Y,
1871998609,LAGRASS PHARMACY CORP,2117 UTICA AVE,,BROOKLYN,NY,112343844,7183779400,PHARMACIST,3336C0003X,tier_1_primary_pharmacy,Y,Y,
1750786596,SHREE MEDHAVA DRUG INC,906 E 180TH ST,,BRONX,NY,104601916,7184508759,OWNER,333600000X,tier_1_primary_pharmacy,Y,Y,
1376947176,LEXICON PHARMACY II INC.,378 NORTH AVE,,NEW ROCHELLE,NY,108014171,9142789733,PRESIDENT,333600000X,tier_1_primary_pharmacy,Y,Y,
1285039800,GUARDIAN PHARMACY LLC,3980 SHERIDAN DR STE 304,,AMHERST,NY,142261727,7167685615,SUPERVISING PHARMACIST,3336C0004X|3336C0003X,tier_1_primary_pharmacy,Y,Y,
1336544469,AUSTIN STREET PHARMACY INC.,6860 AUSTIN ST,,FOREST HILLS,NY,113754245,7187931616,PRESIDENT,3336C0003X,tier_1_primary_pharmacy,Y,Y,
1902201973,A-CLASS PHARMACY CORP.,85 ELIZABETH ST,,NEW YORK,NY,100134770,2124310333,SECRETARY,3336C0003X,tier_1_primary_pharmacy,Y,Y,
1932504859,ELITE RX MANAGEMENT LLC,9315 ROOSEVELT AVE,,JACKSON HEIGHTS,NY,113727943,7184786863,SUPERVISING PHARMACIST,3336C0003X,tier_1_primary_pharmacy,Y,Y,
1316343726,PRIME HEALTH PHARMACY LLC,1417 BEDFORD AVE,,BROOKLYN,NY,112163506,7186764405,OWNER,3336C0003X,tier_1_primary_pharmacy,Y,Y,
1114324050,ADVANCED ASIAN PHARMACY LLC,849 57TH ST STE 1,,BROOKLYN,NY,112203798,3474250965,MANAGING MEMBER,3336C0003X,tier_1_primary_pharmacy,Y,Y,
1205233095,AMRINA PHARMACY INC,853 E NEW YORK AVE,,BROOKLYN,NY,112031309,7184938118,VICE PRESIDENT/ SUPERVISING PHARMAC,333600000X|3336C0003X,tier_1_primary_pharmacy,Y,Y,
1477950038,MAGNOLIA PHARMACY INC,2032 3RD AVE,,NEW YORK,NY,100292802,2123696075,PRESIDENT,3336C0003X,tier_1_primary_pharmacy,Y,Y,
1275930612,"HABITAT PHARMACY, INC.",525 3RD AVE,,NEW YORK,NY,100164168,2126858600,PHARMACIST,3336C0003X,tier_1_primary_pharmacy,Y,Y,
1376940767,7TH AVENUE PHARMACY INC.,5412 7TH AVE,,BROOKLYN,NY,112203123,7186332299,CEO,3336C0004X|3336C0003X,tier_1_primary_pharmacy,Y,Y,
1497152706,1070 SOUTHERN DRUG LLC,1070 SOUTHERN BLVD,,BRONX,NY,104593268,7186187878,CEO,333600000X|3336C0003X,tier_1_primary_pharmacy,Y,Y,
1740687979,NEW CENTURY PHARMACY INC,6352 108TH ST,,FOREST HILLS,NY,113751350,9178326494,PRESIDENT,333600000X|3336C0003X,tier_1_primary_pharmacy,Y,Y,
1750789830,OVAL PHARMACY CORP,1500 METROPOLITAN AVE,,BRONX,NY,104626801,7188230688,PRESIDENT,3336C0003X,tier_1_primary_pharmacy,Y,Y,
1083012934,NIKOS PHARMACY INC,2501 DITMARS BLVD,,ASTORIA,NY,111053120,7187771110,PRESIDENT/SUPERVISING PHARMACIST,3336C0003X,tier_1_primary_pharmacy,Y,Y,
1992103634,1ST BRONXCARE PHARMACY INC,438 E 149TH ST,,BRONX,NY,104551304,7184839891,OWNER,333600000X,tier_1_primary_pharmacy,Y,Y,
1174921761,EMAAN PHARMACY INC.,7309 5TH AVE,,BROOKLYN,NY,112092603,7187485900,PRESIDENT,3336C0003X,tier_1_primary_pharmacy,Y,Y,
1174921332,LOCAL RX PHARMACY LLC,9516 QUEENS BLVD,,REGO PARK,NY,113741136,7182755300,SUPERVISING PHARMACIST,3336C0003X,tier_1_primary_pharmacy,Y,Y,
1972901122,1ST BRONXCARE PHARMACY INC,438 E 149TH ST,,BRONX,NY,104551304,7188439891,OWNER,333600000X|3336C0003X,tier_1_primary_pharmacy,Y,Y,
1184022311,CROWN HEIGHTS PHARMACY INC,376 KINGSTON AVE,,BROOKLYN,NY,112134332,7184676700,PRESIDENT,3336C0003X,tier_1_primary_pharmacy,Y,Y,
1043608268,"TRANSCRIPT PHARMACY OF NEW YORK, INC",87 HEMPSTEAD TPKE,,FARMINGDALE,NY,117352518,5167777040,PRESIDENT / OWNER,3336C0004X|3336S0011X|3336M0002X|333600000X|3336L0003X|3336C0003X,tier_1_primary_pharmacy,Y,Y,
1154719235,BD PHARMACY INC.,373 BROADWAY FRNT A,,NEW YORK,NY,100133978,2129254888,SUPERVISING PHARMACIST,3336C0003X,tier_1_primary_pharmacy,Y,Y,
1144618174,RX SCRIPTS INC,176 LEE AVE,,BROOKLYN,NY,112118048,7188553070,PRESIDENT,333600000X,tier_1_primary_pharmacy,Y,Y,
1306234208,LEVINSONS PHARMACY INC.,3259 HEMPSTEAD TPKE,,LEVITTOWN,NY,117561300,5163429988,VP/CFO,333600000X|3336C0004X|3336C0003X,tier_1_primary_pharmacy,Y,Y,
1497143382,CENTRAL PHARMACY OF BROOKLYN NY INC,252 BRIGHTON BEACH AVE,,BROOKLYN,NY,112357427,7186462222,PRESIDENT,3336C0003X,tier_1_primary_pharmacy,Y,Y,
1265820856,YOUR FAMILY PHARMACY CORPORATION,1392 OGDEN AVE,,BRONX,NY,104522311,7188726060,OWNER,333600000X|3336C0003X,tier_1_primary_pharmacy,Y,Y,
1174911754,"FALLON WELLNESS PHARMACY, LLC",1057 TROY SCHENECTADY RD,,LATHAM,NY,121101002,5182202005,SUPERVISING PHARMACIST,3336C0003X,tier_1_primary_pharmacy,Y,Y,
1861880296,ROOSEVELT PHARMACY INC,13355 ROOSEVELT AVE,,FLUSHING,NY,113545254,7188881500,OWNER,3336C0003X,tier_1_primary_pharmacy,Y,Y,
1487042701,PHARMACY SPECIALIST GROUP INC,155 CRYSTAL ST,,BROOKLYN,NY,112082624,7328577227,OFFICER,333600000X,tier_1_primary_pharmacy,Y,Y,
1124417126,JULIE PHARMACY CORPORATION,3621 BROADWAY # STORE1,,NEW YORK,NY,100312518,2129269800,PRESIDENT,3336C0003X,tier_1_primary_pharmacy,Y,Y,
1346639390,JJR DRUG CORP,332 EAST 188TH STREET,,BRONX,NY,104585406,7183672000,PRESIDENT,3336C0003X,tier_1_primary_pharmacy,Y,Y,
1922497528,KROWNS PHARMACY INC,4139 MAIN ST,,FLUSHING,NY,113553132,7189613373,PRESIDENT,3336C0003X,tier_1_primary_pharmacy,Y,Y,
1326437971,INTERNATIONAL HOLISTIC PHARMACY INC,3078 BRIGHTON 6TH STREET,,BROOKLYN,NY,11235,7189753733,OWNER,3336C0003X,tier_1_primary_pharmacy,Y,Y,
1750771929,DONG SEO PHARMACY LLC,14220 38TH AVE STE CF-D,,FLUSHING,NY,113545654,7188887811,PRESIDENT,3336C0003X,tier_1_primary_pharmacy,Y,Y,
1972993012,VALUE CITY PHARMACY,2578 BROADWAY,,NEW YORK,NY,100255642,2129619500,PRESIDENT/ PHARMACIST,333600000X,tier_1_primary_pharmacy,Y,Y,
1295125102,KING COMMUNITY PHARMACY INC.,165 DREISER LOOP,,BRONX,NY,104752703,3478998020,GM,3336C0003X,tier_1_primary_pharmacy,Y,Y,
1235529041,US PHARMACY & SURGICAL INC,1259 FULTON ST,,BROOKLYN,NY,112162011,7184841500,SUPERVISING PHARMACIST,3336C0003X,tier_1_primary_pharmacy,Y,Y,
1336539154,AHMALL DRUG CORP,750 FLATBUSH AVE,,BROOKLYN,NY,112261902,7188565995,PRESIDENT,3336C0003X,tier_1_primary_pharmacy,Y,Y,
1730579368,FK PHARMACY INC,21409 JAMAICA AVE,,QUEENS VILLAGE,NY,114281726,7184655400,PRESIDENT,3336C0003X|333600000X,tier_1_primary_pharmacy,Y,Y,
1063803401,NEW CITY RX LLC,200 E ECKERSON RD STE 170,,NEW CITY,NY,109567164,8454251131,PRESIDENT,333600000X|3336C0003X,tier_1_primary_pharmacy,Y,Y,
1558752840,SHERMAN PHARMACY 2 INC.,5810 MYRTLE AVENUE,,RIDGEWOOD,NY,113855021,7186288190,PRESIDENT/SUPERVISING PHARMACIST,333600000X,tier_1_primary_pharmacy,Y,Y,
1114318359,LUCKY HEALTH PHARMACY INC.,224 CANAL ST FRNT A,,NEW YORK,NY,100134175,2126258988,PRESIDENT,3336C0003X,tier_1_primary_pharmacy,Y,Y,
1952793556,HEALTH FIRST PHARMACY INC,4157 BROADWAY,,NEW YORK,NY,100333702,2125681020,PRESIDENT,3336C0003X,tier_1_primary_pharmacy,Y,Y,
1730571290,KK PHARMACY INC.,531 LENOX AVE,,NEW YORK,NY,100371809,2122687900,PRESIDENT,3336C0003X,tier_1_primary_pharmacy,Y,Y,
1619369162,DRUG STOP CORP,2062 2ND AVE,,NEW YORK,NY,100294704,3472292145,OFFICER,3336C0003X,tier_1_primary_pharmacy,Y,Y,
1245622620,NISH PHARMACY INC,667 ALLERTON AVE,,BRONX,NY,104677405,1718994444,PRESIDENT,333600000X,tier_1_primary_pharmacy,Y,Y,
1407248503,RAINA PHARMACY LLC,113 S MAIN ST,,MANCHESTER,NY,145049786,5852893002,MEMBER,333600000X|3336C0003X,tier_1_primary_pharmacy,Y,Y,
1265824262,QUEENS RX CORP,88 01 PARSONS BLVD,,JAMAICA,NY,114323895,7182911114,PRESIDENT,3336C0003X,tier_1_primary_pharmacy,Y,Y,
1023400983,JJLM PHARMACY INC,1303 SAINT NICHOLAS AVE,,NEW YORK,NY,100337210,2125431900,"PRES,AO",333600000X|3336C0003X,tier_1_primary_pharmacy,Y,Y,
1104218056,MIRACLE PHARMACY INC,9622 METROPOLITAN AVE,,FOREST HILLS,NY,113756625,7182682151,PHARMACIST,333600000X,tier_1_primary_pharmacy,Y,Y,
1851783765,CITY PHARMACY INC,13358 41ST RD,,FLUSHING,NY,113553632,7188889483,PRESIDENT,3336C0003X,tier_1_primary_pharmacy,Y,Y,
1043603681,PARK RX INC,836 BROADWAY,,BROOKLYN,NY,112067305,7183887228,SUPERVISING PHARMACIST,333600000X|3336C0003X,tier_1_primary_pharmacy,Y,Y,
1598158149,BAYBRIDGE PHARMACY CORP,20848 CROSS ISLAND PKWY,2ND FLOOR,BAYSIDE,NY,113601187,7187519911,SUPERVISING PHARMACIST / OWNER,3336C0003X,tier_1_primary_pharmacy,Y,Y,
1851784466,MADISON RX PHARMACY INC.,203 MADISON ST,,NEW YORK,NY,100027581,6469187225,SUPERVISING PHARMACIST,3336C0003X,tier_1_primary_pharmacy,Y,Y,
1598158958,GAGA PHARMACY INC,9005 CORONA AVE,,ELMHURST,NY,113734046,7186996666,PRESIDENT,333600000X,tier_1_primary_pharmacy,Y,Y,
1881087195,184 WELL CARE PHARMACY INC,70 E 184TH ST,,BRONX,NY,104686502,7183292000,PRESITENT,3336C0003X,tier_1_primary_pharmacy,Y,Y,
1649663899,BLISS SPECIALTY PHARMACY INC,972 AMSTERDAM AVE,,NEW YORK,NY,100253002,2126664800,PRESIDENT/DIR/AO,333600000X|3336C0003X,tier_1_primary_pharmacy,Y,Y,
1073907838,"METRO 2014 PHARMACY, INC",172-17 JAMAICA AVE,,JAMAICA,NY,11432,7185235800,PRESIDENT,3336C0003X,tier_1_primary_pharmacy,Y,Y,
1639563141,NL PHARMACY LLC,475 NEW LOTS AVE,,BROOKLYN,NY,112076414,7182724566,OWNER/PRESIDENT,3336C0003X,tier_1_primary_pharmacy,Y,Y,
1376937961,HEALTH MART PHARMACY INC,6924 4TH AVE,,BROOKLYN,NY,112091502,3475991165,OWNER/ PHARMACY MANAGER,333600000X|3336C0003X,tier_1_primary_pharmacy,Y,Y,
1801280037,TWIN PHARMACY 2 CORP,4073-4075 BROADWAY AV,,NEW YORK,NY,10032,2129273100,BS,3336C0003X,tier_1_primary_pharmacy,Y,Y,
1114312675,HUDSON PHARMACY CORP,6508 ROOSEVELT AVE,,WOODSIDE,NY,113772928,3474486965,PRESIDENT/AO,3336S0011X|333600000X|3336C0003X,tier_1_primary_pharmacy,Y,Y,
1336535863,ROSALISE PHARMACY CORP,3355 BROADWAY,,NEW YORK,NY,100317402,2126906502,OWNER,3336C0003X,tier_1_primary_pharmacy,Y,Y,
1033505540,BELLEROSE RX INC,24815 UNION TPKE,,BELLEROSE,NY,114261836,7187495811,SUPERVISING PHARMACIST,3336C0003X,tier_1_primary_pharmacy,Y,Y,
1184010555,GETTING WELL RX PHARMACY,8286 BROADWAY,,ELMHURST,NY,113733353,7185658388,PRESIDENT,333600000X,tier_1_primary_pharmacy,Y,Y,
1417344615,SMITH STREET RX INC,269 MANSION ST # 3,,POUGHKEEPSIE,NY,126012623,8454716440,PRESIDENT,3336L0003X|3336C0003X,tier_1_primary_pharmacy,Y,Y,
1942687884,"MY CARE PHARMACY, INC",89-24 37TH AVENUE,,JACKSON HEIGHTS,NY,11372,7185651900,PRESIDENT,3336C0003X,tier_1_primary_pharmacy,Y,Y,
1649657453,ALLSTAR DRUG INC,13620 38TH AVE STE 3A,,FLUSHING,NY,113544232,7188866638,PRESIDENT,3336C0003X,tier_1_primary_pharmacy,Y,Y,
1194102913,ABC PHARMACY 6 CORP.,5304 7TH AVE,,BROOKLYN,NY,112206880,7184379888,PRESIDENT,3336C0003X,tier_1_primary_pharmacy,Y,Y,
1144607631,PRO RX INC,3835 BROADWAY,,NEW YORK,NY,100321510,2129270220,PRESIDENT,333600000X,tier_1_primary_pharmacy,Y,Y,
1013394659,NZONE PHARMACY LLC,10210 101ST AVE,,OZONE PARK,NY,114162622,7188801783,DIRECTOR OF OPERATIONS,3336C0003X,tier_1_primary_pharmacy,Y,Y,
1346627783,MOTT ST PHARMACY,11 MOTT ST,,NEW YORK,NY,100135020,2127323888,PHARMACIST,3336C0003X,tier_1_primary_pharmacy,Y,Y,
1376920710,CMV PHARMACY INC.,14 E MAIN ST,,MORRISVILLE,NY,13408,3156843171,PRESIDENT,3336C0004X|3336C0003X,tier_1_primary_pharmacy,Y,Y,
1801273248,FORDHAM ROAD RX INC,2 E FORDHAM RD,,BRONX,NY,104685445,7183643333,PRESIDENT,333600000X|3336C0003X,tier_1_primary_pharmacy,Y,Y,
1902284284,GOLDEN HAMMER PHARMACY INC,3504 JUNCTION BLVD,,CORONA,NY,113681743,7184244538,PRESIDEN/TOWNER,333600000X|3336C0003X,tier_1_primary_pharmacy,Y,Y,
1568840304,"STATION PHARMACY, INC",77-04 ROOSEVELT AVENUE,,JACKSON HEIGHTS,NY,113726610,7184291730,PRESIDENT,333600000X,tier_1_primary_pharmacy,Y,Y,
1528446168,DRUGLAND PHARMACY CORP.,5806 FORT HAMILTON PKWY,,BROOKLYN,NY,112194832,7189721056,PRESIDENT,333600000X,tier_1_primary_pharmacy,Y,Y,
1699154732,ELMWAY II PHARMACY INC,8607 51ST AVE,,ELMHURST,NY,113733922,7186991882,CORP. OFFICER,3336C0003X,tier_1_primary_pharmacy,Y,Y,
1396125597,RUSHI PHARMACY CORP.,1026 E 163RD ST,,BRONX,NY,104594309,7189911400,SECRETARY,3336C0003X,tier_1_primary_pharmacy,Y,Y,
1811378458,WALDEN PHARMACY LLC,38 GRANT ST,,WALDEN,NY,125861850,8457786661,MANAGER,3336C0003X,tier_1_primary_pharmacy,Y,Y,
1023498656,BROADWAY RX LLC,361 BROADWAY,,BROOKLYN,NY,112119421,7189159660,SUPERVISING PHARMACIST,3336C0003X,tier_1_primary_pharmacy,Y,Y,
1265813620,520 FRANKLIN AVENUE PHARMACY,520 FRANKLIN AVE STE 103,,GARDEN CITY,NY,115305814,5162807960,PRESIDENT OWNER,333600000X|3336C0003X,tier_1_primary_pharmacy,Y,Y,
1477934891,FEDCO CHEMIST PHARMACY CORP,512 S BROADWAY,,YONKERS,NY,107053253,9142940501,PRESIDENT,3336C0003X,tier_1_primary_pharmacy,Y,Y,
1992186001,COKA PHARMACY LLC,161 WATKINS STREET,,BROOKLYN,NY,11212,7185666292,PIC OWNER,3336C0004X|3336C0003X,tier_1_primary_pharmacy,Y,Y,
1285015248,GLOBAL RX INC,3176 BAINBRIDGE AVE,,BRONX,NY,104673980,3473467600,PRESIDENT,3336C0003X,tier_1_primary_pharmacy,Y,Y,
1376924126,FOSTER RX INC,1717 FOSTER AVE,,BROOKLYN,NY,112301809,7187241717,VICE PRESIDENT,333600000X,tier_1_primary_pharmacy,Y,Y,
1033590880,HEALTH CHOICE PHARMACY INC,HEALTH CHOICE PHARMACY INC.,86-10 ROOSEVELT AVE,JACKSON HEIGHTS,NY,11372,7188981548,PHARMACY MANAGER,333600000X|3336C0004X|3336C0003X,tier_1_primary_pharmacy,Y,Y,
1154702942,MERGEWELL RX INC,759 WASHINGTON AVE,,BROOKLYN,NY,112384504,7186383800,VICE PRESIDENT,333600000X,tier_1_primary_pharmacy,Y,Y,
1265813943,"TRINITY RX, CORP.",7521 MYRTLE AVE,,GLENDALE,NY,113857419,7183662109,SUPERVISING PHARMACIST,333600000X,tier_1_primary_pharmacy,Y,Y,
1700268455,NOSTRAND RX INC,524 NOSTRAND AVE,,BROOKLYN,NY,112162012,7182303009,VICE PRESIDENT,3336C0003X,tier_1_primary_pharmacy,Y,Y,
1336521988,LIVONIA PHARMACY INC,625A LIVONIA AVE,,BROOKLYN,NY,112075301,7184848100,"PRESIDENT,OWNER,AO",333600000X|3336C0004X|3336C0003X,tier_1_primary_pharmacy,Y,Y,
1669854832,"TRUE NORTH HEALTH PHARMACY, INC.",225 COMMUNITY DR STE 100,,GREAT NECK,NY,110215506,8444118486,"SVP, CHIEF EXPENSE OFFICER",3336C0003X|333600000X|3336S0011X,tier_1_primary_pharmacy,Y,Y,
1740662600,ICY PHARMACY INC,1340 BUSHWICK AVE,,BROOKLYN,NY,112073962,7184555080,PRESIDENT,3336C0003X,tier_1_primary_pharmacy,Y,Y,
1225410145,CROWN RX INC,376 UTICA AVE,,BROOKLYN,NY,112135551,7187788750,SUPERVISING PHARMACIST,3336S0011X|3336L0003X|3336M0003X|333600000X|3336C0004X|3336C0003X,tier_1_primary_pharmacy,Y,Y,
1265816128,FENNY PHARMACY LLC,709 E TREMONT AVE,,BRONX,NY,104575001,9179624444,MEMBER,3336C0003X,tier_1_primary_pharmacy,Y,Y,
1477937472,ERINS PHARMACY INC,360 E 4TH ST,,NEW YORK,NY,100098501,2126777335,PRESIDENT,333600000X,tier_1_primary_pharmacy,Y,Y,
1649655044,LIGHT PHARMACY INC,319 AVENUE X,,BROOKLYN,NY,112235933,7188727668,PRESIDENT,3336C0003X,tier_1_primary_pharmacy,Y,Y,
1841675238,QUALITY LIFE PHARMACY CORP,7168 YELLOWSTONE BLVD,,FOREST HILLS,NY,113754115,7185447182,PRESIDENT,333600000X|3336C0003X,tier_1_primary_pharmacy,Y,Y,
1578948634,TAIRA RX CORP,11253 QUEENS BLVD,,FOREST HILLS,NY,113755554,7185759482,PRESIDENT,3336C0003X,tier_1_primary_pharmacy,Y,Y,
1356726525,NATURE'S REMEDY RX INC.,588 PLANDOME RD,,MANHASSET,NY,110301946,5164394911,PRESIDENT,3336C0003X,tier_1_primary_pharmacy,Y,Y,
1972989085,HAR HAR PHARMACY CORP,3771 103RD ST,,CORONA,NY,113683191,7187794450,"CEO, R.PH, PRESIDENT",333600000X,tier_1_primary_pharmacy,Y,Y,
1982080750,ABS RX CORP,163-06 HILLSIDE AVE,,JAMAICA,NY,11432,3474549035,PRESIDENT,333600000X,tier_1_primary_pharmacy,Y,Y,
1992181655,RAFIEH PHARMACY INC,70 LEE AVE,,BROOKLYN,NY,112111874,7183870021,OWNER/PRESIDENT/AO,333600000X|3336C0003X,tier_1_primary_pharmacy,Y,Y,
1821474404,"ROJAS PHARMACY, INC.",964 E 167TH ST,,BRONX,NY,104591950,7189511511,OWNER,333600000X,tier_1_primary_pharmacy,Y,Y,
1477929529,MEDWIZ PHARMACY LLC,240 N MAIN ST,,SPRING VALLEY,NY,109774020,8456245200,"CEO,OWNER,AO",3336L0003X|333600000X|3336C0003X,tier_1_primary_pharmacy,Y,Y,
1174999270,GOODMAN PLAZA PHARMACY INC,3250 3RD AVE,,BRONX,NY,104566743,3475909102,PRESIDENT,333600000X|3336C0003X,tier_1_primary_pharmacy,Y,Y,
1649646498,WHALERS APOTHECARY INC,120 MAIN ST,,SAG HARBOR,NY,119633007,6317250074,PRESIDENT,333600000X|3336C0003X,tier_1_primary_pharmacy,Y,Y,
1811363484,RELY RX INC,731 B MIDDLE COUNTRY RD,,SAINT JAMES,NY,11780,6316568900,SUPERVISING PHARMACIST,333600000X|3336C0004X|3336C0003X,tier_1_primary_pharmacy,Y,Y,
1629444112,ICON PHARMACY INC,4173B BOWNE ST,,FLUSHING,NY,11355,7188863082,PRESIDENT,3336C0003X,tier_1_primary_pharmacy,Y,Y,
1194191502,TOWN PHARMACY LLC,96 HORACE HARDING BLVD,,GREAT NECK,NY,110201106,5164395380,PHARMACIST,3336C0003X,tier_1_primary_pharmacy,Y,Y,
1417323759,NEW YORK FLUSHING PHARMACY LLC,15710 NORTHERN BLVD,,FLUSHING,NY,113545036,7184617200,PRESIDENT,333600000X,tier_1_primary_pharmacy,Y,Y,
1780051987,ATLANTIC BARCLAYS PHARMACY INC,2061 ATLANTIC AVE,,BROOKLYN,NY,112333202,9179669696,PRESIDENT,3336C0003X,tier_1_primary_pharmacy,Y,Y,
1700253713,BHOLE PHARMACY INC,3663 BROADWAY,,NEW YORK,NY,100311502,2124912910,R.PH.,3336C0003X|333600000X,tier_1_primary_pharmacy,Y,Y,
1659748150,VIVA PHARMACY & WELLNESS,8014 NORTHERN BLVD,,JACKSON HEIGHTS,NY,113721345,7184509595,"PIC, AO",333600000X|3336C0004X|3336C0003X,tier_1_primary_pharmacy,Y,Y,
1427425941,523 PHARMACY CORP,523 MALCOLM X BLVD,,NEW YORK,NY,100371808,2122817408,OWNER,3336C0003X,tier_1_primary_pharmacy,Y,Y,
1780052001,PAAK PHARMACY INC,689 MEDFORD AVE,,PATCHOGUE,NY,117721347,6312892468,SECRETARY,333600000X|3336L0003X|3336C0003X,tier_1_primary_pharmacy,Y,Y,
1073981346,FAMILY RX PHARMACY INC.,621 MERRICK AVE,,EAST MEADOW,NY,115543740,5162807474,SUPERVISING PHARMACIST,333600000X,tier_1_primary_pharmacy,Y,Y,
1659749760,COMFORT PHARMACY INC,7228 BROADWAY,,JACKSON HEIGHTS,NY,113726331,7184462705,OWNER,333600000X|3336C0003X,tier_1_primary_pharmacy,Y,Y,
1841668092,KING COMMUNITY PHARMACY INC.,161 DREISER LOOP,,BRONX,NY,104752703,3478998020,GM,3336C0003X,tier_1_primary_pharmacy,Y,Y,
1851769541,FREDS PHARMACY LLC,75 QUAKER STREET,,GRANVILLE,NY,12832,5186423733,OWNER/SUPERVISING PHARMACIST,333600000X|3336C0003X,tier_1_primary_pharmacy,Y,Y,
1740658426,1150 WEBSTER PHARMACY INC,1150 WEBSTER AVENUE,,BRONX,NY,10456,7189750142,PRESIDENT,3336C0003X,tier_1_primary_pharmacy,Y,Y,
1861861239,ISLAND CARE PHARMACY INC,150 NEW SCOTLAND AVE,,ALBANY,NY,122083423,5185125802,OWNER/PHARMACIST,333600000X|3336C0003X,tier_1_primary_pharmacy,Y,Y,
1427427657,NEXMED PHARMACY LLC.,239 W 238TH ST,,BRONX,NY,104632455,5162437702,OWNER,3336C0003X,tier_1_primary_pharmacy,Y,Y,
1376912485,ALBANY COLLEGE OF PHARMACY AND HEALTH SCIENCES,1044 STATE ST,,SCHENECTADY,NY,123071508,5185798100,PHARMACIST/OPERATIONS MANAGER,333600000X|3336C0004X|3336C0003X,tier_1_primary_pharmacy,Y,Y,
1982073607,HEALTH FIRST PHARMACY INC,4157 BROADWAY,,NEW YORK,NY,10033,2125681020,PRESIDENT,333600000X,tier_1_primary_pharmacy,Y,Y,
1023488681,"WELLMART RX, INC.",21913 JAMAICA AVE,,QUEENS VILLAGE,NY,114282126,7187040808,PRESIDENT,333600000X,tier_1_primary_pharmacy,Y,Y,
1538539051,NEWGEN PHARMACY INC.,18 MOTT ST,,NEW YORK,NY,100135030,2123491857,OWNER/ PHARMACIST,3336C0003X,tier_1_primary_pharmacy,Y,Y,
1972973428,MEDSCRIPT PHARMACY LLC,180 SUNRISE HWY,,ROCKVILLE CENTRE,NY,115704704,5164425783,OWNER,3336C0003X,tier_1_primary_pharmacy,Y,Y,
1588034870,ANUGU PHARMACY INC.,333 S BROADWAY,,HICKSVILLE,NY,118015062,5169333322,PRESIDENT,3336C0003X|333600000X,tier_1_primary_pharmacy,Y,Y,
1316317324,ROCKAWAY RX PHARMACY LLC,1367 ROCKAWAY PKWY,,BROOKLYN,NY,112362321,7189754666,OWNER,333600000X|3336C0003X,tier_1_primary_pharmacy,Y,Y,
1881064616,KINGSBRIDGE PHARMACY CORP,145 W KINGSBRIDGE RD,,BRONX,NY,104683914,7187088665,PRESIDENT,333600000X|3336C0003X,tier_1_primary_pharmacy,Y,Y,
1386014017,HEALTH AND COMFORT RX INC.,14802 JAMAICA AVE STE 104,,JAMAICA,NY,114354083,7182628777,OWNER,3336C0003X,tier_1_primary_pharmacy,Y,Y,
1023489606,SIDHI RX INC,1913 NOSTRAND AVE,,BROOKLYN,NY,112267917,7182822956,VICE PRESIDENT,333600000X|3336C0003X,tier_1_primary_pharmacy,Y,Y,
1083085484,PK PHARMACY.INC,811 SOUTHERN BLVD,,BRONX,NY,104595202,7183433860,PRESIDENT,3336C0003X|3336C0004X|333600000X,tier_1_primary_pharmacy,Y,Y,
1851762256,REGAL REMEDIES RX INC,19A OLYMPIA BLVD,,STATEN ISLAND,NY,103054309,7184422222,OWNER,333600000X|3336C0003X,tier_1_primary_pharmacy,Y,Y,
1154792125,145TH ST PHARMACY INC.,300 W 145TH ST,,NEW YORK,NY,100393142,2122813480,PRESIDENT,333600000X,tier_1_primary_pharmacy,Y,Y,
1962873976,ROCKY POINT PHARMACY INC,245 ROUTE 25A,,ROCKY POINT,NY,117788803,6317441681,PRESIDENT,333600000X,tier_1_primary_pharmacy,Y,Y,
1023489861,TRIGON PHARMACY INC,10117 QUEENS BLVD,,FOREST HILLS,NY,113752856,7189977333,PRESIDENT,3336C0003X,tier_1_primary_pharmacy,Y,Y,
1790156545,PHARMACY SPECIALIST GROUP II INC,743 E 9TH ST,,NEW YORK,NY,100095335,2123878800,PRESIDENT,3336C0003X,tier_1_primary_pharmacy,Y,Y,
1356713143,APOTHECO PHARMACY NEW YORK LLC,462 2ND AVE,,NEW YORK,NY,100169104,2128890022,PRESIDENT & OFFICER,3336C0003X,tier_1_primary_pharmacy,Y,Y,
1801268214,PMJ PHARMACY CORP,570 WESTBURY AVE,,CARLE PLACE,NY,115141747,5164731513,OWNER/RPH,3336C0003X,tier_1_primary_pharmacy,Y,Y,
1891167235,PHARMACY SPECIALIST GROUP III INC,52 WILLOUGHBY ST,,BROOKLYN,NY,112015212,7186436300,PRESIDENT,3336C0003X,tier_1_primary_pharmacy,Y,Y,
1619349685,222 JAMAICA ECONOMY DRUG,22121 JAMAICA AVE,,QUEENS VILLAGE,NY,114282015,7184655196,PRESIDENT,3336C0003X,tier_1_primary_pharmacy,Y,Y,
1689047565,LIFECARE RX INC.,8342 PARSONS BLVD,,JAMAICA,NY,114321642,7186589300,PRESIDENT,3336C0004X|333600000X|3336C0003X,tier_1_primary_pharmacy,Y,Y,
1609249218,INSTACARE PHARMACY INC,23520 147TH AVE,,ROSEDALE,NY,114223226,7187495515,PRESIDENT,3336C0003X,tier_1_primary_pharmacy,Y,Y,
1043683550,CENTER PHARMACY INC,1290 AMSTERDAM AVE,,NEW YORK,NY,100274598,2122227922,PRESIDENT,333600000X|3336C0003X,tier_1_primary_pharmacy,Y,Y,
1588037030,NEW GENERATION PHARMACY LLC,31-33 OLIVER STREET,STORE #3,NEW YORK CITY,NY,10038,2122279129,MANAGING MEMBER,3336C0003X,tier_1_primary_pharmacy,Y,Y,
1043683212,CITY SPECIALTY PHARMACY LLC,324 MAIN ST,,POUGHKEEPSIE,NY,12601,8454712320,PRESIDENT,3336C0003X,tier_1_primary_pharmacy,Y,Y,
1770956880,AADYA PHARMACY LLC,1805 5TH AVE,,BAY SHORE,NY,117061761,6312314960,PRESIDENT,333600000X,tier_1_primary_pharmacy,Y,Y,
1245603349,NITYA PHARMACY LLC,753 COMMACK RD,,BRENTWOOD,NY,117177407,6312990213,PRESIDENT,333600000X,tier_1_primary_pharmacy,Y,Y,
1013380054,WINDSOR PHARMACY EAST LLC,125 MICHAEL DR STE 106,,SYOSSET,NY,117915311,5168640522,PRESIDENT,333600000X|3336C0003X,tier_1_primary_pharmacy,Y,Y,
1982078978,VALLEY STREAM PHARMACY INC,238 ROCKAWAY AVE STE A,,VALLEY STREAM,NY,115805843,5164420200,OWNER,3336C0003X,tier_1_primary_pharmacy,Y,Y,
1275907529,KINGS PHARMACY INC,3424 CHURCH AVE,,BROOKLYN,NY,112032714,7188568048,SUPERVISING PHARMACIST,333600000X|3336C0003X,tier_1_primary_pharmacy,Y,Y,
1437523693,ALL FOR YOU PHARMACY INC,15615 AGUILAR AVE,,FLUSHING,NY,113672727,7183802700,OWNER,3336C0003X,tier_1_primary_pharmacy,Y,Y,
1710352836,CHEMPLUS PHARMACY CORP,1336 UTICA AVE,,BROOKLYN,NY,112035912,7189351033,SUPERVISING PHARMACIST,3336C0003X,tier_1_primary_pharmacy,Y,Y,
1265807176,PHILIP PHARMACY SOLUTION LLC,100 STEVENS AVE,,MOUNT VERNON,NY,105502600,9146686688,PHARMACIST,333600000X|3336C0003X,tier_1_primary_pharmacy,Y,Y,
1225403959,KM PHARMACY LLC,4135 KISSENA BLVD,,FLUSHING,NY,113553127,7188880110,SUPERVISING PHARMACIST,333600000X|3336C0004X|3336C0003X,tier_1_primary_pharmacy,Y,Y,
1275908816,MCLEAN AVE PHARMACY CORP,211 MCLEAN AVE,,YONKERS,NY,107054419,9143274888,PRESIDENT,333600000X|3336C0003X,tier_1_primary_pharmacy,Y,Y,
1457726796,VOORHIES HEALTH PHARMACY INC,2309 VOORHIES AVE,,BROOKLYN,NY,112352603,7189752872,PRESIDENT,3336C0003X,tier_1_primary_pharmacy,Y,Y,
1598120727,AMANI PHARMACY INC,1162 LIBERTY AVE,,BROOKLYN,NY,112083332,3474251996,MANAGER,333600000X|3336C0003X,tier_1_primary_pharmacy,Y,Y,
1033574041,RIDGEWOOD PHARMACY EXPRESS INC,5456A MYRTLE AVE,,RIDGEWOOD,NY,113853453,7183666900,OWNER,333600000X|3336C0004X|3336M0002X|3336S0011X|3336C0003X,tier_1_primary_pharmacy,Y,Y,
1669837563,SAMSAK PHARMACY CORP,906 E 180TH ST,,BRONX,NY,104601916,7184508759,PHARMACIST,3336C0003X|333600000X,tier_1_primary_pharmacy,Y,Y,
1821453770,EAST HARLEM APOTHECARY INC,300 E 102ND ST,,NEW YORK,NY,10029,2128311222,OWNER,333600000X|3336C0003X,tier_1_primary_pharmacy,Y,Y,
1891150637,IPS INTEGRATED PHARMACY SPECIALS LLC,10 CORPORATE DR,,ORANGEBURG,NY,109622614,8453593300,OWNER/PHARMACIST-IN-CHARGE,3336C0004X|3336C0003X|333600000X,tier_1_primary_pharmacy,Y,Y,
1669837316,CRESCENT PHARMACY INC,2914 CRESCENT ST,,ASTORIA,NY,111023140,7187772266,PRESIDENT,333600000X|3336S0011X,tier_1_primary_pharmacy,Y,Y,
1902261555,KONK PHARMACY INC,2002 CROPSEY AVE,,BROOKLYN,NY,112146203,7183734800,PRESIDENT,333600000X,tier_1_primary_pharmacy,Y,Y,
1558726182,MONTEFIORE COMMUNITY PHARMACY,111 E 210TH ST,,BRONX,NY,104672401,7189205194,MANAGER,3336C0002X|3336C0003X|333600000X,tier_1_primary_pharmacy,Y,Y,
1427414580,BROTHER PHARMACY & SURGICALS INC,565 LENOX AVE,,NEW YORK,NY,100371742,2122812345,PHARMACIST IN CHARGE,3336C0003X,tier_1_primary_pharmacy,Y,Y,
1518323682,MCGRAW PHARMACY INC,2048 MCGRAW AVE,,BRONX,NY,104628003,7186844512,PHARMACIST,333600000X|3336C0003X,tier_1_primary_pharmacy,Y,Y,
1962868877,RX SPECIALTY PHARMACY INC,45 LUDLOW ST,,YONKERS,NY,107051947,9143274400,PRESIDENT,3336C0003X|3336S0011X|3336L0003X,tier_1_primary_pharmacy,Y,Y,
1720444516,OAKLAND GARDENS PHARMACY CORP,22417A UNION TPKE,,OAKLAND GARDENS,NY,113643631,7187495021,PRESIDENT,333600000X|3336C0003X,tier_1_primary_pharmacy,Y,Y,
1538525316,MADINA PHARMACY INC,1105 BROADWAY ST STE 8,,BUFFALO,NY,142121511,7162422433,VICE PRESIDENT,333600000X|3336C0003X,tier_1_primary_pharmacy,Y,Y,
1740647189,SAUGERTIES PHARMACY LLC,18 MARKET ST,,SAUGERTIES,NY,124771339,8452465649,OWNER/PHARMACIST,3336C0003X|333600000X,tier_1_primary_pharmacy,Y,Y,
1336506468,BETTER HEALTH RX CORP,503 W 125TH ST,,NEW YORK,NY,100273402,2122228600,OWNER/PRESIDENT,333600000X|3336C0003X,tier_1_primary_pharmacy,Y,Y,
1295192383,PJP PHARMACY INC,621 E TREMONT AVE,,BRONX,NY,104574801,7184665695,OWNER,333600000X|3336C0003X,tier_1_primary_pharmacy,Y,Y,
1366809196,THE J APOTHECARY INC,10121 JAMAICA AVE,,RICHMOND HILL,NY,114182008,7188468600,OWNER,333600000X|3336C0003X,tier_1_primary_pharmacy,Y,Y,
1669839536,FLATBUSH RX CORP,1855 FLATBUSH AVE,,BROOKLYN,NY,112104840,7186774067,MANAGER,333600000X|3336C0003X,tier_1_primary_pharmacy,Y,Y,
1265899058,PARKSIDE EXPRESS PHARMACY INC,685 FLATBUSH AVE,,BROOKLYN,NY,112255689,3475291843,PRESIDENT,333600000X|3336C0003X,tier_1_primary_pharmacy,Y,Y,
1376900076,SERVAID PHARMACY INC,5411 18TH AVE,,BROOKLYN,NY,112041928,7183313600,OWNER,3336C0003X|333600000X,tier_1_primary_pharmacy,Y,Y,
1568820025,SAN REMO PHARMACY INC,603 E MAIN ST UNIT C,,BAY SHORE,NY,117068505,6316652229,"PRESIDENT,AO",333600000X|3336C0004X|3336S0011X|3336C0003X,tier_1_primary_pharmacy,Y,Y,
1356709737,BAYSIDE PHARMACY INC,22136 HORACE HARDING EXPY,,OAKLAND GARDENS,NY,113642333,7182241234,PRESIDENT,333600000X|3336C0003X,tier_1_primary_pharmacy,Y,Y,
1225496623,BIO DRUG INC,55 W 39TH ST,,NEW YORK,NY,100183803,2123989999,PRESIDENT,3336C0003X|333600000X,tier_1_primary_pharmacy,Y,Y,
1043678352,SREEVEN PHARMACY INC,1695 1ST AVE,,NEW YORK,NY,101284804,2123488900,PRESIDENT,3336C0003X,tier_1_primary_pharmacy,Y,Y,
1619335593,NYPRES PHARMACY INC,1083 SAINT NICHOLAS AVE,STO # 2,NEW YORK,NY,100323829,6469186640,PRESIDENT,333600000X|3336C0003X,tier_1_primary_pharmacy,Y,Y,
1619335528,CAREWAY RX INC,1174 FLATBUSH AVE,,BROOKLYN,NY,112267005,7184838743,SUPERVISING PHARMACIST/MANAGER,3336C0003X,tier_1_primary_pharmacy,Y,Y,
1073972659,HAYATT PHARMACY CORP,6920 5TH AVE,,BROOKLYN,NY,112091507,3476626119,"OWNER, PIC, AO",333600000X|3336C0003X,tier_1_primary_pharmacy,Y,Y,
1144689233,SAAR PHARMACY INC.,602 WELLWOOD AVE,,LINDENHURST,NY,117572001,6314504404,OWNER,3336C0003X,tier_1_primary_pharmacy,Y,Y,
1831558816,GENESEE RX INC,1900 GENESEE ST,,UTICA,NY,135025635,3157658800,SECRETARY,333600000X|3336C0003X,tier_1_primary_pharmacy,Y,Y,
1164881942,"RAINA RX, LLC",1208 ROUTE 300 STE 103,,NEWBURGH,NY,125505003,8008109274,VICE PRESIDENT,3336S0011X|3336C0003X|3336H0001X|333600000X,tier_1_primary_pharmacy,Y,Y,
1912366659,DESHBANGLA PHARMACY INC,481 MCDONALD AVE,,BROOKLYN,NY,112183811,7189757771,SUPERVISING PHARMACIST,333600000X|3336C0003X,tier_1_primary_pharmacy,Y,Y,
1417317934,CANARSIE WELLNESS PHARMACY INC.,10317 GLENWOOD RD,,BROOKLYN,NY,11236,7185766556,PRESIDENT,3336C0003X,tier_1_primary_pharmacy,Y,Y,
1366802563,"HOPEWELL PHARMACY & SURGICALS, INC.",181 MACDOUGAL ST,,BROOKLYN,NY,112336217,7189749611,OWNER,333600000X|3336C0003X,tier_1_primary_pharmacy,Y,Y,
1245690239,PREMIER RX CORP,397 FULTON AVE,,HEMPSTEAD,NY,115504127,5164833000,PRESIDENT,3336C0003X,tier_1_primary_pharmacy,Y,Y,
1235599093,QUEST PHARMACY CORP.,2115 SURF AVE,,BROOKLYN,NY,112242108,7182666111,PRESIDENT,3336C0003X,tier_1_primary_pharmacy,Y,Y,
1174983977,RX FOR YOU CORP,1767 SOUTHERN BLVD,,BRONX,NY,104604801,7189913400,OWNER,333600000X|3336C0003X,tier_1_primary_pharmacy,Y,Y,
1306206164,NATURES WAY PHARMACY INC,6027 MYRTLE AVE,,RIDGEWOOD,NY,113855933,3479873585,CORPORATE SECRETARY,333600000X|3336C0003X,tier_1_primary_pharmacy,Y,Y,
1215398086,CLEAR PHARMACY INC,1707 KINGS HWY,,BROOKLYN,NY,112291207,7189757680,PRESIDENT,3336C0004X|333600000X|3336C0003X,tier_1_primary_pharmacy,Y,Y,
1114388816,HEALTHY HAPPY PHARMACY INC,43-13 MAIN ST,,FLUSHING,NY,11355,7183218381,PRESIDENT,333600000X|3336C0003X,tier_1_primary_pharmacy,Y,Y,
1699136986,KEANES FAMILY PHARMACY INC,586 LENOX AVE,,NEW YORK,NY,100371201,2123683777,PRESIDENT,3336C0003X,tier_1_primary_pharmacy,Y,Y,
1255792263,A STAR PHARMACY INC,757 60TH ST,,BROOKLYN,NY,112204209,7184394981,SECRETARY,3336C0004X|333600000X|3336C0003X,tier_1_primary_pharmacy,Y,Y,
1902268840,RANGEL PHARMACY INC,159 12 HARLEM RIVER DR,,NEW YORK,NY,10039,2122837200,PRESIDENT,3336C0003X|333600000X,tier_1_primary_pharmacy,Y,Y,
1124480967,LARCHMONT PHARMACY LLC,2141 PALMER AVE,,LARCHMONT,NY,105382406,9143411900,MEMBER,3336C0003X,tier_1_primary_pharmacy,Y,Y,
1558723379,INTERNATIONAL PHARMACY INC,13 STANTON ST,,NEW YORK,NY,100021219,6468610287,PRESIDENT,333600000X|3336C0003X,tier_1_primary_pharmacy,Y,Y,
1003278656,CUSTOM RX PHARMACY LLC,10203A QUEENS BLVD,,FOREST HILLS,NY,11375,7188304500,PHARMACIST,3336C0003X,tier_1_primary_pharmacy,Y,Y,
1902268162,103 PHARMACY INC,2002 2ND AVE,STORE 1,NEW YORK,NY,100295445,2124104410,OWNER,3336C0003X|333600000X,tier_1_primary_pharmacy,Y,Y,
1225490360,PHARMACHOICE PHARMACY 2 INC.,2509 30TH AVE,,ASTORIA,NY,111023587,3476390007,OWNER,3336C0003X,tier_1_primary_pharmacy,Y,Y,
1447613385,AEGIS PHARMACY INC,5425 FLATLANDS AVE,,BROOKLYN,NY,112342405,7184445425,PRESIDENT,3336C0003X|333600000X,tier_1_primary_pharmacy,Y,Y,
1245692276,WELLMART PHARMACY LLC,172 WATKINS ST,,BROOKLYN,NY,112126713,7184987800,PRESIDENT,333600000X,tier_1_primary_pharmacy,Y,Y,
1205299948,LIMA VILLAGE PHARMACY LLC,7298 W MAIN ST,,LIMA,NY,144859473,5856249777,SUPERVISING PHARMACIST,333600000X|3336C0003X,tier_1_primary_pharmacy,Y,Y,
1295198828,ADVANCED PHARMACY INC,6929 MYRTLE AVE,,GLENDALE,NY,113857265,3479161895,PRESIDENT,3336C0004X|333600000X|3336C0003X,tier_1_primary_pharmacy,Y,Y,
1922461540,KATONAH PHARMACY INC,202 KATONAH AVE,,KATONAH,NY,105362110,9142322300,"VP, MANAGER,AO",3336C0004X|333600000X|3336C0003X,tier_1_primary_pharmacy,Y,Y,
1588027098,MED-RX INC,420 MOTHER GASTON BLVD,,BROOKLYN,NY,112127618,7182131048,VICE-PRESIDENT,333600000X|3336C0003X,tier_1_primary_pharmacy,Y,Y,
1427411776,SOUTH SIDE PHARMACY & HEALTH SHOP LLC,432 BEDFORD AVE,,BROOKLYN,NY,112496588,7187827200,OWNER,3336C0003X,tier_1_primary_pharmacy,Y,Y,
1518321645,30TH AVENUE PHARMACY INC,3506 30TH AVE,,ASTORIA,NY,111034623,7187778544,OWNER/TCH/AO,333600000X|3336C0003X,tier_1_primary_pharmacy,Y,Y,
1033573076,BAYSIDE RX LLC,21411 41ST AVE,,FLUSHING,NY,113612133,7182441400,PRESIDENT,3336C0003X|333600000X,tier_1_primary_pharmacy,Y,Y,
1558725499,SOUTH FULTON PHARMACY INC,301 S FULTON AVE,,MOUNT VERNON,NY,105531715,9146677772,PRESIDENT,333600000X|3336C0003X,tier_1_primary_pharmacy,Y,Y,
1710341722,CENTRE CARE PHARMACY LLC,2321 86TH ST,,BROOKLYN,NY,112144309,2122260988,PIC,333600000X|3336C0003X,tier_1_primary_pharmacy,Y,Y,
1841654662,READY RX PHARMACY CORP,14405 JAMAICA AVE,,JAMAICA,NY,114353623,7182974500,PRESIDENT,3336C0003X,tier_1_primary_pharmacy,Y,Y,
1407200629,"BURNET PHARMACY, LLC",3056 BURNET AVE STE 12,,SYRACUSE,NY,132062466,3154370102,PRESIDENT,333600000X|3336C0004X|3336C0003X,tier_1_primary_pharmacy,Y,Y,
1104270206,SHERMAN AREA PHARMACY INC,105 W MAIN ST,,SHERMAN,NY,14781,7167616876,PRESIDENT /OWNER,3336C0003X|333600000X,tier_1_primary_pharmacy,Y,Y,
1467806398,YOUR CHOICE PHARMACY INC,245 E 124TH ST,,NEW YORK,NY,100352093,2123486700,PRESIDENT,3336C0003X|333600000X,tier_1_primary_pharmacy,Y,Y,
1760836431,SUPER HEALTH PHARMACY LLC,6390 AMBOY RD,,STATEN ISLAND,NY,103093155,7189674600,PHARMACIST,333600000X|3336C0003X,tier_1_primary_pharmacy,Y,Y,
1104270487,MY FAMILY PHARMACY INC,8215 NORTHERN BLVD,,JACKSON HEIGHTS,NY,113721457,7184409201,PRESIDENT,3336C0003X,tier_1_primary_pharmacy,Y,Y,
1417301706,NUEVA LUZ PHARMACY INC,8009 37TH AVE,,JACKSON HEIGHTS,NY,113726719,7184069040,PRESIDENT,333600000X|3336C0003X,tier_1_primary_pharmacy,Y,Y,
1700231073,HUDSON PHARMACY & SURGICAL SUPPLIES INC.,40 SPRING ST,,OSSINING,NY,105624716,9149414476,OWNER,333600000X|3336L0003X,tier_1_primary_pharmacy,Y,Y,
1295180883,NEW BRITAIN PHARMACY INC.,9422 AVENUE L,,BROOKLYN,NY,112364809,7182511313,CEO,333600000X|3336C0003X,tier_1_primary_pharmacy,Y,Y,
1124473681,BELIS PHARMACY INC,33 W BURNSIDE AVE,33 WEST BURN SIDE AVE,BRONX,NY,104534020,7186187676,PRESIDENT,3336C0003X|333600000X,tier_1_primary_pharmacy,Y,Y,
1447605811,TRUECARE APOTHECARY INC,995 ROUTE 22,,BREWSTER,NY,105091526,8459401111,PRESIDENT,333600000X|3336C0003X,tier_1_primary_pharmacy,Y,Y,
1700232030,MEDS4YOU PHARMACY INC.,3849 10TH AVE,,NEW YORK,NY,100341850,2123044541,OWNER,3336C0003X,tier_1_primary_pharmacy,Y,Y,
1083060370,SMARTSHOP PHARMACY INC,3217 BEACH CHANNEL DR # A,,FAR ROCKAWAY,NY,116911502,7188682200,OWNER,333600000X,tier_1_primary_pharmacy,Y,Y,
1003262221,TAMMY CARE PHARMACY INC,2641 JEROME AVE,,BRONX,NY,104684349,7189334000,PHARMACIST/OWNER,3336C0003X,tier_1_primary_pharmacy,Y,Y,
1689020794,ABBY PHARMACY INC,812 60TH ST,,BROOKLYN,NY,112204322,3479151010,MANAGER,333600000X|3336S0011X|3336C0003X,tier_1_primary_pharmacy,Y,Y,
1366898207,NATURES APOTHECARY LLC,301 S MEADOW ST,,ITHACA,NY,148505215,6072733100,OWNER/ PHARMACIST,333600000X|3336C0004X,tier_1_primary_pharmacy,Y,Y,
1134576630,DITMAS PARK PHARMACY INC,509 RALPH AVE,,BROOKLYN,NY,112334406,7189754989,PRESIDENT,333600000X|3336C0003X,tier_1_primary_pharmacy,Y,Y,
1689021057,JMD PHARMACY INC,5809 WOODSIDE AVE,,WOODSIDE,NY,113773437,9295220858,PRESIDENT,333600000X|3336C0003X,tier_1_primary_pharmacy,Y,Y,
1932556032,MAIN STREET PHARMACY INC,761 MAIN ST,,NEW ROCHELLE,NY,108051511,9142351000,PRESIDENT,333600000X|3336C0003X,tier_1_primary_pharmacy,Y,Y,
1114375748,HMB IV PHARMACY MANAGEMENT LLC,1250 WATERS PL,TOWER II,BRONX,NY,104612720,7189757774,MANAGER,333600000X|3336C0002X|3336C0003X,tier_1_primary_pharmacy,Y,Y,
1740637354,AMERICAN PHARMACY II INC,128 MOTT ST,G/F UNIT 102B,NEW YORK,NY,100135540,2128821329,PRESIDENT,3336C0003X,tier_1_primary_pharmacy,Y,Y,
1932556503,ASTORIA ORGANIX PHARMACY INC,3720 31ST AVE,,ASTORIA,NY,111033822,7182551338,OWNER/SUPERVISING PHARMACIST,333600000X|3336C0004X|3336C0003X,tier_1_primary_pharmacy,Y,Y,
1447607080,BRONX SPECIALTY PHARMACY INC,940A SOUTHERN BLVD,,BRONX,NY,104593402,7183282800,PRESIDENT,333600000X|3336C0004X|3336C0003X,tier_1_primary_pharmacy,Y,Y,
1447608864,MGL PHARMACY INC.,6320 99TH ST,,REGO PARK,NY,113741941,7184590911,PHARMACIST / MANAGER,333600000X|3336C0003X,tier_1_primary_pharmacy,Y,Y,
1922456607,BANGLA PHARMACY INC,401 CHURCH AVE,,BROOKLYN,NY,112183107,7185541900,PHARMACIST,333600000X|3336C0003X,tier_1_primary_pharmacy,Y,Y,
1922456730,"NY HEALTH PHARMACY, INC.",156-26 NORTHERN BLVD.,,FLUSHING,NY,11354,7186614440,PRESIDENT,3336C0003X,tier_1_primary_pharmacy,Y,Y,
1700235074,EAST TREMONT RX INC,1065 E TREMONT AVE,,BRONX,NY,104602306,7188610382,PRESIDENT,333600000X|3336S0011X|3336C0003X,tier_1_primary_pharmacy,Y,Y,
1215386362,B & H PHARMACY CORP,327 8TH AVE,,NEW YORK,NY,100014807,2122555522,PRESIDENT,333600000X,tier_1_primary_pharmacy,Y,Y,
1841640653,UPTOWN CARE PHARMACY LLC,2254 2ND AVE,,NEW YORK,NY,100292268,2122218355,PHARMACIST,333600000X|3336C0003X,tier_1_primary_pharmacy,Y,Y,
1215387931,SKS PHARMACY LLC,611 LIVONIA AVE,,BROOKLYN,NY,112075308,7183856000,MANAGER,333600000X|3336C0003X,tier_1_primary_pharmacy,Y,Y,
1881044501,2070 PHARMACY CORP,2070A JEROME AVE,,BRONX,NY,104531817,3475900805,PRESIDENT,3336C0003X|333600000X,tier_1_primary_pharmacy,Y,Y,
1952751257,FRANKLIN RX INC,98B N FRANKLIN ST,,HEMPSTEAD,NY,115503029,5162920222,PRESIDENT,3336C0004X|333600000X|3336C0003X,tier_1_primary_pharmacy,Y,Y,
1679923866,CLARENCE PHARMACY LLC,9500 MAIN ST STE 600,,CLARENCE,NY,140311981,7164073544,SUPERVISING PHARMACIST,333600000X|3336C0003X,tier_1_primary_pharmacy,Y,Y,
1568812451,18 PHARMACY INC,89 BOWERY,,NEW YORK,NY,100024915,2125710027,OWNER,333600000X|3336C0003X,tier_1_primary_pharmacy,Y,Y,
1326498288,MSN RX INC,8612 37TH AVE,,JACKSON HEIGHTS,NY,113727533,7188033888,OWNER,333600000X|3336C0003X,tier_1_primary_pharmacy,Y,Y,
1780035105,MOTT HAVEN RX INC,400 E 141ST ST,,BRONX,NY,104542212,7182929144,PRESIDENT,3336C0003X,tier_1_primary_pharmacy,Y,Y,
1376994798,AVK RX INC,3904 CHURCH AVE,,BROOKLYN,NY,112032915,7184849810,PRESIDENT,3336S0011X|333600000X|3336C0004X|3336C0003X,tier_1_primary_pharmacy,Y,Y,
1104277631,ONE DRUG CORP,411 E 138TH ST,,BRONX,NY,104543004,7184017900,PRESIDENT,3336C0003X,tier_1_primary_pharmacy,Y,Y,
1922459098,BIG SIX PHARMACY CORP,6110 QUEENS BLVD,,WOODSIDE,NY,113775776,7186060422,PRESIDENT,333600000X|3336C0003X,tier_1_primary_pharmacy,Y,Y,
1073965729,"PROPEL PHARMACY, LLC",5962 STATE ROUTE 31 STE 4,,CICERO,NY,130397857,8884078015,PHARMACIST IN CHARGE,3336C0003X|333600000X,tier_1_primary_pharmacy,Y,Y,
1922451970,PRICE CHOPPER PHARMACY,461 NOTT ST,,SCHENECTADY,NY,123081812,5183555000,PHARMACIST,3336C0003X,tier_1_primary_pharmacy,Y,Y,
1588017735,FUSION APOTHECARY LLC,1158 2ND AVE,,NEW YORK,NY,100658504,9174727895,"MANAGING MEMBER, PHARMACIST",3336C0003X,tier_1_primary_pharmacy,Y,Y,
1306399357,SA PHARMACY INC,2062 CLOVE RD,,STATEN ISLAND,NY,103041650,9178301499,PRESIDENT,333600000X|3336C0003X,tier_1_primary_pharmacy,Y,Y,
1295288041,SUNSHINE PHARMACY INC,8003 ATLANTIC AVE,,WOODHAVEN,NY,114212924,7182961900,PRESIDENT,333600000X|3336C0004X|3336L0003X|3336M0003X|3336C0003X,tier_1_primary_pharmacy,Y,Y,
1689127383,VARELA PHARMACY INC.,5314 ROOSEVELT AVE,,WOODSIDE,NY,113774239,9178326095,OWNER/PHARMACIST,3336C0003X|333600000X,tier_1_primary_pharmacy,Y,Y,
1104379742,UNIK CARE PHARMACY INC,2524 30TH AVE,,ASTORIA,NY,111022448,7187266774,PRESIDENT,333600000X|3336C0003X,tier_1_primary_pharmacy,Y,Y,
1861945396,S&A DRUG STORE INC,11 S 4TH AVE,,MOUNT VERNON,NY,105503104,9146689300,S.PHARMACIST,3336C0003X,tier_1_primary_pharmacy,Y,Y,
1891248324,RSI PHARMACY INC,333 S BROADWAY,,HICKSVILLE,NY,118015062,5169333322,PRESIDENT,3336C0003X,tier_1_primary_pharmacy,Y,Y,
1649723909,I.C. PHARMACY LLC,34 35TH ST,"SUITE 4BSW, MAILBOX 28",BROOKLYN,NY,11232,3475542663,VICE PRESIDENT,3336C0003X,tier_1_primary_pharmacy,Y,Y,
1134673403,YESRX PHARMACY CORP.,2492 WEBSTER AVE,,BRONX,NY,104585509,7183672105,PRESIDENT,3336C0003X|333600000X,tier_1_primary_pharmacy,Y,Y,
1023562022,TJ PHARMACY INC,821 PROSPECT AVE,,WESTBURY,NY,115903777,5162809674,PRESIDENT,3336C0003X,tier_1_primary_pharmacy,Y,Y,
1285188995,HUQ GATEWAY PHARMACY INC,1184 ELTON ST,,BROOKLYN,NY,112395831,3475871771,PRESIDENT,333600000X|3336C0003X,tier_1_primary_pharmacy,Y,Y,
1134673965,ROOSEVELT DRUG CORP,74 19 ROOSEVELT AVE,,JACKSON HEIGHTS,NY,113726529,7184241291,PRESIDENT,333600000X|3336C0003X,tier_1_primary_pharmacy,Y,Y,
1942754601,E-GREEN PHARMACY INC,3500 BROADWAY,,NEW YORK,NY,10031,2126941200,PRESIDENT,3336C0003X,tier_1_primary_pharmacy,Y,Y,
1972057537,SAV PHARMACY INC,1001 CHURCH AVE,,BROOKLYN,NY,112182711,7188562976,PRESIDENT,3336C0003X,tier_1_primary_pharmacy,Y,Y,
1891249462,C & J WELLNESS PHARMACY LLC,1425 BROADWAY,,BROOKLYN,NY,112214202,7184430591,OWNER/AO,333600000X|3336C0003X,tier_1_primary_pharmacy,Y,Y,
1174077564,OCEAN A & R PHARMACY INC.,2806 OCEAN AVE,,BROOKLYN,NY,112294708,3474629550,PRESIDENT,333600000X|3336C0003X,tier_1_primary_pharmacy,Y,Y,
1316492721,BARDONIA PHARMACY LLC,301 ROUTE 304 STE 4,,BARDONIA,NY,109542146,8455070555,PRESIDENT,333600000X|3336C0004X|3336C0003X,tier_1_primary_pharmacy,Y,Y,
1376098772,PENN PHARMACY INC,1666 BOSTON RD,,BRONX,NY,104604980,7184844280,PRESIDENT,333600000X|3336C0003X,tier_1_primary_pharmacy,Y,Y,
1215482435,RV PHARMACY CORP,754 E 151ST ST,,BRONX,NY,104553267,9174737810,OWNER,333600000X|3336C0003X,tier_1_primary_pharmacy,Y,Y,
1801341045,"MEGA AID PHARMACY II, INC.",140 58TH ST BLDG B,,BROOKLYN,NY,112202521,2129204500,OWNER,333600000X|3336C0004X|3336C0003X,tier_1_primary_pharmacy,Y,Y,
1962957050,BEST STOP PHARMACY INC,2366 GRAND CONCOURSE,,BRONX,NY,104586908,7186187099,PRESIDENT,333600000X|3336C0003X,tier_1_primary_pharmacy,Y,Y,
1457806416,GREEN PLUS PHARMACY INC,191 NEPTUNE AVE,,BROOKLYN,NY,112356992,7183684336,PRESIDENT,3336C0003X,tier_1_primary_pharmacy,Y,Y,
1265987994,222 JAMAICA DRUG LLC,221 21 JAMAICA AVE,,QUEENS VILLAGE,NY,114282097,7184655196,CEO,3336S0011X|3336C0003X|333600000X,tier_1_primary_pharmacy,Y,Y,
1528514775,QUEENS UNITY PHARMACY INC,16812,HILLSIDE AVENUE,JAMAICA,NY,114324341,7187515895,PRESIDENT,3336C0003X,tier_1_primary_pharmacy,Y,Y,
1710433925,CONCORD PHARMACY LLC,301 E KINGSBRIDGE RD,,BRONX,NY,104584443,9293290421,PHARMACY MANAGER,3336C0003X|333600000X,tier_1_primary_pharmacy,Y,Y,
1326594318,HEALTH MAX PHARMACY INC,2749 PITKIN AVE # 2,2,BROOKLYN,NY,112083119,3479150952,SUPERVISING PHARMACIST,333600000X|3336C0003X,tier_1_primary_pharmacy,Y,Y,
1669929170,STM DRUG CORP,3705 83RD ST,,JACKSON HEIGHTS,NY,113727141,7188033330,PRESIDENT,333600000X|3336C0003X,tier_1_primary_pharmacy,Y,Y,
1235686718,GREENWAY PHARMACY INC,644 ROGERS AVE,,BROOKLYN,NY,112261502,7184622029,PRESIDENT,3336C0003X,tier_1_primary_pharmacy,Y,Y,
1457808974,RYE RIDGE PHARMACY INC,146 S. RIDGE STREET,,RYE BROOK,NY,10573,9149374444,PRESIDENT,333600000X|3336C0003X,tier_1_primary_pharmacy,Y,Y,
1598211294,METRO RX INC,910 E GUN HILL RD,,BRONX,NY,104693708,7186551237,PRESIDENT,3336C0003X,tier_1_primary_pharmacy,Y,Y,
1306393202,CAREX PHARMACY INC,742 LYDIG AVE,,BRONX,NY,104622104,7186788700,PRESIDENT,333600000X|3336C0003X,tier_1_primary_pharmacy,Y,Y,
1639627011,PITKIN PHARMACY & FOOD MART INC,1601 PITKIN AVE,,BROOKLYN,NY,112125045,7174848730,PRESIDENT,3336C0003X|333600000X,tier_1_primary_pharmacy,Y,Y,
1467900860,MEDS4DAYS PHARMACY INC,1384 BOSTON RD,,BRONX,NY,104562541,9176881102,PRESIDENT,3336C0003X|333600000X,tier_1_primary_pharmacy,Y,Y,
1538617899,WECARE RX PLUS INC,2405 WESTCHESTER AVE,,BRONX,NY,104613538,7186845070,OWNER/PRESIDENT/PIC/AO,333600000X|3336C0003X,tier_1_primary_pharmacy,Y,Y,
1972051100,ALLCARE HEALTH PHARMACY LLC,276 MAIN ST,,WHITE PLAINS,NY,106012443,9146073939,PHARMACIST,333600000X|3336C0003X,tier_1_primary_pharmacy,Y,Y,
1629526884,NATES HUGUENOT PHARMACY CORP.,877 HUGUENOT AVE,,STATEN ISLAND,NY,103123920,7185094100,PRESIDENT,3336C0003X,tier_1_primary_pharmacy,Y,Y,
1790233542,"MHHC PHARMACY, INC.",57 W BURNSIDE AVE STE B1,,BRONX,NY,104534038,7189242688,SECRETARY,333600000X|3336S0011X|3336C0003X,tier_1_primary_pharmacy,Y,Y,
1831648138,KIOSK FLUSHING PHARMACY INC,4101 KISSENA BLVD,,FLUSHING,NY,113553138,7184632261,PRESIDENT,3336C0004X|333600000X|3336C0003X,tier_1_primary_pharmacy,Y,Y,
1023568813,CURE CARE PHARMACY INC.,2115 SURF AVE,,BROOKLYN,NY,112242108,7182666111,PRESIDENT,3336C0003X,tier_1_primary_pharmacy,Y,Y,
1588114037,MEDAID PHARMACY INC.,7708 101ST AVE,,OZONE PARK,NY,114161914,3475615024,PRESIDENT,3336C0003X,tier_1_primary_pharmacy,Y,Y,
1376093674,BROOKDALE RX INC.,1110 PENNSYLVANIA AVE,,BROOKLYN,NY,112079003,7182408650,SUPERVISING PHARMACIST,333600000X|3336C0003X,tier_1_primary_pharmacy,Y,Y,
1447700554,AWARD PHARMACY CORP,2249 86TH ST,,BROOKLYN,NY,112144107,7183311310,OWNER,3336C0003X,tier_1_primary_pharmacy,Y,Y,
1437609450,"ATTICA PHARMACY, INC.",2 MARKET ST,,ATTICA,NY,140111024,5855911111,PRESIDENT,333600000X,tier_1_primary_pharmacy,Y,Y,
1891246443,MANSON PHARMACY INC,13769 QUEENS BLVD,,BRIARWOOD,NY,114351845,7182974424,SUPERVISING PHARMACIST,3336C0003X,tier_1_primary_pharmacy,Y,Y,
1609327113,SAI RX MART LLC,173 BROAD ST,,STATEN ISLAND,NY,103042057,7184474127,"PIC, AO",333600000X|3336C0003X,tier_1_primary_pharmacy,Y,Y,
1265983886,TRIBECA PHARMACY INC,19 SIXTH AVE,,NEW YORK,NY,10013,2122190095,PRESIDENT,3336C0003X,tier_1_primary_pharmacy,Y,Y,
1265983647,KIOSK FLUSHING PHARMACY INC.,4101 KISSENA BLVD,,FLUSHING,NY,113553138,7184632261,PRESIDENT,3336C0003X,tier_1_primary_pharmacy,Y,Y,
1821549114,LIFE-TOUCH PHARMACY INC,361 SUTTER AVE,,BROOKLYN,NY,112127501,3475290500,OWNER/SUPERVISING PHARMACIST,333600000X|3336C0003X,tier_1_primary_pharmacy,Y,Y,
1235680455,SAI DURGA PHARMACY LLC,23 SPENCER PL,,SCARSDALE,NY,105834110,9147232808,MEMBER,3336C0004X|333600000X|3336C0003X,tier_1_primary_pharmacy,Y,Y,
1952852048,CLINICAL PHARMACY INC,13107 ROCKAWAY BLVD,,SOUTH OZONE PARK,NY,114202931,7183225000,MANAGER,3336C0003X,tier_1_primary_pharmacy,Y,Y,
1003368010,NATION CARE PHARMACY INC.,136 NORTHERN BLVD STE 6,,GREAT NECK,NY,110214317,5162094970,OWNER,3336C0003X|333600000X,tier_1_primary_pharmacy,Y,Y,
1396297024,CEDRA PHARMACY BROADWAY LLC,2268 BROADWAY,,NEW YORK,NY,100245403,2128775000,CEO,333600000X|3336C0003X,tier_1_primary_pharmacy,Y,Y,
1891247433,"ADVANCED RX, INC.",76-12 ROOSEVELT AVE,,JACKSON HEIGHTS,NY,11372,7188030500,OWNER,333600000X|3336C0003X,tier_1_primary_pharmacy,Y,Y,
1174075626,SAAB PHARMACY INC,291 NEPTUNE AVE,,BROOKLYN,NY,11235,7183325577,OWNER,333600000X,tier_1_primary_pharmacy,Y,Y,
1194277632,BUENA VIDA PHARMACY INC.,9108 37TH AVE,,JACKSON HEIGHTS,NY,113727920,7184584500,PRESIDENT,3336C0003X,tier_1_primary_pharmacy,Y,Y,
1053863431,LAFAYETTE FAMILY PHARMACY INC,849 SOUNDVIEW AVE,,BRONX,NY,104733903,7186187205,PRESIDENT/OWNER,333600000X|3336C0003X,tier_1_primary_pharmacy,Y,Y,
1114469269,JMM PHARMACY INC,8924 37TH AVE,,JACKSON HEIGHTS,NY,113727739,7185651900,PRESIDENT,3336C0003X,tier_1_primary_pharmacy,Y,Y,
1134661119,RUGBY PHARMACY INC.,949 CONEY ISLAND AVE,,BROOKLYN,NY,112301401,7187031800,PRESIDENT,3336C0003X,tier_1_primary_pharmacy,Y,Y,
1851833693,HEALTHY FAMILY PHARMACY INC,5901 8TH AVE,STORE #1,BROOKLYN,NY,112203294,7186767733,SECRETARY,333600000X|3336C0003X,tier_1_primary_pharmacy,Y,Y,
1619419025,PHARMACY AT THE WAVE INC,104 W END AVE,,BROOKLYN,NY,112354952,7188914300,PRES,333600000X|3336C0004X|3336C0003X,tier_1_primary_pharmacy,Y,Y,
1841732237,"NEW YORK PHARMACY NETWORK, LLC",444 MERRICK RD STE LL5,LL5,LYNBROOK,NY,115632461,5165315000,COEO,333600000X|3336C0003X,tier_1_primary_pharmacy,Y,Y,
1639612922,HI TECH PHARMACY INC,5806 4TH AVE,,BROOKLYN,NY,112203810,7187651900,OWNER,333600000X|3336C0003X,tier_1_primary_pharmacy,Y,Y,
1154864262,STAT SCRIPT RX INC,1800A NEW YORK AVE,,HUNTINGTON STATION,NY,117462955,6312717828,PRESIDENT,333600000X,tier_1_primary_pharmacy,Y,Y,
1114460235,AMAZING COMMUNITY PHARMACY LLC,595 E TREMONT AVE,,BRONX,NY,104574727,7184661122,SUPERVISING PHARMACIST,3336C0003X,tier_1_primary_pharmacy,Y,Y,
1174066229,QUENTIN ROAD PHARMACY INC,3109 QUENTIN RD,,BROOKLYN,NY,112344234,7189982588,OWNER,333600000X|3336C0004X|3336C0003X,tier_1_primary_pharmacy,Y,Y,
1316480486,HERITAGE PHARMACY INC,233 E TREMONT AVE,,BRONX,NY,104575303,7189013186,OWNER,3336C0003X,tier_1_primary_pharmacy,Y,Y,
1881137875,EASTERN PHARMACY INC,15913 HILLSIDE AVE,,JAMAICA,NY,114323935,9173964944,PRESIDENT,333600000X,tier_1_primary_pharmacy,Y,Y,
1033652805,GOOD NATURE PHARMACY LLC,805 WASHINGTON AVE,,BROOKLYN,NY,112386104,7186365655,MANAGING EMPLOYEE,3336C0003X|333600000X,tier_1_primary_pharmacy,Y,Y,
1710420294,ALBANY COLLEGE OF PHARMACY AND HEALTH SCIENCES,920 LARK DR,,ALBANY,NY,122071300,5186948522,PHARMACIST,333600000X|3336C0003X,tier_1_primary_pharmacy,Y,Y,
1992248488,PHARMCARE RX PHARMACY INC,5999 BROADWAY,,BRONX,NY,104714101,5163950034,PRESIDENT,333600000X,tier_1_primary_pharmacy,Y,Y,
1467996801,HEARTLAND PHARMACY CORP,17827 HILLSIDE AVE,,JAMAICA,NY,114324624,7182859940,PRESIDENT,3336C0003X,tier_1_primary_pharmacy,Y,Y,
1699219097,EBA DRUG CORP,1490 FLATBUSH AVE,,BROOKLYN,NY,112102436,7184218161,OWNER,3336S0011X|3336C0003X,tier_1_primary_pharmacy,Y,Y,
1639613607,KMART PHARMACY CORPORATION LLC,171 DELAWARE AVE,,SIDNEY,NY,138381349,6075639911,DISTRICT MANAGER,333600000X,tier_1_primary_pharmacy,Y,Y,
1619411493,MULBERRY PHARMACY INC,87 MULBERRY ST,,NEW YORK,NY,100134452,2126936688,BUSINESS OWNER,3336C0003X,tier_1_primary_pharmacy,Y,Y,
1952845513,3 GEM PHARMACY INC,1398 GRAND CONCOURSE,,BRONX,NY,104561220,7185883333,OWNER,333600000X|3336C0003X,tier_1_primary_pharmacy,Y,Y,
1548704174,THN PHARMACY INC,1601 PITKIN AVE,,BROOKLYN,NY,112125045,7184848730,OWNER,3336C0003X,tier_1_primary_pharmacy,Y,Y,
1861936338,CARE FIRST PHARMACY CORP,3908A WHITE PLAINS RD,,BRONX,NY,104663018,7186765959,SP,333600000X|3336C0003X,tier_1_primary_pharmacy,Y,Y,
1629513155,ALEXIA S PHARMACY INC,9605 ROCKAWAY BLVD,,OZONE PARK,NY,114171612,7184873677,PRESIDENT,333600000X|3336C0003X,tier_1_primary_pharmacy,Y,Y,
1366987802,ABSOLUTERX PHARMACY INC.,5322 8TH AVE,,BROOKLYN,NY,11220,7188839991,PRESIDENT,333600000X|3336C0003X,tier_1_primary_pharmacy,Y,Y,
1285179762,VISHI PHARMACY CORP,1025A 3RD AVE,,NEW YORK,NY,100658501,2127504100,PRESIDENT,3336C0003X,tier_1_primary_pharmacy,Y,Y,
1447795844,BIG SIX PHARMACY,6110 QUEENS BLVD,,WOODSIDE,NY,11377,7186060422,PRESIDENT,333600000X,tier_1_primary_pharmacy,Y,Y,
1659816916,GARNETT PHARMACY,2780 DEWEY AVE,,ROCHESTER,NY,146164626,5852364404,PIC/ MANAGING MEMBER,333600000X|3336C0003X,tier_1_primary_pharmacy,Y,Y,
1033654124,HARVARD PHARMACY INC,481 MIDDLE NECK RD,,GREAT NECK,NY,110231470,5164395556,SP,3336C0003X,tier_1_primary_pharmacy,Y,Y,
1033654017,QUEENS PHARMACY CENTER INC.,8235 164TH ST,,JAMAICA,NY,114321120,7183801261,PRESIDENT,3336C0003X,tier_1_primary_pharmacy,Y,Y,
1093250607,ACARE PHARMACY LLC,7203 35TH AVE,,JACKSON HEIGHTS,NY,113724005,7187324288,PRESIDENT,3336C0003X,tier_1_primary_pharmacy,Y,Y,
1902342538,DENISON RX INC.,815 E TREMONT AVE,STORE H,BRONX,NY,104604108,7185133210,PRESIDENT,3336C0003X|333600000X,tier_1_primary_pharmacy,Y,Y,
1801332184,FLATBUSH PHARMACY RX INC,2134 BEVERLEY RD,,BROOKLYN,NY,112265406,7182840909,PRESIDENT,3336C0003X,tier_1_primary_pharmacy,Y,Y,
1073059366,KAMS PHARMACY INC.,8406 37TH AVE,,JACKSON HEIGHTS,NY,113727339,3472423124,PRESIDENT,333600000X,tier_1_primary_pharmacy,Y,Y,
1285170498,MEDPLUS 2 PHARMACY INC,13347 SANFORD AVE STE C1D,,FLUSHING,NY,113555870,7184608329,VICE PRESIDENT,333600000X|3336C0003X,tier_1_primary_pharmacy,Y,Y,
1235675190,QUEENS MIDNIGHT PHARMACY INC,10426 ROOSEVELT AVE,,CORONA,NY,113682328,7185330991,PHARMACIST,333600000X|3336C0003X,tier_1_primary_pharmacy,Y,Y,
1821534694,PITKIN EXPRESS CARE PHARMACY INC,1672 PITKIN AVE,,BROOKLYN,NY,112125605,3476274778,PRESIDENT,333600000X|3336C0003X,tier_1_primary_pharmacy,Y,Y,
1033655790,J P PHARMACY INC,1607 WILLIAMSBRIDGE RD,,BRONX,NY,104616201,3476913922,DIRECTOR,333600000X,tier_1_primary_pharmacy,Y,Y,
1972040079,FEEL BETTER RX CORP,3261 85TH ST,,EAST ELMHURST,NY,113702011,7188981001,PRESIDENT,3336C0003X|333600000X,tier_1_primary_pharmacy,Y,Y,
1518404623,88 PHARMACY INC.,13621 37TH AVE,,FLUSHING,NY,113544110,7184611234,PRESIDENT,3336C0003X,tier_1_primary_pharmacy,Y,Y,
1548707516,CMV PHARMACY INC,1017 MADISON MARKETPLACE,,HAMILTON,NY,133462343,3158259800,PRESIDENT,333600000X|3336C0004X|3336C0003X,tier_1_primary_pharmacy,Y,Y,
1952848962,CORONA WELLNESS PHARMACY CORP.,9608 37TH AVE,,CORONA,NY,113681735,9178326560,PRESIDENT,3336C0003X,tier_1_primary_pharmacy,Y,Y,
1831636760,TOP CARE PHARMACY RX LLC,380 RALPH AVE,,BROOKLYN,NY,112333918,7189758555,OFFICER,3336C0003X,tier_1_primary_pharmacy,Y,Y,
1912444761,PYRAMIDS RX INC,6806 4TH AVE,,BROOKLYN,NY,112205372,7187481400,PRESIDENT,333600000X|3336C0003X,tier_1_primary_pharmacy,Y,Y,
1396282141,THROOP PHARMACY INC,241 THROOP AVE,,BROOKLYN,NY,112066611,7184843361,PRESIDENT,3336C0004X|333600000X|3336L0003X|3336C0003X,tier_1_primary_pharmacy,Y,Y,
1326585183,QUEST PHARMACY CORP,150-29 CROSS BAY BLVD STORE 1,,OZONE PARK,NY,11417,7186415010,PRESIDENT,333600000X|3336C0003X,tier_1_primary_pharmacy,Y,Y,
1396282158,SHAZIA PHARMACY INC,3166 CONEY ISLAND AVE,,BROOKLYN,NY,112356452,7188726090,PRESIDENT,333600000X|3336C0003X,tier_1_primary_pharmacy,Y,Y,
1790223436,MORRISANIA PHARMACY INC,3593 3RD AVE,,BRONX,NY,104563403,7185387600,PRESIDENT,333600000X|3336C0003X,tier_1_primary_pharmacy,Y,Y,
1063950442,SHAFY PHARMACY INC,1106 SAINT JOHNS PL,,BROOKLYN,NY,112132699,7182214805,PRESIDENT,3336C0003X,tier_1_primary_pharmacy,Y,Y,
1336687631,WARD PHARMACY INC,1521 WATSON AVE,,BRONX,NY,104725329,7183287040,PRESIDENT,333600000X|3336C0003X,tier_1_primary_pharmacy,Y,Y,
1619416492,MILLENIA RX CORP,469 W 125TH ST,,NEW YORK,NY,100274201,6467679131,OWNER,333600000X|3336C0003X,tier_1_primary_pharmacy,Y,Y,
1154860575,ACUTUS RX LLC,385 W JOHN ST,,HICKSVILLE,NY,118011033,8558306666,OWNER,333600000X|3336C0003X,tier_1_primary_pharmacy,Y,Y,
1790224004,PAY RX INC,567 W 207TH ST,,NEW YORK,NY,100342607,2125440020,PRESIDENT,3336C0003X|333600000X,tier_1_primary_pharmacy,Y,Y,
1962941922,HP PHARMACY LLC,136-17 38TH AVE,,FLUSHING,NY,113546500,7188868055,OWNER,3336C0003X,tier_1_primary_pharmacy,Y,Y,
1134669716,UHEALTHY PHARMACY INC.,2263 86TH STREET,,BROOKLYN,NY,11214,7183311288,PRESIDENT,333600000X,tier_1_primary_pharmacy,Y,Y,
1487194874,COTTRILLS PHARMACY INC,4919 ELLICOTT RD,,ORCHARD PARK,NY,141273357,7165088481,CHIEF CLINICAL OFFICER/DIR. OF PHAR,3336H0001X|3336S0011X|3336C0003X,tier_1_primary_pharmacy,Y,Y,
1154861458,ROOSEVELT AID PHARMACY INC,6508 ROOSEVELT AVE,,WOODSIDE,NY,113772928,3474486965,PRESIDENT,333600000X|3336C0003X,tier_1_primary_pharmacy,Y,Y,
1760922959,COMMUNITY WELLNESS PHARMACY INC,15615 AGUILAR AVE,,FLUSHING,NY,113672727,7183802700,PRESIDENT,3336C0003X|333600000X,tier_1_primary_pharmacy,Y,Y,
1255871356,MERRICK BLVD PHARMACY INC,10950 MERRICK BLVD,,JAMAICA,NY,114333039,3475619686,OWNER,333600000X|3336C0003X,tier_1_primary_pharmacy,Y,Y,
1649711748,SUTTER PHARMACY INC,1767 SOUTHERN BLVD,,BRONX,NY,104604801,7189913400,PRES,3336C0003X,tier_1_primary_pharmacy,Y,Y,
1275074056,TAFTS PHARMACY INC,6024 5TH AVE,,BROOKLYN,NY,112204012,7184394721,PRESIDENT/SUPERVISING PHARMACIST,3336C0003X,tier_1_primary_pharmacy,Y,Y,
1851832455,NEW OZONE PARK PHARMACY INC,7401 101ST AVE,,OZONE PARK,NY,114161026,7182967777,PRESIDENT,3336C0003X,tier_1_primary_pharmacy,Y,Y,
1689115198,HARLEM CORNER PHARMACY INC,2240 3RD AVE,,NEW YORK,NY,100352904,2123601757,MANAGER,333600000X|3336C0003X,tier_1_primary_pharmacy,Y,Y,
1669913992,ROOSEVELT CITY PHARMACY INC,7918 ROOSEVELT AVE,,JACKSON HEIGHTS,NY,113726717,7182551065,PRESIDENT,3336C0003X|333600000X,tier_1_primary_pharmacy,Y,Y,
1871024992,ELLIS NOTT STREET PHARMACY LLC,1101 NOTT ST,,SCHENECTADY,NY,123082425,5186128833,DIRECTOR OF PHARMACY/AO,333600000X|3336C0003X,tier_1_primary_pharmacy,Y,Y,
1376074005,BROADWAY RX ENTERPRISES INC,3489 BROADWAY,,NEW YORK,NY,10031,2129269200,PRESIDENT,333600000X,tier_1_primary_pharmacy,Y,Y,
1346771680,FAMILY CARE SPECIALTY PHARMACY INC,12614 101ST AVE,,SOUTH RICHMOND HILL,NY,114191546,9292447540,PRESIDENT,333600000X|3336C0003X,tier_1_primary_pharmacy,Y,Y,
1902338940,"CUSTOM RX, INC",9009 37TH AVE,,JACKSON HEIGHTS,NY,113727902,5164393294,OWNER,333600000X,tier_1_primary_pharmacy,Y,Y,
1790217891,FUSION APOTHECARY LCC,1158 2ND AVE,,NEW YORK,NY,100658504,1917472789,PHARMACY MANAGER,3336S0011X|3336C0003X,tier_1_primary_pharmacy,Y,Y,
1508398934,J.J. VALLEY DRUG INC,96 ROUTE 59,,SPRING VALLEY,NY,109775217,8454596611,VICE PRESIDENT,3336C0003X,tier_1_primary_pharmacy,Y,Y,
1508398967,STAR CARE PHARMACY INC,17520 HILLSIDE AVE,,JAMAICA,NY,114325773,7182628789,"CEO, PIC",3336S0011X|333600000X|3336C0003X,tier_1_primary_pharmacy,Y,Y,
1154854735,HARLEM RX PHARMACY INC,2046 7TH AVE,,NEW YORK,NY,100278115,2123161100,OWNER,3336C0003X,tier_1_primary_pharmacy,Y,Y,
1720511298,DUNBAR PHARMACY RX INC,2580 ADAM CLAYTON POWELL JR BLVD,,NEW YORK,NY,100392620,2122344493,PRESIDENT,3336C0003X,tier_1_primary_pharmacy,Y,Y,
1275067456,HARMONY PHARMACY INC,128-138 MOTT STREET,UNIT 102B,NEW YORK,NY,10013,2122262881,PRESIDENT,333600000X|3336C0003X,tier_1_primary_pharmacy,Y,Y,
1437683406,EMPIRE STATE PHARMACY LLC,155 ROUTE 202 # STORE1,,SOMERS,NY,105891626,8443563779,PHARMACIST-IN-CHARGE,3336C0003X,tier_1_primary_pharmacy,Y,Y,
1881128569,LACONIA AVENUE PHARMACY CORP,4041 LACONIA AVE,,BRONX,NY,104664917,3478437747,SUPERVISING PHARMACIST,3336C0003X|333600000X,tier_1_primary_pharmacy,Y,Y,
1770018335,R&T PHARMACY CORP.,12 NEPTUNE AVE,"4430 PRAIRIE AVE, MIAMI BEACH",BROOKLYN,NY,112354405,7189754535,PRESIDENT,333600000X|3336C0004X,tier_1_primary_pharmacy,Y,Y,
1558896092,PREMED PHARMACY INC,6324 4TH AVE,,BROOKLYN,NY,112204909,7185679100,PRESIDENT,3336C0003X,tier_1_primary_pharmacy,Y,Y,
1609301126,SOUTH FRANKLIN PHARMACY INC.,224 S FRANKLIN ST,,HEMPSTEAD,NY,115506115,5162922155,PRESIDENT,3336C0003X,tier_1_primary_pharmacy,Y,Y,
1538694955,ALLURE SPECIALTY PHARMACY,4377 BRONX BLVD,,BRONX,NY,10466,8662931559,PHARMACIST IN CHARGE,3336C0004X|3336L0003X|3336S0011X|3336C0003X,tier_1_primary_pharmacy,Y,Y,
1679008957,YK PHARMACY LLC,8306 BROADWAY,,ELMHURST,NY,113735726,7182058828,SUPERVISING PHARMACIST,3336C0003X,tier_1_primary_pharmacy,Y,Y,
1457886574,MJM RX CORP,42 THOMAS S BOYLAND ST,,BROOKLYN,NY,112332028,7184531003,PRESIDENT,3336C0003X,tier_1_primary_pharmacy,Y,Y,
1952836009,SUPER PHARMACY RX INC,20520 JAMAICA AVE,,HOLLIS,NY,114233021,7184655200,MANAGER,333600000X|3336C0003X,tier_1_primary_pharmacy,Y,Y,
1124553177,HOPE PHARMACY INC.,70 E 184TH ST,,BRONX,NY,104686502,7183292000,PRESIDENT,333600000X|3336C0003X,tier_1_primary_pharmacy,Y,Y,
1689109381,MYVEN PHARMACY CORP.,3535B JUNCTION BLVD,,CORONA,NY,113683517,7187798050,CORP. PRESIDENT,3336C0003X,tier_1_primary_pharmacy,Y,Y,
1235665829,ARD RX INC,6061 MYRTLE AVE,,RIDGEWOOD,NY,113855908,7184174154,PRESIDENT,3336C0003X,tier_1_primary_pharmacy,Y,Y,
1710413109,KINGS 7TH AVE PHARMACY INC,300 7TH AVE,,BROOKLYN,NY,112157251,7184995200,PRESIDENT/CEO,3336S0011X|3336C0003X,tier_1_primary_pharmacy,Y,Y,
1043746969,"CHASE PHARMACY, INC",3664 WHITE PLAINS RD,,BRONX,NY,104675736,3474496513,PHARMACIST,3336C0004X|3336C0003X,tier_1_primary_pharmacy,Y,Y,
1801322706,5407 PHARMACY INC,5407 2ND AVE,,BROOKLYN,NY,112202669,7184929800,PRESIDENT,3336C0003X,tier_1_primary_pharmacy,Y,Y,
1700312519,PMC PHARMACY INC,4142 MAIN ST,,FLUSHING,NY,113553134,7183212922,PRESIDENT,3336C0003X,tier_1_primary_pharmacy,Y,Y,
1447786298,CAREMART PHARMACY LLC,9502 VAN WYCK EXPY,,SOUTH RICHMOND HILL,NY,114191638,9179236500,MANAGING PARTNER,3336C0003X,tier_1_primary_pharmacy,Y,Y,
1164959821,CSE DRUG CORP,4043 JUNCTION BLVD,,CORONA,NY,113682121,7182057900,PRESIDENT,3336C0003X,tier_1_primary_pharmacy,Y,Y,
1487181012,DELCO PHARMACY CORP,71 E OLD COUNTRY RD,,HICKSVILLE,NY,118014200,5167195919,PRESIDENT,3336C0003X,tier_1_primary_pharmacy,Y,Y,
1457888026,167 LIFE STAR PHARMACY CORP,1215 JEROME AVE,,BRONX,NY,104523301,9174737530,MANAGER,3336C0003X,tier_1_primary_pharmacy,Y,Y,
1588191415,DNA PHARMACY INC.,10702 JAMAICA AVE,,RICHMOND HILL,NY,114182239,7188501100,OWNER,3336C0003X,tier_1_primary_pharmacy,Y,Y,
1851829527,TOP KARE PHARMACY INC.,1863 86TH ST,,BROOKLYN,NY,112143108,3474927831,SUPERVISING PHARMACIST,3336C0003X,tier_1_primary_pharmacy,Y,Y,
1063940443,BRAND RX PHARMACY CORP,97-05 A 57TH AVENUE,,CORONA,NY,11368,7183932300,PRESIDENT,3336C0003X,tier_1_primary_pharmacy,Y,Y,
1730617952,ULTRACARE PHARMACY INC.,35 E BROADWAY,,NEW YORK,NY,100026813,2129410888,PRESIDENT,3336C0003X|3336C0004X|333600000X,tier_1_primary_pharmacy,Y,Y,
1174052096,GLENRIDGE PHARMACY LLC,6801 MYRTLE AVE,,GLENDALE,NY,113857267,7183663561,OWNER,333600000X,tier_1_primary_pharmacy,Y,Y,
1851820740,NEW GRACE PHARMACY LLC,10 GRACE AVE,,GREAT NECK,NY,110212447,5164727688,SUPERVISING PHARMACIST,3336C0003X,tier_1_primary_pharmacy,Y,Y,
1669901492,WILLIS 146 PHARMACY INC,473 WILLIS AVE,,BRONX,NY,104554063,9178918700,OWNER,333600000X|3336C0003X,tier_1_primary_pharmacy,Y,Y,
1043749724,RUTLAND PHARMACY LLC,964 RUTLAND RD,,BROOKLYN,NY,112121544,7187749613,SUPERVISING PHARMACIST,3336C0003X,tier_1_primary_pharmacy,Y,Y,
1801325378,MERMAID RX INC,2311 MERMAID AVE,,BROOKLYN,NY,112242207,7185164419,PRESIDENT,3336C0003X|333600000X,tier_1_primary_pharmacy,Y,Y,
1740710813,WASHINGTON HEIGHTS PHARMACY & SURGICAL SUPPLIES INC.,4197 BROADWAY,,NEW YORK,NY,100333735,2127957455,PRESIDENT/ AUTHORIZED OFFICIAL,3336C0003X,tier_1_primary_pharmacy,Y,Y,
1932639937,KEESEVILLE PHARMACY INC,1730 FRONT ST,,KEESEVILLE,NY,129443618,5188346090,PHARMACIST,333600000X|3336L0003X,tier_1_primary_pharmacy,Y,Y,
1942730031,CHERRY PHARMACY INC.,13440 CHERRY AVE # S1,,FLUSHING,NY,113554796,7183535001,PRESIDENT,3336C0003X,tier_1_primary_pharmacy,Y,Y,
1356871818,"BARON PHARMACY, INC.",9305 37TH AVE,,JACKSON HEIGHTS,NY,113727956,7184049196,OWNER,3336C0003X,tier_1_primary_pharmacy,Y,Y,
1053841312,"HEALTHSOURCE PHARMACY IV, LLC",750 COLUMBUS AVE,,NEW YORK,NY,100256464,2129320200,MEMBER,333600000X|3336C0004X|3336S0011X|3336C0003X,tier_1_primary_pharmacy,Y,Y,
1710407614,MR M PHARMACY INC,1903 STORY AVE,,BRONX,NY,104732705,7188222905,PRESIDENT,333600000X|3336M0002X|3336S0011X|3336C0003X,tier_1_primary_pharmacy,Y,Y,
1801316377,222 CHELSEA PHARMACY INC,222 8TH AVE,,NEW YORK,NY,100111610,2122553100,PRESIDENT,3336C0003X,tier_1_primary_pharmacy,Y,Y,
1104347483,PREMIUM PHARMACY 2 INC,3720 MAIN ST,,FLUSHING,NY,113544107,7188867178,PRESIDENT,3336C0003X,tier_1_primary_pharmacy,Y,Y,
1295256493,RITE KARE APOTHECARY INC,3807 BRONXWOOD AVE,,BRONX,NY,104691011,3479474410,SUPERVISING PHARMACIST,333600000X,tier_1_primary_pharmacy,Y,Y,
1164943981,QUEENS VILLAGE PHARMACY INC.,21444 HILLSIDE AVE,,QUEENS VILLAGE,NY,114271830,7187761123,PRESIDENT,333600000X,tier_1_primary_pharmacy,Y,Y,
1730600594,NATIONAL RX PHARMA INC.,10111 ROOSEVELT AVE,,CORONA,NY,113684863,3478523214,PRESIDENT,3336C0003X,tier_1_primary_pharmacy,Y,Y,
1164943890,MIDTOWN APOTHECARY LLC,147 W 35TH ST,,NEW YORK,NY,10001,2123020600,PRESIDENT & OFFICER,3336C0003X,tier_1_primary_pharmacy,Y,Y,
1801317516,BRONX DRUGS RX INC.,445 E TREMONT AVENUE,,BRONX,NY,10457,7186845888,PESIDENT,3336C0003X,tier_1_primary_pharmacy,Y,Y,
1841712247,RKD RX CORP,3911 104TH ST,,CORONA,NY,113682313,9294446480,PRESIDENT,333600000X|3336C0003X,tier_1_primary_pharmacy,Y,Y,
1437671310,STANWOOD PHARMACY INC,18 KELLOGG RD,,NEW HARTFORD,NY,134132825,3157357979,PRESIDENT,3336C0003X,tier_1_primary_pharmacy,Y,Y,
1518489038,NEW WORLD PHARMACY INC,13620 ROOSEVELT AVE STE 107,SUITE 107,FLUSHING,NY,113545668,7189618292,VICE-PRESIDENT,333600000X|3336C0003X,tier_1_primary_pharmacy,Y,Y,
1194247684,RIGHT CARE PHARMACY INC,1043 LIBERTY AVE,,BROOKLYN,NY,112082912,3476279114,PRESIDENT,3336C0003X,tier_1_primary_pharmacy,Y,Y,
1619490935,EXCELLENT CHOICE PHARMACY CORP,409 ROCKAWAY AVE,,BROOKLYN,NY,112125635,6462446050,PRESIDENT,3336C0003X,tier_1_primary_pharmacy,Y,Y,
1548783723,GRAND RX INC,10621 97TH ST,,OZONE PARK,NY,114172101,7186412000,PRESIDENT,333600000X|3336C0003X,tier_1_primary_pharmacy,Y,Y,
1639692817,VOIMA WELLNESS PHARMACY INC,9531 JAMAICA AVE,,WOODHAVEN,NY,11421,7188802441,PRESIDENT,333600000X|3336C0003X,tier_1_primary_pharmacy,Y,Y,
1093238180,GOYDAN PHARMACY INC,150-29 CROSS BAY BLVD,STORE 1,OZONE PARK,NY,11417,7186415010,PRESIDENT,3336C0003X|333600000X,tier_1_primary_pharmacy,Y,Y,
1760905590,ZARWA RX INC,16306 HILLSIDE AVE,,JAMAICA,NY,114324078,3474549032,PRESIDENT,3336C0003X,tier_1_primary_pharmacy,Y,Y,
1306369947,K&A PHARMACY GROUP INC.,596 MORRIS AVE,,BRONX,NY,104514744,7184018800,OWNER,3336C0003X,tier_1_primary_pharmacy,Y,Y,
1710401377,"HEALTHPURE PHARMACY, LLC",3167 FULTON ST,,BROOKLYN,NY,112081922,7184848044,DIRECTOR RETAIL/ECOMMERCE,3336C0003X,tier_1_primary_pharmacy,Y,Y,
1720502388,BALDWIN RX INC,948 ATLANTIC AVE,,BALDWIN,NY,115104241,5162232935,PRESIDENT,333600000X,tier_1_primary_pharmacy,Y,Y,
1629592001,DOLSONTOWN PHARMACY CORP.,1291 DOLSONTOWN RD STE 2,,MIDDLETOWN,NY,109404772,8457754175,PHARMACY MANAGER/OWNER,333600000X,tier_1_primary_pharmacy,Y,Y,
1285158501,PHARMACY 5TH AVE INC,1325 5TH AVE,,NEW YORK,NY,10029,6468220909,PRESIDENT,333600000X,tier_1_primary_pharmacy,Y,Y,
1356865695,LITTLE WING PHARMACY INC,18 KELLOGG RD,,NEW HARTFORD,NY,134132825,3157357979,PRESIDENT,3336C0003X,tier_1_primary_pharmacy,Y,Y,
1093239337,MEDWIZ PHARMACY LLC,240 N MAIN ST,,SPRING VALLEY,NY,109774020,8456245200,CEO,333600000X|3336L0003X,tier_1_primary_pharmacy,Y,Y,
1063936151,UMMAT PHARMACY INC,8719 18TH AVENUE,,BROOKLYN,NY,11214,3475874029,PRESIDENT,3336C0003X,tier_1_primary_pharmacy,Y,Y,
1245755354,ROMAN HEALTH PHARMACY LLC,900 BROADWAY,SUITE 706A,NEW YORK,NY,10003,2037333385,PRESIDENT,333600000X|3336M0002X,tier_1_primary_pharmacy,Y,Y,
1578088647,CHELSEA CARE RX CORP,327 8TH AVE,,NEW YORK,NY,100014807,2122555522,PRESIDENT,333600000X|3336C0003X,tier_1_primary_pharmacy,Y,Y,
1427573468,BRONX WELLNESS PHARMACY INC,3007 3RD AVE,,BRONX,NY,104551200,7187087996,PRESIDENT,333600000X|3336C0003X,tier_1_primary_pharmacy,Y,Y,
1104341155,NILE EXPRESS PHARMACY INC,1950 BATH AVE,STORE 5,BROOKLYN,NY,112144722,7183335286,OWNER,3336C0003X,tier_1_primary_pharmacy,Y,Y,
1700301744,MOUNT SINAI PHARMACY INC,720A E TREMONT AVE,,BRONX,NY,104575002,3478798070,PRESIDENT,3336C0003X|333600000X,tier_1_primary_pharmacy,Y,Y,
1205352002,CHEMPLUS PHARMACY CORP,2606 CHURCH AVE,,BROOKLYN,NY,112264152,7182825504,SUPERVISING  PHARMACIST,333600000X|3336C0003X,tier_1_primary_pharmacy,Y,Y,
1518483940,"NOVA PHARMACY QUEENS, L.L.C.",10401 NORTHERN BLVD,,CORONA,NY,113681134,7184509595,OWNER,3336C0003X,tier_1_primary_pharmacy,Y,Y,
1316463441,PRESTIGE RX LLC,858 DEKALB AVE,,BROOKLYN,NY,112211402,6465170370,ONWER,333600000X|3336C0003X,tier_1_primary_pharmacy,Y,Y,
1487170437,HEALTH SMART RX INC.,760 GRAND CONCOURSE,,BRONX,NY,104513048,7186187081,PRESIDENT,333600000X|3336C0003X,tier_1_primary_pharmacy,Y,Y,
1942727862,EZ FILL PHARMACY INC,7537 MAIN ST,,FLUSHING,NY,113673136,7182685802,PRESIDENT,3336C0003X|333600000X,tier_1_primary_pharmacy,Y,Y,
1164949517,MAIN PHARMACY INC,600 MORRIS AVE,,BRONX,NY,104514700,7184014422,OWNER,333600000X,tier_1_primary_pharmacy,Y,Y,
1164940128,NZ PHARMACY INC,1296 NOSTRAND AVE,,BROOKLYN,NY,11226,7186761497,PARTNER/PRESIDENT,333600000X,tier_1_primary_pharmacy,Y,Y,
1487172102,M & D ELITE PHARMACY LLC,239-19 BRADDOCK AVE,,JAMAICA,NY,114267209,6465686448,PRESIDENT,333600000X,tier_1_primary_pharmacy,Y,Y,
1841719945,RICHMOND HILL PHARMACY INC.,12504 JAMAICA AVE,,RICHMOND HILL,NY,11418,7185708288,PHARMACIST,3336C0003X,tier_1_primary_pharmacy,Y,Y,
1003335191,AVIGHNA RX LLC,7 BEDFORD PARK BLVD E,,BRONX,NY,104681771,7189754411,OWNER/PHARMACIST,3336S0011X|333600000X|3336C0003X,tier_1_primary_pharmacy,Y,Y,
1356860217,ATTAIN RX INC,9516 QUEENS BLVD,,REGO PARK,NY,11374,7182755300,PRESIDENT,3336C0003X|333600000X,tier_1_primary_pharmacy,Y,Y,
1659890291,JSM PHARMACY INC,5311 ROOSEVELT AVE,,WOODSIDE,NY,113774238,7182556355,OWNER/PRESIDENT,333600000X,tier_1_primary_pharmacy,Y,Y,
1003335597,HILLSIDE RX INC,159-22 HILLSIDE AVE,,JAMAICA,NY,11432,7187397777,PRESIDENT,333600000X,tier_1_primary_pharmacy,Y,Y,
1205355658,FREDERICK COMMUNITY PHARMACY INC,2450 FREDERICK DOUGLAS BLVD,,NEW YORK,NY,10027,2126905202,PRESIDENT,333600000X,tier_1_primary_pharmacy,Y,Y,
1376052522,HOWARD BEACH PHARMACY LLC,13340 79TH ST,STORE I,HOWARD BEACH,NY,114141009,7184873930,PRESIDENT,333600000X|3336C0003X,tier_1_primary_pharmacy,Y,Y,
1225547995,DHARMA PHARMACY LLC,753 JAMES ST UNIT C4,,SYRACUSE,NY,132032108,3153994677,PRESIDENT,3336C0003X|333600000X,tier_1_primary_pharmacy,Y,Y,
1982113627,"ORPHAN PHARMACY SERVICES, LLC",131 SUNNYSIDE BLVD STE 100B,,PLAINVIEW,NY,118031539,5167539950,CEO,333600000X|3336S0011X,tier_1_primary_pharmacy,Y,Y,
1982113221,GREENE PHARMACY 1 INC,6545 99TH ST,,REGO PARK,NY,113744347,7184339530,PRESIDENT,333600000X|3336C0003X,tier_1_primary_pharmacy,Y,Y,
1912416298,NEKO PHARMACY INC,6223 18TH AVE,,BROOKLYN,NY,112042902,7182591029,SUPERVISING PHARMACIST,3336C0003X,tier_1_primary_pharmacy,Y,Y,
1760991053,RIVER PARK RX LLC,1818 CEDAR AVE,,BRONX,NY,104532706,3477266969,OWNER,3336C0003X,tier_1_primary_pharmacy,Y,Y,
1417467598,ARGYLE PHARMACY & FOOD MART INC.,1305 NEWKIRK AVE,,BROOKLYN,NY,112301507,7184848474,MANAGER,3336C0003X,tier_1_primary_pharmacy,Y,Y,
1275043200,GVM PHARMACY INC,203 OLD TOWN RD,,STATEN ISLAND,NY,103051415,7184894994,PRESIDENT,333600000X,tier_1_primary_pharmacy,Y,Y,
1144730185,LOCAS PHARMACY INC,11709 JAMAICA AVE,,RICHMOND HILL,NY,114182435,7188801008,PRESIDENT,3336C0003X,tier_1_primary_pharmacy,Y,Y,
1932619707,SAMANTHAS PHARMACY INC.,9101 43RD AVE,,ELMHURST,NY,113732740,7184261073,PRESIDENT,3336C0003X,tier_1_primary_pharmacy,Y,Y,
1780194589,TEZ PHARMACY INC,834 CONEY ISLAND AVE,,BROOKLYN,NY,112185310,7182840100,PRESIDENT,333600000X,tier_1_primary_pharmacy,Y,Y,
1619487337,PEARL PHARMACY CORP,50 FULTON AVE # STORE1,,HEMPSTEAD,NY,115503686,5165392144,PRESIDENT,3336C0003X|333600000X,tier_1_primary_pharmacy,Y,Y,
1780194415,YOUR WELLNESS PHARMACY CORP,12614 MERRICK BLVD STE F,,JAMAICA,NY,114343431,7188800000,PRESIDENT,3336C0003X|333600000X,tier_1_primary_pharmacy,Y,Y,
1134639677,PHARMACY IN THE SQUARE INC.,940 UNION RD,,WEST SENECA,NY,142243425,7166715281,PRESIDENT,3336C0003X,tier_1_primary_pharmacy,Y,Y,
1023529336,VISHAL PHARMACY CORP.,1026 E 163RD ST,,BRONX,NY,104594309,7189911400,PRESIDENT,333600000X,tier_1_primary_pharmacy,Y,Y,
1023529245,ALPINA PHARMACY INC.,155 W 145TH ST,,NEW YORK,NY,100394210,9172615204,PRESIDENT,333600000X,tier_1_primary_pharmacy,Y,Y,
1235640418,LEXINGTON PHARMACY INC,2272 3RD AVE,,NEW YORK,NY,100352209,2123696500,PRESIDENT/AO,333600000X|3336C0003X,tier_1_primary_pharmacy,Y,Y,
1245741941,AMAZING CARE PHARMACY INC,13519 ROOSEVELT AVE,,FLUSHING,NY,113545305,7188862826,SP,3336C0003X,tier_1_primary_pharmacy,Y,Y,
1326559048,SMS1 PHARMACY CORP,1537 STRAIGHT PATH,,WYANDANCH,NY,117983431,6316434354,PHARMACIST IN CHARGE VICE PRESIDNET,3336C0003X,tier_1_primary_pharmacy,Y,Y,
1659882298,MIDDLEBURGH PHARMACY INC,119 MARKET ST,,MIDDLEBURGH,NY,121226432,5188277030,PRESIDENT,3336C0004X|333600000X|3336C0003X,tier_1_primary_pharmacy,Y,Y,
1720599228,"ROUTE 16 PHARMACY, LLC",19 N MAIN ST,,HOLLAND,NY,140809509,7165372822,PHARMACIST,3336C0003X,tier_1_primary_pharmacy,Y,Y,
1902317431,MY BEST PHARMACY INC,263 E TREMONT AVE,,BRONX,NY,104575372,7186180188,PRESIDENT,333600000X|3336C0003X,tier_1_primary_pharmacy,Y,Y,
1962914218,EASY CHOICE PHARMACY INC,5904 7TH AVE,,BROOKLYN,NY,112204121,7188338887,PHARMACIST,333600000X|3336C0003X,tier_1_primary_pharmacy,Y,Y,
1588176796,"DEGIULIO'S PHARMACY, INC.",220 PORTAGE RD,,LEWISTON,NY,140921711,7164057821,PRESIDENT/OWNER,3336C0003X,tier_1_primary_pharmacy,Y,Y,
1902318983,PHARMCARE DRUGS RX INC,5999 BROADWAY,,BRONX,NY,104714101,7186016000,PRESIDENT,3336C0003X,tier_1_primary_pharmacy,Y,Y,
1962914713,ROCKAWAY AVE PHARMACY INC,226 SCHENECTADY AVE,,BROOKLYN,NY,11213,7184847735,OWNER,3336C0003X,tier_1_primary_pharmacy,Y,Y,
1801309216,GLOBAL UNITED PHARMACY INC,179 42 HILLSIDE AVE JAMAICA,,QUEENS,NY,11432,7182060271,PRESIDENT,333600000X|3336C0003X,tier_1_primary_pharmacy,Y,Y,
1942713235,SKYCARE PHARMACY INC,8529 GRAND AVE,,ELMHURST,NY,113738824,7186852678,PRESIDENT,333600000X,tier_1_primary_pharmacy,Y,Y,
1194238303,RX PROSPECT PHARMACY LLC,1367 ROCKAWAY PKWY,,BROOKLYN,NY,112362321,7189754666,MEMBER,3336C0003X,tier_1_primary_pharmacy,Y,Y,
1366955452,W & Z APOTHECARY INC,239B E 149TH ST,,BRONX,NY,104511864,9292465050,PRESIDENT,3336C0003X|333600000X,tier_1_primary_pharmacy,Y,Y,
1598278301,TURNPIKE RX INC,22417A UNION TPKE,,OAKLAND GARDENS,NY,113643631,9294050444,PRESIDENT,3336C0003X,tier_1_primary_pharmacy,Y,Y,
1578076212,NILE CITY PHARMACY INC,4010 25TH AVE,,ASTORIA,NY,11103,7186852880,OWNER/PRESIDENT,333600000X|3336C0003X,tier_1_primary_pharmacy,Y,Y,
1336652015,LIFE STAR PHARMACY INC.,1215 JEROME AVE,,BRONX,NY,104523301,7186845010,PRESIDENT,333600000X|3336C0003X,tier_1_primary_pharmacy,Y,Y,
1124532833,OHANA PHARMACY INC,1690 86TH ST,,BROOKLYN,NY,112142832,7182320900,OWNER/PIC/AO,333600000X|3336C0003X,tier_1_primary_pharmacy,Y,Y,
1598279036,THIRD AVE APOTHECARY INC,1025A 3RD AVE,,NEW YORK,NY,100658501,2122301700,PRESIDENT,333600000X|3336C0003X,tier_1_primary_pharmacy,Y,Y,
1578077806,ALL RX PHARMACY III LLC,13619 41ST AVE,,FLUSHING,NY,113552469,7188880580,MANAGING MEMBER,333600000X|3336C0003X,tier_1_primary_pharmacy,Y,Y,
1437663747,SHREEMAN PHARMACY INC,1105 JERICHO TPKE,,NEW HYDE PARK,NY,110404603,5167757775,OWNER/PRESIDENT/PIC/AO,333600000X|3336C0003X,tier_1_primary_pharmacy,Y,Y,
1477067742,ONE SOURCE PHARMACY CORP,2590 STEINWAY ST,,ASTORIA,NY,111033768,7187215900,OWNER,3336C0003X,tier_1_primary_pharmacy,Y,Y,
1033623079,ONEIDA PHARMACY LLC,507 LENOX AVE,,ONEIDA,NY,134211521,3153631750,CEO,3336C0003X,tier_1_primary_pharmacy,Y,Y,
1801300645,GREEN LEAF PHARMACY INC,2115 SURF AVE,,BROOKLYN,NY,112242108,7182666111,PRESIDENT,333600000X|3336C0003X,tier_1_primary_pharmacy,Y,Y,
1538673314,RAINBOW PHARMACY CORP,172 WATKINS ST,,BROOKLYN,NY,112126713,7184987800,PRESIDENT,333600000X|3336C0003X,tier_1_primary_pharmacy,Y,Y,
1326553124,HALCORX PHARMACY INC,167 HAVEMEYER ST,,BROOKLYN,NY,112115791,7183842387,PRESIDENT,3336C0003X,tier_1_primary_pharmacy,Y,Y,
1518472315,BRONX PENN PHARMACY CORP,1666 BOSTON RD,,BRONX,NY,104604980,7184844280,PRESIDENT,333600000X|3336C0003X,tier_1_primary_pharmacy,Y,Y,
1720593304,53 PHARMACY INC.,5422 7TH AVE,,BROOKLYN,NY,112204491,7186860006,PRESIDENT,3336C0003X,tier_1_primary_pharmacy,Y,Y,
1457866337,"AHV PHARMACY, INC",11150 SPRINGFIELD BLVD,,QUEENS VILLAGE,NY,114292542,7187401237,STORE OWNER,3336C0003X,tier_1_primary_pharmacy,Y,Y,
1386150258,HADDY PHARMACY AND SURGICAL SUPPLIES INC,3050 WHITE PLAINS RD,,BRONX,NY,104678124,7188826000,OWNER,3336C0003X,tier_1_primary_pharmacy,Y,Y,
1437665056,"VALENTI PHARMACY, INC",70 N VILLAGE AVE,,ROCKVILLE CENTRE,NY,115704606,5167058282,PREESIDENT,333600000X,tier_1_primary_pharmacy,Y,Y,
1174039663,MARGA PHARMACY INC,33 W BURNSIDE AVE,,BRONX,NY,104534020,7186187676,OWNER,3336C0003X,tier_1_primary_pharmacy,Y,Y,
1285140624,AMERICAN HEALTH PHARMACY INC.,13310 41ST RD,,FLUSHING,NY,113555864,9293290210,PRESIDENT,333600000X|3336C0003X,tier_1_primary_pharmacy,Y,Y,
1134635444,"QK PHARMACY, INC.",13617 39TH AVE STE 1B,,FLUSHING,NY,113545504,7187623777,PRESIDENT,3336C0003X,tier_1_primary_pharmacy,Y,Y,
1851807929,LONG ISLAND JEWISH MEDICAL CENTER AT HOME PHARMACY INC,225 COMMUNITY DR STE 140,,GREAT NECK,NY,110215506,8338688486,"SVP, CHEIEF EXPENSE OFFICER",333600000X|3336C0003X,tier_1_primary_pharmacy,Y,Y,
1407362510,GURU SPECIALTY PHARMACY INC,11804 ROCKAWAY BLVD,,SOUTH OZONE PARK,NY,114202420,7183222228,PRESIDENT,333600000X,tier_1_primary_pharmacy,Y,Y,
1164939195,HEALTHY HEIGHTS PHARMACY INC,1370 SAINT NICHOLAS AVE STORE #2,,NEW YORK,NY,100336227,2129281999,OWNER,333600000X|3336C0003X,tier_1_primary_pharmacy,Y,Y,
1366959074,RX SOLUTIONS PHARMACY INC,2 E 167TH ST FRNT A,,BRONX,NY,104528225,3479639700,PRESIDENT,333600000X|3336C0003X,tier_1_primary_pharmacy,Y,Y,
1487161188,JAM PHARMACY CORP,13410A GUY R BREWER BLVD,,JAMAICA,NY,114343728,7188409186,PRESIDENT,333600000X|3336C0003X,tier_1_primary_pharmacy,Y,Y,
1770091803,NEW BROOKLYN PHARMACY INC,1675 FLATBUSH AVE,,BROOKLYN,NY,112103946,3474624662,PRESIDENT,333600000X,tier_1_primary_pharmacy,Y,Y,
1861909996,HEALTH MART RX CORP,970 N BROADWAY STE 111B,,YONKERS,NY,107011310,9146527159,PRESIDENT,3336C0003X,tier_1_primary_pharmacy,Y,Y,
1801304902,HEALTH SCRIPT PHARMACY INC,21433 JAMAICA AVE,,QUEENS VILLAGE,NY,114281733,7182171975,OWNER,3336C0003X,tier_1_primary_pharmacy,Y,Y,
1689182677,PERT PHARMACY INC,17625 UNION TPKE # 406,,FRESH MEADOWS,NY,113661515,9175935215,OWNER,3336C0003X,tier_1_primary_pharmacy,Y,Y,
1134637044,WELLNESS PLUS PHARMACY INC,810 FLUSHING AVE,,BROOKLYN,NY,11206,7184433900,OWNER,333600000X,tier_1_primary_pharmacy,Y,Y,
1720596679,DHAKA RX INC,17014 HILLSIDE AVE,,JAMAICA,NY,114324547,7185262300,PHARMACY MANAGER,3336C0003X,tier_1_primary_pharmacy,Y,Y,
1467960864,KIMS PHARMACY INC.,150-15 NORTHERN BLVD,,FLUSHING,NY,11354,9175637502,PRESIDENT,333600000X,tier_1_primary_pharmacy,Y,Y,
1356849418,1ST SCRIPT PHARMACY CORP,20417 HILLSIDE AVE STE 328,,HOLLIS,NY,114232213,9177178293,OWNER,3336C0003X,tier_1_primary_pharmacy,Y,Y,
1528566551,FAMILY CARE NY PHARMACY INC,170 AVENUE U,,BROOKLYN,NY,112233740,7189460101,PRESIDENT,333600000X,tier_1_primary_pharmacy,Y,Y,
1275031262,GET WELL RX INC,2324 BROADWAY,,ASTORIA,NY,111064139,7187779355,PRESIDENT,3336C0003X|333600000X,tier_1_primary_pharmacy,Y,Y,
1003314550,AE3 PHARMACY INC.,818 57TH ST,,BROOKLYN,NY,112203618,7189721852,PRESIDENT,3336C0003X,tier_1_primary_pharmacy,Y,Y,
1609375930,121 CENTRAL PHARMACY CORP,121 KENT AVE,,BROOKLYN,NY,112492993,9293970331,PRESIDENT,3336C0003X,tier_1_primary_pharmacy,Y,Y,
1447759345,WELCO PHARMACY INC,5825 5TH AVE,,BROOKLYN,NY,112203819,7184396360,PRESIDENT,3336C0003X,tier_1_primary_pharmacy,Y,Y,
1124528500,KEY CARE PHARMACY INC,3411 CHURCH AVE,,BROOKLYN,NY,112032713,7186931957,PRESIDENT,333600000X|3336C0003X,tier_1_primary_pharmacy,Y,Y,
1538669833,BORO PARK PHARMACY CORP.,5600 NEW UTRECHT AVE,,BROOKLYN,NY,112194631,7184800700,SUPERVISING PHARMACIST,333600000X|3336C0004X|3336C0003X,tier_1_primary_pharmacy,Y,Y,
1073013843,QUICK CARE PHARMACY INC,2314 CONEY ISLAND AVE,,BROOKLYN,NY,112233350,7183755700,PRESIDENT,333600000X,tier_1_primary_pharmacy,Y,Y,
1508367863,NYC APOTHECARY INC,333 W 57TH ST,,NEW YORK,NY,100193159,2126720533,MANAGER,3336C0003X,tier_1_primary_pharmacy,Y,Y,
1467954958,POUND RIDGE PHARMACY LLC,55 WESTCHESTER AVE,,POUND RIDGE,NY,105762149,9147643330,OWNER & PHARMACY MANAGER/PIC/AO,333600000X|3336C0003X,tier_1_primary_pharmacy,Y,Y,
1376045344,ALEXANDER PHARMACY LLC,222 ALEXANDER ST,STE 2700,ROCHESTER,NY,146074039,5852623760,MANAGING MEMBER,333600000X|3336C0004X|3336C0003X,tier_1_primary_pharmacy,Y,Y,
1699278184,HEALTHWORLD RX INC,2310 2ND AVE,,NEW YORK,NY,10035,6468610888,PRESIDENT,3336C0003X|333600000X,tier_1_primary_pharmacy,Y,Y,
1558864702,CUIDAMED RX INC.,3021A 3RD AVE,,BRONX,NY,104551202,7189939800,PRESIDENT,3336C0003X,tier_1_primary_pharmacy,Y,Y,
1932602158,WELLNESS CORNER RX INC,629 SUTTER AVE,,BROOKLYN,NY,112074117,7189753764,PRESIDENT,333600000X|3336C0003X,tier_1_primary_pharmacy,Y,Y,
1235632175,HUNTS PHARMACY INC,2799 3RD AVE,,BRONX,NY,104554054,7184011249,PRES,333600000X,tier_1_primary_pharmacy,Y,Y,
1598269383,RED RIBBON PHARMACY INC,2484 ADAM CLAYTON POWELL JR BLVD,,NEW YORK,NY,100301337,6469014699,PHARMACY MANAGER/OWNER,3336C0003X,tier_1_primary_pharmacy,Y,Y,
1366947186,AMBOY PHARMACY INC,595 BAY ST,,STATEN ISLAND,NY,103043965,7189660083,PRESIDENT,3336C0003X,tier_1_primary_pharmacy,Y,Y,
1275038028,REGO PARK PHARMACY LLC,6601 SAUNDERS ST,,REGO PARK,NY,113744635,7182756666,SUPERVISING PHARMACIST/OWNER,333600000X|3336C0003X,tier_1_primary_pharmacy,Y,Y,
1407351190,KZ PHARMACY INC,5325 ROOSEVELT AVE,,WOODSIDE,NY,113774238,3479353224,PRESIDENT,3336C0003X|333600000X,tier_1_primary_pharmacy,Y,Y,
1689179178,MAIN SOURCE PHARMACY INC,347 MAIN ST,,HUNTINGTON,NY,117436914,6317601114,"OWNER,RPH,AO",333600000X|3336C0004X|3336C0003X,tier_1_primary_pharmacy,Y,Y,
1336645357,BM SYOSSET RX LLC,26 WALL ST,,HUNTINGTON,NY,117432062,5168023844,OWNER,333600000X,tier_1_primary_pharmacy,Y,Y,
1427554005,LEX DRUGS RX INC,1787 LEXINGTON AVE,,NEW YORK,NY,100293214,2124260402,SUPERVISING PHARMACIST,333600000X,tier_1_primary_pharmacy,Y,Y,
1881190056,SSV PHARMACY CORP,178 MONTAUK HWY,,LINDENHURST,NY,117575951,6319579723,PRESDIENT,3336C0003X,tier_1_primary_pharmacy,Y,Y,
1851898464,VEC APOTHECARY INC,690A MELROSE AVE,,BRONX,NY,10455,7185133466,PRESIDENT,3336C0003X,tier_1_primary_pharmacy,Y,Y,
1417454885,APNA EXPRESS PHARMACY INC,7412 37TH AVE,,JACKSON HEIGHTS,NY,113726340,9292080602,OWNER,333600000X|3336C0003X,tier_1_primary_pharmacy,Y,Y,
1376040683,"AUSTIN WELLNESS PHARMACY, LLC",6902 AUSTIN ST STE G3,,FOREST HILLS,NY,113754250,7182636688,OWNER,333600000X|3336C0003X,tier_1_primary_pharmacy,Y,Y,
1346747656,NSD PHARMACY CORP,495 S BROADWAY,,HICKSVILLE,NY,118015040,5163960608,PHARMACIST/OWNER,333600000X|3336C0003X,tier_1_primary_pharmacy,Y,Y,
1689161630,KINGS HWY RX CORP,1214 KINGS HWY,,BROOKLYN,NY,112291010,7189750781,OWER,333600000X|3336C0003X,tier_1_primary_pharmacy,Y,Y,
1508353442,DITMARS OC RX INC,3720 DITMARS BLVD,,ASTORIA,NY,111051841,7187777033,PRESIDENT,3336C0003X|333600000X,tier_1_primary_pharmacy,Y,Y,
1083101505,SEOUL PHARMACY INC,14903 NORTHERN BLVD,,FLUSHING,NY,113544342,7188880101,OWNER/PRESIDENT/PIC/AO,333600000X|3336C0003X,tier_1_primary_pharmacy,Y,Y,
1265929657,GOLDEN STAR PHARMACY INC.,1-3 ELDRIDGE STREET,STORE A,NEW YORK,NY,100026251,2123438800,PRESIDENT,3336C0003X,tier_1_primary_pharmacy,Y,Y,
1235626557,ALICE RX CORP,231 S 3RD ST,,BROOKLYN,NY,112115601,7185026969,PRESIDENT,333600000X|3336C0003X,tier_1_primary_pharmacy,Y,Y,
1932697216,CAREWELL PHARMACY SERVICES INC,2259 CHURCH AVE,,BROOKLYN,NY,112263201,7186764114,PRESIDENT,333600000X|3336M0003X|3336C0003X,tier_1_primary_pharmacy,Y,Y,
1942798103,TRISTAR PHARMACY INC.,3225 EAST TREMONT AVE,,BRONX,NY,104615707,7188295100,PRESIDENT,3336C0003X|333600000X,tier_1_primary_pharmacy,Y,Y,
1215425913,"PEACE LOVE PHARMACY, INC.",6352 WOODHAVEN BLVD,,REGO PARK,NY,11374,7186511000,PRESIDENT,3336C0003X,tier_1_primary_pharmacy,Y,Y,
1841788429,PILL BOX RX LLC,11042 FLATLANDS AVE,,BROOKLYN,NY,112078215,7189287277,PRESIDENT,3336S0011X|3336C0004X|333600000X|3336C0003X,tier_1_primary_pharmacy,Y,Y,
1205324753,NARAYAN PHARMACY 3 LLC,175 MEMORIAL HWY,STE 1-14,NEW ROCHELLE,NY,108015639,9143657099,PRESIDENT,3336C0003X,tier_1_primary_pharmacy,Y,Y,
1518456623,SOUTHERN PHARMACY INC,1301 SOUTHERN BLVD,,BRONX,NY,104591504,3479189300,PRESIDENT,333600000X|3336C0003X,tier_1_primary_pharmacy,Y,Y,
1467941393,TREMONT DRUGS RX INC,445 E TREMONT AVE,,BRONX,NY,104574301,7186845860,PRESIDENT,3336C0003X|333600000X,tier_1_primary_pharmacy,Y,Y,
1326537937,ADVANCED PHARMACY ONE INC,6929 MYRTLE AVE,,GLENDALE,NY,113857265,3479161895,PRESIDENT,3336C0003X|333600000X,tier_1_primary_pharmacy,Y,Y,
1588154926,"MEDEXRX PHARMACY, INC",300 HEMPSTEAD TPKE UNIT 5,,WEST HEMPSTEAD,NY,115521448,5165397540,PRESIDENT,333600000X,tier_1_primary_pharmacy,Y,Y,
1285124719,ELINICK PHARMACY INC.,52 SHERMAN AVE,,NEW YORK,NY,100401104,2125675130,RPH,333600000X|3336C0003X,tier_1_primary_pharmacy,Y,Y,
1194215392,514 WILLIS AVENUE DRUG CORP,514 WILLIS AVE,,BRONX,NY,10455,7182927979,GM,333600000X,tier_1_primary_pharmacy,Y,Y,
1851881429,GREEN CHOICE PHARMACY INC,10117 QUEENS BLVD,,FOREST HILLS,NY,113752856,7189977333,PRESIDENT,333600000X,tier_1_primary_pharmacy,Y,Y,
1538659115,106 OZONE PK RX INC,10621 97TH ST UNIT C,,OZONE PARK,NY,114172101,7184801124,PRESIDENT,3336C0003X,tier_1_primary_pharmacy,Y,Y,
1811487481,EZ CARE RX INC,87 ELIZABETH ST,,NEW YORK,NY,100134992,2123438899,SUPERVISING PHARMACIST,3336C0003X,tier_1_primary_pharmacy,Y,Y,
1508357989,HCOR SPECIALTY PHARMACY LLC,11659 QUEENS BLVD,,FOREST HILLS,NY,113756533,8884254267,MANAGING MEMBER,3336C0004X|333600000X|3336S0011X,tier_1_primary_pharmacy,Y,Y,
1780175901,GETTY SQUARE PHARMACY INC,1 S BROADWAY,,YONKERS,NY,107013701,9144575742,PRESIDENT,3336C0003X,tier_1_primary_pharmacy,Y,Y,
1205327129,SUPRX PHARMACY INC,1166 CONEY ISLAND AVE,,BROOKLYN,NY,112302912,7184340005,PRESIDENT,3336C0003X,tier_1_primary_pharmacy,Y,Y,
1205327913,SHERIDAN RX INC,1030 SHERIDAN AVE,,BRONX,NY,10456,7185029540,PRESIDENT,3336C0003X|333600000X,tier_1_primary_pharmacy,Y,Y,
1871084608,786 RX INC,210 E 116TH ST,,NEW YORK,NY,100291452,2128311730,PRESIDENT,3336C0003X,tier_1_primary_pharmacy,Y,Y,
1235620915,HEALTHY-WAY PHARMACY INC,3167 FULTON ST,,BROOKLYN,NY,112081922,7184848044,PRESIDENT,333600000X|3336C0003X,tier_1_primary_pharmacy,Y,Y,
1699267120,175 JERICHO PHARMACY CORP,175 JERICHO TPKE,WEST LOBBY SUITE,SYOSSET,NY,117914532,5168651151,PRESIDENT,3336C0003X,tier_1_primary_pharmacy,Y,Y,
1942792437,MEJOR PHARMACY CORP.,1009 E 163RD ST,,BRONX,NY,104594308,7185424200,PRESIDENT,333600000X,tier_1_primary_pharmacy,Y,Y,
1790277010,DAHILL CARE PHARMACY INC.,61 CHURCH AVE,,BROOKLYN,NY,112183784,3474353900,PRESIDENT,3336C0003X,tier_1_primary_pharmacy,Y,Y,
1205328671,RIVERSIDE RX INC,5906B RIVERDALE AVE,,BRONX,NY,104711603,7188848884,PRESIDENT,333600000X|3336C0003X,tier_1_primary_pharmacy,Y,Y,
1972096758,50 OCEANA PHARMACY CORP,3211 CONEY ISLAND AVE,,BROOKLYN,NY,11235,3478686394,PRESIDENT,3336C0003X,tier_1_primary_pharmacy,Y,Y,
1033602271,DI PHARMACY CORP,18217 JAMAICA AVE,,JAMAICA,NY,114232327,7184808400,PRESIDENT,333600000X|3336C0003X,tier_1_primary_pharmacy,Y,Y,
1770077604,736 JACKSON PHARMACY CORP,736 E 152ND ST,,BRONX,NY,104552203,5168501656,OWNER,3336C0003X,tier_1_primary_pharmacy,Y,Y,
1902390776,MALA RX INC,4811 SKILLMAN AVE,,SUNNYSIDE,NY,111041025,7187291400,MANAGER,3336C0003X,tier_1_primary_pharmacy,Y,Y,
1720572811,JAMAICA PHARMACY INC.,8924 163RD ST,,JAMAICA,NY,11432,7187396229,PRESIDENT,3336C0003X,tier_1_primary_pharmacy,Y,Y,
1841784881,PAK PHARMACY INC.,1045 CONEY ISLAND AVE,,BROOKLYN,NY,112301314,7188199888,OWNER,333600000X,tier_1_primary_pharmacy,Y,Y,
1518451624,IVS PHARMACY CORP,882 UTICA AVE,,BROOKLYN,NY,112034314,7186930888,OWNER,3336C0003X,tier_1_primary_pharmacy,Y,Y,
1568957322,PRIME PHARMACY INC,4515 GREENPOINT AVE,,SUNNYSIDE,NY,111042409,7187866600,PRESIDENT,333600000X,tier_1_primary_pharmacy,Y,Y,
1376038430,LITTLE BANGLA PHARMACY INC,401 CHURCH AVE,,BROOKLYN,NY,112183107,7185541900,PRESIDENT,3336C0003X,tier_1_primary_pharmacy,Y,Y,
1871089979,CASA PHARMACY INC,456 WILLIS AVE,,BRONX,NY,104554013,7184841551,OWNER,3336C0003X,tier_1_primary_pharmacy,Y,Y,
1295221067,VIDA SANA PHARMACY INC.,8820 37TH AVE,,JACKSON HEIGHTS,NY,11372,7184339800,OWNER,333600000X,tier_1_primary_pharmacy,Y,Y,
1124514831,HEALTH AND HARMONY RX INC,3010 WESTCHESTER AVE STE 106A,,PURCHASE,NY,105772535,9144379391,PRESIDENT,3336C0003X,tier_1_primary_pharmacy,Y,Y,
1073009569,RUSARX PHARMACY CORP,342 E 149TH ST,,BRONX,NY,104515635,7182921212,PRESIDENT,3336C0003X,tier_1_primary_pharmacy,Y,Y,
1003302381,MALVINA DRUG CORP,300 HEMPSTEAD TPKE STE 214,,WEST HEMPSTEAD,NY,115521448,6463794918,PRESIDENT,3336C0003X,tier_1_primary_pharmacy,Y,Y,
1235625468,ISLAND PHARMACY & DISCOUNT CORP,290 CITY ISLAND AVE,,BRONX,NY,10464,7188851000,PRESIDENT,3336C0003X,tier_1_primary_pharmacy,Y,Y,
1902382534,SUPER CARE RX INC,1056 CONEY ISLAND AVE,,BROOKLYN,NY,112302303,7184215533,PRESIDENT,333600000X,tier_1_primary_pharmacy,Y,Y,
1467938076,INVICTUS PHARMACY CORP,2749 PITKIN AVE,,BROOKLYN,NY,112083119,3479150952,PRESIDENT,3336C0003X,tier_1_primary_pharmacy,Y,Y,
1528544095,PLAZA PHARMACY INC.,20116 HILLSIDE AVE,,JAMAICA,NY,114232135,7184642500,MANAGER,3336C0003X,tier_1_primary_pharmacy,Y,Y,
1326525684,AMENIA PHARMACY RX LLC,5094 ROUTE 22,#48,AMENIA,NY,12501,8453738000,OWNER,333600000X|3336C0003X,tier_1_primary_pharmacy,Y,Y,
1245717396,"SMARTRX PHARMACY, INC.",1706 LEXINGTON AVE,,NEW YORK,NY,10029,7187427622,PRESIDENT,3336C0003X,tier_1_primary_pharmacy,Y,Y,
1023595931,LENDA RX INC,3397 BROADWAY,,NEW YORK,NY,100317416,2123683130,PRESIDENT,333600000X,tier_1_primary_pharmacy,Y,Y,
1225515117,ADONAI RX INC,3 W 137TH ST,,NEW YORK,NY,100371900,6467915934,PRESIDENT,3336C0003X,tier_1_primary_pharmacy,Y,Y,
1467930040,AMSTERDAM WELLNESS PHARMACY INC,2091 AMSTERDAM AVE,,NEW YORK,NY,100328210,9174090445,PRESIDENT,333600000X|3336C0003X,tier_1_primary_pharmacy,Y,Y,
1932687563,SIMBA HILL PHARMACY CORP,20414 HILLSIDE AVE,,HOLLIS,NY,114232217,7184644066,PRESIDENT,333600000X,tier_1_primary_pharmacy,Y,Y,
1336628569,KEFALOS PHARMACY INC,1227A 150TH ST,,WHITESTONE,NY,113571747,3477324772,OWNER/ PRESIDENT,333600000X,tier_1_primary_pharmacy,Y,Y,
1538648662,JJ APOTHECARY INC.,5624B 5TH AVE,,BROOKLYN,NY,112203415,7187177456,PRESIDENT,3336C0003X,tier_1_primary_pharmacy,Y,Y,
1871072579,JRJ RAISELL PHARMACY DRUG CORP,741 ASTOR AVE,,BRONX,NY,104679307,3479553344,PRESIDENT,333600000X,tier_1_primary_pharmacy,Y,Y,
1568942860,SV WELLNESS PHARMACY INC.,2173C 68TH STREET,GROUND FLOOR,BROOKLYN,NY,112044733,7189750530,PRESIDENT,3336C0003X,tier_1_primary_pharmacy,Y,Y,
1891275913,NYRX PHARMACY INC.,17907 UNION TPKE,,FRESH MEADOWS,NY,113661635,7186737272,PRESIDENT,333600000X,tier_1_primary_pharmacy,Y,Y,
1033699012,SUBHAN PHARMACY INC.,1067 CONEY ISLAND AVE,,BROOKLYN,NY,112302372,3475334737,PRESIDENT,3336C0003X,tier_1_primary_pharmacy,Y,Y,
1346720265,LORRAINE PHARMACY INC,72 LORRAINE ST,,BROOKLYN,NY,112312223,7185225522,PRESIDENR,333600000X,tier_1_primary_pharmacy,Y,Y,
1891276226,SNVA PHARMACY LLC,3350 FULTON ST,,BROOKLYN,NY,112082034,7188279034,PRESIDENT,3336C0003X,tier_1_primary_pharmacy,Y,Y,
1982185245,DRUGBOX PHARMACY INC,110 W END AVE,,NEW YORK,NY,100236340,2123650366,PRESIDENT,333600000X,tier_1_primary_pharmacy,Y,Y,
1154802387,CORONA PHARMACY INC.,10409A CORONA AVE,,CORONA,NY,113682923,7186852388,PRESIDENT,3336C0003X,tier_1_primary_pharmacy,Y,Y,
1871075655,BALDWIN PHARMACY LLC,1927 GRAND AVE,,NORTH BALDWIN,NY,115102818,5165444454,PRESIDENT,3336C0003X,tier_1_primary_pharmacy,Y,Y,
1497237622,BOBS PHARMACY LLC,430 BLEECKER ST,,UTICA,NY,13501,3157326915,OWNER,3336C0003X,tier_1_primary_pharmacy,Y,Y,
1730662412,GIA & GRAY APOTHECARY INC.,138 W BROADWAY,,NEW YORK,NY,100133352,6469156347,PRESIDENT,333600000X,tier_1_primary_pharmacy,Y,Y,
1245713387,PRECISION PHARMACY INC OF GREAT NECK,665 MIDDLE NECK RD,,GREAT NECK,NY,110231216,5164820004,PRESIDENT,3336C0003X,tier_1_primary_pharmacy,Y,Y,
1184108136,HILLCARE PHARMACY INC.,16523 HILLSIDE AVE,,JAMAICA,NY,114324134,7184808551,PRESIDENT,3336C0003X|333600000X,tier_1_primary_pharmacy,Y,Y,
1346724002,ALAFIYA PHARMACY LLC,7820 5TH AVE,,BROOKLYN,NY,112093704,7183335703,OWNER,3336C0003X,tier_1_primary_pharmacy,Y,Y,
1851875520,CLOVE RX LLC,2062 CLOVE RD,,STATEN ISLAND,NY,103041650,9178301499,PRESIDENT,3336C0003X,tier_1_primary_pharmacy,Y,Y,
1548744030,GRAND CARE PHARMACY INC.,6656 GRAND AVE,,MASPETH,NY,113782531,6464229793,OWNER,3336C0003X,tier_1_primary_pharmacy,Y,Y,
1114401601,HOME & HOME PHARMACY INC,8618 WHITNEY AVE,,ELMHURST,NY,113733658,7185058688,PRESIDENT,3336C0003X,tier_1_primary_pharmacy,Y,Y,
1710461199,RELIABLE PHARMACY INC,10710A 71ST RD,,FOREST HILLS,NY,113754719,7188801514,PRESIDENT,333600000X|3336C0003X,tier_1_primary_pharmacy,Y,Y,
1649754904,CITI EXPRESS PHARMACY AND MEDICAL SUPPLIES LLC,4217 CHURCH AVE,,BROOKLYN,NY,112033011,7183558800,PHARMACIST,3336C0003X,tier_1_primary_pharmacy,Y,Y,
1285118620,RX ONE PHARMACY LLC,1918 86TH ST,,BROOKLYN,NY,112143104,6464904920,OWNER,3336C0003X,tier_1_primary_pharmacy,Y,Y,
1851876973,59 STREET RX INC,5816 4TH AVE,,BROOKLYN,NY,112203810,7185670019,OWNER,3336C0003X,tier_1_primary_pharmacy,Y,Y,
1265917157,NAGLE RX INC,146 NAGLE AVE,,NEW YORK,NY,100401437,2123040649,PRESIDENT,3336C0003X,tier_1_primary_pharmacy,Y,Y,
1427533231,YOU FIRST PHARMACY INC,7216 AUSTIN ST,,FOREST HILLS,NY,113755355,7185443200,PRESIDENT,333600000X|3336C0003X,tier_1_primary_pharmacy,Y,Y,
1104301829,VGA PHARMACY INC,23520 147TH AVE,,ROSEDALE,NY,114223226,7187495515,PRESIDENT,333600000X|3336C0003X,tier_1_primary_pharmacy,Y,Y,
1497230023,CONGERS PHARMACY INC,15 S ROUTE 303,,CONGERS,NY,109202449,8452675945,PRESIDENT/SP,3336C0003X,tier_1_primary_pharmacy,Y,Y,
1598240186,F & D PHARMACY INC,5504 -13 AVE,,BROOKLYN,NY,11219,7184366088,SEC. TREAS,333600000X|3336C0003X|3336L0003X,tier_1_primary_pharmacy,Y,Y,
1609351956,ISMAEEL PHARMACY INC,280 BROADWAY # STORE1,,STATEN ISLAND,NY,103102055,7182736606,OWNER,3336C0003X,tier_1_primary_pharmacy,Y,Y,
1326523622,H.S.J. COMPLETE CARE RX INC,723 NOSTRAND AVE,,BROOKLYN,NY,112163905,3476273303,OWNER,3336C0003X,tier_1_primary_pharmacy,Y,Y,
1982189171,JACKSON PHARMACY INC.,7102,37TH AVENUE,JACKSON HEIGHTS,NY,11372,7182556723,PRESIDENT,3336C0003X,tier_1_primary_pharmacy,Y,Y,
1982179834,IVS PHARMACY CORP,18508 UNION TPKE STE 109,,FRESH MEADOWS,NY,113661700,7186930888,OWNER,333600000X,tier_1_primary_pharmacy,Y,Y,
1255806980,URBAN RX INC,10319 QUEENS BLVD,,FOREST HILLS,NY,113753447,7188974888,OWNER,333600000X,tier_1_primary_pharmacy,Y,Y,
1629543921,ABC-RIFAIE RX INC,1873 2ND AVE,,NEW YORK,NY,100297453,2124231110,PRESIDENT,3336C0003X,tier_1_primary_pharmacy,Y,Y,
1700352937,923 RX INC,524 MORRIS AVE,,BRONX,NY,104515536,7184016799,PRESIDENT,333600000X,tier_1_primary_pharmacy,Y,Y,
1740756576,ALLDAY PHARMACY INC,4199 MAIN ST,SUITE 202A,FLUSHING,NY,11355,7188863288,PRESIDENT,3336C0004X|3336S0011X|3336C0003X,tier_1_primary_pharmacy,Y,Y,
1306312772,CORTLANDT PHARMACY INC,5999 BROADWAY,,BRONX,NY,104714101,7186016000,PRESIDENT,333600000X|3336C0003X,tier_1_primary_pharmacy,Y,Y,
1629544093,BAMTI RX INC,1367 ROCKAWAY PKWY,,BROOKLYN,NY,112362321,7189754666,PRESIDENT,333600000X|3336C0003X,tier_1_primary_pharmacy,Y,Y,
1407322811,AMERICARE PHARMACY CORP,8114 5TH AVE,,BROOKLYN,NY,112094103,9293735577,OWNER,3336S0011X|3336C0003X,tier_1_primary_pharmacy,Y,Y,
1982170320,UNITY PHARMACY INC,3983 LACONIA AVE,,BRONX,NY,104664916,3156645964,SHAREHOLDER,3336C0003X,tier_1_primary_pharmacy,Y,Y,
1053888347,LEVITTOWN PHARMACY LLC,60 DIVISION AVE,,LEVITTOWN,NY,117562920,9179211815,OWNER,3336C0003X,tier_1_primary_pharmacy,Y,Y,
1689141574,GAF PHARMACY INC.,98-100 E. 165TH STREET,,BRONX,NY,104529104,7184102222,SUPERVISING PHARMACIST,3336C0003X,tier_1_primary_pharmacy,Y,Y,
1457828345,GENESIS PHARMACY,6558 FRESH MEADOW LN,,FRESH MEADOWS,NY,113652012,7183533555,OWNER,333600000X,tier_1_primary_pharmacy,Y,Y,
1023585536,RRS DRUG CORP,119 E MOUNT EDEN AVE,,BRONX,NY,104525804,7182991000,OWNER,333600000X,tier_1_primary_pharmacy,Y,Y,
1851869853,ASCENSION PHARMACY HOLDINGS I LLC,2311 MERMAID AVE,,BROOKLYN,NY,112242207,7185134419,OWNER,3336C0003X,tier_1_primary_pharmacy,Y,Y,
1023586658,SILVER CARE PHARMACY INC,3819 UNION ST STE 102,,FLUSHING,NY,113545588,9146291355,OWNER,3336C0003X,tier_1_primary_pharmacy,Y,Y,
1164991790,PURE HEALTH PHARMACY LLC,776 FRANKLIN AVE,,BROOKLYN,NY,112386886,7184849189,PRESIDENT,3336C0003X,tier_1_primary_pharmacy,Y,Y,
1720557523,FRESH POND RX INC,7104 FRESH POND RD,,RIDGEWOOD,NY,113855905,9292950033,PRESIDENT,3336C0003X,tier_1_primary_pharmacy,Y,Y,
1992274831,WESTSIDE FAMILY PHARMACY LLC,601 BUTTERNUT ST,,SYRACUSE,NY,132082737,3159286333,MEMBER,3336C0003X,tier_1_primary_pharmacy,Y,Y,
1174092951,MOISHE'S PHARMACY CORP,4508 13TH AVE,,BROOKLYN,NY,112192018,9179716453,PHARMACIST,3336C0003X,tier_1_primary_pharmacy,Y,Y,
1346710431,NEREID RX CORP,4396 WHITE PLAINS RD,,BRONX,NY,10466,3478998350,PRESIDENT,3336C0003X,tier_1_primary_pharmacy,Y,Y,
1700356896,RITE CARE RX INC,898 E 163RD ST,,BRONX,NY,104594108,7183786800,SUPERVISING PHARMACIST,3336C0003X,tier_1_primary_pharmacy,Y,Y,
1275003261,APP PHARMACY INC,5809 WOODSIDE AVE,,WOODSIDE,NY,113773437,9295220858,PRESIDENT,333600000X,tier_1_primary_pharmacy,Y,Y,
1225508013,HEALTH FIRST DRUGS RX INC,4157 BROADWAY,,NEW YORK,NY,100333702,2125681020,PRESIDENT,3336C0003X,tier_1_primary_pharmacy,Y,Y,
1770054306,MERRICK RX INC,6804 BURNS ST,,FOREST HILLS,NY,113755008,7187930400,PRESIDENT,333600000X,tier_1_primary_pharmacy,Y,Y,
1992276588,JAY VIDHI PHARMACY LLC,967 N BROADWAY,,YONKERS,NY,107011301,9149993199,OWNER,333600000X,tier_1_primary_pharmacy,Y,Y,
1508337023,GIGI SPECIALTY PHARMACY CORP.,55 PAGE AVE,,STATEN ISLAND,NY,103092611,7186055550,PHARMACY SUPERVISOR/PHARMACY OWNER,3336C0004X|3336S0011X|3336C0003X,tier_1_primary_pharmacy,Y,Y,
1083185524,WELLBEING PHARMACY CORP,5806 4TH AVE,,BROOKLYN,NY,112203810,7187651900,OWNER,3336C0003X,tier_1_primary_pharmacy,Y,Y,
1679044648,D&S PHARMACY LLC,6471 DRY HARBOR RD,,MIDDLE VILLAGE,NY,113792392,7186852129,MEMBER,3336C0003X,tier_1_primary_pharmacy,Y,Y,
1255802153,REALVALUE PATIENTS PHARMACY INC,9401 37TH AVE UNIT 7,,JACKSON HEIGHTS,NY,113727917,3476991237,CEO/ DOCTOR OF PHARMACY,3336C0004X|3336S0011X|3336C0003X|333600000X,tier_1_primary_pharmacy,Y,Y,
1891266771,SQUARE PHARMACY INC.,8400 FLATLANDS AVE,,BROOKLYN,NY,112363508,7182694000,PHARMACY MANAGER,333600000X,tier_1_primary_pharmacy,Y,Y,
1215408117,"HABITAT SPECIALTY PHARMACY, INC.","HABITAT SPECIALTY PHARMACY, INC",171 SEVENTH AVE,NEW YORK,NY,10011,2122559900,PRESIDENT,3336C0003X,tier_1_primary_pharmacy,Y,Y,
1033681747,RELION PHARMACY,1607 WILLIAMSBRIDGE RD,,BRONX,NY,104616201,3476913922,PHARMACY TECH,3336C0003X,tier_1_primary_pharmacy,Y,Y,
1649742925,LAE DRUG CORP,8924 37TH AVE,,JACKSON HEIGHTS,NY,113727739,7185651900,PRESIDENT,333600000X|3336C0003X,tier_1_primary_pharmacy,Y,Y,
1992277032,AYAAN PHARMACY INC.,6027 MYRTLE AVE,,RIDGEWOOD,NY,113855933,3479873585,SUPERVISING PHARMACIST,333600000X|3336S0011X|3336C0003X,tier_1_primary_pharmacy,Y,Y,
1417429408,LEAVITT PHARMACY INC,3519 LEAVITT ST APT S1,,FLUSHING,NY,113542992,7184451888,OWNER,333600000X,tier_1_primary_pharmacy,Y,Y,
1184197030,MEGACARE PHARMACY INC,2140 WHITE PLAINS ROAD,,BRONX,NY,10462,7186845088,PRESIDENT,333600000X,tier_1_primary_pharmacy,Y,Y,
1174096952,LMP PHARMACY,7537 MAIN ST,,FLUSHING,NY,113673136,7185442596,PRESIDENT,333600000X,tier_1_primary_pharmacy,Y,Y,
1740753441,VALLEY STREAM RX INC,209 ROCKAWAY AVE,,VALLEY STREAM,NY,115805825,5162847257,PRESIDENT,333600000X,tier_1_primary_pharmacy,Y,Y,
1316410905,ZONE PHARMACY INC,12520 111TH AVE,,JAMAICA,NY,114201537,7186410200,PRESIDENT,333600000X,tier_1_primary_pharmacy,Y,Y,
1144793795,PENA RX CORP,1846 COLLEGE POINT BLVD,,COLLEGE POINT,NY,113562261,7188881616,SIC,3336C0003X,tier_1_primary_pharmacy,Y,Y,
1104399609,MCCANN DRUG CO INC,166 MAIN ST,,HUDSON FALLS,NY,128391846,5187474732,SUPERVISING PHARMACIST,3336L0003X|333600000X,tier_1_primary_pharmacy,Y,Y,
1407329873,MY PHARMACY INC.,523 MALCOLM X BLVD,,NEW YORK,NY,100371808,2122817408,OWNER,3336C0003X,tier_1_primary_pharmacy,Y,Y,
1740753862,AFFINITY RX INC,7307 MAIN ST,,FLUSHING,NY,113672409,7188981648,PRESIDENT,333600000X,tier_1_primary_pharmacy,Y,Y,
1700350717,"FOREVER HEALTH PHARMACY II, LLC",7224 18TH AVE,,BROOKLYN,NY,112045632,3476738678,PRESIDENT,333600000X,tier_1_primary_pharmacy,Y,Y,
1871067785,GRACE FAMILY PHARMACY INC.,313 S WILLIAM ST STE 3,,NEWBURGH,NY,125505300,8455694100,PRESIDENT,3336C0003X|333600000X,tier_1_primary_pharmacy,Y,Y,
1033683891,ANCHOR RX PHARMACY INC.,3110 LONG BEACH RD,,OCEANSIDE,NY,115723200,5169928449,OWNER,3336C0003X,tier_1_primary_pharmacy,Y,Y,
1740754449,ACM PHARMACY INC.,5311 ROOSEVELT AVE,,WOODSIDE,NY,113774238,7182556355,PRESIDENT,333600000X|3336C0003X,tier_1_primary_pharmacy,Y,Y,
1063986495,SHERMAN PHARMACY CORP.,232A SHERMAN AVE,,NEW YORK,NY,100342501,2125671115,PHARMACIST IN CHARGE,3336C0003X,tier_1_primary_pharmacy,Y,Y,
1265996334,BEYOND HEALTH PHARMACY INC,205 THIRD AVE,,NEW YORK,NY,100032506,2124777788,PRESIDENT,3336C0003X|333600000X,tier_1_primary_pharmacy,Y,Y,
1841754769,REFRESH PHARMACY USA LLC,4820 W TAFT RD STE 111,,LIVERPOOL,NY,130882800,3154680897,SUPERVISING PHARMACIST,3336C0003X,tier_1_primary_pharmacy,Y,Y,
1770047771,HEALTHLINK RX INC,5623 8TH AVE,,BROOKLYN,NY,112203517,7186331685,PHARMACIST,3336C0003X,tier_1_primary_pharmacy,Y,Y,
1164986782,MAPLE RX NY LLC,59 ROUTE 59 STE 143,,MONSEY,NY,109523543,8453716464,OWNER,3336C0003X,tier_1_primary_pharmacy,Y,Y,
1346704616,PROSPECT CARE PHARMACY,596 5TH AVE,,BROOKLYN,NY,112155436,3477254600,OWNER/PHARMACY MANAGER,3336C0003X,tier_1_primary_pharmacy,Y,Y,
1295299535,4TH AVE DRUG STORE INC,26 S 4TH AVE,,MOUNT VERNON,NY,105503105,9148630399,PRESIDENT,333600000X|3336C0003X,tier_1_primary_pharmacy,Y,Y,
1366907073,FAMILY CARE PHARMACY OF LI INC,33 WALT WHITMAN RD STE 100,,HUNTINGTON STATION,NY,117463629,6313506400,OWNER,333600000X,tier_1_primary_pharmacy,Y,Y,
1750846226,ELEMENTS PHARMACY INC.,3808 UNION ST STE D2,,FLUSHING,NY,113545544,7188883366,PRESIDENT,3336C0003X,tier_1_primary_pharmacy,Y,Y,
1649736083,YOUR WELLNESS RX INC.,2107 21ST AVE,,ASTORIA,NY,111053247,7185452121,PRESIDENT,333600000X,tier_1_primary_pharmacy,Y,Y,
1821554080,DREISER MALL PHARMACY LLC,133 DREISER LOOP,,BRONX,NY,104752704,3478998199,MEMBER,3336C0003X,tier_1_primary_pharmacy,Y,Y,
1639635758,MAP PHARMACY INC,984 N BROADWAY STE L06,,YONKERS,NY,107011319,9147515432,OWNER,333600000X,tier_1_primary_pharmacy,Y,Y,
1740746619,BROOKCARE RX INC,352 BROOK AVE,,BRONX,NY,104542164,9176681351,PRESIDENT,333600000X,tier_1_primary_pharmacy,Y,Y,
1982160784,MACCABI PHARMACY RX INC,7618 JAMAICA AVE,,JAMAICA,NY,114211850,7182960001,PRESIDENT,3336C0003X,tier_1_primary_pharmacy,Y,Y,
1588120265,SPRINGVILLE PHARMACY LLC,13 E MAIN ST,,SPRINGVILLE,NY,141411229,7165922026,OWNER/PHARMACIST,333600000X|3336C0003X,tier_1_primary_pharmacy,Y,Y,
1578029104,HEALTHY HARLEM RX CORP,1875 LEXINGTON AVE,,NEW YORK,NY,100354733,2126012661,OWNER,3336C0003X,tier_1_primary_pharmacy,Y,Y,
1477010593,JFL PHARMACY INC.,1706B ATLANTIC AVE,,BROOKLYN,NY,112131206,7182212608,OWNER,3336C0003X,tier_1_primary_pharmacy,Y,Y,
1124585203,MERRICK BLVD PHARMACY INC,10950 MERRICK BLVD,,JAMAICA,NY,114333039,3475619540,PRESIDENT,3336C0003X|3336L0003X,tier_1_primary_pharmacy,Y,Y,
1942767728,KINGSBRIDGE RX PHARMACY INC,2095 MADISON AVE,,NEW YORK,NY,100373449,2124912501,MANAGER,3336C0003X,tier_1_primary_pharmacy,Y,Y,
1821555640,MEDX PHARMACY INC,1564 E 174TH ST,,BRONX,NY,104721203,7186180510,MANAGER,3336C0003X,tier_1_primary_pharmacy,Y,Y,
1477010049,ALL PEOPLES PHARMACY INC.,1718 AVENUE U,,BROOKLYN,NY,112293812,7189988688,MANAGER,333600000X,tier_1_primary_pharmacy,Y,Y,
1386102937,REGO RX PHARMACY INC,9855 63RD RD,,REGO PARK,NY,113741739,7188974747,PRESIDENT,3336C0003X,tier_1_primary_pharmacy,Y,Y,
1902364466,PAISA PHARMACY INC,1333 WEBSTER AVE,,BRONX,NY,104561805,7189758505,PRESIDENT,3336C0003X,tier_1_primary_pharmacy,Y,Y,
1851859904,"ROOSEVELT RX, INC.",13357 ROOSEVELT AVE,,FLUSHING,NY,113545254,7188881558,OWNER,333600000X,tier_1_primary_pharmacy,Y,Y,
1508324476,L. A. PHARMACY FITNESS LLC,709 E TREMONT AVE,,BRONX,NY,104575001,9179624444,SUPERVISING PHARMACIST,3336C0003X,tier_1_primary_pharmacy,Y,Y,
1043778814,LAV PHARMACY CORP,215 W 14TH ST,,NEW YORK,NY,100117108,2127764444,PRESIDENT,333600000X,tier_1_primary_pharmacy,Y,Y,
1518425362,SUNSET CORNER PHARMACY INC,6002 4TH AVE,,BROOKLYN,NY,112204008,7182183545,PRESIDENT,3336C0003X,tier_1_primary_pharmacy,Y,Y,
1366900201,AM RX INC,5325 ROOSEVELT AVE,,WOODSIDE,NY,113774238,3479353224,PRESIDENT,3336C0003X,tier_1_primary_pharmacy,Y,Y,
1528527165,QUICK PHARMACY INC.,20520 JAMAICA AVE STE 2,,HOLLIS,NY,114233020,7187767755,MANAGER,3336C0003X,tier_1_primary_pharmacy,Y,Y,
1366901571,VCARE RX PHARMACY LLC,1043 HICKSVILLE RD,,SEAFORD,NY,117831327,5167967000,OWNER,3336C0003X,tier_1_primary_pharmacy,Y,Y,
1588124101,TOMPKINSVILLE RX INC,45 VICTORY BLVD,,STATEN ISLAND,NY,103012937,7187270430,VICE-PRESIDENT,333600000X|3336C0003X,tier_1_primary_pharmacy,Y,Y,
1720548019,"IRONDEQUOIT PHARMACY, LLC",545 TITUS AVE,,ROCHESTER,NY,146173154,5853406440,OWNER,333600000X,tier_1_primary_pharmacy,Y,Y,
1780145508,INNOVIA RX INC.,35 MIDDLE COUNTRY RD STE H,,CORAM,NY,117274478,6316982868,PRESIDENT,3336C0003X,tier_1_primary_pharmacy,Y,Y,
1588125637,SKYCARE RX INC,1267 FOREST AVE,,STATEN ISLAND,NY,103022311,6464626968,SUPERVISING PHARMACIST,333600000X,tier_1_primary_pharmacy,Y,Y,
1538620547,H B D RX INC,113-07 QUEENS BLVD,,FOREST HILLS,NY,113755554,7184783908,PRESIDENT,3336C0003X,tier_1_primary_pharmacy,Y,Y,
1184187106,SULTANA RX CORP.,747 MONTAUK HWY,,EAST PATCHOGUE,NY,117725423,6316542444,PRESIDENT,3336C0003X,tier_1_primary_pharmacy,Y,Y,
1457814097,HEALTH HUB PHARMACY INC,3029 STEINWAY ST,,ASTORIA,NY,111033463,3474948759,OWNER/SUPERVISING PHARMACIST,3336C0003X,tier_1_primary_pharmacy,Y,Y,
1699338657,KUDEGRA PHARMACY INC,669 GRAND ST,,BROOKLYN,NY,112114803,7189167597,PRESIDENT,333600000X,tier_1_primary_pharmacy,Y,Y,
1801459474,POUND RIDGE PHARMACY LLC,POUND RIDGE PHARMACY,55 WESTCHESTER AVE,POUND RIDGE,NY,10576,9147643330,OWNER,3336C0003X,tier_1_primary_pharmacy,Y,Y,
1144883745,SIDNEY PHARMACY INC,122 GRAMATAN AVE,,MT VERNON,NY,105501206,9143711967,PHARMACIST,3336C0003X,tier_1_primary_pharmacy,Y,Y,
1063076362,REFUA RX INC,18208 UNION TPKE,,FRESH MEADOWS,NY,113661622,7184808229,OWNER,3336C0003X,tier_1_primary_pharmacy,Y,Y,
1013571215,RITE SCRIPT RX INC,232 AVENUE U,,BROOKLYN,NY,112233877,7183131757,PRESIDENT,3336C0003X,tier_1_primary_pharmacy,Y,Y,
1235793332,MYRTLE EXPRESS PHARMACY INC,6416 MYRTLE AVE,,GLENDALE,NY,113856216,9292980281,OFFICER,3336C0003X,tier_1_primary_pharmacy,Y,Y,
1225692031,REAL CARE PHARMACY INC,2578 BROADWAY,,NEW YORK,NY,100255642,2128651508,CEO,3336C0003X,tier_1_primary_pharmacy,Y,Y,
1831754191,NEUROLOGICAL SPECIALTIES DRUG CORPORATION,170 GREAT NECK RD,,GREAT NECK,NY,110213357,5164164600,DIRECTOR OF PHARMACY,333600000X,tier_1_primary_pharmacy,Y,Y,
1477118578,BRIDGE RX PHARMACY INC.,763 ALLERTON AVE,,BRONX,NY,104678818,7189750195,OWNER/PRESIDENT,3336C0003X,tier_1_primary_pharmacy,Y,Y,
1295390474,ONE SPOT PHARMACY LLC,8204 18TH AVE,,BROOKLYN,NY,112142901,3478897050,OWNER,3336C0003X,tier_1_primary_pharmacy,Y,Y,
1710542394,PEOPLES DRUG RX INC,3176 BAINBRIDGE AVE,,BRONX,NY,104673980,3473467600,PRESIDENT,333600000X,tier_1_primary_pharmacy,Y,Y,
1407412802,CORNER CHEMISTS PHARMACY LLC,11 HENRY STREET,,NEW YORK,NY,10038,6468698881,MANAGING MEMBER,3336C0004X|3336C0003X,tier_1_primary_pharmacy,Y,Y,
1366008369,A-TOWN PHARMACY LLC,3919 4TH AVE,,BROOKLYN,NY,112322044,7186861201,OWNER,333600000X,tier_1_primary_pharmacy,Y,Y,
1255997102,LOLYS PHARMACY INC,21 W 183RD ST,,BRONX,NY,104531233,9177378253,PRESIDENT,3336C0003X,tier_1_primary_pharmacy,Y,Y,
1043876857,FULTON ST PHARMACY INC,702 FULTON ST,,BROOKLYN,NY,112172613,7188346368,PRESIDENT,3336C0003X,tier_1_primary_pharmacy,Y,Y,
1861058497,WINDSOR PHARMACY NORTH LLC,686 STONELEIGH AVE LOWR LEVEL,,CARMEL,NY,105123931,9147328200,PRESIDENT,3336C0003X,tier_1_primary_pharmacy,Y,Y,
1073170361,CITY PLUS CARE PHARMACY INC,16145 BAISLEY BLVD,,JAMAICA,NY,114342900,7182764311,OWNER,3336C0003X,tier_1_primary_pharmacy,Y,Y,
1598322760,DIRECT CONNECT PHARMACY INC,394 WOODBURY RD,,HICKSVILLE,NY,118013037,6462260393,OWNER/SUPERVISING PHARMACIST,3336C0003X,tier_1_primary_pharmacy,Y,Y,
1740848084,TAYLOR'S PHARMACY INC.,1 NORTHERN BLVD,,GREAT NECK,NY,110214044,5162663755,PRESIDENT,3336S0011X|3336C0003X,tier_1_primary_pharmacy,Y,Y,
1821656166,WESTBURY DRUG CORP,173 POST AVE,,WESTBURY,NY,115903100,5163337700,PRESIDENT,3336C0003X,tier_1_primary_pharmacy,Y,Y,
1932767084,SOUTH STATION PHARMACY INC,26 S STATION PLZ,,GREAT NECK,NY,110213531,5167081300,PRESIDENT,3336C0003X,tier_1_primary_pharmacy,Y,Y,
1821656893,MOHID PHARMACY INC,22008 HEMPSTEAD AVE,,QUEENS VILLAGE,NY,114292119,7187761171,PRESIDENT,3336C0003X,tier_1_primary_pharmacy,Y,Y,
1457910663,YJ PHARMACY INC,1207 WHITE PLAINS RD,,BRONX,NY,104724903,3472205441,PRESIDENT,3336C0003X,tier_1_primary_pharmacy,Y,Y,
1154981157,BURNSIDE RX INC,9 W BURNSIDE AVE,,BRONX,NY,104534003,7186844260,PRESIDENT,3336C0003X,tier_1_primary_pharmacy,Y,Y,
1043871775,SYRACUSE COMMUNITY HEALTH PHARMACY LLC,819 S SALINA ST STE B,,SYRACUSE,NY,132023527,3155155839,MEMBER,3336C0003X,tier_1_primary_pharmacy,Y,Y,
1750942280,WFS DRUG CORP.,6825 FOREST AVE FL 1,,RIDGEWOOD,NY,113854451,3475897077,OWNER,333600000X,tier_1_primary_pharmacy,Y,Y,
1326609603,QUEENS PHARMACY CENTER I INC.,8235 164TH ST,,JAMAICA,NY,114321120,7183801261,PRESIDENT,333600000X,tier_1_primary_pharmacy,Y,Y,
1952962151,PRO AID PHARMACY INC,728 W 181ST ST,,NEW YORK,NY,100334701,6467912400,SUPERVISING PHARMACIST,3336C0003X,tier_1_primary_pharmacy,Y,Y,
1326600032,PRIME RX SPECIALTY PHARMACY INC,2773 3RD AVE,,BRONX,NY,104554069,7182924139,PIC,3336C0003X,tier_1_primary_pharmacy,Y,Y,
1861044380,TRICARE PHARMACY INC,993 PROSPECT AVE,,BRONX,NY,104592903,7183283593,PRESIDENT,333600000X,tier_1_primary_pharmacy,Y,Y,
1487206744,QUALITY CARE RX INC,7805A ROOSEVELT AVE,,JACKSON HEIGHTS,NY,113726639,7188612777,PRESIDENT,3336C0003X,tier_1_primary_pharmacy,Y,Y,
1134772452,"ALTO PHARMACY, LONG ISLAND LLC",245 NEWTOWN RD STE 300,,PLAINVIEW,NY,118034300,8008745881,SR. MANAGER OF REIMBURSEMENT,3336S0011X|333600000X|3336C0003X,tier_1_primary_pharmacy,Y,Y,
1760035497,JEROME AVE PHARMACY LLC.,2641 JEROME AVE,STORE #2,BRONX,NY,104684349,7189334000,OWNER,3336C0003X,tier_1_primary_pharmacy,Y,Y,
1700439411,YORK AVENUE APOTHECARY LLC,1631 YORK AVE,,NEW YORK,NY,100286291,2127378800,SUPERVISING PHARMACIST,3336C0003X,tier_1_primary_pharmacy,Y,Y,
1548814759,BAY HEALTH PHARMACY INC,6415 BAY PKWY,,BROOKLYN,NY,112043969,7182346500,PRESIDENT,3336C0003X,tier_1_primary_pharmacy,Y,Y,
1992359202,MEA PHARMACY INC,8144 LEFFERTS BLVD,,KEW GARDENS,NY,114151730,7184801301,PRESIDENT,3336C0003X,tier_1_primary_pharmacy,Y,Y,
1427602556,CASTLE AID PHARMACY CORP.,1370A CASTLE HILL AVE,,BRONX,NY,104624807,7186846825,OWNER,333600000X|3336C0003X,tier_1_primary_pharmacy,Y,Y,
1538713524,LEGACY SPECIALTY PHARMACY CORP,6668 FRESH POND RD,,RIDGEWOOD,NY,113853912,7184567300,MANAGING MEMBER,333600000X,tier_1_primary_pharmacy,Y,Y,
1255986790,JD PLUS PHARMACY LLC,4170 MAIN ST STE A1,,FLUSHING,NY,113553837,7188881517,PHARMACIST,3336C0003X|3336C0004X|333600000X,tier_1_primary_pharmacy,Y,Y,
1699320044,"WELL-CARE RX, LLC",397 E 167TH ST,,BRONX,NY,104564009,7185900853,PHARMACIST,3336C0003X,tier_1_primary_pharmacy,Y,Y,
1871148866,MY BEST RX INC,567 W 207TH ST,,NEW YORK,NY,100342607,2125440020,PRESIDENT,333600000X,tier_1_primary_pharmacy,Y,Y,
1700431350,MY CHS RX INC,4295 HEMPSTEAD TPKE STE 14,,BETHPAGE,NY,117145713,5162077100,PRESIDENT,3336C0003X|3336S0011X|3336H0001X,tier_1_primary_pharmacy,Y,Y,
1366098345,HILL DRUGS RX INC,15922 HILLSIDE AVE,,JAMAICA,NY,114323992,7187397777,PRESIDENT,3336C0003X,tier_1_primary_pharmacy,Y,Y,
1699322545,GREEN POINT RX INC.,987 MANHATTAN AVE,,BROOKLYN,NY,112226776,7183899009,PRESIDENT,3336C0003X,tier_1_primary_pharmacy,Y,Y,
1659928414,"BROOKLYN FAMILY PHARMACY, INC.",355 AVENUE X,,BROOKLYN,NY,112235915,7189757757,DIRECTOR,3336C0003X,tier_1_primary_pharmacy,Y,Y,
1023666930,SPRING RX INC,11150 SPRINGFIELD BLVD,,QUEENS VILLAGE,NY,114292542,7184792017,PRESIDENT,3336C0003X,tier_1_primary_pharmacy,Y,Y,
1124677026,WASHINGTON HEIGHTS RX INC.,4197 BROADWAY,,NEW YORK,NY,100333735,2127957455,PRESIDENT,333600000X|3336C0003X,tier_1_primary_pharmacy,Y,Y,
1164071692,CURE PHARMACY CARE II LLC,6 N CHURCH ST,,GOSHEN,NY,109241550,8452375557,OWNER,3336C0003X,tier_1_primary_pharmacy,Y,Y,
1538718002,LO NG PHARMACY CORP,44-45A KISSENA BLVD,,FLUSHING,NY,113553055,7188866200,PHARMACIST,333600000X,tier_1_primary_pharmacy,Y,Y,
1215587159,LLM RX INC.,21913 JAMAICA AVE,,QUEENS VILLAGE,NY,114282126,7187040808,PRESIDENT,3336C0003X,tier_1_primary_pharmacy,Y,Y,
1265082507,SHREE RUSHIN RX INC,542-544 SOUTHERN BLVD.,,BRONX,NY,104553715,7186652222,PRESIDENT,3336C0003X,tier_1_primary_pharmacy,Y,Y,
1851941959,ANTIGUA LOCAL PHARMACY LLC,1961 SOUTHERN BLVD,,BRONX,NY,104601419,7182990299,MANAGING MEMBER/ SECRETARY,3336C0003X,tier_1_primary_pharmacy,Y,Y,
1366093411,FAMILY RX CORP,6929 MYRTLE AVE,,GLENDALE,NY,113857265,3479161895,OWNER,3336C0003X,tier_1_primary_pharmacy,Y,Y,
1609427749,CLAREMONT RX INC,243 E 172ND ST,,BRONX,NY,104578902,3478676200,PRESIDENT,3336C0003X,tier_1_primary_pharmacy,Y,Y,
1669023438,TRUEMED PHARMACY CORP,2262 WEBSTER AVE,,BRONX,NY,104571302,3478798144,PRESIDENT,333600000X,tier_1_primary_pharmacy,Y,Y,
1831740307,HEALTH TEAM PHARMACY INC,3509 BROADWAY,,NEW YORK,NY,100315622,6465902522,PHARMACIST,3336C0003X,tier_1_primary_pharmacy,Y,Y,
1447891635,66 PHARMACY INC,66 E BROADWAY,,NEW YORK,NY,100026831,6464846683,PRESIDENT,3336C0003X|333600000X,tier_1_primary_pharmacy,Y,Y,
1134760143,MIDWEST PHARMACY INC,791 9TH AVE,,NEW YORK,NY,100195643,2125810888,SUPERVISING PHARMACIST,3336C0003X,tier_1_primary_pharmacy,Y,Y,
1609417112,INNOVATION PHARMACY INC,1097 LOUDEN,,COHOES,NY,120474903,5187831210,PHARMACIST IN CHARGE,333600000X|3336C0004X|3336C0003X,tier_1_primary_pharmacy,Y,Y,
1225679749,SAI GAURI PHARMACY LLC,753 COMMACK RD,,BRENTWOOD,NY,117177407,6312990213,MANAGING MEMBER,3336C0003X,tier_1_primary_pharmacy,Y,Y,
1871134288,GREENWAY HEALTH & PHARMACY INC,6547 99TH ST,,REGO PARK,NY,113744347,3475271388,PRESIDENT,3336C0003X,tier_1_primary_pharmacy,Y,Y,
1780225110,AUSTIN WELLNESS RX INC,10710A 71ST RD,,FOREST HILLS,NY,113754719,7188801514,PRESIDENT,3336C0003X,tier_1_primary_pharmacy,Y,Y,
1285275586,BORO PARK PHARMACY CORP.,5600 NEW UTRECHT AVE,,BROOKLYN,NY,112194631,7184800700,PRESIDENT / SUPERVISING PHARMACIST,3336C0003X,tier_1_primary_pharmacy,Y,Y,
1659913671,RX EXPRESS PHARMA LLC,12307 LIBERTY AVE,,JAMAICA,NY,114192115,7183227320,MEMBER,3336C0003X,tier_1_primary_pharmacy,Y,Y,
1811539604,WEST NYACK PHARMACY LLC,117 ROCKLAND CTR,,NANUET,NY,109542956,8454802957,OWNER / CEO,3336C0003X,tier_1_primary_pharmacy,Y,Y,
1013559806,ASCENSION PHARMACY HOLDINGS II LLC,191 NEPTUNE AVE,,BROOKLYN,NY,112356992,9173684336,PHARMACIST,3336C0003X,tier_1_primary_pharmacy,Y,Y,
1295377760,RX BOX PHARMACY CORP.,3265 RICHMOND AVE,,STATEN ISLAND,NY,103122123,7185003269,PRESIDENT,3336C0003X,tier_1_primary_pharmacy,Y,Y,
1841833183,BEACON WELLNESS PHARMACY INC,333 MAIN ST,,BEACON,NY,125083018,8457658878,OWNER,333600000X,tier_1_primary_pharmacy,Y,Y,
1356984595,BOCKER PHARMACY & FOOD MART INC,390 KNICKERBOCKER AVE,,BROOKLYN,NY,112374102,7184848730,PRESIDENT,3336C0003X,tier_1_primary_pharmacy,Y,Y,
1043853252,HUB PHARMACY RX CORP,288 E 149TH ST,,BRONX,NY,104515630,3478624014,OWNER,3336C0003X,tier_1_primary_pharmacy,Y,Y,
1720621519,ASTORIA RX INC,2620 HOYT AVE S,,ASTORIA,NY,111022870,3475071680,PRESIDENT,3336C0003X,tier_1_primary_pharmacy,Y,Y,
1053954792,NAC RX INC,16306 HILLSIDE AVE,,JAMAICA,NY,114324078,3474549032,PRESIDENT,3336C0003X,tier_1_primary_pharmacy,Y,Y,
1154964674,BROADWAY APOTHECARY INC.,779 BROADWAY,,NEW YORK,NY,100036804,2129616681,PRESIDENT,3336C0003X,tier_1_primary_pharmacy,Y,Y,
1144864570,SUPA APNA PHARMACY INC,217 BETHPAGE RD UNIT 26,,HICKSVILLE,NY,118011519,5165957718,OWNER,333600000X,tier_1_primary_pharmacy,Y,Y,
1659915965,ACARIAHEALTH PHARMACY 12 INC,5 SKYLINE DR STE 240,,HAWTHORNE,NY,105322166,8005115144,PRESIDENT,333600000X,tier_1_primary_pharmacy,Y,Y,
1942844220,NEW CITY PHARMACY LLC,174 S MAIN ST,,NEW CITY,NY,109563380,8454802957,PRESIDENT / OWNER,3336C0004X|3336S0011X|3336C0003X,tier_1_primary_pharmacy,Y,Y,
1154965317,LIVEWELL PHARMACY INC,1432 E GUN HILL RD,,BRONX,NY,104693061,3478438562,PIC,333600000X,tier_1_primary_pharmacy,Y,Y,
1558905430,MY CHS RX INC.,50 ROUTE 25A # LL101,,SMITHTOWN,NY,117871348,6318623662,SUPERVISING PHARMACIST,3336C0003X,tier_1_primary_pharmacy,Y,Y,
1790329670,MY CHS RX INC.,1000 MONTAUK HWY # D1,,WEST ISLIP,NY,117954927,6314178780,AVP PHARMACY,3336C0003X,tier_1_primary_pharmacy,Y,Y,
1710521604,MY CHS RX INC.,1000 N VILLAGE AVE # K700,,ROCKVILLE CENTRE,NY,115701000,5167052370,AVP PHARMACY,3336C0003X,tier_1_primary_pharmacy,Y,Y,
1255975140,MY CHS RX INC.,200 BELLE TERRE RD # C213,,PORT JEFFERSON,NY,117771928,6314657175,AVP PHARMACY,3336C0003X,tier_1_primary_pharmacy,Y,Y,
1730724691,LPJ RX INC,209 E 165TH ST,,BRONX,NY,104566017,3478798007,PRESIDENT,3336C0003X,tier_1_primary_pharmacy,Y,Y,
1790320752,LUCIA'S PHARMACY INC.,2090 HYLAN BLVD,,STATEN ISLAND,NY,103063423,9178300600,PRESIDENT,3336C0003X,tier_1_primary_pharmacy,Y,Y,
1508401407,NYDN PHARMACY INC,16407 NORTHERN BLVD,,FLUSHING,NY,113582646,3474381705,PRESIDENT,3336C0003X,tier_1_primary_pharmacy,Y,Y,
1407491186,CAIRO RX INC,1932 BATH AVE,,BROOKLYN,NY,112144704,7187499219,DIRECTOR,3336C0003X,tier_1_primary_pharmacy,Y,Y,
1386280931,CONDO PHARMACY INC,28 MONTCALM AVE,,PLATTSBURGH,NY,129011533,5185633400,VP,3336C0003X|3336C0004X|3336S0011X|3336C0002X|3336L0003X,tier_1_primary_pharmacy,Y,Y,
1316583800,TLZ DRUG CORP,2518 ADAM CLAYTON POWELL JR BLVD,,NEW YORK,NY,100394102,2129399594,OWNER,3336C0003X,tier_1_primary_pharmacy,Y,Y,
1134765548,WANTAGH PHARMACY INC,1165 WANTAGH AVE,,WANTAGH,NY,11793,5168096888,OWNER/VICE-PRESIDENT,3336C0003X,tier_1_primary_pharmacy,Y,Y,
1770129579,VIDA CARE PHARMACY LLC,3764 90TH ST,,JACKSON HEIGHTS,NY,113727830,7187792221,MEMBER,3336C0003X,tier_1_primary_pharmacy,Y,Y,
1003453747,BLESS YOU RX INC,9531 JAMAICA AVE,,WOODHAVEN,NY,114212224,3477045562,PRESIDENT,3336C0003X,tier_1_primary_pharmacy,Y,Y,
1588201149,ESMERALDA PHARMACY INC,6555 MYRTLE AVE,,GLENDALE,NY,113857028,3477630225,PRESIDENT,3336C0003X,tier_1_primary_pharmacy,Y,Y,
1346887833,SUPREME PHARMACY INC.,990 SOUTHERN BLVD,,BRONX,NY,104593402,7182822000,OWNER,3336C0003X,tier_1_primary_pharmacy,Y,Y,
1841837259,"SUNRISE PHARMACY I, INC.",7611A BROADWAY,,ELMHURST,NY,113731032,7185079277,OFFICER/TREASURER,333600000X|3336C0003X,tier_1_primary_pharmacy,Y,Y,
1528605813,SIMPLEX PHARMACY INC.,644 ROGERS AVE,,BROOKLYN,NY,112261502,7184622029,PRESIDENT,333600000X,tier_1_primary_pharmacy,Y,Y,
1871131441,WONDERFUL RX PHARMACY INC,52 JERICHO TPKE,,MINEOLA,NY,115012938,5164164881,SUPERVISING PHARMACIST,3336C0003X,tier_1_primary_pharmacy,Y,Y,
1518505874,WHITEPOINT RX PHARMACY INC,13211 14TH AVE,,FLUSHING,NY,113562001,7187670788,PRESIDENT,3336C0003X,tier_1_primary_pharmacy,Y,Y,
1710525811,ROCHESTER RX INC,2542 RIDGEWAY AVE,,GREECE,NY,146264116,5856858013,PHARMACY MANAGER,3336C0003X,tier_1_primary_pharmacy,Y,Y,
1710526413,SAI SARVA PHARMACY LLC,1842 E JERICHO TPKE,,HUNTINGTON,NY,117435796,6314622233,MANAGING MEMBER,3336C0003X,tier_1_primary_pharmacy,Y,Y,
1790324564,MEDTOWN PHARMACY,517 PARK AVE,,BROOKLYN,NY,112051783,7188751505,OWNER,333600000X,tier_1_primary_pharmacy,Y,Y,
1124667811,EXPERT PHARMACY INC.,10702 JAMAICA AVE,,RICHMOND HILL,NY,114182239,7188501100,OWNER,333600000X,tier_1_primary_pharmacy,Y,Y,
1023658135,ROSEHILL PHARMACY CORP,392B BEDFORD PARK BLVD,,BRONX,NY,104582415,7186848865,PRESIDENT,3336C0003X,tier_1_primary_pharmacy,Y,Y,
1568002756,EDENWALD PHARMACY INC.,4137 LACONIA AVE,,BRONX,NY,10466,3478998555,OWNER,3336C0003X,tier_1_primary_pharmacy,Y,Y,
1063042190,CENTRAL PHARMACY INC,530 E 138TH ST,,BRONX,NY,104544906,7186655474,PRESIDENT,3336C0003X,tier_1_primary_pharmacy,Y,Y,
1013547629,SUNNING PHARMACY INC.,2241 HYLAN BLVD,,STATEN ISLAND,NY,103063228,9175658666,PRESIDENT,3336C0003X,tier_1_primary_pharmacy,Y,Y,
1528698305,YMA PHARMACY INC,5709 MAIN ST,,FLUSHING,NY,113555332,3474381068,PRESIDENT,3336C0003X,tier_1_primary_pharmacy,Y,Y,
1982234613,APNI PHARMACY CORP,211 NEPTUNE AVE,,BROOKLYN,NY,112356304,7189757885,PRESIDENT,3336C0003X,tier_1_primary_pharmacy,Y,Y,
1356971774,CENTRAL RX PHARMACY CORP,13850 84TH DR,,BRIARWOOD,NY,114351840,7182234593,SUPERVISING PHARMACIST/OWNER,3336C0003X,tier_1_primary_pharmacy,Y,Y,
1639700537,NOSTRAND DRUG CORP.,2918 AVENUE J,,BROOKLYN,NY,112103842,7182531700,OWNER,333600000X,tier_1_primary_pharmacy,Y,Y,
1972134930,FILL RX NY INC,5906B RIVERDALE AVE,,BRONX,NY,104711603,7188848884,PRESIDENT,333600000X,tier_1_primary_pharmacy,Y,Y,
1487285367,FIRSTMED PHARMACY INC.,3936 QUEENS BLVD,,SUNNYSIDE,NY,111043306,7187342964,PHARMACIST-IN-CHARGE,3336C0003X,tier_1_primary_pharmacy,Y,Y,
1679104095,SHOP -N- SAVE PHARMACY INC,7206 MAIN ST,,FLUSHING,NY,113672408,7186746220,PRESIDENT,3336C0003X,tier_1_primary_pharmacy,Y,Y,
1962034090,PHARMEX PHARMACY INC.,142-08 ROCKAWAY BLVD,,JAMAICA,NY,114361416,9174441985,PRESIDENT/OWNER,3336C0003X,tier_1_primary_pharmacy,Y,Y,
1447882469,QUINLANS PHARMACY INC,107 N MAIN ST,,WAYLAND,NY,145721033,5857282250,OWNER/PRESIDENT,3336C0003X,tier_1_primary_pharmacy,Y,Y,
1962034975,JP RX CORP,7618 JAMAICA AVE,,JAMAICA,NY,114211850,7182960001,PRESIDENT,3336C0003X,tier_1_primary_pharmacy,Y,Y,
1982236758,GET WELL PHARMACY OF BRONX INC,786 E 163RD ST,,BRONX,NY,104567210,7184503824,OWNER,3336C0003X,tier_1_primary_pharmacy,Y,Y,
1568095818,LIN PHARMACY INC,22404 LINDEN BLVD,,CAMBRIA HEIGHTS,NY,114111739,3477224443,PRESIDENT,333600000X,tier_1_primary_pharmacy,Y,Y,
1659904605,DNA RX 101 CORP,6505 MYRTLE AVE,,GLENDALE,NY,113856248,9292502226,PRESIDENT/PHARMACIST,333600000X|3336L0003X|3336C0003X,tier_1_primary_pharmacy,Y,Y,
1871126649,REY PHARMACY LLC,6902 AUSTIN ST #2,,FOREST HILLS,NY,113754250,7184806018,OWNER,3336C0003X,tier_1_primary_pharmacy,Y,Y,
1407489222,VALENTINA'S PHARMACY INC,14 W 125TH ST,,NEW YORK,NY,100274502,6464490133,PRESIDENT,3336C0003X,tier_1_primary_pharmacy,Y,Y,
1194358887,Z MAX PHARMACY INC,17824 JAMAICA AVE,,JAMAICA,NY,114325616,7185230195,PRESIDENT,3336C0003X,tier_1_primary_pharmacy,Y,Y,
1083248694,MADISON APOTHECARY INC.,1114 MADISON AVENUE,,NEW YORK,NY,10028,2122491069,OWNER/SUPERVISING PHARMACIST,3336C0003X,tier_1_primary_pharmacy,Y,Y,
1215561519,NYRX 2 PHARMACY INC,17907 UNION TPKE,,FRESH MEADOWS,NY,113661635,7186737272,OWNER,3336C0003X,tier_1_primary_pharmacy,Y,Y,
1730713942,HEALTH PLUS NYC PHARMACY INC,12614 101ST AVE,,SOUTH RICHMOND HILL,NY,114191546,9292447540,PRESIDENT,3336C0003X,tier_1_primary_pharmacy,Y,Y,
1841824067,GUY PARK PHARMACY LLC,151 GUY PARK AVE,,AMSTERDAM,NY,120103229,5182126020,MEMBER,3336S0011X|3336C0003X,tier_1_primary_pharmacy,Y,Y,
1114551256,MORRIS PARK PHARMACY INC,1160 E TREMONT AVE,,BRONX,NY,104602452,6314587258,PRESIDENT,3336C0003X,tier_1_primary_pharmacy,Y,Y,
1124652052,ONE STOP RX INC,11903 SUTPHIN BLVD,,JAMAICA,NY,114342026,3476798039,MANAGER,3336C0003X,tier_1_primary_pharmacy,Y,Y,
1609400316,STERLING MEDS RX INC,11622A METROPOLITAN AVE,,RICHMOND HILL,NY,114181017,7184414141,PRESIDENT,3336C0003X,tier_1_primary_pharmacy,Y,Y,
1518592807,BURNS PHARMACY INC,6804 BURNS ST,,FOREST HILLS,NY,113755008,7187930400,PRESIDENT,3336C0003X,tier_1_primary_pharmacy,Y,Y,
1306471610,TREMONT RX PHARMACY INC,720A E TREMONT AVE,,BRONX,NY,104575002,7184508220,PRESIDENT,3336C0003X,tier_1_primary_pharmacy,Y,Y,
1881229961,"OUR TOWN PHARMACY, INC.",6945 GRAND AVE,,MASPETH,NY,113781825,9173370431,OWNER,3336C0003X,tier_1_primary_pharmacy,Y,Y,
1366077299,CUREMED RX INC,2020 LAKEVILLE RD,,NEW HYDE PARK,NY,110401664,5167557999,OWNER,333600000X,tier_1_primary_pharmacy,Y,Y,
1629604475,BATH AVE PHARMACY INC,2109 BATH AVEN,,BROOKLYN,NY,112144907,3476735314,PRESIDENT,3336C0003X,tier_1_primary_pharmacy,Y,Y,
1063048882,"JASMINE RX, INC",11418 LIBERTY AVE,,SOUTH RICHMOND HILL,NY,114191810,3472381046,OWNER,3336C0003X,tier_1_primary_pharmacy,Y,Y,
1316573876,BRIARWOOD RX INC,8515 MAIN ST,,BRIARWOOD,NY,114351879,3474750722,PRESIDENT,3336C0003X,tier_1_primary_pharmacy,Y,Y,
1467089284,MY HEALTH PHARMACY INC,1210 WEBSTER AVE,,BRONX,NY,104564208,7183049994,OWNER,3336C0003X,tier_1_primary_pharmacy,Y,Y,
1811525264,AJW PHARMACY LLC,354 HEMPSTEAD AVE APT 1,,WEST HEMPSTEAD,NY,115522053,5164164430,OWNER,3336C0003X,tier_1_primary_pharmacy,Y,Y,
1881222164,SAI SIVA PHARMACY LLC,64 INDIAN HEAD RD,,KINGS PARK,NY,117543703,6316633800,MANAING MEMBER,3336C0003X,tier_1_primary_pharmacy,Y,Y,
1285254367,16TH AVE PHARMACY LLC,4605 16TH AVE,,BROOKLYN,NY,112041105,7186868000,OWNER,3336C0003X,tier_1_primary_pharmacy,Y,Y,
1083234801,HEALTH AID RX PHARMACY INC,18217 JAMAICA AVE,,JAMAICA,NY,114232327,7184808400,PRESIDENT,3336C0003X,tier_1_primary_pharmacy,Y,Y,
1124648720,86 BOBO PHARMACY INC,2170 86TH ST,,BROOKLYN,NY,112143213,3475876275,PRESIDENT,3336C0003X,tier_1_primary_pharmacy,Y,Y,
1174143655,NEIGHBORHOOD HEALTH RX CORP.,10018 67TH AVE,,REGO PARK,NY,113744515,7189977700,OWNER,3336C0003X,tier_1_primary_pharmacy,Y,Y,
1417578899,"ALTO PHARMACY, LLC",100 PARK AVE STE FRONTE,,NEW YORK,NY,100175516,8008745881,SR. MANAGER OF REIMBURSEMENT,3336S0011X|333600000X|3336C0003X,tier_1_primary_pharmacy,Y,Y,
1942821293,BN RX INC,9605 ROCKAWAY BLVD,,OZONE PARK,NY,114171612,7184873677,PRESIDENT,3336C0003X,tier_1_primary_pharmacy,Y,Y,
1437770310,KISSENA RX PHARMACY INC,4207 KISSENA BLVD,,FLUSHING,NY,113553297,9175631079,PHARMACIST,3336C0003X|333600000X,tier_1_primary_pharmacy,Y,Y,
1508487414,"QUICK FILL RX, INC.",89 4TH AVE,,BROOKLYN,NY,112172793,9292950600,PRESIDENT & SECRETARY,3336C0003X,tier_1_primary_pharmacy,Y,Y,
1386266898,LINCOLN NYC RX LLC,2825 3RD AVE,,BRONX,NY,104554066,9177922411,PRESIDENT,3336C0003X,tier_1_primary_pharmacy,Y,Y,
1689296733,ELLICOTTVILLE PHARMACY INC,6133 ROUTE 219 S STE 1004,,ELLICOTTVILLE,NY,147319613,7166992384,PRESIDENT,3336L0003X|3336C0003X,tier_1_primary_pharmacy,Y,Y,
1598388944,"BROWNS PRESCRIPTION PHARMACY, INC",115 FRONT ST,,DEPOSIT,NY,137541111,6074672298,PRESIDENT,3336C0004X|3336C0003X,tier_1_primary_pharmacy,Y,Y,
1265056998,"99 PHARMACY, INC.",7402 GRAND AVE,,ELMHURST,NY,113734127,7185003699,OWNER,333600000X,tier_1_primary_pharmacy,Y,Y,
1881210680,VS PHARMACY CORP,2301 2ND AVE,,NEW YORK,NY,100354121,2127228300,PRESIDENT,3336C0003X,tier_1_primary_pharmacy,Y,Y,
1962028423,GOOD RX LLC,459 S BROADWAY,,HICKSVILLE,NY,118015068,5165957400,OWNER,333600000X,tier_1_primary_pharmacy,Y,Y,
1295352573,VEGA PHARMACY INC.,4041 LACONIA AVE,,BRONX,NY,104664917,3472934855,DIRECTOR,3336C0003X|333600000X,tier_1_primary_pharmacy,Y,Y,
1245857432,BELL PHARMACY LLC,2302 BELLMORE AVE,,BELLMORE,NY,117105627,5166549563,OWNER,3336C0003X,tier_1_primary_pharmacy,Y,Y,
1902423197,V&E PHARMACY LLC,3808 ASTORIA BLVRD SOUTH,,ASTORIA,NY,11103,7182556974,OWNER,3336C0003X,tier_1_primary_pharmacy,Y,Y,
1710505516,CLAREMONT PHARMACY INC,3181 BROADWAY,,NEW YORK,NY,100273303,2126620220,PRESIDENT,333600000X,tier_1_primary_pharmacy,Y,Y,
1891313771,METRO CHEMISTS PHARMACY INC.,73-01A METROPOLITAN AVE,,MIDDLE VILLAGE,NY,11379,7184339413,PHARMACIST,3336C0003X,tier_1_primary_pharmacy,Y,Y,
1386262004,MAGNOLIA RX INC,2032 3RD AVE,,NEW YORK,NY,100292802,2123696075,PRESIDENT,3336C0003X|333600000X,tier_1_primary_pharmacy,Y,Y,
1285242339,THE TRUMP PHARMACY INC.,8526 37TH AVE,,JACKSON HEIGHTS,NY,113727345,7184243333,PRESIDENT,3336C0003X,tier_1_primary_pharmacy,Y,Y,
1265040240,MERRICK BLVD PHARMACY INC,10950 MERRICK BLVD,,JAMAICA,NY,114333056,3475619686,PRESIDENT,3336C0003X|3336L0003X|3336M0002X|3336S0011X,tier_1_primary_pharmacy,Y,Y,
1841808755,UNION PHARMACY IN BAYSIDE CORP.,19406 NORTHERN BLVD,,FLUSHING,NY,113583033,3474381400,OWNER,3336C0003X,tier_1_primary_pharmacy,Y,Y,
1700494549,AMSTERDAM 2020 PHARMACY RX INC,2091 AMSTERDAM AVE,,NEW YORK,NY,100328210,9174727893,MANAGER,3336C0003X,tier_1_primary_pharmacy,Y,Y,
1609485895,A5 PHARMACY INC.,5323 7TH AVE,,BROOKLYN,NY,112203120,7188518888,PHARMACIST,3336C0003X,tier_1_primary_pharmacy,Y,Y,
1134738115,UTICA EXPRESS PHARMACY INC,190 UTICA AVE,GROUND FL,BROOKLYN,NY,112132939,7184841704,PRESIDENT,3336C0003X,tier_1_primary_pharmacy,Y,Y,
1972112993,BISOMA PHARMACY INC,20520 JAMAICA AVE,,HOLLIS,NY,114233021,7182172091,PRESIDENT,3336C0003X,tier_1_primary_pharmacy,Y,Y,
1891304879,AAZ RX INC,12117 JAMAICA AVE,,RICHMOND HILL,NY,114182524,7188499800,OWNER,3336C0003X,tier_1_primary_pharmacy,Y,Y,
1679182349,MARVEL PHARMACY INC,9612 LIBERTY AVE,,OZONE PARK,NY,114171624,7188802171,PRINCIPAL,333600000X,tier_1_primary_pharmacy,Y,Y,
1295344620,"BIOMED PHARMACY, INC.",531 E MEADOW AVE,,EAST MEADOW,NY,115543956,5166411523,PRESIDENT,3336C0003X,tier_1_primary_pharmacy,Y,Y,
1376153759,ASG RX CORP,10216 LIBERTY AVE,,OZONE PARK,NY,114171738,3479608788,PRESIDENT,3336C0003X,tier_1_primary_pharmacy,Y,Y,
1790395754,BRONX CHEMISTS RX INC,1764 E 174TH ST,,BRONX,NY,104721842,7186844590,PRESIDENT,3336C0003X,tier_1_primary_pharmacy,Y,Y,
1275143737,WILLIS CARE PHARMACY INC,208 WILLIS AVE,,BRONX,NY,104544844,7185855300,PRESIDENT,3336C0003X,tier_1_primary_pharmacy,Y,Y,
1003427139,"ARGYLE PHARMACY, INC.",1211 FOSTER AVE,,BROOKLYN,NY,112301607,7184210099,PRESIDENT,333600000X,tier_1_primary_pharmacy,Y,Y,
1598376410,MZ PHARMACY INC,8157 LEFFERTS BLVD,,KEW GARDENS,NY,114151728,7188505220,PRESIDENT,333600000X,tier_1_primary_pharmacy,Y,Y,
1952912792,ELIOT RX PHARMACY INC,8218 ELIOT AVE,,MIDDLE VILLAGE,NY,113791437,7184069222,PRESIDENT,3336C0003X,tier_1_primary_pharmacy,Y,Y,
1497366025,SOBRO PHARMACY INC.,2550 3RD AVE,,BRONX,NY,104541261,3477219292,VICE PRESIDENT,3336C0003X,tier_1_primary_pharmacy,Y,Y,
1518579952,NOSTRAND DRUGS RX INC,385 NOSTRAND AVE,,BROOKLYN,NY,112161701,3473652999,PRESIDENT,3336C0003X,tier_1_primary_pharmacy,Y,Y,
1861005357,SAMP RX INC.,4704 WHITE PLAINS RD,,BRONX,NY,104701103,7183240555,VICE PRESIDENT,333600000X,tier_1_primary_pharmacy,Y,Y,
1821601386,UNIVERSAL RX INC,2002 JERICHO TPKE,,NEW HYDE PARK,NY,110404701,5163520000,PRESIDENT,3336C0002X|3336C0003X,tier_1_primary_pharmacy,Y,Y,
1205449444,167 RX INC,55 E 167TH ST,,BRONX,NY,104528206,3475914575,PRESIDENT,3336C0003X,tier_1_primary_pharmacy,Y,Y,
1710590849,OMM PHARMACY LLC,942 MANHATTAN AVE,,BROOKLYN,NY,112221626,7185004928,OWNER,333600000X|3336C0003X,tier_1_primary_pharmacy,Y,Y,
1700490190,VITAL RX CORP,1252 SHAKESPEARE AVE,,BRONX,NY,104523012,7185884100,PRESIDENT,333600000X,tier_1_primary_pharmacy,Y,Y,
1912511395,PJ PHARMACY INC,1043 ROUTE 112,,PORT JEFFERSON STATION,NY,117766000,6319281010,PRESIDENT,3336C0003X,tier_1_primary_pharmacy,Y,Y,
1356955454,BRONXVILLE PHARMACY INC,57 PONDFIELD RD W,,BRONXVILLE,NY,107082632,9143465600,PRESIDENT,3336C0003X,tier_1_primary_pharmacy,Y,Y,
1649885047,TREE OF LIFE RX INC,2472 CONEY ISLAND AVE,,BROOKLYN,NY,112235022,7183360900,PRESIDENT,3336C0003X,tier_1_primary_pharmacy,Y,Y,
1861008856,WORTHY PHARMACY LLC,202 MAIN ST,,OLEAN,NY,147602606,7168047979,OWNER/PHARMACIST,333600000X|3336C0003X,tier_1_primary_pharmacy,Y,Y,
1578179859,Y&G PHARMACY INC,8017 MYRTLE AVE,,GLENDALE,NY,113857642,7185598017,PRESIDENT,3336C0003X,tier_1_primary_pharmacy,Y,Y,
1114534138,I CARE PHARMACY 14 INC,223 W 14TH ST,,NEW YORK,NY,100117113,6466094900,OWNER,3336C0003X,tier_1_primary_pharmacy,Y,Y,
1033726807,PORTLAND PHARMACY INC,1295 PORTLAND AVE STE 2,,ROCHESTER,NY,146212726,5855377081,SUPERVISING PHARMACIST,3336C0003X,tier_1_primary_pharmacy,Y,Y,
1477151512,101 RX PHARMACY INC,101 RX PHARMACY INC,9718 101ST AVE,OZONE PARK,NY,11416,9173007579,OWNER,3336C0003X,tier_1_primary_pharmacy,Y,Y,
1073111951,PHARMACY ON BAY STREET INC.,1209 BAY ST,,STATEN ISLAND,NY,103053121,3479679186,SUPERVISING PHARMACIST,3336C0003X,tier_1_primary_pharmacy,Y,Y,
1528666443,MVP PHARMACY INC,930 WHEELER RD,,HAUPPAUGE,NY,117882900,6317247096,PRESIDENT,3336C0003X,tier_1_primary_pharmacy,Y,Y,
1760080741,CAROL PHARMACY LLC,4230 BROADWAY,,NEW YORK,NY,100333746,9179652277,MEMBER,3336C0003X,tier_1_primary_pharmacy,Y,Y,
1316545361,MADISON RX INC,1701 MADISON ST,,RIDGEWOOD,NY,113853698,9292950700,PRESIDENT,3336C0003X,tier_1_primary_pharmacy,Y,Y,
1013515873,AXIUM SPECIALTY RX INC,1412 MERMAID AVE,,BROOKLYN,NY,112242752,7183935590,OWNER,3336C0003X|3336S0011X,tier_1_primary_pharmacy,Y,Y,
1124627302,ELITE PHARMACY INC.,614A GRAND ST,,BROOKLYN,NY,112114802,7189719333,OWNER,333600000X|3336C0003X,tier_1_primary_pharmacy,Y,Y,
1841890878,CORNER PHARMACY MYRTLE LLC,680 MYRTLE AVE,,BROOKLYN,NY,112054119,3475635828,OWNER,3336C0003X,tier_1_primary_pharmacy,Y,Y,
1902406036,MEADOWS RX INC,15922 HILLSIDE AVE,,JAMAICA,NY,114323992,7184808790,PRESIDENT,333600000X,tier_1_primary_pharmacy,Y,Y,
1063012102,G.L. PHARMACY HOLDINGS LLC,343 BROADWAY,,BROOKLYN,NY,112117400,7183841544,OWNER,3336C0003X,tier_1_primary_pharmacy,Y,Y,
1306448782,CITY SPECAILTY PHARMACY LLC,324 MAIN ST,,POUGHKEEPSIE,NY,126013110,8454712320,PRESIDENT,3336C0003X,tier_1_primary_pharmacy,Y,Y,
1881296192,YOUR WELLNESS PHARMACY NY INC,488 E JERICHO TPKE,,HUNTINGTON STATION,NY,117467328,6316834985,PRESIDENT,3336C0003X,tier_1_primary_pharmacy,Y,Y,
1982206975,PLANET RX CHEMISTS LTD,2813 CROPSEY AVE,,BROOKLYN,NY,112147213,7183757525,OWNER,3336C0003X,tier_1_primary_pharmacy,Y,Y,
1235732926,BAYBRIDGE PHARMACY LLC,20848 CROSS ISLAND PKWY,,BAYSIDE,NY,113601187,7187519911,CFO,3336C0003X,tier_1_primary_pharmacy,Y,Y,
1508469727,MARIN PHARMACY LLC,1570-4 SAINT NICHOLAS AVE,,NEW YORK,NY,10040,2127951795,MEMBER,3336C0003X,tier_1_primary_pharmacy,Y,Y,
1003419334,CENTRAL PHARMACY LLC,121 KENT AVE,,BROOKLYN,NY,112492993,9293970331,CFO,3336C0003X,tier_1_primary_pharmacy,Y,Y,
1548863715,CENTRAL NEIGHBORHOOD RX INC,6901 MYRTLE AVE,,GLENDALE,NY,113857266,9292950844,PRESIDENT,3336C0003X,tier_1_primary_pharmacy,Y,Y,
1013510353,PRO PHARMACY LLC,71 E OLD COUNTRY RD,,HICKSVILLE,NY,118014200,5167195919,OWNER,3336C0003X,tier_1_primary_pharmacy,Y,Y,
1326641325,NY ELM PHARMACY INC,3902 UNION ST UNIT 2,,FLUSHING,NY,113545514,7184632688,PRESIDENT,3336C0003X,tier_1_primary_pharmacy,Y,Y,
1912501735,PRECARE PHARMACY INC,340 E 149TH ST # A,,BRONX,NY,104515674,3475914422,MANAGER,3336C0003X,tier_1_primary_pharmacy,Y,Y,
1518561406,BMS PHARMACY INC,66 MIDDLEBUSH RD STE M201,,WAPPINGERS FALLS,NY,125904098,8452846464,PRESIDENT,333600000X,tier_1_primary_pharmacy,Y,Y,
1225633670,PAIN RELIEF RX INC,6303 DRY HARBOR RD,,MIDDLE VILLAGE,NY,113791964,7182556443,OWNER,3336C0003X,tier_1_primary_pharmacy,Y,Y,
1881290245,OZONE RX INC,8601 101ST AVE,,OZONE PARK,NY,114162110,7189549085,PRESIDENT,3336C0003X,tier_1_primary_pharmacy,Y,Y,
1366048837,"SKYCARE RX PHARMACY, INC.",221 BROAD ST,,STATEN ISLAND,NY,103042057,7186821311,OWNER,3336C0003X,tier_1_primary_pharmacy,Y,Y,
1992301261,Q PHARMACY RX INC,8236 LEFFERTS BLVD,,KEW GARDENS,NY,114152638,9294678013,PRESIDENT,3336C0003X,tier_1_primary_pharmacy,Y,Y,
1417553850,SAN PEDRO CLAVER PHARMACY INC.,9115 JAMAICA AVE,,WOODHAVEN,NY,114212106,9293491233,PRESIDENT,3336C0003X,tier_1_primary_pharmacy,Y,Y,
1720684004,OXFORD PHARMACY INC,264 FLATBUSH AVE,,BROOKLYN,NY,112172820,9292980369,OWNER,333600000X,tier_1_primary_pharmacy,Y,Y,
1801482617,TURNPIKE MEDS RX INC,17914 UNION TPKE,,FLUSHING,NY,113661636,7187499915,PRESIDENT,3336C0003X,tier_1_primary_pharmacy,Y,Y,
1770170748,NORTH BRONX RX INC,4166 WHITE PLAINS RD,,BRONX,NY,104663020,7189254114,MANAGER,3336C0003X,tier_1_primary_pharmacy,Y,Y,
1144817073,HEALTH QUEST PHARMACY INC,3007 31ST AVE,,ASTORIA,NY,111062404,7187770747,PRESIDENT,3336C0003X,tier_1_primary_pharmacy,Y,Y,
1386231165,"PEACE PHARMACY, INC.",2366 UNIVERSITY AVE,,BRONX,NY,104686223,9176972678,PRESIDENT,3336C0003X,tier_1_primary_pharmacy,Y,Y,
1477140077,SAN AGUSTIN PHARMACY LLC,4157 BROADWAY,,NEW YORK,NY,100333702,2125681020,PRESIDENT,3336C0003X,tier_1_primary_pharmacy,Y,Y,
1518555994,VARGAS RX CORP,3042 14TH ST,,ASTORIA,NY,111023994,7185004668,PRESIDENT,3336C0003X,tier_1_primary_pharmacy,Y,Y,
1437747839,ALLIANCE PHARMACY INC,11221 FARMERS BLVD,,JAMAICA,NY,114122330,7184135008,OWNER,3336C0003X,tier_1_primary_pharmacy,Y,Y,
1629666425,HELPING PHARMACY INC,1224 AVENUE U,,BROOKLYN,NY,112294102,7186842878,OWNER,333600000X,tier_1_primary_pharmacy,Y,Y,
1508454075,FRANCIS LEWIS PHARMACY INC,3333 FRANCIS LEWIS BLVD,,FLUSHING,NY,113581928,9295532288,PRESIDENT,333600000X,tier_1_primary_pharmacy,Y,Y,
1235727744,GENTLE CARE PHARMACY LLC,13A MARKET ST,,NEW YORK,NY,100026806,9174095784,PRESIDENT,3336C0003X,tier_1_primary_pharmacy,Y,Y,
1205425600,MOMS RX CORPORATION,745 RALPH AVE STE I,,BROOKLYN,NY,112123835,3472403750,OWNER,3336C0003X,tier_1_primary_pharmacy,Y,Y,
1841889102,GREENWAY RX INC,6602 CENTRAL AVE,,GLENDALE,NY,113856501,3476899117,PRESIDENT,3336C0003X,tier_1_primary_pharmacy,Y,Y,
1619566411,MAGNET RX LLC,7702 21ST AVE,,EAST ELMHURST,NY,113701219,7187286878,OWNER,3336C0003X,tier_1_primary_pharmacy,Y,Y,
1477142297,MEGHNA PHARMACY INC,7706 101ST AVE,,OZONE PARK,NY,114161914,5162832584,PRESIDENT,3336C0003X,tier_1_primary_pharmacy,Y,Y,
1679162341,NY HEART PHARMACY INC,15220 NORTHERN BLVD,,FLUSHING,NY,113544951,7187990800,PRESIDENT,3336C0003X,tier_1_primary_pharmacy,Y,Y,
1457941080,HEALTH NOW PHARMACY LLC,911 N BROADWAY STE D,,WHITE PLAINS,NY,106032461,9146159954,PRESIDENT,333600000X,tier_1_primary_pharmacy,Y,Y,
1811587348,MT VERNON PHARMACY CORP,105 STEVENS AVE,,MOUNT VERNON,NY,105502686,9144166777,PRESIDENT,3336C0003X,tier_1_primary_pharmacy,Y,Y,
1467043000,LONGWOOD RX INC,922 WESTCHESTER AVE,,BRONX,NY,104593108,3472715386,PRESIDENT,3336C0003X,tier_1_primary_pharmacy,Y,Y,
1518558048,AMAYA PHARMACY CORP,14075 ASH AVE OFC 2C,,FLUSHING,NY,113552789,7183523300,SUPERVISING PHARMACIST,333600000X,tier_1_primary_pharmacy,Y,Y,
1043802812,CL PHARMACY INC,3704 UNION ST FL 1,,FLUSHING,NY,113544118,7187856666,PRESIDENT,3336C0003X,tier_1_primary_pharmacy,Y,Y,
1053903104,"BLEND LABS RX, LLC.",11502 LIBERTY AVE STE 200,,SOUTH RICHMOND HILL,NY,114191938,9147457400,MANAGER,333600000X,tier_1_primary_pharmacy,Y,Y,
1710579776,UNIQUE PHARMACY CORP,1702 BRYANT AVE,,BRONX,NY,104605449,9295340101,PRESIDENT,3336C0003X,tier_1_primary_pharmacy,Y,Y,
1417540840,SJT DRUG CORP,10512 NORTHERN BLVD,,CORONA,NY,113681133,3475071126,PRESIDENT,3336C0003X,tier_1_primary_pharmacy,Y,Y,
1902490535,YNS MEDICAL SUPPLIER & PHARMACY INC,365 ROUTE 59 STE 207,,AIRMONT,NY,109523473,8457093192,PRESIDENT,333600000X,tier_1_primary_pharmacy,Y,Y,
1346834835,GALAXY RX INC,4702 47TH AVE,,WOODSIDE,NY,113776125,7187868785,PRESIDENT,3336C0003X,tier_1_primary_pharmacy,Y,Y,
1841884152,SWADESHBD RX INC,17025 HILLSIDE AVE,,JAMAICA,NY,114324546,7182620138,PRESIDENT,3336C0003X,tier_1_primary_pharmacy,Y,Y,
1518551605,NY UNION PHARMACY INC,16102 UNION TPKE,,FRESH MEADOWS,NY,113661956,7182100062,PRESIDENT,333600000X,tier_1_primary_pharmacy,Y,Y,
1205420304,28 PHARMACY INC.,136-63 41ST AVE,1ST FLOOR,FLUSHING,NY,113552470,7187990280,PRESIDENT,3336C0003X|3336S0011X,tier_1_primary_pharmacy,Y,Y,
1306431325,DRUG STOP PHARMACY CORP,2062 2ND AVE,,NEW YORK,NY,100294704,3474992888,OWNER,3336C0003X,tier_1_primary_pharmacy,Y,Y,
1427643212,MY UNIQUE PHARMACY INC,810 55TH STREET,,BROOKLYN,NY,11220,3472951185,PRESIDENT,333600000X,tier_1_primary_pharmacy,Y,Y,
1326633991,BRIAR DRUG STORE INC,8515 MAIN STREET,COMM 7,BRIARWOOD,NY,11435,3474750722,PRESIDENT,3336C0003X,tier_1_primary_pharmacy,Y,Y,
1558956805,"MAPLE PARK PHARMACY, INC.",4260 KISSENA BLVD FL 1,,FLUSHING,NY,113553213,9148298273,OWNER,333600000X,tier_1_primary_pharmacy,Y,Y,
1396320552,TENDER PHARMACY INC,7 BAY 35TH ST,,BROOKLYN,NY,112144303,3475104059,OWNER,333600000X,tier_1_primary_pharmacy,Y,Y,
1518542406,AHI PHARMACY INC,16919 JAMAICA AVE,,JAMAICA,NY,114325217,7184803833,PRESIDENT,3336C0003X,tier_1_primary_pharmacy,Y,Y,
1740866961,"123 PHARMACY, INC.",3712 PRINCE ST # F14,,FLUSHING,NY,113544649,7189711690,OWNER,333600000X,tier_1_primary_pharmacy,Y,Y,
1316523806,JNX RX CORP,70 E 184TH ST,,BRONX,NY,104686502,7183292000,PRESIDENT,333600000X,tier_1_primary_pharmacy,Y,Y,
1821675588,CLINIX PLUS PHARMACY LLC,1655 GRAND AVE,,NORTH BALDWIN,NY,115101846,5164422046,PRESIDENT,3336C0003X,tier_1_primary_pharmacy,Y,Y,
1174102362,MODERN RX PHARMACY INC,6298 WOODHAVEN BLVD,,REGO PARK,NY,113743345,9295532211,OWNER,3336C0003X,tier_1_primary_pharmacy,Y,Y,
1447839493,MEDWELL RX INC,2205 86TH ST,,BROOKLYN,NY,112144107,7186764966,OWNER,3336C0003X,tier_1_primary_pharmacy,Y,Y,
1457931271,NOSTRAND HEALTH PHARMACY INC,3901 NOSTRAND AVE,,BROOKLYN,NY,112352106,7185590887,SUPERVISING RPH,3336C0003X,tier_1_primary_pharmacy,Y,Y,
1427639764,REX SPECIALTY PHARMACY INC.,48 CENTRAL CT,,VALLEY STREAM,NY,115801143,5165937747,PRESIDENT,3336C0003X,tier_1_primary_pharmacy,Y,Y,
1285215350,RISA PHARMACY INC,11704 ATLANTIC AVE,,SOUTH RICHMOND HILL,NY,114191219,7184801116,PRESIDENT,3336C0003X,tier_1_primary_pharmacy,Y,Y,
1306427505,AUSTIN CARE PHARMACY LLC,6860 AUSTIN ST STE 5,,FOREST HILLS,NY,113754220,7184009900,OWNER,333600000X,tier_1_primary_pharmacy,Y,Y,
1326629338,SIYA RX INC,206 1ST AVE,,NEW YORK,NY,100093720,2122538686,VICE PRESIDENT,333600000X|3336C0003X,tier_1_primary_pharmacy,Y,Y,
1093397663,WORKERS HEALTH RX. INC,1 DUPONT ST STE 112,,PLAINVIEW,NY,118031606,8557778299,CEO/PRESIDENT,3336L0003X|3336C0003X,tier_1_primary_pharmacy,Y,Y,
1437731825,CENTRAL AID PHARMACY INC,546 CENTRAL AVE,,CEDARHURST,NY,115162127,5167308200,OWNER,3336C0003X,tier_1_primary_pharmacy,Y,Y,
1316520190,DOSEPACK PHARMACY LLC,258-15 HILLSIDE AVENUE STORE# 2,,GLEN OAKS,NY,11004,8455583688,OWNER,3336C0003X,tier_1_primary_pharmacy,Y,Y,
1144804253,YONKERS EXPRESS PHARMACY INC,62 WARBURTON AVE,,YONKERS,NY,107017037,9144577968,PRESIDENT,3336C0003X,tier_1_primary_pharmacy,Y,Y,
1225602410,STORY AVE PHARMACY INC,1903 STORY AVE,,BRONX,NY,104732705,7188222923,PRESIDENT,333600000X,tier_1_primary_pharmacy,Y,Y,
1437724887,PRIORITY CARE PHARMACY INC,8811 101ST AVE,,OZONE PARK,NY,114162118,3477245494,PRESIDENT,3336C0003X,tier_1_primary_pharmacy,Y,Y,
1942876248,MAX HEALTH PHARMACY INC,529 E 137TH ST,,BRONX,NY,104544202,3472703574,PRESIDENT,3336C0003X,tier_1_primary_pharmacy,Y,Y,
1548836711,RAHMA PHARMACY INC,964 BROADWAY ST,,BUFFALO,NY,142121318,7168925555,SUPERVISING PHARMACIST,3336C0003X,tier_1_primary_pharmacy,Y,Y,
1285201608,PEOPLE'S CHOICE PHARMACY NY CORP,423 JERSEY ST,,STATEN ISLAND,NY,103012226,7184427150,CEO,333600000X,tier_1_primary_pharmacy,Y,Y,
1346817665,NARAYAN PHARMACY 2 LLC,12 N 7TH AVE LBBY,,MOUNT VERNON,NY,105502026,9142221900,PRESIDENT,3336C0003X,tier_1_primary_pharmacy,Y,Y,
1174190391,NEIGHBORHOOD RX PHARMACY CORP,1788 JEROME AVE,,BRONX,NY,104535708,3475979733,PRESIDENT,333600000X|3336C0003X,tier_1_primary_pharmacy,Y,Y,
1740857879,MERRICK APOTHECARY CORP.,2027 MERRICK RD,,MERRICK,NY,115664703,5166849732,OWNER,3336C0003X,tier_1_primary_pharmacy,Y,Y,
1639746233,ALL FAMILY PHARMACY INC,7017 18TH AVE,,BROOKLYN,NY,112045269,7182328668,MANAGER,3336C0003X,tier_1_primary_pharmacy,Y,Y,
1861060162,CHEMIST RX 103 INC,2002 2ND AVE,,NEW YORK,NY,100295445,2124104410,PRESIDENT,333600000X,tier_1_primary_pharmacy,Y,Y,
1649849092,PREMIUM RX PHARMACY INC,17801 HILLSIDE AVE,,JAMAICA,NY,114324624,3473923913,DIRECTOR OF OPERATIONS,3336C0003X,tier_1_primary_pharmacy,Y,Y,
1083283402,BEST CARE PHARMACY OF NEW YORK INC.,2347 65TH ST,,BROOKLYN,NY,112044045,3474629145,PRESIDENT,3336C0003X,tier_1_primary_pharmacy,Y,Y,
1578133369,FOREVER PHARMACY INC.,13534 39TH AVE,,FLUSHING,NY,113544480,7188887000,PRESIDENT,333600000X|3336C0003X,tier_1_primary_pharmacy,Y,Y,
1598335143,BELLECARE PHARMACY INC,25515 HILLSIDE AVE,,GLEN OAKS,NY,110041615,7184132772,CEO / OWNER,333600000X|3336C0003X,tier_1_primary_pharmacy,Y,Y,
1487224564,LIFE SCRIPT PHARMACY INC,5456A MYRTLE AVE,,RIDGEWOOD,NY,113853453,7183666900,PRESIDENT,3336C0003X,tier_1_primary_pharmacy,Y,Y,
1063083897,PET DRUG STORE INC.,700 UNION PKWY STE 6,,RONKONKOMA,NY,117797427,6316489530,SUPERVISING PHARMACIST,333600000X,tier_1_primary_pharmacy,Y,Y,
1033780663,LCK PHARMACY INC.,2006 BAY RIDGE PKWY,,BROOKLYN,NY,112045925,9295527088,SUPERVISING PHARMACIST,333600000X,tier_1_primary_pharmacy,Y,Y,
1710558168,LEMED PHARMACY BUFFALO LLC,1091 MAIN ST STE 110,,BUFFALO,NY,142092305,3479134656,CEO/OWNER,333600000X|3336C0003X,tier_1_primary_pharmacy,Y,Y,
1003487216,PHARMACY ON GRAND INC,7333 GRAND AVE,,MASPETH,NY,113781523,7187342400,PRESIDENT,3336C0003X,tier_1_primary_pharmacy,Y,Y,
1932771979,LOTUS HEALTH PHARMACY INC.,3810 138TH ST UNIT 1B,,FLUSHING,NY,113542602,1875096858,PRESIDENT/PHARMACIST,3336C0003X,tier_1_primary_pharmacy,Y,Y,
1346812062,EASY RX PHARMACY INC,6609 MYRTLE AVE,,GLENDALE,NY,113857049,8457694578,OWNER,3336C0003X,tier_1_primary_pharmacy,Y,Y,
1093388100,CARE FIRST PHARMACY GROUP INC,91 W KINGSBRIDGE RD,,BRONX,NY,104687512,7184842200,PRESIDENT,333600000X,tier_1_primary_pharmacy,Y,Y,
1871166389,ADVANCE HEALTH RX INC,401 E 187TH ST,,BRONX,NY,104585796,9174736466,OWNER,3336C0003X,tier_1_primary_pharmacy,Y,Y,
1083287387,"K PHARMACY, LLC",28 KAYSAL CT,UNIT B1,ARMONK,NY,105041344,8554291149,GENERAL MANAGER,333600000X,tier_1_primary_pharmacy,Y,Y,
1871166165,ELDRIDGE STREET PHARMACY INC,11 ELDRIDGE ST,,NEW YORK,NY,100026233,6467558268,PRESIDENT,3336C0003X,tier_1_primary_pharmacy,Y,Y,
1578236477,135 JERICHO PHARMACY CORP.,135 W JERICHO TURNPIKE,STORE 3,HUNTINGTON STATION,NY,11746,5169231060,OWNER,3336C0003X,tier_1_primary_pharmacy,Y,Y,
1689347924,APOLLO PHARMACY LLC,2255 ADAM CLAYTON POWELL JR BLVD,,NEW YORK,NY,100277807,9174645252,"OWNER/PARTNER, PHARMACIST",333600000X|3336C0003X,tier_1_primary_pharmacy,Y,Y,
1194499343,77 PHARMACY INC,8215 ROOSEVELT AVE,,JACKSON HEIGHTS,NY,113727034,7188987777,OWNER,3336C0003X,tier_1_primary_pharmacy,Y,Y,
1730853680,"OPRX PHARMACY #10709, LLC",1 TUCKAHOE AVE,,EASTCHESTER,NY,107092924,9143358801,CEO,3336C0003X,tier_1_primary_pharmacy,Y,Y,
1407520042,"OPRX PHARMACY #10510, LLC",89 N STATE RD,,BRIARCLIFF MANOR,NY,105101415,9149411970,CEO,333600000X|3336C0003X,tier_1_primary_pharmacy,Y,Y,
1114691656,PREVAIL PHARMACY INC,850 AMSTERDAM AVE,,NEW YORK,NY,100255170,9174093891,SUPERVISING PHARMACIST/MANAGER,3336C0003X,tier_1_primary_pharmacy,Y,Y,
1720752165,TOWN RX INC,335 CENTRAL AVE UNIT A,,LAWRENCE,NY,115591622,5162954108,OWNER,3336C0003X,tier_1_primary_pharmacy,Y,Y,
1720753882,I&Y PHARMACY CORP,6669 FRESH POND RD,,RIDGEWOOD,NY,113853960,7183686060,OWNER,3336C0003X,tier_1_primary_pharmacy,Y,Y,
1326713488,EMNICO RX INC,1440 FOREST AVE,STORE 5,STATEN ISLAND,NY,103022235,6313803800,PHARMACIST,3336C0004X|3336C0003X,tier_1_primary_pharmacy,Y,Y,
1902571920,RS DRUG CORP,2182 AMSTERDAM AVE,,NEW YORK,NY,100322433,9173883858,PRESIDENT,333600000X|3336C0003X,tier_1_primary_pharmacy,Y,Y,
1750056719,ARCH PHARMACY INC,3261 85TH ST,,EAST ELMHURST,NY,113702011,7188981001,OWNER,3336C0003X,tier_1_primary_pharmacy,Y,Y,
1609542174,BE WELL RX INC,2201A AMSTERDAM AVE,,NEW YORK,NY,100322512,9172658018,OWNER,3336C0003X,tier_1_primary_pharmacy,Y,Y,
1184390411,ONE RX CHEMIST INC,15334 HILLSIDE AVE,,JAMAICA,NY,114323322,7188801720,OWNER,3336C0003X,tier_1_primary_pharmacy,Y,Y,
1992471163,LITTLE GUYANA PHARMACY & CAFE INC,11908 LIBERTY AVE,,SOUTH RICHMOND HILL,NY,114192002,3476845301,OWNER,3336S0011X|3336C0003X,tier_1_primary_pharmacy,Y,Y,
1871269928,MEDLINE PLUS PHARMACY INC,444 W JERICHO TPKE,,HUNTINGTON,NY,117436061,5184067573,PRESIDENT,333600000X|3336C0003X,tier_1_primary_pharmacy,Y,Y,
1952077828,"211 MCLEAN AVE. PHARMACY, INC.",211 MCLEAN AVE,,YONKERS,NY,107054419,9143274888,PRESIDENT,333600000X,tier_1_primary_pharmacy,Y,Y,
1841966793,LITTLE NECK RX CORP,25437 HORACE HARDING EXPY,,LITTLE NECK,NY,113621816,7188198511,PRESIDENT,3336C0003X,tier_1_primary_pharmacy,Y,Y,
1942976717,FIVE STAR RX INC,11214 QUEENS BLVD,,FOREST HILLS,NY,113756344,7184803146,OWNER,3336C0003X,tier_1_primary_pharmacy,Y,Y,
1740956549,MY FAVORITE RX INC,8612 37TH AVE,,JACKSON HEIGHTS,NY,113727539,7188033888,PRESIDENT,333600000X,tier_1_primary_pharmacy,Y,Y,
1336815943,SMITH PHARMACY INC,102A BELMONT AVE,,BROOKLYN,NY,112127729,7184853300,OWNER,3336C0003X,tier_1_primary_pharmacy,Y,Y,
1053088567,"137 MOTT PHARMACY, INC.",137 MOTT ST FRNT A,,NEW YORK,NY,100134718,6466698220,PRESIDENT,333600000X,tier_1_primary_pharmacy,Y,Y,
1467129528,CAPLET PHARMACY INC,11712 QUEENS BLVD,,FOREST HILLS,NY,113757087,7188854444,PRESIDENT,333600000X,tier_1_primary_pharmacy,Y,Y,
1184392615,DANIEL J HORN DBA DAN HORN PHARMACY AND HEALTH SERVICES,111 E GREEN ST,,OLEAN,NY,147603641,7163766337,OWNER,333600000X,tier_1_primary_pharmacy,Y,Y,
1225707714,PREET PHARMACY INC.,11613 LIBERTY AVE,,SOUTH RICHMOND HILL,NY,114191903,7186419100,PRESIDENT,3336C0003X,tier_1_primary_pharmacy,Y,Y,
1417626896,HARLEM SPECIALTY DRUG CORP,1994 3RD AVE,,NEW YORK,NY,100293644,2124277123,PRESIDENT,3336C0003X,tier_1_primary_pharmacy,Y,Y,
1295404457,MORE HEALTH PLUS PHARMACY INC,3716 3RD AVE,,BRONX,NY,104562126,7189921204,OWNER,3336C0003X,tier_1_primary_pharmacy,Y,Y,
1053081158,SHANDAR PHARMACY INC,3064 CONEY ISLAND AVE # 4,,BROOKLYN,NY,112356475,7186180540,OWNER,333600000X,tier_1_primary_pharmacy,Y,Y,
1376214254,INSIS RX LLC,749 HILLSIDE AVE,,NEW HYDE PARK,NY,110402515,5164089777,PRESIDENT,333600000X,tier_1_primary_pharmacy,Y,Y,
1932870466,NEWLINE RX INC,19111 JAMAICA AVE,,HOLLIS,NY,114232527,9292991441,PRESIDENT,3336C0003X,tier_1_primary_pharmacy,Y,Y,
1174295273,MELROSE RX INC,730 COURTLANDT AVE,,BRONX,NY,104517800,7186187444,PRESIDENT,3336C0003X,tier_1_primary_pharmacy,Y,Y,
1609548650,SAG HARBOR PHARMACY INC,120 MAIN ST,,SAG HARBOR,NY,119633007,6317250072,PRESIDENT,3336C0003X,tier_1_primary_pharmacy,Y,Y,
1558033951,DURAN CURE PHARMACY INC.,1713 BOSTON RD,,BRONX,NY,104604943,7187342250,OWNER,333600000X,tier_1_primary_pharmacy,Y,Y,
1952063133,MASE PHARMACY INC,1666 BOSTON RD,,BRONX,NY,104604916,7183040295,PRESIDENT,3336C0003X,tier_1_primary_pharmacy,Y,Y,
1912669417,DOWNTOWN RX PHARMA CORP,180 ATLANTIC AVE,,BROOKLYN,NY,112015604,9178580777,PRESIDENT,3336C0003X,tier_1_primary_pharmacy,Y,Y,
1689336927,BLUE POINT PHARMACY LLC,6604 18TH AVE,,BROOKLYN,NY,112044314,3474927130,OWNER,3336C0003X,tier_1_primary_pharmacy,Y,Y,
1740943000,PILL CLOUD SPECIALTY PHARMACY INC,6010 QUEENS BLVD,,WOODSIDE,NY,113774973,2124609090,PRESIDENT,3336C0003X,tier_1_primary_pharmacy,Y,Y,
1487317400,NOSTRAND AVE PHARMACY CORP,1148 NOSTRAND AVE,,BROOKLYN,NY,112256129,5162402844,PRESIDENT,3336C0003X,tier_1_primary_pharmacy,Y,Y,
1437812336,R FAMILY PHARMACY INC,2934 AVENUE R,,BROOKLYN,NY,112292603,7187584800,PRESIDENT,3336C0003X,tier_1_primary_pharmacy,Y,Y,
1710640628,HEALTHLINE RX PHARMACY INC.,3919 5TH AVE,,BROOKLYN,NY,112322925,3024390365,PRESIDENT/OWNER,3336C0003X,tier_1_primary_pharmacy,Y,Y,
1902569692,SHRI HARI RX CORP,1280 SAINT NICHOLAS AVE,,NEW YORK,NY,100337265,2129288082,VICE PRESIDENT,3336C0003X,tier_1_primary_pharmacy,Y,Y,
1629731054,FLOW RX INC,3911 104TH ST,,CORONA,NY,113682313,7185339996,PRESIDENT,3336C0003X,tier_1_primary_pharmacy,Y,Y,
1053075028,URBAN HEALTH PHARMACY INC.,564 NIAGARA ST BLDG 2,,BUFFALO,NY,142011108,7163300908,PRESIDENT,333600000X|3336C0003X,tier_1_primary_pharmacy,Y,Y,
1598429425,CARE EXPRESS PHARMACY INC,6416 MYRTLE AVE,,RIDGEWOOD,NY,113856216,9292980281,PRESIDENT,3336C0003X,tier_1_primary_pharmacy,Y,Y,
1598420945,NYC DISCOUNT PHARMACY INC,1058 1ST AVE,,NEW YORK,NY,100222904,2128327200,PRESIDENT,3336C0003X,tier_1_primary_pharmacy,Y,Y,
1023773421,"MAZAL PHARMACY, INC",7144 MAIN ST,,FLUSHING,NY,113672023,7184873050,PRESIDENT,333600000X|3336C0003X,tier_1_primary_pharmacy,Y,Y,
1598420697,AL-BARAKAH PHARMACY,2228 HYLAN BLVD,,STATEN ISLAND,NY,103063227,3479960212,MANAGER,333600000X,tier_1_primary_pharmacy,Y,Y,
1437814035,SOUTHERN BOULEVARD PHARMACY INC,1767 SOUTHERN BLVD,,BRONX,NY,104604801,7189750988,PRESIDENT,3336C0003X,tier_1_primary_pharmacy,Y,Y,
1649936980,LIC PHARMACY CORP,4035 21ST ST STE 4C,,LONG ISLAND CITY,NY,111016140,3472422981,PRESIDENT,333600000X,tier_1_primary_pharmacy,Y,Y,
1215693312,HEALTH DEPOT PHARMACY LLC,5803 7TH AVE STE 1,,BROOKLYN,NY,112203904,8452015878,MEMBER,3336C0003X,tier_1_primary_pharmacy,Y,Y,
1760148662,AIKON PHARMACY INC,8605 18TH AVE,,BROOKLYN,NY,112143701,7188854291,PHARMACIST,3336C0003X,tier_1_primary_pharmacy,Y,Y,
1326705781,ONE FAMILY PHARMACY INC.,9608 NORTHERN BLVD,,CORONA,NY,113681046,7182551813,PRESIDENT,3336C0003X,tier_1_primary_pharmacy,Y,Y,
1568129641,FILL MEDS RX INC.,1626 NEW YORK AVE,,HUNTINGTON STATION,NY,117462418,6314243903,PRESIDENT,333600000X,tier_1_primary_pharmacy,Y,Y,
1245998236,GULISTAN PHARMACY INC,7524 37TH AVE,,JACKSON HEIGHTS,NY,113726538,7184409606,OWNER,3336C0003X,tier_1_primary_pharmacy,Y,Y,
1770241689,AMK PHARMACY LLC,29 E 198TH ST,,BRONX,NY,104681802,9292659399,MEMBER,3336C0003X,tier_1_primary_pharmacy,Y,Y,
1376202192,HILDA PHARMACY LLC,3363A BROADWAY,,NEW YORK,NY,100317403,9736529314,PRESIDENT,333600000X,tier_1_primary_pharmacy,Y,Y,
1871252320,CARLOS PHARMACY CORP,18 E 183RD ST,,BRONX,NY,104531241,3472716262,PHARMACIST,333600000X,tier_1_primary_pharmacy,Y,Y,
1508526328,LAKE SUCCESS RX CORP,1566A UNION TPKE,,NEW HYDE PARK,NY,110401762,5165024170,PRESIDENT,3336C0003X,tier_1_primary_pharmacy,Y,Y,
1891455655,GELCAP PHARMACY CORP.,181 FRANKLIN AVE,,FRANKLIN SQUARE,NY,110101441,5164476986,PRESIDENT,3336C0003X,tier_1_primary_pharmacy,Y,Y,
1518627983,HEALTHLINE PHARMACY INC,222 8TH AVE,,NEW YORK,NY,100111610,2122553100,PRESIDENT,3336C0003X,tier_1_primary_pharmacy,Y,Y,
1962163980,108 PHARMACY INC,4502 108TH ST,,CORONA,NY,113682917,7184502108,OWNER,3336C0003X,tier_1_primary_pharmacy,Y,Y,
1619638426,ERH RX CORP.,174 AUDUBON AVE,,NEW YORK,NY,100338721,2127951604,PRESIDENT,3336C0003X,tier_1_primary_pharmacy,Y,Y,
1497416952,"SKYCARE RX PHARMACY III, INC.",2236 FOREST AVE,STORES 5,STATEN ISLAND,NY,10303,7185245885,SUPERVISING PHARMACIST,3336C0003X,tier_1_primary_pharmacy,Y,Y,
1194486548,"VILLAGE PHARMACY OF LOCKPORT, INC.",6478 RIDGE RD,,LOCKPORT,NY,140941015,7163023434,SUPERVISING PHARMACIST,3336C0003X,tier_1_primary_pharmacy,Y,Y,
1457002479,MOSES PHARMACY INC.,4512 PARSONS BLVD,,FLUSHING,NY,113552217,9293007020,PHARMACIST,3336C0003X,tier_1_primary_pharmacy,Y,Y,
1396497756,RIDGE EZ PHARMACY INC.,6923 4TH AVE,,BROOKLYN,NY,112091501,7183335356,SUPERVISING PHARMACIST,3336C0003X,tier_1_primary_pharmacy,Y,Y,
1942952486,86ST RX INC.,2041 86TH ST UNIT A2,,BROOKLYN,NY,112143203,7183605680,OWNER,3336C0003X,tier_1_primary_pharmacy,Y,Y,
1801548292,LEMONAID PHARMACY INC,13519 38TH AVE,,FLUSHING,NY,113544472,7188881005,OWNER,3336C0003X,tier_1_primary_pharmacy,Y,Y,
1144973546,TABLET RX CORP,122 BAY RIDGE AVE,,BROOKLYN,NY,112205052,3474975585,PRESIDENT,3336C0003X,tier_1_primary_pharmacy,Y,Y,
1003569997,ARX PHARMACY INC,316 BRADLEY AVE,,STATEN ISLAND,NY,103145171,7189711766,SUPERVISING PHARMACIST,3336C0003X,tier_1_primary_pharmacy,Y,Y,
1063165579,PHARMA RX INC,6806 4TH AVE,,BROOKLYN,NY,112205372,7187481400,AUTHORIZED OFFICIAL,3336C0003X,tier_1_primary_pharmacy,Y,Y,
1184377616,ALLY PHARMACY INC,4731 BELL BLVD,,BAYSIDE,NY,113613333,7188198937,PRESIDENT,3336C0003X,tier_1_primary_pharmacy,Y,Y,
1558015040,FIRST CLASS PHARMACY CORP,24847 JERICHO TPKE,,BELLEROSE,NY,114261912,9295916355,PRESIDENT,3336C0003X,tier_1_primary_pharmacy,Y,Y,
1285388629,ALEXANDRIA PHARMACY INC,2546 STEINWAY ST,,ASTORIA,NY,111033702,7184339449,PHARMACIST,333600000X,tier_1_primary_pharmacy,Y,Y,
1225782477,PARSONS NY PHARMACY INC.,14414 NORTHERN BLVD,,FLUSHING,NY,113544231,7188887817,PRESIDENT,3336C0003X,tier_1_primary_pharmacy,Y,Y,
1629722814,DAILY DOSE RX LLC,839 BROADWAY,,BROOKLYN,NY,112067303,7189080200,CEO/SUPERVISING PHARMACIST,3336C0003X|3336M0002X|3336S0011X|333600000X,tier_1_primary_pharmacy,Y,Y,
1023762846,"MADISON SPECIALTY PHARMACY, INC.",1663 MADISON AVE,,NEW YORK,NY,100293150,6466096500,SUPERVISING PHARMACIST,3336C0003X|3336S0011X,tier_1_primary_pharmacy,Y,Y,
1417602962,BEST CARE RX LLC,13527 38TH AVE STE 100,,FLUSHING,NY,113544471,7182693356,OWNER,3336C0003X,tier_1_primary_pharmacy,Y,Y,
1891440301,APNA RX INC,26005 HILLSIDE AVE,,GLEN OAKS,NY,110041707,7188854393,PRESIDENT,3336C0003X,tier_1_primary_pharmacy,Y,Y,
1508511791,PROTECH PHARMACY LLC,8512 19TH AVE,,BROOKLYN,NY,112143106,7183169366,PRESIDENT,3336C0003X,tier_1_primary_pharmacy,Y,Y,
1154076081,KASOS RX CORP,430 MAMARONECK AVE,,MAMARONECK,NY,105432613,9146008321,OWNER,333600000X,tier_1_primary_pharmacy,Y,Y,
1831845726,MAX LIFE PHARMACY INC,2794 FREDERICK DOUGLASS BLVD,,NEW YORK,NY,100393012,6469227750,PHARMACIST IN-CHARGE,3336C0003X,tier_1_primary_pharmacy,Y,Y,
1396492112,SKYLIGHT PHARMACY INC,15334 HILLSIDE AVE,,JAMAICA,NY,114323322,7188801720,PRESIDENT,3336C0003X,tier_1_primary_pharmacy,Y,Y,
1891442547,ELDERBERRY PHARMACY INC,2095 MADISON AVE,,NEW YORK,NY,100373449,2124912501,PRESIDENT,3336C0003X,tier_1_primary_pharmacy,Y,Y,
1831846906,KEY HEALTH PHARMACY CORP,13845 QUEENS BLVD,,BRIARWOOD,NY,114352641,6317297930,PRESIDENT,333600000X|3336C0003X,tier_1_primary_pharmacy,Y,Y,
1760139620,LINDEN CARE RX INC,22404 LINDEN BLVD,,CAMBRIA HEIGHTS,NY,114111739,3477224443,PRESIDENT,3336C0003X,tier_1_primary_pharmacy,Y,Y,
1457009318,PHARMPOINT RX INC,8011 18TH AVE,,BROOKLYN,NY,112141705,7183312668,AUTHORIZED OFFICIAL,3336C0003X,tier_1_primary_pharmacy,Y,Y,
1548918014,GOLDEN PHARMACY INC,163 LINDEN BLVD,,BROOKLYN,NY,112263401,7182842199,PRESIDENT,333600000X,tier_1_primary_pharmacy,Y,Y,
1871241240,PHARMACY SPECS LLC,4620 BROADWAY,,ASTORIA,NY,111031628,7182551047,PRESIDENT,333600000X,tier_1_primary_pharmacy,Y,Y,
1144978453,CAPTURE RX PHARMACY INC,6715 CENTRAL AVE,,GLENDALE,NY,113856633,3478449911,PRESIDENT,333600000X,tier_1_primary_pharmacy,Y,Y,
1730838152,AKBER PHARMACY INC,9531 SUTPHIN BLVD,,JAMAICA,NY,114354505,7185225560,PRESIDENT/PHARMACIST,3336C0003X,tier_1_primary_pharmacy,Y,Y,
1063162089,HEALTHY CARE RX INC,4310 34TH AVE,,ASTORIA,NY,111011176,3473965888,OWNER,3336C0003X,tier_1_primary_pharmacy,Y,Y,
1568112167,ST JOSEPH RX CORP,71 S BROADWAY,,YONKERS,NY,107014004,9149652661,PRESIDENT,3336C0003X,tier_1_primary_pharmacy,Y,Y,
1043960370,VVSB PHARMACY INC,231 ASHBURTON AVE,,YONKERS,NY,107013227,9149653049,PHARMACY MANAGER,3336L0003X|3336C0003X,tier_1_primary_pharmacy,Y,Y,
1790425940,EBM PHARMACY INC,378 MERRICK AVE,,EAST MEADOW,NY,115542701,5162806768,PRESIDENT,333600000X,tier_1_primary_pharmacy,Y,Y,
1639819444,63RD RX CORP.,9855 63RD RD,,REGO PARK,NY,113741739,7188974747,PRESIDENT,333600000X,tier_1_primary_pharmacy,Y,Y,
1508506379,GOLDEN CITY RX LLC,998 SOUTHERN BLVD,,BRONX,NY,104593402,7183169090,MEMBER,3336C0003X,tier_1_primary_pharmacy,Y,Y,
1326788290,173 PHARMACY CORP,572 W 173RD ST,,NEW YORK,NY,100321635,6466924646,OWNER,3336C0003X,tier_1_primary_pharmacy,Y,Y,
1093455677,V&R RX INC,3241 STEINWAY ST STE A,,ASTORIA,NY,111034036,7182556525,PRESIDENT,3336C0003X,tier_1_primary_pharmacy,Y,Y,
1063152627,ACCUSCRIPT PHARMACY CORP.,24534 HORACE HARDING EXPY,,LITTLE NECK,NY,113622059,7182291450,PRESIDENT,3336C0003X,tier_1_primary_pharmacy,Y,Y,
1902546328,HONG YEE PHARMACY INC,227 GRAND ST,,NEW YORK,NY,100134211,9173882329,PRESIDENT,3336C0003X,tier_1_primary_pharmacy,Y,Y,
1598407835,R&M PHARMACY LLC,9135 63RD DR,,REGO PARK,NY,113743849,7186849454,MANAGING MEMBER,3336C0003X,tier_1_primary_pharmacy,Y,Y,
1821730110,LEGACY PHARMACY INC,437 MOTHER GASTON BLVD,,BROOKLYN,NY,112127617,7184951414,PRESIDENT,3336C0003X,tier_1_primary_pharmacy,Y,Y,
1659013373,ADAMA'S PHARMACY & HEALTH PRODUCTS CORP.,24804 UNION TPKE,,BELLEROSE,NY,114261837,9173878010,OWNER,3336C0003X,tier_1_primary_pharmacy,Y,Y,
1780326488,EXPERTSRX PHARMACY INC,3871 HARLEM RD STE 201,,BUFFALO,NY,142151946,7163083886,OWNER,3336S0011X|333600000X,tier_1_primary_pharmacy,Y,Y,
1275275885,MODERN PHARMACY INCORPORATED,9502 VAN WYCK EXPY,,SOUTH RICHMOND HILL,NY,114191638,8885856874,PRESIDENT/ SUPERVISING PHARMACIST,3336C0003X,tier_1_primary_pharmacy,Y,Y,
1760125041,SUNRISE HEALTH PHARMACY INC,4319 8TH AVE,,BROOKLYN,NY,11232,7186868889,PHARMACIST,3336C0003X,tier_1_primary_pharmacy,Y,Y,
1093458242,SUNSHINE PHARMACY OF NY INC,411 KINGSTON AVE,,BROOKLYN,NY,112254472,7187732020,PHARMACIST PRESIDENT,3336I0012X|3336S0011X|333600000X|3336C0004X|3336L0003X,tier_1_primary_pharmacy,Y,Y,
1841933587,J2 PHARMACY CORP,769 61ST ST,,BROOKLYN,NY,112204211,3473350910,SUPERVISING PHARMACIST,3336C0003X,tier_1_primary_pharmacy,Y,Y,
1053055426,NY 88 PHARMACY,14603 34TH AVE,,FLUSHING,NY,113543133,7188867918,OWNER,3336C0003X,tier_1_primary_pharmacy,Y,Y,
1164167896,SAN JOSE PHARMACY INC,8424 37TH AVE,,JACKSON HEIGHTS,NY,113727339,3476424904,CO/OWNER,333600000X,tier_1_primary_pharmacy,Y,Y,
1053056374,MB&T PHARMACY INC,2343 FOREST AVENUE,SUITE 8,STATEN ISLAND,NY,10303,7182372033,PRINCIPAL,3336C0003X,tier_1_primary_pharmacy,Y,Y,
1780329003,BRIAR DRUG STORE INC,8515 MAIN ST,,BRIARWOOD,NY,114351879,7184806185,PRESIDENT,3336C0003X,tier_1_primary_pharmacy,Y,Y,
1518602416,NEXT GENERATION PHARMACY CORP,875 OLD COUNTRY RD # LL100,,PLAINVIEW,NY,118034942,5165131442,PRESIDENT,3336C0003X,tier_1_primary_pharmacy,Y,Y,
1558007344,NEW ROCHELLE PHARMACY INC,551 MAIN ST,,NEW ROCHELLE,NY,108017214,9146362225,PRESIDENT,3336C0003X,tier_1_primary_pharmacy,Y,Y,
1093452559,AMENIA PHARMACY RX LLC,5094 ROUTE 22 # 48,,AMENIA,NY,125015355,8453738000,OWNER,3336C0003X,tier_1_primary_pharmacy,Y,Y,
1790422947,TORRID PHARMACY INC,2453 VALENTINE AVE,,BRONX,NY,104585317,7189424800,VICE PRESIDENT,3336C0003X,tier_1_primary_pharmacy,Y,Y,
1245978063,STRIDES PHARMACY LLC,1791 AMSTERDAM AVE,,NEW YORK,NY,100313501,8453233240,SUPERVISING PHARMACIST,3336C0003X,tier_1_primary_pharmacy,Y,Y,
1629716956,SAINT TERESA'S PHARMACY INC,3849 10TH AVE,,NEW YORK,NY,100341850,2123044541,OWNER,3336C0003X,tier_1_primary_pharmacy,Y,Y,
1972242741,668 PHARMACY INC,2439 86TH ST,,BROOKLYN,NY,112144459,7189126888,SP,333600000X,tier_1_primary_pharmacy,Y,Y,
1184353187,RUSA CX PHARMACY INC,342 E 149TH ST,,BRONX,NY,104515635,7182921212,OWNER,3336C0003X,tier_1_primary_pharmacy,Y,Y,
1972233195,PELHAM CITY PHARMACY INC,2092 WHITE PLAINS RD,,BRONX,NY,104621412,7189424888,PRESIDENT,3336C0003X,tier_1_primary_pharmacy,Y,Y,
1740910918,UPTOWN PHARMACY INC,1581 ROUTE 202 STE 6,,POMONA,NY,109702909,8453569200,PRESIDENT,3336C0003X,tier_1_primary_pharmacy,Y,Y,
1205566155,LDM PHARMACY INC,2106 GRAND CONCOURSE,,BRONX,NY,104572800,7183674540,PHARMACIST,3336C0003X,tier_1_primary_pharmacy,Y,Y,
1144950601,GOOD MERCY PHARMACY CORP.,1250 WATERS PL,,BRONX,NY,104612720,7182394444,PRESIDENT,3336C0003X,tier_1_primary_pharmacy,Y,Y,
1821729294,ORLY PHARMACY INC.,1401 3RD AVE,,NEW YORK,NY,100750502,2122604900,PHARMACIST,3336C0003X,tier_1_primary_pharmacy,Y,Y,
1124759907,GREEN BRIAR RX INC,85-15 MAIN STREET,COMM. STORE 7,BRIARWOOD,NY,11435,7184806185,PRESIDENT,3336C0003X,tier_1_primary_pharmacy,Y,Y,
1568193035,MINA PHARMACY LLC,1768 E 172ND ST # 6,,BRONX,NY,104722207,9292074142,CEO-FOUNDER,3336C0003X,tier_1_primary_pharmacy,Y,Y,
1063144434,NILKANTH RX INC.,1265 SAINT NICHOLAS AVE,,NEW YORK,NY,100337266,2127814214,VICE PRESIDENT,3336C0003X,tier_1_primary_pharmacy,Y,Y,
1518699610,RAM RX INC.,17619 UNION TPKE,,FRESH MEADOWS,NY,113661515,7184803220,OWNER,333600000X,tier_1_primary_pharmacy,Y,Y,
1770215832,ALL WELL PHARMACY INC,6002 7TH AVE,,BROOKLYN,NY,112204133,7184396688,MANAGER,3336C0003X,tier_1_primary_pharmacy,Y,Y,
1962134627,METAMEDS PHARMACY INC,357C NEW DORP LN,,STATEN ISLAND,NY,103063007,3478681256,OWNER,3336C0003X,tier_1_primary_pharmacy,Y,Y,
1750013322,HEMPSTEAD RX INC,781 HEMPSTEAD TPKE,,FRANKLIN SQUARE,NY,110104328,5162263556,PRESIDENT,3336C0003X,tier_1_primary_pharmacy,Y,Y,
1669104246,BRAVO PHARMACY INC,589 AVENUE Z,,BROOKLYN,NY,112236346,7182525575,PRESIDENT,3336C0003X,tier_1_primary_pharmacy,Y,Y,
1588397822,MIDTOWN PHARMACY LLC,163 E 36TH ST,,NEW YORK,NY,100163564,9178190908,OWNER,3336C0003X,tier_1_primary_pharmacy,Y,Y,
1770216434,LORRAINE PHARMACY INC,72 LORRAINE STREET,,BROOKLYN,NY,11231,7185225522,PRESIDENT,333600000X,tier_1_primary_pharmacy,Y,Y,
1548993207,PRECISE CARE RX INC,5917 8TH AVE,,BROOKLYN,NY,11220,3478896018,PHARMACY MANAGER,333600000X|3336C0003X,tier_1_primary_pharmacy,Y,Y,
1730813148,GPS PHARMACY INC,249 PENNSYLVANIA AVE,,BROOKLYN,NY,112073436,9176881288,PRESIDENT,3336C0003X,tier_1_primary_pharmacy,Y,Y,
1699400382,SIMPLE MEDS RX INC,17824 JAMAICA AVE,,JAMAICA,NY,114325616,7185230195,PRESIDENT,333600000X,tier_1_primary_pharmacy,Y,Y,
1942935325,VILLY KX PHARMACY INC,183 HESTER ST,,NEW YORK,NY,100134780,2122268971,SUPERVISING PHARMACIST,333600000X|3336C0003X,tier_1_primary_pharmacy,Y,Y,
1457086373,CURX PHARMACY INC,679 60TH ST UNIT B,,BROOKLYN,NY,112204108,7187654190,PHARMACIST,3336C0003X,tier_1_primary_pharmacy,Y,Y,
1134855067,SN PHARMACY INC,440 ROCKAWAY AVE,,BROOKLYN,NY,112125636,7183427368,PRESIDENT,3336C0003X,tier_1_primary_pharmacy,Y,Y,
1801522297,"NEW ORANGE PHARMACY, INC.",154-08 NORTHEN BLVD,,FLUSHING,NY,11354,7187990400,PRESIDENT,333600000X,tier_1_primary_pharmacy,Y,Y,
1821724055,SHRINE PHARMACY INC,13124 ROCKAWAY BLVD,,JAMAICA,NY,114202932,7184138830,OWNER,3336C0003X,tier_1_primary_pharmacy,Y,Y,
1578290433,MIDLAND PHARMACY YONKERS CORP.,861 MIDLAND AVE,,YONKERS,NY,107041024,9149680349,OWNER,3336S0011X|3336C0003X,tier_1_primary_pharmacy,Y,Y,
1003543596,GATEWAY CENTER PHARMACY LLC,1184 ELTON ST,,BROOKLYN,NY,112395831,3475871771,MANAGING MEMBER,3336C0003X,tier_1_primary_pharmacy,Y,Y,
1467189811,MONTAGUE APOTHECARY CORP.,152 MONTAGUE ST,,BROOKLYN,NY,112013540,7184002001,V. PRESIDENT,3336C0003X,tier_1_primary_pharmacy,Y,Y,
1649907940,SHAFA PHARMACY LLC,621 MIDDLE NECK RD,,GREAT NECK,NY,110231245,5167308990,MANAGING MEMBER,3336C0003X,tier_1_primary_pharmacy,Y,Y,
1821726829,JAMAICA HEALTH PHARMACY CORP.,12404 METROPOLITAN AVE,,KEW GARDENS,NY,114152712,9177223782,PRESIDENT,3336C0003X,tier_1_primary_pharmacy,Y,Y,
1346978269,BAY RIDGE RX INC,9701 3RD AVE,,BROOKLYN,NY,112097702,7185300444,PRESIDENT,3336C0003X,tier_1_primary_pharmacy,Y,Y,
1871221358,PARK RIDGE APOTHECARY INC,4 COULTER RD STE 1610,,CLIFTON SPRINGS,NY,144321122,3153180844,SR PHARMACY ANALYST,3336C0003X,tier_1_primary_pharmacy,Y,Y,
1265151401,MANHATTAN SPECIALTY RX INC.,807 W 181ST ST,,NEW YORK,NY,100334516,2127270800,PRESIDENT,3336C0003X,tier_1_primary_pharmacy,Y,Y,
1558082214,BOWNE PHARMACY INC.,4157 BOWNE ST FL 1,,FLUSHING,NY,113552642,7184069988,PRESIDENT,3336C0003X,tier_1_primary_pharmacy,Y,Y,
1154042752,MART PHARMACY INC.,242 BAY RIDGE AVE,,BROOKLYN,NY,112205805,7183335777,OWNER,3336C0003X,tier_1_primary_pharmacy,Y,Y,
1326760778,COMPASS RX INC,4021 MAIN ST UNIT M4-M5,,FLUSHING,NY,113545518,7187990523,SUPERVISING PHARMACIST,3336C0003X,tier_1_primary_pharmacy,Y,Y,
1033831193,JACOB PHARMACY INC.,1106 SAINT JOHNS PL,,BROOKLYN,NY,112132699,7182214805,PRESIDENT,3336C0003X,tier_1_primary_pharmacy,Y,Y,
1811619810,ATAQWA RX INC.,1185 FULTON ST,,BROOKLYN,NY,112161810,7184849100,OWNER,3336S0011X|3336C0003X,tier_1_primary_pharmacy,Y,Y,
1821711128,ATRIA PHARMACY NEW YORK LLC,595 MADISON AVE FL 7,,NEW YORK,NY,100221907,2125400870,PHARMACIST IN CHARGE,333600000X,tier_1_primary_pharmacy,Y,Y,
1750004735,GOOD FAITH PHARMACY LLC,115-11 MERRICK BLVD,,JAMAICA,NY,11434,7188802365,PRESIDENT,3336C0003X,tier_1_primary_pharmacy,Y,Y,
1619690567,CURAHEALTH SPECIALTY PHARMACY CORP.,5556 MYRTLE AVE,,RIDGEWOOD,NY,113853554,9293970037,OWNER/SUPERVISING PHARMACIST,3336C0003X,tier_1_primary_pharmacy,Y,Y,
1205550035,PICKER PHARMACY INC,18 ATLANTIC AVE,,LYNBROOK,NY,115633024,5165990079,PRESIDENT,333600000X|3336S0011X|3336C0003X,tier_1_primary_pharmacy,Y,Y,
1568186146,RAPID SCRIPTS PHARMACY CORP,10709 METROPOLITAN AVE,,FOREST HILLS,NY,113756820,7184801078,PRESIDENT,3336C0003X,tier_1_primary_pharmacy,Y,Y,
1275257768,"PM RX, CORP.",5325 ROOSEVELT AVE,,WOODSIDE,NY,113774238,3479353223,PRESIDENT,333600000X,tier_1_primary_pharmacy,Y,Y,
1477277655,"63RD DRIVE RX, INC.",9418 ROOSEVELT AVE # 11C11D,,JACKSON HEIGHTS,NY,113727916,9152138519,PRESIDENT,3336S0011X|3336C0003X,tier_1_primary_pharmacy,Y,Y,
1003530270,ALIGHT RX LLC,120 BETHPAGE RD STE 209,,HICKSVILLE,NY,118011515,5167010717,MEMBER,3336C0003X,tier_1_primary_pharmacy,Y,Y,
1396469433,LOM RX INC,4611 48TH AVE,,WOODSIDE,NY,113776559,3479185800,PRESIDENT,3336C0003X,tier_1_primary_pharmacy,Y,Y,
1700501681,LEADER RX PHARMACY LLC,6346 108TH ST,,FOREST HILLS,NY,113751350,7183401550,MANAGING MEMBER,3336C0003X,tier_1_primary_pharmacy,Y,Y,
1710601612,BC PHARMACY INC,13694 ROOSEVELT AVE,,FLUSHING,NY,113545510,7187990609,PRESIDENT,3336C0003X,tier_1_primary_pharmacy,Y,Y,
1376268623,WEBSTER RX INC,753 E TREMONT AVE,,BRONX,NY,104575101,7189014717,PRESIDENT,333600000X,tier_1_primary_pharmacy,Y,Y,
1629794532,WASHINGTONVILLE PHARMACY INC,32 W MAIN ST UNIT 2,,WASHINGTONVILLE,NY,109921411,8454968001,PRESIDENT,333600000X|3336C0002X|3336C0003X|3336C0004X|3336L0003X,tier_1_primary_pharmacy,Y,Y,
1962128082,TROY PHARMACY LLC,13617 39TH AVE # 1B,,FLUSHING,NY,113545504,7188888008,MEMBER,3336C0003X,tier_1_primary_pharmacy,Y,Y,
1316664873,IPILLS PHARMACY INC,2540 31ST ST,,ASTORIA,NY,111021749,7189283335,PRESIDENT,333600000X|3336C0003X,tier_1_primary_pharmacy,Y,Y,
1053028951,NATURE'S REMEDY RX INC.,588 PLANDOME RD,,MANHASSET,NY,110301946,5164394911,PRESIDENT,3336C0003X|3336L0003X,tier_1_primary_pharmacy,Y,Y,
1619684214,PROPER RX INC,20419 JAMAICA AVE,,JAMAICA,NY,114233037,7187763009,PRESIDENT,3336C0003X,tier_1_primary_pharmacy,Y,Y,
1164139648,SUNSHINERX PHARMACY INC,13236 41ST AVE # C1,,FLUSHING,NY,113554167,7186632891,OWNER,333600000X,tier_1_primary_pharmacy,Y,Y,
1003523556,"FALLS PHARMACY, INC.",2401 PINE,,NIAGARA FALLS,NY,143011430,7162156302,PRESIDENT,3336C0003X,tier_1_primary_pharmacy,Y,Y,
1962119388,HEALTH POINT PHARMACY INC,1831 COLLEGE POINT BLVD,,COLLEGE POINT,NY,113562220,7182109771,PRESIDENT,3336C0003X,tier_1_primary_pharmacy,Y,Y,
1255048690,YMA RX CORP,1000 NORTHERN BLVD STE 160,,GREAT NECK,NY,110215343,5165446918,OWNER,3336C0003X,tier_1_primary_pharmacy,Y,Y,
1447968615,BOCKER PHARMACY INC,9717 KINGS HWY,,BROOKLYN,NY,112123475,7184847963,PRESIDENT,3336C0003X,tier_1_primary_pharmacy,Y,Y,
1902514722,100 CARE PHARMACY INC,3642 UNION ST,,FLUSHING,NY,113546552,7187990138,OWNER,3336C0003X,tier_1_primary_pharmacy,Y,Y,
1851009211,GREEN LINE PHARMACY INC,8157 LEFFERTS BLVD,,KEW GARDENS,NY,114151728,7188505220,OWNER,3336C0003X,tier_1_primary_pharmacy,Y,Y,
1053029538,MEDICS PHARMACY INC,1740 1ST AVE,,NEW YORK,NY,101285273,2125404200,PRESIDENT,3336C0003X,tier_1_primary_pharmacy,Y,Y,
1184333569,EVERLUCK PHARMACY INC.,13341 ROOSEVELT AVE,,FLUSHING,NY,11355,9179080618,AUTHORIZED OFFICIAL,3336C0003X,tier_1_primary_pharmacy,Y,Y,
1467161810,LEMONAID PHARMACY 2 INC,13314 41ST RD,,FLUSHING,NY,113553791,7188881605,OWNER,3336C0003X,tier_1_primary_pharmacy,Y,Y,
1497464630,SUTTER RX PHARMACY INC,593 SUTTER AVE,,BROOKLYN,NY,112074180,3472950209,PRESIDENT,3336C0003X,tier_1_primary_pharmacy,Y,Y,
1972212918,PUTNAM RX INC,6097 PUTNAM AVE,,RIDGEWOOD,NY,113854529,3477630033,OWNER,333600000X|3336C0003X,tier_1_primary_pharmacy,Y,Y,
1578272514,CHERRY HILL RX INC,6702 60TH ST,,FLUSHING,NY,113854598,3477213566,OWNER,3336C0003X|333600000X,tier_1_primary_pharmacy,Y,Y,
1902516297,PURECARE PHARMACY LLC,1380 CONEY ISLAND AVE,,BROOKLYN,NY,112304120,7184849803,OWNER,333600000X|3336C0003X,tier_1_primary_pharmacy,Y,Y,
1023728250,MOSHOLU PHARMACY INC,3529 JEROME AVE,,BRONX,NY,104671050,7187490270,PRESIDENT,3336C0003X,tier_1_primary_pharmacy,Y,Y,
1598475634,"PHARMACY FOR THE PUBLIC GOOD, INC.",53 MAIN STREET,,PHOENICIA,NY,124641246,8456880188,PHARMACIST / MANAGER / OWNER,3336C0003X,tier_1_primary_pharmacy,Y,Y,
1235849183,ALPINE RX INC.,66 DEER SHORE SQ,,NORTH BABYLON,NY,117031207,6319405555,PRESIDENT,3336C0003X,tier_1_primary_pharmacy,Y,Y,
1114638749,PURE HEALTH RX INC.,53 W FORDHAM RD,,BRONX,NY,104685110,7188726620,OWNER,3336C0003X,tier_1_primary_pharmacy,Y,Y,
1699486225,BETTER CHOICE RX CORP,786 E 163RD ST,,BRONX,NY,104567210,7184503824,OWNER,3336C0003X,tier_1_primary_pharmacy,Y,Y,
1588375851,DANNYS PHARMACY LLC,1632 BRUCKNER BLVD,,BRONX,NY,104734553,7183286777,OWNER,333600000X,tier_1_primary_pharmacy,Y,Y,
1558072520,SAM'S RX INC.,717 E TREMONT AVE,,BRONX,NY,10457,7186187618,PRESIDENT,3336C0003X,tier_1_primary_pharmacy,Y,Y,
1003527136,SERENITY PHARMACY INC,7307 MAIN ST,,FLUSHING,NY,113672409,7188802441,OWNER,3336C0003X,tier_1_primary_pharmacy,Y,Y,
1386355337,"SAFER PHARMACY, INC.",536 BEACH 20TH ST,,FAR ROCKAWAY,NY,116913622,7188888880,PRESIDENT,3336C0003X,tier_1_primary_pharmacy,Y,Y,
1568173292,LEFFERTS PHARMACY INC,117-06 LIBERTY AVE,,SOUTH RICHMOND HILL,NY,11419,7188802478,PHARMACIST/MANAGER,3336C0003X,tier_1_primary_pharmacy,Y,Y,
1326750910,RX PLUS ENTERPRISES INC,2239 WHITE PLAINS RD,,BRONX,NY,10467,7187192670,PRESIDENT,3336C0003X,tier_1_primary_pharmacy,Y,Y,
1730891268,MAJOR PHARMACY CORP,7919 37TH AVE,,JACKSON HEIGHTS,NY,113726747,3473965413,PRESIDENT,3336C0003X,tier_1_primary_pharmacy,Y,Y,
1164134656,MELROSE AVE PHARMACY LLC,899 MELROSE AVE,,BRONX,NY,104514166,9179155656,MEMBER,3336C0003X,tier_1_primary_pharmacy,Y,Y,
1669184743,PROSPECT PHARMACY LLC,1013B PROSPECT AVE,,WESTBURY,NY,11590,5162796991,PRESIDENT,3336C0003X,tier_1_primary_pharmacy,Y,Y,
1164134102,GOOD FRIEND PHARMACY CORP,136-08 NORTHERN BLVD,,FLUSHING,NY,11354,7187990928,PRESIDENT,3336C0003X,tier_1_primary_pharmacy,Y,Y,
1356053102,LIMA PHARMACY INC,1214 LIBERTY AVE,,BROOKLYN,NY,112083412,3472951544,PRESIDENT,333600000X|3336C0004X|3336C0003X,tier_1_primary_pharmacy,Y,Y,
1366154288,PEACH TREE PHARMACY INC,2492 ADAM CLAYTON POWELL JR BLVD,,NEW YORK,NY,100301340,6467558262,OWNER,3336C0003X|333600000X,tier_1_primary_pharmacy,Y,Y,
1790498418,NEW ROCK PHARMACY INC.,378 NORTH AVE,GROUND FL,NEW ROCHELLE,NY,10801,9146327272,PRESIDENT,3336C0003X,tier_1_primary_pharmacy,Y,Y,
1720791064,CITI CARE PHARMACY INC.,24119 BRADDOCK AVE,,BELLEROSE,NY,114261150,7184702043,PRESIDENT,3336C0003X,tier_1_primary_pharmacy,Y,Y,
1619680733,XOXO PHARMACY INC.,4321 BELL BLVD,,BAYSIDE,NY,11361,3474084312,PHARMACIST/OWNER.,333600000X,tier_1_primary_pharmacy,Y,Y,
1295448249,ULTIMATE RX PHARMACY INC,9244 QUEENS BLVD,,REGO PARK,NY,113741040,6318883555,OWNER/SUPERVISING PHARMACIST,3336C0003X,tier_1_primary_pharmacy,Y,Y,
1689388381,REMEDY PHARMACY CORP.,2550 3RD AVE,,BRONX,NY,104541261,3477219292,PRESIDENT,3336C0003X,tier_1_primary_pharmacy,Y,Y,
1780398974,CENTER CARE PHARMACY CORP,819 FOREST AVE,,STATEN ISLAND,NY,103102410,7187379697,OWNER,333600000X,tier_1_primary_pharmacy,Y,Y,
1811601958,JACKSON MEDS PHARMACY INC,7066 BROADWAY,,JACKSON HEIGHTS,NY,113726134,7184501561,PRESIDENT,3336C0003X,tier_1_primary_pharmacy,Y,Y,
1497460455,HADOFF PHARMACY INC,1515B SOUTHERN BLVD,,BRONX,NY,104605957,7188615490,PRESIDENT,3336C0003X,tier_1_primary_pharmacy,Y,Y,
1255046116,BRIYUT RX INC,332 FOSTER AVE,,BROOKLYN,NY,112302109,3472403295,PRESIDENT,3336C0003X,tier_1_primary_pharmacy,Y,Y,
1588379093,PRIME MEDS RX INC.,11617 JAMAICA AVE,,RICHMOND HILL,NY,114182492,3472381445,PRESIDENT,333600000X,tier_1_primary_pharmacy,Y,Y,
1285349563,MOMS EXPRESS RX CORPORATION,235 UTICA AVE # STORE1,,BROOKLYN,NY,112133359,3472953303,PHARMACIST,3336C0003X,tier_1_primary_pharmacy,Y,Y,
1710692959,DRAGON PHARMACY INC.,13338 SANFORD AVE STE 2,,FLUSHING,NY,113553967,7187990832,OWNER,3336C0003X,tier_1_primary_pharmacy,Y,Y,
1033825005,"BEACON PHARMACY, INC.",4008 JERUSALEM AVE,,SEAFORD,NY,117831612,5165907388,PRESIDENT,3336C0003X,tier_1_primary_pharmacy,Y,Y,
1700592615,KEY RX INC,13845 QUEENS BLVD,,BRIARWOOD,NY,114352641,6317297930,PRESIDENT,3336C0003X,tier_1_primary_pharmacy,Y,Y,
1255047965,ONEHEALTH PHARMACY LLC,226 N BELLE MEAD RD STE B,,EAST SETAUKET,NY,117333524,6316755173,PHARMACIST,3336C0003X,tier_1_primary_pharmacy,Y,Y,
1295441780,QUEENS PHARMACY CENTER II INC,8235 164TH ST,,JAMAICA,NY,114321120,7183801261,PRESIDENT,3336C0003X,tier_1_primary_pharmacy,Y,Y,
1205542438,ML PHARMACY INC.,3503 169TH ST,,FLUSHING,NY,113581813,9179080130,PRESIDENT,3336C0003X,tier_1_primary_pharmacy,Y,Y,
1033815691,88 HEALTHY PHARMACY LLC,14320 45TH AVE,,FLUSHING,NY,113552231,7187990819,MANAGING MEMBER,3336C0003X,tier_1_primary_pharmacy,Y,Y,
1538865019,"MEDI PRIME PHARMACY INC,",10504 101ST AVE,,OZONE PARK,NY,114162703,3474944240,OWNER,3336C0003X,tier_1_primary_pharmacy,Y,Y,
1699472829,KARA PHARMACY CORP,275 HILLSIDE AVE STE 200,,WILLISTON PARK,NY,115962205,5169045551,PRESIDENT,333600000X,tier_1_primary_pharmacy,Y,Y,
1770280927,VILLAGE SQUARE RX CORP.,100 VILLAGE SQ STE 130,,GLEN COVE,NY,115422669,5162012820,PRESIDENT,3336C0003X,tier_1_primary_pharmacy,Y,Y,
1639876758,ARIES PHARMACY INC,38 W BURNSIDE AVE,,BRONX,NY,104534019,3472701307,PRESIDENT,3336C0003X,tier_1_primary_pharmacy,Y,Y,
1811694847,BARACK PHARMACY & FOOD MART INC,5640 MYRTLE AVE,,RIDGEWOOD,NY,113854736,3472953654,PRESIDENT,3336C0003X,tier_1_primary_pharmacy,Y,Y,
1932806775,OLD STYLE PHARMACY INC,2123 AVENUE Z,,BROOKLYN,NY,112352811,9294040234,PRESIDENT,3336C0003X,tier_1_primary_pharmacy,Y,Y,
1144927757,ST. JESUS PHARMACY CORP,4180 BROADWAY,,NEW YORK,NY,100333767,2129235733,PRESIDENT,333600000X,tier_1_primary_pharmacy,Y,Y,
1316645450,DOMINUS RX LLC,740 NEW LOTS AVE,,BROOKLYN,NY,112077319,7186490180,PRESIDENT / OWNER,3336C0003X,tier_1_primary_pharmacy,Y,Y,
1184322349,MINEOLA PHARMACY INC.,182 2ND ST,,MINEOLA,NY,115014021,5164275573,PRESIDENT,3336C0003X,tier_1_primary_pharmacy,Y,Y,
1568160398,ONE STEP PHARMACY CORP,2457 HYLAN BLVD,,STATEN ISLAND,NY,10306,7182854838,VICE PRESIDENT,3336C0003X,tier_1_primary_pharmacy,Y,Y,
1356040711,CYPRESS RX INC,1105 CYPRESS AVE,,RIDGEWOOD,NY,113856087,3475991805,OWNER,3336C0003X,tier_1_primary_pharmacy,Y,Y,
1487353546,PRIME SPECIALTY PHARMACY LLC,904 AVENUE U,,BROOKLYN,NY,112234162,9295686633,MANAGER,333600000X,tier_1_primary_pharmacy,Y,Y,
1962101196,"LOGOS PHARMACY, LLC",12 NEW DORP LN,,STATEN ISLAND,NY,103062323,9174561066,MANAGING MEMBER,3336C0003X,tier_1_primary_pharmacy,Y,Y,
1194424994,"BRONX HEALTH RX , INC.",430 E 149TH ST,,BRONX,NY,104551338,7184012820,SUPERVISING PHARMACIST,3336S0011X|3336C0003X,tier_1_primary_pharmacy,Y,Y,
1376243899,A2Z RX INC,2831 CONEY ISLAND AVE,,BROOKLYN,NY,11235,7187438585,MANAGER,3336C0003X,tier_1_primary_pharmacy,Y,Y,
1770283236,VANGUARD PHARMACY INC,9612 LIBERTY AVE,,OZONE PARK,NY,114171624,7184806260,PRESIDENT,3336C0003X,tier_1_primary_pharmacy,Y,Y,
1144920224,UNITED PHARMACY NYC INC,13534 ROCKAWAY BLVD,,SOUTH OZONE PARK,NY,114203023,7188802611,PRESIDENT,3336C0003X,tier_1_primary_pharmacy,Y,Y,
1366142309,METRO CORNER PHARMACY LLC,16660 17TH AVE,,WHITESTONE,NY,113573305,7182253777,PRESIDENT,3336C0003X,tier_1_primary_pharmacy,Y,Y,
1477253383,XPRESS RX CORP,3880 BROADWAY,,NEW YORK,NY,100321509,5514048353,OWNER,3336C0003X,tier_1_primary_pharmacy,Y,Y,
1932809654,ARROW APOTHECARY CORP.,883 9TH AVE,,NEW YORK,NY,100191704,2122458469,PRESIDENT,3336C0003X,tier_1_primary_pharmacy,Y,Y,
1285335976,LONG ISLAND PHARMACY CORP,1163A BROADWAY,,HEWLETT,NY,115572321,5162182654,OWNER,333600000X,tier_1_primary_pharmacy,Y,Y,
1124729595,HEALTHY BRONX RX CORP,4521 3RD AVE # STOREC,,BRONX,NY,104571515,9178890612,OWNER,333600000X,tier_1_primary_pharmacy,Y,Y,
1114628328,UNION RX PHARMACY INC,16808 UNION TPKE,,FRESH MEADOWS,NY,113661312,7184806411,OWNER,333600000X,tier_1_primary_pharmacy,Y,Y,
1487355566,NOVEL RX LLC,360 E 4TH ST,,NEW YORK,NY,100098501,2126777335,MEMBER,3336S0011X|3336C0003X,tier_1_primary_pharmacy,Y,Y,
1023719903,LIFETIME RX INC,3222 STEINWAY ST,,ASTORIA,NY,111034006,7188896866,OWNER,3336S0011X|3336C0003X,tier_1_primary_pharmacy,Y,Y,
1174225478,NEW PHARMACY RX CORPORATION,530 E 170TH ST,,BRONX,NY,104562302,7189928299,OWNER,333600000X,tier_1_primary_pharmacy,Y,Y,
1760184055,PAPA BEAR RX INC,12304 METROPOLITAN AVE,,KEW GARDENS,NY,114152710,7182101480,OWNER,3336C0003X,tier_1_primary_pharmacy,Y,Y,
1578266391,DUFFY RX LLC,399 W JOHN ST STE 100,,HICKSVILLE,NY,118011043,5169000636,MEMBER,3336C0003X,tier_1_primary_pharmacy,Y,Y,
1275236689,MY CHS RX INC.,100 PORT WASHINGTON BLVD STE 1444,,ROSLYN,NY,115761347,5164143077,VP PHARMACY,333600000X,tier_1_primary_pharmacy,Y,Y,
1891490504,SMART CARE PHARMACY INC,1316-1324 CONEY ISLAND AVENUE,,BROOKLYN,NY,11230,3473745117,PRESIDENT,3336C0003X,tier_1_primary_pharmacy,Y,Y,
1023713625,"PARKVIEW WEST SIDE RX, LLC",1050 NIAGARA ST STE 110,,BUFFALO,NY,142132001,7167108123,COO,3336C0003X|3336S0011X|3336L0003X,tier_1_primary_pharmacy,Y,Y,
1740976083,AVI PHARMACY CORP,554 NORTHERN BLVD,,GREAT NECK,NY,110215105,5164394055,PRESIDENT,3336C0003X,tier_1_primary_pharmacy,Y,Y,
1104512458,SIMPLY CARE PHARMACY CORP,1222 AVENUE U,,BROOKLYN,NY,112294107,7166662554,OWNER,3336C0003X,tier_1_primary_pharmacy,Y,Y,
1407542756,153 HESTER PHARMACY INC,153 HESTER ST,,NEW YORK,NY,100134740,2126251399,OWNER,3336C0003X,tier_1_primary_pharmacy,Y,Y,
1346937653,71ST RX PHARMACY INC,10727 71ST AVE,,FOREST HILLS,NY,113754724,7187018778,PRESIDENT,3336C0003X,tier_1_primary_pharmacy,Y,Y,
1114614500,ZARCHY PHARMACY RX LLC,5721 ROOSEVELT AVE,,WOODSIDE,NY,113773430,7184243286,MEMBER,333600000X|3336C0003X,tier_1_primary_pharmacy,Y,Y,
1679260855,102 CENTER CARE PHARMACY INC,102-05B NORTHERN BLVD,,CORONA,NY,11368,7185879010,OWNER/PHARMACIST,3336C0003X|333600000X,tier_1_primary_pharmacy,Y,Y,
1558059063,BROTHER RX INC.,4411 8TH AVE,,BROOKLYN,NY,112201513,7327995039,OWNER,3336C0003X,tier_1_primary_pharmacy,Y,Y,
1194413278,ASTORIA RX HOLDINGS INC.,2620 HOYT AVE S,,ASTORIA,NY,111022870,3475071680,PRESIDENT,3336C0003X,tier_1_primary_pharmacy,Y,Y,
1083303465,FAMILY PHARMACY GROUP INC.,2108 AVENUE X,,BROOKLYN,NY,112352911,7188147844,PRESIDENT,3336C0003X,tier_1_primary_pharmacy,Y,Y,
1386333615,NEW WAY PHARMACY INC,5626A MOSHOLU AVE,,BRONX,NY,104712411,2128841005,PRESIDENT,3336C0003X,tier_1_primary_pharmacy,Y,Y,
1538858568,C. A. PHARMACY INC.,3618 MAIN ST # 2-10,,FLUSHING,NY,113544105,9175083178,PHARMACIST IN CHARGE,3336C0003X,tier_1_primary_pharmacy,Y,Y,
1194415232,"QUEENSPHARM RX, CORP.",9601 63RD DR,,REGO PARK,NY,11374,3477305115,OWNER,333600000X,tier_1_primary_pharmacy,Y,Y,
1619667615,MELA PHARMACY LLC,11003 101ST AVENUE,,SOUTH RICHMOND HILL,NY,114191031,7186746161,PRESIDENT,333600000X,tier_1_primary_pharmacy,Y,Y,
1417647553,GO PHARMACY INC.,1104 AVENUE U,,BROOKLYN,NY,112235020,7187016228,PRESIDENT,333600000X|3336C0003X,tier_1_primary_pharmacy,Y,Y,
1558051482,DORAL PHARMACY LLC,1797 PITKIN AVE 2ND FLOOR,,BROOKLYN,NY,112127844,7189711946,OWNER,3336S0011X|3336C0004X|3336C0003X,tier_1_primary_pharmacy,Y,Y,
1326739509,REXALL RX PHARMACY INC,16408 69TH AVE,,FRESH MEADOWS,NY,113653202,3478094006,OWNER,3336C0003X,tier_1_primary_pharmacy,Y,Y,
1194416248,IN & OUT RX INC,359 CENTRAL AVE REAR,,LAWRENCE,NY,115591681,5162832692,PRESIDENT,3336C0003X,tier_1_primary_pharmacy,Y,Y,
1558052654,ROCKAWAY SCRIPTS RX INC.,353 MERRICK RD,,LYNBROOK,NY,115632517,5163410759,PRESIDENT,3336C0003X,tier_1_primary_pharmacy,Y,Y,
1104518216,TRU MED PHARMACY INC,10915 JAMAICA AVE,,RICHMOND HILL,NY,114182335,7184873333,PRESIDENT,3336C0003X,tier_1_primary_pharmacy,Y,Y,
1942993902,BEST CHOICE RX INC.,21913 JAMAICA AVE,,QUEENS VILLAGE,NY,114282126,7187040808,PRESIDENT,3336C0003X,tier_1_primary_pharmacy,Y,Y,
1295428753,"PARKVIEW NOCO RX, LLC",238 ARSENAL ST STE 100,,WATERTOWN,NY,136012504,3155866323,COO,3336C0003X|3336S0011X|3336L0003X,tier_1_primary_pharmacy,Y,Y,
1861185233,LIMARX PHARMACY INC.,207 MINEOLA AVE,,ROSLYN HEIGHTS,NY,115771955,5166056116,PRESIDENT,333600000X|3336C0003X,tier_1_primary_pharmacy,Y,Y,
1477246536,CHURCH AVE PHARMACY INC,1810 CHURCH AVE,,BROOKLYN,NY,112263706,7189412200,OWNER/PHARMACIST,333600000X|3336C0002X|3336C0003X,tier_1_primary_pharmacy,Y,Y,
1285328344,FRESH MEADOW PHARMACY INC,18408 HORACE HARDING EXPY,,FRESH MEADOWS,NY,113652124,7182609353,PRESIDENT,3336C0003X,tier_1_primary_pharmacy,Y,Y,
1215621222,CORONA PHARMACY RX INC,4516 NATIONAL ST,,CORONA,NY,113684511,3478080039,OWNER,3336C0003X,tier_1_primary_pharmacy,Y,Y,
1720772080,"SKYCARE RX PHARMACY 4, INC.",1949 RICHMOND AVE # STORE1,,STATEN ISLAND,NY,103143908,7185247475,OWNER,3336C0003X,tier_1_primary_pharmacy,Y,Y,
1245924539,"DAILY SUPPORT PHARMACY, INC.",23 DIVISION ST,,NEW YORK,NY,100026707,6466697389,PRESIDENT,3336C0003X,tier_1_primary_pharmacy,Y,Y,
1174207575,CROTONA PARK PHARMACY INC,2179 VALENTINE AVE,,BRONX,NY,104572223,7186769691,PRESIDENT,3336C0003X,tier_1_primary_pharmacy,Y,Y,
1649954173,DULEX PHARMACY INC,1564 E 174TH ST,,BRONX,NY,104721203,7186180510,MANAGER,3336C0003X,tier_1_primary_pharmacy,Y,Y,
1376228718,SEJONG PHARMACY INC,14901 41ST AVE,,FLUSHING,NY,113551025,7187490888,PRESIDENT,3336C0003X,tier_1_primary_pharmacy,Y,Y,
1578249355,ALL PRO RX INC.,1423 GRAVESEND NECK RD,,BROOKLYN,NY,11229,3474624949,PRESIDENT/ SUPERVISING PHARMACIST,333600000X,tier_1_primary_pharmacy,Y,Y,
1396422630,PHARMACY ON U LLC,2272 MCDONALD AVE,,BROOKLYN,NY,112233926,7189964200,OWNER/PHARMACIST,3336C0003X,tier_1_primary_pharmacy,Y,Y,
1649957937,EJ UNITED PHARMACY INC,3910 MAIN ST STE 305,,FLUSHING,NY,113545656,9173061573,PRESIDENT,3336C0003X,tier_1_primary_pharmacy,Y,Y,
1588341481,SHIV HARI RX INC,255 E 165TH ST,,BRONX,NY,104566057,7185370365,PRESIDENT,333600000X,tier_1_primary_pharmacy,Y,Y,
1619655610,ARSH PHARMACY INC,727R FRANKLIN AVE,,FRANKLIN SQUARE,NY,110101107,5162182680,OWNER,333600000X,tier_1_primary_pharmacy,Y,Y,
1104506989,ROOTS PHARMACY INC,5 NEW HYDE PARK RD,,FRANKLIN SQUARE,NY,110103609,5163028430,PRESIDENT,3336C0003X,tier_1_primary_pharmacy,Y,Y,
1598445074,TU SALUD PHARMACY INC.,9109 ROOSEVELT AVE FL 1,,JACKSON HEIGHTS,NY,113727995,9292358886,PRESIDENT,3336C0003X,tier_1_primary_pharmacy,Y,Y,
1003596040,ISLAND PARK PHARMACY CORP.,114 LONG BEACH RD,,ISLAND PARK,NY,115581439,5162086698,OWNER,3336C0003X,tier_1_primary_pharmacy,Y,Y,
1811678527,SAYORA PHARMACY LLC,1332 CONEY ISLAND AVE,,BROOKLYN,NY,112303521,3472402111,SUPERVISING PHARMACIST,3336C0003X,tier_1_primary_pharmacy,Y,Y,
1477234870,K DRUG DEPOT INC.,1104 AVENUE K FL 1,,BROOKLYN,NY,112304118,3473745046,PRESIDENT,3336C0003X,tier_1_primary_pharmacy,Y,Y,
1184305559,VICTORIA RX INC,1573 WEST FARMS ROAD,,BRONX,NY,10460,6469330225,MANAGER,3336C0003X|3336S0011X,tier_1_primary_pharmacy,Y,Y,
1265113344,ALL MED RX INC,19619 JAMAICA AVE,,HOLLIS,NY,114232641,9294993013,OWNER,3336C0003X,tier_1_primary_pharmacy,Y,Y,
1063193001,TOTAL MED RX INC,21485 JAMAICA AVE,,QUEENS VILLAGE,NY,114281737,3478948011,PRESIDENT,3336C0003X,tier_1_primary_pharmacy,Y,Y,
1558043844,MEDI CITY PHARMACY INC.,7702 ROOSEVELT AVE STE C,,JACKSON HEIGHTS,NY,113726604,7182551717,OWNER,333600000X,tier_1_primary_pharmacy,Y,Y,
1760164032,COMMUNITY RX INC,1056 CONEY ISLAND AVE,,BROOKLYN,NY,112302303,7184215533,PRESIDENT,3336C0003X,tier_1_primary_pharmacy,Y,Y,
1366125932,SPECTRA PHARMACY INC.,2926 NEWTOWN AVE,,ASTORIA,NY,111022297,3475070113,OWNER/PRESIDENT,3336C0003X,tier_1_primary_pharmacy,Y,Y,
1073296307,CHUBBUCK'S PHARMACY INC.,51 S MAIN ST,,FREEPORT,NY,115203854,5163793333,PRESIDENT,3336C0003X,tier_1_primary_pharmacy,Y,Y,
1689457483,SUNFLOWER PHARMACY LLC,13528 40TH RD,,FLUSHING,NY,113545354,7187990019,PHARMACIST/OWNER,333600000X,tier_1_primary_pharmacy,Y,Y,
1164205811,AYZEE RX INC,24410 JERICHO TPKE,,FLORAL PARK,NY,110013901,5162165940,OWNER,333600000X|3336C0003X,tier_1_primary_pharmacy,Y,Y,
1457136632,MCLEAN PHARMACY 211 INC,211 MCLEAN AVE,,YONKERS,NY,107054419,9143274888,PRESIDENT,333600000X,tier_1_primary_pharmacy,Y,Y,
1134904204,FUTURE PHARMACY INC.,2480 65TH ST,,BROOKLYN,NY,112043526,7183766563,PRESIDENT,333600000X|3336C0003X|3336I0012X|3336L0003X,tier_1_primary_pharmacy,Y,Y,
1922883891,COMMUNITY PHARMACY NY LLC,2448 CONEY ISLAND AVE,,BROOKLYN,NY,112235022,7185409240,MANAGING MEMBER,3336C0003X,tier_1_primary_pharmacy,Y,Y,
1790560324,UNION SCRIPTS RX INC,19219 UNION TPKE,,FRESH MEADOWS,NY,113661865,9296006111,OWNER,333600000X,tier_1_primary_pharmacy,Y,Y,
1831975143,19 PHARMACY CORP,3915 MAIN ST STE 207,,FLUSHING,NY,113545438,5165433386,PRESIDENT,333600000X,tier_1_primary_pharmacy,Y,Y,
1801672746,LIRX PHARMACY INC,930 WHEELER RD,,HAUPPAUGE,NY,117882900,6317247096,PRESIDENT,333600000X,tier_1_primary_pharmacy,Y,Y,
1851177752,HEALTH RX PHARMACY INC,915 PROSPECT AVE,,BRONX,NY,104593921,7185766555,PRESIDENT,333600000X,tier_1_primary_pharmacy,Y,Y,
1174309850,GREAT NECK RX INC.,140A MIDDLE NECK RD,,GREAT NECK,NY,110211232,5163045648,OWNER,333600000X,tier_1_primary_pharmacy,Y,Y,
1881470441,QS PHARMACY INC,3901 MAIN ST STE 400A,,FLUSHING,NY,113545483,1111111111,PRESIDENT,333600000X,tier_1_primary_pharmacy,Y,Y,
1801673595,NOSTRAND A&R PHARMACY INC,936 KINGS HWY,,BROOKLYN,NY,112232338,9179334077,PRESIDENT,333600000X,tier_1_primary_pharmacy,Y,Y,
1386422962,MEDEXPRESS PHARMACY INC,35 E BROADWAY,,NEW YORK,NY,100026813,2129410888,OWNER,333600000X,tier_1_primary_pharmacy,Y,Y,
1619755840,"PROMEDS PHARMACY GROUP, INC.",4068 BROADWAY,,NEW YORK,NY,100321512,2125404068,PRESIDENT,3336C0003X,tier_1_primary_pharmacy,Y,Y,
1538947429,NEW BRIDGE PHARMACY CORP,420 NEWBRIDGE RD,,HICKSVILLE,NY,118013964,5163039944,OWNER/SUPERVISING PHARMACIST,3336C0003X,tier_1_primary_pharmacy,Y,Y,
1811775612,BOTICA PHARMACY CORP.,556 MORRIS AVE,,BRONX,NY,104514778,7187499453,PRESIDENT,3336C0003X,tier_1_primary_pharmacy,Y,Y,
1700664588,BETTER LIFE PHARMACY INC,17224 JAMAICA AVE,,JAMAICA,NY,114325522,7188802575,DIRECTOR,3336C0003X,tier_1_primary_pharmacy,Y,Y,
1962280743,ESSENTIAL PHARMACY GROUP LLC,1203 CASTLE HILL AVE,,BRONX,NY,104624804,7186843889,MANAGER,333600000X|3336C0003X,tier_1_primary_pharmacy,Y,Y,
1891574414,VITAMED PHARMACY INC,448 E 149TH ST,,BRONX,NY,104551325,7189549494,OWNER,3336C0003X,tier_1_primary_pharmacy,Y,Y,
1811776875,HEALTH COACH PHARMACY INC,159 RALPH AVE,,BROOKLYN,NY,112331531,7184430500,PRESIDENT,333600000X|3336C0003X,tier_1_primary_pharmacy,Y,Y,
1205615127,ROCKAWAY DRUGS RX INC,13214 ROCKAWAY BLVD,,SOUTH OZONE PARK,NY,114202915,3474805103,OWNER,333600000X|3336C0003X,tier_1_primary_pharmacy,Y,Y,
1265212112,HY PHARMACY LLC,13318 41ST RD # 1F,,FLUSHING,NY,113555867,9293007800,MEMBER,3336C0003X,tier_1_primary_pharmacy,Y,Y,
1427838317,CHOSEN RX INC,332 E 188TH ST,,BRONX,NY,104585406,7183672000,OWNER/PRESIDENT,3336C0003X,tier_1_primary_pharmacy,Y,Y,
1518747955,"BRISTOL CARE PHARMACY, LLC",3227 WESTCHESTER AVE,,BRONX,NY,104614507,3472815331,PRESIDENT,3336C0003X,tier_1_primary_pharmacy,Y,Y,
1477334076,HISPANOS PHARMACY INC,8011 37TH AVE,,JACKSON HEIGHTS,NY,11372,7182556129,DIRECTOR,3336C0003X,tier_1_primary_pharmacy,Y,Y,
1700667037,STARLIGHT RX INC,5705 6TH AVE,,BROOKLYN,NY,112203807,3477991118,PRESIDENT,3336C0003X|333600000X,tier_1_primary_pharmacy,Y,Y,
1720869928,RICHMOND RX INC,11022 LIBERTY AVE,,SOUTH RICHMOND HILL,NY,114191706,7184801111,PRESIDENT,3336C0003X,tier_1_primary_pharmacy,Y,Y,
1336921469,WHITE RX PHARMACY INC,13211 14TH AVE,,COLLEGE POINT,NY,113562001,7187670788,OWNER,333600000X,tier_1_primary_pharmacy,Y,Y,
1609658756,566 WILSON PHARMACY INC.,566 WILSON AVE # STOREB,,BROOKLYN,NY,112071264,7182909423,OWNER,333600000X,tier_1_primary_pharmacy,Y,Y,
1851173892,"TRUE NORTH HEALTH PHARMACY, INC.",95-25 QUEENS BLVD.,SUITE GFL03,REGO PARK,NY,11374,7183951980,SVP,333600000X|3336S0011X|3336C0003X,tier_1_primary_pharmacy,Y,Y,
1700668720,SINGH PHARMACY INC,10532 ROCKAWAY BLVD,,OZONE PARK,NY,114172319,7188481000,PHARMACIST,3336C0003X,tier_1_primary_pharmacy,Y,Y,
1972385979,SIMPLEX RX INC,7510 METROPOLITAN AVE,,MIDDLE VILLAGE,NY,113792639,6072283600,OWNER,3336C0003X,tier_1_primary_pharmacy,Y,Y,
1568244333,BRONX HEALTHPLUS RX INC,582 E 187TH ST,,BRONX,NY,104586707,7186844360,PRESIDENT,3336C0003X,tier_1_primary_pharmacy,Y,Y,
1508648387,MSC PHARMACY INC,914 COLUMBUS AVE,,NEW YORK,NY,100254040,2126637440,PRESIDENT,3336C0003X,tier_1_primary_pharmacy,Y,Y,
1356123103,MY ASTORIA RX INCORPORATED,3720 DITMARS BLVD,,ASTORIA,NY,111051841,7187777033,PRESIDENT/PHARMACIST IN CHARGE,3336C0003X,tier_1_primary_pharmacy,Y,Y,
1326820978,ST. RAPHAEL PHARMACY INC,35-04C JUNCTION BLVD,,CORONA,NY,113685362,7184244538,OWNER,3336C0003X,tier_1_primary_pharmacy,Y,Y,
1154103737,VISTA PHARMACY 26 INC,593 MIDDLE NECK RD,,GREAT NECK,NY,110231471,5163045520,MANAGER,3336C0003X,tier_1_primary_pharmacy,Y,Y,
1780466946,ROK PHARMACY INC,13505 38TH AVE STE 1A,,FLUSHING,NY,113544467,2123756609,PRESIDENT,333600000X,tier_1_primary_pharmacy,Y,Y,
1477325595,"STARLING PHARMACY II, INC.",1049 BROADWAY ST,,BUFFALO,NY,142121462,7167702224,PRESIDENT,3336C0003X,tier_1_primary_pharmacy,Y,Y,
1518739218,41 PHARMACY INC,4262 KISSENA BLVD,,FLUSHING,NY,113553213,9175635899,PRESIDENT,3336C0003X,tier_1_primary_pharmacy,Y,Y,
1972375566,SIKIS PHARMACY INC,859 LONG ISLAND AVE,,DEER PARK,NY,117293426,6312745666,PRESIDENT,3336C0003X,tier_1_primary_pharmacy,Y,Y,
1679346845,PARSONS RX INC,15916B UNION TPKE,,FRESH MEADOWS,NY,113661938,7183743178,OWNER,333600000X|3336C0003X,tier_1_primary_pharmacy,Y,Y,
1619740701,LIBERTY RX INC.,12704 LIBERTY AVE,,JAMAICA,NY,114192216,7188802053,AUTHORIZED OFFICIAL,3336C0003X,tier_1_primary_pharmacy,Y,Y,
1396518296,BLOOMING LIGHT RX INC,3907 PRINCE ST STE 1B,,FLUSHING,NY,113545321,9179832638,PRESIDENT,3336C0003X,tier_1_primary_pharmacy,Y,Y,
1639942535,"BOERUM HILL PHARMACY, INC.",450 ATLANTIC AVE,,BROOKLYN,NY,112172690,9294503737,PRESIDENT,333600000X,tier_1_primary_pharmacy,Y,Y,
1235902057,WAYNE DRUG CO INC,24 W BRIDGE ST,,OSWEGO,NY,131262051,3153435722,PRESIDENT,3336C0003X,tier_1_primary_pharmacy,Y,Y,
1720851405,PHARMACY ZDOROVIE INC.,9109 63RD DR,,REGO PARK,NY,113743849,3476124318,OWNER,3336C0003X,tier_1_primary_pharmacy,Y,Y,
1548034689,CATHERINE STREET PHARMACY INC,58 E BROADWAY,,NEW YORK,NY,100026803,9174727328,OWNER,333600000X,tier_1_primary_pharmacy,Y,Y,
1073387957,KELLY'S PHARMACY INC.,343 DELAWARE AVE,,DELMAR,NY,120541920,5184294085,OWNER/PHARMACIST,333600000X|3336C0004X|3336C0003X,tier_1_primary_pharmacy,Y,Y,
1437923356,CORNER PHARMACY WOODHULL LLC,800 BROADWAY,,BROOKLYN,NY,112065316,7184002400,DIRECTOR,3336C0003X,tier_1_primary_pharmacy,Y,Y,
1760257059,INFINITY PHARMACY LLC,7318 18TH AVE,,BROOKLYN,NY,112045635,7185878881,PHARMACIST IN CHARGE,3336C0003X,tier_1_primary_pharmacy,Y,Y,
1780459636,ASCAN RX INC,11215 72ND RD APT LL5,,FOREST HILLS,NY,113754671,7187936747,PRESIDENT,3336C0003X,tier_1_primary_pharmacy,Y,Y,
1912772799,U HEALTH PHARMACY LLC,3030 U AVENUE,,BROOKLYN,NY,112295127,7189750236,PHARMACIST,3336C0003X,tier_1_primary_pharmacy,Y,Y,
1619742210,MDRX PHARMACY INC.,2207 ASTORIA BLVD,,ASTORIA,NY,111024733,3475071608,OWNER/PRESIDENT,3336C0003X,tier_1_primary_pharmacy,Y,Y,
1023884368,CMV PHARMACY INC,143 S PETERBORO ST,,CANASTOTA,NY,13032,3158757000,PRESIDENT,3336C0004X|3336C0003X,tier_1_primary_pharmacy,Y,Y,
1831965623,EMBRACE PHARMACY INC.,5216 VAN LOON ST # 1A,,ELMHURST,NY,113734267,3475071777,OWNER,333600000X|3336C0003X,tier_1_primary_pharmacy,Y,Y,
1174399844,2818 FULTON PHARMACY INC,2818 FULTON ST,,BROOKLYN,NY,112072608,7182356394,PRESIDENT,3336C0003X,tier_1_primary_pharmacy,Y,Y,
1871360511,CORNER PHARMACY ST NICHOLAS WH LLC,1428 SAINT NICHOLAS AVE,,NEW YORK,NY,100334025,2129510067,OFFICER,333600000X|3336C0003X,tier_1_primary_pharmacy,Y,Y,
1700653201,MDF PHARMACY INC.,164 E 174TH ST,,BRONX,NY,104576955,3472702200,SUPERVISING PHARMACIST,3336C0003X,tier_1_primary_pharmacy,Y,Y,
1285401661,COMFORT RX PHARMACY CORP,3811 31ST ST,,LONG ISLAND CITY,NY,111012867,2122303006,PRESIDENT,3336C0003X,tier_1_primary_pharmacy,Y,Y,
1346017332,PHYSIO PHARMACY INC,488A E JERICHO TPKE,,HUNTINGTON STATION,NY,117467312,6314240125,OWNER,333600000X|3336C0003X,tier_1_primary_pharmacy,Y,Y,
1336916493,DURGA MATA RX INC,350 NASSAU RD,,ROOSEVELT,NY,115751350,7188447099,PRESIDENT,3336C0003X,tier_1_primary_pharmacy,Y,Y,
1871361659,3461 THIRD AVE PHARMACY,3461 3RD AVE,,BRONX,NY,10456,7189084444,PRESIDENT,333600000X,tier_1_primary_pharmacy,Y,Y,
1720856107,PRIME CARE DRUG & SURGICALS CORP,2066 FLATBUSH AVE,,BROOKLYN,NY,112344314,7185136644,CHIEF FINANCIAL OFFICER,3336C0003X|333600000X,tier_1_primary_pharmacy,Y,Y,
1073381356,SILVER CARE PHARMACY INC,3819 UNION ST STE 102,,FLUSHING,NY,113545588,7184458585,OWNER,3336C0003X|333600000X|3336L0003X,tier_1_primary_pharmacy,Y,Y,
1508634668,JASMINE SPECIALTY RX CORP,11418 LIBERTY AVE,,SOUTH RICHMOND HILL,NY,114191810,3472381046,OWNER,3336C0003X,tier_1_primary_pharmacy,Y,Y,
1396513396,AMA PHARMACY GROUP CORP.,1717 EAST 12TH STREET,,BROOKLYN,NY,11229,3472407864,PRESIDENT/OWNER,3336C0003X,tier_1_primary_pharmacy,Y,Y,
1750150504,OCEAN SPECIALTY RX INC.,128 DITMAS AVE,,BROOKLYN,NY,112184902,7184318232,OWNER,333600000X,tier_1_primary_pharmacy,Y,Y,
1851160691,ROCKAWAY BEACH PHARMACY INC,10119 ROCKAWAY BEACH BLVD,,ROCKAWAY PARK,NY,116942841,7182338787,OWNER,3336C0003X,tier_1_primary_pharmacy,Y,Y,
1003685629,THE KATONAH WAY PHARMACY LLC,294 KATONAH AVE,,KATONAH,NY,105362148,9148956505,PARTNER,333600000X,tier_1_primary_pharmacy,Y,Y,
1689444648,33 RX INC.,33 WALT WHITMAN RD STE 100,,HUNTINGTON STATION,NY,117463629,6313506400,PRESIDENT AND OWNER,333600000X|3336C0003X,tier_1_primary_pharmacy,Y,Y,
1750151171,TAWAKKUL PHARMACY INC.,7609 101ST AVE FL 1,,OZONE PARK,NY,114161935,7189549000,PRESIDENT,3336C0003X,tier_1_primary_pharmacy,Y,Y,
1932979036,WILLOW PHARMACY CORP,1002 BEACH 20TH ST UNIT 1R,,FAR ROCKAWAY,NY,116913900,3476198880,PHARMACY MANAGER,3336C0003X,tier_1_primary_pharmacy,Y,Y,
1285404301,ARLI 28 PHARMACY INC.,18603 JAMAICA AVE,,JAMAICA,NY,114232413,3475608651,OWNER,333600000X,tier_1_primary_pharmacy,Y,Y,
1730950437,MILFORD PHARMACY INC,2582 PITKIN AVE,,BROOKLYN,NY,112082678,7182101468,OWNER,3336C0003X,tier_1_primary_pharmacy,Y,Y,
1609637511,SUTPHIN RX INC,11315 SUTPHIN BLVD,,JAMAICA,NY,114355832,7184801016,OWNER/SP,3336C0003X,tier_1_primary_pharmacy,Y,Y,
1699536169,ALL ABOUT YOU PHARMACY LLC,3424 UNION ST FL 1,,FLUSHING,NY,113543053,7187990488,SUPERVISING PHARMACIST,3336C0003X,tier_1_primary_pharmacy,Y,Y,
1619738143,RICHMOND HILL CHEMISTS RX LLC,10823 JAMAICA AVE,,RICHMOND HILL,NY,114182243,7189549601,OWNER,333600000X|3336C0003X,tier_1_primary_pharmacy,Y,Y,
1649031964,VALENCIA PHARMACY CORP,7519 13TH AVE,,BROOKLYN,NY,112282409,7188854474,OWNER,3336C0003X,tier_1_primary_pharmacy,Y,Y,
1831950112,MEDS ON TIME PHARMACY CORP.,3147 LAWSON BLVD,,OCEANSIDE,NY,115723717,5162087332,OWNER,3336C0003X,tier_1_primary_pharmacy,Y,Y,
1972365146,INSTANT RX INC,6743 CENTRAL AVE,,GLENDALE,NY,113856653,3476322544,OWNER,333600000X,tier_1_primary_pharmacy,Y,Y,
1548022361,TIGER RX INC.,6919 NORTHERN BLVD,,WOODSIDE,NY,113772246,3476124150,PRESIDENT,3336C0003X,tier_1_primary_pharmacy,Y,Y,
1467214346,ONE FAMILY HEALTH PHARMACY INC,13308 41ST RD FL 1,,FLUSHING,NY,113553679,6466785019,OWNER,333600000X,tier_1_primary_pharmacy,Y,Y,
1679335277,WORLD RX PHARMACY INC.,11212 JAMAICA AVE,,RICHMOND HILL,NY,114182451,7184801924,OWNER,333600000X,tier_1_primary_pharmacy,Y,Y,
1932961554,EZ CAP RX INC.,362 HEMPSTEAD AVE,,MALVERNE,NY,115651210,5162010230,PRESIDENT,333600000X,tier_1_primary_pharmacy,Y,Y,
1255194593,ORANGE EIGHT PHARMACY LLC,312 NEW DORP LN,,STATEN ISLAND,NY,103063036,3478253918,OWNER,3336C0003X,tier_1_primary_pharmacy,Y,Y,
1386407633,WYANDANCH PHARMACY INC,323 MERRITT AVE,,WYANDANCH,NY,117982328,6312534552,PRESIDENT,3336C0003X,tier_1_primary_pharmacy,Y,Y,
1851154546,BARAKAT PHARMACY INC,410 JERUSALEM AVE,,HICKSVILLE,NY,118015504,5164529046,OWNER/PHARMACIST,3336C0003X,tier_1_primary_pharmacy,Y,Y,
1316700891,READY RX PHARMACY SERVICES INC,2259 CHURCH AVE,,BROOKLYN,NY,112263201,7186764114,OWNER,3336C0003X,tier_1_primary_pharmacy,Y,Y,
1073377420,MH PHARMACY INC,1847 WESTCHESTER AVE,,BRONX,NY,104723015,3476320000,OWNER,3336C0003X,tier_1_primary_pharmacy,Y,Y,
1437913654,JAM RX LLC,1914 AVENUE M,,BROOKLYN,NY,112306361,7183752400,OWNER/MEMBER,3336C0003X,tier_1_primary_pharmacy,Y,Y,
1801650932,BELMONT PHARMACY INC.,102A BELMONT AVE,,BROOKLYN,NY,112127729,7186761188,PRESIDENT,3336C0003X,tier_1_primary_pharmacy,Y,Y,
1134983208,EZ SCRIPTS RX LLC,9857 63RD RD,,REGO PARK,NY,113741739,3478134177,PRESIDENT,333600000X,tier_1_primary_pharmacy,Y,Y,
1295590768,NY FIVE STAR RX LLC,1202 FULTON ST,,BROOKLYN,NY,112162295,7183989000,OWNER / MEMBER,3336C0003X,tier_1_primary_pharmacy,Y,Y,
1891550307,LIVE BETTER PHARMACY CORP,273 BROADWAY,,LYNBROOK,NY,115633243,5162145900,OWNER,333600000X,tier_1_primary_pharmacy,Y,Y,
1881459212,"GARDEN PHARMACY GROUP, INC.",4343 MAIN ST,,FLUSHING,NY,113554743,7189618800,PRESIDENT,3336C0003X,tier_1_primary_pharmacy,Y,Y,
1407611544,DOMA RX INC,9619 69TH AVE UNIT 1,,FOREST HILLS,NY,113755139,7184873437,PRESIDENT,3336C0003X,tier_1_primary_pharmacy,Y,Y,
1376308080,UNITED RX LLC,5539 BROADWAY,,BRONX,NY,104635217,7188842500,PRESIDENT,3336C0003X,tier_1_primary_pharmacy,Y,Y,
1609632132,MADISON RX 18 INC.,4718 30TH AVE,,ASTORIA,NY,111031266,7188061000,SUPERVISING PHARMACIST,3336C0003X,tier_1_primary_pharmacy,Y,Y,
1740046853,JERICHO TPKE RX INC,9229 QUEENS BLVD STE CU13,,REGO PARK,NY,113741045,9178326753,PRESIDENT,3336C0003X,tier_1_primary_pharmacy,Y,Y,
1467219923,ICARE RX PHARMACY CORPORATION,2256 EASAT TREMONT AVE,,BRONX,NY,10462,9297779611,OWNER,333600000X,tier_1_primary_pharmacy,Y,Y,
1447017041,WESTCHESTER COMMUNITY PHARMACY INC,107 W 4TH ST,,MOUNT VERNON,NY,105504002,9146990235,PRESIDENT,333600000X|3336C0003X,tier_1_primary_pharmacy,Y,Y,
1487411666,LERDS PHARMACY INC,1601 GRAVESEND NECK RD,,BROOKLYN,NY,112294426,7183325330,OWNER/PIC,333600000X|3336L0003X,tier_1_primary_pharmacy,Y,Y,
1902663073,HYOJA PHARMACY INC,4329 209TH ST,,BAYSIDE,NY,113612761,9174441145,PRESIDENT,333600000X|3336C0003X,tier_1_primary_pharmacy,Y,Y,
1154188092,PUNJAB RX PHARMACY INC,11218 101ST AVE,,SOUTH RICHMOND HILL,NY,114192256,3472334186,OWNER,333600000X,tier_1_primary_pharmacy,Y,Y,
1104684992,GRAND CARE PHARMACY INC,6656 GRAND AVE,,MASPETH,NY,113782531,7184466656,OWNER,3336C0003X|3336L0003X,tier_1_primary_pharmacy,Y,Y,
1083472203,STEINWAY RX CORP.,3241 STEINWAY ST STE A,,ASTORIA,NY,111034036,7182556525,PRESIDENT,3336C0003X,tier_1_primary_pharmacy,Y,Y,
1093574469,ADD HEALTH PHARMACY INC,2482 GRAND CONCOURSE,,BRONX,NY,104585201,7184838144,SUPERVISING PHARMACIST,3336C0003X,tier_1_primary_pharmacy,Y,Y,
1962262170,PAHEHE RX INC.,11221 FARMERS BLVD,,JAMAICA,NY,114122330,7184135008,OWNER,3336C0003X,tier_1_primary_pharmacy,Y,Y,
1174373849,RX WHITESTONE INC,2532 168TH ST 1ST FLOOR,,WHITESTONE,NY,113581159,3475060009,OWNER,333600000X,tier_1_primary_pharmacy,Y,Y,
1629829445,EVERYOUNG PHARMACY INC,8708 JUSTICE AVE UNIT P,,ELMHURST,NY,113734575,7184294411,PRESIDENT,3336C0003X,tier_1_primary_pharmacy,Y,Y,
1841041506,CMV PHARMACY INC,2949 STATE ROUTE 370,,CATO,NY,130339755,3156263161,PRESIDENT,3336C0004X|3336C0003X,tier_1_primary_pharmacy,Y,Y,
1043061435,MATRIX PHARMACY INC,436B S BROADWAY,,YONKERS,NY,107052339,3142078566,PRESIDENT,3336C0003X,tier_1_primary_pharmacy,Y,Y,
1760234116,GREENE RX INC,702 FULTON ST,,BROOKLYN,NY,112172613,7188346368,PRESIDENT,3336C0003X,tier_1_primary_pharmacy,Y,Y,
1770335705,J AND J PHARMACY CORPORATION,39 S MAIN ST,,NEW CITY,NY,109563562,9143105780,PHARMACIST,3336C0003X,tier_1_primary_pharmacy,Y,Y,
1821840786,COMMACK CARE PHARMACY CORP,546 COMMACK RD,,DEER PARK,NY,117293804,6313924777,PHARMACIST,333600000X,tier_1_primary_pharmacy,Y,Y,
1649022591,UNIQUE PHARMACY RX LLC,401 DITMAS AVE,,BROOKLYN,NY,112184919,7184840899,MANAGER,3336C0003X,tier_1_primary_pharmacy,Y,Y,
1144072786,HYATTRX PHARMACY INC.,4009 21ST ST,,LONG ISLAND CITY,NY,111016130,9295563055,PRESIDENT,3336C0003X,tier_1_primary_pharmacy,Y,Y,
1306699699,SUPER CARE PHARMACY INC,2756 BAILEY AVE,,BUFFALO,NY,142153252,7162481105,SUPERVISING PHARMACIST,3336C0003X,tier_1_primary_pharmacy,Y,Y,
1235982919,HEALTHY LEX PHARMACY CORP,1901 LEXINGTON AVE,,NEW YORK,NY,100354038,6468690069,PRESIDENT,3336C0003X,tier_1_primary_pharmacy,Y,Y,
1659124568,FOREMOST PHARMACY LLC,814 MERRICK RD,,BALDWIN,NY,115103330,7185353561,PRESIDENT,3336C0003X,tier_1_primary_pharmacy,Y,Y,
1598518235,"MMP RX, LLC",2391 RICHMOND AVE STE 3,,STATEN ISLAND,NY,103143906,7182858595,OWNER,3336C0003X,tier_1_primary_pharmacy,Y,Y,
1215781778,ESSENCE RX CORP,871 ELTON AVE,,BRONX,NY,104514571,2128715300,OWNER,333600000X,tier_1_primary_pharmacy,Y,Y,
1912751371,YONKERS PHARMACY INC.,530 YONKERS AVE,,YONKERS,NY,107042874,9142745200,PRESIDENT,3336C0003X,tier_1_primary_pharmacy,Y,Y,
1093569964,NARROW PHARMACY INC.,9920 4TH AVE,,BROOKLYN,NY,112098333,7182381445,PRESIDENT,3336C0003X,tier_1_primary_pharmacy,Y,Y,
1205681970,WELLWISE PHARMACY CORP,1854 FRONT ST,,EAST MEADOW,NY,115542444,5168719355,PRESIDENT,3336C0003X,tier_1_primary_pharmacy,Y,Y,
1629823208,RIVERDALE PHARMACY LLC,3547 JOHNSON AVE,,BRONX,NY,104631602,7183953509,OWNER/ PHARMACIST,333600000X,tier_1_primary_pharmacy,Y,Y,
1184479719,BUCKLER PHARMACY INC,1039 BROADWAY,,BROOKLYN,NY,112216790,6469549492,PRESIDENT,3336C0003X,tier_1_primary_pharmacy,Y,Y,
1467207837,REGO MEDS RX CORP,6204B WOODHAVEN BLVD,,REGO PARK,NY,113742881,7188992001,VICE PRESIDENT,3336C0003X,tier_1_primary_pharmacy,Y,Y,
1972358364,TOTAL HEALTH PHARMACY INCORPORATED.,316 BRADLEY AVE,,STATEN ISLAND,NY,103145171,7189711766,PRESIDENT,333600000X,tier_1_primary_pharmacy,Y,Y,
1871348136,NEW YORK PHARMACY & SURGICALS INC,2611 FREDERICK DOUGLASS BLVD,,NEW YORK,NY,100303496,2122342345,OWNER,3336C0003X,tier_1_primary_pharmacy,Y,Y,
1205681442,SURFSIDE PHARMACY LLC,3163 CONEY ISLAND AVE,,BROOKLYN,NY,112356443,6467369844,PHARMACIST,3336C0003X,tier_1_primary_pharmacy,Y,Y,
1700632015,BH CARE PHARMACY LLC,2845 86TH ST,,BROOKLYN,NY,112234634,7184001826,OWNER,333600000X|3336C0003X,tier_1_primary_pharmacy,Y,Y,
1578310470,ORGANIC WOODHAVEN PHARMACY INC.,63106 WOODHAVEN BLVD,,REGO PARK,NY,113744841,3473542969,PRESIDENT,333600000X|3336C0003X,tier_1_primary_pharmacy,Y,Y,
1821845462,PHARMAVIDA RX LLC,668 E TREMONT AVE,,BRONX,NY,104574929,7188081513,OWNER,3336C0003X,tier_1_primary_pharmacy,Y,Y,
1548017924,ELITE RX INC,19506 47TH AVE,,FLUSHING,NY,113583910,9172852177,OWNER,333600000X|3336C0003X,tier_1_primary_pharmacy,Y,Y,
1306694161,ACCESS PHARMACY INC,5910 99TH ST,,CORONA,NY,113684304,7182802001,PRESIDENT,3336C0003X,tier_1_primary_pharmacy,Y,Y,
1932957529,JASMINE ORGANIC RX INC,9722 66TH AVE,,REGO PARK,NY,113744246,3476491422,PRESIDENT,3336C0003X,tier_1_primary_pharmacy,Y,Y,
1477301869,CURECRAFTER RX INC,17824 JAMAICA AVE,,JAMAICA,NY,114325616,7185230195,OWNER,3336C0003X,tier_1_primary_pharmacy,Y,Y,
1255189767,SAINT PATRICK PHARMACY CORP,3920 29TH ST,,LONG ISLAND CITY,NY,111013708,7185407905,OWNER,3336C0003X,tier_1_primary_pharmacy,Y,Y,
1679322077,MYMEDS SPECIALTY PHARMACY LLC,1720 VILLAGE LN,,FAR ROCKAWAY,NY,116914938,7183270112,PRESIDENT,3336C0003X,tier_1_primary_pharmacy,Y,Y,
1689423808,ADAM RX PHARMACY INC,9508 4TH AVE,,BROOKLYN,NY,112097325,7183335205,OWNER,3336C0003X,tier_1_primary_pharmacy,Y,Y,
1740029651,LIGHTNING RX PHARMACY INC,2154 2ND AVE,,NEW YORK,NY,100293245,6464102113,OWNER,3336C0003X,tier_1_primary_pharmacy,Y,Y,
1942049333,PROHEALTH COMPOUNDING PHARMACY CORP,10022 67TH AVE,,REGO PARK,NY,113744515,7184409033,PRESIDENT,3336C0003X,tier_1_primary_pharmacy,Y,Y,
1205675782,ABIGAILS RX BOUTIQUE INC.,3121 OCEAN AVENUE UNIT 5,,BROOKLYN,NY,112353405,7186762036,OWNER,333600000X|3336C0003X,tier_1_primary_pharmacy,Y,Y,
1447090600,PURECARE PHARMACY AND WELLNESS INC,65 GLEN COVE RD,,GREENVALE,NY,115481007,9143301499,PRESIDENT,3336C0004X|3336C0003X,tier_1_primary_pharmacy,Y,Y,
1043051477,"PILL DROP PHARMACY, INC.",6315 AVENUE N,,BROOKLYN,NY,112345508,7185134807,PRINCIPAL,3336C0003X,tier_1_primary_pharmacy,Y,Y,
1679314009,SKYLA RX INC,1268 HEMPSTEAD TPKE,,ELMONT,NY,110031144,5162703746,OWNER,333600000X,tier_1_primary_pharmacy,Y,Y,
1295575728,"VITAL PHARMACY GROUP, INC.",4971 BROADWAY,,NEW YORK,NY,100341651,9173882622,PRESIDENT,3336C0003X,tier_1_primary_pharmacy,Y,Y,
1447091129,WILLISTON PARK PHARMACY CORP.,601 WILLIS AVE,,WILLISTON PARK,NY,115961147,5162144947,OWNER,3336C0003X,tier_1_primary_pharmacy,Y,Y,
1780425348,STUYTOWN RX LLC,329 E 14TH ST,,NEW YORK,NY,100034228,6468383850,PRESIDENT,3336C0003X,tier_1_primary_pharmacy,Y,Y,
1760223382,"LEXINGTON SPECIALTY PHARMACY, INC.",1570 LEXINGTON AVE,,NEW YORK,NY,100296205,2127225222,SP,3336C0003X|3336S0011X,tier_1_primary_pharmacy,Y,Y,
1750123121,ICURE PHARMACY INC,2110 NEWTOWN AVE FL 1,,ASTORIA,NY,111022935,7185164444,OWNER,3336C0003X,tier_1_primary_pharmacy,Y,Y,
1669214250,RX HERO INC.,3948 RICHMOND AVE,,STATEN ISLAND,NY,103125111,7183561789,PRESIDENT,3336C0003X,tier_1_primary_pharmacy,Y,Y,
1962244657,LIFELINE PHARMACY INCORPORATED,1807 VICTORY BLVD,,STATEN ISLAND,NY,103143515,8453140270,PRESIDENT,333600000X,tier_1_primary_pharmacy,Y,Y,
1518709153,PREMIER PHARMACY LLC,476 GRANT ST,,BUFFALO,NY,142131145,7164655459,OWNER/SUPERVISING PHARMACIST,3336C0003X,tier_1_primary_pharmacy,Y,Y,
1184468845,321 HEALTH PHARMACY INC,95 BOWERY,,NEW YORK,NY,100024901,2123210952,OWNER,3336C0003X,tier_1_primary_pharmacy,Y,Y,
1962246504,MEDI XPRESS RX INC,120 MIDDLE NECK RD,,GREAT NECK,NY,110211245,5163045119,PRESIDENT,333600000X,tier_1_primary_pharmacy,Y,Y,
1841034493,DANIEL RX INC,12510 84TH RD,,KEW GARDENS,NY,114152202,7184806555,OWNER,333600000X|3336C0003X,tier_1_primary_pharmacy,Y,Y,
1275377780,DUMBO MARKET PHARMACY,205 SMITH ST,,BROOKLYN,NY,112017667,3475648956,OWNER,3336C0003X,tier_1_primary_pharmacy,Y,Y,
1235973769,BUHRE RX INC.,3033 BUHRE AVE,,BRONX,NY,10461,3472936501,PRESIDENT,3336C0003X,tier_1_primary_pharmacy,Y,Y,
1134963291,SOUTHBRIDGE PHARMACY INC,80 BEEKMAN ST,,NEW YORK,NY,100381891,2127865840,PRESIDENT/PHARMACIST/AUTHORIZED OFF,3336C0003X,tier_1_primary_pharmacy,Y,Y,
1013751106,ALL GRAND PHARMACY INC,2259 86TH ST,,BROOKLYN,NY,112144107,7182368088,MANAGER,3336C0003X,tier_1_primary_pharmacy,Y,Y,
1962246777,ROCKAWAY BLVD PHARMACY INC,14102 ROCKAWAY BLVD,,SOUTH OZONE PARK,NY,114361440,7183743121,PRESIDENT,333600000X,tier_1_primary_pharmacy,Y,Y,
1740025568,NORTH HEALTH PHARMACY INC.,1720 HYLAN BLVD,,STATEN ISLAND,NY,103051931,7186821161,PRESIDENT,3336C0003X,tier_1_primary_pharmacy,Y,Y,
1770328601,NEIGHBORHOOD WELLNESS RX INC,11315 JAMAICA AVE,,RICHMOND HILL,NY,114182471,7184890230,OWNER,3336C0003X,tier_1_primary_pharmacy,Y,Y,
1750127320,MAX PHARMACY INC,9818 ASTORIA BLVD,,EAST ELMHURST,NY,113691816,7184069312,PRESIDENT,3336C0003X,tier_1_primary_pharmacy,Y,Y,
1043056450,HOLLIS STAR DRUG CORP,20415 HOLLIS AVE,,SAINT ALBANS,NY,114121807,7184135021,SUPERVISING PHARMACIST,3336C0003X,tier_1_primary_pharmacy,Y,Y,
1194561100,TOPSTAR RX INC,1655 GRAND AVE,,NORTH BALDWIN,NY,115101846,5162987435,PRESIDENT,333600000X,tier_1_primary_pharmacy,Y,Y,
1962249748,REGION RX LLC,1200 ROUTE 208,,MONROE,NY,109504649,8457822260,CEO,3336C0004X|3336C0003X,tier_1_primary_pharmacy,Y,Y,
1114764610,TIME RX INC,679 60TH ST UNIT B,,BROOKLYN,NY,112204108,7187654190,OWNER,333600000X,tier_1_primary_pharmacy,Y,Y,
1548007958,LV RX INC,8387 WOODHAVEN BLVD,,WOODHAVEN,NY,114211533,7184806484,OWNER/SUPERVISING PHARMACIST,3336C0003X,tier_1_primary_pharmacy,Y,Y,
1841037298,ASIAN RX INC,1322 NEWKIRK AVE,,BROOKLYN,NY,112301508,3472951487,OWNER,3336C0003X,tier_1_primary_pharmacy,Y,Y,
1730927559,BH RX LLC,2224 1ST AVE,,NEW YORK,NY,100292307,2122228672,PRESIDENT,3336C0003X,tier_1_primary_pharmacy,Y,Y,
1700624764,"1590 LEX RX, LLC",1590 LEXINGTON AVE,,NEW YORK,NY,100296109,6466615500,OWNER,333600000X,tier_1_primary_pharmacy,Y,Y,
1457199804,CAREWOOD PHARMACY INC.,1406 WHITE PLAINS RD,,BRONX,NY,104624270,9179572240,OWNER,333600000X|3336C0003X,tier_1_primary_pharmacy,Y,Y,
1962240341,EMMA RX INC,259 S 2ND ST,,BROOKLYN,NY,112118699,7185995991,OWNER,333600000X|3336C0003X,tier_1_primary_pharmacy,Y,Y,
1912735408,SPEEDYMEDS PHARMACY INC,15902 88TH AVE,,JAMAICA,NY,11432,3472639059,OWNER,3336C0003X,tier_1_primary_pharmacy,Y,Y,
1881423754,GOTHAM RX INC.,3927 AMBOY RD,,STATEN ISLAND,NY,103082421,2128715133,PRESIDENT,3336C0003X,tier_1_primary_pharmacy,Y,Y,
1952130338,JANYS PHARMACY INC,455 S BROADWAY,,YONKERS,NY,107052338,9149633565,DIRECTOR,3336C0003X,tier_1_primary_pharmacy,Y,Y,
1912737065,EPIC PHARMACY CORP,786 E 152ND ST,,BRONX,NY,104552208,7186352535,PRESIDENT,3336C0003X,tier_1_primary_pharmacy,Y,Y,
1598595118,PRIME CARE DRUG & SURGICALS CORP.,2066 FLATBUSH AVE,,BROOKLYN,NY,112344314,7185136644,MANAGER,333600000X|3336L0003X,tier_1_primary_pharmacy,Y,Y,
1205666831,PILLPACK PHARMACY INC,4433 KISSENA BLVD,,FLUSHING,NY,113553055,7187990950,VP,3336S0011X|333600000X|3336C0003X,tier_1_primary_pharmacy,Y,Y,
1184454647,STATION PHARMACY NY LLC,1757 NEW YORK AVE,,HUNTINGTON STATION,NY,117462407,6314188953,OWNER,3336C0003X,tier_1_primary_pharmacy,Y,Y,
1356172969,AVENUE O PHARMACY INC,26 AVENUE O,,BROOKLYN,NY,112046021,7187585096,PRESIDENT,3336C0003X,tier_1_primary_pharmacy,Y,Y,
1932932670,BRIGHT PHARMACY LLC,98-15 HORACE HARDING EXPRESSWAY,PROFESSIONAL APARTMENTS 1K,CORONA,NY,11368,7186120691,OWNER,3336C0003X,tier_1_primary_pharmacy,Y,Y,
1942033469,QUICKRX PHARMACY INC.,134 NORTH AVE STE 8,,NEW ROCHELLE,NY,108017418,9144491218,OWNER/MANAGER,3336C0003X,tier_1_primary_pharmacy,Y,Y,
1649003682,EXTRA CARE PHARMACY LLC,1001 CHURCH AVE,,BROOKLYN,NY,112182711,7188562976,OWNER,3336C0003X,tier_1_primary_pharmacy,Y,Y,
1558195024,LUMEN PHARMACY INC,6242 FOREST AVE,,RIDGEWOOD,NY,113851929,7183106120,SUPERVISING PHARMACIST / OWNER,333600000X|3336C0003X,tier_1_primary_pharmacy,Y,Y,
1730913096,LINCOLN EXPRESS PHARMACY INC,233B E 149TH ST,,BRONX,NY,104511866,9298551145,PRESIDENT,3336C0003X,tier_1_primary_pharmacy,Y,Y,
1780418962,FM PHARMACY CORP,6822 FRESH MEADOW LN,,FRESH MEADOWS,NY,113653421,7182992103,MANAGER,3336C0003X,tier_1_primary_pharmacy,Y,Y,
1982438818,CMV PHARMACY INC,36 MAIN ST,,ADDISON,NY,148011210,6076951600,PRESIDENT,3336C0004X|3336C0003X,tier_1_primary_pharmacy,Y,Y,
1205661410,BEYOND RX INC,8239 153RD AVE,,HOWARD BEACH,NY,114141751,7184006090,SUPERVISING PHARMACIST,3336C0003X,tier_1_primary_pharmacy,Y,Y,
1760218648,GENESEO PHARMACY INC,4162 RESERVOIR RD,,GENESEO,NY,144549730,5854438014,PHARMAIST IN CHARGE,333600000X,tier_1_primary_pharmacy,Y,Y,
1831925536,YOUNG RX INC,4407 8TH AVE,,BROOKLYN,NY,112201513,6466210273,OWNER,333600000X,tier_1_primary_pharmacy,Y,Y,
1881420545,PRAMUKH RX INC,2490 FREDERICK DOUGLASS BLVD,,NEW YORK,NY,100302792,2122346611,PRESIDENT,3336C0003X,tier_1_primary_pharmacy,Y,Y,
1093541633,LINDEN RX INC,18717 LINDEN BLVD,,JAMAICA,NY,114124025,3474264004,PRESIDENT,3336C0003X,tier_1_primary_pharmacy,Y,Y,
1417783663,RXRR PHARMACY CORP,2001A JEROME AVE,,BRONX,NY,104531803,9178259486,PRESIDENT,3336C0003X,tier_1_primary_pharmacy,Y,Y,
1992531065,INFINITE RX CORP,17815 UNION TPKE,,FRESH MEADOWS,NY,113661633,7183106114,PRESIDENT,333600000X|3336C0003X,tier_1_primary_pharmacy,Y,Y,
1578390324,MAIN ST APOTHECARY INC,153 MAIN ST STE B,,STATEN ISLAND,NY,103071258,9174640006,OWNER,333600000X,tier_1_primary_pharmacy,Y,Y,
1891522462,CASCADE RX LLC,859 MYRTLE AVE,GROUND FL UNIT 1,BROOKLYN,NY,11206,7185003307,OWNER,3336C0003X,tier_1_primary_pharmacy,Y,Y,
1043047574,DRUG MART II RX LLC,DRUG MART II PHARMACY,4873 BROADWAY,NEW YORK,NY,100343134,2125694400,PRESIDENT,3336C0003X,tier_1_primary_pharmacy,Y,Y,
1801613468,ZENITH PHARMACY INC.,1111 ROUTE 110,,FARMINGDALE,NY,117354820,6312496400,PRESIDENT,333600000X,tier_1_primary_pharmacy,Y,Y,
1588481287,EZ MYRTLE PHARMACY CORP,6939 MYRTLE AVE,,GLENDALE,NY,113857265,9292502100,OWNER,3336C0003X,tier_1_primary_pharmacy,Y,Y,
1992522577,143 PHARMACY INC,14320 SANFORD AVE FL 1,,FLUSHING,NY,113552044,3475060066,OWNER,3336C0003X,tier_1_primary_pharmacy,Y,Y,
1164240495,BLACKSTONE PHARMACY,145 UTICA AVE,,BROOKLYN,NY,112132343,2124010197,OWNER,3336C0003X,tier_1_primary_pharmacy,Y,Y,
1679390918,"BD PHARMACY, LLC",3435 BAILEY AVE,,BUFFALO,NY,142151145,3136830153,SOLE MEMBER,3336C0003X,tier_1_primary_pharmacy,Y,Y,
1063230241,T-RX GROUP LLC,1866 3RD AVE,,NEW YORK,NY,100295400,6463867766,OWNER,3336C0003X,tier_1_primary_pharmacy,Y,Y,
1659199511,HOLLIS RX INC,205-20B JAMAICA AVE,,HOLLIS,NY,11423,3476267051,OWNER,3336C0003X,tier_1_primary_pharmacy,Y,Y,
1386463321,HEDUI PHARMACY INC,82 ELIZABETH ST,,NEW YORK,NY,100134728,5156699005,OWNER,333600000X,tier_1_primary_pharmacy,Y,Y,
1518786474,ELEVATE PHARMACY INC.,1300 JERICHO TPKE,,NEW HYDE PARK,NY,110404601,2123010075,OWNER,3336C0003X,tier_1_primary_pharmacy,Y,Y,
1972322576,SMARTPILLS PHARMACY INC.,8956 162ND ST,,JAMAICA,NY,114325072,9296890088,PRESIDENT,3336C0003X,tier_1_primary_pharmacy,Y,Y,
1033939442,"VINE RX, LLC",927 MANOR RD,,STATEN ISLAND,NY,103147007,3474077444,OWNER/PHARMACIST,3336C0003X,tier_1_primary_pharmacy,Y,Y,
1215757281,YOGI RX INC,494 ROCKAWAY PKWY,,BROOKLYN,NY,112123248,7184856923,PRESIDENT,3336C0003X,tier_1_primary_pharmacy,Y,Y,
1811718091,JAVE PHARMACY INC,295 HUMBOLDT ST,,BROOKLYN,NY,112114917,3478091705,SUPERVISING PHARMACIST,333600000X,tier_1_primary_pharmacy,Y,Y,
1750102596,KESHAV RX INC,1427 E GUN HILL RD,,BRONX,NY,104693063,7183791954,PRESIDENT,3336C0003X,tier_1_primary_pharmacy,Y,Y,
1902627771,HF PHARMACY CORP,68 W MAIN ST,,BABYLON,NY,117023409,5168523592,OWNER / PHARMACY MANAGER,3336C0003X,tier_1_primary_pharmacy,Y,Y,
1265254973,FIRST CHOICE RX INC.,5535 METROPOLITAN AVE FL 1,,RIDGEWOOD,NY,113851202,7184171011,PRESIDENT,3336C0003X,tier_1_primary_pharmacy,Y,Y,
1831911882,GHF PHARMACY INC,13524 ROOSEVELT AVE,,FLUSHING,NY,113545306,7187990896,PRESIDENT,3336C0003X,tier_1_primary_pharmacy,Y,Y,
1306668124,NUSUN PHARMACY INC,13620 MAPLE AVE # C505,,FLUSHING,NY,113555166,7183106152,OWNER,3336C0003X,tier_1_primary_pharmacy,Y,Y,
1619790268,KRUPA RX INC,972 AMSTERDAM AVE,,NEW YORK,NY,100253497,2126664800,PRESIDENT,3336C0003X,tier_1_primary_pharmacy,Y,Y,
1639992035,QUICK MEDS RX INC.,728 E 187TH ST,,BRONX,NY,104586844,3472697848,PRESIDENT,3336C0003X,tier_1_primary_pharmacy,Y,Y,
1740003052,REVIVE PHARMACY INC,917 OGDEN AVE,,BRONX,NY,104525547,7186185190,OWNER,333600000X,tier_1_primary_pharmacy,Y,Y,
1215750385,WILLIAMSBURG COMMUNITY PHARMACY INC,554 HOWARD AVE,GROUND FL,BROOKLYN,NY,112335016,7186761645,PRESIDENT,3336C0003X,tier_1_primary_pharmacy,Y,Y,
1851114086,BIG APPLE RX INC,220 SAINT NICHOLAS AVE,,NEW YORK,NY,100276237,6466096300,OWNER,3336C0003X,tier_1_primary_pharmacy,Y,Y,
1902629942,CITY PLUS PHARMACY INC.,10609 GUY R BREWER BLVD,,JAMAICA,NY,114332118,9172910586,OWNER,3336C0003X,tier_1_primary_pharmacy,Y,Y,
1891518767,BAY RX PHARMACY INC,1160 BAY ST,,STATEN ISLAND,NY,103054933,7185353800,SP,3336C0003X,tier_1_primary_pharmacy,Y,Y,
1609690544,WARBURTON PHARMACY,46 WARBURTON AVE,,YONKERS,NY,107012723,9177941863,PRESIDENT,3336C0003X,tier_1_primary_pharmacy,Y,Y,
1043034754,PORT WASHINGTON PHARMACY INC,99 MANORHAVEN BLVD,,PORT WASHINGTON,NY,110501521,5166993027,OWNER,3336C0003X,tier_1_primary_pharmacy,Y,Y,
1710701198,INSTA RX INC.,2188 JERICHO TPKE,,GARDEN CITY PARK,NY,110404732,9174741848,PRESIDENT,3336C0003X,tier_1_primary_pharmacy,Y,Y,
1316761679,VALUE MART PHARMACY INC.,19111 JAMAICA AVE,,HOLLIS,NY,114232527,7189716643,PRESIDENT,3336C0003X,tier_1_primary_pharmacy,Y,Y,
1790509925,BRIDGEVIEW RX INC.,2807 34TH AVE,,ASTORIA,NY,111063411,3473965400,PRESIDENT,3336C0003X,tier_1_primary_pharmacy,Y,Y,
1982428009,VANAM PHARMACY INC,2804 FREDERICK DOUGLASS BLVD,,NEW YORK,NY,100392102,2128713004,OWNER,3336C0003X,tier_1_primary_pharmacy,Y,Y,
1073338752,HEALED PHARMACY INC,828 LEXINGTON AVE # 11,,NEW YORK,NY,100657374,2128580100,OWNER,3336C0003X,tier_1_primary_pharmacy,Y,Y,
1720803604,PURECARE PHARMACY CORP,8409 5TH AVE,,BROOKLYN,NY,112094709,3474920211,PHARMACIST,333600000X,tier_1_primary_pharmacy,Y,Y,
1215752688,FAMILY WELLNESS RX INC.,1086 N BROADWAY STE 155,,YONKERS,NY,107011114,9144768000,PRESIDENT,3336C0003X,tier_1_primary_pharmacy,Y,Y,
1538984968,HEARTWELL SPECIALTY PHARMACY CORP,17520 HILLSIDE AVE,,JAMAICA,NY,114325773,7182628789,PRESIDENT,3336C0003X,tier_1_primary_pharmacy,Y,Y,
1376369314,CRESCENT ORGANIX PHARMACY LLC,2914 CRESCENT ST,,ASTORIA,NY,111023140,3476390010,OWNER,3336C0003X,tier_1_primary_pharmacy,Y,Y,
1851117436,MEDRITE RX INC,10618 ROCKAWAY BLVD,,OZONE PARK,NY,114172308,7186746028,OWNER,3336C0003X,tier_1_primary_pharmacy,Y,Y,
1760298939,PILLBAG PHARMACY INC,276-80 MARCUS GARVEY BLVD,,BROOKLYN,NY,112211510,7184438787,OWNER,3336C0003X,tier_1_primary_pharmacy,Y,Y,
1417763327,ONE WAY PHARMACY INC,10407 METROPOLITAN AVE,,FOREST HILLS,NY,113756735,7183743071,OWNER,333600000X,tier_1_primary_pharmacy,Y,Y,
1316754294,GMS FAMILY PHARMACY INC.,243 E 172ND ST,,BRONX,NY,104578902,7182940294,OWNER,3336C0003X,tier_1_primary_pharmacy,Y,Y,
1326855065,JAMAICA PHARM RX INC,21509 JAMAICA AVE,,JAMAICA,NY,114281715,3474265663,OWNER,3336C0003X,tier_1_primary_pharmacy,Y,Y,
1962219402,LIBERTY PLAZA PHARMACY CORP,441A MERRICK RD,,LYNBROOK,NY,115632433,5168550050,OWNER,3336C0003X,tier_1_primary_pharmacy,Y,Y,
1821806290,TYSM RX LLC,822 CLARKSON AVE,,BROOKLYN,NY,112032368,9293753630,MANAGING MEMBER,3336C0003X,tier_1_primary_pharmacy,Y,Y,
1619785706,MEDIHUB PHARMACY INC,132 FULTON AVE,,HEMPSTEAD,NY,115503708,5163664550,PRESIDENT,3336C0003X,tier_1_primary_pharmacy,Y,Y,
1376351361,AYESHA PHARMACY INC,2665 PITKIN AVE,,BROOKLYN,NY,112082631,7184838108,VICE-PRESIDENT,333600000X|3336C0003X,tier_1_primary_pharmacy,Y,Y,
1922816685,HYOSHIM PHARMACY INC,3A BOND ST,,GREAT NECK,NY,110212408,5163045893,OWNER,3336C0003X,tier_1_primary_pharmacy,Y,Y,
1033928411,CAMBRIA PHARMACY LLC,22404 LINDEN BLVD,,CAMBRIA HEIGHTS,NY,114111739,7184702599,PRESIDENT,3336C0003X,tier_1_primary_pharmacy,Y,Y,
1558170969,PURE WELL PHARMACY INC,478 CONEY ISLAND AVE,,BROOKLYN,NY,112183409,7184505597,OWNER,3336C0003X,tier_1_primary_pharmacy,Y,Y,
1861201584,D & A APOTHECARY INC,364 LONG BEACH RD,,OCEANSIDE,NY,115722230,5167662288,SUPERVISING PHARMACIST,3336C0003X,tier_1_primary_pharmacy,Y,Y,
1104635846,PHARMACY ON THE PARK CORPORATION,1674 PARK AVE STE B,,NEW YORK,NY,100354785,2128600939,OWNER,3336C0003X,tier_1_primary_pharmacy,Y,Y,
1225848781,MODERN PHARMACY INCORPORATED,9502 VAN WYCK EXPY,,SOUTH RICHMOND HILL,NY,114191638,8885856874,OWNER,333600000X|3336L0003X,tier_1_primary_pharmacy,Y,Y,
1184434649,Z BEST PHARMACY INC,5344 MERRICK RD,,MASSAPEQUA,NY,117586210,5169981906,OWNER,3336C0003X,tier_1_primary_pharmacy,Y,Y,
1861202111,CAMBRIA PHARMACY LLC,224-04 LINDEN BLVD,,CAMBRIA HEIGHTS,NY,11411,7184702599,PRESIDENT,3336C0003X,tier_1_primary_pharmacy,Y,Y,
1265242242,MYRTLE WELLNESS PHARMACY CORP,6555 MYRTLE AVE,,GLENDALE,NY,113857028,3477630225,OWNER,3336C0003X,tier_1_primary_pharmacy,Y,Y,
1457161408,LOS PRIMOS PHARMACY INC,1511 SAINT NICHOLAS AVE,,NEW YORK,NY,100333134,2123891212,OWNER,3336C0003X,tier_1_primary_pharmacy,Y,Y,
1255141990,ATLANTIC PHARMACY GROUP INC,613 BRIGHTON BEACH AVE,,BROOKLYN,NY,112356405,7185522000,PHARMACIST,3336C0003X,tier_1_primary_pharmacy,Y,Y,
1225848005,SWIFT RX PHARMACY INC.,4021 8TH AVE,,BROOKLYN,NY,112323705,3473746260,SUPERVISING PHARMACIST,3336S0011X|3336C0003X,tier_1_primary_pharmacy,Y,Y,
1386455830,PATHWAY RX INC,501 ONDERDONK AVE,,RIDGEWOOD,NY,113853274,3475990948,PRESIDENT,3336C0003X,tier_1_primary_pharmacy,Y,Y,
1518778844,MY CHS RX INC.,70 ARKAY DR,,HAUPPAUGE,NY,117883708,6316092600,VP PHARMACY,3336C0003X|3336H0001X,tier_1_primary_pharmacy,Y,Y,
1699586925,ZINC PHARMACY INC.,3190 21ST ST,,ASTORIA,NY,111064520,3477585930,PRESIDENT,3336S0011X|3336C0003X,tier_1_primary_pharmacy,Y,Y,
1982415196,STONY POINT PHARMACY LLC,44 S LIBERTY DR,,STONY POINT,NY,109802322,8452446844,PRESIDENT/OWNER,3336C0003X,tier_1_primary_pharmacy,Y,Y,
1922819903,EMPIRE RX PHARMACY CORP,1611 UNIVERSITY AVE,,BRONX,NY,104536947,7185505049,CEO,3336C0003X,tier_1_primary_pharmacy,Y,Y,
1689486490,QUEENS BLVD RX CORP.,12084 QUEENS BLVD,,KEW GARDENS,NY,114151204,7188729772,PHARMACIST,333600000X|3336C0003X,tier_1_primary_pharmacy,Y,Y,
1205648805,CURE POINT RX INC,2052 HILLSIDE AVE,,NEW HYDE PARK,NY,110402613,5162165895,PRESIDENT,3336C0003X,tier_1_primary_pharmacy,Y,Y,
1851104673,CHILLPILL PHARMACY & SUPPLIES INC.,20708 HOLLIS AVE,,QUEENS VILLAGE,NY,114291430,3474264516,PRESIDENT,333600000X,tier_1_primary_pharmacy,Y,Y,
1629881065,NEXUS RX INC,2002 JERICHO TPKE,,NEW HYDE PARK,NY,110404701,5163520000,PRESIDENT,3336C0003X,tier_1_primary_pharmacy,Y,Y,
1366255580,SWIFT SCRIPTS RX INC.,274 HILLSIDE AVE,,WILLISTON PARK,NY,115962200,5165904244,PRESIDENT,3336C0003X,tier_1_primary_pharmacy,Y,Y,
1215740519,ADVANCE CARE RX INC,13705 NORTHERN BLVD,,FLUSHING,NY,113544116,7186663066,MANAGER,3336C0003X,tier_1_primary_pharmacy,Y,Y,
1962215061,PURGE HEALTH PHARMACY INC,10419 GLENWOOD ROAD,,BROOKLYN,NY,11236,3474629497,PRESIDENT,3336C0003X,tier_1_primary_pharmacy,Y,Y,
1639982606,WILLIS AVE RX LTD,611 WILLIS AVE,,WILLISTON PARK,NY,115961147,5167479100,PRESIDENT,333600000X,tier_1_primary_pharmacy,Y,Y,
1861205866,SHINE PHARMACY INC.,397 SARATOGA AVE,,BROOKLYN,NY,112337076,9294711583,OWNER,3336C0003X,tier_1_primary_pharmacy,Y,Y,
1447064282,REMEDY MART PHARMACY INC.,296 E 149TH ST,,BRONX,NY,104515612,7184838210,OWNER,3336C0004X|3336H0001X|3336S0011X|3336C0003X,tier_1_primary_pharmacy,Y,Y,
1922812486,LIT CHEMISTS RX INC,448 ROCKAWAY AVE,,VALLEY STREAM,NY,115811910,5163009500,PRESIDENT,333600000X,tier_1_primary_pharmacy,Y,Y,
1124833942,3801 BROADWAY RX LLC,3801 BROADWAY,,NEW YORK,NY,100321566,2125403801,PHARMACY TECHNICIAN,333600000X|3336C0003X,tier_1_primary_pharmacy,Y,Y,
1326843301,SUTPHIN CARE PHARMACY INC,9531 SUTPHIN BLVD,,JAMAICA,NY,114354505,7185225560,PRESIDENT,3336C0003X,tier_1_primary_pharmacy,Y,Y,
1740085356,SYOSSET PHARMACY INC.,38 COLD SPRING RD,,SYOSSET,NY,117913132,5169210880,SUPERVISING PHARMACIST,3336C0003X,tier_1_primary_pharmacy,Y,Y,
1235935719,119TH ST PHARMACY LLC,181 E 119TH ST,,NEW YORK,NY,100354069,9293480044,PRESIDENT,3336C0003X,tier_1_primary_pharmacy,Y,Y,
1831996164,BUCKLEY PHARMACY INC,4615 CHURCH AVE,,BROOKLYN,NY,112033207,6463798747,PRESIDENT,3336C0003X,tier_1_primary_pharmacy,Y,Y,
1568268985,RAFIEH RX INC,70 LEE AVE,,BROOKLYN,NY,112111874,7183870021,OWNER,3336L0003X|3336C0003X,tier_1_primary_pharmacy,Y,Y,
1679370720,HAVANA RX INC,9020 80TH ST,,WOODHAVEN,NY,114212465,3472334040,PRESIDENT,333600000X,tier_1_primary_pharmacy,Y,Y,
1689471757,KOMIL PHARMACY INC.,3876 10TH ST,,LONG ISLAND CITY,NY,111016112,3473965042,PRESIDENT,333600000X,tier_1_primary_pharmacy,Y,Y,
1013714955,MAJESTIC RX INC,2538 ADAM CLAYTON POWELL JR BLVD,,NEW YORK,NY,100393536,6465590081,OWNER,3336C0003X,tier_1_primary_pharmacy,Y,Y,
1518764216,INFINITE CARE PHARMACY INC.,61 E BROADWAY,,NEW YORK,NY,100026810,6463703911,PRESIDENT,3336C0003X,tier_1_primary_pharmacy,Y,Y,
1902604127,DOUGLASTON RX INC,4056 DOUGLASTON PKWY,,DOUGLASTON,NY,113631507,3475037078,OWNER,333600000X|3336C0003X,tier_1_primary_pharmacy,Y,Y,
1821896929,DOUGLASTON COMMUNITY PHARMACY RX INC,4216 235TH ST,,LITTLE NECK,NY,113631595,3472354138,PRESIDENT,3336C0003X,tier_1_primary_pharmacy,Y,Y,
1790583755,STRICKLAND PHARMACY RX INC,6001 STICKLAND AVE,STORE #3,BROOKLYN,NY,11234,7184444202,OWNER,3336C0003X,tier_1_primary_pharmacy,Y,Y,
1235937855,PUREMED PHARMACY INC,35 ATLANTIC AVE,,LYNBROOK,NY,115633007,5163410025,PRESIDENT,333600000X,tier_1_primary_pharmacy,Y,Y,
1790584217,MEGA PHARMACY RX LLC,1560 GRAND CONCOURSE,UNIT#100,BRONX,NY,10457,7182947899,PRESIDENT,3336C0003X,tier_1_primary_pharmacy,Y,Y,
1689473928,LAURELTON RX INC,22401 141ST AVE,,LAURELTON,NY,114132704,7184132040,PRESIDENT,3336C0003X,tier_1_primary_pharmacy,Y,Y,
1306646427,QUICK PREP PHARMACY INC.,2475 FLATBUSH AVE,,BROOKLYN,NY,112345014,7186766074,PRESIDENT,3336C0003X,tier_1_primary_pharmacy,Y,Y,
1316747215,HATZLACHA RX INC,3806 NOSTRAND AVE,,BROOKLYN,NY,112352013,3479068907,OWNER,3336C0003X,tier_1_primary_pharmacy,Y,Y,
1457151201,MEDDROP PHARMACY INC.,1960 CONEY ISLAND AVE,,BROOKLYN,NY,112232329,3474106860,PHARMACIST,3336C0003X,tier_1_primary_pharmacy,Y,Y,
1386445195,CARING PHARMACY INCORPORATED,342A NEW DORP LN,,STATEN ISLAND,NY,103063035,5858883098,OWNER,3336C0003X,tier_1_primary_pharmacy,Y,Y,
1376343152,UNIQUE RX CORP,2155 ADAM CLAYTON POWELL JR BLVD,,NEW YORK,NY,100273002,6464484139,OWNER,3336C0003X,tier_1_primary_pharmacy,Y,Y,
1245031814,KHRUSTAL RX INC,181 AMSTERDAM AVE,,NEW YORK,NY,100235024,2128776390,OWNER/PRESIDENT,3336C0003X,tier_1_primary_pharmacy,Y,Y,
1588465033,JERICHO EXPRESS RX INC,360 JERICHO TPKE,,FLORAL PARK,NY,110012207,5162165916,OWNER,3336C0003X,tier_1_primary_pharmacy,Y,Y,
1881495851,GC PHARMACY INC.,171 7TH ST,,GARDEN CITY,NY,115305770,5162071717,PRESIDENT,333600000X|3336C0003X,tier_1_primary_pharmacy,Y,Y,
1194527010,LUMIX PHARMACY INC.,7908 JAMAICA AVE,,WOODHAVEN,NY,114211801,3472332352,OWNER/PRESIDENT,333600000X,tier_1_primary_pharmacy,Y,Y,
1568264190,RX COMMUNITY LLC,1056 CONEY ISLAND AVE,,BROOKLYN,NY,112302303,7184212796,PRESIDENT,3336C0003X,tier_1_primary_pharmacy,Y,Y,
1508669532,FULTON RX INC.,118 RALPH AVE,,BROOKLYN,NY,112214005,7183010024,PRESIDENT,3336C0003X,tier_1_primary_pharmacy,Y,Y,
1851195523,BELLMORE RX INC,2696A MERRICK RD,,BELLMORE,NY,117105718,5163084943,PRESIDENT,333600000X,tier_1_primary_pharmacy,Y,Y,
1194529644,GRAND RX PHARMACY INC,8404 QUEENS BLVD,,ELMHURST,NY,113735213,3473950245,PRESIDENT,333600000X|3336C0004X|3336L0003X|3336M0002X|3336C0003X,tier_1_primary_pharmacy,Y,Y,
1437953932,DOWNTOWN MEDS PHARMACY INC,165 WILLIAM ST,,NEW YORK,NY,100382605,2122330333,PRESIDENT,3336C0003X,tier_1_primary_pharmacy,Y,Y,
1720872922,RX UNITED CORP,4424 4TH AVE,,BROOKLYN,NY,112201104,7183692803,PRESIDENT,3336C0003X,tier_1_primary_pharmacy,Y,Y,
1669266342,BETTER HEALTH PHARMACY CORP,159 HILLSIDE AVE,,WILLISTON PARK,NY,115961700,5162802886,OWNER,333600000X,tier_1_primary_pharmacy,Y,Y,
1730973413,HEALTH STATION PHARMACY CORP,755 FRANKLIN AVE,,FRANKLIN SQUARE,NY,110101030,5163410698,OWNER,333600000X,tier_1_primary_pharmacy,Y,Y,
1336933290,LINDEN BLVD RX INC,24109 LINDEN BLVD,,ELMONT,NY,110034040,9174806738,OWNER,3336C0003X,tier_1_primary_pharmacy,Y,Y,
1033903893,YOUR WELLNESS RX PHARMACY INC,2107 21ST AVE,,ASTORIA,NY,111053247,7185452121,PRESIDENT,333600000X,tier_1_primary_pharmacy,Y,Y,
1205620234,SUTPHIN BLVD PHARM RX INC,8916 163RD ST,,JAMAICA,NY,114325049,3472332354,OWNER,3336C0003X,tier_1_primary_pharmacy,Y,Y,
1356135354,KLUCHIK RX CORP.,191 NEPTUNE AVE,,BROOKLYN,NY,112356992,7185351257,OWNER/ SP,3336C0003X,tier_1_primary_pharmacy,Y,Y,
1386438604,PHARMACY 63RD RX CORP.,9855 63RD RD,,REGO PARK,NY,113741739,7188974747,PRESIDENT,3336C0003X,tier_1_primary_pharmacy,Y,Y,
1477348860,RX EXPRESS PHARMACY INC.,13693 ROOSEVELT AVE,,FLUSHING,NY,113545521,7183534055,OWNER / PHARMACIST IN CHARGE,3336C0003X,tier_1_primary_pharmacy,Y,Y,
1740075373,RAVENVIEW PHARMACY INC,3449 21ST ST,,LONG ISLAND CITY,NY,111064721,7187295199,OWNER,3336C0003X,tier_1_primary_pharmacy,Y,Y,
1295521524,CENTRAL CARE PHARMACY INC,345 N CENTRAL AVE,,VALLEY STREAM,NY,115801133,5162996666,SUPERVISOR,3336C0003X,tier_1_primary_pharmacy,Y,Y,
1528854239,MED360 PHARMACY INC,416 HILLSIDE AVE,,NEW HYDE PARK,NY,110402523,5162830075,PHARMACIST,3336C0003X,tier_1_primary_pharmacy,Y,Y,
1568258382,EXPRESSMED PHARMACY INC.,557 E 137TH ST,,BRONX,NY,104544202,9292956126,PRESIDENT,3336C0003X,tier_1_primary_pharmacy,Y,Y,
1730975681,FREEPORT RX INC,132 W SUNRISE HWY,,FREEPORT,NY,115203521,6463520151,PRESIDENT,333600000X,tier_1_primary_pharmacy,Y,Y,
1538955273,UNICORN RX PHARMACY INC,4123 UNION ST UNIT C,,FLUSHING,NY,113552452,9176771690,OWNER,3336C0003X,tier_1_primary_pharmacy,Y,Y,
1871389312,BUTLER'S MED PHARMACY CORPORATION,1393 WEBSTER AVE,,BRONX,NY,104561805,7187660222,PRESIDENT,3336C0003X,tier_1_primary_pharmacy,Y,Y,
1649066267,MONTAUK DRUG INC,725A MONTAUK HWY,,MONTAUK,NY,119545339,6316688800,PROPRIETOR/PHARMACIST,3336C0003X,tier_1_primary_pharmacy,Y,Y,
1386431294,XPRESS RX PHARMACY INC,1666 SHEEPSHEAD BAY RD,,BROOKLYN,NY,112353803,7184840404,OWNER,3336C0003X,tier_1_primary_pharmacy,Y,Y,
1790572659,HEAL HUB PHARMACY INC,3427 28TH AVE,,ASTORIA,NY,111034914,9297813310,PRINCIPLE / OWNER,3336C0003X,tier_1_primary_pharmacy,Y,Y,
1295522076,VITAL CARE PHARMACY CORP,562 W 207TH ST,,NEW YORK,NY,100342611,6465245013,OWNER/PRESIDENT,3336C0003X,tier_1_primary_pharmacy,Y,Y,
1164219747,UNION CARE RX INC,17705 UNION TPKE,,FRESH MEADOWS,NY,113661517,7186746032,PRESIDENT,3336S0011X|3336L0003X|3336C0003X,tier_1_primary_pharmacy,Y,Y,
1972391563,MVM RX PHARMACY INC,800 E 138TH ST,,BRONX,NY,104541902,7186656337,OWNER/PRESIDENT,3336C0003X,tier_1_primary_pharmacy,Y,Y,
1821886169,NY RX ONLINE LLC,455 MCKINLEY AVE,,WILLIAMSVILLE,NY,142217143,5856338672,MANAGING MEMBER,3336C0003X,tier_1_primary_pharmacy,Y,Y,
1881482859,WILLIAMSBRIDGE CARE PHARMACY INC,2418 WILLIAMSBRIDGE RD,,BRONX,NY,104694806,7187086533,OWNER,3336C0003X,tier_1_primary_pharmacy,Y,Y,
1922896679,JUNHE PHARMACY LLC,4119 KISSENA BLVD # 5,,FLUSHING,NY,113553138,7183958622,DIRECTOR/PIC,3336C0003X,tier_1_primary_pharmacy,Y,Y,
1033907746,HEIGHTS HEALTH RX INC,561 W 179TH ST,,NEW YORK,NY,100335721,2129189812,OWNER,3336C0003X,tier_1_primary_pharmacy,Y,Y,
1932997657,AEGIS RX PHARMACY INC,2418 GRAND AVE,,BALDWIN,NY,115103220,5165002293,CEO / PRESIDENT / OWNER,3336C0003X,tier_1_primary_pharmacy,Y,Y,
1144019464,PRZ RX CORP,1223A 150TH ST,,WHITESTONE,NY,113571747,7187990453,PRESIDENT,3336C0003X,tier_1_primary_pharmacy,Y,Y,
1932998226,CURELINK RX LTD,24410 JERICHO TPKE,,FLORAL PARK,NY,110013901,5162165940,OWNER,3336C0003X,tier_1_primary_pharmacy,Y,Y,
1780473991,RUDRA RX INC.,2395 GRAND CONCOURSE,,BRONX,NY,104686823,3475902863,OWNER & SUPERVISING PHARMACIST,3336C0003X,tier_1_primary_pharmacy,Y,Y,
1255120051,EMET PHARMACY LLC,2302 BELLMORE AVE,,BELLMORE,NY,117105627,5166549563,PHARMACY MANAGER,3336C0003X,tier_1_primary_pharmacy,Y,Y,
1962292797,770 RX INC,10210 METROPOLITAN AVE,,FOREST HILLS,NY,113756732,9296619650,OWNER,3336C0003X,tier_1_primary_pharmacy,Y,Y,
1659161495,MINEOLA CARE PHARMACY INC,280 JERICHO TPKE,,MINEOLA,NY,115011609,5162802868,PRESIDENT,3336C0003X,tier_1_primary_pharmacy,Y,Y,
1083404081,SHIFA RX LLC,2001 WESTCHESTER AVE,,BRONX,NY,104624555,6462895088,PRESIDENT,3336C0003X,tier_1_primary_pharmacy,Y,Y,
1861283509,MEDHELP PHARMACY INC,7724 NEW UTRECHT AVE,,BROOKLYN,NY,112141014,7182361212,PRESIDENT,3336C0003X,tier_1_primary_pharmacy,Y,Y,
1215728951,CARE FAST PHARMACY INC,3771 NOSTRAND AVE,,BROOKLYN,NY,112352041,7189754464,VICE PRESIDENT,3336L0003X|3336C0003X,tier_1_primary_pharmacy,Y,Y,
1962293423,ARCTIC RX INC,18017 JAMAICA AVE,,JAMAICA,NY,114325620,3475622375,PRESIDENT,333600000X,tier_1_primary_pharmacy,Y,Y,
1093506289,APOLLO PHARMACY 2.0 CORP.,2255 ADAM CLAYTON POWELL JR BLVD,,NEW YORK,NY,100277807,9174773472,PRESIDENT,3336C0003X,tier_1_primary_pharmacy,Y,Y,
1912799826,ELEMENT RX INC,1058 1ST AVE,,NEW YORK,NY,100222904,2128327200,PRESIDENT,333600000X,tier_1_primary_pharmacy,Y,Y,
1851183768,CAMS RX INC,11418 LIBERTY AVE,,SOUTH RICHMOND HILL,NY,114191810,3472381046,PRESIDENT,3336C0003X,tier_1_primary_pharmacy,Y,Y,
1619769494,MERRICK DRUGS RX LLC,22711 MERRICK BLVD,,LAURELTON,NY,114132104,7189283323,OWNER,3336C0003X,tier_1_primary_pharmacy,Y,Y,
1740072115,NORTH BELLMORE PHARMACY INC,1476 BELLMORE AVE,,NORTH BELLMORE,NY,117105502,5163084877,SUPERVISING PHARMACIST AND OWNER,333600000X,tier_1_primary_pharmacy,Y,Y,
1174315501,BROADWAY CARE PHARMACY INC.,4106 BROADWAY,,ASTORIA,NY,111033288,3474486212,PRESIDENT,333600000X,tier_1_primary_pharmacy,Y,Y,
1053103382,THRIVE CARE RX INC,6404 FRESH POND RD,,RIDGEWOOD,NY,113853331,3479873031,PRESIDENT,3336C0003X,tier_1_primary_pharmacy,Y,Y,
1336931781,CONGERS RX LLC,44 LAKE RD STE 101,,CONGERS,NY,109202351,8458481900,MANAGER,3336C0003X,tier_1_primary_pharmacy,Y,Y,
1366235459,PITKIN PHARMACY LLC,1801 PITKIN AVE,,BROOKLYN,NY,112127859,9296274191,PRESIDENT,3336C0003X,tier_1_primary_pharmacy,Y,Y,
1700678919,MEDIHUB RX INC,2784 LINDEN BLVD,,BROOKLYN,NY,112085109,7187662772,PRESIDENT,3336C0003X,tier_1_primary_pharmacy,Y,Y,
1215720339,BELMONT HEALTH RX INC,2394 ARTHUR AVE,,BRONX,NY,104588107,7183106200,OWNER,3336C0003X,tier_1_primary_pharmacy,Y,Y,
1851184758,NORTHSTAR DRUG INC,4265 MAIN ST APT 1,,FLUSHING,NY,113554759,7187990595,OWNER,333600000X,tier_1_primary_pharmacy,Y,Y,
1932992773,FIRST QUALITY PHARMACY INC,6201 FORT HAMILTON PKWY STE A,,BROOKLYN,NY,112195107,9297278024,PRESIDENT,3336C0003X,tier_1_primary_pharmacy,Y,Y,
1609669209,FASTCARE RX INC,722 WELLWOOD AVE,,LINDENHURST,NY,117571601,6318304500,OWNER,3336C0003X,tier_1_primary_pharmacy,Y,Y,
1114810322,JUNIUS RX PHARMACY INC.,285 JUNIUS ST,,BROOKLYN,NY,112128132,7186761574,PRESIDENT,333600000X,tier_1_primary_pharmacy,Y,Y,
1568355626,MANOR MEDS PHARMACY CORP.,4031 235TH ST,,DOUGLASTON,NY,113631509,7188198130,OWNER,3336C0003X,tier_1_primary_pharmacy,Y,Y,
1891688305,161 ST PHARMA RX INC,275 E 161ST ST,,BRONX,NY,104513504,7187423400,PRESIDENT,3336C0003X,tier_1_primary_pharmacy,Y,Y,
1134013261,WORLD RX PHARMACY II INC,11212 JAMAICA AVE,,RICHMOND HILL,NY,114182451,7184801924,PRESIDENT,3336C0003X,tier_1_primary_pharmacy,Y,Y,
1366337396,HAVERSTRAW RX LLC,2 MAIN ST,,HAVERSTRAW,NY,109271966,8455539900,MANAGER,3336C0003X,tier_1_primary_pharmacy,Y,Y,
1477448157,NOOR PHARMACY WITH DEPT INC,3703 73RD ST,,JACKSON HEIGHTS,NY,113726245,3473965303,MANAGER,3336C0003X,tier_1_primary_pharmacy,Y,Y,
1770478356,PIF RX INC,19912 32ND AVE,,FLUSHING,NY,113581251,5165904244,OWNER,3336C0003X,tier_1_primary_pharmacy,Y,Y,
1366338469,LONG ISLAND JEWISH MEDICAL CENTER AT HOME PHARMACY INC,40 MELVILLE PARK RD,UNIT ONE,MELVILLE,NY,117473173,8338988486,"SVP, CHIEF EXPENSE OFFICER",333600000X|3336C0003X,tier_1_primary_pharmacy,Y,Y,
1518854165,"GRAND RX, LLC",2378 GRAND AVE,,BALDWIN,NY,115103111,5162088120,OWNER,333600000X,tier_1_primary_pharmacy,Y,Y,
1417844747,TOTAL MED RX 214 INC,21485 JAMAICA AVE,,QUEENS VILLAGE,NY,114281737,3478948011,OWNER,3336C0003X,tier_1_primary_pharmacy,Y,Y,
1992692362,ONE CARE PHARMACY INC.,3528 UNION ST,,FLUSHING,NY,113543438,7182606688,PRESIDENT,3336C0003X,tier_1_primary_pharmacy,Y,Y,
1114814233,EPICARE PHARMACY INC.,5126 ROOSEVELT AVE,,WOODSIDE,NY,11377,7188651600,PRESIDENT,3336C0003X,tier_1_primary_pharmacy,Y,Y,
1902793649,ATRIUM RX INC,775 PARK AVE,,HUNTINGTON,NY,117433976,6317847777,OWNER,333600000X|3336C0003X,tier_1_primary_pharmacy,Y,Y,
1356238091,SBD PHARMACY INC,23 ROCKAWAY AVE,,VALLEY STREAM,NY,115805806,6468431019,OWNER,3336C0003X,tier_1_primary_pharmacy,Y,Y,
1568350296,MY MEDS PHARMACY INC,2242 65TH ST,,BROOKLYN,NY,112044058,3473126458,PRESIDENT/MANAGER,3336C0003X,tier_1_primary_pharmacy,Y,Y,
1548158355,EV RX INC.,699 E 6TH ST,,NEW YORK,NY,100096801,6463516655,PRESIDENT,3336C0003X,tier_1_primary_pharmacy,Y,Y,
1639068646,FLATBUSH DM PHARMACY CORP,1218 FLATBUSH AVE,,BROOKLYN,NY,112267619,7184006000,OWNER,3336C0003X,tier_1_primary_pharmacy,Y,Y,
1083504864,HEALTH STREAM RX INC,49 N CENTRAL AVE,,VALLEY STREAM,NY,115803860,5162243044,PRESIDENT,333600000X,tier_1_primary_pharmacy,Y,Y,
1073404984,BUTLER PHARMACY INC,46 GRAHAM AVE,,BROOKLYN,NY,112064008,3474450702,PRESIDENT,3336C0003X,tier_1_primary_pharmacy,Y,Y,
1083505903,VIVA RX INC,8014 NORTHERN BLVD,,JACKSON HEIGHTS,NY,113721345,7184509595,MANAGER,333600000X|3336S0011X,tier_1_primary_pharmacy,Y,Y,
1588555692,"VERA 2 RX, INC",9777 QUEENS BLVD,,REGO PARK,NY,113743335,7183508787,OWNER/PHARMACIST,3336C0003X,tier_1_primary_pharmacy,Y,Y,
1306738463,PATIENTS PHARMACY INC,117 MAIN ST STE 3,,RANDOLPH,NY,147721116,7164836913,PRESIDENT/OWNER,3336C0003X,tier_1_primary_pharmacy,Y,Y,
1477445369,99 CARE PHARMACY INC.,14238 FRANKLIN AVE FL 1,,FLUSHING,NY,113552698,7186663101,OWNER,3336C0003X,tier_1_primary_pharmacy,Y,Y,
1235021064,LEVITTOWN RX PHARMACY INC,46-60 DIVISION AVE,,LEVITTOWN,NY,11756,5153961515,OWNER,3336C0003X,tier_1_primary_pharmacy,Y,Y,
1245122886,BEST CARE PHARMACY INC,26709 HILLSIDE AVE,,FLORAL PARK,NY,110041743,5167884977,PRESIDENT,3336C0003X,tier_1_primary_pharmacy,Y,Y,
1205728664,EVERGREEN PHARMACY INC,490 MCDONALD AVE,,BROOKLYN,NY,112183812,7184838900,OWNER,333600000X,tier_1_primary_pharmacy,Y,Y,
1629960067,"FIRST AVE PHARM RX, LLC",1765 1ST AVE,,NEW YORK,NY,101285276,2129701765,PRESIDENT,3336C0003X,tier_1_primary_pharmacy,Y,Y,
1407738669,PH PHARMACY INC.,200 MERRICK RD # STORE1,,ROCKVILLE CENTRE,NY,115705781,5166009339,PRESIDENT,3336C0003X,tier_1_primary_pharmacy,Y,Y,
1588546667,ARDENT PHARMACY INC,989 ALLERTON AVE,,BRONX,NY,104694336,7184059111,PRESIDENT/OWNER/SP,3336S0011X|3336C0003X,tier_1_primary_pharmacy,Y,Y,
1710869706,MORNING PHARMACY INC.,16912 35TH AVE,,FLUSHING,NY,113581816,7187990492,PRESIDENT,3336C0003X,tier_1_primary_pharmacy,Y,Y,
1386526382,AMANA PHARMACY INC,964 BROADWAY ST,,BUFFALO,NY,142121318,7168925555,PRESIDENT,3336C0003X,tier_1_primary_pharmacy,Y,Y,
1073495966,MJM PHARMACY INC,2102 EASTCHESTER RD,,BRONX,NY,104612248,7186845456,PRESIDENT,3336C0003X,tier_1_primary_pharmacy,Y,Y,
1053293837,ES CHOICE PHARMACY INC.,6900 BAY PKWY,,BROOKLYN,NY,112045508,7189758075,PRESIDENT,3336C0003X,tier_1_primary_pharmacy,Y,Y,
1932081403,BIA PHARMACY LLC,1181 BEDFORD AVE,,BROOKLYN,NY,112161615,7185522011,OWNER,3336C0003X,tier_1_primary_pharmacy,Y,Y,
1013899384,VILLA PHARMACY INC,164 NORTHERN BLVD,,GREAT NECK,NY,110214322,7188084060,PRESIDENT,3336C0003X,tier_1_primary_pharmacy,Y,Y,
1902789928,HALO HEALTH PHARMACY INCORPORATED,459 E 149TH ST STE A104,,BRONX,NY,104551789,2123818350,PRESIDENT,3336C0003X,tier_1_primary_pharmacy,Y,Y,
1952284754,CENTRAL PHARMACY 530 INC.,530 E 138TH ST,,BRONX,NY,104544906,7186655474,PRESIDENT,3336C0003X,tier_1_primary_pharmacy,Y,Y,
1588547335,OLD FASHIONED RX LLC,1019 FORT SALONGA RD STE 102,,NORTHPORT,NY,117682270,5168025992,OWNER,3336C0003X,tier_1_primary_pharmacy,Y,Y,
1912880519,JAMAICA 101 RX PHARMACY CORP.,10113 JAMAICA AVE,,RICHMOND HILL,NY,114182008,7184801069,OWNER/PRESIDENT,3336C0003X,tier_1_primary_pharmacy,Y,Y,
1649153115,CATONRX PHARMACY INC,815 FLATBUSH AVE,,BROOKLYN,NY,112263101,7184508866,PRESIDENT,3336C0003X,tier_1_primary_pharmacy,Y,Y,
1811870371,MAHANTAM RX INC,376 VAN BRUNT ST,,BROOKLYN,NY,112311235,7187970200,PRESIDENT,3336C0003X,tier_1_primary_pharmacy,Y,Y,
1174407589,PURE CARE RX INC.,8317 101ST AVE,,OZONE PARK,NY,114162012,3475449936,PRESIDENT,3336C0003X,tier_1_primary_pharmacy,Y,Y,
1891670212,2244 JERICHO RX INC,2244 JERICHO TPKE,,NEW HYDE PARK,NY,110404745,5169605905,PRESIDENT,3336C0003X,tier_1_primary_pharmacy,Y,Y,
1144105594,IN N OUT PHARMACY CORP,3511A QUENTIN RD,,BROOKLYN,NY,112344230,5165597000,OWNER,333600000X,tier_1_primary_pharmacy,Y,Y,
1083599609,112 PHARM RX INC,11207 JAMAICA AVE,,RICHMOND HILL,NY,114182452,3472332791,OWNER,3336C0003X,tier_1_primary_pharmacy,Y,Y,
1013893452,NEXTGEN PHARMACY RX LLC,2272 3RD AVE,,NEW YORK,NY,100352209,2123696500,PIC,3336S0011X|3336C0003X,tier_1_primary_pharmacy,Y,Y,
1194601294,BOOTS PHARMACY INC.,19021 JAMAICA AVE,,JAMAICA,NY,114232548,7184132053,PRESIDENT,3336C0003X,tier_1_primary_pharmacy,Y,Y,
1578449419,"HEIGHTS PHARMACY GROUP, INC.",4520 BROADWAY,,NEW YORK,NY,100404900,6463295533,PRESIDENT,3336C0003X,tier_1_primary_pharmacy,Y,Y,
1295611176,SAMSUNG PHARMACY INC.,4231 162ND ST FL 1,,FLUSHING,NY,113584133,9172549017,PRESIDENT,3336C0003X,tier_1_primary_pharmacy,Y,Y,
1871471540,UMMAH PHARMACY INC.,2887 HARLEM RD,,CHEEKTOWAGA,NY,142253038,7167954354,PRESIDENT,3336C0003X,tier_1_primary_pharmacy,Y,Y,
1235017047,LUX PHARMACY INC.,7116 KISSENA BLVD,,FLUSHING,NY,113672720,7184803666,PRESIDENT,3336C0003X,tier_1_primary_pharmacy,Y,Y,
1518845635,"RED FOX PHARMACY, LLC.",2186 EMPIRE BLVD STE A,,WEBSTER,NY,145802000,5852364020,OWNER,3336C0003X,tier_1_primary_pharmacy,Y,Y,
1952280679,MONROEMEDS PHARMACY INC.,1289 CHILI AVE,,ROCHESTER,NY,146243029,5856173070,SUPERVISING PHARMACIST,3336C0003X,tier_1_primary_pharmacy,Y,Y,
1508745498,WELL AID PHARMACY CORPORATION,4910 5TH AVE FL 1,,BROOKLYN,NY,112201907,7187016277,VICE-PRESIDENT,3336C0003X,tier_1_primary_pharmacy,Y,Y,
1205715059,NORTH BRONX PHARMACY RX LLC,4166 WHITE PLAINS RD,,BRONX,NY,104663020,7189254114,PIC,3336S0011X|3336C0003X,tier_1_primary_pharmacy,Y,Y,
1497634166,APB PHARMACY LLC,2402 86TH ST,,BROOKLYN,NY,112144466,5169605508,OWNER,3336C0003X,tier_1_primary_pharmacy,Y,Y,
1225917602,DX PHARMACY LLC,5810 6TH AVE,,BROOKLYN,NY,112203806,7188081870,OWNER,3336C0003X,tier_1_primary_pharmacy,Y,Y,
1760362552,BEST NEW YORK PHARMACY INC,19029B JAMAICA AVE,,JAMAICA,NY,114232515,7184132002,OWNER / PRESIDENT,3336C0003X,tier_1_primary_pharmacy,Y,Y,
1013897446,BREWER PHARMACY INC,10619 GUY R BREWER BLVD,,JAMAICA,NY,114332118,7188801095,OWNER,3336C0003X,tier_1_primary_pharmacy,Y,Y,
1588544738,BENNETTS PHARMACY RX LLC,990 SUTTER AVE,,BROOKLYN,NY,112083534,7182770800,PRESIDENT,3336C0003X,tier_1_primary_pharmacy,Y,Y,
1548141328,ELMONT RX INC.,476B HEMPSTEAD TURNPIKE,,ELMONT,NY,110031768,5162165770,PRESIDENT,3336C0003X,tier_1_primary_pharmacy,Y,Y,
1952282840,CENTRO PHARMACY INC,421B S BROADWAY,,YONKERS,NY,107052302,9142076177,PRESIDENT,3336C0003X,tier_1_primary_pharmacy,Y,Y,
1790666345,GREENLEAF RX INC.,102A BELMONT AVE,,BROOKLYN,NY,112127729,7186870649,PRESIDENT,3336C0003X,tier_1_primary_pharmacy,Y,Y,
1073494365,VANDERVEER RX INC,1913 NOSTRAND AVE,,BROOKLYN,NY,112267917,7182822956,OWNER,3336C0003X,tier_1_primary_pharmacy,Y,Y,
1477424596,ALL CARE PHARMACY NY INC.,2308 86TH ST,,BROOKLYN,NY,112144310,7182085300,SUPERVISING PHARMACIST,333600000X|3336C0003X,tier_1_primary_pharmacy,Y,Y,
1689545675,MAIN RX INC.,7128A MAIN ST,,FLUSHING,NY,113672023,3472332277,PRESIDENT,3336C0003X,tier_1_primary_pharmacy,Y,Y,
1760353023,"SEHAT PHARMACY, INC.",1854 FLATBUSH AVE,,BROOKLYN,NY,112104831,7186766790,DIRECTOR,3336C0003X,tier_1_primary_pharmacy,Y,Y,
1366314676,AL HAYAT PHARMACY INC,7012 3RD AVE,,BROOKLYN,NY,112091307,3474920318,PRESIDENT,3336C0003X,tier_1_primary_pharmacy,Y,Y,
1508738790,MT VERNON RX LLC,268 W 1ST ST,,MOUNT VERNON,NY,105502736,9142972035,OWNER,3336C0003X,tier_1_primary_pharmacy,Y,Y,
1417829698,FRESH MEDS PHARMACY INC.,7145 160TH ST STE 1,,FRESH MEADOWS,NY,113653079,7186856077,PRESIDENT,3336C0003X,tier_1_primary_pharmacy,Y,Y,
1407728181,RENU RX CROWN HEIGHTS INC.,131 KINGSTON AVE,,BROOKLYN,NY,112134888,3476651079,PRESIDENT,3336C0003X,tier_1_primary_pharmacy,Y,Y,
1285507202,MED-ZONE JR PHARMACY INC.,1115 NOSTRAND AVE,,BROOKLYN,NY,112255409,7186491111,PRESIDENT,3336C0003X,tier_1_primary_pharmacy,Y,Y,
1417820333,CURE CRAFTER RX 2 INC.,17824 JAMAICA AVE,,JAMAICA,NY,114325616,7185230195,PRESIDENT,3336C0003X,tier_1_primary_pharmacy,Y,Y,
1457225872,FAST MEDS PHARMACY INC.,7401 METROPOLITAN AVE STE E,,MIDDLE VILLAGE,NY,113792632,3476124035,PRESIDENT,3336C0003X,tier_1_primary_pharmacy,Y,Y,
1386518058,UAJ RX CORPORATION,3060 BOSTON RD,,BRONX,NY,104694038,3475901030,OWNER,3336C0003X,tier_1_primary_pharmacy,Y,Y,
1699640839,GUARDIAN APOTHECARY INC,2509 ASTORIA BLVD,,ASTORIA,NY,111023492,7185351762,PRESIDENT,3336C0003X,tier_1_primary_pharmacy,Y,Y,
1124993241,HARBOUR HEALTH PHARMACY INC.,1965 BATH AVE,,BROOKLYN,NY,112144705,3475433543,PRESIDENT,3336C0003X,tier_1_primary_pharmacy,Y,Y,
1285509083,GOOD CARE PHARMACY NY LLC,24106 HILLSIDE AVE,,BELLEROSE,NY,114261334,7183431000,OWNER,3336C0003X,tier_1_primary_pharmacy,Y,Y,
1477428100,AKRON COMMUNITY PHARMACY INC.,12983 MAIN RD,,AKRON,NY,140019777,5855184117,SUPERVISING PHARMACIST,333600000X,tier_1_primary_pharmacy,Y,Y,
1629944723,"AMAZON PHARMACY GROUP, INC.",13620 BOOTH MEMORIAL AVE,STE C2,FLUSHING,NY,11355,7182553618,OWNER,3336C0003X,tier_1_primary_pharmacy,Y,Y,
1396612941,268 MERRICK PHARM RX INC,268 MERRICK RD,,ROCKVILLE CENTRE,NY,115705210,5166009007,PRESIDENT,333600000X,tier_1_primary_pharmacy,Y,Y,
1710854989,INSTA MEDS PHARMACY INC.,12428 QUEENS BLVD APT 2E,,KEW GARDENS,NY,114152796,9173006700,PRESIDENT,3336C0003X,tier_1_primary_pharmacy,Y,Y,
1982571071,TRIBECA PHARMACY RX INC.,177 SMITH ST,,BROOKLYN,NY,112018225,2123284111,PRESIDENT,3336C0003X,tier_1_primary_pharmacy,Y,Y,
1992672919,TABLET WORKS PHARMACY & CO. LLC,225 LIBERTY ST,,NEW YORK,NY,102811048,2125406004,SUPERVISING PHARMACIST,3336C0003X,tier_1_primary_pharmacy,Y,Y,
1083581953,TRUE MED RX INC,568 LARKFIELD RD STE A,,EAST NORTHPORT,NY,117314220,6319096010,PRESIDENT,3336C0003X,tier_1_primary_pharmacy,Y,Y,
1740158674,RELIEF LAB RX INC.,8918 ASTORIA BLVD,,EAST ELMHURST,NY,113691525,7188061100,PRESIDENT,3336C0003X,tier_1_primary_pharmacy,Y,Y,
1316815178,MIDDLETOWN RX CORPORATION,36-42 JAMES ST,,MIDDLETOWN,NY,109405765,8453444433,OWNER,3336C0003X,tier_1_primary_pharmacy,Y,Y,
1518835644,"KENMORE VILLAGE PHARMACY, LLC.",747 KENMORE AVE,,BUFFALO,NY,142233106,7162620233,OWNER,3336C0003X,tier_1_primary_pharmacy,Y,Y,
1316816200,AARIA RX INC,96 HORACE HARDING BLVD,,GREAT NECK,NY,110201106,5164395380,PRESIDENT,3336C0003X,tier_1_primary_pharmacy,Y,Y,
1043189426,EAST MEADOW RX INC,208 E MEADOW AVE,,EAST MEADOW,NY,115542435,3476329182,OWNER,333600000X,tier_1_primary_pharmacy,Y,Y,
1972472546,PRIMEMED PHARMACY LLC,486 LINCOLN PL UNIT 1G,,BROOKLYN,NY,112386202,2514087261,MEMBER,3336C0003X,tier_1_primary_pharmacy,Y,Y,
1396615225,PHARMIO RX CORP,23120 MERRICK BLVD,,LAURELTON,NY,114132127,3472332278,OWNER,3336C0003X,tier_1_primary_pharmacy,Y,Y,
1144190844,ALL WELL PHARMACY INC,6002 7TH AVE,,BROOKLYN,NY,112204133,7184396688,MANAGER,3336L0003X|3336C0003X,tier_1_primary_pharmacy,Y,Y,
1174493829,ASTORIA EXPRESS PHARMACY INC,2108 31ST ST,,ASTORIA,NY,111052602,7182551085,OWNER,333600000X,tier_1_primary_pharmacy,Y,Y,
1033079207,ATLANTIC RX INC.,2930 ATLANTIC AVE,,BROOKLYN,NY,112072729,3478656718,PRESIDENT,3336C0003X,tier_1_primary_pharmacy,Y,Y,
1215897137,TROY RX CORP,249 TROY AVE,,BROOKLYN,NY,112133679,5169159654,PRESIDENT,3336C0003X,tier_1_primary_pharmacy,Y,Y,
1629938543,V PHARMACY LLC,2124 GRAVESEND NECK RD,,BROOKLYN,NY,112294810,7183680009,PARTNER,3336L0003X|3336C0003X,tier_1_primary_pharmacy,Y,Y,
1518827476,DOUBLE G PHARMACY INC.,2282 31ST ST,,ASTORIA,NY,111052714,7187283127,PRESIDENT,3336C0003X,tier_1_primary_pharmacy,Y,Y,
1093675837,KINGSBRIDGE PHARMACY RX CORP.,145 W KINGSBRIDGE RD,,BRONX,NY,104683914,7187088665,PRESIDENT,3336C0003X,tier_1_primary_pharmacy,Y,Y,
1376403063,ATLANTIC RX INC.,2930 ATLANTIC AVE,,BROOKLYN,NY,112072729,3478656718,PRESIDENT,3336C0003X,tier_1_primary_pharmacy,Y,Y,
1093675597,BAY PARK PHARMACY CORP.,3355 NEPTUNE AVE,,BROOKLYN,NY,112241675,7183722700,PRESIDENT,3336L0003X|3336C0003X,tier_1_primary_pharmacy,Y,Y,
1003777335,CAPITAL DISTRICT PHARMACY LLC,1182 TROY SCHENECTADY RD STE 201A,,LATHAM,NY,121101000,5182581068,SUPERVISING PHARMACIST,3336H0001X|3336S0011X|333600000X,tier_1_primary_pharmacy,Y,Y,
1922969278,107 METRO PHARM RX INC,10731 METROPOLITAN AVE,,FLUSHING,NY,113756820,3472332928,OWNER,333600000X,tier_1_primary_pharmacy,Y,Y,
1114888260,AMIN RX INC,4611 48TH AVE,,WOODSIDE,NY,113776559,3479185800,PRESIDENT,3336C0003X,tier_1_primary_pharmacy,Y,Y,
1316808389,SABRA PHARMACY LLC,7002 3RD AVE,,BROOKLYN,NY,112091307,3479097116,PRESIDENT,333600000X,tier_1_primary_pharmacy,Y,Y,
1487515565,PHARMACY ON AUSTIN LLC,9135 63RD DR,,REGO PARK,NY,113743849,7185362787,MANAGING MEMBER,3336C0003X,tier_1_primary_pharmacy,Y,Y,
1417819889,BETTER CARE PHARMACY INC,2502 STEINWAY ST,,ASTORIA,NY,111033782,3475070256,PRESIDENT,333600000X,tier_1_primary_pharmacy,Y,Y,
1285596304,BAYRIDGE CENTER PHARMACY LLC,309 79TH STREET,,BROOKLYN,NY,11209,7182555166,MANAGING MEMBER,3336C0003X,tier_1_primary_pharmacy,Y,Y,
1528920519,"PROCARE SPECIALTY PHARMACY, LLC",2220 FOREST AVE,,STATEN ISLAND,NY,103031752,7189739722,PHARMACIST,3336C0004X|3336C0003X,tier_1_primary_pharmacy,Y,Y,
1568324366,TRUEGREEN RX INC,19906 32ND AVE,,FLUSHING,NY,113581248,3477450929,PRESIDENT,3336C0003X,tier_1_primary_pharmacy,Y,Y,
1427910363,GOOD GOOD PHARMACY INC,8309 BROADWAY # F1,,ELMHURST,NY,113735794,7188061081,OWNER,3336C0003X,tier_1_primary_pharmacy,Y,Y,
1457213936,CLEVER MEDS RX INC,20503 JAMAICA AVE,,HOLLIS,NY,114233039,7184702555,PRESIDENT,3336C0003X,tier_1_primary_pharmacy,Y,Y,
1972465565,BRIGHT LIFE PHARMACY INC.,6507 14TH AVE,STORE,BROOKLYN,NY,112195611,7183335216,PRESIDENT,3336C0003X,tier_1_primary_pharmacy,Y,Y,
1396608980,CENTEREACH RX INC.,1759 MIDDLE COUNTRY RD UNIT 2,,CENTEREACH,NY,117203505,6314441617,PRESDIENT,333600000X,tier_1_primary_pharmacy,Y,Y,
1144184656,CYRUS RX INC,183 ROCKAWAY AVE,,VALLEY STREAM,NY,115805823,5163410844,PRESIDENT,3336C0003X,tier_1_primary_pharmacy,Y,Y,
1730043175,ZAYAN PHARMACY CORP,477 3RD AVE,,NEW YORK,NY,100166021,9294348488,PRESIDENT,3336C0003X,tier_1_primary_pharmacy,Y,Y,
1417811522,PUREXA HEALTH RX CORP,79 WASHINGTON ST STE A,,HEMPSTEAD,NY,115504035,6314555468,PRESIDENT,3336C0003X,tier_1_primary_pharmacy,Y,Y,
1629932561,PRIME WELL PHARMACY INC.,1207 ASTORIA BLVD,,ASTORIA,NY,111024179,3475070518,OWNER/PRESIDENT,3336C0003X|333600000X,tier_1_primary_pharmacy,Y,Y,
1891659744,JERICHO RX PHARMACY INC,1519 JERICHO TPKE,,NEW HYDE PARK,NY,110404712,5168132500,PRESIDENT,3336C0003X,tier_1_primary_pharmacy,Y,Y,
1073477899,SIMBA RX INC,265 NEW DORP LN UNIT B,,STATEN ISLAND,NY,103063056,9292653086,OWNER/SUPERVISING PHARMACIST,3336C0003X,tier_1_primary_pharmacy,Y,Y,
1255296950,"PHARMA EXPRESS RX, INC.",2123 AVENUE Z,,BROOKLYN,NY,112352811,7185505151,PRESIDENT,3336C0003X,tier_1_primary_pharmacy,Y,Y,
1356206809,HICKSVILLE RX INC.,34 W VILLAGE GRN,,HICKSVILLE,NY,118013912,5165131374,OWNER,3336C0003X,tier_1_primary_pharmacy,Y,Y,
1477418358,HEALTHY TREMONT RX CORP,1971 GRAND AVE,,BRONX,NY,104538301,7182553705,OWNER,3336C0003X,tier_1_primary_pharmacy,Y,Y,
1902761943,REDDOOR RX LLC,110 NORTHERN BLVD,,GREAT NECK,NY,110214303,5164784737,OWNER,333600000X,tier_1_primary_pharmacy,Y,Y,
1457216202,GP RX PHARMACY CORP.,4026 GREENPOINT AVE,,LONG ISLAND CITY,NY,111043618,7189371750,PRESIDENT,3336C0003X,tier_1_primary_pharmacy,Y,Y,
1801752670,DOGWOOD RX INC.,360 DOGWOOD AVE,,FRANKLIN SQUARE,NY,110103439,9298061724,PRESIDENT,3336C0003X,tier_1_primary_pharmacy,Y,Y,
1235095928,INVERSA RX PHARMACY LLC,3545 WHITE PLAINS RD,,BRONX,NY,104675705,9144336876,MANAGING MEMBER,3336C0003X,tier_1_primary_pharmacy,Y,Y,
1629934369,PARK RX INC,3405 AVENUE S,,BROOKLYN,NY,112344825,5166993905,OWNER,3336C0003X,tier_1_primary_pharmacy,Y,Y,
1720944804,2 CENTRE AVENUE RX INC,2 CENTRE AVE,,EAST ROCKAWAY,NY,115181110,5168250952,OWNER,3336C0003X,tier_1_primary_pharmacy,Y,Y,
1548126691,METRO WELLNESS RX INC.,9216 71ST AVE,,FOREST HILLS,NY,113756707,6465317599,PRESIDENT,3336C0003X,tier_1_primary_pharmacy,Y,Y,
1962369884,MED MAX PHARMACY INC.,1316-1324 CONEY ISLAND AVE,,BROOKLYN,NY,11230,3473745117,PRESIDENT,3336C0003X,tier_1_primary_pharmacy,Y,Y,
1497612865,ZARA RX INC,831 CASTLETON AVE,,STATEN ISLAND,NY,103101804,7185695299,PHARMACIST,3336C0003X,tier_1_primary_pharmacy,Y,Y,
1912864216,180 JERICHO PHARMACY RX INC,180 JERICHO TPKE,,FLORAL PARK,NY,110012024,5162331143,OWNER,3336C0003X,tier_1_primary_pharmacy,Y,Y,
1104783273,AIRMONT PHARMACY INC.,214 ROUTE 59,,AIRMONT,NY,109015205,8453575200,OWNER/SP,333600000X,tier_1_primary_pharmacy,Y,Y,
1346108347,ROCKVILLE PHARMACY INC.,23A N VILLAGE AVE,,ROCKVILLE CENTRE,NY,115704707,5169620999,PRESIDENT,3336C0003X,tier_1_primary_pharmacy,Y,Y,
1174481816,HEALTHFIRST RX INC,440 DOGWOOD AVE,,FRANKLIN SQUARE,NY,110103349,5164007064,PRESIDENT,3336C0003X,tier_1_primary_pharmacy,Y,Y,
1306704192,PRIME HEALTH RX INC,810 E 147TH ST,,BRONX,NY,104554909,9175961155,OWNER,3336C0003X,tier_1_primary_pharmacy,Y,Y,
1841158045,ZURIEL PHARMACY CORP.,324 S COLUMBUS AVE,,MOUNT VERNON,NY,105531919,9142972557,PHARMACIST/OWNER,3336C0003X,tier_1_primary_pharmacy,Y,Y,
1992663256,XP PHARMACY INC.,25918A HILLSIDE AVE,,FLORAL PARK,NY,110041623,3474264056,PRESIDENT,3336C0003X,tier_1_primary_pharmacy,Y,Y,
1245199397,TRUE PHARMACY INC.,3225 E TREMONT AVE,,BRONX,NY,104615707,7188295100,PRESIDENT,3336C0003X,tier_1_primary_pharmacy,Y,Y,
1316806961,M AND J PHARMACY,531 CHURCH AVE,,BROOKLYN,NY,112182409,7184365501,OWNER,3336C0003X,tier_1_primary_pharmacy,Y,Y,
1740139864,JERICHO SCRIPTS RX INC,400 JERICHO TPKE UNIT B,,NEW HYDE PARK,NY,110404525,9175807712,OWNER,333600000X,tier_1_primary_pharmacy,Y,Y,
1578412474,BLACK STAR RX INC.,2000 CONEY ISLAND AVE,,BROOKLYN,NY,112232329,7182802000,OWNER,3336C0003X,tier_1_primary_pharmacy,Y,Y,
1942159991,SECURE RX INC,8852 165TH ST,,JAMAICA,NY,114324143,3472851937,OWNER,333600000X,tier_1_primary_pharmacy,Y,Y,
1427907187,INTOSANA PHARMACY INC.,2611 BEVERLEY RD,,BROOKLYN,NY,112265674,7183508818,PRESIDENT,3336C0003X,tier_1_primary_pharmacy,Y,Y,
1962351569,QUEENS CORNER RX LLC,4103 UNION ST,,FLUSHING,NY,113552452,7184603825,MEMBER,3336C0003X,tier_1_primary_pharmacy,Y,Y,
1164371894,LINDEN RX NY INC,19919 LINDEN BLVD,,SAINT ALBANS,NY,114123221,3473748950,OWNER,3336C0003X,tier_1_primary_pharmacy,Y,Y,
1649129974,ELMONT RX NY INC,263A MEACHAM AVE,,ELMONT,NY,110033203,3474244690,OWNER,3336C0003X,tier_1_primary_pharmacy,Y,Y,
1417806746,NOSTRAND SCRIPTS RX INC,1370 NOSTRAND AVE,,BROOKLYN,NY,112262503,3474244619,OWNER,3336C0003X,tier_1_primary_pharmacy,Y,Y,
1700736709,KP RX LLC,1300 HYLAN BLVD,,STATEN ISLAND,NY,103051953,3478889448,PHARMACIST,3336C0003X,tier_1_primary_pharmacy,Y,Y,
1255281259,HEALTHY FORDHAM RX CORP,52 W FORDHAM RD,,BRONX,NY,104685125,9174718868,OWNER,3336C0003X,tier_1_primary_pharmacy,Y,Y,
1831049717,PEACECARE PHARMACY INC.,3620 UNION ST STE 1,,FLUSHING,NY,113544155,9293007009,OWNER,333600000X,tier_1_primary_pharmacy,Y,Y,
1467303396,WILLIS PHARMACY RX INC,230-10 S CONDUIT AVE,,SPRINGFIELD GARDENS,NY,11413,3474269844,OWNER,3336C0003X,tier_1_primary_pharmacy,Y,Y,
1306798665,A&S PHARMACY RX INC.,1633 HILLSIDE AVE,,NEW HYDE PARK,NY,110402603,6022991266,OWNER,3336C0003X,tier_1_primary_pharmacy,Y,Y,
1265384317,RXCARE PHARMACY CORP,288 E 149TH ST,,BRONX,NY,104515630,3478624014,PRESIDENT,3336C0003X,tier_1_primary_pharmacy,Y,Y,
1447102629,HEALTHY CHOICE RX INC.,16306 HILLSIDE AVE,,JAMAICA,NY,114324078,3474549032,PRESIDENT,3336C0003X,tier_1_primary_pharmacy,Y,Y,
1588516355,JIMMY RX CARE INC.,1767 SOUTHERN BLVD,,BRONX,NY,104604801,7189429844,OWNER,3336C0003X,tier_1_primary_pharmacy,Y,Y,
1205788007,PURPLE SPECIALTY PHARMACY RX LLC,1573 W FARMS RD,,BRONX,NY,104606002,6469330225,PHARMACIST IN CHARGE,3336C0003X|3336S0011X|333600000X,tier_1_primary_pharmacy,Y,Y,
1437002995,WASHINGTON RX CORP.,4197 BROADWAY,,NEW YORK,NY,100333735,2127957455,PRESIDENT,3336C0003X,tier_1_primary_pharmacy,Y,Y,
1992658264,BAYSIDE FAMILY PHARMACY INC.,208-36 CROSS ISLAND PKWY,,BAYSIDE,NY,113601187,3474084035,OWNER,3336C0003X,tier_1_primary_pharmacy,Y,Y,
1023961968,PLATINUM CARE RX INC.,10407 METROPOLITAN AVE,,FOREST HILLS,NY,113756735,7183743071,PRESIDENT,3336C0003X,tier_1_primary_pharmacy,Y,Y,
1962355768,CENTRAL PARK RX LLC,1915 CENTRAL PARK AVE STE 1S,,YONKERS,NY,107102952,9148989009,PIC,3336C0003X|3336S0011X|333600000X,tier_1_primary_pharmacy,Y,Y,
1790639987,UNITE RX INC,16145 BAISLEY BLVD,,JAMAICA,NY,114342900,7182764325,PRESIDENT,3336C0003X,tier_1_primary_pharmacy,Y,Y,
1366396392,TAFTCARE PHARMACY INC.,4A TAFT AVE,,LYNBROOK,NY,115631462,5162846688,PRESIDENT,3336C0003X,tier_1_primary_pharmacy,Y,Y,
1033063987,CORONA RX 2 INC,4516 NATIONAL ST,,CORONA,NY,113684511,3478080039,OWNER,3336C0003X,tier_1_primary_pharmacy,Y,Y,
1942154737,"EUROPHARM ORGANICS RX, INC.",9418 ROOSEVELT AVE,,JACKSON HEIGHTS,NY,113727916,7184404917,PRESIDENT,3336C0003X,tier_1_primary_pharmacy,Y,Y,
1275488959,PURE PHARMACY LLC,3713 30TH AVE,,ASTORIA,NY,111034309,3474740511,PRESIDENT,3336C0003X,tier_1_primary_pharmacy,Y,Y,
1376498063,MANHATTAN SPECIALTY PHARMACY RX LLC,807 W 181ST ST,,NEW YORK,NY,100334516,2127270800,PHARMACIST,3336C0003X|3336S0011X,tier_1_primary_pharmacy,Y,Y,
1396690681,TRYLON WELLNESS RX INC.,9869 QUEENS BLVD,,REGO PARK,NY,113744351,3474676442,OWNER,3336C0003X,tier_1_primary_pharmacy,Y,Y,
1114872413,WILLIS SCRIPTS RX INC,208 WILLIS AVE,,MINEOLA,NY,115012637,3474973305,OWNER,3336C0003X,tier_1_primary_pharmacy,Y,Y,
1811842925,NURI PHARMACY CORP,14901 41ST AVE,,FLUSHING,NY,113551025,3479444276,PRESIDENT,3336C0003X,tier_1_primary_pharmacy,Y,Y,
1235084468,QUEENS PHARMACY CORP.,1653 SHEEPSHEAD BAY RD,,BROOKLYN,NY,112353804,7189343838,PRESIDENT,3336C0003X,tier_1_primary_pharmacy,Y,Y,
1518812700,CHEMISTS RX PLUS INC.,10 WOODBINE CT,,FLORAL PARK,NY,110012717,5162331010,PRESIDENT,3336C0003X,tier_1_primary_pharmacy,Y,Y,
1386599207,LIBERTY PHARMACY RX INC,12704 LIBERTY AVE,,SOUTH RICHMOND HILL,NY,114192216,7188802053,OWNER,3336C0003X,tier_1_primary_pharmacy,Y,Y,
1265388995,HAENGBOK PHARMACY INC.,14734A NORTHERN BLVD,,FLUSHING,NY,113544339,3473686226,OWNER,3336C0003X,tier_1_primary_pharmacy,Y,Y,
1013863646,VICTORY RX PHARMA INC,1755B VICTORY BLVD,,STATEN ISLAND,NY,103143513,3474665259,OWNER,3336C0003X,tier_1_primary_pharmacy,Y,Y,
1174479216,DONGNE PHARMACY INC,4329 209TH ST,,BAYSIDE,NY,113612761,9174441145,OWNER,3336C0003X,tier_1_primary_pharmacy,Y,Y,
1518813658,COMMACK RX PHARMACY INC,1163 JERICHO TPKE,,COMMACK,NY,117253001,6315433331,PRESIDENT,3336C0003X,tier_1_primary_pharmacy,Y,Y,
1528914595,MEDCORE SPECIALTY RX CORP.,1058 1ST AVE,,NEW YORK,NY,100222904,2128327200,PRESIDENT,3336C0003X,tier_1_primary_pharmacy,Y,Y,
1427905207,EAST SHORE RX INC,89 E SHORE RD,,MANHASSET,NY,110302931,5164670118,OWNER,3336C0003X,tier_1_primary_pharmacy,Y,Y,
1699622688,BILTMORE FAMILY PHARMACY INC.,4638 MERRICK RD,,MASSAPEQUA,NY,117586030,5164987817,OWNER,3336C0003X,tier_1_primary_pharmacy,Y,Y,
1407703408,METRO RX 1 INC,10315 METROPOLITAN AVE,,FOREST HILLS,NY,113756733,0000000000,OWNER,3336C0003X,tier_1_primary_pharmacy,Y,Y,
1851248058,ANNADALE FAMILY CHOICE PHARMACY INC,831 ANNADALE RD,,STATEN ISLAND,NY,103123133,7182270710,OWNER,3336C0003X,tier_1_primary_pharmacy,Y,Y,
1740138676,ARISTA RX CORP.,8917 JAMAICA AVE,,WOODHAVEN,NY,114212041,7186746343,PRESIDENT,3336C0003X,tier_1_primary_pharmacy,Y,Y,
1649128364,BENSON FAMILY PHARMACY RX INC,7601 NEW UTRECHT AVE,,BROOKLYN,NY,112141021,7182474247,OWNER/SUPERVISING PHARMACIST,3336C0003X,tier_1_primary_pharmacy,Y,Y,
1972451433,SYMFONI RX INC.,1336 UTICA AVE,,BROOKLYN,NY,112035912,7189351033,PRESIDENT,333600000X,tier_1_primary_pharmacy,Y,Y,
1528916830,B & B RX INC,7908 37TH AVE,,JACKSON HEIGHTS,NY,113726748,7185336623,PRESIDENT,3336C0003X,tier_1_primary_pharmacy,Y,Y,
1952249740,HEALTHIFY PHARMACY INC,17165 46TH AVE,,FLUSHING,NY,113583332,3477320112,PRESIDENT,3336C0003X,tier_1_primary_pharmacy,Y,Y,
1114865011,YY PHARMACY INC,4353 162ND ST FL 1,,FLUSHING,NY,113583107,3473686320,OWNER,3336C0003X,tier_1_primary_pharmacy,Y,Y,
1023956307,TOP NOTCH RX INC,13002 ATLANTIC AVE,,SOUTH RICHMOND HILL,NY,114191545,9176093438,PRESIDENT,3336C0003X,tier_1_primary_pharmacy,Y,Y,
1750229134,GROVE RX INC.,12701 111TH AVE,UNIT 1R,SOUTH OZONE PARK,NY,114201600,3474549207,OWNER,3336C0003X,tier_1_primary_pharmacy,Y,Y,
1134068133,"ALDAV PHARMACY, INC",749 OCEAN PKWY,,BROOKLYN,NY,112307813,7187242245,SUPERVISING PHARMACIST,333600000X,tier_1_primary_pharmacy,Y,Y,
1497694459,DARAR RX GROUP CORP.,222 OAKRIDGE CMNS,,SOUTH SALEM,NY,105902437,9145335679,PRESIDENT,333600000X,tier_1_primary_pharmacy,Y,Y,
1861331555,CONWAY DRUG INC,14915 NORTHERN BLVD,,FLUSHING,NY,113544312,9293007500,PRESIDENT,3336C0003X,tier_1_primary_pharmacy,Y,Y,
1922947514,KLB PHARMACY INC,252 E 204TH ST,,BRONX,NY,104581309,3472698261,PRESIDENT,3336C0003X,tier_1_primary_pharmacy,Y,Y,
1609715093,ALKAMAL PHARMACY LLC,1919 HYLAN BLVD,,STATEN ISLAND,NY,103052114,7185505444,OWNER/PIC,3336C0003X,tier_1_primary_pharmacy,Y,Y,
1750221974,2196 FLATBUSH PHARMACY INC.,2196 FLATBUSH AVE,,BROOKLYN,NY,112344326,7185130938,OWNER/PRESIDENT,333600000X,tier_1_primary_pharmacy,Y,Y,
1427999432,KIND PHARMACY INCORPORATED,1806 63RD ST,,BROOKLYN,NY,112042932,3475104059,OWNER,3336C0003X,tier_1_primary_pharmacy,Y,Y,
1902748486,PHARMACITY PHARMACY LLC,1099 1ST AVE,,NEW YORK,NY,100658732,2125379050,OWNER,3336C0003X,tier_1_primary_pharmacy,Y,Y,
1851233464,HUNTINGTON RX PHARMACY INC,1842 E JERICHO TPKE,,HUNTINGTON,NY,117435796,6314622233,PRESIDENT,3336C0003X,tier_1_primary_pharmacy,Y,Y,
1407798028,MAIN POINT RX LLC,7535 MAIN ST,,FLUSHING,NY,113670000,9176408402,PRESIDENT,3336C0003X,tier_1_primary_pharmacy,Y,Y,
1891637708,HOME TOWN PHARMACY LLC,1889 COMMERCE ST,,YORKTOWN HEIGHTS,NY,105984432,9149622600,OWNER/MEMBER,3336C0003X,tier_1_primary_pharmacy,Y,Y,
1659214146,WONDER CARE PHARMACY INC.,4407 KISSENA BLVD,,FLUSHING,NY,113553055,7187990761,PHARMACIST,3336C0003X,tier_1_primary_pharmacy,Y,Y,
1780527572,TAHITI PHARMACY LLC,1486 5TH AVE,,NEW YORK,NY,100352703,2125108133,SOLE MEMBER,3336C0003X,tier_1_primary_pharmacy,Y,Y,
1043153893,KEYSTONE PHARMACY NEW YORK LLC,350 JORDAN RD STE 2,,TROY,NY,121808358,6017079727,CHIEF COMPLIANCE OFFICER,3336C0004X|333600000X,tier_1_primary_pharmacy,Y,Y,
1730023185,KHALSA CARE PHARMACY INC.,9419 104TH ST,,OZONE PARK,NY,114161723,7188801125,OWNER,3336C0003X,tier_1_primary_pharmacy,Y,Y,
1992649271,FIVE TOWNS RX INC,136 CEDARHURST AVE,,CEDARHURST,NY,115162130,5162951895,OWNER,3336C0003X,tier_1_primary_pharmacy,Y,Y,
1093659187,CHENAB PHARMACY INC,2-4 ROUTE 9W NORTH,,WEST HAVERSTRAW,NY,10993,8452415481,OWNER/PRESIDENT,3336C0003X,tier_1_primary_pharmacy,Y,Y,
1396689428,716 PHARMACY INC,1807 KENMORE AVE.,,BUFFALO,NY,14217,7162409476,PRESIDENT,3336C0003X,tier_1_primary_pharmacy,Y,Y,
1710821632,MAIMONIDES RX INC,2417 AVENUE U,,BROOKLYN,NY,112294905,3472546439,OWNER,3336C0003X,tier_1_primary_pharmacy,Y,Y,
1104760032,AA PHARMACY RX INC,10811 ATLANTIC AVE,,RICHMOND HILL,NY,114182254,3472334402,OWNER,3336C0003X,tier_1_primary_pharmacy,Y,Y,
1154266880,WOODSIDE CORNER RX INC,5112 31ST AVE,,WOODSIDE,NY,113771335,7182551466,OWNER,3336C0003X,tier_1_primary_pharmacy,Y,Y,
1023953551,"ALMAZ RX, CORP.",9508 65TH RD,,REGO PARK,NY,113744176,9171234567,PRESIDENT,3336C0003X,tier_1_primary_pharmacy,Y,Y,
1265377568,BAY VALLEY PHARMACY INC,47 BROAD ST,,STATEN ISLAND,NY,103042608,3478610091,PRESIDENT,3336C0003X,tier_1_primary_pharmacy,Y,Y,
1417893231,CLINTON ALL IN ONE RX,80 CLINTON ST,,HEMPSTEAD,NY,115504222,5165316700,PRESIDENT,3336C0003X,tier_1_primary_pharmacy,Y,Y,
1326984261,JA PHARMACY RX INC,21253 JAMAICA AVE,,JAMAICA,NY,114281625,3474269872,OWNER,3336C0003X,tier_1_primary_pharmacy,Y,Y,
1457297335,PRIORITY HEALTH PHARMACY CORP,60 DUTCH HILL RD STE 4,,ORANGEBURG,NY,109621722,9177421041,OWNER,3336C0003X,tier_1_primary_pharmacy,Y,Y,
1770429383,ENF RX INC.,20813 JAMAICA AVE,,QUEENS VILLAGE,NY,114281546,3476267030,PRESIDENT,3336C0003X,tier_1_primary_pharmacy,Y,Y,
1881530335,ELIXIR PHARMACY LLC,162-20 UNION TURNPIKE,STORE 102,FRESH MEADOWS,NY,11366,7184873015,PRESIDENT/SUPERVISING PHARMACIST,3336C0003X,tier_1_primary_pharmacy,Y,Y,
1528905031,MIDDLETOWN RX PHARMACY CORPORATION,36-42 JAMES ST,,MIDDLETOWN,NY,109405729,8453444433,OWNER,3336C0003X,tier_1_primary_pharmacy,Y,Y,
1730026105,N&S PHARMACY CORP,2031 3RD AVE,,NEW YORK,NY,100292801,9172658231,CEO,3336C0003X,tier_1_primary_pharmacy,Y,Y,
1356288674,MASSAPEQUA FAMILY PHARMACY CORP,838 N BROADWAY,,MASSAPEQUA,NY,117582451,3474841794,OWNER,3336C0003X,tier_1_primary_pharmacy,Y,Y,
1215874540,"RIVERSIDE RX PHARMACY, INC.",3527 BROADWAY,,NEW YORK,NY,100315627,2122560488,PRESIDENT,3336C0003X,tier_1_primary_pharmacy,Y,Y,
1790612463,I SAMS RX LLC,717 E TREMONT AVE,,BRONX,NY,104575001,7186187618,PRESIDENT,3336C0003X,tier_1_primary_pharmacy,Y,Y,
1336076041,RICHMOND RX PHARMACY INC,12919 101ST AVE UNIT 19-S1,,SOUTH RICHMOND HILL,NY,114191573,3474750096,PRESIDENT,3336C0003X,tier_1_primary_pharmacy,Y,Y,
1093643009,CLEARPOINT PHARMACY CORP,6827 FRESH MEADOW LN,,FRESH MEADOWS,NY,113653420,3473684324,PRESIDENT,3336C0003X,tier_1_primary_pharmacy,Y,Y,
1699603779,VALUE PHARMACY CORPORATION,50 HILLSIDE AVE,,WILLISTON PARK,NY,115962319,5167384969,OWNER,3336C0003X,tier_1_primary_pharmacy,Y,Y,
1831028877,MATTHEWS RX PHARMACY CORP,2016 COLLEGE POINT BLVD,UNIT S1,COLLEGE POINT,NY,113562363,7187990664,OWNER,3336C0003X,tier_1_primary_pharmacy,Y,Y,
1356270243,ADEL RX INC,7 SGT BOLLINGER CT,,TAPPAN,NY,109832120,9293544059,MANAGER,333600000X,tier_1_primary_pharmacy,Y,Y,
1184553885,SCRIPTS RX PHARMACY INC,4010 25TH AVE,,ASTORIA,NY,111033602,7186852880,PRESIDENT,3336C0003X,tier_1_primary_pharmacy,Y,Y,
1427988807,SUNNY PHARMACY RX INC,10524 101ST AVE,,OZONE PARK,NY,114162703,7184410465,OWNER,3336C0003X,tier_1_primary_pharmacy,Y,Y,
1952230435,BLOSSOM AVE PHARMACY INC,13440 BLOSSOM AVE,,FLUSHING,NY,113553320,6463922001,OWNER,333600000X,tier_1_primary_pharmacy,Y,Y,
1851221758,INTRA-NATIONAL PHARMACY ROCHESTER LLC,3892 SCOTTSVILLE RD,,SCOTTSVILLE,NY,145461151,5858886630,OWNER,3336C0003X,tier_1_primary_pharmacy,Y,Y,
1538090865,DRUGS AND MORE ESSENTIALS PHARMACY INC,9419 JAMAICA AVE,,WOODHAVEN,NY,114212222,7184806473,OWNER,3336C0003X,tier_1_primary_pharmacy,Y,Y,
1598696395,EASY FILL RX INC,10312 NORTHERN BLVD,,CORONA,NY,113681137,7188854452,OWNER,3336C0003X,tier_1_primary_pharmacy,Y,Y,
1609707355,MEGA CARE RX INC,247 NASSAU RD,,ROOSEVELT,NY,115751736,3479287634,OWNER,3336C0003X,tier_1_primary_pharmacy,Y,Y,
1407787161,GM BH RX INC.,155 W MERRICK RD,,FREEPORT,NY,115203743,5164444018,PRESIDENT,3336C0003X,tier_1_primary_pharmacy,Y,Y,
1285566950,GREEN PHARMACY RX LLC,133 DREISER LOOP,,BRONX,NY,104752704,7185135889,PIC,3336S0011X|3336C0003X|333600000X,tier_1_primary_pharmacy,Y,Y,
1215869714,HEALTH PLUS NYC PHARMACY INC,12614 101ST AVE,,SOUTH RICHMOND HILL,NY,114191546,9292447540,OWNER,333600000X|3336L0003X,tier_1_primary_pharmacy,Y,Y,
1356274195,ELMONT PRIME PHARMACY CORPORATION,1483A HEMPSTEAD TPKE,,ELMONT,NY,110032436,5163445513,PRESIDENT,3336C0003X,tier_1_primary_pharmacy,Y,Y,
