npi,organization_name,address_1,address_2,city,state,zip,phone,authorized_official_title,matched_taxonomy_codes,pharmacy_tier,primary_pharmacy_flag,likely_independent,chain_exclusion_match
1700889524,"BARRON CHAGRIN DRUG, INC.",23632 MERCANTILE RD,STE F,BEACHWOOD,OH,441225916,2163600500,PRESIDENT,333600000X,tier_1_primary_pharmacy,Y,Y,
1568465060,KAUP PHARMACY INC,102 NORTH WAYNE STREET,,FT RECOVERY,OH,458460605,4193752323,PRESIDENT,333600000X|3336C0004X|3336H0001X|3336S0011X|3336C0003X,tier_1_primary_pharmacy,Y,Y,
1972506582,"WEYRAUCH'S PHARMACY, LLC",4959 KIDRON RD,,KIDRON,OH,446360231,3308570115,MANAGING MEMBER,333600000X,tier_1_primary_pharmacy,Y,Y,
1326041898,HEALTHMED PHARMACY,2343 CLEVELAND AVE,,COLUMBUS,OH,432111611,6142635052,MANAGER,333600000X,tier_2_secondary_pharmacy,N,Y,
1134122609,"HEALTHMED PHARMACY WEST,LLC",2800 W BROAD ST,,COLUMBUS,OH,432042641,6142768500,MANAGER,333600000X,tier_1_primary_pharmacy,Y,Y,
1144224049,"DAVIES PHARMACY, INC",2915 TUSCARAWAS ST W,,CANTON,OH,447084607,3304545151,OWNER PHARMACIST,3336C0004X|333600000X,tier_1_primary_pharmacy,Y,Y,
1942204581,CENTER PHARMACY INC,447 MAIN ST,,WELLSVILLE,OH,439681685,3305321555,OWNER AND PRESIDENT,333600000X|3336C0003X,tier_1_primary_pharmacy,Y,Y,
1265436661,"HILLCREST ATRIUM PHARMACY, INC",6770 MAYFIELD RD,,MAYFIELD HTS,OH,441242299,4406051611,PRESIDENT,333600000X,tier_1_primary_pharmacy,Y,Y,
1023014255,CORNELLS PHARMACY LLC,140 MANSFIELD AVE,,SHELBY,OH,448751833,4193472033,MANAGER,333600000X|3336C0003X,tier_1_primary_pharmacy,Y,Y,
1205833316,ACCUSCRIPTS PHARMACY LLC,24340 SPERRY DR,,WESTLAKE,OH,441451565,4402505400,PRESIDENT,333600000X|3336L0003X,tier_1_primary_pharmacy,Y,Y,
1285631069,"FORUM HEALTH PHARMACY SERVICES CO., INC.",1915 BELMONT AVE,SUITE 4,YOUNGSTOWN,OH,445041132,3308842190,COO,333600000X,tier_2_secondary_pharmacy,N,Y,
1821096314,"FOSTERS PHARMACY, INC.",207 W HIGH ST,,MOUNT VERNON,OH,430502427,7403920911,OWNER,3336C0003X,tier_1_primary_pharmacy,Y,Y,
1588663793,DAVID PHARMACY LLC,1518 E MAIN ST,,LANCASTER,OH,431303435,7403040746,OWNER/MANAGER,3336C0003X,tier_1_primary_pharmacy,Y,Y,
1437159068,SCHAEPER PHARMACY INC,4187 HAMILTON AVE,,CINCINNATI,OH,452232245,5135410354,PHARMACY MANAGER,333600000X|3336C0003X,tier_1_primary_pharmacy,Y,Y,
1518968668,DRUG STORE PHARMACY INC,2940 GROVEPORT RD,,COLUMBUS,OH,432073255,6144913446,PHARMACY MANAGER,3336C0004X|3336C0003X|333600000X,tier_1_primary_pharmacy,Y,Y,
1942294509,DONALD D MOORE PHARMACY INC,4486 W 8TH ST,,CINCINNATI,OH,452384926,5139210020,PRES.,333600000X,tier_1_primary_pharmacy,Y,Y,
1326033523,RINGERS DRUG STORE INC DBA RINGERS PROF PHARMACY,442 W HIGH ST,,BRYAN,OH,435061681,4196367314,V PRES,333600000X,tier_1_primary_pharmacy,Y,Y,
1316932551,RINGERS DRUG STORE INC DBA RINGERS DRUG STORE,125 S MAIN ST,,BRYAN,OH,435061754,4196361355,V PRES,333600000X,tier_1_primary_pharmacy,Y,Y,
1407842107,ROSS PARK PHARMACY INC,1 ROSS PARK BLVD,SUITE 100,STEUBENVILLE,OH,439522671,7402647740,MANAGER,3336C0003X,tier_1_primary_pharmacy,Y,Y,
1861489296,ZELLNER PHARMACY INC,240 W MARKET ST,,TIFFIN,OH,448832701,4194470077,PRES,3336C0003X,tier_1_primary_pharmacy,Y,Y,
1073501144,RONCI FAMILY DISCOUNT DRUG,2249 LISBON ST,,EAST LIVERPOOL,OH,43920,3303865521,OWNER RPH,3336C0003X,tier_1_primary_pharmacy,Y,Y,
1760471577,KRATZER PHARMACY INC.,179 W LOCUST ST,,WILMINGTON,OH,451772180,9373820081,OWNER,3336C0003X,tier_1_primary_pharmacy,Y,Y,
1417946062,CENTRAL MEDICAL ARTS PHARMACY,2475 E 22ND ST,,CLEVELAND,OH,441153221,2166219073,OWNER,333600000X,tier_1_primary_pharmacy,Y,Y,
1932190923,DANVILLE PHARMACY INC,10 E. MAIN ST.,,DANVILLE,OH,430140070,7405996744,PRESIDENT,333600000X,tier_1_primary_pharmacy,Y,Y,
1518958347,GREENS PHARMACY INC,200 MADISON ST,,PORT CLINTON,OH,434521947,4197323151,PRESIDENT/PHARMACIST,333600000X|3336C0003X,tier_1_primary_pharmacy,Y,Y,
1619958592,OKULEYS PHARMACY AND HOME MEDICAL INC,1201 E 2ND ST,,DEFIANCE,OH,435122405,4197844800,OWNER AND TREASURER,333600000X|3336C0003X|3336C0004X,tier_1_primary_pharmacy,Y,Y,
1407839855,BERNENS CONVALESCENT PHARMACY INC,5053 GLENWAY AVE,,CINCINNATI,OH,452383903,5134717575,OWNER VICE PRESIDENT,3336C0003X|333600000X,tier_1_primary_pharmacy,Y,Y,
1689659369,FAMILY PHARMACY,124 S MAIN ST,,BELLEFONTAINE,OH,433112052,9375922826,OWNER PHARMACIST,333600000X,tier_1_primary_pharmacy,Y,Y,
1659356509,NEIDIG PHARMACY GROUP LLC,130 1/2 W HIGH AVE,,NEW PHILADELPHIA,OH,446633802,3303651526,PRESIDENT/CEO,333600000X|3336L0003X,tier_1_primary_pharmacy,Y,Y,
1962488155,"ALLEN'S MEDICAL PHARMACY, INC.",215 OLD EASTERN AVE,,CHILLICOTHE,OH,456013462,7407725180,OWNER,333600000X,tier_1_primary_pharmacy,Y,Y,
1144207770,STARK PHARMACY,1583 GOODMAN AVE,,CINCINNATI,OH,452241004,5137293800,PHARMACIST OWNER,3336C0003X|333600000X,tier_1_primary_pharmacy,Y,Y,
1396719076,ABSOLUTE PHARMACY INC,7167 KECK PARK CIR NW,,NORTH CANTON,OH,447206301,3304988123,"VP, BILLING",333600000X|3336L0003X,tier_1_primary_pharmacy,Y,Y,
1013982446,WESTSIDE PHARMACY INC,970 W WOOSTER ST,SUITE #121,BOWLING GREEN,OH,434022643,4193526423,OWNER,333600000X,tier_1_primary_pharmacy,Y,Y,
1710954631,HERITAGE PHARMACY INC,3675 DOLSON CT,,CARROLL,OH,431129721,7406530942,SECRETARY,333600000X|3336C0003X,tier_1_primary_pharmacy,Y,Y,
1144297342,HEALTH QUEST COMPOUNDING PHARMACY INC,14895 N STATE AVE,UNIT D PO,MIDDLEFIELD,OH,44062,4406320111,PRESIDENT,333600000X,tier_1_primary_pharmacy,Y,Y,
1790754653,KLASS APOTHECARY INC,1831 E MAIN ST,,OTTAWA,OH,458751649,4195236122,"OWNER,PIC,AO",3336C0004X|3336C0003X,tier_1_primary_pharmacy,Y,Y,
1417926262,KLASS APOTHECARY INC,105 DR THATYE DRIVE,,GLANDORF,OH,45848,4195387120,OWNER,3336C0003X,tier_1_primary_pharmacy,Y,Y,
1356305585,WEARSCH PHARMACY INC,11 E MAIN ST,,CANFIELD,OH,444061318,3302860226,PRESIDENT,333600000X|3336C0004X|3336C0003X,tier_1_primary_pharmacy,Y,Y,
1952351637,IHS PHARMACY AND WELLNESS CTR LLC,77 S CENTRAL AVE,,FAIRBORN,OH,453244716,9374820328,OWNER,3336C0003X,tier_1_primary_pharmacy,Y,Y,
1891741690,WHITE OAK PHARMACY LLC,8465 STATE ROUTE 339,,VINCENT,OH,457845647,7406782384,OWNER,333600000X|3336C0003X,tier_1_primary_pharmacy,Y,Y,
1457399131,DBA EAST MAIN STREET PHARMACY,1336 E MAIN ST,,COLUMBUS,OH,432052081,6142521998,OWNER AND CHIEF PHARMACIST,3336C0003X,tier_1_primary_pharmacy,Y,Y,
1790726206,JEFF'S FAMILY PHARMACY,101 W PIKE ST,,MORROW,OH,451521107,5138994074,OWNER,3336C0003X,tier_1_primary_pharmacy,Y,Y,
1952343303,MEDSMART CO OP PHARMACY,8044 E MARKET ST,,WARREN,OH,444842258,3308566780,STORE MANAGER,3336C0003X|3336M0003X|333600000X,tier_1_primary_pharmacy,Y,Y,
1730122904,AULTMAN PHARMACY INC,8100 CLEVELAND AVE NW,,NORTH CANTON,OH,447205664,3309660548,PHARMACY MANAGER,3336C0003X,tier_1_primary_pharmacy,Y,Y,
1447293717,CONKLING'S PHARMACY,112 E MAIN ST,,PANDORA,OH,458778706,4193843303,OWNER,3336C0003X,tier_1_primary_pharmacy,Y,Y,
1609810910,WADSWORTH COMPOUNDING APOTHECARY,1197 HIGH ST,,WADSWORTH,OH,442818282,3303354125,OWNER,3336S0011X|333600000X,tier_1_primary_pharmacy,Y,Y,
1265477277,DISCOUNT DRUG MART INC,845 HILL RD N,,PICKERINGTON,OH,431478884,6149203330,PHARMACY COORDINATOR,333600000X|3336C0003X,tier_1_primary_pharmacy,Y,Y,
1174568182,DISCOUNT DRUG MART INC,5298 DETROIT RD,,SHEFFIELD VILLAGE,OH,440351439,4409343840,PHARMACY COORDINATOR,333600000X|3336C0003X,tier_1_primary_pharmacy,Y,Y,
1083659098,DISCOUNT DRUG MART INC,219 MANSFIELD AVE,,SHELBY,OH,448751861,4193478055,PHARMACY COORDINATOR,333600000X|3336C0003X,tier_1_primary_pharmacy,Y,Y,
1891730800,DISCOUNT DRUG MART INC,5599 N HAMILTON RD,,COLUMBUS,OH,432301321,6144720972,PHARMACY COORDINATOR,333600000X|3336C0003X,tier_1_primary_pharmacy,Y,Y,
1700821717,DISCOUNT DRUG MART INC,5378 ROBERTS RD,,HILLIARD,OH,430269753,6148508170,PHARMACY COORDINATOR,333600000X|3336C0003X,tier_1_primary_pharmacy,Y,Y,
1619912623,DISCOUNT DRUG MART INC,6172 TYLERSVILLE RD,,MASON,OH,450401224,5137541361,PHARMACY COORDINATOR,333600000X|3336C0003X,tier_1_primary_pharmacy,Y,Y,
1528003530,DISCOUNT DRUG MART INC,33382 WALKER RD,,AVON LAKE,OH,440121480,4409332327,PHARMACY COORDINATOR,333600000X|3336C0003X,tier_1_primary_pharmacy,Y,Y,
1437194446,DISCOUNT DRUG MART INC,15412 DETROIT AVE,,LAKEWOOD,OH,441073830,2162260600,PHARMACY COORDINATOR,333600000X|3336C0003X,tier_1_primary_pharmacy,Y,Y,
1346285350,DISCOUNT DRUG MART INC,2253 COLORADO AVE,,LORAIN,OH,440523289,4402880191,PHARMACY COORDINATOR,333600000X|3336C0003X,tier_1_primary_pharmacy,Y,Y,
1053356063,DISCOUNT DRUG MART INC,238 2ND ST NW,,NEW PHILADELPHIA,OH,446633747,3303396040,PHARMACY COORDINATOR,333600000X|3336C0003X,tier_1_primary_pharmacy,Y,Y,
1962447979,DISCOUNT DRUG MART INC,8191 COLUMBIA RD,,OLMSTED FALLS,OH,441382023,4402358787,PHARMACY COORDINATOR,333600000X|3336C0003X,tier_1_primary_pharmacy,Y,Y,
1871538884,DISCOUNT DRUG MART INC,725 E 200TH ST,,EUCLID,OH,441192501,2165311700,PHARMACY COORDINATOR,333600000X|3336C0003X,tier_1_primary_pharmacy,Y,Y,
1780629790,DISCOUNT DRUG MART INC,4044 FISHCREEK RD,,STOW,OH,442245402,3306886140,PHARMACY COORDINATOR,333600000X|3336C0003X,tier_1_primary_pharmacy,Y,Y,
1598700502,DISCOUNT DRUG MART INC,12575 CHILLICOTHE RD,,CHESTERLAND,OH,440262501,4407292400,PHARMACY COORDINATOR,333600000X|3336C0003X,tier_1_primary_pharmacy,Y,Y,
1407891419,DISCOUNT DRUG MART INC,6476 YORK RD,,PARMA HEIGHTS,OH,441303067,4408456800,PHARMACY COORDINATOR,333600000X|3336C0003X,tier_1_primary_pharmacy,Y,Y,
1588609598,DISCOUNT DRUG MART INC,1155 E WYANDOT AVE,,UPPER SANDUSKY,OH,433519630,4192945900,PHARMACY COORDINATOR,333600000X|3336C0003X,tier_1_primary_pharmacy,Y,Y,
1396780300,DISCOUNT DRUG MART INC,240 W CENTRAL AVE,,SPRINGBORO,OH,450661189,9377483000,PHARMACY COORDINATOR,333600000X|3336C0003X,tier_1_primary_pharmacy,Y,Y,
1205871217,DISCOUNT DRUG MART INC,1763 E MAIN ST,,KENT,OH,442402896,3306783001,PHARMACY COORDINATOR,333600000X|3336C0003X,tier_1_primary_pharmacy,Y,Y,
1114962123,DISCOUNT DRUG MART INC,1575 LYONS RD,,CENTERVILLE,OH,454581881,9374399779,PHARMACY COORDINATOR,333600000X|3336C0003X,tier_1_primary_pharmacy,Y,Y,
1023053030,DISCOUNT DRUG MART INC,25 BRIGGS DR,,ONTARIO,OH,449063805,4195298101,PHARMACY COORDINATOR,333600000X|3336C0003X,tier_1_primary_pharmacy,Y,Y,
1801831821,DISCOUNT DRUG MART INC,661 WOOSTER ST,,LODI,OH,442541351,3309480520,PHARMACY COORDINATOR,333600000X|3336C0003X,tier_1_primary_pharmacy,Y,Y,
1710922737,DISCOUNT DRUG MART INC,2290 STRINGTOWN RD,,GROVE CITY,OH,431233955,6145394880,PHARMACY COORDINATOR,333600000X|3336C0003X,tier_1_primary_pharmacy,Y,Y,
1629013644,DISCOUNT DRUG MART INC,1005 HIGH ST,,WADSWORTH,OH,442818214,3303345811,PHARMACY COORDINATOR,333600000X|3336C0003X,tier_1_primary_pharmacy,Y,Y,
1538104559,DISCOUNT DRUG MART INC,4925 PORTAGE ST NW,,NORTH CANTON,OH,447207248,3309662115,PHARMACY COORDINATOR,333600000X|3336C0003X,tier_1_primary_pharmacy,Y,Y,
1447295464,DISCOUNT DRUG MART INC,3015 N WOOSTER AVE,,DOVER,OH,446229491,3303437700,PHARMACY COORDINATOR,333600000X|3336C0003X,tier_1_primary_pharmacy,Y,Y,
1841235769,DISCOUNT DRUG MART INC,24485 LORAIN RD,,NORTH OLMSTED,OH,440702168,4407343880,PHARMACY COORDINATOR,333600000X|3336C0003X,tier_1_primary_pharmacy,Y,Y,
1013952936,DISCOUNT DRUG MART INC,1062 W MCPHERSON HWY,,CLYDE,OH,434101002,4195474000,PHARMACY COORDINATOR,333600000X|3336C0003X,tier_1_primary_pharmacy,Y,Y,
1922043843,DISCOUNT DRUG MART INC,1673 PEARL RD,,BRUNSWICK,OH,442123405,3302259615,PHARMACY COORDINATOR,333600000X|3336C0003X,tier_1_primary_pharmacy,Y,Y,
1831134758,DISCOUNT DRUG MART INC,3889 E 71ST ST,,CLEVELAND,OH,441057305,2163417370,PHARMACY COORDINATOR,333600000X|3336C0003X,tier_1_primary_pharmacy,Y,Y,
1740225663,DISCOUNT DRUG MART INC,4208 LIBERTY AVE,,VERMILION,OH,440892114,4409673000,PHARMACY COORDINATOR,333600000X|3336C0003X,tier_1_primary_pharmacy,Y,Y,
1659316578,DISCOUNT DRUG MART INC,84 WHITTLESEY AVE,,NORWALK,OH,448571449,4196683024,PHARMACY COORDINATOR,333600000X|3336C0003X,tier_1_primary_pharmacy,Y,Y,
1568407484,DISCOUNT DRUG MART INC,6148 DUNHAM RD,,MAPLE HEIGHTS,OH,441374786,2166634711,PHARMACY COORDINATOR,333600000X|3336C0003X,tier_1_primary_pharmacy,Y,Y,
1477598399,DISCOUNT DRUG MART INC,4730 HILLS AND DALES RD NW,,CANTON,OH,447081567,3304771558,PHARMACY COORDINATOR,333600000X|3336C0003X,tier_1_primary_pharmacy,Y,Y,
1386689206,DISCOUNT DRUG MART INC,711 CANTON RD,,AKRON,OH,443122618,3307941181,PHARMACY COORDINATOR,333600000X|3336C0003X,tier_1_primary_pharmacy,Y,Y,
1194760017,DISCOUNT DRUG MART INC,1631 CLAREMONT AVE,,ASHLAND,OH,448053536,4192817880,PHARMACY COORDINATOR,333600000X|3336C0003X,tier_1_primary_pharmacy,Y,Y,
1003851924,DISCOUNT DRUG MART INC,5500 WALLINGS RD,,NORTH ROYALTON,OH,441333042,4402309100,PHARMACY COORDINATOR,333600000X|3336C0003X,tier_1_primary_pharmacy,Y,Y,
1912942830,DISCOUNT DRUG MART INC,1145 ALLIANCE RD NW,,MINERVA,OH,446578712,3308683252,PHARMACY COORDINATOR,333600000X|3336C0003X,tier_1_primary_pharmacy,Y,Y,
1821033747,DISCOUNT DRUG MART INC,8459 WASHINGTON ST,,CHAGRIN FALLS,OH,440234511,4405438844,PHARMACY COORDINATOR,333600000X|3336C0003X,tier_1_primary_pharmacy,Y,Y,
1730124652,DISCOUNT DRUG MART INC,3032 N RIDGE RD E,,ASHTABULA,OH,440044304,4409980663,PHARMACY COORDINATOR,333600000X|3336C0003X,tier_1_primary_pharmacy,Y,Y,
1649215567,DISCOUNT DRUG MART INC,5863 DARROW RD,,HUDSON,OH,442363839,3303425500,PHARMACY COORDINATOR,333600000X|3336C0003X,tier_1_primary_pharmacy,Y,Y,
1558306472,DISCOUNT DRUG MART INC,8951 S OLD STATE RD,,LEWIS CENTER,OH,430359146,6148417555,PHARMACY COORDINATOR,333600000X|3336C0003X,tier_1_primary_pharmacy,Y,Y,
1992740815,DISCOUNT DRUG MART INC,9965 SAWMILL PKWY,,POWELL,OH,430656670,6146590311,PHARMACY COORDINATOR,333600000X|3336C0003X,tier_1_primary_pharmacy,Y,Y,
1801831722,DISCOUNT DRUG MART INC,33552 DETROIT RD,,AVON,OH,440112030,4409374510,PHARMACY COORDINATOR,3336C0003X|333600000X,tier_1_primary_pharmacy,Y,Y,
1992740427,COAL GROVE PHARMACY INC,600 MARION PIKE,,IRONTON,OH,456382963,7405332479,"OWNER, PIC",333600000X|3336C0004X|3336C0003X,tier_1_primary_pharmacy,Y,Y,
1407891625,SAMARITAN PHARMACY,2222 PHILADELPHIA DR,,DAYTON,OH,454061813,9372741546,PHARMACIST,3336C0003X|333600000X,tier_1_primary_pharmacy,Y,Y,
1255377347,DISCOUNT DRUG MART INC,300 N LEAVITT RD,,AMHERST,OH,440011127,4409842439,PHARMACY COORDINATOR,333600000X|3336C0003X,tier_1_primary_pharmacy,Y,Y,
1164468252,DISCOUNT DRUG MART INC,655 PORTAGE TRL,,CUYAHOGA FALLS,OH,442213001,3309238332,PHARMACY COORDINATOR,333600000X|3336C0003X,tier_1_primary_pharmacy,Y,Y,
1073559167,DISCOUNT DRUG MART INC,13123 DETROIT AVE,,LAKEWOOD,OH,441072839,2165299100,PHARMACY COORDINATOR,333600000X|3336C0003X,tier_1_primary_pharmacy,Y,Y,
1225074321,DISCOUNT DRUG MART INC,500 ABBE RD N,,ELYRIA,OH,440353743,4403658319,PHARMACY COORDINATOR,333600000X|3336C0003X,tier_1_primary_pharmacy,Y,Y,
1215973722,"COPE PHARMACY, INC.",941 W NIMISILA RD,,AKRON,OH,443194624,3308826767,OWNER /PHARMACIST,3336C0003X,tier_1_primary_pharmacy,Y,Y,
1871539262,DISCOUNT DRUG MART INC,27300 DETROIT RD,,WESTLAKE,OH,441452229,4408716077,PHARMACY COORDINATOR,333600000X|3336C0003X,tier_1_primary_pharmacy,Y,Y,
1780620179,DISCOUNT DRUG MART INC,3700 MILAN RD,,SANDUSKY,OH,448705618,4196250733,PHARMACY COORDINATOR,333600000X|3336C0003X,tier_1_primary_pharmacy,Y,Y,
1598701989,DISCOUNT DRUG MART INC,17815 PURITAS AVE,,CLEVELAND,OH,441353819,2162674630,PHARMACY COORDINATOR,333600000X|3336C0003X,tier_1_primary_pharmacy,Y,Y,
1407892896,DISCOUNT DRUG MART INC,4170 FULTON RD,,CLEVELAND,OH,441441800,2167413993,PHARMACY COORDINATOR,333600000X|3336C0003X,tier_1_primary_pharmacy,Y,Y,
1316983703,DISCOUNT DRUG MART INC,307 W WALTON ST,,WILLARD,OH,448909133,4199356211,PHARMACY COORDINATOR,333600000X|3336C0003X,tier_1_primary_pharmacy,Y,Y,
1225074610,DISCOUNT DRUG MART INC,6160 BRECKSVILLE RD,,INDEPENDENCE,OH,441311504,2165241835,PHARMACY COORDINATOR,333600000X|3336C0003X,tier_1_primary_pharmacy,Y,Y,
1134165525,DISCOUNT DRUG MART INC,12289 LEAVITT RD,,OBERLIN,OH,440748500,4407745212,PHARMACY COORDINATOR,333600000X|3336C0003X,tier_1_primary_pharmacy,Y,Y,
1043256431,DISCOUNT DRUG MART INC,420 CLEVELAND RD E,,HURON,OH,448391750,4194334565,PHARMACY COORDINATOR,333600000X|3336C0003X,tier_1_primary_pharmacy,Y,Y,
1952347346,DISCOUNT DRUG MART INC,8500 MENTOR AVE,,MENTOR,OH,440605819,4402550040,PHARMACY COORDINATOR,333600000X|3336C0003X,tier_1_primary_pharmacy,Y,Y,
1609802958,DISCOUNT DRUG MART INC,135 HARDING ST,,MEDINA,OH,442561634,3307257117,PHARMACY COORDINATOR,333600000X|3336C0003X,tier_1_primary_pharmacy,Y,Y,
1518993864,DISCOUNT DRUG MART INC,814 N MAIN ST,,WELLINGTON,OH,440901000,4406476634,PHARMACY COORDINATOR,333600000X|3336C0003X,tier_1_primary_pharmacy,Y,Y,
1427084771,DISCOUNT DRUG MART INC,629 BEALL AVE,,WOOSTER,OH,446912901,3302648404,PHARMACY COORDINATOR,333600000X|3336C0003X,tier_1_primary_pharmacy,Y,Y,
1336175686,DISCOUNT DRUG MART INC,34100 VINE ST,,WILLOWICK,OH,440955108,4409423330,PHARMACY COORDINATOR,333600000X|3336C0003X,tier_1_primary_pharmacy,Y,Y,
1245266592,DISCOUNT DRUG MART INC,4441 STATE ROUTE 725,,BELLBROOK,OH,453051554,9378483700,PHARMACY COORDINATOR,333600000X|3336C0003X,tier_1_primary_pharmacy,Y,Y,
1154357408,DISCOUNT DRUG MART INC,107 S CHESTNUT ST,,JEFFERSON,OH,440471312,4405763111,PHARMACY COORDINATOR,333600000X|3336C0003X,tier_1_primary_pharmacy,Y,Y,
1063448314,DISCOUNT DRUG MART INC,592 12TH ST NW,,CARROLLTON,OH,446159413,3306279005,PHARMACY COORDINATOR,333600000X|3336C0003X,tier_1_primary_pharmacy,Y,Y,
1972530327,FALCON PHARMACY INVESTMENTS LLC,159 W MAIN ST,,WILMINGTON,OH,451772238,9373820921,OWNER/PRESIDENT,3336S0011X|333600000X|3336C0003X,tier_1_primary_pharmacy,Y,Y,
1356379440,DISCOUNT DRUG MART INC,1695 N MAIN ST,,NORTH CANTON,OH,447208605,3304979393,PHARMACY COORDINATOR,333600000X|3336C0003X,tier_1_primary_pharmacy,Y,Y,
1649205253,SMITH DRUG CO INC,8746 STATE ROUTE 335,,MINFORD,OH,45653,7408202163,PRESIDENT / OWNER,3336C0003X|333600000X,tier_1_primary_pharmacy,Y,Y,
1720012958,"C & B MAIN DISCOUNT DRUG CENTER, INC",8507 MAIN ST,,KINSMAN,OH,444289333,3308761228,PRESIDENT,3336L0003X|3336C0003X,tier_1_primary_pharmacy,Y,Y,
1356366280,TROUTMAN DRUG COMPANY,501 ROBBINS AVE,,NILES,OH,444462411,3306521435,OWNER/PHARMACIST IN CHARGE,333600000X|3336C0003X,tier_1_primary_pharmacy,Y,Y,
1669498788,MBR PHARMACY INC,421 GEORGESVILLE RD,,COLUMBUS,OH,432282420,6142799368,PRST OWNER AND PHARMACIST,3336C0002X|3336C0003X,tier_1_primary_pharmacy,Y,Y,
1992721856,"BUNNY'S PHARMACY, INC",112 N MAIN AVE,,SIDNEY,OH,453652731,9374924550,PRESIDENT,333600000X|3336L0003X|3336C0004X|3336C0003X,tier_1_primary_pharmacy,Y,Y,
1619994357,SCHWIETERMAN'S DRUG STORE INC,2 N WASHINGTON ST,,NEW BREMEN,OH,458691113,4196292336,PRESIDENT,3336C0003X,tier_1_primary_pharmacy,Y,Y,
1528088119,SCHWIETERMANS DRUG STORE INC,324 N MAIN ST,,MINSTER,OH,458659560,4196282305,PRES,333600000X|3336C0003X,tier_1_primary_pharmacy,Y,Y,
1720008022,SCHWIETERMAN'S DRUG STORE INC,1052 E SPRING ST,,SAINT MARYS,OH,458852446,4193943219,PHARMACIST/MGR,3336C0003X,tier_1_primary_pharmacy,Y,Y,
1750302717,GRIFFITHS PHARMACY INC,601 HANOVER ST,,MARTINS FERRY,OH,439351516,7406332543,PRESIDENT,333600000X|3336C0003X,tier_1_primary_pharmacy,Y,Y,
1225051030,LANE DRUG CO,3013 MONROE STREET,,TOLEDO,OH,436064603,4192439803,SR MANAGER THIRD PARTY ENROLLMENTS,3336C0003X,tier_1_primary_pharmacy,Y,Y,
1942223763,LANE DRUG CO,1221 WEST HIGH STREET,,BRYAN,OH,435061543,4196366142,SR MANAGER THIRD PARTY ENROLLMENTS,3336C0003X,tier_1_primary_pharmacy,Y,Y,
1922021740,LANE DRUG CO,4018 NORTH MCCORD ROAD,,SYLVANIA,OH,435603264,4198852989,SR MANAGER THIRD PARTY ENROLLMENTS,3336C0003X,tier_1_primary_pharmacy,Y,Y,
1386667640,"KARANT PHARMACY SERVICES, INC.",3300 GREENWICH RD,SUITE 14,NORTON,OH,442035714,3308257676,PRESIDENT/PHARMACIST OF RECORD,3336C0003X,tier_1_primary_pharmacy,Y,Y,
1851306799,MARCS PHARMACY,13883 CEDAR RD,,SOUTH EUCLID,OH,441183202,2169321090,3RD PARTY ADMIN,333600000X|3336C0003X,tier_1_primary_pharmacy,Y,Y,
1134134778,BRYANS FAMILY PHARMACY,726 E MAIN ST,SUITE 29,LEBANON,OH,450361900,5132280800,PRESIDENT,3336C0004X|333600000X|3336C0003X,tier_1_primary_pharmacy,Y,Y,
1285649889,COUNSEL RX INC.,234 W MAIN ST STE B,,BELLEVUE,OH,448111330,4194836001,OWNER,333600000X|3336L0003X,tier_1_primary_pharmacy,Y,Y,
1124033741,PHARMACY OPERATIONS INC,900 BROWN ST,,DAYTON,OH,454092912,9372240380,VP,333600000X|3336C0003X,tier_1_primary_pharmacy,Y,Y,
1639185945,LANE DRUG CO,210 MAIN STREET,,TOLEDO,OH,436052036,4196915732,SR MANAGER THIRD PARTY ENROLLMENTS,3336C0003X,tier_1_primary_pharmacy,Y,Y,
1548276850,LANE DRUG CO,5224 DORR STREET,,TOLEDO,OH,436153602,4195315946,SR MANAGER THIRD PARTY ENROLLMENT,3336C0003X,tier_1_primary_pharmacy,Y,Y,
1457367765,LANE DRUG CO,113 NORTH COUNTYLINE STREET,,FOSTORIA,OH,448301766,4194353476,SR MANAGER THIRD PARTY ENROLLMENTS,3336C0003X,tier_1_primary_pharmacy,Y,Y,
1366458671,LANE DRUG CO,4869 NORTH SUMMIT STREET,,TOLEDO,OH,436112854,4197268449,SR MANAGER THIRD PARTY ENROLLMENTS,3336C0003X,tier_1_primary_pharmacy,Y,Y,
1184630493,LANE DRUG CO,1501 NORTH MAIN STREET,,FINDLAY,OH,458403752,4194247433,SR MANAGER THIRD PARTY ENROLLMENTS,3336C0003X,tier_1_primary_pharmacy,Y,Y,
1992711204,LANE DRUG CO,130 SOUTH DETROIT STREET,,KENTON,OH,433261902,4196731481,SR MANAGER THIRD PARTY ENROLLMENTS,3336C0003X,tier_1_primary_pharmacy,Y,Y,
1801802111,LANE DRUG CO,618 NORTH CLINTON STREET,,DEFIANCE,OH,435121609,4197842375,SR MANAGER THIRD PARTY ENROLLMENTS,3336C0003X,tier_1_primary_pharmacy,Y,Y,
1710993027,LANE DRUG CO,1415 BELLEFONTAINE AVENUE,,LIMA,OH,458043168,4192282128,SR MANAGER THIRD PARTY ENROLLMENTS,3336C0003X,tier_1_primary_pharmacy,Y,Y,
1629084934,LANE DRUG CO,1000 NORTH WILLIAMS STREET,,PAULDING,OH,458791076,4193994961,SR MANAGER THIRD PARTY ENROLLMENTS,3336C0003X,tier_1_primary_pharmacy,Y,Y,
1538175849,LANE DRUG CO,3720 TUSCARAWAS STREET WEST,,CANTON,OH,447085619,3304788510,SR MANAGER THIRD PARTY ENROLLMENTS,3336C0003X,tier_1_primary_pharmacy,Y,Y,
1447266754,LANE DRUG CO,2220 SOUTH LOCUST STREET,,CANAL FULTON,OH,446148406,3308549726,SR MANAGER THIRD PARTY ENROLLMENTS,3336C0003X,tier_1_primary_pharmacy,Y,Y,
1356357669,LANE DRUG CO,875 LEXINGTON AVENUE,,MANSFIELD,OH,449071945,4197568329,MANAGER ONLINE ADJUDICATION,3336C0003X,tier_1_primary_pharmacy,Y,Y,
1265448575,LANE DRUG CO,4 NEWARK ROAD,,MOUNT VERNON,OH,430504113,7403932837,SR MANAGER THIRD PARTY ENROLLMENTS,3336C0003X,tier_1_primary_pharmacy,Y,Y,
1750396107,COUNSEL RX INC.,234 W MAIN ST,,BELLEVUE,OH,448111330,4194833784,OWNER,333600000X|3336C0003X,tier_1_primary_pharmacy,Y,Y,
1427068238,LANE DRUG CO,613 WEST MAIN STREET,,LOUISVILLE,OH,446411335,3308751429,MANAGER ONLINE ADJUDICATION,3336C0003X,tier_1_primary_pharmacy,Y,Y,
1194735720,KNISLEY PHARMACY LIMITED,115 E MAIN ST,,BAINBRIDGE,OH,456121102,7406343231,"OWNER,PIC,AO",333600000X|3336C0003X,tier_1_primary_pharmacy,Y,Y,
1528078706,SCHWIETERMANS DRUG STORE INC,404 W NORTH ST,,COLDWATER,OH,458281230,4196783435,OWNER,3336C0003X|3336L0003X,tier_2_secondary_pharmacy,N,Y,
1407867062,WATERS PHARMACY INC,100 MAIN ST,,RIPLEY,OH,451671232,9373924020,PRESIDENT,333600000X|3336C0003X,tier_1_primary_pharmacy,Y,Y,
1669483228,MCMEANS PHARMACY INC,708 4TH ST E,,SOUTH POINT,OH,456807111,7403772677,OWNER,333600000X|3336C0003X,tier_1_primary_pharmacy,Y,Y,
1538170170,STEUBENVILLE PHARMACY SERVICE INC,100 WELDAY AVE STE B,,WINTERSVILLE,OH,439533779,7402841810,CHIEF OPER OFFICER,333600000X|3336L0003X,tier_1_primary_pharmacy,Y,Y,
1952312514,DONOHOO PHARMACY INC,114 S MAIN ST,,GEORGETOWN,OH,451211221,9373784844,OWNER AND PRESIDENT,333600000X|3336C0003X,tier_1_primary_pharmacy,Y,Y,
1578574133,RX PLUS INC,3920 US HIGHWAY 23,,PORTSMOUTH,OH,456626468,7403542877,OWNER,333600000X|3336C0003X,tier_1_primary_pharmacy,Y,Y,
1679584239,SCARBROUGH PHARMACY INC,138 E MAIN ST,,LEIPSIC,OH,458561427,4199432561,PRESIDENT,333600000X|3336C0003X,tier_1_primary_pharmacy,Y,Y,
1396756953,BARTLEYS DISCOUNT PHARMACY INC,302 E EMMITT AVE,,WAVERLY,OH,456901338,7409472126,"OWNER, PIC",333600000X|3336C0003X,tier_1_primary_pharmacy,Y,Y,
1205847860,PRIME PHARMACY INC,902 4TH ST,,PORTSMOUTH,OH,456624314,7403543291,OWNER/PHARMACIST,333600000X|3336C0003X,tier_1_primary_pharmacy,Y,Y,
1114938776,BENTLEY RXPRESS PHARMACY INC,505 S 3RD ST,,IRONTON,OH,456381835,7405332345,PRESIDENT,333600000X|3336C0003X,tier_1_primary_pharmacy,Y,Y,
1649281205,ST HENRY HOMETOWN PHARMACY,451 STACHLER DR,,ST HENRY,OH,45883,4196787901,OWNER,3336C0003X|333600000X,tier_1_primary_pharmacy,Y,Y,
1558372110,MIKES BATAVIA PHARMACY INC,2234 BAUER RD SUITE A,,BATAVIA,OH,45103,5137323000,VP,333600000X|3336C0003X,tier_1_primary_pharmacy,Y,Y,
1053322610,SCARBROUGH PHARMACY INC,127 N MAIN ST,,NORTH BALTIMORE,OH,458721124,4192572221,PRESIDENT,333600000X|3336C0003X,tier_1_primary_pharmacy,Y,Y,
1780695346,NEWARK PHARMACY LLC,57 WEST MAIN STREET,,NEWARK,OH,43055,7403459761,OWNER,333600000X|3336C0003X,tier_1_primary_pharmacy,Y,Y,
1710999586,"GAHM'S PHARMACY II, INC.",1565 GALENA PIKE,,WEST PORTSMOUTH,OH,456636059,7408585000,PRESIDENT,3336L0003X|3336C0003X,tier_1_primary_pharmacy,Y,Y,
1912910738,WYOMING PHARMACY INC,24 COMPTON RD,,CINCINNATI,OH,452161000,5138217878,PRESIDENT,3336C0003X,tier_1_primary_pharmacy,Y,Y,
1578576872,LANE DRUG CO,7225 AIRPORT HIGHWAY,,HOLLAND,OH,435287829,4198668943,SR MANAGER THIRD PARTY ENROLLMENTS,3336C0003X,tier_1_primary_pharmacy,Y,Y,
1275646499,TRI-STATE COMPOUNDING PHARMACY LLC,7715 BEECHMONT AVE,,CINCINNATI,OH,452554203,5136247333,"OWNER,PIC,AO",333600000X|3336C0003X|3336C0004X,tier_1_primary_pharmacy,Y,Y,
1811000144,BLAKE PHARMACY,103 N MAIN ST,,PEEBLES,OH,456601246,9375873100,PHARMACIST/MGR,333600000X|3336C0003X,tier_1_primary_pharmacy,Y,Y,
1467566356,VISCONTI AND LECHLER PHARMACY,6106 HAMILTON AVE,,CINCINNATI,OH,452242514,5135410975,PARTNER,3336C0003X|333600000X,tier_1_primary_pharmacy,Y,Y,
1598879272,STERLING PHARMACY,283 YANKEETOWN ST,,MT. STERLING,OH,431439410,7408693784,OWNER-RESPONSIBLE PHARMMACIST,3336C0003X,tier_2_secondary_pharmacy,N,Y,
1962516948,MILLER PHARMACY,234 MAIN ST,,COSHOCTON,OH,438121507,7406221806,PRESIDENT,333600000X|3336C0003X,tier_1_primary_pharmacy,Y,Y,
1871607853,RAYS PHARMACY INC,2206 CATALPA DR,,DAYTON,OH,454063001,9372741187,PRES,333600000X|3336C0003X,tier_1_primary_pharmacy,Y,Y,
1780798769,"HARES PHARMACY II, INC",367 N 7TH ST,,HAMILTON,OH,450113438,5138957514,PRESIDENT,3336C0003X,tier_1_primary_pharmacy,Y,Y,
1598879579,WAPAK PHARMACY INC,101 E PIKE ST,,JACKSON CENTER,OH,45334,9375966621,OWNER,3336C0003X|333600000X,tier_1_primary_pharmacy,Y,Y,
1407960487,LK PHARMACY INC,819 MCCARTNEY RD,,YOUNGSTOWN,OH,445055047,3307443337,OWNER,333600000X|3336C0003X,tier_1_primary_pharmacy,Y,Y,
1316051394,"SOUTH WEBSTER PHARMACY, LLC",11016 MAIN ST,,SOUTH WEBSTER,OH,456827501,7407783784,OWNER,333600000X|3336C0003X,tier_1_primary_pharmacy,Y,Y,
1306951348,PHARMACY ETC,6495 E BROAD ST,,COLUMBUS,OH,432131541,6148669338,PRESIDENT,3336C0004X|333600000X|3336C0003X,tier_1_primary_pharmacy,Y,Y,
1124133160,HIGHLAND SQUARE PHARMACY INC,786 W MARKET ST,,AKRON,OH,443031048,3305353153,PRESIDENT PIC,333600000X|3336C0003X,tier_1_primary_pharmacy,Y,Y,
1851406896,DOWNTOWN DRUG,111 S HIGH ST,,HILLSBORO,OH,451331442,9378400136,OWNERS,333600000X|3336C0003X,tier_1_primary_pharmacy,Y,Y,
1760597702,DONNELLY PHARMACY SERVICES INC,325 CENTER ST,,CHARDON,OH,440241184,4402866166,OWNER PHARMACIST,333600000X|3336C0003X,tier_1_primary_pharmacy,Y,Y,
1679688618,"RX PLUS, INC",3520 RHODES AVE,,NEW BOSTON,OH,456624975,7404563784,PRESIDENT,3336C0003X|333600000X,tier_1_primary_pharmacy,Y,Y,
1255447884,KOEHLER DRUG COMPANY INC,136 N SANDUSKY AVE,,UPPER SANDUSKY,OH,433511254,4192941916,OWNER/PHARMACIST,3336C0003X,tier_1_primary_pharmacy,Y,Y,
1174630461,SCHWIETERMAN'S DRUG STORE INC,1302 DEFIANCE ST,,WAPAKONETA,OH,458951081,4197385959,PRESIDENT,3336C0003X,tier_1_primary_pharmacy,Y,Y,
1558478719,SCHWIETERMAN VILLAGE PHARMACY,200 W MAIN ST,,CRIDERSVILLE,OH,458062325,4196454009,PRESIDENT,3336C0003X,tier_1_primary_pharmacy,Y,Y,
1053428193,"COLONIAL PHARMACY, INC.",1915 N CLEVELAND-MASSILLON RD,,BATH,OH,442100396,3306663569,OWNER/PIC,3336C0003X,tier_1_primary_pharmacy,Y,Y,
1144337817,SARDINIA PHARMACY INC,7110 BACHMAN RD,,SARDINIA,OH,451719456,9374462545,OWNER,333600000X,tier_1_primary_pharmacy,Y,Y,
1962510339,"SWANTON DRUG, INC",151 E. AIRPORT HWY,,SWANTON,OH,43558,4198255050,OWNER,3336L0003X|3336C0003X,tier_1_primary_pharmacy,Y,Y,
1396854634,LANE DRUG CO,1111 SCOTT STREET,,NAPOLEON,OH,435451080,4195929086,SR MANAGER THIRD PARTY ENROLLMENTS,3336C0003X,tier_1_primary_pharmacy,Y,Y,
1114036456,LANE DRUG CO,2430 GLENDALE AVENUE,,TOLEDO,OH,436142736,4193816981,SR MANAGER THIRD PARTY ENROLLMENTS,3336C0003X,tier_1_primary_pharmacy,Y,Y,
1023127362,LANE DRUG CO,1175 LOUISIANNA AVENUE,,PERRYSBURG,OH,435512537,4198743587,SR MANAGER THIRD PARTY ENROLLMENTS,3336C0003X,tier_1_primary_pharmacy,Y,Y,
1841309184,LANE DRUG CO,810 EAST MANHATTAN BOULEVARD,,TOLEDO,OH,436081471,4197292907,SR MANAGER THIRD PARTY ENROLLMENTS,3336C0003X,tier_1_primary_pharmacy,Y,Y,
1477662716,LANE DRUG CO,3030 MARKET AVENUE NORTHEAST,,CANTON,OH,447141428,3304560515,SR MANAGER THIRD PARTY ENROLLMENTS,3336C0003X,tier_1_primary_pharmacy,Y,Y,
1194834432,LANE DRUG CO,705 WEST HIGH AVENUE,,NEW PHILADELPHIA,OH,446632057,3303392565,SR MANAGER THIRD PARTY ENROLLMENTS,3336C0003X,tier_1_primary_pharmacy,Y,Y,
1639288970,LANE DRUG CO,1075 ASHLAND ROAD,,MANSFIELD,OH,449052156,4195898843,SR MANAGER THIRD PARTY ENROLLMENTS,3336C0003X,tier_1_primary_pharmacy,Y,Y,
1720197072,LANE DRUG CO,364 MAIN STREET,,CONNEAUT,OH,440302631,4405936258,MANAGER ONLINE ADJUDICATION,3336C0003X,tier_1_primary_pharmacy,Y,Y,
1548379894,LANE DRUG CO,510 WEST MARION ROAD,,MOUNT GILEAD,OH,433381026,4199478515,SR MANAGER THIRD PARTY ENROLLMENTS,3336C0003X,tier_1_primary_pharmacy,Y,Y,
1295844538,LANE DRUG CO,8239 WATERVILLE SWANTON ROAD,,WATERVILLE,OH,435669725,4198788384,SR MANAGER THIRD PARTY ENROLLMENTS,3336C0003X,tier_1_primary_pharmacy,Y,Y,
1013026350,LANE DRUG CO,2229 EAST STATE STREET,,SALEM,OH,444602580,3303373494,SR MANAGER THIRD PARTY ENROLLMENTS,3336C0003X,tier_1_primary_pharmacy,Y,Y,
1831208172,LANE DRUG CO,419 CLAREMONT AVE,,ASHLAND,OH,448053009,4192893717,DIRECTOR,3336C0003X,tier_1_primary_pharmacy,Y,Y,
1386753622,LANE DRUG CO,3129 LINCOLN WAY EAST,,MASSILLON,OH,446463756,3308373138,SR MANAGER THIRD PARTY ENROLLMENTS,3336C0003X,tier_1_primary_pharmacy,Y,Y,
1003925348,LANE DRUG CO,145 WEST MAIN STREET,,CRESTLINE,OH,448271430,4196832512,MANAGER ONLINE ADJUDICATION,3336C0003X,tier_1_primary_pharmacy,Y,Y,
1457460792,LANE DRUG CO,21991 WEST STATE ROUTE 51,,GENOA,OH,434301251,4198558363,SR MANAGER THIRD PARTY ENROLLMENTS,3336C0003X,tier_1_primary_pharmacy,Y,Y,
1639288988,LANE DRUG CO,7844 STATE ROUTE 45,,LISBON,OH,444329396,3304247743,MANAGER ONLINE ADJUDICATION,3336C0003X,tier_1_primary_pharmacy,Y,Y,
1205945540,LANE DRUG CO,506 WEST MARKET STREET,,LIMA,OH,458014718,4192227797,SR MANAGER THIRD PARTY ENROLLMENTS,3336C0003X,tier_1_primary_pharmacy,Y,Y,
1932218278,LANE DRUG CO,1012 W SYLVANIA AVE,,TOLEDO,OH,436121702,4194788177,SR MANAGER THIRD PARTY ENROLLMENTS,3336C0003X,tier_1_primary_pharmacy,Y,Y,
1740399088,LANE DRUG CO,429 WEST CHURCH STREET,,UPPER SANDUSKY,OH,433511038,4192943469,SR MANAGER THIRD PARTY ENROLLMENTS,3336C0003X,tier_1_primary_pharmacy,Y,Y,
1366551608,LANE DRUG CO,300 EAST LINCOLN WAY,,MINERVA,OH,446571406,3308684171,SR MANAGER THIRD PARTY ENROLLMENTS,3336C0003X,tier_1_primary_pharmacy,Y,Y,
1093824344,LANE DRUG CO,1895 WEST STATE STREET,,ALLIANCE,OH,446013538,3308230850,MANAGER ONLINE ADJUDICATION,3336C0003X,tier_1_primary_pharmacy,Y,Y,
1275642381,UPTOWN PHARMACY LLC,23 N STATE ST,,WESTERVILLE,OH,430812113,6148822392,OWNER,3336C0004X|333600000X|3336C0003X,tier_1_primary_pharmacy,Y,Y,
1336259811,LAWLER'S PHARMACY LLC,817 MAIN ST,,DRESDEN,OH,43821,7407543434,OWNER,333600000X,tier_1_primary_pharmacy,Y,Y,
1467564476,HERITAGE PHARMACY INC,3675 DOLSON CT,,CARROLL,OH,431129721,7406530942,PRESIDENT,3336C0004X|3336I0012X|333600000X|3336L0003X,tier_1_primary_pharmacy,Y,Y,
1679684765,LANE DRUG CO,3325 WEST CENTRAL AVENUE,,TOLEDO,OH,436061406,4195311172,SR MANAGER THIRD PARTY ENROLLMENTS,3336C0003X,tier_1_primary_pharmacy,Y,Y,
1912018003,LANE DRUG CO,302 WEST ROBB AVENUE,,LIMA,OH,458012745,4192295846,SR MANAGER THIRD PARTY ENROLLMENTS,3336C0003X,tier_1_primary_pharmacy,Y,Y,
1932210028,LANE DRUG CO,5033 SUDER AVENUE,,TOLEDO,OH,436111458,4197299934,SR MANAGER THIRD PARTY ENROLLMENTS,3336C0003X,tier_1_primary_pharmacy,Y,Y,
1265544274,SHELTON PHARMACY,1525 WAYNE AVE,,DAYTON,OH,454101707,9372534108,PRESIDENT,3336C0003X|333600000X,tier_1_primary_pharmacy,Y,Y,
1083726095,CURE RX LLC,90 TROY ROAD SHOPPING CTR,,DELAWARE,OH,430151061,7403694308,OWNER,3336C0002X|3336C0003X,tier_1_primary_pharmacy,Y,Y,
1649381732,LANE DRUG CO,1816 EAST SECOND STREET,,DEFIANCE,OH,435122502,4197827832,SR MANAGER THIRD PARTY ENROLLMENTS,3336C0003X,tier_1_primary_pharmacy,Y,Y,
1427169523,LANE DRUG CO,4042 CLEVELAND AVENUE,,CANTON,OH,447073624,3304843947,SR MANAGER PROVIDER ENROLLMENT,3336C0003X,tier_1_primary_pharmacy,Y,Y,
1245341346,LANE DRUG CO,2110 WALES ROAD NORTHEAST,,MASSILLON,OH,446462302,3308333194,MANAGER ONLINE ADJUDICATION,3336C0003X,tier_1_primary_pharmacy,Y,Y,
1295847762,WHITES PHARMACY INC,4057 E LIVINGSTON AVE,,COLUMBUS,OH,43227,6142377677,PHARMICIST,3336C0003X,tier_1_primary_pharmacy,Y,Y,
1811008550,OKULEYS PHARMACY AND HOME MEDICAL OF WAUSEON INC,123 S FULTON ST,,WAUSEON,OH,435671351,4193356901,OWNER,333600000X|3336C0003X,tier_1_primary_pharmacy,Y,Y,
1174635189,SHELIGA DRUG INC,6025 SAINT CLAIR AVE,,CLEVELAND,OH,441031449,2164311035,PRESIDENT,333600000X|3336C0003X,tier_1_primary_pharmacy,Y,Y,
1427160977,COLER DRUG MCCONNELSVILLE LTD,105 N KENNEBEC AVE,,MCCONNELSVILLE,OH,437561254,7409622552,OWNER/MANAGER,333600000X|3336C0003X,tier_1_primary_pharmacy,Y,Y,
1891807806,ARIES PHARMACY LLC,8200 STATE ROUTE 366,SUITE 3,RUSSELLS POINT,OH,433489670,9738433700,OWNER/SOLE MEMBER/RESPONSIBLE PHARM,333600000X|3336C0003X,tier_1_primary_pharmacy,Y,Y,
1346352358,PACETTIS APOTHECARY INC,268 W CENTRAL AVE,,SPRINGBORO,OH,450661104,9377480555,OWNER PHARMACIST,333600000X|3336L0003X|3336C0003X,tier_1_primary_pharmacy,Y,Y,
1982716999,MAIN STREET PHARMACY LLC,601 W MAIN ST,,BLANCHESTER,OH,451071141,9377833999,OWNER,3336C0003X|333600000X,tier_1_primary_pharmacy,Y,Y,
1013028109,LANE DRUG CO,6484 MONROW STREET,,SYLVANIA,OH,435601430,4198853616,SR MANAGER THIRD PARTY ENROLLMENTS,3336C0003X,tier_1_primary_pharmacy,Y,Y,
1518069210,COLER DRUG NEW LEXINGTON LTD,120 S BUCKEYE ST,,CROOKSVILLE,OH,437311015,7409823081,OWNER,333600000X|3336C0003X,tier_1_primary_pharmacy,Y,Y,
1760585079,"LUTHERAN FAMILY PHARMACY, INC",1730 W 25TH ST,,CLEVELAND,OH,441133108,2166967055,PRESIDENT,3336C0003X,tier_1_primary_pharmacy,Y,Y,
1114021177,LOUISVILLE PHARMACY INC,700 W MAIN ST,,LOUISVILLE,OH,446411338,3308755525,VICE PRESIDENT,333600000X|3336C0003X,tier_1_primary_pharmacy,Y,Y,
1841394806,PARSONS PHARMACY INC,1493 PARSONS AVE,,COLUMBUS,OH,432071230,6144445992,OWNER,333600000X|3336C0003X,tier_1_primary_pharmacy,Y,Y,
1396849352,WINDHAM PHARMACY INC,9650 E CENTER ST,,WINDHAM,OH,442881050,3303263851,OWNER,333600000X|3336C0003X,tier_1_primary_pharmacy,Y,Y,
1255436929,ROHE PHARMACY INC.,4047 HARRISON AVE,,CINCINNATI,OH,452114639,5136610480,PRESIDENT,3336C0003X,tier_1_primary_pharmacy,Y,Y,
1851497283,HILL'S COMPOUNDING PHARMACY,931 STATE ROUTE 28,SUITE 204,MILFORD,OH,451504918,5138313735,R.PH./OWNER,333600000X,tier_1_primary_pharmacy,Y,Y,
1285731117,TREMONT PHARMACY INC,2144 TREMONT CTR,,COLUMBUS,OH,432213110,6144882625,PRESIDENT,333600000X|3336C0003X,tier_1_primary_pharmacy,Y,Y,
1285731190,PHARMACY OVER THE RHINE,5 E LIBERTY ST,,CINCINNATI,OH,452028202,5135790900,PIC,3336C0003X,tier_1_primary_pharmacy,Y,Y,
1417054354,OLAKERS APOTHECARY LLC,1013 JEFFERSON ST,,GREENFIELD,OH,451231283,9379813245,OWNER/PHARMACIST,333600000X|3336L0003X|3336C0003X,tier_1_primary_pharmacy,Y,Y,
1770681827,GRUND DRUG CO,227 S. FRONT ST,,FREMONT,OH,43420,4193325585,VICE PRESIDENT TREASURER PHARMACIST,3336C0003X,tier_1_primary_pharmacy,Y,Y,
1225136112,THORNVILLE PHARMACY LLC,2 N MAIN ST,,THORNVILLE,OH,430769444,7402466511,SOLE OWNER,3336C0003X,tier_1_primary_pharmacy,Y,Y,
1184723652,CLARKS RX LLC,7415 OLD TROY PIKE,,HUBER HEIGHTS,OH,454242662,9377232880,PRESIDENT,333600000X|3336C0004X|3336C0003X,tier_1_primary_pharmacy,Y,Y,
1255430591,THRIFT DRUG INC,4250 SUNSET BLVD,,STEUBENVILLE,OH,439523618,7402641711,MANAGER ONLINE ADJUDICATION,3336C0003X|333600000X,tier_1_primary_pharmacy,Y,Y,
1053411033,"D-J DRUG DISTRIBUTORS, INC.",676 S BROADWAY ST,,AKRON,OH,443111059,3302530963,PRESIDENT,3336C0003X,tier_1_primary_pharmacy,Y,Y,
1659471654,KLEINS PHARMACY & ORTHOPEDIC APPLIANCES INC AND SUBSIDIARY,2015 STATE RD,SUITE A,CUYAHOGA FALLS,OH,442231425,3309283720,PRESIDENT,3336C0004X|3336C0003X,tier_1_primary_pharmacy,Y,Y,
1790876985,COLER DRUG NELSONVILLE,40 WATKINS ST,,NELSONVILLE,OH,45764,7407532484,MANAGER/OWNER,3336C0003X,tier_1_primary_pharmacy,Y,Y,
1205927746,PHILLY PHARMACY INC,551 W HIGH AVE,,NEW PHILADELPHIA,OH,44663,3303394466,VICE PRESIDENT,3336C0003X,tier_1_primary_pharmacy,Y,Y,
1295826741,MINERVA PHARMACY INC,251 EAST ST,,MINERVA,OH,446571617,3308686200,PHARMACIST,3336C0003X,tier_1_primary_pharmacy,Y,Y,
1265523716,P B W PHARMACY INC,2526 TUSCARAWAS ST W,,CANTON,OH,44708,3304534804,VICE PRESIDENT,3336C0003X,tier_1_primary_pharmacy,Y,Y,
1407949837,SHAFFER PHARMACY INC,3900 SUNFOREST CT STE 124,,TOLEDO,OH,436234476,4194730891,PHARMD,333600000X|3336C0002X|3336C0003X,tier_1_primary_pharmacy,Y,Y,
1427141019,FITZGERALD & HULING PHARMACY INC,305 WEST MAIN,,WILLIAMSBURG,OH,45176,5137247081,GM,3336C0003X,tier_1_primary_pharmacy,Y,Y,
1609960178,TRIPLITT DRUG CORPORATION,523 MAIN ST,,COSHOCTON,OH,438121628,7406222023,MANAGER,333600000X|3336C0003X,tier_1_primary_pharmacy,Y,Y,
1205929882,"FITZGERALD SEAMAN PHARMACY, INC.",17860-A ST RT 247,,SEAMAN,OH,45679,9373860701,GM,3336L0003X|3336C0003X,tier_1_primary_pharmacy,Y,Y,
1265525810,GERDES PHARMACY INC,245 MAIN ST,,CONNEAUT,OH,440302653,4405932578,OWNER,3336C0003X,tier_1_primary_pharmacy,Y,Y,
1346333143,RICHARD L BERRY PHARMACY INC,4405 MAHONING AVE,,AUSTINTOWN,OH,445151602,3307926585,OWNER,3336C0004X|333600000X|3336C0003X,tier_1_primary_pharmacy,Y,Y,
1912091075,SCARBROUGH MEDICAL ARTS PHARMACY INC,1809 S. MAIN ST.,,FINDLAY,OH,45840,4194231513,RESPONSIBLE PHARMACIST,333600000X,tier_1_primary_pharmacy,Y,Y,
1245325844,"BLAKE PHARMACY , INC.",35 E SECOND ST,,MANCHESTER,OH,451441301,9375493773,MANAGER,3336C0003X,tier_1_primary_pharmacy,Y,Y,
1730273798,"COLER DRUG BRIGHTON, LTD",406 BRIGHTON BLVD,,ZANESVILLE,OH,437014706,7404523692,OWNER/PHARMACIST,3336C0003X,tier_1_primary_pharmacy,Y,Y,
1679667083,STEUBENVILLE PHARMACY SERVICE INC.,116 MCLISTER AVE,,MINGO JUNCTION,OH,439381259,7405351182,COO,3336C0003X,tier_1_primary_pharmacy,Y,Y,
1881789394,YOST PHARMACY INC,120 WEST MAIN ST,,MASON,OH,450401799,5133985010,PRESIDENT,3336C0003X,tier_1_primary_pharmacy,Y,Y,
1245324482,RICHARD L BERRY PHARMACY INC,6900 MARKET ST,,BOARDMAN,OH,445124505,3307299710,OWNER,333600000X|3336C0003X,tier_1_primary_pharmacy,Y,Y,
1730273491,OVERHOLTS CHAMPION PHARMACY INC.,4619 MAHONING AVE.,,WARREN,OH,44483,3308478000,PRESIDENT/CHIEF PHARMACIST,3336C0003X,tier_1_primary_pharmacy,Y,Y,
1811082340,TRIANGLE PHARMACY INC.,219 W. MAIN ST.,,RAVENNA,OH,44266,3302968508,PRESIDENT/PHARMACIST,3336C0003X,tier_1_primary_pharmacy,Y,Y,
1649365412,BETHESDA NORTH APOTHECARY,10500 MONTGOMERY RD,,CINCINNATI,OH,45242,5137451184,PHARMACY MANAGER,3336C0003X,tier_1_primary_pharmacy,Y,Y,
1497842991,GOOD SAMARITAN OUTPATIENT PHARMACY,375 DIXMYTH AVE,,CINCINNATI,OH,45220,5138721559,PHARMACY MANAGER,3336C0003X,tier_1_primary_pharmacy,Y,Y,
1023105228,KENSTAR PHARMACY,3995 BROADWAY,,GROVE CITY,OH,431232639,6148756933,OWNER/PHARM,3336C0003X|333600000X,tier_1_primary_pharmacy,Y,Y,
1114014313,SMITH DRUG CO INC,741 2ND ST,,PORTSMOUTH,OH,456624001,7403545622,OWNER,333600000X|3336C0003X,tier_1_primary_pharmacy,Y,Y,
1932296134,MAPLE LEAF PHARMACY EAST,935 S JAMES RD,,COLUMBUS,OH,432271069,6145861553,PHARMACIST OWNER,3336C0003X|333600000X,tier_1_primary_pharmacy,Y,Y,
1275621575,ANTWERP PHARMACY INC,109 S MAIN ST,,ANTWERP,OH,458130246,4192582068,R.PH./OWNER,333600000X|3336C0003X,tier_1_primary_pharmacy,Y,Y,
1356439558,HICKSVILLE PHARMACY & HOME MEDICAL INC,116 E HIGH ST,,HICKSVILLE,OH,435261107,4195426218,OWNER,3336C0004X|3336C0003X,tier_1_primary_pharmacy,Y,Y,
1720176878,MERCY PROFESSIONAL PHARMACY,1330 MERCY DR NW,,CANTON,OH,447082626,3304891400,PHARMACIST MANAGER,3336C0003X,tier_1_primary_pharmacy,Y,Y,
1992895726,DARTMOUTH PHARMACY,2801 TUSCARAWAS ST W,,CANTON,OH,447084640,3304549045,PRESIDENT,3336C0003X,tier_1_primary_pharmacy,Y,Y,
1992885461,CLARK'S RX LLC,701 W MARKET ST,,LIMA,OH,458014601,4192238906,OWNER/PRESIDENT,3336C0004X|3336C0003X,tier_1_primary_pharmacy,Y,Y,
1962584763,CLINIC PHARMACY INC,1000 E BROAD ST,,COLUMBUS,OH,432051381,6142524348,PRES,333600000X|3336C0003X,tier_1_primary_pharmacy,Y,Y,
1871675678,PERRY PHARMACY ENTERPRISE LLC,75 W CENTRAL AVE,,CAMDEN,OH,45311,9374521263,OWNER,3336C0004X|333600000X|3336C0003X,tier_1_primary_pharmacy,Y,Y,
1780766584,POHLMAN PHARMACY,6722 STATE ROUTE 132,,GOSHEN,OH,451229249,5137223784,PRES,333600000X|3336C0003X,tier_1_primary_pharmacy,Y,Y,
1235211038,MARC DRUG COMPANY,2350 CATALPA DR,,DAYTON,OH,454062103,9372742101,PRESIDENT,333600000X|3336C0003X,tier_1_primary_pharmacy,Y,Y,
1144302944,ARNOLD PHARMACY INC,101 S MAIN ST,,CELINA,OH,458222201,4195862238,"OWNER,PIC,AO",333600000X|3336C0004X|3336C0003X,tier_1_primary_pharmacy,Y,Y,
1275616229,DISCOUNT DRUG MART INC,110 CHESTNUT COMMONS DR,,ELYRIA,OH,440359601,4403666785,PHARMACY COORDINATOR,333600000X|3336C0003X,tier_1_primary_pharmacy,Y,Y,
1831272871,DISCOUNT DRUG MART INC,7617 DAYTON SPRINGFIELD RD,,FAIRBORN,OH,453243560,9378630045,PHARMACY COORDINATOR,333600000X|3336C0003X,tier_1_primary_pharmacy,Y,Y,
1891878583,MONROE PHARMACY INC,4122 MONROE ST,,TOLEDO,OH,43606,4194731531,PRES,333600000X,tier_1_primary_pharmacy,Y,Y,
1700960994,EASTERDAY PHARMACY LLC,1696 S ARCH AVE,,ALLIANCE,OH,446014317,3308232266,MANAGER,333600000X|3336C0003X,tier_1_primary_pharmacy,Y,Y,
1689758849,"C & R PHARMACY, LLC",204 N DETROIT ST,,WEST LIBERTY,OH,43357,9376503333,PRESIDENT,333600000X|3336C0003X,tier_1_primary_pharmacy,Y,Y,
1407930530,MADISON AVENUE PHARMACY INC,640 N FOUNTAIN AVE,,SPRINGFIELD,OH,455042202,9373231841,OWNER,333600000X|3336C0004X|3336C0003X,tier_1_primary_pharmacy,Y,Y,
1316021447,OHLIGER DRUG OF NORTH OLMSTED INC,27121 CENTER RIDGE RD,,WESTLAKE,OH,441454024,4407776200,OWNER,3336L0003X|333600000X|3336C0003X,tier_1_primary_pharmacy,Y,Y,
1225112352,LONDON APOTHECARY INC,54 W HIGH ST,STE A,LONDON,OH,431401075,7408525131,OWNER,3336C0004X|3336C0003X,tier_1_primary_pharmacy,Y,Y,
1134203268,FULTON ROAD PHARMACY INC,1657 25TH ST NW,,CANTON,OH,447093421,3304562476,PRESIDENT,333600000X|3336C0003X,tier_1_primary_pharmacy,Y,Y,
1477638070,HOCKS PHARMACY INC,127 S CHILLICOTHE ST,,S CHARLESTON,OH,453689786,9374628331,CONTROLLER,333600000X|3336C0004X|3336C0003X,tier_1_primary_pharmacy,Y,Y,
1659457422,HURSH DRUG INC,90 N DIAMOND ST,,MANSFIELD,OH,449021325,4195240521,PRESIDENT,3336C0003X,tier_1_primary_pharmacy,Y,Y,
1528144813,SYLVANIA PHARMACY LIMITED,7640 SYLVANIA AVE,STE C1,SYLVANIA,OH,435609740,4198421531,MEMBER,3336C0003X,tier_1_primary_pharmacy,Y,Y,
1689751653,OKULEYS PHARMACY INC.,102 S MAIN ST,,CONTINENTAL,OH,458319004,4195963898,OWNER RPH,3336C0003X,tier_1_primary_pharmacy,Y,Y,
1578641080,GRANDVIEW MEDICAL PHARMACY INC,1550 W 5TH AVE,,COLUMBUS,OH,432122495,6144818577,THIRD PARTY ADMIN,3336C0002X|3336C0003X,tier_1_primary_pharmacy,Y,Y,
1487732996,MEDISERV TOWN STREET PHARMACY,867 W TOWN ST,,COLUMBUS,OH,432221647,6144611859,TIRD PARTY ADMIN,3336C0002X|3336C0003X,tier_1_primary_pharmacy,Y,Y,
1770662355,COLUMBIANA FAMILY DRUG INC,120 S VINE ST,,COLUMBIANA,OH,44408,3304823816,PRESIDENT/OWNER,333600000X|3336C0003X,tier_1_primary_pharmacy,Y,Y,
1134298086,PARKWAY PHARMACY INC,23350 MERCANTILE RD,,BEACHWOOD,OH,441225921,2165144944,PRESIDENT,333600000X|3336L0003X,tier_1_primary_pharmacy,Y,Y,
1255400594,NEIMAYER PHARMACY INC,112 E MAIN ST,,SCIO,OH,439880574,7409453881,PRES AND PHARM,333600000X|3336C0003X,tier_1_primary_pharmacy,Y,Y,
1952473407,NEW MIDDLETOWN VILLAGE PHARMACY INC.,10395 MAIN ST,,NEW MIDDLETOWN,OH,444420289,3305422802,PHARMACY MANAGER,3336C0003X,tier_1_primary_pharmacy,Y,Y,
1871665190,FRANKLIN PHARMACY INC,1732 YOUNGSTOWN RD SE,,WARREN,OH,444844254,3303694567,PRES-TREASURER,3336C0003X,tier_1_primary_pharmacy,Y,Y,
1639241144,GIBSONBURG PHARMACY INC,350 RICE ST,,ELMORE,OH,43416,4198622982,OWNER AND PRES,333600000X|3336C0003X,tier_1_primary_pharmacy,Y,Y,
1699847228,MILLS PHARMACY INC,640 WESSEL DR,,FAIRFIELD,OH,450143600,5138686397,PRES,3336C0004X|333600000X|3336C0003X,tier_1_primary_pharmacy,Y,Y,
1881766418,PEMBERVILLE DRUG STORE LLC,143 E FRONT ST,,PEMBERVILLE,OH,434507032,4192873238,PRESIDENT,333600000X|3336C0003X,tier_1_primary_pharmacy,Y,Y,
1083786875,STEELES PHARMACY INC,100 S MAIN ST,,GEORGETOWN,OH,451211221,9373786159,OWNER PHARMACIST,3336C0003X|333600000X,tier_1_primary_pharmacy,Y,Y,
1700958592,S & S PHARMACY INC,6693 N CHESTNUT ST,,RAVENNA,OH,442663922,3302966014,PRES,333600000X|3336C0003X,tier_1_primary_pharmacy,Y,Y,
1619049400,BARLOW RX INC,8359 N MAIN ST,,DAYTON,OH,454151602,9374153490,OWNER PHARMACIST,3336C0003X|333600000X,tier_1_primary_pharmacy,Y,Y,
1649344748,HIGGINS PHARMACY INC,395 PARK AVE,,AMHERST,OH,440012233,4409884366,PRESIDENT,3336C0003X,tier_1_primary_pharmacy,Y,Y,
1073687463,G F PHARMACY INC,8295 WINDHAM ST,,GARRETTSVILLE,OH,442319406,3305274349,PRESIDENT,333600000X|3336C0003X,tier_1_primary_pharmacy,Y,Y,
1114092798,MILLER DRUG STORE,30495 PINETREE RD,,PEPPER PIKE,OH,441245901,2168318373,PHARM AND OWNER,3336C0003X,tier_1_primary_pharmacy,Y,Y,
1619042041,MORTON DRUG INC.,1865 COLES BLVD,,PORTSMOUTH,OH,456622643,7403531147,PHARMACIST,3336C0003X,tier_1_primary_pharmacy,Y,Y,
1962570945,"HENDERSON PHARMACY SERVICES, INC.",186 W MAIN ST,,CHILLICOTHE,OH,456013106,7407021181,REGISTERED PHARMACIST-OWNER,3336C0003X,tier_1_primary_pharmacy,Y,Y,
1801964044,ARNAS PHARMACY,425 MARKET ST,,STEUBENVILLE,OH,439522813,7402823644,OWNER,3336C0003X,tier_1_primary_pharmacy,Y,Y,
1629146865,CARINGWELL PHARMACY,5695 AVERY RD,STE D,DUBLIN,OH,430167097,6143364485,PRES,3336C0003X|3336M0002X,tier_1_primary_pharmacy,Y,Y,
1629138979,GROMOLL DRUG STORE INC,109 E OHIO AVE,,SEBRING,OH,446721410,3309386670,OWNER,333600000X,tier_1_primary_pharmacy,Y,Y,
1578623351,B AND C APOTHECARY INC,766 OAK ST,,TOLEDO,OH,436052604,4196930606,OWNER,333600000X|3336C0003X,tier_1_primary_pharmacy,Y,Y,
1396805537,IDEAL PHARMACY,2916 GILBERT AVE,,CINCINNATI,OH,452061207,5137516665,LEGAL COUNCEL,3336C0003X|333600000X,tier_1_primary_pharmacy,Y,Y,
1205996444,WEBERS PHARMACY INC,138 S MAIN ST,,WOODSFIELD,OH,437931023,7404720775,OWNER,333600000X|3336C0003X,tier_1_primary_pharmacy,Y,Y,
1851451314,ASHLAND HOME TOWNE PHARMACY INC,849 SMITH RD,,ASHLAND,OH,448053644,4192814040,TREASURER,333600000X|3336L0003X|3336C0003X,tier_1_primary_pharmacy,Y,Y,
1487715470,TISCHBEIN APOTHECARY INC.,3500 ERIE AVENUE,,CINCINNATI,OH,45208,5133219282,PHARMACIST/OWNER,3336C0003X,tier_1_primary_pharmacy,Y,Y,
1538220603,MAURER PHARMACY INC,1827 CLEVELAND RD,,WOOSTER,OH,446912205,3302648479,V-PRES,333600000X|3336C0003X,tier_1_primary_pharmacy,Y,Y,
1891857454,"BOSTICK'S PRESCRIPTION PHARMACY, INC",549 S. WEST ST,,PIKETON,OH,456610686,7402892269,PRESIDENT,3336C0003X,tier_1_primary_pharmacy,Y,Y,
1174686794,VIENNA PHARMACY CARE LLC,347 YOUNGSTOWN KINGSVILLE RD SE,,VIENNA,OH,444739601,3308563429,"OWNER, PIC, AO",333600000X|3336C0003X,tier_1_primary_pharmacy,Y,Y,
1225191851,COVENTRY PLAZA PHARMACY INC,2811 FULTON RD,STE B,LORAIN,OH,440551638,4402770655,OWNER,3336C0004X|3336C0003X,tier_1_primary_pharmacy,Y,Y,
1669537080,ANDERSONS DRUG STORE INC,160 E MAIN ST,,CHILLICOTHE,OH,456012506,7407742670,VP AND MGR,3336C0003X,tier_2_secondary_pharmacy,N,Y,
1013072388,PACKS PHARMACY INC,2114 MADISON RD,,CINCINNATI,OH,452083221,5138717770,OWNER/PRESIDENT,3336C0004X|3336L0003X|333600000X|3336C0003X,tier_1_primary_pharmacy,Y,Y,
1891850483,MARTIN DRUG CO LLC,10760 KINSMAN RD,,NEWBURY,OH,44065,4405645332,CHIEF PHARMACIST,3336C0003X,tier_1_primary_pharmacy,Y,Y,
1487719654,SHADYSIDE PHARMACY INC,3948 CENTRAL AVENUE,,SHADYSIDE,OH,439471310,7406764782,PHARMACIST,3336C0003X,tier_1_primary_pharmacy,Y,Y,
1003972985,J H LEASE DRUG CO,229 N ELLSWORTH AVE,,SALEM,OH,444602803,3303378727,OWNER,333600000X|3336C0003X,tier_1_primary_pharmacy,Y,Y,
1356407621,VALLEY VIEW PHARMACY INC,11141 STATE ROUTE 800 NE,,MAGNOLIA,OH,446438321,3308663380,OWNER,333600000X|3336C0003X,tier_1_primary_pharmacy,Y,Y,
1427115476,COLONY PHARMACY INC,2701 NAVARRE AVE,,OREGON,OH,436163225,4196985408,CHIEF EXECUTIVE OFFICER,3336C0003X,tier_1_primary_pharmacy,Y,Y,
1962569889,"COLONY PHARMACY, INC",2655 W CENTRAL AVE,,TOLEDO,OH,436063550,4194731493,CHIEF EXECUTIVE OFFICER,3336C0003X,tier_1_primary_pharmacy,Y,Y,
1194882084,"COLONY PHARMACY, INC",1515 S BYRNE RD,,TOLEDO,OH,436143458,4193823475,CHIEF EXECUTIVE OFFICER,3336C0003X,tier_1_primary_pharmacy,Y,Y,
1720145097,BEAVER PHARMACY LLC,7046 STATE RD 335,,BEAVER,OH,45613,7402265000,RPH,3336C0003X,tier_1_primary_pharmacy,Y,Y,
1245389949,"HARDING ROAD PHARMACY, INC.",400 W HARDING RD,,SPRINGFIELD,OH,455041707,9373998531,OWNER,3336L0003X|3336C0003X,tier_1_primary_pharmacy,Y,Y,
1205986304,FISHER DRUG CO.,629 HANCOCK ST,,SANDUSKY,OH,448703603,4196263429,PRESIDENT,333600000X,tier_1_primary_pharmacy,Y,Y,
1013067107,BUDERER DRUG COMPANY INC,633 HANCOCK ST,,SANDUSKY,OH,448703603,4196272800,VICE PRESIDENT,3336H0001X|3336C0004X|3336C0003X,tier_1_primary_pharmacy,Y,Y,
1427109206,CONKLING'S PHARMACY,112 EAST MAIN STREET,,PANDORA,OH,45877,4193843303,OWNER,3336C0003X,tier_1_primary_pharmacy,Y,Y,
1568514818,HURSH BELLVILLE DRUG INC,86 MAIN ST,,BELLVILLE,OH,448131021,4198862561,OWNER,333600000X|3336C0003X,tier_1_primary_pharmacy,Y,Y,
1083767750,PREMIER HEALTH PHARMACY-MVHN,9000 N MAIN ST,,DAYTON,OH,454151180,9377345833,DIRECTOR,3336C0002X|3336C0003X,tier_1_primary_pharmacy,Y,Y,
1063565927,MANTUA PHARMACY INC,10870 N. MAIN ST,,MANTUA,OH,44255,3302742209,OWNER,3336C0003X,tier_1_primary_pharmacy,Y,Y,
1053465401,EDART PHARMACY INC,1400 W BROAD ST,,COLUMBUS,OH,432221345,6142749600,PHARMACY MANAGER,333600000X|3336C0003X,tier_1_primary_pharmacy,Y,Y,
1053467621,"HART PHARMACY, INC.",4861 GLENWAY AVE,,CINCINNATI,OH,452384456,5134711605,PRESIDENT,333600000X,tier_1_primary_pharmacy,Y,Y,
1831235902,WOODMAN PHARMACY,1010 WOODMAN DR,,DAYTON,OH,454321400,9372529100,REGISTERED PHARMACIST,3336C0003X,tier_1_primary_pharmacy,Y,Y,
1467598110,WITTENAUER PHARMACY,120 S MAIN ST,,POLAND,OH,445142023,3307574066,PHARMACIST IN CHARGE,3336C0003X,tier_1_primary_pharmacy,Y,Y,
1912044538,"GAHM'S PHARMACY, INC",50-A CENTER STREET,,LUCASVILLE,OH,456480001,7402592442,PHARMACY MANAGER,3336C0003X,tier_1_primary_pharmacy,Y,Y,
1356488985,PICKERINGTON PHARMACY LLC,641 HILL RD N,SUITE B,PICKERINGTON,OH,431479346,6148372112,OWNER,3336C0003X,tier_1_primary_pharmacy,Y,Y,
1598802068,ROSELAWN PHARMACY INC,7601 READING RD,,CINCINNATI,OH,452373203,5137611212,"PRESIDENT,PIC,AO",333600000X|3336C0003X,tier_1_primary_pharmacy,Y,Y,
1831237270,PHILLIP'S PHARMACY,1017 MOUNT VERNON AVE,,COLUMBUS,OH,432031517,6142532344,OWNER,3336C0003X,tier_1_primary_pharmacy,Y,Y,
1205974391,"IHS PHARMACY AND WELLNESS CENTER, LLC",100 N DETROIT ST,,XENIA,OH,453852912,9373740899,CEO,3336C0003X,tier_1_primary_pharmacy,Y,Y,
1659410603,HECKLER DRUG INC,812 COSHOCTON AVE,1,MOUNT VERNON,OH,430501947,7403933784,PIC,333600000X|3336C0004X|3336L0003X|3336C0003X,tier_1_primary_pharmacy,Y,Y,
1962542373,DEER PARK PHARMACY,4075 E GALBRAITH RD,,CINCINNATI,OH,452362323,5137917958,OWNER,3336C0003X,tier_1_primary_pharmacy,Y,Y,
1538209580,CARA LOU FREY DBA RED CROSS DRUG STORE,201 N DEFIANCE ST,,ARCHBOLD,OH,435021160,4194454496,PHARMACIST,3336C0003X,tier_1_primary_pharmacy,Y,Y,
1831239375,DAYS MIAMI HEIGHTS PHARMACY,7567 BRIDGETOWN RD,,CINCINNATI,OH,452482099,5139414011,PRESIDENT,333600000X|3336C0003X,tier_1_primary_pharmacy,Y,Y,
1639212046,JOHNSTON DRUG INC,625 E 200TH ST,,EUCLID,OH,441192350,2164862744,OWNER MANAGER,3336C0003X,tier_1_primary_pharmacy,Y,Y,
1982747044,MORGANS DRUG STORE INCORPORATED,118 E LINCOLN WAY,,LISBON,OH,444321406,3304247287,OWNER,333600000X|3336C0003X,tier_1_primary_pharmacy,Y,Y,
1821133869,YELLOW SPRINGS PHARMACY LLC,263 XENIA AVE,,YELLOW SPRINGS,OH,453871832,9377671070,MANAGER,333600000X|3336C0003X,tier_1_primary_pharmacy,Y,Y,
1275678682,COMMUNITY PHARMACY PARTNERS,2105 W ALEXIS RD,,TOLEDO,OH,436132256,4194740605,PHARMACIST,3336C0003X,tier_1_primary_pharmacy,Y,Y,
1922143551,LALLY DRUG INC,23 ERIE RD,,TALLMADGE,OH,442782326,3306333239,PRESIDENT CEO,3336C0004X|3336C0003X,tier_1_primary_pharmacy,Y,Y,
1568597698,EUCLID FAMILY PHARMACY INC.,26300 EUCLID AVE,SUITE 120,EUCLID,OH,441323708,2167325860,OWNER-PHARMACIST,3336C0003X,tier_1_primary_pharmacy,Y,Y,
1831226679,OHLIGER DRUG OF FAIRVIEW PARK INC,21720 LORAIN RD,,FAIRVIEW PARK,OH,441263329,4403331200,OWNER AND PHARMACIST,333600000X|3336L0003X|3336C0003X,tier_1_primary_pharmacy,Y,Y,
1629106984,INDEPENDENT PHARMACY GROUP INC,11740 SOUTH AVE,,NORTH LIMA,OH,444520301,3305492620,PRESIDENT,333600000X|3336C0003X,tier_1_primary_pharmacy,Y,Y,
1699803353,HUGHES PHARMACY INC,210 E SHARON RD,,CINCINNATI,OH,452464529,5137717350,"OWNER,PIC,AO",333600000X|3336C0003X,tier_1_primary_pharmacy,Y,Y,
1649301748,HUGHES PHARMACY INC,302 MAIN ST,,HAMILTON,OH,450134762,5138681199,"OWNER,AO",333600000X|3336C0003X,tier_1_primary_pharmacy,Y,Y,
1558492652,LEXINGTON PHARMACY INC,298 E MAIN ST,,LEXINGTON,OH,449041300,4198842727,PHARMACIST AND PRESIDENT OWNER,333600000X|3336C0003X,tier_1_primary_pharmacy,Y,Y,
1932232295,HOCKS PHARMACY INC,535 S DIXIE DR,,VANDALIA,OH,453772543,9378985803,PRESIDENT,3336C0003X,tier_1_primary_pharmacy,Y,Y,
1124143037,OAKLAND PARK PHARMACY,1486 OAKLAND PARK AVE,,COLUMBUS,OH,432243507,6142628719,PRES,3336C0003X,tier_1_primary_pharmacy,Y,Y,
1376660746,CAMPBELL PHARMACY INC,135 12TH ST,,CAMPBELL,OH,444051663,3307555221,OWNER,333600000X|3336C0003X,tier_1_primary_pharmacy,Y,Y,
1366562852,INDEPENDENT PHARMACY GROUP INC,602 PARMALEE AVE,STE 100,YOUNGSTOWN,OH,445101653,3307462657,PHARMACIST AND OWNER,333600000X|3336C0003X,tier_1_primary_pharmacy,Y,Y,
1710008271,MORGAN DRUG,409 E 2ND ST,,SALEM,OH,444602862,3303325200,OWNER,3336C0003X|333600000X,tier_1_primary_pharmacy,Y,Y,
1235251802,STANDARD PHARMACY,541 W MAIN ST,,SPRINGFIELD,OH,45504,9373252224,OWNER AND RPH,3336C0003X,tier_1_primary_pharmacy,Y,Y,
1295857498,AULTMAN PHARMACY INC,5215 FULTON DR NW # WN,,CANTON,OH,447181805,3304339005,PHRM MANG,3336C0003X,tier_1_primary_pharmacy,Y,Y,
1417171927,"SAM'S DRUG MART, LLC",475 E STATE ST,,ALLIANCE,OH,446014909,3308211780,OWNER,3336C0003X,tier_1_primary_pharmacy,Y,Y,
1225254121,COLER DRUG MCARTHUR LTD,530 N MARKET ST,,MC ARTHUR,OH,456511131,7405962566,OWNER,333600000X|3336C0003X,tier_1_primary_pharmacy,Y,Y,
1619186483,ROSS PARK PHARMACY INC,4100 JOHNSON RD,SUITE #105,STEUBENVILLE,OH,439522300,7402648222,EXECUTIVE DIRECTOR,3336C0003X,tier_1_primary_pharmacy,Y,Y,
1568667350,DISCOUNT DRUG MART INC,739 CARTER DR,,GALION,OH,448331154,4194683139,PHARMACY COORDINATOR,333600000X|3336C0003X,tier_1_primary_pharmacy,Y,Y,
1245425875,NEWTON FALLS PHARMACY INC,37 RIDGE RD,,NEWTON FALLS,OH,444441232,3308726400,PRESIDENT,3336C0003X,tier_1_primary_pharmacy,Y,Y,
1154517878,OHIO VETERANS HOME PHARMACY-GEORGETOWN,7110 BACHMAN RD,,SARDINIA,OH,451719456,8002848741,PHARMACY OPERATIONS MANAGER,3336I0012X|333600000X|3336L0003X,tier_1_primary_pharmacy,Y,Y,
1417143843,BLACKBURNS PHARMACY LLC,3520 RHODES AVE,,NEW BOSTON,OH,456624975,7404564500,"PIC,AO",3336C0003X,tier_1_primary_pharmacy,Y,Y,
1518146547,MIDWESTERN COMPOUNDING PHARMACY LLC,203 N CHILLICOTHE STREET,,PLAIN CITY,OH,43064,6147333784,OWNER,333600000X|3336C0003X|3336C0004X,tier_1_primary_pharmacy,Y,Y,
1386824647,DAY HEIGHTS PHARMACY LLC,5656 WOLFPEN PLEASANT HILL RD,,MILFORD,OH,45150,5138310333,OWNER,3336C0003X,tier_1_primary_pharmacy,Y,Y,
1013190099,COMMUNITY FIRST PHARMACY,1026 MAIN STREET,,HAMILTON,OH,45013,5136455447,"CFO,AO",3336C0002X|3336C0003X|3336L0003X,tier_1_primary_pharmacy,Y,Y,
1205010618,"CLINICAL PHARMACY SERVICES, LLC",50A CENTER ST,,LUCASVILLE,OH,456487826,7402592442,OWNER,333600000X,tier_1_primary_pharmacy,Y,Y,
1407031925,ARLINGTON PHARMACY LTD,106 N MAIN ST,,ARLINGTON,OH,45814,4193655202,"SOLE OWNER,RPH",3336C0003X,tier_1_primary_pharmacy,Y,Y,
1376716464,CHURCH SQUARE PHARMACY INC.,1956 E 79TH ST,,CLEVELAND,OH,441034270,2167211772,PHARMACIST,3336C0003X,tier_1_primary_pharmacy,Y,Y,
1770750184,THE BREATHING ASSOCIATION PHARMACY,1520 OLD HENDERSON RD,,COLUMBUS,OH,432203639,6144574570,PRESIDENT,3336C0003X,tier_1_primary_pharmacy,Y,Y,
1174785554,TORONTO APOTHECARY INC,1361 FRANKLIN ST,,TORONTO,OH,439641025,7405372600,OWNER/PHARMACIST,333600000X|3336C0004X|3336C0003X,tier_1_primary_pharmacy,Y,Y,
1346402609,HARNESS HEALTH PHARMACY - CENTRAL PHARMACY SERVICES LLC,7160 INDUSTRIAL ROW DR STE 330,,MASON,OH,450401695,5135577650,VP REIMBURSEMENT,3336M0002X|3336S0011X|3336C0003X,tier_1_primary_pharmacy,Y,Y,
1013167766,DISCOUNT DRUG MART INC,3100 GLENWOOD BLVD,STE 294,TWINSBURG,OH,440871271,3304056650,PHARMACY COORDINATOR,333600000X|3336C0003X,tier_1_primary_pharmacy,Y,Y,
1659522233,"PRECISION PHARMACY,INC.",4040 E BROAD ST,,COLUMBUS,OH,432131156,6148061807,CLINICAL PHARMACIST,333600000X,tier_1_primary_pharmacy,Y,Y,
1154574010,CLARKS RX LLC,922 SENATE DR,,CENTERVILLE,OH,454594017,9376103051,PRESIDENT,333600000X|3336L0003X,tier_1_primary_pharmacy,Y,Y,
1104062181,QUALITY COMPOUNDING AND SPECIALTY RX LTD,7160 WARREN SHARON RD,,BROOKFIELD,OH,444039657,3305051064,SVP OPERATIONS,3336C0003X|3336S0011X|333600000X|3336C0004X|3336L0003X,tier_1_primary_pharmacy,Y,Y,
1114164209,PILLBOX PHARMACY INC.,2920 S HIGH ST,,COLUMBUS,OH,432073616,6142069879,PHARMACIST/OWNER,333600000X,tier_1_primary_pharmacy,Y,Y,
1467690495,CENTRAL POINT PHARMACY,699 HARRISBURG PIKE STE L,,COLUMBUS,OH,432232141,6142727000,GENERAL MANAGER,333600000X|3336C0003X,tier_1_primary_pharmacy,Y,Y,
1780823500,EXACT CARE PHARMACY LLC,8333 ROCKSIDE RD,,CLEVELAND,OH,441256134,2163692200,SVP,3336S0011X|333600000X|3336L0003X,tier_1_primary_pharmacy,Y,Y,
1508009697,LOUSIVILLE PHARMACY INC,700 W MAIN ST,SUITE A,LOUISVILLE,OH,446411338,3308759090,VICE PRESIDENT,333600000X|3336L0003X,tier_1_primary_pharmacy,Y,Y,
1548499643,NORTHEAST PHARMACY INC,4576 MORSE CENTRE RD,,COLUMBUS,OH,432296602,6143444111,PHARMACY MANAGER,333600000X,tier_1_primary_pharmacy,Y,Y,
1720218787,DISCOUNT DRUG MART INC,525 W MARION RD,,MOUNT GILEAD,OH,433381025,4199471404,PHARMACY COORDINATOR,333600000X|3336C0003X,tier_1_primary_pharmacy,Y,Y,
1336476308,ZIKS FAMILY PHARMACY INC 102,1120 W 3RD ST,,DAYTON,OH,454026834,9372789457,OWNER,3336C0003X,tier_2_secondary_pharmacy,N,Y,
1326376310,CHURCH SQUARE PHARMACY INC.,3107 CLARK AVE,,CLEVELAND,OH,441091145,2166518685,PRESIDENT,333600000X|3336C0003X,tier_1_primary_pharmacy,Y,Y,
1437488558,ADENA PHARMACY LLC,272 HOSPITAL RD,,CHILLICOTHE,OH,456019031,7407798761,OUTPATIENT PHARMACY MANAGER,3336C0003X,tier_1_primary_pharmacy,Y,Y,
1144552464,FRIENDS RX CORP,2872 W BROAD ST,,COLUMBUS,OH,43204,6142799550,OWNER,333600000X|3336C0003X,tier_1_primary_pharmacy,Y,Y,
1316269715,SMA PHARMACY,401 MARKET ST STE 101,,STEUBENVILLE,OH,439522881,7402754324,OWNER/CHIEF PHARMACIST,3336C0003X,tier_1_primary_pharmacy,Y,Y,
1174846794,PHARMACY SOLUTIONS INC.,7429 WALLINGFORD DR,,CINCINNATI,OH,452443635,5133050775,PRESIDENT,3336C0003X,tier_1_primary_pharmacy,Y,Y,
1396060620,"CHARITABLE PHARMACY OF CENTRAL OHIO, INC.",200 E LIVINGSTON AVE,,COLUMBUS,OH,432155715,6142270301,EXECUTIVE DIRECTOR/PHARMACIST,3336C0003X,tier_1_primary_pharmacy,Y,Y,
1376868463,DISCOUNT DRUG MART INC,765 ALPHA DR,,HIGHLAND HEIGHTS,OH,441432166,4406841142,PHARMACY COORDINATOR,333600000X|3336C0003X,tier_1_primary_pharmacy,Y,Y,
1831417229,RX PHARMACY,13704 EUCLID AVE STE 2,,EAST CLEVELAND,OH,441124220,2162685153,PHARMACIST IN CHARGE,3336C0003X,tier_1_primary_pharmacy,Y,Y,
1235457193,CITY PHARMACY LLC,1198 N HIGH ST,,COLUMBUS,OH,432012411,6147325947,OWNER/PIC,3336C0003X,tier_1_primary_pharmacy,Y,Y,
1033430723,READ'S PHARMACY LLC,176 HUDSON AVE,,NEWARK,OH,430555750,7405871979,OWNER/PHARMACIST,3336C0003X,tier_1_primary_pharmacy,Y,Y,
1962713610,READ'S PHARMACY LLC,1940 TAMARACK RD,,NEWARK,OH,430551363,7405227146,OWNER/PHARMACIST,3336C0003X,tier_1_primary_pharmacy,Y,Y,
1134430887,READ'S PHARMACY LLC,1272 W MAIN ST,,NEWARK,OH,430552004,7403447979,OWNER/PHARMACIST,3336C0003X,tier_1_primary_pharmacy,Y,Y,
1033420484,ZIKS FAMILY PHARMACY INC 100,1130 W 3RD ST,,DAYTON,OH,454026812,9372259350,PRESIDENT,333600000X|3336C0003X,tier_1_primary_pharmacy,Y,Y,
1871807578,CINCINNATI SPECIALTY PHARMACY LLC,7731 COX LN,,WEST CHESTER,OH,450696549,5138471260,"OWNER,  AO",333600000X|3336C0003X,tier_1_primary_pharmacy,Y,Y,
1730494030,READ'S PHARMACY LLC,599 COUNTRY CLUB DR,,NEWARK,OH,430552154,7405871979,OWNER/PHARMACIST,3336C0003X,tier_1_primary_pharmacy,Y,Y,
1508174350,IHS PHARMACY & WELLNESS CENTER,4940 COTTONVILLE RD,,JAMESTOWN,OH,453351522,9376756500,PHARMACY MANAGER,3336C0003X,tier_1_primary_pharmacy,Y,Y,
1013219096,OKULEYS PHARMACY & HOME MEDICAL OF WAUSEON INC,123 S FULTON ST,,WAUSEON,OH,435671351,4193356901,PHARMACIST/OWNER,3336C0003X,tier_1_primary_pharmacy,Y,Y,
1104129667,THE PHARMACY AT EASTWAY,600 WAYNE AVE,,DAYTON,OH,454101122,9374355751,OWNER,333600000X|3336L0003X,tier_1_primary_pharmacy,Y,Y,
1114223948,REEDS PHARMACY LLC,675 W MAIN ST,,NEW LEBANON,OH,453459173,9376876081,PRESIDENT,333600000X|3336C0003X,tier_1_primary_pharmacy,Y,Y,
1710284245,PHYSICIANS PHARMACY LLC,727 E 2ND ST,,PIKETON,OH,456618052,7404436060,SENIOR PARTNER,333600000X|3336C0003X,tier_1_primary_pharmacy,Y,Y,
1659661528,PROMEDICA PHARMACY GROUP LLC,3144 W CENTRAL AVE,,TOLEDO,OH,436062920,4197202170,DIRECTOR OF PHARMACY,3336C0003X,tier_1_primary_pharmacy,Y,Y,
1740572320,WESTLAND PHARMACY LLC,100 N MURRAY HILL RD,,COLUMBUS,OH,432281590,6148539000,"OWNERL,PIC,AO",333600000X|3336C0003X,tier_1_primary_pharmacy,Y,Y,
1619260049,PEMCO PHARMACY,1550 YANKEE PARK PL,,CENTERVILLE,OH,454581868,9374394949,PRESIDENT,3336C0003X,tier_1_primary_pharmacy,Y,Y,
1750677944,BUDERER DRUG COMPANY INC,38530 CHESTER RD,SUITE 400,AVON,OH,440114047,4409343100,VICE PRESIDENT,3336C0004X|3336H0001X|3336C0003X,tier_1_primary_pharmacy,Y,Y,
1477832822,THE CENTERS FOR FAMILIES AND CHILDREN PHARMACY # 2,3929 ROCKY RIVER DR STE P-101,,CLEVELAND,OH,441114153,2162525800,RCM,3336C0003X,tier_1_primary_pharmacy,Y,Y,
1326320557,"ADENA PHARMACY, LLC",4439 STATE ROUTE 159,SUITE G40,CHILLICOTHE,OH,456018207,7407798763,ASS. PHARMACY DIRECTOR,3336C0003X,tier_1_primary_pharmacy,Y,Y,
1366725863,TOLEDO FAMILY PHARMACY INC,1601 W SYLVANIA AVE,,TOLEDO,OH,436121532,4194700700,OWNER,3336C0003X,tier_1_primary_pharmacy,Y,Y,
1679857924,HEALTH & WELLNESS PHARMACY LLC,5050 BLAZER PKWY STE 202,,DUBLIN,OH,430173376,8886614497,"OWNER, PIC",3336C0004X|333600000X|3336C0003X,tier_1_primary_pharmacy,Y,Y,
1861778797,DISCOUNT DRUG MART INC,13919 PROSPECT RD,,STRONGSVILLE,OH,441493833,4402382400,PHARMACY COORDINATOR,333600000X|3336C0003X,tier_1_primary_pharmacy,Y,Y,
1467738732,GARFIELD LOWCOST PHARMACY LLC,11201 SHAKER BLVD STE 126,,CLEVELAND,OH,441043833,2167954000,PRESIDENT,3336L0003X|333600000X|3336S0011X|3336C0003X,tier_1_primary_pharmacy,Y,Y,
1780961441,MAPLE LEAF HILLTOP PHARMACY,2575 W BROAD ST,,COLUMBUS,OH,432043333,6142728188,OWNER,3336C0003X,tier_1_primary_pharmacy,Y,Y,
1750659801,LIVINGSTON PRESCRIPTION PHARMACY INC,1289 E LIVINGSTON AVE,,COLUMBUS,OH,432052838,6142536693,VICE PRESIDENT,3336C0003X,tier_1_primary_pharmacy,Y,Y,
1093083909,FITZGERALD BETHEL PHARMACY INC,697 W PLANE ST,,BETHEL,OH,451069573,5137343784,VP,3336C0003X,tier_1_primary_pharmacy,Y,Y,
1659640746,OHIOGUIDESTONE PHARMACY LLC,3500 CARNEGIE AVE,,CLEVELAND,OH,441152641,4402608892,DIRECTOR OF PHARMACY OPERATIONS,3336C0003X|333600000X|3336L0003X,tier_1_primary_pharmacy,Y,Y,
1538438130,MT PLEASANT PHARMACY LLC,12395 MCCRACKEN RD STE G,,GARFIELD HEIGHTS,OH,441252946,2166724377,OWNER/RESPONSIBLE PHARMACIST,3336C0003X,tier_1_primary_pharmacy,Y,Y,
1699047423,CLARK RX LLC,710 S BREIEL BLVD STE B,,MIDDLETOWN,OH,450446202,5132616053,PRESIDENT,333600000X|3336C0003X,tier_1_primary_pharmacy,Y,Y,
1336413020,SENIOR PHARMACY SERVICES LTD,34099 MELINZ PKWY UNIT J,,EASTLAKE,OH,440954048,4409428674,MANAGING MEMBER,333600000X|3336L0003X,tier_1_primary_pharmacy,Y,Y,
1932474574,CANFIELD PHARMACY CARE LLC,11 E MAIN ST,,CANFIELD,OH,444061318,3302860226,"MEMBER,PIC,AO",333600000X|3336C0004X|3336C0003X,tier_1_primary_pharmacy,Y,Y,
1659647170,ADENA PHARMACY LLC,272 HOSPITAL RD STE G30,,CHILLICOTHE,OH,456019031,7405426337,OUTPATIENT PHARMACY DIRECTOR,3336S0011X|333600000X|3336C0003X,tier_1_primary_pharmacy,Y,Y,
1639434103,WESTGATE FAMILY PHARMACY INC,3147 W CENTRAL AVE,,TOLEDO,OH,436062923,4194700700,PHARMACIST/OWNER,3336C0003X,tier_1_primary_pharmacy,Y,Y,
1750637120,PHILLIP'S PHARMACY ON BRICE,1719 BRICE RD,,REYNOLDSBURG,OH,430682705,6145779870,MEMBER/PHARMACIST,333600000X|3336C0003X,tier_1_primary_pharmacy,Y,Y,
1811247505,HEARTLAND PHARMACY LLC,3000 FAR HILLS AVE,,KETTERING,OH,454292510,9377239075,"OWNER, PIC",333600000X|3336C0004X|3336C0003X,tier_1_primary_pharmacy,Y,Y,
1083964787,HEARTLAND PHARMACY 2 LLC,2749 W ALEX BELL RD,,MORAINE,OH,454591123,9373953690,OWNER,333600000X|3336C0004X|3336C0003X,tier_1_primary_pharmacy,Y,Y,
1699026880,AKRON PHARMACY,879 E EXCHANGE ST,,AKRON,OH,443061127,3303755040,OWNER/DIRECTOR,333600000X|3336C0004X|3336S0011X|3336C0003X,tier_1_primary_pharmacy,Y,Y,
1730423534,COLUMBUS FAMILY PHARMACY,5264 CLEVELAND AVE,,COLUMBUS,OH,432314737,3133188900,OWNER,333600000X,tier_1_primary_pharmacy,Y,Y,
1760727416,HEALTHLAND PHARMACY LLC,1979 CLEVELAND AVE,,COLUMBUS,OH,432112568,6142999669,PHARMACY MANAGER,333600000X|3336C0003X,tier_1_primary_pharmacy,Y,Y,
1174863914,HEALTH & WELLNESS PHARMACY LLC,2200 MOCK RD,,COLUMBUS,OH,432191261,6145325438,PHARMACIST,3336C0003X,tier_1_primary_pharmacy,Y,Y,
1437499647,DISCOUNT DRUG MART INC,5270 CENTER RD,,BRUNSWICK,OH,442123218,3302738300,PHARMACY COORDINATOR,333600000X|3336C0003X,tier_1_primary_pharmacy,Y,Y,
1538409545,WELLNESS 1 PHARMACY LLC,2420 S SMITHVILLE RD,,KETTERING,OH,454201458,5135159366,TREASURER,3336C0003X,tier_1_primary_pharmacy,Y,Y,
1083955678,PREMIER HEALTH PHARMACY-UVMC,3130 N COUNTY ROAD 25A,,TROY,OH,453731337,9374404262,DIRECTOR,3336C0002X|3336C0003X,tier_1_primary_pharmacy,Y,Y,
1912340795,MAPLE LEAF NEW ROME PHARMACY,5212 W BROAD ST,,COLUMBUS,OH,432281642,6148515811,OWNER,3336C0003X,tier_1_primary_pharmacy,Y,Y,
1932542420,"STULTZ PHARMACY OF WHEELERSBURG, INC",8991 OHIO RIVER RD,,WHEELERSBURG,OH,456941923,7409813334,PRESIDENT/RPH,3336C0003X,tier_1_primary_pharmacy,Y,Y,
1386088003,HOCKS PHARMACY INC,5175 S COUNTY ROAD 25A,,TIPP CITY,OH,45371,9376675803,PRESIDENT,3336C0003X,tier_1_primary_pharmacy,Y,Y,
1225473523,HOLLAND DISCOUNT PHARMACY LLC,909 S MCCORD RD STE 1,,HOLLAND,OH,435288370,4198657777,PHARMACIST/OWNER,3336C0004X|333600000X|3336C0003X,tier_1_primary_pharmacy,Y,Y,
1063858207,KRATZER PHARMACY INC.,179 W LOCUST ST,,WILMINGTON,OH,451772180,9373820081,OWNER/PRESIDENT,3336C0003X,tier_1_primary_pharmacy,Y,Y,
1811337363,"THE PHARMACY COUNTER, LLC",2142 N COVE BLVD,,TOLEDO,OH,436063895,4192915418,PRESIDENT,3336C0003X,tier_1_primary_pharmacy,Y,Y,
1770915571,JMK RX & WELLNESS INC,35053 ROYALTON RD,,GRAFTON,OH,440449539,4407482137,CHIEF EXECUTIVE OFFICER,333600000X|3336C0003X,tier_1_primary_pharmacy,Y,Y,
1780016675,BEX RX PHARMACY LLC,1924 PARSONS AVE,,COLUMBUS,OH,432071931,6148326043,OWNER,3336C0003X,tier_1_primary_pharmacy,Y,Y,
1619309127,TRIO PHARMACY LLC,1570 CLEVELAND AVE,,COLUMBUS,OH,432112755,6142988180,CEO,3336C0003X,tier_1_primary_pharmacy,Y,Y,
1346674900,ASIA PLAZA PHARMACY LLC,2999 PAYNE AVE STE 130,,CLEVELAND,OH,441144436,2168629688,OWNER,3336C0003X|333600000X,tier_1_primary_pharmacy,Y,Y,
1528494119,ST. VINCENT DE PAUL CHARITABLE PHARMACY - NEYER OUTREACH CENTER,1146 BANK ST,,CINCINNATI,OH,452142163,5135628841,DIRECTOR OF PHARMACY,333600000X,tier_1_primary_pharmacy,Y,Y,
1447686712,"MAKS FAMILY PHARMACY,INC",7324 KINGSGATE WAY,SUITE E,WEST CHESTER,OH,450696514,5137550603,PRESIDENT,3336C0003X,tier_1_primary_pharmacy,Y,Y,
1124455902,OHIO PHARMACY COUNSELING SERVICES LTD,3712 CHESTNUT WAY,,AMELIA,OH,451021244,5134761027,PRESIDENT,333600000X,tier_1_primary_pharmacy,Y,Y,
1356779524,ACCUSCRIPTS PHARMACY LLC,24340 SPERRY DR,2ND FLOOR,WESTLAKE,OH,441451565,4402505400,PRESIDENT,333600000X|3336L0003X,tier_1_primary_pharmacy,Y,Y,
1730518796,MAIN STREET PHARMACY & WELLNESS CENTER LLC,120 N MAIN ST,,ORRVILLE,OH,446671638,3306822905,PRESIDENT,3336C0003X,tier_1_primary_pharmacy,Y,Y,
1952732984,TOWN DRUG OF SABINA LLC,12459 US HIGHWAY 22 AND 3,,SABINA,OH,451699083,9375842424,MANAGER,3336C0003X,tier_1_primary_pharmacy,Y,Y,
1790116234,SHREE RX CORP,1549 BOETTLER RD,SUITE B,UNIONTOWN,OH,44685,3303334424,OWNER,3336C0003X,tier_1_primary_pharmacy,Y,Y,
1033540349,RATNAKAR RX LLC,220 W MAIN ST,,OWENSVILLE,OH,45160,5137322503,OWNER,3336C0004X|3336C0003X,tier_1_primary_pharmacy,Y,Y,
1033530985,HOPE PHARMACY LTD,5791 CLEVELAND AVE,,COLUMBUS,OH,432312831,6144264160,PHARMACIST,333600000X|3336C0003X,tier_1_primary_pharmacy,Y,Y,
1033532437,MD COMPOUNDING PHARMACY,721 BOARDMAN CANFIELD RD,,BOARDMAN,OH,445124386,3307266337,PHARMACIST,3336C0004X|3336C0003X,tier_1_primary_pharmacy,Y,Y,
1487074183,GREENEVIEW PHARMACY LLC,4940 COTTONVILLE RD,,JAMESTOWN,OH,453351522,9376756500,MEMBER,3336C0003X,tier_1_primary_pharmacy,Y,Y,
1821408964,FITZGERALD BETHEL PHARMACY INC,100 E PLANE ST,,BETHEL,OH,451061384,5137347335,OWNER,333600000X,tier_1_primary_pharmacy,Y,Y,
1609288976,CRP PHARMACY LLC,10567 SAINT CLAIR AVE,,CLEVELAND,OH,441081973,8558569582,OWNER,333600000X,tier_1_primary_pharmacy,Y,Y,
1386057677,KMART PHARMACY,1284 BRICE RD,,REYNOLDSBURG,OH,430682311,6148643636,PHARMACY DISTRCIT MANAGER,3336C0003X,tier_1_primary_pharmacy,Y,Y,
1467865337,GREAT LAKES PHARMACY,9500 MENTOR AVE,SUITE # 110,MENTOR,OH,440608713,4403522500,PHARMACY MANAGER/OWNER,3336C0003X|3336M0002X|3336L0003X,tier_1_primary_pharmacy,Y,Y,
1629481296,IHS PHARMACY AND WELLNESS CENTER LLC,9400 READING RD STE 1,,CINCINNATI,OH,452153436,5137693784,OWNER/CEO,3336L0003X|333600000X|3336C0003X,tier_1_primary_pharmacy,Y,Y,
1548675630,INFINITY PHARMACY LLC,1265 MORSE RD,,COLUMBUS,OH,432296320,6148605101,OWNER,3336C0003X,tier_1_primary_pharmacy,Y,Y,
1245646892,CLINICAL TRIALS PHARMACY,200 ALBERT SABIN WAY,,CINCINNATI,OH,452670405,5135848817,PHARMACIST,333600000X|3336C0003X,tier_1_primary_pharmacy,Y,Y,
1053727545,CHURCH SQUARE PHARMACY INC.,14529 PURITAS AVE,,CLEVELAND,OH,441352813,2164761400,PRESIDENT,333600000X|3336C0003X,tier_1_primary_pharmacy,Y,Y,
1104232453,HARRISON PHARMACY & WELLNESS INC,620 RING RD,,HARRISON,OH,450302764,7652657348,OWNER,333600000X|3336C0004X|3336C0003X,tier_1_primary_pharmacy,Y,Y,
1841606191,MGH AMBULATORY PHARMACY,1000 MCKINLEY PARK DR,,MARION,OH,433026399,7403838424,REGIONAL PHARMACY DIRECTOR,3336C0003X,tier_1_primary_pharmacy,Y,Y,
1700292885,"MY PHARMACY OF BELLEFONTAINE,LLC",932 E SANDUSKY AVE,,BELLEFONTAINE,OH,433112856,9374411758,PIC/OWNER,3336C0003X,tier_1_primary_pharmacy,Y,Y,
1033528617,EXCEL PHARMACY CARE LLC,3361 EXECUTIVE PKWY,,TOLEDO,OH,436061377,4193891020,SENIOR PARTNER,3336C0003X,tier_1_primary_pharmacy,Y,Y,
1992105472,SOUTHSIDE PHARMACY OF LORAIN INC,2811 FULTON RD,STE B,LORAIN,OH,440551638,4402770655,OWNER,3336C0003X,tier_1_primary_pharmacy,Y,Y,
1558762138,"COBRA PHARMACY, LLC",37 C LUCASVILLE-MINFORD ROAD,,LUCASVILLE,OH,45648,7403578426,MEMBER/PHARMACIST IN CHARGE,333600000X,tier_1_primary_pharmacy,Y,Y,
1871996306,DISCOUNT DRUG MART INC,5923 WOOSTER PIKE,,MEDINA,OH,442567873,3307210600,PHARMACY COORDINATOR,333600000X|3336C0003X,tier_1_primary_pharmacy,Y,Y,
1306249503,CARLISLE PHARMACY LLC,771 CENTRAL AVE,,CARLISLE,OH,450053318,5132673297,OWNER,3336C0003X,tier_1_primary_pharmacy,Y,Y,
1063819555,"CAPITAL PHARMACY, LLC",2330 MORSE RD STE C,,COLUMBUS,OH,432295804,6144185200,PHARMACIST/MEMBER,333600000X|3336C0003X,tier_1_primary_pharmacy,Y,Y,
1548667819,STULTZ PHARMACY OF WHEELERSBURG INC,8770 OHIO RIVER RD,,WHEELERSBURG,OH,456941918,7405748933,PRESIDENT/RPH,3336C0003X,tier_1_primary_pharmacy,Y,Y,
1477941854,MAPLE LEAF GEORGESVILLE PHARMACY,491 GEORGESVILLE RD,,COLUMBUS,OH,432282420,6142726791,OWNER,333600000X,tier_1_primary_pharmacy,Y,Y,
1942690698,ADENA PHARMACY LLC,100 DAWN LN,,WAVERLY,OH,456909138,7409476320,OUTPATIENT PHARMACY MANAGER,333600000X|3336C0003X,tier_1_primary_pharmacy,Y,Y,
1639560139,"INFINITY PHARMACY, LLC",2819 WESTERVILLE RD,,COLUMBUS,OH,432244473,6145913070,OWNER,3336C0003X,tier_1_primary_pharmacy,Y,Y,
1568856276,NORTHMARK PHARMACY LLC,1945 CEI DR,,BLUE ASH,OH,452425664,5139845133,MANAGER,333600000X,tier_1_primary_pharmacy,Y,Y,
1225424070,FREEDOMLINK RX PHARMACY LLC,24340 SPERRY DR STE C,,WESTLAKE,OH,441451565,4402495222,EXECUTIVE VP,333600000X|3336M0002X,tier_1_primary_pharmacy,Y,Y,
1487040697,MOUNT CARMEL WEST OUTPATIENT PHARMACY,793 W STATE ST,SUITE OPC,COLUMBUS,OH,432221551,6142345087,DIRECTOR OF PHARMACY,333600000X,tier_1_primary_pharmacy,Y,Y,
1912385774,ARENA DISTRICT PHARMACY,262 NEIL AVE,SUITE 130,COLUMBUS,OH,432157309,6145694799,PRESIDENT,3336C0003X,tier_1_primary_pharmacy,Y,Y,
1316326598,OHIOGUIDESTONE PHARMACY,3500 CARNEGIE AVE,,CLEVELAND,OH,441152641,4402608892,CFO,3336C0003X,tier_1_primary_pharmacy,Y,Y,
1417336447,ROYAL PHARMACY INC,2575 SOUTH HAMILTON ROAD,,COLUMBUS,OH,432324964,6145470707,PHARMACY MANAGER,333600000X,tier_1_primary_pharmacy,Y,Y,
1356724850,THOMPSONS COMMUNITY PHARMACY,2800 W BROAD ST,,COLUMBUS,OH,432042654,6143626888,BOARD CHAIRMAN,333600000X|3336C0003X,tier_1_primary_pharmacy,Y,Y,
1003299918,MAUMEE DISCOUNT PHARMACY,316 W DUSSEL DR,,MAUMEE,OH,435371671,4198870101,"OWNER,AO",3336C0004X|3336C0003X,tier_1_primary_pharmacy,Y,Y,
1083099790,BRYAN'S FAMILY PHARMACY INC,975B KINGSVIEW DR,,LEBANON,OH,450369562,5132280800,PRESIDENT,333600000X|3336C0003X,tier_1_primary_pharmacy,Y,Y,
1588049779,CARE ALLIANCE PHARMACY,2916 CENTRAL AVE,,CLEVELAND,OH,441153229,2165359100,CFO,333600000X|3336C0002X|3336C0003X,tier_1_primary_pharmacy,Y,Y,
1619353190,RITEWAY PHARMACY,1969 MORSE RD,,COLUMBUS,OH,432296663,6142610700,PHARMACIST,333600000X|3336C0003X,tier_1_primary_pharmacy,Y,Y,
1700262250,FIRST CARE PHARMACY LLC,8265 N MAIN ST,,DAYTON,OH,454151642,9378983313,PHARMACIST/OWNER,3336C0003X,tier_1_primary_pharmacy,Y,Y,
1366811630,KMG PHARMACY LLC,846 E MAIN ST,,TROTWOOD,OH,454262911,9375294433,"OWNER,  AO, PHCY MANAGER.",3336C0004X|333600000X|3336C0003X,tier_1_primary_pharmacy,Y,Y,
1801265889,THOMPSONS NEIGHBORHOOD PHARMACY LLC,2343 CLEVELAND AVE,,COLUMBUS,OH,432111611,6143888088,MANAGER/AO,333600000X|3336C0003X,tier_1_primary_pharmacy,Y,Y,
1649640863,DISCOUNT DRUG MART INC,38 S MEDINA LINE RD,,COPLEY,OH,443211002,3306700060,PHARMACY COORDINATOR,333600000X|3336C0003X,tier_1_primary_pharmacy,Y,Y,
1033589114,ANTHONYS PHARMACY INC,1719 BRICE RD,,REYNOLDSBURG,OH,430682705,6145014410,PHARMACIST/OWNER,333600000X|3336C0003X,tier_1_primary_pharmacy,Y,Y,
1548631765,"OLAKER'S APOTHECARY, LLC.",1013 JEFFERSON ST,,GREENFIELD,OH,451231283,9379813245,OWNER/PHARMACIST,333600000X,tier_1_primary_pharmacy,Y,Y,
1588036669,HEMEESH RX LLC,1019 LINN ST,,CINCINNATI,OH,452031314,5132413444,"OWNER, PIC, AO",3336C0004X|333600000X|3336C0003X,tier_1_primary_pharmacy,Y,Y,
1275906554,"CHAMPION DISCOUNT PHARMACY, LLC",4299 MAHONING AVE NW,,WARREN,OH,444831928,3303069616,"MEMBER, LLC",333600000X|3336C0004X|3336L0003X|3336C0003X,tier_1_primary_pharmacy,Y,Y,
1730545229,CEDARVILLE HOMETOWN PHARMACY LLC,63 N. MAIN ST.,,CEDARVILLE,OH,45314,9377662273,OWNER,333600000X|3336C0003X,tier_1_primary_pharmacy,Y,Y,
1134586829,SWISS VILLAGE PHARMACY LLC,309 S BROADWAY ST,,SUGARCREEK,OH,446819381,3308526033,RPH,333600000X|3336C0003X,tier_1_primary_pharmacy,Y,Y,
1235596990,OHIO STATE UNIVERSITY OUTPATIENT PHARMACY,460 W 10TH AVE RM L012,,COLUMBUS,OH,432101240,6142935920,CHIEF PHARMACY OFFICER,3336S0011X|333600000X|3336C0003X,tier_1_primary_pharmacy,Y,Y,
1508226077,ST VINCENT DE PAUL CHARITABLE PHARMACY - WESTERN HILLS,3015 GLENHILLS WAY,,CINCINNATI,OH,452383448,5133470743,DIRECTOR OF PHARMACY,333600000X,tier_1_primary_pharmacy,Y,Y,
1164883294,ACCUDOSE PHARMACY,685 BOARDMAN CANFIELD RD STE 3,,BOARDMAN,OH,445124711,8882226185,PRESIDENT,333600000X|3336L0003X,tier_1_primary_pharmacy,Y,Y,
1710332085,M.A.G PHARMACY,18325 EUCLID AVE,,CLEVELAND,OH,44112,2168893628,PHARMACIST IIN CHARGE,333600000X|3336C0003X,tier_1_primary_pharmacy,Y,Y,
1407202914,MEDTIME PHARMACY LLC,400 12TH ST NW,,CANTON,OH,447031809,2344103366,"OWNER, PIC, AO",333600000X|3336C0003X,tier_1_primary_pharmacy,Y,Y,
1083061303,"SAS APOTHECARY, LLC",1000 E BROAD ST,,COLUMBUS,OH,432051381,6142524348,PHARMACIST,3336C0003X|333600000X,tier_1_primary_pharmacy,Y,Y,
1891144986,VIRTUS OHIO PHARMACY LLC,436 ALEXANDERSVILLE RD,,MIAMISBURG,OH,453423658,9374355751,CEO,333600000X|3336L0003X,tier_1_primary_pharmacy,Y,Y,
1104277714,SCHWIETERMAN PHARMACY,510 E MARKET ST,,CELINA,OH,458221824,4195868875,VICE PRESIDENT,3336C0003X,tier_1_primary_pharmacy,Y,Y,
1225581150,TOLEDO FAMILY PHARMACY MAIN ST LLC,324 MAIN ST,,TOLEDO,OH,436052038,4199305830,"OWNER, PHARMACIST,AO",333600000X|3336C0003X,tier_1_primary_pharmacy,Y,Y,
1548713175,NAJJAR RX INC.,6630 BROADWAY AVE,,CLEVELAND,OH,441051310,4408629799,PHARMACIST/OWNER,3336C0003X,tier_1_primary_pharmacy,Y,Y,
1043767502,VIRTUS OHIO PHARMACY LLC,301 OBETZ RD,PHARMACY DEPARTMENT,COLUMBUS,OH,432074036,9374355751,PRESIDENT,3336I0012X|3336C0003X|333600000X|3336L0003X,tier_1_primary_pharmacy,Y,Y,
1861949265,FALCON PHARMACY INVESTMENTS LLC,12459 EAST US RT 22 3,,SABINA,OH,45169,9375842424,OWNER,3336C0003X|333600000X,tier_1_primary_pharmacy,Y,Y,
1457808826,FALCON PHARMACY INVESTMENTS LLC,119 S HIGH ST,,HILLSBORO,OH,451331442,9378400136,OWNER,3336C0003X|333600000X,tier_1_primary_pharmacy,Y,Y,
1730637315,VANGUARD PHARMACY LLC,5724 SIGNAL HILL CT STE B,,MILFORD,OH,451501483,5133733633,PHARMACIST IN CHARGE,3336M0002X|3336C0003X|333600000X,tier_1_primary_pharmacy,Y,Y,
1205385333,UPTOWN PHARMACY LLC,73 SPORTSMAN DR,SUITE B,MARENGO,OH,433341800,4192530632,PHARMACIST IN CHARGE,333600000X|3336C0003X,tier_1_primary_pharmacy,Y,Y,
1992255293,"MEDICAL CENTER WEST PHARMACY, LLC",5212 W BROAD ST,,COLUMBUS,OH,432281642,6148515811,OWNER/PHARM.D,333600000X,tier_1_primary_pharmacy,Y,Y,
1255883484,HAWTHORNE PHARMACY LLC,3320 TYLERSVILLE RD,,HAMILTON,OH,450117714,5132997967,PIC/MANAGING MEMBER,333600000X|3336C0003X,tier_1_primary_pharmacy,Y,Y,
1710429709,WELLNESS 1 PHARMACY- WEST,2092 S ALEX RD STE B,SUITE B,WEST CARROLLTON,OH,454492491,9373847777,MANAGER,333600000X|3336L0003X,tier_1_primary_pharmacy,Y,Y,
1972045813,WELLNESS 1 PHARMACY-WEST,2092 S ALEX RD,SUITE A,WEST CARROLLTON,OH,454492491,9373847777,PRESIDENT/PIC/AO,333600000X|3336C0003X,tier_1_primary_pharmacy,Y,Y,
1184168080,O'REILLY FAMILY PHARMACY LLC,1020 HIGH ST,,WORTHINGTON,OH,430854014,6148652577,OWNER,3336C0003X,tier_1_primary_pharmacy,Y,Y,
1841735800,"COLER DRUG LOGAN, LTD",21 HOCKING MALL,,LOGAN,OH,43138,7404527685,OWNER/SOLE MEMBER,3336C0003X,tier_1_primary_pharmacy,Y,Y,
1124566500,"WRIGHT RX PHARMACY, LLC",3359 KEMP RD,SUITE 230,BEAVERCREEK,OH,454312565,9374269500,OWNER,3336C0003X,tier_1_primary_pharmacy,Y,Y,
1033658059,ACCESS RX PHARMACY LLC,2611 WAYNE AVE,,DAYTON,OH,454201833,9372567801,RDO -PSI,3336C0002X|3336M0002X|333600000X|3336I0012X,tier_1_primary_pharmacy,Y,Y,
1457891830,MIDWESTERN COMPOUNDING PHARMACY LLC,203 N CHILLICOTHE ST,,PLAIN CITY,OH,430641045,6147333784,MANAGING MEMBER,333600000X|3336L0003X,tier_1_primary_pharmacy,Y,Y,
1932632973,THORNCHERRY RX LLC,1607 AMHERST RD NE,,MASSILLON,OH,446464183,3304131509,PRESIDENT/OWNER,333600000X|3336C0003X,tier_1_primary_pharmacy,Y,Y,
1598290157,NCH YELLOW PHARMACY,380 BUTTERFLY GARDEN DRIVE,,COLUMBUS,OH,43215,6143557160,"DIRECTOR, AMBULATORY PHARMACY",333600000X|3336C0002X,tier_1_primary_pharmacy,Y,Y,
1710413372,MIDWEST RX GROUP LLC,1260 S DEFIANCE ST,,ARCHBOLD,OH,435021620,5674444898,PRESIDENT,3336C0003X,tier_1_primary_pharmacy,Y,Y,
1407383524,GLOBAL RX PHARMACY,881 E MAIN ST STE 201,,COLUMBUS,OH,432051713,6142098187,RPH,333600000X,tier_1_primary_pharmacy,Y,Y,
1609306844,THOMPSONS TOWN STREET PHARMACY,165 N MURRAY HILL RD,,COLUMBUS,OH,432281585,6145913044,MANAGER/AO,333600000X|3336C0003X,tier_1_primary_pharmacy,Y,Y,
1801319686,COMMUNITY FIRST PHARMACY,1026 MAIN STREET,,HAMILTON,OH,45013,5136455447,CFO,3336C0003X|3336L0003X,tier_1_primary_pharmacy,Y,Y,
1285158667,SHIFFA PHARMACY,2330 MORSE RD UNIT D,,COLUMBUS,OH,432295804,6145995091,PHARMACIST,3336C0003X,tier_1_primary_pharmacy,Y,Y,
1871019984,DOCTORS PHARMACY,4878 W BROAD ST,,COLUMBUS,OH,432281602,6147056222,CLINICAL PHARMACIST,333600000X,tier_1_primary_pharmacy,Y,Y,
1689191710,FALCON PHARMACY INVESTMENTS LLC,28 W MAIN ST,,XENIA,OH,453852938,9373471200,OWNER,333600000X,tier_1_primary_pharmacy,Y,Y,
1164940078,SPRING VALLEY FAMILY PHARMACY LLC,448 JACKSON PIKE ROAD,,GALLIPOLIS,OH,45631,7404462844,OWNER,3336C0003X,tier_1_primary_pharmacy,Y,Y,
1487163598,"PHIL PHARMACY SOLUTIONS, LLC",150 E CAMPUS VIEW BLVD STE 210,,COLUMBUS,OH,432354648,8559770975,PIC,333600000X,tier_1_primary_pharmacy,Y,Y,
1457862088,THE LIBERTY PHARMACY,4875 HIGBEE AVE NW,,CANTON,OH,447182566,3309362068,ADMINISTRATOR,3336C0003X,tier_1_primary_pharmacy,Y,Y,
1093227274,AKRON PHARMACY,1 PARK WEST BLVD STE 140,,AKRON,OH,443204230,3305564515,OWNER/DIRECTOR,3336C0003X|3336C0004X|3336M0002X|3336S0011X|333600000X,tier_1_primary_pharmacy,Y,Y,
1063924702,UNITED DRUG GROUP LLC,1339 DORR ST,,TOLEDO,OH,436074015,4193457253,PRESIDENT,3336C0003X,tier_1_primary_pharmacy,Y,Y,
1073020806,THOMPSONS PHARMACY GEORGESVILLE LLC,421 GEORGESVILLE RD,,COLUMBUS,OH,432282420,6145913991,MANAGER/AO,333600000X|3336C0003X,tier_1_primary_pharmacy,Y,Y,
1962901314,"COLUMBUS PHARMACY, INC",246 LINCOLN CIR STE B,,GAHANNA,OH,432303090,6143716843,OWNER,3336C0003X|333600000X,tier_1_primary_pharmacy,Y,Y,
1609378611,KAUP PHARMACY INC,102 N WAYNE ST,,FORT RECOVERY,OH,458468059,4193752323,PRESIDENT,333600000X|3336C0003X|3336C0004X|3336L0003X,tier_1_primary_pharmacy,Y,Y,
1225531171,DISCOUNT DRUG MART INC,211 COMMERCE DR,,MEDINA,OH,442561331,3307252340,CFO,3336C0003X,tier_1_primary_pharmacy,Y,Y,
1366947111,COLER DRUG ATHENS LTD,310 W UNION ST STE 101,,ATHENS,OH,457012312,7404527685,"OWNER,MGR,AO",333600000X|3336C0003X,tier_1_primary_pharmacy,Y,Y,
1326543992,DISCOUNT DRUG MART INC,8023 CRILE RD,,PAINESVILLE,OH,440779180,4408532542,PHARMACY COORDINATOR,333600000X|3336C0003X,tier_1_primary_pharmacy,Y,Y,
1669978227,TRIPLEFIN PHARMACY SERVICES LLC,11333 CORNELL PARK DR,,BLUE ASH,OH,452421813,5138782115,PHARMACIST IN CHARGE,333600000X|3336C0003X,tier_1_primary_pharmacy,Y,Y,
1548767395,PREMIER PHARMACY SERVICES INC,4900 OAK ST.,,BERLIN,OH,44610,3308930290,PRESIDENT,3336C0003X|3336C0004X|3336L0003X|3336M0002X|333600000X,tier_1_primary_pharmacy,Y,Y,
1639676141,DISCOUNT DRUG MART INC,33381 WALKER RD STE C,,AVON LAKE,OH,440121463,2167504037,PHARMACY COORDINATOR,3336C0003X|333600000X,tier_1_primary_pharmacy,Y,Y,
1538657622,BREWSTERS HOMETOWN PHARMACY LLC,104 THORNTON DR,,PIKETON,OH,45661,7406483020,OWNER/PHARMACIST IN CHARGE/AO,333600000X|3336C0003X,tier_1_primary_pharmacy,Y,Y,
1952899601,SYCAMORE HILLS PHARMACY LLC,9683 KENWOOD RD,,BLUE ASH,OH,452426128,8014199388,OWNER,3336C0003X|333600000X,tier_1_primary_pharmacy,Y,Y,
1285125161,"WESTERVILLE ROAD PHARMACY, LLC",2709 WESTERVILLE RD,,COLUMBUS,OH,432244440,6143888088,MANAGER,3336C0003X,tier_1_primary_pharmacy,Y,Y,
1568955136,KING'S PHARMACY,7043 YANKEE RD,,LIBERTY TOWNSHIP,OH,45044,5138043266,OWNER,333600000X,tier_1_primary_pharmacy,Y,Y,
1639663123,REACHCARE PHARMACY SERVICES LLC,421 GEORGESVILLE RD,,COLUMBUS,OH,432282420,6145250031,OWNER,3336C0003X,tier_1_primary_pharmacy,Y,Y,
1518451780,CENTRAL PHARMACY SERVICES LLC,9117 CINCINNATI COLUMBUS RD,,WEST CHESTER,OH,450693701,5132297585,PRESIDENT,3336C0003X,tier_1_primary_pharmacy,Y,Y,
1730668708,HOCKS PHARMACY INC,649 W HIGH ST,,PIQUA,OH,453562149,9373816550,CONTROLLER,3336C0003X,tier_1_primary_pharmacy,Y,Y,
1912488586,PREMIERX PHARMACY INC.,4633 MORSE CENTRE RD,,COLUMBUS,OH,432296601,6149242124,PHARMACY MANAGER,3336C0003X,tier_1_primary_pharmacy,Y,Y,
1497236533,DISCOUNT DRUG MART INC,2710 EASTON ST NE STE A,,CANTON,OH,447212691,3305267423,PHARMACY COORDINATOR,3336C0003X,tier_1_primary_pharmacy,Y,Y,
1093298184,MINGO FAMILY PHARMACY,116 MCLISTER AVE,,MINGO JUNCTION,OH,439381259,7404385857,OWNER,3336C0003X,tier_1_primary_pharmacy,Y,Y,
1477036499,HEALTHY RX,3188 S BYRNE RD,,TOLEDO,OH,436145326,4197774566,OWNER,3336C0003X|333600000X,tier_1_primary_pharmacy,Y,Y,
1033694013,MEDX PHARMACY LLC,3021 NAVARRE AVE,,OREGON,OH,436163498,4192149065,RPH,3336C0003X,tier_1_primary_pharmacy,Y,Y,
1255816526,SHIV-SHAKTI RX INC.,1 ELIZABETH PL STE 1015,,DAYTON,OH,454173445,9374244599,PRESIDENT/PHARMACIST,3336C0003X,tier_1_primary_pharmacy,Y,Y,
1447728415,SOLUTIONS CARE PHARMACY,3891-3893 GREAT SOUTHERN COURT,,COLUMBUS,OH,432074003,6148666456,OWNER,3336C0003X,tier_1_primary_pharmacy,Y,Y,
1851856561,"FULTON PHARMACY, INC.",1657 25TH ST NW,,CANTON,OH,447093421,3304562476,PRESIDENT,3336L0003X|333600000X,tier_1_primary_pharmacy,Y,Y,
1437615440,CINCINNATI PHARMACY LLC,3495 BURNET AVE,,CINCINNATI,OH,452292876,5133765358,OWNER/MANAGER,3336C0004X|3336S0011X|3336C0003X,tier_1_primary_pharmacy,Y,Y,
1265998025,POWELL PHARMACY INC,4004 PRESIDENTIAL PKWY,,POWELL,OH,430658440,6146364499,OWNER,3336C0003X,tier_1_primary_pharmacy,Y,Y,
1356808299,DRAGONFLY HOSPICE PHARMACY,5075 WINDFALL RD # 253,,MEDINA,OH,442568613,3309521011,VP PHARMACY OPERATIONS,333600000X,tier_1_primary_pharmacy,Y,Y,
1164983946,FRANKLIN PARK PHARMACY LLC,4020 SECOR RD UNIT A,,TOLEDO,OH,436234273,5673158780,PHARMACIST IN CHARGE,3336C0003X,tier_1_primary_pharmacy,Y,Y,
1992266506,PREMIER CARE PHARMACY,867 W TOWN ST,,COLUMBUS,OH,432221662,6147251340,OWNER,3336C0003X,tier_1_primary_pharmacy,Y,Y,
1093276628,MEDCARE PHARMACY,3029 SMITH RD STE 100,,FAIRLAWN,OH,443333364,3309601014,OWNER,333600000X|3336C0003X,tier_1_primary_pharmacy,Y,Y,
1750842084,LONDON APOTHECARY INC,54 W HIGH ST STE A,,LONDON,OH,431401093,7408525131,OWNER,3336C0003X|3336L0003X,tier_1_primary_pharmacy,Y,Y,
1790340404,OHIO STATE UNIVERSITY OUTPATIENT PHARMACY,410 W 10TH AVE RM 111,,COLUMBUS,OH,432101240,6142939795,CHIEF PHARMACY OFFICER,3336C0003X,tier_1_primary_pharmacy,Y,Y,
1124683826,OHIO STATE UNIVERSITY OUTPATIENT PHARMACY,181 TAYLOR AVENUE,,COLUMBUS,OH,432031779,6142572628,CHIEF PHARMACY OFFICER,3336C0003X,tier_1_primary_pharmacy,Y,Y,
1902465503,SCRIPTHERO PHARMACY LLC,910 JOHN ST STE 3A,,COLUMBUS,OH,432221105,8667474276,VP & TREASURER,333600000X,tier_1_primary_pharmacy,Y,Y,
1184284929,"GENESIS SPECIALTY PHARMACY, LLC",721 TAYLOR ST STE B,,ZANESVILLE,OH,437012010,7404545667,CSO,3336C0003X|3336S0011X,tier_1_primary_pharmacy,Y,Y,
1235790031,DISCOUNT DRUG MART INC,7626 STATE ROUTE 45,,LISBON,OH,444329394,3308701190,PHARMACY COORDINATOR,3336C0003X,tier_1_primary_pharmacy,Y,Y,
1700434214,KRATZER PHARMACY INC.,711 S BREIEL BLVD,,MIDDLETOWN,OH,450446201,5132176222,OWNER/PRESIDENT,3336C0003X,tier_1_primary_pharmacy,Y,Y,
1588212096,KRATZER PHARMACY INC.,155 N POINT DR,,MOUNT ORAB,OH,451548366,9374440135,PHARMACY DIRECTOR,333600000X|3336C0003X,tier_1_primary_pharmacy,Y,Y,
1669020186,CHURCH SQUARE PHARMACY INC,5050 TURNEY RD,,GARFIELD HEIGHTS,OH,441252544,2165105649,OWNER,3336C0003X,tier_1_primary_pharmacy,Y,Y,
1467000638,SHREE RX CORP,5320 E MAIN ST STE-700,,COLUMBUS,OH,432132573,6143339857,OWNER,3336C0003X,tier_1_primary_pharmacy,Y,Y,
1528617099,VITACARE PHARMACY INC.,10501 BLACKLICK EASTERN RD STE 800-1,,PICKERINGTON,OH,431477871,6143330168,MANAGER,3336C0003X,tier_1_primary_pharmacy,Y,Y,
1841831831,WEDGEWOOD PHARMACY,4350 NEW RD,,AUSTINTOWN,OH,445154501,3307992503,OWNER,3336C0003X,tier_1_primary_pharmacy,Y,Y,
1578105805,DISCOUNT DRUG MART INC,9318 BROADVIEW RD,,BROADVIEW HTS,OH,441472306,4406524115,PHARMACY COORDINATOR,3336C0003X,tier_1_primary_pharmacy,Y,Y,
1851935399,EXCELS PHARMACY LLC,2800 SALEM AVE,,DAYTON,OH,454062750,9372788700,PRESIDENT/OWNER,3336C0003X|333600000X,tier_1_primary_pharmacy,Y,Y,
1881238798,HARNESS HEALTH PHARMACY - CENTRAL PHARMACY SERVICES LLC,7160 INDUSTRIAL ROW DR STE 331,,MASON,OH,450401695,8667755767,VP REIMBURSMENT,3336C0003X,tier_1_primary_pharmacy,Y,Y,
1033756713,KRATZER PHARMACY INC.,6647 S STATE ROUTE 48,,MAINEVILLE,OH,450399758,9373820081,OWNER/PRESIDENT,3336C0003X,tier_1_primary_pharmacy,Y,Y,
1811534829,MILESTONE PHARMACY LLC,3350 CLEVELAND AVE # 1946,,COLUMBUS,OH,432243677,6146005524,OWNER/PHARMACIST,3336C0003X,tier_1_primary_pharmacy,Y,Y,
1992343818,KRATZER PHARMACY INC.,263 N.MAIN ST,,LYNCHBURG,OH,45142,9375790212,OWNER/PRESIDENT,3336C0003X,tier_1_primary_pharmacy,Y,Y,
1245870864,BRAVO RX PHARMACY,4125 W BROAD ST # B,,COLUMBUS,OH,432281600,6144260813,MANAGER,3336C0003X,tier_1_primary_pharmacy,Y,Y,
1013547835,ADENA PHARMACY LLC,311 CALDWELL ST,,CHILLICOTHE,OH,456013332,7407795600,CHIEF FINANCIAL OFFICER,3336C0003X,tier_1_primary_pharmacy,Y,Y,
1316572316,COVERMYMEDS PHARMACY LLC,"910 JOHN ST., STE. 3B",,COLUMBUS,OH,432221105,6144543325,VP & TREASURER; MANAGER,3336S0011X|333600000X,tier_1_primary_pharmacy,Y,Y,
1689200461,CROSS POINT PHARMACY,800 CROSS POINTE RD STE P,,GAHANNA,OH,432306690,6148045194,PRESIDENT,3336C0003X,tier_1_primary_pharmacy,Y,Y,
1972122927,MATRIX RX LLC,3775B TRUEMAN CT,,HILLIARD,OH,430262496,6143627242,OWNER,333600000X|3336C0003X,tier_1_primary_pharmacy,Y,Y,
1659990620,KLASS APOTHECARY INC,1831 E MAIN ST,,OTTAWA,OH,458751649,4195236122,OWNER,333600000X|3336L0003X,tier_1_primary_pharmacy,Y,Y,
1912527979,WELLNESS 1 PHARMACY - MASON INC,6681 WESTERN ROW RD,,MASON,OH,450401305,5135480022,PRESIDENT/OWNER,3336S0011X|3336C0004X|333600000X|3336C0003X,tier_1_primary_pharmacy,Y,Y,
1093339921,WILLHITE FAMILY BUSINESS CURLEYS PHARMACY,244 N MAIN ST,,UTICA,OH,430807705,6142888585,OWNER/PHARMACIST IN CHARGE,3336C0003X,tier_1_primary_pharmacy,Y,Y,
1013527498,"GUARDIAN PHARMACY OF CINCINNATI, LLC",5907 CHEVIOT RD,,CINCINNATI,OH,452476226,5135871474,PRESIDENT/OWNER,3336C0003X|3336C0004X|3336L0003X,tier_1_primary_pharmacy,Y,Y,
1801406780,"GUARDIAN PHARMACY OF CINCINNATI, LLC",1825 COMMERCE CENTER BLVD STE 121,,FAIRBORN,OH,453246336,5132425700,PRESIDENT/OWNER,3336C0003X|3336L0003X,tier_1_primary_pharmacy,Y,Y,
1902418148,PARRIMAN PHARMACY LLC,931 STATE ROUTE 28 UNIT 205,,MILFORD,OH,451504942,5138318211,RPH,3336C0003X,tier_1_primary_pharmacy,Y,Y,
1700493517,HEALTH SPRINGS RX LLC,9474 SPRINGBORO PIKE,,MIAMISBURG,OH,453424426,9372404900,OWNER,333600000X|3336C0003X,tier_1_primary_pharmacy,Y,Y,
1821695594,SIGNATURE HEALTH INC. PHARMACY,53 S SAINT CLAIR ST,,PAINESVILLE,OH,440773418,4408531225,CHIEF PHARMACY OFFICER,3336C0002X|333600000X,tier_1_primary_pharmacy,Y,Y,
1538760624,MEDTIME PHARMACY LLC,400 12TH ST NW,ADDRESS LINE 2,CANTON,OH,44703,2344103366,PRESIDENT,3336C0003X|3336L0003X,tier_1_primary_pharmacy,Y,Y,
1073114013,NORTH LINDEN PHARMACY,1000 GEORGESVILLE RD STE B,,COLUMBUS,OH,432283304,6145913611,PRESIDENT/OWNER,333600000X,tier_1_primary_pharmacy,Y,Y,
1578169033,SOUTHEAST OHIO FREE PHARMACY,86 COLUMBUS CIR STE 104G,,ATHENS,OH,457011371,6148492971,PHARMACIST / BOARD PRESIDENT,3336C0003X,tier_1_primary_pharmacy,Y,Y,
1952997439,MEDCENTRIC PHARMACY,1280 AIDA DR,,REYNOLDSBURG,OH,430682004,6147470209,CEO/PRESIDENT,3336C0003X,tier_1_primary_pharmacy,Y,Y,
1508453077,PROGRESSIVE WELLNESS PHARMACY LLC,7640 SYLVANIA AVE STE C-1,,SYLVANIA,OH,435609263,4197493193,PHARMACIST IN CHARGE,3336C0003X,tier_1_primary_pharmacy,Y,Y,
1285223735,SALEONE PHARMACY LLC,6078 HUNTLEY RD,,COLUMBUS,OH,432291002,6145168837,PHARMACIST IN CHARGE/CO-OWNER,3336C0003X,tier_1_primary_pharmacy,Y,Y,
1639768187,"SPRINGVALE HEALTH CENTERS, INC.-PHARMACY",335 OXFORD ST,,DOVER,OH,446221970,3303651085,EXECUTIVE DIRECTOR,333600000X,tier_1_primary_pharmacy,Y,Y,
1013507102,PELPHREYS PHARMACY LLC,7208 TAYLORSVILLE RD,,HUBER HEIGHTS,OH,454242303,9378131301,OWNER,3336C0003X,tier_1_primary_pharmacy,Y,Y,
1104418466,GERMANTOWN PHARMACY LLC,28 N MAIN ST,,GERMANTOWN,OH,453271350,9373363637,PHARMACIST,3336C0003X,tier_1_primary_pharmacy,Y,Y,
1124611629,OHIO VALLEY PHARMACY LLC,780 E MARKET ST STE 2,,CADIZ,OH,439078721,7403204008,OWNER,3336C0003X|3336M0002X,tier_1_primary_pharmacy,Y,Y,
1235724675,"COLER DRUG LOUDONVILLE, LTD",202 W MAIN ST,,LOUDONVILLE,OH,448421134,4199943221,DIRECTOR OF OPERATIONS,3336C0003X,tier_1_primary_pharmacy,Y,Y,
1073198131,PREMIER PHARMACY SERVICES INC,2105 GLEN DR,,MILLERSBURG,OH,446548905,2343019166,PRESIDENT,3336L0003X|3336C0003X,tier_1_primary_pharmacy,Y,Y,
1396310157,MEDCENTRIC PHARMACY 2 LLC,5961 BOYMEL DR STE 3,,FAIRFIELD,OH,450145592,5134992818,CEO/OWNER,3336C0003X,tier_1_primary_pharmacy,Y,Y,
1861068405,OHIO STATE UNIVERSITY OUTPATIENT PHARMACY,6100 N HAMILTON RD RM 1370,,WESTERVILLE,OH,430812062,6143667551,CHIEF PHARMACY OFFICER,3336C0003X,tier_1_primary_pharmacy,Y,Y,
1013586346,ULTIMATE CARE PHARMACY LLC,3481 TYLERSVILLE RD,,HAMILTON,OH,450115556,5132239262,CHIEF OPERATIONS OFFICER,3336C0003X,tier_1_primary_pharmacy,Y,Y,
1659942951,"FALCON PHARMACY INVESTMENTS, LLC",601 W MAIN ST,,BLANCHESTER,OH,451071141,6145626893,OWNER,333600000X,tier_1_primary_pharmacy,Y,Y,
1033780168,"PRATHER PHARMACY HOLDINGS, LLC",6725 W CENTRAL AVE STE B,,TOLEDO,OH,436171154,4198413833,"PRESIDENT, MEMBER",3336C0003X|3336C0004X,tier_1_primary_pharmacy,Y,Y,
1083286678,LINDEN COMMUNITY PHARMACY,1464 CLEVELAND AVE,,COLUMBUS,OH,432112760,6142984190,PHARMACY MANAGER,3336C0003X,tier_1_primary_pharmacy,Y,Y,
1336712884,DOCTORS PHARMACY DOWNTOWN,270 S GRANT AVE,,COLUMBUS,OH,432155334,6145629101,PHARMACIST IN CHARGE,3336C0003X,tier_1_primary_pharmacy,Y,Y,
1144997701,FILLMORE PHARMACY LLC,119 S SYCAMORE AVENUE,,SYCAMORE,OH,44882,4199272691,OWNER,3336C0003X,tier_1_primary_pharmacy,Y,Y,
1578232120,OHIO INTAKE PHARMACY 2 LLC,6 S 2ND ST STE 506,,HAMILTON,OH,450112846,5137373777,MANAGER,3336C0003X,tier_1_primary_pharmacy,Y,Y,
1356010904,OHIO INTAKE PHARMACY 3 LLC,6 S 2ND ST STE 507,,HAMILTON,OH,450112866,6503535495,"CEO, AO",3336C0003X,tier_1_primary_pharmacy,Y,Y,
1619646817,SEVEN HILLS PHARMACY LLC,2722 E KEMPER RD,,SHARONVILLE,OH,452411818,6503535495,"CEO, AO",3336C0003X,tier_1_primary_pharmacy,Y,Y,
1659041085,LIFECARE PHARMACY,3156 DUSTIN RD STE 101,,OREGON,OH,436164300,4197200005,OWNER,3336C0003X,tier_1_primary_pharmacy,Y,Y,
1013687235,BERTRAM RIPLEY PHARMACY,100 MAIN ST,,RIPLEY,OH,451671232,9373924020,OWNER,3336C0003X,tier_1_primary_pharmacy,Y,Y,
1720759996,BERTRAM GEORGETOWN PHARMACY,114 S MAIN ST,,GEORGETOWN,OH,451211221,9373784844,OWNER,3336C0003X,tier_1_primary_pharmacy,Y,Y,
1184396517,DISCOUNT DRUG MART INC,9133 PEARL RD,,STRONGSVILLE,OH,441361414,4407833120,PHARMACY COORDINATOR,3336C0003X,tier_1_primary_pharmacy,Y,Y,
1225791668,GARFIELD LOWCOST PHARMACY LLC,26901 BROOKPARK ROAD EXT,,NORTH OLMSTED,OH,440703176,2164761400,PRESIDENT,333600000X|3336C0003X,tier_1_primary_pharmacy,Y,Y,
1194484493,PERRY PHARMACY ENTERPRISE LLC,75 W CENTRAL AVE,,CAMDEN,OH,453111007,9374521263,OWNER,3336L0003X|3336C0003X,tier_1_primary_pharmacy,Y,Y,
1356001168,SYLVANIA FAMILY PHARMACY LLC,2114 N HOLLAND SYLVANIA RD,,TOLEDO,OH,436153326,4197208000,OWNER,3336L0003X|3336S0011X|3336C0003X,tier_1_primary_pharmacy,Y,Y,
1134889298,ELITE PHARMACY LLC,11 E MAIN ST,,CANFIELD,OH,444061318,3302860226,OWNER,3336C0004X|3336C0003X,tier_1_primary_pharmacy,Y,Y,
1538810098,EVERYDAY PHARMACY LLC,502 MAIN ST,,HAMILTON,OH,450133222,5139391500,OWNER,3336C0003X,tier_1_primary_pharmacy,Y,Y,
1467106385,HARNESS HEALTH PHARMACY - OHIO LLC,2600 NAVARRE AVE,,OREGON,OH,436163207,4196967575,SYSTEM DIRECTOR,3336C0003X,tier_1_primary_pharmacy,Y,Y,
1588318406,HARNESS HEALTH PHARMACY - OHIO LLC,12623 ECKEL JUNCTION RD,,PERRYSBURG,OH,435511304,5673581434,SYSTEM DIRECTOR,3336C0003X,tier_1_primary_pharmacy,Y,Y,
1366196289,HARNESS HEALTH PHARMACY - OHIO LLC,3404 W SYLVANIA AVE,,TOLEDO,OH,436234467,4194071777,SYSTEM DIRECTOR,3336C0003X,tier_1_primary_pharmacy,Y,Y,
1659025468,SCRIPTHERO PHARMACY LLC,910 JOHN ST STE 3A,,COLUMBUS,OH,432221105,6144543325,VP & TREASUER,333600000X,tier_1_primary_pharmacy,Y,Y,
1821743311,DISCOUNT DRUG MART INC,33633 BAGLEY RD,,NORTH RIDGEVILLE,OH,44039,4404065031,CFO,3336C0003X,tier_1_primary_pharmacy,Y,Y,
1710633037,PROHEALTH RX LLC,958 N WAGGONER RD,,BLACKLICK,OH,430047911,6143696539,CHIEF OFFICER,3336C0003X,tier_1_primary_pharmacy,Y,Y,
1457009979,MIXPILL COMPOUNDING PHARMACY,245 N MAIN ST STE 400,,SPRINGBORO,OH,450669172,9378063102,CO-OWNER/PHARMACIST,3336C0003X|3336C0004X,tier_1_primary_pharmacy,Y,Y,
1386392538,TOTAL HEALTH CARE PHARMACY,825 S CABLE RD,,LIMA,OH,458053467,5672896734,PHARMACIST,3336C0003X,tier_1_primary_pharmacy,Y,Y,
1891436226,"COMPLETE HEALTHCARE PHARMACY 2, LLC",5888 CLEVELAND AVE STE A,,COLUMBUS,OH,432312860,6143307411,PRESIDENT,3336C0003X,tier_1_primary_pharmacy,Y,Y,
1538801204,HEART OF OHIO FAMILY HEALTH CENTERS JAMES B FEIBEL CENTER PHARMACY,5000 E MAIN ST,,COLUMBUS,OH,432132440,6142355555,CHIEF EXECUTIVE OFFICER,3336C0003X,tier_1_primary_pharmacy,Y,Y,
1548903453,BERTRAM SARDINIA PHARMACY,7110 BACHMAN RD UNIT 2,,SARDINIA,OH,451719467,9374462545,OWNER,333600000X,tier_1_primary_pharmacy,Y,Y,
1679218580,HARNESS HEALTH PHARMACY - OHIO LLC,4777 E GALBRAITH RD,,CINCINNATI,OH,452362725,5136865678,SYSTEM DIRECTOR PAYOR ADMINISTRATIO,3336C0003X,tier_1_primary_pharmacy,Y,Y,
1740928282,CHERRYTREE RX LLC,3000 N WOOSTER AVE,,DOVER,OH,446229469,3304400215,PRESIDENT,333600000X|3336C0003X,tier_1_primary_pharmacy,Y,Y,
1669111746,OHIO STATE UNIVERSITY OUTPATIENT PHARMACY,6700 UNIVERSITY BOULEVARD,ROOM 1370A,DUBLIN,OH,43016,6148147001,CHIEF PHARMACY OFFICER,3336C0003X,tier_1_primary_pharmacy,Y,Y,
1164160271,"FOSTERS PHARMACY, INC.",207 W HIGH ST,,MOUNT VERNON,OH,430502427,7403920911,OWNER,3336C0003X|3336L0003X,tier_1_primary_pharmacy,Y,Y,
1750020970,NEWARK PHARMACY RX LLC,57 W. MAIN STREET,,NEWARK,OH,43055,7403459761,OWNER,3336C0003X,tier_1_primary_pharmacy,Y,Y,
1205565694,ADENA PHARMACY LLC,2 E A ST,,WELLSTON,OH,456921210,7403847715,AMBULATORY PHARMACY DIRECTOR,3336C0003X,tier_1_primary_pharmacy,Y,Y,
1588394605,EXPRESS PHARMACY & DME,2750 S HAMILTON RD STE 19,,COLUMBUS,OH,432325188,2109819690,PIC,3336L0003X|3336C0003X,tier_1_primary_pharmacy,Y,Y,
1083345235,INTRA-NATIONAL PHARMACY LLC,958 N WAGGONER RD,,BLACKLICK,OH,430047911,6824449524,MANAGING OFFICER,3336C0003X,tier_1_primary_pharmacy,Y,Y,
1861124851,NEWARK PHARMACY RX LLC,57 W. MAIN STREET,,NEWARK,OH,43055,7403459761,OWNER,3336C0003X,tier_1_primary_pharmacy,Y,Y,
1851024459,COLER DRUG ZANESVILLE LTD,2050 EAST PIKE,,ZANESVILLE,OH,43701,7404527685,CHIEF COMPLIANCE OFFICER,3336C0003X,tier_1_primary_pharmacy,Y,Y,
1790419067,"COLER DRUG DRESDEN, LTD",101 W DAVE LONGABERGER AVE STE C,,DRESDEN,OH,438219490,7404527685,CHIEF COMPLIANCE OFFICER,3336C0003X,tier_1_primary_pharmacy,Y,Y,
1891421095,AZINA SPECIALTY PHARMACY,5515 PARKCENTER CIR,,DUBLIN,OH,430173584,6142048992,PRESIDENT CHIEF OPERATING OFFICER,3336S0011X|3336C0003X,tier_1_primary_pharmacy,Y,Y,
1689395030,DAY'S PHARMACY - GLENDALE INC,210 E SHARON RD,,CINCINNATI,OH,452464529,5137717350,PRESIDENT,3336C0003X,tier_1_primary_pharmacy,Y,Y,
1275255242,BEX RX PHARMACY,1924 PARSONS AVE,,COLUMBUS,OH,432071931,1483260436,OWNER/OPERATOR,3336C0003X,tier_1_primary_pharmacy,Y,Y,
1861118325,SALAMA PHARMACY,4125 W BROAD ST UNIT 2,,COLUMBUS,OH,432281600,6143687313,PRESIDENT,3336C0003X,tier_1_primary_pharmacy,Y,Y,
1467169599,"STOW-KENT COMMUNITY PHARMACY,LLC",3285 KENT RD,,STOW,OH,442244501,3305722640,PHARMACY MANAGER,3336C0003X,tier_1_primary_pharmacy,Y,Y,
1851004618,STERLING COMMUNITY PHARMACY,129 W KEMPER RD,,SPRINGDALE,OH,452462511,5139540112,CEO,3336C0003X,tier_1_primary_pharmacy,Y,Y,
1487369658,GRACELOVE PHARMACY INC,6535 E LIVINGSTON AVE,,REYNOLDSBURG,OH,430683502,3475925600,PHARMACY MANAGER,3336C0003X,tier_1_primary_pharmacy,Y,Y,
1609573302,NORTHERN LIGHTS PHARMACY INC,6954 AMERICANA PKWY STE P,,REYNOLDSBURG,OH,430684115,6149289230,CEO,3336C0003X,tier_1_primary_pharmacy,Y,Y,
1952008518,VINCENT RX LLC,8465 STATE ROUTE 339,,VINCENT,OH,457845647,7406782384,OWNER,3336C0003X,tier_1_primary_pharmacy,Y,Y,
1629776869,NEWARK RX LLC,57 W MAIN ST,,NEWARK,OH,430555005,7403459761,OWNER,3336C0003X,tier_1_primary_pharmacy,Y,Y,
1376242735,"DAILY PHARMACY, LLC",57 W MAIN ST,,NEWARK,OH,430555005,8106233018,OWNER,3336C0003X,tier_1_primary_pharmacy,Y,Y,
1740989755,"NEOVATIONS PHARMACY SERVICES, LLC",4211 STATE ROUTE 44 STE 207-208,,ROOTSTOWN,OH,442729733,3303256157,VP & DIRECTOR OF CLINICAL SERVICES,333600000X|3336C0002X,tier_1_primary_pharmacy,Y,Y,
1780388470,APERTURE RX LLC,6185 SHAMROCK CT STE A,,DUBLIN,OH,430161275,6146475115,COO,3336C0003X|3336S0011X|333600000X|3336H0001X,tier_1_primary_pharmacy,Y,Y,
1174210769,OHIOHEALTH SPECIALTY PHARMACY,10013 BUSEY RD NW STE 100A,,CANAL WINCHESTER,OH,431109625,6145663322,PHARMACY SITE MANAGER,3336C0003X,tier_1_primary_pharmacy,Y,Y,
1063103422,"PREMIER PHARMACY SERVICES, INC.",126 N BROADWAY ST,,SUGARCREEK,OH,446819384,3308930290,PRESIDENT,3336C0003X,tier_1_primary_pharmacy,Y,Y,
1801589734,HICARE PHARMACY LLC,8769 N MAIN ST FL 1,,DAYTON,OH,454151392,9377236034,CO- OWNER/PHARMACIST,3336C0003X,tier_1_primary_pharmacy,Y,Y,
1609551324,CARE CORNER PHARMACY,1065 DELAWARE AVE # C-1,,MARION,OH,433026461,6143687344,OWNER,333600000X,tier_1_primary_pharmacy,Y,Y,
1801573134,ALTEV COMMUNITY PHARMACY LLC,3559 READING RD,,CINCINNATI,OH,452292666,9374698235,OWNER,3336C0002X|333600000X,tier_1_primary_pharmacy,Y,Y,
1376220483,HEALTH JOURNEY PHARMACY LLC,471 MORRISON RD STE K,,GAHANNA,OH,432305308,6145320258,OWNER/DIRECTOR OF PHARMACY,3336C0003X,tier_1_primary_pharmacy,Y,Y,
1356028484,LEE SILSBY COMPOUNDING PHARMACY LLC,23865 MERCANTILE RD,,BEACHWOOD,OH,441225907,2163124300,OWNER,3336C0003X|3336C0004X|3336S0011X|333600000X,tier_1_primary_pharmacy,Y,Y,
1770261133,DOCTORS PHARMACY NORTH LLC,5910 CLEVELAND AVE STE D,,COLUMBUS,OH,43231,6147056111,PHARMACIST,3336C0003X,tier_1_primary_pharmacy,Y,Y,
1760163463,TOTAL CARE PHARMACY LLC,5174 PLEASANT AVE STE C,,FAIRFIELD,OH,450142648,5138054114,CO-OWNER/PHARMACIST,3336C0003X,tier_1_primary_pharmacy,Y,Y,
1568144970,"CENTERWELL PHARMACY, INC.",9843 WINDISCH RD,,WEST CHESTER,OH,450693826,8774862668,VP,3336S0011X|3336C0003X,tier_1_primary_pharmacy,Y,Y,
1942083357,MEDRITE PHARMACY,949 E LIVINGSTON AVE,,COLUMBUS,OH,432052748,6142849515,CLINICAL PHARMACIST,3336C0002X|3336C0004X|3336C0003X,tier_1_primary_pharmacy,Y,Y,
1194501734,DISCOUNT DRUG MART INC,6115 STATE RD,,PARMA,OH,44134,4402530790,PHARMACY COORDINATOR,3336C0003X,tier_1_primary_pharmacy,Y,Y,
1205608262,ELITE PHARMACY LLC,1 MEMORY LN STE 500,,GARRETTSVILLE,OH,442319415,3305274349,OWNER,3336C0003X,tier_1_primary_pharmacy,Y,Y,
1265207773,"WEYRAUCH'S PHARMACY, LLC",4959 KIDRON RD,,KIDRON,OH,44636,3308570115,MANAGING MEMBER,3336C0003X,tier_1_primary_pharmacy,Y,Y,
1891561882,HANINI RX LLC,3782 W 117TH ST,,CLEVELAND,OH,441115265,2163313642,PHARMACY MANAGER,3336C0003X,tier_1_primary_pharmacy,Y,Y,
1386412690,UNITY RX 101 LLC,3626 MEDINA RD,,MEDINA,OH,442568100,3303316100,OWNER,3336C0003X,tier_1_primary_pharmacy,Y,Y,
1083483846,UNITY RX 102 LLC,3540 BURBANK RD,,WOOSTER,OH,446918539,2017440107,OWNER,3336C0003X,tier_1_primary_pharmacy,Y,Y,
1033989413,GARFIELD LOWCOST PHARMACY LLC,401 CLEVELAND ST,,ELYRIA,OH,440356143,2164761400,PRESIDENT,3336C0003X,tier_1_primary_pharmacy,Y,Y,
1659142784,ST. VINCENT DE PAUL CHARITABLE PHARMACY - MILFORD,813 MAIN ST,,MILFORD,OH,451501725,5135628841,VICE PRESIDENT OF PHARMACY,333600000X,tier_1_primary_pharmacy,Y,Y,
1730950619,GENUINE CARE PHARMACY LLC,28 ESWIN ST,,CINCINNATI,OH,452181405,5135893858,CHIEF EXECUTIVE OFFICER,3336C0003X,tier_1_primary_pharmacy,Y,Y,
1093577256,GARFIELD LOWCOST PHARMACY LLC,12940 LORAIN AVE,,CLEVELAND,OH,441112612,2169997120,PRESIDENT,333600000X,tier_1_primary_pharmacy,Y,Y,
1245093574,ADEGEN PHARMACY LLC,1620 GATEWAY CIR,,GROVE CITY,OH,431238650,6145220429,CEO,3336C0004X|333600000X,tier_1_primary_pharmacy,Y,Y,
1649037649,MEND PHARMACY LLC,112 HARCOURT RD STE 2,,MOUNT VERNON,OH,430503944,4197891377,CONSULTANT,3336C0003X,tier_1_primary_pharmacy,Y,Y,
1699533059,HEART OF OHIO FAMILY HEALTH AT CAPITAL PARK PHARMACY,2365 INNIS RD,,COLUMBUS,OH,432243730,6142355555,COO,3336C0003X,tier_1_primary_pharmacy,Y,Y,
1205695004,TROTWOOD COMMUNITY PHARMACY LLC,8934 KINGSRIDGE DR STE 101,,DAYTON,OH,454581633,9372596030,PHARMACY OWNER,333600000X|3336C0003X,tier_1_primary_pharmacy,Y,Y,
1821857400,FREETOWN PHARMACY LLC,5082 GLENCROSSING WAY,,CINCINNATI,OH,452383360,5133767635,OWNER,3336C0003X,tier_1_primary_pharmacy,Y,Y,
1619722113,"PIERSON PHARMACY GROUP, LLC",155 N POINT DR,,MOUNT ORAB,OH,451548366,9372058778,OWNER,333600000X|3336C0003X|3336L0003X,tier_1_primary_pharmacy,Y,Y,
1508611005,"PIERSON PHARMACY GROUP, LLC",155 N POINT DR,,MOUNT ORAB,OH,451548366,9372058778,OWNER,3336C0003X|333600000X,tier_1_primary_pharmacy,Y,Y,
1003661406,"PIERSON PHARMACY GROUP, LLC",211 S MAIN ST,,LYNCHBURG,OH,451421008,9372058778,OWNER,3336C0003X|333600000X,tier_1_primary_pharmacy,Y,Y,
1821843228,"PIERSON PHARMACY GROUP, LLC",211 S MAIN ST,,LYNCHBURG,OH,451421008,9372058778,OWNER,333600000X|3336L0003X,tier_1_primary_pharmacy,Y,Y,
1467291930,"GUARDIAN PHARMACY OF COLUMBUS, LLC",6185 HUNTLEY RD. SUITE P,,COLUMBUS,OH,432291094,6146954100,PRESIDENT,333600000X|3336C0004X|3336L0003X,tier_1_primary_pharmacy,Y,Y,
1497595227,URO PHARMACY LLC,3355 MEIJER DR,,TOLEDO,OH,436173102,4195171984,PRACTICE MANAGER,333600000X,tier_1_primary_pharmacy,Y,Y,
1669213385,MEDINA FAMILY PHARMACY LLC,3705 MEDINA RD STE C,,MEDINA,OH,442566616,3304868396,OWNER/PRESIDENT,3336C0004X|3336C0003X,tier_1_primary_pharmacy,Y,Y,
1881439768,OKULEY'S PHARMACY - PAULDING INC.,829 N WILLIAMS ST,,PAULDING,OH,458791064,4197844800,COMPLIANCE OFFICER,3336C0003X,tier_1_primary_pharmacy,Y,Y,
1669219200,ELITE PHARMACY NEW PHILADELPHIA LLC,315 E HIGH AVE,,NEW PHILADELPHIA,OH,446632566,3303645519,OWNER,3336C0003X,tier_1_primary_pharmacy,Y,Y,
1881432417,SYLVANIA FAMILY PHARMACY MONROE ST LLC,5412 MONROE ST STE 1,,TOLEDO,OH,436232890,4195170006,OWNER,3336S0011X|3336L0003X|3336C0003X,tier_1_primary_pharmacy,Y,Y,
1497583231,SMART HEALTH PHARMACY,1493 PARSONS AVE,,COLUMBUS,OH,432071230,6145629101,PIC,3336C0003X,tier_1_primary_pharmacy,Y,Y,
1699503599,DISCOUNT DRUG MART INC,14450 SOUTH AVE,,COLUMBIANA,OH,44408,2347595600,PHARMACY COORDINATOR,3336C0003X,tier_1_primary_pharmacy,Y,Y,
1578391934,"FOUNDATION HEALTH PHARMACY, LLC",2606 HILLIARD ROME RD,PMB 3033,HILLIARD,OH,43026,4842473835,COO,333600000X,tier_1_primary_pharmacy,Y,Y,
1558190413,HARNESS HEALTH PHARMACY - CENTRAL PHARMACY SERVICES LLC,7160 INDUSTRIAL ROW DR STE 331,,MASON,OH,450401695,8667755767,VP REIMBURSEMENT,3336C0003X|3336S0011X|3336H0001X,tier_1_primary_pharmacy,Y,Y,
1962233395,MAYBERRY PHARMACY LLC,8257 MAYBERRY SQ S,,SYLVANIA,OH,435609458,4195171120,PHARMACIST,3336C0003X,tier_1_primary_pharmacy,Y,Y,
1881425155,JUNCTION FAMILY PHARMACY LLC,1339 DORR ST UNIT A,,TOLEDO,OH,436074015,5672770630,PHARMACIST AND OWNER,333600000X|3336C0003X,tier_1_primary_pharmacy,Y,Y,
1609608892,GOOD PHARMACY LLC,3101 W ELM ST STE 300,,LIMA,OH,458052555,4196737754,MANAGER,3336C0004X|3336C0003X,tier_1_primary_pharmacy,Y,Y,
1033941265,MAYBERRY PHARMACY 2 LLC,915 CONANT ST,,MAUMEE,OH,435372842,4193457253,OWNER,3336C0003X,tier_1_primary_pharmacy,Y,Y,
1548094394,PROMED DISCOUNT PHARMACY,4747 SUDER AVE,,TOLEDO,OH,436112869,4199212944,PHARMACIST,3336C0003X,tier_1_primary_pharmacy,Y,Y,
1922831817,COMMUNITY DISCOUNT PHARMACY LLC,2121 S REYNOLDS RD,,TOLEDO,OH,436141461,7343080897,PHARMACIST,3336C0003X,tier_1_primary_pharmacy,Y,Y,
1003640665,CARERX PHARMACY LLC,14241 AIRPORT HWY STE 5,,SWANTON,OH,435581518,4194509778,RPH/OWNER,3336C0003X,tier_1_primary_pharmacy,Y,Y,
1083432363,SYLVANIA RX LLC,6600 SYLVANIA AVE STE 1E,,SYLVANIA,OH,435603933,4195171085,OWNER,3336C0003X,tier_1_primary_pharmacy,Y,Y,
1053133066,LIFECARE PHARMACY LLC,5761 CHEVROLET BLVD UNIT 10,,PARMA,OH,441301414,4406927452,AUTHORIZED OFFICIAL,3336C0003X,tier_1_primary_pharmacy,Y,Y,
1841016631,OH CHS PHARMACY SERVICES LLC,9299 MARKET PL,,BROADVIEW HTS,OH,441472865,2163533194,VICE PRESIDENT,333600000X|3336C0004X|3336L0003X,tier_1_primary_pharmacy,Y,Y,
1992511513,INTRA-NATIONAL PHARMACY CINCINNATI LLC,500 KOLB DR STE 3A,,FAIRFIELD,OH,450145377,5137909987,OWNER,3336C0003X,tier_1_primary_pharmacy,Y,Y,
1306652920,INTRA-NATIONAL PHARMACY AKRON LLC,9 S MAIN ST STE 1,,MUNROE FALLS,OH,442621680,2343497300,OWNER,3336C0003X,tier_1_primary_pharmacy,Y,Y,
1477360832,CARE PLUS PHARMACY CORP,1210 W SYLVANIA AVE,,TOLEDO,OH,436121706,4194692013,CEO,3336C0003X,tier_1_primary_pharmacy,Y,Y,
1528870847,MAYBERRY PHARMACY 3 LLC,5239 DORR ST,,TOLEDO,OH,436153601,4193457253,OWNER,3336C0003X,tier_1_primary_pharmacy,Y,Y,
1578376026,"MAH PHARMACY, L.L.C.",4867 DIXIE HWY,,FAIRFIELD,OH,450141933,8667160107,VICE PRESIDENT PHARMACY PRACTICE,3336C0003X|333600000X,tier_1_primary_pharmacy,Y,Y,
1215742614,JOGI PHARMACY INC,6045 WINTON RD STE A,,CINCINNATI,OH,452321010,5135410147,PHARMACIST,3336C0003X,tier_1_primary_pharmacy,Y,Y,
1831904374,ADENA PHARMACY LLC,169 W. HIGH STREET,,FRANKFORT,OH,45628,7409980000,CFO,3336C0003X,tier_1_primary_pharmacy,Y,Y,
1922805704,ESTHER PHARMACY LLC,811 S GETTYSBURG AVE STE 102,,DAYTON,OH,454173572,9376843871,OWNER,3336C0003X,tier_1_primary_pharmacy,Y,Y,
1528866555,LOWER LIGHTS NORTHLAND PHARMACY,3000 CORPORATE EXCHANGE DR,,COLUMBUS,OH,432317689,6142741455,CEO,3336C0003X,tier_1_primary_pharmacy,Y,Y,
1831984798,VIHAAN PHARMACY LLC,4269 MAYFIELD RD,,SOUTH EUCLID,OH,441213035,4199080996,PIC,3336C0002X|3336C0003X|3336C0004X|333600000X,tier_1_primary_pharmacy,Y,Y,
1649067851,OHIO INTAKE PHARMACY 3 LLC,6 S 2ND ST STE 400,,HAMILTON,OH,450112846,5134435679,MANAGER,3336C0003X,tier_1_primary_pharmacy,Y,Y,
1598553133,"KAUP PHARMACY, INC.",257 E 4TH ST STE B,,MINSTER,OH,458651311,5676030600,BUSINESS ADMIN,3336C0004X|3336L0003X|3336C0003X,tier_1_primary_pharmacy,Y,Y,
1558159863,CADIZ PHARMACY LLC,780 E MARKET ST,,CADIZ,OH,439078721,7403204008,OWNER/PHARMACIST,3336C0003X,tier_1_primary_pharmacy,Y,Y,
1619766888,ZIKS FAMILY PHARMACY INC 100,1130 W 3RD ST,,DAYTON,OH,454026812,9372259350,PRESIDENT,333600000X|3336C0003X|3336L0003X,tier_1_primary_pharmacy,Y,Y,
1932097409,ELITE PHARMACY EAST PALESTINE LLC,49 E TAGGART ST,,EAST PALESTINE,OH,444132047,2343365810,OWNER,3336C0003X,tier_1_primary_pharmacy,Y,Y,
1598654576,UNITY RX 103 LLC,1055 SUGARBUSH DR,,ASHLAND,OH,448059489,2017440107,OWNER,3336C0003X,tier_1_primary_pharmacy,Y,Y,
1073490272,OHIO INTAKE PHARMACY 2 LLC,6 S 2ND ST STE 401,,HAMILTON,OH,450112846,5139916572,MANAGER,3336C0003X,tier_1_primary_pharmacy,Y,Y,
1790665172,MARY RUTAN INDIAN LAKE PHARMACY,120 W MAIN ST,,RUSSELLS POINT,OH,433487500,9372925024,COO,333600000X|3336C0003X,tier_1_primary_pharmacy,Y,Y,
1215802335,ELEVATED WELLNESS RX LLC,1539 W BROAD ST STE C,,COLUMBUS,OH,432221080,6143701048,CEO,3336C0003X,tier_1_primary_pharmacy,Y,Y,
1124994991,AK RX PHARMACY LLC,8517 REFUGEE RD,,PICKERINGTON,OH,431479625,5208695257,PHARMACIST,3336C0003X,tier_1_primary_pharmacy,Y,Y,
1669342861,ELITE PHARMACY RAVENNA LLC,6693 N CHESTNUT ST,,RAVENNA,OH,442663922,3302966014,OWNER,3336C0003X,tier_1_primary_pharmacy,Y,Y,
1942164645,OHIO STATE UNIVERSITY OUTPATIENT PHARMACY,2121 KENNY RD # 2025,,COLUMBUS,OH,432103100,6146854477,CHIEF PHARMACY OFFICER,3336C0003X,tier_1_primary_pharmacy,Y,Y,
1629935960,OHIO STATE UNIVERSITY OUTPATIENT PHARMACY,7171 SAWMILL PKWY FL 1,,POWELL,OH,430657828,6146854476,CHIEF PHARMACY OFFICER,3336C0003X,tier_1_primary_pharmacy,Y,Y,
1740147792,THE RX LAB LLC,1000 TAYLOR STATION RD STE B,,GAHANNA,OH,432306672,6143320162,PARTNER,3336C0004X|3336C0003X,tier_1_primary_pharmacy,Y,Y,
1699620211,TRIO PHARMACY LLC,1570 CLEVELAND AVE BSMT,,COLUMBUS,OH,432112755,6142988180,CEO,333600000X|3336M0002X|3336C0003X,tier_1_primary_pharmacy,Y,Y,
1861348559,DISCOUNT DRUG MART INC,211 COMMERCE DR STE B,,MEDINA,OH,442561331,3307252340,PHARMACY COORDINATOR,3336C0003X,tier_1_primary_pharmacy,Y,Y,
1962358333,LOWER LIGHTS HEALTH LINDEN PHARMACY,1464 CLEVELAND AVE,,COLUMBUS,OH,432112760,6142741455,PHARMACY DIRECTOR,3336C0003X,tier_1_primary_pharmacy,Y,Y,
1548103146,COMMUNITY CARE PHARMACY LLC,3065 W BANCROFT ST,,TOLEDO,OH,436063353,4194130233,OWNER,3336C0003X,tier_1_primary_pharmacy,Y,Y,
1811833486,"NEOVATIONS PHARMACY SERVICES, LLC",1500 EASTWAY DR,,KENT,OH,442420001,3303256621,VP & DIRECTOR OF CLINICAL SERVICES,3336C0002X|3336C0003X|333600000X,tier_1_primary_pharmacy,Y,Y,
1952247645,OHIO INTAKE PHARMACY LLC,6 S 2ND ST STE 402,,HAMILTON,OH,450112897,5137951939,MANAGER,3336C0003X,tier_1_primary_pharmacy,Y,Y,
1477490845,HOMESTEAD PHARMACY LLC,7261 NOBLE RD,,WINDSOR,OH,440999750,4406361809,OWNER/OPERATOR,3336C0003X,tier_1_primary_pharmacy,Y,Y,
