npi,organization_name,address_1,address_2,city,state,zip,phone,authorized_official_title,matched_taxonomy_codes,pharmacy_tier,primary_pharmacy_flag,likely_independent,chain_exclusion_match
1477556363,SOVEREIGN COVENANT PHARMACY LLC,145 N ANTRIM WAY,,GREENCASTLE,PA,172251403,7175972426,OWNER,333600000X|3336C0003X,tier_1_primary_pharmacy,Y,Y,
1366445827,WALTERS PHARMACY INC,401 N 17TH ST,SUITE 102,ALLENTOWN,PA,181045034,6104354706,OWNER,333600000X|3336C0004X|3336C0003X,tier_1_primary_pharmacy,Y,Y,
1336142835,PHILADELPHIA PHARMACY INC,101-03 E LEHIGH AVE,,PHILADELPHIA,PA,19125,2154252800,PRESIDENT,333600000X|3336C0003X,tier_1_primary_pharmacy,Y,Y,
1376547398,ALLENS PHARMACY INC,402 PRESCOTT AVE,,SCRANTON,PA,185102399,5703428219,PRESIDENT,333600000X,tier_1_primary_pharmacy,Y,Y,
1417951328,LIBRARY PHARMACY INC.,4080 WASHINGTON RD,STE 106,MC MURRAY,PA,153172561,7249412522,VICE PRESIDENT,333600000X,tier_1_primary_pharmacy,Y,Y,
1538163571,SHADELAND PHARMACY,403 SHADELAND AVE,,DREXEL HILL,PA,190261437,6102591233,OWNER - CHEIF PHARMACIST,333600000X,tier_1_primary_pharmacy,Y,Y,
1619971660,CHESTNUT HILL DISCOUNT PHARMACY INC,553 GERMANTOWN PIKE,,LAFAYETTE HILL,PA,194441809,6108285222,PIC,333600000X,tier_1_primary_pharmacy,Y,Y,
1467456236,LIBRARY PHARMACY INC.,2850 BROWNSVILLE ROAD,,SOUTH PARK,PA,15129,4128354552,PRESIDENT,333600000X,tier_1_primary_pharmacy,Y,Y,
1306840921,LIBRARY PHARMACY INC.,1045 ROUTE 519,STE 2,EIGHTY FOUR,PA,153302813,7242222512,VICE PRESIDENT,333600000X,tier_1_primary_pharmacy,Y,Y,
1720082340,"BROAD & LEHIGH PHARMACY, INC",1300 W LEHIGH AVE,SUITE 102,PHILADELPHIA,PA,191322701,2152289007,PRESIDENT,3336C0003X,tier_1_primary_pharmacy,Y,Y,
1649274168,GLEN CENTER PHARMACY,1969 NORRISTOWN RD,,MAPLE GLEN,PA,190022921,2156432880,OWNER,333600000X|3336C0003X,tier_1_primary_pharmacy,Y,Y,
1891799326,BIRDSBORO PHARMACY INC,200 W 1ST ST STE 3,,BIRDSBORO,PA,195082254,6105824005,PRESIDENT,333600000X,tier_1_primary_pharmacy,Y,Y,
1083619415,"BLOSS PHARMACY, INC.",2 RIVERSIDE PLAZA,,BLOSSBURG,PA,169121137,5706382820,OWNER,3336C0003X,tier_1_primary_pharmacy,Y,Y,
1144225095,JAMES FAMILY PHARMACY,1429 BURGETTSTOWN PLZ,,BURGETTSTOWN,PA,150211187,7249477000,OWNER,3336C0003X,tier_1_primary_pharmacy,Y,Y,
1134124274,"PARK AVENUE PHARMACY, INC",220 PARK AVE,,CHAMBERSBURG,PA,172011230,7172647312,BOOK KEEPER,3336C0003X,tier_1_primary_pharmacy,Y,Y,
1851396675,COOKS PHARMACY OF SHAVERTOWN INC,1909 MEMORIAL HWY,,SHAVERTOWN,PA,187081483,5706751191,PRESIDENT,333600000X|3336C0003X,tier_1_primary_pharmacy,Y,Y,
1578568028,HARTER'S DRUG STORE,17 S MAIN ST,,MUNCY,PA,177561306,5705463270,PHARMACIST/PRESIDENT,333600000X,tier_1_primary_pharmacy,Y,Y,
1538164033,BEDWICK'S PHARMACY INC,452 HAZLE ST,,WILKES BARRE,PA,187024627,5708233818,OWNER PHARMACIST,333600000X|3336C0003X,tier_1_primary_pharmacy,Y,Y,
1962408419,BERTOLINOS PHARMACY INC,1500 S 12TH ST,,PHILADELPHIA,PA,191476202,2153895917,OWNER/PHARMACIST,333600000X,tier_1_primary_pharmacy,Y,Y,
1578568002,THE FAMILY PHARMACY INC,2199 E STATE ST,,HERMITAGE,PA,161482729,7243464521,PHARMACIST/VICE PRESIDENT,3336C0003X,tier_1_primary_pharmacy,Y,Y,
1265438618,PHILS PHARMACY P R A INC,426 BROADWAY ST,,PITCAIRN,PA,151401447,4123722480,OWNER,333600000X|3336C0003X,tier_1_primary_pharmacy,Y,Y,
1508862715,"APS PHARMACY SERVICES, INC.",225 OVERLOOK DR,,PITTSTON,PA,186401058,5706551911,PHARMACY MGR/VICE PRESIDENT,333600000X,tier_1_primary_pharmacy,Y,Y,
1841296043,LANSDOWNE AVE PHARMACY,5943 LANSDOWNE AVE,,PHILADELPHIA,PA,191513932,2158770700,OWNER,333600000X,tier_1_primary_pharmacy,Y,Y,
1073519906,SHEELEY'S DRUG STORE INC,539 LINDEN ST,,SCRANTON,PA,185031605,5703428936,"RPH, PRES",3336C0003X,tier_1_primary_pharmacy,Y,Y,
1306842224,HARRIS PHARMACY INC,511 EAST ST,,DOYLESTOWN,PA,189013845,2153454800,SECRETARY OF CORPORATION,3336C0003X,tier_1_primary_pharmacy,Y,Y,
1477559250,GOOD PHARMACY LLC,851 E ALLEGHENY AVE,,PHILADELPHIA,PA,191342401,2154255800,MEMBER AND MANAGER,333600000X|3336C0003X,tier_1_primary_pharmacy,Y,Y,
1053317792,BLOOMFIELD PHARMACY INC,1 W MAIN ST,,NEW BLOOMFIELD,PA,170689603,7175822313,PRES/RPH/OWNER,3336C0004X|333600000X|3336C0003X,tier_1_primary_pharmacy,Y,Y,
1306843073,D&H PHARMACY SERVICES INC,1300 S 18TH ST,REAR/PHARMACY,PHILADELPHIA,PA,191464601,2154681202,PRESIDENT,333600000X,tier_2_secondary_pharmacy,N,Y,
1033116702,LOMBARD APOTHECARY INC,1745 SOUTH ST,,PHILADELPHIA,PA,191461528,2157327888,PHARMACIST,3336C0003X|333600000X,tier_1_primary_pharmacy,Y,Y,
1780681676,MANNS DRUG STORE,1101 LINCOLN WAY,,WHITE OAK,PA,151311301,4126727617,MGR/OWNER,333600000X,tier_1_primary_pharmacy,Y,Y,
1548268022,BAYSIDE PHARMACY LIMITED PARTNERSHIP,300 STATE ST,SUITE 102,ERIE,PA,16507,8143510026,AUTHORIZED OFFICIAL/OWNER,333600000X|3336C0003X,tier_1_primary_pharmacy,Y,Y,
1942208269,TERRANOVA RX,2590 N READING RD,,DENVER,PA,175179153,7174842649,OWNER,333600000X|3336C0003X,tier_1_primary_pharmacy,Y,Y,
1063410272,SMITH'S PHARMACY INC,1331 E WYOMING AVE,,PHILA,PA,191243808,2155373000,PRESIDENT,333600000X,tier_1_primary_pharmacy,Y,Y,
1073511242,FAIRMOUNT PHARMACY INC,1900 GREEN ST,,PHILADELPHIA,PA,191303207,2155670364,PHARMACIST MANAGER AND VP,333600000X|3336C0003X,tier_1_primary_pharmacy,Y,Y,
1891793808,FOREST HILLS PHARMACY INC,552 LOCUST ST,,SAINT MICHAEL,PA,159510306,8144959437,VP,333600000X|3336C0003X,tier_1_primary_pharmacy,Y,Y,
1568461366,"BERT'S PHARMACY, INC.",144 DESMOND ST,,SAYRE,PA,188402002,5708882394,OWNER,3336C0003X,tier_1_primary_pharmacy,Y,Y,
1770582397,HARTZELLS PHARMACY INC,300 AMERICAN ST,,CATASAUQUA,PA,180321800,6102645471,PRESIDENT,333600000X|3336C0003X,tier_1_primary_pharmacy,Y,Y,
1316946783,QUARRYVILLE DRUG CO INC,300 HISTORIC DR,,STRASBURG,PA,175791460,7176876058,PHARMACY MANAGER,333600000X,tier_1_primary_pharmacy,Y,Y,
1669471850,COOK'S PHARMACY OF KINGSTON INC,777 WYOMING AVE,,KINGSTON,PA,187043863,5702883633,OWNER,333600000X|3336C0003X,tier_1_primary_pharmacy,Y,Y,
1760481923,"TRI-VALLEY PHARMACY, INC.",7 W MAIN ST,,TREMONT,PA,179811707,5706953120,PRESIDENT,333600000X,tier_1_primary_pharmacy,Y,Y,
1316946387,"TRI-VALLEY PHARMACY, INCORPORATED",301 WEST MAIN STREET,,VALLEY VIEW,PA,179830186,5706823145,PRESIDENT,333600000X,tier_1_primary_pharmacy,Y,Y,
1013916170,"TRI-VALLEY PHARMACY, INCORPORATED",101 S TULPEHOCKEN ST,,PINE GROVE,PA,179631011,5703454966,PRESIDENT,333600000X,tier_1_primary_pharmacy,Y,Y,
1962402404,KOPP DRUG INC,1201 BLAIR ST,,HOLLIDAYSBURG,PA,166482445,8146960289,COO,333600000X,tier_1_primary_pharmacy,Y,Y,
1073514865,KOPP DRUG INC,121 W ALLEGHENY ST,KOPP DRUG INC,MARTINSBURG,PA,166621103,8147932171,COO,333600000X,tier_1_primary_pharmacy,Y,Y,
1205837879,BLACKBURNS PHYSICIANS PHARMACY INC,301 CORBET ST,,TARENTUM,PA,150841877,7242249100,PRESIDENT/CEO,3336C0003X,tier_2_secondary_pharmacy,N,Y,
1851392179,CREST CENTER PHARMACY,240 FITZWATERTOWN RD,,WILLOW GROVE,PA,190902332,2156581216,OWNER,333600000X|3336C0003X,tier_1_primary_pharmacy,Y,Y,
1871595975,SHRI HARI PHARMACY LLC,114 GRANT AVE,,VANDERGRIFT,PA,156901208,7245681221,CO- PRESIDENT,333600000X|3336C0003X,tier_1_primary_pharmacy,Y,Y,
1013919661,DOUGS FAMILY PHARMACY,101 DARBY SQ,,ELVERSON,PA,195209303,6102860496,PHARMACIST/OWNER,3336C0003X,tier_1_primary_pharmacy,Y,Y,
1356343800,"MILLERSBURG PHARMACY, INC.",242 MARKET ST,,MILLERSBURG,PA,170611334,7176922161,PRESIDENT,333600000X|3336C0003X,tier_1_primary_pharmacy,Y,Y,
1295729960,E. H. BERNSTINE PHARMACY,2424 WEST FOURTH ST,,WILLIAMSPORT,PA,177014298,5703224665,OWNER,333600000X,tier_1_primary_pharmacy,Y,Y,
1003800657,MILLERSBURG PHARMACY INC,4372 STATE ROUTE 147,,HERNDON,PA,178307439,5707582042,PHARMACIST IN CHARGE,333600000X|3336C0003X,tier_1_primary_pharmacy,Y,Y,
1023002599,WILEY PHARMACY INC,903 NISSLEY RD,,LANCASTER,PA,176011472,7178988804,PRESIDENT,333600000X,tier_1_primary_pharmacy,Y,Y,
1295729838,BENNETTS VALLEY PHARMACY INC,18496 BENNETTS VLY HWY,,WEEDVILLE,PA,158680132,8147874400,RETAIL DIRECTOR OF OPERATIONS,333600000X|3336C0003X,tier_1_primary_pharmacy,Y,Y,
1043204670,CONCEPT PHARMACY SERVICES LLC,639 CHESTNUT ST,,ASHLAND,PA,17921,5708753611,CEO,333600000X|3336H0001X|3336L0003X,tier_1_primary_pharmacy,Y,Y,
1942295456,WILLIAM WIEST DBA RED ROSE PHARMACY,250 COLLEGE AVE,,LANCASTER,PA,176033363,7172911326,OWNER,333600000X|3336C0003X,tier_1_primary_pharmacy,Y,Y,
1336134725,FINOS PHARMACY LLC,32 N MAIN ST,,PITTSTON,PA,186401916,5706551489,PRESIDENT,3336C0003X,tier_1_primary_pharmacy,Y,Y,
1497740435,"SUMMIT HEALTH PHARMACY, LLC",3400 EDGMONT AVE,,BROOKHAVEN,PA,19015,6108725418,VP/SECRETARY/MANAGER,333600000X,tier_1_primary_pharmacy,Y,Y,
1790770709,"WILEY PHARMACY OF QUARRYVILLE, INC.",112 TOWNSEDGE DR,,QUARRYVILLE,PA,175661300,7177861191,OWNER / VICE PRESIDENT,333600000X,tier_1_primary_pharmacy,Y,Y,
1891780797,A & G PHARMACY SERVICE INC,2665 BRODHEAD RD,SUITE B,ALIQUIPPA,PA,150012723,7243751230,OWNER/MANAGER/PHARMACIST,3336L0003X|333600000X,tier_1_primary_pharmacy,Y,Y,
1306831193,"WILEY PHARMACY OF MILLERSVILLE, INC.",507 LEAMAN AVE,,MILLERSVILLE,PA,175511109,7178711100,OPERATIONS MANAGER/PHARMACIST,333600000X,tier_1_primary_pharmacy,Y,Y,
1740275510,"MACDONALD PHARMACY ASSOCIATES, INC.",115 W 4TH ST,,BETHLEHEM,PA,180151605,6108673701,PRESIDENT,333600000X,tier_1_primary_pharmacy,Y,Y,
1083609721,CALLIGAN PHARMACY LLC,412 E 4TH AVE,,TARENTUM,PA,150841810,7242243334,MANAGER,333600000X,tier_1_primary_pharmacy,Y,Y,
1649265240,"DARLING APOTHECARY, LLC",114 EAST MAIN ST.,,YOUNGSVILLE,PA,163714408,8145633400,PRESIDENT AND OWNER,333600000X,tier_1_primary_pharmacy,Y,Y,
1508852120,CHOICE CRITICAL CARE RX LLC,330 NORTH AVE,,EAST BERLIN,PA,173167831,7176302773,PHARMACY MANAGER,333600000X|3336L0003X,tier_1_primary_pharmacy,Y,Y,
1407842974,EAST BERLIN RX LLC,335 W KING ST,,EAST BERLIN,PA,173169730,7172590421,MEMBER,3336C0003X,tier_1_primary_pharmacy,Y,Y,
1356337828,CHOICE FAMILY PHARMACY INC,8 S 6TH ST,,MCSHERRYSTOWN,PA,173441800,7176302000,PRESIDENT,3336C0004X|333600000X|3336C0003X,tier_1_primary_pharmacy,Y,Y,
1356337455,C N P RX LLC,485 BALTIMORE PIKE,,GLEN MILLS,PA,193421161,4848402600,MANAGER,3336C0003X,tier_1_primary_pharmacy,Y,Y,
1306832308,LENOX PHARMACY,5879 SR 92,SUITE 3 LENOX PLAZA,KINGSLEY,PA,188269751,5702225005,PRESIDENT,333600000X|3336C0003X,tier_1_primary_pharmacy,Y,Y,
1235125246,GARRETT PHARMACY,140 GARRETT RD,,UPPER DARBY,PA,190823106,6103522477,"OWNER, PHARMACIST-IN-CHARGE",333600000X,tier_1_primary_pharmacy,Y,Y,
1881680718,V V L S PHARMACY LLC,3800 HORIZON BLVD,STE 103,TREVOSE,PA,190534968,2154949403,CEO,333600000X|3336C0003X|3336S0011X,tier_1_primary_pharmacy,Y,Y,
1003803610,BOSWELL PHARMACY SERVICES LLC,131 SCHOOLHOUSE RD,,JENNERSTOWN,PA,15547,8146291397,OWNER,333600000X|3336L0003X,tier_1_primary_pharmacy,Y,Y,
1093702946,MCWILLIAMS PHARMACY,134 MILL ST,,DANVILLE,PA,178211948,5702751140,OWNER,333600000X|3336C0003X,tier_1_primary_pharmacy,Y,Y,
1902893837,"ELIZABETH PHARMACY, INC",5041 2ND AVE,,PITTSBURGH,PA,152071679,4124210114,OWNER/PHARMACIST,333600000X,tier_1_primary_pharmacy,Y,Y,
1104814698,VIERCINSKI 'S PHARMACY INC.,100 E GROVE ST,,CLARKS SUMMIT,PA,184111774,5705861961,PRESIDENT,3336C0003X,tier_1_primary_pharmacy,Y,Y,
1417945874,"LIGONIER PHARMACY, INC.",113 S FAIRFIELD ST,STE 1,LIGONIER,PA,156581163,7242386988,PIC,333600000X|3336C0003X,tier_1_primary_pharmacy,Y,Y,
1245228477,STARWOOD DRUG INC.,1006 LIGONIER ST,,LATROBE,PA,156501837,7245376841,REGISTERED PHARMACIST,333600000X,tier_1_primary_pharmacy,Y,Y,
1871581009,STARWOOD DRUG INC,RT 136 AND JANYCE DRIVE,,GREENSBURG,PA,15601,7248508501,OWNER MANAGER,333600000X,tier_1_primary_pharmacy,Y,Y,
1255329231,MINNICH'S PHARMACY INC,976 S GEORGE ST,,YORK,PA,174033708,7178482312,PRESIDENT,333600000X|3336L0003X|3336S0011X|3336C0003X,tier_1_primary_pharmacy,Y,Y,
1518955582,"ANDREW BROWNS DRUG STORE, INC",1502 PITTSTON AVE,,SCRANTON,PA,185051668,5703467319,VP OPERATIONS,333600000X,tier_2_secondary_pharmacy,N,Y,
1811986540,KUZY'S DRUG STORE,808 MAIN ST,,BENTLEYVILLE,PA,153141214,7242392211,CEO,333600000X,tier_1_primary_pharmacy,Y,Y,
1497744643,COMPLETE PHARMACY SERVICES,141 SALEM AVE,,CARBONDALE,PA,184072574,5702811083,MANGER,333600000X,tier_1_primary_pharmacy,Y,Y,
1225028558,SOUSAN PHARMACY INC,8029 OLD YORK RD,,ELKINS PARK,PA,190271413,2156354200,OWNER AND PRESIDENT,3336C0003X,tier_1_primary_pharmacy,Y,Y,
1326039249,ANTIETAM APOTHECARY INC,604 E MAIN ST,,WAYNESBORO,PA,172682387,7177622915,OFFICER,3336C0003X,tier_1_primary_pharmacy,Y,Y,
1124019773,COOKES PHARMACY INC,14 ELMIRA ST,,TROY,PA,16947,5702972848,PRESIDENT,333600000X|3336C0003X,tier_1_primary_pharmacy,Y,Y,
1982685681,GDD PHARMACY SERVICES INC.,3300 MARKET ST.,,CAMP HILL,PA,170114470,7177614200,PRES,333600000X|3336C0004X|3336C0003X,tier_1_primary_pharmacy,Y,Y,
1629059225,SPOTANSKIS PHARMACY INC,243 S PROSPECT ST,,NANTICOKE,PA,186342443,5707352300,PRESIDENT,333600000X,tier_1_primary_pharmacy,Y,Y,
1306827746,CARUSO DRUG STORE INC,323 BROAD ST,,NEW BETHLEHEM,PA,162421003,8142751156,PRESIDENT,333600000X,tier_1_primary_pharmacy,Y,Y,
1821070699,BUCHANAN BROTHERS PHARMACY INC,313 MAIN ST,,SMETHPORT,PA,16749,8148875375,PRESIDENT,333600000X,tier_1_primary_pharmacy,Y,Y,
1801878673,BUCHANAN BROTHERS PHARMACY INC,101 N MAIN ST,,COUDERSPORT,PA,169151621,8142748660,PRESIDENT,333600000X,tier_1_primary_pharmacy,Y,Y,
1780666552,BUCHANAN BROTHERS PHARMACY INC,170 MAIN ST,,ELDRED,PA,167314522,8142254723,PRESIDENT,333600000X,tier_1_primary_pharmacy,Y,Y,
1144205444,HARROLDS PHARMACY INC,250 OLD RIVER RD,,WILKES BARRE,PA,187021621,5708225794,PRESIDENT,3336C0004X|3336C0003X,tier_1_primary_pharmacy,Y,Y,
1881670388,WATTERS BROS DRUG STORE INC,4105 CRAWFORD AVE,,NORTHERN CAMBRIA,PA,157141341,8149486720,CO OWNER,333600000X|3336C0003X,tier_1_primary_pharmacy,Y,Y,
1306823984,HONEYBROOK PHARMACY LP,35 VILLAGE SQ,,HONEY BROOK,PA,193448646,6102737300,OWNER,333600000X,tier_1_primary_pharmacy,Y,Y,
1588641625,SHREEVA RX LLC,125 PILLOW ST,,BUTLER,PA,160015619,7242828446,OWNER,3336C0003X,tier_1_primary_pharmacy,Y,Y,
1578541413,CENTRAL PA PHARMACY LLC.,503 RAILROAD AVE,STE 2,PATTON,PA,166681342,8146743693,OWNER,3336C0003X,tier_1_primary_pharmacy,Y,Y,
1528048873,NICE PHARMACY,110 E ALLEGHENY AVE,,PHILADELPHIA,PA,191342207,2154250100,VICE PRESIDENT,333600000X,tier_1_primary_pharmacy,Y,Y,
1063492296,A & F PHARMACY,3200 FRANKFORD AVE,,PHILADELPHIA,PA,191343217,2154255881,VICE PRESIDENT,333600000X,tier_1_primary_pharmacy,Y,Y,
1053381749,"FRIENDLY PHARMACY, L.P.",2258 N FRONT ST,,PHILADELPHIA,PA,191333714,2154255230,VICE PRESIDENT,3336C0003X,tier_1_primary_pharmacy,Y,Y,
1114999042,MAYFAIR DRUG STORE INC,7522 FRANKFORD AVE,,PHILADELPHIA,PA,191363533,2153382626,PHARMACIST,333600000X|3336C0003X,tier_1_primary_pharmacy,Y,Y,
1679546360,WASHINGTON SQUARE PHARMACY INC,241 S 6TH ST,,PHILADELPHIA,PA,191063727,2159251466,PRESIDENT,333600000X|3336C0003X,tier_1_primary_pharmacy,Y,Y,
1417921669,WILLITS PHARMACY SERVICES INC,21 S YORK RD # 23,,HATBORO,PA,190403231,2159757501,PRESIDENT,333600000X|3336L0003X,tier_1_primary_pharmacy,Y,Y,
1619944386,KLINGENSMITH DRUG INC,313 FORD ST,,FORD CITY,PA,162261268,7247631201,3RD PARTY BILLING ADMINISTRATOR,3336C0003X|333600000X,tier_1_primary_pharmacy,Y,Y,
1316915937,DAO PHARMACY INC,35 S MORTON AVE,,MORTON,PA,190701734,6105431858,PRESIDENT,333600000X|3336C0003X,tier_1_primary_pharmacy,Y,Y,
1679541916,"DONOUGH PHARMACY, INC.",545 CUMBERLAND ST,,LEBANON,PA,170425320,7172722261,PRESIDENT,3336C0003X,tier_1_primary_pharmacy,Y,Y,
1518936491,RUDI PHARMACY INC,2401 PENNSYLVANIA AVE,,PHILADELPHIA,PA,191303010,2152320533,OWNER MANAGER,333600000X|3336C0003X,tier_1_primary_pharmacy,Y,Y,
1144289299,VALENTINE PHARMACY,92 N MORGANTOWN ST,,FAIRCHANCE,PA,154361038,7245641700,OWNER,333600000X|3336C0003X,tier_1_primary_pharmacy,Y,Y,
1326007121,HINKLE'S PHARMACY INC,261 LOCUST ST,,COLUMBIA,PA,175121110,7176842551,PRESIDENT,333600000X,tier_1_primary_pharmacy,Y,Y,
1134189749,NISENHOLTZ PHARMACY INC,7624 CASTOR AVE,,PHILADELPHIA,PA,191523623,2153427676,OWNER/PHARMACY MANAGER,333600000X,tier_1_primary_pharmacy,Y,Y,
1114987567,TRIPLE A PHARMACY,702 S 49TH ST,,PHILADELPHIA,PA,191433418,2157247507,OWNER/PHARMACIST,333600000X,tier_1_primary_pharmacy,Y,Y,
1255396396,ALBION PHARMACY INC,9 EAST STATE ST,,ALBION,PA,164011110,8147563429,OWNER,333600000X|3336C0003X,tier_1_primary_pharmacy,Y,Y,
1477519395,PROFESSIONAL PHARMACY SOLUTIONS,1211 WILMINGTON AVE,,NEW CASTLE,PA,161052516,7246564650,OWNER,3336C0003X,tier_1_primary_pharmacy,Y,Y,
1275591166,"RTA PHARMACY CARE, INC",24 EAST 10TH STREET,,MARCUS HOOK,PA,19061,4848163997,PRESIDENT,3336C0003X|3336L0003X|3336H0001X|333600000X,tier_1_primary_pharmacy,Y,Y,
1134179435,DEBALKO'S PHARMACY INC,322 S HANCOCK ST,,MCADOO,PA,182371608,5709291130,PRESIDENT,3336H0001X|3336C0003X,tier_1_primary_pharmacy,Y,Y,
1619926144,GATEWAY PHARMACY OF PHOENIXVILLE INC,165 NUTT RD,,PHOENIXVILLE,PA,194603905,6109332310,PRESIDENT,3336C0003X,tier_1_primary_pharmacy,Y,Y,
1003867045,PAOLI PHARMACY INC.,1564 E LANCASTER AVE,,PAOLI,PA,193011505,6106443147,PRESIDENT,3336C0003X,tier_1_primary_pharmacy,Y,Y,
1700838984,HILBERT'S PHARMACY INC.,1220 3RD ST,,WHITEHALL,PA,180524905,6102644503,CHIEF PHARMACIST,3336C0003X,tier_2_secondary_pharmacy,N,Y,
1609829530,NEFF SURGICAL PHARMACY SERVICES LLC,222 N 9TH STREET,,PHILADELPHIA,PA,19107,2156274567,PRESIDENT,3336C0003X,tier_1_primary_pharmacy,Y,Y,
1326093170,ACADEMY PHARMACY LLC,10101 ACADEMY RD,STE 105,PHILADELPHIA,PA,191141120,2156322121,OWNER,333600000X|3336C0003X,tier_1_primary_pharmacy,Y,Y,
1144275769,STELTZ PHARMACY INC,23 INDUSTRIAL BLVD,,PAOLI,PA,193011601,6105780411,PRESIDENT,333600000X|3336L0003X,tier_2_secondary_pharmacy,N,Y,
1134175581,GEISINGER PHARMACY LLC,44 WOODBINE LN,,DANVILLE,PA,178218020,5702148503,VP ENTERPRISE PHARMACY,333600000X,tier_1_primary_pharmacy,Y,Y,
1053358499,LIBRARY PHARMACY INC,2381 MOUNTAIN VIEW DR,,WEST MIFFLIN,PA,151222445,4126551919,VICE PRESIDENT,3336C0003X,tier_1_primary_pharmacy,Y,Y,
1184661589,BROAD AVENUE PHARMACY LLC,2329 BROAD AVE,,ALTOONA,PA,166011979,8149431310,PRESIDENT,333600000X|3336C0003X,tier_1_primary_pharmacy,Y,Y,
1891734232,FOCUS EXPRESS MAIL PHARMACY INC,1250 EASTON RD,SUITE S-101,HORSHAM,PA,190441416,2156740376,CEO,333600000X,tier_1_primary_pharmacy,Y,Y,
1720026347,NOBLESTOWN PHARMACY SERVICES LLC,2103 NOBLESTOWN RD,,PITTSBURGH,PA,152053936,4129217731,OWNER,333600000X|3336C0003X,tier_1_primary_pharmacy,Y,Y,
1295773828,MCCAHANS PHARMACY INC,813 LOWER MAIN ST,,SAXTON,PA,166781139,8146352911,PRESIDENT,333600000X|3336C0003X,tier_1_primary_pharmacy,Y,Y,
1124069547,GLENVIEW APOTHECARY INC.,2 SPRING ST,,OIL CITY,PA,163011726,8146763731,VICE-PRESIDENT/PHARMACIST,3336C0003X,tier_1_primary_pharmacy,Y,Y,
1851332530,"FRANK'S DRUG STORE, INC.",978 MAIN ST,,NEWFOUNDLAND,PA,184450157,5706763332,PRESIDENT,3336C0003X,tier_1_primary_pharmacy,Y,Y,
1083655765,BRUNDAGES WAYMART PHARMACY,238 BELMONT ST,,WAYMART,PA,184729310,5704887979,PRESIDENT PHARMACY MANAGER,333600000X|3336C0003X,tier_1_primary_pharmacy,Y,Y,
1669414371,OLDE HICKORY PHARMACY INC,3 WOODHENGE CIR,,LITITZ,PA,175439096,7174318429,PRESIDENT CEO HEAD PHARMACIST,333600000X|3336C0003X,tier_1_primary_pharmacy,Y,Y,
1760424337,BURNS DRUG COMPANY,544 W MAIN ST,,MT PLEASANT,PA,156661801,7245476300,OWNER,333600000X|3336C0003X,tier_1_primary_pharmacy,Y,Y,
1679515241,BURNS DRUG COMPANY,110 W CRAWFORD AVE,,CONNELLSVILLE,PA,154253501,7246286300,OWNER,333600000X|3336C0003X,tier_1_primary_pharmacy,Y,Y,
1588606156,QUEEN PHARMACY INC,965 E KING ST,,LANCASTER,PA,176023223,7173940744,PRESIDENT,333600000X|3336C0003X,tier_1_primary_pharmacy,Y,Y,
1548202146,JOHNSTOWN PHARMACY INC,339 WALNUT ST,STE 100,JOHNSTOWN,PA,159011731,8145353203,OWNER,333600000X|3336C0003X,tier_1_primary_pharmacy,Y,Y,
1720021082,CAMILLA HALL PHARMACY,CAMILLA HALL NURSING HOME,1145 KING RD,IMMACULATA,PA,193450100,6106441152,DIRECTOR OF PHARMACY,333600000X|3336C0003X|3336L0003X,tier_1_primary_pharmacy,Y,Y,
1124062088,OLD BALTIMORE PIKE APOTHECARY INC,1011 W BALTIMORE PIKE,STE 109,WEST GROVE,PA,193909446,6108693200,OWNER,333600000X|3336C0003X,tier_1_primary_pharmacy,Y,Y,
1518901826,FAMILY PHARMACY OF OLYPHANT INC,110 DELAWARE AVE,,OLYPHANT,PA,184471518,5704874447,PRESIDENT,333600000X|3336C0003X,tier_1_primary_pharmacy,Y,Y,
1043255268,WILEY PHARMACY OF STRASBURG INC,300 HISTORIC DR,,STRASBURG,PA,175791460,7176876058,GENERAL MANAGER,3336L0003X|3336C0003X,tier_1_primary_pharmacy,Y,Y,
1689619801,BILLS SHURSAVE PHARMACY,RR 6 BOX 6220,RTE 502 DALEVILLE,MOSCOW,PA,184449062,5708427461,PHCY MGR,3336C0003X,tier_1_primary_pharmacy,Y,Y,
1962447177,SIROS PHARMACY INC,104 E MAIN ST,,SCHUYLKILL HAVEN,PA,179721237,5703855779,PRESIDENT,3336C0003X,tier_1_primary_pharmacy,Y,Y,
1942246038,"GEISINGER PHARMACY, LLC",16 WOODBINE LN,,DANVILLE,PA,178218029,5702718717,VP ENTERPRISE PHARMACY,333600000X|3336C0003X,tier_1_primary_pharmacy,Y,Y,
1760428684,LIFE TREE PHARMACY SERVICES INCORPORATED,5 BLUE HERON DR,,COLLEGEVILLE,PA,194262057,6104896640,PRESIDENT,333600000X|3336C0003X|3336C0004X|3336I0012X|3336L0003X,tier_1_primary_pharmacy,Y,Y,
1679519599,NEWHARD PHARMACY INC,1001 MAIN ST # A,,NORTHAMPTON,PA,180671658,6102611777,PRESIDENT,333600000X|3336L0003X,tier_1_primary_pharmacy,Y,Y,
1932145950,SHADY MAPLE PHARMACY,1324 MAIN ST,,EAST EARL,PA,175199508,7173559424,PHARMACIST IN CHARGE,333600000X|3336C0003X,tier_1_primary_pharmacy,Y,Y,
1902842891,NORTHWEST PHARMACY SOLUTIONS LLC,740 N MAIN STREET EXT,STE 001,MEADVILLE,PA,163351149,8147243107,ASSISTANT DIRECTOR OF OPERATIONS,333600000X|3336C0002X|3336I0012X|3336L0003X,tier_1_primary_pharmacy,Y,Y,
1013953454,"GEISINGER PHARMACY, LLC",21 GEISINGER LN,,LEWISTOWN,PA,170443400,7172424264,VP ENTERPRISE PHARMACY,333600000X|3336C0003X,tier_1_primary_pharmacy,Y,Y,
1235165408,"GEISINGER PHARMACY, LLC",531 MT PLEASANT DR,,SCRANTON,PA,185031987,5709632305,VP ENTERPRISE PHARMACY,333600000X|3336C0003X,tier_1_primary_pharmacy,Y,Y,
1174559801,OXFORD PHARMACY,3251 N FRONT ST,,PHILADELPHIA,PA,19140,2154251422,GENERAL MANAGER,3336C0003X|333600000X,tier_1_primary_pharmacy,Y,Y,
1619903028,ADZEMA PHARMACY,8105 PERRY HWY,,PITTSBURGH,PA,152375203,4123647000,OWNER,3336C0003X,tier_2_secondary_pharmacy,N,Y,
1851329437,SOLLON PHARMACY,368 EUCLID AVE,,CANONSBURG,PA,153171739,7247456700,OWNER,3336C0003X,tier_1_primary_pharmacy,Y,Y,
1174552475,ROSTRAVER DRUG STORE L L C,520 CIRCLE DR,,BELLE VERNON,PA,150129680,7249295533,OWNER,3336C0003X,tier_1_primary_pharmacy,Y,Y,
1487683355,CROSSROADS PHARMACY & GIFT INC,135 OXFORD ST,,HANOVER TOWNSHIP,PA,187063338,5708254566,TREASURER,3336C0003X,tier_1_primary_pharmacy,Y,Y,
1194754051,"GEISINGER PHARMACY, LLC",175 S WILKES BARRE BLVD,,WILKES BARRE,PA,187025040,5708210808,VP ENTERPRISE PHARMACY,333600000X|3336C0003X,tier_1_primary_pharmacy,Y,Y,
1184654469,"GEISINGER PHARMACY, LLC",529 TERRY REILEY WAY,,POTTSVILLE,PA,179011774,5706244120,VP ENTERPRISE PHARMACY,333600000X|3336C0003X,tier_1_primary_pharmacy,Y,Y,
1598795981,"GEISINGER PHARMACY, LLC",126 MARKET WAY,,MOUNT POCONO,PA,183441039,5708955055,VP ENTERPRISE PHARMACY,333600000X|3336C0003X,tier_1_primary_pharmacy,Y,Y,
1134159536,CLAYSVILLE PHARMACY LLC,305 MAIN ST,,CLAYSVILLE,PA,153233300,7246637707,OWNER,3336C0004X|3336C0003X,tier_1_primary_pharmacy,Y,Y,
1346270568,THRIFT DRUG INC,6515 CASTOR AVENUE,,PHILADELPHIA,PA,191492708,2155352800,MANAGER OL ADJUDICATION,3336C0003X,tier_1_primary_pharmacy,Y,Y,
1356371587,MEDICAL TOWER PHARMACY INC,255 S 17TH ST,GROUND FLOOR,PHILA,PA,191036231,2155453525,PHARMACIST MANAGER,3336C0003X,tier_1_primary_pharmacy,Y,Y,
1053342493,BUSTLETON PHARMACY,9808 BUSTLETON AVE UNIT K,,PHILADELPHIA,PA,191152190,2158560600,PHARMACY MANAGER,3336C0003X,tier_1_primary_pharmacy,Y,Y,
1265463335,HOMETOWN DRUG LLC,411 MAIN ST,,BROCKWAY,PA,158241324,8142650060,OWNER,3336C0003X,tier_1_primary_pharmacy,Y,Y,
1164455085,EVERETT PHARMACY INC,108 E MAIN ST,,EVERETT,PA,155371292,8146525532,PRESIDENT PHARMACIST,333600000X,tier_1_primary_pharmacy,Y,Y,
1992738579,PHARMERICA DRUG SYSTEMS LLC,1011 BERK RD,,LEESPORT,PA,195338705,6103731600,SECRETARY,3336C0003X|3336L0003X,tier_1_primary_pharmacy,Y,Y,
1629001201,FAMILY CENTER PHARMACY LLC,4000 HEMPFIELD PLAZA BLVD,SUITE 966,GREENSBURG,PA,156011483,7248365749,SECRETARY,3336C0003X|3336L0003X,tier_1_primary_pharmacy,Y,Y,
1013940600,GAUGHNS DRUG STORE,348 PENNSYLVANIA AVE W,,WARREN,PA,163652424,8147232840,VICE PRESIDENT/OWNER,3336C0003X,tier_1_primary_pharmacy,Y,Y,
1699708768,"NORLAND AVENUE PHARMACY, LLC",12 ST. PAUL DRIVE,SUITE 105,CHAMBERSBURG,PA,172014230,7172176790,OWNER,3336C0003X,tier_1_primary_pharmacy,Y,Y,
1558395533,GANSE APOTHECARY LLC,21 N CHARLOTTE ST,,LANCASTER,PA,176033702,7173945671,CHIEF EXECUTIVE OFFICER,3336C0003X|3336L0003X|3336S0011X,tier_1_primary_pharmacy,Y,Y,
1730113416,JOYLIN RX INC,1301 BROWNSVILLE RD,,PITTSBURGH,PA,152103668,4128854646,OWNER  PRESIDENT,333600000X,tier_1_primary_pharmacy,Y,Y,
1144255357,LIFESTREAM PHARMACY INC,847 EASTON RD,,WARRINGTON,PA,189762906,2154910999,OWNER/PHCY MGR,3336L0003X|333600000X|3336C0003X,tier_1_primary_pharmacy,Y,Y,
1124043732,MED-FAST PHARMACY INC,3335 WILLIAM PENN HWY,,PITTSBURGH,PA,152355242,4128297370,BILLING MANAGER,333600000X|3336C0003X,tier_1_primary_pharmacy,Y,Y,
1932124542,MED-FAST PHARMACY INC,5001 LIBRARY RD,,BETHEL PARK,PA,151022811,4128310440,BILLING MANAGER,3336C0003X|333600000X,tier_1_primary_pharmacy,Y,Y,
1750306361,MED-FAST PHARMACY INC,1886 HOMEVILLE RD,,WEST MIFFLIN,PA,151223650,4123460220,BILLING MANAGER,333600000X|3336C0003X,tier_1_primary_pharmacy,Y,Y,
1609891498,PENN BEAVER PHARMACY INC,734 OHIO RIVER BLVD,ROCHESTER PLAZA,ROCHESTER,PA,150741413,7247287455,THIRD PARTY PLAN COORDINATOR,333600000X|3336C0003X,tier_1_primary_pharmacy,Y,Y,
1629094586,SHAFERS PHARMACY LLC,408 E BROAD ST,,TAMAQUA,PA,182522108,5706680290,MEMBER PHARMACIST,333600000X|3336C0003X,tier_1_primary_pharmacy,Y,Y,
1437175395,COMMUNITY DRUG COMPOUNDING CTR,517 GREENFIELD AVE,STE B,PITTSBURGH,PA,152071051,4124214996,OWNER,3336S0011X|3336C0003X,tier_1_primary_pharmacy,Y,Y,
1477579894,BAYERS PHARMACY,1 N 4TH ST,,YOUNGWOOD,PA,156971305,8147548250,OWNER,3336C0003X,tier_1_primary_pharmacy,Y,Y,
1285650861,POLARIS PHARMACY SERVICES OF WARRINGTON LLC,125 TITUS AVE,,WARRINGTON,PA,189762424,2674878900,DIRECTOR OF REGULATORY,333600000X|3336C0003X|3336I0012X|3336L0003X,tier_1_primary_pharmacy,Y,Y,
1639196090,NEFF DRUGS 23 LLC DBA HOLMESBURG PHARMACY,8039 FRANKFORD AVE,,PHILADELPHIA,PA,191362736,2153322400,MEMBER,3336C0003X,tier_1_primary_pharmacy,Y,Y,
1336167337,PHARMACY SERVICES INC,2195 RT 442 HWY SUITE 1,,MUNCY,PA,177569801,5705465200,PRES,3336C0003X|3336S0011X|3336H0001X,tier_1_primary_pharmacy,Y,Y,
1497774533,MED-FAST PHARMACY INC,2007 SHEFFIELD RD,,ALIQUIPPA,PA,150012758,7243751672,BILLING MANAGER,333600000X|3336C0003X,tier_1_primary_pharmacy,Y,Y,
1336169895,C & M PHARMACY INC,30 N BRYN MAWR AVE,,BRYN MAWR,PA,190103304,6105256664,PRESIDENT,3336C0003X,tier_1_primary_pharmacy,Y,Y,
1821018383,C & M PHARMACY INC,2 E EAGLE RD,,HAVERTOWN,PA,190831424,6104464040,PRESIDENT,3336C0003X,tier_1_primary_pharmacy,Y,Y,
1528088010,"BECHTEL S PHARMACY, INC.",302 MAIN ST,,SLATINGTON,PA,180801537,6107674121,PRESIDENT,3336C0004X|3336C0003X,tier_1_primary_pharmacy,Y,Y,
1770503260,"BECHTEL'S PHARMACY, INC",4423 LEHIGH DR,,WALNUTPORT,PA,180889513,6107679020,PRESIDENT,3336C0004X|3336C0003X,tier_1_primary_pharmacy,Y,Y,
1528088028,MILL HALL PHARMACY INC,260 MAIN ST,,MILL HALL,PA,177511707,5707263213,PRESIDENT,333600000X|3336L0003X|3336C0003X,tier_1_primary_pharmacy,Y,Y,
1407876618,"HEALTH CENTER PHARMACY, INC.",4164 NATIONAL PIKE,,FARMINGTON,PA,154371344,7243294620,OWNER/PHARMACIST,3336C0003X,tier_1_primary_pharmacy,Y,Y,
1477573376,"COOPERMAN'S PHARMACY, LTD",7060 GERMANTOWN AVE,,PHILADELPHIA,PA,191191826,2152472728,CHIEF  PHARMACIST,3336C0003X,tier_1_primary_pharmacy,Y,Y,
1689694283,ENDLESS MOUNTAINS PHARMACY INC,1638 STATE ROUTE 106,,CLIFFORD,PA,18413,5702227500,OWNER,333600000X|3336C0003X,tier_1_primary_pharmacy,Y,Y,
1114947025,DONEGAL PHARMACY INC,181 MAIN STREET,,DONEGAL,PA,15628,7245932502,PHARMACIST / VICE PRESIDENT,3336C0003X,tier_1_primary_pharmacy,Y,Y,
1265452197,SQA PHARMACY SERVICES LLC,4700 WISSAHICKON AVE,STE B108,PHILADELPHIA,PA,191444248,2154383308,FINANCIAL ANALYST,333600000X|3336L0003X,tier_1_primary_pharmacy,Y,Y,
1508886433,MOSHANNON VALLEY PHARMACY INC,208 MEDICAL CENTER DR,,PHILIPSBURG,PA,168661948,8143425200,MANAGER OF PHARMACIES,3336C0003X,tier_1_primary_pharmacy,Y,Y,
1760402606,INDEPENDENT APOTHECARY INCORPORATED,2923 E THOMPSON ST,,PHILADELPHIA,PA,191344812,2157390548,PRESIDENT/OWNER,333600000X|3336L0003X|3336C0003X,tier_1_primary_pharmacy,Y,Y,
1558382879,KENS PHARMACY,227 S MAIN ST,,CAMBRIDGE SPRINGS,PA,164031139,8143982221,PHARMACY SYSTEMS MANAGER,333600000X|3336C0003X,tier_1_primary_pharmacy,Y,Y,
1467473785,QUALITY MARKETS PHARMACY 63,3712 WEST 12TH AND POWELL,,ERIE,PA,16505,8148330654,PHARMACY SYSTEMS MANAGER,333600000X|3336C0003X,tier_1_primary_pharmacy,Y,Y,
1306867122,MARTELLAS PHARMACY OF PARKHILL LLC,1932 WILLIAM PENN AVE,,JOHNSTOWN,PA,159091637,8143221011,OWNER,3336C0003X,tier_1_primary_pharmacy,Y,Y,
1164443982,CLAYSVILLE PHARMACY LLC,802 VANDERBILT RD,,CONNELLSVILLE,PA,154256241,7246261091,OWNER,3336C0003X,tier_1_primary_pharmacy,Y,Y,
1073534160,PROFESSIONAL PHARMACY SOLUTIONS,3124 WILMINGTON RD,SUITE 204 MAYZON BLDG,NEW CASTLE,PA,161051100,7246572565,OWNER,333600000X|3336L0003X,tier_1_primary_pharmacy,Y,Y,
1497776330,DELPRETE'S PHARMACY,3437 ROUTE 309,,OREFIELD,PA,180692419,6103952602,PHARMACIST/OWNER,3336C0003X,tier_1_primary_pharmacy,Y,Y,
1437171261,BURNS DRUG COMPANY,135 PITTSBURGH ST,,SCOTTDALE,PA,156831732,7248876300,OWNER,3336C0003X,tier_1_primary_pharmacy,Y,Y,
1932122405,KARWASKI PHARMACY INC,26 DALLAS VILLAGE SHOPPING CTR,,DALLAS,PA,186121231,5706745577,OWNER,333600000X|3336C0003X,tier_1_primary_pharmacy,Y,Y,
1487677530,MOSHANNON VALLEY PHARMACY INC,208 MEDICAL CENTER DR,,PHILIPSBURG,PA,168661948,8143423750,VICE PRESIDENT / COO,333600000X|3336C0003X,tier_1_primary_pharmacy,Y,Y,
1508889858,MOSHANNON VALLEY PHARMACY INC,402 E SYCAMORE RD,,SNOW SHOE,PA,168748832,8143874014,MANAGER,333600000X|3336C0003X,tier_1_primary_pharmacy,Y,Y,
1689688491,BILO PHARMACY,ROUTE 255 SANDY PLAZA,,DUBOIS,PA,15801,8143753723,PHARMACY SYSTEMS MANAGER,333600000X|3336C0003X,tier_1_primary_pharmacy,Y,Y,
1174537963,BILO PHARMACY,SCALP AVENUE,,JOHNSTOWN,PA,15904,8142667829,PHARMACY SYSTEMS MANAGER,333600000X|3336C0003X,tier_1_primary_pharmacy,Y,Y,
1255346102,KLINGENSMITH DRUG INC,87 GLADE DR,,KITTANNING,PA,162017140,7245433400,3RD PARTY BILLING ADMIN,3336C0003X|333600000X,tier_1_primary_pharmacy,Y,Y,
1164437018,KLINGENSMITH DRUG INC,4075 THIRD ST,,NUMINE,PA,16244,7247837341,3RD PARTY BILLING ADMIN,3336C0003X|333600000X,tier_1_primary_pharmacy,Y,Y,
1073528923,KLINGENSMITH DRUG INC,117 3RD ST STE A,,LEECHBURG,PA,156561215,7248457501,3RD PARTY BILLING ADMIN,3336C0003X|333600000X,tier_1_primary_pharmacy,Y,Y,
1083629125,ESTERBROOK PHARMACY LLC,301 S 7TH AVE,STE 145,WEST READING,PA,196111410,6103766542,PHCST,3336C0004X|3336L0003X|3336C0003X,tier_1_primary_pharmacy,Y,Y,
1861407405,HAHNEMANN APOTHECARY INCORPORATED,230 N BROAD ST,,PHILADELPHIA,PA,191021121,2157628901,PRESIDENT,3336C0004X|333600000X|3336C0003X,tier_1_primary_pharmacy,Y,Y,
1376558924,SANDTS PHARMACY,RT 209 MONROE PLAZA,,BRODHEADSVILLE,PA,18322,5709924112,OWNER,3336C0003X,tier_1_primary_pharmacy,Y,Y,
1790790392,"SULCO RX, LLC",220 S GERMAN ST,,DUSHORE,PA,186147891,5709288010,OWNER,333600000X|3336C0003X,tier_1_primary_pharmacy,Y,Y,
1639184237,THE RX SHOPPE INC,672 MAIN ST,,LYKENS,PA,170481309,7174537662,PHARMACY MANAGER,333600000X|3336C0003X,tier_1_primary_pharmacy,Y,Y,
1760497382,DARLING APOTHECARY LLC,122 E ACADEMY ST,,SHINGLEHOUSE,PA,167487107,8146976331,DIRECTOR OF OPERATIONS,333600000X|3336C0003X,tier_1_primary_pharmacy,Y,Y,
1407861032,HESS PHARMACY INC,745 LINDEN ST,,BETHLEHEM,PA,180184241,6108665511,VP,3336C0003X,tier_1_primary_pharmacy,Y,Y,
1386650794,TRUCKSVILLE PHARMACY LLC,13 CARVERTON RD,,TRUCKSVILLE,PA,187081712,5706962222,OWNER AND MANAGER,333600000X|3336C0003X,tier_1_primary_pharmacy,Y,Y,
1508872300,WEST PERRY PHARMACY INC,1102 MONTOUR RD,,LOYSVILLE,PA,170479200,7177893093,TREASURER,3336C0003X,tier_1_primary_pharmacy,Y,Y,
1598771263,SD PHARMACY SERVICES LLC,168 W MAIN ST,,SOMERSET,PA,155012038,8144456511,OWNER/MEMBER,3336C0003X,tier_1_primary_pharmacy,Y,Y,
1053328161,"SILVERMAN PHARMACY, INC",2501 S 7TH ST,,PHILADELPHIA,PA,191484601,2154653081,PRESIDENT,3336C0003X,tier_1_primary_pharmacy,Y,Y,
1093722134,EAST SHORE PHARMACY INC.,2723 AGATE ST,,HARRISBURG,PA,171102645,7172133708,OWNER,333600000X|3336C0003X,tier_1_primary_pharmacy,Y,Y,
1265440119,"POLARIS PHARMACY SERVICES OF WARRINGTON, LLC",1660 EASTON ROAD,,WARRINGTON,PA,18976,2153453225,"CORPORATE DIRECTOR OF COMPLIANCE, C",333600000X|3336L0003X,tier_1_primary_pharmacy,Y,Y,
1902815913,"TERRAPIN WEST END PHARMACY, LLC",3800 HORIZON BLVD STE 103B,,TREVOSE,PA,190534968,6104331826,CHIEF EXECUTIVE OFFICER,3336C0003X|3336L0003X,tier_1_primary_pharmacy,Y,Y,
1255342895,GLASSPORT PHARMACY LLC,937 OHIO AVE,,GLASSPORT,PA,150451634,4126789474,MANAGER,3336C0003X|333600000X,tier_1_primary_pharmacy,Y,Y,
1275544843,STINES PHARMACY INC,1 E MAIN ST,,SCHUYLKILL HAVEN,PA,179721603,5703853570,OWNER,333600000X|3336C0003X,tier_1_primary_pharmacy,Y,Y,
1184635757,FARRELL PHARMACY LLC,827 SHARON NEW CASTLE RD,,FARRELL,PA,161212413,7249814553,MEMBER,333600000X|3336C0003X,tier_1_primary_pharmacy,Y,Y,
1700897345,SHIRLEY COURT PHARMACY INC,119 LONG LN,,UPPER DARBY,PA,190823112,6103523010,PHARMACIST OWNER,333600000X|3336C0003X,tier_1_primary_pharmacy,Y,Y,
1619988250,JAMES DRUG STORE,601 2ND ST,,CRESSON,PA,166301226,8148862266,OWNER AND PHARMACIST,3336C0003X,tier_1_primary_pharmacy,Y,Y,
1457362022,SHIPMANS PHARMACY INC,326 DELAWARE AVE,,PALMERTON,PA,180711814,6108265555,PRESIDENT,333600000X|3336C0003X,tier_1_primary_pharmacy,Y,Y,
1891706461,SPARTAN PHARMACY INC,3526 BROWNSVILLE RD,,PITTSBURGH,PA,152273116,4128844400,PRESIDENT,333600000X|3336C0003X,tier_1_primary_pharmacy,Y,Y,
1700897378,PROVIDENCE PHARMACY SVC LP,615 N PIKE RD,,CABOT,PA,160232215,7243528822,DIRECTOR OF PHARMACY,3336C0004X|3336C0003X|333600000X|3336L0003X,tier_1_primary_pharmacy,Y,Y,
1548271117,GDD PHARMACY SERVICES INC,2647 N 6TH ST,,HARRISBURG,PA,171102641,7172369094,PRES,3336L0003X|3336C0003X,tier_1_primary_pharmacy,Y,Y,
1346251980,"POLARIS PHARMACY SERVICES OF WARRINGTON, LLC",815 MAPLEWOOD DRIVE,,HARLEYSVILLE,PA,19438,2157214300,"CORPORATE DIRECTOR OF COMPLIANCE, C",3336C0003X|333600000X|3336L0003X,tier_1_primary_pharmacy,Y,Y,
1356352926,HOMER CITY PHARMACY INC,237 WASHINGTON ST,,SALTSBURG,PA,156811131,7246399022,OWNER PHARMACIST,333600000X|3336C0003X,tier_1_primary_pharmacy,Y,Y,
1437160009,CONTRACT PHARMACY SERVICES INC,1425 HORSHAM RD,2ND FL,NORTH WALES,PA,194541320,2153711380,OWNER,3336C0003X|3336I0012X|333600000X|3336L0003X,tier_1_primary_pharmacy,Y,Y,
1174534382,MED-FAST PHARMACY INC,825 BEAVER GRADE RD,,CORAOPOLIS,PA,151082639,4122627979,BILLING MANAGER,333600000X|3336C0003X,tier_1_primary_pharmacy,Y,Y,
1447263512,BUTASH PHARMACY,319 GEORGE ST,,THROOP,PA,185121234,5704892331,OWNER,333600000X,tier_1_primary_pharmacy,Y,Y,
1831102912,JEFFREYS DRUG STORE INC.,1 N CENTRAL AVE,,CANONSBURG,PA,153171301,7247456480,OWNER,3336C0003X|3336C0004X|333600000X,tier_2_secondary_pharmacy,N,Y,
1326151432,EAST LAKE PHARMACY INC,1896 E LAKE RD,,ERIE,PA,165111072,8144564108,OWNER,3336C0003X,tier_1_primary_pharmacy,Y,Y,
1689787111,"DRAGONFLY HEALTH RX, INC.",512 ELMWOOD AVE,,SHARON HILL,PA,190791014,4849531800,CHIEF FINANCIAL OFFICER,3336C0003X|3336L0003X,tier_1_primary_pharmacy,Y,Y,
1154435493,SHREE GANESH PHARMACY,900 PENN ST,,READING,PA,196021796,6103741444,PHARMACIST IN CHARGE / OWNER,3336L0003X|3336C0003X,tier_1_primary_pharmacy,Y,Y,
1093829988,TANG PHARMACY INC,5925 N 5TH ST,,PHILADELPHIA,PA,191201823,2152241500,PHARMACY MGR,3336C0003X,tier_1_primary_pharmacy,Y,Y,
1952415937,KOEHLERS PHARMACY INC,35 BELVIDERE ST,,NAZARETH,PA,180642171,6107593640,OWNER,333600000X|3336C0003X,tier_1_primary_pharmacy,Y,Y,
1932214970,CHAMBERS RX LLC,370 PHILADELPHIA AVE,,CHAMBERSBURG,PA,172011660,7172630747,RPH/PHARMACY MANAGER,3336C0004X|3336C0003X,tier_1_primary_pharmacy,Y,Y,
1750496790,LASLOWS PHARMACY,6 SPRINGS AVE,,GETTYSBURG,PA,173251724,7173370881,PHARMACIST,333600000X|3336C0004X|3336C0003X,tier_1_primary_pharmacy,Y,Y,
1295840239,THE DICKSON APOTHECARY LLC,105 WHEATFIELD DR,SUITE 2 PRIME TIME PLAZA,MILFORD,PA,18337,5702965138,OWNER PHARMACIST,333600000X|3336C0003X,tier_1_primary_pharmacy,Y,Y,
1730294661,SPAN & TAYLOR DRUG CO,175 W MAIN ST,,MONONGAHELA,PA,150632305,7242584545,PHARMACIST,3336C0003X,tier_1_primary_pharmacy,Y,Y,
1235245903,CAPITANO'S PHARMACY,101 S MAIN ST,,OLD FORGE,PA,185181600,5704575450,PHARMACIST/OWNER,3336C0003X,tier_1_primary_pharmacy,Y,Y,
1598873168,HCBR LLC TENTH STREET PHARMACY,938 FALLOWFIELD AVE,,CHARLEROI,PA,150222104,7244835302,OWNER/R.PH,3336C0003X,tier_1_primary_pharmacy,Y,Y,
1780792861,FOXS PHARMACY INC,3900 PERRYSVILLE AVE,,PITTSBURGH,PA,152141748,4122318300,CMS,333600000X,tier_1_primary_pharmacy,Y,Y,
1720196629,NARBERTH PHARMACY INC,220 HAVERFORD AVE,,NARBERTH,PA,19072,6106644800,PHARMACIST OWNER,333600000X,tier_1_primary_pharmacy,Y,Y,
1568571370,HENNEBERRY PHARMACY,838 N 24TH ST,,PHILADELPHIA,PA,191301914,2157651033,OWNER,3336C0003X,tier_1_primary_pharmacy,Y,Y,
1447369129,TRUE CARE PHARMACY INC,9 WEST MAIN AVENUE,,MYERSTOWN,PA,170671122,7178664800,PRESIDENT,3336C0003X,tier_1_primary_pharmacy,Y,Y,
1891804951,"PENN LAUREL PHARMACY, LLC.",112 SUNSHINE AVE,,CENTRAL CITY,PA,159261129,8147545717,PHARMACIST,3336C0003X,tier_1_primary_pharmacy,Y,Y,
1700995875,"MARTELLA'S PHARMACY, LLC",1079 FRANKLIN ST,,JOHNSTOWN,PA,159054303,8145351833,PHARMACIST,3336C0003X,tier_1_primary_pharmacy,Y,Y,
1932218831,FOXS PHARMACY INC,3900 PERRYSVILLE AVE,SUITE A,PITTSBURGH,PA,152141748,4122318300,CMS,333600000X,tier_1_primary_pharmacy,Y,Y,
1700996543,WESTMONT DRUG STORE,1741 GOUCHER ST,,JOHNSTOWN,PA,15905,8142554101,PHARMACIST/PARTNER,3336C0003X,tier_1_primary_pharmacy,Y,Y,
1689786691,COMMUNITY PHARMACY INC,30 RIVER ST,,JIM THORPE,PA,182292313,5703255310,PRESIDENT,333600000X|3336C0003X,tier_1_primary_pharmacy,Y,Y,
1124130133,SUPERIOR CARE PHARMACY INC,518 BURKE BYP,,OLYPHANT,PA,184471805,5703836700,PRESIDENT,3336C0003X,tier_1_primary_pharmacy,Y,Y,
1457463721,"SLOAN'S PHARMACY, INC.",73 S MAIN ST,,MANHEIM,PA,175451645,7176652223,PRESIDENT,3336C0003X,tier_1_primary_pharmacy,Y,Y,
1548371602,"HYDE DRUG, L.L.C.",2412 WILMINGTON RD,,NEW CASTLE,PA,161051939,7246521451,PRESIDENT/CHIEF PHARMACIST,3336C0003X,tier_1_primary_pharmacy,Y,Y,
1043322480,"SLOAN'S PHARMACY, INC",61 E MAIN ST,,MOUNT JOY,PA,175521424,7176534001,OWNER/PRESIDENT,3336C0003X,tier_1_primary_pharmacy,Y,Y,
1952413965,MINNICH'S PHARMACY INC,1698 S.QUEEN ST.,,YORK,PA,17403,7178460500,CEO,333600000X|3336C0004X|3336H0001X|3336C0003X,tier_1_primary_pharmacy,Y,Y,
1033221049,GDD PHARMACY SERVICES INC,2025 TECHNOLOGY PKWY,STE G04,MECHANICSBURG,PA,170509400,7177284200,PRES,333600000X|3336C0004X|3336L0003X|3336C0003X,tier_1_primary_pharmacy,Y,Y,
1811099245,ASHTON PHARMACY,9035 ASHTON RD,,PHILA,PA,19136,2156739494,OWNER PHARMACIST,333600000X,tier_1_primary_pharmacy,Y,Y,
1356443642,NAZARETH PHARMACY INC,19 S BROAD ST,,NAZARETH,PA,180642116,6107593240,PRESIDENT,3336C0003X,tier_1_primary_pharmacy,Y,Y,
1851494017,"WELLSPAN PHARMACY, INC.",40 V TWIN DRIVE,SUITE 107,GETTYSBURG,PA,17325,7173392600,SENIOR PHARMACY MANAGER,333600000X|3336L0003X|3336C0003X,tier_1_primary_pharmacy,Y,Y,
1609970342,PERRY DRUG STORE LLC,301 INDEPENDENCE ST,,PERRYOPOLIS,PA,154735326,7247364422,OWNER PRESIDENT,333600000X,tier_1_primary_pharmacy,Y,Y,
1740384700,MORRISVILLE PHARMACY,411 W TRENTON AVE,,MORRISVILLE,PA,190673510,2152951002,PHARMACY MGR,3336L0003X|3336C0003X,tier_1_primary_pharmacy,Y,Y,
1013011071,ESTERBROOK WRD PHARMACY LLC,538 PENN AVE,,WEST READING,PA,196111036,6103754366,MANAGER/MEMBER,3336L0003X|3336C0003X,tier_1_primary_pharmacy,Y,Y,
1922102987,RCL PHARMACY SERVICES INC,333 E LANCASTER AVE,,WYNNEWOOD,PA,190961929,6106490390,OWNER,333600000X|3336L0003X|3336C0003X,tier_1_primary_pharmacy,Y,Y,
1174629000,"ZEVIN'S DRUG STORE, INC.",800 MCKEAN ST,,PHILADELPHIA,PA,191482342,2154680622,PHARMACY MANAGER,3336C0003X,tier_1_primary_pharmacy,Y,Y,
1811094741,A AND W PHARMACY INC,2623 E WESTMORELAND ST,,PHILADELPHIA,PA,191345228,2154264100,VICE PRESIDENT MANAGER,333600000X|3336C0003X,tier_1_primary_pharmacy,Y,Y,
1902903834,DIXONS PHARMACY INC,1 SPRINT DR,,CARLISLE,PA,170157696,7172495691,TREASURER,333600000X|3336C0003X,tier_1_primary_pharmacy,Y,Y,
1598862435,JAFFES DRUG STORE,7150 RIDGE AVE,,PHILADELPHIA,PA,191283250,2154830900,PRESIDENT,333600000X|3336C0003X,tier_1_primary_pharmacy,Y,Y,
1407953342,STRAFFORD PHARMACY INC,623 W LANCASTER AVE,,WAYNE,PA,190873108,6106882320,VP OWNER,333600000X|3336C0003X,tier_1_primary_pharmacy,Y,Y,
1316044258,SCOTTDALE PHARMACY INC,222 PITTSBURGH ST,,SCOTTDALE,PA,156831735,7248876870,PRESIDENT,333600000X|3336C0003X,tier_1_primary_pharmacy,Y,Y,
1134226079,CORNER DRUG STORE INC,142 WALTS LN,,JOHNSTOWN,PA,159064123,8145365114,PRESIDENT,333600000X|3336C0003X,tier_1_primary_pharmacy,Y,Y,
1043317985,S AND S COMMUNITY DRUG INC,5600 CATHARINE ST,,PHILADELPHIA,PA,191432815,2157473922,PRESIDENT,333600000X|3336C0003X,tier_1_primary_pharmacy,Y,Y,
1861599706,"WYBLE'S PHARMACY, INC.",200 N WARREN AVE,,APOLLO,PA,156131339,7244784051,OWNER,333600000X|3336C0003X,tier_1_primary_pharmacy,Y,Y,
1689771529,BATH RX INC,310 S WALNUT ST,,BATH,PA,180141025,6108379992,PHARMACY MANAGER / DIRECTOR,3336C0004X|3336C0003X,tier_1_primary_pharmacy,Y,Y,
1497852339,RANN PHARMACY INC,377 MAIN ST,,HARLEYSVILLE,PA,194382309,2152564146,OWNER PHARMACIST,3336C0004X|333600000X|3336C0003X,tier_1_primary_pharmacy,Y,Y,
1558469577,SHURFINE PHARMACY WEIGLESTOWN,3025 CARLISLE RD,,DOVER,PA,173154509,7177671492,PHARMACY MANAGER,333600000X|3336C0003X,tier_1_primary_pharmacy,Y,Y,
1740388776,DIXONS PHARMACY INC,3463 BIGLERVILLE RD,,BIGLERVILLE,PA,173079809,7176778144,TREASURER,333600000X|3336C0003X,tier_1_primary_pharmacy,Y,Y,
1831297860,COMMUNITY DRUG,517 GREENFIELD AVE,,PITTSBURGH,PA,152071051,4124214104,PRESIDENT,333600000X|3336C0003X,tier_1_primary_pharmacy,Y,Y,
1477651404,CARING PHARMACY INC,2541 KENSINGTON AVE,,PHILADELPHIA,PA,191251337,2157399975,PHARMACY OWNER MANAGER,333600000X|3336C0003X,tier_1_primary_pharmacy,Y,Y,
1144329020,GRATTAN'S PHARMACY INC.,230 N FRONT ST,,PHILIPSBURG,PA,168661606,8143422020,OWNER,3336C0003X,tier_1_primary_pharmacy,Y,Y,
1013015916,DAKES DRUG STORE INC,201 CITY AVE,,MERION STATION,PA,190661803,6106671316,OWNER,333600000X|3336C0003X,tier_1_primary_pharmacy,Y,Y,
1508965856,THRIFT DRUG INC,1140 TOWN SQUARE ROAD,,POTTSTOWN,PA,194651017,6103234080,MANAGER ONLINE ADJUDICATION,3336C0003X,tier_1_primary_pharmacy,Y,Y,
1417056763,THRIFT DRUG INC,3807 WEST LINCOLN HIGHWAY,,DOWNINGTOWN,PA,193352216,6102690226,MANAGER ONLINE ADJUDICATION,3336C0003X,tier_1_primary_pharmacy,Y,Y,
1326147679,THRIFT DRUG INC,2269 SCHOENERSVILLE ROAD,,BETHLEHEM,PA,180177418,6108651362,MANAGER ONLINE ADJUDICATION,3336C0003X,tier_1_primary_pharmacy,Y,Y,
1962501213,THRIFT DRUG INC,1700 PINE HOLLOW ROAD,,MC KEES ROCKS,PA,151361578,4127716366,MANAGER ONLINE ADJUDICATION,3336C0003X,tier_1_primary_pharmacy,Y,Y,
1053410316,THRIFT DRUG INC,1035 COUNTY LINE ROAD,,HUNTINGDON VALLEY,PA,190063814,2153642980,MANAGER ONLINE ADJUDICATION,3336C0003X,tier_1_primary_pharmacy,Y,Y,
1821197088,THRIFT DRUG INC,244 COMMERCE CIRCLE,,BRISTOL,PA,190073113,2157819788,MANAGER ONLINE ADJUDICATION,3336C0003X,tier_1_primary_pharmacy,Y,Y,
1730288994,THRIFT DRUG INC,1 ICE CREAM ALLEY,,NEWTOWN,PA,189401543,2155790864,MANAGER ONLINE ADJUDICATION,3336C0003X,tier_1_primary_pharmacy,Y,Y,
1649379801,THRIFT DRUG INC,2545 ARAMINGO AVENUE,,PHILADELPHIA,PA,191253728,2154232361,MANAGER ONLINE ADJUDICATION,3336C0003X,tier_1_primary_pharmacy,Y,Y,
1063511327,THRIFT DRUG INC,1 SUMMIT SQUARE,SUITE A,LANGHORNE,PA,190471084,2159684656,MANAGER ONLINE ADJUDICATION,3336C0003X,tier_1_primary_pharmacy,Y,Y,
1699874958,THRIFT DRUG INC,5430 PEACH STREET,,ERIE,PA,165092602,8148684624,MANAGER ONLINE ADJUDICATION,3336C0003X,tier_1_primary_pharmacy,Y,Y,
1407955768,THRIFT DRUG INC,2501 BANKSVILLE ROAD,,PITTSBURGH,PA,152162853,4125712550,MANAGER ONLINE ADJUDICATION,3336C0003X,tier_1_primary_pharmacy,Y,Y,
1316046675,THRIFT DRUG INC,225 SHILOH ST,,PITTSBURGH,PA,152111623,4123815184,MANAGER ONLINE ADJUDICATION,3336C0003X,tier_1_primary_pharmacy,Y,Y,
1134228497,THRIFT DRUG INC,1551 VALLEY FORGE ROAD,,MONTGOMERY,PA,19446,2153687222,MANAGER ONLINE ADJUDICATION,3336C0003X|333600000X,tier_1_primary_pharmacy,Y,Y,
1861591125,THRIFT DRUG INC,1536 NORTH ATHERTON STREET,,STATE COLLEGE,PA,168033041,8142374133,MANAGER ONLINE ADJUDICATION,3336C0003X,tier_1_primary_pharmacy,Y,Y,
1770682031,THRIFT DRUG INC,353 EAST SIXTH STREET,,ERIE,PA,165071609,8144552910,MANAGER ONLINE ADJUDICATION,3336C0003X,tier_1_primary_pharmacy,Y,Y,
1497854756,THRIFT DRUG INC,705 WEST LANCASTER AVENUE,,BRYN MAWR,PA,190103401,6105273603,MANAGER ONLINE ADJUDICATION,3336C0003X,tier_1_primary_pharmacy,Y,Y,
1548369705,THRIFT DRUG INC,144 GALLERY DR,,MC MURRAY,PA,153172690,7249413004,MANAGER ONLINE ADJUDICATION,3336C0003X,tier_1_primary_pharmacy,Y,Y,
1366541526,THRIFT DRUG INC,429 SOUTH HANOVER STREET,,CARLISLE,PA,170133917,7172584800,MANAGER ONLINE ADJUDICATION,3336C0003X,tier_1_primary_pharmacy,Y,Y,
1699874867,THRIFT DRUG INC,418 420 PENN STREET,,READING,PA,19602,6103734511,MANAGER ONLINE ADJUDICATION,3336C0003X,tier_1_primary_pharmacy,Y,Y,
1205935541,THRIFT DRUG INC,4960 WILLIAM FLYNN HIGHWAY,SUITE 10,ALLISON PARK,PA,151012354,7244435455,MANAGER ONLINE ADJUDICATION,3336C0003X,tier_1_primary_pharmacy,Y,Y,
1841399185,THRIFT DRUG INC,314 EAST PITTSBURGH STREET,,GREENSBURG,PA,156012602,7248340960,MANAGER ONLINE ADJUDICATION,3336C0003X,tier_1_primary_pharmacy,Y,Y,
1750480091,THRIFT DRUG INC,1121 BOWER HILL ROAD,,PITTSBURGH,PA,152431301,4129231550,MANAGER ONLINE ADJUDICATION,3336C0003X,tier_1_primary_pharmacy,Y,Y,
1669571907,THRIFT DRUG INC,1730 WILMINGTON ROAD,,NEW CASTLE,PA,161052056,7246581515,MANAGER ONLINE ADJUDICATION,3336C0003X,tier_1_primary_pharmacy,Y,Y,
1578662813,THRIFT DRUG INC,1222 BROWNSVILLE ROAD,,PITTSBURGH,PA,152103651,4128843356,MANAGER ONLINE ADJUDICATION,3336C0003X,tier_1_primary_pharmacy,Y,Y,
1487753729,THRIFT DRUG INC,472 NORTH MAIN STREET,,DOYLESTOWN,PA,189013404,2153451020,MANAGER ONLINE ADJUDICATION,3336C0003X,tier_1_primary_pharmacy,Y,Y,
1194824433,THRIFT DRUG INC,1825 COLUMBIA AVE,,LANCASTER,PA,176034335,7173972081,MANAGER ONLINE ADJUDICATION,3336C0003X|333600000X,tier_1_primary_pharmacy,Y,Y,
1497854657,THRIFT DRUG INC,64 NORTH MERCER AVENUE,,SHARPSVILLE,PA,161502234,7249625771,SR MANAGER THIRD PARTY ENROLLMENTS,3336C0003X,tier_1_primary_pharmacy,Y,Y,
1427157692,THRIFT DRUG INC,1328 CHESTNUT STREET,,EMMAUS,PA,180491921,6109676440,MANAGER ONLINE ADJUDICATION,3336C0003X,tier_1_primary_pharmacy,Y,Y,
1619076965,THRIFT DRUG INC,2178 WEST UNION BOULEVARD,,BETHLEHEM,PA,180182011,6108671004,MANAGER ONLINE ADJUDICATION,3336C0003X,tier_1_primary_pharmacy,Y,Y,
1528167871,THRIFT DRUG INC,1628 SOUTH FOURTH STREET,,ALLENTOWN,PA,181034922,6107971063,MANAGER ONLINE ADJUDICATION,3336C0003X,tier_1_primary_pharmacy,Y,Y,
1346349693,THRIFT DRUG INC,3599 WEST CHESTER PIKE,,NEWTOWN SQUARE,PA,190734128,6103530294,MANAGER ONLINE ADJUDICATION,3336C0003X,tier_1_primary_pharmacy,Y,Y,
1255430500,THRIFT DRUG INC,1200 PITTSBURGH STREET,,CHESWICK,PA,150241445,7242747111,MANAGER ONLINE ADJUDICATION,3336C0003X,tier_1_primary_pharmacy,Y,Y,
1982703237,THRIFT DRUG INC,10 CLAY PIKE,,NORTH HUNTINGDON,PA,156422039,7248632350,MANAGER ONLINE ADJUDICATION,3336C0003X,tier_1_primary_pharmacy,Y,Y,
1518066869,THRIFT DRUG INC,700 STEVENSON BOULEVARD,,NEW KENSINGTON,PA,150685371,7243354111,MANAGER ONLINE ADJUDICATION,3336C0003X,tier_1_primary_pharmacy,Y,Y,
1336248681,THRIFT DRUG INC,160 NORTH GULPH ROAD,SUITE 1008,KING OF PRUSSIA,PA,194062937,6102653044,MANAGER ONLINE ADJUDICATION,3336C0003X,tier_1_primary_pharmacy,Y,Y,
1245339597,THRIFT DRUG INC,510 EAST BALTIMORE PIKE,,MEDIA,PA,190633836,6105663218,MANAGER ONLINE ADJUDICATION,3336C0003X,tier_1_primary_pharmacy,Y,Y,
1154420404,THRIFT DRUG INC,1913 EAST THIRD STREET,,WILLIAMSPORT,PA,177013901,5703230402,MANAGER ONLINE ADJUDICATION,3336C0003X,tier_1_primary_pharmacy,Y,Y,
1063511319,THRIFT DRUG INC,284 EAST LANCASTER AVENUE,,WYNNEWOOD,PA,190962126,6106493798,MANAGER ONLINE ADJUDICATION,3336C0003X,tier_1_primary_pharmacy,Y,Y,
1881793131,THRIFT DRUG INC,1956 GREENTREE ROAD,,PITTSBURGH,PA,152201813,4125633933,MANAGER ONLINE ADJUDICATION,3336C0003X,tier_1_primary_pharmacy,Y,Y,
1780783035,THRIFT DRUG INC,3215 NORTH FIFTH STREET,SUITE 5,READING,PA,196052450,6109299775,MANAGER ONLINE ADJUDICATION,3336C0003X,tier_1_primary_pharmacy,Y,Y,
1386743631,THRIFT DRUG INC,110 MAIN STREET,,HELLERTOWN,PA,180551716,6108387371,MANAGER ONLINE ADJUDICATION,3336C0003X,tier_1_primary_pharmacy,Y,Y,
1003915364,THRIFT DRUG INC,843 ROSTRAVER ROAD,,BELLE VERNON,PA,150121944,7249298311,MANAGER ONLINE ADJUDICATION,3336C0003X,tier_1_primary_pharmacy,Y,Y,
1912006271,THRIFT DRUG INC,1500 GARRETT ROAD,,UPPER DARBY,PA,190824519,6102843232,MANAGER ONLINE ADJUDICATION,3336C0003X,tier_1_primary_pharmacy,Y,Y,
1730288093,THRIFT DRUG INC,1338 EAST GRANDVIEW BOULEVARD,,ERIE,PA,165042736,8148252333,MANAGER ONLINE ADJUDICATION,3336C0003X,tier_1_primary_pharmacy,Y,Y,
1649379900,THRIFT DRUG INC,5410 KEEPORT DRIVE,,PITTSBURGH,PA,152363006,4126559455,MANAGER ONLINE ADJUDICATION,3336C0003X,tier_1_primary_pharmacy,Y,Y,
1558460816,THRIFT DRUG INC,4927 HOMEVILLE ROAD,,WEST MIFFLIN,PA,151222956,4124692220,MANAGER ONLINE ADJUDICATION,3336C0003X,tier_1_primary_pharmacy,Y,Y,
1467551721,THRIFT DRUG INC,821 EAST BISHOP STREET,,BELLEFONTE,PA,16823,8143551548,MANAGER ONLINE ADJUDICATION,3336C0003X,tier_1_primary_pharmacy,Y,Y,
1285733543,THRIFT DRUG INC,200 KIMBERTON ROAD,,PHOENIXVILLE,PA,194604163,6109352020,MANAGER ONLINE ADJUDICATION,3336C0003X,tier_1_primary_pharmacy,Y,Y,
1093814352,THRIFT DRUG INC,415 SOUTH NINTH STREET,,LEBANON,PA,170426602,7172737687,MANAGER ONLINE ADJUDICATION,3336C0003X,tier_1_primary_pharmacy,Y,Y,
1972602233,THRIFT DRUG INC,23 NORTH ELM STREET,,KUTZTOWN,PA,195301343,6106835520,MANAGER ONLINE ADJUDICATION,3336C0003X,tier_1_primary_pharmacy,Y,Y,
1003915265,THRIFT DRUG INC,65 NEWBERRY PARKWAY,,ETTERS,PA,173198967,7179383655,MANAGER ONLINE ADJUDICATION,3336C0003X,tier_1_primary_pharmacy,Y,Y,
1093814253,THRIFT DRUG INC,351 BRIGHTON AVENUE,,ROCHESTER,PA,150742139,7247743360,MANAGER ONLINE ADJUDICATION,3336C0003X,tier_1_primary_pharmacy,Y,Y,
1902905169,THRIFT DRUG INC,880 BUTLER STREET,,PITTSBURGH,PA,152231319,4127822466,MANAGER ONLINE ADJUDICATION,3336C0003X,tier_1_primary_pharmacy,Y,Y,
1811096076,THRIFT DRUG INC,1710 MOUNT ROYAL BOULEVARD,,GLENSHAW,PA,151162115,4124878767,MANAGER ONLINE ADJUDICATION,3336C0003X,tier_1_primary_pharmacy,Y,Y,
1508965765,THRIFT DRUG INC,575 MORGANTOWN ROAD,,UNIONTOWN,PA,154015419,7244372140,MANAGER ONLINE ADJUDICATION,3336C0003X,tier_1_primary_pharmacy,Y,Y,
1417056672,THRIFT DRUG INC,115 FIFTH STREET,,ELLWOOD CITY,PA,161172303,7247583294,MANAGER ONLINE ADJUDICATION,3336C0003X,tier_1_primary_pharmacy,Y,Y,
1326147588,THRIFT DRUG INC,1505 7TH AVE,,BEAVER FALLS,PA,150104121,7248436774,SR MANAGER THIRD PARTY ENROLLMENTS,3336C0003X,tier_1_primary_pharmacy,Y,Y,
1144329301,THRIFT DRUG INC,2350 NOBLESTOWN RD,,PITTSBURGH,PA,152054128,4129222282,MANAGER ONLINE ADJUDICATION,3336C0003X|333600000X,tier_1_primary_pharmacy,Y,Y,
1053410217,THRIFT DRUG INC,925 MERCHANT STREET,,AMBRIDGE,PA,150032327,7242667664,MANAGER ONLINE ADJUDICATION,3336C0003X,tier_1_primary_pharmacy,Y,Y,
1871692038,THRIFT DRUG INC,2000 HAMILTON STREET,,PHILADELPHIA,PA,191303814,2155672017,MANAGER ONLINE ADJUDICATION,3336C0003X,tier_1_primary_pharmacy,Y,Y,
1780783944,THRIFT DRUG INC,109 RAILROAD ST,,BEDFORD,PA,155221014,8146236266,MANAGER ONLINE ADJUDICATION,3336C0003X,tier_1_primary_pharmacy,Y,Y,
1598864753,THRIFT DRUG INC,2600 NORTH WILLOW STREET PIKE,SUITE 411,WILLOW STREET,PA,175849388,7174641720,MANAGER ONLINE ADJUDICATION,3336C0003X,tier_1_primary_pharmacy,Y,Y,
1407955669,THRIFT DRUG INC,109 ALLEGHENY RIVER BOULEVARD,,OAKMONT,PA,151391859,4128281530,MANAGER ONLINE ADJUDICATION,3336C0003X,tier_1_primary_pharmacy,Y,Y,
1316046576,THRIFT DRUG INC,3205 CAPE HORN ROAD,,RED LION,PA,173568203,7172461322,MANAGER ONLINE ADJUDICATION,3336C0003X,tier_1_primary_pharmacy,Y,Y,
1225137482,THRIFT DRUG INC,2182 COUNTY LINE ROAD,,HUNTINGDON VALLEY,PA,190061740,2159531655,MANAGER ONLINE ADJUDICATION,3336C0003X,tier_1_primary_pharmacy,Y,Y,
1134228398,THRIFT DRUG INC,577 SOUTH MAIN STREET,,SHREWSBURY,PA,173611737,7172356854,MANAGER ONLINE ADJUDICATION,3336C0003X,tier_1_primary_pharmacy,Y,Y,
1043319205,THRIFT DRUG INC,4 BALLAST LANE,,STEWARTSTOWN,PA,173638325,7179932557,MANAGER ONLINE ADJUDICATION,3336C0003X,tier_1_primary_pharmacy,Y,Y,
1770682932,THRIFT DRUG INC,1759 GOUCHER STREET,,JOHNSTOWN,PA,159051101,8142556601,MANAGER ONLINE ADJUDICATION,3336C0003X,tier_1_primary_pharmacy,Y,Y,
1982703153,THRIFT DRUG INC,519 CONSTITUTION AVENUE,,PERKASIE,PA,189441248,2154537540,MANAGER ONLINE ADJUDICATION,3336C0003X,tier_1_primary_pharmacy,Y,Y,
1609975879,THRIFT DRUG INC,1804 GOLDEN MILE HIGHWAY,,PITTSBURGH,PA,152392828,7243274850,MANAGER ONLINE ADJUDICATION,3336C0003X,tier_1_primary_pharmacy,Y,Y,
1326147596,THRIFT DRUG INC,7719 MAIN STREET,,FOGELSVILLE,PA,180511600,6103910922,MANAGER ONLINE ADJUDICATION,3336C0003X,tier_1_primary_pharmacy,Y,Y,
1184724155,DUNCANSVILLE PHARMACY INC,1328 3RD AVE,,DUNCANSVILLE,PA,166351247,8146958065,OWNER AND PHARMACIST,333600000X|3336C0003X,tier_1_primary_pharmacy,Y,Y,
1164521407,THRIFT DRUG INC,2302 SHEFFIELD ROAD,,ALIQUIPPA,PA,150012302,7243755558,MANAGER ONLINE ADJUDICATION,3336C0003X,tier_1_primary_pharmacy,Y,Y,
1982703229,THRIFT DRUG INC,1125 FREEPORT ROAD,,PITTSBURGH,PA,152383103,4127822277,MANAGER ONLINE ADJUDICATION,3336C0003X,tier_1_primary_pharmacy,Y,Y,
1790884039,THRIFT DRUG INC,535 LINCOLN AVENUE,,BELLEVUE,PA,152023548,4127611890,MANAGER ONLINE ADJUDICATION,3336C0003X,tier_1_primary_pharmacy,Y,Y,
1609975945,THRIFT DRUG INC,519 PENN AVENUE,,PITTSBURGH,PA,152223208,4123910969,MANAGER ONLINE ADJUDICATION,3336C0003X,tier_1_primary_pharmacy,Y,Y,
1427157767,THRIFT DRUG INC,417 CHARTIERS STREET,,BRIDGEVILLE,PA,150172033,4122218184,MANAGER ONLINE ADJUDICATION,3336C0003X,tier_1_primary_pharmacy,Y,Y,
1336248673,THRIFT DRUG INC,1650 NORTH CEDAR CREST BOULEVARD,,ALLENTOWN,PA,181042318,6103953671,MANAGER ONLINE ADJUDICATION,3336C0003X,tier_1_primary_pharmacy,Y,Y,
1154420495,THRIFT DRUG INC,4000 WOODHAVEN ROAD,,PHILADELPHIA,PA,191542810,2156377840,MANAGER ONLINE ADJUDICATION,3336C0003X,tier_1_primary_pharmacy,Y,Y,
1942309281,THRIFT DRUG INC,410 COOKE LANE,,PITTSBURGH,PA,152341414,4125631505,MANAGER ONLINE ADJUDICATION,3336C0003X,tier_1_primary_pharmacy,Y,Y,
1851490197,THRIFT DRUG INC,623 EAST OHIO STREET,,PITTSBURGH,PA,152125619,4123221566,MANAGER ONLINE ADJUDICATION,3336C0003X,tier_1_primary_pharmacy,Y,Y,
1679672919,THRIFT DRUG INC,3700 FORBES AVENUE,,PITTSBURGH,PA,152133409,4126811332,MANAGER ONLINE ADJUDICATION,3336C0003X,tier_1_primary_pharmacy,Y,Y,
1588763825,THRIFT DRUG INC,1020 LIBERTY STREET,,FRANKLIN,PA,163231215,8144324824,MANAGER ONLINE ADJUDICATION,3336C0003X,tier_1_primary_pharmacy,Y,Y,
1396844635,THRIFT DRUG INC,1155 CARLISLE ST,STE 12,HANOVER,PA,173311200,7176322626,MANAGER ONLINE ADJUDICATION,3336C0003X,tier_1_primary_pharmacy,Y,Y,
1023117363,THRIFT DRUG INC,4011 WILLIAM PENN HIGHWAY,,MONROEVILLE,PA,151462601,4123725288,MANAGER ONLINE ADJUDICATION,3336C0003X,tier_1_primary_pharmacy,Y,Y,
1932208279,THRIFT DRUG INC,6822 HAMILTON BOULEVARD,,ALLENTOWN,PA,181069644,6103981351,MANAGER ONLINE ADJUDICATION,3336C0003X,tier_1_primary_pharmacy,Y,Y,
1013016351,THRIFT DRUG INC,2336 ARDMORE BLVD,,PITTSBURGH,PA,152215225,4122718570,SR MGR TP ENROLLMENTS,3336C0003X,tier_1_primary_pharmacy,Y,Y,
1922107267,THRIFT DRUG INC,1021 FIRST AVENUE,,CONWAY,PA,150271666,7248692369,MANAGER ONLINE ADJUDICATION,3336C0003X,tier_1_primary_pharmacy,Y,Y,
1659470995,THRIFT DRUG INC,927 PAOLI PIKE,,WEST CHESTER,PA,193804527,6106960818,MANAGER ONLINE ADJUDICATION,3336C0003X,tier_1_primary_pharmacy,Y,Y,
1568561801,THRIFT DRUG INC,3331 PLEASANT VALLEY BOULEVARD,,ALTOONA,PA,166024311,8149421081,MANAGER ONLINE ADJUDICATION,3336C0003X,tier_1_primary_pharmacy,Y,Y,
1477652717,THRIFT DRUG INC,4145 BUFFALO ROAD,,ERIE,PA,165102109,8148996924,MANAGER ONLINE ADJUDICATION,3336C0003X,tier_1_primary_pharmacy,Y,Y,
1386743623,THRIFT DRUG INC,832 NORTH LANSDOWNE AVENUE,,DREXEL HILL,PA,190261526,6104497188,MANAGER ONLINE ADJUDICATION,3336C0003X,tier_1_primary_pharmacy,Y,Y,
1821197161,THRIFT DRUG INC,2962 SAINT LAWRENCE AVENUE,,READING,PA,196062233,6107793120,MANAGER ONLINE ADJUDICATION,3336C0003X,tier_1_primary_pharmacy,Y,Y,
1649379983,THRIFT DRUG INC,1777 NORTH KEYSER AVENUE,,SCRANTON,PA,185081215,5703462087,MANAGER ONLINE ADJUDICATION,3336C0003X,tier_1_primary_pharmacy,Y,Y,
1558460899,THRIFT DRUG INC,200 WEST RIDGE PIKE,SUITE 112,CONSHOHOCKEN,PA,194283702,6108281274,MANAGER ONLINE ADJUDICATION,3336C0003X,tier_1_primary_pharmacy,Y,Y,
1467551705,THRIFT DRUG INC,510 WESTERLY PARKWAY,,STATE COLLEGE,PA,168015905,8142381862,MANAGER ONLINE ADJUDICATION,3336C0003X,tier_1_primary_pharmacy,Y,Y,
1376642611,THRIFT DRUG INC,5235 LIBRARY ROAD,,BETHEL PARK,PA,151022714,4128545760,MANAGER ONLINE ADJUDICATION,3336C0003X,tier_1_primary_pharmacy,Y,Y,
1699874941,THRIFT DRUG INC,1236 LONG RUN ROAD,,WHITE OAK,PA,151312419,4126782755,MANAGER ONLINE ADJUDICATION,3336C0003X,tier_1_primary_pharmacy,Y,Y,
1043319395,THRIFT DRUG INC,315 E LANCASTER AVE,,WAYNE,PA,190874201,6106886033,MANAGER ONLINE ADJUDICATION,3336C0003X,tier_1_primary_pharmacy,Y,Y,
1659470904,THRIFT DRUG INC,920 WILKES BARRE TOWNSHIP BOULEVARD,,WILKES BARRE,PA,187026162,5708238730,MANAGER ONLINE ADJUDICATION,3336C0003X,tier_1_primary_pharmacy,Y,Y,
1568561819,THRIFT DRUG INC,7700 CRITTENDEN STREET,,PHILADELPHIA,PA,191184421,2152428022,MANAGER ONLINE ADJUDICATION,3336C0003X,tier_1_primary_pharmacy,Y,Y,
1477652725,THRIFT DRUG INC,31 NORTH JEFFERSON STREET,,NEW CASTLE,PA,161013903,7246520981,MANAGER ONLINE ADJUDICATION,3336C0003X,tier_1_primary_pharmacy,Y,Y,
1295834554,THRIFT DRUG INC,1039 SECOND STREET PIKE,,RICHBORO,PA,189541803,2153557177,MANAGER ONLINE ADJUDICATION,3336C0003X,tier_1_primary_pharmacy,Y,Y,
1104925460,THRIFT DRUG INC,4830 WILLIAM PENN HIGHWAY,,EXPORT,PA,156329262,7243278233,MANAGER ONLINE ADJUDICATION,3336C0003X,tier_1_primary_pharmacy,Y,Y,
1831298199,THRIFT DRUG INC,600 LINCOLN HIGHWAY,,FAIRLESS HILLS,PA,190301400,2152950150,MANAGER ONLINE ADJUDICATION,3336C0003X,tier_1_primary_pharmacy,Y,Y,
1740389006,THRIFT DRUG INC,1241 BLAKESLEE BOULEVARD DRIVE EAST,SUITE 2,LEHIGHTON,PA,182352401,5703865838,MANAGER ONLINE ADJUDICATION,3336C0003X,tier_1_primary_pharmacy,Y,Y,
1659470912,THRIFT DRUG INC,1513 EAST MAIN STREET,,WAYNESBORO,PA,172681890,7177629676,MANAGER ONLINE ADJUDICATION,3336C0003X,tier_1_primary_pharmacy,Y,Y,
1568561827,THRIFT DRUG INC,5990 UNIVERSITY BOULEVARD,SUITE 30,MOON TOWNSHIP,PA,151084229,4122622161,MANAGER ONLINE ADJUDICATION,3336C0003X,tier_1_primary_pharmacy,Y,Y,
1821197187,THRIFT DRUG INC,600 CHESTNUT AVENUE,,ALTOONA,PA,166014802,8149430545,MANAGER ONLINE ADJUDICATION,3336C0003X,tier_1_primary_pharmacy,Y,Y,
1811096175,THRIFT DRUG INC,2210 STATE HILL ROAD,,WYOMISSING,PA,196101904,6103781465,MANAGER ONLINE ADJUDICATION,3336C0003X,tier_1_primary_pharmacy,Y,Y,
1720187081,THRIFT DRUG INC,9910 FRANKFORD AVENUE,,PHILADELPHIA,PA,191141900,2158242700,MANAGER ONLINE ADJUDICATION,3336C0003X,tier_1_primary_pharmacy,Y,Y,
1457450710,THRIFT DRUG INC,602 CONTINENTAL BOULEVARD,,DANVILLE,PA,178211022,5702753524,MANAGER ONLINE ADJUDICATION,3336C0003X,tier_1_primary_pharmacy,Y,Y,
1366541625,THRIFT DRUG INC,3200 MARKET STREET,,CAMP HILL,PA,170114421,7177631181,MANAGER ONLINE ADJUDICATION,3336C0003X,tier_1_primary_pharmacy,Y,Y,
1508965864,THRIFT DRUG INC,4411 HOWLEY STREET,,PITTSBURGH,PA,152241509,4126219987,MANAGER ONLINE ADJUDICATION,3336C0003X,tier_1_primary_pharmacy,Y,Y,
1417056771,THRIFT DRUG INC,2401 EAST VENANGO STREET,,PHILADELPHIA,PA,191344620,2157438530,MANAGER ONLINE ADJUDICATION,3336C0003X,tier_1_primary_pharmacy,Y,Y,
1326147687,THRIFT DRUG INC,1650 LIMEKILN PIKE,,DRESHER,PA,190251114,2156284404,MANAGER ONLINE ADJUDICATION,3336C0003X,tier_1_primary_pharmacy,Y,Y,
1235238593,THRIFT DRUG INC,642 EASTON ROAD,,WARRINGTON,PA,189762017,2153432490,MANAGER ONLINE ADJUDICATION,3336C0003X,tier_1_primary_pharmacy,Y,Y,
1144329400,THRIFT DRUG INC,120 SOUTH MILL ROAD,,KENNETT SQUARE,PA,193483042,6104445332,MANAGER ONLINE ADJUDICATION,3336C0003X,tier_1_primary_pharmacy,Y,Y,
1871692137,THRIFT DRUG INC,780 ROUTE 113,,SOUDERTON,PA,189641004,2157230953,MANAGER ONLINE ADJUDICATION,3336C0003X,tier_1_primary_pharmacy,Y,Y,
1780783043,THRIFT DRUG INC,1535 WEST CHESTER PIKE,,WEST CHESTER,PA,193827705,6106922730,MANAGER ONLINE ADJUDICATION,3336C0003X,tier_1_primary_pharmacy,Y,Y,
1598864852,THRIFT DRUG INC,3120 CHICHESTER AVENUE,,BOOTHWYN,PA,190613251,6104942770,MANAGER ONLINE ADJUDICATION,3336C0003X,tier_1_primary_pharmacy,Y,Y,
1013016278,THRIFT DRUG INC,601 SOUTH 25TH STREET,,EASTON,PA,180455336,6102527405,MANAGER ONLINE ADJUDICATION,3336C0003X,tier_1_primary_pharmacy,Y,Y,
1659470813,THRIFT DRUG INC,5633 BAUM BOULEVARD,,PITTSBURGH,PA,152063778,4124416991,MANAGER ONLINE ADJUDICATION,3336C0003X,tier_1_primary_pharmacy,Y,Y,
1386743540,THRIFT DRUG INC,696 STONY HILL ROAD,,YARDLEY,PA,190674419,2153219143,MANAGER ONLINE ADJUDICATION,3336C0003X,tier_1_primary_pharmacy,Y,Y,
1376642538,THRIFT DRUG INC,115 PERRY HWY STE 146,,HARMONY,PA,160379205,7244526851,MANAGER ONLINE ADJUDICATION,3336C0003X,tier_1_primary_pharmacy,Y,Y,
1245339407,THRIFT DRUG INC,300 SOUTH FAYETTE STREET,,SHIPPENSBURG,PA,172571751,7175309111,MANAGER ONLINE ADJUDICATION,3336C0003X,tier_1_primary_pharmacy,Y,Y,
1689773848,THRIFT DRUG INC,1501 SCALP AVENUE,,JOHNSTOWN,PA,159043308,8142669631,MANAGER ONLINE ADJUDICATION,3336C0003X,tier_1_primary_pharmacy,Y,Y,
1033218292,THRIFT DRUG INC,1851 EAST STATE STREET,,HERMITAGE,PA,161481818,7249812800,MANAGER ONLINE ADJUDICATION,3336C0003X,tier_1_primary_pharmacy,Y,Y,
1619076882,THRIFT DRUG INC,135 SOUTH MARKET STREET,,NEW WILMINGTON,PA,161421201,7249463531,MANAGER ONLINE ADJUDICATION,3336C0003X,tier_1_primary_pharmacy,Y,Y,
1255430427,THRIFT DRUG INC,513 PERRY HIGHWAY,,PITTSBURGH,PA,152291820,4129317751,MANAGER ONLINE ADJUDICATION,3336C0003X,tier_1_primary_pharmacy,Y,Y,
1073612248,THRIFT DRUG INC,128 AIRPORT ROAD,,COATESVILLE,PA,193205800,6103842011,MANAGER ONLINE ADJUDICATION,3336C0003X,tier_1_primary_pharmacy,Y,Y,
1801996251,THRIFT DRUG INC,517 BEAVER STREET,,SEWICKLEY,PA,151431701,4127419250,MANAGER ONLINE ADJUDICATION,3336C0003X,tier_1_primary_pharmacy,Y,Y,
1710087168,THRIFT DRUG INC,200 MEMORIAL BOULEVARD,,CONNELLSVILLE,PA,15425,7246288460,MANAGER ONLINE ADJUDICATION,3336C0003X,tier_1_primary_pharmacy,Y,Y,
1073613428,THRIFT DRUG INC,6090 ROUTE 30,,GREENSBURG,PA,156011279,7248374180,MANAGER ONLINE ADJUDICATION,3336C0003X,tier_1_primary_pharmacy,Y,Y,
1982704334,THRIFT DRUG INC,3434 WILLIAM PENN HIGHWAY,,PITTSBURGH,PA,152355411,4128248860,MANAGER ONLINE ADJUDICATION,3336C0003X,tier_1_primary_pharmacy,Y,Y,
1215037668,THRIFT DRUG INC,6200 SALTSBURG ROAD,,PITTSBURGH,PA,152352066,4127980490,MANAGER ONLINE ADJUDICATION,3336C0003X,tier_1_primary_pharmacy,Y,Y,
1437259884,THRIFT DRUG INC,760 BROAD STREET,,MONTOURSVILLE,PA,17754,5703682629,MANAGER ONLINE ADJUDICATION,3336C0003X,tier_1_primary_pharmacy,Y,Y,
1669572012,THRIFT DRUG INC,200 GREATER BUTLER MART,,BUTLER,PA,160013283,7242827808,MANAGER ONLINE ADJUDICATION,3336C0003X,tier_1_primary_pharmacy,Y,Y,
1578663928,THRIFT DRUG INC,9773 ROOSEVELT BOULEVARD,,PHILADELPHIA,PA,191141010,2156730747,MANAGER ONLINE ADJUDICATION,3336C0003X,tier_1_primary_pharmacy,Y,Y,
1487754834,THRIFT DRUG INC,1915 1921 EAST CARSON STREET,,PITTSBURGH,PA,15203,4124818818,MANAGER ONLINE ADJUDICATION,3336C0003X,tier_1_primary_pharmacy,Y,Y,
1922108380,THRIFT DRUG INC,4534 BROADWAY BOULEVARD,,MONROEVILLE,PA,151464745,4123735420,MANAGER ONLINE ADJUDICATION,3336C0003X,tier_1_primary_pharmacy,Y,Y,
1386744746,THRIFT DRUG INC,331 PENN AVENUE,,WILKINSBURG,PA,152212133,4127319822,MANAGER ONLINE ADJUDICATION,3336C0003X,tier_1_primary_pharmacy,Y,Y,
1194825554,THRIFT DRUG INC,1130 PERRY HIGHWAY,,PITTSBURGH,PA,152372142,4123694267,MANAGER ONLINE ADJUDICATION,3336C0003X,tier_1_primary_pharmacy,Y,Y,
1336249796,THRIFT DRUG INC,4185 WASHINGTON ROAD,,MC MURRAY,PA,153172522,7249429111,MANAGER ONLINE ADJUDICATION,3336C0003X,tier_1_primary_pharmacy,Y,Y,
1083714331,THRIFT DRUG INC,1425 MAIN STREET,,PECKVILLE,PA,18452,5703839811,MANAGER ONLINE ADJUDICATION,3336C0003X,tier_1_primary_pharmacy,Y,Y,
1619077062,THRIFT DRUG INC,15TH AND ALLEN STREETS,,ALLENTOWN,PA,18102,6104322362,MANAGER ONLINE ADJUDICATION,3336C0003X|333600000X,tier_1_primary_pharmacy,Y,Y,
1417057720,THRIFT DRUG INC,200 CRAFTON INGRAM SHOPPING CENTER,,PITTSBURGH,PA,15205,4129215755,MANAGER ONLINE ADJUDICATION,3336C0003X,tier_1_primary_pharmacy,Y,Y,
1700986155,THRIFT DRUG INC,2501 SAW MILL RUN BOULEVARD,,PITTSBURGH,PA,152343110,4128820500,MANAGER ONLINE ADJUDICATION,3336C0003X,tier_1_primary_pharmacy,Y,Y,
1528168978,THRIFT DRUG INC,1465-15 WEST BROAD STREET,,QUAKERTOWN,PA,18951,2155367651,MANAGER ONLINE ADJUDICATION,3336C0003X,tier_1_primary_pharmacy,Y,Y,
1972603322,THRIFT DRUG INC,4630 PERKIOMEN AVENUE,,READING,PA,196063296,6107793266,SR MGR  THIRD PARTY ENROLLMENTS,3336C0003X,tier_1_primary_pharmacy,Y,Y,
1699875047,THRIFT DRUG INC,431 COMMONS DRIVE,,DUBOIS,PA,15801,8143714491,MANAGER ONLINE ADJUDICATION,3336C0003X,tier_1_primary_pharmacy,Y,Y,
1417057860,THRIFT DRUG INC,101 WALLACE AVENUE,,DOWNINGTOWN,PA,193352604,6108734725,MANAGER ONLINE ADJUDICATION,3336C0003X,tier_1_primary_pharmacy,Y,Y,
1326148776,THRIFT DRUG INC,2100 WASHINGTON PIKE,,CARNEGIE,PA,15106,4122767077,MANAGER ONLINE ADJUDICATION,3336C0003X,tier_1_primary_pharmacy,Y,Y,
1043310493,THRIFT DRUG INC,165 BUTLER ROAD,,KITTANNING,PA,162012329,7245432265,MANAGER ONLINE ADJUDICATION,3336C0003X,tier_1_primary_pharmacy,Y,Y,
1952401309,THRIFT DRUG INC,8775 NORWIN AVENUE,,NORTH HUNTINGDON,PA,156422718,7248639074,MANAGER ONLINE ADJUDICATION,3336C0003X,tier_1_primary_pharmacy,Y,Y,
1770683120,THRIFT DRUG INC,1520 N MAIN STREET EXT,,BUTLER,PA,160011546,7242828113,MANAGER ONLINE ADJUDICATION,3336C0003X,tier_1_primary_pharmacy,Y,Y,
1689774036,THRIFT DRUG INC,120 COUNTRY SIDE PLAZA,,MT PLEASANT,PA,15666,7245475590,MANAGER ONLINE ADJUDICATION,3336C0003X,tier_1_primary_pharmacy,Y,Y,
1497855845,THRIFT DRUG INC,6945 US 322,UNIT 509,CRANBERRY,PA,16319,8146770445,MANAGER ONLINE ADJUDICATION,3336C0003X,tier_1_primary_pharmacy,Y,Y,
1306946751,THRIFT DRUG INC,568 CASTE VILLAGE,,PITTSBURGH,PA,152361555,4128815650,MANAGER ONLINE ADJUDICATION,3336C0003X,tier_1_primary_pharmacy,Y,Y,
1114027562,THRIFT DRUG INC,1249 WEST CHESTER PIKE,,WEST CHESTER,PA,193825646,6106929244,MANAGER ONLINE ADJUDICATION,3336C0003X,tier_1_primary_pharmacy,Y,Y,
1023118478,THRIFT DRUG INC,547 W TRENTON AVE,,MORRISVILLE,PA,190673512,2157369501,MANAGER ONLINE ADJUDICATION,3336C0003X,tier_1_primary_pharmacy,Y,Y,
1932209384,THRIFT DRUG INC,5835 EASTON ROAD,,PLUMSTEADVILLE,PA,18949,2157667350,MANAGER ONLINE ADJUDICATION,3336C0003X,tier_1_primary_pharmacy,Y,Y,
1841390291,THRIFT DRUG INC,1701 DUNCAN AVENUE,,ALLISON PARK,PA,151012865,4123640588,MANAGER ONLINE ADJUDICATION,3336C0003X,tier_1_primary_pharmacy,Y,Y,
1730289042,THRIFT DRUG INC,2158 BROWNSVILLE ROAD,,PITTSBURGH,PA,15210,4128816439,MANAGER ONLINE ADJUDICATION,3336C0003X,tier_1_primary_pharmacy,Y,Y,
1982704201,THRIFT DRUG INC,3200 OREGON DRIVE,,LOWER BURRELL,PA,15068,7243396686,MANAGER ONLINE ADJUDICATION,3336C0003X,tier_1_primary_pharmacy,Y,Y,
1568562890,THRIFT DRUG INC,1008 LATROBE 30 SHOPPING CENTER,,LATROBE,PA,15650,7245393353,MANAGER ONLINE ADJUDICATION,3336C0003X,tier_1_primary_pharmacy,Y,Y,
1518067966,THRIFT DRUG INC,1396 WEST CHESTNUT STREET,,WASHINGTON,PA,153015803,7242280059,MANAGER ONLINE ADJUDICATION,3336C0003X,tier_1_primary_pharmacy,Y,Y,
1689775496,THRIFT DRUG INC,96 NORTH FLOWERS MILL ROAD,,LANGHORNE,PA,190471601,2157411330,SR MANAGER THIRD PARTY ENROLLMENTS,3336C0003X,tier_1_primary_pharmacy,Y,Y,
1598866311,THRIFT DRUG INC,5176 COLD SPRING CREAMERY ROAD,,DOYLESTOWN,PA,189021253,2154895481,MANAGER ONLINE ADJUDICATION,3336C0003X,tier_1_primary_pharmacy,Y,Y,
1437250339,THRIFT DRUG INC,469 WEST PENN AVENUE,,CLEONA,PA,170423140,7172282289,MANAGER ONLINE ADJUDICATION,3336C0003X,tier_1_primary_pharmacy,Y,Y,
1912008715,THRIFT DRUG INC,7345 SALTSBURG RD,,PENN HILLS,PA,152352222,4127982344,MANAGER ONLINE ADJUDICATION,3336C0003X,tier_1_primary_pharmacy,Y,Y,
1821199621,THRIFT DRUG INC,1430 BALTIMORE STREET,,HANOVER,PA,173318529,7176328833,MANAGER ONLINE ADJUDICATION,3336C0003X,tier_1_primary_pharmacy,Y,Y,
1730280538,THRIFT DRUG INC,13 EAST GAY STREET,,WEST CHESTER,PA,193803147,6106960409,MANAGER ONLINE ADJUDICATION,3336C0003X,tier_1_primary_pharmacy,Y,Y,
1649371444,THRIFT DRUG INC,361 SOUTH CEDAR CREST BOULEVARD,,ALLENTOWN,PA,181033600,6108217999,MANAGER ONLINE ADJUDICATION,3336C0003X,tier_1_primary_pharmacy,Y,Y,
1851492326,LOYER'S PHARMACY,66 N MAIN ST,,RED LION,PA,173561718,7172443422,OWNER,3336C0003X,tier_1_primary_pharmacy,Y,Y,
1891896791,THRIFT DRUG INC,818 ROUTE 15 NORTH,,DILLSBURG,PA,17019,7174320490,MANAGER ONLINE ADJUDICATION,3336C0003X,tier_1_primary_pharmacy,Y,Y,
1700987609,THRIFT DRUG INC,178 POINT PLAZA,,BUTLER,PA,160012540,7242855800,MANAGER ONLINE ADJUDICATION,3336C0003X,tier_1_primary_pharmacy,Y,Y,
1346341245,THRIFT DRUG INC,6542 H LOGAN SQUARE,,NEW HOPE,PA,18938,2158629228,MANAGER ONLINE ADJUDICATION,3336C0003X,tier_1_primary_pharmacy,Y,Y,
1255432159,THRIFT DRUG INC,3300 EAST MARKET STREET,,YORK,PA,174022619,7178400204,SR MANAGER TP PROVIDER ENROLLMENT,3336C0003X,tier_1_primary_pharmacy,Y,Y,
1164523064,THRIFT DRUG INC,2512 ISLAND AVENUE,,PHILADELPHIA,PA,19153,2159379665,MANAGER ONLINE ADJUDICATION,3336C0003X,tier_1_primary_pharmacy,Y,Y,
1952402752,THRIFT DRUG INC,623 SMITHFIELD STREET,,PITTSBURGH,PA,15222,4124718882,MANAGER ONLINE ADJUDICATION,3336C0003X,tier_1_primary_pharmacy,Y,Y,
1598856411,"EVERLONG PHARMACY, L.L.P.",99 N CHURCH ST,,CARBONDALE,PA,184072148,5702816141,OWNER,3336C0003X,tier_1_primary_pharmacy,Y,Y,
1346331022,FLAMINI PHARMACY INC,224 CLAREMONT AVE,,TAMAQUA,PA,182524434,5706683999,OWNER,333600000X|3336C0003X,tier_1_primary_pharmacy,Y,Y,
1821189440,"LACON'S PHARMACY, INC.",1336 POWELL ST,,NORRISTOWN,PA,194013324,6102790140,PRESIDENT/ PHARMACIST,3336C0003X,tier_1_primary_pharmacy,Y,Y,
1073604864,RINGS DRUG LTD,5814 RISING SUN AVE,,PHILADELPHIA,PA,191201126,2157454949,PRES,333600000X|3336C0003X,tier_1_primary_pharmacy,Y,Y,
1467543777,ORWIGSBURG APOTHECARY LLC,101 W MARKET ST,,ORWIGSBURG,PA,179611807,5703660381,OWNER,3336C0003X,tier_1_primary_pharmacy,Y,Y,
1972696318,MILES PHARMACY INC,845 GRAVEL PIKE,,COLLEGEVILLE,PA,194261641,6102876116,PRESIDENT,333600000X|3336C0003X,tier_1_primary_pharmacy,Y,Y,
1407949852,HERMITAGE PHARMACY LLC,1740 E STATE ST,,HERMITAGE,PA,161481862,7249838451,MEMBER,333600000X|3336S0011X|3336C0003X,tier_1_primary_pharmacy,Y,Y,
1316030760,MACKEYS PHARMACY INC,3537 W CHESTER PIKE,,NEWTOWN SQUARE,PA,190733701,6103561200,VICE PRESIDENT,3336C0003X|333600000X,tier_1_primary_pharmacy,Y,Y,
1225121676,QUIK-STOP PHARMACY OF BARLEY STATION INC,3506 LINCOLN HWY,,THORNDALE,PA,193721005,6103846100,PRESIDENT,333600000X|3336C0003X,tier_1_primary_pharmacy,Y,Y,
1063505402,RAMON PHARMACY INC,6218 BUSTLETON AVE,,PHILADELPHIA,PA,191493431,2155332233,PRESIDENT,3336M0003X|333600000X|3336C0003X,tier_1_primary_pharmacy,Y,Y,
1679667968,CARRIGANS COUNTRY PHARMACY INC,3 PINE POINT PLAZA,,ALBRIGHTSVILLE,PA,18210,5707228861,PHARMACY OWNER,333600000X|3336L0003X|3336C0003X,tier_1_primary_pharmacy,Y,Y,
1932293248,8TH STREET PHARMACY LLC,819 S 8TH ST,,PHILADELPHIA,PA,191472820,2155928888,PRESIDENT,3336C0003X,tier_1_primary_pharmacy,Y,Y,
1841384153,WRIGHTSTOWN PHARMACY,842 DURHAM RD,SUITE 22,NEWTOWN,PA,189409683,2155983771,OWNER PHARMACIST,3336C0004X|3336C0003X,tier_1_primary_pharmacy,Y,Y,
1396839601,AMERICUS PHARMACY INC.,723 N 19TH ST,,ALLENTOWN,PA,181044020,6104374874,OWNER AND PHARMACIST,333600000X|3336C0003X,tier_1_primary_pharmacy,Y,Y,
1457446460,J B MERRICK APOTHECARY INC,31 CRICKET AVE,,ARDMORE,PA,190030007,6106428900,REG PHARMACIST OWNER,3336C0003X,tier_1_primary_pharmacy,Y,Y,
1205922457,COLES PHARMACY,2 S MAIN STREET,,MANSFIELD,PA,169331508,5706622351,OWNER RPH,3336C0003X,tier_1_primary_pharmacy,Y,Y,
1861589509,LIVINGSTON PHARMACY INC.,550 MILLER AVE,,CLAIRTON,PA,150251744,4122337100,VICE PRESIDENT,333600000X,tier_1_primary_pharmacy,Y,Y,
1487741682,ABINGTON PHARMACY INC,1460 OLD YORK RD,,ABINGTON,PA,190012617,2158842767,PRES,333600000X|3336C0003X,tier_1_primary_pharmacy,Y,Y,
1710074919,EXPRESS SCRIPTS PHARMACY INC,11000 PARKER DR,,NORTH HUNTINGDON,PA,156421634,7247653000,ASSISTANT SECRETARY,333600000X|3336M0002X,tier_1_primary_pharmacy,Y,Y,
1811084031,ALTOONA UNION AVENUE PHARMACY,2411 8TH AVE,,ALTOONA,PA,166022105,8149442095,PRESIDENT,3336C0003X,tier_1_primary_pharmacy,Y,Y,
1063509941,CONCORDVILLE PHARMACY INC,790 E BALTIMORE PIKE,,CONCORDVILLE,PA,19331,6104592424,PHARMACY MANAGER,3336C0003X,tier_1_primary_pharmacy,Y,Y,
1467540153,PHILARX PHARMACY INC,7624 OGONTZ AVE,,PHILADELPHIA,PA,191501817,2152245411,OWNER,3336C0003X,tier_1_primary_pharmacy,Y,Y,
1558450544,"SLOAN'S PHARMACY, INC.",428 CLOVERLEAF RD,,ELIZABETHTOWN,PA,170229320,7176536888,PRESIDENT,3336C0003X,tier_1_primary_pharmacy,Y,Y,
1033207485,THRIFT DRUG INC,CHARTIERS AVENUE,,MCKEES ROCKS,PA,15136,4127714080,MANAGER ONLINE ADJUDICATION,3336C0003X,tier_1_primary_pharmacy,Y,Y,
1437247855,THRIFT DRUG INC,ROUTE 6 TIOGA PLAZA,,TUNKHANNOCK,PA,18657,5708362812,MANAGER ONLINE ADJUDICATION,3336C0003X,tier_1_primary_pharmacy,Y,Y,
1124116298,SPARTAN PHARMACY INC,3400 S PARK RD,,BETHEL PARK,PA,151021150,4128311333,OWNER,3336C0003X,tier_1_primary_pharmacy,Y,Y,
1487743035,FAMILY PHARMACY OF JESSUP INC,128 CONSTITUTION AVE,,JESSUP,PA,184341218,5703837311,PRESIDENT,333600000X|3336C0003X,tier_1_primary_pharmacy,Y,Y,
1295824845,FAIRMOUNT PHARMACY SERVICES LLC,1900 GREEN ST,SUITE 2F,PHILADELPHIA,PA,191303207,2155649300,MEMBER LLC PHARMACIST,3336S0011X|333600000X|3336L0003X,tier_1_primary_pharmacy,Y,Y,
1750470308,LORDS VALLEY VILLAGE PHARMACY INC,658 ROUTE 739,SUITE 5,HAWLEY,PA,184286086,5707759555,PRESIDENT,333600000X|3336C0003X,tier_1_primary_pharmacy,Y,Y,
1669561213,FAMILY PHARMACY OF ARCHBALD INC,4 KELLY ST,KENNEDY PLZ 1,ARCHBALD,PA,184031627,5708763312,PRESIDENT,333600000X|3336C0003X,tier_1_primary_pharmacy,Y,Y,
1669562385,CALLAGHAN'S PHARMACY INC,1262 LIBERTY ST,,FRANKLIN,PA,163231322,8144324125,PRESIDENT,3336C0003X,tier_1_primary_pharmacy,Y,Y,
1457431595,WEST VILLAGE PHARMACY INC,3901 CONSHOHOCKEN AVE,,PHILA,PA,191315430,2158792520,PHARMACIST OWNER,333600000X,tier_1_primary_pharmacy,Y,Y,
1689754079,WELLSPAN PHARMACY INC,4910 FAIRFIELD RD STE B,SUITE 2,FAIRFIELD,PA,173209510,7176428812,SENIOR PHARMACY MANAGER,333600000X|3336C0003X,tier_1_primary_pharmacy,Y,Y,
1760563720,SAINT THOMAS RX LLC,4495 LINCOLN WAY W,,SAINT THOMAS,PA,172529679,7173694636,LLC MEMBER/PIC,333600000X|3336C0003X,tier_1_primary_pharmacy,Y,Y,
1700967791,EVERETT PHARMACY INC.,108 E MAIN ST,,EVERETT,PA,155371258,8146525532,PHARMACIST/MANAGER,3336C0003X,tier_1_primary_pharmacy,Y,Y,
1588746382,NOCCHIS PHARMACY LLC,500 CENTRE ST,,FREELAND,PA,182241902,5706362520,PRES,333600000X|3336C0003X,tier_1_primary_pharmacy,Y,Y,
1679655476,TIBBOTTS PHARMACY INC,1104 W HIGH ST,"STE1, KIMBALL PLAZA",EBENSBURG,PA,159311707,8144729390,OWNER,3336C0003X,tier_1_primary_pharmacy,Y,Y,
1669555017,"HEIGHTS PRESCRIPTION PHARMACY, INC",165 MARKET ST,,LEECHBURG,PA,156561334,7248421773,SECRETARY,3336C0003X,tier_1_primary_pharmacy,Y,Y,
1275616625,"BURRELL PHARMACY, INC",2889 LEECHBURG RD,,LOWER BURRELL,PA,150682542,7243341067,SECRETARY,3336C0003X,tier_1_primary_pharmacy,Y,Y,
1285717637,"HEIGHTS PRESCRIPTION PHARMACY, INC",224 LONGFELLOW ST STE 100,,VANDERGRIFT,PA,156901476,7245676615,SECRETARY,3336L0003X|3336C0003X,tier_1_primary_pharmacy,Y,Y,
1861575888,"SLOANS PHARMACY, INC.",2389 S MARKET ST,,ELIZABETHTOWN,PA,170229793,7173676367,PRESIDENT,3336C0003X,tier_1_primary_pharmacy,Y,Y,
1841373875,"SLOAN'S PHARMACY, INC.",2 COLLEGE AVE,,MOUNTVILLE,PA,175541546,7172857443,PRESIDENT,3336C0003X,tier_1_primary_pharmacy,Y,Y,
1003999053,THE SHEPHERDS HEALTH MART PHARMACY,415 DELAWARE AVE,,PORTLAND,PA,18351,5708977437,PROPRIETOR,3336C0003X,tier_1_primary_pharmacy,Y,Y,
1912080961,QUALITY PHARMACY LP,164 MEDICAL CENTER RD,SUITE E,CHICORA,PA,160252612,7244453027,PIC,3336C0003X,tier_1_primary_pharmacy,Y,Y,
1881777993,RX PARTNERS INC,115 NORTH 13TH STREET,,FRANKLIN,PA,16323,8144374555,PHARMACY MANAGER,3336C0003X,tier_1_primary_pharmacy,Y,Y,
1669555223,GDD PHARMACY SERVICES INC,2645 N 3RD ST,,HARRISBURG,PA,171102001,7172320400,PRES,333600000X|3336C0003X,tier_1_primary_pharmacy,Y,Y,
1619052123,"BURRELL PHARMACY, INC",1908 RIVER RD,,NORTH APOLLO,PA,15673,7244784061,SECRETARY,3336C0003X,tier_1_primary_pharmacy,Y,Y,
1063596708,THRIFT DRUG INC,100 SOUTH THIRD STREET,,CONNEAUT LAKE,PA,16316,8143822380,SR MANAGER THIRD PARTY ENROLLMENTS,3336C0003X,tier_1_primary_pharmacy,Y,Y,
1689759144,LECHS PHARMACY,415 MAIN STREET,,LACEYVILLE,PA,18623,5708698700,OWNER,333600000X|3336C0003X,tier_1_primary_pharmacy,Y,Y,
1346325636,MARUTI RX LLC,575 HORSHAM RD UNIT C20,,HORSHAM,PA,190440137,2156745050,OWNER/PIC,333600000X|3336C0003X|3336L0003X,tier_1_primary_pharmacy,Y,Y,
1801971718,BENSCREEK DRUG STORE,133 TIRE HILL RD,SUITE 140,JOHNSTOWN,PA,159057205,8142881800,"OWNER, PHARMACIST",333600000X,tier_1_primary_pharmacy,Y,Y,
1750467239,MCCRACKEN PHARMACY INC,595 E HIGH ST,,WAYNESBURG,PA,15370,7246275454,PRESIDENT,333600000X|3336C0003X,tier_1_primary_pharmacy,Y,Y,
1245316371,ALLIANCE PHARMACY COMPANY,1245 HIGHLAND AVE,,ABINGTON,PA,190013714,2154814318,MANAGER,3336C0003X,tier_1_primary_pharmacy,Y,Y,
1588741540,"ANDREW BROWN'S DRUG STORE, INC.",1502 PITTSTON AVE,,SCRANTON,PA,185051668,5703467319,VP OPERATIONS,333600000X,tier_1_primary_pharmacy,Y,Y,
1598842023,REDDON DRUG CO. INC.,25059 SR 11,,HALLSTEAD,PA,18822,5708792125,PHARMACY MANAGER,3336C0003X,tier_1_primary_pharmacy,Y,Y,
1578642526,STAUFFERS DRUG STORE LTD,149 E MAIN ST,,NEW HOLLAND,PA,175571227,7173559300,PRESIDENT,3336C0003X,tier_1_primary_pharmacy,Y,Y,
1386723054,SALEM CROSSROADS APOTHECARY LLC,195 SHEFFIELD DR STE B,,DELMONT,PA,156261744,7244685565,OWNER,333600000X|3336C0003X,tier_1_primary_pharmacy,Y,Y,
1821177510,SAVAGE FAMILY PHARMACY INC,604 EAST MAIN STREET,,WAYNESBORO,PA,17268,7177622915,OWNER,333600000X,tier_1_primary_pharmacy,Y,Y,
1528147295,MCKEAN STREET PHARMACY,2745 MCKEAN ST,,PHILADELPHIA,PA,191452513,2153344185,PRESIDENT,333600000X|3336C0003X,tier_1_primary_pharmacy,Y,Y,
1861561714,BOOTHWYN PHARMACY LLC,221 GALE LN,,KENNETT SQUARE,PA,193481735,8004767496,OWNER,333600000X|3336C0003X|3336H0001X|3336L0003X|3336S0011X|3336C0004X,tier_1_primary_pharmacy,Y,Y,
1386713014,QUEEN PHARMACY INC,625 S DUKE ST,,LANCASTER,PA,176024509,7173967844,OWNER PHCST,333600000X|3336C0003X,tier_1_primary_pharmacy,Y,Y,
1336218270,PRIMARY CARE PHARMACY SERVICES INC,2027 LEBANON CHURCH RD,,WEST MIFFLIN,PA,151222461,4126556445,CEO,3336C0003X,tier_1_primary_pharmacy,Y,Y,
1114096807,EVANS CITY DRUG STORE INC,201 E MAIN ST,,EVANS CITY,PA,160331219,7245384240,PRESIDENT,333600000X|3336C0003X,tier_1_primary_pharmacy,Y,Y,
1699845354,SRI GANESH PHARMACY OF HYNDMAN INC,138 WASHINGTON ST,,HYNDMAN,PA,15545,8148423201,VICE PRESIDENT,3336C0003X,tier_1_primary_pharmacy,Y,Y,
1730259458,TOWN & COUNTRY PHARMACY INC,2209 FREEPORT RD,,NEW KENSINGTON,PA,150684848,7243352330,PRESIDENT,333600000X,tier_1_primary_pharmacy,Y,Y,
1942371059,"GROVE CITY PHARMACY, INC.",220 W MAIN ST,,GROVE CITY,PA,161271224,7244584155,OWNER,3336C0003X,tier_1_primary_pharmacy,Y,Y,
1003987686,CRESTWOOD PHARMACY,10 S MOUNTAIN BLVD,,MOUNTAIN TOP,PA,187071123,5704745859,"PARTNER, PHARMACIST",3336C0003X,tier_1_primary_pharmacy,Y,Y,
1619049764,BOERSTLERS PHARMACY,39 E ELIZABETH AVE,,BETHLEHEM,PA,180186505,6108665037,OWNER RPH,333600000X,tier_1_primary_pharmacy,Y,Y,
1770655680,BELSKI COMMUNITY PHARMACY INC,49 S OAK ST,,MOUNT CARMEL,PA,178512164,5703391460,OWNER,333600000X|3336L0003X|3336C0003X,tier_1_primary_pharmacy,Y,Y,
1811069529,"POTOMAC PHARMACY, INC.",1600 POTOMAC AVE,,PITTSBURGH,PA,152161980,4125318354,PRESIDENT,3336C0003X,tier_1_primary_pharmacy,Y,Y,
1972675767,SMATKO PHARMACY INC,1529 7TH AVE,,BEAVER FALLS,PA,150104121,7248432338,OWNER PHARMACIST,333600000X|3336C0003X,tier_1_primary_pharmacy,Y,Y,
1326110123,JJS PHARMACY INC,116 WALLACE AVE,,DOWNINGTOWN,PA,193352641,6108736141,3RD PARTY PLAN COORDINATOR,333600000X|3336C0003X,tier_1_primary_pharmacy,Y,Y,
1508939778,JCH PHARMACY SERVICES LLC,5924 TILGHMAN ST,SUITE A,ALLENTOWN,PA,18104,6103369033,OWNER,3336C0004X|3336C0003X,tier_1_primary_pharmacy,Y,Y,
1396819827,CARE FIRST PHARMACY SERVICES LLC,1015 N VINE ST,,BERWICK,PA,186032025,5708020160,PRESIDENT/CEO,3336L0003X|333600000X,tier_1_primary_pharmacy,Y,Y,
1851465389,FINDLEYS PHARMACY INC,136 W MAIN ST,,SOMERSET,PA,155012038,8144457939,OWNER,333600000X|3336C0003X,tier_1_primary_pharmacy,Y,Y,
1326112772,SOUTH MOUNTAIN PHARMACY,2441 W EMMAUS AVE,,ALLENTOWN,PA,181037234,6107913917,OWNER,333600000X,tier_1_primary_pharmacy,Y,Y,
1770657165,SHARBAUGH'S DRUG STORE INC,2073 PLANK RD,,CARROLLTOWN,PA,157226411,8143449950,OWNER PHCST,333600000X|3336C0003X,tier_1_primary_pharmacy,Y,Y,
1669547139,APOTHECARY SERVICES,1149 E LANCASTER AVE,,BRYN MAWR,PA,190102722,6105250927,OWNER,3336C0003X,tier_1_primary_pharmacy,Y,Y,
1770659500,NEWHARD PHARMACY INC,1001 MAIN ST,,NORTHAMPTON,PA,18067,6102626721,VICE PRESIDENT,333600000X,tier_1_primary_pharmacy,Y,Y,
1316013568,LOWERS PHARMACY INC,33 E MAIN ST,,EVERETT,PA,155371257,8146525633,OWNER,3336C0003X,tier_1_primary_pharmacy,Y,Y,
1225105356,"BELL APOTHECARY, INC.",4014 LANCASTER AVE,,PHILADELPHIA,PA,191041712,2153879100,ADMINISTRATOR,3336C0003X,tier_1_primary_pharmacy,Y,Y,
1093883969,FOULKEWAYS AT GWYNEDD PHARMACY INC,1120 MEETINGHOUSE RD.,,GWYNEDD,PA,19436,2152837057,PHARMACY MANAGER,3336C0003X|3336L0003X,tier_1_primary_pharmacy,Y,Y,
1326106444,"MAINLINE PHARMACY MURRYSVILLE, LLC",3907 OLD WILLIAM PENN HWY,,MURRYSVILLE,PA,156681833,7243276611,CFO,3336C0003X,tier_1_primary_pharmacy,Y,Y,
1447328687,RAPOPORT RX INC,6934 BUSTLETON AVE,,PHILADELPHIA,PA,191491805,2153331566,PRESIDENT,3336C0003X,tier_1_primary_pharmacy,Y,Y,
1356419592,G&A SOMERTON PHARMACY LLC,10806 BUSTLETON AVE,,PHILADELPHIA,PA,19116,2159699700,PIC,333600000X|3336C0003X,tier_1_primary_pharmacy,Y,Y,
1740348630,PLUMBS DRUG STORE CO,105 N ALLEGHENY ST,,BELLEFONTE,PA,168231626,8143553225,OWNER,333600000X|3336C0003X,tier_1_primary_pharmacy,Y,Y,
1962560565,SUBURBAN BUSTLETON PHARMACY INC.,10875 BUSTLETON AVENUE,,PHILADELPHIA,PA,191163301,2156730994,OWNER,3336C0003X,tier_1_primary_pharmacy,Y,Y,
1073672150,F B THOMAS DRUG STORE INC,327 MAIN ST,,MEYERSDALE,PA,155521035,8146348614,PRESIDENT,3336C0003X,tier_1_primary_pharmacy,Y,Y,
1386703924,STANTON NEGLEY DRUG CO,804 N NEGLEY AVE,,PITTSBURGH,PA,152061504,4126613315,PHARMACY MANAGER,3336C0003X|333600000X,tier_1_primary_pharmacy,Y,Y,
1730248279,STEELTON PHARMACY LLC,15 N FRONT ST,,STEELTON,PA,17113,7179851300,DIRECTOR,3336C0003X,tier_1_primary_pharmacy,Y,Y,
1699835942,MILAN PHARMACY INC,2100 W CAMBRIA ST,,PHILADELPHIA,PA,191322632,2152262000,MGR,3336C0003X,tier_1_primary_pharmacy,Y,Y,
1174683809,NORRY PHARMACY,125 DUKE ST,,NORTHUMBERLAND,PA,178571910,5704731126,PHARMACIST,3336C0003X,tier_1_primary_pharmacy,Y,Y,
1912067778,SHADE MOUNTAIN PHARMACY LLC,9627 ROUTE 35 STE 20,,MT PLEASANT MILLS,PA,178538409,5705392050,OWNER,3336C0003X,tier_1_primary_pharmacy,Y,Y,
1023178266,ICKES DRUG STORE,122 S JULIANA ST,,BEDFORD,PA,155221301,8146235615,OWNER,333600000X|3336C0003X,tier_1_primary_pharmacy,Y,Y,
1932269172,MIKES PHARMACY,543 WEST FRANKLIN STREET,,WOMELSDORF,PA,19567,6106283895,PHARMACIST/OWNER,333600000X|3336C0004X,tier_1_primary_pharmacy,Y,Y,
1104987924,BURHENNS PHARMACY INC,861 E 38TH ST,,ERIE,PA,165041768,8148248224,VICE PRESIDENT,333600000X|3336C0003X,tier_1_primary_pharmacy,Y,Y,
1336200187,RURAL HEALTH CORP PHARMACY,2888 SR 29 S,SUITE 2,MONROE TWP,PA,18636,5702982121,CFO,3336C0003X,tier_1_primary_pharmacy,Y,Y,
1922160548,PALMER PHARMACY LLC,738 LITTLE DEER CREEK VALLEY ROAD,,RUSSELLTON,PA,150760029,7242651632,OWNER,333600000X|3336C0003X,tier_1_primary_pharmacy,Y,Y,
1528120037,ORBY PHARMACY INC,626 WATER ST,SUITE 3,ORBISONIA,PA,17243,8144473934,PRESIDENT,3336C0003X,tier_1_primary_pharmacy,Y,Y,
1184787889,CHESTNUT RIDGE PHARMACY LLC,2262 QUAKER VALLEY RD,,FISHERTOWN,PA,15539,8148399950,OWNER,3336C0003X,tier_1_primary_pharmacy,Y,Y,
1528121951,MGM PHARMACY INC,39 CARLISLE ROAD,,NEWVILLE,PA,172419703,7177763182,PHARMACIST OWNER,333600000X,tier_1_primary_pharmacy,Y,Y,
1215090824,BRANDYWINE PHARMACY LLC,2503 CONESTOGA AVE,,HONEY BROOK,PA,193441088,6102733900,PRESIDENT OWNER,3336C0004X|3336C0003X,tier_1_primary_pharmacy,Y,Y,
1104980952,SHREE PHARMACY LLC,5604 N BROAD ST,,PHILADELPHIA,PA,191412306,2159270224,OWNER/PHARMACIST IN CHARGE,3336C0003X,tier_1_primary_pharmacy,Y,Y,
1801951223,HAMILTON PARK PHARMACY,1901 W HAMILTON ST,,ALLENTOWN,PA,181046459,6107761311,OWNER,333600000X|3336C0003X,tier_1_primary_pharmacy,Y,Y,
1497810782,PAOLI APOTHECARY LLC,255 W. LANCASTER AVE,MOB 1 STE. 107,PAOLI,PA,19301,6102512295,PHARMACY MANAGER/OWNER,333600000X|3336C0003X,tier_1_primary_pharmacy,Y,Y,
1558427435,JANOS PHARMACY ENTERPRISE INC,704 MAIN ST,,FREELAND,PA,182241915,5706361400,PRESIDENT,333600000X|3336C0003X,tier_1_primary_pharmacy,Y,Y,
1982760252,BROCKIE SELECT RX LLC,275 N PINE ST,STE B,LANGHORNE,PA,190471621,2157578553,PRESIDENT/ CEO,333600000X|3336L0003X,tier_1_primary_pharmacy,Y,Y,
1043377377,DIERKENS PHARMACY,246 W MAIN ST,,MONONGAHELA,PA,150632443,7242585530,OWNER,3336C0003X,tier_1_primary_pharmacy,Y,Y,
1346399615,"ROADWAY PHARMACY, INC.",6858 ROUTE 711,SUITE 3,SEWARD,PA,159543130,8144465536,PHARMACIST,3336L0003X|3336C0003X,tier_1_primary_pharmacy,Y,Y,
1215087242,"GEISINGER PHARMACY, LLC",10 GATEWAY DR,,REEDSVILLE,PA,170849641,7173639315,VP ENTERPRISE PHARMACY,333600000X|3336C0003X,tier_1_primary_pharmacy,Y,Y,
1427109883,ROGER J. FEURA BRADFORD PHARMACY,55 MAIN STREET,,BRADFORD,PA,167012019,8143626521,OWNER/PHARMACIST,3336C0003X,tier_1_primary_pharmacy,Y,Y,
1710038039,"WELLSPAN PHARMACY, INC.",1001 S GEORGE ST,,YORK,PA,174033676,7178512712,SENIOR PHARMACY MANAGER,333600000X|3336C0003X,tier_1_primary_pharmacy,Y,Y,
1184775306,PRECISION CARE PHARMACY,1906 DAILEY AVE,,LATROBE,PA,156503030,7245322120,VICE PRESIDENT,333600000X|3336L0003X,tier_1_primary_pharmacy,Y,Y,
1871645580,"WELLSPAN PHARMACY, INC",25 MONUMENT RD,SUITE 265,YORK,PA,174035060,7177418151,SENIOR PHARMACY MANAGER,333600000X|3336C0003X,tier_1_primary_pharmacy,Y,Y,
1215088208,PRIMARY CARE PHARMACY SERVICES INC,2550 MOSSIDE BLVD,STE 210,MONROEVILLE,PA,151463540,4123805230,OWNER PHCST,333600000X|3336C0003X,tier_1_primary_pharmacy,Y,Y,
1790836559,"CENTER PHARMACY OF ERIE AVE., INC",516 W ERIE AVE,,PHILADELPHIA,PA,191404535,2152250998,PRESIDENT,3336C0003X,tier_1_primary_pharmacy,Y,Y,
1568513349,BERGMAN PHARMACY,970 TOWN CENTER DR REAR C15,,LANGHORNE,PA,190474405,2157524860,PRES,3336C0004X|333600000X|3336C0003X,tier_1_primary_pharmacy,Y,Y,
1013069756,KESHAV RX LLC,89 S MAIN ST,,MOUNTAIN TOP,PA,187071920,5704746520,OWNER,3336C0003X,tier_1_primary_pharmacy,Y,Y,
1356492177,"WELLSPAN PHARMACY, INC",3460 BIGLERVILLE ROAD,,BIGLERVILLE,PA,17307,7176776600,"DIRECTOR - WELLSPAN PHARMACY, INC.",3336C0003X|333600000X,tier_1_primary_pharmacy,Y,Y,
1104978584,HEALTHY COMMUNITY PHARMACY,160 ROOSEVELT AVE,SUITE 102,YORK,PA,174013378,7178123020,DIRECTOR - WELLSPAN PHARMACY INC.,333600000X|3336C0003X,tier_1_primary_pharmacy,Y,Y,
1710030598,"WILLIAMS APOTHECARY, INC.",201 E CHESTNUT ST,,LANCASTER,PA,176022705,7173933814,PRESIDENT,3336C0003X,tier_1_primary_pharmacy,Y,Y,
1588716500,"I & A BELLS PHARMACY, LLC",8508 BUSTLETON AVE,,PHILADELPHIA,PA,191521204,2157455700,PHARMACIST,3336C0003X,tier_1_primary_pharmacy,Y,Y,
1295888345,PLEASANT HILLS APOTHECARY,25 GILL HALL RD,,CLAIRTON,PA,150253004,4126537566,PHARMACIST AND OWNER,333600000X|3336C0004X|3336C0003X,tier_1_primary_pharmacy,Y,Y,
1598819948,FRANKLIN PA PHARMACY LLC,102 E ATLANTIC AVE,,FRANKLIN,PA,163232364,8144379111,MEMBER,333600000X|3336C0003X,tier_1_primary_pharmacy,Y,Y,
1215082474,PAUL B MACDONALD'S PHARMACY INC,214 PEACH ORCHARD RD STE 100,,MC CONNELLSBURG,PA,172338559,7174853622,COOWNER AND PHARMACIST,3336C0003X,tier_1_primary_pharmacy,Y,Y,
1013063916,HOLLY PHARMACY INC,31 N BALTIMORE AVE,,MOUNT HOLLY SPRINGS,PA,170651302,7174865321,TREAS,333600000X|3336C0003X,tier_1_primary_pharmacy,Y,Y,
1225183460,1934 DELMAR PHARMACY INCORPORATED,1934 DELMAR,PHARMACY,FOLCROFT,PA,19032,4844948899,PRESIDENT,3336C0003X,tier_1_primary_pharmacy,Y,Y,
1376699603,SHAFER DRUG STORE,1328 GRAHAM AVE,,WINDBER,PA,159631708,8144674200,OWNER,3336C0003X,tier_1_primary_pharmacy,Y,Y,
1780720490,JOHNSONS PHARMACY OF HAZLETON INC,901 W 15TH ST,,HAZLETON,PA,182012783,5704555884,PRES,3336C0003X,tier_1_primary_pharmacy,Y,Y,
1134265564,CARE OPTIONS RX LLC,940 OAK OVAL,,MECHANICSBURG,PA,170558410,7177963611,CEO,3336C0003X,tier_1_primary_pharmacy,Y,Y,
1487791570,GARVEY'S PHARMACY,716 N FRANKLIN ST,,LANCASTER,PA,176022174,7173945619,PHARMACIST,3336C0003X,tier_1_primary_pharmacy,Y,Y,
1700922325,NOCKLEY FAMILY PHARMACY INC,1198 S MAIN ST,,HANOVER TOWNSHIP,PA,187064030,5702085500,OWNER,3336C0003X,tier_1_primary_pharmacy,Y,Y,
1376680736,ROANS PRESCRIPTION DRUG STORE,159 E MAIN ST,,PLYMOUTH,PA,186513018,5707799503,OWNER,3336C0003X,tier_1_primary_pharmacy,Y,Y,
1063550051,"POLARIS PHARMACY SERVICES OF WARRINGTON, LLC",1400 WAVERLY ROAD,,GLADWYNE,PA,19035,6106454848,"CORPORATE DIRECTOR OF COMPLIANCE, C",333600000X|3336L0003X,tier_1_primary_pharmacy,Y,Y,
1154469146,INNOVIANT PHARMACY,1800 BYBERRY RD,STE 1202,HUNTINGDON VALLEY,PA,190063518,2159478169,PRES,3336M0002X|333600000X|3336C0003X,tier_1_primary_pharmacy,Y,Y,
1619015674,"SBW PHARMACY, INC.",3676 N HERMITAGE RD STE 6,,TRANSFER,PA,161541852,7246461131,PRESIDENT,3336C0003X,tier_1_primary_pharmacy,Y,Y,
1841330396,NEW CARE PHARMACY,711 BUSTLETON PIKE,,FEASTERVILLE TREVOSE,PA,19053,2153577737,PHARMACIST PHARMACY MANAGER,3336C0003X,tier_1_primary_pharmacy,Y,Y,
1740320282,YOCUMS PHARMACY INC,1749 E BROAD ST,,HAZLETON,PA,18201,5704541135,MEMBER,333600000X|3336C0003X,tier_1_primary_pharmacy,Y,Y,
1962542050,CARERX PHARMACY LLC,2134 CHESTNUT ST,,PHILADELPHIA,PA,191033101,2155685330,OWNER,3336C0003X,tier_1_primary_pharmacy,Y,Y,
1285774646,BHS PHARMACY INC,118 DIAMOND ST,,PHILADELPHIA,PA,191221415,2157637080,OWNERMANAGERPHARMACIST,3336C0003X,tier_1_primary_pharmacy,Y,Y,
1245370394,PUBLIC DRUG RX LLC,6925 LUDLOW ST,,UPPER DARBY,PA,190822304,6103525015,OWNER,3336C0003X|333600000X,tier_1_primary_pharmacy,Y,Y,
1619018082,NAZARETH PHARMACY INC,19 S BROAD ST,,NAZARETH,PA,180642116,6107593240,PRES,3336C0003X|333600000X,tier_1_primary_pharmacy,Y,Y,
1194866319,LION PHARMACY INC,10 W BROADWAY,,RED LION,PA,173562195,7172444450,PIC/OWNER,3336C0003X,tier_1_primary_pharmacy,Y,Y,
1609917731,STEWARTS DRUG STORE,219 W MAHONING ST,,PUNXSUTAWNEY,PA,157671918,8149388570,OWNER,3336C0003X,tier_1_primary_pharmacy,Y,Y,
1073654018,RICHLAND PHARMACY INC.,5576 WILLIAM FLYNN HWY,,GIBSONIA,PA,150449379,7244433770,PRESIDENT,3336C0003X,tier_1_primary_pharmacy,Y,Y,
1295876217,GDD PHARMACY SERVICES INC,10 E POTTSVILLE ST,,PINE GROVE,PA,179631100,5703454422,PRES,333600000X|3336C0003X,tier_1_primary_pharmacy,Y,Y,
1770625287,NEW ROXY DRUG STORE INC,400 E GERMANTOWN PIKE,,LAFAYETTE HILL,PA,19444,6108285200,PRESIDENT,333600000X,tier_1_primary_pharmacy,Y,Y,
1033252523,"STERLING PHARMACY,INC.",547 WASHINGTON AVE,,JERMYN,PA,18433,5708764412,PRESIDENT,3336C0003X,tier_1_primary_pharmacy,Y,Y,
1427191584,SMITHGALL BROS CO PHARMACY,714 COLUMBIA AVE,,LANCASTER,PA,176033635,7173973688,OWNER,3336C0003X,tier_1_primary_pharmacy,Y,Y,
1831233048,ELKINS PARK PHARMACY INC.,7901 HIGH SCHOOL RD,,ELKINS PARK,PA,190272639,2157821336,PREDSIDENT,3336C0004X|3336C0003X|3336L0003X,tier_1_primary_pharmacy,Y,Y,
1487799482,OXFORD VALLEY PHARMACY INC.,403 S OXFORD VALLEY RD,,FAIRLESS HILLS,PA,190304202,2152697900,PRESIDENT,333600000X,tier_1_primary_pharmacy,Y,Y,
1255466116,JANOSIKS PHARMACY,122 6TH ST,,MONESSEN,PA,150621117,7246848600,OWNER PHARMACIST,3336C0003X,tier_1_primary_pharmacy,Y,Y,
1467587337,ND PHARMACY INC.,5012 OLD YORK RD,,PHILADELPHIA,PA,191412707,2153248477,OWNER,3336C0003X,tier_1_primary_pharmacy,Y,Y,
1841326113,"LOUGHRAN'S PHARMACY, INC.",500 PELLIS RD,,GREENSBURG,PA,156014506,7248372090,PRESIDENT,3336C0003X,tier_1_primary_pharmacy,Y,Y,
1275668758,"HOFFMAN'S DRUG STORE,INC.",536 FRANKLIN AVE,,ALIQUIPPA,PA,150013728,7243754111,PRESIDENT,3336C0003X,tier_1_primary_pharmacy,Y,Y,
1831224252,"CHICORA PHARMACY, LLC",100 W SLIPPERY ROCK ST,,CHICORA,PA,16025,7244452210,OWNER,3336C0003X,tier_1_primary_pharmacy,Y,Y,
1881720050,"EVERGREEN PHARMACY, P.C.",1222 WELSH RD,SUITE# C-1,NORTH WALES,PA,194542054,2153930902,OWNER,3336C0003X,tier_1_primary_pharmacy,Y,Y,
1548396955,P&K PHARMACY INC,100 E LANCASTER AVE,SUITE 12,WYNNEWOOD,PA,190963450,6106588640,OWNER AND PRESIDENT,333600000X|3336C0003X,tier_1_primary_pharmacy,Y,Y,
1487781837,WILLIAMS APOTHECARY INC,3001 LITITZ PIKE,,LANCASTER,PA,17606,7175608822,PRESIDENT,333600000X|3336C0003X|3336L0003X,tier_1_primary_pharmacy,Y,Y,
1811023229,WILLIAMS APOTHECARY INC,2001 HARRISBURG PIKE,,LANCASTER,PA,176012641,7173939314,PRES,3336C0003X|333600000X|3336L0003X,tier_1_primary_pharmacy,Y,Y,
1720114135,WILLIAMS APOTHECARY INC,1001 E OREGON RD,,LITITZ,PA,175439205,7175813950,PRES,3336C0003X|3336L0003X,tier_1_primary_pharmacy,Y,Y,
1336276591,HANOVER APOTHECARY INC.,310 STOCK ST,SUITE 1,HANOVER,PA,173312276,7176308835,ASSOCIATE COUNSEL,3336C0003X,tier_1_primary_pharmacy,Y,Y,
1902932312,RANIERS PHARMACY,1107 LOWRY AVE,,JEANNETTE,PA,156443030,7245277788,PRES,333600000X|3336C0003X,tier_1_primary_pharmacy,Y,Y,
1194852269,FRANKS PHARMACY,5360 LINCOLN HIGHWAY,,GAP,PA,17527,7174423100,RPH,3336C0003X,tier_1_primary_pharmacy,Y,Y,
1306973391,"VACCARE PHARMACY , INC",110 N MAIN ST,,GREENSBURG,PA,156012404,7248271260,PRESIDENT,3336C0003X,tier_1_primary_pharmacy,Y,Y,
1184751703,"WEST YORK PHARMACY, INC.",2241 W MARKET ST,,YORK,PA,174045516,7177929312,PRESIDENT,3336C0003X,tier_1_primary_pharmacy,Y,Y,
1346378262,RMH HEALTH CARE CENTER PHARMACY,1088 W BALTIMORE PIKE,SUITE 2102,MEDIA,PA,190635146,6108913154,PHARMACIST,3336C0003X,tier_1_primary_pharmacy,Y,Y,
1235267196,DOUG'S FAMILY PHARMACY,101 DARBY SQ,,ELVERSON,PA,195209303,6102860496,OWNER,3336C0003X,tier_1_primary_pharmacy,Y,Y,
1013046895,"DARLING APOTHECARY, LLC",36 DAVIS ST,,BRADFORD,PA,167012016,8143626200,DIRECTOR OF OPERATIONS,333600000X|3336C0003X,tier_1_primary_pharmacy,Y,Y,
1962532523,REESE PHARMACY LLC,8039 GERMANTOWN AVE,,PHILADELPHIA,PA,191183434,2152470335,PRESIDENT,3336C0003X,tier_1_primary_pharmacy,Y,Y,
1376674473,DAUPHIN PROFESSIONAL PHARMACY INC,722 ALLEGHENY ST,STE 1,DAUPHIN,PA,170188902,7179218921,PRESIDENT,333600000X|3336C0003X,tier_1_primary_pharmacy,Y,Y,
1548391469,WILLIAMS APOTHECARY INC,6 W NEWPORT RD,,LITITZ,PA,175437774,7176264499,PRESIDENT,333600000X|3336L0003X|3336C0003X,tier_1_primary_pharmacy,Y,Y,
1457482374,WILLIAMS APOTHECARY INC,600 WILLOW VALLEY SQ,,LANCASTER,PA,176024866,7174644200,PRESIDENT,333600000X|3336L0003X|3336C0003X,tier_1_primary_pharmacy,Y,Y,
1245362722,WILLIAMS VALLEY PHARMACY,672 MAIN ST,,LYKENS,PA,170481309,7176479523,MANAGER,3336C0003X,tier_1_primary_pharmacy,Y,Y,
1235261405,FOUNTAIN HILL PHARMACY INC,1049 BROADWAY,,FOUNTAIN HILL,PA,180154148,6108666737,PHARMACIST PRESIDENT,333600000X|3336C0003X|3336L0003X|3336M0002X|3336C0004X,tier_1_primary_pharmacy,Y,Y,
1871626515,TODAY'S DRUG INC,452 S MAIN ST,,PITTSBURGH,PA,152205541,4129281761,OWNER,3336C0003X,tier_1_primary_pharmacy,Y,Y,
1649304353,OAKS PHARMACY INC,1401 S 4TH ST,,PHILADELPHIA,PA,191475948,2154651414,PRES,333600000X|3336C0003X,tier_1_primary_pharmacy,Y,Y,
1710002993,PARSONS PHARMACY,209 GEORGE AVE,,WILKES BARRE,PA,187053030,5708220287,OWNER,333600000X|3336C0003X,tier_1_primary_pharmacy,Y,Y,
1538284732,SYNERGY PHARMACY SERVICES LLC,2500 BLVD OF THE GENERAL,,NORRISTOWN,PA,19403,6105395093,MANAGER,333600000X|3336C0003X|3336L0003X,tier_1_primary_pharmacy,Y,Y,
1346366879,"GEISINGER PHARMACY, LLC",620 BALTIMORE DR STE 100,,WILKES BARRE,PA,187027957,5702084721,DIRECTOR-RETAIL AND MAIL ORDER,333600000X|3336C0003X|3336S0011X,tier_1_primary_pharmacy,Y,Y,
1780701912,TUZZE'S PHARMACY,509 POPLAR ST,,MAYFIELD,PA,184331800,5708760740,RPH-OWNER,3336C0003X,tier_1_primary_pharmacy,Y,Y,
1235256157,"OTT AND MCHENRY PHARMACY , INC",102 MAIN ST,,BRADFORD,PA,167012023,8143623827,"OWNER, RPH",3336C0003X,tier_1_primary_pharmacy,Y,Y,
1669590758,MELWOOD DRUG COMPANY,4631 CENTRE AVE,,PITTSBURGH,PA,152131552,4126820434,"SECRETARY, TREASURER",333600000X,tier_1_primary_pharmacy,Y,Y,
1346368453,YAKIM'S COMPOUNDING PHARMACY,412 BROADWAY,,PITCAIRN,PA,151401447,4123723700,PHARMACY MANAGER,3336C0004X|3336C0003X,tier_1_primary_pharmacy,Y,Y,
1568580603,I & L EXPRESS PHARMACY LLC,9977 BUSTLETON AVE,,PHILADELPHIA,PA,191151557,2156770100,PHARMACIST,333600000X,tier_1_primary_pharmacy,Y,Y,
1700905098,PENN TAFT PHARMACY,1815 PENNSYLVANIA AVENUE,,WEST MIFFLIN,PA,151223998,4124660100,GENERAL PARTNER OWNER,3336C0003X,tier_1_primary_pharmacy,Y,Y,
1750401014,65TH & WOODLAND PHARMACY INC,6548 WOODLAND AVE,,PHILADELPHIA,PA,191422215,2157279501,PHARMACIST IN CHARGE,333600000X|3336C0003X,tier_1_primary_pharmacy,Y,Y,
1629199187,SMITHGALL PHARMACY,536 W LEMON ST,,LANCASTER,PA,176033323,7173976218,OWNER,3336C0003X,tier_1_primary_pharmacy,Y,Y,
1467573840,MILLERS PHARMACY INC,RT 6 FARM AND HOME PLAZA,,WYALUSING,PA,18853,5707461004,PHARMACY MANAGER/PRESIDENT,333600000X|3336L0003X|3336C0003X,tier_1_primary_pharmacy,Y,Y,
1376664755,MED CENTER PHARMACY,CLOY AVE EXTENSION,,TYRONE,PA,16686,8146844212,MANG,333600000X|3336C0003X,tier_1_primary_pharmacy,Y,Y,
1851414759,NEW GIRARD PHARMACY,4000 W GIRARD AVE,,PHILADELPHIA,PA,191041032,2153861594,PHARMACIST MANAGER,3336C0003X,tier_1_primary_pharmacy,Y,Y,
1619090024,"YOUR COMPOUNDING PHARMACY, LLC",280 INDIAN SPRINGS RD,SUITE 125,INDIANA,PA,157013676,7244639300,CEO,3336C0003X|3336C0004X|3336S0011X|3336H0001X,tier_1_primary_pharmacy,Y,Y,
1154544252,LIBERTY PHARMACY INC,1926 E WASHINGTON LN,,PHILADELPHIA,PA,191381230,2159274467,PRESIDENT,333600000X|3336C0003X,tier_1_primary_pharmacy,Y,Y,
1992920805,MIKES APOTHECARY INC,708 E WASHINGTON ST,,NEW CASTLE,PA,161014137,7246584557,OWNER PHARMACIST,3336C0003X,tier_1_primary_pharmacy,Y,Y,
1558587030,CHRISTIAN ST PHARMACY,1947 CHRISTIAN STREET,,PHILADELPHIA,PA,19146,2155453582,PHARMACIST,333600000X,tier_1_primary_pharmacy,Y,Y,
1376769869,BROAD ST PHARMACY,1412 S BROAD ST,,PHILADELPHIA,PA,19146,2157552010,OWNER RPH,333600000X,tier_1_primary_pharmacy,Y,Y,
1871710418,"CLAYSVILLE PHARMACY, LLC",575 HENDERSON AVE,,WASHINGTON,PA,153011901,7242251592,VP,3336C0003X,tier_1_primary_pharmacy,Y,Y,
1730308826,LIFESTREAM PHARMACY INC,847 EASTON RD,STE 2775,WARRINGTON,PA,189762906,2154910979,OWNER,333600000X|3336L0003X,tier_1_primary_pharmacy,Y,Y,
1639399330,SHEEHANS PHARMACY INC,79 E CAREY ST,,PLAINS,PA,187052007,5708233151,PRESIDENT,333600000X|3336C0003X,tier_1_primary_pharmacy,Y,Y,
1932329521,REDDON PHARMACY,400 TURNPIKE ST,,SUSQUEHANNA,PA,188471638,5708533945,PHARMACIST,3336C0003X,tier_1_primary_pharmacy,Y,Y,
1538380431,HEALTH ON SOUTH RX LLC,1631-33 SOUTH ST,,PHILADELPHIA,PA,191464401,2154969595,RPH,3336M0002X|3336C0003X,tier_1_primary_pharmacy,Y,Y,
1952523557,INSTITUTE HILL PHARMACY,937 E JEFFERSON ST,,BUTLER,PA,160012002,7242853693,PRESIDENT,3336C0003X,tier_1_primary_pharmacy,Y,Y,
1467674101,GETWELL PHARMACY,708 W GIRARD AVE,,PHILADELPHIA,PA,191231313,2156295566,VICE PRESIDENT,3336C0003X,tier_1_primary_pharmacy,Y,Y,
1316150741,GREEN PARK HEALTH LLC DBA TROY PHARMACY,1612 LOWRIE STREET,TROY PHARMACY,PITTSBURGH,PA,15212,4129042231,GENERAL MANAGER,3336C0003X|333600000X,tier_2_secondary_pharmacy,N,Y,
1336356526,ROBERTS PHARMACY,2377 HAVERFORD ROAD,,ARDMORE,PA,19003,6106424788,OWNER,333600000X,tier_2_secondary_pharmacy,N,Y,
1780888792,"MILL RUN APOTHECARY, INC",404 NORTH ST,,MEADVILLE,PA,163352562,8143376600,PHARMACIST,3336C0003X,tier_1_primary_pharmacy,Y,Y,
1427255892,"CORUS PHARMACY AND HEALTHCARE PRODUCTS, INC.",1246 TOWNSHIP LINE RD,,DREXEL HILL,PA,190265001,4844526390,VICE PRESIDENT,3336C0003X|3336H0001X,tier_1_primary_pharmacy,Y,Y,
1255531802,SAV-MOR PHARMACY INC,2232 S 7TH ST,,PHILADELPHIA,PA,191483261,2154671220,PHARMACIST/PRESIDENT,3336C0003X,tier_1_primary_pharmacy,Y,Y,
1003009606,"PLUS 1 RX, LLC",50 MOISEY DRIVE,SUITE 218,HAZLETON,PA,182029296,5705016610,VICE PRESIDENT,3336C0003X,tier_1_primary_pharmacy,Y,Y,
1316131881,SUSQUEHANNA HEALTH PHARMACY,740 HIGH ST,,WILLIAMSPORT,PA,177013102,5703212818,CFO,3336C0003X,tier_1_primary_pharmacy,Y,Y,
1134313588,UNITED PHARMACY UPPERDARBY INC,206B W CHELTEN AVE,,PHILADELPHIA,PA,191443803,2154383880,PRESIDENT,3336C0004X|3336C0003X,tier_1_primary_pharmacy,Y,Y,
1770777971,MED-FAST PHARMACY INC,RT 136 AND JANYCE DR,,GREENSBURG,PA,15601,7248508501,PRESIDENT,3336C0003X,tier_1_primary_pharmacy,Y,Y,
1902092240,KUBAS DRUG,508 8TH ST,,NEW KENSINGTON,PA,150686201,7243373515,OWNER PHARMACIST,3336C0003X,tier_1_primary_pharmacy,Y,Y,
1578750337,COMPLETE RX SERVICES INC,1840 MAYVIEW RD,STE 103,BRIDGEVILLE,PA,150171590,4123197290,OWNER,3336C0003X,tier_1_primary_pharmacy,Y,Y,
1902094428,PERRY DRUG STORES INC & SUBSIDIARIES,200 NEWBERRY COMMONS,,ETTERS,PA,173199363,7177612633,MANAGER ONLINE ADJUDICATION,3336C0003X,tier_1_primary_pharmacy,Y,Y,
1255520094,APEX DRUG STORES INC,200 NEWBERRY COMMONS,,ETTERS,PA,173199363,7177612633,MANAGER ONLINE ADJUDICATION,3336C0003X,tier_1_primary_pharmacy,Y,Y,
1851580161,ADVANCED PHARMACY INC,20 BAILEY AVE,,MT WASHINGTON,PA,152111728,4124812400,OWNER PHARMACIST,3336C0003X,tier_1_primary_pharmacy,Y,Y,
1043409212,HEALTHY KIDS RX LLC,10441 PERRY HWY,STE 16,WEXFORD,PA,150909292,7249345439,VP,3336C0003X,tier_1_primary_pharmacy,Y,Y,
1922297118,TANG PHARMACY II INC,5600 N 5TH ST,,PHILADELPHIA,PA,191202306,2152243333,OWNER,3336C0003X,tier_1_primary_pharmacy,Y,Y,
1205016300,INDEPENDENT RX INCORPORATED,2660 LEFEVRE ST,,PHILADELPHIA,PA,191372044,2155354111,PRESIDENT/OWNER,3336C0003X,tier_1_primary_pharmacy,Y,Y,
1992985519,CENTRAL PHARMACY INC,108 SIMPSON HOWELL RD,,ELIZABETH,PA,150372528,4127516100,OWNER,3336C0003X,tier_1_primary_pharmacy,Y,Y,
1174706493,MILLERSBURG PHARMACY DBA DALHERN PHARMACY,4372 STATE ROUTE 147,,HERNDON,PA,178307439,5707582042,VICE PRESIDENT,3336C0003X,tier_1_primary_pharmacy,Y,Y,
1386828937,GRUBERS PHARMACY,18 S BALTIMORE ST,,DILLSBURG,PA,170191227,7174325112,OWNER,3336C0003X,tier_1_primary_pharmacy,Y,Y,
1871777094,JANA PHARMACY INC.,413 EAST WYOMING AVE,,PHILADELPHIA,PA,19120,2153247040,OWNER & RPH,3336C0003X,tier_1_primary_pharmacy,Y,Y,
1336325265,"TRANSITION PHARMACY SERVICES, LLC",100 CORPORATE DR STE 2,,MONTGOMERYVILLE,PA,189369644,8666942553,VP REGULATORY AND LICENSING ADVISOR,3336S0011X|3336C0003X|333600000X,tier_1_primary_pharmacy,Y,Y,
1053597070,YOUR HOMETOWN PHARMACY INC,3106 BUFFALO RD,,ERIE,PA,165101772,8148982085,OWNER,333600000X|3336C0003X,tier_1_primary_pharmacy,Y,Y,
1447437934,ARMAN RX INC,172 N PINE ST,,LANGHORNE,PA,190472141,2157521100,PRESIDENT,3336C0003X,tier_1_primary_pharmacy,Y,Y,
1104004159,PAYLESS DRUG STORES NORTHWEST INC,200 NEWBERRY COMMONS,,ETTERS,PA,173199363,7177612633,MANAGER ONLINE ADJUDICATION,3336C0003X,tier_1_primary_pharmacy,Y,Y,
1093993388,BROAD AND GRANGE PHARMACY,5751 N BROAD ST,,PHILADELPHIA,PA,191412300,2154242611,PRESIDENT,3336C0003X,tier_1_primary_pharmacy,Y,Y,
1366610404,THRIFT DRUG INC,200 NEWBERRY COMMONS,,ETTERS,PA,173199363,7177612633,MANAGER ONLINE ADJUDICATION,3336C0003X,tier_1_primary_pharmacy,Y,Y,
1861660474,BIG SPRING PHARMACY INC,91 S HIGH ST,,NEWVILLE,PA,172411405,7177760288,TREASURER,333600000X|3336C0003X,tier_1_primary_pharmacy,Y,Y,
1255509667,SCHUYLKILL MEDICAL CENTER - EAST NORWEGIAN STREET PHARMACY,700 E NORWEGIAN ST,,POTTSVILLE,PA,179012710,5706215111,PRESIDENT & CHIEF EXECUTIVE OFFICER,3336C0002X|333600000X,tier_1_primary_pharmacy,Y,Y,
1801067129,OAK LANE PHARMACY INC,6724 OLD YORK RD,,PHILADELPHIA,PA,191262840,2159249929,OWNER,333600000X|3336C0003X,tier_1_primary_pharmacy,Y,Y,
1619149622,"ST. MARYS PHARMACY, INC.",190 N FRALEY ST STE 2,,KANE,PA,167351165,8148378500,CFO/SEC,3336C0003X,tier_2_secondary_pharmacy,N,Y,
1659544237,KLINGENSMITH DRUG INC,332 BROAD ST,,NEW BETHLEHEM,PA,162421004,8142753424,3RD PARTY BILLING ADMIN,3336C0003X|333600000X,tier_1_primary_pharmacy,Y,Y,
1649443938,TRADITIONAL APOTHECARY LLC,424 N SPRINGFIELD RD,,CLIFTON HEIGHTS,PA,190181304,4844614555,PRESIDENT,3336C0004X|3336S0011X|3336C0003X,tier_1_primary_pharmacy,Y,Y,
1992970768,GARDA RX LLC,1596 HANCOCK AVE,,APOLLO,PA,156138404,7245684144,OWNER,333600000X|3336L0003X,tier_1_primary_pharmacy,Y,Y,
1730354291,KLINGENSMITH'S DRUG STORES INC,401 FORD ST FL 2,,FORD CITY,PA,162261229,7247632750,PRESIDENT,333600000X,tier_1_primary_pharmacy,Y,Y,
1245497361,CROZER HEALTH PHARMACY,1 MEDICAL CENTER BLVD (GROUND FLOOR),,UPLAND,PA,19013,6104472850,SYSTEM OF DIRECTOR OF PHARMACY,3336C0003X|3336S0011X,tier_1_primary_pharmacy,Y,Y,
1699932855,NESHAMINY PHARMACY LLC,5417 NESHAMINY BLVD,,BENSALEM,PA,190201782,2157574557,PIC,3336C0003X,tier_1_primary_pharmacy,Y,Y,
1922265271,PHILADELPHIA PROFESSIONAL COMPOUNDING PHARMACY LLC,23 S YORK RD FRNT,,HATBORO,PA,190403231,2156728552,PARTNER,3336C0004X|3336C0003X,tier_1_primary_pharmacy,Y,Y,
1396904512,ADVANCED PHARMACY INC,524 BROOKLINE BLVD,,PITTSBURGH,PA,152262002,4125613180,OWNER/PHARMACIST,3336C0003X,tier_1_primary_pharmacy,Y,Y,
1265693063,WALNUT HILL PHARMACY LLC,150 WALNUT HILL RD,,UNIONTOWN,PA,154015090,7244387455,VP PRESIDENT,3336C0003X,tier_1_primary_pharmacy,Y,Y,
1124280946,EDC DRUG STORES INC,200 NEWBERRY COMMONS,,ETTERS,PA,173199363,7177612633,MANAGER OL ADJUDICATION,3336C0003X,tier_1_primary_pharmacy,Y,Y,
1730341520,THE LANE DRUG COMPANY,200 NEWBERRY COMMONS,,ETTERS,PA,173199363,7177612633,MANAGER OL ADJUDICATION,3336C0003X,tier_1_primary_pharmacy,Y,Y,
1255593059,MORRISVILLE PHARMACY INC,411 W TRENTON AVE,,MORRISVILLE,PA,190673510,2152951000,PRESIDENT,3336C0003X,tier_1_primary_pharmacy,Y,Y,
1073776803,MAXI DRUG SOUTH LP,200 NEWBERRY COMMONS,,ETTERS,PA,173199363,7177612633,MANAGER OL ADJUDICATION,3336C0003X,tier_1_primary_pharmacy,Y,Y,
1982867719,GENOVESE DRUG STORES INC,200 NEWBERRY COMMONS,,ETTERS,PA,173199363,7177612633,MANAGER OL ADJUDICATION,3336C0003X,tier_1_primary_pharmacy,Y,Y,
1568624377,MAXI DRUG INC,200 NEWBERRY COMMONS,,ETTERS,PA,173199363,7177612633,MANAGER OL ADJUDICATION,3336C0003X,tier_1_primary_pharmacy,Y,Y,
1972765709,MAXI DRUG NORTH INC,200 NEWBERRY COMMONS,,ETTERS,PA,173199363,7177612633,MANAGER OL ADJUDICATION,3336C0003X,tier_1_primary_pharmacy,Y,Y,
1114180585,"FRIENDLY CITY PHARMACY, INC",81 OSBORNE ST,,JOHNSTOWN,PA,159054130,8145397995,PIC / PRESIDENT,3336C0003X,tier_1_primary_pharmacy,Y,Y,
1578727137,"BENBROOK PHARMACY, LLC",100 TECHNOLOGY DRIVE,SUITE 1,BUTLER,PA,16001,7244826400,PARTNER,3336C0003X,tier_1_primary_pharmacy,Y,Y,
1720234586,HOLLIDAYSBURG PHARMACY LLC,510 BLAIR ST,,HOLLIDAYSBURG,PA,166481808,8146930270,PRES,3336C0003X,tier_1_primary_pharmacy,Y,Y,
1467609495,JACKSONS PHARMACY LLC,2423 BETTS AVE,,NORTHERN CAMBRIA,PA,15714,8149487400,PHARMACY MANAGER,3336C0003X,tier_1_primary_pharmacy,Y,Y,
1255588687,"OAK LANE PHARMACY, INC",6724 OLD YORK RD,,PHILA,PA,191262840,2159249929,PHARMACY MANAGER,3336C0003X,tier_1_primary_pharmacy,Y,Y,
1942458906,ATLANTIC PHARMACY,789 BUSTLETON PIKE,,RICHBORO,PA,189541353,2153556720,PRESIDENT,3336S0011X|3336C0003X|3336C0002X|3336L0003X|333600000X,tier_1_primary_pharmacy,Y,Y,
1528216520,FUTURE PHARMACY INC.,9831 BUSTLETON AVE,STE 6,PHILADELPHIA,PA,191153200,2156710980,PRESIDENT / MANAGER,333600000X|3336C0003X,tier_1_primary_pharmacy,Y,Y,
1043460405,REDDON DRUG CO. INC.,177 ERIE BLVD,,SUSQUEHANNA,PA,18847,5708534172,OWNER,3336C0003X,tier_1_primary_pharmacy,Y,Y,
1174775191,KBS PHARMACY INC,2112 STREET RD,,BENSALEM,PA,190203757,2152444244,PRESIDENT,333600000X|3336C0003X,tier_1_primary_pharmacy,Y,Y,
1609012863,BROWNSVILLE PHARMACY INC,27 MARKET ST,,BROWNSVILLE,PA,154171787,7247857095,OWNER,3336C0004X|3336C0003X,tier_1_primary_pharmacy,Y,Y,
1851538763,PHARMACY PARTNERSHIP 1 INC,1732 S BROAD ST,,PHILADELPHIA,PA,191452330,2158807905,OWNER/CEO,333600000X,tier_1_primary_pharmacy,Y,Y,
1699912501,PHILARX PHARMACY 1 INC,1742 SOUTH STREET,,PHILADELPHIA,PA,19146,2673245231,CEO,3336C0003X,tier_1_primary_pharmacy,Y,Y,
1699912543,PUNXSY HOMETOWN PHARMACY LLC,203 HAMPTON AVE,,PUNXSUTAWNEY,PA,157672133,8149389150,PHARMACY MANAGER/OWNER,333600000X|3336C0003X,tier_1_primary_pharmacy,Y,Y,
1902045255,BLANDON PHARMACY LLC,104 ANNA AVE,,BLANDON,PA,195109310,6109448899,MANAGER,3336C0003X,tier_1_primary_pharmacy,Y,Y,
1922247097,MAIN STREET DRUG STORE INC,108 E MAIN ST,,EVERETT,PA,155371258,8146525532,AUTHORIZED OFFICIAL,333600000X|3336C0004X|3336C0003X,tier_1_primary_pharmacy,Y,Y,
1386884567,STAUFFER'S DRUG STORE LTD,433 S KINZER AVE,,NEW HOLLAND,PA,175578736,7173556155,PHARMACIST,3336C0003X|333600000X,tier_1_primary_pharmacy,Y,Y,
1861634487,HILAND PHARMACY INC,231 BUTLER RD,,KITTANNING,PA,162011958,7245432504,PRESIDENT/OWNER,3336C0003X|333600000X,tier_1_primary_pharmacy,Y,Y,
1760624944,PENN-PRESBYTERIAN APOTHECARY,3910 POWELTON AVENUE,FIRST FLOOR,PHILADELPHIA,PA,191042692,2156629496,"MANAGER, OUTPATIENT PHARMACY",3336C0003X,tier_1_primary_pharmacy,Y,Y,
1063655389,PHARMACY OF AMERICA INC,1500 E ERIE AVE,,PHILADELPHIA,PA,191245642,2152899500,PHARMACY OPERATION SUPERVISOR,3336C0003X,tier_1_primary_pharmacy,Y,Y,
1386878429,BP PHARMACY INC,5701 CHESTNUT ST,,PHILADELPHIA,PA,19139,2153073609,OWNER,3336C0004X|3336S0011X|333600000X|3336C0003X,tier_1_primary_pharmacy,Y,Y,
1134353485,ERIC'S RX LLC,810 WELSH RD,,HORSHAM,PA,190441011,2156464800,PARTNER,333600000X|3336C0003X,tier_1_primary_pharmacy,Y,Y,
1497986657,BROAD STREET FAMILY PHARMACY,1416 S BROAD ST,,PHILADELPHIA,PA,191464861,2157552010,PRESIDENT,333600000X,tier_1_primary_pharmacy,Y,Y,
1013149988,COMMUNITY HOME PHARMACY INC,975 WHEELER AVE,,SCRANTON,PA,185101485,5709611936,PHARMACIST,333600000X,tier_1_primary_pharmacy,Y,Y,
1003048109,EMA CARE PHARMACY LLC,6433 RISING SUN AVE,,PHILADELPHIA,PA,191115228,2157450202,OWNER / MEMBER,333600000X|3336C0003X,tier_1_primary_pharmacy,Y,Y,
1578897120,CSB PHARMACY INC,1592 ROUTE 739,SUITE # 2,DINGMANS FERRY,PA,183283513,5708287494,PHARMACIST,3336C0003X,tier_1_primary_pharmacy,Y,Y,
1053646372,PHILLY PHARMACY LLC,210 MARKET ST,,PHILADELPHIA,PA,191062805,2156256668,DIRECTOR OF PHARMACY,3336C0003X,tier_1_primary_pharmacy,Y,Y,
1124353297,VIVA PHARMACY INC,171 W LEHIGH AVE,,PHILADELPHIA,PA,191333832,2154259520,OWNER,3336C0003X|333600000X,tier_1_primary_pharmacy,Y,Y,
1407184807,PRIMARY CARE PHARMACY SERVICES INC.,27 HECKEL ROAD,SUITE 110,MCKEES ROCKS,PA,15136,4127712149,PRESIDENT/CEO,3336C0002X|3336C0003X|333600000X,tier_1_primary_pharmacy,Y,Y,
1922336221,TANG PHARMACY III INC,6801 RISING SUN AVE,,PHILADELPHIA,PA,191113901,2157256555,OWNER,3336C0003X,tier_1_primary_pharmacy,Y,Y,
1548590516,NEW CASTLE APOTHECARY,1750 NEW BUTLER RD,SUITE B,NEW CASTLE,PA,161013184,4128947899,PHARMACY MANAGER,3336C0003X,tier_1_primary_pharmacy,Y,Y,
1093046856,COORDINATED PHARMACY SERVICES INC,3910 ADLER PLACE,STE 220,ALLENTOWN,PA,181042308,4848603131,PRESIDENT,333600000X|3336C0003X,tier_1_primary_pharmacy,Y,Y,
1427389261,CIRCLE PHARMACY,2853 HOLME AVE,,PHILADELPHIA,PA,191522118,2156771111,OWNER/PHARMACIST,333600000X|3336C0003X,tier_1_primary_pharmacy,Y,Y,
1114249166,PHARMACY PARTNERSHIP 2 INC,5700 N BROAD ST,,PHILADELPHIA,PA,191412308,2676877612,CEO,3336C0003X|333600000X,tier_1_primary_pharmacy,Y,Y,
1073835872,JAMES DRUG STORE-PORTAGE LLC,3692 PORTAGE ST,,PORTAGE,PA,159466540,8147138074,OWNER,333600000X,tier_1_primary_pharmacy,Y,Y,
1124344262,DARLING APOTHECARY LLC,115 MAIN ST,,TIDIOUTE,PA,163511062,8144847777,OWNER/PHARMACIST,3336C0003X|333600000X,tier_1_primary_pharmacy,Y,Y,
1215254305,TRACEMARK PHARMACY,4839 N BROAD ST,,PHILADELPHIA,PA,191412107,2153240800,PHARMACY OWNER,3336C0003X,tier_1_primary_pharmacy,Y,Y,
1083933469,WEATHERLY AREA COMMUNITY PHARMACY LLC,114 CARBON ST,,WEATHERLY,PA,182551435,5704274887,OWNER,333600000X|3336C0003X,tier_1_primary_pharmacy,Y,Y,
1639498942,BELLS MARKET PHARMACY CORP,8330 BUSTLETON AVE,,PHILADELPHIA,PA,191521909,2153426016,PHARMACY MANAGER,3336C0003X,tier_1_primary_pharmacy,Y,Y,
1316267255,WELSH PHARMACY LLC,1701 WELSH RD STE 4,,PHILADELPHIA,PA,191153172,2156137334,MEMBER,3336C0003X,tier_1_primary_pharmacy,Y,Y,
1154641066,NC PHARMACY INC,1112 S MILL ST,,NEW CASTLE,PA,161014629,7246565000,OWNER,333600000X|3336C0003X,tier_1_primary_pharmacy,Y,Y,
1124348933,A-1 PHARMACY INC,41 W BROAD ST,,SOUDERTON,PA,189641503,2674971064,PHARMACY MANAGER,3336C0003X,tier_1_primary_pharmacy,Y,Y,
1578883930,BROADWAY PHARMACY,848 BROADWAY,,HANOVER,PA,173312029,7176328070,OWNER,333600000X,tier_1_primary_pharmacy,Y,Y,
1275854085,SANKOFA PHARMACY INC,7223 RISING SUN AVE,,PHILADELPHIA,PA,191113926,2152683426,OWNER/PIC,3336C0003X,tier_1_primary_pharmacy,Y,Y,
1316259963,HEALTHFAVOR PHARMACY LLC,712 CHURCH LN,,YEADON,PA,190503503,4844619055,MANAGER,333600000X|3336C0003X,tier_1_primary_pharmacy,Y,Y,
1306159579,LIVE WELL PHARMACY LLC,2453 GRANT AVE,,PHILADELPHIA,PA,191141004,2154379255,OWNER/PIC/PHCY MGR,3336C0003X,tier_1_primary_pharmacy,Y,Y,
1770896714,STAUFFERS DRUG STORE LTD,147 E MAIN ST,,NEW HOLLAND,PA,175571227,7173559304,CEO,333600000X|3336L0003X,tier_1_primary_pharmacy,Y,Y,
1487967980,GIRARD AVENUE PHARMACY INC,1348-50 W GIRARD AVE,,PHILADELPHIA,PA,19123,2152361210,OWNER,333600000X|3336C0003X,tier_1_primary_pharmacy,Y,Y,
1295049625,PACKER APOTHECARY,1532 PACKER AVE,,PHILADELPHIA,PA,191455407,2679099814,MANANGER,333600000X,tier_1_primary_pharmacy,Y,Y,
1437464203,PHARMACY OF AMERICA II,5872 OXFORD AVE,,PHILADELPHIA,PA,191493722,2156137900,PHARMACY OPERATION SUPERVISOR,333600000X,tier_1_primary_pharmacy,Y,Y,
1760798359,WALNUT STREET APOTHECARY INC,1901 N 54TH ST,,PHILADELPHIA,PA,191313221,2152222400,OWNER,333600000X|3336C0003X,tier_1_primary_pharmacy,Y,Y,
1518273952,OVERBROOK PLAZA PHARMACY,5610 LANCASTER AVE,,PHILADELPHIA,PA,191313425,2159213656,PHARMACIST,3336C0003X,tier_1_primary_pharmacy,Y,Y,
1629384979,DELUXE DRUG STORES LLC,8749 FRANKFORD AVE,,PHILADELPHIA,PA,191362126,2159417689,PHARMACY MANAGER,3336C0003X,tier_1_primary_pharmacy,Y,Y,
1689981060,TAMAQUA PHARMACY LLC,626 CENTRE ST,,ASHLAND,PA,179211332,5708751300,EXECUTIVE MANAGING MEMBER,3336C0003X,tier_1_primary_pharmacy,Y,Y,
1376851048,LEHIGH VALLEY PHARMACY LLC,3055 W TILGHMAN ST,,ALLENTOWN,PA,181044256,6107701212,MANAGING MEMBER,3336C0003X,tier_1_primary_pharmacy,Y,Y,
1750699179,EVOLUTION PHARMACY SERVICE INC,401 LAUREL ST,,PITTSTON,PA,186403557,5705340995,PRESIDENT,333600000X|3336L0003X,tier_1_primary_pharmacy,Y,Y,
1053620641,DR PATEL PHARMACY,2228 W 9TH ST,,CHESTER TOWNSHIP,PA,190132402,4844839632,MEMBER,3336C0003X,tier_1_primary_pharmacy,Y,Y,
1588974786,MED-FAST PHARMACY INC,2003 SHEFFIELD RD,SUITE C,ALIQUIPPA,PA,150012758,8664446290,PRESIDENT,3336C0003X|3336C0004X,tier_1_primary_pharmacy,Y,Y,
1700186004,FOUR STAR PHARMACY,7028 ELMWOOD AVE,,PHILADELPHIA,PA,191421722,2153651088,PHARMACY MANAGER,3336C0003X,tier_1_primary_pharmacy,Y,Y,
1811298250,COLONIAL FAMILY PHARMACY LLC,3822 COLONIAL AVE,,ERIE,PA,165063826,8148350000,PHARMACY MANAGER/OWNER,3336C0003X,tier_1_primary_pharmacy,Y,Y,
1245532399,KEWAN PHARMACY,5656 CHEW AVE,,PHILADELPHIA,PA,191381742,2159291361,MEMBER,3336C0003X,tier_1_primary_pharmacy,Y,Y,
1255633319,BLESSED PHARMACY,2826 W GIRARD AVE,,PHILADELPHIA,PA,191301238,2157652983,DIRECOR,333600000X,tier_1_primary_pharmacy,Y,Y,
1760784730,VIP PHARMACY INC,7737 NEW FALLS RD,,LEVITTOWN,PA,190551013,2154867300,PRESIDENT,333600000X|3336C0003X,tier_1_primary_pharmacy,Y,Y,
1922300409,SMITHS PHARMACY II,841 E HUNTING PARK AVE,,PHILADELPHIA,PA,191244800,2155373000,PHARMACY MANAGER,3336C0003X,tier_1_primary_pharmacy,Y,Y,
1881997336,BREWERYTOWN RX INC,2621 W GIRARD AVE,,PHILADELPHIA,PA,191301333,2677738349,PHARMACY MANAGER,3336C0003X,tier_1_primary_pharmacy,Y,Y,
1720383920,MT AIRY FAMILY PHARMACY,5715 GERMANTOWN AVE,,PHILADELPHIA,PA,191442136,2152423814,PHARMACY MANAGER/CO-OWNER,3336C0003X,tier_1_primary_pharmacy,Y,Y,
1083910640,BELMONT PHARMACY LLC,3571 HULMEVILLE RD,,BENSALEM,PA,190204311,2156451527,PRESIDENT,333600000X|3336C0003X,tier_1_primary_pharmacy,Y,Y,
1245536176,HEALTH PLUS PHARMACY INC,805 W CHESTER PIKE,,HAVERTOWN,PA,190834416,6108532393,PRESIDENT,3336C0004X|3336H0001X|3336C0003X,tier_1_primary_pharmacy,Y,Y,
1114224193,HOMETOWN VILLAGE PHARMACY LLC,220 CLAREMONT AVE,SUITE #2,TAMAQUA,PA,182524460,5706681900,PHARMACIST/OWNER,3336L0003X|333600000X|3336C0003X,tier_1_primary_pharmacy,Y,Y,
1568760270,"RICCIO FAMILY PHARMACY, INC.",2217 BRISTOL PIKE STE 2,,BENSALEM,PA,190205720,2156396680,PRESIDENT,3336C0003X,tier_1_primary_pharmacy,Y,Y,
1487953402,HUNTING PARK PHARMACY,2001 W HUNTING PARK AVE,1ST FL,PHILADELPHIA,PA,191402813,2152260140,PHARMACY MANAGER,3336C0003X,tier_1_primary_pharmacy,Y,Y,
1437458478,PHARMACARE DISCOUNT PHARMACY,500 PENN ST STE B,,READING,PA,196021085,6013711010,PHARMACY MANAGER,3336C0003X,tier_1_primary_pharmacy,Y,Y,
1417246299,GOODWILL PHARMACY INC,2602 WILMINGTON RD,# 100,NEW CASTLE,PA,161051537,7242026297,DIRECTOR,3336S0011X|3336C0003X,tier_1_primary_pharmacy,Y,Y,
1356630875,TOPICAL APOTHECARY GROUP,780 PRIMOS AVE STE E,,FOLCROFT,PA,190322000,4844770700,OWNER,3336C0004X|3336C0003X,tier_1_primary_pharmacy,Y,Y,
1124318092,DORMONTS HOMETOWN PHARMACY INC,2897 W LIBERTY AVE,,PITTSBURGH,PA,152162619,4123069950,PRESIDENT,333600000X|3336C0003X,tier_1_primary_pharmacy,Y,Y,
1003107384,"GEISINGER PHARMACY, LLC",114 LT MICHAEL CLEARY DR,,DALLAS,PA,186121649,5702551167,VP ENTERPRISE PHARMACY,333600000X|3336C0003X,tier_1_primary_pharmacy,Y,Y,
1790076610,HENDRIX PHARMACY INC,11685 BUSTLETON AVE,,PHILADELPHIA,PA,191162542,2159693900,PHARMACIST,3336C0003X,tier_1_primary_pharmacy,Y,Y,
1356632913,CASTOR PHARMACY & SURGICAL SUPPLIES LLC,6449 CASTOR AVE,,PHILADELPHIA,PA,191492738,2672331758,VICE PRESIDENT/PHARMACY MGR,3336C0003X,tier_1_primary_pharmacy,Y,Y,
1972896173,"PHILLY PHARMACY II, LLC",9475 ROOSEVELT BLVD STE 12,,PHILADELPHIA,PA,191142212,2156256668,PHARMACY MANAGER,3336C0004X|3336S0011X|3336C0003X,tier_1_primary_pharmacy,Y,Y,
1417240367,FALLS DRUG STORE,3300 HENRY AVE STE 103,,PHILADELPHIA,PA,191291121,2673315421,OWNER,3336C0003X,tier_1_primary_pharmacy,Y,Y,
1659665271,GOODHEART PHARMACY INC,4835 WOODLAND AVE,,PHILADELPHIA,PA,191434433,2157243300,PHARMACIST INCHARGE,3336C0004X|333600000X|3336C0003X,tier_1_primary_pharmacy,Y,Y,
1508151226,SPARTAN PHARMACY INC.,3520 CLAIRTON BLVD,,BRENTWOOD,PA,152272720,4124405888,PRESIDENT,3336C0003X,tier_1_primary_pharmacy,Y,Y,
1023304805,DARLING APOTHECARY LLC,17 FOREST ST,,SUGAR GROVE,PA,163501401,8144897777,OWNER,333600000X|3336C0003X,tier_1_primary_pharmacy,Y,Y,
1760778740,A PLUS PHARMACY INC,13023 BUSTLETON AVE STE 1C,,PHILADELPHIA,PA,191161672,2677316163,PHARMACY MANAGER,333600000X|3336C0003X,tier_1_primary_pharmacy,Y,Y,
1336436237,GLAD RX LLC,216 N ROUTE 183,,SCHUYLKILL HAVEN,PA,179728828,5707397142,OWNER/PHARMACY MANAGER,3336C0003X,tier_1_primary_pharmacy,Y,Y,
1396032892,FRONT ST PHARMACY LLC,4823 N FRONT ST,,PHILADELPHIA,PA,191204213,2159604444,OWNER/MANAGING MEMBER,333600000X|3336C0003X,tier_1_primary_pharmacy,Y,Y,
1568750388,PETROLIA PHARMACY INC,296 CHURCH STREET,,PETROLIA,PA,16050,7247564050,OWNER,333600000X|3336C0003X,tier_1_primary_pharmacy,Y,Y,
1164710018,ADVANCED PHARMACY SERVICES LLC,220 S RIVER ST,,PLAINS,PA,187051137,5702080277,CEO,3336C0003X|3336C0004X|3336H0001X|3336S0011X|333600000X,tier_1_primary_pharmacy,Y,Y,
1871881573,ETHICAL FACTOR RX LLC,4213 BIRNEY AVE STE 4,,AVOCA,PA,186419523,5706063622,OWNER,3336C0003X|3336H0001X|333600000X|3336S0011X,tier_1_primary_pharmacy,Y,Y,
1073892014,MYBRAND-RX LLC,159 GIBRALTAR RD,,HORSHAM,PA,190442303,8558994084,PHARMACIST IN CHARGE,333600000X|3336M0002X,tier_1_primary_pharmacy,Y,Y,
1811276884,G&K PHARMACY LLC,4680 BROADWAY,,ALLENTOWN,PA,181043214,6103512666,OWNER,3336C0003X,tier_1_primary_pharmacy,Y,Y,
1659650018,ALBERTS PHARMACY INC,201 S MAIN ST STE 2,,PITTSTON,PA,186401621,5702995150,OWNER/PRESIDENT,333600000X|3336C0004X|3336C0003X,tier_1_primary_pharmacy,Y,Y,
1750661914,JJ PHARMACY INC,728 RED LION RD,,PHILADELPHIA,PA,191151307,2156988080,PHARMACIST IN CHARGE,333600000X|3336C0003X,tier_1_primary_pharmacy,Y,Y,
1558641373,MERCER PHARMACY INC,315 S ERIE ST STE 1,,MERCER,PA,161371555,7246621414,OWNER,333600000X|3336C0003X,tier_1_primary_pharmacy,Y,Y,
1891075537,CUSTOM CARE PHARMACY,57 S FRONT ST,,MILTON,PA,178471110,5702465700,PRESIDENT / PHARMACY MANAGER,3336C0004X|3336C0003X,tier_1_primary_pharmacy,Y,Y,
1922389840,ASPIRE RX LLC,5627 CHESTNUT ST # 99,,PHILADELPHIA,PA,191393201,2154741163,OWNER,333600000X|3336C0003X,tier_1_primary_pharmacy,Y,Y,
1093097206,SHADELAND PHARMACY LLC,403 SHADELAND AVE,,DREXEL HILL,PA,190261437,6106221630,MEMBER,3336L0003X|3336C0003X,tier_1_primary_pharmacy,Y,Y,
1093097362,E-Z CARE PHARMACY LLC,7622 OGONTZ AVE,,PHILADELPHIA,PA,191501817,2673318417,PHARMACY MANAGER,3336C0003X,tier_1_primary_pharmacy,Y,Y,
1225312952,PHARMDIRECT RX,2308 GRAYS FERRY AVE,P3,PHILADELPHIA,PA,191461177,2157320300,OWNER/PHARMACIST,3336C0003X,tier_1_primary_pharmacy,Y,Y,
1497039853,GRAND PLAZA PHARMACY INC,965 BRISTOL PIKE,,BENSALEM,PA,190208142,2154478277,MANAGER,3336C0003X,tier_1_primary_pharmacy,Y,Y,
1811271141,QRX PHARMACY AND HEALTHCARE SUPPLIES INC,7063 CASTOR AVE,,PHILADELPHIA,PA,191491712,2157253784,PRESIDENT,3336C0003X,tier_1_primary_pharmacy,Y,Y,
1609151877,VALUE SPECIALTY PHARMACY LLC,4200 INDUSTRIAL PARK DR,,ALTOONA,PA,166021737,8552658008,PHARMACIST IN CHARGE,3336S0011X|3336C0003X|3336L0003X|333600000X|3336C0002X,tier_1_primary_pharmacy,Y,Y,
1790061547,TANG PHARMACY IV INC,900 N BROAD ST,,PHILADELPHIA,PA,191301604,2152351400,PHARMACIST,333600000X|3336C0003X,tier_1_primary_pharmacy,Y,Y,
1841577699,CARE OPTIONS RX LLC,219 N BALTIMORE AVE,,MOUNT HOLLY SPRINGS,PA,170651204,8002669945,CHIEF OPERATING OFFICER,333600000X,tier_1_primary_pharmacy,Y,Y,
1821375338,METRO CARE PHARMACY INC,5238 CHESTER AVE,,PHILADELPHIA,PA,191434350,2157240120,PRESIDENT,3336C0003X,tier_1_primary_pharmacy,Y,Y,
1225315682,KREWSTOWN PHARMACY,9313 KREWSTOWN RD,,PHILADELPHIA,PA,191153710,2156737373,PRESIDENT & CEO,3336C0003X,tier_1_primary_pharmacy,Y,Y,
1093092447,PHILLY METRO PHARMACY LLC,25 E WALNUT LN,,PHILADELPHIA,PA,191442002,2673315626,OWNER,3336C0002X|333600000X|3336C0003X,tier_1_primary_pharmacy,Y,Y,
1558648857,COMMUNITY PHARMACY SERVICES LLC,5501 WOODLAND AVE,,PHILADELPHIA,PA,191435607,2157293912,CHIEF OPERATING OFFICER,333600000X|3336C0003X,tier_1_primary_pharmacy,Y,Y,
1003193228,MAKEFIELD TOWN PHARMACY LLC,99 MAKEFIELD RD,,YARDLEY,PA,190675943,2152955300,PHARMACY PRESIDENT,333600000X|3336C0003X,tier_1_primary_pharmacy,Y,Y,
1366719304,AMERICARE 1 PHARMACY,821 ADAMS AVE,SUITE# 12,PHILADELPHIA,PA,191242477,2158212720,PHARMACIST,3336C0003X,tier_1_primary_pharmacy,Y,Y,
1790052702,UPPER DARBY FAMILY PHARMACY LLC,6756 MARKET ST,,UPPER DARBY,PA,190822432,6103522121,PRESIDENT,3336C0003X,tier_1_primary_pharmacy,Y,Y,
1275800963,"RCL PHARMACY SERVICES, INC.",333 E LANCASTER AVE,,WYNNEWOOD,PA,190961929,6106425568,VICE PRESIDENT,3336C0003X,tier_1_primary_pharmacy,Y,Y,
1770850448,NEW PHARMACY LLC,4835 WOODLAND AVE # 1,,PHILADELPHIA,PA,191434433,2158830568,PHARMACY MANAGER,333600000X|3336C0003X,tier_1_primary_pharmacy,Y,Y,
1801163225,ALITONS PHARMACY HOME HEALTHCARE CENTERS OF MILFORD INC,111-113 ROUTE 6 ALITONS PLAZA,,MILFORD,PA,18337,8458568314,PRESIDENT,3336L0003X|3336C0003X,tier_1_primary_pharmacy,Y,Y,
1548537988,ALTOONA PHARMACY INC,620 HOWARD AVE,BLDG G SUITE 403,ALTOONA,PA,166014804,8142830602,OWNER,3336C0003X,tier_1_primary_pharmacy,Y,Y,
1821366121,ALLENTOWN PHARMACY INC,416 W TILGHMAN ST,,ALLENTOWN,PA,181022426,6103511900,OWNER,3336C0003X,tier_1_primary_pharmacy,Y,Y,
1275801458,MOMBA PHARMACY SERVICES LLC,1234 W MAIN ST,,MONONGAHELA,PA,150632830,7242585055,"SPECIALIST, CUSTOMER OPS SUPPORT",3336C0003X,tier_1_primary_pharmacy,Y,Y,
1972871093,"LAN APOTHECARY, INC",907 S 11TH ST,,PHILADELPHIA,PA,191473701,2159231469,PRESIDENT,3336C0003X,tier_1_primary_pharmacy,Y,Y,
1184993040,MAINLINE PHARMACY EBENSBURG LLC,3720 NEW GERMANY RD,,EBENSBURG,PA,159311862,8144729390,CFO,3336C0003X,tier_1_primary_pharmacy,Y,Y,
1144590399,CEDAR CARE PHARMACY LLC,543 S 52ND ST,,PHILADELPHIA,PA,191431532,2153073334,PHARMACY MANAGER,333600000X|3336C0003X,tier_1_primary_pharmacy,Y,Y,
1720358344,DEPIETROS PHARMACY LLC,617 3RD ST,,DUNMORE,PA,185122849,5702097440,PHARMACY MANAGER/OWNER,333600000X|3336C0003X,tier_1_primary_pharmacy,Y,Y,
1770854861,ALIXA RX LLC,1041 WASHINGTON PIKE,SUITE 100,BRIDGEVILLE,PA,150172704,4123194910,MANAGING MEMBER,333600000X|3336L0003X,tier_1_primary_pharmacy,Y,Y,
1013288992,KNIGHTS ROAD PHARMACY,2788 KNIGHTS RD,,BENSALEM,PA,190203570,2156381256,PHARMACY MANAGER,333600000X|3336C0003X,tier_1_primary_pharmacy,Y,Y,
1578835740,EDDYSTONE COMMUNITY PHARMACY,1207B CHESTER PIKE,,EDDYSTONE,PA,190221332,4844803341,PHARMACIST/OWNER,333600000X|3336C0004X|3336S0011X|3336C0003X,tier_1_primary_pharmacy,Y,Y,
1043583644,PHARMACY OF AMERICA III INC,217 W LEHIGH AVE,STORE #2,PHILADELPHIA,PA,191333421,2152797981,PRESIDENT/CEO,333600000X|3336C0003X,tier_1_primary_pharmacy,Y,Y,
1811260938,UNITED PHARMACY UPPER DARBY INC,206B W CHELTEN AVE,,PHILADELPHIA,PA,191443803,2154383880,PRESIDENT,333600000X,tier_1_primary_pharmacy,Y,Y,
1821362435,DISCOVER PHARMACY INC,6730 BUSTLETON AVE,,PHILADELPHIA,PA,19149,2153321111,PRESIDENT,333600000X|3336C0003X,tier_1_primary_pharmacy,Y,Y,
1124393970,FAMILY PHARMACY OF MOSCOW INC,330 N MAIN ST STE 202,,MOSCOW,PA,184449003,5708436369,PRESIDENT,333600000X|3336C0003X,tier_1_primary_pharmacy,Y,Y,
1427324482,CITY LINE PHARMACY LLC,150 MONUMENT RD STE 601C,,BALA CYNWYD,PA,190041701,6106647100,MANAGER,333600000X|3336C0003X,tier_1_primary_pharmacy,Y,Y,
1528325743,BIG OAK PHARMACY INC,364 W TRENTON AVE,SUITE C,MORRISVILLE,PA,190672004,2677975030,PRESIDENT,3336C0003X,tier_1_primary_pharmacy,Y,Y,
1811254493,SOUTHMOORE PHARMACY LLC,2453 PLAZA CT STE A,,BATH,PA,180148762,4842876337,PARTNER,3336C0003X,tier_1_primary_pharmacy,Y,Y,
1598023400,FOUR STAR PHARMACY II LLC,6542 LEBANON AVE,,PHILADELPHIA,PA,191513328,2158772400,PHARMACIST,333600000X|3336C0003X,tier_1_primary_pharmacy,Y,Y,
1558620773,MY PHARMACY LLC,20-24 N 40TH ST,,PHILADELPHIA,PA,19104,2152221288,OWNER/PHARMACIST-IN-CHARGE,3336C0003X,tier_1_primary_pharmacy,Y,Y,
1801155957,MARKET PHARMACY INC,3901 MARKET ST # 3,,PHILADELPHIA,PA,191043133,2153873900,VP,3336C0003X,tier_1_primary_pharmacy,Y,Y,
1992064737,SRI GANESH PHARMACY OF HYNDMAN INC,138 WASHINGTON ST,,HYNDMAN,PA,155457118,8148423201,CO-OWNER,333600000X|3336C0003X,tier_1_primary_pharmacy,Y,Y,
1457611691,TEPPER PHARMACY,333 E LANCASTER AVE,,WYNNEWOOD,PA,190961929,6106490390,PHARMACIST/OWNER,333600000X,tier_1_primary_pharmacy,Y,Y,
1265792048,COATESVILLE PHARMACY,270 E LINCOLN HWY,,COATESVILLE,PA,193203408,6103808520,PRESIDENT,3336C0003X,tier_1_primary_pharmacy,Y,Y,
1558622290,"CARIBBEAN PHARMACY, INC",3825 N 5TH ST,,PHILADELPHIA,PA,191403337,2152787711,PRESIDENT,3336C0003X,tier_1_primary_pharmacy,Y,Y,
1336400746,SPARTANSBURG PHARMACY LLC,317 MAIN ST,,SPARTANSBURG,PA,164341057,8146542333,OWNER/PHARMACY MANAGER,3336C0003X,tier_1_primary_pharmacy,Y,Y,
1487915856,TRISONS PHARMACY LLC,107 RUTGERS AVE # S-1,,SWARTHMORE,PA,190811731,4844726561,MANAGER,3336C0003X|333600000X|3336C0004X,tier_1_primary_pharmacy,Y,Y,
1497017461,INNOVATIVE PHARMACY LLC,2014 FORD RD STE B,,BRISTOL,PA,190076743,2678780492,MANAGING MEMBER,3336C0004X|333600000X|3336L0003X,tier_1_primary_pharmacy,Y,Y,
1538423298,WELFLEY PHARMACY INC,722 ALLEGHENY ST,STE 1,DAUPHIN,PA,170188902,7174748343,MANAGER,3336C0004X|3336C0003X,tier_1_primary_pharmacy,Y,Y,
1033473665,PPSCARE PHARMACY LLC,106 N HILLS AVE,1ST FLOOR,GLENSIDE,PA,190381607,2158855200,RPH,333600000X|3336C0003X,tier_1_primary_pharmacy,Y,Y,
1295099471,"JMK RX & WELLNESS, INC",849 E MAIN ST,,CLARION,PA,162141161,4193020701,PRESIDENT/PHARMACIST/MANAGER/OWNER,3336C0004X|3336H0001X|3336C0003X,tier_1_primary_pharmacy,Y,Y,
1205182870,DELAIRE PHARMACY LLC,9456 STATE RD,,PHILADELPHIA,PA,191143079,2673438741,PHARMACIST/STORE MANAGER,3336C0003X,tier_1_primary_pharmacy,Y,Y,
1295082709,READING PHARMACY,1220 CENTRE AVE,,READING,PA,196011458,6102360911,OWNER,3336C0004X|333600000X|3336C0003X,tier_1_primary_pharmacy,Y,Y,
1376891408,"POLARIS PHARMACY SERVICES OF WARRINGTON, LLC",125 TITUS AVENUE,,WARRINGTON,PA,18976,2674878900,"CORPORATE DIRECTOR OF COMPLIANCE, C",333600000X|3336I0012X,tier_1_primary_pharmacy,Y,Y,
1891043592,LUU DRUG STORES LLC,5805 RISING SUN AVE,,PHILADELPHIA,PA,191201125,2158212883,PHARMACY OWNER,3336C0003X,tier_1_primary_pharmacy,Y,Y,
1912256215,CHAMBERS RX LLC,278 LINCOLN WAY E,,CHAMBERSBURG,PA,172012234,7172630747,LLC MEMBER/PHARMACY MANAGER,333600000X|3336C0004X|3336C0003X,tier_1_primary_pharmacy,Y,Y,
1770834137,"MARTELLA'S PHARMACY OF WINDBER, LLC",901 GRAHAM AVE,,WINDBER,PA,159631542,8144679700,OWNER,3336C0003X,tier_1_primary_pharmacy,Y,Y,
1588917538,KEYSTONE PHARMACY,204 S 13TH ST,,HARRISBURG,PA,171043377,7172609620,OWNER,3336C0003X,tier_1_primary_pharmacy,Y,Y,
1023361631,"MINERSVILLE PHARMACY, INC.",106 SUNBURY ST,,MINERSVILLE,PA,179541443,5703995488,MANAGER,3336C0003X,tier_1_primary_pharmacy,Y,Y,
1578816187,SOUTH BETHLEHEM PHARMACY INC,817 E 4TH ST,,BETHLEHEM,PA,180151931,6104191581,MEMBER,333600000X,tier_1_primary_pharmacy,Y,Y,
1396099040,NOVA STAR PHARMACY INC,301 E GIRARD AVE,,PHILADELPHIA,PA,191253918,2157393900,PRESIDENT/CEO,333600000X|3336S0011X|3336C0003X,tier_1_primary_pharmacy,Y,Y,
1609120930,PHARMACY AT RIDGE & MIDVALE,4219 RIDGE AVE,,PHILADELPHIA,PA,191291745,2673856024,OWNER/PRESIDENT/CEO,3336C0003X,tier_1_primary_pharmacy,Y,Y,
1770827420,"FIRST CLASS PHARMACY, LLC",7316 FRANKFORD AVE,1ST FLOOR,PHILADELPHIA,PA,191363827,2153313361,PHARMACY MANAGER,3336C0003X,tier_1_primary_pharmacy,Y,Y,
1457695892,SMS RX INC,1602 - 1604 W ALLEN ST,,ALLENTOWN,PA,181022012,6104378800,PRESIDENT,333600000X|3336C0003X,tier_1_primary_pharmacy,Y,Y,
1669717369,APOTHECARY OF HARLEYSVILLE,345 MAIN ST STE 7,,HARLEYSVILLE,PA,194382420,2679328157,DIRECTOR OF OPERATIONS,3336C0004X|333600000X|3336C0003X,tier_1_primary_pharmacy,Y,Y,
1619212032,FISHTOWN PHARMACY LLC,1802 FRANKFORD AVE,,PHILADELPHIA,PA,191252403,2676877562,OWNER,3336C0004X|3336S0011X|3336C0003X,tier_1_primary_pharmacy,Y,Y,
1033455720,PLUMBS DRUG STORE CO.,105 N ALLEGHENY ST,,BELLEFONTE,PA,168231626,8143553225,OWNER,3336C0003X,tier_1_primary_pharmacy,Y,Y,
1932446911,CLARION PHARMACY INC,30 PINNACLE DR,,CLARION,PA,162143800,8142264015,OWNER,333600000X|3336C0003X,tier_1_primary_pharmacy,Y,Y,
1811234990,CUSTOM CARE PHARMACY,439 MARKET ST,,SUNBURY,PA,178012335,5704954950,PRESIDENT,3336C0003X,tier_1_primary_pharmacy,Y,Y,
1629315346,700 PHARMACY LLC,700 E TOWNSHIP LINE RD,,HAVERTOWN,PA,190835733,2155251100,CEO,333600000X,tier_1_primary_pharmacy,Y,Y,
1881931525,"MADAME RX , LLC",950 HENDERSON BLVD,,FOLCROFT,PA,190321805,8557900100,AUTHORIZED OFFICIAL,3336C0003X,tier_1_primary_pharmacy,Y,Y,
1629315221,ISLAND PHARMACY INC,300 W LEHIGH AVE,,PHILADELPHIA,PA,191333107,2679391490,OWNER,333600000X,tier_1_primary_pharmacy,Y,Y,
1982942512,EXPRESS CARE PHARMACY LLC,1727 W LIBERTY ST,UNIT 2,ALLENTOWN,PA,181045027,6103512273,PRESIDENT,333600000X|3336L0003X|3336C0003X,tier_1_primary_pharmacy,Y,Y,
1023356599,"MARYAM PHARMACY GROUP,INC",7339 FRANKFORD AVE,,PHILADELPHIA,PA,191363929,2678092396,PRESIDENT,333600000X,tier_1_primary_pharmacy,Y,Y,
1366780405,ALTOONA UNION AVENUE PHARMACY,2411 8TH AVE,,ALTOONA,PA,166022105,8149442095,PRESIDENT,3336C0003X,tier_1_primary_pharmacy,Y,Y,
1275872285,HEALTH PLUS PHARMACY,8441 W CHESTER PIKE,,UPPER DARBY,PA,190821104,6104464900,MANAGER,3336C0003X,tier_1_primary_pharmacy,Y,Y,
1619217684,SMITHS PHARMACY III INC,133 W HUNTING PARK AVE STE 200,,PHILADELPHIA,PA,191402717,2153245100,PHARMACY MANAGER,3336C0003X,tier_1_primary_pharmacy,Y,Y,
1104167253,CB PHARMACY INC,5216 MILFORD RD,SUIT # 118,EAST STROUDSBURG,PA,183028347,5704314994,PHARMACY MANAGER,333600000X|3336C0003X,tier_1_primary_pharmacy,Y,Y,
1659613644,"ASTORINO FAMILY PHARMACY, LLC",1015 BUFFALO ST,,FRANKLIN,PA,163231207,8144329400,MEMBER,333600000X,tier_1_primary_pharmacy,Y,Y,
1477895944,WELLCARE PHARMACY INC,2220 COTTMAN AVE,FLOOR 1,PHILADELPHIA,PA,191491203,2675382685,PHARMACY MANAGER,3336C0003X,tier_1_primary_pharmacy,Y,Y,
1811239056,RITECHOICE PHARMACY INC,6328 WOODLAND AVE,,PHILADELPHIA,PA,191422322,2157277700,OWNER/PRESIDENT,333600000X|3336C0002X|3336S0011X|3336C0003X,tier_1_primary_pharmacy,Y,Y,
1215370291,PHARMACY OF AMERICA IV INC.,1900 N 9TH ST,,PHILADELPHIA,PA,19122,2672371188,PRESIDENT & CEO,333600000X,tier_1_primary_pharmacy,Y,Y,
1225471204,PHARMACY OF AMERICA V INC.,232 W GIRARD AVE,,PHILADELPHIA,PA,191231538,2672371188,PRESIDENT & CEO,333600000X,tier_1_primary_pharmacy,Y,Y,
1609219179,LINESVILLE PHARMACY INC,123 W ERIE ST,,LINESVILLE,PA,164249227,8148180010,OWNER,333600000X|3336C0003X,tier_1_primary_pharmacy,Y,Y,
1669815973,MEDFILL PHARMACY INC.,72 E MAIN ST,,WAYNESBORO,PA,172681663,7176557455,PHARMACIST,333600000X,tier_1_primary_pharmacy,Y,Y,
1164866208,TANG PHARMACY V INC,7452 OGONTZ AVE,,PHILADELPHIA,PA,191381324,2155481800,OWNER,3336C0003X,tier_1_primary_pharmacy,Y,Y,
1376987313,SHADY MAPLE PHARMACY AT GARDEN SPOT VILLAGE,433 S KINZER AVE,,NEW HOLLAND,PA,175578736,7173556155,PRESIDENT,3336C0003X,tier_1_primary_pharmacy,Y,Y,
1992141030,INDEPENDENT RX INCORPORATED,843 S 2ND ST STE 2,,PHILADELPHIA,PA,191473445,2673245347,PRESIDENT/OWNER,333600000X|3336C0003X,tier_1_primary_pharmacy,Y,Y,
1003253774,ODU PHARMACY,1618 W OLNEY AVE,,PHILADELPHIA,PA,191411713,2672975056,PHARMACIST,3336C0003X,tier_1_primary_pharmacy,Y,Y,
1356789051,MY PHILLY PHARMACY INC,3140 WILLITS RD,,PHILADELPHIA,PA,191361116,2676862454,PRESIDENT,333600000X|3336L0003X|3336S0011X|3336C0003X,tier_1_primary_pharmacy,Y,Y,
1407296924,LECHS WINOLA PHARMACY INC,1088 SR 307 STE 2,,FACTORYVILLE,PA,184197877,5703781000,MANAGING PARTNER,3336C0003X,tier_1_primary_pharmacy,Y,Y,
1972943157,PHILIDOR RX SERVICES LLC,330 S WARMINSTER RD,SUITE 350,HATBORO,PA,190403430,8557445791,CEO,3336C0003X,tier_1_primary_pharmacy,Y,Y,
1982046116,WORKERS' CHOICE PHARMACY,928 JAYMOR RD STE A200,,SOUTHAMPTON,PA,189663841,2673384532,PHARMACIST IN CHARGE,333600000X,tier_1_primary_pharmacy,Y,Y,
1700218237,SAFE DRUGS PHARMACY,501 WASHINGTON AVE,,PHILADELPHIA,PA,191474027,2679282350,PRESIDENT,333600000X,tier_1_primary_pharmacy,Y,Y,
1013349323,CHESTER PIKE PHARMACY LLC,637 MACDADE BLVD,,COLLINGDALE,PA,190233417,6105225200,OWNER/MANAGER,333600000X|3336C0003X,tier_1_primary_pharmacy,Y,Y,
1497181028,VCARE PHARMACY LLC,108 S 5TH ST,,READING,PA,196021602,6102360911,OWNER,3336C0003X,tier_1_primary_pharmacy,Y,Y,
1114354735,MCNEILL FAMILY PHARMACY INC,10 SCHEIVERT AVE,,ASTON,PA,190142762,6104941445,CO-OWNER,3336L0003X|3336C0003X,tier_1_primary_pharmacy,Y,Y,
1225465024,LA FAMILIA PHARMACY INC.,2945 N 5TH ST,,PHILADELPHIA,PA,191332802,2154254303,MANAGER,333600000X,tier_1_primary_pharmacy,Y,Y,
1396173662,"DREAM RX, LLC",4117 MAIN ST,,WHITEHALL,PA,180521607,6104406337,MEMBER,3336C0003X,tier_1_primary_pharmacy,Y,Y,
1366871741,ANGKOR PHARMACY LLC,2129-31 S. 7TH STREET,,PHILADELPHIA,PA,19148,2679282600,OWNER,3336C0003X,tier_1_primary_pharmacy,Y,Y,
1649601998,"BOOTHWYN APOTHECARY, LLC",2341 CHICHESTER AVE,,UPPER CHICHESTER,PA,190613737,6104851130,CEO & MANAGER,3336C0003X,tier_1_primary_pharmacy,Y,Y,
1104247022,SRURA PHARMACY LLC,69 N MARKET ST,,NANTICOKE,PA,186341553,5707352300,MANAGER,333600000X|3336L0003X|3336C0003X,tier_1_primary_pharmacy,Y,Y,
1275954059,CARE PLUS PHARMACY INC,110 W SUSQUEHANNA AVE,,PHILADELPHIA,PA,191221715,2154234736,OWNER/MEMBER,333600000X|3336C0003X,tier_1_primary_pharmacy,Y,Y,
1871914473,SPECIALTY PHARMACY SERVICES LLC,445 W MAIN ST STE 7,,MOUNT PLEASANT,PA,156661533,7245471989,MEMBER,3336C0004X|333600000X|3336S0011X,tier_1_primary_pharmacy,Y,Y,
1578984126,LEHIGH TWO PHARMACY INC,347 N 2ND ST,,ALLENTOWN,PA,181023537,6104359933,MANAGER,3336C0003X,tier_1_primary_pharmacy,Y,Y,
1265854939,BERKS DISCOUNT PHARMACY,500 PENN ST STE B,,READING,PA,196021085,6103731800,PHARMACY MANAGER,3336C0003X,tier_1_primary_pharmacy,Y,Y,
1730501438,786 PHARMACY INC,965 E KING ST,,LANCASTER,PA,176023223,7173940744,PRESIDENT,3336C0003X,tier_1_primary_pharmacy,Y,Y,
1568886778,U-HEALTH PHARMACY INC.,2704-6 W ALLEGHENY AVE.,,PHILADELPHIA,PA,19132,2677582991,MANAGER,3336C0003X,tier_1_primary_pharmacy,Y,Y,
1922422757,YORK WELLNESS PHARMACY LLC,605 S GEORGE ST STE 130,,YORK,PA,174013161,7177473586,PHARMACY MANAGER,3336C0003X,tier_1_primary_pharmacy,Y,Y,
1689099202,GOODWILL COMMUNITY PHARMACY LLC,5002 WAYNE AVE,,PHILADELPHIA,PA,191443642,2673855554,OWNER,3336C0003X,tier_1_primary_pharmacy,Y,Y,
1063837375,PATIENT-DIRECT RX LLC,301 OXFORD VALLEY RD STE 1203,,YARDLEY,PA,190677706,8665671642,CFO,333600000X|3336C0003X,tier_2_secondary_pharmacy,N,Y,
1306261169,52ND STREET PHARMACY INC,1226 N 52ND ST,,PHILADELPHIA,PA,191314315,2677137066,OWNER,333600000X|3336C0004X|3336C0003X,tier_1_primary_pharmacy,Y,Y,
1518382258,SHRINATHJI RX INC,1801 N BROAD ST,STE 14,LANSDALE,PA,194461141,2158557500,PHARMACIST,3336C0003X,tier_1_primary_pharmacy,Y,Y,
1841616539,POPLAR PHARMACY INC,1701 POPLAR ST,,PHILADELPHIA,PA,191301519,2152321114,OWNER,3336C0003X,tier_1_primary_pharmacy,Y,Y,
1912323643,LEHIGH ONE PHARMACY INC,1444 HAMILTON ST STE 1,,ALLENTOWN,PA,181024232,4842230262,OWNER,333600000X|3336C0003X,tier_1_primary_pharmacy,Y,Y,
1821414558,DOWN TOWN PHARMACY INC,425 NORTHAMPTON ST,,EASTON,PA,180423515,4842230216,OWNER,333600000X|3336C0003X,tier_1_primary_pharmacy,Y,Y,
1194141176,"EASY RX PAD, LLC",264 SMITH TOWNSHIP STATE RD,SUITE 5,BURGETTSTOWN,PA,150212124,8553358219,CHIEF FINANCIAL OFFICER,3336M0002X|333600000X|3336L0003X,tier_1_primary_pharmacy,Y,Y,
1407272479,"EXTRACARE PHARMACY, INC.","670 CHURCH LANE, 1ST FLOOR FRONT",,YEADON,PA,19050,4845407917,PRESIDENT,3336C0003X,tier_1_primary_pharmacy,Y,Y,
1306262134,RHAWN STREET PHARMACY INC,2616 RHAWN ST,,PHILADELPHIA,PA,191523415,2677311909,PRESIDENT,333600000X|3336C0003X,tier_1_primary_pharmacy,Y,Y,
1801214309,CELLERARI PHARMACY INC,100 E GROVE ST,,CLARKS SUMMIT,PA,184111750,5705861961,CELLERARI,333600000X|3336L0003X|3336C0003X,tier_1_primary_pharmacy,Y,Y,
1396163697,SEDGLEY PLAZA PHARMACY INC,2917 RIDGE AVE,,PHILADELPHIA,PA,191215215,2159780104,OWNER/RPH,333600000X|3336C0003X,tier_1_primary_pharmacy,Y,Y,
1134547144,PUNXSUTAWNEY HEALTH CENTER PHARMACY LLC,200 PRUSHNOK DR,SUITE 102,PUNXSUTAWNEY,PA,157672343,8146185957,MEMBER,3336C0003X,tier_1_primary_pharmacy,Y,Y,
1093134736,COMMUNITY CARE RX LLC,725A LONG LN,,UPPER DARBY,PA,190825323,2157223400,PHARMACIST IN CHARGE,3336C0003X,tier_1_primary_pharmacy,Y,Y,
1083034144,VALUE RX PHARMACY INC.,2842 COTTMAN AVE,,PHILADELPHIA,PA,191491422,2679496333,OWNER,3336C0003X,tier_1_primary_pharmacy,Y,Y,
1013337682,PHILARX PHARMACY 5,2400 W PASSYUNK AVE,,PHILADELPHIA,PA,191454114,2679282149,CEO,3336C0003X,tier_1_primary_pharmacy,Y,Y,
1144631102,"EAST BROWN STREET PHARMACY, INC",364 N COURTLAND ST,SUITE 2,EAST STROUDSBURG,PA,183011930,5703695833,ORGANIZATION OFFICER,333600000X,tier_1_primary_pharmacy,Y,Y,
1841601333,CARE ONE PHARMACY INC,3743 N 5TH ST,,PHILADELPHIA,PA,191403352,2154390943,VP/OWNER,333600000X|3336C0003X,tier_1_primary_pharmacy,Y,Y,
1972915189,KINGDOM PHARMACY LLC,9014 W CHESTER PIKE,,UPPER DARBY,PA,190822606,4844557915,MANAGER,3336C0003X,tier_1_primary_pharmacy,Y,Y,
1124431416,RITEAID PHARMACY,4957 CARLISLE PIKE,PHARMACY,MECHANICSBURG,PA,170503025,7179750117,PHARMACIST,3336C0003X,tier_1_primary_pharmacy,Y,Y,
1508274440,MCDONALD PHARMACY,303 W BARR ST,,MC DONALD,PA,150571423,7249262117,PHARMACIST,3336C0003X,tier_1_primary_pharmacy,Y,Y,
1386053627,PENNSBURY PHARMACY INC.,8545 NEW FALLS RD,,LEVITTOWN,PA,190541601,2155472378,"PHARMACY OWNER, MANAGER",3336C0003X,tier_1_primary_pharmacy,Y,Y,
1679972780,RISING SUN PHARMACY INC,500 DEVEREAUX AVE,A,PHILADELPHIA,PA,191115767,2156136272,OWNER/PHARMACIST,3336C0003X,tier_1_primary_pharmacy,Y,Y,
1235539800,"MAINLINE PHARMACY EBENSBURG, LLC",1049 SHOEMAKER ST STE 1,,NANTY GLO,PA,159431248,8144196717,CFO,333600000X|3336C0003X,tier_1_primary_pharmacy,Y,Y,
1194126128,PRIMARY CHOICE PHARMACY LLC,5575 OLD YORK RD,,PHILADELPHIA,PA,19141,2154379043,OWNER,3336C0003X|333600000X,tier_1_primary_pharmacy,Y,Y,
1124429725,ESSINGTON PHARMACY LLC,50 W POWHATTAN AVE STE 4,,ESSINGTON,PA,190291220,2677736082,PIC,333600000X|3336C0003X,tier_1_primary_pharmacy,Y,Y,
1932501384,ADVANCED RX,414 COMMERCE DR STE 100,,FORT WASHINGTON,PA,190342620,8445114700,MEMBER/MANAGER,3336C0003X,tier_1_primary_pharmacy,Y,Y,
1134521255,9TH & GIRARD PHARMACY INC,901 W GIRARD AVE,#105,PHILADELPHIA,PA,19123,2152358800,MANAGER/PHARMACIST,3336C0003X,tier_1_primary_pharmacy,Y,Y,
1629470794,SUNIL PHARMACY IV INC.,134 S 11TH ST,,PHILADELPHIA,PA,191074931,2152380002,OWNER,3336C0003X,tier_1_primary_pharmacy,Y,Y,
1063815967,PHARMACY OF AMERICA VI INC.,919 LEVICK ST,,PHILADELPHIA,PA,191115421,2672371188,PRESIDENT & CEO,3336C0003X,tier_1_primary_pharmacy,Y,Y,
1306241047,UNITED PHARMACY SERVICES LLC,700 E TOWNSHIP LINE RD,SUITE 205,HAVERTOWN,PA,190835733,4844411000,OWNER,333600000X,tier_1_primary_pharmacy,Y,Y,
1396142683,NEXT GENERATION PHARMACY LLC,1169 HORSESHOE PIKE,,DOWNINGTOWN,PA,193351367,6102697368,PRESIDENT,3336C0003X,tier_1_primary_pharmacy,Y,Y,
1386041655,MOMBA PHARMACY SERVICES LLC,1435 SPRING GARDEN AVE,,PITTSBURGH,PA,152123711,4123231801,DEPASQUALE,3336C0003X,tier_1_primary_pharmacy,Y,Y,
1679971725,MORRISON TOWERS PHARMACY LLC,351 CHESTNUT ST,,HARRISBURG,PA,171012756,7172385435,MANAGER,333600000X,tier_1_primary_pharmacy,Y,Y,
1417355579,"STELLAR PHARMACY SERVICES, INC.",302 INDUSTRIAL DR,,AVONDALE,PA,193119769,6109109580,SECRETARY,333600000X|3336L0003X|3336M0002X|3336S0011X,tier_1_primary_pharmacy,Y,Y,
1669860284,URBANCARE PHARMACY,169 W LEHIGH AVE,,PHILADELPHIA,PA,191333832,2678584662,MANAGER,3336C0003X,tier_1_primary_pharmacy,Y,Y,
1154719524,LA VIDA DISCOUNT PHARMACY INC,3204 KENSINGTON AVE FL 1,1ST FL,PHILADELPHIA,PA,191341918,2154271603,PHARMACY OWNER,333600000X|3336C0004X|3336C0003X,tier_1_primary_pharmacy,Y,Y,
1588052872,CRESTWOOD PHARMACY LLC,10 S MOUNTAIN BLVD,,MOUNTAIN TOP,PA,187071123,5704745859,MEMBER,333600000X|3336C0003X,tier_1_primary_pharmacy,Y,Y,
1457740300,MTP RX LLC,255 S 17TH ST,,PHILADELPHIA,PA,191036231,2155453525,MEMBER,333600000X,tier_1_primary_pharmacy,Y,Y,
1063803724,CARE TRUST PHARMACY INC,2534 E ALLEGHENY AVE,,PHILADELPHIA,PA,191345111,2674715532,PHARMACY MANAGER,3336C0003X,tier_1_primary_pharmacy,Y,Y,
1730573460,NORTHWEST PHARMACY SOLUTIONS LLC,740 N MAIN STREET EXT STE 102,,MEADVILLE,PA,163351149,8147243107,ASST. DIR. OF OPS.,333600000X|3336C0003X,tier_1_primary_pharmacy,Y,Y,
1477947323,HARCUM PHARMACY INC,524 BROOKLINE BLVD,,PITTSBURGH,PA,152262002,4125613180,PRESIDENT,333600000X|3336C0004X|3336C0003X,tier_1_primary_pharmacy,Y,Y,
1942687116,FREEDOM PHARMACY LLC,3605 EDGMONT AVE,BUILDING B,BROOKHAVEN,PA,190152807,8555397865,PHARMACY MANAGER,3336C0003X,tier_1_primary_pharmacy,Y,Y,
1114304953,HOPEWELL ROAD PHARMACY LLC,1199 HORSESHOE PIKE,,DOWNINGTOWN,PA,193351367,6102690002,PRESIDENT,3336C0003X,tier_1_primary_pharmacy,Y,Y,
1467830786,LIVE WELL RX LLC,727 CHURCH LN,,YEADON,PA,190503502,4844662359,OWNER,3336C0003X,tier_1_primary_pharmacy,Y,Y,
1699153882,EDISON SQUARE PHARMACY,701 W LEHIGH AVE,,PHILADELPHIA,PA,191332233,2676872085,MANAGER,3336C0003X,tier_1_primary_pharmacy,Y,Y,
1790163624,CIGNA HOME DELIVERY PHARMACY,2000 PARK LANE DR,,PITTSBURGH,PA,152751114,4125059573,PHARMACIST IN CHARGE,333600000X,tier_1_primary_pharmacy,Y,Y,
1427438969,SUPER DRUGS RX LLC,2941 N 5TH ST,,PHILADELPHIA,PA,191332802,2152782797,MEMEBER,3336C0003X,tier_1_primary_pharmacy,Y,Y,
1831579036,DESTINY PHARMACY OF AMERICA INC.,6037 WOODLAND AVE,,PHILADELPHIA,PA,191422417,2157969381,PRESIDENT,3336C0003X,tier_1_primary_pharmacy,Y,Y,
1154702835,LEWISBURG PHARMACY,50 N 2ND ST,,LEWISBURG,PA,178371567,5707684446,OWNER/CEO,3336C0003X,tier_1_primary_pharmacy,Y,Y,
1487036521,GOLDEN HEALTH PHARMACY,5401 CEDAR AVE,,PHILADELPHIA,PA,191431903,2679693111,OWNER,3336C0003X,tier_1_primary_pharmacy,Y,Y,
1447632427,RIDGE DISCOUNT PHARMACY LLC,1406A RIDGE AVE,,PHILADELPHIA,PA,191302914,2675193387,PRESIDENT,3336C0003X,tier_1_primary_pharmacy,Y,Y,
1629452974,CSP PHARMACY INC,2224 W 9TH ST,,CHESTER,PA,190132402,6104971015,OWNER,333600000X|3336C0003X,tier_1_primary_pharmacy,Y,Y,
1740665660,OMNI PHARMACY SERVICES LLC,375 E ELM ST STE 110B,,CONSHOHOCKEN,PA,194281973,4842225333,MEMBER REPRESENTATIVE,3336C0003X,tier_1_primary_pharmacy,Y,Y,
1952777963,IMPALA PHARMACY INC,11 RIDGE BLVD,,BROOKHAVEN,PA,190152317,4844826274,PRESIDENT,333600000X,tier_1_primary_pharmacy,Y,Y,
1114393790,MILLCREEK MANOR PHARMACY,5535 PEACH ST,,ERIE,PA,165092603,8148683869,DIRECTOR OF PHARMACY,3336C0003X|3336L0003X,tier_1_primary_pharmacy,Y,Y,
1639545106,CAREPOINT RX LLC,3070 BRISTOL PIKE,"BLDG 2, STE 216A",BENSALEM,PA,190205364,2674634848,PIC,333600000X|3336C0003X,tier_1_primary_pharmacy,Y,Y,
1720455819,WELLCARE PHARMACY 2,1550 PRATT ST,FL 1,PHILADELPHIA,PA,191241923,2676868800,PHARMACY MANAGER,3336C0003X,tier_1_primary_pharmacy,Y,Y,
1407224736,SANKOFA PHARMACY,3500 SUNNYSIDE AVE # 3508,,PHILADELPHIA,PA,191291448,2672975427,PHARMACY TECHNICIAN,333600000X|3336C0003X,tier_1_primary_pharmacy,Y,Y,
1235509787,DARLING APOTHECARY,1885 MARKET ST,,WARREN,PA,163651227,8147265784,OWNER,3336C0003X,tier_1_primary_pharmacy,Y,Y,
1487024964,HULMEVILLE RD PHARMACY INC,3554 HULMEVILLE RD,SUITE 108,BENSALEM,PA,190204366,2673322948,PHARMACIST,3336C0003X,tier_1_primary_pharmacy,Y,Y,
1215307772,B & A PHARMACY CORP,201 W SPENCER AVE,,PHILADELPHIA,PA,191201817,2153095701,PRESIDENT,3336C0004X|333600000X|3336C0003X,tier_1_primary_pharmacy,Y,Y,
1609246727,PRAJAL RX LLC,420 S YORK RD STE D,,HATBORO,PA,190403970,2154439999,OFFICER,3336C0003X|3336L0003X|333600000X,tier_1_primary_pharmacy,Y,Y,
1033589833,RESES PHARMACY INC,5739 CHESTER AVE,,PHILADELPHIA,PA,191435530,2157261224,OWNER,3336C0003X,tier_1_primary_pharmacy,Y,Y,
1932570546,11TH STREET PHARMACY LLC,850 N 11TH ST FL 1,RM 148,PHILADELPHIA,PA,191231957,2157692155,PRESIDENT,3336S0011X|333600000X|3336C0003X,tier_1_primary_pharmacy,Y,Y,
1407227457,B & Y PHARMACY,1551 MCKEAN ST,,PHILADELPHIA,PA,191453034,2157550816,OWNER,3336C0003X,tier_1_primary_pharmacy,Y,Y,
1053783563,SUNNY PHARMACY LLC,918 E BALTIMORE AVE,,LANSDOWNE,PA,190502702,6102590660,PHARMACY MANAGER,3336C0003X,tier_1_primary_pharmacy,Y,Y,
1518339571,WELLSPAN PHARMACY INC,183 N READING RD STE 9,SUITE 9,EPHRATA,PA,175221647,7177215784,SENIOR PHARMACY MANAGER,333600000X|3336S0011X|3336C0003X,tier_1_primary_pharmacy,Y,Y,
1790157618,PREMIER PHARMACY LLC,150 MONUMENT RD STE 601A,,BALA CYNWYD,PA,190041701,4842706501,PRESIDENT,3336C0003X|333600000X,tier_1_primary_pharmacy,Y,Y,
1255705216,YN PHARMACY LLC,801-21 WASHINGTON AVE,,PHILADELPHIA,PA,191474716,4845571671,MANAGER/OWNER,3336C0003X,tier_1_primary_pharmacy,Y,Y,
1528433174,RITEAID PHARMACY,15 W CENTRE ST,,MAHANOY CITY,PA,179482603,5705908879,DISTRICT MANAGER,333600000X,tier_1_primary_pharmacy,Y,Y,
1366817991,PENNSPORT MALL PHARMACY LLC,237 MCCLELLAN ST,,PHILADELPHIA,PA,191481954,2676394657,MANAGER/OWNER,333600000X|3336C0004X|3336C0003X,tier_1_primary_pharmacy,Y,Y,
1154796787,POTTSTOWN DISCOUNT PHARMACY LLC,1501 E HIGH ST,,POTTSTOWN,PA,194645005,4846443120,MANAGER,333600000X|3336C0003X,tier_1_primary_pharmacy,Y,Y,
1104291707,MANCHESTER PHARMACY & MEDICAL,4310 N GEORGE STREET EXT,,MANCHESTER,PA,173451307,7179785142,PHARMACIST MANAGER,3336C0003X|333600000X,tier_1_primary_pharmacy,Y,Y,
1861867046,EMPIRE PHARMACY SERVICES LLC,375 E ELM ST STE 110D,,CONSHOHOCKEN,PA,194281973,4843652600,PHARMACIST IN CHARGE,333600000X|3336C0003X,tier_1_primary_pharmacy,Y,Y,
1619332301,GOLDS PHARMACY INC,7543 HAVERFORD AVE,,PHILADELPHIA,PA,191512226,2158794653,PHARMACY MANAGER,3336C0003X|333600000X,tier_1_primary_pharmacy,Y,Y,
1356706923,NEXCARE PHARMACY II INC,3227 KENSINGTON AVE,,PHILADELPHIA,PA,191341934,2154546112,CO-OWNER,333600000X|3336C0003X,tier_1_primary_pharmacy,Y,Y,
1184081390,BUENA SALUD PHARMACY,3119 FRANKFORD AVE,,PHILADELPHIA,PA,191343820,2154265181,PHARMACIST,3336C0003X,tier_1_primary_pharmacy,Y,Y,
1558729319,"LOST AND FOUND PHARMACY, INC.",5745 SALTSBURG RD,,VERONA,PA,151473211,4122431369,PRESIDENT,3336C0003X,tier_1_primary_pharmacy,Y,Y,
1033578505,TACONY PHARMACY INC,7100 TORRESDALE AVE,,PHILADELPHIA,PA,191351313,2676866256,OWNER,333600000X|3336C0003X,tier_1_primary_pharmacy,Y,Y,
1043670276,WELLCARE PHARMACY 3,612-614 SNYDER AVE,,PHILADELPHIA,PA,191484107,2155608161,CFO,333600000X|3336C0003X,tier_1_primary_pharmacy,Y,Y,
1255792040,PHARMACY OF AMERICA VII INC,4654 N 5TH ST,,PHILADELPHIA,PA,191401420,2157440300,PRESIDENT & CEO,3336C0003X|333600000X,tier_1_primary_pharmacy,Y,Y,
1659732444,HEALTH FIRST PHARMACY LLC,2820 W GIRARD AVE,,PHILADELPHIA,PA,191301243,2157694979,PHARMACIST,3336C0003X|333600000X,tier_1_primary_pharmacy,Y,Y,
1790146041,WORK INJURY RX ONE LLC,540 PENNSYLVANIA AVE STE 203,,FORT WASHINGTON,PA,190343309,2156280714,MEMBER,3336C0003X,tier_1_primary_pharmacy,Y,Y,
1861853962,RITECHOICE PHARMACY III,2100 S BROAD ST FL 1,,PHILADELPHIA,PA,191453905,2155002223,PRESIDENT/CEO,333600000X|3336C0003X,tier_1_primary_pharmacy,Y,Y,
1790146736,YORKTOWN PHARMACY LLC,8110 OLD YORK RD STE B,,ELKINS PARK,PA,190271430,2672820070,OWNER,333600000X|3336C0003X,tier_1_primary_pharmacy,Y,Y,
1811359136,WELLNESS PHARMACY SERVICES LLC,1427 HORSHAM ROAD,,NORTH WALES,PA,19454,2152777132,PRESIDENT,3336S0011X|333600000X|3336H0001X|3336L0003X,tier_1_primary_pharmacy,Y,Y,
1417319625,SHAMOKIN PHARMACY LLC,605 N SHAMOKIN ST,,SHAMOKIN,PA,178726719,5706485242,OWNER,333600000X|3336C0003X,tier_1_primary_pharmacy,Y,Y,
1487016473,"NORTH WALES FAMILY PHARMACY, INC",107 S MAIN ST,,NORTH WALES,PA,194542832,2156996949,PHARMACY MANAGER,3336C0003X,tier_1_primary_pharmacy,Y,Y,
1437512241,KMART PHARMACY,4701 W TILGHMAN ST,,ALLENTOWN,PA,181043211,6103952329,PHARMACIST,3336C0003X,tier_1_primary_pharmacy,Y,Y,
1689028631,JAYS HUNTING PARK PHARMACY LLC,2001 W HUNTING PARK AVE,,PHILADELPHIA,PA,191402813,2152260140,PRESIDENT/PHARMACIST,3336C0003X|333600000X,tier_1_primary_pharmacy,Y,Y,
1619321403,"MCLAUGHLIN PHARMACY, INC.",122 CARRIAGE LN,,MIFFLINTOWN,PA,170599048,7174368020,PRESIDENT/PHARMACY MANAGER,3336C0003X,tier_1_primary_pharmacy,Y,Y,
1992150882,DREAM PHARMACY LLC,9808 BUSTLETON AVE STE F,,PHILADELPHIA,PA,191152190,2159045548,DIRECTOR,333600000X|3336C0003X,tier_1_primary_pharmacy,Y,Y,
1386099190,OSSB PHARMACY LLC,4118 W SKIPPACK PIKE,,SKIPPACK,PA,19474,6105846400,MANAGING MEMBER,3336C0003X,tier_1_primary_pharmacy,Y,Y,
1841645462,SKIPPACK RX LLC,4118 W SKIPPACK PIKE,,SKIPPACK,PA,19474,6105846544,PHARMACY MANAGER,333600000X|3336C0003X,tier_1_primary_pharmacy,Y,Y,
1144677030,EXCEL PHARMACY SERVICES LLC,354 W LANCASTER AVE STE 120,,HAVERFORD,PA,190411300,4842706300,PHARMACIST IN CHARGE,333600000X|3336C0003X,tier_1_primary_pharmacy,Y,Y,
1427405257,RITE-CARE PHARMACY INC.,2213 RIDGE AVE.,,PHILADELPHIA,PA,19121,2152353624,OWNER,3336C0003X,tier_1_primary_pharmacy,Y,Y,
1154778983,HILLRISE PHARMACY LLC,4240 N BROAD ST UNIT B,,PHILADELPHIA,PA,191401908,2154037300,MEMBER/OWNER,333600000X|3336C0003X,tier_1_primary_pharmacy,Y,Y,
1477900033,WORK INJURY RX ONE LLC,142 S 52ND ST STE 202,,PHILA,PA,191393409,2154711025,MEMBER,333600000X,tier_1_primary_pharmacy,Y,Y,
1396194874,NATIONAL DISCOUNT PHARMACY LLC,900 ORTHODOX ST,,PHILADELPHIA,PA,191243128,2155372701,MEMBER,333600000X|3336C0003X,tier_1_primary_pharmacy,Y,Y,
1710337282,PREMIER PHARMACY NETWORK,2070 SPROUL RD,,BROOMALL,PA,190082725,6103566772,MANAGING MEMBER,3336C0003X,tier_1_primary_pharmacy,Y,Y,
1912357476,PREMIER PHARMACY NETWORK III LLC,375 W STREET RD,,WARMINSTER,PA,189743218,2159569280,PRESIDENT,3336C0003X,tier_1_primary_pharmacy,Y,Y,
1174973648,PREMIER PHARMACY NETWORK II,2530 W CHESTER PIKE,,BROOMALL,PA,190082429,6103566491,MANAGING MEMBER,3336C0003X,tier_1_primary_pharmacy,Y,Y,
1336599562,WASHINGTON CARE PHARMACY,95 LEONARD AVE,,WASHINGTON,PA,153013368,4123515128,DIRECTOR,3336C0003X,tier_1_primary_pharmacy,Y,Y,
1730539891,THE RX SHOPPE,450 56TH ST,,PITTSBURGH,PA,152012322,7248162512,THIRD PARTY MANAGER,3336C0003X,tier_1_primary_pharmacy,Y,Y,
1669823266,"PERIGON PHARMACY 360, LLC",1120 STEVENSON MILL RD STE 200,,CORAOPOLIS,PA,151082446,4126842500,CHIEF EXECUTIVE OFFICER,3336C0003X|3336S0011X,tier_1_primary_pharmacy,Y,Y,
1629420385,COMFORT AND CARE RX LLC,3025-27 KENSINGTON AVE,,PHILADELPHIA,PA,191342415,2154260250,PHARMACIST IN-CHARGE,3336C0003X|3336C0004X|333600000X,tier_1_primary_pharmacy,Y,Y,
1457804965,VALLEY DISCOUNT PHARMACY INC,324 N 7TH ST,,ALLENTOWN,PA,181023212,4842027777,PRESIDENT,333600000X|3336C0003X,tier_1_primary_pharmacy,Y,Y,
1770038804,"QUAKER COMMUNITY PHARMACY, LLC",304 VILLAGE AT STONES CROSSING RD,,EASTON,PA,18045,8447164727,PRESIDENT,3336C0003X|333600000X,tier_1_primary_pharmacy,Y,Y,
1720533243,BIANCARELLIS PHARMACY,1318 MAIN ST,,PECKVILLE,PA,184522000,5703828570,R.PH.,3336C0003X|333600000X,tier_1_primary_pharmacy,Y,Y,
1922555697,SANATOGA PHARMACY INC,1630 E HIGH ST BLDG 2,,POTTSTOWN,PA,194643244,4849498505,OWNER/PHARMACY MANAGER,333600000X|3336C0003X,tier_1_primary_pharmacy,Y,Y,
1063960755,WORKERS FIRST PHARMACY SERVICES LLC,207 W 4TH ST STE B,,BRIDGEPORT,PA,194051012,4843284700,MBR REPRESENTATIVE,3336C0003X|333600000X,tier_1_primary_pharmacy,Y,Y,
1609324086,PRAMUKH PHARMACY LLC,810 OLEY ST STE G2,,READING,PA,196042546,4845774408,PRESIDENT,333600000X|3336C0003X,tier_1_primary_pharmacy,Y,Y,
1659822518,EASTON SPECIALTY PHARMACY INC,2024 LEHIGH ST,,EASTON,PA,180423817,4846006666,MEMBER,333600000X|3336C0003X,tier_1_primary_pharmacy,Y,Y,
1942751417,OAKLANE PHARMACY 1 LLC,6724 OLD YORK RD.,,PHILADELPHIA,PA,19126,2159249929,OWNER,3336C0003X,tier_1_primary_pharmacy,Y,Y,
1407308620,MOIN & SIRAJ GROUP PHARMACY INC,962 E TIOGA ST,,PHILADELPHIA,PA,191341307,2676066363,PRESIDENT,333600000X|3336C0003X,tier_1_primary_pharmacy,Y,Y,
1477095172,WELLSPAN PHARMACY INC,252 S 4TH ST,,LEBANON,PA,170426111,7177418151,SENIOR PHARMACY MANAGER,3336C0003X,tier_1_primary_pharmacy,Y,Y,
1386187474,PATIENT DIRECT RX,"301 OXFORD VALLEY ROAD, SUITE 1203A",,YARDLEY,PA,19067,8665671642,OWNER,333600000X|3336M0002X,tier_1_primary_pharmacy,Y,Y,
1982147542,GLOBAL PHARMACY INC,3237 KENSINGTON AVE,,PHILADELPHIA,PA,191341934,2154254346,PRESIDENT,3336C0003X,tier_1_primary_pharmacy,Y,Y,
1205371218,NORTHWEST PHARMACY SOLUTIONS LLC,180 N FRANKLIN ST,,COCHRANTON,PA,163149706,8146380040,DIRECTOR,333600000X|3336C0003X,tier_1_primary_pharmacy,Y,Y,
1639616717,WARMINSTER SQUARE PHARMACY INC,1535 W STREET RD,,WARMINSTER,PA,189743100,2154421300,PRESIDENT,333600000X|3336C0003X,tier_1_primary_pharmacy,Y,Y,
1639616790,"PHARMACY OF NORRISTOWN, LLC",420 W MARSHALL ST,,NORRISTOWN,PA,194014640,4842311014,PRESIDENT,3336C0003X,tier_1_primary_pharmacy,Y,Y,
1881132322,STAYWELL RX INC,2578 KINGVIEW RD UNIT 103,,SCOTTDALE,PA,156832457,7242205424,OWNER,333600000X|3336C0003X,tier_1_primary_pharmacy,Y,Y,
1457890113,"RITECHOICE PHARMACY IV, LLC",4700 WISSAHICKON AVE,"BUILDING E, SUITE 100",PHILADELPHIA,PA,191444248,2673367506,PRESIDENT,3336S0011X|333600000X|3336C0003X,tier_1_primary_pharmacy,Y,Y,
1548709561,"GEISINGER PHARMACY, LLC",210 INDUSTRIAL PARK RD,,ELYSBURG,PA,178249770,8448785562,DIRECTOR-RETAIL AND MAIL ORDER,333600000X|3336M0002X,tier_1_primary_pharmacy,Y,Y,
1427598663,SWEET HOME PHARMACY LLC,727 CHURCH LN,,YEADON,PA,190503502,4844662359,PHARMACIST IN CHARGE,3336C0003X|333600000X,tier_1_primary_pharmacy,Y,Y,
1851824254,UNIVERSAL PHARMACY AND MEDICAL SUPPLIES INC.,3908 KENSINGTON AVE,,PHILADELPHIA,PA,191244400,2152452020,"OWNER, CEO",3336C0003X,tier_1_primary_pharmacy,Y,Y,
1134652902,POCONO PHARMACY INC,300 COMMERCE BLVD STE 130,,STROUDSBURG,PA,183606215,5704216789,PRESIDENT/DIRECTOR,333600000X|3336C0003X,tier_1_primary_pharmacy,Y,Y,
1407389943,PENNYMED PHARMACY LLC,7956 DUNGAN RD,,PHILADELPHIA,PA,191112737,2154379215,PRESIDENT/OWNER,3336C0003X,tier_1_primary_pharmacy,Y,Y,
1891220190,FRONTLINE PHARMACY SERVICES LLC,1100 E HECTOR ST STE 390,,CONSHOHOCKEN,PA,194282390,2676993900,PHARMACY MANAGER,3336C0004X|333600000X|3336C0003X,tier_1_primary_pharmacy,Y,Y,
1518494780,PLAN RX LLC,913 MAIN ST,,DARBY,PA,190231631,4844978558,PHARMACIST,333600000X|3336C0003X,tier_1_primary_pharmacy,Y,Y,
1831627553,TRANSFER PHARMACY INC,225 EDGEWOOD DRIVE EXT STE 102,SUITE 102,TRANSFER,PA,161541817,7246462828,OWNER,3336C0003X|333600000X,tier_1_primary_pharmacy,Y,Y,
1669900932,CLAYSVILLE PHARMACY LLC,802 VANDERBILT RD,,CONNELLSVILLE,PA,154256241,7246261091,OWNER,333600000X|3336C0004X|3336L0003X,tier_1_primary_pharmacy,Y,Y,
1649709460,PENN MEDICAL PHARMACY LLC,385 OXFORD VALLEY RD UNIT 5,,YARDLEY,PA,190677700,2159609010,PHARMACY MANAGER,333600000X|3336C0003X,tier_1_primary_pharmacy,Y,Y,
1801326319,FAMILY PHARMACY OF CARBONDALE INC,70 N CHURCH ST,,CARBONDALE,PA,184071912,5702816300,PRESIDENT,333600000X|3336C0004X|3336C0003X,tier_1_primary_pharmacy,Y,Y,
1891225306,WE CARE PHARMACY INC,3671 CRESCENT CT E,,WHITEHALL,PA,180523400,6103519149,PHARMACY MANAGER,333600000X|3336C0003X,tier_1_primary_pharmacy,Y,Y,
1609396621,LK PHARMACY INC,269 S 52ND ST,,PHILADELPHIA,PA,191394108,2672924114,CEO,3336C0003X,tier_1_primary_pharmacy,Y,Y,
1568982858,LAXMI VINA PHARMACY INC,422 S DUKE ST,,LANCASTER,PA,176024206,7176902700,OWNER,3336C0003X,tier_1_primary_pharmacy,Y,Y,
1376065789,AU PHARMACY INC,261 OLD YORK RD LBBY 212,,JENKINTOWN,PA,190463724,2153304445,CHIEF EXECUTIVE,333600000X|3336C0004X|3336H0001X|3336C0003X,tier_1_primary_pharmacy,Y,Y,
1932621984,LANSDOWNE COMMUNITY PHARMACY INC,5936 LANSDOWNE AVE,,PHILADELPHIA,PA,191514227,2018933368,OWNER,3336C0003X,tier_1_primary_pharmacy,Y,Y,
1356863864,TRUTT'S PHARMACY LLC,55 WALNUT ST,,MIFFLINBURG,PA,178441116,5709668788,OWNER,3336C0003X,tier_1_primary_pharmacy,Y,Y,
1700309424,FAMILY RITE PHARMACY LLC,2538 W. ALLEGHENY AVENUE,,PHILADELPHIA,PA,191321338,2152252550,PHARMACIST/PARTNER,3336C0003X,tier_1_primary_pharmacy,Y,Y,
1013432673,CHESTER DISCOUNT PHARMACY LLC,3107 W 9TH ST,,CHESTER,PA,190131716,4847686167,RPH,3336C0003X,tier_1_primary_pharmacy,Y,Y,
1548786122,BERKS PHARMACY LLC,500 PENN ST STE B,,READING,PA,196021085,6103731800,PIC,333600000X|3336C0003X,tier_1_primary_pharmacy,Y,Y,
1093231474,"CREATIVE PHARMACY SOLUTIONS CENTRAL, LLC",780 PRIMOS AVE STE E,,FOLCROFT,PA,190322000,6105229006,PRESIDENT,333600000X,tier_1_primary_pharmacy,Y,Y,
1871011262,"POLARIS PHARMACY SERVICES OF WARRINGTON, LLC",125 TITUS AVENUE,UNIT 100,WARRINGTON,PA,189762424,2674878900,"CORPORATE DIRECTOR OF COMPLIANCE, C",333600000X|3336C0003X,tier_1_primary_pharmacy,Y,Y,
1457870081,SAEGERTOWN PHARMACY,201 MAIN ST,SAEGERTOWN PLAZA,SAEGERTOWN,PA,164337617,8147631107,PHARMACIST,333600000X|3336C0003X,tier_1_primary_pharmacy,Y,Y,
1629580311,POCONO COMMUNITY PHARMACY INC,1656 ROUTE 209 UNIT 6,,BRODHEADSVILLE,PA,183227819,5708017886,PRESIDENT,333600000X|3336C0003X,tier_1_primary_pharmacy,Y,Y,
1255844213,DISCOUNT PHARMACY INC,3216 N 6TH ST,,PHILADELPHIA,PA,191405614,2154254500,OWNER,3336C0003X,tier_1_primary_pharmacy,Y,Y,
1720592215,VINE PHARMACY,4375 RED ROCK RD,,BENTON,PA,178147948,5709252500,PHARMACIST OWNER,3336C0003X,tier_1_primary_pharmacy,Y,Y,
1184138489,BETHLEHEM PHARMACY RX INC,817 E 4TH ST,FLR1,BETHLEHEM,PA,180151931,6104196522,OWNER/AO,333600000X|3336C0003X,tier_1_primary_pharmacy,Y,Y,
1245744143,PHARMACY OF NEWTOWN LLC,2134-36 SOUTH EAGLE ROAD,,NEWTOWN,PA,189401894,6466456989,OWNER,3336C0003X,tier_1_primary_pharmacy,Y,Y,
1326553074,PRIME HEALTH PHARMACY LLC,1514 WADSWORTH AVE,,PHILADELPHIA,PA,19150,6104004233,PHARMACIST,333600000X,tier_1_primary_pharmacy,Y,Y,
1073029658,EAST NORRITON PHARMACY LLC,215 W GERMANTOWN PIKE,,EAST NORRITON,PA,194011331,4843701111,PHARMACY MANAGER,333600000X|3336C0004X|3336C0003X,tier_1_primary_pharmacy,Y,Y,
1952802993,JAMES DRUG STORE - MARTINSBURG INC,119 W ALLEGHENY ST,,MARTINSBURG,PA,166621103,8146144448,OWNER,333600000X|3336C0003X,tier_1_primary_pharmacy,Y,Y,
1053815613,OGONTZ PHARMACY,7622 OGONTZ AVE,,PHILADELPHIA,PA,191501817,2154584800,PRESIDENT,3336C0003X,tier_1_primary_pharmacy,Y,Y,
1205330388,VALLEY CARE PHARMACY 1 INC,940 JEFFERSON AVE,,SCRANTON,PA,185101007,5708002273,PRESIDENT,333600000X|3336C0003X,tier_1_primary_pharmacy,Y,Y,
1154827103,GILEAD PHARMACY INC,1226 N 52ND ST FL 1,,PHILADELPHIA,PA,191314315,2677137066,"STORE MGR, AO",333600000X|3336C0003X,tier_1_primary_pharmacy,Y,Y,
1871099473,NEWTOWN SQUARE APOTHECARY LLC,3547 W CHESTER PIKE,,NEWTOWN SQUARE,PA,190733701,6102735110,PHARMACY MANAGER,333600000X|3336C0003X,tier_1_primary_pharmacy,Y,Y,
1376033365,WELLCARE PHARMACY 4 LLC,600 WASHINGTON AVE,UNIT 12,PHILADELPHIA,PA,191474836,2674881099,PRESIDENT,333600000X|3336C0003X,tier_1_primary_pharmacy,Y,Y,
1386136505,LEHIGH CARE PHARMACY INC,59 W JUNIPER ST,,HAZLETON,PA,182016410,5704974970,MEMBER,333600000X|3336C0003X,tier_1_primary_pharmacy,Y,Y,
1306331475,"PHAR-MORE RX, LLC",29 BALA AVE,SUITE 114,BALA CYNWYD,PA,19004,4842784308,OFFICE MANAGER,3336C0003X,tier_1_primary_pharmacy,Y,Y,
1538654645,52ND & GIRARD PHARMACY,1200 N 52ND ST,,PHILADELPHIA,PA,191314315,2155886362,PARTNER,3336C0003X,tier_1_primary_pharmacy,Y,Y,
1265918940,"ANDREW BROWN'S DRUG STORE, INC.",5 WASHINGTON AVE,SUITE ONE,JERMYN,PA,18433,5702306172,PRESIDENT,333600000X,tier_1_primary_pharmacy,Y,Y,
1902383185,TB PHARMACY INC.,4931 N BROAD ST,,PHILADELPHIA,PA,191412215,2158425620,CEO,333600000X|3336C0003X,tier_1_primary_pharmacy,Y,Y,
1235616905,SCRANTON PHARMACY INC,311 MULBERRY ST,,SCRANTON,PA,185031230,5703447828,PRESIDENT,3336C0003X,tier_1_primary_pharmacy,Y,Y,
1801375506,HORSHAM PHARMACY LLC,316 HORSHAM RD STE E,,HORSHAM,PA,19044,2672825747,PHARMACIST,3336C0003X,tier_1_primary_pharmacy,Y,Y,
1669954210,WELLMART PHARMACY INC.,2363 E ALLEGHENY AVE,,PHILADELPHIA,PA,191344431,2154271603,PRESIDENT,333600000X|3336C0003X,tier_1_primary_pharmacy,Y,Y,
1386126803,DERRY STREET PHARMACY LLC,1304 DERRY ST,,HARRISBURG,PA,171041184,7175476219,PHARMACY MANAGER,3336C0003X|333600000X,tier_1_primary_pharmacy,Y,Y,
1750864047,YORK DRUG MART LLC,135 N DUKE ST STE 1,,YORK,PA,174011116,7173562650,PHARMACY MANAGER,3336C0003X,tier_1_primary_pharmacy,Y,Y,
1376018317,EMPIRE PHARMACY INC,7923A BUSTLETON AVE,,PHILADELPHIA,PA,191523302,2155166544,PRESIDENT,3336C0003X,tier_1_primary_pharmacy,Y,Y,
1578039723,EVOLVE RX LLC,1618 SCHADT AVE,,WHITEHALL,PA,180523702,6103516337,PHARMACY MANAGER,3336C0004X|3336L0003X|3336C0003X,tier_1_primary_pharmacy,Y,Y,
1962979708,NOCKLEY FAMILY PHARMACY INC,1150 S MAIN AVE STE 100,,SCRANTON,PA,185042956,5702071318,OWNER,3336C0003X,tier_1_primary_pharmacy,Y,Y,
1043788227,CLINICA PHARMACY INC,7157 OGONTZ AVE,,PHILADELPHIA,PA,19138,2159271385,MANAGER,3336C0003X,tier_1_primary_pharmacy,Y,Y,
1396214680,WIND GAP COMMUNITY PHARMACY INC,31 W 1ST ST UNIT B,,WIND GAP,PA,180911515,6108814260,PRESIDENT,3336C0003X,tier_1_primary_pharmacy,Y,Y,
1053881573,CENTENNIAL PHARMACY SERVICES INCORPORATED,1020 N DELAWARE AVE STE 200,,PHILADELPHIA,PA,191254334,2675345025,CEO/ PHARMACIST,3336C0003X,tier_1_primary_pharmacy,Y,Y,
1861962250,COATESVILLE COMMUNITY PHARMACY INC,260 E LINCOLN HWY,,COATESVILLE,PA,193203455,6103833800,MEMBER,3336C0003X,tier_1_primary_pharmacy,Y,Y,
1043780182,CARLISLE PHARMACY LLC,220 WILSON ST STE 100,,CARLISLE,PA,170133697,7179061246,OWNER,333600000X|3336C0004X|3336C0003X,tier_1_primary_pharmacy,Y,Y,
1316417355,POCONO COMMUNITY PHARMACY II INC,175 E BROWN ST STE 107,,EAST STROUDSBURG,PA,183013098,5706648226,PRESIDENT,3336C0003X,tier_1_primary_pharmacy,Y,Y,
1609346543,BRISTOL DISCOUNT PHARMACY INC,247 MILL ST,,BRISTOL,PA,190074803,2678125355,OWNER,3336C0003X,tier_1_primary_pharmacy,Y,Y,
1164992921,CHESTER COMMUNITY PHARMACY INC,2709 W 9TH ST,,CHESTER,PA,190132116,4844804090,PRESIDENT,3336C0003X,tier_1_primary_pharmacy,Y,Y,
1356813992,PANTHER CREEK PHARMACY LLC,74 W CATAWISSA ST,,NESQUEHONING,PA,182401509,5702735311,OWNER/PHARMACIST,3336C0003X,tier_1_primary_pharmacy,Y,Y,
1699247031,JAMES DRUG STORE - MARTINSBURG,2423 BETTS AVE INSIDE KEN'S BILO,,NORTHERN CAMBRIA,PA,15714,8144208551,OWNER,3336C0003X,tier_1_primary_pharmacy,Y,Y,
1447722632,"EVERGREEN PHARMACY II, INC.",702 DEKALB PIKE,,BLUE BELL,PA,194221214,6106160608,OWNER,3336C0003X,tier_1_primary_pharmacy,Y,Y,
1164994307,ARAMINGO PHARMACY LLC,2313 E VENANGO ST STE 1A,,PHILADELPHIA,PA,191344621,7329009852,PHARMACIST,3336C0003X,tier_1_primary_pharmacy,Y,Y,
1740754696,"MARTELLA'S PHARMACY OF LIGONIER, LLC",113 S FAIRFIELD ST STE 1,,LIGONIER,PA,156581163,7242386988,OWNER,3336C0003X,tier_1_primary_pharmacy,Y,Y,
1487119996,"ALLIANCE PA PHARMACY, LLC.",1235 PENN AVE STE 101,,WYOMISSING,PA,196102100,6103763000,PRESIDENT,3336C0003X|3336S0011X|333600000X,tier_1_primary_pharmacy,Y,Y,
1063978104,EDISON SQUARE PHARMACY,601 S 10TH ST,,PHILADELPHIA,PA,191471917,2675345856,MANAGER,3336C0003X,tier_1_primary_pharmacy,Y,Y,
1497212658,ZIOCARE RX INC,1335 EASTON RD,,WARRINGTON,PA,189761824,2674881215,PRESIDENT,3336C0003X,tier_1_primary_pharmacy,Y,Y,
1295292175,AUDUBON FAMILY PHARMACY INC,2812 EGYPT RD STE E,,AUDUBON,PA,194032195,4846006666,MEMBER,3336C0003X,tier_1_primary_pharmacy,Y,Y,
1386101269,SKIPPACK COMMUNITY PHARMACY INC,3801 SKIPPACK PIKE STE A1,,SKIPPACK,PA,194742085,4846006666,MEMBER,3336C0003X,tier_1_primary_pharmacy,Y,Y,
1609335983,BERWICK COMMUNITY PHARMACY INC,500 FOWLER AVE STE 202,,BERWICK,PA,186033326,5704974970,MEMBER,3336C0003X,tier_1_primary_pharmacy,Y,Y,
1093275588,READING COMMUNITY PHARMACY INC,526 PENN ST,,READING,PA,196021096,4845381614,MEMBER,3336C0003X,tier_1_primary_pharmacy,Y,Y,
1235690835,STAUFFERS DRUG STORE LTD,920 CHURCH ST STE 100,,LEBANON,PA,170464656,7174543530,CEO,3336C0003X,tier_1_primary_pharmacy,Y,Y,
1184186470,COTTMAN 1 PHARMACY LLC,1701 COTTMAN AVE,,PHILADELPHIA,PA,191113802,2157286300,MEMBER OF LLC,333600000X,tier_1_primary_pharmacy,Y,Y,
1407319338,YOCUMS PHARMACY 2 INC,1090 N CHURCH ST STE C,,HAZLE TOWNSHIP,PA,182021480,5704541135,MEMBER,3336C0003X,tier_1_primary_pharmacy,Y,Y,
1053874404,HATFIELD COMMUNITY PHARMACY INC,120 BETHLEHEM PIKE STE 103,,COLMAR,PA,189159405,4843927848,MEMBER,3336C0003X,tier_1_primary_pharmacy,Y,Y,
1619530508,MT. BETHEL PHARMACY INC,2165 MOUNT BETHEL HIGHWAY,UNIT 5,MOUNT BETHEL,PA,18343,5705832027,PRESIDENT,333600000X,tier_1_primary_pharmacy,Y,Y,
1770146367,MEDLY PHARMACY PA INC.,1222 WALNUT ST,,PHILADELPHIA,PA,191075466,2159416240,SVP PHARMACY SERVICES,3336C0003X,tier_1_primary_pharmacy,Y,Y,
1093379521,QWIK-MED PHARMACY LLC,369 LOCUST ST REAR,,COLUMBIA,PA,175121383,7174495636,OWNER,3336C0003X,tier_1_primary_pharmacy,Y,Y,
1760048672,RUBYS PHARMACY INC,509 MAIN ST STE 102,,SAXTON,PA,166781050,8146357488,PRESIDENT,3336C0003X,tier_1_primary_pharmacy,Y,Y,
1770140170,"RX PARTNERS, INC.",1860 CENTRE AVE,,PITTSBURGH,PA,152194369,4122460963,COO,3336C0003X,tier_1_primary_pharmacy,Y,Y,
1255998563,SOMERTON PHARMACY INC.,10806 BUSTLETON AVE,,PHILADELPHIA,PA,191163302,2159699700,OWNER,3336C0003X,tier_1_primary_pharmacy,Y,Y,
1932766011,COLONIAL FAMILY PHARMACY #2,5702 PEACH ST,,ERIE,PA,165092608,8148687805,CREDENTIALING SPECIALIST,3336C0003X,tier_1_primary_pharmacy,Y,Y,
1366000564,ALLEGHENY PLAZA PHARMACY,400 W ALLEGHENY AVE # B2,,PHILADELPHIA,PA,191333614,2156341212,PHARMACIST,3336C0003X,tier_1_primary_pharmacy,Y,Y,
1073171906,CATALENT PHARMACY SERVICES (PHL),3031 RED LION RD,,PHILADELPHIA,PA,191141123,2156133056,VP CLINICAL SUPPLY SERVICES,3336M0002X|3336S0011X|333600000X,tier_1_primary_pharmacy,Y,Y,
1366001083,KOP COMMUNITY PHARMACY INC,580 SHOEMAKER RD STE 140,,KING OF PRUSSIA,PA,194064203,8027250081,MEMBER,3336C0003X,tier_1_primary_pharmacy,Y,Y,
1518527381,SOLACE PHARMACY AND WELLNESS SHOP,1526 RIDGE AVE # CU,,PHILADELPHIA,PA,191302367,2677641328,OWNER,3336C0003X,tier_1_primary_pharmacy,Y,Y,
1720631658,COLLEGEVILLE PHARMACY INC,305 SECOND AVE STE 204,,COLLEGEVILLE,PA,194262682,4849918007,MEMBER,3336C0003X,tier_1_primary_pharmacy,Y,Y,
1912550575,SHWARTZ RX 5610 INC.,5610 LANCASTER AVE STE 200,,PHILADELPHIA,PA,191313440,2159213656,PRESIDENT,333600000X,tier_1_primary_pharmacy,Y,Y,
1780239855,"DARLING APOTHECARY, LLC",811 GRANDVIEW RD,STE 200,OIL CITY,PA,16301,8145169200,DIRECTOR OF OPERATIONS,3336C0003X,tier_1_primary_pharmacy,Y,Y,
1407403447,BROWNSVILLE PHARMACY INC,27 MARKET ST,,BROWNSVILLE,PA,154171787,7247857095,PHARMACY MANAGER,3336C0003X,tier_1_primary_pharmacy,Y,Y,
1174172274,AVON DISCOUNT PHARMACY LLC,10808 BUSTLETON AVE,,PHILADELPHIA,PA,191163302,2154648600,PRESIDENT,333600000X,tier_1_primary_pharmacy,Y,Y,
1881244937,"KING RX, LLC",29 BALA AVE STE 114,,BALA CYNWYD,PA,190043206,4842784308,PHARMACIST-IN-CHARGE,3336C0003X,tier_1_primary_pharmacy,Y,Y,
1164073458,CHALFONT PHARMACY INC.,1700 HORIZON DR STE 105,,CHALFONT,PA,189143950,2679568777,OWNER,3336C0003X,tier_1_primary_pharmacy,Y,Y,
1952942609,SHWARTZ RX 4017 INC.,4027 MARKET ST,,PHILADELPHIA,PA,191043002,2159215660,OWNER,333600000X,tier_1_primary_pharmacy,Y,Y,
1609417070,SDARBOUZE APOTHECARY INC.,5751 N BROAD ST STE 3,,PHILADELPHIA,PA,191412302,2154242611,OWNER,333600000X,tier_1_primary_pharmacy,Y,Y,
1083255418,WELLNESS FAMILY PHARMACY,3250 CHICHESTER AVE,,UPPER CHICHESTER,PA,190613250,6102342922,PHARMACIST/OWNER,3336C0003X,tier_1_primary_pharmacy,Y,Y,
1205479375,EMMAUS AVE PHARMACY INC,1932 S 4TH ST FRNT A,,ALLENTOWN,PA,181034929,4848603227,PRESIDENT,333600000X,tier_1_primary_pharmacy,Y,Y,
1881237311,UPPER DARBY COMMUNITY PHARMACY,57-59 LONG LANE,,UPPER DARBY,PA,19082,4433706964,MANAGER,333600000X,tier_1_primary_pharmacy,Y,Y,
1346883881,BLINK HEALTH PHARMACY LLC,5 PENN CTR W STE 200&500,,PITTSBURGH,PA,152760120,8449630320,"EVP, CLOUD AND SPECIALTY PHARMACY",333600000X|3336C0003X,tier_1_primary_pharmacy,Y,Y,
1871137208,MY PHILADELPHIA PHARMACY INC,2901 E THOMPSON ST,FRONT STORE,PHILADELPHIA,PA,19134,6095608082,PRESIDENT,333600000X,tier_1_primary_pharmacy,Y,Y,
1326683707,VISTA PHARMACY LLC,938 N 8TH ST,,READING,PA,196042308,6109276566,OWNER,333600000X|3336C0003X,tier_1_primary_pharmacy,Y,Y,
1891330031,PENNCARE PHARMACY,416 OAK LN,,PHILADELPHIA,PA,191263136,2154447525,OWNER,3336C0003X,tier_1_primary_pharmacy,Y,Y,
1114564945,PRIORITY CARE RX LLC,127 S 5TH ST STE 190,,QUAKERTOWN,PA,189511674,2159994411,OWNER/PHARMACY MANAGER,333600000X,tier_1_primary_pharmacy,Y,Y,
1851930978,ERIE PHARMACY,3800 W 12TH ST STE 3,,ERIE,PA,165053380,8144027123,PHARMACIST,3336C0003X,tier_1_primary_pharmacy,Y,Y,
1982244745,LIFE TREE PHARMACY SERVICES INC,5 BLUE HERON DR,,COLLEGEVILLE,PA,194262057,4849736805,CEO,333600000X,tier_1_primary_pharmacy,Y,Y,
1154951267,NEXTDOOR COMMUNITY PHARMACY INC,814 1/2 N 40TH ST,,PHILADELPHIA,PA,191044802,2159213191,PHARMACIST,3336C0003X,tier_1_primary_pharmacy,Y,Y,
1194355172,WYOMING PHARMACY LLC,333 E WYOMING AVE,,PHILADELPHIA,PA,191204434,2153331555,PHARMACIST IN CHARGE,3336C0003X,tier_1_primary_pharmacy,Y,Y,
1497385280,LEHIGH COMMUNITY PHARMACY INC,207 N 6TH ST,,ALLENTOWN,PA,181024111,6099154999,PHARMACY MANAGER,333600000X,tier_1_primary_pharmacy,Y,Y,
1710517123,SUPERDRUG PHARMACY 2 INC,3227 KENSINGTON AVE,,PHILADELPHIA,PA,191341934,2154546112,PRESIDENT,3336C0003X,tier_1_primary_pharmacy,Y,Y,
1114559713,BROAD AND SNYDER PHARMACY P C,2108 S BROAD ST FL 1,,PHILADELPHIA,PA,191453905,2673243039,PHARMACY MANAGER,3336C0003X,tier_1_primary_pharmacy,Y,Y,
1962036806,CARE DISCOUNT PHARMACY,5610 DERRY ST STE 5,,HARRISBURG,PA,171113518,7179009200,MEMBER,333600000X|3336C0003X,tier_1_primary_pharmacy,Y,Y,
1609401926,BLUEBERRY PHARMACY,1018 W VIEW PARK DR,,PITTSBURGH,PA,152291771,4126122279,MANAGER,3336C0003X,tier_1_primary_pharmacy,Y,Y,
1427687177,KINGSTON COMMUNITY PHARMACY INC.,511 PIERCE ST UNIT 1,,KINGSTON,PA,187045731,4842745192,PRESIDENT,3336C0003X,tier_1_primary_pharmacy,Y,Y,
1619596475,"UNIVERSAL PHARMACY SERVICES, LLC",313 HENDERSON DR,,SHARON HILL,PA,190791034,2679010000,DIRECTOR,3336C0003X|3336S0011X,tier_1_primary_pharmacy,Y,Y,
1295355428,JOES PHARMACY,2401 PENNSYLVANIA AVE,,PHILADELPHIA,PA,191303010,2679752281,PHARMACIST IN CHARGE/ OWNER,3336C0003X,tier_1_primary_pharmacy,Y,Y,
1225658693,MACUNGIE COMMUNITY PHARMACY INC,6465 VILLAGE LN STE 9,,MACUNGIE,PA,180628474,9788638342,PRESIDENT,3336C0003X,tier_1_primary_pharmacy,Y,Y,
1043831761,WILLIAMSBURG PHARMACY INC,318 E 1ST ST,,WILLIAMSBURG,PA,166931006,2405275556,PRESIDENT,3336C0003X,tier_1_primary_pharmacy,Y,Y,
1942821517,LONG LANE DISCOUNT PHARMACY LLC,434 LONG LN,,UPPER DARBY,PA,190825196,4844694966,PIC,333600000X|3336C0003X,tier_1_primary_pharmacy,Y,Y,
1386269033,SAN JUAN PHARMACY LLC,200 W BUTTONWOOD ST,,READING,PA,196012603,4843390911,PHARMACIST IN CHARGE,333600000X|3336C0003X,tier_1_primary_pharmacy,Y,Y,
1417572538,"TOWN CENTER PHARMACY, INC",606 WHARTON BLVD,,EXTON,PA,193411184,6104583767,PHARMACIST,3336L0003X|3336C0003X,tier_1_primary_pharmacy,Y,Y,
1912523689,HALLSTEAD FAMILY PHARMACY LLC,36 ROSE ST,,HALLSTEAD,PA,18822,5708799553,MANAGING MEMBER,3336C0003X,tier_1_primary_pharmacy,Y,Y,
1184241408,ROOSEVELT PHARMACY LLC,2600 COTTMAN AVE,,PHILADELPHIA,PA,191491301,7329009852,OWNER,3336C0003X,tier_1_primary_pharmacy,Y,Y,
1811506561,TEMPLE COMMUNITY PHARMACY,3535 N 5TH STREET HWY STE 2,,READING,PA,196051703,4843171600,OWNER,333600000X,tier_1_primary_pharmacy,Y,Y,
1275146177,NEWPORT PHARMACY LLC,57 S 2ND ST,,NEWPORT,PA,170741402,7172047676,OWNER,3336C0003X,tier_1_primary_pharmacy,Y,Y,
1184238339,ANGEL CARE PHARMACY LLC,7223A RISING SUN AVE,,PHILADELPHIA,PA,191113926,6107083858,OWNER,3336C0003X|3336M0002X|3336S0011X,tier_2_secondary_pharmacy,N,Y,
1801493606,SOMERSET PHARMACY LLC,216 W SOMERSET ST,,PHILADELPHIA,PA,191333534,2675344030,PRESIDENT,333600000X|3336C0003X,tier_1_primary_pharmacy,Y,Y,
1538769864,LUZERNE DISCOUNT PHARMACY INC,101 MAIN ST UNIT D,,LUZERNE,PA,187091209,4842745428,OWNER,3336C0003X,tier_1_primary_pharmacy,Y,Y,
1245830421,OP PHARMACY LLC,7000 STONEWOOD DR STE 230,,WEXFORD,PA,150907376,7245771341,SECRETARY/MANAGING MEMBER,3336C0004X|3336C0003X,tier_1_primary_pharmacy,Y,Y,
1871198143,IN NETWORK PHARMACY LLC,160 N POINTE BLVD STE 106,,LANCASTER,PA,176014134,7178446444,ADMINISTRATOR,333600000X,tier_1_primary_pharmacy,Y,Y,
1548859150,LEHIGHTON PHARMACY INC,428 S 7TH ST,,LEHIGHTON,PA,182351818,4842745192,PRESIDENT,3336C0003X,tier_1_primary_pharmacy,Y,Y,
1144811894,EMMAUS DRUG STORE INC,6 S 4TH ST,,EMMAUS,PA,180492701,6104216400,OWNER,333600000X,tier_1_primary_pharmacy,Y,Y,
1598356883,KUSH PHARMACY LLC,990 ISABEL DR,,LEBANON,PA,170427483,7177755108,PHARMACY IN CHARGE,3336C0003X,tier_1_primary_pharmacy,Y,Y,
1003401134,EMAX PHARMACY,4918 BALTIMORE AVE,,PHILADELPHIA,PA,191433380,2674552153,PHARMACY MANAGER,333600000X|3336C0003X,tier_1_primary_pharmacy,Y,Y,
1518542653,MMC PHARMACY INC,404 NORTH ST,,MEADVILLE,PA,163352562,8143376600,MANAGER,3336C0003X,tier_1_primary_pharmacy,Y,Y,
1053998070,PHARMACY OF AMERICA VIII INC,7522 FRANKFORD AVE,,PHILADELPHIA,PA,191363533,2159146911,PRESIDENT & CEO,333600000X,tier_1_primary_pharmacy,Y,Y,
1508446212,TERRANOVA RX,2590 N READING RD,,DENVER,PA,175179153,7174842649,PRESIDENT,3336C0003X,tier_1_primary_pharmacy,Y,Y,
1518541267,"GEISINGER PHARMACY, LLC",68 SPRING STREET,,LOCK HAVEN,PA,17745,5702635830,VP ENTERPRISE PHARMACY,3336C0003X,tier_1_primary_pharmacy,Y,Y,
1811561467,"RITECHOICE PHARMACY VI, LLC",125 E 9TH ST FL 1,,CHESTER,PA,190136019,4844822854,PRESIDENT,3336S0011X|3336C0003X,tier_1_primary_pharmacy,Y,Y,
1871168559,SKYLINE PHARMACY INC,6648 FRANKFORD AVE FL 1,,PHILADELPHIA,PA,191352540,2159489542,PRESIDENT,3336C0003X,tier_1_primary_pharmacy,Y,Y,
1700452158,KLINGENSMITH DRUG INC,4075 THIRD STREET,,NUMINE,PA,162440172,7247837341,LEAD TECH/3RD PARTY BILLING ADMIN,3336C0003X|3336L0003X,tier_1_primary_pharmacy,Y,Y,
1972172450,BALBOA PHARMACY LLC,780 5TH AVE STE 160,,KING OF PRUSSIA,PA,194061463,6503535495,OFFICERE,3336C0003X,tier_1_primary_pharmacy,Y,Y,
1811567779,NOVUS PHARMACY SERVICES,1565 LINDEN ST,,BETHLEHEM,PA,180174744,6108675365,OWNER,333600000X,tier_1_primary_pharmacy,Y,Y,
1477124170,LINDEN PHARMACY LIMITED LIABILITY COMPANY,3010 LINDEN ST,,BETHLEHEM,PA,180173236,6104190038,PHARMACIST,3336C0003X,tier_1_primary_pharmacy,Y,Y,
1417520586,GEISINGER PHARMACY LLC,27 CJEMS LN,,MIFFLINTOWN,PA,170598384,7174360170,VP ENTERPRISE PHARMACY,3336C0003X,tier_1_primary_pharmacy,Y,Y,
1063187144,"POLARIS PHARMACY SERVICES OF PENNSYLVANIA, LLC",2000 CLAIRTON RD,,WEST MIFFLIN,PA,151223010,4126552151,"CORPORATE DIRECTOR OF COMPLIANCE, C",333600000X|3336L0003X,tier_1_primary_pharmacy,Y,Y,
1669148151,NEW HOPE PHARMACY AND WELLNESS L.L.C,"3 VILLAGE ROW, LOGAN SQUARE",,NEW HOPE,PA,189381893,2677402950,PHARMACIST,3336C0003X,tier_1_primary_pharmacy,Y,Y,
1770250029,SR PHARMACY,3831 WALNUT ST UNIT C,,HARRISBURG,PA,171092533,7172208874,PHARMACIST,3336C0003X,tier_1_primary_pharmacy,Y,Y,
1114695095,CASH PHARMACY,3715 W LAKE RD,,ERIE,PA,165053403,6143976687,PRESIDENT,3336C0004X|3336H0001X|3336S0011X|3336C0003X,tier_1_primary_pharmacy,Y,Y,
1457015141,"ASTI'S WASHINGTON PHARMACY, LLC",817 JEFFERSON AVE STE 101,,WASHINGTON,PA,153013822,4125611998,DIRECTOR OF PHARMACY,3336C0003X,tier_1_primary_pharmacy,Y,Y,
1780340935,"GEISINGER PHARMACY, LLC",428 WINDMERE DR,,STATE COLLEGE,PA,168017644,5702144057,VP ENTERPRISE PHARMACY,333600000X,tier_1_primary_pharmacy,Y,Y,
1922765908,LIFETIME PHARMACY LLC,413 E WYOMING AVE,,PHILADELPHIA,PA,191204532,2678109506,OWNER,333600000X,tier_1_primary_pharmacy,Y,Y,
1083373955,LIFESPRING PHARMACY INC,1415 STENTON AVE,,PHILADELPHIA,PA,191412011,2153090190,MANAGER,333600000X,tier_1_primary_pharmacy,Y,Y,
1962161059,FORD PHARMACY LLC,3217 WILLITS RD STE C,,PHILADELPHIA,PA,191143828,2155445555,MANAGER,3336C0003X,tier_1_primary_pharmacy,Y,Y,
1245990084,"DARLING APOTHECARY, LLC","650 EAST AVENUE, SUITE 112",,ERIE,PA,16503,8143510503,DIRECTOR OF OPERATIONS,333600000X,tier_1_primary_pharmacy,Y,Y,
1881354637,MACUNGIE RX INC,6465 VILLAGE LN STE 9,,MACUNGIE,PA,180628474,6104218200,PRESIDENT,3336C0003X,tier_1_primary_pharmacy,Y,Y,
1699435446,EMMAUS RX INC,1932 S 4TH ST FRNT A,,ALLENTOWN,PA,181034929,4848603227,PRESIDENT,3336C0003X,tier_1_primary_pharmacy,Y,Y,
1538817408,JAI AMBE RX LLC,7960 VERREE RD,,PHILADELPHIA,PA,191112531,2153420100,MANAGING MEMBER,333600000X|3336S0011X|3336C0003X,tier_1_primary_pharmacy,Y,Y,
1497404198,"RITECHOICE PHARMACY I, LLC",6120 WOODLAND AVE FL 2,SUITE B,PHILADELPHIA,PA,191423200,2673505174,PRESIDENT,3336S0011X|3336C0003X,tier_1_primary_pharmacy,Y,Y,
1225772932,RAPID RX PHARMACY LLC,1131 W HAMILTON ST,,ALLENTOWN,PA,181011047,6107075510,OWNER,3336C0003X,tier_1_primary_pharmacy,Y,Y,
1053057646,EFFORT PHARMACY INC,3265 ROUTE 115 UNIT 9,,EFFORT,PA,183309526,5706649925,PRESIDENT,3336C0003X,tier_1_primary_pharmacy,Y,Y,
1487390340,TITUSVILLE EXPRESS PHARMACY INC,401 W SPRING ST,,TITUSVILLE,PA,163542169,8148275719,PRESIDENT/CEO HOME CARE CONNECTIONS,3336C0003X,tier_1_primary_pharmacy,Y,Y,
1740927086,"GEISINGER PHARMACY, LLC",255 ROUTE 220 HWY STE B,,MUNCY,PA,177567569,5703082420,CHIEF PHARMACY OFFICER,3336C0003X,tier_1_primary_pharmacy,Y,Y,
1396483004,"MEP RX, LLC",5075 EDGMONT AVE,,BROOKHAVEN,PA,190151202,6105662226,OWNER,3336C0003X,tier_1_primary_pharmacy,Y,Y,
1538808654,HENRYS PHARMACY LLC,10000 MOLLY PITCHER HWY,,SHIPPENSBURG,PA,172578502,7175325812,PRESIDENT,3336C0003X,tier_1_primary_pharmacy,Y,Y,
1629717947,EPHRATA PHARMACY LLC,4 E MAIN ST,,EPHRATA,PA,17522,2676645029,PIC,3336C0003X,tier_1_primary_pharmacy,Y,Y,
1952020802,HEALTH RX LLC,1316 HANOVER AVE,,ALLENTOWN,PA,181092019,4842012390,PHARMACY MANAGER/ OWNER,3336C0003X,tier_1_primary_pharmacy,Y,Y,
1912620717,"OLIVERO RURAL PHARMACY, INC",1243 SKYTOP MOUNTAIN RD STE R3,,PORT MATILDA,PA,168707725,8144993009,MEDICAL DIRECTOR,333600000X|3336C0003X,tier_1_primary_pharmacy,Y,Y,
1003531773,"JOHNSON'S PHARMACY OF CONYNGHAM, INC",345 MAIN STREET,,CONYNGHAM,PA,18219,5706505639,OWNER,333600000X,tier_1_primary_pharmacy,Y,Y,
1508582362,ADAPT RX LLC,1471 LEHIGH ST UNIT 28,,ALLENTOWN,PA,181033811,4844436337,PHARMACY MANAGER,3336C0004X|3336C0003X,tier_1_primary_pharmacy,Y,Y,
1821714502,ALBERTS PHARMACY INC,70 N CHURCH ST,,CARBONDALE,PA,184071912,5709809705,PRESIDENT,3336C0003X,tier_1_primary_pharmacy,Y,Y,
1528785649,JC PHARMACY DF LLC,1592 ROUTE 739,,DINGMANS FERRY,PA,183283513,5708284314,PRESIDENT,3336C0003X,tier_1_primary_pharmacy,Y,Y,
1649997271,NOCKLEY FAMILY PHARMACY INC,50 N WALNUT ST STE 101,,NANTICOKE,PA,186341606,5707362177,OWNER,3336C0003X,tier_1_primary_pharmacy,Y,Y,
1790493377,CLAYSVILLE PHARMACY LLC,555 ROUTE 88,,CARMICHAELS,PA,153201173,7249665237,PRESIDENT,3336C0003X,tier_1_primary_pharmacy,Y,Y,
1033820113,BH PHARMACY LLC,2600 COTTMAN AVE,,PHILADELPHIA,PA,191491301,2678177717,OWNER,3336C0003X,tier_1_primary_pharmacy,Y,Y,
1871207423,BRR PHARMACY LLC,101 E LEHIGH AVE,,PHILADELPHIA,PA,191251011,2154252800,MANAGING PARTNER,3336C0003X,tier_1_primary_pharmacy,Y,Y,
1477267888,PALMERTON PHARMACY INC,330 DELAWARE AVE,,PALMERTON,PA,180711814,6109004999,PRESIDENT,3336C0003X,tier_1_primary_pharmacy,Y,Y,
1518664085,BELLS MARKET PHARMACY II LLC,1055 BUSTLETON PIKE,,FEASTERVILLE TREVOSE,PA,190537608,2679884600,VICE PRESIDENT,333600000X,tier_1_primary_pharmacy,Y,Y,
1669172805,RXSAVERS PHARMACY LLC,515 LANCASTER AVE,,READING,PA,196111633,4843395277,MANAGER,3336C0003X,tier_1_primary_pharmacy,Y,Y,
1386346401,MEDPLUS PHARMACY INC,2410 RHAWN ST,,PHILADELPHIA,PA,191523324,2159411220,PHARMACY MANAGER,3336C0003X,tier_1_primary_pharmacy,Y,Y,
1720783327,PUBLIC DRUG RX,6925 LUDLOW ST,,UPPER DARBY,PA,190822304,6109319271,OWNER,333600000X,tier_1_primary_pharmacy,Y,Y,
1184319410,LOYAL PHARMACY LLC,12000 BUSTLETON AVE STE 110,,PHILADELPHIA,PA,191162151,2157893061,PRESIDENT,3336C0003X,tier_1_primary_pharmacy,Y,Y,
1316636905,HORSHAM RX LLC,1116 HORSHAM RD STE 8,,AMBLER,PA,190021143,2159709776,SOLE MEMBER,3336C0003X,tier_1_primary_pharmacy,Y,Y,
1487343943,PHARMACY OF AMERICA IX INC,1000 COTTMAN AVE,,PHILADELPHIA,PA,191113644,2672371188,PRESIDENT & CEO,3336C0003X,tier_1_primary_pharmacy,Y,Y,
1033809199,BENSALEM HEALTH PHARMACY LLC,2112 STREET RD,,BENSALEM,PA,190203757,2152444244,PHARMACY MANAGER/OWNER,333600000X,tier_1_primary_pharmacy,Y,Y,
1023709524,FAMILY 1 HEALTH PHARMACY LLC,4005 VETERANS HWY,,LEVITTOWN,PA,190563406,2159432221,PHARMACY MANAGER/ OWNER,3336C0003X,tier_1_primary_pharmacy,Y,Y,
1285325373,LOTUS PHARMACY LLC,25 GATEWAY DR STE A107,,MECHANICSBURG,PA,170502930,7174585451,CEO,3336C0003X,tier_1_primary_pharmacy,Y,Y,
1073205969,GREEN PHARMACY AND STORE LLC,4931 N BROAD ST,,PHILADELPHIA,PA,191412254,2679968770,PRESIDENT,3336C0003X,tier_1_primary_pharmacy,Y,Y,
1407540578,STEEL TOWN PHARMACY INC,5239 BROWNSVILLE RD STE A,,PITTSBURGH,PA,152362756,4127975239,VICE PRESIDENT,333600000X|3336C0003X,tier_1_primary_pharmacy,Y,Y,
1164106290,GEISINGER PHARMACY LLC,10 GATEWAY DR,,REEDSVILLE,PA,170849641,7173639315,CHIEF PHARMACY OFFICER,3336C0003X,tier_1_primary_pharmacy,Y,Y,
1639952898,EPIC PHARMACY,261 OLD YORK RD LBBY 212,,JENKINTOWN,PA,190463724,8887179473,CEO,3336C0003X,tier_1_primary_pharmacy,Y,Y,
1417731209,SHREE PHARMACY LLC,5604 N BROAD ST,,PHILADELPHIA,PA,191412322,2159270224,OWNER,3336C0003X,tier_1_primary_pharmacy,Y,Y,
1427820331,WE CARE PHARMACY 2 INC,2910 EASTON AVE UNIT 9,,BETHLEHEM,PA,180174282,6104194111,DIRECTOR,3336C0003X,tier_1_primary_pharmacy,Y,Y,
1750154837,BIACON COMMUNITY PHARMACY LLC,4904 PENNELL RD,,ASTON,PA,190141867,4844803616,PARTNER,3336C0003X,tier_1_primary_pharmacy,Y,Y,
1669247219,FORWARD RX LLC,809 3RD AVE,,NEW BRIGHTON,PA,150661914,7242466257,PRESIDENT,3336C0003X,tier_1_primary_pharmacy,Y,Y,
1881463990,NEW FALLS PHARMACY,2235 VETERANS HWY,,LEVITTOWN,PA,190563001,2152697000,PRESIDENT & PIC,3336C0003X,tier_1_primary_pharmacy,Y,Y,
1831969369,FIVE POINTS PHARMACY LLC,7100 NEW FALLS RD,,LEVITTOWN,PA,190551003,2153929544,PRESIDENT,3336C0003X,tier_1_primary_pharmacy,Y,Y,
1457121550,COMMUNITY PHARMACY SERVICES,245 N MAIN ST STE 211,,AMBLER,PA,190024291,2156027779,OWNER,333600000X|3336L0003X,tier_1_primary_pharmacy,Y,Y,
1225809304,FORTUNE PHARMACY INC,1649 S 15TH ST,,PHILADELPHIA,PA,191451501,2156928981,PRESIDENT,3336C0003X,tier_1_primary_pharmacy,Y,Y,
1346002631,LIFELINE PLUS PHARMACY LLC,3860 UNION DEPOSIT RD,,HARRISBURG,PA,171095919,7174414948,PHARMACY DIRECTOR,3336C0003X,tier_1_primary_pharmacy,Y,Y,
1982469094,SINKING SPRING PHARMACY INC,3580 PENN AVE STE 2,,SINKING SPRING,PA,196081188,6104844321,PHARMACIST,3336C0003X,tier_1_primary_pharmacy,Y,Y,
1245097443,WELLNESS PHARMACY INC.,7261 REVERE ST,,PHILADELPHIA,PA,191491429,2157826688,OWNER,333600000X|3336C0003X,tier_1_primary_pharmacy,Y,Y,
1245090943,WAYNESBORO RX LLC,604 E MAIN ST,,WAYNESBORO,PA,172682387,7177622915,LLC MEMBER,3336C0003X,tier_1_primary_pharmacy,Y,Y,
1366292880,FMH PHARMACY LLC,40 24TH STREET,6TH FLOOR,PITTSBURGH,PA,15222,4127553241,"MANAGER, CHIEF EXECUTIVE OFFICER",333600000X,tier_1_primary_pharmacy,Y,Y,
1891543690,PLEASANT HILLS RX LLC,25 GILL HALL RD STE 2,,CLAIRTON,PA,150253004,4126537566,SOLE MEMBER,3336C0004X|3336C0003X,tier_1_primary_pharmacy,Y,Y,
1578311361,DARLINGS PHARMACY,137 COLLEGE AVE,,FACTORYVILLE,PA,184197719,5708026499,PIC/OWNER,3336C0004X|3336C0003X,tier_1_primary_pharmacy,Y,Y,
1710726641,WILSON'S PHARMACY,4101 PENN AVE STE A,,PITTSBURGH,PA,152241326,4126216471,OWNER,3336C0003X,tier_1_primary_pharmacy,Y,Y,
1033959895,"AZMAJT RETAIL PHARMACY, LLC",1 N CENTRAL AVE,,CANONSBURG,PA,153171301,7247456480,OWNER/MANAGER,333600000X,tier_1_primary_pharmacy,Y,Y,
1578305306,POLISH AMERICAN PHARMACY LLC,1545 N 9TH ST STE 150,,STROUDSBURG,PA,183606505,3475140294,OWNER/PHARMACIST,3336C0003X,tier_1_primary_pharmacy,Y,Y,
1467296996,MEDICAL ARTS PHARMACY II LLC,223 PENROSE PL,,CARLISLE,PA,170134014,7179061246,OWNER,333600000X|3336C0003X,tier_1_primary_pharmacy,Y,Y,
1992541411,GEISINGER PHARMACY LLC,620 BALTIMORE DR STE 210,,WILKES BARRE,PA,187027983,5708084521,CHIEF PHARMACY OFFICER,333600000X,tier_1_primary_pharmacy,Y,Y,
1235968363,"AZMAJT RETAIL PHARMACY, LLC",1 N CENTRAL AVE,,CANONSBURG,PA,153171301,7247456480,OWNER,333600000X|3336L0003X,tier_1_primary_pharmacy,Y,Y,
1124858857,UNICARE PHARMACY LLC,1300 S 53RD ST,,PHILADELPHIA,PA,191434902,2677032488,AUTHORIZED OFFICIAL,3336C0003X,tier_1_primary_pharmacy,Y,Y,
1083445522,CHELTEN AVENUE PHARMACY INC,2137 E CHELTEN AVE,,PHILADELPHIA,PA,191382534,2677666713,PRESIDENT,333600000X,tier_1_primary_pharmacy,Y,Y,
1396570073,RITECHOICE RX HUB LLC,2520 N 2ND ST BLDG B,,PHILADELPHIA,PA,191333464,2159148834,CEO,3336S0011X|3336C0003X,tier_1_primary_pharmacy,Y,Y,
1801615075,SHREE HARIJI PHARMACY LLC,163 E LEHIGH AVE,,PHILADELPHIA,PA,191251011,2156109055,OWNER,3336C0003X,tier_1_primary_pharmacy,Y,Y,
1285458166,PRIMOS PHARMACY,4101 N 5TH ST,,PHILADELPHIA,PA,191402613,2153372987,PRESIDENT,3336C0003X,tier_1_primary_pharmacy,Y,Y,
1942025234,HOPKINS HEALTH AND DRUG,7700 RIDGE AVE,,PHILADELPHIA,PA,191283140,2154830900,OWNER,3336C0003X,tier_1_primary_pharmacy,Y,Y,
1073329272,3D PHARMACY SERVICES LLC,1207 2ND ST,,CRESSON,PA,166301164,8148842114,PHARMACIST/ OWNER,3336C0003X,tier_1_primary_pharmacy,Y,Y,
1568279107,"GEISINGER PHARMACY, LLC",300 HOLLYWOOD BLVD,,ORWIGSBURG,PA,179612426,5709681326,CHIEF PHARMACY OFFICER,3336C0003X,tier_1_primary_pharmacy,Y,Y,
1508677253,PLEASANT VALLEY PHARMACY INC,1457 ROUTE 209 STE 101A,,BRODHEADSVILLE,PA,183227153,5709924839,DIRECTOR,3336C0003X,tier_1_primary_pharmacy,Y,Y,
1548072259,CAREMAR PHARMACY INC,603 N 7TH ST,,ALLENTOWN,PA,181021671,4846551900,CEO,3336C0003X,tier_1_primary_pharmacy,Y,Y,
1528872678,HIGH STREET PHARMACY INC,307 E HIGH ST STE 1,,POTTSTOWN,PA,19464,6109735767,OWNER,3336C0003X,tier_1_primary_pharmacy,Y,Y,
1366257347,MMC PHARMACY INC,180 N FRANKLIN ST,,COCHRANTON,PA,163149706,8146380040,DIRECTOR OF PHARMACY SERVICES,3336C0003X,tier_1_primary_pharmacy,Y,Y,
1417753161,SHREE HARIJI PHARMACY LLC,163 E LEHIGH AVE,,PHILADELPHIA,PA,191251011,2156109055,OWNER,3336C0003X|3336L0003X,tier_1_primary_pharmacy,Y,Y,
1245038363,SANCTUS PHARMACY INC,2435 BUTLER ST,,EASTON,PA,180425302,6108299205,OWNER,3336C0003X,tier_1_primary_pharmacy,Y,Y,
1578361168,PENN SPECIALTY PHARMACY LLC,161 W TILGHMAN ST,,ALLENTOWN,PA,181022519,2012389818,PRESIDENT,3336C0003X,tier_1_primary_pharmacy,Y,Y,
1114726346,ESTERN VALLEY PHARMACY INC,1729 W TILGHMAN ST,,ALLENTOWN,PA,181044158,4849605120,OWNER,3336C0003X,tier_1_primary_pharmacy,Y,Y,
1679376958,TODAH PHARMACY LLC,7024 ELMWOOD AVE,,PHILADELPHIA,PA,191421722,2159709900,MANAGER,3336C0003X,tier_1_primary_pharmacy,Y,Y,
1346044070,CARE BRIDGE PHARMACY LLC,1932 DELMAR DR,,FOLCROFT,PA,190321401,4844945111,PIC,333600000X,tier_1_primary_pharmacy,Y,Y,
1760278543,PROHEALTH PHARMACY CORP,7400 ELMWOOD AVE,,PHILADELPHIA,PA,191531415,2154925445,OWNER,3336C0003X,tier_1_primary_pharmacy,Y,Y,
1073300174,SUSQUEHANNA FAMILY PHARMACY LLC,2872 TURNPIKE ST FL 1,,SUSQUEHANNA,PA,188472771,5708537553,LLC MANAGER,3336C0003X,tier_1_primary_pharmacy,Y,Y,
1467240499,EXPRESS PHARMACY LLC,7454 DERRY ST,,HARRISBURG,PA,17111,4692350302,OWNER,3336C0003X,tier_1_primary_pharmacy,Y,Y,
1720871312,CTD PHARMACY LLC,390 LINCOLN AVE STE B2,,HATBORO,PA,190402226,2155095663,OWNER,333600000X,tier_1_primary_pharmacy,Y,Y,
1013700442,EXETER COMMUNITY PHARMACY LLC,3811 PERKIOMEN AVE,,READING,PA,196062716,4843393837,OWNER,333600000X|3336C0003X,tier_1_primary_pharmacy,Y,Y,
1184511404,ALTO PHARMACY LLC,2 BALA PLZ STE IL1,,BALA CYNWYD,PA,190041503,8008745881,"SENIOR MANAGER, REIMBURSEMENTS",3336C0003X,tier_1_primary_pharmacy,Y,Y,
1730077355,SPARTAN PHARMACY INC,3528 BROWNSVILLE RD,,PITTSBURGH,PA,152273116,4128854700,PRESIDENT,333600000X|3336C0003X,tier_1_primary_pharmacy,Y,Y,
1669369369,WYOMING VALLEY PHARMACY INC,511 PIERCE ST UNIT 1,,KINGSTON,PA,187045731,4847506836,DIRECTOR,3336C0003X,tier_1_primary_pharmacy,Y,Y,
1386532588,"DARLING APOTHECARY, LLC",101 NORTH MAIN ST,,COUDERSPORT,PA,16915,8147388383,DIRECTOR OF OPERATIONS,333600000X|3336C0003X,tier_1_primary_pharmacy,Y,Y,
1568350437,MINERSS SPECIALTY PHARMACY INC,36A KINGS VLG,,MINERSVILLE,PA,179541902,2722072598,OWNER,3336C0003X,tier_1_primary_pharmacy,Y,Y,
1467344416,FRACKVILLE PHARMACY INC,538 ALTAMONT BLVD,,FRACKVILLE,PA,179312410,2722072668,OWNER,3336C0003X,tier_1_primary_pharmacy,Y,Y,
1942182837,IT TAKES TWO PHARMACY LLC,3557 N 5TH ST,,PHILADELPHIA,PA,191404548,2155328602,OWNER,3336C0003X,tier_1_primary_pharmacy,Y,Y,
1477435204,"GEISINGER PHARMACY, LLC",240 MALL BLVD STE 104,,BLOOMSBURG,PA,178158306,5704168241,CHIEF PHARMACY OFFICER,3336C0003X,tier_1_primary_pharmacy,Y,Y,
1902788235,PANTHER FAMILY PHARMACY INC,28 W RIDGE ST,,LANSFORD,PA,182321330,5705078792,OWNER,3336C0003X,tier_1_primary_pharmacy,Y,Y,
1104709187,KHODAL RX LLC,7960 VERREE RD,,PHILADELPHIA,PA,191112531,2153420100,PHARMACY OWNER,333600000X|3336S0011X|3336C0003X,tier_1_primary_pharmacy,Y,Y,
1053295006,SUNNY PHARMACY 2 LLC,4307 LOCUST ST,,PHILADELPHIA,PA,191045727,6108884714,OWNER,3336C0003X,tier_1_primary_pharmacy,Y,Y,
1508742859,BRIDGEPOINT PHARMACY INC,247 MILL ST,,BRISTOL,PA,190074803,2678125355,OWNER,333600000X|3336C0003X,tier_1_primary_pharmacy,Y,Y,
1922985720,NAMASTE PHARMACY & CONVENIENCE LLC,665 N EAST ST,,CARLISLE,PA,170132004,7172751555,OWNER,3336C0003X,tier_1_primary_pharmacy,Y,Y,
1750269734,"DREXEL PLAN RX, LLC",403 SHADELAND AVE,,DREXEL HILL,PA,190261437,4844978558,OWNER,333600000X,tier_1_primary_pharmacy,Y,Y,
1891673778,LAKESIDE DISCOUNT PHARMACY INC.,2515 ROUTE 6,,HAWLEY,PA,184287050,9292183204,PRESIDENT,3336C0003X,tier_1_primary_pharmacy,Y,Y,
1124908470,MEDFLOW PHARMACY LLC,5201 SPRING RD STE 16,,SHERMANS DALE,PA,170908539,7178316407,OWNER,3336C0003X,tier_1_primary_pharmacy,Y,Y,
1154297810,BANGOR PLAZA DRUG INC,1309 BLUE VALLEY DR UNIT 4B,,PEN ARGYL,PA,180721825,2722299860,OWNER,3336C0003X,tier_1_primary_pharmacy,Y,Y,
1063388734,SUNRISE PHARMACY INC,141 SOUTH ST,,LEHIGHTON,PA,182352044,4847505372,OWNER,3336C0003X,tier_1_primary_pharmacy,Y,Y,
1790651107,INTRA-NATIONAL PHARMACY SCRANTON LLC,215 HICKORY ST STE 1,,SCRANTON,PA,185051165,5708006020,OWNER,3336C0003X,tier_1_primary_pharmacy,Y,Y,
1902773997,SUNNY PHARMACY 2 LLC,4307 LOCUST ST,,PHILADELPHIA,PA,191045727,6102590660,OWNER,3336C0003X,tier_1_primary_pharmacy,Y,Y,
1588524011,RXDN PHARMACY LLC,8848 FRANKFORD AVE,,PHILADELPHIA,PA,191361313,8008008769,DIRECTOR,333600000X,tier_1_primary_pharmacy,Y,Y,
1184585184,INTRA-NATIONAL PHARMACY HARRISBURG LLC,7799 ALLENTOWN BLVD STE 100,,HARRISBURG,PA,171123771,7179989669,OWNER,3336C0003X,tier_1_primary_pharmacy,Y,Y,
1952262651,EMMAUS DRUG STORE INC,6 S 4TH ST,,EMMAUS,PA,180492701,6104216400,OWNER,333600000X|3336L0003X,tier_1_primary_pharmacy,Y,Y,
1477414944,TAMAQAA DRUG STORE INC,46 W BROAD ST,,TAMAQUA,PA,182521966,4842299748,OWNER,3336C0003X,tier_1_primary_pharmacy,Y,Y,
1437011434,WELLNATION PHARMACY LLC,110 W MCMURRAY RD STE A,,MC MURRAY,PA,153172496,4127129075,OWNER/AUTHORIZED OFFICIAL,3336C0003X,tier_1_primary_pharmacy,Y,Y,
1750246880,GANESH RX INC,135 S MAIN ST,,COOPERSBURG,PA,180361912,6102820173,MANAGER PHARMACIST/PRESIDENT,333600000X,tier_1_primary_pharmacy,Y,Y,
1114885779,HOMECARE RX PHARMACY LLC,2000 S 19TH ST,,PHILADELPHIA,PA,191452813,2153880068,OWNER/PIC,3336C0003X,tier_1_primary_pharmacy,Y,Y,
1790635985,ASK PHARMACY LLC,41 EASTON RD STE A,,WILLOW GROVE,PA,190903201,2677580544,PRESIDENT,3336C0003X,tier_1_primary_pharmacy,Y,Y,
1417895566,PRIME CARE PHARMACY INC,4026 SAW MILL RUN BLVD,,PITTSBURGH,PA,152272608,5209827657,PRESIDENT,3336C0003X,tier_1_primary_pharmacy,Y,Y,
1316887615,WE CARE RX 1 INC,3671 CRESCENT CT E,,WHITEHALL,PA,180523400,4843503999,MANAGER,333600000X|3336C0003X,tier_1_primary_pharmacy,Y,Y,
1407796352,CORECOMP RX LLC,390 LINCOLN AVE STE B3,,HATBORO,PA,190402243,4453007010,OWNER,333600000X,tier_1_primary_pharmacy,Y,Y,
1598609695,WE CARE RX 2 INC,2910 EASTON AVE UNIT 9,,BETHLEHEM,PA,180174282,6104194111,PRESIDENT,333600000X|3336C0003X,tier_1_primary_pharmacy,Y,Y,
1740110378,JOMICI APOTHECARY LLC,273 S 15TH ST,,PHILADELPHIA,PA,191025060,2157356337,PIC/MEMBER/OWNER,3336C0003X,tier_1_primary_pharmacy,Y,Y,
