npi,organization_name,address_1,address_2,city,state,zip,phone,authorized_official_title,matched_taxonomy_codes,pharmacy_tier,primary_pharmacy_flag,likely_independent,chain_exclusion_match
1093718025,YODORINCMISSIONPLAZAPHARMACY,RR 8 BOX 3311,,MISSION,TX,785748606,9565830044,VPSECRETARY,333600000X,tier_1_primary_pharmacy,Y,Y,
1740283811,BEST MED INC,116 S PARK DR,,BROWNWOOD,TX,768015918,3256469414,BUSINESS ADMIN,333600000X|3336L0003X,tier_1_primary_pharmacy,Y,Y,
1497758361,ACCURATE MEDICAL EQUIPMENT & SUPPLY CO INC,550 HEMPHILL ST,,FORT WORTH,TX,761042252,8178821111,PRESIDENT CEO,333600000X,tier_1_primary_pharmacy,Y,Y,
1659374379,"PECOS STREET PHARMACY, INC.",2102 PECOS ST,STE 13,SAN ANGELO,TX,769013061,3259495381,PRESIDENT,333600000X|3336L0003X,tier_1_primary_pharmacy,Y,Y,
1376546937,"LOS EBANOS PHARMACY,LLC",1134 E LOS EBANOS BLVD,,BROWNSVILLE,TX,785208730,9565428542,OWNER,333600000X,tier_1_primary_pharmacy,Y,Y,
1942202239,"UNITED SUPERMARKETS, L.L.C.",7830 ORLANDO AVE,,LUBBOCK,TX,794231942,8067910220,DIRECTOR PHARMACY SERVICES,333600000X,tier_1_primary_pharmacy,Y,Y,
1346244381,SIGMA GLOBAL CORPORATION,4343 W ROYAL LN,STE 118,IRVING,TX,750632299,9729153960,CFO,333600000X,tier_1_primary_pharmacy,Y,Y,
1639173321,HARVEST DRUG & GIFT LP,4426 KELL BLVD,,WICHITA FALLS,TX,763094719,9406927081,PHARMACIST,3336C0003X,tier_1_primary_pharmacy,Y,Y,
1427052000,DEKALB PHARMACY LLC,120 W FRONT ST,,DE KALB,TX,755591308,9036670880,CO-OWNER,333600000X,tier_1_primary_pharmacy,Y,Y,
1932104957,TOWER MEDIC PHARMACY INC,607 W MAGNOLIA AVE,,FT WORTH,TX,761044608,8173368133,CEO,333600000X|3336C0004X|3336L0003X|3336S0011X|3336C0003X,tier_1_primary_pharmacy,Y,Y,
1477558187,"GLOYER'S PHARMACY, INC.",1010 W MAIN ST,,TOMBALL,TX,77375,2813515454,OWNER/PHARMACY MANAGER,3336C0003X|3336L0003X|3336C0004X|333600000X,tier_1_primary_pharmacy,Y,Y,
1609871441,"MIDLAND PHARMACY, LLC",3510 N. MIDKIFF RD STE 100,,MIDLAND,TX,797054834,4326977500,MANAGING MEMBER,333600000X|3336C0004X|3336C0003X,tier_1_primary_pharmacy,Y,Y,
1487650941,"STRAIN & STRAIN, LLC",602 S MORGAN ST,,GRANBURY,TX,760481962,8175731644,ADMIN MANAGER,333600000X|3336C0004X|3336C0003X,tier_1_primary_pharmacy,Y,Y,
1659377984,RX.COM PHARMACY,401 S JIM WRIGHT FREEWAY,,FORT WORTH,TX,761082681,8175471000,PHARMACIST IN CHARGE,333600000X,tier_1_primary_pharmacy,Y,Y,
1275539678,"LOS EBANOS PHARMACY NORTH,LLC",1134 E. LOS EBANOS BLVD.,STE A,BROWNSVILLE,TX,785208797,9565428542,OWNER,333600000X,tier_1_primary_pharmacy,Y,Y,
1104822147,"LEONARD'S PHARMACY, INC.",710 W MARCY DR,,BIG SPRING,TX,797206581,4322671611,PHARMACIST IN CHARGE,333600000X|3336C0003X,tier_1_primary_pharmacy,Y,Y,
1346246170,STARR DME & PHARMACY INC,620 PAREDES LINE RD,STE A,BROWNSVILLE,TX,785212440,9565543560,OWNER,333600000X,tier_2_secondary_pharmacy,N,Y,
1134125735,QUALITY INFUSION CARE,6671 SOUTHWEST FREEWAY,SUITE 777,HOUSTON,TX,77074,2146926666,CEO,333600000X,tier_2_secondary_pharmacy,N,Y,
1225035892,"M & G MEDPHARM, INC.",1623 PECAN BLVD,,MCALLEN,TX,785014214,9566317979,"PHARMACIST, OWNER",333600000X|3336C0003X,tier_1_primary_pharmacy,Y,Y,
1265439707,LARSONS PRESCRIPTION PHARMACY INC,502 S AVENUE F,,KNOX CITY,TX,795292110,9406573210,OWNER/PHARMACIST,333600000X|3336C0003X,tier_1_primary_pharmacy,Y,Y,
1447257951,HARREL DRUG CO,204 E KLEBERG AVE,,KINGSVILLE,TX,783634573,3615929385,PIC/OWNER,3336C0003X,tier_1_primary_pharmacy,Y,Y,
1104823582,GARY KING PHARMACY INC,1600 COULTER DR,STE 307,AMARILLO,TX,791061718,8063584576,PRESIDENT,333600000X|3336C0003X,tier_1_primary_pharmacy,Y,Y,
1770580417,"RIDGEPOINT MEDICAL PHARMACY, LLC",404 S VETERANS BLVD STE C,,EDINBURG,TX,785394721,9563932000,C.E.O./PRESIDENT,3336C0003X,tier_1_primary_pharmacy,Y,Y,
1902803695,ECKLAND PHARMACY INC,125 W HAGUE RD,STE 100,EL PASO,TX,799025814,9155338194,PIC / OWNER,3336C0004X|3336C0003X,tier_1_primary_pharmacy,Y,Y,
1205833183,DOLPHIN TECHNOLOGIES INC,837-B TEHUACANA HWY 171,,MEXIA,TX,76667,2545623899,OWNER/CEO,333600000X,tier_1_primary_pharmacy,Y,Y,
1205833118,CLARENDON OUTPOST,619 W 2ND,,CLARENDON,TX,792260927,8068745202,PHARMACIST IN CHARGE,333600000X,tier_1_primary_pharmacy,Y,Y,
1972500759,GT VAUGHANS PHARMACY LLC,200 N MAGNOLIA AVE,,HUBBARD,TX,766482446,2545762241,STORE OWNER,3336C0003X,tier_1_primary_pharmacy,Y,Y,
1114925260,KLINE PHARMACEUTICAL SERVICES INC,9896 BISSONNET ST,134,HOUSTON,TX,770368104,7137282222,PRESIDENT,3336L0003X|3336C0003X,tier_1_primary_pharmacy,Y,Y,
1184622318,ALL HOME INFUSION INC,16541 FM 344 W,,BULLARD,TX,757579551,9038257011,CEO,333600000X|3336H0001X,tier_1_primary_pharmacy,Y,Y,
1447258546,BRENHAM DRUG PARTNERS LC,2105 S DAY ST,,BRENHAM,TX,778335512,9798365264,MANAGER,333600000X|3336C0003X,tier_1_primary_pharmacy,Y,Y,
1841298882,BRENHAM DRUG PARTNERS LC,2103 S DAY ST,,BRENHAM,TX,778335512,9798368500,MANAGER,333600000X|3336L0003X,tier_1_primary_pharmacy,Y,Y,
1750380556,SPENCE'S MEDICAL CENTER PHARMACY,215 OAK DR S,STE M,LAKE JACKSON,TX,775665629,9792971776,RPH/OWNER,3336L0003X|3336C0004X|3336C0003X,tier_1_primary_pharmacy,Y,Y,
1205835774,HARRIS COUNTY HOSPITAL DISTRICT,1100 W 34TH ST,PHARMACY,HOUSTON,TX,770186206,7138424324,"EVP, CFO",333600000X|3336C0002X,tier_1_primary_pharmacy,Y,Y,
1598764987,HARRIS COUNTY HOSPITAL DISTRICT,7550 OFFICE CITY DR,PHARMACY,HOUSTON,TX,770124115,7138424319,"EVP, CFO",333600000X|3336C0002X,tier_1_primary_pharmacy,Y,Y,
1871592204,HARRIS COUNTY HOSPITAL DISTRICT,3601 N MACGREGOR WAY,,HOUSTON,TX,770048004,7138424315,"EVP, CFO",333600000X|3336C0002X,tier_1_primary_pharmacy,Y,Y,
1588663025,HARRIS COUNTY HOSPITAL DISTRICT,1504 TAUB LOOP,,HOUSTON,TX,770301608,7136341425,"EVP, CFO",333600000X|3336C0002X,tier_1_primary_pharmacy,Y,Y,
1275532509,HARRIS COUNTY HOSPITAL DISTRICT,5656 KELLEY ST,OP PHARMACY,HOUSTON,TX,770261967,7138424322,"EVP, CFO",3336C0003X|333600000X|3336C0002X,tier_1_primary_pharmacy,Y,Y,
1538168877,HARRIS COUNTY HOSPITAL DISTRICT,1712 1ST ST E # M20,,HUMBLE,TX,773385238,7138424323,EVP AND CFO,333600000X|3336C0002X,tier_1_primary_pharmacy,Y,Y,
1851390033,HARRIS COUNTY HOSPITAL DISTRICT,6601 TARNEF DR STE 105,PHARMACY,HOUSTON,TX,770743634,7138424313,EVP. CFO,333600000X|3336C0002X,tier_1_primary_pharmacy,Y,Y,
1598764722,FRANK'S PHARMACY,1919 S LOOP 256,,PALESTINE,TX,758015915,9037232880,OWNER/PHARMACIST,333600000X,tier_1_primary_pharmacy,Y,Y,
1275532350,"DYER DRUG STORE, INC",133 MCKINNEY ST,,FARMERSVILLE,TX,754422221,9727826262,PRESIDENT,333600000X,tier_1_primary_pharmacy,Y,Y,
1366441479,PEN CARE INC,3515 FANNIN ST STE 105,,BEAUMONT,TX,777013810,4098326100,CEO,3336C0004X|333600000X|3336C0003X|3336H0001X,tier_1_primary_pharmacy,Y,Y,
1235138256,DUNN PHARMACY INC.,400 WEST MAIN ST,,STOCKDALE,TX,781600609,8309963421,PRESIDENT,333600000X,tier_1_primary_pharmacy,Y,Y,
1609875541,EMMANUEL CHUKS OBI,5301 ALAMEDA AVE,,EL PASO,TX,799052805,9155423880,OWNER AND CEO,333600000X|3336C0003X,tier_1_primary_pharmacy,Y,Y,
1184623084,HARRIS COUNTY HOSPITAL DISTRICT,1602 GARTH RD,PHARMACY,BAYTOWN,TX,775202410,7138424321,"EVP, CFO",333600000X|3336C0002X,tier_1_primary_pharmacy,Y,Y,
1578563482,CROSSPOINTE MEDICAL CLINIC,3600 S GESSNER,SUITE 200,HOUSTON,TX,77063,2812726644,BUSINESS DEVELOPMENT,3336S0011X|3336C0003X,tier_1_primary_pharmacy,Y,Y,
1679573513,HARRIS COUNTY HOSPITAL DISTRICT,818 RINGOLD ST,PHARMACY,HOUSTON,TX,770886368,7138424310,"EVP, CFO",333600000X|3336C0002X,tier_1_primary_pharmacy,Y,Y,
1184623076,PLAZA HOME INFUSION SERVICE,315 E CALIFORNIA ST,,GAINESVILLE,TX,762404005,9406655348,OWNER/PHARMACIST,333600000X,tier_1_primary_pharmacy,Y,Y,
1568462349,DANNY SKAGGS COMPANY INC,12801 WETMORE RD,,SAN ANTONIO,TX,782473628,4325805123,CFO,333600000X|3336C0004X|3336L0003X,tier_1_primary_pharmacy,Y,Y,
1104826858,HARRIS COUNTY HOSPITAL DISTRICT,1615 N MAIN ST,PHARMACY,HOUSTON,TX,770098525,7138424312,"EVP, CFO",333600000X|3336C0002X,tier_1_primary_pharmacy,Y,Y,
1114927852,HARRIS COUNTY HOSPITAL DISTRICT,4755 ALDINE MAIL RTE,,HOUSTON,TX,770395934,7138424314,"EVP, CFO",333600000X|3336C0002X,tier_1_primary_pharmacy,Y,Y,
1235139981,HARRIS COUNTY HOSPITAL DISTRICT,927 SHAW AVE,PHARMACY,PASADENA,TX,775061430,7138424325,"EVP, CFO",333600000X|3336C0002X,tier_1_primary_pharmacy,Y,Y,
1114927837,HARRIS COUNTY HOSPITAL DISTRICT,9105 N WAYSIDE DR,PHARMACY,HOUSTON,TX,770281030,7138424320,"EVP, CFO",333600000X|3336C0002X,tier_1_primary_pharmacy,Y,Y,
1356341341,TIM WASSON INCORPORATED,612 E MAIN ST,,HENDERSON,TX,756522617,9036571593,PRESIDENT,3336C0003X,tier_1_primary_pharmacy,Y,Y,
1194726919,"PRECISION DRUGS, LLC",9180 BELLAIRE BLVD,SUITE A,HOUSTON,TX,770364697,7135411234,MANAGER,3336C0003X,tier_1_primary_pharmacy,Y,Y,
1477554210,HOLMAN PHARMACY,10000 HARWIN DR STE A,,HOUSTON,TX,770361671,7137763500,PHARMACIST IN CHARGE/OWNER,333600000X|3336C0003X,tier_1_primary_pharmacy,Y,Y,
1457352015,"HOLMES HEALTH CARE, INC.",600 S MAIN ST,,BORGER,TX,790074808,8062745334,PRESIDENT,333600000X,tier_1_primary_pharmacy,Y,Y,
1164423414,METROPLEX HEMATOLOGY ONCOLOGY ASSOCIATES,906 W RANDOL MILL RD,,ARLINGTON,TX,760122510,8172614906,MANAGING PARTNER,333600000X,tier_1_primary_pharmacy,Y,Y,
1619978863,"EAST POINTE PHARMACY SERVICES, INC",2100 N HWY 360,SUITE # 1001,GRAND PRAIRIE,TX,750501009,9726478444,ACCOUNTS COORDINATOR,333600000X,tier_1_primary_pharmacy,Y,Y,
1790786945,"EVEREST SERVICES, INC",2812 SE LOOP 820,BLDG # 5A,FORT WORTH,TX,761401012,8175682285,ACCOUNTS COORDINATOR,333600000X,tier_1_primary_pharmacy,Y,Y,
1780685933,"MED-CARE INFUSION SERVICES, INC",1126 S CEDAR RIDGE DR,SUITE # 123-A1,DUNCANVILLE,TX,751373021,9722831956,ACCOUNTS COORDINATOR,333600000X,tier_1_primary_pharmacy,Y,Y,
1619978962,"AMS PHARMACEUTICAL GROUP, INC",1700 TECH CENTRE PKWY,SUITE # 110,ARLINGTON,TX,760144405,8177842400,ACCOUNTS COORDINATOR,333600000X,tier_1_primary_pharmacy,Y,Y,
1447251699,"DALAMAR SERVICES, INC",1325 FM 1187,SUITE # A-113,MANSFIELD,TX,760636132,8174532855,ACCOUNTS COORDINATOR,333600000X,tier_1_primary_pharmacy,Y,Y,
1437150950,"ALLIANCE PHARMACY SERVICES, INC",1223 CORPORATE DR E,SUITE # B,ARLINGTON,TX,760066107,8173850202,ACCOUNTS COORDINATOR,333600000X,tier_1_primary_pharmacy,Y,Y,
1912908179,"PARADIGM PHARMACY SERVICES, INC",8200 NORTHEAST PKWY,SUITE # 115,NORTH RICHLAND HILLS,TX,761804006,8175038826,ACCOUNTS COORDINATOR,333600000X,tier_1_primary_pharmacy,Y,Y,
1457352627,DICK STORSETH INC,2600 WOLFLIN VLG,,AMARILLO,TX,791091838,8063525624,PRES AND PIC,333600000X|3336C0003X|3336C0004X,tier_1_primary_pharmacy,Y,Y,
1750382917,"ORION PHARMACY SERVICES, INC",1126 S CEDAR RIDGE DR,SUITE # 123 A,DUNCANVILLE,TX,751373021,9722831956,ACCOUNTS COORDINATOR,333600000X,tier_1_primary_pharmacy,Y,Y,
1093716250,"PRECISION PHARMACY SERVICES, INC",1325 FM 1187,SUITE # A-113,MANSFIELD,TX,760636132,8174532855,ACCOUNTS COORDINATOR,333600000X,tier_1_primary_pharmacy,Y,Y,
1225039621,"AVATAR SERVICES, INC",2129 S GREAT SOUTHWEST PKWY,SUITE # 304,GRAND PRAIRIE,TX,750513537,9726020539,ACCOUNTS COORDINATOR,333600000X,tier_1_primary_pharmacy,Y,Y,
1164423513,"COLLECTIVE SERVICES, INC",2435 GRAVEL DR,,FORT WORTH,TX,761186937,8175951556,ACCOUNTS COORDINATOR,333600000X,tier_1_primary_pharmacy,Y,Y,
1700888781,"LUIS & TERESA MARTINEZ, INC.",1419 E BUSTAMANTE ST,,LAREDO,TX,780415303,9567911991,PRESIDENT,3336C0003X,tier_1_primary_pharmacy,Y,Y,
1043212848,"TRINITY PHARMACY SERVICES, INC.",2804 SE LOOP 820,BUILDING 5,FORT WORTH,TX,761401012,8175682777,ACCOUNT COORDINATOR,333600000X,tier_1_primary_pharmacy,Y,Y,
1689676488,"TRI-PHASIC PHARMACY, INC.",1700 TECH CENTRE PKWY,SUITE #110-A1,ARLINGTON,TX,760144405,8177842400,ACCOUNT COORDINATOR,333600000X,tier_1_primary_pharmacy,Y,Y,
1104828904,"SWS PHARMACY SERVICES, INC.",1126 S CEDAR RIDGE DR,SUITE #123,DUNCANVILLE,TX,751373021,9722831956,ACCOUNT COORDINATOR,333600000X,tier_1_primary_pharmacy,Y,Y,
1174525075,"PREMIUM PHARMACY SERVICES, INC.",2805 W ARKANSAS LN,SUITE 303,ARLINGTON,TX,760165725,8172770405,ACCOUNTS COORDINATOR,333600000X,tier_1_primary_pharmacy,Y,Y,
1326040221,"QUANTUM INFUSION, INC.",1325 FM 1187,SUITE #A-113,MANSFIELD,TX,760636132,8174532855,ACCOUNTS COORDINATOR,333600000X,tier_1_primary_pharmacy,Y,Y,
1770585671,"SOUTHWEST INFUSION, INC.",1700 TECH CENTRE PKWY,SUITE #110-A,ARLINGTON,TX,760144405,8177842400,ACCOUNT COORDINATOR,333600000X,tier_1_primary_pharmacy,Y,Y,
1396747291,LINDA CALDWELL,312 S COMMERCIAL AVE,,COLEMAN,TX,768344214,3256259448,OWNER,3336L0003X|3336S0011X|3336C0003X,tier_1_primary_pharmacy,Y,Y,
1265434062,"TRINITY INFUSION SERVICES, INC.",2804 SE LOOP 820,BUILDING 5,FORT WORTH,TX,761401012,8175682777,ACCOUNT COORDINATOR,333600000X,tier_1_primary_pharmacy,Y,Y,
1518969955,"RX FULFILLMENT SERVICES, INC.",17023 NANES DR,,HOUSTON,TX,770902501,8004097937,CHIEF EXECUTIVE OFFICER,333600000X,tier_1_primary_pharmacy,Y,Y,
1639161730,RAYMONDVILLE FAMILY PHARMACY LLP,180 N 7TH ST,,RAYMONDVILLE,TX,785802202,9566896337,RPH/OWNER,333600000X,tier_1_primary_pharmacy,Y,Y,
1891787875,DIAMOND II DRUG INC.,3404 INTERSTATE 27,,LUBBOCK,TX,794042346,8067448477,OWNER/MANAGING OFFICER,3336C0004X|333600000X,tier_1_primary_pharmacy,Y,Y,
1265424832,MEDICINE PLACE INC 1008 LAMAR ST SWEETWATER TX,2250 CHESTNUT ST.,,COLORADO CITY,TX,795123485,3257283489,PHARMACIST IN CHARGE/V.P./OWNER,333600000X,tier_1_primary_pharmacy,Y,Y,
1609868397,RAYMONDVILLE FAMILY PHARMACY LLP,180 N 7TH ST,,RAYMONDVILLE,TX,785802202,9566896337,RPH/OWNER,333600000X,tier_2_secondary_pharmacy,N,Y,
1407848112,MID VALLEY PHARMACY LLP,400 E EXPRESSWAY 83,,MERCEDES,TX,785702700,9565654111,RPH/OWNER,333600000X,tier_1_primary_pharmacy,Y,Y,
1972595486,"KERRVILLE DRUG CO., INC",1050 JUNCTION HWY,,KERRVILLE,TX,780284902,8308952273,VP/PIC,3336C0003X,tier_1_primary_pharmacy,Y,Y,
1093707531,H&M PHARMACY,102 S MCGEE ST,,BORGER,TX,790074020,8062735606,RPH,333600000X,tier_1_primary_pharmacy,Y,Y,
1376535682,PFENNIGS PRESCRIPTION PHARMACY INC,511 N MAIN ST,,TAYLOR,TX,765743646,5123525233,PRESIDENT / PIC,333600000X|3336L0003X|3336C0003X,tier_1_primary_pharmacy,Y,Y,
1578556593,CN PHARMACY INC,6459 HILLCROFT ST,,HOUSTON,TX,770813101,7137772100,PRESIDENT,333600000X,tier_1_primary_pharmacy,Y,Y,
1467445569,GAINESVILLE PLAZA PHARMACY INC,411 N GRAND AVE,,GAINESVILLE,TX,762404323,9406658401,OWNER,333600000X|3336C0003X,tier_1_primary_pharmacy,Y,Y,
1326031469,JOSE GILBERTO TOVAR,5203 SOUTH MCCOLL RD.,,EDINBURG,TX,78539,9566876204,PHARMACIST IN CHARGE,3336C0003X,tier_1_primary_pharmacy,Y,Y,
1346233202,SHRI MARUTI DRUGS INC,1610 9TH ST,,WICHITA FALLS,TX,763014305,9403228626,DIRECTOR,333600000X|3336C0003X,tier_1_primary_pharmacy,Y,Y,
1255324836,BEN-RAY INC.,310 DOTSY AVE,,ODESSA,TX,797634342,4323372361,PRESIDENT,333600000X,tier_1_primary_pharmacy,Y,Y,
1740274091,SANTOS GONZALEZ DBA FRED'S PHARMACY,202 W RICE ST,,FALFURRIAS,TX,783553704,3613252662,OWNER/ PIC,333600000X,tier_1_primary_pharmacy,Y,Y,
1124012315,DOUGHERTYS PHARMACY INC,12835 PRESTON RD STE 202,,DALLAS,TX,752301277,2143735300,CEO,333600000X|3336C0004X|3336L0003X|3336S0011X|3336C0003X,tier_1_primary_pharmacy,Y,Y,
1952395105,METSCRIPT INC,6410 HIGHWAY 90A STE C,,SUGAR LAND,TX,77498,2812772700,PRESIDENT,3336C0004X|333600000X|3336C0003X,tier_1_primary_pharmacy,Y,Y,
1508850793,HDK ENTERPRISES LLC,7700 MAIN ST,SUITE 210,HOUSTON,TX,770304456,7136608888,CEO,3336C0004X|3336H0001X|3336S0011X|3336C0003X,tier_1_primary_pharmacy,Y,Y,
1609860725,"JOHN M. MOHRMANN, INC.",1303 MCCULLOUGH AVE,,SAN ANTONIO,TX,782125609,2102277207,DIRECTOR,333600000X,tier_1_primary_pharmacy,Y,Y,
1346234549,KASHMERE PHARMACY INC,6402 LYONS AVE,,HOUSTON,TX,770204917,7136746916,VICE PRESIDENT,333600000X|3336C0003X,tier_1_primary_pharmacy,Y,Y,
1003800160,CEDAR CREEK PHARMACY,606 S SEVEN POINTS DR,,SEVEN POINTS,TX,751439117,9034322223,PHARMACIST IN CHARGE/MANAGER,333600000X,tier_1_primary_pharmacy,Y,Y,
1811981848,MP PHARMACY LLC,7220 LOUIS PASTEUR,SUITE 152,SAN ANTONIO,TX,78229,2108686440,OFFICER,333600000X|3336C0003X|3336C0004X,tier_1_primary_pharmacy,Y,Y,
1821082900,"HEALTHQUEST PHARMACY, INC.",11240 FM 1960 RD W,SUITE 404,HOUSTON,TX,770653662,2818938588,"PRESIDENT, PHARMACIST",333600000X,tier_2_secondary_pharmacy,N,Y,
1255325338,TURTLE HEALTHCARE GROUP LLC,720 E DOVE AVE,,MCALLEN,TX,785040463,9567875259,ADMINISTRATOR,333600000X|3336C0004X|3336H0001X|3336C0003X,tier_1_primary_pharmacy,Y,Y,
1215921267,HPB PHARMACY,6410 FANNIN ST,SUITE 116,HOUSTON,TX,770303000,7137991472,OWNER,3336L0003X|3336C0003X,tier_1_primary_pharmacy,Y,Y,
1477547354,ZHL CORP,1823 WIRT RD,,HOUSTON,TX,770552406,7134673311,OWNER,333600000X,tier_1_primary_pharmacy,Y,Y,
1225022197,SOUTHBELT PHARMACY,11914 ASTORIA BLVD,SUITE 190,HOUSTON,TX,770896064,7136109145,PRESIDENT,333600000X,tier_1_primary_pharmacy,Y,Y,
1164416830,LEONARDS PHARMACY INC,1000 S MAIN ST,,BIG SPRING,TX,797202949,4322672546,PRESIDENT/CEO,3336C0004X|333600000X|3336C0003X,tier_1_primary_pharmacy,Y,Y,
1942294632,DALLAS COUNTY HOSPITAL DISTRICT,5184 TEX OAK AVE,STE. 01.711,DALLAS,TX,75235,2145902870,EXEC VP & CHIEF OPERATING OFFICER,333600000X,tier_1_primary_pharmacy,Y,Y,
1336133073,DALLAS COUNTY HOSPITAL DISTRICT,1400 N WESTMORELAND RD,,DALLAS,TX,752111656,4694191976,EXEC VP & CHIEF OPERATING OFFICER,333600000X,tier_1_primary_pharmacy,Y,Y,
1851385504,DALLAS COUNTY HOSPITAL DISTRICT,303 E OVERTON RD,,DALLAS,TX,752165946,4694191976,EXEC VP & CHIEF OPERATING OFFICER,333600000X,tier_1_primary_pharmacy,Y,Y,
1649264391,DALLAS COUNTY HOSPITAL DISTRICT,9202 ELAM RD,,DALLAS,TX,752174151,2145901766,EXEC VP & CHIEF OPERATING OFFICER,333600000X,tier_1_primary_pharmacy,Y,Y,
1346234093,DALLAS COUNTY HOSPITAL DISTRICT,4600 SCYENE RD.,,DALLAS,TX,75246,4694191976,EXEC VP & CHIEF OPERATING OFFICER,333600000X,tier_1_primary_pharmacy,Y,Y,
1326032079,DALLAS COUNTY HOSPITAL DISTRICT,802 HOPKINS ST,,GARLAND,TX,750407379,4694191976,EXECUTIVE VP & CHIEF OPERATING OFC,333600000X,tier_1_primary_pharmacy,Y,Y,
1699769299,PAVILION PHARMACY,221 W COLORADO BLVD,SUITE 445,DALLAS,TX,752082363,2149472435,PRESIDENT,333600000X,tier_1_primary_pharmacy,Y,Y,
1801880356,"TOWN & COUNTRY DRUG, INC.",2616 N GRANDVIEW AVE,,ODESSA,TX,797611608,4323662868,OWNER/PHARMACIST,333600000X,tier_1_primary_pharmacy,Y,Y,
1982698569,DALLAS COUNTY HOSPITAL DISTRICT,5151 MAPLE AVE # 1-1676,,DALLAS,TX,752358136,1425906323,EXEC VP & CHIEF OPERATING OFFICER,333600000X,tier_1_primary_pharmacy,Y,Y,
1497749915,MEDICINE CHEST 114 LLC,807 S BECKHAM AVE,SUITE 100,TYLER,TX,757011905,9035928283,CEO,3336C0004X|3336C0003X,tier_1_primary_pharmacy,Y,Y,
1427043736,OAKDELL PHARMACY INC,8042 WURZBACH RD,,SAN ANTONIO,TX,782293818,2106145491,CFO,333600000X|3336C0003X,tier_1_primary_pharmacy,Y,Y,
1447245642,CYPRESS CAPITAL MANAGEMENT,611 W BEN WHITE BLVD,,AUSTIN,TX,787047031,5126930452,OWNER/CFO,333600000X,tier_1_primary_pharmacy,Y,Y,
1205821345,SOUTH TEXAS HEALTH CARE SYSTEM,1401 S RANGERVILLE RD,OPC PHARMACY - BLDG 504,HARLINGEN,TX,785527638,9563648741,SUPERINTENDENT,333600000X,tier_1_primary_pharmacy,Y,Y,
1285629337,"MC CRORY PHARMACY, INC",6151 DEW DR,SUITE 100,EL PASO,TX,799123909,9155819655,PRESIDENT,333600000X,tier_2_secondary_pharmacy,N,Y,
1124013131,MP PHARMACY LLC,7220 LOUIS PASTEUR DR,SUITE 152B,SAN ANTONIO,TX,78229,2108686420,OFFICER,333600000X|3336L0003X,tier_1_primary_pharmacy,Y,Y,
1871588673,BELL'S DISCOUNT PHARMACY,219 N MAIN ST,,WINNSBORO,TX,754942521,9033425241,OWNER,333600000X|3336C0003X,tier_1_primary_pharmacy,Y,Y,
1538154232,M & J PHARMACY INC,10606 HEMPSTEAD HWY,STE 144,HOUSTON,TX,77092,7138128277,CEO,333600000X,tier_2_secondary_pharmacy,N,Y,
1942296801,STANTON DRUG LLC,201 N ST PETER ST,2530148,STANTON,TX,79782,4327563731,"OWNER,PIC,AO",333600000X|3336C0003X,tier_1_primary_pharmacy,Y,Y,
1902892763,KEGAN'S INC,122 W COLLINS ST,,LEONARD,TX,754522642,9035873363,OWNER/PHARMACIST,3336C0003X,tier_1_primary_pharmacy,Y,Y,
1992791750,MATTHEWSON DRUG CO INC,717 S WASHINGTON AVE,,MARSHALL,TX,756705337,9039352351,OWNER/PHARMACIST,3336C0004X|3336C0003X,tier_1_primary_pharmacy,Y,Y,
1710973573,CLEBURNE DRUG INC,310 N RIDGEWAY DR,,CLEBURNE,TX,760335102,8176452415,PHARMACIST / OWNER,3336L0003X|3336C0003X,tier_1_primary_pharmacy,Y,Y,
1629064480,ONTARIO LIMITED INC.,6510 HILLCROFT ST,SUITE 100,HOUSTON,TX,770814702,7136637800,DIRECTOR,333600000X|3336C0003X,tier_1_primary_pharmacy,Y,Y,
1356337117,JESPERSEN FAMILY DRUG INC.,302 NORTH MAIN STREET,,DUNCANVILLE,TX,751163651,9722984936,OWNER/PHARMACIST,3336C0003X,tier_1_primary_pharmacy,Y,Y,
1851388508,GIBSON DISCOUNT PHARMACY OF MARSHALL INC,110 E END BLVD N,,MARSHALL,TX,756703602,9039357775,OWNER/PHARMACIST,333600000X,tier_1_primary_pharmacy,Y,Y,
1477549186,J & A MEDICAL CENTER PHARMACY LLC,101 1ST ST.,,ZAPATA,TX,78076,9567651123,OWNER-PHARMACIST,333600000X,tier_1_primary_pharmacy,Y,Y,
1013903764,"A & P PHARMACY, INC",207 E BYRON NELSON BLVD,,ROANOKE,TX,76262,8174313110,OFFICER,3336L0003X,tier_1_primary_pharmacy,Y,Y,
1700873445,BEST VALUE PHARMACIES INC,124 W RENFRO ST,,BURLESON,TX,760284260,8172956128,VICE-PRESIDENT,3336C0003X,tier_1_primary_pharmacy,Y,Y,
1457347254,BEST VALUE PHARMACIES INC,420 W PEARL ST,,GRANBURY,TX,760482411,8175731143,VICE-PRESIDENT,3336C0003X,tier_1_primary_pharmacy,Y,Y,
1699762443,"MED-CARE PHARMACY, INC",213 W SCURRY ST,,DAINGERFIELD,TX,756381657,9036455933,OWNER/PHARMACIST,333600000X,tier_1_primary_pharmacy,Y,Y,
1548257306,BEST VALUE PHARMACIES INC,502 N MAIN ST,,CLEBURNE,TX,760333806,8176452445,VICE-PRESIDENT,3336C0003X,tier_1_primary_pharmacy,Y,Y,
1265420038,D R PHARMACY INC,501 ANDREWS HWY,STE 100,MIDLAND,TX,797015818,4326833377,"MANAGER, PIC",3336S0011X|333600000X|3336C0003X,tier_1_primary_pharmacy,Y,Y,
1144218850,MCCALL DRUG INC,1605 N BRYAN AVE,,LAMESA,TX,793313144,8068725453,OWNER,3336C0003X,tier_2_secondary_pharmacy,N,Y,
1992794473,MEDICINE CHEST PHARMACY INC,411 MAIN ST,,SULPHUR SPRINGS,TX,754822762,9038850821,PRESIDENT,333600000X|3336C0003X,tier_1_primary_pharmacy,Y,Y,
1528057007,SAV-MORE DRUG OF PARIS L L C,411 MAIN ST,,SULPHUR SPRINGS,TX,754822762,9038850821,PRESIDENT,333600000X|3336L0003X|3336C0003X,tier_1_primary_pharmacy,Y,Y,
1306835798,ATLANTA PHARMACY INC,411 MAIN ST,,SULPHUR SPRINGS,TX,754822762,9038850821,PRESIDENT,333600000X,tier_1_primary_pharmacy,Y,Y,
1942299334,GREENVILLE PHARMACY INC,411 MAIN ST,,SULPHUR SPRINGS,TX,754822762,9038850821,PRESIDENT,333600000X|3336C0003X,tier_1_primary_pharmacy,Y,Y,
1194714584,MEDICINE CHEST INSTITUTIONAL PHARMACY LLC,411 MAIN ST STE 2,,SULPHUR SPRINGS,TX,754822762,8774380770,CEO,3336C0004X|3336I0012X|333600000X|3336L0003X,tier_1_primary_pharmacy,Y,Y,
1366431751,ENNIS PHARMACY INC,411 MAIN ST,,SULPHUR SPRINGS,TX,754822762,9038850821,PRESIDENT,3336L0003X|333600000X|3336C0003X,tier_1_primary_pharmacy,Y,Y,
1962491357,MT PLEASANT PHARMACY INC,411 MAIN ST,,SULPHUR SPRINGS,TX,754822762,9038850821,PRESIDENT,333600000X|3336C0003X,tier_1_primary_pharmacy,Y,Y,
1568451763,METHODIST CHILDREN'S HOSPITAL,7509 MARSHA SHARP FWY STE 101,,LUBBOCK,TX,794078202,8067256327,ASSISTANT SECRETARY OF ENROLLMENTS,3336C0004X|333600000X|3336S0011X|3336H0001X,tier_1_primary_pharmacy,Y,Y,
1033109053,WOODY WEAVER PHARMACY INC,2726 W GENTRY PKWY,,TYLER,TX,757021635,9035932533,OWNER,3336C0003X,tier_1_primary_pharmacy,Y,Y,
1578553061,LANG P NGUYEN CORPORATION,10839 BELLAIRE BLVD STE B,,HOUSTON,TX,770722770,2819839382,PHARMD,3336C0003X,tier_1_primary_pharmacy,Y,Y,
1467442699,BLANCO COMMUNITY PHARMACY & HEALTH CENTER LLC,316 PECAN ST,,BLANCO,TX,78606,8308334815,OWNER,3336C0003X,tier_1_primary_pharmacy,Y,Y,
1578553699,NEW BRAUNFELS CITY PHARMACY INC,544 N UNION AVE,,NEW BRAUNFELS,TX,781304158,8306252421,MGR,3336C0004X|333600000X|3336C0003X,tier_1_primary_pharmacy,Y,Y,
1063403806,P.S.P ENTERPRISE INC,427 W 20TH ST STE 105,,HOUSTON,TX,770082441,7138693487,OWNER,333600000X|3336C0003X,tier_1_primary_pharmacy,Y,Y,
1003807843,MAGNOLIA PHARMACY INC,18230 FM 1488 RD,SUITE 100,MAGNOLIA,TX,773544529,2813569089,PRESIDENT,333600000X|3336C0003X,tier_1_primary_pharmacy,Y,Y,
1447241278,MOMS PHARMACIES INC,2990 N TEXAS BLVD STE B,,WESLACO,TX,785969696,9564479933,PRESIDENT/OWNER,333600000X,tier_1_primary_pharmacy,Y,Y,
1043201528,R N R ENTERPRISES INC,133 W MAIN ST,,GUN BARREL CITY,TX,751565298,9038873606,OFFICE MANAGER VP,333600000X,tier_1_primary_pharmacy,Y,Y,
1134110646,C AND I INTERNATIONAL INC,12606 GREENVILLE AVE # 175,NORTHPOINT MEDICAL ARTS BLDG,DALLAS,TX,752431921,9728660017,PHARMACIST IN CHARGE,3336C0003X|333600000X,tier_1_primary_pharmacy,Y,Y,
1710978101,"UNITED SUPERMARKETS, L.L.C.",4590 KELL BLVD,,WICHITA FALLS,TX,763094744,9406923443,DIRECTOR PHARMACY SERVICES,333600000X,tier_1_primary_pharmacy,Y,Y,
1841271764,"CAREMARK, L.L.C.",7034 ALAMO DOWNS PKWY,,SAN ANTONIO,TX,782384509,2107062200,PRESIDENT,333600000X|3336M0002X,tier_1_primary_pharmacy,Y,Y,
1669453569,ADVANCERX COM L P,2105 EAGLE PKWY,,FORT WORTH,TX,761772311,8172583460,AUTHORIZED AGENT,333600000X|3336M0002X,tier_1_primary_pharmacy,Y,Y,
1164403069,"CHOICE SOURCE THERAPEUTIC OF HOUSTON, TEXAS, L.L.C.",20333 STATE HIGHWAY 249,SUITE 450,HOUSTON,TX,77070,2812577900,AUTHORIZED SIGNER,3336H0001X|333600000X|3336S0011X,tier_1_primary_pharmacy,Y,Y,
1003897844,"KENJURA PHARMACY , INC",303 N PARK ST,,BRENHAM,TX,778333146,9798367922,OWNER,333600000X,tier_1_primary_pharmacy,Y,Y,
1932180700,LINDA J JENNINGS INC,700 W HIGHWAY 243,,KAUFMAN,TX,751421859,9729326855,PRESIDENT,333600000X,tier_1_primary_pharmacy,Y,Y,
1801877436,VELACORP LTD,1901 S 1ST ST STE 100,STE 100,MCALLEN,TX,785031215,9566863716,OWNER CEO,333600000X|3336C0004X|3336C0003X,tier_1_primary_pharmacy,Y,Y,
1396726725,THP INC,12914 BANDERA HWY,,HELOTES,TX,78023,2106953099,DIRECTOR OF PHARMACY,333600000X,tier_2_secondary_pharmacy,N,Y,
1508847815,"MPRX, INC",2508 OAK LAWN AVE,,DALLAS,TX,752194018,2142218181,OWNER,333600000X|3336H0001X,tier_1_primary_pharmacy,Y,Y,
1851372163,JMA PHARMACIES,105 N MAIN ST,,HALLETTSVILLE,TX,779642727,3617983288,PHARMACIST,333600000X,tier_1_primary_pharmacy,Y,Y,
1548241870,SHRI KRISHNA DRUGS INC,708 PENNSYLVANIA AVE,,FT WORTH,TX,761042221,8178773677,DIRECTOR,3336L0003X|333600000X|3336C0003X,tier_1_primary_pharmacy,Y,Y,
1730161738,BGS PHARMACY PARTNERS INC,3500 WILLIAM D TATE AVE STE 200,STE 200,GRAPEVINE,TX,760518734,8172518073,PRESIDENT/CEO,3336L0003X,tier_1_primary_pharmacy,Y,Y,
1881676229,TRINITY RESPIRATORY PHARMCY LLP,2183 W GREEN OAKS BLVD,,ARLINGTON,TX,760135302,8174515003,VP,333600000X,tier_1_primary_pharmacy,Y,Y,
1962484535,"THE PHARMACY SHOP, INC.",1602 ROCK PRAIRIE RD,SUITE 1000,COLLEGE STATION,TX,778458306,9797644100,OWNER,333600000X,tier_1_primary_pharmacy,Y,Y,
1629051479,"NORTEX MEDICAL EQUIPMENT CENTER,INC.",100 E BELKNAP ST,,JACKSBORO,TX,764582401,9405676319,PRESIDENT,333600000X,tier_2_secondary_pharmacy,N,Y,
1205819885,"DAVILA PHARMACY, INC.",1423 GUADALUPE ST,SUITE 108,SAN ANTONIO,TX,782075527,2102265293,VICE PRESIDENT OWNER,3336S0011X|333600000X,tier_1_primary_pharmacy,Y,Y,
1912980590,ADCO'S PHARMACY,1501 MAIN ST,,PASADENA,TX,775022020,7134739977,OWNER/PRESIDENT,333600000X,tier_1_primary_pharmacy,Y,Y,
1699759167,"SEARS METHODIST CENTER, INC.",3202 S WILLIS ST,,ABILENE,TX,796056650,3256915519,VICE PRESIDENT/ASST. CFO,333600000X,tier_1_primary_pharmacy,Y,Y,
1003890369,THE EDDICK CORPORATION,1015 HILLCREST DR,STE B,VERNON,TX,763843100,9405529501,PRESIDENT,333600000X|3336L0003X|3336C0003X,tier_1_primary_pharmacy,Y,Y,
1255315446,"SEARS METHODIST CENTER, INC",3202 S WILLIS ST,,ABILENE,TX,796056650,3256926145,VICE PRESIDENT/ASST. CFO,333600000X,tier_1_primary_pharmacy,Y,Y,
1386628311,FRONTIER PHARMACY INC.,1001 WATER ST STE F-100,,KERRVILLE,TX,780283573,8308962466,OWNER,333600000X,tier_1_primary_pharmacy,Y,Y,
1699759399,DALLAS OPHTHALMOLOGY CENTER INC,4633 N CENTRAL EXPY,SUITE 310,DALLAS,TX,752054022,2155207600,ADMINISTRATOR,333600000X,tier_2_secondary_pharmacy,N,Y,
1598740094,"ZION, INC.",864 CENTRAL BLVD,STE 1200,BROWNSVILLE,TX,785207551,9565440100,PRESIDENT/PHARMACIST,3336C0003X,tier_1_primary_pharmacy,Y,Y,
1790760056,ANDREWS PRESCRIPTION SHOP LLC,813 HOSPITAL DR,,ANDREWS,TX,797143618,4325234861,PHARMACIST IN CHARGE/OWNER,3336L0003X|3336C0003X,tier_1_primary_pharmacy,Y,Y,
1821073073,RMC MEDICAL PLAZA PHARMACY,403 W CAMPBELL RD,SUITE 101,RICHARDSON,TX,750803465,9724984740,PHARMACY MANAGER,333600000X,tier_1_primary_pharmacy,Y,Y,
1538144373,"US-RX-DIRECT, LLC",2103 HIGHWAY 16 S,,GRAHAM,TX,764504638,9405490880,PRESIDENT,333600000X,tier_1_primary_pharmacy,Y,Y,
1518942259,PUBLIC EXPRESS INC,2532 FONDREN RD,,HOUSTON,TX,770632308,7137826212,VICE PRESIDENT,3336C0004X|333600000X|3336C0003X,tier_1_primary_pharmacy,Y,Y,
1134105794,YARBROUGH PHARMACY,117 PINER,,DENTON,TX,76201,9403825033,OWNER,333600000X,tier_1_primary_pharmacy,Y,Y,
1942286471,"PORT ARANSAS PHARMACY, L.C.",2131 STATE HIGHWAY 361,,PORT ARANSAS,TX,783734801,3617491725,CFO,333600000X|3336C0003X|3336C0004X,tier_1_primary_pharmacy,Y,Y,
1184600611,"KATY RX, INC.",5249 FRANZ RD,,KATY,TX,774931756,2813917051,SECRETARY,333600000X|3336C0003X|3336C0004X,tier_1_primary_pharmacy,Y,Y,
1265418792,"KIOWA PHARMACY, INC.",1201 OLIVE ST,SUITE 104,GAINESVILLE,TX,76240,9406687384,SECRETARY,333600000X|3336C0004X|3336C0003X,tier_1_primary_pharmacy,Y,Y,
1346226875,BROOKSHIRE BROS PHARMACY OF KIRBYVILLE TEXAS,1005 S MARGARET AVE,,KIRBYVILLE,TX,759562422,4094232248,OFFICE MANAGER,333600000X|3336C0004X|3336C0003X,tier_1_primary_pharmacy,Y,Y,
1972589430,PEACE PHARMACY INC,300 S BUFFALO,,CANTON,TX,75103,9035674129,BILLING MGR  MEDICARE MEDICAID SPE,333600000X,tier_2_secondary_pharmacy,N,Y,
1487630984,LEVIANT LLC,21700 KINGSLAND BLVD STE 105,,KATY,TX,774502546,2818296497,MANAGER,333600000X|3336C0004X|3336C0003X,tier_1_primary_pharmacy,Y,Y,
1972589836,WBORO PHARMACY LTD,310 CHARLIE DRIVE,,WHITESBORO,TX,76273,9035641234,SECRETARY,333600000X|3336C0004X|3336C0003X,tier_1_primary_pharmacy,Y,Y,
1669458436,LONGHORN DRUG COMPANY,1711 S HENDERSON BLVD,,KILGORE,TX,756623563,9039835313,V.P.,3336C0003X,tier_1_primary_pharmacy,Y,Y,
1912984626,"BRACKETTVILLE PHARMACY, LLC",201 JAMES ST.,,BRACKETTVILLE,TX,78832,8305639334,PRESIDENT,3336C0003X,tier_1_primary_pharmacy,Y,Y,
1710964234,INTER CARE PHARMACY INC,10530 ROCKLEY RD,STE 100A,HOUSTON,TX,770993554,2815644141,PHARMACY MANAGER,333600000X,tier_1_primary_pharmacy,Y,Y,
1245217157,VINATOWN PHARMACY,2117 CHENEVERT ST STE C,STE C,HOUSTON,TX,770035845,7136511430,OWNER,3336C0003X,tier_1_primary_pharmacy,Y,Y,
1407833312,UNITED SUPERMARKETS LLC,4209 BUFFALO GAP RD,,ABILENE,TX,796062706,3256901008,STAFF,3336C0003X,tier_1_primary_pharmacy,Y,Y,
1649257551,"UNITED SUPERMARKETS, L.L.C.",5605 COLLEYVILLE BLVD,,COLLEYVILLE,TX,760346022,8175775030,THIRD PARTY ADMINISTRATOR,333600000X,tier_1_primary_pharmacy,Y,Y,
1104804046,CAPROCK DISCOUNT DRUG INC,2625 50TH ST,,LUBBOCK,TX,794134529,8067926122,PIC,333600000X|3336C0003X,tier_1_primary_pharmacy,Y,Y,
1073591921,PHARMPLEX LTD II,4955 S JACKSON RD,,EDINBURG,TX,785397228,9563932000,OWNER,333600000X|3336C0004X|3336S0011X|3336C0003X,tier_1_primary_pharmacy,Y,Y,
1861471476,PRESCRIPTION SERVICES INC.,1002 S MAIN ST,,BIG SPRING,TX,797202949,4322672711,OWNER/PHARMACIST IN CHARGE,333600000X|3336L0003X,tier_1_primary_pharmacy,Y,Y,
1689653040,GLENVIEW PROFESSIONAL PHARMACY INC,7640 GLENVIEW DR STE A,,RICHLAND HILLS,TX,761808330,8172841489,VICE PRESIDENT,333600000X|3336C0003X,tier_1_primary_pharmacy,Y,Y,
1033198379,BARSKY ENTERPRISES LLC,3033 W PARKER RD,STE 100,PLANO,TX,750238048,9725198475,OWNER,3336L0003X|3336C0003X,tier_1_primary_pharmacy,Y,Y,
1841279932,GLENVIEW PROFESSIONAL PHARMACY INC,7640 GLENVIEW DR STE B,,RICHLAND HILLS,TX,761808330,8172841926,VICE PRESIDENT,333600000X|3336L0003X,tier_1_primary_pharmacy,Y,Y,
1922088830,AMARILLO DIAGNOSTIC CLINIC RX INC,6700 W 9TH AVE,,AMARILLO,TX,791061701,8063580331,"OWNER, PIC",333600000X|3336C0004X|3336C0003X,tier_1_primary_pharmacy,Y,Y,
1508846056,FOREST LAKE PHARMACY,9129 MESA DR,,HOUSTON,TX,770281606,7136351441,CHIEF PHARMACIST,333600000X,tier_1_primary_pharmacy,Y,Y,
1952371239,COOK CHILDRENS HOME HEALTH,1101 W VICKERY BLVD,,FORT WORTH,TX,761041025,6828856294,PRESIDENT,333600000X,tier_1_primary_pharmacy,Y,Y,
1962472290,T & W PHARMACY INC,1100 SCOTT ST,,WICHITA FALLS,TX,763014650,9407674345,OWNER PHARMACIST IN CHARGE,333600000X,tier_1_primary_pharmacy,Y,Y,
1174594451,FIRST LONE STAR PHARMACY GROUP IV LLC,1246 S HIGHWAY 377,STE 100,PILOT POINT,TX,762584353,9406862218,OPERATIONS MANAGER,3336C0004X|3336C0003X|333600000X,tier_1_primary_pharmacy,Y,Y,
1700859857,"PRESCRIPTION DISPENSING LABORATORIES, INC.",1513 E NEW HOPE DR BLDG E,,CEDAR PARK,TX,786415760,8006879014,GENERAL MANAGER,333600000X,tier_1_primary_pharmacy,Y,Y,
1841263951,PRO MED PHARMACIES INC,701 N TAYLOR,,AMARILLO,TX,791075279,8063768245,PRESIDENT CEO,333600000X,tier_1_primary_pharmacy,Y,Y,
1396714903,RIOS PHARMACEUTICALS LTD,708 N GRANT ST,,ROMA,TX,785845310,9568491811,PHARMACIST/ OWNER,333600000X|3336C0003X,tier_1_primary_pharmacy,Y,Y,
1497724884,"SHINER FAMILY PHARMACY, INC",408 N. AVE B,,SHINER,TX,77984,3615942394,PHARMACIST/OWNER,333600000X,tier_1_primary_pharmacy,Y,Y,
1427018902,Y MEDICAL ASSOCIATES INC,8840 N MACARTHUR BLVD,,IRVING,TX,750637593,9727140777,"PRESIDENT, TREASURER, SECRETARY",3336C0003X|3336S0011X|333600000X|3336H0001X,tier_1_primary_pharmacy,Y,Y,
1508826199,"THE HOME HEALTH STORE OF TOMBALL, INC.",444 HOLDERRIETH BLVD,SUITE 6,TOMBALL,TX,773754591,2813516216,CEO,333600000X,tier_2_secondary_pharmacy,N,Y,
1568424273,MEMPHIS PHARMACY LLC,210 W VIGGIE ST UNIT 1,,HEBBRONVILLE,TX,783613048,3616910822,OFFICER,333600000X,tier_1_primary_pharmacy,Y,Y,
1013970862,PREFERRED HOSPITAL LEASING VAN HORN INC,EISENHOWER-FM 2185,,VAN HORN,TX,79855,4322832760,PRESIDENT,3336C0003X,tier_2_secondary_pharmacy,N,Y,
1427012954,LANDMARK HEALTHCARE INC,8200 TRISTAR DR STE 120,,IRVING,TX,750632863,8663883883,CEO,3336C0003X|3336C0004X|3336S0011X|333600000X|3336H0001X,tier_1_primary_pharmacy,Y,Y,
1184688921,YODORINCMISSIONPLAZAPHARMACY,906 S BRYAN RD STE 101A,,MISSION,TX,785726605,9565818833,"VP, SECRETARY, PHARMACIST",333600000X,tier_1_primary_pharmacy,Y,Y,
1710942040,SCOTT & WHITE MEMORIAL HOSPITAL,5701 AIRPORT RD # PODM164,,TEMPLE,TX,765027092,2547242111,CFO,333600000X|3336C0004X|3336H0001X,tier_2_secondary_pharmacy,N,Y,
1386600195,DRISCOLL PHARMACY INC,816 FRONTAGE RD,,IDALOU,TX,793299100,8068922561,PRESIDENT,3336C0003X,tier_1_primary_pharmacy,Y,Y,
1376509885,"MEDICINE MAN, L.P.",13250 HIGHWAY 6,,SANTA FE,TX,775107682,4099253522,PRESIDENT & CEO,3336C0003X,tier_1_primary_pharmacy,Y,Y,
1538125042,"MEDICINE MAN, L.P.",1212 S GORDON ST,,ALVIN,TX,775113445,2813314409,PRESIDENT & CEO,3336C0003X,tier_1_primary_pharmacy,Y,Y,
1306802384,UNIVERSITY OF TEXAS MEDICAL BRANCH AT GALVESTON,301 UNIVERSITY BLVD,WSP STE 2.103,GALVESTON,TX,775550705,4097726147,PRESIDENT,3336C0002X|3336C0003X,tier_1_primary_pharmacy,Y,Y,
1699732487,"MEDICINE MAN, L.P.",131 E HOSPITAL DR,,ANGLETON,TX,775154111,9798494353,PRESIDENT & CEO,3336C0003X,tier_1_primary_pharmacy,Y,Y,
1073570255,PHARMSERV INC,6828 RANCHESTER DR,STE A,HOUSTON,TX,770364541,7139880883,"PRESIDENT, PIC",333600000X,tier_1_primary_pharmacy,Y,Y,
1891753133,"JAY-KISHUN ENTERPRISE, INC.",4504 BOAT CLUB RD,#200,FORT WORTH,TX,761357003,8172377877,OWNER PHARMACIST,333600000X|3336C0003X,tier_1_primary_pharmacy,Y,Y,
1710945381,JAY-KISHUN ENTERPRISE INC,2524 MALL CIR,,FT WORTH,TX,761161545,8177377377,PIC,3336C0003X,tier_1_primary_pharmacy,Y,Y,
1679521652,LUBBOCK COUNTY HOSPITAL DISTRICT,602 INDIANA AVE,,LUBBOCK,TX,794153364,8067758696,MANAGER,333600000X|3336C0003X,tier_1_primary_pharmacy,Y,Y,
1033168034,THE DEVEREUX FOUNDATION,1150 DEVEREUX DRIVE,,LEAGUE CITY,TX,775732043,8333532063,VP/CHIEF PHARMACY OFFICER,3336I0012X|3336L0003X|333600000X,tier_1_primary_pharmacy,Y,Y,
1114976198,DIEUTHAO PHARMACY,3911 WOODLAWN AVE,,PASADENA,TX,775042054,8327750060,OWNER,333600000X|3336C0003X,tier_1_primary_pharmacy,Y,Y,
1720037393,THE BARLEO CORPORATION,1316 SYCAMORE SCHOOL RD,STE. 130,FORT WORTH,TX,761344997,8172932441,PRESIDENT,3336C0003X,tier_1_primary_pharmacy,Y,Y,
1891744546,"HILL'S DRUG STORE, INC.",705 KIRK PL,,SAN ANTONIO,TX,782261407,2102257283,PRESIDENT,333600000X|3336C0003X,tier_1_primary_pharmacy,Y,Y,
1780634501,ROBERT E EMFINGER,1224 S ELM ST,,KEMP,TX,751430569,9034988523,OFFICE MANAGER,333600000X,tier_1_primary_pharmacy,Y,Y,
1437109444,VETERINARY PHARMACIES OF AMERICA LLC,2854 ANTOINE DR,,HOUSTON,TX,770927055,8778387979,PIC,3336M0002X,tier_1_primary_pharmacy,Y,Y,
1346290350,CMG PHARMACY LLC,11040 EAST FWY,STE 200,HOUSTON,TX,770291931,7134516681,PRESIDENT,3336C0003X,tier_1_primary_pharmacy,Y,Y,
1275583015,LP. INC.,3003 SOUTH LOOP W SUITE 450,,HOUSTON,TX,770541315,7136654400,PHARMACIST,3336C0003X,tier_1_primary_pharmacy,Y,Y,
1295786432,"GIBSON PHARMACY, LLC",600 S PALESTINE ST,SUITE 100,ATHENS,TX,757513310,9036757069,MEMBER,3336L0003X|333600000X|3336C0003X,tier_1_primary_pharmacy,Y,Y,
1003867227,"RAY'S PHARMACY, INC.",1831 E BROAD ST,101,MANSFIELD,TX,760639170,8174731145,OWNER/PRESIDENT,3336C0003X,tier_1_primary_pharmacy,Y,Y,
1881645240,STORM PHARMACY INC,3141 A 2B COLLEGE ST,,BEAUMONT,TX,77701,4098398700,PRESIDENT,3336C0003X,tier_1_primary_pharmacy,Y,Y,
1447201397,GIBSON SALES LP,824 W UNIVERSITY DR,,DENTON,TX,762011846,9403871290,DIRECTOR OF PHARMACY,333600000X|3336C0004X|3336C0003X,tier_1_primary_pharmacy,Y,Y,
1023069895,GIBSON SALES LP,4210 SW 45TH AVE STE B,,AMARILLO,TX,791090400,8063581800,DIRECTOR OF PHARMACY,3336C0004X|333600000X|3336C0003X,tier_1_primary_pharmacy,Y,Y,
1740231521,GIBSON SALES LP,5900 BOSQUE BLVD,,WACO,TX,767108007,2547720011,DIRECTOR OF PHARMACY,3336C0004X|333600000X|3336C0003X,tier_1_primary_pharmacy,Y,Y,
1750332441,TEXAS CENTERS FOR INFECTIOUS DISEASE ASSOCIATES PA,1025 COLLEGE AVE,,FORT WORTH,TX,761043013,8178109811,PROVIDER,3336C0003X|3336H0001X,tier_2_secondary_pharmacy,N,Y,
1003867748,GIBSON SALES LP,2321 W LOOP 281,,LONGVIEW,TX,756042563,9032970558,DIRECTOR OF PHARMACY,3336C0004X|333600000X|3336C0003X,tier_1_primary_pharmacy,Y,Y,
1558313940,ARMSTRONG RX II LP,11613 N. CENTRAL EXPRESSWAY STE 114,,DALLAS,TX,75243,2143619228,OWNER,3336C0003X|333600000X,tier_1_primary_pharmacy,Y,Y,
1346292562,"QVL PHARMACY 144, LP",2301 W WALNUT ST,,GARLAND,TX,750426622,9722761439,CHIEF EXECUTIVE OFFICER,333600000X,tier_1_primary_pharmacy,Y,Y,
1477505618,SS TYLER LP,1321 S BECKHAM AVE,,TYLER,TX,757013323,9035931706,CEO,333600000X|3336C0003X,tier_1_primary_pharmacy,Y,Y,
1609828854,SS PHARMACY HOLDINGS INC,3212 N 4TH ST,,LONGVIEW,TX,756055143,9032369676,CEO,333600000X|3336C0003X,tier_1_primary_pharmacy,Y,Y,
1003867672,DONALD J. MEYERS,1863 TROUP HWY,,TYLER,TX,757015871,9035953737,REGISTERED PHARMACIST/OWNER,3336C0003X,tier_1_primary_pharmacy,Y,Y,
1700837382,GIBSON SALES LP,5614 S BROADWAY AVE,,TYLER,TX,757034356,9035349105,DIRECTOR OF PHARMACY,3336C0004X|333600000X|3336C0003X,tier_1_primary_pharmacy,Y,Y,
1710938345,QVL PHARMACY 141 LP,6711 STELLA LINK RD,,HOUSTON,TX,770054342,7135125998,CEO,333600000X|3336C0003X,tier_1_primary_pharmacy,Y,Y,
1629029236,GIBSON SALES LP,2550 BARROW ST,,ABILENE,TX,796056235,3256980442,DIRECTOR OF PHARMACY,3336C0004X|333600000X|3336C0003X,tier_1_primary_pharmacy,Y,Y,
1063464469,CPRX PHARMACY LP,3811 BEE CAVES RD STE 100,,WEST LAKE HILLS,TX,787465310,5123827393,MANAGER,333600000X|3336C0004X|3336C0003X,tier_1_primary_pharmacy,Y,Y,
1609827229,GIBSON SALES LP,5109 82ND ST,,LUBBOCK,TX,794243028,8067940022,DIRECTOR OF PHARMACY,333600000X|3336C0004X|3336C0003X,tier_1_primary_pharmacy,Y,Y,
1215989389,THE DAILY DOSE LP,4534 W GATE BLVD STE 111,STE 111,AUSTIN,TX,787451468,5123349697,ADMINISTRATOR,333600000X|3336C0004X|3336C0003X,tier_1_primary_pharmacy,Y,Y,
1265484356,"BRUCE'S MARKET BASKET, LTD.",6001 39TH ST,,GROVES,TX,776194651,4097496405,PRESIDENT,3336C0003X,tier_1_primary_pharmacy,Y,Y,
1407808504,"RETAIL INVESTORS OF TEXAS, LTD.",655 LAVACA ST,,BEAUMONT,TX,777053811,4098354558,PRESIDENT,3336C0003X,tier_1_primary_pharmacy,Y,Y,
1356394449,LAKEVIEW SAVEALL PHARMACY,621 W 29TH ST,,SAN ANGELO,TX,769032827,3256582964,PRES,3336C0003X|333600000X,tier_1_primary_pharmacy,Y,Y,
1619920063,WORKERS CHOICE PHARMACY INC,10501 GATEWAY WEST,,EL PASO,TX,79925,9155985000,PRESIDENT,333600000X,tier_1_primary_pharmacy,Y,Y,
1154374197,"MALAKOFF PRESCRIPTION SHOP, INC",409 W ROYALL BLVD,,MALAKOFF,TX,751489499,9034891909,VICE-PRESIDENT,3336C0003X,tier_1_primary_pharmacy,Y,Y,
1477507937,BULLARD DRUG INC,1926 W MORTON,,DENISON,TX,750201617,9034650048,OWNER PRESIDENT,3336C0003X,tier_1_primary_pharmacy,Y,Y,
1235184086,MD PHARMACEUTICALS LLC,502 S OLD ORCHARD LN,SUITE 128,LEWISVILLE,TX,750674374,9729060067,MANAGING MENBER,3336M0002X|3336L0003X|3336C0003X,tier_1_primary_pharmacy,Y,Y,
1386699130,CITY DRUG JEFFERSON TEXAS INC,109 W LAFAYETTE ST,,JEFFERSON,TX,756572205,9036652521,PRESIDENT,3336L0003X|3336C0003X,tier_1_primary_pharmacy,Y,Y,
1356397640,PHARMPLEX LTD III,2308 EXPRESSWAY 83,SUITE A,PENITAS,TX,785768398,9565803500,OWNER AND PIC,333600000X|3336C0004X|3336L0003X|3336C0003X,tier_1_primary_pharmacy,Y,Y,
1295782340,"ABELDT GP, LLC",200 GASLIGHT BLVD,,LUFKIN,TX,759043166,9366392346,PRESIDENT,3336C0004X|3336C0003X,tier_1_primary_pharmacy,Y,Y,
1316994973,M PHARMACY INC,1310 GENERAL CAVAZOS BLVD,SUITE A,KINGSVILLE,TX,783637147,3615923331,OWNER PRESIDENT,333600000X|3336C0003X,tier_1_primary_pharmacy,Y,Y,
1144277310,TEAM VISION PHARMACY & MEDICAL EQUIPMENT,12705 S KIRKWOOD RD,SUITE 213,STAFFORD,TX,774773819,2812771991,MANAGING DIRECTOR,3336H0001X,tier_1_primary_pharmacy,Y,Y,
1932146453,ALBERTSONS LLC,716 I-40 W,,AMARILLO,TX,791023011,8063718001,NEW STORE ENROLLMENTS,333600000X|3336C0003X,tier_1_primary_pharmacy,Y,N,ALBERTSONS
1841237369,ALBERTSONS LLC,4215 SW 45TH AVE,,AMARILLO,TX,791095401,8063557423,NEW STORE ENROLLMENTS,333600000X|3336C0003X,tier_1_primary_pharmacy,Y,N,ALBERTSONS
1982641445,ALBERTSONS LLC,1050 W ARKANSAS LN,,ARLINGTON,TX,760137636,8172776555,NEW STORE ENROLLMENTS,333600000X|3336C0003X,tier_1_primary_pharmacy,Y,N,ALBERTSONS
1609813161,ALBERTSONS LLC,6249 RUFE SNOW DR,,WATAUGA,TX,761483316,8175817144,NEW STORE ENROLLMENTS,333600000X|3336C0003X,tier_1_primary_pharmacy,Y,N,ALBERTSONS
1245277706,ALBERTSONS LLC,7100 HIGHWAY 290 W,,AUSTIN,TX,787363200,5122881101,NEW STORE ENROLLMENTS,333600000X|3336C0003X,tier_1_primary_pharmacy,Y,N,ALBERTSONS
1154368611,ALBERTSONS LLC,1807 SLAUGHTER LN W,SUITE 400,AUSTIN,TX,787486230,5122805118,NEW STORE ENROLLMENTS,333600000X|3336C0003X,tier_1_primary_pharmacy,Y,N,ALBERTSONS
1548207004,ALBERTSONS LLC,14211 COIT RD,,DALLAS,TX,752542862,9722397024,NEW STORE ENROLLMENTS,333600000X|3336C0003X,tier_1_primary_pharmacy,Y,N,ALBERTSONS
1992742456,ALBERTSONS LLC,3750 GATTIS SCHOOL RD,,ROUND ROCK,TX,786644642,5122557876,NEW STORE ENROLLMENTS,333600000X|3336C0003X,tier_1_primary_pharmacy,Y,N,ALBERTSONS
1356388813,RLS SUPERMARKETS LLC,3630 FOREST LN,,DALLAS,TX,752347922,2143510007,DIRECTOR OF PHARMACY,3336C0003X,tier_1_primary_pharmacy,Y,Y,
1083651541,ALBERTSONS LLC,6524 SLIDE RD,,LUBBOCK,TX,794241310,8067944676,NEW STORE ENROLLMENTS,333600000X|3336C0003X,tier_1_primary_pharmacy,Y,N,ALBERTSONS
1619914173,ALBERTSONS LLC,3100 CUSTER RD,,PLANO,TX,750752060,9729850656,NEW STORE ENROLLMENTS,333600000X|3336C0003X,tier_1_primary_pharmacy,Y,N,ALBERTSONS
1437196995,ALBERTSONS LLC,2106 N GALLOWAY AVE,,MESQUITE,TX,751505730,9722884474,NEW STORE ENROLLMENTS,333600000X|3336C0003X,tier_1_primary_pharmacy,Y,N,ALBERTSONS
1346287802,ALBERTSONS LLC,535 W AIRPORT FWY,,IRVING,TX,750626307,9722573891,NEW STORE ENROLLMENTS,333600000X|3336C0003X,tier_1_primary_pharmacy,Y,N,ALBERTSONS
1508803065,ALBERTSONS LLC,131 W SPRING CREEK PKWY,,PLANO,TX,750234609,9725178124,NEW STORE ENROLLMENTS,333600000X|3336C0003X,tier_1_primary_pharmacy,Y,N,ALBERTSONS
1326085887,ALBERTSONS LLC,9779 FOREST LN,,DALLAS,TX,752435701,9722341273,NEW STORE ENROLLMENTS,333600000X|3336C0003X,tier_1_primary_pharmacy,Y,N,ALBERTSONS
1871530329,RLS SUPERMARKETS LLC,8505 LAKEVIEW PKWY,,ROWLETT,TX,750889305,9724750678,DIRECTOR OF PHARMACY,3336C0003X,tier_1_primary_pharmacy,Y,Y,
1780621235,ALBERTSONS LLC,2101 JUSTIN RD,,FLOWER MOUND,TX,750283831,9728747525,NEW STORE ENROLLMENTS,333600000X|3336C0003X,tier_1_primary_pharmacy,Y,N,ALBERTSONS
1134166689,ALBERTSONS LLC,1223 N HOBART ST,,PAMPA,TX,790654605,8066692564,NEW STORE ENROLLMENTS,333600000X|3336C0003X,tier_1_primary_pharmacy,Y,N,ALBERTSONS
1952348401,ALBERTSONS LLC,2205 LONGMIRE DR,,COLLEGE STATION,TX,778455230,9797643977,NEW STORE ENROLLMENTS,333600000X|3336C0003X,tier_1_primary_pharmacy,Y,N,ALBERTSONS
1861439317,ALBERTSONS LLC,822 E CENTERVILLE RD,,GARLAND,TX,750413619,9722780546,NEW STORE ENROLLMENTS,333600000X|3336C0003X,tier_1_primary_pharmacy,Y,N,ALBERTSONS
1497792949,RLS SUPERMARKETS LLC,3524 MCKINNEY AVE,,DALLAS,TX,752041402,2145280516,DIRECTOR OF PHARMACY,3336C0003X,tier_1_primary_pharmacy,Y,Y,
1306883855,ALBERTSONS LLC,1702 W UNIVERSITY DR,,MCKINNEY,TX,750693217,9725429234,NEW STORE ENROLLMENTS,333600000X|3336C0003X,tier_1_primary_pharmacy,Y,N,ALBERTSONS
1124065677,ALBERTSONS LLC,10020 MARSH LN,,DALLAS,TX,752296006,2143505778,NEW STORE ENROLLMENTS,333600000X|3336C0003X,tier_1_primary_pharmacy,Y,N,ALBERTSONS
1942247499,ALBERTSONS LLC,9509 CLARK RD,,DALLAS,TX,752491400,9722960263,NEW STORE ENROLLMENTS,333600000X|3336C0003X,tier_1_primary_pharmacy,Y,N,ALBERTSONS
1851338305,ALBERTSONS LLC,850 N BELL BLVD,,CEDAR PARK,TX,786132242,5123352276,NEW STORE ENROLLMENTS,333600000X|3336C0003X,tier_1_primary_pharmacy,Y,N,ALBERTSONS
1760429211,ALBERTSONS LLC,1601 W PECAN ST,,PFLUGERVILLE,TX,786602526,5122520758,NEW STORE ENROLLMENTS,333600000X|3336C0003X,tier_1_primary_pharmacy,Y,N,ALBERTSONS
1588601033,ALBERTSONS LLC,701 S CAPITAL OF TEXAS HWY,BUILDING C,WEST LAKE HILLS,TX,787465243,5123470674,NEW STORE ENROLLMENTS,333600000X|3336C0003X,tier_1_primary_pharmacy,Y,N,ALBERTSONS
1396782843,ALBERTSONS LLC,610 N AUSTIN AVE,,GEORGETOWN,TX,786264210,5128682202,NEW STORE ENROLLMENTS,333600000X|3336C0003X,tier_1_primary_pharmacy,Y,N,ALBERTSONS
1659318111,ALBERTSONS LLC,2515 W JEFFERSON BLVD,,DALLAS,TX,752112629,2149483969,NEW STORE ENROLLMENTS,333600000X|3336C0003X,tier_1_primary_pharmacy,Y,N,ALBERTSONS
1477590933,ALBERTSONS LLC,13435 N US HIGHWAY 183,,AUSTIN,TX,787503257,5122509495,NEW STORE ENROLLMENTS,333600000X|3336C0003X,tier_1_primary_pharmacy,Y,N,ALBERTSONS
1386681849,ALBERTSONS LLC,6505 W PARK BLVD,,PLANO,TX,750936208,9723784146,NEW STORE ENROLLMENTS,333600000X|3336C0003X,tier_1_primary_pharmacy,Y,N,ALBERTSONS
1194762658,ALBERTSONS LLC,8800 N TARRANT PKWY,,NORTH RICHLAND HILLS,TX,761801406,8174270931,NEW STORE ENROLLMENTS,333600000X|3336C0003X,tier_1_primary_pharmacy,Y,N,ALBERTSONS
1558308015,RLS SUPERMARKETS LLC,1108 N HIGHWAY 377,,ROANOKE,TX,762629121,8174914003,DIRECTOR OF PHARMACY,3336C0003X,tier_1_primary_pharmacy,Y,Y,
1285671743,ALBERTSONS LLC,2225 W LEDBETTER DR,,DALLAS,TX,752244713,2143396048,NEW STORE ENROLLMENTS,333600000X|3336C0003X,tier_1_primary_pharmacy,Y,N,ALBERTSONS
1902843469,ALBERTSONS LLC,6800 W GATE BLVD,SUITE 120,AUSTIN,TX,787454883,5126932216,NEW STORE ENROLLMENTS,333600000X|3336C0003X,tier_1_primary_pharmacy,Y,N,ALBERTSONS
1295772630,RLS SUPERMARKETS LLC,4349 W NORTHWEST HWY,,DALLAS,TX,752203854,2143578195,DIRECTOR OF PHARMACY,3336C0003X,tier_1_primary_pharmacy,Y,Y,
1457398794,"G. G. MEDICAL, INC.",614 W FRENCH PL,,SAN ANTONIO,TX,782123634,2102250607,PRESIDENT/OWNER,3336C0003X,tier_1_primary_pharmacy,Y,Y,
1104864230,ALBERTSONS LLC,1809 N LOOP 281,,LONGVIEW,TX,75604,9032971407,NEW STORE ENROLLMENTS,333600000X|3336C0003X,tier_1_primary_pharmacy,Y,N,ALBERTSONS
1922046051,ALBERTSONS LLC,6951 PRESTON RD,,FRISCO,TX,750345817,9723773878,NEW STORE ENROLLMENTS,333600000X|3336C0003X,tier_1_primary_pharmacy,Y,N,ALBERTSONS
1861430951,ALBERTSONS LLC,11170 N CENTRAL EXPY,,DALLAS,TX,752436904,2143632498,NEW STORE ENROLLMENTS,333600000X|3336C0003X,tier_1_primary_pharmacy,Y,N,ALBERTSONS
1770521866,ALBERTSONS LLC,3312 PRESTON RD,,PLANO,TX,750937404,9728670721,NEW STORE ENROLLMENTS,333600000X|3336C0003X,tier_1_primary_pharmacy,Y,N,ALBERTSONS
1215975305,ALBERTSONS LLC,605 W MCDERMOTT DR,,ALLEN,TX,750132703,9723968737,NEW STORE ENROLLMENTS,333600000X|3336C0003X,tier_1_primary_pharmacy,Y,N,ALBERTSONS
1144267576,ALBERTSONS LLC,920 STEGER TOWNE RD,,ROCKWALL,TX,750325659,9727221193,NEW STORE ENROLLMENTS,333600000X|3336C0003X,tier_1_primary_pharmacy,Y,N,ALBERTSONS
1780621110,ALBERTSONS LLC,3249 50TH ST,,LUBBOCK,TX,794134105,8067923752,NEW STORE ENROLLMENTS,333600000X|3336C0003X,tier_1_primary_pharmacy,Y,N,ALBERTSONS
1407893837,ALBERTSONS LLC,989 N WALNUT CREEK DR,,MANSFIELD,TX,760638024,8174530178,NEW STORE ENROLLMENTS,333600000X|3336C0003X,tier_1_primary_pharmacy,Y,N,ALBERTSONS
1134166564,ALBERTSONS LLC,220 N INTERSTATE 35,,ROUND ROCK,TX,786815082,5122183304,NEW STORE ENROLLMENTS,333600000X|3336C0003X,tier_1_primary_pharmacy,Y,N,ALBERTSONS
1912945874,ALBERTSONS LLC,5510 I35 S,,AUSTIN,TX,78745,5124433882,NEW STORE ENROLLMENTS,333600000X|3336C0003X,tier_1_primary_pharmacy,Y,N,ALBERTSONS
1568400984,ALBERTSONS LLC,4711 HWY 121,,THE COLONY,TX,750562914,9723700062,NEW STORE ENROLLMENTS,333600000X|3336C0003X,tier_1_primary_pharmacy,Y,N,ALBERTSONS
1265470629,ALBERTSONS LLC,1819 S PLEASANT VALLEY RD,,AUSTIN,TX,787413106,5123893571,NEW STORE ENROLLMENTS,333600000X|3336C0003X,tier_1_primary_pharmacy,Y,N,ALBERTSONS
1891733259,ALBERTSONS LLC,8716 RESEARCH BLVD,,AUSTIN,TX,787586420,5124586355,NEW STORE ENROLLMENTS,333600000X|3336C0003X,tier_1_primary_pharmacy,Y,N,ALBERTSONS
1700824166,RLS SUPERMARKETS LLC,10203 E NORTHWEST HWY,,DALLAS,TX,752384407,2142215007,DIRECTOR OF PHARMACY,3336C0003X,tier_1_primary_pharmacy,Y,Y,
1437197894,RLS SUPERMARKETS LLC,6464 E MOCKINGBIRD LN,,DALLAS,TX,752142406,2148274230,PHARMACY MANAGER,333600000X|3336C0003X,tier_1_primary_pharmacy,Y,Y,
1346288701,RLS SUPERMARKETS LLC,7007 ARAPAHO RD,,DALLAS,TX,752484158,9723878977,PHARMACIST IN CHARGE,333600000X|3336C0003X,tier_1_primary_pharmacy,Y,Y,
1255379616,ALBERTSONS LLC,1900 NVALLEY MILLS DR,,WACO,TX,76710,2547766714,NEW STORE ENROLLMENTS,333600000X|3336C0003X,tier_1_primary_pharmacy,Y,N,ALBERTSONS
1073551438,ALBERTSONS LLC,2100 W NW HWY,,GRAPEVINE,TX,760517808,8174880453,NEW STORE ENROLLMENTS,333600000X|3336C0003X,tier_1_primary_pharmacy,Y,N,ALBERTSONS
1790723153,ALBERTSONS LLC,110 W SANDY LAKE RD,,COPPELL,TX,750192015,9724627260,NEW STORE ENROLLMENTS,333600000X|3336C0003X,tier_1_primary_pharmacy,Y,N,ALBERTSONS
1457399826,"ONCOLOGY PHARMACY SERVICES, INC.",252 MATLOCK RD STE 140,,MANSFIELD,TX,760634296,8174355843,EXECUTIVE DIRECTOR,3336C0003X|3336S0011X,tier_1_primary_pharmacy,Y,Y,
1538108964,"ONCOLOGY PHARMACY SERVICES, INC.",2600 SCRIPTURE ST,,DENTON,TX,762014315,9403807936,EXECUTIVE DIRECTOR,333600000X|3336C0003X|3336S0011X,tier_1_primary_pharmacy,Y,Y,
1801835269,COVERMYMEDS PHARMACY LLC,"845 REGENT BLVD., STE. 100A / 100B",,IRVING,TX,75063,8884796337,VP & TREASURER; MANAGER,333600000X|3336C0003X|3336S0011X,tier_1_primary_pharmacy,Y,Y,
1841239621,ALBERTSONS LLC,12860 RESEARCH BLVD,,AUSTIN,TX,787503222,5122501661,NEW STORE ENROLLMENTS,333600000X|3336C0003X,tier_1_primary_pharmacy,Y,N,ALBERTSONS
1669411443,ALBERTSONS LLC,13100 JOSEY LN,,FARMERS BRANCH,TX,752346351,9722410331,NEW STORE ENROLLMENTS,333600000X|3336C0003X,tier_1_primary_pharmacy,Y,N,ALBERTSONS
1104865989,ALBERTSONS LLC,2661 MIDWAY RD,,CARROLLTON,TX,750062359,9722489922,NEW STORE ENROLLMENTS,333600000X|3336C0003X,tier_1_primary_pharmacy,Y,N,ALBERTSONS
1922047703,ALBERTSONS LLC,6921 INDEPENDENCE PKWY,,PLANO,TX,750231406,9726181624,NEW STORE ENROLLMENTS,333600000X|3336C0003X,tier_1_primary_pharmacy,Y,N,ALBERTSONS
1831138619,ALBERTSONS LLC,4801 COLLEYVILLE BLVD,,COLLEYVILLE,TX,760343970,8174288055,NEW STORE ENROLLMENTS,333600000X|3336C0003X,tier_1_primary_pharmacy,Y,N,ALBERTSONS
1780624569,MBKO INC,1610 MAIN ST,,JUNCTION,TX,768493518,3254462511,PRESIDENT,3336C0003X,tier_1_primary_pharmacy,Y,Y,
1639110141,A. R. E. PHARMCARE,5419 BANDERA RD,707,SAN ANTONIO,TX,782381984,2105209595,PRESIDENT,3336H0001X,tier_1_primary_pharmacy,Y,Y,
1265472955,"INFUSION CARE, LLC",8625 KING GEORGE DR,SUITE 300,DALLAS,TX,752352215,9722260700,CHIEF EXECUTIVE OFFICER,3336C0003X|3336C0004X|3336S0011X|3336H0001X,tier_1_primary_pharmacy,Y,Y,
1326089897,ONCOLOGY-HEMATOLOGY CONSULTANTS PA,800 W MAGNOLIA AVE,SUITE 130,FORT WORTH,TX,761044611,8173330180,EXECUTIVE DIRECTOR,3336C0003X,tier_1_primary_pharmacy,Y,Y,
1295777928,LIFECHEK CARRIZO LLC,3531 TOWN CENTER BLVD S STE 103,,SUGAR LAND,TX,774792591,8448430101,MANAGING OFFICER,333600000X|3336L0003X|3336C0003X,tier_1_primary_pharmacy,Y,Y,
1841232410,SPECIAL CARE HOME MEDICAL,1301 N PLANO RD,,RICHARDSON,TX,750812426,9726442273,VP,333600000X|3336C0003X|3336M0002X|3336S0011X,tier_1_primary_pharmacy,Y,Y,
1750323325,ELLA-MED INC,3444 ELLA BLVD,,HOUSTON,TX,770186100,7139561622,PIC OWNER,333600000X|3336C0003X,tier_1_primary_pharmacy,Y,Y,
1669414231,PEP NIC & MIC LLC,8449 W BELLFORT ST,STE 130,HOUSTON,TX,770712245,7137711767,MANAGER,333600000X|3336C0003X,tier_1_primary_pharmacy,Y,Y,
1578505145,STONEGATE PHARMACY LP,2501 W WILLIAM CANNON DR,BLDG 2 STE 203,AUSTIN,TX,787455281,5127072300,OWNER/PHARMACIST,3336C0004X|333600000X|3336L0003X|3336C0003X,tier_1_primary_pharmacy,Y,Y,
1487696050,APPLING ENTERPRISES LLC,2501 W OAK ST STE 100,,DENTON,TX,762014324,9403826758,OWNER,333600000X|3336C0003X,tier_1_primary_pharmacy,Y,Y,
1770525123,JIMMY MARTIN PHARMACY INC,201 NW 1ST ST,,ANDREWS,TX,797146303,4325232323,OWNER AND PHARMACIST,333600000X|3336C0003X,tier_1_primary_pharmacy,Y,Y,
1689616039,VIDA Y SALUD HEALTH SYSTEMS INC,308 S CESAR CHAVEZ AVE,,CRYSTAL CITY,TX,788394200,8303742301,CHIEF FINANCE OFCR,333600000X|3336C0002X,tier_1_primary_pharmacy,Y,Y,
1497797849,PEOPLE FIRST PHARMACY,4323 N JOSEY LN,STE 102,CARROLLTON,TX,750104633,9723948603,CEO,333600000X|3336C0003X,tier_1_primary_pharmacy,Y,Y,
1306888755,PROLAB,3020 LAMAR AVE,,PARIS,TX,754605014,9037858750,VP,3336M0002X|333600000X|3336C0003X,tier_1_primary_pharmacy,Y,Y,
1215979661,NATIONSHEALTH SPECIALTY RX LLC,16750 WESTGROVE DR STE 300,,ADDISON,TX,750015655,2145720688,PRESIDENT,333600000X|3336C0003X,tier_1_primary_pharmacy,Y,Y,
1124060579,SAN RAPHEL PHARMACY,1337 EAST PALMA VISTA DRIVE SUITE B,,PALM VIEW,TX,78539,9565140955,PRESIDENT,333600000X|3336C0003X,tier_1_primary_pharmacy,Y,Y,
1033151485,NOVEL APOTHECARY,4909 W PARK BLVD,,PLANO,TX,750932311,9725997700,OWNER,333600000X|3336C0003X,tier_1_primary_pharmacy,Y,Y,
1942242391,"SENIOR PHARMACY SERVICES, INC.",2501 E HEBRON PKWY,STE 100B,CARROLLTON,TX,75010,9724922151,OFFICE ADMINISTRATOR/AR,333600000X|3336H0001X|3336S0011X|3336L0003X,tier_1_primary_pharmacy,Y,Y,
1851333207,MAURICEVILLE PHARMACY LLC,10897 HWY 12,,MAURICEVILLE,TX,77626,4097453784,MANAGER,333600000X|3336C0003X,tier_1_primary_pharmacy,Y,Y,
1952343584,JAMJEN ENTERPRISES INCORPORATED,3044 OLD DENTON RD,SUITE #115,CARROLLTON,TX,750075016,9728201044,OWNER,3336C0002X|333600000X|3336C0003X,tier_1_primary_pharmacy,Y,Y,
1861434490,"UNITED STATES PHARMACEUTICAL DISTRIBUTORS, INC.",1025 N MILL ST,,LEWISVILLE,TX,750573040,2147648768,PRESIDENT,3336C0003X|3336M0002X|333600000X,tier_1_primary_pharmacy,Y,Y,
1770525305,UNIVERSITY OF TEXAS MEDICAL BRANCH AT GALVESTON,2400 AVENUE I,,HUNTSVILLE,TX,773405830,9364375300,AVP PHARMACY SERVICES,333600000X|3336I0012X,tier_1_primary_pharmacy,Y,Y,
1689616211,GRAPEVINE DRUG MART INC,1115 W NORTHWEST HWY STE H,,GRAPEVINE,TX,760515010,8174815780,PIC,333600000X|3336C0004X|3336C0003X,tier_1_primary_pharmacy,Y,Y,
1679515977,TEXAS COMMUNITY PHARMACY SERVICES,4400 TEASLEY LN STE 100,,DENTON,TX,762104651,9403821618,PRESIDENT/PIC,3336C0004X|3336S0011X|3336L0003X|333600000X|3336C0003X,tier_1_primary_pharmacy,Y,Y,
1588606883,PRESCRIPTION LABS INC,4061F BELLAIRE BLVD,,HOUSTON,TX,770251121,7134329855,OWNER PHARMACIST,3336C0003X|3336C0004X|3336S0011X|333600000X,tier_1_primary_pharmacy,Y,Y,
1689616492,AK AXEN INCORPORATED,213 HURST ST,,CENTER,TX,759354321,9365987188,PIC,333600000X|3336C0003X,tier_1_primary_pharmacy,Y,Y,
1497797203,LATIN AMERICAN PHARMACY INC.,3914 PARDES LN RD,,BROWNSVILLE,TX,785261184,9569824440,OWNER,333600000X|3336C0003X,tier_1_primary_pharmacy,Y,Y,
1952343733,HIGHLAND DRUG INC,504 E AVENUE E,,ALPINE,TX,798304816,4328373931,OWNER,333600000X|3336C0003X,tier_1_primary_pharmacy,Y,Y,
1861434649,TXRX PHARMACY,2 PUTNAM AVE,,ORANGE,TX,776302328,4098861412,OWNER,333600000X|3336C0003X,tier_1_primary_pharmacy,Y,Y,
1679516892,LOPERS NEIGHBORHOOD PHARMACY INC,116 N US HIGHWAY 69,,HUNTINGTON,TX,759498910,9364224440,"OWNER, PRES, PIC",333600000X|3336C0003X,tier_1_primary_pharmacy,Y,Y,
1043253206,FLOWER MOUND HERBAL PHARMACY,1001 CROSS TIMBERS RD,THE ATRIUM MALL #1170,FLOWER MOUND,TX,750281371,9723554614,PHARMACIST/OWNER,3336C0003X,tier_1_primary_pharmacy,Y,Y,
1295778512,BROWNSVILLE COMMUNITY HEALTH CLINIC CORPORATION,191 E PRICE RD,,BROWNSVILLE,TX,785213527,9566213645,CHIEF EXECUTIVE OFFICER,333600000X|3336C0002X|3336C0003X,tier_1_primary_pharmacy,Y,Y,
1134162472,HANSFORD COUNTY HOSPITAL DISTRICT,710 ROLAND ST,,SPEARMAN,TX,790813442,8066592226,PHARMACIST,333600000X|3336L0003X|3336C0003X,tier_1_primary_pharmacy,Y,Y,
1275576530,NEW ERA PHARMACY LLC,9709 BRUTON RD,STE 900,DALLAS,TX,752172704,2149427300,"PIC,MEMBER,AO",333600000X|3336C0003X,tier_1_primary_pharmacy,Y,Y,
1184667446,MORON VELA INC,1242 E BUSINESS HIGHWAY 83,,MISSION,TX,785729307,9565832700,PRESIDENT,333600000X|3336C0003X,tier_1_primary_pharmacy,Y,Y,
1306889472,ALBERTSONS LLC,7730 N MACARTHUR BLVD,,IRVING,TX,750637514,9725561332,NEW STORE ENROLLMENTS,333600000X|3336C0003X,tier_1_primary_pharmacy,Y,N,ALBERTSONS
1871537183,"RX HERRERA PHARMACY, INC",3521 BOB BULLOCK LOOP,STE 1,LAREDO,TX,78043,9567258899,OWNER PRESIDENT,3336C0003X,tier_1_primary_pharmacy,Y,Y,
1780628099,UNIVERSITY OF TEXAS HEALTH SCIENCE CENTER AT TYLER,721 CLINIC DR STE B,,TYLER,TX,757012043,9035957086,CHIEF BUSINESS OFFICER,3336C0002X|333600000X|3336C0003X,tier_1_primary_pharmacy,Y,Y,
1598709800,THE PHARMACY OF LONGVIEW LLC,615 N 3RD ST STE 1,,LONGVIEW,TX,756016550,9037573477,OWNER,333600000X|3336C0003X,tier_1_primary_pharmacy,Y,Y,
1285678490,CENTRAL LINE INFUSION DALLAS DIVISION LTD,8080 TRISTAR DRIVE,SUITE 120,IRVING,TX,750632823,9728150460,CFO,3336H0001X,tier_1_primary_pharmacy,Y,Y,
1609810977,TEXAS TECH UNIVERSITY HEALTH SCIENCES CENTER,3601 4TH ST # 1B300,,LUBBOCK,TX,79430,8067433270,"DEAN, TEXAS TECH SCHOOL OF PHARMACY",333600000X,tier_1_primary_pharmacy,Y,Y,
1932144805,HDK ENTERPRISES LLC,7700 MAIN ST,SUITE 210,HOUSTON,TX,770304406,7136608888,CEO,3336H0001X,tier_1_primary_pharmacy,Y,Y,
1114962594,MOORE'S PHARMACY INC.,200 S RACHAL ST,,SINTON,TX,783872524,3613641416,PRESIDENT,333600000X|3336C0003X,tier_1_primary_pharmacy,Y,Y,
1124063649,TEXAS TECH UNIVERSITY HEALTH SCIENCES CENTER,1400 S COULTER ST STE 1100,,AMARILLO,TX,791061786,8064149390,DEAN TX TECH SCHOOL OF PHCY,333600000X|3336C0003X|3336C0002X,tier_1_primary_pharmacy,Y,Y,
1629013156,AAPEX COMMUNITY PHARMACY INC,1307 W CLAY ST,,HOUSTON,TX,770194003,7132696222,DIRECTOR,3336C0003X|3336C0004X,tier_1_primary_pharmacy,Y,Y,
1013952613,"TCG INTERESTS, LLC",9349 KIRBY DR,,HOUSTON,TX,770542516,7133832100,CHIEF ADMINISTRATIVE OFFICER,333600000X,tier_2_secondary_pharmacy,N,Y,
1306881529,MILLERS PHARMACY,100 E DALLAS AVE,,COOPER,TX,754322043,9033952127,OWNER,3336C0003X,tier_1_primary_pharmacy,Y,Y,
1215972435,PBG INC,203 RAILROAD ST,BUILD 2 STE B,BUDA,TX,786103383,5123122111,OWNER,333600000X|3336C0004X|3336L0003X|3336C0003X,tier_1_primary_pharmacy,Y,Y,
1124063342,BUCKNER NEIGHBORHOOD PHARMACY INC,3535 N BUCKNER BLVD STE 106A,,DALLAS,TX,752285633,9724218228,PHARMACIST/OWNER,3336C0003X,tier_1_primary_pharmacy,Y,Y,
1033154257,MEDICAL INSIGHTS & CARE UNLIMITED INC,4610 BELLE PARK DR,,HOUSTON,TX,770721820,7137746428,PRESIDENT,3336M0002X|3336C0004X|3336L0003X|3336H0001X|3336C0003X,tier_1_primary_pharmacy,Y,Y,
1942245162,ATKINS PHARMACY SERVICES INC,701 3RD ST,,MARBLE FALLS,TX,786545720,8306932972,OWNER PRESIDENT,3336C0004X|333600000X|3336C0003X,tier_1_primary_pharmacy,Y,Y,
1114962578,"ONCOLOGY PHARMACY SERVICES, INC",500 SOUTH HENDERSON STREET,SUITE 300,FORT WORTH,TX,761023927,8174131590,EXECUTIVE DIRECTOR,333600000X|3336C0003X|3336S0011X,tier_1_primary_pharmacy,Y,Y,
1942245212,"ONCOLOGY PHARMACY SERVICES, INC",1957 ANTILLEY RD,,ABILENE,TX,796065208,3256903854,EXECUTIVE DIRECTOR,333600000X|3336C0003X|3336S0011X,tier_1_primary_pharmacy,Y,Y,
1669417937,"ONCOLOGY PHARMACY SERVICES, INC",7848 GATEWAY BLVD E,,EL PASO,TX,799151815,9155956874,EXECUTIVE DIRECOTR,333600000X|3336C0003X|3336S0011X,tier_1_primary_pharmacy,Y,Y,
1033155049,ONCOLOGY PHARMACY SERVICES,1609 HOSPITAL PKWY,,BEDFORD,TX,760226920,8173599070,EXECUTIVE DIRECTOR,3336C0003X|333600000X|3336S0011X,tier_1_primary_pharmacy,Y,Y,
1497790638,MTN CORPORATION,12989 BELLAIRE BLVD,STE 1A,HOUSTON,TX,770725133,2815610101,PIC,333600000X|3336C0003X,tier_1_primary_pharmacy,Y,Y,
1659316792,MED SHOP PHARMACY INC,825 US HIGHWAY 271 N,,GILMER,TX,756445580,9036802600,PHARMACIST,3336L0003X|3336C0004X|333600000X|3336C0003X,tier_1_primary_pharmacy,Y,Y,
1477598514,"ABELDT ENTERPRISES, INC.",314 W RUSK ST,,TYLER,TX,757011513,9035338155,OWNER,3336C0003X|3336L0003X,tier_1_primary_pharmacy,Y,Y,
1386680403,VILLAGE DRUG INC,109 VILLAGE SHOPPING CTR,,IRVING,TX,750612694,9725791053,PRESIDENT,3336C0003X,tier_1_primary_pharmacy,Y,Y,
1144266263,CELINA DRUG INCORPORATED,701 N PRESTON RD,SUITE 210,CELINA,TX,750093763,9723822832,PHARMACY MANAGER,3336C0003X,tier_1_primary_pharmacy,Y,Y,
1861438749,"ONCOLOGY PHARMACY SERVICES, INC",4101 JAMES CASEY ST,SUITE 250,AUSTIN,TX,787453325,5124165132,EXECUTIVE DIRECTOR,333600000X|3336C0003X,tier_1_primary_pharmacy,Y,Y,
1801832795,TERRELL DRUG STORES INC,642 N ROCKWALL AVE,,TERRELL,TX,751602117,9725636466,PIC,333600000X|3336C0003X,tier_1_primary_pharmacy,Y,Y,
1710923602,HANCOCK PHARMACIES INC,4040 S BRAESWOOD BLVD,,HOUSTON,TX,770253304,7136666353,PRESIDENT,333600000X|3336L0003X|3336M0002X|3336C0003X,tier_1_primary_pharmacy,Y,Y,
1053357830,RLS SUPERMARKETS LLC,3300 HARWOOD RD,,BEDFORD,TX,760213904,8175403131,DIRECTOR OF PHARMACY,3336C0003X,tier_1_primary_pharmacy,Y,Y,
1649216516,"ONCOLOGY PHARMACY SERVICES, INC",6204 BALCONES DR,,AUSTIN,TX,787314214,5124279448,EXECUTIVE DIRECTOR,333600000X|3336C0003X|3336S0011X,tier_1_primary_pharmacy,Y,Y,
1255377065,BRIGHTMED CORPORATION,9630 CLAREWOOD DR STE A3,,HOUSTON,TX,770363535,7137727700,VICE PRESIDENT,333600000X|3336C0003X,tier_1_primary_pharmacy,Y,Y,
1215973797,"ONCOLOGY PHARMACY SERVICES, INC.",2121 PEASE ST,SUITE 101,HARLINGEN,TX,785508321,9563646735,EXECUTIVE DIRECTOR,333600000X|3336C0003X|3336S0011X,tier_1_primary_pharmacy,Y,Y,
1720024201,"ONCOLOGY PHARMACY SERVICES , INC.",1901 GRANDVIEW AVE,,EL PASO,TX,799025113,9157474840,SR. REVENUE CYCLE MANAGER,333600000X|3336C0003X|3336S0011X,tier_1_primary_pharmacy,Y,Y,
1205872793,TEEKENSON PHARMACY,2409 ALCO AVE,,DALLAS,TX,752112614,9722238787,PHARMACY MANAGER,333600000X|3336C0003X,tier_1_primary_pharmacy,Y,Y,
1114963600,AT HOME PHARMACY GRAND PRAIRIE LP,4927 LAKE RIDGE PKWY STE 180,,GRAND PRAIRIE,TX,75052,2142399106,OWNER CEO,333600000X|3336C0003X,tier_1_primary_pharmacy,Y,Y,
1568408003,"ONCOLOGY PHARMACY SERVICES, INC",2021 N MACARTHUR BLVD STE 400,,IRVING,TX,750612226,9722533751,EXECUTIVE DIRECTOR,333600000X|3336C0003X|3336S0011X,tier_1_primary_pharmacy,Y,Y,
1033155494,MEDI STAT RX LLC,500 W JEFFERSON BLVD,STE A,DALLAS,TX,752084722,2149463822,PRESIDENT,3336M0002X|333600000X|3336C0003X,tier_1_primary_pharmacy,Y,Y,
1942246301,SAENZ MEDICAL PHCY HARLINGTON INC,512 VICTORIA LN UNIT 1,,HARLINGTON,TX,78550,9564284500,OWNER AND VP,333600000X|3336C0003X,tier_1_primary_pharmacy,Y,Y,
1851337216,AMERIHEALTH INC,1901 FREES ST,STE 2,LAREDO,TX,780467152,9567288881,PHARMACY MANAGER,333600000X|3336C0003X,tier_1_primary_pharmacy,Y,Y,
1760428122,ACTIVMEDICAL DENTON INC,800 W ELDORADO PKWY,STE 100,LITTLE ELM,TX,750685088,9722942877,PIC,333600000X|3336C0003X,tier_1_primary_pharmacy,Y,Y,
1497791867,TARRANT COUNTY HOSPITAL DISTRICT,3308 DEEN RD,,FT WORTH,TX,761066524,8177027006,PRESIDENT PHARMACY SERVICES,333600000X|3336C0003X,tier_1_primary_pharmacy,Y,Y,
1306882774,"SPECIALIZED PHARMACY, INC.",15401 VANTAGE PKWY W,SUITE 120,HOUSTON,TX,770321968,2819878500,PHARMACIST IN CHARGE,333600000X|3336M0002X|3336L0003X,tier_1_primary_pharmacy,Y,Y,
1215973680,MCNEASE DRUGS CO,103 MEDICAL PARK LN,SUITE B,HUNTSVILLE,TX,773404976,9362938333,OWNER,3336L0003X|333600000X|3336C0003X,tier_1_primary_pharmacy,Y,Y,
1942246327,NUESTRA CLINICA DEL VALLE INC,611 N BRYAN RD,,MISSION,TX,78572,9565803304,CHIEF EXECUTIVE OFFICER,333600000X|3336C0002X|3336C0003X,tier_1_primary_pharmacy,Y,Y,
1477599868,HALTOM PHARMACY LLC,3602 MATLOCK RD STE 204,,ARLINGTON,TX,760153600,8178382500,PHARMACIST,3336C0003X,tier_1_primary_pharmacy,Y,Y,
1386680775,R&R PHARMACY RESOURCES INC,3416 FM 2920 RD STE 120,,SPRING,TX,773884265,8327640020,OWNER,3336C0003X,tier_1_primary_pharmacy,Y,Y,
1598791428,"ASPERMONT PHARMACY, INC.",616 SOUTH WASHINGTON,,ASPERMONT,TX,79502,9409892139,OWNER/PRESIDENT,3336L0003X|3336C0003X,tier_1_primary_pharmacy,Y,Y,
1982630976,"CENTRAL LINE INFUSION, LTD",603 QUAIL CREEK DR SPC 700,,AMARILLO,TX,791241651,8063521212,CFO,3336H0001X,tier_1_primary_pharmacy,Y,Y,
1346276029,P.S.P. ENTERPRISE INC.,512 E 11TH ST BLDG A,,HOUSTON,TX,770087004,7138692225,PRESIDENT,333600000X|3336C0003X,tier_1_primary_pharmacy,Y,Y,
1801822549,PARKERS CITY PHARMACY INC,1005 E COURT ST,,SEGUIN,TX,781555843,8303791450,PRESIDENT,333600000X|3336H0001X|3336L0003X|3336C0003X,tier_1_primary_pharmacy,Y,Y,
1740216464,"SALFITI SEAGOVILLE PHARMACY, LLC",112 HALL RD,,SEAGOVILLE,TX,751592916,9722877070,MANAGER,333600000X|3336C0003X,tier_1_primary_pharmacy,Y,Y,
1922034362,H & N PHARMACY INC,7310 S WESTMORELAND RD,,DALLAS,TX,752372998,9727093594,OWNER,3336C0003X,tier_1_primary_pharmacy,Y,Y,
1962439919,BROOKSHIRE BROTHERS INC,15100 HWY 150 W,,COLDSPRING,TX,77331,9366533284,CHIEF OPERATIONS OFFICER,3336C0003X,tier_1_primary_pharmacy,Y,Y,
1205863263,"TEXAS ONCOLOGY CARE, PLLC",7415 LAS COLINAS BLVD STE 100,,IRVING,TX,750637569,2143792700,CREDENTIALING,3336C0003X,tier_2_secondary_pharmacy,N,Y,
1841227246,OSCAR ROSA,5322 E HWY 83,BLDG C SPACE 1,RIO GRANDE CITY,TX,785829461,9564888700,OWNER,333600000X|3336C0003X,tier_1_primary_pharmacy,Y,Y,
1992733752,RX MANAGEMENT CONSULTANTS INC,1305 WONDER WORLD DR,SUITE 102,SAN MARCOS,TX,78666,5123926777,CEO,333600000X,tier_1_primary_pharmacy,Y,Y,
1326076928,AMERIHEALTH INC,1002 PASEO DEL TIBER,STE 2,RIO BRAVO,TX,78046,9567266051,OWNER,3336C0003X,tier_1_primary_pharmacy,Y,Y,
1124057997,"PERRONE PHARMACY, INC",3921 BENBROOK HWY,,FORT WORTH,TX,761167802,8177382135,PRESIDENT,3336C0003X,tier_1_primary_pharmacy,Y,Y,
1699704478,STEVEN A. BRANCH,1202 N VIRGINIA ST,,PORT LAVACA,TX,779792507,3615522999,OWNER,3336C0003X,tier_1_primary_pharmacy,Y,Y,
1174552137,RLS SUPERMARKETS LLC,3001 S HARDIN BLVD,,MCKINNEY,TX,750707736,9725477110,DIRECTOR OF PHARMACY,3336C0003X,tier_1_primary_pharmacy,Y,Y,
1528097581,RLS SUPERMARKETS LLC,4000 WILLIAM D TATE AVE,,GRAPEVINE,TX,760518752,8176849211,DIRECTOR OF PHARMACY,3336C0003X,tier_1_primary_pharmacy,Y,Y,
1922037993,RLS SUPERMARKETS LLC,4836 W PARK BLVD,,PLANO,TX,750932330,9729648287,DIRECTOR OF PHARMACY,3336C0003X,tier_1_primary_pharmacy,Y,Y,
1437189040,"MOORE'S PHARMACY, INC.",200 S RACHAL ST,,SINTON,TX,783872524,3613641520,PRESIDENT,3336L0003X,tier_1_primary_pharmacy,Y,Y,
1649200932,HDK ENTERPRISES LLC,7700 MAIN ST,SUITE 100,HOUSTON,TX,770304406,7136608888,CEO,3336S0011X,tier_1_primary_pharmacy,Y,Y,
1841221421,"MOORE'S PHARMACY, INC.",200 S RACHAL ST,,SINTON,TX,783872524,3613641520,CREDENTIALING COORDINATOR,333600000X,tier_1_primary_pharmacy,Y,Y,
1265463855,"MOORE'S PHARMACY, INC.",200 S RACHAL ST,,SINTON,TX,783872524,3613641520,CREDENTIALING COORDINATOR,3336C0003X,tier_1_primary_pharmacy,Y,Y,
1568493153,"MOORE'S PHARMACY, INC.",200 S RACHAL ST,,SINTON,TX,783872524,3613641520,PRESIDENT,3336S0011X,tier_1_primary_pharmacy,Y,Y,
1114958709,"MOORE'S PHARMACY, INC.",200 S RACHAL ST,,SINTON,TX,783872524,3613641520,PRESIDENT,3336H0001X,tier_1_primary_pharmacy,Y,Y,
1376574558,"MOORE'S PHARMACY, INC.",200 S RACHAL ST,,SINTON,TX,783872524,3613641520,PRESIDENT,333600000X|3336C0003X|3336L0003X|3336S0011X|3336M0002X,tier_1_primary_pharmacy,Y,Y,
1891725578,"TMS - THE MEDICINE SHOPPE, INC.",2718 N 10TH ST,,MCALLEN,TX,785014012,9566860533,"PRESIDENT,CEO",333600000X,tier_1_primary_pharmacy,Y,Y,
1700818028,"PHARMACY PLUS, INC.",209 N ELLIS ST,,GROESBECK,TX,766421310,2547293375,PRESIDENT,3336C0003X,tier_1_primary_pharmacy,Y,Y,
1588696835,"PHARMACY PLUS, INC.",635 N ROBINSON DR,SUITE 16,ROBINSON,TX,767065330,2546624444,PRESIDENT,3336C0004X|3336C0003X,tier_1_primary_pharmacy,Y,Y,
1255363610,PHARMACY PLUS INC,600 MAIN ST,,TEAGUE,TX,758601628,2547392585,PRESIDENT,3336C0004X|3336C0003X,tier_1_primary_pharmacy,Y,Y,
1831121227,TAHOKA DRUG INC,1610 N MAIN ST,,TAHOKA,TX,793735125,8065614041,CEO/AO,333600000X|3336C0003X,tier_1_primary_pharmacy,Y,Y,
1992737241,"PHARMACY PLUS, INC.",111 N PARIS ST,,MEXIA,TX,766672842,2545623375,PRESIDENT,3336C0003X,tier_1_primary_pharmacy,Y,Y,
1700819380,PHARMACY CORPORATION OF AMERICA,2214 PADDOCK WAY DR,SUITE 900,GRAND PRAIRIE,TX,750501005,9726231075,SECRETARY,3336L0003X,tier_1_primary_pharmacy,Y,Y,
1619900297,PHARMERICA DRUG SYSTEMS LLC,6113 43RD ST,SUITE D,LUBBOCK,TX,794073747,8662587662,SECRETARY,333600000X|3336C0003X|3336L0003X,tier_1_primary_pharmacy,Y,Y,
1255364832,PHARMACY CORPORATION OF AMERICA,1289 N POST OAK RD,SUITE 130,HOUSTON,TX,770557267,7136801325,SECRETARY,3336L0003X,tier_1_primary_pharmacy,Y,Y,
1164455747,PHARMACY CORPORATION OF AMERICA,2236 BROUSSARD ST.,,TYLER,TX,75701,9035094950,SECRETARY,3336C0003X|3336L0003X|333600000X,tier_1_primary_pharmacy,Y,Y,
1073546651,PHARMERICA LONG-TERM CARE LLC,4171 N MESA ST,SUITE 210A,EL PASO,TX,79902,9155451955,SECRETARY,3336L0003X,tier_1_primary_pharmacy,Y,Y,
1528091949,"PHARMACY PLUS, INC.",420 S DENTON TAP RD STE 110,,COPPELL,TX,750193266,9724629400,PRESIDENT,3336C0004X|3336C0003X,tier_1_primary_pharmacy,Y,Y,
1568496578,FARMACIA ASSOCIATES OF SAN ANTONIO INC.,919 SW MILITARY DR,#105,SAN ANTONIO,TX,782211579,2109221816,CORP. SEC-TREAS,3336C0003X,tier_1_primary_pharmacy,Y,Y,
1356375281,TANGLEWOOD PHARMACY INC,2445 NORTHWEST LOOP STE A,,STEPHENVILLE,TX,764011705,2549687657,OWNER,3336L0003X|3336I0012X|3336C0004X|333600000X|3336C0003X,tier_1_primary_pharmacy,Y,Y,
1265466155,"CENTRAL PHARMACY, INC.",314 N 5TH ST,,CARRIZO SPRINGS,TX,788343106,8308762516,PRESIDENT,333600000X|3336C0003X|3336H0001X|3336L0003X|3336M0002X|3336S0011X,tier_1_primary_pharmacy,Y,Y,
1427081447,MP SOUTHPARK PHARMACY LLC,29 S CHADB0URNE,,SAN ANGELO,TX,769035891,3256553146,OWNER,3336C0003X|3336C0004X|3336L0003X,tier_1_primary_pharmacy,Y,Y,
1841225562,PHARMACY PLUS INC,1207 N LOOP 340,,LACY LAKEVIEW,TX,767052470,2548676700,PRESIDENT,3336L0003X|3336C0003X,tier_1_primary_pharmacy,Y,Y,
1104851955,SWIFT DRUGS INCORPORATED,200 PALMVIEW DR,,PALMVIEW,TX,785728121,9565843458,OWNER,333600000X|3336C0004X|3336S0011X|3336C0003X,tier_1_primary_pharmacy,Y,Y,
1306871561,SAVE MART PHARMACY,136 N CENTRE,,DEKALB,TX,75559,9036672582,PRESIDENT,333600000X,tier_1_primary_pharmacy,Y,Y,
1184649188,"NURSES ALLIANCE HEALTHCARE SERVICES, PLLC",1718 HAZYKNOLL LN,,HOUSTON,TX,770672806,2814405608,OWNER,3336H0001X,tier_1_primary_pharmacy,Y,Y,
1356366207,HAYNES DAVIS INC,708 W SCHARBAUER DR,,MIDLAND,TX,797058925,4326822519,PIC,3336C0004X|3336S0011X|3336C0003X,tier_1_primary_pharmacy,Y,Y,
1427073246,"SENIOR RESPIRATORY SOLUTIONS, INC.",3101 KENNEDY LANE,SUITE 1000,TEXARKANA,TX,755033560,9037944386,CEO/BOARD OF DIRECTORS,3336C0003X|3336M0002X,tier_2_secondary_pharmacy,N,Y,
1609892561,HUMBLE PHARMACY INC,19333 HIGHWAY 59 N,STE 150,HUMBLE,TX,773384204,2815404441,OWNER,333600000X|3336C0003X,tier_1_primary_pharmacy,Y,Y,
1518983477,SYNERGISTIC BUSINESS SERVICES INC,3800 HIGHWAY 377 S,,BROWNWOOD,TX,768015120,3256433800,OWNER,333600000X|3336C0003X,tier_1_primary_pharmacy,Y,Y,
1407872658,BAYSHORE PHARMACY INC,3315 BURKE RD STE 201,,PASADENA,TX,775041823,7139448893,PRESIDENT,333600000X|3336C0003X,tier_1_primary_pharmacy,Y,Y,
1881610202,SCRIPT CO,903 W FRANK AVE,,LUFKIN,TX,759043318,9366343006,DIRECTOR,333600000X|3336C0004X|3336L0003X|3336S0011X|3336C0003X,tier_1_primary_pharmacy,Y,Y,
1235156027,"NUPHARM, INC",3255 EXECUTIVE BLVD,SUITE 107,BEAUMONT,TX,777051051,4097240099,PRESIDENT,3336M0002X,tier_2_secondary_pharmacy,N,Y,
1861419343,"PHARMACY PLUS, INC.",3308 HILLCREST DR,,WACO,TX,767083118,2547565383,PRESIDENT,3336C0003X,tier_1_primary_pharmacy,Y,Y,
1770500258,"PHARMACY PLUS, INC.",7200 STATE HIGHWAY 161,SUITE 110,IRVING,TX,750394132,9724017455,PRESIDENT,3336C0004X|3336C0003X,tier_1_primary_pharmacy,Y,Y,
1407874936,ABELDT ENTERPRISES,314 W RUSK ST,,TYLER,TX,757011513,9035338155,OWNER,3336C0003X,tier_1_primary_pharmacy,Y,Y,
1598783763,HEART OF TEXAS COMMUNITY HEALTH CENTER,1600 PROVIDENCE DR,,WACO,TX,767072261,2543134307,CHIEF OPERATING OFFICER,3336S0011X|3336C0003X,tier_1_primary_pharmacy,Y,Y,
1760400642,"POWERS, DOBBS, & MENZINA, INC.",913 W LOOP 281,STE #105,LONGVIEW,TX,756042901,9032953338,SENIOR VICE PRESIDENT,3336H0001X,tier_1_primary_pharmacy,Y,Y,
1336168368,"HALL'S LONG TERM CARE PHARMACY, INC.",5013 GRANBURY RD.,,FORT WORTH,TX,76133,8174415211,OWNER/PRESIDENT,3336L0003X|3336C0003X,tier_1_primary_pharmacy,Y,Y,
1114946274,"MOORE'S PHARMACY, INC.",200 S RACHAL ST,,SINTON,TX,783872524,3613641520,PRESIDENT,3336M0002X,tier_1_primary_pharmacy,Y,Y,
1235158205,MEMORIAL HOSPITAL,1204 N MOUND ST,,NACOGDOCHES,TX,759614027,9365694657,PHARMACY DIRECTOR,3336I0012X,tier_1_primary_pharmacy,Y,Y,
1275553711,"ONCOLOGY PHARMACY SERVICES, INC.",5206 RESEARCH DR STE 100,,SAN ANTONIO,TX,782405251,2105955691,REVENUE CYCLE MANAGER,3336C0002X|3336C0003X,tier_1_primary_pharmacy,Y,Y,
1194745687,"SAM'S PHARMACY, INC.",8300 BISSONNET ST,SUITE 100,HOUSTON,TX,770743900,7137792100,CEO/PHARMACIST IN CHARGE,3336H0001X|3336C0003X,tier_1_primary_pharmacy,Y,Y,
1922028422,L R INC,6801 MCPHERSON RD,SUITE 102,LAREDO,TX,780416402,9567969600,OWNER AND PHARMACIST,3336C0003X,tier_1_primary_pharmacy,Y,Y,
1659391159,L R INC,2100 CORPUS CHRISTI ST,SUITE 9,LAREDO,TX,780433398,9567232001,OWNER AND PHARMACIST,3336C0003X,tier_1_primary_pharmacy,Y,Y,
1922028380,JOHN D HALL,102 A EAST SAN BERNARD,,BRAZORIA,TX,774225611,9797982111,OWNER PIC,3336C0003X,tier_1_primary_pharmacy,Y,Y,
1841210606,GHMED LLC,3001 SUMMIT AVE,SUITE 200,PLANO,TX,750747223,8009157310,CEO,333600000X|3336C0004X|3336I0012X|3336L0003X,tier_1_primary_pharmacy,Y,Y,
1649291204,MEDICINE CHEST NO 132 LLC,411 MAIN ST,,SULPHUR SPRINGS,TX,754822762,9038850821,"PRESIDENT, RPH",333600000X,tier_1_primary_pharmacy,Y,Y,
1952322513,BELINDA KAYE MCGRAW,494 SPRINGHILL ST,,JASPER,TX,759514922,4093843432,OWNER,3336C0003X,tier_1_primary_pharmacy,Y,Y,
1558381475,WESLACO PHARMACY INC,1102 S AIRPORT DR,,WESLACO,TX,785966652,9569690636,CEO/PIC,333600000X|3336C0003X,tier_1_primary_pharmacy,Y,Y,
1326069436,"ONCOLOGY PHARMACY SERVICES, INC",400 ROSALIND REDFERN GROVER PKWY,100,MIDLAND,TX,797015904,4326880822,DIRECTOR,3336C0003X|333600000X|3336S0011X,tier_1_primary_pharmacy,Y,Y,
1033130141,"ONCOLOGY PHARMACY SERVICES, INC",3550 NE LOOP 286,,PARIS,TX,754605004,9037374539,DIRECTOR,333600000X|3336C0003X|3336S0011X,tier_1_primary_pharmacy,Y,Y,
1912928029,"ONCOLOGY PHARMACY SERVICES, INC",3705 W 15TH ST,,PLANO,TX,750757753,9728673577,DIRECTOR,333600000X|3336C0003X|3336S0011X,tier_1_primary_pharmacy,Y,Y,
1700807757,"COLLINGSWORTH PHARMACY, LLC",1016 16TH ST,,WELLINGTON,TX,790953738,8064471184,OWNER,333600000X,tier_1_primary_pharmacy,Y,Y,
1619998663,ROBERDS SPECIALTY PHARMACY LLC,2510 S LOOP 336 W STE 105,,CONROE,TX,773043737,9367564254,OWNER,3336C0004X|3336C0003X,tier_1_primary_pharmacy,Y,Y,
1649291600,UNIVERSITY CTR FOR COMM HLTH,701 S ZARZAMORA ST,,SAN ANTONIO,TX,782075209,2103587463,PHARMACIST IN CHARGE,3336C0002X,tier_1_primary_pharmacy,Y,Y,
1558382515,HEART OF TEXAS REGION MHMR,110 S 12TH ST,,WACO,TX,767011810,2547523451,EXECUTIVE DIRECTOR,3336S0011X,tier_1_primary_pharmacy,Y,Y,
1467473421,MELANIE L WOOD,220 ZEID BLVD,,HENDERSON,TX,756526068,9036572588,OWNER/PRESIDENT,3336C0003X,tier_1_primary_pharmacy,Y,Y,
1376564336,MEDICAL MED CHOIVE LLC,3001 N 23RD ST STE 9,,MCALLEN,TX,785016179,9566182828,OWNER/PHARMACIST,333600000X|3336C0003X,tier_1_primary_pharmacy,Y,Y,
1285655241,PECAN PRESCRIPTION SHOP LLC,9203 PLANTATION DR STE 1,,GRANBURY,TX,760494222,8175739344,MANAGER,333600000X|3336C0003X,tier_1_primary_pharmacy,Y,Y,
1902827967,RAZI RX INC,8060 SPRING VALLEY RD,,DALLAS,TX,752403827,2145701610,OWNER/DIRECTOR,333600000X|3336C0003X,tier_1_primary_pharmacy,Y,Y,
1811918873,PHARMED LP,2959 S BUCKNER BLVD,STE 700,DALLAS,TX,752276945,4699160190,GENERAL PARTNER,333600000X|3336C0003X,tier_1_primary_pharmacy,Y,Y,
1720009780,MEDICINE STOP INC,1000 MAIN ST,,KERRVILLE,TX,780283507,8308967440,DIRECTOR OF OPERATIONS,3336L0003X|333600000X|3336C0003X,tier_1_primary_pharmacy,Y,Y,
1639190697,SUCCESSION EQUITY GROUP,3740 CARTWRIGHT RD,,MISSOURI CITY,TX,77459,2814994555,OWNER,3336C0003X|3336L0003X|333600000X,tier_1_primary_pharmacy,Y,Y,
1548281504,PILL BOX DRIVE IN PHARMACY INC,210 POSEY AVE,,CLIFTON,TX,766341854,2546758659,PRESIDENT,333600000X|3336C0003X,tier_1_primary_pharmacy,Y,Y,
1457372419,TEXANA CENTER,3007 N RICHMOND RD,,WHARTON,TX,774882007,9795323098,CFO,3336C0002X,tier_1_primary_pharmacy,Y,Y,
1366463325,PHARMED LP,9991 MARSH LN,,DALLAS,TX,752201766,2143573303,GENERAL PARTNER,3336C0003X,tier_1_primary_pharmacy,Y,Y,
1275554230,PHARMED LP,1306 TEASLEY LN,,DENTON,TX,762057946,9404845915,GENERAL MGR,3336C0003X,tier_1_primary_pharmacy,Y,Y,
1114948189,PRESCRIPTION PHARMACY INC,4200 E STAN SCHLUETER LOOP,STE B,KILLEEN,TX,765428300,2546804298,OWNER PIC,333600000X|3336L0003X,tier_1_primary_pharmacy,Y,Y,
1023039096,DOCTORS PHARMACY RX LP,4151 SOUTHWEST FWY,STE 300B,HOUSTON,TX,770277312,7134291751,PHCY MGR OWNER,333600000X|3336C0002X|3336C0003X|3336S0011X,tier_1_primary_pharmacy,Y,Y,
1841211810,ZAIN LLC,3115 COLLEGE PARK DR,STE 103A,CONROE,TX,77384,9363214011,OWNER,333600000X|3336L0003X|3336C0003X,tier_1_primary_pharmacy,Y,Y,
1750302725,DALLAS COMPOUNDING PHCY,3001 A GASTON AVE,,DALLAS,TX,75226,2148242553,OWNER,333600000X|3336C0003X,tier_1_primary_pharmacy,Y,Y,
1669493631,INFUSION ASSOC OF W TEXAS LLC,1522 N TEXAS AVE,,ODESSA,TX,797612613,4325804600,OWNER,333600000X|3336H0001X,tier_1_primary_pharmacy,Y,Y,
1578584546,JAMES MCCOYS DRUG STORE SOUTH LLC,1725 ANTILLEY RD,,ABILENE,TX,796065204,3256768900,PHARMACIST IN CHARGE,333600000X|3336C0004X|3336S0011X|3336C0003X,tier_1_primary_pharmacy,Y,Y,
1487675450,GRAND PKWY PHCY AND MED SUPL LLC,11965 BISSONNET ST,,HOUSTON,TX,770991464,2814955777,PARTNER,333600000X|3336C0003X,tier_1_primary_pharmacy,Y,Y,
1295756260,POWER CENTER PHARMACY INC,8803 SCOTT ST,,HOUSTON,TX,770512453,7137318999,OFFICER,333600000X|3336C0003X,tier_1_primary_pharmacy,Y,Y,
1104847177,GMG MEDICAL SUPPLY LTD,4850 E UNIVERSITY BLVD,,ODESSA,TX,797628106,4323668821,PRESIDENT,3336C0004X|333600000X|3336C0003X,tier_1_primary_pharmacy,Y,Y,
1326069394,PHARMACEUTICAL DEVELOPMENT GROUP LLC,306 E RANDOL MILL RD,STE 500,ARLINGTON,TX,760115839,8172748200,DIRECTOR OF PHARMACY,333600000X|3336C0003X,tier_1_primary_pharmacy,Y,Y,
1235150202,KJ & E HOLDINGS INC,13645 MURPHY RD STE 240,,STAFFORD,TX,774774911,7135414700,OWNER,3336C0003X,tier_1_primary_pharmacy,Y,Y,
1144241118,PUERTO RICO PHARMACY INC,1116 E 8TH ST,SUITE 1,WESLACO,TX,785967288,9569687733,OWNER/PRESIDENT,3336L0003X|3336C0003X,tier_1_primary_pharmacy,Y,Y,
1053332023,PMJ UNLIMITED LLC,3675 BOCA CHICA BLVD STE C,,BROWNSVILLE,TX,785214484,9565543532,"OWNER, PIC",3336C0003X,tier_1_primary_pharmacy,Y,Y,
1962423939,YONG W JEONG,2552 ROYAL LN,,DALLAS,TX,752293417,9722475670,RPH LAC PHD,333600000X|3336C0003X,tier_1_primary_pharmacy,Y,Y,
1376564310,MARIOS PHARMACY INC,2515 BROADWAY ST,,SAN ANTONIO,TX,782151037,2103540101,CONTROLLER,3336C0004X|333600000X|3336C0003X,tier_1_primary_pharmacy,Y,Y,
1376565200,EL CAMPO PROFESSIONAL PHARMACY,1264 N. MECHANIC ST.,,EL CAMPO,TX,77437,9795432761,PRESIDENT,333600000X|3336C0003X,tier_1_primary_pharmacy,Y,Y,
1669494027,"ONCOLOGY PHARMACY SERVICES, INC",4708 ALLIANCE BLVD,#150,PLANO,TX,750935339,4694674348,DIRECTOR,333600000X|3336C0003X|3336S0011X,tier_1_primary_pharmacy,Y,Y,
1891717260,"ONCOLOGY PHARMACY SERVICES, INC",2410 ROUND ROCK AVE,,ROUND ROCK,TX,786814003,5126870368,DIRECTOR,333600000X|3336C0003X|3336S0011X,tier_1_primary_pharmacy,Y,Y,
1972525244,"ONCOLOGY PHARMACY SERVICES, INC",3010 HARRISON AVENUE,,BEAUMONT,TX,777021449,4098997047,DIRECTOR,3336C0003X|333600000X|3336S0011X,tier_1_primary_pharmacy,Y,Y,
1306868476,MEDICINE STORE PHARMACY,1000 W WEATHERFORD ST,,FT WORTH,TX,761021842,8664050432,PRESIDENT,3336C0003X,tier_1_primary_pharmacy,Y,Y,
1588686810,"ONCOLOGY PHARMACY SERVICES, INC",7777 FOREST LN,"BUILDING D, #202",DALLAS,TX,752302567,9725665608,DIRECTOR,333600000X|3336C0003X|3336S0011X,tier_1_primary_pharmacy,Y,Y,
1356363436,"ONCOLOGY PHARMACY SERVICES, INC",1400 N 4TH ST,,LONGVIEW,TX,756014756,9032347060,DIRECTOR,333600000X|3336S0011X,tier_1_primary_pharmacy,Y,Y,
1427070507,"ONCOLOGY PHARMACY SERVICES, INC",1901 S 2ND ST,,MCALLEN,TX,785031271,9566876090,DIRECTOR,333600000X|3336C0003X|3336S0011X,tier_1_primary_pharmacy,Y,Y,
1063434140,"ONCOLOGY PHARMACY SERVICES, INC",4700 N GALLOWAY AVE,,MESQUITE,TX,751501516,9726863140,DIRECTOR,333600000X|3336C0003X|3336S0011X,tier_1_primary_pharmacy,Y,Y,
1255353504,"ONCOLOGY PHARMACY SERVICES, INC",8196 WALNUT HILL LN STE 100,,DALLAS,TX,752317001,2142652066,CFO & TREASURER,333600000X|3336C0003X|3336S0011X,tier_1_primary_pharmacy,Y,Y,
1427070770,"ONCOLOGY PHARMACY SERVICES, INC",3555 WEST WHEATLAND ROAD,,DALLAS,TX,752373461,9727803433,DIRECTOR,333600000X|3336C0003X|3336S0011X,tier_1_primary_pharmacy,Y,Y,
1902828262,"ONCOLOGY PHARMACY SERVICES, INC",3410 WORTH ST,SUITE 350,DALLAS,TX,752462006,2143701600,DIRECTOR,333600000X|3336C0003X|3336S0011X,tier_1_primary_pharmacy,Y,Y,
1821010083,"ONCOLOGY PHARMACY SERVICES, INC","4370 MEDICAL ARTS DR, #100",,FLOWER MOUND,TX,75028,9725374161,DIRECTOR,333600000X|3336C0003X|3336S0011X,tier_1_primary_pharmacy,Y,Y,
1457373748,"ONCOLOGY PHARMACY SERVICES, INC",2150 N EXPRESSWAY # 83,,BROWNSVILLE,TX,785211561,9565471685,DIRECTOR,333600000X|3336C0003X|3336S0011X,tier_1_primary_pharmacy,Y,Y,
1083637987,DOUGHERTYS PHARMACY INC,515 PRESTON ROYAL VILLAGE,,DALLAS,TX,75230,2143634310,CEA,333600000X|3336L0003X,tier_1_primary_pharmacy,Y,Y,
1619990512,ONCOLOGY PHARMACY SERVICES INC,501 S SAUNDERS AVE.,SUITE 200,TYLER,TX,757027509,9035799844,DIRECTOR,333600000X|3336C0003X|3336S0011X,tier_1_primary_pharmacy,Y,Y,
1639192503,MEDICAL CNTR HOSP PHCY,400 W 4TH ST,STE 101,ODESSA,TX,797615045,4326401353,ADMIN CEO,3336I0012X,tier_1_primary_pharmacy,Y,Y,
1548283419,CULLEN PHARMACY INC,9406 CULLEN BLVD,STE C,HOUSTON,TX,770513321,7132640699,OWNER PHARMACIST,3336C0003X|333600000X,tier_1_primary_pharmacy,Y,Y,
1275556185,ONCOLOGY PHARMACY SERVICES INC,1700 W STATE HIGHWAY 6,,WACO,TX,767122452,2543995900,DIRECTOR,333600000X|3336C0003X|3336S0011X,tier_1_primary_pharmacy,Y,Y,
1285656215,LONG TERM CARE RX,2301 E MULBERRY ST STE B,,ANGLETON,TX,775153804,9798493001,PRESIDENT,3336C0003X|333600000X|3336L0003X,tier_1_primary_pharmacy,Y,Y,
1568485944,ONCOLOGY PHARMACY SERVICES INC,5125 TEXOMA MEDICAL CENTER DR STE 100,,DENISON,TX,750200079,9038684790,DIRECTOR,333600000X|3336C0003X|3336S0011X,tier_1_primary_pharmacy,Y,Y,
1043233422,ONCOLOGY PHARMACY SERVICES INC,501 MEDICAL CENTER BLVD,,WEBSTER,TX,775984219,2813164926,DIRECTOR,3336C0003X|333600000X|3336S0011X,tier_1_primary_pharmacy,Y,Y,
1811910201,ONCOLOGY PHARMACY SERVICES INC,5400 KELL WEST BLVD,,WICHITA FALLS,TX,763101610,9406892632,DIRECTOR,333600000X|3336C0003X|3336S0011X,tier_1_primary_pharmacy,Y,Y,
1104840685,"HT HEALTH CONCEPTS, INC.",1346 THORPE LN STE D,,SAN MARCOS,TX,786667117,5122127404,PRESIDENT,3336C0003X,tier_1_primary_pharmacy,Y,Y,
1952315913,"BAYLOR SCOTT & WHITE HEALTH ENTERPRISES, INC.",1605 S 31ST ST,STE 19,TEMPLE,TX,765085385,2542159100,PRESIDENT,3336C0003X,tier_1_primary_pharmacy,Y,Y,
1164436077,ONCOLOGY PHARMACY SERVICES INC,1350 FIRST COLONY BLVD,,SUGAR LAND,TX,774794308,2812763467,DIRECTOR,333600000X|3336C0003X|3336S0011X,tier_1_primary_pharmacy,Y,Y,
1588678221,SPECIAL CARE HOME OXYGEN AND MEDICAL,1301 N PLANO RD,,RICHARDSON,TX,750812426,9726442273,VICE PRESIDENT,333600000X,tier_1_primary_pharmacy,Y,Y,
1760496079,GALLOWAY PHARMACY INC,2698 N GALLOWAY AVE,STE 109,MESQUITE,TX,751506383,9722705600,PIC,3336C0003X,tier_1_primary_pharmacy,Y,Y,
1942215587,MARTIN TIPTON PHARMACY LLC,1501 S TYLER ST,,AMARILLO,TX,791014240,8063732812,PRESIDENT,333600000X|3336C0004X|3336H0001X|3336L0003X|3336C0003X,tier_1_primary_pharmacy,Y,Y,
1851306492,"LION COUNTRY PHARMACY, LLC",311 N CENTER,,FRANKLIN,TX,77856,9798283536,"OWNER, PHARMACIST-IN-CHARGE",3336C0003X,tier_2_secondary_pharmacy,N,Y,
1679588214,PORT AVENUE DRUGS INC,913 S PORT AVE,,CORPUS CHRISTI,TX,784052301,3618838551,PRESIDENT,3336C0003X,tier_1_primary_pharmacy,Y,Y,
1396750931,PHARMED LP,1200 WOODHAVEN BLVD,,FT WORTH,TX,761122376,8175070162,GENERAL MGR,3336C0003X,tier_1_primary_pharmacy,Y,Y,
1205841848,TAYLOR PHARMACY GROUP LLC,2407 N MAIN ST,,TAYLOR,TX,765741833,5123523659,OWNER/PIC,3336L0003X|3336C0003X,tier_1_primary_pharmacy,Y,Y,
1114932753,SOUTH SCRIPT HEALTH CARE INC,1601 PARK PLACE AVE,STE B,FORT WORTH,TX,761101303,8179249292,CEO,3336C0004X|333600000X|3336C0003X,tier_1_primary_pharmacy,Y,Y,
1932114576,XAVIER PHARMACY & MEDICAL SUPPLY,4040 BROADWAY ST,,HOUSTON,TX,770874713,7136453344,PRESIDENT,3336C0003X,tier_1_primary_pharmacy,Y,Y,
1841205481,CARE FAMILY PHARMACY,1313 HOLLAND ST,STE D,HOUSTON,TX,770292890,7134510202,OWNER,333600000X|3336C0003X,tier_1_primary_pharmacy,Y,Y,
1750396396,PHALCON UNITED LLP,4255 N MACARTHUR BLVD,,IRVING,TX,750386412,9729939700,MANAGING PARTNER,3336C0004X|333600000X|3336C0003X,tier_1_primary_pharmacy,Y,Y,
1669487203,LEANDER PHARMACY,2701 S HIGHWAY 183,STE C,LEANDER,TX,786412300,5128366378,OWNER PHARMACIST,3336C0003X,tier_1_primary_pharmacy,Y,Y,
1578578118,PHARMED LP,1872 N LAKE FOREST DR,STE B,MCKINNEY,TX,750717665,9725480900,GENERAL PARTNER,3336C0003X,tier_1_primary_pharmacy,Y,Y,
1811902463,S R ROGERS INC,1601 W WALL ST,,MIDLAND,TX,797016549,4326844797,OWNER,3336C0003X,tier_1_primary_pharmacy,Y,Y,
1104831932,HME PHARMACY LP,4410 DILLON LN,#19,CORPUS CHRISTI,TX,78415,3618151398,PRESIDENT OF MANAGING PARTNER,333600000X,tier_1_primary_pharmacy,Y,Y,
1699780296,NEW CHILDRENS PHARMACY,3838 HILLCROFT ST STE 125,,HOUSTON,TX,770577799,7132782362,OWNER,333600000X|3336C0003X,tier_1_primary_pharmacy,Y,Y,
1417962010,THE HARRIS CENTER FOR MENTAL HEALTH AND IDD,5901 LONG DR,,HOUSTON,TX,770871003,7139704567,CEO,3336C0002X|3336C0003X,tier_1_primary_pharmacy,Y,Y,
1326053927,AUBREY PHARMACY INC,701 S HIGHWAY 377,,AUBREY,TX,762275534,9404400400,PRESIDENT,333600000X|3336C0002X|3336C0003X,tier_1_primary_pharmacy,Y,Y,
1144235748,THE HARRIS CENTER FOR MENTAL HEALTH AND IDD,3737 DACOMA ST,,HOUSTON,TX,770928905,7139708485,CEO,3336C0002X|3336C0003X,tier_1_primary_pharmacy,Y,Y,
1053326652,LM PHARMACY,900 W SAM HOUSTON BLVD,STE 3,PHARR,TX,785775201,9566010075,PIC/OWNER,333600000X|3336C0003X,tier_1_primary_pharmacy,Y,Y,
1184639783,ELECTRA HOSPITAL DISTRICT,405 SE ACCESS RD STE A,,IOWA PARK,TX,763676985,9405922731,"CEO, AO",333600000X|3336C0003X,tier_1_primary_pharmacy,Y,Y,
1992710594,AUTELL PHARMACY INC,1246-A1 HWY 377 STE 200,,PILOT POINT,TX,76258,9406862140,TREASURER,333600000X|3336C0003X|3336L0003X|3336M0003X,tier_1_primary_pharmacy,Y,Y,
1356356950,INDEPENDENT PHARMACY ASSOCIATES LLC,3641 BROADWAY BLVD STE 100,SUITE 100,GARLAND,TX,750431676,9728641110,PHARMACIST OWNER,3336C0004X|333600000X|3336C0003X,tier_1_primary_pharmacy,Y,Y,
1174538771,SHRI JAGANNATH DRUGS LLC,820 N ZANG BLVD,STE 120,DALLAS,TX,752084233,2149461700,DIRECTOR,333600000X|3336C0003X,tier_1_primary_pharmacy,Y,Y,
1083629687,TAN TAN PHARMACY,12002 VETERANS MEMORIAL DR,SUITE C,HOUSTON,TX,770671089,2815801777,PHARMACIST IN CHARGE,333600000X|3336C0003X,tier_1_primary_pharmacy,Y,Y,
1114932738,LAA DRUG LLC,118 W 4TH ST,,HEARNE,TX,778592506,9792792173,MANG MEMBER,3336C0003X,tier_1_primary_pharmacy,Y,Y,
1023023645,"SUNRISE PHARMACY, INC",6102 PARKWAY #100,,CORPUS CHRISTI,TX,78414,3618879226,PHARMACY MANAGER,333600000X|3336C0003X,tier_1_primary_pharmacy,Y,Y,
1932114550,SOMETHING SPECIAL GIFTS,1411 W AMERICAN BLVD,,MULESHOE,TX,793473123,8062723106,OWNER,333600000X|3336C0003X,tier_1_primary_pharmacy,Y,Y,
1750396370,"PHARMWORKS, LLC",1337 E. PALMA VISTA DR.,,PALMVIEW,TX,78572,9565812949,AUTHORIZED OFFICIAL,333600000X|3336C0003X,tier_1_primary_pharmacy,Y,Y,
1669487286,MILITARY APOTHECARY LP,418 N LOOP 1604 W STE 104,,SAN ANTONIO,TX,782321456,2108020553,OWNER/MANAGING PARTNER,333600000X|3336C0002X|3336C0003X,tier_1_primary_pharmacy,Y,Y,
1578578191,KIMODALE INC,7932 S LOOP 12,,DALLAS,TX,752176609,2143988113,PRESIDENT,333600000X|3336C0003X,tier_1_primary_pharmacy,Y,Y,
1770598302,OSCAR ROSA,2116 W GRIFFIN PKWY,,PALMVIEW,TX,785729732,9565837999,OWNER,333600000X|3336C0003X,tier_1_primary_pharmacy,Y,Y,
1689689218,U B A PHARMACY LLC,2003 ROGERS RD STE 102,,SAN ANTONIO,TX,782514834,2106800882,PRES CEO,3336C0003X,tier_1_primary_pharmacy,Y,Y,
1912913310,LOUIS MORGAN DRUGS NO 4 INC,110 JOHNSTON ST,,LONGVIEW,TX,756013909,9037586164,VICE PRESIDENT,3336L0003X,tier_1_primary_pharmacy,Y,Y,
1780699140,"JIM B SPEARS, INC.",1720 HILLCREST DR,,VERNON,TX,763844099,9405522999,PRESIDENT,333600000X|3336H0001X|3336L0003X|3336C0003X|3336M0002X|3336S0011X,tier_2_secondary_pharmacy,N,Y,
1679589964,"A & P PHARMACY, INC",207 E BYRON NELSON BLVD,,ROANOKE,TX,76262,8174313110,OFFICER,333600000X|3336C0003X,tier_1_primary_pharmacy,Y,Y,
1609882083,HEALTH AND HUMAN SERVICES COMMISSION,4110 GUADALUPE ST,,AUSTIN,TX,787514223,5124192666,PROGRAM SUPERVISOR VI,3336I0012X|3336L0003X,tier_1_primary_pharmacy,Y,Y,
1770599318,PULMONARY CARE INC,3505 S DAIRY ASHFORD ST,STE 185,HOUSTON,TX,770825513,2816790877,VP,3336H0001X|3336M0002X|3336C0003X,tier_1_primary_pharmacy,Y,Y,
1528074168,RX FULFILLMENT SERVICES,3200 WILCREST DR,STE 580,HOUSTON,TX,770426030,2815832223,PRESIDENT,3336L0003X|3336M0002X|333600000X|3336C0004X,tier_1_primary_pharmacy,Y,Y,
1033126230,HEALTH AND HUMAN SERVICES COMMISSION,721 THOMPSON DR,,KERRVILLE,TX,780285154,8308962211,PROGRAM SUPERVISOR,3336I0012X|3336L0003X,tier_1_primary_pharmacy,Y,Y,
1790791531,A-1 DRUG MART INC,4821 RIVER OAKS BLVD,,FT WORTH,TX,761143097,8176263744,PRESIDENT,333600000X|3336C0004X|3336C0003X,tier_1_primary_pharmacy,Y,Y,
1184631673,MITCHELL COUNTY HOSPITAL DISTRICT,997 WEST INTERSTATE 20,,COLORADO CITY,TX,795122685,3257283431,CEO,3336I0012X,tier_2_secondary_pharmacy,N,Y,
1962419150,ES TRAN INC,2129 RED BLUFF RD,,PASADENA,TX,775063752,7134735200,OFFICE MANAGER,333600000X|3336C0003X,tier_1_primary_pharmacy,Y,Y,
1174530109,THE HARRIS CENTER FOR MENTAL HEALTH AND IDD,9401 SOUTHWEST FWY STE 101,,HOUSTON,TX,770741407,7139707635,CEO,3336C0002X|3336C0003X,tier_1_primary_pharmacy,Y,Y,
1275540304,JO NELL WILKINSON & WILLIAM JACK WILKINSON,810 MYER LN,,KERMIT,TX,797454634,4325862556,OWNER/PHARMACIST,3336C0003X|3336L0003X,tier_2_secondary_pharmacy,N,Y,
1083621973,HEALTH AND HUMAN SERVICES COMMISSION,4615 ALAMEDA AVE,,EL PASO,TX,799052702,9155345316,PROGRAM SUPERVISOR,3336I0012X|3336L0003X,tier_1_primary_pharmacy,Y,Y,
1679581292,KONGDARA LLC,5901 BELL ST STE C32,,AMARILLO,TX,791096231,8063582428,OFFICE ADMINISTRATOR,333600000X|3336C0003X,tier_1_primary_pharmacy,Y,Y,
1588672711,"H.ALEJANDRO PRETI, M.D., P.A.DBA H.ALEJANDRO PRETI, M.D., P.A. PHARMAC",6560 FANNIN ST STE 1224,,HOUSTON,TX,770302711,7137950933,OFFICE MANAGER,3336C0003X,tier_1_primary_pharmacy,Y,Y,
1225046956,JOHN HALSEY PHARMACY,4102 24TH ST,STE 103,LUBBOCK,TX,794101806,8067958555,PIC,3336C0002X|3336C0003X|3336M0002X|3336S0011X|333600000X|3336C0004X,tier_1_primary_pharmacy,Y,Y,
1285643304,SU CLINICA FAMILIAR,1706 TREASURE HILLS BLVD,,HARLINGEN,TX,785508911,9563656750,CFO,333600000X,tier_2_secondary_pharmacy,N,Y,
1174532220,HEALTH AND HUMAN SERVICES COMMISSION,1901 N US HIGHWAY 87,,BIG SPRING,TX,797200283,4322687289,PROGRAM SPECIALIST VI,3336I0012X|3336L0003X,tier_1_primary_pharmacy,Y,Y,
1740299775,HEALTH AND HUMAN SERVICES COMMISSION,1200 E BRIN ST,,TERRELL,TX,751602938,9725518238,PROGRAM SUPERVISOR,3336M0003X|3336L0003X,tier_1_primary_pharmacy,Y,Y,
1235148255,HEALTH AND HUMAN SERVICES COMMISSION,805 N DICKINSON DR # 318,,RUSK,TX,75785,9036837170,PHARMACIST - ACTING PHARMACY DIRECT,333600000X|3336I0012X|3336L0003X,tier_1_primary_pharmacy,Y,Y,
1932119674,SHRI GOKUL DRUGS LLC,608 BUCHANAN DR,,BURNET,TX,78611,5127568550,PRESIDENT,3336C0003X|333600000X,tier_1_primary_pharmacy,Y,Y,
1497765051,"CARENET, INC",15340 PARK ROW,STE. 100,HOUSTON,TX,77084,2813989399,CEO,3336S0011X|3336C0003X|3336C0004X|3336H0001X,tier_1_primary_pharmacy,Y,Y,
1982614053,HEALTH AND HUMAN SERVICES COMMISSION,6711 S NEW BRAUNFELS AVE STE 100,,SAN ANTONIO,TX,782233002,2105317724,PROGRAM SUPERVISOR,3336L0003X,tier_1_primary_pharmacy,Y,Y,
1255341293,DUSEK PHARMACY,112 W 1ST ST,,CAMERON,TX,765203302,2546972111,PARTNER,3336C0003X|3336L0003X|333600000X,tier_1_primary_pharmacy,Y,Y,
1619988516,RUMSEY PHARMACY INC.,9209 ELAM RD,SUITE 105,DALLAS,TX,752174179,2143916363,PRESIDENT/PIC,3336C0003X,tier_1_primary_pharmacy,Y,Y,
1164433751,PHARMACY CONCEPTS LTD,610 MAGIC MILE ST,,ARLINGTON,TX,760115108,8176336688,OWNER,3336C0003X|333600000X|3336L0003X,tier_1_primary_pharmacy,Y,Y,
1073524666,SOUTHWEST HEMATOLOGY-ONCOLOGY ASSOCIATES PA,4002 21ST ST,STE B,LUBBOCK,TX,794101135,8067938310,DIRECTOR OF PHARMACY,3336S0011X|3336C0002X|3336C0003X,tier_1_primary_pharmacy,Y,Y,
1982615571,CUT-RATE PHARMACY,3528 N HAMPTON RD,,DALLAS,TX,752122442,2146303014,OWNER,333600000X|3336C0003X,tier_1_primary_pharmacy,Y,Y,
1790796381,BRIARGROVE PHARMACY INC,6435 SAN FELIPE ST,,HOUSTON,TX,770572705,7137835704,OWNER,333600000X|3336C0003X,tier_1_primary_pharmacy,Y,Y,
1609887298,MPP PHARMACY INC.,2208 N BIG SPRING ST,,MIDLAND,TX,79705,4326829501,OFFICER,3336C0003X|333600000X,tier_1_primary_pharmacy,Y,Y,
1518978105,BOUNDS VITAL CARE INC,200 E HANSON,,CLEVELAND,TX,77327,2815923714,PRESIDENT,3336C0003X,tier_2_secondary_pharmacy,N,Y,
1427069012,RONS APOTHECARY SHOP,117A W RENFRO,,BURLESON,TX,76028,8172952273,PHARMACIST,333600000X|3336L0003X,tier_1_primary_pharmacy,Y,Y,
1336150929,R-X CARE INC,11511 VETERANS MEMORIAL DR,STE 900,HOUSTON,TX,770672611,2814446359,PRESIDENT,333600000X|3336C0003X,tier_1_primary_pharmacy,Y,Y,
1134130727,PURECARE PHARMACY INC,455 SCHOOL ST STE 48,,TOMBALL,TX,773754688,2812907741,PHARMACY MANAGER,333600000X|3336C0003X,tier_1_primary_pharmacy,Y,Y,
1043221633,EXPRESS RX LLC,3535 BRIARPARK DR,STE 110,HOUSTON,TX,770425245,2816192079,CEO,3336S0011X|3336C0003X,tier_1_primary_pharmacy,Y,Y,
1750392346,NHA TRANG PHARMACY,6988 WILCREST DR,A 1,HOUSTON,TX,770722625,2815304500,PRESIDENT,3336C0003X,tier_1_primary_pharmacy,Y,Y,
1962413450,BENCKALL GROUP INCORPORATED,2515 WASHINGTON AVE,STE 1401,HOUSTON,TX,770076342,7138642401,PRESDENT,333600000X|3336C0003X,tier_1_primary_pharmacy,Y,Y,
1871504365,KELLY G PRATT,1400 MAIN ST,,AMHERST,TX,79312,8062463683,OWNER,3336C0003X,tier_1_primary_pharmacy,Y,Y,
1780695270,YBA CONSULTING INC,1101 W EAGLE DR STE C,,DECATUR,TX,762343721,9406275400,PRESIDENT,333600000X|3336C0003X,tier_1_primary_pharmacy,Y,Y,
1952312548,PARKVIEW PHARMACY INC,5420 BELLAIRE BLVD,,BELLAIRE,TX,774013957,8327780400,OFFICER,333600000X|3336C0003X,tier_1_primary_pharmacy,Y,Y,
1841201431,RICHARDS RX LLC,4630 S CLOSNER BLVD,,EDINBURG,TX,785397279,9562891880,VP,3336C0004X|3336C0003X,tier_1_primary_pharmacy,Y,Y,
1144231630,MED-SHOP OF HUGHES SPRINGS INC,111 E 2ND,,HUGHES SPRINGS,TX,756562596,9036393508,PRESIDENT,333600000X|3336C0003X,tier_1_primary_pharmacy,Y,Y,
1154332708,DONNA PHARMACY SERVICES LLC,104 N DANIEL SALINAS BLVD,STE A,DONNA,TX,785372926,9564615777,MANAGING PARTNER,333600000X|3336C0003X,tier_1_primary_pharmacy,Y,Y,
1063423614,"NUDAK VENTURES, LLC",6111 BURNET RD,,AUSTIN,TX,787573226,5124549923,ACQUISITIONS MANAGER,333600000X|3336H0001X,tier_2_secondary_pharmacy,N,Y,
1972514529,CENTER PHARMACY INC,105 N SMITH ST,,PLEASANTON,TX,780644109,8305692512,PHARMACIST,333600000X|3336C0003X,tier_1_primary_pharmacy,Y,Y,
1881605434,UNITED SUPERMARKETS LLC,2802 W WALKER ST,,BRECKENRIDGE,TX,764244000,2545594080,DIRECTOR OF PHARMACY,3336C0003X,tier_1_primary_pharmacy,Y,Y,
1699786244,WPB PHARMACY,5600 S WILLOW DR,STE 113,HOUSTON,TX,770354713,7137297200,PIC,3336C0003X,tier_1_primary_pharmacy,Y,Y,
1508877150,PHARMACY ALTERNATIVES LLC,5810 TRADE CENTER DR,,AUSTIN,TX,787441368,5123839229,DIRECTOR OF PHARMACY,3336L0003X,tier_1_primary_pharmacy,Y,Y,
1053322602,JEN-RX INC,3183 DENTON HWY,,HALTOM CITY,TX,76117,8178385544,PIC/OWNER,333600000X|3336C0003X,tier_1_primary_pharmacy,Y,Y,
1962413518,LP LYNN-SCOTT INC,2616 TEXAS DR,,IRVING,TX,750627058,9722528644,CEO OWNER,333600000X|3336C0003X,tier_1_primary_pharmacy,Y,Y,
1871504423,ELSA PHARMACY SERVICES LLC,205 W EDINBURG DR,,ELSA,TX,78543,9562626400,OWNER / PIC / MGR,333600000X|3336C0003X,tier_1_primary_pharmacy,Y,Y,
1194736686,JG PHARMACY INC,3745 WESTHEIMER RD,,HOUSTON,TX,770275227,7135278339,PRESIDENT,333600000X|3336C0003X,tier_1_primary_pharmacy,Y,Y,
1285645770,ARTHUR D ABERNATHY,2101 CRAWFORD ST,,HOUSTON,TX,770028942,7136544137,OWNER/PIC,3336M0002X|333600000X|3336C0003X,tier_1_primary_pharmacy,Y,Y,
1093726580,SULLIVAN S DRUG LLC,1140 GRAND AVE,,BACLIFF,TX,775182760,2813394577,OWNER/PHARMACIST,3336C0003X,tier_1_primary_pharmacy,Y,Y,
1902817497,"JAMAXO, INC",5750 WOODWAY DR,STE 156,HOUSTON,TX,770571516,7132661234,PRESIDENT,333600000X|3336C0003X,tier_1_primary_pharmacy,Y,Y,
1811908304,SPENCE MEDICAL PHARMACY LLC,2301 E MULBERRY ST,,ANGLETON,TX,775153804,9798499391,PRESIDENT/OWNER,333600000X|3336C0003X,tier_1_primary_pharmacy,Y,Y,
1720099211,AMEX PHARMACY INC,3030 CANAL ST,,HOUSTON,TX,770031627,7132379301,CEO,333600000X|3336C0003X,tier_1_primary_pharmacy,Y,Y,
1235140724,MAL ENTERPRISES INC,507 S. BURLESON AVE.,,MCCAMEY,TX,79752,3258842579,TREASURER-CONTROLLER,333600000X|3336C0003X,tier_1_primary_pharmacy,Y,Y,
1679584254,KATY PROCARE PHARMACY LLC,1331 W GRAND PKWY N STE 111,,KATY,TX,774932711,8324378425,CEO,333600000X|3336C0003X,tier_1_primary_pharmacy,Y,Y,
1396756979,HILLTOP PHARMACY INC,631 LAKEVIEW BLVD,,NEW BRAUNFELS,TX,781304017,8306270069,PIC,3336C0003X|3336L0003X,tier_1_primary_pharmacy,Y,Y,
1205847886,AAA PHARMACY,705 W ABRAM ST,STE 205,ARLINGTON,TX,76010,8173942318,PIC,333600000X|3336C0003X,tier_1_primary_pharmacy,Y,Y,
1205847894,PRESTIGE PHARMACY,6550 MAPLERIDGE ST,STE 116,HOUSTON,TX,770814600,8327786552,OWNER AND PIC,333600000X|3336C0003X,tier_1_primary_pharmacy,Y,Y,
1114938701,RICHMOND PHARMACY,2951 CHIMNEY ROCK RD,STE B,HOUSTON,TX,770565924,7139740709,PRESIDENT,333600000X|3336C0003X,tier_2_secondary_pharmacy,N,Y,
1023029618,REMOTE PHARMACY SOLUTIONS INC,19901 SOUTHWEST FWY,STE 236,SUGAR LAND,TX,774796538,2812652577,PIC AND PART OWNER,3336M0002X|3336C0003X,tier_1_primary_pharmacy,Y,Y,
1235140880,SHARY MEDICAL PHARMACY,2310 E EXPRESSWAY 83 S 8,STE 8,MISSION,TX,78572,9565190600,PHCY DIRECTOR,3336C0003X,tier_1_primary_pharmacy,Y,Y,
1316958903,ORANGE PHARMACY LLC,1301 W PARK AVE,,ORANGE,TX,776304923,4098834352,CEO,333600000X|3336C0003X,tier_1_primary_pharmacy,Y,Y,
1225049810,WESTERMAN DRUG OF OZONA,916 AVE E,,OZONA,TX,76943,3253922608,PIC OWNER,333600000X|3336C0003X|3336L0003X,tier_1_primary_pharmacy,Y,Y,
1922019413,GENESIS PHARMACY INC,1611 SPENCER HWY STE F,,SOUTH HOUSTON,TX,775873714,8329258797,OWNER,333600000X|3336C0003X,tier_1_primary_pharmacy,Y,Y,
1831100320,FIRST LONE STAR PHARMACY GROUP LLC,906 NE BIG BEND TRL,,GLEN ROSE,TX,760434909,2548972711,MANAGING PARTNER,333600000X|3336C0003X,tier_1_primary_pharmacy,Y,Y,
1740291236,MEDVEST INC,6560 FANNIN ST,STE 260,HOUSTON,TX,770302761,7134416350,EXECUTIVE VP,333600000X|3336C0003X,tier_1_primary_pharmacy,Y,Y,
1659382141,CITIZENS PHARMACY LLC,17070 RED OAK DR STE 103,,HOUSTON,TX,770902615,7136957316,AUTHORISED OFFICIAL/MANAGER,333600000X|3336C0003X,tier_1_primary_pharmacy,Y,Y,
1053322545,"KOHLER HOMECARE PHARMACY, INC.",2204 PARK SPRINGS BLVD,SUITE A,ARLINGTON,TX,760135642,8178614631,PRESIDENT,3336C0004X|3336C0003X,tier_1_primary_pharmacy,Y,Y,
1568473056,OAK HILLS MEDICAL BUILDING PHCY INC,7711 LOUIS PASTEUR DR STE 100,,SAN ANTONIO,TX,782293411,2106144100,PRESIDENT,333600000X|3336C0004X|3336C0003X,tier_1_primary_pharmacy,Y,Y,
1477564961,LEES PHARMACY,9501 LONG POINT RD STE P,,HOUSTON,TX,770554223,7139327660,OWNER,3336C0003X,tier_1_primary_pharmacy,Y,Y,
1386655876,NILKANTH K PATEL,8520 JENSEN DR,,HOUSTON,TX,770937510,7136979750,OWNER,3336C0003X,tier_1_primary_pharmacy,Y,Y,
1881605871,LINDEN DRUG CO INC,400 N KAUFMAN ST,,LINDEN,TX,755635234,9037565331,OWNER/PHARMACIST,3336C0003X,tier_1_primary_pharmacy,Y,Y,
1821000852,B2TF LTC PHARMACY LLC,403 NORTH KAUFMAN STREET,,LINDEN,TX,755635234,9037568741,VP/PHARMACIST,3336L0003X,tier_1_primary_pharmacy,Y,Y,
1992717508,"RAY'S PHARMACY, INC",105 EAST HENRY ST,,HAMILTON,TX,765311909,2543863121,RPH PIC,3336C0003X,tier_1_primary_pharmacy,Y,Y,
1811909559,PEDIATRIC SERVICES INC.,3435 S ALAMEDA ST,,CORPUS CHRISTI,TX,784111728,3618553811,PIC / MANAGER,3336C0003X,tier_1_primary_pharmacy,Y,Y,
1376555037,"RAY'S PHARMACY, INC.",301 W KENNEDALE PKWY,,KENNEDALE,TX,760602421,8174788225,OWNER/PRESIDENT,3336C0003X,tier_1_primary_pharmacy,Y,Y,
1720090111,BEST VALUE PHARMACIES INC,5932 LOVELL AVE,,FT WORTH,TX,761075030,8177376655,VICE-PRESIDENT,3336C0003X,tier_1_primary_pharmacy,Y,Y,
1073525259,"PARTON PHARMACY, LLC",211 E COKE RD,,WINNSBORO,TX,754943213,9033423669,CFO,3336L0003X|3336C0003X,tier_1_primary_pharmacy,Y,Y,
1841202249,"BEST VALUE PHARMACIES, INC.",6020A HARRIS PKWY,,FT WORTH,TX,761324102,8177380722,VP,333600000X|3336C0003X,tier_1_primary_pharmacy,Y,Y,
1457364960,HEARD JONES OF PAMPA INC,114 N CUYLER ST,,PAMPA,TX,790656420,8066697478,PRESIDENT,3336C0003X,tier_1_primary_pharmacy,Y,Y,
1710990387,"COLLEYVILLE DRUG, INC",622 W MAIN ST,,CROSBYTON,TX,793222243,8066752001,OWNER,3336C0003X,tier_1_primary_pharmacy,Y,Y,
1578576096,DURAMED,600 BESSEMER AVE,,LLANO,TX,786431608,3252474155,VICE PRESIDENT,3336L0003X|3336C0003X,tier_1_primary_pharmacy,Y,Y,
1861405540,PRESTON ROAD APOTHECARY INC,9301 N CENTRAL EXPY,STE 110,DALLAS,TX,752310806,2143616172,PRESIDENT,333600000X|3336C0003X,tier_1_primary_pharmacy,Y,Y,
1376556530,NICHOLAOS C BELLOS MD PA,2909 LEMMON AVE,,DALLAS,TX,752042311,2148876682,PRESIDENT,3336C0003X|3336H0001X|3336S0011X,tier_1_primary_pharmacy,Y,Y,
1841203007,RAYS PHARMACY INC,1831 E BROAD ST STE 213,,MANSFIELD,TX,760639171,8174772525,PRESIDENT AND OWNER,3336M0002X|333600000X|3336L0003X,tier_1_primary_pharmacy,Y,Y,
1558474734,"38TH STREET PHARMACY, INC.",711 W 38TH ST STE C3,,AUSTIN,TX,787051126,5124583784,PRESIDENT,3336C0003X,tier_2_secondary_pharmacy,N,Y,
1407869878,NEU PHARMACY,527 BRYAN ST,,DENTON,TX,762012705,9405663101,PHARMACIST/OWNER,3336C0003X,tier_1_primary_pharmacy,Y,Y,
1821101932,SAUCEDO PHARMACY INC,1021 E 1ST ST,,DUMAS,TX,79029,8069357494,OWNER/PHARMACIST IN CHARGE,3336C0003X,tier_1_primary_pharmacy,Y,Y,
1982717815,ALSABROOK INC,975 N COOPER ST,,ARLINGTON,TX,760115781,8172748221,OWNER,333600000X|3336C0003X,tier_1_primary_pharmacy,Y,Y,
1356455638,RED RIVER PHARMACY SERVICES INC,1550 MOORES LN STE D,,TEXARKANA,TX,755034657,9037927435,OWNER,3336C0003X|333600000X|3336H0001X,tier_1_primary_pharmacy,Y,Y,
1518071786,MAULDIN PHARMACY INC,709 WOODROW WILSON RAY CIR,,BRIDGEPORT,TX,764265023,9406832950,OWNER,3336C0004X|3336C0003X,tier_1_primary_pharmacy,Y,Y,
1801900899,RJMTZ PHARMACY LLC,3201 UNIVERSITY DR E,SUITE 145,BRYAN,TX,778023475,9797760902,OWNER,3336C0003X,tier_1_primary_pharmacy,Y,Y,
1710091707,HUMBLE RX LLC,308 W LARISSA ST,,JACKSONVILLE,TX,75766,9035869804,OWNER/PHARMACIST,333600000X|3336C0003X,tier_1_primary_pharmacy,Y,Y,
1629182613,HILLIARD DRUGS INC,1001 NW 2ND ST STE 300,,KERENS,TX,751442424,9033962214,PRESIDENT,333600000X|3336C0003X,tier_1_primary_pharmacy,Y,Y,
1538273529,TIMBERLAND MEDICINE CHEST 136 LLC,800 S TIMBERLAND DR,,LUFKIN,TX,759014879,9366322260,CEO,3336C0003X,tier_1_primary_pharmacy,Y,Y,
1356455349,MEDICINE CHEST NO113 LLC,411 MAIN ST,,SULPHUR SPRINGS,TX,754822762,9038850821,PRESIDENT,3336L0003X|3336C0003X,tier_1_primary_pharmacy,Y,Y,
1265546253,RWO LP,2222 W 24TH ST,,PLAINVIEW,TX,790721802,8062934151,PIC,333600000X|3336C0003X,tier_1_primary_pharmacy,Y,Y,
1174637169,CHAPEL HILL PHARMACY LTD,12445 HWY 64 E,,TYLER,TX,757075327,9035660326,OWNER,333600000X|3336C0003X,tier_1_primary_pharmacy,Y,Y,
1083728075,VA VCS PHCY,4500 S LANCASTER RD,,DALLAS,TX,752167167,2148570967,PIC,333600000X|3336C0003X,tier_2_secondary_pharmacy,N,Y,
1891809885,"MARTIN'S SAN JUAN DRUG, INC",601 S NEBRASKA AVE,,SAN JUAN,TX,785892647,9567871861,OWNER,333600000X|3336C0003X,tier_1_primary_pharmacy,Y,Y,
1619081601,KINGS DAUGHTERS PHARMACY LLC,1905 SW H K DODGEN LOOP,,TEMPLE,TX,765021814,2547781731,PHARMACIST IN CHARGE,3336C0003X|333600000X|3336C0004X,tier_1_primary_pharmacy,Y,Y,
1437263423,MOORE THAN MEDICINE LLC,105 SW 2ND ST,,TULIA,TX,790882747,8069953551,OWNER,3336L0003X|3336C0004X|333600000X|3336C0003X,tier_1_primary_pharmacy,Y,Y,
1346354339,C D PHARMACIES INC,3211 ROBINSON DR,,WACO,TX,767064409,2546620774,PRES PHARMACIST,333600000X|3336C0003X,tier_1_primary_pharmacy,Y,Y,
1255445243,HERITAGE PHARMACY INCORPORATED,621 N. HAMPTON RD,STE. 108,DESOTO,TX,75115,4697473171,MANAGING OFFICER,3336C0003X,tier_1_primary_pharmacy,Y,Y,
1164536157,DOGWOOD PHARMACY LLC,205 S MAGNOLIA ST,,WOODVILLE,TX,759795234,4092837509,SOLE OWNER,333600000X|3336L0003X|3336C0003X,tier_1_primary_pharmacy,Y,Y,
1609980697,JERRY L PHILMON,5897 W PORT ARTHUR RD,,PORT ARTHUR,TX,776401754,4097362277,PARTNER,333600000X|3336C0003X,tier_1_primary_pharmacy,Y,Y,
1518071505,SC DRUGSTORE,4030 W BRAKER LN STE 400,,AUSTIN,TX,787595332,8662896337,PHARMACIST,3336C0003X,tier_1_primary_pharmacy,Y,Y,
1427162411,P & S REXALL PHARMACY INC,829 N MAIN ST STE C,,CORSICANA,TX,751103048,9038745121,OWNER,333600000X|3336C0003X|3336L0003X,tier_1_primary_pharmacy,Y,Y,
1336253327,HEALTHQUEST PHARMACY INC,11240 FM 1960 RD W,STE 404,HOUSTON,TX,770653662,2814777686,OWNER,3336H0001X|3336S0011X|3336C0003X,tier_1_primary_pharmacy,Y,Y,
1245344233,ADVANTAGES PHARMACY,22999 HIGHWAY 59 N,STE 142,KINGWOOD,TX,773394412,2813593892,OWNER,3336S0011X,tier_1_primary_pharmacy,Y,Y,
1154435147,TB CARE PHARMACY,11734 GRANT RD,,CYPRESS,TX,774292982,2812578809,OWNER,3336C0003X,tier_1_primary_pharmacy,Y,Y,
1063526051,HARRIS CTY SHERIFFS DEPT CLINIC PHCY,1200 BAKER ST,,HOUSTON,TX,770021206,7137556722,PHCY DIRECTOR,3336C0003X|3336C0002X,tier_1_primary_pharmacy,Y,Y,
1972617967,HOUSTON MEDICINE CHEST LLC,209 BRISBANE ST,,HOUSTON,TX,770615001,2814646300,CEO,3336C0004X|3336I0012X|333600000X|3336L0003X,tier_1_primary_pharmacy,Y,Y,
1881708873,FORT WORTH PHARMACY LLC,7833 OAKMONT BLVD,SUITE 120,FORT WORTH,TX,761324231,8173619960,OWNER,333600000X|3336C0003X,tier_1_primary_pharmacy,Y,Y,
1699889683,MEDICAL PLUS PHARMACY LLC,13529 S POST OAK RD,,HOUSTON,TX,770454007,7133338907,MANAGING OFFICER,3336C0003X,tier_1_primary_pharmacy,Y,Y,
1508970591,V & R PHARMACY INC,13300 HARGRAVE RD,SUITE 180,HOUSTON,TX,770704373,2816648829,PRESIDENT,333600000X|3336C0003X,tier_1_primary_pharmacy,Y,Y,
1417061409,CARE TEAM LC,11645 ANGUS RD,STE 1,AUSTIN,TX,787594100,5123451444,OWNER,333600000X|3336C0003X,tier_1_primary_pharmacy,Y,Y,
1326152315,STEPHENSON PHARMACY,1000 S FLEISHEL AVE,,TYLER,TX,757012037,9035930236,OWNER,3336C0003X|3336C0004X|333600000X,tier_1_primary_pharmacy,Y,Y,
1235243221,MAJORS PHARMACY INC,108 SHELLEY DR,,TYLER,TX,757018723,9035951132,PRESIDENT,3336C0003X,tier_1_primary_pharmacy,Y,Y,
1144334137,A & L INC,419 S PALESTINE ST,,ATHENS,TX,757512511,9036755040,PHARMACIST,333600000X|3336L0003X|3336C0003X,tier_1_primary_pharmacy,Y,Y,
1053425041,ACKMAN PHARMACY INC,200 WESLEY DR,,KERRVILLE,TX,780285809,8302574121,PRES,3336C0004X|333600000X|3336C0003X,tier_1_primary_pharmacy,Y,Y,
1962516955,THE MEDICINE PLACE INC 1008 LAMAR ST SWEETWATER TX,1410 LAMAR ST,,SWEETWATER,TX,795567124,3252366809,PRESIDENT,333600000X|3336C0003X,tier_1_primary_pharmacy,Y,Y,
1871607861,MT PLEASANT PROFESSIONAL PHARMACY,2322 HARTS BLUFF RD,,MT PLEASANT,TX,754557452,9035729238,OFFICER,333600000X|3336C0003X,tier_1_primary_pharmacy,Y,Y,
1316051303,M & L PHARMACY,14871 W HWY 29,,LIBERTY HILL,TX,786420546,5125155123,VP,333600000X|3336C0003X,tier_1_primary_pharmacy,Y,Y,
1225142219,SOUTHLAND LEGEND PHARMACY,5201 S BROADWAY AVE,STE 100,TYLER,TX,757033748,9035348218,PIC,333600000X|3336C0003X,tier_1_primary_pharmacy,Y,Y,
1134233125,TROUP PHARMACY INC,501 W DUVAL ST,,TROUP,TX,757891813,9038423074,OWNER,333600000X|3336C0003X,tier_1_primary_pharmacy,Y,Y,
1043324031,CHARLES H STANTON,306 S US HIGHWAY 287,,ELKHART,TX,758396726,9037642355,OWNER,3336C0003X,tier_1_primary_pharmacy,Y,Y,
1952415945,COMMUNITY PHARMACY,3520 KNICKERBOCKER RD STE A,,SAN ANGELO,TX,769047601,3259494577,OWNER/PARTNER,333600000X|3336C0003X,tier_1_primary_pharmacy,Y,Y,
1861506859,US DRUG MART INC,540 GEORGE HOPPER RD,,MIDLOTHIAN,TX,760655505,9727751180,VP,333600000X|3336C0004X|3336C0003X,tier_1_primary_pharmacy,Y,Y,
1770697765,US DRUG MART INC,103 S MAIN ST,,FERRIS,TX,751252523,9725443660,VP,3336C0003X,tier_1_primary_pharmacy,Y,Y,
1689788671,DENNIS W HELBERT,3707 AUSTIN AVE,,BROWNWOOD,TX,768016626,3256432648,OWNER/ PHARMACIST,3336C0003X,tier_1_primary_pharmacy,Y,Y,
1497869481,KCN NOVAK LLC,709 HOLLYBROOK DR,STE 101,LONGVIEW,TX,756052411,9032348326,OWNER,333600000X|3336C0003X,tier_1_primary_pharmacy,Y,Y,
1215041207,US DRUG MART INC,4122 CALL FIELD RD,,WICHITA FALLS,TX,763082517,9406921234,VP,3336H0001X|3336L0003X|333600000X|3336C0004X|3336C0003X,tier_1_primary_pharmacy,Y,Y,
1184738072,JAMES M SCHUMACHER,1004 S MOBBERLY AVE,,LONGVIEW,TX,756022042,9037535075,SOLE PROPRIETER,333600000X|3336C0003X,tier_1_primary_pharmacy,Y,Y,
1992819882,Q PHARMACY INC,14100 NACOGDOCHES RD,STE 116,SAN ANTONIO,TX,782471903,2104918136,PRESIDENT,3336M0003X|3336S0011X|3336C0003X,tier_1_primary_pharmacy,Y,Y,
1801900790,WAYSIDE PHARMACY INC,7109 B LAWNDALE AND 75TH,,HOUSTON,TX,770234244,7139285410,MGR,333600000X|3336C0003X,tier_1_primary_pharmacy,Y,Y,
1649384637,"MIKOSH DRUG COMPANY, LLC",404 HIGHWAY 27,,COMFORT,TX,780132173,8309953300,PHARMACIST/OWNER,333600000X|3336C0003X,tier_1_primary_pharmacy,Y,Y,
1558475541,LYNNS LA VEGA PHARMACY INC,2401 E WACO DR,,WACO,TX,767053259,2547994949,PRESIDENT,3336L0003X|3336C0003X,tier_1_primary_pharmacy,Y,Y,
1467566455,Q3BL PHARMACY LLC,3648 GULFWAY DR,,PORT ARTHUR,TX,776423674,4099858874,OWNER AND MANAGER,333600000X|3336C0003X,tier_1_primary_pharmacy,Y,Y,
1376657361,BRITT DRUG CO,112 E CENTRAL AVE,,BELTON,TX,765133279,2549395738,PRES,333600000X|3336C0003X,tier_1_primary_pharmacy,Y,Y,
1285748277,RED OAK DRUG INC,120 S GRAND AVE,STE 1,WAXAHACHIE,TX,751652267,9729382642,OWNER/PHARMACIST IN CHARGE,333600000X|3336C0004X|3336C0003X,tier_1_primary_pharmacy,Y,Y,
1093829087,GIDDINGS DRUG COMPANY LTD,233 S MANSE AVE,,GIDDINGS,TX,789423440,9795423164,OWNER,333600000X|3336C0003X,tier_1_primary_pharmacy,Y,Y,
1902910995,PSM MSM 102 LLC,202 N KEY AVE,,LAMPASAS,TX,765501843,5125565141,MANAGIN MEMBER,333600000X|3336C0003X,tier_1_primary_pharmacy,Y,Y,
1720192719,COBURNS PHARMACY LLC,101 S AUSTIN ST,,BREMOND,TX,766295036,2547467845,OWNER PIC,333600000X|3336C0003X,tier_1_primary_pharmacy,Y,Y,
1639283625,RIPPETOE PHARMACY INC.,205 E HALL ST.,,BANGS,TX,76823,3257526133,MANAGING MEMBER,333600000X|3336C0003X,tier_1_primary_pharmacy,Y,Y,
1548374531,GEORGE C SIMMONS JR,117 S KENT ST,,GORMAN,TX,764543060,2547342859,OWNER / PIC,3336C0003X,tier_1_primary_pharmacy,Y,Y,
1457465445,GROESBECK CITY DRUG,404 S DR J B RIGGS DR,,GROESBECK,TX,766421824,2547293092,OWNER,3336C0003X,tier_1_primary_pharmacy,Y,Y,
1992819981,AVALON UNITED DRUGS,2427 WESTHEIMER RD,,HOUSTON,TX,770981319,7135242101,PRESIDENT,333600000X|3336C0003X,tier_1_primary_pharmacy,Y,Y,
1346354727,GOODSENSE PHARMACY LLC,8042 WURZBACH RD,SUITE 150,SAN ANTONIO,TX,782293818,2108022640,MANAGER,333600000X|3336L0003X|3336C0003X,tier_1_primary_pharmacy,Y,Y,
1770697237,AGP PHARMACY LLC,309 N MAIN ST,,LOCKNEY,TX,792410277,8066523353,OWNER,333600000X|3336C0003X,tier_1_primary_pharmacy,Y,Y,
1578678710,SAM HOUSTON PHARMACY & MEDICAL EQUIPMENT,1002 W SAM HOUSTON ST,STE 1,PHARR,TX,785775224,9567021824,PARTNER/OWNER,333600000X,tier_1_primary_pharmacy,Y,Y,
1568577716,"HARDING & PARKER, INC.",2806 NORTH NAVARRO STREET,SUITE A,VICTORIA,TX,779013918,3615732476,OWNER/PRESIDENT,3336C0003X,tier_1_primary_pharmacy,Y,Y,
1932214111,CARVAJALS INC.,3410 ROOSEVELT AVE,,SAN ANTONIO,TX,782142606,2109222176,PRESIDENT,3336C0003X,tier_1_primary_pharmacy,Y,Y,
1659486504,MONAHANS PHARMACY INC,801 E 4TH ST,STE C,MONAHANS,TX,797564018,4329434212,OWNER/PHARMACIST,3336C0003X,tier_1_primary_pharmacy,Y,Y,
1982719183,LIFECHEK ROSENBERG LLC,406 YOUENS DR,,WEIMAR,TX,789623680,9797256713,COMPLIANCE COORDINATOR,333600000X|3336C0003X,tier_1_primary_pharmacy,Y,Y,
1790890994,LIFECHEK ROSENBERG LLC,13500 HWY 36,,NEEDVILLE,TX,77461,9797935534,COMPLIANCE COORDINATOR,333600000X|3336L0003X|3336C0003X,tier_1_primary_pharmacy,Y,Y,
1609981802,KOUNTZE PHARMACY LLC,800 S PINE STREET,,KOUNTZE,TX,77625,4092463492,COMPLIANCE COORDINATOR,333600000X|3336L0003X|3336C0003X,tier_1_primary_pharmacy,Y,Y,
1518072719,MEDICAL DISCOUNT LP,1001 ELLIS AVE,,LUFKIN,TX,759043336,9366346629,TRAINING AND DVLPMNT SPECIALST,333600000X|3336C0003X,tier_1_primary_pharmacy,Y,Y,
1427163625,CLARK PHARMACY LLC,502 W MONTGOMERY ST,,WILLIS,TX,773788827,9368564594,OWNER/PRESIDENT,333600000X|3336C0003X,tier_1_primary_pharmacy,Y,Y,
1336254531,LIFECHEK CONROE LLC,1316 7TH ST,,ROSENBERG,TX,774713531,2812322850,PRESIDENT,3336L0003X|333600000X|3336C0003X,tier_1_primary_pharmacy,Y,Y,
1063527265,LIFECHEK RICHMOND LLC,109 SHULT DR,,COLUMBUS,TX,789343009,9797322361,OWNER/PRESIDENT,333600000X|3336L0003X|3336C0003X,tier_1_primary_pharmacy,Y,Y,
1881709087,LIFECHEK DENNISON LP,3411 W FM 120,,DENISON,TX,750201549,9034658514,TRAINING AND DVLPMNT SPECIALST,333600000X|3336C0003X,tier_1_primary_pharmacy,Y,Y,
1699880898,POST OAK PHARMACY LP,900 W DALLAS ST,,CONROE,TX,773012234,9367882255,COMPLIANCE COORDINATOR,333600000X|3336C0003X,tier_1_primary_pharmacy,Y,Y,
1508971706,LIFECHEK NEW BRAUNFELS LP,345 LANDA ST,,NEW BRAUNFELS,TX,781305439,8306257777,OWNER/PRESIDENT,333600000X|3336C0003X,tier_1_primary_pharmacy,Y,Y,
1326153529,LIFECHEK MONTGOMERY LP,2001 N LOY LAKE RD,,SHERMAN,TX,750902839,9038935700,TRAINING AND DVLPMNT SPECIALST,333600000X|3336C0003X,tier_1_primary_pharmacy,Y,Y,
1235244435,LIFECHEK AUCHAN LLC,13857 US HIGHWAY 87 W,SUITE 100,LA VERNIA,TX,781215919,8307792219,COMPLIANCE COORDINATOR,333600000X|3336L0003X|3336C0003X,tier_1_primary_pharmacy,Y,Y,
1144335340,LIFECHEK TRINITY LLC,507 S ROBB ST STE B,,TRINITY,TX,758627618,9365943593,COMPLIANCE COORDINATOR,333600000X|3336L0003X|3336C0003X,tier_1_primary_pharmacy,Y,Y,
1053426254,LIFECHEK CONROE PARTNERS LTD,3701 GULFWAY DR,,PORT ARTHUR,TX,776422829,4099829977,TRAINING AND DVLPMNT SPECIALST,333600000X|3336C0003X,tier_1_primary_pharmacy,Y,Y,
1962517169,LIFECHEK HUNTSVILLE LLC,307 MAIN ST,,SEALY,TX,774742330,9796277271,OWNER/PRESIDENT,333600000X|3336L0003X|3336C0003X,tier_1_primary_pharmacy,Y,Y,
1871608075,LIFECHEK CUERO LP,101 E MAIN ST,,CUERO,TX,779543021,3612752308,OWNER/PRESIDENT,333600000X|3336L0003X|3336C0003X,tier_1_primary_pharmacy,Y,Y,
1245345446,CRYSTAL DRUG LP,224 E ZAVALA ST,,CRYSTAL CITY,TX,788393512,8303743436,COMPLIANCE COORDINATOR,333600000X|3336L0003X|3336C0003X,tier_1_primary_pharmacy,Y,Y,
1376658310,LIFECHEK DENNISON LLC,1205 N RAUL LONGORIA RD STE F,,SAN JUAN,TX,785893721,9567826337,MANAGING OFFICER,333600000X|3336L0003X|3336C0003X,tier_1_primary_pharmacy,Y,Y,
1902911944,PRIME PHC INC,477 W PARKER RD,,HOUSTON,TX,770913202,7136969977,PIC,333600000X|3336C0003X,tier_1_primary_pharmacy,Y,Y,
1811002850,SAVCOP LTD,504 N OCONNOR RD,,IRVING,TX,75061,9722533455,PIC,333600000X|3336C0003X,tier_1_primary_pharmacy,Y,Y,
1720193766,RAPHA PHARMACY,12600 BISSONNET ST STE E1,,HOUSTON,TX,770991395,8323281855,DIR OF PHRMCY,3336C0003X|333600000X,tier_1_primary_pharmacy,Y,Y,
1548375587,BETTER LIVING MEDICAL EQUIPMENT & SVCS LTD,1039 N TWIN CITY HWY,,NEDERLAND,TX,776273850,4097278660,OWNER,3336C0003X|3336M0002X|333600000X,tier_2_secondary_pharmacy,N,Y,
1457466492,AMEX PHARMACY NO 3 INC,5990 AIRLINE DR STE 150,,HOUSTON,TX,770764237,7134518400,PRESIDENT,333600000X|3336C0003X,tier_1_primary_pharmacy,Y,Y,
1366557308,SUCCESSION EQUITY GROUP,3742 CARTWRIGHT RD.,,MISSOURI CITY,TX,77459,2814999525,OWNER,333600000X|3336C0003X|3336C0004X,tier_1_primary_pharmacy,Y,Y,
1275648214,INTEGRITYRX GROUP LLC,1510 N. BRAZOS,,WHITNEY,TX,76692,2546943314,AUTHORIZED OFFICIAL,3336C0004X|333600000X|3336L0003X|3336C0003X,tier_1_primary_pharmacy,Y,Y,
1801901848,EDGEWOOD PHARMACY INC,718 CUPPLES RD,,SAN ANTONIO,TX,782374357,2104353705,OWNER,333600000X|3336C0003X,tier_1_primary_pharmacy,Y,Y,
1710092754,NADDAF VENTURES LP,909 FROSTWOOD DR,SUITE 150,HOUSTON,TX,770242301,7134684040,OWNER,3336C0003X,tier_1_primary_pharmacy,Y,Y,
1356456396,ALDRIDGES FAMILY II PHARMACY,302 W 9TH ST,,DALLAS,TX,752084809,2149422811,OWNER,333600000X|3336C0003X,tier_1_primary_pharmacy,Y,Y,
1265547202,YUM PHARMACIES INC,1215 W BUCKINGHAM RD,STE B,GARLAND,TX,750404533,9724954711,PRESIDENT,333600000X|3336C0003X,tier_1_primary_pharmacy,Y,Y,
1629183660,SHREE YOGESHWAR INC,365 FORSYTHE ST,,BEAUMONT,TX,777013304,4098326539,PHARMACIST,333600000X|3336C0003X,tier_1_primary_pharmacy,Y,Y,
1437265873,LINDBERG PHARMACY,5203 S MCCOLL RD,,EDINBURG,TX,785390231,9566876204,OWNER,3336C0003X,tier_1_primary_pharmacy,Y,Y,
1558477380,ALAMO HEALTH LLC,408 US HWY 90,WEST-B,CASTROVILLE,TX,780094547,8309312116,OWNER/MANAGING MEMBER,3336C0003X,tier_1_primary_pharmacy,Y,Y,
1184730988,HEALTH AND HUMAN SERVICES COMMISSION,4730 COLLEGE DR,,VERNON,TX,763844009,9405524055,PROGRAM SUPERVISOR VI,3336I0012X|3336L0003X,tier_1_primary_pharmacy,Y,Y,
1164538849,HILL COUNTRY DRUG LLC,1395 SATTLER RD,STE 8,NEW BRAUNFELS,TX,781322295,8309643615,CO-OWNER,3336C0003X,tier_1_primary_pharmacy,Y,Y,
1326154113,FIRST LONE STAR PHARMACY GROUP IV LLC,1246 HWY 3773,STE 200,PILOT POINT,TX,76258,9406862140,OPERATIONS MANAGER,333600000X|3336L0003X,tier_1_primary_pharmacy,Y,Y,
1326155821,"A-PLUS HOME HEALTH CARE, INC.",6105 BEVERLYHILL ST STE 200,,HOUSTON,TX,770576716,2812404144,ADMINISTRATOR,3336H0001X,tier_2_secondary_pharmacy,N,Y,
1295841849,K V EARLY INC,1080 E LOS EBANOS BLVD,,BROWNSVILLE,TX,785209988,9565446666,OWNER,333600000X|3336C0003X,tier_1_primary_pharmacy,Y,Y,
1124135538,BEAUMONT PHARMACY LLC,3110 CALDER AVE.,,BEAUMONT,TX,777021411,4098661429,MANAGER,3336C0004X|3336C0003X,tier_1_primary_pharmacy,Y,Y,
1265549638,CARVAJAL PHARMACY LTC,819 S ACME RD,,SAN ANTONIO,TX,782372707,2109229031,ADMIN,333600000X|3336C0003X|3336C0004X|3336H0001X|3336L0003X,tier_1_primary_pharmacy,Y,Y,
1902913213,"MANGUM ROAD PHARMACY, INC.",2855 MANGUM RD STE 109,,HOUSTON,TX,770927498,7136826565,CORP PRESIDENT,3336C0003X,tier_1_primary_pharmacy,Y,Y,
1073620399,"KIMCO HEALTHCARE, INC.",211 FM 1960 RD W STE D,,HOUSTON,TX,770903536,2815832220,CORP PRES,3336C0003X,tier_1_primary_pharmacy,Y,Y,
1932216199,"H-E-B, LP",450 E TRAVIS ST,,LA GRANGE,TX,78945,9799688677,GOVERNMENT PROGRAMS MANAGER,333600000X|3336C0003X,tier_1_primary_pharmacy,Y,N,H-E-B
1255448296,ELLIOTT PHARMACY INC.,14077 FM 849,,LINDALE,TX,757715160,9038823312,OWNER,3336C0003X,tier_1_primary_pharmacy,Y,Y,
1346357324,MORTAR & PESTLE INC,806 E AVENUE D,SUITE A,COPPERAS COVE,TX,765222284,2545474146,PHARMACIST  PRES,3336C0003X,tier_1_primary_pharmacy,Y,Y,
1083721724,"H-E-B, LP",16900 N FM 620,,ROUND ROCK,TX,78681,5122387905,GOVERNMENT PROGRAMS MANAGER,333600000X|3336C0003X,tier_1_primary_pharmacy,Y,N,H-E-B
1215044912,TCJ LEASING INC,165 S 9TH ST,SUITE A,SLATON,TX,793644121,8068286590,PRESIDENT,333600000X|3336C0003X,tier_1_primary_pharmacy,Y,Y,
1881702512,RICHARDSON HUNTER ENTERPRISES INC,5740 W LITTLE YORK RD,,HOUSTON,TX,770911112,2814477648,OWNER/CHIEF PHARMACIST,3336C0003X,tier_1_primary_pharmacy,Y,Y,
1548378227,KV EARLY IND,680 PAREDES LINE RD,,BROWNSVILLE,TX,785212482,9565426050,OWNER,333600000X|3336C0003X,tier_1_primary_pharmacy,Y,Y,
1528175387,JAMES MCCOY DRUG STORE INC,839 N JUDGE ELY BLVD,,ABILENE,TX,796014624,3256772300,PRES,3336C0004X|333600000X|3336C0003X,tier_1_primary_pharmacy,Y,Y,
1174631667,TOMELDON CORPORATION,2220 W PARK ROW DR STE A,,ARLINGTON,TX,76013,8172740050,PRESIDENT,3336C0003X,tier_1_primary_pharmacy,Y,Y,
1578671673,JIM BOB EVERETT,417 HIGHWAY 277 N,,SONORA,TX,769502204,3253872541,OWNER/PIC,3336C0003X,tier_1_primary_pharmacy,Y,Y,
1730298704,"H-E-B, LP",603 LOUIS HENNA BLVD BLDG A,,ROUND ROCK,TX,78664,5128280814,GOVERNMENT PROGRAMS MANAGER,333600000X|3336C0003X,tier_1_primary_pharmacy,Y,N,H-E-B
1275642241,"H-E-B, LP",4955 HIGHWAY 6 N,,HOUSTON,TX,77084,2814639148,GOVERNMENT PROGRAMS MANAGER,333600000X|3336C0003X,tier_1_primary_pharmacy,Y,N,H-E-B
1356450324,"H-E-B, LP",200 E GRIFFIN PKWY,,MISSION,TX,78572,9564247920,GOVERNMENT PROGRAMS MANAGER,333600000X|3336C0003X,tier_1_primary_pharmacy,Y,N,H-E-B
1619086683,"H-E-B, LP",6960 BARKER CYPRESS RD,,HOUSTON,TX,77084,2813451303,DIRECTOR OF THIRD PARTY AFFAIRS,333600000X|3336C0003X,tier_1_primary_pharmacy,Y,N,H-E-B
1437268406,"H-E-B, LP",1520 AUSTIN HWY,,SAN ANTONIO,TX,78218,2108286871,GOVERNMENT PROGRAMS MANAGER,333600000X|3336C0003X,tier_1_primary_pharmacy,Y,N,H-E-B
1346359312,"H-E-B, LP",9414 N LAMAR BLVD,,AUSTIN,TX,78753,5128379580,GOVERNMENT PROGRAMS MANAGER,333600000X|3336C0003X,tier_1_primary_pharmacy,Y,N,H-E-B
1790894764,"H-E-B, LP",4821 BROADWAY ST,,SAN ANTONIO,TX,78209,2108240515,GOVERNMENT PROGRAMS MANAGER,333600000X|3336C0003X,tier_1_primary_pharmacy,Y,N,H-E-B
1326157397,"H-E-B, LP",641 E HOPKINS ST,,SAN MARCOS,TX,78666,5123962892,GOVERNMENT PROGRAMS MANAGER,333600000X|3336C0003X,tier_1_primary_pharmacy,Y,N,H-E-B
1144339110,"H-E-B, LP",9900 WURZBACH RD,,SAN ANTONIO,TX,78230,2106961073,GOVERNMENT PROGRAMS MANAGER,333600000X|3336C0003X,tier_1_primary_pharmacy,Y,N,H-E-B
1326157306,"H-E-B, LP",2310 E SAUNDERS ST,,LAREDO,TX,78041,9567241141,GOVERNMENT PROGRAMS MANAGER,333600000X|3336C0003X,tier_1_primary_pharmacy,Y,N,H-E-B
1316056393,"H-E-B, LP",6000 WEST AVE,,CASTLE HILLS,TX,78213,2103413875,GOVERNMENT PROGRAMS MANAGER,333600000X|3336C0003X,tier_1_primary_pharmacy,Y,N,H-E-B
1134238116,"H-E-B, LP",3200 N 10TH ST,,MCALLEN,TX,78501,9566313148,GOVERNMENT PROGRAMS MANAGER,333600000X|3336C0003X,tier_1_primary_pharmacy,Y,N,H-E-B
1952410938,"H-E-B, LP",2929 THOUSAND OAKS DR,,SAN ANTONIO,TX,78247,2104919976,GOVERNMENT PROGRAMS MANAGER,333600000X|3336C0003X,tier_1_primary_pharmacy,Y,N,H-E-B
1306955380,"H-E-B, LP",2250 BOCA CHICA BLVD,,BROWNSVILLE,TX,78520,9565410384,GOVERNMENT PROGRAMS MANAGER,333600000X|3336C0003X,tier_1_primary_pharmacy,Y,N,H-E-B
1215046297,"H-E-B, LP",200 US EXPRESSWAY 83,,MCALLEN,TX,78501,9566302911,GOVERNMENT PROGRAMS MANAGER,333600000X|3336C0003X,tier_1_primary_pharmacy,Y,N,H-E-B
1235248642,"H-E-B, LP",1211 E FRONTAGE RD,,ALAMO,TX,78516,9567027550,GOVERNMENT PROGRAMS MANAGER,333600000X|3336C0003X,tier_1_primary_pharmacy,Y,N,H-E-B
1053420463,"H-E-B, LP",403 S COLORADO ST,,LOCKHART,TX,78644,5123986797,GOVERNMENT PROGRAMS MANAGER,333600000X|3336C0003X,tier_1_primary_pharmacy,Y,N,H-E-B
1871602284,"H-E-B, LP",200 W HOPKINS,,SAN MARCOS,TX,78666,5123960303,GOVERNMENT PROGRAMS MANAGER,333600000X|3336C0003X,tier_1_primary_pharmacy,Y,N,H-E-B
1326157744,"H-E-B, LP",925 10TH ST,,FLORESVILLE,TX,78114,8303938098,GOVERNMENT PROGRAMS MANAGER,333600000X|3336C0003X,tier_1_primary_pharmacy,Y,N,H-E-B
1033228457,"H-E-B, LP",108 N ROSILLO ST,,SAN ANTONIO,TX,78207,2102270211,GOVERNMENT PROGRAMS MANAGER,333600000X|3336C0003X,tier_1_primary_pharmacy,Y,N,H-E-B
1851400279,"H-E-B, LP",310 N WESTGATE DR,,WESLACO,TX,78596,9564475912,GOVERNMENT PROGRAMS MANAGER,333600000X|3336C0003X,tier_1_primary_pharmacy,Y,N,H-E-B
1023127446,"H-E-B, LP",100 E HOUSTON ST,,BEEVILLE,TX,78102,3613583737,GOVERNMENT PROGRAMS MANAGER,333600000X|3336C0003X,tier_1_primary_pharmacy,Y,N,H-E-B
1841309267,"H-E-B, LP",20725 HIGHWAY 46 W,,SPRING BRANCH,TX,78070,8304384010,GOVERNMENT PROGRAMS MANAGER,333600000X|3336C0003X,tier_1_primary_pharmacy,Y,N,H-E-B
1578672994,"H-E-B, LP",5895 SAN FELIPE ST,,HOUSTON,TX,77057,7132788474,GOVERNMENT PROGRAMS MANAGER,333600000X|3336C0003X,tier_1_primary_pharmacy,Y,N,H-E-B
1295844611,"H-E-B, LP",6210 FAIRMONT PKWY,,PASADENA,TX,77505,2814876170,GOVERNMENT PROGRAMS MANAGER,333600000X|3336C0003X,tier_1_primary_pharmacy,Y,N,H-E-B
1639288053,"H-E-B, LP",11815 WESTHEIMER RD,,HOUSTON,TX,77077,2814978479,GOVERNMENT PROGRAMS MANAGER,333600000X|3336C0003X,tier_1_primary_pharmacy,Y,N,H-E-B
1457460875,"H-E-B, LP",101 E GOODNIGHT AVE,,ARANSAS PASS,TX,78336,3617589565,GOVERNMENT PROGRAMS MANAGER,333600000X|3336C0003X,tier_1_primary_pharmacy,Y,N,H-E-B
1992814313,"H-E-B, LP",1900 TEXAS AVE S,,COLLEGE STATION,TX,77840,9796931238,GOVERNMENT PROGRAMS MANAGER,333600000X|3336C0003X,tier_1_primary_pharmacy,Y,N,H-E-B
1538278957,"H-E-B, LP",1409 HWY 35 NORTH BUSINESS,,ROCKPORT,TX,78382,3617291105,GOVERNMENT PROGRAMS MANAGER,333600000X|3336C0003X,tier_1_primary_pharmacy,Y,N,H-E-B
1265541684,"H-E-B, LP",20935 US HIGHWAY 281 N,,SAN ANTONIO,TX,78258,2104912450,GOVERNMENT PROGRAMS MANAGER,333600000X|3336C0003X,tier_1_primary_pharmacy,Y,N,H-E-B
1164531588,"H-E-B, LP",210 W DEL MAR BLVD,,LAREDO,TX,78041,9567123251,GOVERNMENT PROGRAMS MANAGER,333600000X|3336C0003X,tier_1_primary_pharmacy,Y,N,H-E-B
1801905237,"H-E-B, LP",5425 S PADRE ISLAND DR,,CORPUS CHRISTI,TX,78411,3619926996,GOVERNMENT PROGRAMS MANAGER,333600000X|3336C0003X,tier_1_primary_pharmacy,Y,N,H-E-B
1083723415,"H-E-B, LP",14087 O CONNOR,,SAN ANTONIO,TX,78247,2106370033,GOVERNMENT PROGRAMS MANAGER,333600000X|3336C0003X,tier_1_primary_pharmacy,Y,N,H-E-B
1700995131,"H-E-B, LP",5808 BURNET RD,,AUSTIN,TX,78756,5124546691,GOVERNMENT PROGRAMS MANAGER,333600000X|3336C0003X,tier_1_primary_pharmacy,Y,N,H-E-B
1528177953,"H-E-B, LP",1301 WOODED ACRES DR,,WACO,TX,76710,2547761027,GOVERNMENT PROGRAMS MANAGER,333600000X|3336C0003X,tier_1_primary_pharmacy,Y,N,H-E-B
1407965841,"H-E-B, LP",6106 N NAVARRO ST,,VICTORIA,TX,77904,3615728575,GOVERNMENT PROGRAMS MANAGER,333600000X|3336C0003X,tier_1_primary_pharmacy,Y,N,H-E-B
1588773923,"H-E-B, LP",1314 W ADAMS AVE,,TEMPLE,TX,76504,2547734585,GOVERNMENT PROGRAMS MANAGER,333600000X|3336C0003X,tier_1_primary_pharmacy,Y,N,H-E-B
1174632517,"H-E-B, LP",7025 VILLAGE CENTER DR,,AUSTIN,TX,78731,5125028801,GOVERNMENT PROGRAMS MANAGER,333600000X|3336C0003X,tier_1_primary_pharmacy,Y,N,H-E-B
1578672556,"H-E-B, LP",820 S CONWAY,,MISSION,TX,78572,9565812173,GOVERNMENT PROGRAMS MANAGER,333600000X|3336C0003X,tier_1_primary_pharmacy,Y,N,H-E-B
1295844272,"H-E-B, LP",7951 GUILBEAU RD,,SAN ANTONIO,TX,78250,2105230481,GOVERNMENT PROGRAMS MANAGER,333600000X|3336C0003X,tier_1_primary_pharmacy,Y,N,H-E-B
1770692196,"H-E-B, LP",2155 PAREDES LINE RD,,BROWNSVILLE,TX,78521,9565749707,GOVERNMENT PROGRAMS MANAGER,333600000X|3336C0003X,tier_1_primary_pharmacy,Y,N,H-E-B
1497864813,"H-E-B, LP",701 E MILAM ST,,MEXIA,TX,76667,2545625123,GOVERNMENT PROGRAMS MANAGER,333600000X|3336C0003X,tier_1_primary_pharmacy,Y,N,H-E-B
1215046636,"H-E-B, LP",1150 N FM 1604 WEST,,SAN ANTONIO,TX,78248,2104088145,GOVERNMENT PROGRAMS MANAGER,333600000X|3336C0003X,tier_1_primary_pharmacy,Y,N,H-E-B
1659480077,"H-E-B, LP",1550 FRY RD,,HOUSTON,TX,77084,2818292565,GOVERNMENT PROGRAMS MANAGER,333600000X|3336C0003X,tier_1_primary_pharmacy,Y,N,H-E-B
1477662898,"H-E-B, LP",1621 S MASON RD,,KATY,TX,77450,5125990958,GOVERNMENT PROGRAMS MANAGER,333600000X|3336C0003X,tier_1_primary_pharmacy,Y,N,H-E-B
1467561886,"H-E-B, LP",4500 FM 2338,,GEORGETOWN,TX,78628,5128681273,GOVERNMENT PROGRAMS MANAGER,333600000X|3336C0003X,tier_1_primary_pharmacy,Y,N,H-E-B
1083723407,"H-E-B, LP",24165 IH 10 W STE 300,,SAN ANTONIO,TX,78257,2106871072,GOVERNMENT PROGRAMS MANAGER,333600000X|3336C0003X,tier_1_primary_pharmacy,Y,N,H-E-B
1700995123,"H-E-B, LP",407 S ADAMS ST,,FREDERICKSBURG,TX,78624,8309978809,GOVERNMENT PROGRAMS MANAGER,333600000X|3336C0003X,tier_1_primary_pharmacy,Y,N,H-E-B
1528177946,"H-E-B, LP",8503 NW MILITARY HWY,,SAN ANTONIO,TX,78230,2104794350,GOVERNMENT PROGRAMS MANAGER,333600000X|3336C0003X,tier_1_primary_pharmacy,Y,N,H-E-B
1871602201,"H-E-B, LP",901 TRENTON RD,,MCALLEN,TX,78504,9566181889,GOVERNMENT PROGRAMS MANAGER,333600000X|3336C0003X,tier_1_primary_pharmacy,Y,N,H-E-B
1598874927,"H-E-B, LP",7310 LOUETTA,,SPRING,TX,77379,2812510255,GOVERNMENT PROGRAMS MANAGER,333600000X|3336C0003X,tier_1_primary_pharmacy,Y,N,H-E-B
1225147655,"H-E-B, LP",901 W EXPRESSWAY 83,,SAN JUAN,TX,78589,9567831275,GOVERNMENT PROGRAMS MANAGER,333600000X|3336C0003X,tier_1_primary_pharmacy,Y,N,H-E-B
1043329477,"H-E-B, LP",10777 KUYKENDAHL RD,,THE WOODLANDS,TX,77382,2812928026,GOVERNMENT PROGRAMS MANAGER,333600000X|3336C0003X,tier_1_primary_pharmacy,Y,N,H-E-B
1497864821,"H-E-B, LP",2108 N FRAZIER ST,,CONROE,TX,77301,9367561435,GOVERNMENT PROGRAMS MANAGER,333600000X|3336C0003X,tier_1_primary_pharmacy,Y,N,H-E-B
1255440681,"H-E-B, LP",1300 S CAGE BLVD,,PHARR,TX,78577,9567816626,GOVERNMENT PROGRAMS MANAGER,333600000X|3336C0003X,tier_1_primary_pharmacy,Y,N,H-E-B
1982713319,"H-E-B, LP",300 MAIN ST,,KERRVILLE,TX,780285208,8308960227,GOVERNMENT PROGRAMS MANAGER,333600000X|3336C0003X,tier_1_primary_pharmacy,Y,N,H-E-B
1225147663,"H-E-B, LP",201 S 15TH ST,,CORSICANA,TX,75110,9038746546,GOVERNMENT PROGRAMS MANAGER,333600000X|3336C0003X,tier_1_primary_pharmacy,Y,N,H-E-B
1043329485,"H-E-B, LP",101 CALHOUN PLZ,,PORT LAVACA,TX,77979,3615524563,GOVERNMENT PROGRAMS MANAGER,333600000X|3336C0003X,tier_1_primary_pharmacy,Y,N,H-E-B
1679682017,"H-E-B, LP",1010 W UNIVERSITY AVE,,GEORGETOWN,TX,78626,5128694287,THIRD PARTY CLAIMS ANALYST II,333600000X|3336C0003X,tier_1_primary_pharmacy,Y,N,H-E-B
1841309283,"H-E-B, LP",800 N HIGHWAY 77,,WAXAHACHIE,TX,75165,9729232297,GOVERNMENT PROGRAMS MANAGER,333600000X|3336C0003X,tier_1_primary_pharmacy,Y,N,H-E-B
1366551707,"H-E-B, LP",2000 S GREGG ST,,BIG SPRING,TX,79720,4322633020,GOVERNMENT PROGRAMS MANAGER,333600000X|3336C0003X,tier_1_primary_pharmacy,Y,N,H-E-B
1710096151,"H-E-B, LP",100 CARLOS G PARKER BLVD NW STE 101,,TAYLOR,TX,76574,5123522024,GOVERNMENT PROGRAMS MANAGER,333600000X|3336C0003X,tier_1_primary_pharmacy,Y,N,H-E-B
1700995156,"H-E-B, LP",3325 W WADLEY AVE,,MIDLAND,TX,79707,4326971484,GOVERNMENT PROGRAMS MANAGER,333600000X|3336C0003X,tier_1_primary_pharmacy,Y,N,H-E-B
1699884007,"H-E-B, LP",17460 IH 35 N,,SCHERTZ,TX,78154,2106514148,GOVERNMENT PROGRAMS MANAGER,333600000X|3336C0003X,tier_1_primary_pharmacy,Y,N,H-E-B
1144339565,"H-E-B, LP",306 N MECHANIC ST,,EL CAMPO,TX,77437,9795788609,GOVERNMENT PROGRAMS MANAGER,333600000X|3336C0003X,tier_1_primary_pharmacy,Y,N,H-E-B
1285743609,"H-E-B, LP",10660 W FM 471,,SAN ANTONIO,TX,78251,2106841234,GOVERNMENT PROGRAMS MANAGER,333600000X|3336C0003X,tier_1_primary_pharmacy,Y,N,H-E-B
1811006232,"H-E-B, LP",1505 E RIO GRANDE ST,,VICTORIA,TX,77901,3615728001,GOVERNMENT PROGRAMS MANAGER,333600000X|3336C0003X,tier_1_primary_pharmacy,Y,N,H-E-B
1275642696,"H-E-B, LP",7405 FM 1960 RD E,,HUMBLE,TX,77346,2818124729,GOVERNMENT PROGRAMS MANAGER,333600000X|3336C0003X,tier_1_primary_pharmacy,Y,N,H-E-B
1356450779,"H-E-B, LP",999 E BASSE RD STE 150,,SAN ANTONIO,TX,78209,2108220270,GOVERNMENT PROGRAMS MANAGER,333600000X|3336C0003X,tier_1_primary_pharmacy,Y,N,H-E-B
1346359767,"H-E-B, LP",12018 PERRIN BEITEL RD,,SAN ANTONIO,TX,78217,2106559542,GOVERNMENT PROGRAMS MANAGER,333600000X|3336C0003X,tier_1_primary_pharmacy,Y,N,H-E-B
1427167857,"H-E-B, LP",104 HASLER BLVD,,BASTROP,TX,78602,5123211033,GOVERNMENT PROGRAMS MANAGER,333600000X|3336C0003X,tier_1_primary_pharmacy,Y,N,H-E-B
1245349679,"H-E-B, LP",2511 TRIMMIER ROAD STE 100,,KILLEEN,TX,76542,2546342370,GOVERNMENT PROGRAMS MANAGER,333600000X|3336C0003X,tier_1_primary_pharmacy,Y,N,H-E-B
1326157751,"H-E-B, LP",2800 E WHITESTONE BLVD,,CEDAR PARK,TX,78613,5125280150,GOVERNMENT PROGRAMS MANAGER,333600000X|3336C0003X,tier_1_primary_pharmacy,Y,N,H-E-B
1861501298,"H-E-B, LP",9100 WOODWAY DR,,WOODWAY,TX,76712,2547510912,GOVERNMENT PROGRAMS MANAGER,333600000X|3336C0003X,tier_1_primary_pharmacy,Y,N,H-E-B
1033228465,"H-E-B, LP",2955 S GULF FREEWAY,,LEAGUE CITY,TX,77573,2813375210,GOVERNMENT PROGRAMS MANAGER,333600000X|3336C0003X,tier_1_primary_pharmacy,Y,N,H-E-B
1649389073,"H-E-B, LP",735 SW MILITARY DR,,SAN ANTONIO,TX,78221,2109276875,GOVERNMENT PROGRAMS MANAGER,333600000X|3336C0003X,tier_1_primary_pharmacy,Y,N,H-E-B
1467561894,"H-E-B, LP",2118 FREDERICKSBURG RD,,SAN ANTONIO,TX,78201,2107372040,GOVERNMENT PROGRAMS MANAGER,333600000X|3336C0003X,tier_1_primary_pharmacy,Y,N,H-E-B
1285743617,"H-E-B, LP",11551 WEST AVE,,SAN ANTONIO,TX,78213,2103407786,GOVERNMENT PROGRAMS MANAGER,333600000X|3336C0003X,tier_1_primary_pharmacy,Y,N,H-E-B
1902915333,"H-E-B, LP",6900 BRODIE LN,,AUSTIN,TX,78745,5128918906,GOVERNMENT PROGRAMS MANAGER,333600000X|3336C0003X,tier_1_primary_pharmacy,Y,N,H-E-B
1629187059,"H-E-B, LP",14028 N US 183,,AUSTIN,TX,78717,5123358821,GOVERNMENT PROGRAMS MANAGER,333600000X|3336C0003X,tier_1_primary_pharmacy,Y,N,H-E-B
1447369871,"H-E-B, LP",1340 E COURT ST,,SEGUIN,TX,78155,8303790160,GOVERNMENT PROGRAMS MANAGER,333600000X|3336C0003X,tier_1_primary_pharmacy,Y,N,H-E-B
1518076959,"H-E-B, LP",2509 N MAIN ST,,BELTON,TX,76513,2549390843,GOVERNMENT PROGRAMS MANAGER,333600000X|3336C0003X,tier_1_primary_pharmacy,Y,N,H-E-B
1336258771,"H-E-B, LP",12407 NORTH MOPAC EXWY,,AUSTIN,TX,78758,5123396644,GOVERNMENT PROGRAMS MANAGER,333600000X|3336C0003X,tier_1_primary_pharmacy,Y,N,H-E-B
1104935543,"H-E-B, LP",2700 7TH ST,,BAY CITY,TX,77414,9792451881,GOVERNMENT PROGRAMS MANAGER,333600000X|3336C0003X,tier_1_primary_pharmacy,Y,N,H-E-B
1740399187,"H-E-B, LP",721 CASTROVILLE RD,,SAN ANTONIO,TX,78237,2104366465,GOVERNMENT PROGRAMS MANAGER,333600000X|3336C0003X,tier_1_primary_pharmacy,Y,N,H-E-B
1386753721,"H-E-B, LP",6580 FM 78,,SAN ANTONIO,TX,78244,2106661212,GOVERNMENT PROGRAMS MANAGER,333600000X|3336C0003X,tier_1_primary_pharmacy,Y,N,H-E-B
1003925447,"H-E-B, LP",219 W OAKLAWN RD,,PLEASANTON,TX,78064,8302818190,GOVERNMENT PROGRAMS MANAGER,333600000X|3336C0003X,tier_1_primary_pharmacy,Y,N,H-E-B
1730298175,"H-E-B, LP",7112 ED BLUESTEIN BLVD,,AUSTIN,TX,78723,5129260586,GOVERNMENT PROGRAMS MANAGER,333600000X|3336C0003X,tier_1_primary_pharmacy,Y,N,H-E-B
1558470997,"H-E-B, LP",5601 BANDERA RD,,SAN ANTONIO,TX,78238,2106472709,GOVERNMENT PROGRAMS MANAGER,333600000X|3336C0003X,tier_1_primary_pharmacy,Y,N,H-E-B
1285743625,"H-E-B, LP",3301 SHERWOOD WAY,,SAN ANGELO,TX,76901,3259420454,GOVERNMENT PROGRAMS MANAGER,333600000X|3336C0003X,tier_1_primary_pharmacy,Y,N,H-E-B
1902915341,"H-E-B, LP",1345 BARROW ST,,ABILENE,TX,79605,3256905011,GOVERNMENT PROGRAMS MANAGER,333600000X|3336C0003X,tier_1_primary_pharmacy,Y,N,H-E-B
1639288079,"H-E-B, LP",2135 E MAIN ST,,EAGLE PASS,TX,78852,8307730420,GOVERNMENT PROGRAMS MANAGER,333600000X|3336C0003X,tier_1_primary_pharmacy,Y,N,H-E-B
1134238363,H & J PHARMACY LLC,401 W. WALLACE,,SAN SABA,TX,76877,3253723033,OWNER/MANAGER,3336C0003X,tier_1_primary_pharmacy,Y,Y,
1417066820,"H-E-B, LP",609 19TH ST,,HONDO,TX,78861,8304265312,GOVERNMENT PROGRAMS MANAGER,333600000X|3336C0003X,tier_1_primary_pharmacy,Y,N,H-E-B
1780793190,"H-E-B, LP",12400 STATE HWY 71 WEST STE 100,,BEE CAVE,TX,78738,5122630561,GOVERNMENT PROGRAMS MANAGER,333600000X|3336C0003X,tier_1_primary_pharmacy,Y,N,H-E-B
1508975921,"H-E-B, LP",2700 W FREDDY GONZALEZ DR,,EDINBURG,TX,78539,9563834165,GOVERNMENT PROGRAMS MANAGER,333600000X|3336C0003X,tier_1_primary_pharmacy,Y,N,H-E-B
1235248659,"H-E-B, LP",19337 MCDONALD ST,,LYTLE,TX,780523622,8307725748,GOVERNMENT PROGRAMS MANAGER,333600000X|3336C0003X,tier_1_primary_pharmacy,Y,N,H-E-B
1962511386,"H-E-B, LP",105 S BOUNDARY ST,,BURNET,TX,78611,5127150701,GOVERNMENT PROGRAMS MANAGER,333600000X|3336C0003X,tier_1_primary_pharmacy,Y,N,H-E-B
1780793109,"H-E-B, LP",725 E VILLA MARIA RD STE 1300,,BRYAN,TX,77802,9798221850,GOVERNMENT PROGRAMS MANAGER,333600000X|3336C0003X,tier_1_primary_pharmacy,Y,N,H-E-B
1407965825,"H-E-B, LP",7811 MCPHERSON RD,,LAREDO,TX,78045,9567128053,GOVERNMENT PROGRAMS MANAGER,333600000X|3336C0003X,tier_1_primary_pharmacy,Y,N,H-E-B
1225147648,"H-E-B, LP",2206 W PALMA VISTA DR,,PALMVIEW,TX,78572,9565853959,GOVERNMENT PROGRAMS MANAGER,333600000X|3336C0003X,tier_1_primary_pharmacy,Y,N,H-E-B
1043329469,"H-E-B, LP",7301 N FM 620,,AUSTIN,TX,78726,5123367706,GOVERNMENT PROGRAMS MANAGER,333600000X|3336C0003X,tier_1_primary_pharmacy,Y,N,H-E-B
1861501280,"H-E-B, LP",9238 N LOOP 1604 W,,SAN ANTONIO,TX,78249,2106823419,GOVERNMENT PROGRAMS MANAGER,333600000X|3336C0003X,tier_1_primary_pharmacy,Y,N,H-E-B
1679682090,"H-E-B, LP",6520 FRATT RD STE 101,,SAN ANTONIO,TX,782184486,2109389734,GOVERNMENT PROGRAMS MANAGER,333600000X,tier_1_primary_pharmacy,Y,N,H-E-B
1396854717,"H-E-B, LP",201 FM 685,,PFLUGERVILLE,TX,78660,5122519037,GOVERNMENT PROGRAMS MANAGER,333600000X|3336C0003X,tier_1_primary_pharmacy,Y,N,H-E-B
1669581088,"H-E-B, LP",3033 S PORT AVE,,CORPUS CHRISTI,TX,78405,3618830875,GOVERNMENT PROGRAMS MANAGER,333600000X|3336C0003X,tier_1_primary_pharmacy,Y,N,H-E-B
1013026434,"H-E-B, LP",15300 S IH 35,,BUDA,TX,78610,5123120907,GOVERNMENT PROGRAMS MANAGER,333600000X|3336C0003X,tier_1_primary_pharmacy,Y,N,H-E-B
1831208255,"H-E-B, LP",2150 W WASHINGTON ST,,STEPHENVILLE,TX,76401,2549652267,GOVERNMENT PROGRAMS MANAGER,333600000X|3336C0003X,tier_1_primary_pharmacy,Y,N,H-E-B
1033228275,AMRY LLC,1810 MURCHISON DR,230,EL PASO,TX,799022906,9155452679,CEO,333600000X|3336C0003X,tier_1_primary_pharmacy,Y,Y,
1154430122,"H-E-B, LP",9595 SIX PINES DR,,THE WOODLANDS,TX,77380,2812923962,GOVERNMENT PROGRAMS MANAGER,333600000X|3336C0003X,tier_1_primary_pharmacy,Y,N,H-E-B
1063521037,"H-E-B, LP",11521 NORTH FM 620 BUILDING A,,AUSTIN,TX,78726,5122490577,GOVERNMENT PROGRAMS MANAGER,333600000X|3336C0003X,tier_1_primary_pharmacy,Y,N,H-E-B
1972612943,"H-E-B, LP",1700 E PALM VALLEY BLVD,,ROUND ROCK,TX,78664,5122550617,GOVERNMENT PROGRAMS MANAGER,333600000X|3336C0003X,tier_1_primary_pharmacy,Y,N,H-E-B
1699884668,"H-E-B, LP",5313 SARATOGA BLVD,,CORPUS CHRISTI,TX,78413,3619931351,GOVERNMENT PROGRAMS MANAGER,333600000X|3336C0003X,tier_1_primary_pharmacy,Y,N,H-E-B
1033228010,"H-E-B, LP",3323 SE MILITARY DR,,SAN ANTONIO,TX,78223,2103331031,GOVERNMENT PROGRAMS MANAGER,333600000X|3336C0003X,tier_1_primary_pharmacy,Y,N,H-E-B
1194834515,"H-E-B, LP",4724 HIGHWAY 6,,MISSOURI CITY,TX,77459,2814031861,GOVERNMENT PROGRAMS MANAGER,333600000X|3336C0003X,tier_1_primary_pharmacy,Y,N,H-E-B
1821107244,"H-E-B, LP",1080 WEST HWY 290,,ELGIN,TX,78621,5122854719,GOVERNMENT PROGRAMS MANAGER,333600000X|3336C0003X,tier_1_primary_pharmacy,Y,N,H-E-B
1649389065,"H-E-B, LP",500 CANYON RIDGE DR,,AUSTIN,TX,78753,5129738753,GOVERNMENT PROGRAMS MANAGER,333600000X|3336C0003X,tier_1_primary_pharmacy,Y,N,H-E-B
1710096136,"H-E-B, LP",3111 WOODRIDGE DR STE 500,,HOUSTON,TX,77087,7138470071,GOVERNMENT PROGRAMS MANAGER,333600000X|3336C0003X,tier_1_primary_pharmacy,Y,N,H-E-B
1790894111,"H-E-B, LP",10100 BEECHNUT ST,,HOUSTON,TX,77072,2815645209,GOVERNMENT PROGRAMS MANAGER,333600000X|3336C0003X,tier_1_primary_pharmacy,Y,N,H-E-B
1518076934,"H-E-B, LP",701 W PARKWOOD AVE,,FRIENDSWOOD,TX,77546,2819969971,GOVERNMENT PROGRAMS MANAGER,333600000X|3336C0003X,tier_1_primary_pharmacy,Y,N,H-E-B
1336258755,"H-E-B, LP",801 N IH 35,,WACO,TX,76705,2547990219,GOVERNMENT PROGRAMS MANAGER,333600000X|3336C0003X,tier_1_primary_pharmacy,Y,N,H-E-B
1154430577,"H-E-B, LP",19900 SOUTHWEST FWY,,SUGAR LAND,TX,77479,2812392055,GOVERNMENT PROGRAMS MANAGER,333600000X|3336C0003X,tier_1_primary_pharmacy,Y,N,H-E-B
1972612398,"H-E-B, LP",130 SAWDUST RD,,SPRING,TX,77380,2812920774,GOVERNMENT PROGRAMS MANAGER,333600000X|3336C0003X,tier_1_primary_pharmacy,Y,N,H-E-B
1881703205,"H-E-B, LP",2314 S ZAPATA HWY,,LAREDO,TX,78046,9567950700,GOVERNMENT PROGRAMS MANAGER,333600000X|3336C0003X,tier_1_primary_pharmacy,Y,N,H-E-B
1609985035,"H-E-B, LP",910 KITTY HAWK RD,,UNIVERSAL CITY,TX,78148,2109452120,GOVERNMENT PROGRAMS MANAGER,333600000X|3336C0003X,tier_1_primary_pharmacy,Y,N,H-E-B
1063521490,"H-E-B, LP",4800 HWY 365,,PORT ARTHUR,TX,77642,4097224066,GOVERNMENT PROGRAMS MANAGER,333600000X|3336C0003X,tier_1_primary_pharmacy,Y,N,H-E-B
1881703213,"H-E-B, LP",10251 KEMPWOOD DR,,HOUSTON,TX,77043,7139960449,GOVERNMENT PROGRAMS MANAGER,333600000X|3336C0003X,tier_1_primary_pharmacy,Y,N,H-E-B
1508975939,"H-E-B, LP",4517 KINGWOOD DRIVE,,KINGWOOD,TX,77345,2813610083,GOVERNMENT PROGRAMS MANAGER,333600000X|3336C0003X,tier_1_primary_pharmacy,Y,N,H-E-B
1962511394,"H-E-B, LP",1015 SWW WHITE RD,,SAN ANTONIO,TX,78220,2103377549,GOVERNMENT PROGRAMS MANAGER,333600000X|3336C0003X,tier_1_primary_pharmacy,Y,N,H-E-B
1316056740,"H-E-B, LP",28520 TOMBALL PKWY,,TOMBALL,TX,77375,2813511972,GOVERNMENT PROGRAMS MANAGER,333600000X|3336C0003X,tier_1_primary_pharmacy,Y,N,H-E-B
1215046644,"H-E-B, LP",1600 WILDCAT DR,,PORTLAND,TX,78374,3616431514,GOVERNMENT PROGRAMS MANAGER,333600000X|3336C0003X,tier_1_primary_pharmacy,Y,N,H-E-B
1760591192,"H-E-B, LP",227 E MAIN ST,,UVALDE,TX,78801,8302782581,GOVERNMENT PROGRAMS MANAGER,333600000X|3336C0003X,tier_1_primary_pharmacy,Y,N,H-E-B
1396854725,"H-E-B, LP",5800 W SLAUGHTER LN,,AUSTIN,TX,78749,5123019772,GOVERNMENT PROGRAMS MANAGER,333600000X|3336C0003X,tier_1_primary_pharmacy,Y,N,H-E-B
1114036548,"H-E-B, LP",6607 S IH 35,,AUSTIN,TX,78744,5124413692,GOVERNMENT PROGRAMS MANAGER,333600000X|3336C0003X,tier_1_primary_pharmacy,Y,N,H-E-B
1932218369,"H-E-B, LP",5801 WEBER RD,,CORPUS CHRISTI,TX,78413,3618548441,GOVERNMENT PROGRAMS MANAGER,333600000X|3336C0003X,tier_1_primary_pharmacy,Y,N,H-E-B
1750490181,"H-E-B, LP",6030 MONTGOMERY RD,,SAN ANTONIO,TX,78239,2106570322,GOVERNMENT PROGRAMS MANAGER,333600000X|3336C0003X,tier_1_primary_pharmacy,Y,N,H-E-B
1487763819,"H-E-B, LP",15000 SAN PEDRO,,SAN ANTONIO,TX,78232,2104943203,GOVERNMENT PROGRAMS MANAGER,333600000X|3336C0003X,tier_1_primary_pharmacy,Y,N,H-E-B
1104935535,"H-E-B, LP",11158 LEOPARD ST,,CORPUS CHRISTI,TX,78410,3612410378,GOVERNMENT PROGRAMS MANAGER,333600000X|3336C0003X,tier_1_primary_pharmacy,Y,N,H-E-B
1831208263,"H-E-B, LP",4100 S NEW BRAUNFELS AVE,,SAN ANTONIO,TX,78223,2105313160,GOVERNMENT PROGRAMS MANAGER,333600000X|3336C0003X,tier_1_primary_pharmacy,Y,N,H-E-B
1659480085,"H-E-B, LP",2130 CULEBRA RD,,SAN ANTONIO,TX,78228,2107371040,GOVERNMENT PROGRAMS MANAGER,333600000X|3336C0003X,tier_1_primary_pharmacy,Y,N,H-E-B
1477662807,"H-E-B, LP",6818 S ZARZAMORA ST,,SAN ANTONIO,TX,78224,2109274596,GOVERNMENT PROGRAMS MANAGER,333600000X|3336C0003X,tier_1_primary_pharmacy,Y,N,H-E-B
1912016346,"H-E-B, LP",8219 MARBACH RD,,SAN ANTONIO,TX,78227,2106733230,GOVERNMENT PROGRAMS MANAGER,333600000X|3336C0003X,tier_1_primary_pharmacy,Y,N,H-E-B
1720197155,"H-E-B, LP",409 E KLEBERG AVE,,KINGSVILLE,TX,78363,3615955641,GOVERNMENT PROGRAMS MANAGER,333600000X|3336C0003X,tier_1_primary_pharmacy,Y,N,H-E-B
1548379977,"H-E-B, LP",651 S WALNUT,,NEW BRAUNFELS,TX,78130,8306091944,MANAGING DIRECTOR OF PHARMACY,333600000X|3336C0003X,tier_1_primary_pharmacy,Y,N,H-E-B
1366551798,"H-E-B, LP",2400 S CONGRESS AVE,,AUSTIN,TX,787045512,5124421578,THIRD PARTY CLAIMS ANALYST III,333600000X|3336C0003X,tier_1_primary_pharmacy,Y,N,H-E-B
1356450787,"H-E-B, LP",1145 WALDRON RD,,CORPUS CHRISTI,TX,78418,3619395555,GOVERNMENT PROGRAMS MANAGER,333600000X|3336C0003X,tier_1_primary_pharmacy,Y,N,H-E-B
1700995149,"H-E-B, LP",2508 E RIVERSIDE DR,,AUSTIN,TX,78741,5124483353,GOVERNMENT PROGRAMS MANAGER,333600000X|3336C0003X,tier_1_primary_pharmacy,Y,N,H-E-B
1528177961,"H-E-B, LP",200 VETERANS BLVD,,DEL RIO,TX,78840,8307744579,GOVERNMENT PROGRAMS MANAGER,333600000X|3336C0003X,tier_1_primary_pharmacy,Y,N,H-E-B
1346359783,"H-E-B, LP",4320 S ALAMEDA ST,,CORPUS CHRISTI,TX,78412,3619938515,GOVERNMENT PROGRAMS MANAGER,333600000X|3336C0003X,tier_1_primary_pharmacy,Y,N,H-E-B
1073622411,"H-E-B, LP",1000 E 41ST ST,,AUSTIN,TX,78751,5124598308,GOVERNMENT PROGRAMS MANAGER,333600000X|3336C0003X,tier_1_primary_pharmacy,Y,N,H-E-B
1790894137,"H-E-B, LP",1301 GUADALUPE ST,,LAREDO,TX,78040,9567241126,GOVERNMENT PROGRAMS MANAGER,333600000X|3336C0003X,tier_1_primary_pharmacy,Y,N,H-E-B
1154430593,"H-E-B, LP",1213 S COMMERCE ST,,HARLINGEN,TX,78550,9564254423,GOVERNMENT PROGRAMS MANAGER,333600000X|3336C0003X,tier_1_primary_pharmacy,Y,N,H-E-B
1972612315,"H-E-B, LP",5910 BABCOCK RD,,SAN ANTONIO,TX,78240,2106416405,GOVERNMENT PROGRAMS MANAGER,333600000X|3336C0003X,tier_1_primary_pharmacy,Y,N,H-E-B
1699884031,"H-E-B, LP",1115 E MAIN ST,,ALICE,TX,78332,3616641344,GOVERNMENT PROGRAMS MANAGER,333600000X|3336C0003X,tier_1_primary_pharmacy,Y,N,H-E-B
1417066853,"H-E-B, LP",7901 WEST HWY 290,,AUSTIN,TX,78736,5122885713,MANAGING DIRECTOR OF PHARMACY,333600000X|3336C0003X,tier_1_primary_pharmacy,Y,N,H-E-B
1144339581,"H-E-B, LP",2110 NEW SLAUGHTER LN,,AUSTIN,TX,78748,5122820990,GOVERNMENT PROGRAMS MANAGER,333600000X|3336C0003X,tier_1_primary_pharmacy,Y,N,H-E-B
1962511303,"H-E-B, LP",420 W BANDERA RD,,BOERNE,TX,78006,8308162093,GOVERNMENT PROGRAMS MANAGER,333600000X|3336C0003X,tier_1_primary_pharmacy,Y,N,H-E-B
1780793125,"H-E-B, LP",2701 E 7TH ST,,AUSTIN,TX,78702,5124788086,GOVERNMENT PROGRAMS MANAGER,333600000X|3336C0003X,tier_1_primary_pharmacy,Y,N,H-E-B
1770692113,"H-E-B, LP",3500 LEOPARD ST,,CORPUS CHRISTI,TX,78408,3618837196,GOVERNMENT PROGRAMS MANAGER,333600000X|3336C0003X,tier_1_primary_pharmacy,Y,N,H-E-B
1497864839,"H-E-B, LP",3133 S ALAMEDA ST,,CORPUS CHRISTI,TX,78404,3618521696,GOVERNMENT PROGRAMS MANAGER,333600000X|3336C0003X,tier_1_primary_pharmacy,Y,N,H-E-B
1215046651,"H-E-B, LP",600 W HENDERSON ST,,CLEBURNE,TX,76033,8176414036,GOVERNMENT PROGRAMS MANAGER,333600000X|3336C0003X,tier_1_primary_pharmacy,Y,N,H-E-B
1851400295,"H-E-B, LP",3801 N 19TH ST,,WACO,TX,76708,2547532226,GOVERNMENT PROGRAMS MANAGER,3336C0003X,tier_1_primary_pharmacy,Y,N,H-E-B
1205945649,"H-E-B, LP",10710 RESEARCH BLVD STE 200,,AUSTIN,TX,78759,5127988227,GOVERNMENT PROGRAMS MANAGER,333600000X|3336C0003X,tier_1_primary_pharmacy,Y,N,H-E-B
1023127461,"H-E-B, LP",1628 CENTRAL BLVD,,BROWNSVILLE,TX,78520,9565420934,GOVERNMENT PROGRAMS MANAGER,333600000X|3336C0003X,tier_1_primary_pharmacy,Y,N,H-E-B
1578672911,"H-E-B, LP",1616 N ALABAMA RD,,WHARTON,TX,77488,9792822883,GOVERNMENT PROGRAMS MANAGER,333600000X|3336C0003X,tier_1_primary_pharmacy,Y,N,H-E-B
1922117365,"H-E-B, LP",1503 HIGHWAY 1431 WEST,,MARBLE FALLS,TX,78654,8306934810,GOVERNMENT PROGRAMS MANAGER,333600000X|3336C0003X,tier_1_primary_pharmacy,Y,N,H-E-B
1376652719,"H-E-B, LP",1821 S VALLEY MILLS DR,,WACO,TX,76711,2547543344,GOVERNMENT PROGRAMS MANAGER,333600000X|3336C0003X,tier_1_primary_pharmacy,Y,N,H-E-B
1811006257,"H-E-B, LP",101 S CLAY ST,,ENNIS,TX,75119,9728758313,GOVERNMENT PROGRAMS MANAGER,333600000X|3336C0003X,tier_1_primary_pharmacy,Y,N,H-E-B
1184733529,"H-E-B, LP",4031 E HWY 83,,RIO GRANDE CITY,TX,78582,9564870905,GOVERNMENT PROGRAMS MANAGER,333600000X|3336C0003X,tier_1_primary_pharmacy,Y,N,H-E-B
1629187067,"H-E-B, LP",2508 S DAY ST,,BRENHAM,TX,77833,9792770906,GOVERNMENT PROGRAMS MANAGER,333600000X|3336C0003X,tier_1_primary_pharmacy,Y,N,H-E-B
1447369889,"H-E-B, LP",300 W OLMOS,,SAN ANTONIO,TX,78212,2108291705,GOVERNMENT PROGRAMS MANAGER,333600000X|3336C0003X,tier_1_primary_pharmacy,Y,N,H-E-B
1992814347,"H-E-B, LP",2990 E HWY 190,,COPPERAS COVE,TX,76522,2545476346,GOVERNMENT PROGRAMS MANAGER,333600000X|3336C0003X,tier_1_primary_pharmacy,Y,N,H-E-B
1629187075,"H-E-B, LP",601 INDIAN TRL,,HARKER HEIGHTS,TX,76548,2546998810,GOVERNMENT PROGRAMS MANAGER,333600000X|3336C0003X,tier_1_primary_pharmacy,Y,N,H-E-B
1265541619,"H-E-B, LP",6839 SAN PEDRO,,SAN ANTONIO,TX,78216,2109798660,GOVERNMENT PROGRAMS MANAGER,333600000X|3336C0003X,tier_1_primary_pharmacy,Y,N,H-E-B
1891804241,"H-E-B, LP",6001 W PARMER LN,,AUSTIN,TX,78727,5122498316,GOVERNMENT PROGRAMS MANAGER,333600000X|3336C0003X,tier_1_primary_pharmacy,Y,N,H-E-B
1619086063,"H-E-B, LP",3801 E 42ND ST,,ODESSA,TX,79762,4323624555,GOVERNMENT PROGRAMS MANAGER,333600000X|3336C0003X,tier_1_primary_pharmacy,Y,N,H-E-B
1437268885,"H-E-B, LP",1207 E MAIN ST,,GATESVILLE,TX,76528,2542481781,GOVERNMENT PROGRAMS MANAGER,333600000X|3336C0003X,tier_1_primary_pharmacy,Y,N,H-E-B
1447369426,"H-E-B, LP",9255 FM 471 WEST,,SAN ANTONIO,TX,78250,2106802958,GOVERNMENT PROGRAMS MANAGER,333600000X|3336C0003X,tier_1_primary_pharmacy,Y,N,H-E-B
1265541247,"H-E-B, LP",1103 MORGAN BLVD,,HARLINGEN,TX,78550,9564401787,GOVERNMENT PROGRAMS MANAGER,333600000X|3336C0003X,tier_1_primary_pharmacy,Y,N,H-E-B
1073622056,"H-E-B, LP",1434 WELLS BRANCH PKWY,,PFLUGERVILLE,TX,78660,5122515286,GOVERNMENT PROGRAMS MANAGER,333600000X|3336C0003X,tier_1_primary_pharmacy,Y,N,H-E-B
1881703866,"H-E-B, LP",1004 N TEXAS BLVD,,WESLACO,TX,78596,9569688825,GOVERNMENT PROGRAMS MANAGER,333600000X|3336C0003X,tier_1_primary_pharmacy,Y,N,H-E-B
1508975590,"H-E-B, LP",170 E WHITESTONE BLVD,,CEDAR PARK,TX,78613,5122595755,GOVERNMENT PROGRAMS MANAGER,333600000X|3336C0003X,tier_1_primary_pharmacy,Y,N,H-E-B
1952410946,"H-E-B, LP",1212 S CLOSNER BLVD,,EDINBURG,TX,78539,9563806219,GOVERNMENT PROGRAMS MANAGER,333600000X|3336C0003X,tier_1_primary_pharmacy,Y,N,H-E-B
1588773576,"H-E-B, LP",613 S EPWY 83,,HARLINGEN,TX,78550,9564289647,GOVERNMENT PROGRAMS MANAGER,333600000X|3336C0003X,tier_1_primary_pharmacy,Y,N,H-E-B
1205945292,"H-E-B, LP",4801 SAN DARIO AVE,,LAREDO,TX,78041,9567250171,GOVERNMENT PROGRAMS MANAGER,333600000X|3336C0003X,tier_1_primary_pharmacy,Y,N,H-E-B
1740399732,"H-E-B, LP",3601 PECAN BLVD,,MCALLEN,TX,78501,9569719131,GOVERNMENT PROGRAMS MANAGER,333600000X|3336C0003X,tier_1_primary_pharmacy,Y,N,H-E-B
1659480648,"H-E-B, LP",2950 SOUTHMOST RD,,BROWNSVILLE,TX,78521,9565418602,GOVERNMENT PROGRAMS MANAGER,333600000X|3336C0003X,tier_1_primary_pharmacy,Y,N,H-E-B
1568571552,"H-E-B, LP",302 VALLEY HI DR,,SAN ANTONIO,TX,78227,2106731760,GOVERNMENT PROGRAMS MANAGER,333600000X|3336C0003X,tier_1_primary_pharmacy,Y,N,H-E-B
1386753374,"H-E-B, LP",12777 IH 10 W,,SAN ANTONIO,TX,78230,2105583027,GOVERNMENT PROGRAMS MANAGER,333600000X|3336C0003X,tier_1_primary_pharmacy,Y,N,H-E-B
1639288624,"H-E-B, LP",18140 SAN PEDRO,,SAN ANTONIO,TX,78232,2104905593,GOVERNMENT PROGRAMS MANAGER,333600000X|3336C0003X,tier_1_primary_pharmacy,Y,N,H-E-B
1437268422,"H-E-B, LP",1955 NACOGDOCHES RD,,SAN ANTONIO,TX,78209,2109303454,GOVERNMENT PROGRAMS MANAGER,333600000X|3336C0003X,tier_1_primary_pharmacy,Y,N,H-E-B
1477662427,"PRESTON ROAD PHARMACY, INC.",6901 PRESTON RD,,DALLAS,TX,752051186,2145219991,PRESIDENT/PIC,3336C0003X,tier_1_primary_pharmacy,Y,Y,
1538278478,"MICHAEL W. JACKSON, A SOLE PROPRIETOR",104 E COLUMBIA ST,,SAN AUGUSTINE,TX,759721902,9362753401,OWNER,3336C0003X,tier_1_primary_pharmacy,Y,Y,
1083724280,"EAST LOOP HOLDINGS, INC.",9343 NORTH LOOP E STE 105,,HOUSTON,TX,770291257,7136826565,CORP PRES,3336C0003X,tier_1_primary_pharmacy,Y,Y,
1669582706,ACOSTA/MUNIZ RIO GRANDE PHARMACY,1117 S COMMERCE ST,,HARLINGEN,TX,785507706,9564231753,DME MANAGER,3336C0003X,tier_2_secondary_pharmacy,N,Y,
1568574473,DORRICK INC,3008 LITTLE YORK RD,,HOUSTON,TX,770933520,7137428600,PRESIDENT,3336C0002X|3336C0003X,tier_1_primary_pharmacy,Y,Y,
1134231905,STEPHEN F OWEN,2125 S 20TH ST,,ABILENE,TX,796056066,3256919000,OWNER/DIRECTOR OF SERVICES,3336H0001X,tier_1_primary_pharmacy,Y,Y,
1487765533,"VALLEY SCRIPTS, LLC",807 NORTH CAGE,STE B,PHARR,TX,785773117,9567824900,OWNER,3336C0003X,tier_1_primary_pharmacy,Y,Y,
1376655282,HILLSBORO PHARMACEUTICAL INC,60 W ELM ST,,HILLSBORO,TX,766452036,2545822561,PHARMACIST OWNER,333600000X|3336H0001X|3336L0003X|3336C0003X,tier_1_primary_pharmacy,Y,Y,
1902918816,PENNYS PHARMACY,3517 N MAIN ST,,BAYTOWN,TX,775214117,2818372122,OWNER,333600000X|3336C0003X,tier_1_primary_pharmacy,Y,Y,
1437261344,BOUNDS PHARMACY INC,211 S COLLEGE AVE,,CLEVELAND,TX,773274503,2815920515,OWNER/PRESIDENT,333600000X|3336C0003X,tier_1_primary_pharmacy,Y,Y,
1144332057,"QUICK PHARMACY, LLC",701 E PALM VALLEY BLVD,,ROUND ROCK,TX,786643245,5122552144,PRESIDENT,3336C0004X|3336L0003X|333600000X|3336C0003X,tier_1_primary_pharmacy,Y,Y,
1659483568,CHANEY FAMILY PHARMACY LLC,501 WALNUT ST,,COLORADO CITY,TX,795126223,3257283484,PRESIDENT,3336C0003X,tier_1_primary_pharmacy,Y,Y,
1457463366,LULING DISCOUNT PHARMACY INC,419 E DAVIS ST,,LULING,TX,786482316,8308752311,PRESIDENT,333600000X|3336C0003X,tier_1_primary_pharmacy,Y,Y,
1366554271,SAFEGUARD RX INC.,3121 W OREM DR STE C,,HOUSTON,TX,770454641,7134331212,PRESIDENT,333600000X|3336C0003X,tier_1_primary_pharmacy,Y,Y,
1538271440,"UNLIMITED PHARMACY, LLC",2985 S HWY 360,STE 145,GRAND PRAIRIE,TX,75052,8886444998,CEO,333600000X|3336C0003X,tier_1_primary_pharmacy,Y,Y,
1700998614,"BURTIS DRUG, INC.",815 N O CONNOR RD,,IRVING,TX,750614510,9725790511,OWNER,3336C0003X|333600000X,tier_1_primary_pharmacy,Y,Y,
1619089521,MUECKE COMPANY INC,2808 7TH ST,,BAY CITY,TX,774145306,9792441772,OWNER,3336L0003X|3336C0004X|3336C0003X,tier_1_primary_pharmacy,Y,Y,
1255443164,"GARZA PHARMACY RX, LLC",205 W US HIGHWAY 77,,SAN BENITO,TX,785865143,9563991411,RPH,333600000X|3336C0003X,tier_1_primary_pharmacy,Y,Y,
1063524973,WILLIAM WARD WYNN,5824 BABCOCK RD,,SAN ANTONIO,TX,782402134,2106966269,OWNER,3336L0003X|333600000X|3336C0003X,tier_1_primary_pharmacy,Y,Y,
1417069329,NEMESIS INC,502 E CENTRAL AVE,,BELTON,TX,765133244,2549390831,OWNER PHARMACIST,333600000X|3336C0003X,tier_1_primary_pharmacy,Y,Y,
1134231616,"GRAHAM GIBSON'T PHY., INC.",1005 HIGHWAY 16 S,,GRAHAM,TX,764503835,9405494600,PRESIDENT,3336C0003X,tier_1_primary_pharmacy,Y,Y,
1467564377,KELLY DRUG INC,125 E BROAD ST,,MINEOLA,TX,757732001,9035693882,PRESIDENT,333600000X|3336L0003X|3336C0003X,tier_1_primary_pharmacy,Y,Y,
1093827909,"CITY DRUG STORE OF JACKSBORO, INC",104 E BELKNAP ST,,JACKSBORO,TX,764582401,9405675576,OWNER,333600000X|3336C0004X|3336C0003X,tier_1_primary_pharmacy,Y,Y,
1801908710,B-J PHARMACY INC,120 JOE WIMBERLEY BLVD,,WIMBERLEY,TX,786765975,5128472288,OWNER,3336C0004X|333600000X|3336C0003X,tier_1_primary_pharmacy,Y,Y,
1508978412,AGP PHARMACY LLC,132 W MAIN ST,,POST,TX,793563232,8064952535,OWNER PHARMACIST,333600000X|3336C0003X,tier_1_primary_pharmacy,Y,Y,
1205948114,"GATESVILLE DRUG COMPANY, LTD",2513 S. STATE HIGHWAY 36,,GATESVILLE,TX,765282519,2548652417,OWNER/PHARMACIST IN CHARGE,3336C0003X|3336C0004X|333600000X,tier_1_primary_pharmacy,Y,Y,
1194837005,RIDDLE RX LP,201 NW 2ND ST,,DIMMITT,TX,790271803,8066473151,GENERAL PARTNER,333600000X|3336C0003X,tier_1_primary_pharmacy,Y,Y,
1548372451,LIFECHEK MAGNOLIA LLC,110 E TRAVIS ST,,LA GRANGE,TX,789452615,9799685835,COMPLIANCE COORDINATOR,333600000X|3336L0003X|3336C0003X,tier_1_primary_pharmacy,Y,Y,
1265544175,DARRELL L SCHNEIDER,423 LIVE OAK ST,,MARLIN,TX,766612367,2548832451,OWNER PHARMACIST IN CHARGE,333600000X|3336C0003X,tier_1_primary_pharmacy,Y,Y,
1427160332,MUECKE COMPANY INC,321 MAIN ST,,PALACIOS,TX,774655461,3619723608,PIC,333600000X|3336C0003X,tier_1_primary_pharmacy,Y,Y,
1235241142,FROGGE ENTERPRISES INC,1827 N HOBART ST,,PAMPA,TX,790653410,8066691033,PRESIDENT,333600000X|3336C0003X,tier_1_primary_pharmacy,Y,Y,
1164533816,BEXAR COUNTY HOSPITAL DISTRICT,1055 ADA ST,,SAN ANTONIO,TX,782231703,2103585534,"SENIOR VP, CHIEF PHARMACY OFFICER",3336C0003X,tier_1_primary_pharmacy,Y,Y,
1013029537,WOODSBORO PHARMACY INC,112 S ALAMO ST,,REFUGIO,TX,783772338,3615264243,OWNER,3336C0003X,tier_1_primary_pharmacy,Y,Y,
1235240979,BEXAR COUNTY HOSPITAL DISTRICT,903 W MARTIN ST,,SAN ANTONIO,TX,78207,2103583473,"SENIOR VP, CHIEF PHARMACY OFFICER",3336S0011X|3336C0003X,tier_1_primary_pharmacy,Y,Y,
1760593826,"WELLS AMERICAN, INC.",2421 ALDINE MAIL RT SUITE B,,HOUSTON,TX,77039,2813728522,DIRECTOR,3336C0003X,tier_1_primary_pharmacy,Y,Y,
1972614006,EMPIRICAL PHARMACY LLC,11030 KINGSPOINT RD STE 6,,HOUSTON,TX,770754102,7139910072,PHCY MANAGER,333600000X|3336C0003X,tier_1_primary_pharmacy,Y,Y,
1669584678,MAINLAND PHARMACY INC,811 6TH ST N STE 100,,TEXAS CITY,TX,775907885,4099452368,MANAGER,333600000X|3336C0003X,tier_1_primary_pharmacy,Y,Y,
1750493664,PRESCRIPTIONS INC,7652 BELLFORT ST,,HOUSTON,TX,770611704,7136441343,OWNER/PIC,3336C0004X|3336M0003X|3336C0003X|3336S0011X|3336M0002X|333600000X|3336L0003X,tier_1_primary_pharmacy,Y,Y,
1669584579,A & L INC,205 W CEDAR CREEK PKWY STE A1,,SEVEN POINTS,TX,751438087,9034323494,OWNER VP,333600000X|3336C0003X,tier_1_primary_pharmacy,Y,Y,
1104938018,MUECK COMPANY INC,1415 AVENUE G,,BAY CITY,TX,774143505,9792455501,OWNER PHARMACIST IN CHARGE,333600000X|3336C0003X,tier_1_primary_pharmacy,Y,Y,
1831201748,RIGHT VALUE DRUG INC,122 GRAPEVINE HWY,,HURST,TX,760542406,8172829376,OWNER,333600000X|3336C0003X,tier_1_primary_pharmacy,Y,Y,
1740392653,BURLESON APOTHECARY SHOP INC,117 W RENFRO ST,,BURLESON,TX,760284233,8172952273,RPH,333600000X|3336C0003X,tier_1_primary_pharmacy,Y,Y,
1477665388,"NAHP ENTERPRISES, LLC",21214 KINGSLAND BLVD,,KATY,TX,774505898,2815997880,PHARMACIST IN CHARGE,3336C0003X|333600000X,tier_1_primary_pharmacy,Y,Y,
1629180534,PRO HEALTH RX,8405 ALMEDA GENOA RD,STE Z,HOUSTON,TX,770752503,7139912443,DIRECTOR,333600000X|3336L0003X|3336C0003X,tier_1_primary_pharmacy,Y,Y,
1174635080,ROLLING PLAINS PHARMACY,1410 LAMAR ST,,SWEETWATER,TX,795567124,3252358684,OWNER PRESIDENT,333600000X|3336C0003X,tier_1_primary_pharmacy,Y,Y,
1164534079,"HODGES & SARGENT PHARMACY, LLC",210 S. KEY AVE,,LAMPASAS,TX,76550,5125563392,PARMACIST IN CHARGE/OWNER,333600000X|3336C0003X,tier_1_primary_pharmacy,Y,Y,
1790897601,GENERATION RX INC.,206 N MAIN ST,,WEST,TX,76691,2548265292,OWNER,3336L0003X|333600000X|3336C0003X,tier_1_primary_pharmacy,Y,Y,
1609988518,ALDRIDGE'S FAMILY PHARMACY,1408 BONNIE VIEW RD,,DALLAS,TX,752034507,2149432322,PHARMACIST-IN-CHARGE/OWNER,333600000X|3336C0003X|3336L0003X,tier_1_primary_pharmacy,Y,Y,
1881706794,S&R DRUG COMPANY,1606 S MARGARET AVE,,KIRBYVILLE,TX,759562633,4094232215,OWNER/PIC,333600000X|3336C0004X|3336C0003X,tier_1_primary_pharmacy,Y,Y,
1225140130,VELACORP INC,5120 N 10TH ST,,MCALLEN,TX,785042834,9566305500,OWNER/CEO,333600000X|3336C0004X|3336H0001X|3336C0003X,tier_1_primary_pharmacy,Y,Y,
1134231046,C & L PHARMACY,5600 MYKAWA,,HOUSTON,TX,77033,7136413414,"OWNER, RPH",333600000X|3336C0003X,tier_1_primary_pharmacy,Y,Y,
1114039021,AKSHAR INC.,7101 LAWNDALE ST,,HOUSTON,TX,770234248,7139217500,OPS MGR,333600000X|3336C0003X,tier_1_primary_pharmacy,Y,Y,
1932211844,T AND T PHARMACY INC,315 N MAIN ST,,VIDOR,TX,776624935,4097692438,OWNER,333600000X|3336C0003X,tier_1_primary_pharmacy,Y,Y,
1487766390,NAU PHARMACY INC,2406 SAN GABRIEL ST,,AUSTIN,TX,787054714,5124721424,PRESIDENT,333600000X|3336C0003X,tier_1_primary_pharmacy,Y,Y,
1912019829,KLOCK & NAIL ENTERPRISE INC,1309 E SEMINARY DR,,FT WORTH,TX,761152945,8179277846,PRES,333600000X|3336C0003X,tier_1_primary_pharmacy,Y,Y,
1922119668,BEXAR COUNTY HOSPITAL DISTRICT,2121 SW 36TH ST,,SAN ANTONIO,TX,782373360,2103585140,"SENIOR VP, CHIEF PHARMACY OFFICER",3336C0003X,tier_1_primary_pharmacy,Y,Y,
1285745729,LAREDO HOME INFUSION,1610 E BUSTAMANTE ST,,LAREDO,TX,780415455,9567948350,PIC,3336H0001X,tier_1_primary_pharmacy,Y,Y,
1548372568,"LUNA'S HOMETOWN PHARMACY, INC",400 E MAIN ST,,EAGLE PASS,TX,788524517,8307735334,MANAGER,3336C0003X,tier_1_primary_pharmacy,Y,Y,
1578675583,EMGR PHARMACY INC,7338 MCHENRY ST,STE 6,HOUSTON,TX,770873633,7136442424,PRESIDENT,333600000X|3336C0003X,tier_1_primary_pharmacy,Y,Y,
1295847101,NORVAL D. MEREDITH,706 HUTCHINS AVE,,BALLINGER,TX,768215609,3253653505,OWNER PHARMACIST,333600000X|3336C0003X,tier_1_primary_pharmacy,Y,Y,
1730291642,CENTEX PHARMACIES INCORPORATED,702 E UNIVERSITY AVE,,GEORGETOWN,TX,786267036,5128632506,DIRECTOR,333600000X|3336C0003X,tier_1_primary_pharmacy,Y,Y,
1811009723,FRONTIER PHARMACY OF KENEDY INC,103 W MAIN ST,,KENEDY,TX,781192717,8305832115,OWNER,333600000X|3336L0003X|3336C0003X,tier_1_primary_pharmacy,Y,Y,
1275645186,PARKER DRUG INC,114 QUITMAN ST,,PITTSBURG,TX,756861322,9038563626,OWNER PRESIDENT,333600000X|3336C0003X,tier_1_primary_pharmacy,Y,Y,
1992817803,JOHN D FRANKLIN III INC,1013 BROOK AVE,,WICHITA FALLS,TX,763015006,9407237145,PRESIDENT,333600000X|3336C0003X,tier_1_primary_pharmacy,Y,Y,
1376645499,HOMETOWN PHARMACY,201 E COMMERCE ST,,FAIRFIELD,TX,758401509,9033892541,CORPORATE MANAGER,333600000X,tier_1_primary_pharmacy,Y,Y,
1093817439,DOUGHERTY'S PHARMACY INC.,515 PRESTON ROYAL VILLAGE,,DALLAS,TX,75230,2143636558,PRESIDENT,3336C0003X,tier_1_primary_pharmacy,Y,Y,
1326140773,CHAPMAN PHARMACY INC,1396 N DICKINSON DR,,RUSK,TX,757851048,9036832422,PRESIDENT,333600000X,tier_1_primary_pharmacy,Y,Y,
1134222482,GREEN RAVEN INC,1623 E HIGHWAY 83,,RIO GRANDE CITY,TX,78582,9564881660,OWNER,3336C0003X|333600000X,tier_1_primary_pharmacy,Y,Y,
1225131352,FLATONIA PHARMACY LLC,104 KESSLER AVE,,SCHULENBURG,TX,789561108,9797437100,PRESIDENT / OWNER,333600000X|3336C0003X|3336L0003X,tier_1_primary_pharmacy,Y,Y,
1043313174,COMANCHE COUNTY MEDICAL CENTER COMPANY,1503 W FRONT ST,,GOLDTHWAITE,TX,768442056,3256482484,DIRECTOR OF RETAIL PHARMACY OPS.,333600000X|3336C0004X|3336L0003X|3336S0011X|3336C0003X,tier_1_primary_pharmacy,Y,Y,
1952404089,GENE BLOUNT,13290 HWY 84 E,,JOAQUIN,TX,759540506,9362693922,OWNER,333600000X|3336C0003X,tier_1_primary_pharmacy,Y,Y,
1861595993,AIPHARM LLC,2110 LOMAS DEL SUR STE 105,,LAREDO,TX,780465755,9567256000,PRESIDENT/PIC,333600000X|3336C0003X,tier_1_primary_pharmacy,Y,Y,
1568565778,TEXAS HEALTH PRESCRIPTION SHOP,6130 WEST PARKER ROAD,STE 100,PLANO,TX,750937939,9729818445,MANAGER,333600000X|3336C0003X,tier_1_primary_pharmacy,Y,Y,
1336242460,CROWELL INC,205 E MAIN ST,,ROYSE CITY,TX,751893731,9726352451,PIC,3336C0003X,tier_1_primary_pharmacy,Y,Y,
1154424281,SUGARLAND PHARMACY LLC,3533 TOWN CENTER BLVD S,STE 500,SUGAR LAND,TX,774791454,2812423951,MANAGER,333600000X|3336C0003X,tier_1_primary_pharmacy,Y,Y,
1972606002,HSB PHARMACY INC,7405 HWY 2147,,HORSESHOE BAY,TX,78657,8305981900,OWNER,333600000X|3336C0003X,tier_1_primary_pharmacy,Y,Y,
1235232372,UNIVERSITY OF TEXAS HEALTH CENTER AT TYLER,11937 US HIGHWAY 271,,TYLER,TX,757083154,9038777088,CHIEF BUSINESS OFFICER,333600000X|3336C0003X,tier_1_primary_pharmacy,Y,Y,
1669575700,"EAST TEXAS CLINICAL SERVICES, INC",22710 PROFESSIONAL DRIVE,SUITE 103,KINGWOOD,TX,77339,2813128590,"PIC, RPH.",333600000X|3336C0003X,tier_1_primary_pharmacy,Y,Y,
1487757522,SCRIPT SHOPPE INC,211 MOODY ST,,MASON,TX,76856,3253476248,MANAGER,333600000X|3336C0003X,tier_1_primary_pharmacy,Y,Y,
1295838332,LEON COUNTY PHARMACY INC,316 S COMMERCE ST,,CENTERVILLE,TX,758333595,9035367326,PRESIDENT/PHARMD,333600000X|3336C0003X,tier_1_primary_pharmacy,Y,Y,
1104929249,MAXWELL PHARMACY INC,626 N HWY 155,,FRANKSTON,TX,75763,9038762323,PRESIDENT/OWNER,3336C0003X,tier_1_primary_pharmacy,Y,Y,
1013010156,BOYLES BANDERA PHARMACY,1200 SYCAMORE ST,,BANDERA,TX,780032020,8307968191,PIC PRESIDENT,333600000X|3336C0003X,tier_1_primary_pharmacy,Y,Y,
1922101062,K C DRUGS,HWY 83 S HEMPHILL,,HEMPHILL,TX,75948,4097872345,OWNER,3336C0003X|333600000X,tier_1_primary_pharmacy,Y,Y,
1831292978,JAMES L HAILEY JR,112 NORTH 4TH ST.,,ROSEBUD,TX,76570,2545832727,OWNER,333600000X|3336L0003X|3336C0003X,tier_1_primary_pharmacy,Y,Y,
1417050303,BULLARD HOME INFUSION INC,1926 W MORTON,SUITE B,DENISON,TX,750201617,9034650214,OWNER,3336H0001X,tier_1_primary_pharmacy,Y,Y,
1285737577,HMS PHARMACY INC,1150 WEST COURT PLAZA,,ANSON,TX,79501,3258233203,PRESIDENT,3336C0003X,tier_1_primary_pharmacy,Y,Y,
1003919390,HASKELL DRUG STORE INC,100 S AVENUE E,,HASKELL,TX,795215711,9408642673,OWNER,333600000X|3336C0003X,tier_1_primary_pharmacy,Y,Y,
1558464479,QUALITY PHARMACY,408 N AVENUE B,,SHINER,TX,779847126,3615942262,PIC,3336L0003X|3336C0003X,tier_1_primary_pharmacy,Y,Y,
1245333699,"BELLE PHARMACY, LLC","1100 JACKSON STREET, SUITE D",,RICHMOND,TX,77469,3462304125,PIC/AUTHORIZED SIGNATORY,333600000X|3336C0004X|3336C0003X,tier_1_primary_pharmacy,Y,Y,
1134223357,HEALTH AND HUMAN SERVICES COMMISSION,6515 KEMP BLVD.,,WICHITA FALLS,TX,763085419,9406895201,PROGRAM SUPERVISOR VI,3336I0012X|3336L0003X,tier_1_primary_pharmacy,Y,Y,
1821192899,B-J PHARMACY INC,2111 HUNTER RD,,SAN MARCOS,TX,786665102,5123923301,OWNER,333600000X|3336C0004X|3336C0003X,tier_1_primary_pharmacy,Y,Y,
1730283706,FIESTA PHARMACY,2947 S BUCKNER BLVD,STE 500,DALLAS,TX,752276952,2142758066,OWNER,333600000X|3336C0003X,tier_1_primary_pharmacy,Y,Y,
1649374612,M & P INVESTMENT CORPORATION,1740 W 27TH ST,STE 150,HOUSTON,TX,770081440,7138681601,OWNER,333600000X|3336C0003X,tier_1_primary_pharmacy,Y,Y,
1811091887,SPF INC,3303 N MAIN ST,,HOUSTON,TX,770095661,7132226650,PHARMACIST IN CHARGE,333600000X|3336C0003X,tier_1_primary_pharmacy,Y,Y,
1649374604,QUALITY DISCOUNT PHARMACEUTICAL INC,11794 BELLAIRE BLVD,,HOUSTON,TX,770722452,2814985000,PIC,333600000X|3336C0003X,tier_1_primary_pharmacy,Y,Y,
1285738252,JSK HEALTHCARE LLC.,"7500 BEECHNUT STREET, SUITE 151",,HOUSTON,TX,77074,7139881103,PRESIDENT,333600000X|3336C0004X|3336C0003X,tier_1_primary_pharmacy,Y,Y,
1558465518,LAVA SERVICES INC,1802 STRAWBERRY RD,,PASADENA,TX,775022621,7137409033,OWNER,333600000X|3336S0011X|3336C0003X,tier_1_primary_pharmacy,Y,Y,
1376647339,MANA GROUP PHARMACIES LLC,2021 N MACARTHUR BLVD STE 120,STE 120,IRVING,TX,750612210,9722548156,MEMBER,333600000X|3336C0003X,tier_1_primary_pharmacy,Y,Y,
1285738245,JOHN BEN KNUDSON,1001 N AUSTIN ST,,COMANCHE,TX,764421701,3253562585,OWNER,333600000X|3336C0003X,tier_1_primary_pharmacy,Y,Y,
1194829168,HILLS PILLS AND SUNDRIES,309 S TEXAS ST,,DE LEON,TX,764441945,2548932666,DR.,333600000X|3336C0003X,tier_1_primary_pharmacy,Y,Y,
1003910076,PH SQUARED LLC,4500 E SAM HOUSTON PKWY S STE 100,,PASADENA,TX,775053956,2819989400,PRESIDENT,3336C0003X|3336L0003X,tier_1_primary_pharmacy,Y,Y,
1912001983,VINA PHARMACY,4700 SETON CENTER PKWY,STE 115,AUSTIN,TX,787595295,5123720440,PIC,3336C0003X|333600000X,tier_1_primary_pharmacy,Y,Y,
1558465526,ULTIMA CARE PHCY INC,16251 S POST OAK RD STE A,,HOUSTON,TX,770534397,2814386161,PIC,333600000X|3336C0003X,tier_1_primary_pharmacy,Y,Y,
1467556431,UM PHARMACY,963 FEDERAL RD,,HOUSTON,TX,770154801,7134535100,PIC,3336C0003X,tier_1_primary_pharmacy,Y,Y,
1093819062,SU CLINICA FAMILIAR,4000 FM 511,,BROWNSVILLE,TX,785269492,9568386346,EXECUTIVE DIRECTOR,3336C0002X,tier_1_primary_pharmacy,Y,Y,
1902900970,KVG ENTERPRISES INC,1014 N FIELDER RD,,ARLINGTON,TX,760123149,8172741883,PRES./RPH.,333600000X|3336C0004X|3336C0003X,tier_1_primary_pharmacy,Y,Y,
1336243054,FFACTS PHARMACY,527 N LEONA ST,C-202,SAN ANTONIO,TX,782073110,2103589660,VICE PRES./CHIEF REVENUE OFFICER,3336C0003X,tier_1_primary_pharmacy,Y,Y,
1265536973,BEXAR COUNTY HOSPITAL DISTRICT,701 S ZARZAMORA ST,,SAN ANTONIO,TX,78207,2103587460,"SENIOR VP, CHIEF PHARMACY OFFICER",333600000X|3336C0002X|3336C0003X,tier_1_primary_pharmacy,Y,Y,
1073618302,MEDI-PARK PHARMACY,1920 MEDI PARK DR,,AMARILLO,TX,791062104,8063595496,OWNER-PHARMACIST,3336C0003X,tier_1_primary_pharmacy,Y,Y,
1073617593,BAYLOR UNIV HEALTH CENTER PHARMACY,209 SPEIGHT AVE,STE 214,WACO,TX,767061507,2547104991,PIC,3336C0003X,tier_1_primary_pharmacy,Y,Y,
1043315229,TELESIS-WALNUT PLACE NURSING HOME I LTD,5515 GLEN LAKES DR,,DALLAS,TX,752314309,2143618923,PHARMACIST AND MANAGER,333600000X|3336L0003X,tier_1_primary_pharmacy,Y,Y,
1386749166,MED SHOP TOTAL CARE INC,470 E LOOP 281,,LONGVIEW,TX,756057939,9032340080,PRESIDENT,3336C0003X|3336H0001X,tier_1_primary_pharmacy,Y,Y,
1689779456,P & S REXALL PHARMACY INC,829 N MAIN ST,,CORSICANA,TX,751103048,9038745691,OWNER,3336C0004X|3336C0003X,tier_1_primary_pharmacy,Y,Y,
1407951288,"OAKDELL COMPOUNDING PHARMACY, LLC",7220 LOUIS PASTEUR DR,STE 168,SAN ANTONIO,TX,782294537,2106146200,CFO,333600000X|3336H0001X|3336C0004X,tier_1_primary_pharmacy,Y,Y,
1194820969,SU CLINICA FAMILIAR,131 FM 3168,,RAYMONDVILLE,TX,785803605,9566895216,EXECUTIVE DIRECTOR,3336C0002X,tier_1_primary_pharmacy,Y,Y,
1003911876,QUINLAN PHARMACY LLC,733 E QUINLAN PKWY,,QUINLAN,TX,75474,9033562449,PRESIDENT,3336C0004X|3336C0003X,tier_1_primary_pharmacy,Y,Y,
1558466243,NET TIME INC,2333 W ROCHELLE RD,,IRVING,TX,750627050,8178681700,DIRECTOR,3336M0002X,tier_2_secondary_pharmacy,N,Y,
1629174214,"AMERITA, INC.",6015 RANDOLPH BLVD,,SAN ANTONIO,TX,782335719,2109307200,CFO,3336H0001X,tier_1_primary_pharmacy,Y,Y,
1295831337,"NATIONAL HEALTH CARE PHARMACY, L.L.C.",6701 RANDOL MILL RD,,FORT WORTH,TX,761121255,8174929101,PIC/PHARMACIST,3336L0003X,tier_1_primary_pharmacy,Y,Y,
1417054412,NAJERAUSA INTERNATIONAL,7430 REMCON CIR,,EL PASO,TX,799123514,9157606900,PHARMACY MANAGER,3336C0003X,tier_1_primary_pharmacy,Y,Y,
1972600252,GENERIC PHARMACY INC,13125 EAST FWY,,HOUSTON,TX,770155803,7134519969,PHRMCST,333600000X|3336C0003X,tier_1_primary_pharmacy,Y,Y,
1548367477,BEST DISCOUNT PHARMACY,2316 34TH ST,,LUBBOCK,TX,794111634,8067954353,PRESIDENT,333600000X|3336C0003X,tier_1_primary_pharmacy,Y,Y,
1457458382,SUMARK LLC,210 NELSON ST,STE E,YOAKUM,TX,779952750,3617417455,PHCY/MNGR,333600000X|3336C0003X,tier_1_primary_pharmacy,Y,Y,
1700984358,AP PHARMACY LLC,2329 N RIVERSIDE DR,,FORT WORTH,TX,761112904,8178382319,OFFICER,3336C0003X,tier_1_primary_pharmacy,Y,Y,
1972600120,SALINAS PHARMACY INC.,500 N SAM HOUSTON BLVD STE A,,SAN BENITO,TX,785864669,9563995501,PIC,3336C0003X,tier_1_primary_pharmacy,Y,Y,
1447357348,ARAPAHO PHARMACY,57 ARAPAHO VILLAGE,,RICHARDSON,TX,75088,9722357133,PHARMACIST IN CHARGE,3336C0003X,tier_1_primary_pharmacy,Y,Y,
1851499453,BEXAR COUNTY HOSPITAL DISTRICT,4502 MEDICAL DR,,SAN ANTONIO,TX,782294402,2103582905,"SENIOR VP, CHIEF PHARMACY OFFICER",3336S0011X|3336C0003X,tier_1_primary_pharmacy,Y,Y,
1699873190,"LAREDO DOWNTOWN PHARMACY, INC.",1219 MATAMOROS ST,,LAREDO,TX,780405069,9567264512,OWNER,333600000X,tier_1_primary_pharmacy,Y,Y,
1386741569,"L & B DRUG, INC.",701 HICKORY ST,,ABILENE,TX,796015005,3256779191,PRESIDENT,3336L0003X|333600000X,tier_1_primary_pharmacy,Y,Y,
1982702403,PRESCRIPTION SHOP INC,909 E HOLLAND AVE,,ALPINE,TX,798305023,4328373498,PRES.,333600000X|3336C0003X,tier_1_primary_pharmacy,Y,Y,
1669579504,SOUTHSIDE PHARMACY INC,3141 GOLLIHAR RD,,CORPUS CHRISTI,TX,784155057,3618528288,PHARMACIST OWNER,333600000X|3336C0003X,tier_1_primary_pharmacy,Y,Y,
1578660411,JORDAN PHARMACY INC,107 N RICE ST,,HAMILTON,TX,765311857,2543863111,OWNER,3336L0003X|3336C0004X|333600000X|3336C0003X,tier_1_primary_pharmacy,Y,Y,
1487751327,B & B PHARMACY INC,300 N BALLARD ST,,PAMPA,TX,790656542,8066655788,PRESIDENT,333600000X|3336L0003X|3336C0003X,tier_1_primary_pharmacy,Y,Y,
1396842134,ECONOMY PROFESSIONAL PHARMACY INC,112 S MONTGOMERY ST,,SAN AUGUSTINE,TX,759721943,9362752346,PRESIDENT OWNER,333600000X|3336C0003X,tier_1_primary_pharmacy,Y,Y,
1205933041,TRUONG PHAN ENTERPRISE LLC,2404 SMITH RANCH RD STE 100,,PEARLAND,TX,775845233,7134363344,PRESIDENT,333600000X|3336C0004X|3336C0003X,tier_1_primary_pharmacy,Y,Y,
1396842571,"SALINAS PHARMACY, INC.",1022 S F ST,,HARLINGEN,TX,785506749,9564251156,CEO/ PHARMACIST,3336C0003X,tier_1_primary_pharmacy,Y,Y,
1144328311,"H-E-B, LP",3025 DOWLEN RD,,BEAUMONT,TX,77706,4098604212,GOVERNMENT PROGRAMS MANAGER,3336C0003X,tier_1_primary_pharmacy,Y,N,H-E-B
1225136575,"RX DIRECT, INC.",1311 W. SAM HOUSTON PKWY N.,SUITE 140,HOUSTON,TX,77043,8668392035,PRESIDENT,3336L0003X,tier_1_primary_pharmacy,Y,Y,
1831297878,EASTLAND DRUG COMPANY INCORPORATED,805 W MAIN ST,,EASTLAND,TX,764482536,2546291791,PHARMACIST AND OWNER,333600000X|3336C0003X,tier_1_primary_pharmacy,Y,Y,
1407955339,H ALEJANDRO PRETI MD PA,6560 FANNIN ST,STE 1224,HOUSTON,TX,770302761,7137950933,PRESIDENT,3336C0003X|3336S0011X|3336C0002X,tier_1_primary_pharmacy,Y,Y,
1982703815,"LONE STAR COMMUNITY HEALTH CENTER, INC.",605 S CONROE MEDICAL DR,,CONROE,TX,773044722,9365235227,CHIEF EXECUTIVE OFFICER,3336C0002X|3336C0003X,tier_1_primary_pharmacy,Y,Y,
1811096605,LIFECHEK DENISON LLC,103 S BROADWAY,,ELSA,TX,78543,9562623361,OWNER/PRESIDENT,333600000X|3336L0003X|3336C0003X,tier_1_primary_pharmacy,Y,Y,
1508965435,UNIVERSITY OF TEXAS M D ANDERSON,1515 HOLCOMBE BLVD UNIT 90,,HOUSTON,TX,770304000,7137926125,"DIRECTOR, PHARMACY OPERATIONS",3336S0011X|3336I0012X|3336C0002X,tier_1_primary_pharmacy,Y,Y,
1174622005,PHARMPRORX LLC,1105 SANTA FE DR,STE 107,WEATHERFORD,TX,760865811,6822621506,PIC,3336C0003X|3336L0003X,tier_1_primary_pharmacy,Y,Y,
1780782771,HALE CENTER CLINICAL PHARMACY LLC,601 AVENUE G,,HALE CENTER,TX,790411450,8068392466,PRESIDENT/PIC,333600000X|3336C0003X,tier_1_primary_pharmacy,Y,Y,
1740389139,MED RX SYSTEMS,802A E UNIVERSITY DR,,EDINBURG,TX,785393632,9563832600,OWNER/RPH,3336C0003X,tier_1_primary_pharmacy,Y,Y,
1790884013,BROOKSHIRE BROTHERS INC,810 S STATE ST,,MADISONVILLE,TX,778641927,9363482731,CHIEF OPERATIONS OFFICER,333600000X|3336C0003X,tier_1_primary_pharmacy,Y,Y,
1609975929,BROOKSHIRE BROTHERS INC,15303 HIGHWAY 124,,BEAUMONT,TX,777059127,4097942006,PRESIDENT CEO,333600000X|3336C0003X,tier_1_primary_pharmacy,Y,Y,
1518066836,BROOKSHIRE BROTHERS INC,210 N MAIN ST,,BRYAN,TX,778033236,9798221383,PRESIDENT CEO,3336C0003X,tier_1_primary_pharmacy,Y,Y,
1427157742,BROOKSHIRE BROTHERS INC,333 HIGHWAY 96 S,,SILSBEE,TX,776564807,4093859148,CHIEF OPERATIONS OFFICER,333600000X|3336C0003X,tier_1_primary_pharmacy,Y,Y,
1336248657,BROOKSHIRE BROTHERS INC,309 N LASALLE,,NAVASOTA,TX,77868,9368258793,CHIEF OPERATIONS OFFICER,333600000X|3336C0003X,tier_1_primary_pharmacy,Y,Y,
1245339563,BROOKSHIRE BROTHERS INC,816 N TIMBERLAND DR,,LUFKIN,TX,759013138,9366348722,CHIEF OPERATIONS OFFICER,333600000X|3336C0003X,tier_1_primary_pharmacy,Y,Y,
1154420479,BROOKSHIRE BROTHERS INC,1216 SOUTH ST,,NACOGDOCHES,TX,759645942,9365690687,CHIEF OPERATIONS OFFICER,333600000X|3336C0003X,tier_1_primary_pharmacy,Y,Y,
1063511384,BROOKSHIRE BROTHERS INC,155 W MONROE ST,,KOUNTZE,TX,776257613,4092462525,CHIEF OPERATIONS OFFICER,333600000X|3336C0003X,tier_1_primary_pharmacy,Y,Y,
1780783001,BROOKSHIRE BROTHERS INC,425 N MAIN ST,,RUSK,TX,757851331,9036832358,CHIEF OPERATIONS OFFICER,333600000X|3336C0003X,tier_1_primary_pharmacy,Y,Y,
1598864811,BROOKSHIRE BROTHERS INC,104 N MAIN ST,,HUNTINGTON,TX,759498620,9368765154,CHIEF OPERATIONS OFFICER,333600000X|3336C0003X,tier_1_primary_pharmacy,Y,Y,
1407955727,BROOKSHIRE BROTHERS INC,18535 FM 1488 RD,,MAGNOLIA,TX,773542700,2813566103,VICE PRESIDENT OF RETAIL,333600000X|3336C0003X,tier_1_primary_pharmacy,Y,Y,
1225137540,BROOKSHIRE BROTHERS INC,1420 N UNIVERSITY DR,,NACOGDOCHES,TX,759614221,9365640800,CHIEF OPERATIONS OFFICER,333600000X|3336C0003X,tier_1_primary_pharmacy,Y,Y,
1881793107,BROOKSHIRE BROTHERS INC,210 E CHEROKEE ST,,JACKSONVILLE,TX,757664810,9035862284,CHIEF OPERATIONS OFFICER,333600000X|3336C0003X,tier_1_primary_pharmacy,Y,Y,
1316046634,BROOKSHIRE BROTHERS INC,513 E AUSTIN ST,,GIDDINGS,TX,789423305,9795423308,CHIEF OPERATIONS OFFICER,333600000X|3336C0003X,tier_1_primary_pharmacy,Y,Y,
1134228455,BROOKSHIRE BROTHERS INC,705 W COLUMBIA ST,,SAN AUGUSTINE,TX,759721710,9362759060,CHIEF OPERATIONS OFFICER,333600000X|3336C0003X,tier_1_primary_pharmacy,Y,Y,
1306945621,BROOKSHIRE BROTHERS INC,1250 W MCGREGOR DR,,MC GREGOR,TX,766571169,2548402011,CHIEF OPERATIONS OFFICER,333600000X|3336C0003X,tier_1_primary_pharmacy,Y,Y,
1871692194,BROOKSHIRE BROTHERS LTD,23221 ALDINE WESTFIELD RD,,SPRING,TX,773737755,2813551550,PHARMACY ADMINISTRATOR,333600000X|3336C0003X,tier_1_primary_pharmacy,Y,Y,
1043319361,BROOKSHIRE BROTHERS INC,520 S MAGNOLIA ST,,WOODVILLE,TX,759795527,4092838323,CHIEF OPERATIONS OFFICER,333600000X|3336C0003X,tier_1_primary_pharmacy,Y,Y,
1851490171,BROOKSHIRE BROTHERS INC,2601 11TH ST,,HUNTSVILLE,TX,773403728,9364351234,CHIEF OPERATIONS OFFICER,333600000X|3336C0003X,tier_1_primary_pharmacy,Y,Y,
1760581086,BROOKSHIRE BROTHERS INC,412 W PANOLA ST,,CARTHAGE,TX,756332537,9036936791,CHIEF OPERATIONS OFFICER,333600000X|3336C0003X,tier_1_primary_pharmacy,Y,Y,
1679672992,BROOKSHIRE BROTHERS INC,105 HURST ST,,CENTER,TX,759354319,9365919122,CHIEF OPERATIONS OFFICER,333600000X|3336C0003X,tier_1_primary_pharmacy,Y,Y,
1588763809,BROOKSHIRE BROTHERS INC,1807 W FRANK AVE,,LUFKIN,TX,759045108,9366348394,CHIEF OPERATIONS OFFICER,3336C0003X,tier_1_primary_pharmacy,Y,Y,
1396844619,BROOKSHIRE BROTHERS INC,403 E HIGHWAY 90,,DAYTON,TX,775352629,9362582166,PRESIDENT CEO,333600000X|3336C0003X,tier_1_primary_pharmacy,Y,Y,
1205935525,BROOKSHIRE BROTHERS INC,14981 OLD TRINITY RD,,ONALASKA,TX,77360,9366462488,CHIEF OPERATION OFFICER,333600000X|3336C0003X,tier_1_primary_pharmacy,Y,Y,
1114026432,BROOKSHIRE BROTHERS INC,14100 RANCH ROAD 12,SUITE 2A,WIMBERLEY,TX,786765354,5128477520,CHIEF OPERATIONS OFFICER,333600000X|3336C0003X,tier_1_primary_pharmacy,Y,Y,
1023117348,BROOKSHIRE BROTHERS INC,21005 EVA ST,,MONTGOMERY,TX,773561897,9365978002,PRESIDENT CEO,333600000X|3336C0003X,tier_1_primary_pharmacy,Y,Y,
1932208253,BROOKSHIRE BROTHERS INC,1514 N TEXANA ST,,HALLETTSVILLE,TX,779642036,3617983229,CHIEF OPERATIONS OFFICER,333600000X|3336C0003X,tier_1_primary_pharmacy,Y,Y,
1841399169,BROOKSHIRE BROTHERS INC,202 N MAIN ST,,LUMBERTON,TX,776577345,4097550451,CHIEF OPERATIONS OFFICER,333600000X|3336C0003X,tier_1_primary_pharmacy,Y,Y,
1750480075,BROOKSHIRE BROTHERS INC,720 S FRONT ST,,BELLVILLE,TX,774182926,9798658380,PRESIDENT CEO,333600000X|3336C0003X,tier_1_primary_pharmacy,Y,Y,
1982703203,BROOKSHIRE BROTHERS INC,603 E HOUSTON ST,,CLEVELAND,TX,773274877,2815925257,CHIEF OPERATIONS OFFICER,333600000X|3336C0003X,tier_1_primary_pharmacy,Y,Y,
1972602290,BROOKSHIRE BROTHERS INC,1253 W CHURCH ST,,LIVINGSTON,TX,773513018,9363274354,CHIEF OPERATIONS OFFICER,333600000X|3336C0003X,tier_1_primary_pharmacy,Y,Y,
1144329467,BROOKSHIRE BROTHERS INC,1380 N MAIN ST,,VIDOR,TX,776623727,4097692439,CHIEF OPERATIONS OFFICER,333600000X|3336C0003X,tier_1_primary_pharmacy,Y,Y,
1053410373,BROOKSHIRE BROTHERS LTD,1906 N FRAZIER ST,,CONROE,TX,773011240,9367565566,PHARMACY ADMINISTRATOR,333600000X|3336C0003X,tier_1_primary_pharmacy,Y,Y,
1962501288,BROOKSHIRE BROTHERS INC,400 W 2ND ST,,HEARNE,TX,778592566,9792795343,CHIEF OPERATIONS OFFICER,333600000X|3336C0003X,tier_1_primary_pharmacy,Y,Y,
1952400277,BROOKSHIRE BROTHERS INC,401 N 4TH ST,,CROCKETT,TX,758351525,9365448188,VICE PRESIDENT OF RETAIL,333600000X|3336C0003X,tier_1_primary_pharmacy,Y,Y,
1861591182,BROOKSHIRE BROTHERS INC,303 N AUSTIN PKWY,,BRENHAM,TX,778333134,9798362567,CHIEF OPERATIONS OFFICER,333600000X|3336C0003X,tier_1_primary_pharmacy,Y,Y,
1770682098,BROOKSHIRE BROTHERS INC,1125 S WHEELER ST,,JASPER,TX,759515117,4093847330,CHIEF OPERATIONS OFFICER,333600000X|3336C0003X,tier_1_primary_pharmacy,Y,Y,
1487754339,"AMEHRCO ENTERPRISES, INC.",7878 GATEWAY BLVD E,102,EL PASO,TX,799151802,9155951300,PRESIDENT,3336C0003X,tier_1_primary_pharmacy,Y,Y,
1336248376,MILES DRUG COMPANY,122 N EAST ST,,ATLANTA,TX,75551,9037962815,PHARMACIST OWNER,3336C0003X,tier_1_primary_pharmacy,Y,Y,
1386744720,BROOKSHIRE BROTHERS INC,520 W FIRST ST,,GROVETON,TX,758454175,9366421174,VICE PRESIDENT OF RETAIL,333600000X|3336C0003X,tier_1_primary_pharmacy,Y,Y,
1376643718,BROOKSHIRE BROTHERS INC,725 W CAMERON AVE,,ROCKDALE,TX,765672711,5124465056,CHIEF OPERATIONS OFFICER,333600000X|3336C0003X,tier_1_primary_pharmacy,Y,Y,
1285734624,BROOKSHIRE BROTHERS INC,14761 HWY 150 WEST,,COLDSPRING,TX,77331,9366538201,CHIEF OPERATIONS OFFICER,333600000X|3336C0003X,tier_1_primary_pharmacy,Y,Y,
1194825547,BROOKSHIRE BROTHERS INC,455 HWY 36 N,,CALDWELL,TX,77836,9795671446,CHIEF OPERATIONS OFFICER,3336C0003X,tier_1_primary_pharmacy,Y,Y,
1003916453,BROOKSHIRE BROTHERS INC,300 WEST HWY 84,,FAIRFIELD,TX,75840,9033892455,PRESIDENT CEO,333600000X|3336C0003X,tier_1_primary_pharmacy,Y,Y,
1912007360,BROOKSHIRE BROTHERS INC,420 N HILL ST,,TATUM,TX,756911783,9039472174,CHIEF OPERATIONS OFFICER,333600000X|3336C0003X,tier_1_primary_pharmacy,Y,Y,
1821198276,BROOKSHIRE BROTHERS INC,2075 WORTH ST.,,HEMPHILL,TX,75948,4097872356,CHIEF OPERATIONS OFFICER,333600000X|3336C0003X,tier_1_primary_pharmacy,Y,Y,
1730289182,BROOKSHIRE BROTHERS LTD,1807 W FRANK AVE,SUITE B,LUFKIN,TX,759043185,9366343285,PHARMACY ADMINISTRATOR,3336L0003X,tier_1_primary_pharmacy,Y,Y,
1649370099,BROOKSHIRE BROTHERS INC,403 E MAIN ST,,MADISONVILLE,TX,778642032,9363486951,CHIEF OPERATIONS OFFICER,333600000X|3336C0003X,tier_1_primary_pharmacy,Y,Y,
1003916446,BROOKSHIRE BROTHERS INC,16800 SH 36 SOUTH,,SOMERVILLE,TX,77879,9795963081,PRESIDENT CEO,333600000X|3336C0003X,tier_1_primary_pharmacy,Y,Y,
1912007352,BROOKSHIRE BROTHERS INC,20185 US HIGHWAY 59,69,NEW CANEY,TX,773578358,2816893936,CHIEF OPERATIONS OFFICER,333600000X|3336C0003X,tier_1_primary_pharmacy,Y,Y,
1821198268,BROOKSHIRE BROTHERS INC,272 N MARCUS,,ALTO,TX,75925,9368584311,CHIEF OPERATIONS OFFICER,333600000X|3336C0003X,tier_1_primary_pharmacy,Y,Y,
1699875930,MAXOR NATIONAL PHARMACY SERVICES LLC,1058 HERCULES AVE,,HOUSTON,TX,770582722,2814800327,PRESIDENT PHARMACY SERVICES,333600000X|3336C0003X,tier_1_primary_pharmacy,Y,Y,
1144320482,MAXOR NATIONAL PHARMACY SERVICES LLC,6101 43RD ST STE C,,LUBBOCK,TX,794073750,8006586046,"PRESIDENT, PHARMACY SERVICES",3336H0001X|3336S0011X|333600000X|3336C0003X,tier_1_primary_pharmacy,Y,Y,
1871693119,MAXOR NATIONAL PHARMACY SERVICES LLC,216 S POLK ST,,AMARILLO,TX,791011407,8666296779,PRESIDENT PHARMACY SERVICES,3336H0001X|3336S0011X|333600000X|3336C0003X,tier_1_primary_pharmacy,Y,Y,
1194825539,BROOKSHIRE BROTHERS INC,300 BS HWY 290 E,,HEMPSTEAD,TX,77445,9798264895,CHIEF OPERATIONS OFFICER,333600000X|3336C0003X,tier_1_primary_pharmacy,Y,Y,
1588764880,"REZIK A SAQER, MD, PA",3074 COLLEGE PARK DR STE B,,CONROE,TX,773848002,9363215600,PHARMACIST IN CHARGE,3336C0003X,tier_1_primary_pharmacy,Y,Y,
1114027414,HIGHLANDER PHARMACY LLC,2225 VATICAN LN,,DALLAS,TX,752244719,8173752036,"MANAGER, PHARMACY LICENSING/CONTRAC",3336C0004X|3336C0003X,tier_1_primary_pharmacy,Y,Y,
1013017458,BROOKSHIRE BROTHERS INC,295 HIGHWAY 105 E,,SOUR LAKE,TX,776597783,4092873525,PRESIDENT CEO,333600000X|3336C0003X,tier_1_primary_pharmacy,Y,Y,
1922108364,BROOKSHIRE BROTHERS INC,204 BROADWAY,,WINNIE,TX,77665,4092962175,CHIEF OPERATIONS OFFICER,333600000X|3336C0003X,tier_1_primary_pharmacy,Y,Y,
1831299270,BROOKSHIRE BROTHERS INC,701 W COURT ST,,NEWTON,TX,759663007,4093795160,CHIEF OPERATIONS OFFICER,333600000X|3336C0003X,tier_1_primary_pharmacy,Y,Y,
1740380187,BROOKSHIRE BROTHERS INC,515 S ROBB ST,,TRINITY,TX,758627618,9365942549,CHIEF OPERATIONS OFFICER,333600000X|3336C0003X,tier_1_primary_pharmacy,Y,Y,
1659471092,BROOKSHIRE BROTHERS INC,223 AND ONE HALF TEMPLE DR,,DIBOLL,TX,75941,9368293671,PRESIDENT CEO,333600000X|3336C0003X,tier_1_primary_pharmacy,Y,Y,
1568562908,BROOKSHIRE BROTHERS LTD,508 S VANBUREN,,HENDERSON,TX,75652,9036573338,PHARMACY ADMINISTRATOR,333600000X|3336C0003X,tier_1_primary_pharmacy,Y,Y,
1477653814,BROOKSHIRE BROTHERS INC,18640 FM 1488 RD STE C,,MAGNOLIA,TX,773548517,2813564303,CHIEF OPERATIONS OFFICER,333600000X|3336C0003X,tier_1_primary_pharmacy,Y,Y,
1730289174,BROOKSHIRE BROTHERS INC,3523 AND ONE HALF FRONT ST,,BROOKSHIRE,TX,77423,2819348441,CHIEF OPERATIONS OFFICER,333600000X|3336C0003X,tier_1_primary_pharmacy,Y,Y,
1649370081,BROOKSHIRE BROTHERS INC,301 S CHESTNUT ST,,LUFKIN,TX,759014905,9366377066,CHIEF OPERATIONS OFFICER,333600000X|3336C0003X,tier_1_primary_pharmacy,Y,Y,
1558461996,BROOKSHIRE BROTHERS INC,406 N FRONTAGE RD,,LORENA,TX,766553812,2548573955,CHIEF OPERATIONS OFFICER,333600000X|3336C0003X,tier_1_primary_pharmacy,Y,Y,
1467552802,BROOKSHIRE BROTHERS INC,1220 W COMMERCE,,BUFFALO,TX,75831,9033221315,CHIEF OPERATIONS OFFICER,333600000X|3336C0003X,tier_1_primary_pharmacy,Y,Y,
1952401259,"FOUNDER PROJECT RX, INC.",800 8TH AVENUE,SUITE #130,FORT WORTH,TX,76104,8173355712,"PRESIDENT, MANAGING OFFICER",333600000X|3336S0011X|3336C0003X,tier_1_primary_pharmacy,Y,Y,
1770683070,"TEXAS DIGESTIVE DISEASE CONSULTANTS, PLLC",18707 HARDY OAK BLVD.,SUITE 204,SAN ANTONIO,TX,78258,2106145506,MANAGING OFFICER,333600000X|3336S0011X|3336C0003X,tier_1_primary_pharmacy,Y,Y,
1760582068,"PROVIDERX OF SAN ANTONIO, LLC",11335 WEST AVE,,SAN ANTONIO,TX,782131341,2103993570,GENERAL MANAGER,3336L0003X,tier_1_primary_pharmacy,Y,Y,
1780784090,"HARRINGTON'S ACQUISITION, INC",3434 SWISS AVE,,DALLAS,TX,75204,2148234520,VP OPERATIONS,333600000X|3336C0003X,tier_1_primary_pharmacy,Y,Y,
1598865800,EXECUTIVE HEALTHCARE,6303 FOREST PARK RD,STE A 255,DALLAS,TX,752355450,2143578889,OWNER,3336C0004X|3336C0003X,tier_1_primary_pharmacy,Y,Y,
1073613394,"H-E-B, LP",6711 S FRY RD,,KATY,TX,77494,2813921188,GOVERNMENT PROGRAMS MANAGER,333600000X|3336C0003X,tier_1_primary_pharmacy,Y,N,H-E-B
1801997937,BRUCE W ROGERS,4402 N LAURENT ST,,VICTORIA,TX,779012742,3615783521,PRESIDENT,3336C0003X,tier_1_primary_pharmacy,Y,Y,
1508957549,ARTHUR LEE DANIEL JR.,6898 DONIPHAN,,CANUTILLO,TX,79835,9158773124,OWNER,333600000X|3336C0003X,tier_1_primary_pharmacy,Y,Y,
1013008499,"HAWK PHARMACY, INC",120 W PARK AVE,,IOWA PARK,TX,76367,9405924191,OWNER,3336C0003X|3336L0003X,tier_1_primary_pharmacy,Y,Y,
1093806408,RGV DOCTORS PHARMACY LLC,5416 S JACKSON RD STE B,,EDINBURG,TX,785398332,9566860008,CHIEF PHARMACIST,333600000X,tier_1_primary_pharmacy,Y,Y,
1699867853,ELECTRA HOSPITAL DISTRICT,111 W CLEVELAND,,ELECTRA,TX,76360,9404952335,CEO,3336L0003X|3336C0003X,tier_1_primary_pharmacy,Y,Y,
1255423612,"SAENZ MEDICAL PHARMACY RIDGE, INC.",1200 E RIDGE RD,SUITE 13,MCALLEN,TX,785031527,9566302500,OWNER/ PRESIDENT/PHARMACIST,3336C0003X,tier_1_primary_pharmacy,Y,Y,
1033201702,"GILLEY'S PHARMACY, INC",2600 W JEFFERSON,227,DALLAS,TX,75211,2149465111,PRES,333600000X,tier_1_primary_pharmacy,Y,Y,
1689767030,MEDICAL PLAZA PHARMACY INC,13725 NORTHWEST BLVD,SUITE 130,CORPUS CHRISTI,TX,784105127,3613870005,PIC OWNER,333600000X|3336C0003X,tier_1_primary_pharmacy,Y,Y,
1497848840,"AMEX PHARMACY NO.2,INC",906 WAYSIDE DR,STE P,HOUSTON,TX,770112518,7134579333,PHARMACIST,3336C0003X,tier_1_primary_pharmacy,Y,Y,
1306939756,GOOD NEWS WHOLESALE INC,902 MAIN ST,,FRIONA,TX,790352042,8062502270,OWNER AND PHARMACIST,3336L0003X|333600000X|3336C0003X,tier_1_primary_pharmacy,Y,Y,
1215020664,NOLEN PHARMACY INC,700 W DICKINSON BLVD,,FORT STOCKTON,TX,797354230,4323362201,STORE MANAGER,333600000X|3336C0003X,tier_1_primary_pharmacy,Y,Y,
1942393392,CANADIAN PHARMACY MANAGEMENT LLC,200 CHEYENNE AVE,,CANADIAN,TX,790143018,8063236171,PIC,3336L0003X|333600000X|3336C0004X|3336C0003X,tier_1_primary_pharmacy,Y,Y,
1760575112,ALMEDA PHARMACY,5445 ALMEDA RD,,HOUSTON,TX,770047434,7135331508,PRESIDENT,3336C0003X,tier_1_primary_pharmacy,Y,Y,
1679666028,"LAMAR PLAZA DRUG STORE LA&B, LLC",1509 S LAMAR BLVD,STE 550,AUSTIN,TX,787042965,5124426777,"CO-OWNER, PHAMD",333600000X|3336C0004X|3336S0011X|3336C0003X,tier_1_primary_pharmacy,Y,Y,
1588757934,PRO SCRIPT PHARMACY SERVICES INC,911 S AIRPORT DR,,WESLACO,TX,785966651,9569693784,OWNER,333600000X|3336C0003X,tier_1_primary_pharmacy,Y,Y,
1396838744,BENCKALL GROUP INCORPORATED,4302 CENTER ST,,HOUSTON,TX,770075616,7138640808,PRESIDENT,333600000X|3336C0003X,tier_1_primary_pharmacy,Y,Y,
1396838629,"SCHULZ & WROTEN PHARMACY, INC.",122 N WASHINGTON ST,,BEEVILLE,TX,781024509,3613581150,PHARMACIST IN CHARGE,3336C0003X,tier_1_primary_pharmacy,Y,Y,
1104919216,"ST. MARIE CLINIC, P.A.",305 E EXPRESSWAY 83,,MISSION,TX,785725560,9565852009,CEO/OWNER,3336C0002X,tier_1_primary_pharmacy,Y,Y,
1033202700,HERVEY & BETHARD INC.,1900 S. HIGH ST.,,LONGVIEW,TX,75602,9037588286,PHARMACIST/OWNER,3336C0003X|3336L0003X,tier_1_primary_pharmacy,Y,Y,
1265525950,PRESCRIPTION SHOP,143 CRAIG STREET,,KENEDY,TX,78119,8305839652,PHARMACIST/OWNER,3336C0003X,tier_1_primary_pharmacy,Y,Y,
1699868729,HIGHLAND PARK DRUG STORE INC,3801 N CAPITAL OF TEXAS HWY STE G200,,AUSTIN,TX,787461487,5123298667,PRESIDENT,333600000X|3336C0003X,tier_1_primary_pharmacy,Y,Y,
1215020805,"MORKIN COMPANIES, INC.",7650 EASTEX FWY BLDG B,,BEAUMONT,TX,777082817,4098351000,OFFICE MANAGER/DELEGATED AGENT,3336M0002X,tier_2_secondary_pharmacy,N,Y,
1649363318,CHANDLER DRUG LLC,201 STATE HIGHWAY 31 E,,CHANDLER,TX,757582378,9038496442,OWNER,3336L0003X|333600000X|3336C0003X,tier_1_primary_pharmacy,Y,Y,
1558454421,BOWERS PRESCRIPTION LLC,121 E TEXAS BLVD,,DALHART,TX,790224319,8062494343,OWNER/MGR,3336L0003X|3336C0003X,tier_1_primary_pharmacy,Y,Y,
1407949217,CANTUS PHARMACY,504 S CLOSNER BLVD,,EDINBURG,TX,785394660,9563831239,OWNER,3336C0003X|3336C0004X,tier_1_primary_pharmacy,Y,Y,
1376638999,PRESBYTERIAN APOTHECARY,8210 WALNUT HILL LN STE 113,,DALLAS,TX,752314418,2143457759,STAFF,333600000X|3336C0003X,tier_1_primary_pharmacy,Y,Y,
1104910413,DALLAS COUNTY MENTAL HEALTH & MENTAL RETARDATION CENTER,3230 REMOND DR,SUITE 162,DALLAS,TX,752111654,2143300036,CHIEF PHARMACY OFFICER,3336M0002X|333600000X|3336C0002X,tier_1_primary_pharmacy,Y,Y,
1366536583,GIBSON PHARMACY,2505 S CARRIER PKWY,,GRAND PRAIRIE,TX,750525017,9722640268,PHARMACIST,3336C0004X|3336C0003X,tier_1_primary_pharmacy,Y,Y,
1295829505,BEST VALUE PHARMACIES INC,1702 SANTA FE DR,,WEATHERFORD,TX,760866420,8175943435,VP,333600000X|3336C0003X,tier_1_primary_pharmacy,Y,Y,
1922192236,SOCO SCRIPTS INC,2105 W DAVIS ST STE A,,CONROE,TX,773042062,9364944002,OWNER PHARMACIST,333600000X|3336C0003X,tier_1_primary_pharmacy,Y,Y,
1831283142,BEST VALUE PHARMACIES INC,106 SW 6TH AVE,,MINERAL WELLS,TX,760675129,9403250734,VICE-PRESIDENT,3336C0003X,tier_1_primary_pharmacy,Y,Y,
1740374057,BEST VALUE PHARMACIES INC,800 MEDICAL CENTER DR STE A,,DECATUR,TX,762343844,9406275343,VICE-PRESIDENT,333600000X|3336C0003X,tier_1_primary_pharmacy,Y,Y,
1659465961,INTUNE SOLUTIONS CORPORATION,2713 W MORTON ST STE 103,,DENISON,TX,750201469,9034633985,OWNER,333600000X|3336C0003X,tier_1_primary_pharmacy,Y,Y,
1568556876,INTUNE SOLUTIONS CORPORATION,1624 N. TRAVIS ST.,,SHERMAN,TX,750923769,9038929291,OWNER,333600000X|3336C0003X,tier_1_primary_pharmacy,Y,Y,
1477647782,SMRX INC,2002 GRANT AVE,STE A,EL PASO,TX,799301017,9155446605,OWNER/PIC,333600000X|3336C0003X,tier_1_primary_pharmacy,Y,Y,
1437243623,REMEDIES PHARMACY INC,25 MEDICAL DR,,AMARILLO,TX,791064169,8062429400,PRESIDENT,3336C0003X,tier_1_primary_pharmacy,Y,Y,
1033203682,JPM HEALTHCARE LLC,3436 34TH ST,,LUBBOCK,TX,794102830,8067993636,OWNER/PRESIDENT,333600000X|3336C0004X|3336S0011X|3336C0003X,tier_1_primary_pharmacy,Y,Y,
1487748257,VALENZUELA ZAMORA SAN BENITO DRUG STORE INC,606 N ED CAREY DR STE B,SUITE B,HARLINGEN,TX,785507986,9563642600,VICE PRESIDENT OWNER,3336C0003X,tier_1_primary_pharmacy,Y,Y,
1740375377,TEXAS HEALTH PRESBYTERIAN HOSPITAL DALLAS,8200 WALNUT HILL LN,GROUND LOBBY,DALLAS,TX,752314426,2143452595,SVP REVENUE CYCLE,3336S0011X|333600000X|3336C0003X,tier_1_primary_pharmacy,Y,Y,
1497849251,JERRY MCWILLIAMS PHARMACY INC,3706 COLLEGE AVE,,SNYDER,TX,795494625,3255737582,OWNER,3336C0003X,tier_1_primary_pharmacy,Y,Y,
1821182643,JAYS PHARMACY,610 S BROADWAY ST,,MCALLEN,TX,785014906,9566824525,OWNER,3336C0003X,tier_1_primary_pharmacy,Y,Y,
1013001320,BEST VALUE PHARMACIES INC,3521 SW WILSHIRE BLVD STE B,,JOSHUA,TX,760586195,8174843267,VP,333600000X|3336C0003X,tier_1_primary_pharmacy,Y,Y,
1740374693,GREENSPOINT PHARMACY AND HEALTHCARE SERVICES LLC,12941 NORTH FWY STE 418,,HOUSTON,TX,770601242,2818724177,RPH/OWNER,3336C0003X|333600000X,tier_1_primary_pharmacy,Y,Y,
1215022975,TACKETT PHARMACY,132 EL CHICO TRL,,WILLOW PARK,TX,760878865,8174417046,OWNER PHARMACIST IN CHARGE,3336C0003X,tier_1_primary_pharmacy,Y,Y,
1205921293,LAMBERT S LABAY,1115 W LYNN ST,,AUSTIN,TX,787033951,5124761221,PHARMACIST,3336C0003X,tier_1_primary_pharmacy,Y,Y,
1568557635,PROFESSIONAL PHARMACY ENTERPRISES OF LANCASTER INC.,2700 W PLEASANT RUN RD STE 250,,LANCASTER,TX,751461004,9722232623,PRESIDENT,3336C0003X,tier_1_primary_pharmacy,Y,Y,
1417042268,"SANDER PHARMACY OF WESLACO, INC.",916 E 6TH ST,,WESLACO,TX,785966414,9569684528,PRESIDENT,333600000X|3336C0004X|3336C0003X,tier_1_primary_pharmacy,Y,Y,
1003901836,"JZC,INC",1922 E GRIFFIN PKWY,,MISSION,TX,785723106,9565834372,PHARMACIST,3336C0003X,tier_1_primary_pharmacy,Y,Y,
1063507267,GEE SHIPMAN PHARMACY,140 WEST LAMAR,,JASPER,TX,75951,4093844646,PHARMACIST OWNER,3336C0003X,tier_1_primary_pharmacy,Y,Y,
1093801607,LITTLEFIELD PRESCRIPTION SHOP LLC,1506 S SUNSET AVE STE A,,LITTLEFIELD,TX,793394813,8063854491,OWNER,3336L0003X|333600000X,tier_1_primary_pharmacy,Y,Y,
1083700215,HANEY & HANEY LLC,104 W COURT ST,,NEWTON,TX,759663249,4093799999,OPERATIONS MANAGER,333600000X|3336C0003X|3336L0003X,tier_1_primary_pharmacy,Y,Y,
1164518163,BURKE CENTER,2704 HOMER ALTO RD,,LUFKIN,TX,759048750,8005646701,DIRECTOR OF PHARMACY,333600000X|3336M0002X,tier_1_primary_pharmacy,Y,Y,
1578659314,FAMILY PHARMACY OF POTTSBORO,111 HIWAY 120E,SUITE 101,POTTSBORO,TX,750760000,9037862006,OWNER,3336C0003X,tier_1_primary_pharmacy,Y,Y,
1750478335,"UNITED SUPERMARKETS, LTD.",122 S MAIN ST,,PERRYTON,TX,790702659,8064353636,VP/CFO,3336C0003X,tier_1_primary_pharmacy,Y,Y,
1407943798,RED OAK DRUG INC,106 E OVILLA RD STE 1,,RED OAK,TX,751542480,9726172222,OWNER/PHARMACIST,3336C0004X|3336C0003X,tier_1_primary_pharmacy,Y,Y,
1740377944,FARMACIA DE MEDICIA INC,2715 FANNIN ST,,HOUSTON,TX,770029217,7138388110,PRESIDENT,3336C0002X|3336L0003X|333600000X|3336C0003X,tier_1_primary_pharmacy,Y,Y,
1659468858,"SPECIALIZED TRANSDERMAL, LLC",5633 S STAPLES ST,,CORPUS CHRISTI,TX,784114646,3613343493,CEO/PRESIDENT,333600000X|3336C0003X,tier_1_primary_pharmacy,Y,Y,
1194812396,L & R PHARMACY INC,215 ELLINGER RD,,LA GRANGE,TX,789453005,9799686404,PRESIDENT,333600000X|3336C0003X,tier_1_primary_pharmacy,Y,Y,
1477640670,TRINH INVESTMENTS LLC,7121 BROADWAY ST,,PEARLAND,TX,775817743,2814120377,PHARMACIST IN CHRG,333600000X|3336C0004X|3336C0003X,tier_1_primary_pharmacy,Y,Y,
1003903204,PLEASANT GROVE PHARMACY,3302 RICHMOND RD,,TEXARKANA,TX,755030703,9038324545,OWNER AND PHARMACIST,333600000X|3336C0003X,tier_1_primary_pharmacy,Y,Y,
1912094111,DALLAS COUNTY MENTAL HEALTH & MENTAL RETARDATION CENTER,3330 S LANCASTER RD,,DALLAS,TX,752164531,2143716639,CHIEF PHARMACY OFFICER,333600000X|3336C0002X,tier_1_primary_pharmacy,Y,Y,
1821185026,DALLAS COUNTY MENTAL HEALTH & MENTAL RETARDATION CENTER,4645 SAMUELL BLVD STE 107,,DALLAS,TX,752286826,2142757393,CHIEF PHARMACY OFFICER,333600000X|3336C0002X,tier_1_primary_pharmacy,Y,Y,
1730276932,DEANS PHARMACY,2217 PERRYTON PKWY,,PAMPA,TX,790653522,8066696896,OWNER,3336L0003X|3336M0002X|333600000X|3336C0003X,tier_1_primary_pharmacy,Y,Y,
1649367848,RWO LP,3322 OLTON RD,,PLAINVIEW,TX,790726630,8062932689,OWNER,333600000X|3336C0003X,tier_1_primary_pharmacy,Y,Y,
1366539272,DALLAS COUNTY MENTAL HEALTH & MENTAL RETARDATION CENTER,2600 N STEMMONS FWY STE 151,,DALLAS,TX,752072111,2147431229,DIRECTOR,3336C0002X,tier_1_primary_pharmacy,Y,Y,
1275620189,TEXAS CANCER ASSOCIATES PHARMACY,8440 WALNUT HILL LN,SUITE 600,DALLAS,TX,752313833,2147391706,CEO,3336C0003X,tier_1_primary_pharmacy,Y,Y,
1881781763,WILCOX DRUG STORE INC,1208 MILLER ST,,ANAHUAC,TX,775140220,4092676141,VP PIC,333600000X|3336C0003X,tier_1_primary_pharmacy,Y,Y,
1588752224,AUTREY I V THERAPY,1205 CENTRAL BLVD,,BROWNSVILLE,TX,785207531,9565480801,PARTNER AND PHARMACIST IN CHRG,3336C0004X|3336L0003X|3336H0001X|3336S0011X|333600000X|3336C0003X,tier_1_primary_pharmacy,Y,Y,
1407944382,"DAVY CROCKETT DRUG, INC.",107 S 4TH ST,,CROCKETT,TX,75835,9365442275,PRESIDENT,333600000X|3336L0003X|3336C0003X,tier_1_primary_pharmacy,Y,Y,
1225126121,MARILYN DEVERE,511 E DAVIS ST,,LULING,TX,786482317,8308752811,OWNER,333600000X|3336C0003X,tier_1_primary_pharmacy,Y,Y,
1427147412,GUARDIAN HEALTH SYSTEMS,2508 OAK LAWN AVE,,DALLAS,TX,75219,2142218181,OWNER/PRESIDENT,333600000X|3336H0001X,tier_1_primary_pharmacy,Y,Y,
1124116561,THE MED SHOP,110 N . WALNUT,,JEFFERSON,TX,75657,9036652525,OWNER,333600000X,tier_1_primary_pharmacy,Y,Y,
1578651683,LUPARELLOS CORNER PHARMACY LLC,3570 FANNETT RD,,BEAUMONT,TX,777051365,4098423222,OFFICER,3336C0003X,tier_1_primary_pharmacy,Y,Y,
1740379726,LOUIS MORGAN DRUG NO 5 INC,101 N RUSK ST,,OVERTON,TX,756841333,9038343178,OWNER,3336C0003X,tier_1_primary_pharmacy,Y,Y,
1912096850,KINDLE DRUG INC,511 E GARLAND ST,,GRAND SALINE,TX,751401984,9039623900,PHARMACIST,3336C0003X,tier_1_primary_pharmacy,Y,Y,
1861581597,"RENGAR ENTERPRISES, LLC",4203 JAMES CASEY,,AUSTIN,TX,78745,5124444938,OWNER,3336C0003X,tier_1_primary_pharmacy,Y,Y,
1326137480,AMADEO VALENZUELA JR,200 W COLORADO AVE,,RIO HONDO,TX,78583,9567482141,PRESIDENT,3336C0003X,tier_1_primary_pharmacy,Y,Y,
1609965789,SHAWS PHARMACY,102 E COMMERCE ST,,CROWELL,TX,79227,9406841581,OWNER,3336C0003X,tier_1_primary_pharmacy,Y,Y,
1801985593,RX PHARMACY INC,5600 S WILLOW DR,STE 113,HOUSTON,TX,770354713,7137234601,PHARMACY MANAGER,333600000X|3336C0003X,tier_1_primary_pharmacy,Y,Y,
1710076401,GOLDER PROFESSIONAL PHARMACY INC,319 GOLDER AVE,,ODESSA,TX,797615009,4323377311,VP AND OWNER,333600000X|3336C0003X,tier_1_primary_pharmacy,Y,Y,
1891885364,PORTER DRUG,1522 MAIN,,PETERSBURG,TX,79250,8066672231,OWNER PORTER DRUG,3336C0003X,tier_1_primary_pharmacy,Y,Y,
1841380219,BUNA PHARMACY LLC,351 TX STATE HIGHWAY 62,,BUNA,TX,776126473,4099943535,MANAGER,333600000X|3336C0003X,tier_1_primary_pharmacy,Y,Y,
1811087356,WALKER PHARMACY,402 B W UPSHUR,,GLADEWATER,TX,75647,9038452573,OWNER,3336C0003X,tier_1_primary_pharmacy,Y,Y,
1487744876,"STONE OAK PHARMACY, LP",18866 STONE OAK PKWY,SUITE: 101,SAN ANTONIO,TX,78258,2104944272,DIRECTOR OF PHARMACY / PIC / OWNER,333600000X|3336C0004X|3336C0003X,tier_1_primary_pharmacy,Y,Y,
1619067691,ALEXANDER PHARMACY LP,123 LEVERIDGE,,EAST BERNARD,TX,77435,9793354810,"OWNER,PIC,AO",3336C0004X|3336C0003X,tier_1_primary_pharmacy,Y,Y,
1861582793,BEST VALUE PHARMACIES INC,400 S MAIN ST,,RHOME,TX,760784425,8176385561,VICE PRESIDENT,333600000X|3336C0003X,tier_1_primary_pharmacy,Y,Y,
1952481459,HIGHLAND PARK DRUG STORE,3910 FAR WEST BLVD,,AUSTIN,TX,787312901,5123453712,PRESIDENT/PHARMACIST,3336C0003X,tier_1_primary_pharmacy,Y,Y,
1083794309,UNITED SUPERMARKETS LLC,2160 PINE ST,,ABILENE,TX,796012436,3256734737,DIRECTOR OF PHARMACY,3336C0003X,tier_1_primary_pharmacy,Y,Y,
1124108550,MEDICAL EDGE HEALTHCARE GROUP PA,15800 DOOLEY RD,STE 120,ADDISON,TX,750014284,9727880592,PRESIDENT,3336H0001X|3336C0004X|3336C0003X,tier_1_primary_pharmacy,Y,Y,
1861573008,BAYOS PHARMACY,2100 W COLORADO BLVD,,DALLAS,TX,75211,2149434631,PRESIDENT PHARMACIST IN CHARGE,3336C0003X,tier_1_primary_pharmacy,Y,Y,
1346322286,HARLINGEN MED-CENTER PHARMACY,5505 S EXPRESSWAY 77,SUITE 104,HARLINGEN,TX,785503214,9564125900,OWNER PHARMACIST,3336C0003X,tier_1_primary_pharmacy,Y,Y,
1679655633,"MEDICAL MED-CHOICE PHARMACY, LLC","3001 N. 23RD ST., STE. 9",,MCALLEN,TX,78501,9566182828,OWNER/MEMBER,3336C0003X,tier_1_primary_pharmacy,Y,Y,
1700968765,"M.A.M.T., LLC","1525 E. 6TH ST., STE. C",,WESLACO,TX,78596,9564475646,MEMBER,3336C0003X,tier_1_primary_pharmacy,Y,Y,
1477635423,LIFECHEK DENISON LLC,922 S CLOSNER BLVD STE A,,EDINBURG,TX,785395642,9563815646,COMPLIANCE COORDINATOR,3336L0003X|3336C0003X,tier_1_primary_pharmacy,Y,Y,
1306928361,CONQUEST PLAZA PHARMACY LLC.,308 CONQUEST BLVD.,,EDINBURG,TX,78539,9562872882,COMPLIANCE OFFICER,333600000X|3336C0004X|3336C0003X,tier_1_primary_pharmacy,Y,Y,
1275615221,"M.A.M.T., LLC",1022 E GRIFFIN PKWY STE 103,,MISSION,TX,785722401,9565815646,MEMBER,3336C0003X,tier_1_primary_pharmacy,Y,Y,
1821170002,"THREE RIVERS PHARMACY, LLC",101 W. THORNTON,,THREE RIVERS,TX,78071,3617863757,VICE PRESIDENT,3336C0003X,tier_1_primary_pharmacy,Y,Y,
1093897589,JMA PARTNERS,7920 ELMBROOK DRIVE,SUITE 108,DALLAS,TX,75247,2142218181,PRESIDENT/OWNER,333600000X|3336H0001X|3336C0004X,tier_1_primary_pharmacy,Y,Y,
1588746002,CHILDREN'S HEALTH SYSTEM OF TEXAS,1935 MEDICAL DISTRICT DR STE E1000,,DALLAS,TX,752357701,2144562879,CHIEF FINANCIAL OFFICER,3336C0004X|3336C0003X,tier_1_primary_pharmacy,Y,Y,
1083796866,NGUYEN-VU CO,11002 SCARSDALE BLVD,STE A,HOUSTON,TX,770896000,2814816602,PRESIDENT & PHARMACIST IN CHARGE,3336C0003X|333600000X,tier_1_primary_pharmacy,Y,Y,
1891877676,"TEXAS SPECIALTY PHARMACY, LLC",1200 BINZ STREET,SUITE 260 A,HOUSTON,TX,770046925,7135416567,CEO,333600000X|3336C0003X,tier_1_primary_pharmacy,Y,Y,
1700968583,"KILLION'S PHARMACY, LLC",396 W TEXAS AVE,,WASKOM,TX,756929113,9036872525,OWNER/PIC,333600000X|3336C0003X,tier_1_primary_pharmacy,Y,Y,
1619059490,SINDHU ENTERPRISE INC,7630 N BEACH ST,SUITE 170,FORT WORTH,TX,761371299,8174278774,PRESIDENT,3336C0003X,tier_1_primary_pharmacy,Y,Y,
1528140308,SMA GROUP INCORPORATED,8067 W VIRGINIA DR,,DALLAS,TX,752373767,2146353435,OFFICER,333600000X|3336C0003X,tier_1_primary_pharmacy,Y,Y,
1982787362,"RX HERRERA PHARMACY, INC.",1801 GUST ST,SUITE # 1,LAREDO,TX,780415414,9567270607,CHIEF PHARMACIST,3336C0003X,tier_1_primary_pharmacy,Y,Y,
1881777076,STRATFORD HOSPITAL DISTRICT,317 N. MAIN ST.,,STRATFORD,TX,79084,8063665505,PIC/MANAGER,333600000X|3336C0004X|3336L0003X|3336C0003X,tier_1_primary_pharmacy,Y,Y,
1770666968,TCC INC DBA SENIORX LTC,3536 E BROADWAY ST,STE 104,PEARLAND,TX,775814307,2814853282,PHARM,333600000X|3336C0003X|3336L0003X|3336M0002X|3336M0003X,tier_2_secondary_pharmacy,N,Y,
1144303264,GRACE CLINIC OF LUBBOCK,4515 MARSHA SHARP FWY,,LUBBOCK,TX,794072520,8067403305,ASSISTANT SECRETARY OF ENROLLMENTS,3336C0003X,tier_1_primary_pharmacy,Y,Y,
1952485153,COMPLETE PHARMACY SERVICES INC,7606 PEBBLE DR,BUILDING 28,FORT WORTH,TX,761186994,8172848280,OWNER,3336L0003X,tier_1_primary_pharmacy,Y,Y,
1497838064,SONNENBURG ENTERPRISES INC,203 E ACADEMY ST,,BRENHAM,TX,778333207,9798365684,PRES,333600000X|3336C0003X,tier_1_primary_pharmacy,Y,Y,
1275617219,"UNITED SUPERMARKETS, LTD.",922 S MAIN ST,,PERRYTON,TX,790704244,8064352211,VP/CFO,3336C0003X,tier_1_primary_pharmacy,Y,Y,
1033293162,EXPERTISE PHARMACY,8885 W BELLFORT ST,STE A,HOUSTON,TX,770312567,7137743331,PRESIDENT,3336C0003X,tier_1_primary_pharmacy,Y,Y,
1942384078,TARRYTOWN PHARMACY LLC,2727 EXPOSITION BLVD,STE 105,AUSTIN,TX,787031228,5124786419,PRESIDENT,333600000X|3336L0003X|3336C0003X,tier_1_primary_pharmacy,Y,Y,
1851475982,OCEANSIDE INTERNATIONAL INC,789 E PARK ROW DR,,ARLINGTON,TX,760104408,9725131900,PHARMACY DIRECTOR,333600000X|3336C0003X,tier_1_primary_pharmacy,Y,Y,
1760566897,DAUGHTERS OF CHARITY HLTH SRVS OF AUSTIN,1301 BARBARA JORDAN BLVD,STE 102,AUSTIN,TX,787233077,5123240903,PIC,3336C0002X|3336C0003X|3336C0004X,tier_1_primary_pharmacy,Y,Y,
1679657704,TITUS REGIONAL MEDICAL FOUNDATION,2001 N JEFFERSON AVE,STE #132,MT PLEASANT,TX,754552387,9035726418,CHIEF EXECUTIVE OFFICER,333600000X|3336C0003X,tier_2_secondary_pharmacy,N,Y,
1588748610,TARRANT COUNTY HOSPITAL DISTRICT,3200 W EULESS BLVD,,EULESS,TX,760406253,8177026474,PRESIDENT PHARMACY SERVICES,333600000X|3336C0003X,tier_1_primary_pharmacy,Y,Y,
1306920053,"GATEWAY COMMUNITY HEALTH CENTER, INC.",1515 PAPPAS ST,,LAREDO,TX,780411705,9565233605,CHIEF EXECUTIVE OFFICER,3336C0003X,tier_1_primary_pharmacy,Y,Y,
1972687614,EDGEWOOD DRUG INC,115 N HOUSTON ST,,EDGEWOOD,TX,751172502,9038961473,OWNER,333600000X|3336C0003X,tier_1_primary_pharmacy,Y,Y,
1881778520,COUNTY PHARMACY INC,602 E GALBRAITH ST,,HEBBRONVILLE,TX,783613400,3615273231,OWNER,333600000X|3336C0003X,tier_1_primary_pharmacy,Y,Y,
1023193158,"IVMEDCO, INC","3646 GRANBURY RD, STE 102",,FORT WORTH,TX,761093717,8173364863,OFFICER,3336H0001X,tier_1_primary_pharmacy,Y,Y,
1023193042,MIDTOWN PHARMACY LLC,12156 ALMEDA RD,,HOUSTON,TX,770453724,7134348349,CFO,333600000X,tier_1_primary_pharmacy,Y,Y,
1699850628,"DAVIS CITY PHARMACY,INC",111 TRINITY ST,,WEATHERFORD,TX,760863358,8175943851,PRESIDENT,3336C0004X|3336C0003X,tier_1_primary_pharmacy,Y,Y,
1841375136,JOHN J KOTZUR,214 E CALVERT AVE,,KARNES CITY,TX,781183210,8307802224,OWNER,333600000X|3336C0003X,tier_1_primary_pharmacy,Y,Y,
1750466041,CP,5309 FM 1252 W,,KILGORE,TX,756621966,9039833372,OWNER,3336C0003X,tier_1_primary_pharmacy,Y,Y,
1669557955,CHANEY FAMILY PHARMACY LLC,1001 HICKORY ST,,COLORADO CITY,TX,795125213,3257288030,PRESIDENT,333600000X|3336C0003X,tier_1_primary_pharmacy,Y,Y,
1578648861,KIM LONG PHARMACY,2800 TRAVIS ST,14A,HOUSTON,TX,770063550,7135201290,PIC,333600000X|3336C0003X,tier_1_primary_pharmacy,Y,Y,
1487739777,TARRANT COUNTY HOSPITAL DISTRICT,3301 STALCUP RD,,FT WORTH,TX,761191726,8177027165,PRESIDENT PHARMACY SERVICES,333600000X|3336C0003X,tier_1_primary_pharmacy,Y,Y,
1609951995,PILL BOX INC,4000 MONTANA AVE,,EL PASO,TX,799034510,9155624000,OWNER AND MANAGER,3336C0004X|3336L0003X|3336C0003X,tier_1_primary_pharmacy,Y,Y,
1518042803,"WEST OLD CORNER DRUG, INC",200 N MAIN ST,,WEST,TX,766911207,2548265122,PHARMACIST/PRESIDENT,333600000X|3336C0003X,tier_1_primary_pharmacy,Y,Y,
1427133719,TARRANT COUNTY HOSPITAL DISTRICT,4701 BRYANT IRVIN RD N,,FT WORTH,TX,761077627,8177027444,PRESIDENT PHARMACY SERVICES,333600000X|3336C0003X,tier_1_primary_pharmacy,Y,Y,
1215012570,"TEXAS HEMATOLOGY/ONCOLOGY CENTER, PA",4352 NORTH JOSEY LANE,,CARROLLTON,TX,75010,9723951010,PRESIDENT/OWNER,3336C0003X,tier_1_primary_pharmacy,Y,Y,
1174609994,"TEXANS PEOPLE PHARMACY AND WELLNESS CTR, LLC",6609 W SAM HOUSTON PKWY S STE 98B,,HOUSTON,TX,77072,7139958885,MEMBER MANAGED,333600000X|3336C0003X,tier_1_primary_pharmacy,Y,Y,
1194801753,TARRANT COUNTY HOSPITAL DISTRICT,1500 S MAIN ST STE OPC1,,FT WORTH,TX,761044917,8177021057,PRESIDENT PHARMACY SERVICES,333600000X|3336C0003X,tier_1_primary_pharmacy,Y,Y,
1316023880,RLS SUPERMARKETS LLC,3230 MARTIN LUTHER KING JR BLVD,,DALLAS,TX,752102417,2144211067,MANAGING OFFICER,3336C0003X,tier_1_primary_pharmacy,Y,Y,
1336225002,RED RIVER PHARMACY SERVICES,1327 COLLEGE DR,SUITE A,TEXARKANA,TX,755033531,9037921721,PHARMACIST IN CHARGE,3336L0003X,tier_1_primary_pharmacy,Y,Y,
1639255185,ADAMS PHARMACY INC,309 N HAMPTON RD,,DESOTO,TX,751154915,9722230444,PHARMACIST PRESIDENT,3336C0003X,tier_1_primary_pharmacy,Y,Y,
1356427819,RLS SUPERMARKETS LLC,4414 GUS THOMASSON RD,,MESQUITE,TX,751502232,9726135787,MANAGING OFFICER,3336C0003X,tier_1_primary_pharmacy,Y,Y,
1376629865,"TRAVIS C. MEITZEN,JR HUDMAN DRUG",201 N MAIN ST,,SAN ANGELO,TX,769034841,3256556961,OWNER PHARMACIST,333600000X|3336C0003X,tier_1_primary_pharmacy,Y,Y,
1811073281,DEWAYNE L CHAPMAN,207 N 3RD ST,,MABANK,TX,751478610,9038873711,OWNER-PHARMACIST,3336C0003X,tier_1_primary_pharmacy,Y,Y,
1346326683,HEALTH AND HUMAN SERVICES COMMISSION,11640 US HIGHWAY 87 N,,CARLSBAD,TX,769347000,3254654391,ASSOCIATE COMMISSIONER,3336L0003X,tier_1_primary_pharmacy,Y,Y,
1184700205,"GATEWAY COMMUNITY HEALTH CENTER, INC.",2007 S ZAPATA HWY,,LAREDO,TX,780466510,9567186259,CEO,3336C0003X,tier_1_primary_pharmacy,Y,Y,
1316024292,MINYARD FOOD STORES INC.,3563 ALTON RD,,FT WORTH,TX,761092834,8179233508,PRESIDENT/CEO,3336C0003X,tier_1_primary_pharmacy,Y,Y,
1285710319,"SALFITI SPRINGTOWN PHARMACY, LLC",209 W HIGHWAY 199 STE 103,,SPRINGTOWN,TX,760822648,8172207927,MANAGING PARTNER,333600000X|3336L0003X|3336C0003X,tier_1_primary_pharmacy,Y,Y,
1114003266,FAMILY FIRST PHARMACY LP,16623 OLD JACKSONVILLE HWY,STE A,TYLER,TX,75703,9035612822,OWNER,3336C0003X,tier_1_primary_pharmacy,Y,Y,
1821174830,SUPER VALUE DRUGS INC,6807 EMMETT F LOWRY EXPY,STE 104,TEXAS CITY,TX,775912546,4099453381,PHARMACIST IN CHARGE,3336C0003X,tier_1_primary_pharmacy,Y,Y,
1518043462,"MINYARD FOOD STORES, INC.",3400 W. ILLINOIS,,DALLAS,TX,752118722,2143390347,PRESIDENT/CEO,3336C0003X,tier_1_primary_pharmacy,Y,Y,
1477630333,RLS SUPERMARKETS LLC,2200 W SHADY GROVE RD,,IRVING,TX,750605056,9727903753,MANAGING OFFICER,3336C0003X,tier_1_primary_pharmacy,Y,Y,
1457437618,"TEXAS HEMATOLOGY/ONCOLOGY CENTER, PA",4601 MEDICAL CENTER DR,,MCKINNEY,TX,750691771,9725629222,PRESIDENT/OWNER,333600000X,tier_1_primary_pharmacy,Y,Y,
1639255565,RLS SUPERMARKETS LLC,10121 LAKE JUNE RD,,DALLAS,TX,752173002,9722899083,MANAGING OFFICER,3336C0003X,tier_1_primary_pharmacy,Y,Y,
1023195997,LOCKWOOD PROFESSIONAL BLDG PHCY,4315 LOCKWOOD DR,,HOUSTON,TX,770264117,7136722262,OPER MANG,3336C0003X,tier_1_primary_pharmacy,Y,Y,
1932286804,MED PHARMACY,7447 HARWIN DR,STE C-1,HOUSTON,TX,770362016,7139520505,OWNER,333600000X|3336C0003X,tier_1_primary_pharmacy,Y,Y,
1841377710,CURE PHARZACY LLP,3074 COLLEGE PARK DR,,THE WOODLANDS,TX,773848002,2815761114,BUS MGR,3336C0003X,tier_1_primary_pharmacy,Y,Y,
1750468625,MCMAKIN INC,4225 GLADYS AVE,,BEAUMONT,TX,777063644,4098980717,PRESIDENT PIC,3336H0001X|3336C0004X|333600000X|3336C0003X,tier_1_primary_pharmacy,Y,Y,
1740367614,MINYARD FOOD STORES INC.,4245 E BERRY ST,,FT WORTH,TX,761055002,8175364550,PRESIDENT/CEO,3336C0003X,tier_1_primary_pharmacy,Y,Y,
1841376761,ANJANA PHARMACY LLC,2130 E LEDBETTER DR,,DALLAS,TX,75216,2143743559,OFFICER,333600000X|3336C0003X,tier_1_primary_pharmacy,Y,Y,
1053497982,RLS SUPERMARKETS LLC,4202 PIONEER RD,,BALCH SPRINGS,TX,751803537,9725573535,MANAGING OFFICER,3336C0003X,tier_1_primary_pharmacy,Y,Y,
1952489957,MINYARD FOOD STORES INC.,2204 AIRPORT FWY,,BEDFORD,TX,760226061,8173549389,PRESIDENT/CEO,3336C0003X,tier_1_primary_pharmacy,Y,Y,
1518044338,MINYARD FOOD STORES INC.,125 HALL RD,,SEAGOVILLE,TX,751592915,9722871680,PRESIDENT/CEO,3336C0003X,tier_1_primary_pharmacy,Y,Y,
1366529117,MINYARD FOOD STORES INC.,4906 N JUPITER RD,,GARLAND,TX,750445464,9724953400,PRESIDENT/CEO,3336C0003X,tier_1_primary_pharmacy,Y,Y,
1063599827,RLS SUPERMARKETS LLC,1450 W PLEASANT RUN RD,STE 200,LANCASTER,TX,751463741,9722272126,MANAGING OFFICER,3336C0003X,tier_1_primary_pharmacy,Y,Y,
1821175712,MINYARD FOOD STORES INC.,2550 GUS THOMASSON RD,,DALLAS,TX,752283017,2143213537,PRESIDENT/CEO,3336C0003X,tier_1_primary_pharmacy,Y,Y,
1184701914,MINYARD FOOD STORES INC.,131 WEBBS ROYAL PLZ,,DALLAS,TX,752293734,2143570257,PRESIDENT/CEO,3336C0003X,tier_1_primary_pharmacy,Y,Y,
1215014253,MINYARD FOOD STORES INC.,5959 HARRY HINES BLVD STE 100,,DALLAS,TX,752356265,2146306252,PRESIDENT/CEO,3336C0003X,tier_1_primary_pharmacy,Y,Y,
1417035460,MINYARD FOOD STORES INC.,912 W 12TH ST,,DALLAS,TX,752086005,2149434161,PRESIDENT/CEO,3336C0003X,tier_1_primary_pharmacy,Y,Y,
1558449512,MINYARD FOOD STORES INC.,1706 W IRVING BLVD,,IRVING,TX,750617137,9722544179,PRESIDENT/CEO,3336C0003X,tier_1_primary_pharmacy,Y,Y,
1346328358,MINYARD FOOD STORES INC.,3451 ALTAMESA BLVD,,FT WORTH,TX,761335701,8172942517,PRESIDENT/CEO,3336C0003X,tier_1_primary_pharmacy,Y,Y,
1467539288,MURARI PHARMACY LLC,1201 W CAMP WISDOM RD,,DALLAS,TX,752323446,2143762709,PIC,333600000X|3336C0003X,tier_1_primary_pharmacy,Y,Y,
1760569586,MINYARD FOOD STORES INC.,112 W BELT LINE RD,,CEDAR HILL,TX,751042011,9722913983,PRESIDENT/CEO,3336C0003X,tier_1_primary_pharmacy,Y,Y,
1326126293,MINYARD FOOD STORES INC.,7809 CAMP BOWIE W,,FT WORTH,TX,761166417,8172447320,PRESIDENT/CEO,3336C0003X,tier_1_primary_pharmacy,Y,Y,
1891872024,"MAL ENTERPRISES, INC. DBA LAWRENCE BROS. PHARM. # 1401",302 S. MAIN ST.,,WINTERS,TX,79567,3257541111,CONTROLLER,3336C0003X,tier_2_secondary_pharmacy,N,Y,
1104904176,MINYARD FOOD STORES INC.,2121 S BUCKNER BLVD,,DALLAS,TX,752278602,2143811159,PRESIDENT/CEO,3336C0003X,tier_1_primary_pharmacy,Y,Y,
1447338439,MINYARD FOOD STORES INC.,2550 W RED BIRD LN,,DALLAS,TX,752372312,2143300347,PRESIDENT/CEO,3336C0003X,tier_1_primary_pharmacy,Y,Y,
1003994518,"ADVANT-EDGE PHARMACY, INC",1576 LOMALAND DR,,EL PASO,TX,799354202,9155950409,PRESIDENT,3336H0001X|3336L0003X|333600000X|3336C0003X,tier_1_primary_pharmacy,Y,Y,
1215014055,MINYARD FOOD STORES INC,2118 ABRAMS RD,,DALLAS,TX,752143918,2148234961,PRESIDENT/CEO,3336C0003X,tier_1_primary_pharmacy,Y,Y,
1386722254,MINYARD FOOD STORES INC.,101 W BUCKINGHAM RD,,GARLAND,TX,750404646,9725308534,PRESIDENT/CEO,3336C0003X,tier_1_primary_pharmacy,Y,Y,
1396823274,MINYARD FOOD STORES INC.,1909 E PARK ROW DR,,ARLINGTON,TX,760104745,8175481728,PRESIDENT/CEO,3336C0003X,tier_1_primary_pharmacy,Y,Y,
1710065685,2 HIJOS INC,1300 S BRYAN RD,STE 101,MISSION,TX,785726626,9565830404,OWNER AND PIC,3336C0003X,tier_1_primary_pharmacy,Y,Y,
1619055597,MINYARD FOOD STORES INC.,2500 S CARRIER PKWY,,GRAND PRAIRIE,TX,750525016,9726470387,PRESIDENT/CEO,3336C0003X,tier_1_primary_pharmacy,Y,Y,
1467530295,MINYARD FOOD STORES INC.,1280 W MAIN ST,,LEWISVILLE,TX,750673420,9722215541,PRESIDENT/CEO,3336C0003X,tier_1_primary_pharmacy,Y,Y,
1265510036,"H-E-B, LP",10718 POTRANCO RD,,SAN ANTONIO,TX,78251,2106812301,GOVERNMENT PROGRAMS MANAGER,3336C0003X,tier_1_primary_pharmacy,Y,N,H-E-B
1285711028,MINYARD FOOD STORES INC.,4400 W GREEN OAKS BLVD,,ARLINGTON,TX,760165608,8174830777,PRESIDENT/CEO,3336C0003X,tier_1_primary_pharmacy,Y,Y,
1063599801,MINYARD FOOD STORES INC.,1212 N BEACH ST,,FT WORTH,TX,761116027,8178313196,PRESIDENT/CEO,3336C0003X,tier_1_primary_pharmacy,Y,Y,
1487731444,MINYARD FOOD STORES INC.,2223 SINGLETON BLVD STE 116,,DALLAS,TX,752123783,2146376189,PRESIDENT/CEO,3336C0003X,tier_1_primary_pharmacy,Y,Y,
1902984602,MINYARD FOOD STORES INC.,811 E HIGHWAY 82,,GAINESVILLE,TX,762402209,9406653008,PRESIDENT/CEO,3336C0003X,tier_1_primary_pharmacy,Y,Y,
1952488751,MINYARD FOOD STORES INC.,7777 FOREST LN STE A-80,,DALLAS,TX,752302505,9725665888,PRESIDENT/CEO,3336C0003X,tier_1_primary_pharmacy,Y,Y,
1477630895,KEYES PHARMACY LLC,928 N HOBART ST,,PAMPA,TX,790655204,8066691202,OWNER - SOLE MEMBER,3336L0003X|3336C0003X,tier_1_primary_pharmacy,Y,Y,
1336227370,MINYARD FOOD STORES INC.,3460 WEBB CHAPEL EXT,,DALLAS,TX,752206751,2143583395,PRESIDENT/CEO,3336C0003X,tier_1_primary_pharmacy,Y,Y,
1104904150,MINYARD FOOD STORES INC.,102 NW 28TH ST,,FT WORTH,TX,761067115,8176252462,PRESIDENT/CEO,3336C0003X,tier_1_primary_pharmacy,Y,Y,
1336227784,BHRX LLC,145 N 4TH ST,,WILLS POINT,TX,751692040,9038732538,PRESIDENT,333600000X|3336C0003X,tier_1_primary_pharmacy,Y,Y,
1023196219,"BAYLOR SCOTT & WHITE HEALTH ENTERPRISES, INC.",1901 SW H K DODGEN LOOP,BUILDING 300,TEMPLE,TX,765021814,2549354888,PRESIDENT,3336C0003X,tier_1_primary_pharmacy,Y,Y,
1427137405,MINYARD FOOD STORES INC.,1500 STEMMONS,,DENTON,TX,76201,9405650300,PRESIDENT/CEO,3336C0003X,tier_1_primary_pharmacy,Y,Y,
1013096791,AFHCPH 1 LP,4833 50TH ST,,LUBBOCK,TX,794143418,8067713565,PIC,3336C0003X,tier_1_primary_pharmacy,Y,Y,
1417036393,"PINELAND PHARMACY, LLC",502 BUSINESS PARKWAY,,RICHARDSON,TX,75081,2145799967,MANAGER,333600000X|3336C0003X,tier_1_primary_pharmacy,Y,Y,
1407935380,KENNETH J FITZGERALD,104 E KYLE ST,,BANGS,TX,768233146,3257527214,PHARMACIST AND OWNER,333600000X|3336C0003X,tier_1_primary_pharmacy,Y,Y,
1982783650,O K PHARMACY INC,122 S MAIN ST,,DONNA,TX,785373226,9564642200,PRESIDENT OWNER PIC,333600000X|3336C0003X,tier_1_primary_pharmacy,Y,Y,
1790864460,BAYER PHARMACY INC,219 MAIN ST,,SMITHVILLE,TX,789571839,5122372211,PRES,3336C0003X,tier_1_primary_pharmacy,Y,Y,
1609955376,STANLEY R OR SHERRIE D PAYNE,200 S MAIN ST,,FLOYDADA,TX,792352726,8069835111,OWNER,3336L0003X|333600000X|3336C0003X,tier_1_primary_pharmacy,Y,Y,
1043399447,GENERX DISCOUNT PHARMACY INC.,1235 S JOSEY LN STE 533,,CARROLLTON,TX,750067665,9724178895,PHARMACY MANAGER,3336C0003X,tier_1_primary_pharmacy,Y,Y,
1528137502,GUARDIAN HEALTH SYSTEMS BORGER,102 S MCGEE ST,,BORGER,TX,790074020,4058480338,DIRECTOR,3336H0001X,tier_1_primary_pharmacy,Y,Y,
1346319324,GUARDIAN HEALTH SYSTEMS HILLSBORO,60 W ELM ST,,HILLSBORO,TX,766452036,4058480338,DIRECTOR,3336H0001X,tier_1_primary_pharmacy,Y,Y,
1639248727,DALLAS COUNTY HOSPITAL DISTRICT,5184 TEX OAK AVE.,STE 01.711,DALLAS,TX,75235,2145902870,EVP & COO,3336C0003X|3336C0002X,tier_1_primary_pharmacy,Y,Y,
1265501241,GUARDIAN HEALTH SYSTEMS GOLDTHWAITE,1503 WEST FRONT STREET,,GOLDTHWAITE,TX,76844,4058480338,DIRECTOR,3336H0001X,tier_1_primary_pharmacy,Y,Y,
1801965991,DALLAS COUNTY HOSPITAL DISTRICT,5151 MAPLE AVE # 1-1676,,DALLAS,TX,752358136,1425906323,EVP & COO,3336C0003X|3336C0002X,tier_1_primary_pharmacy,Y,Y,
1902975972,GUARDIAN HEALTH SYSTEMS IOWA PARK,120 W PARK AVE,,IOWA PARK,TX,763672805,4058480338,DIRECTOR,3336H0001X,tier_1_primary_pharmacy,Y,Y,
1811066889,GUARDIAN HEALTH SYSTEMS TYLER,1000 S FLEISHEL AVE,,TYLER,TX,757012037,4058480338,DIRECTOR,3336H0001X,tier_1_primary_pharmacy,Y,Y,
1881763860,"HJT, INC",104 SOUTH MAIN STREET,,ALBANY,TX,764301148,3257623344,PRES,3336C0003X,tier_1_primary_pharmacy,Y,Y,
1144399155,PHAM & SONS CORP. DBA CENTRAL PHARMACY,2808 SAN JACINTO ST,,HOUSTON,TX,770042700,7137590321,PHARMACIST IN CHARGE,3336C0003X,tier_1_primary_pharmacy,Y,Y,
1255400230,GUARDIAN HEALTH SYSTEMS PECOS,724 S EDDY ST,,PECOS,TX,797723727,4058480338,DIRECTOR,3336H0001X,tier_1_primary_pharmacy,Y,Y,
1679642250,"M & S PHARMACY, INC.",917 E AUSTIN ST,,NACOGDOCHES,TX,759652845,9365647373,DIRECTOR,3336C0003X,tier_1_primary_pharmacy,Y,Y,
1124197074,POWER CENTER PHARMACY INC,12401 S POST OAK RD,STE E,HOUSTON,TX,770452020,7137213303,OFFICER,333600000X|3336C0003X,tier_1_primary_pharmacy,Y,Y,
1215006168,C&R PHARMACY,2308 EXPRESSWAY 83 STE A,,PENITAS,TX,785768399,9562711064,PRESIDENT/OWNER,3336C0003X,tier_1_primary_pharmacy,Y,Y,
1619046448,LIFECARE PHARMACY OF DENVER CITY INC,403 MUSTANG DR,,DENVER CITY,TX,793232749,8065922765,MEMBER/CFO,333600000X|3336C0003X,tier_1_primary_pharmacy,Y,Y,
1609945591,BROOKSHIRE GROCERY COMPANY,2020 ROSELAND BLVD,ATTENTION PHARMACY DEPT,TYLER,TX,757014248,9035971358,VP PHARMACY OPERATIONS,333600000X|3336C0003X,tier_1_primary_pharmacy,Y,Y,
1083783526,"CUB DRUG, INC.",116 E MAIN ST,,OLNEY,TX,763741922,9405645551,OWNER,3336C0003X,tier_1_primary_pharmacy,Y,Y,
1528137957,GUARDIAN HEALTH SYSTEMS MEDICAL PARK,7920 ELMBROOK DRIVE,SUITE 108,DALLAS,TX,75247,2142218181,OWNER/PRESIDENT,3336H0001X,tier_1_primary_pharmacy,Y,Y,
1295805141,HEALTH AND HUMAN SERVICES COMMISSION,540 CHAPEL DR,,MEXIA,TX,766673490,2545622821,ASSOCIATE COMMISSIONER,3336L0003X,tier_1_primary_pharmacy,Y,Y,
1942370028,MEDICAL BUTTERFLY INC,420 N COIT RD STE 2019,,RICHARDSON,TX,750806234,9722318885,OWNER,3336C0003X,tier_1_primary_pharmacy,Y,Y,
1851461933,FARMACIA ASSOCIATES OF SAN ANTONIO INC,311 CAMDEN ST,STE 103,SAN ANTONIO,TX,782152012,2102254561,OWNER PHCST,3336S0011X|333600000X|3336C0003X,tier_1_primary_pharmacy,Y,Y,
1760552848,ATRIUM PHARMACY INC,425 HOLDERRIETH BLVD,STE 111,TOMBALL,TX,773754543,2813518239,"OWNER, PIC",333600000X|3336C0003X,tier_1_primary_pharmacy,Y,Y,
1407926355,HEALTH AND HUMAN SERVICES COMMISSION,3980 STATE SCHOOL RD,,DENTON,TX,762108823,9405910342,ASSOCIATE COMMISSIONER,3336L0003X,tier_1_primary_pharmacy,Y,Y,
1316017296,HEALTH AND HUMAN SERVICES COMMISSION,6844 N US HIGHWAY 69,,POLLOK,TX,759694548,9366343353,ASSOCIATE COMMISSIONER,3336L0003X,tier_1_primary_pharmacy,Y,Y,
1447320734,LARENDA INC,156 W 5TH ST,,RUSK,TX,757851218,9036835436,"PRESIDENT ,  PHARMACIST IN CHARGE",333600000X,tier_1_primary_pharmacy,Y,Y,
1134299449,HEALTH AND HUMAN SERVICES COMMISSION,2100 PRESTON ST,,RICHMOND,TX,774691419,2812322075,ASSOCIATE COMMISSIONER,3336L0003X,tier_1_primary_pharmacy,Y,Y,
1538239835,"GATEWAY COMMUNITY HEALTH CENTER, INC.",1515 PAPPAS ST,,LAREDO,TX,780411705,9567186259,CHIEF EXECUTIVE OFFICER,3336C0003X,tier_1_primary_pharmacy,Y,Y,
1912077587,GUARDIAN HEALTH SYSTEMS VERNON,1720 HILLCREST DR,,VERNON,TX,763844099,4058480338,DIRECTOR,3336H0001X,tier_1_primary_pharmacy,Y,Y,
1881764470,HENDRICK MEDICAL CENTER,1265 AMBLER AVE,,ABILENE,TX,796012371,3256704545,PRESIDENT,3336C0003X,tier_1_primary_pharmacy,Y,Y,
1588734180,"MODERN AUTOMATED PHARMACY, PLLC",13939 WESTHEIMER RD STE 101-A,,HOUSTON,TX,770775358,7136609091,PHARMACIST-IN-CHARGE,3336L0003X,tier_1_primary_pharmacy,Y,Y,
1164592978,BENTLEY PHARMACY,201 W MOORE AVE,,TERRELL,TX,751603115,9725633311,OWNER,3336C0003X,tier_1_primary_pharmacy,Y,Y,
1396816518,R & L PHARMACY LLC,900 W SAM HOUSTON BLVD STE 3,,PHARR,TX,785775215,9562830911,OWNER/PIC,333600000X|3336C0003X,tier_2_secondary_pharmacy,N,Y,
1801967039,MARAS PHARMACY LLC,1301 W SAM HOUSTON BLVD UNIT B,,PHARR,TX,785775669,9567821156,PRESIDENT,3336C0003X,tier_1_primary_pharmacy,Y,Y,
1578634705,APEX PHARMA LLC,5710 LYNDON B JOHNSON FWY,SUITE 190,DALLAS,TX,752406324,9724326550,CREDENTIALING/AUTH OFFICIAL,3336C0004X|3336C0003X,tier_1_primary_pharmacy,Y,Y,
1093886319,T.P. WEAVER & SONS INC.,124 N TEXAS ST,,DE LEON,TX,764441857,2548936496,PHARMACIST IN CHARGE,333600000X,tier_1_primary_pharmacy,Y,Y,
1265503833,M S YOUNG ENTERPRISES LLC,2600 10TH ST,,WICHITA FALLS,TX,763092236,9407236060,OWNER,333600000X|3336C0003X,tier_1_primary_pharmacy,Y,Y,
1851462873,"AVITA DRUGS, LLC",6406 MCPHERSON RD STE 6,,LAREDO,TX,780416258,8662703226,CHIEF FINANCIAL OFFICER,333600000X|3336C0003X,tier_1_primary_pharmacy,Y,Y,
1760553788,GUARDIAN ANGEL PHARMACY,1537 ZARAGOSA,STE 1A,EL PASO,TX,79936,9158500713,CEO/OWNER,333600000X|3336C0004X|3336C0003X,tier_1_primary_pharmacy,Y,Y,
1699846212,PARKSIDE PHARMACY,6449 COIT RD STE 116,,FRISCO,TX,750358670,9727120649,DIRECTOR,3336C0003X,tier_1_primary_pharmacy,Y,Y,
1417028994,SANDOSE GLOBAL HOLDINGS LLC,9894 BISSONNET ST STE 282,,HOUSTON,TX,770368375,7139815353,PIC,3336S0011X|3336C0003X|333600000X,tier_1_primary_pharmacy,Y,Y,
1366513913,AWK3 ENTERPRISE LLC,1405 HAILEY ST,,SWEETWATER,TX,795562507,3252366394,PHARMACIST/OWNER,333600000X|3336C0003X,tier_1_primary_pharmacy,Y,Y,
1063584555,A & P PHARMACY INC,2919 MARKUM DR,,HALTOM CITY,TX,761174004,8172221574,OWNER,333600000X|3336C0003X,tier_1_primary_pharmacy,Y,Y,
1285706861,NELSON PRESCRIPTION PHARMACY,805 E TAHOKA ROAD,,BROWNFIELD,TX,79316,8066373533,OWNER,3336C0003X,tier_1_primary_pharmacy,Y,Y,
1982777504,KROGER TEXAS L P,1050 BRIDGEWOOD DR,,FORT WORTH,TX,761120802,8174466673,PHARMACY LICENSING MANAGER,333600000X|3336C0003X,tier_1_primary_pharmacy,Y,N,KROGER
1659444263,KROGER TEXAS L P,1420 E HIGHWAY 377,,GRANBURY,TX,760482646,8175733745,MANAGER OF PHARMACY CREDENTIALING,333600000X|3336C0003X,tier_1_primary_pharmacy,Y,N,KROGER
1194898718,KROGER TEXAS L P,2400 PRESTON RD,,PLANO,TX,750932321,9725965375,PHARMACY LICENSING MANAGER,333600000X|3336C0003X,tier_1_primary_pharmacy,Y,N,KROGER
1316019110,THE MEDICINE SHOPPE,1417 E AIRLINE RD,,VICTORIA,TX,779014111,3615736385,THIRD PARTY PLAN COORDINATOR,333600000X|3336C0003X,tier_1_primary_pharmacy,Y,Y,
1225100027,HOUSTON SOUTHSIDE PHARMACY,2626 S LOOP W,STE 404,HOUSTON,TX,770542654,7138399400,OWNER,3336C0003X,tier_1_primary_pharmacy,Y,Y,
1134291933,"PARK PLACE HC PHARMACY, LLC",9250A BELLAIRE BLVD,,HOUSTON,TX,770364548,7138476800,OWNER,333600000X|3336C0003X,tier_1_primary_pharmacy,Y,Y,
1043382849,HALLETTSVILLE PHARMACY LLC,304 N TEXANA ST,,HALLETTSVILLE,TX,779642322,3617985010,PRESIDENT / OWNER,333600000X|3336C0004X|3336L0003X|3336C0003X,tier_1_primary_pharmacy,Y,Y,
1952473753,MONA ODUSOLA,12121 RICHMOND AVE,SUITE 126,HOUSTON,TX,770822432,2815589433,THIRD PARTY PLAN COORDINATOR,3336C0003X,tier_1_primary_pharmacy,Y,Y,
1861564668,UNIFIED ENTERPRISES INC,3310 FORT BLVD,,EL PASO,TX,799304710,9155645451,OWNER,333600000X|3336C0003X,tier_1_primary_pharmacy,Y,Y,
1942373469,KROGER TEXAS LIMITED PARTNERSHIP,6479 CAMP BOWIE BLVD,,FORT WORTH,TX,761164356,8177389100,PHARMACY MERCHANDISER,333600000X|3336C0003X,tier_2_secondary_pharmacy,N,N,KROGER
1376616805,KROGER TEXAS L P,1461 SPRING CYPRESS RD,,SPRING,TX,773732544,2813538204,PHARMACY LICENSING MANAGER,333600000X|3336C0003X,tier_1_primary_pharmacy,Y,N,KROGER
1639242167,KROGER TEXAS LIMITED PARTNERSHIP,295 SAWDUST RD,,SPRING,TX,773802238,2813633595,PHARMACY ECOMMERCE MANAGER,333600000X|3336C0003X,tier_1_primary_pharmacy,Y,N,KROGER
1023180858,"ONCOLOGY CONSULTANTS, P. A.",925 GESSNER RD,STE 600,HOUSTON,TX,770242545,7132753222,ASSOCIATE DIRECTOR OF PHARMACY,333600000X,tier_1_primary_pharmacy,Y,Y,
1801969373,BROOKSHIRE GROCERY COMPANY,809 GILMER ST,ATTENTION PHARMACY DEPT,SULPHUR SPRINGS,TX,754824377,9038857532,VP PHARMACY OPERATIONS,333600000X|3336C0003X,tier_1_primary_pharmacy,Y,Y,
1710050281,BROOKSHIRE GROCERY COMPANY,208 N CENTRAL EXPY,ATTENTION PHARMACY DEPT,MCKINNEY,TX,750703518,9725487025,VP PHARMACY OPERATIONS,333600000X|3336C0003X,tier_1_primary_pharmacy,Y,Y,
1629141197,BROOKSHIRE GROCERY COMPANY,109 N GREENVILLE AVE,ATTENTION PHARMACY DEPT,ALLEN,TX,750029158,9723908397,VP PHARMACY OPERATIONS,333600000X|3336C0003X,tier_1_primary_pharmacy,Y,Y,
1891868329,KROGER TEXAS L P,1305 S HWY 121,,LEWISVILLE,TX,750675915,9724361607,MANAGER OF PHARMACY CREDENTIALING,333600000X|3336C0003X,tier_1_primary_pharmacy,Y,N,KROGER
1114090685,BROOKSHIRE GROCERY COMPANY,427 PINSON RD,ATTENTION PHARMACY DEPT,FORNEY,TX,751269767,9725529573,VP PHARMACY OPERATIONS,333600000X|3336C0003X,tier_1_primary_pharmacy,Y,Y,
1023181591,BROOKSHIRE GROCERY COMPANY,100 PEPLOW DR,ATTENTION PHARMACY DEPT,ROBINSON,TX,767065326,2546626403,VP PHARMACY OPERATIONS,333600000X|3336C0003X,tier_1_primary_pharmacy,Y,Y,
1932272408,BROOKSHIRE GROCERY COMPANY,120 S WACO ST,ATTENTION PHARMACY DEPT,HILLSBORO,TX,766457708,2545802953,VP PHARMACY OPERATIONS,333600000X|3336C0003X,tier_1_primary_pharmacy,Y,Y,
1841363314,BROOKSHIRE GROCERY COMPANY,609 LINDA DR,ATTENTION PHARMACY DEPT,DAINGERFIELD,TX,756382115,9036454552,VP PHARMACY OPERATIONS,333600000X|3336C0003X,tier_1_primary_pharmacy,Y,Y,
1750454229,BROOKSHIRE GROCERY COMPANY,1224 N PACIFIC ST,ATTENTION PHARMACY DEPT,MINEOLA,TX,757731020,9035695504,VP PHARMACY OPERATIONS,333600000X|3336C0003X,tier_1_primary_pharmacy,Y,Y,
1669545133,BROOKSHIRE GROCERY COMPANY,8934 HIGHWAY 34 S,ATTENTION PHARMACY DEPT,QUINLAN,TX,754749436,9033566020,VP PHARMACY OPERATIONS,333600000X|3336C0003X,tier_1_primary_pharmacy,Y,Y,
1578636049,BROOKSHIRE GROCERY COMPANY,602 JEFFERSON PARK,ATTENTION PHARMACY DEPT,MT PLEASANT,TX,75455,9035751610,VP PHARMACY OPERATIONS,333600000X|3336C0003X,tier_1_primary_pharmacy,Y,Y,
1487727954,BROOKSHIRE GROCERY COMPANY,1400 E HIGHWAY 287,ATTENTION PHARMACY DEPT,MIDLOTHIAN,TX,760655567,9727756878,VP PHARMACY OPERATIONS,333600000X|3336C0003X,tier_1_primary_pharmacy,Y,Y,
1659444123,BROOKSHIRE GROCERY COMPANY,6750 FOREST HILL DR,ATTENTION PHARMACY DEPT,FOREST HILL,TX,761401210,8175689623,VP PHARMACY OPERATIONS,333600000X|3336C0003X,tier_1_primary_pharmacy,Y,Y,
1184797656,BROOKSHIRE GROCERY COMPANY,925 CLARKSVILLE ST,ATTENTION PHARMACY DEPT,PARIS,TX,754606073,9037853297,VP PHARMACY OPERATIONS,333600000X|3336C0003X,tier_1_primary_pharmacy,Y,Y,
1538232004,BROOKSHIRE GROCERY COMPANY,1603 CULVER ST,ATTENTION PHARMACY DEPT,COMMERCE,TX,754283422,9038862867,VP PHARMACY OPERATIONS,333600000X|3336C0003X,tier_1_primary_pharmacy,Y,Y,
1447323910,BROOKSHIRE GROCERY COMPANY,2228 ISLAND BYU,,BONHAM,TX,754182207,9035832887,VP PHARMACY OPERATIONS,333600000X|3336C0003X,tier_1_primary_pharmacy,Y,Y,
1790858249,KLEIN & KLEIN ETAL,31090 QUINN RD,,TOMBALL,TX,773752960,2813511190,CFO,3336C0003X,tier_1_primary_pharmacy,Y,Y,
1295808764,BROOKSHIRE GROCERY COMPANY,2235 S WASHINGTON ST,ATTENTION PHARMACY DEPT,KAUFMAN,TX,751423625,9729628547,VP PHARMACY OPERATIONS,333600000X|3336C0003X,tier_1_primary_pharmacy,Y,Y,
1013080589,BROOKSHIRE GROCERY COMPANY,1310 N BRAZOS ST,ATTENTION PHARMACY DEPT,WHITNEY,TX,766922010,2546944413,VP PHARMACY OPERATIONS,333600000X|3336C0003X,tier_1_primary_pharmacy,Y,Y,
1922171495,BROOKSHIRE GROCERY COMPANY,113 N NORTHWEST LOOP 323,ATTENTION PHARMACY DEPT,TYLER,TX,757028725,9035935369,VP PHARMACY OPERATIONS,333600000X|3336C0003X,tier_1_primary_pharmacy,Y,Y,
1831262302,BROOKSHIRE GROCERY COMPANY,1301 S MORGAN ST,ATTENTION PHARMACY DEPT,GRANBURY,TX,760481987,8172799840,VP PHARMACY OPERATIONS,333600000X|3336C0003X,tier_1_primary_pharmacy,Y,Y,
1568535037,BROOKSHIRE GROCERY COMPANY,501 E BROADWAY ST,ATTENTION PHARMACY DEPT,SWEETWATER,TX,795564623,3252366883,VP PHARMACY OPERATIONS,333600000X|3336C0003X,tier_1_primary_pharmacy,Y,Y,
1477626943,BROOKSHIRE GROCERY COMPANY,6708 LAKE WORTH BLVD,ATTENTION PHARMACY DEPT,LAKE WORTH,TX,761352902,8172377580,VP PHARMACY OPERATIONS,333600000X|3336C0003X,tier_1_primary_pharmacy,Y,Y,
1386717858,BROOKSHIRE GROCERY COMPANY,511 N STEWART ST,ATTENTION PHARMACY DEPT,AZLE,TX,760203237,8174440306,VP PHARMACY OPERATIONS,333600000X|3336C0003X,tier_1_primary_pharmacy,Y,Y,
1194898668,BROOKSHIRE GROCERY COMPANY,601 PALO PINTO ST,ATTENTION PHARMACY DEPT,WEATHERFORD,TX,760864129,8175964165,VP PHARMACY OPERATIONS,333600000X|3336C0003X,tier_1_primary_pharmacy,Y,Y,
1003989575,BROOKSHIRE GROCERY COMPANY,100 RICE RD,ATTENTION PHARMACY DEPT,TYLER,TX,757033761,9035617943,VP PHARMACY OPERATIONS,333600000X|3336C0003X,tier_1_primary_pharmacy,Y,Y,
1912070483,BROOKSHIRE GROCERY COMPANY,959 E US HIGHWAY 69,ATTENTION PHARMACY DEPT,EMORY,TX,754405101,9034734523,VP PHARMACY OPERATIONS,333600000X|3336C0003X,tier_1_primary_pharmacy,Y,Y,
1821161399,BROOKSHIRE GROCERY COMPANY,213 US HIGHWAY 69 N,ATTENTION PHARMACY DEPT,BULLARD,TX,757575135,9038949648,VP PHARMACY OPERATIONS,333600000X|3336C0003X,tier_1_primary_pharmacy,Y,Y,
1730252206,BROOKSHIRE GROCERY COMPANY,210 N MCCOY BLVD,ATTENTION PHARMACY DEPT,NEW BOSTON,TX,755703025,9036287459,VP PHARMACY OPERATIONS,333600000X|3336C0003X,tier_1_primary_pharmacy,Y,Y,
1649343112,BROOKSHIRE GROCERY COMPANY,2107 S LOOP 256,ATTENTION PHARMACY DEPT,PALESTINE,TX,758015919,9037231092,VP PHARMACY OPERATIONS,333600000X|3336C0003X,tier_1_primary_pharmacy,Y,Y,
1558434027,BROOKSHIRE GROCERY COMPANY,210 S SEVEN POINTS DR,ATTENTION PHARMACY DEPT,SEVEN POINTS,TX,751432000,9034322516,VP PHARMACY OPERATIONS,333600000X|3336C0003X,tier_1_primary_pharmacy,Y,Y,
1467525931,BROOKSHIRE GROCERY COMPANY,100 N 15TH ST,ATTENTION PHARMACY DEPT,CORSICANA,TX,751105115,9038742152,VP PHARMACY OPERATIONS,333600000X|3336C0003X,tier_1_primary_pharmacy,Y,Y,
1376616847,BROOKSHIRE GROCERY COMPANY,590 W MAIN ST,ATTENTION PHARMACY DEPT,HALLSVILLE,TX,756505189,9036681409,VP PHARMACY OPERATIONS,333600000X|3336C0003X,tier_1_primary_pharmacy,Y,Y,
1285707752,BROOKSHIRE GROCERY COMPANY,205 W FRANK ST,ATTENTION PHARMACY DEPT,GRAND SALINE,TX,751401757,9039624063,VP PHARMACY OPERATIONS,3336C0003X,tier_1_primary_pharmacy,Y,Y,
1093888562,BROOKSHIRE GROCERY COMPANY,2610 RICHMOND RD,ATTENTION PHARMACY DEPT,TEXARKANA,TX,755032327,9038322258,VP PHARMACY OPERATIONS,333600000X|3336C0003X,tier_1_primary_pharmacy,Y,Y,
1902979479,BROOKSHIRE GROCERY COMPANY,207 E END BLVD N,ATTENTION PHARMACY DEPT,MARSHALL,TX,756703603,9039383096,VP PHARMACY OPERATIONS,333600000X|3336C0003X,tier_1_primary_pharmacy,Y,Y,
1811060387,BROOKSHIRE GROCERY COMPANY,1217 E MARSHALL AVE,ATTENTION PHARMACY DEPT,LONGVIEW,TX,756015604,9037531964,VP PHARMACY OPERATIONS,333600000X|3336C0003X,tier_1_primary_pharmacy,Y,Y,
1720151293,BROOKSHIRE GROCERY COMPANY,3354 GILMER RD,ATTENTION PHARMACY DEPT,LONGVIEW,TX,756041443,9032976963,VP PHARMACY OPERATIONS,333600000X|3336C0003X,tier_1_primary_pharmacy,Y,Y,
1639242100,BROOKSHIRE GROCERY COMPANY,807 E TYLER ST,ATTENTION PHARMACY DEPT,ATHENS,TX,757512139,9036754211,VP PHARMACY OPERATIONS,333600000X|3336C0003X,tier_1_primary_pharmacy,Y,Y,
1457424921,BROOKSHIRE GROCERY COMPANY,1400 W MOORE AVE,ATTENTION PHARMACY DEPT,TERRELL,TX,751602341,9725632693,VP PHARMACY OPERATIONS,333600000X|3336C0003X,tier_1_primary_pharmacy,Y,Y,
1366515835,BROOKSHIRE GROCERY COMPANY,1201 RIDGE RD,ATTENTION PHARMACY DEPT,ROCKWALL,TX,750874242,9727711446,VP PHARMACY OPERATIONS,333600000X|3336C0003X,tier_1_primary_pharmacy,Y,Y,
1275606741,BROOKSHIRE GROCERY COMPANY,6410 WESLEY ST,ATTENTION PHARMACY DEPT,GREENVILLE,TX,754027366,9034551076,VP PHARMACY OPERATIONS,333600000X|3336C0003X,tier_1_primary_pharmacy,Y,Y,
1992878466,BROOKSHIRE GROCERY COMPANY,4811 WESLEY ST,ATTENTION PHARMACY DEPT,GREENVILLE,TX,754015649,9034548701,VP PHARMACY OPERATIONS,333600000X|3336C0003X,tier_1_primary_pharmacy,Y,Y,
1427121995,OLIVIA L LI,5990 AIRLINE DR,SUITE 150,HOUSTON,TX,770764233,7136970610,OWNER,3336C0003X,tier_1_primary_pharmacy,Y,Y,
1548333016,BROOKSHIRE GROCERY COMPANY,1001 E MILAM ST,ATTENTION PHARMACY DEPT,MEXIA,TX,766672528,2545629331,VP PHARMACY OPERATIONS,333600000X|3336C0003X,tier_1_primary_pharmacy,Y,Y,
1184797417,BROOKSHIRE GROCERY COMPANY,601 HWY 110 N,ATTENTION PHARMACY DEPT,WHITEHOUSE,TX,757913037,9038393715,VP PHARMACY OPERATIONS,333600000X|3336C0003X,tier_1_primary_pharmacy,Y,Y,
1801969134,BROOKSHIRE GROCERY COMPANY,1477 N BEAULAH ST,ATTENTION PHARMACY DEPT,HAWKINS,TX,757653111,9037693344,VP PHARMACY OPERATIONS,333600000X|3336C0003X,tier_1_primary_pharmacy,Y,Y,
1710050042,BROOKSHIRE GROCERY COMPANY,502C EAST GOODE,ATTENTION PHARMACY DEPT,QUITMAN,TX,75783,9037631420,VP PHARMACY OPERATIONS,333600000X|3336C0003X,tier_1_primary_pharmacy,Y,Y,
1083787311,BROOKSHIRE GROCERY COMPANY,5118 E I 20 SERVICE RD S,ATTENTION PHARMACY DEPT,WILLOW PARK,TX,760082630,8174415982,VP PHARMACY OPERATIONS,333600000X|3336C0003X,tier_1_primary_pharmacy,Y,Y,
1891868121,BROOKSHIRE GROCERY COMPANY,501 E HIGHWAY 199,ATTENTION PHARMACY DEPT,SPRINGTOWN,TX,760822755,8172201178,VP PHARMACY OPERATIONS,333600000X|3336C0003X,tier_1_primary_pharmacy,Y,Y,
1700959038,BROOKSHIRE GROCERY COMPANY,719 I 35 EAST SOUTH,ATTENTION PHARMACY DEPT,DENTON,TX,76205,9402439401,VP PHARMACY OPERATIONS,333600000X|3336C0003X,tier_1_primary_pharmacy,Y,Y,
1619040946,BROOKSHIRE GROCERY COMPANY,521 S MAIN ST,ATTENTION PHARMACY DEPT,LINDALE,TX,757716814,9038821309,VP PHARMACY OPERATIONS,333600000X|3336C0003X,tier_1_primary_pharmacy,Y,Y,
1528131851,BROOKSHIRE GROCERY COMPANY,675 E SUNSET BLVD,ATTENTION PHARMACY DEPT,CELINA,TX,750094017,9723823989,VP PHARMACY OPERATIONS,3336C0003X,tier_1_primary_pharmacy,Y,Y,
1346313673,BROOKSHIRE GROCERY COMPANY,747 HWY 259 NORTH,ATTENTION PHARMACY DEPT,KILGORE,TX,75662,9039848639,VP PHARMACY OPERATIONS,333600000X|3336C0003X,tier_1_primary_pharmacy,Y,Y,
1255404588,BROOKSHIRE GROCERY COMPANY,3828 TROUP HWY,ATTENTION PHARMACY DEPT,TYLER,TX,757031726,9035819666,VP PHARMACY OPERATIONS,333600000X|3336C0003X,tier_1_primary_pharmacy,Y,Y,
1164595492,BROOKSHIRE GROCERY COMPANY,800 N MAIN ST STE A,ATTENTION PHARMACY DEPT,CORSICANA,TX,751103053,9038741111,VP PHARMACY OPERATIONS,333600000X|3336C0003X,tier_1_primary_pharmacy,Y,Y,
1073686309,BROOKSHIRE GROCERY COMPANY,1105 E GENTRY PKWY,ATTENTION PHARMACY DEPT,TYLER,TX,757024715,9035359467,VP PHARMACY OPERATIONS,333600000X|3336C0003X,tier_1_primary_pharmacy,Y,Y,
1982777215,BROOKSHIRE GROCERY COMPANY,701 S HIGHWAY 78,ATTENTION PHARMACY DEPT,WYLIE,TX,750984004,9724425525,VP PHARMACY OPERATIONS,333600000X|3336C0003X,tier_1_primary_pharmacy,Y,Y,
1790858025,BROOKSHIRE GROCERY COMPANY,113 N NW LOOP 323,ATTENTION PHARMACY DEPT,TYLER,TX,757028725,9035935369,VP PHARMACY OPERATIONS,333600000X|3336C0003X,tier_1_primary_pharmacy,Y,Y,
1609949932,BROOKSHIRE GROCERY COMPANY,306 STATE HWY 37 SOUTH,ATTENTION PHARMACY DEPT,MT VERNON,TX,75457,9035372886,VP PHARMACY OPERATIONS,333600000X|3336C0003X,tier_1_primary_pharmacy,Y,Y,
1518030840,BROOKSHIRE GROCERY COMPANY,703 HWY 31 EAST,ATTENTION PHARMACY DEPT,CHANDLER,TX,75758,9038494090,VP PHARMACY OPERATIONS,333600000X|3336C0003X,tier_1_primary_pharmacy,Y,Y,
1366515694,BROOKSHIRE GROCERY COMPANY,1010 AVENUE E,ATTENTION PHARMACY DEPT,CISCO,TX,764373446,2544422251,VP PHARMACY OPERATIONS,333600000X|3336C0003X,tier_1_primary_pharmacy,Y,Y,
1275606501,BROOKSHIRE GROCERY COMPANY,706 WEST MAIN,ATTENTION PHARMACY DEPT,VAN,TX,75790,9039633834,VP PHARMACY OPERATIONS,333600000X|3336C0003X,tier_1_primary_pharmacy,Y,Y,
1245303502,HEALTH AND HUMAN SERVICES COMMISSION,1401 S RANGERVILLE RD,,HARLINGEN,TX,785527638,9564258900,PROGRAM SUPERVISOR VI,333600000X|3336L0003X,tier_1_primary_pharmacy,Y,Y,
1730252065,BROOKSHIRE GROCERY COMPANY,105 E OVILLA RD,,RED OAK,TX,751542490,9726178570,VP PHARMACY,333600000X|3336C0003X,tier_1_primary_pharmacy,Y,Y,
1649343971,BROOKSHIRE GROCERY COMPANY,1800 S HIGH ST,ATTENTION PHARMACY DEPT,LONGVIEW,TX,756023210,9032342785,VP PHARMACY OPERATIONS,333600000X|3336C0003X,tier_1_primary_pharmacy,Y,Y,
1558434886,BROOKSHIRE GROCERY COMPANY,900 FM 3220,ATTENTION PHARMACY DEPT,CLIFTON,TX,766341000,2546753007,VP PHARMACY OPERATIONS,333600000X|3336C0003X,tier_1_primary_pharmacy,Y,Y,
1821161167,HEALTH AND HUMAN SERVICES COMMISSION,1401 S RANGERVILLE ROAD,,HARLINGEN,TX,785527638,9563648000,PROGRAM SUPERVISOR,3336L0003X|3336I0012X,tier_2_secondary_pharmacy,N,Y,
1003989336,BROOKSHIRE GROCERY COMPANY,2734 E 5TH ST,ATTENTION PHARMACY DEPT,TYLER,TX,757015021,9035264092,VP PHARMACY OPERATIONS,333600000X|3336C0003X,tier_1_primary_pharmacy,Y,Y,
1912070244,BROOKSHIRE GROCERY COMPANY,404 W CENTRAL AVE,ATTENTION PHARMACY DEPT,COMANCHE,TX,764422706,3253565276,VP PHARMACY OPERATIONS,333600000X|3336C0003X,tier_1_primary_pharmacy,Y,Y,
1821161159,BROOKSHIRE GROCERY COMPANY,200 W US HIGHWAY 80,ATTENTION PHARMACY DEPT,WHITE OAK,TX,756932006,9032979896,VP PHARMACY OPERATIONS,333600000X|3336C0003X,tier_1_primary_pharmacy,Y,Y,
1437222767,BROOKSHIRE GROCERY COMPANY,20100 ST HWY 155 S,ATTENTION PHARMACY DEPT,FLINT,TX,757624620,9038257418,VP PHARMACY OPERATIONS,333600000X|3336C0003X,tier_1_primary_pharmacy,Y,Y,
1982777942,HEALTH AND HUMAN SERVICES COMMISSION,6700 DELTA DR,,EL PASO,TX,799055506,9157826300,ASSOCIATE COMMISSIONER,3336L0003X,tier_1_primary_pharmacy,Y,Y,
1396818290,MINYARD FOOD STORES INC.,1220 N TOWN EAST BLVD,,MESQUITE,TX,751507605,9722791221,PRESIDENT CEO,3336C0003X,tier_1_primary_pharmacy,Y,Y,
1104999424,KROGER TEXAS LIMITED PARTNERSHIP,10998 FUQUA ST,,HOUSTON,TX,770892410,2814810231,PHARMACY MERCHANDISER,333600000X|3336C0003X,tier_2_secondary_pharmacy,N,N,KROGER
1992878839,BRUCE W. ROGERS,4404 N LAURENT ST,,VICTORIA,TX,779012742,3615766599,PRESIDENT,3336C0003X,tier_2_secondary_pharmacy,N,Y,
1295809721,PRASANNA LLC,1342 FAIR AVE,,SAN ANTONIO,TX,78223,2105345457,OWNER,3336C0004X|333600000X|3336C0003X,tier_1_primary_pharmacy,Y,Y,
1104990639,BANDERA APOTHECARY LP,2270 SPRINGLAKE RD # 800B,,FARMERS BRANCH,TX,752345872,2108020511,OWNER/MANAGING PARTNER,333600000X|3336C0003X,tier_1_primary_pharmacy,Y,Y,
1013081546,OVERFLOW PLUS LLC,4373 S HAMPTON RD STE 1,,DALLAS,TX,752321058,9726202121,CEO,3336C0003X,tier_1_primary_pharmacy,Y,Y,
1669546214,ONLY INC,2004 E HOUSTON ST,,SAN ANTONIO,TX,782022934,2102247676,PHARMACY MANAGER,3336C0003X,tier_1_primary_pharmacy,Y,Y,
1831263367,DRUG CRAFTERS LP,5680 FRISCO SQUARE BLVD STE 1100,,FRISCO,TX,750343308,2146183511,VP OF OPERATIONS,3336S0011X|3336C0003X|333600000X|3336C0004X,tier_1_primary_pharmacy,Y,Y,
1740354273,OAK CLIFF PHARMACY LLC,3436 S POLK ST,,DALLAS,TX,752243804,2143712815,OWNER MANAGER,333600000X|3336C0003X,tier_1_primary_pharmacy,Y,Y,
1982778452,MED CARE PHARMACY INC,213 W SCURRY ST STE C,,DAINGERFIELD,TX,756381661,9036455933,PRESIDENT PHARMACIST,3336C0003X,tier_1_primary_pharmacy,Y,Y,
1104990365,HEALTH AND HUMAN SERVICES COMMISSION,3401 N UNIVERSITY AVE,,LUBBOCK,TX,794151734,8067637041,ASSOCIATE COMMISSIONER,3336L0003X,tier_1_primary_pharmacy,Y,Y,
1164596433,JAMES DRUG INC,100 WEST MAIN ST,,WAXAHACHIE,TX,751653710,9729374710,OWNER PHARMACIST,3336C0003X,tier_1_primary_pharmacy,Y,Y,
1386718674,STRIPLINGS PHARMACY LLC,1205 N MOUND ST,,NACOGDOCHES,TX,759614028,9365644646,MANAGER,3336C0003X,tier_1_primary_pharmacy,Y,Y,
1356415186,HEALTH AND HUMAN SERVICES COMMISSION,902 AIRPORT RD,,CORPUS CHRISTI,TX,784053513,3618885301,ASSOCIATE COMMISSIONER,3336L0003X,tier_1_primary_pharmacy,Y,Y,
1336213545,NORTHWEST TEXAS HEALTHCARE SYSTEM INC,1411 E AMARILLO BLVD,,AMARILLO,TX,791075555,8063517240,PHARMACY MANAGER,333600000X|3336C0002X|3336C0003X,tier_1_primary_pharmacy,Y,Y,
1750455911,HEALTH AND HUMAN SERVICES COMMISSION,2501 MAPLE ST,,ABILENE,TX,796025058,3256924053,ASSOCIATE COMMISSIONER,3336L0003X,tier_1_primary_pharmacy,Y,Y,
1578637732,HEALTH AND HUMAN SERVICES COMMISSION,2203 W 35TH ST,,AUSTIN,TX,787031203,5124544731,ASSOCIATE COMMISSIONER,3336L0003X,tier_1_primary_pharmacy,Y,Y,
1487728648,HEALTH AND HUMAN SERVICES COMMISSION,4001 HIGHWAY 36 S,,BRENHAM,TX,778339610,9798364511,ASSOCIATE COMMISSIONER,3336L0003X,tier_1_primary_pharmacy,Y,Y,
1013082692,AMERICARE PHARMACY INC,217 N WEAVER ST,,GAINESVILLE,TX,762403953,9406686868,PIC,333600000X|3336C0003X,tier_1_primary_pharmacy,Y,Y,
1922173509,VN DISCOUNT PHARMACY,2216 NEW YORK AVE,STE 202,ARLINGTON,TX,760100809,8172619889,PIC,333600000X|3336C0003X,tier_1_primary_pharmacy,Y,Y,
1831264415,TARRANT COUNTY HOSPITAL DISTRICT,1050 W ARKANSAS LN STE 150,,ARLINGTON,TX,760136308,8177027600,PRESIDENT PHARMACY SERVICES,333600000X|3336C0003X,tier_1_primary_pharmacy,Y,Y,
1629143433,MINYARD FOOD STORES INC.,7777 FOREST LN STE A62,,DALLAS,TX,752306881,9725665800,PRESIDENT CEO,3336C0003X,tier_1_primary_pharmacy,Y,Y,
1487729067,LIFECHEK MONTGOMERY LLC,1703 19TH ST,,HONDO,TX,788612301,8304262334,OWNER/PRESIDENT,333600000X|3336L0003X|3336C0003X,tier_1_primary_pharmacy,Y,Y,
1295800878,HOUSTON ST PHARMACY,210 W HOUSTON ST,,TYLER,TX,757028136,9035268030,GM,3336C0003X,tier_1_primary_pharmacy,Y,Y,
1104991785,TARRANT COUNTY HOSPITAL DISTRICT,4701 BRYANT IRVIN RD N,LL215,FT WORTH,TX,761077627,8177023531,PRESIDENT PHARMACY SERVICES,333600000X|3336C0003X,tier_1_primary_pharmacy,Y,Y,
1578638607,CITY OF SAN ANGELO,2 CITY HALL PLAZA,,SAN ANGELO,TX,76903,3256574500,CITY MANAGER,333600000X,tier_1_primary_pharmacy,Y,Y,
1346316213,TOPS PHARMACY SERVICES - AUSTIN SOUTH,4101 JAMES CASEY ST,SUITE 100,AUSTIN,TX,787453325,5124165132,DIRECTOR,3336C0003X,tier_1_primary_pharmacy,Y,Y,
1013082908,HUNTERPHARM INC,1501 DOROTHY NICHOLS LN,UNIT A,SMITHVILLE,TX,78957,5122375216,PHARMACIST,333600000X|3336C0004X|3336C0003X,tier_1_primary_pharmacy,Y,Y,
1134295892,LUNAS FRIENDLY PHARMACY INC,2176 E GARRISON ST,STE D,EAGLE PASS,TX,788525071,8307526088,PRESIDENT,333600000X|3336C0003X,tier_1_primary_pharmacy,Y,Y,
1861568529,"RETAIL INVESTORS OF TEXAS, LTD.",864 MAGNOLIA AVE,,PORT NECHES,TX,776513712,4097220411,PRESIDENT,3336C0003X,tier_1_primary_pharmacy,Y,Y,
1689740342,"RETAIL INVESTORS OF TEXAS, LTD.",5960 HIGHWAY 105,,BEAUMONT,TX,777083700,4098922282,PRESIDENT,3336C0003X,tier_1_primary_pharmacy,Y,Y,
1063588721,EL NALON INC,6060 BELLAIRE BLVD,STE J,HOUSTON,TX,770815425,7134327300,PRESIDENT OWNER,3336C0003X,tier_1_primary_pharmacy,Y,Y,
1225104987,BOWIE MEMORIAL HOSPITAL,705 E GREENWOOD AVE,,BOWIE,TX,76230,9408729371,CONTROLLER,3336C0003X,tier_1_primary_pharmacy,Y,Y,
1952477614,PAY AND SAVE INC,102 W WAYLON JENNINGS BLVD,,LITTLEFIELD,TX,793393806,8063854250,CFO/VP,333600000X|3336C0003X,tier_1_primary_pharmacy,Y,Y,
1770659435,KVM PHARMACY SOLUTIONS LLC,208 S COMMERCIAL ST,,GOLIAD,TX,779634189,3616453261,MEMBER,333600000X|3336C0003X,tier_1_primary_pharmacy,Y,Y,
1457427916,ABC PHARMACY INC.,107 GILMER ST N,,SULPHUR SPRINGS,TX,754822675,9038853121,PRESIDENT,333600000X,tier_1_primary_pharmacy,Y,Y,
1538235643,MLDP OF TEXAS LP,6601 BLANCO RD STE 250,,SAN ANTONIO,TX,782166105,2104342477,VP OF PHARMACY OPERATIONS,333600000X|3336L0003X,tier_1_primary_pharmacy,Y,Y,
1518033604,"INFUCARE, LTD",1321 DOCTORS DR STE 1,,TYLER,TX,757012263,9035263400,CHIEF EXECUTIVE OFFICER,3336H0001X,tier_1_primary_pharmacy,Y,Y,
1922174176,PHARMA SELECT TEXAS LP,1535 WEST LOOP S,"SOUTH OFFICE BLDG, STE 319",HOUSTON,TX,770279512,8322806330,CREDENTIALING CONTACT,3336C0003X,tier_1_primary_pharmacy,Y,Y,
1154497592,AGAPE PHARMACY SERVICES INC.,2540 N GALLOWAY AVE STE 201,,MESQUITE,TX,751504813,2142311300,PRESIDENT,333600000X,tier_1_primary_pharmacy,Y,Y,
1770650426,L.D. WALTER GROUP,507 N SAM HOUSTON PKWY E STE 430,,HOUSTON,TX,770604039,7133308011,PHARMACIST IN CHARGE,3336C0003X|333600000X,tier_1_primary_pharmacy,Y,Y,
1003984071,"BAYLOR SCOTT & WHITE HEALTH ENTERPRISES, INC.",4945 WILLIAMS DR,,GEORGETOWN,TX,786332008,5129423302,PRESIDENT,3336C0003X,tier_1_primary_pharmacy,Y,Y,
1093883076,"BAYLOR SCOTT & WHITE HEALTH ENTERPRISES, INC.",2500 CROSS DR,,KILLEEN,TX,765435256,2549537777,PRESIDENT,3336C0003X,tier_1_primary_pharmacy,Y,Y,
1619045697,"BAYLOR SCOTT & WHITE HEALTH ENTERPRISES, INC.",309 LAKE RD,STE B,BELTON,TX,765131513,2549336000,PRESIDENT,3336C0003X,tier_1_primary_pharmacy,Y,Y,
1205904299,"MEADOWBROOK PHARMACY, INC.",6637 MEADOWBROOK DR,,FORT WORTH,TX,761125240,8174515611,PRESIDENT,3336C0003X,tier_1_primary_pharmacy,Y,Y,
1700954799,"BAYLOR SCOTT & WHITE HEALTH ENTERPRISES, INC.",1412 N VALLEY MILLS DR STE 116,,WACO,TX,767104445,2547615200,PRESIDENT,3336C0003X,tier_1_primary_pharmacy,Y,Y,
1003984030,INTERNATIONAL PHARMACIES,500 PAREDAS LINE RD,,BROWNSVILLE,TX,78521,9565463741,PHARMACIST IN CHARGE,3336C0003X,tier_1_primary_pharmacy,Y,Y,
1831267814,"BAYLOR SCOTT & WHITE HEALTH ENTERPRISES, INC.",937 CANYON CREEK DR,,TEMPLE,TX,765023293,2547741600,PRESIDENT,3336C0003X,tier_1_primary_pharmacy,Y,Y,
1881762680,TEXAS INJURED WORKERS PHARMACY,2204 PARK SPRINGS BLVD,STE B,ARLINGTON,TX,760135642,8178613784,PIC,3336C0004X|333600000X|3336S0011X,tier_1_primary_pharmacy,Y,Y,
1417025214,LOUIS M CALDWELL JR,114 S OLD BETSY RD,,KEENE,TX,760592425,8175583341,OWNER,3336L0003X|333600000X|3336C0003X,tier_1_primary_pharmacy,Y,Y,
1518035344,SLMT INC,1420 FABENS STREET,STE B,FABENS,TX,79838,9157642739,OWNER/PIC,333600000X|3336C0003X,tier_1_primary_pharmacy,Y,Y,
1306914809,HASKELL DRUG STORE INC,100 S AVENUE E,STE B,HASKELL,TX,795215711,9408642674,OWNER PIC,333600000X|3336L0003X,tier_1_primary_pharmacy,Y,Y,
1386712701,BEST VALUE PHARMACIES INC,1100 BLUEBONNET,,GLEN ROSE,TX,76043,2548979917,VICE PRESIDENT,3336C0003X,tier_1_primary_pharmacy,Y,Y,
1699843490,GERLANDS REALTY INC,10902 SCARSDALE BLVD,,HOUSTON,TX,770896023,2814816040,OWNER,333600000X|3336C0003X,tier_1_primary_pharmacy,Y,Y,
1891863031,DURAMED INC,306 RR 2900,,KINGSLAND,TX,786396063,3253884593,PIC,333600000X|3336C0003X,tier_1_primary_pharmacy,Y,Y,
1629136460,WOODY WEAVER PHARMACY,2722 WEST GENTRY PARKWAY,,TYLER,TX,75702,9035932533,OWNER,333600000X,tier_1_primary_pharmacy,Y,Y,
1902964711,INTERNATIONAL PHARMACIES INC,3127 INTERNATIONAL BLVD,,BROWNSVILLE,TX,785213213,9565462021,PIC,333600000X|3336C0003X,tier_1_primary_pharmacy,Y,Y,
1023177938,CRAWFORD PHARMACY OF BANDERA LLC,907 N MAIN,,BANDERA,TX,78003,8304604205,MEMBER/CFO,333600000X,tier_1_primary_pharmacy,Y,Y,
1922167949,HITCHCOCK PHARMACY,202 HIGHWAY 3,,LA MARQUE,TX,775685928,4099383787,CHIEF PHARMASIST,333600000X,tier_1_primary_pharmacy,Y,Y,
1376602375,NATIONAL HEALTH PHARMACY LTD,251 W MEDICAL CENTER BLVD,STE 100,WEBSTER,TX,775984242,2813322496,OWNER,333600000X|3336C0003X,tier_1_primary_pharmacy,Y,Y,
1427117423,SCARSDALE PHARMACY,12600 SCARSDALE BLVD,SUITE B,HOUSTON,TX,770896270,2414816600,PHARMACIST,3336C0003X,tier_1_primary_pharmacy,Y,Y,
1265591135,PALESTINE PHARMACY LLC,101 MEDICAL DR,,PALESTINE,TX,758014781,9037293100,OWNER MANAGER,3336C0003X,tier_1_primary_pharmacy,Y,Y,
1104985761,EMPIRE PHARMACY AND MEDICAL CENTER INC.,1302 S GENERAL MCMULLEN DR,,SAN ANTONIO,TX,782374200,2104345581,OWNER,333600000X,tier_1_primary_pharmacy,Y,Y,
1396804837,MGS PHARMACY INC,2505 W BELT LINE RD,SUITE 600,LANCASTER,TX,751461930,9722238787,PHARMACIST IN CHARGE,3336C0003X,tier_1_primary_pharmacy,Y,Y,
1801955273,PILOT POINT PHARMACY LTD.,1340 N HIGHWAY 377,STE 100,PILOT POINT,TX,76258,9406860123,SECRETARY,333600000X|3336C0003X,tier_1_primary_pharmacy,Y,Y,
1689734949,"WESTY'S PHARMACY, INC.",113 S MAIN ST,,LOCKHART,TX,786442740,5123982114,MANAGER,3336C0003X,tier_1_primary_pharmacy,Y,Y,
1366502338,FRITCH DRUG & GIFT SHOPPE INC,105 W BROADWAY ST,,FRITCH,TX,790368882,8068573176,PHARMACIST AND PRES,333600000X|3336C0003X,tier_1_primary_pharmacy,Y,Y,
1487714622,PAY AND SAVE INC,310 E AUSTIN ST,,KERMIT,TX,797453023,4325863479,VP AND CFO,333600000X|3336C0003X,tier_1_primary_pharmacy,Y,Y,
1467512434,HOSPITAL PHARMACY,2115 E M L KING BLVD,,AUSTIN,TX,78702,5124767338,OWNER,3336C0003X|333600000X,tier_1_primary_pharmacy,Y,Y,
1093875254,PHARMOCARE INC.,2323 WIRT RD,STE F2,HOUSTON,TX,770551219,7133659393,DIRECTOR,3336C0003X,tier_1_primary_pharmacy,Y,Y,
1790845683,COACH'S RX INC,100 N TEXAS AVE,SUITE A,MERCEDES,TX,785702723,9565142420,PHARMACIST,3336C0004X|3336C0003X,tier_1_primary_pharmacy,Y,Y,
1578623716,TILD INC,11246 S WILCREST DR,STE 180,HOUSTON,TX,770994337,8327709905,PRESIDENT,3336C0003X|333600000X,tier_1_primary_pharmacy,Y,Y,
1013077254,PAY AND SAVE INC,1201 S STOCKTON AVE,,MONAHANS,TX,797566032,4329434445,VP AND CFO,333600000X|3336C0003X,tier_1_primary_pharmacy,Y,Y,
1629138490,THE PHARMACY,6630 SOUTHWEST FWY,,HOUSTON,TX,770742210,7132665425,PHARMACIST-IN-CHARGE,333600000X,tier_1_primary_pharmacy,Y,Y,
1598826018,"ADVANTAGE INFUSION SERVICES, INC.",6019 RANDOLPH BLVD,,SAN ANTONIO,TX,782335719,2105997276,PRESIDENT,3336H0001X,tier_1_primary_pharmacy,Y,Y,
1790846004,"LATIN AMERICAN DRUGS, INC",4000 FULTON ST STE P,,HOUSTON,TX,770094729,7136954332,PHARMACY MANAGER,3336C0003X,tier_1_primary_pharmacy,Y,Y,
1174684468,BTB LAKEWAY INC,1202 LAKEWAY DR,,LAKEWAY,TX,787344473,5122616567,PRESIDENT,3336C0004X,tier_1_primary_pharmacy,Y,Y,
1700947876,KS PHARM LLC,1010 SOUTH PONDS DR,,WEBSTER,TX,77598,7134424360,DIRECTOR OF PHARMACY,3336C0003X,tier_1_primary_pharmacy,Y,Y,
1619038783,MARTINEZ PHARMACY LC,1407 JACAMAN RD,,LAREDO,TX,780416194,9567227600,OWNER AND PIC,333600000X|3336C0004X|3336C0003X,tier_1_primary_pharmacy,Y,Y,
1821159906,HDK ENTERPRISES LLC,6330 WEST LOOP SOUTH,STE 700 D,BELLAIRE,TX,774012928,7136608888,COO-OFFICER,3336C0003X,tier_1_primary_pharmacy,Y,Y,
1083775159,SUNRISE CARE INC,2771 SHERMAN ST,SUITE B,GRAND PRAIRIE,TX,750516016,9728090984,OFFICER,3336C0003X|333600000X,tier_1_primary_pharmacy,Y,Y,
1659432474,MERIDIAN PHARMACY GROUP NW HIGHWAY INC,1120 E PLEASANT RUN RD STE 405,,DESOTO,TX,751153512,2143331600,PHARMACIST,333600000X|3336C0003X,tier_1_primary_pharmacy,Y,Y,
1174684245,PALMER PHARMACY PLUS INC,2731 W NORTHWEST HWY,STE 105,DALLAS,TX,752204788,2147659238,PHARMACIST,3336C0004X|3336C0003X,tier_1_primary_pharmacy,Y,Y,
1891856969,PROFESSIONAL PHARMACY II,1221 W AIRPORT FWY STE 111,,IRVING,TX,750626296,9725141277,OWNER/RPH,333600000X|3336C0003X,tier_1_primary_pharmacy,Y,Y,
1265593339,CITY DRUG OF BRADY INC,704 W 17TH ST,,BRADY,TX,768256936,3255972325,OWNER,333600000X|3336C0003X,tier_1_primary_pharmacy,Y,Y,
1407917495,"FAMILY PHARMACY, INC",2418 SOUTHMORE,,PASADENA,TX,77502,7134723138,PHARMACY OWNER,3336C0003X,tier_1_primary_pharmacy,Y,Y,
1528129699,AMERICAN ADVANCEMENT LLC,1323 E FRANKLIN ST # 100,,HILLSBORO,TX,766452621,2546328863,PRESIDENT,3336C0003X,tier_1_primary_pharmacy,Y,Y,
1437210507,KS PHARM LLC,106 VISION PARK BLVD,,SHENANDOAH,TX,77384,7134421975,DIRECTOR OF PHARMACY,3336C0003X,tier_1_primary_pharmacy,Y,Y,
1346301413,MOORES PHARMACY INC,5945 MCARDLE RD STE 101,,CORPUS CHRISTI,TX,784123491,3618532061,PRESIDENT,333600000X|3336C0004X|3336C0003X,tier_1_primary_pharmacy,Y,Y,
1164583233,KS PHARM LLC,11555 UNIVERSITY BLVD STE 110,,SUGAR LAND,TX,774783889,7134429475,DIRECTOR OF PHARMACY,3336C0003X,tier_1_primary_pharmacy,Y,Y,
1073674149,KS PHARM LLC,5001 E. SAM HOUSTON PKWY S.,,PASADENA,TX,77505,7134427179,DIRECTOR OF PHARMACY,3336C0003X,tier_1_primary_pharmacy,Y,Y,
1982765053,KS PHARM LLC,8233 N. SAM HOUSTON PKWY E.,,HUMBLE,TX,77396,7134422079,DIRECTOR OF PHARMACY,3336C0003X,tier_1_primary_pharmacy,Y,Y,
1609937770,"RETAIL INVESTORS OF TEXAS, LTD.",3955 PHELAN BLVD,,BEAUMONT,TX,777072223,4098923226,PRESIDENT,3336C0003X,tier_1_primary_pharmacy,Y,Y,
1518028687,"KS PHARM, LLC",25553 US HIGHWAY 59,,PORTER,TX,77365,7134422179,DIRECTOR OF PHARMACY,3336C0002X|3336C0003X,tier_1_primary_pharmacy,Y,Y,
1831250885,CRANE PHARMACY LLC,515 S ALFORD ST,,CRANE,TX,797312517,4325582411,MANAGER,333600000X,tier_1_primary_pharmacy,Y,Y,
1134280902,KS PHARM LLC,2727 W HOLCOMBE BLVD STE 110,,HOUSTON,TX,770251669,7134420079,DIRECTOR OF PHARMACY,3336C0003X,tier_1_primary_pharmacy,Y,Y,
1043371818,KS PHARM LLC,15655 CYPRESS WOODS MEDICAL DR,STE 150,HOUSTON,TX,77014,7134421779,DIRECTOR OF PHARMACY,3336C0003X,tier_1_primary_pharmacy,Y,Y,
1225199292,"JERRY'S PHARMACY, LTD",2793 MAIN ST,,INGLESIDE,TX,783625901,3617762577,"PHARMACIST, OWNER",333600000X,tier_1_primary_pharmacy,Y,Y,
1134280019,VAL MED LLC,400 S BICENTENNIAL BLVD,,MCALLEN,TX,785015199,9566183100,PHARMACIST IN CHARGE,3336C0003X,tier_1_primary_pharmacy,Y,Y,
1144381880,WILLIAM L BRYSON INC,131 N LOCUST,,CLARKSVILLE,TX,754263160,9034272805,SOLE OFFICER,3336C0003X,tier_1_primary_pharmacy,Y,Y,
1912068776,L & B DRUG INC,701 HICKORY ST,,ABILENE,TX,796015005,3256779191,PRESIDENT,3336C0003X|333600000X,tier_1_primary_pharmacy,Y,Y,
1174684732,VALU-MED INC.,707 N LLANO ST,,FREDERICKSBURG,TX,786243943,8309978155,OWNER,3336C0003X,tier_1_primary_pharmacy,Y,Y,
1740342385,COLLOM & CARNEY CLINIC ASSOCIATION,5002 COWHORN CREEK RD,,TEXARKANA,TX,755039701,9036143100,PHARMACIST-IN-CHARGE,3336C0003X,tier_1_primary_pharmacy,Y,Y,
1831251453,"OZONA PHARMACY, LLC",804 11TH ST,,OZONA,TX,76943,3253922666,MANAGER,333600000X|3336C0003X,tier_1_primary_pharmacy,Y,Y,
1194887349,ALAMEDA THRIFTY PHARMACY INC,4900 ALAMEDA AVE,,EL PASO,TX,799052802,9157725331,PHARMACIST,3336C0003X,tier_1_primary_pharmacy,Y,Y,
1497817837,GARZA PHARMACY,1200 S 10TH AVE,,EDINBURG,TX,785395516,9563835314,OWNER,3336C0003X,tier_1_primary_pharmacy,Y,Y,
1205998614,SMART CHOICE DRUGSTORE,4030 W BRAKER LN,STE 400,AUSTIN,TX,787595315,8662896337,PHARMACY MANAGER,3336C0003X,tier_1_primary_pharmacy,Y,Y,
1528120615,"HEALTH CARE UNLIMITED, INC",1100 E LAUREL AVE,SUITE 100,MCALLEN,TX,785015722,9569949911,CEO,3336H0001X,tier_1_primary_pharmacy,Y,Y,
1730241670,S & J KRUM PHARMACY INC,900 E MCCART ST STE 800,,KRUM,TX,76249,9404821972,CEO,3336C0003X,tier_1_primary_pharmacy,Y,Y,
1992867949,GROVE MEDICAL CENTER PHARMACY,1143 S BUCKNER BLVD,,DALLAS,TX,752174304,2143912414,PHARMACIST,3336C0003X,tier_1_primary_pharmacy,Y,Y,
1053473918,STOK-PHARMS INC,8211 INDIANA AVE,,LUBBOCK,TX,794232832,8067931124,PHARMACIST,3336C0003X,tier_1_primary_pharmacy,Y,Y,
1316009277,CAPSULE PHARMACY,213 MEYER ST.,,TAFT,TX,78390,3615283121,PHARMACIST,3336C0003X,tier_1_primary_pharmacy,Y,Y,
1972665891,DRUGSTORE IN CHINA,209 EAST RAILROAD,,CHINA,TX,77613,4097525888,PHARMACIST,3336C0003X,tier_1_primary_pharmacy,Y,Y,
1215099148,HALLSVILLE DRUG & HARDWARE LLC,100 EAST MAIN,,HALLSVILLE,TX,75650,9036682012,RPH,3336C0003X,tier_1_primary_pharmacy,Y,Y,
1912069790,JOHN R MOSS & ARCHIE P GILLIAM PTR,102 S MCGEE ST,,BORGER,TX,790074020,8062735606,OWNER,3336C0003X,tier_1_primary_pharmacy,Y,Y,
1316000912,FIDEL G HUERTA JR. INC,818 BROOKLYN AVE,,SAN ANTONIO,TX,782151607,2104335400,PRESIDENT,333600000X,tier_2_secondary_pharmacy,N,Y,
1821151382,COOGS INVESTMENTS LTD,1002 E TYLER AVE,,HARLINGEN,TX,785507136,9563653217,DIRECTOR,3336C0003X,tier_1_primary_pharmacy,Y,Y,
1700949096,"BELLS FAMILY DRUG, LLC",103 WEST BELLS BOULEVARD,,BELLS,TX,75414,9039657383,OFFICER,3336C0003X,tier_1_primary_pharmacy,Y,Y,
1710040613,TRINITY PHARMACY,520 E. DOUGLAS,,TYLER,TX,757027936,9035263784,MANAGER,3336C0002X,tier_1_primary_pharmacy,Y,Y,
1154484210,TEXAS BLUEBONNET PHARMACY,808 UTILITY RD,,SANGER,TX,762669131,9404583184,CEO,333600000X,tier_1_primary_pharmacy,Y,Y,
1801950670,SETON FAMILY OF HOSPITALS,601 E 15TH ST,,AUSTIN,TX,787011930,5123247395,REGIONAL DIR NET REV & REIMB,3336I0012X|3336C0003X|333600000X,tier_1_primary_pharmacy,Y,Y,
1265596068,"FORT BEND FAMILY HEALTH CENTER, INC. PHARMACY",400 AUSTIN ST,,RICHMOND,TX,774694406,2813412918,CHIEF EXECUTIVE OFFICER,3336C0002X,tier_1_primary_pharmacy,Y,Y,
1649333469,MOORE'S PHARMACY INC.,1000 E HOUSTON ST,,BEEVILLE,TX,781025259,3613582811,VICE PRESIDENT,3336C0003X,tier_1_primary_pharmacy,Y,Y,
1659434801,UNIVERSITY OF TEXAS SOUTHWESTERN MEDICAL CENTER AT DALLAS,5303 HARRY HINES BLVD # U4.902,,DALLAS,TX,753908862,2146482422,HEALTH SYSTEM CFO,3336C0003X,tier_1_primary_pharmacy,Y,Y,
1861556458,DAYSTAR PHARMACY INC,3926 BAHLER AVE,,MANVEL,TX,775782823,2814899409,PIC,3336L0003X,tier_1_primary_pharmacy,Y,Y,
1821152323,JTAC2 INC,10019 S MAIN ST # A-10,,HOUSTON,TX,770255209,7136675003,PRESIDENT,3336C0003X,tier_1_primary_pharmacy,Y,Y,
1194889576,SETON HEALTHCARE NETWORK,1201 W 38TH ST,ATT PHARMACY,AUSTIN,TX,787051006,5123247365,REGIONAL DIR NET REV & REIMB,3336C0003X|3336I0012X|333600000X,tier_1_primary_pharmacy,Y,Y,
1861556680,MERKEL DRUG COMPANY,121 EDWARDS ST,,MERKEL,TX,795363801,3259285012,OWNER PHARMACIST IN CHARGE,333600000X|3336L0003X|3336C0003X,tier_1_primary_pharmacy,Y,Y,
1770647497,MEDART PHARMACY LLC,120 W 4TH ST,,JUSTIN,TX,762475014,9406482222,"OWNER, PIC",333600000X|3336C0003X,tier_1_primary_pharmacy,Y,Y,
1841354115,EMGR PHARMACIES,7338 MCHENRY ST,STE 6,HOUSTON,TX,770873633,7136442424,CERTIFIED PHARMACY TECHNICIAN,3336C0003X,tier_1_primary_pharmacy,Y,Y,
1942364963,SETON FAMILY OF HOSPITALS,11113 RESEARCH,ATT PHARMACY,AUSTIN,TX,787595236,5123247365,REGIONAL DIR NET REV & REIMB,3336C0003X|3336I0012X|333600000X,tier_1_primary_pharmacy,Y,Y,
1811051956,SETON HEALTHCARE NETWORK,1400 NORTH IH35,ONE CHILDRENS PLACE ATTN PHARMACY,AUSTIN,TX,787011926,5123247365,OPERATIONS MANAGER,333600000X,tier_1_primary_pharmacy,Y,Y,
1093870719,PROVIDERX OF MIDLAND LLC,2208 N LOOP 250 W,STE 101,MIDLAND,TX,797076011,4326893355,GENERAL MANAGER,3336C0003X|3336L0003X,tier_1_primary_pharmacy,Y,Y,
1427113851,"HIGHPOINT PHARMACY, LP",800 W ARBROOK,SUITE 140,ARLINGTON,TX,76015,8174663607,"MANAGING OFFICER, AUTHORIZED OFFICI",333600000X|3336C0004X|3336C0003X,tier_1_primary_pharmacy,Y,Y,
1336204767,CAVIELS PHARMACY,1719 AVENUE A,,LUBBOCK,TX,794015334,8067655311,CO OWNER CHIEF PHCST,333600000X|3336C0003X,tier_1_primary_pharmacy,Y,Y,
1245395672,WOODLAWN PHARMACEUTICAL GROUP INC,2215 ROLLINGBROOK DRIVE,STE 120A,BAYTOWN,TX,77521,7139283044,OWNER & P.I.C.,3336C0003X,tier_1_primary_pharmacy,Y,Y,
1154486587,"BRACKETTVILLE PHARMACY, LLC",201 N NIXON AVE,,NIXON,TX,781402723,8305821851,OWNER,3336C0003X,tier_1_primary_pharmacy,Y,Y,
1972668309,DALLAS PHARMACEUTICAL CORP,910 N GALLOWAY AVE,,MESQUITE,TX,751492409,9722167000,"OWNER, PHARMACIST-IN-CHARGE",3336C0003X,tier_1_primary_pharmacy,Y,Y,
1881759215,PHARMACY 1 PLUS INC,6776 SOUTHWEST FWY,STE 102,HOUSTON,TX,770742107,7137820558,OWNER,333600000X|3336C0003X,tier_1_primary_pharmacy,Y,Y,
1699830026,KIM MORE PHARMACY CORPORATION,7601 W SAM HOUSTON PKWY S,STE 900,HOUSTON,TX,770725227,7137771414,OWNER,333600000X|3336C0003X,tier_1_primary_pharmacy,Y,Y,
1417012840,VIETNAM PHARMACY,2621 MILAM ST STE C,SUITE C,HOUSTON,TX,770062300,7135200205,PIC,333600000X|3336C0003X,tier_1_primary_pharmacy,Y,Y,
1326103755,ACORN PHARMACY INC,5315 ROSS AVE,,DALLAS,TX,752067418,2148870744,PRESIDENT,333600000X|3336C0003X,tier_1_primary_pharmacy,Y,Y,
1235294661,PROFESSIONAL PAVILION PHARMACY INC,315 N SAN SABA,STE 110,SAN ANTONIO,TX,782073154,2102127455,OWNER,333600000X|3336C0003X,tier_1_primary_pharmacy,Y,Y,
1235294729,DNA PHARMACY,9419 MESA DR,,HOUSTON,TX,770281202,7136333362,PHARMACIST,3336C0003X|333600000X,tier_1_primary_pharmacy,Y,Y,
1376608885,SAMUEL A GURROLA,929 S. MAIN ST,,ANTHONY,TX,79821,9158863394,PHARMACIST IN CHARGE OWNER,3336C0003X,tier_1_primary_pharmacy,Y,Y,
1609931146,"SCRIPX HONEY GROVE, LLC",435 5TH ST,,HONEY GROVE,TX,75446,9033782901,PRESIDENT,3336L0003X|3336C0003X,tier_1_primary_pharmacy,Y,Y,
1154486538,OCHOA RX LLC,1002 S 10TH AVE,SUITE A,EDINBURG,TX,785395514,9563810967,OWNER,3336C0003X,tier_1_primary_pharmacy,Y,Y,
1215092325,RX CLUB OF AMERICA PLLC,10 CHAPEL LANE,,NEW BOSTON,TX,75570,9032235229,PRESIDENT,333600000X|3336C0003X,tier_1_primary_pharmacy,Y,Y,
1104981216,"CRIMSON CARE PHARMACY GROUP I., LLC",203 E JEFFERSON AVE,,WHITNEY,TX,766922302,2546942249,PHARMACIST / OWNER,333600000X|3336C0003X,tier_1_primary_pharmacy,Y,Y,
1619032976,SALFITI CANTON PHARMACY INC,300 S BUFFALO STREET,,CANTON,TX,75103,9035674129,PRESIDENT,3336C0003X|3336L0003X,tier_1_primary_pharmacy,Y,Y,
1437214699,OCHOA RX LLC,301 CONQUEST,,EDINBURG,TX,785393040,9563185159,OWNER,333600000X|3336C0003X,tier_1_primary_pharmacy,Y,Y,
1285790162,NEE INVESTMENTS INC,7404 GATEWAY BLVD E,,EL PASO,TX,799151423,9155925921,OWNER,333600000X|3336C0003X,tier_1_primary_pharmacy,Y,Y,
1093871972,AKSHAR INC.,6033 AIRLINE DR STE A,,HOUSTON,TX,770764244,7136973261,OPR MANAGER,333600000X|3336C0003X,tier_1_primary_pharmacy,Y,Y,
1780740241,THE PRESCRIPTION SHOPPE,607 WEST MAGNOLIA,,FORT WORTH,TX,76104,8178771111,PRESIDENT,333600000X,tier_1_primary_pharmacy,Y,Y,
1326104696,BEST VALUE PHARMACIES INC,604 N PATRICK ST,,DUBLIN,TX,764461122,2544453679,CONTROLLER,3336C0003X,tier_1_primary_pharmacy,Y,Y,
1508922873,PARKSIDE OASIS INC,3920 W WHEATLAND RD,STE 100,DALLAS,TX,752373401,9725729006,"PHARMACIST, OWNER",333600000X|3336C0003X,tier_1_primary_pharmacy,Y,Y,
1134286271,"MEDCAST, INC",7501 LOCKHEED DR,SUITE B,EL PASO,TX,799252458,9157817070,PRESIDENT,3336H0001X,tier_1_primary_pharmacy,Y,Y,
1700943073,MATOKE INCORPORATED SOUTHSIDE PHARMACY,14041 NORTHWEST BLVD,STE 2B,CORPUS CHRISTI,TX,784105137,3617671300,PIC OWNER,3336C0003X,tier_1_primary_pharmacy,Y,Y,
1790842144,PHARMACIA HENRIQUE,1430 N MACARTHUR BLVD STE 107,,IRVING,TX,750614480,2145876922,OWNER AND PIC,333600000X|3336C0003X,tier_1_primary_pharmacy,Y,Y,
1952468308,ACE PHARMACY INC,5631 TELEPHONE RD,STE C,HOUSTON,TX,77087,7136409682,OWNER,3336C0003X,tier_1_primary_pharmacy,Y,Y,
1265599641,SAIGON-HOUSTON PHARMACY LLC.,8388 W SAM HOUSTON PKWY SOUTH,SUITE 186,HOUSTON,TX,77072,2815645400,PHARMACIST IN CHARGE,3336C0003X,tier_1_primary_pharmacy,Y,Y,
1881751287,LONGBINES PHARMACY INC,810 WW RAY CIR,,BRIDGEPORT,TX,764262061,9406834011,OWNER,333600000X|3336C0003X,tier_1_primary_pharmacy,Y,Y,
1841357167,SAIGON HOUSTON PHARMACY LLC,8388 W SAM HOUSTON PKWY S,STE 186,HOUSTON,TX,770725079,2815645400,OWNER AND PIC,3336C0003X,tier_1_primary_pharmacy,Y,Y,
1124185574,ALBRECHTS PHARMACY INC,506 W 5TH ST,,CLIFTON,TX,766341615,2546758398,PHARM,3336L0003X|333600000X|3336C0003X,tier_1_primary_pharmacy,Y,Y,
1235296682,BROOKSHIRE BROS LTD,1906 N FRAZIER ST,STE B,CONROE,TX,773011240,9365396521,EXEC VP,3336L0003X,tier_2_secondary_pharmacy,N,Y,
1396802724,ABILITY PHARMACY INC,558 HEMPHILL ST,,FORT WORTH,TX,761042252,8178821111,CEO/PRESIDENT/PIC,3336H0001X|3336C0003X,tier_1_primary_pharmacy,Y,Y,
1366599458,"VALMED PHARMACY SOLUTIONS, LLC",6700 SW 9TH AVE STE C,,AMARILLO,TX,791061729,8063506337,OWNER,3336S0011X|333600000X|3336C0003X|3336C0004X,tier_2_secondary_pharmacy,N,Y,
1699822759,SHRI DIVYA DRUGS LLC,223 S OAK ST,,PEARSALL,TX,78061,8302672020,PRESIDENT,333600000X|3336C0003X,tier_1_primary_pharmacy,Y,Y,
1467509943,FD PHARMACY INC,29810 FM 1093 RD,STE B,FULSHEAR,TX,774413922,2813462020,PIC,3336C0003X,tier_1_primary_pharmacy,Y,Y,
1497803407,WALKERS PHARMACY,112 W MAIN ST,,MADISONVILLE,TX,778641905,9363482671,OWNER,333600000X|3336C0003X,tier_1_primary_pharmacy,Y,Y,
1538218995,DUNCAN PHARMACY INC,3110 NOGALITOS,STE 107,SAN ANTONIO,TX,782252336,2105321345,PRESIDENT PIC,3336C0003X,tier_1_primary_pharmacy,Y,Y,
1306994314,ZM HOLDING CORPORATION,770 N COIT RD STE 2403,,RICHARDSON,TX,750800119,9722350444,MANAGER,333600000X|3336C0003X,tier_1_primary_pharmacy,Y,Y,
1215085220,"LIFECHEK SWEENY, LLC",201 N GETTY ST,,UVALDE,TX,788015203,8302782589,OWNER/PRESIDENT,333600000X|3336C0003X,tier_1_primary_pharmacy,Y,Y,
1124176136,WALTERS PHARMACY INC,250 W PALM ST,,BELLVILLE,TX,774181361,9798653696,PIC,3336L0003X|333600000X|3336C0003X,tier_1_primary_pharmacy,Y,Y,
1033267042,TEXAS PARKWAY PHARMACY,1110 FM 2234 RD,STE 200,STAFFORD,TX,774776483,2812081346,OWNER,3336C0003X,tier_1_primary_pharmacy,Y,Y,
1306994363,MUENSTER PHARMACY INC,511 N MAPLE ST,,MUENSTER,TX,762522425,9407592833,OWNER,333600000X|3336C0003X,tier_1_primary_pharmacy,Y,Y,
1962550608,PARAGON INFUSION CARE INC,3033 W PRESIDENT GEORGE BUSH HWY STE 100-A,,PLANO,TX,750755752,9725881000,VICE PRESIDENT,3336S0011X|3336H0001X,tier_1_primary_pharmacy,Y,Y,
1538218847,"HOME PHARMACEUTICAL SERVICES, INC.",800A E 7TH ST,,ODESSA,TX,797614612,4325820337,CEO,333600000X|3336H0001X|3336C0004X,tier_1_primary_pharmacy,Y,Y,
1932258860,ARTHUR J MASSO,3855 SOUTHMOST RD FL 2,,BROWNSVILLE,TX,785214863,9565427173,PHARMACIST,3336C0003X,tier_1_primary_pharmacy,Y,Y,
1598814857,PANHANDLE DRUG STORE LLC,201 MAIN STREET,,PANHANDLE,TX,79068,8065373034,PRESIDENT,333600000X|3336L0003X|3336C0003X,tier_1_primary_pharmacy,Y,Y,
1659420511,ARTHUR J MASSO,3354 INTERNATIONAL BLVD,,BROWNSVILLE,TX,785213226,9565442959,PHARMACIST,3336C0003X,tier_1_primary_pharmacy,Y,Y,
1912056730,BRAZOS VALLEY COMMUNITY ACTION AGENCY INC,3400 S TEXAS AVE,BLDG. A SUITE 300,BRYAN,TX,778023148,9795951755,CEO,333600000X|3336C0003X,tier_1_primary_pharmacy,Y,Y,
1891844650,"AFTERCARE, INC",1001 FERRIS AVE,,WAXAHACHIE,TX,751652557,9729232083,OWNER,333600000X,tier_1_primary_pharmacy,Y,Y,
1205986734,TSANG CORP,3302 ORLANDO ST,,HOUSTON,TX,770934855,7136944618,OFFICER,3336C0003X,tier_1_primary_pharmacy,Y,Y,
1922157429,MED-TVZ PHARMACIES INC.,2004 MEDICAL PKWY STE A,,SAN MARCOS,TX,786667585,5123538900,PHARMACIST,3336C0003X,tier_1_primary_pharmacy,Y,Y,
1184774424,MEDICAL CENTER EAST PHARMACY,7112 LYONS AVE,,HOUSTON,TX,770205361,7136752625,PIC AND OWNER,333600000X|3336C0003X,tier_1_primary_pharmacy,Y,Y,
1538219407,APPLE DRUGS,4811B COLUMBIA AVE,,DALLAS,TX,752261034,2148214008,PHARMACIST,3336C0003X,tier_1_primary_pharmacy,Y,Y,
1174673339,LOPEZ PHARMACY,5850 FM 802 STE C8,,BROWNSVILLE,TX,785265206,9568380800,OWNER PHARMACIST,3336C0003X,tier_1_primary_pharmacy,Y,Y,
1770633703,HENRIETTA PHARMACY INC,124 N BRIDGE ST,,HENRIETTA,TX,763652804,9405384361,PHARMACIST,3336C0003X,tier_1_primary_pharmacy,Y,Y,
1609926641,VENTURA BUSINESS PARTNERS LLC,6100 BROADWAY ST,,ALAMO HEIGHTS,TX,782094545,2108243322,"PIC, VICE PRESIDENT",3336C0004X|3336C0003X,tier_1_primary_pharmacy,Y,Y,
1821149212,JAMES LYNN WHITE,100 SE 17TH AVE,,MINERAL WELLS,TX,760675607,9403252541,PHARMACIST IN CHARGE,3336C0003X,tier_1_primary_pharmacy,Y,Y,
1093866212,"NORTH SIDE PHARMACY, INC.",1601 W UNIVERSITY DR,,MCKINNEY,TX,750693445,9725424481,MANNGER,333600000X,tier_2_secondary_pharmacy,N,Y,
1588715585,S & J PHARMACY INC,801 E CHAPMAN DR # 100,,SANGER,TX,76266,9404584448,OWNER,333600000X|3336C0004X|3336C0003X,tier_1_primary_pharmacy,Y,Y,
1396896395,"AMERITA, INC.",6310 ROTHWAY ST STE 100A,,HOUSTON,TX,770405056,7138437700,CFO,3336H0001X,tier_1_primary_pharmacy,Y,Y,
1033260021,FIFTH BLESSING,9627 BISSONNET ST,,HOUSTON,TX,770368005,7132726500,PRESIDENT,3336C0003X|3336L0003X,tier_1_primary_pharmacy,Y,Y,
1053462838,KRAEGE DRUG STORE,113 E MAIN ST,,YORKTOWN,TX,781642030,3615642216,PARTNER,3336C0003X,tier_1_primary_pharmacy,Y,Y,
1225180383,JC PHARMACY,900 W SAM HOUSTON ST,SUITE 3,PHARR,TX,785775217,9567821144,OWNER,333600000X,tier_1_primary_pharmacy,Y,Y,
1912059262,OAKDELL PHARMACY LLC,423 TREELINE PARK,STE 201,SAN ANTONIO,TX,782092060,2108226330,CFO,3336C0004X|333600000X|3336C0003X,tier_1_primary_pharmacy,Y,Y,
1821140179,U S PHARMACY INC,6619 FOREST HILL DR,STE 20,FOREST HILL,TX,761401233,8174789191,PRESIDENT OWNER,333600000X|3336C0003X,tier_1_primary_pharmacy,Y,Y,
1194877449,FIDEL G HUERTA JR INC,818 BROOKLYN AVE STE 2,STE 2,SAN ANTONIO,TX,782151607,2102280300,PRESIDENT,3336L0003X,tier_1_primary_pharmacy,Y,Y,
1194877456,UNIVERSITY PHARMACY LLC,1205 N RAUL LONGORIA RD,STE F,SAN JUAN,TX,78589,9569614870,PHARMACIST IN CHARGE,333600000X|3336C0003X,tier_1_primary_pharmacy,Y,Y,
1275686925,M & S TOWER PHARMACY INC,730 N MAIN AVE,S 107,SAN ANTONIO,TX,78205,2102252951,PRESIDENT,333600000X,tier_1_primary_pharmacy,Y,Y,
1295888949,"AVITA DRUGS, LLC",2602 N MAIN AVE,,SAN ANTONIO,TX,782122919,2107363161,CHIEF FINANCIAL OFFICER,3336C0003X,tier_1_primary_pharmacy,Y,Y,
1760535900,WESTPARK DISCOUNT PHARMACY,350 WESTPARK WAY,STE 300,EULESS,TX,760403964,8175456600,PRESIDENT & CEO,3336C0003X,tier_1_primary_pharmacy,Y,Y,
1295888394,PROFESSIONAL PLAZA PHARMACY INC,1005 YORK DR,SUITE 105,DESOTO,TX,751152083,9725721939,CHIEF PHARMACIST,3336C0003X,tier_1_primary_pharmacy,Y,Y,
1053465617,TMT CARE PHARMACY LLC,12060 BELLAIRE BLVD,SUITE E,HOUSTON,TX,770722569,2819333573,OWNER,3336C0003X,tier_1_primary_pharmacy,Y,Y,
1215081666,MEDICAL DISCOUNT PHARMACY LP,1316 7TH ST,,ROSENBERG,TX,774713531,2812323940,CEO,3336C0003X,tier_1_primary_pharmacy,Y,Y,
1124172572,PHARM NACOGDOCHES ACQUISITION LLC,212 NORTH ST,STE B,NACOGDOCHES,TX,75961,8174420484,OFFICER,333600000X|3336C0003X,tier_1_primary_pharmacy,Y,Y,
1952455305,NGUYEN'S PHARMACEUTICAL COMPANY,10515 BELLAIRE BLVD,STE L,HOUSTON,TX,770725234,2815681888,PRESIDENT,333600000X|3336C0003X,tier_1_primary_pharmacy,Y,Y,
1497809842,J AND J PHARMACY INC,310 N RIDGEWAY DR,,CLEBURNE,TX,760335102,8176459138,OWNER,333600000X|3336C0003X,tier_1_primary_pharmacy,Y,Y,
1306990759,PHU HUU NGUYEN PHARMD PC,3007 GARTH RD,,BAYTOWN,TX,775213946,2814284705,PIC,3336C0003X,tier_1_primary_pharmacy,Y,Y,
1871647057,BEST VALUE PHARMACIES INC,320 W 1ST AND WALNUT,,HICO,TX,76457,2547964271,VICE-PRESDENT,3336C0003X,tier_1_primary_pharmacy,Y,Y,
1750436101,PEDRO MANUEL YZAGUIRRE JR,5235 SOUTHMOST RD STE C,,BROWNSVILLE,TX,785218052,9565049555,PHARMACIST,3336C0003X,tier_1_primary_pharmacy,Y,Y,
1427103175,"H-E-B, LP",651 N US HWY 183,,LEANDER,TX,78641,5125287777,GOVERNMENT PROGRAMS MANAGER,3336C0003X,tier_1_primary_pharmacy,Y,N,H-E-B
1376698969,"DANIEL DRUG, INC",3409 W 7TH ST,,FORT WORTH,TX,761072718,8173326386,PRES,333600000X,tier_1_primary_pharmacy,Y,Y,
1245385400,PEDRO MANUEL YZAGUIRRE,721 W HARRISON AVE,SUITE A,HARLINGEN,TX,785506016,9564252424,PHARMACIST OWNER,3336C0003X,tier_1_primary_pharmacy,Y,Y,
1902951023,PEDRO MANUEL YZAGUIRRE,4682 LAKEWAY DR,,BROWNSVILLE,TX,785209264,9565412400,PHARMACIST OWNER,333600000X,tier_1_primary_pharmacy,Y,Y,
1689729717,JACKSON COUNTY HOSPITAL DISTRICT,1013 S WELLS ST,BLDG B,EDNA,TX,779574045,3617827822,PIC,3336C0003X,tier_1_primary_pharmacy,Y,Y,
1649326208,3 ROBERT LLC,306 RANCH ROAD 2900,,KINGSLAND,TX,786396063,3253884593,OWNER,333600000X,tier_1_primary_pharmacy,Y,Y,
1245386689,SOUTHERN TIER INFUSION INC,8687 LOUETTA RD STE 150,,SPRING,TX,773796672,2812510888,OWNER PHARMACIST,3336C0004X|3336C0003X,tier_1_primary_pharmacy,Y,Y,
1548316854,SANITARIUM DRUG CO,423 LIVE OAK ST,,MARLIN,TX,766612367,2548833541,VICE PRESIDENT,3336C0003X,tier_1_primary_pharmacy,Y,Y,
1699811703,NICKS PHARMACY,1815 TEXAS AVE,,BRIDGE CITY,TX,776112833,4097355323,PHARMACIST,3336C0003X,tier_1_primary_pharmacy,Y,Y,
1396881595,RICKY DANE RAY,801 ROAD TO SIX FLAGS W,SUITE 122,ARLINGTON,TX,760122616,8172777231,PHARMACIST IN CHARGE,3336C0003X,tier_1_primary_pharmacy,Y,Y,
1821134958,KOTZEBUE DRUG INC,525 N SAINT JOSEPH ST,,GONZALES,TX,786294019,8306728505,OWNER AND PIC,333600000X|3336L0003X|3336C0003X,tier_1_primary_pharmacy,Y,Y,
1770629875,PALACE DRUG STORE,131 N MAIN AVE,,DENVER CITY,TX,793233237,8065922525,PHARMACIST,3336C0003X,tier_1_primary_pharmacy,Y,Y,
1669518783,CASTLE HILLS PHARMACY LLC,3412 SAM HOUSTON DR,,VICTORIA,TX,779042238,3615756328,OWNER,333600000X|3336C0003X,tier_1_primary_pharmacy,Y,Y,
1285770032,ABILENE H.O.G. PHARMACY,2000 PINE ST,,ABILENE,TX,796012434,3256902300,PHARMACIST,3336C0003X,tier_1_primary_pharmacy,Y,Y,
1942347109,DE LA ROSA PHARMACY,1112 E GRIFFIN PKWY,,MISSION,TX,785722407,9565859110,OFFICE MANAGER,3336C0003X,tier_2_secondary_pharmacy,N,Y,
1528104148,VILLAGE FOODS LTD,3030 E 29TH ST,SUITE 100,BRYAN,TX,778022757,9798468199,PRESIDENT,3336C0003X,tier_1_primary_pharmacy,Y,Y,
1437296605,DE LA ROSA PHARMACY,1500 E 6TH ST,,WESLACO,TX,785966606,9569680403,OFFICE MANAGER,3336C0003X,tier_1_primary_pharmacy,Y,Y,
1710023221,MESQUITE IND SCHOOL DISTRICT,300 W KEARNEY ST,,MESQUITE,TX,751493438,9728827125,PHARM.D.,3336C0003X,tier_1_primary_pharmacy,Y,Y,
1063558583,MORNINGSIDE MINISTRIES,602 BABCOCK RD,,SAN ANTONIO,TX,782013101,2107311199,"DIRECTOR, PHARMACY SERVICES",3336I0012X|333600000X|3336C0003X|3336L0003X,tier_1_primary_pharmacy,Y,Y,
1619013232,CULLEN CARE PHARMACY INC,5751 BLYTHEWOOD ST,,HOUSTON,TX,770215402,7137472100,OWNER/CEO,3336C0003X,tier_1_primary_pharmacy,Y,Y,
1861539090,M2PHARMA INC,1401 WIRT RD STE E,,HOUSTON,TX,770554905,7134683236,PRESIDENT,333600000X|3336C0004X|3336C0003X,tier_1_primary_pharmacy,Y,Y,
1437295052,AS PHARMACY L.L.C.,6611 RIVER PLACE BLVD STE 103,,AUSTIN,TX,787301170,5124875759,OWNER,333600000X|3336C0004X|3336C0003X,tier_1_primary_pharmacy,Y,Y,
1346386968,LUMMUS PHARM INC,902 N MAIN ST,,SAN ANGELO,TX,769034077,3256587555,CORP OFFICER,3336H0001X|333600000X|3336C0004X|3336L0003X,tier_1_primary_pharmacy,Y,Y,
1891832820,UKES INT'L INC,2260 TRAWOOD DR STE D,,EL PASO,TX,799353042,9155909300,OWNER,3336C0003X,tier_1_primary_pharmacy,Y,Y,
1982741930,ADOLFO BALLI INC,1402 E 8TH ST STE 4,,WESLACO,TX,785966642,9569693309,CHIEF PHARMACIST,333600000X,tier_2_secondary_pharmacy,N,Y,
1568509974,EAGLE LAKE DRUGSTORE,702 S MCCARTY AVE,,EAGLE LAKE,TX,774343212,9792342502,PHARMACY MANAGER,333600000X|3336C0003X,tier_1_primary_pharmacy,Y,Y,
1144368325,AMERICAN OUTCOMES MANAGEMENT LP,230 WESTWAY PL STE 101,,ARLINGTON,TX,760181018,8172634700,CHIEF FINANCIAL OFFICER,3336H0001X,tier_1_primary_pharmacy,Y,Y,
1922146257,WTRX HEALT CENTER INC,3211 S COULTER ST,,AMARILLO,TX,791062720,8063512945,PHARMACIST,333600000X,tier_1_primary_pharmacy,Y,Y,
1326186313,QUATTRO M FIRM INC,5910 SCOTT ST,SUITE M,HOUSTON,TX,770211457,7137415104,OWNER,333600000X|3336L0003X|3336C0003X,tier_1_primary_pharmacy,Y,Y,
1235277229,HP PHARMACY,1919 NORTH LOOP W,STE 275B,HOUSTON,TX,770081374,7138637800,PRESIDENT,3336C0003X,tier_1_primary_pharmacy,Y,Y,
1255479341,"UNITED SUPERMARKETS, LTD.",122 S MAIN ST,,PERRYTON,TX,790702659,8064353636,VP AND CFO,3336C0003X,tier_1_primary_pharmacy,Y,Y,
1073651832,NORTH CENTRAL TEXAS COMMUNITY HEALTH CARE CENTER,200 MLK JR BLVD,,WICHITA FALLS,TX,763011152,9407666306,CEO,3336C0002X,tier_1_primary_pharmacy,Y,Y,
1336287291,LY'S PHARMACY INC,3675 BOCA CHICA BLVD,STE D,BROWNSVILLE,TX,785214483,9565442059,PRESIDENT,333600000X|3336C0003X,tier_1_primary_pharmacy,Y,Y,
1023156783,METSCRIPT INC,1300 MAIN ST,SUITE 100,RICHMOND,TX,774693348,2812772707,PRESIDENT,3336C0002X|3336C0004X|3336C0003X,tier_1_primary_pharmacy,Y,Y,
1235277849,MIEARS LTC PHARMACY,707 LAMAR AVE,SUITE C,PARIS,TX,754604492,9037379546,PRESIDENT,3336L0003X,tier_1_primary_pharmacy,Y,Y,
1225176837,"PARIS APOTHECARY, LLC",707 LAMAR AVE STE B,,PARIS,TX,754604460,9037854208,MANAGING MEMBER,3336C0003X,tier_1_primary_pharmacy,Y,Y,
1518005123,MIEARS PHARMACY AND HOME HEALTH CARE,707 LAMAR AVE,SUITE A,PARIS,TX,754604492,9037851679,PRESIDENT,3336C0003X,tier_2_secondary_pharmacy,N,Y,
1013055581,"PHARMA-HEALTH SERVICES, INC.",5638 LAWNDALE ST,,HOUSTON,TX,770233840,7139231621,PHARMACIST IN CHARGE,3336C0003X,tier_1_primary_pharmacy,Y,Y,
1538208095,RIVERSIDE PHARMACY DBA CANAL PHARMACY,2502 CANAL ST,,HOUSTON,TX,770031523,7132275583,OWNER CHIEF PHARMACIST,333600000X,tier_1_primary_pharmacy,Y,Y,
1700925955,"MCCRORY'S PHARMACY, INC",6151 DEW DR,SUITE 100,EL PASO,TX,799123909,9155819655,PRESIDENT,3336C0004X|3336C0003X,tier_1_primary_pharmacy,Y,Y,
1699814962,CLEO HEALTHCARE SERVICES INC.,13415 WOODFOREST BLVD,STE F,HOUSTON,TX,770152922,7133304400,OWNER,3336C0003X,tier_1_primary_pharmacy,Y,Y,
1396884540,UNIVERSITY OF TEXAS AT AUSTIN OFFICE OF ACCTG,100 F W DEAN KEETON SSB 1 110,,AUSTIN,TX,787121108,5124711824,CHIEF PHARMACIST,333600000X|3336C0003X,tier_1_primary_pharmacy,Y,Y,
1013057652,MARTIN PHARMACY INVESTMENTS PLLC,4290 KINSEY DR,,TYLER,TX,757031024,9035615656,PRESIDENT,3336C0003X,tier_1_primary_pharmacy,Y,Y,
1467591396,CHRISTUS HEALTH ARK-LA-TEX,2604 SAINT MICHAEL DR STE 200,,TEXARKANA,TX,755032378,9036142200,PRESIDENT,3336M0002X|3336C0003X,tier_1_primary_pharmacy,Y,Y,
1003955055,JAMES B MAGEL,120 N SMITH ST,,PLEASANTON,TX,780644110,8305694060,PHARMACIST OWNER,333600000X|3336C0003X,tier_1_primary_pharmacy,Y,Y,
1699814483,FIRST LONE STAR PHARMACY GROUP III LLC,504 N BROADWAY ST,,JOSHUA,TX,760583414,8172958531,MANAGING PARTNER,333600000X|3336C0003X,tier_1_primary_pharmacy,Y,Y,
1770623365,"WILCRX ENT.,INC.",415 STATE HWY 124,,WINNIE,TX,77665,4092962497,PRESIDENT,3336C0003X,tier_1_primary_pharmacy,Y,Y,
1639218563,TEXAS STATE UNIVERSITY,298 STUDENT CENTER DR.,,SAN MARCOS,TX,78666,5122453590,STUDENT HEALTH CENTER DIRECTOR,3336C0003X,tier_1_primary_pharmacy,Y,Y,
1780723353,HILLCROFT PLAZA PHARMACY INC.,6655 HILLCROFT ST,108,HOUSTON,TX,770814815,7135416655,MANAGING OFFICER,3336C0003X,tier_1_primary_pharmacy,Y,Y,
1902945579,HARMISON PHARMACIES LC,2701 OSLER DR,STE 1,GRAND PRAIRIE,TX,750511064,9726472721,OWNER,333600000X|3336C0003X,tier_1_primary_pharmacy,Y,Y,
1861532368,TIGUA PHARMACY INC,8269 N LOOP DR,,EL PASO,TX,799074234,9155902800,OWNER (PIC ),3336C0003X,tier_1_primary_pharmacy,Y,Y,
1689714610,DARCY PHARMACY LLC,11210 BELLAIRE BLVD,SUITE 130,HOUSTON,TX,770722527,2819888300,PHARMACIST OWNER,333600000X,tier_1_primary_pharmacy,Y,Y,
1568502003,NORTHWOOD PHARMACY INC,9999 HOMESTEAD RD,,HOUSTON,TX,770163725,7136333600,PRESIDENT PHARMACIST-IN-CHARGE,333600000X|3336C0003X,tier_1_primary_pharmacy,Y,Y,
1891835757,JIMMIE LEE WHISENHUNT,102 MAIN ST,,HOOKS,TX,755615155,9035472782,OWNER AND CEO,333600000X|3336C0003X,tier_1_primary_pharmacy,Y,Y,
1467592683,EL CENTRO DEL BARRIO INC,918 WAGNER,,SAN ANTONIO,TX,782113218,2109323500,CFO,3336C0002X,tier_2_secondary_pharmacy,N,Y,
1568502722,CLINICAL CARE PHARMACY,2770 N SAM HOUSTON PKWY W,,HOUSTON,TX,770381206,2812728700,PHARMACIST,3336C0003X,tier_1_primary_pharmacy,Y,Y,
1083754139,"DRIPPING SPRINGS PHARMACY LA&B, LLC",100 COMMONS RD STE 1,,DRIPPING SPRINGS,TX,786203966,5128587935,"CO-OWNER, PHAMD",333600000X|3336C0003X,tier_1_primary_pharmacy,Y,Y,
1255471215,"AMEHRCO ENTERPRISES,INC",7878 GATEWAY BLVD E STE 102,,EL PASO,TX,799151802,9155951300,PRESIDENT,333600000X,tier_1_primary_pharmacy,Y,Y,
1386784304,ASCENSION PROVIDENCE,405 LONDONDERRY DR STE 104,,WACO,TX,767127920,2547514915,REG DIR NET REV & REIMB,333600000X|3336C0003X,tier_1_primary_pharmacy,Y,Y,
1184765604,PHARMESTATE LLC,317 CENTRAL EXPY N,,ALLEN,TX,750132631,9723909888,CEO,333600000X,tier_1_primary_pharmacy,Y,Y,
1356482996,ROGERS PHARMACY #4,6502 NURSERY DR,SUITE 102,VICTORIA,TX,779041178,3615720226,OWNER,3336C0003X,tier_1_primary_pharmacy,Y,Y,
1588705123,ROGERS PHARMACY #3,512 E RIO GRANDE ST,,VICTORIA,TX,779016033,3615720226,OWNER,3336C0003X,tier_1_primary_pharmacy,Y,Y,
1093856726,MCGINTY AND MULDROW CORP,918 MERCURY DR,,HOUSTON,TX,770292041,7136746122,OWNER,333600000X|3336C0003X,tier_1_primary_pharmacy,Y,Y,
1518008143,ROGERS PHARMACY #2,2700 CITIZENS PLZ,SUITE 106,VICTORIA,TX,779015754,3615820503,OWNER,3336C0003X,tier_1_primary_pharmacy,Y,Y,
1912048430,"BONHAM FAMILY DRUG, LLC",100 E SAM RAYBURN DR,,BONHAM,TX,75418,9035837325,OFFICER,333600000X|3336L0003X|3336C0004X|3336C0003X,tier_1_primary_pharmacy,Y,Y,
1578603429,C & G PHARMACY,11618 ALDINE WESTFIELD RD,,HOUSTON,TX,770932303,2814424201,PIC,3336C0003X,tier_1_primary_pharmacy,Y,Y,
1114067956,SMITH DRUG CO,114 N TENNESSEE,,MCKINNEY,TX,75069,9725424431,PIC,333600000X,tier_1_primary_pharmacy,Y,Y,
1043351331,E & E PHARMACY,6969 GULF FREEWAY,SUITE 340,HOUSTON,TX,77087,7138478989,PHARMACIST IN CHARGE,333600000X,tier_1_primary_pharmacy,Y,Y,
1568503688,"MEDICINE SHOPPES, INC.",103 W. BELLS BLVD,,BELLS,TX,75414,9039657383,CEO,333600000X|3336C0003X,tier_1_primary_pharmacy,Y,Y,
1356482624,BEARD PHARMACIST INC.,443 AUSTIN STREET,,TIMPSON,TX,759750458,9362542471,OWNER,3336C0003X,tier_1_primary_pharmacy,Y,Y,
1639210057,POLK PHARMACY,"8 MEDICAL PKWY, PLAZA 11",SUITE 106,FARMERS BRANCH,TX,75234,9722474322,PHARMACIST-IN-CHARGE,333600000X,tier_1_primary_pharmacy,Y,Y,
1538200944,ABC PARMACY,12879 JOSEY LN,SUITE 100,FARMERS BRANCH,TX,752346336,9724811600,PHARMACIST,333600000X,tier_1_primary_pharmacy,Y,Y,
1063553238,"EAST END PHARMACY, INC.",6802 NAVIGATION BLVD,,HOUSTON,TX,770111453,7139235959,OWNER,333600000X,tier_1_primary_pharmacy,Y,Y,
1508908112,INTRACARE COMMUNITY PHARMACY LLC,1120 CYPRESS STATION DR,STE 110,HOUSTON,TX,770903002,7137907821,CEO,3336L0003X|3336C0003X,tier_1_primary_pharmacy,Y,Y,
1902947849,GILMER DRUG COMPANY,112 DAVIS ST,,GILMER,TX,756442210,9038435631,PHARMACIST,3336C0003X,tier_1_primary_pharmacy,Y,Y,
1932240777,MAY DRUG,506 E COMMERCE ST,,JACKSONVILLE,TX,757664910,9035862208,PHARMACIST,3336C0003X,tier_1_primary_pharmacy,Y,Y,
1245371012,LGFM LTD,2613 W TRENTON RD,,EDINBURG,TX,785393432,9566688352,MANAGER,3336C0003X,tier_1_primary_pharmacy,Y,Y,
1841331600,VELAS PHARMACY,2000 S MCCOLL RD,STE A,MCALLEN,TX,785031501,9566318352,PHARMACIST,3336C0003X,tier_1_primary_pharmacy,Y,Y,
1851432694,VINA PHARMACY,546 9TH AVE,,PORT ARTHUR,TX,776423322,4099828856,PHARMACIST,3336C0003X,tier_1_primary_pharmacy,Y,Y,
1447392154,MEMORIAL HERMANN MEDICAL GROUP,2100 REGIONAL MEDICAL DR,,WHARTON,TX,774889719,9795324910,SYSTEM EXECUTIVE PT CARE SUPPORT,3336C0003X,tier_1_primary_pharmacy,Y,Y,
1902948409,FLEMING ENTERPRISES INC,902 FM 359 RD,,RICHMOND,TX,774692010,2813448600,PRESIDENT,3336C0003X,tier_1_primary_pharmacy,Y,Y,
1578605952,TEXAS A&M UNIVERSITY,TEXAS A M UNIVERSITY,1264 TAMU,COLLEGE STATION,TX,778431264,9794588292,DIRECTOR,3336C0002X,tier_1_primary_pharmacy,Y,Y,
1225170509,EILA CORPORATION,4503 DE ZAVALA RD STE 108,,SAN ANTONIO,TX,782492060,2104923005,MANAGER/OWNER,3336C0004X|3336C0003X,tier_1_primary_pharmacy,Y,Y,
1952443426,"ONCOLOGY PHARMACY SERVICES, INC",500 W 3RD ST,,ODESSA,TX,797615010,4323370012,EXECUTIVE DIRECTOR,333600000X|3336C0003X|3336S0011X,tier_1_primary_pharmacy,Y,Y,
1043352537,PRINCETON PHARMACY INC.,501 E. PRINCETON DR,SUITE 100,PRINCETON,TX,75407,9727346281,OWNER,3336C0003X,tier_1_primary_pharmacy,Y,Y,
1780727404,UNIVERSITY OF TEXAS AT ARLINGTON,605 S WEST ST,BOX 19329,ARLINGTON,TX,760190001,8172722770,ASST. CHIEF PHARMACIST,3336C0003X|3336I0012X,tier_1_primary_pharmacy,Y,Y,
1457494353,CATCHING'S PRESCRIPTIONS LTD,1900 S COULTER ST STE F,,AMARILLO,TX,791061793,8063552924,OWNER,3336C0003X,tier_1_primary_pharmacy,Y,Y,
1275675167,"SPECIALIZED RX, INC",1416 N SAM HOUSTON PKWY E,STE 160,HOUSTON,TX,770322960,2819878500,MANAGER,3336C0003X|3336L0003X|3336S0011X|3336C0004X,tier_1_primary_pharmacy,Y,Y,
1871636738,TEXAS TECH STUDENT HEALTH PHARMACY,1003 FLINT AVE.,,LUBBOCK,TX,79409,8067432636,PHARMACSIT IN CHARGE,3336C0003X,tier_1_primary_pharmacy,Y,Y,
1275676439,TRAIL CREEK PHARMACY,350 WESTPARK WAY,300,EULESS,TX,760403958,8175713374,MANAGER,3336C0003X,tier_1_primary_pharmacy,Y,Y,
1831232149,MINU RX LTD,2918 SAN JACINTO ST,,HOUSTON,TX,770042708,7135237847,PIC,333600000X|3336C0004X|3336C0003X,tier_1_primary_pharmacy,Y,Y,
1972646032,HIGHLAND PARK PHARMACY INC,3229 KNOX ST,,DALLAS,TX,752054031,2145212126,PIC,333600000X|3336C0003X,tier_1_primary_pharmacy,Y,Y,
1881737948,LJP INC,1517 COLUMBIA ST,,STAMFORD,TX,795536832,3257732441,PRESIDENT,333600000X|3336C0003X,tier_1_primary_pharmacy,Y,Y,
1730222738,POWERS PHARMACY NO 1 INC,702 WEST HOUSTON STREET,,LINDEN,TX,75563,9037567923,PHARMACIST,3336C0003X,tier_1_primary_pharmacy,Y,Y,
1699819995,"LOCK,S DRUG STORE AT BASTROP,INC",103 HIGHWAY 71 W,,BASTROP,TX,786023726,5123212422,PRES,3336C0003X,tier_1_primary_pharmacy,Y,Y,
1710021019,IRIS ANNA INC,5320 BROADWAY ST,,SAN ANTONIO,TX,782095714,2108260616,V PRES,3336C0003X,tier_1_primary_pharmacy,Y,Y,
1538203807,MOHRMANN'S DRUG STORE LLC,2405 WINDING WAY DR,,GONZALES,TX,786293246,8306722317,MEMBER-PIC,3336L0003X|3336C0003X,tier_1_primary_pharmacy,Y,Y,
1245374412,RODGERS PHARMACY,201 N WINFREE ST,,DAYTON,TX,775352653,9362587641,PHARMACIST,3336C0003X,tier_1_primary_pharmacy,Y,Y,
1467596817,"SUPER ROCKWALL DRUGSTORE,LP",3021 RIDGE RD,SUITE 103,ROCKWALL,TX,750325806,9727720500,PRESIDENT,3336C0003X,tier_1_primary_pharmacy,Y,Y,
1295879500,JOHN M MOHRMANN INC,2829 BABCOCK RD,SUITE 125,SAN ANTONIO,TX,782296028,2106927726,PRES,333600000X,tier_1_primary_pharmacy,Y,Y,
1760526891,"RX HERRERA PHARMACY, INC",1801 GUST ST,SUITE#1,LAREDO,TX,780415414,9567270607,"PRESIDENT,PHARMACIST IN CHARGE",333600000X,tier_1_primary_pharmacy,Y,Y,
1376688366,"FIDEL G. HUERTA JR., INC.",2115 PLEASANTON RD,SUITE 100,SAN ANTONIO,TX,782211321,2109237717,OWNER PRESIDENT,3336C0003X,tier_1_primary_pharmacy,Y,Y,
1285779199,LORD AND A. PHARMACY,2949 MARTIN LUTHER KING JR BLVD STE 1,,DALLAS,TX,752156317,2144213133,PHARMACIST IN CHARGE,3336C0003X,tier_1_primary_pharmacy,Y,Y,
1457496473,WHITE CROSS RX LLC,1303 MCCULLOUGH AVE,SUITE 128,SAN ANTONIO,TX,782125609,2102277207,MANAGING MEMBER,333600000X,tier_1_primary_pharmacy,Y,Y,
1730224783,GERLANDS REALTY INC,302 N MAIN ST,,HIGHLANDS,TX,775622842,2814263581,OWNER,3336C0003X,tier_1_primary_pharmacy,Y,Y,
1457495541,"SHANNON BUSINESS SERVICES, INC.",122 S OAKES ST STE 100,,SAN ANGELO,TX,769036408,3257475400,DIRECTOR- OUTPATIENT PHARMACY SERVI,333600000X|3336C0003X,tier_1_primary_pharmacy,Y,Y,
1881739894,MUNIZ RIO GRANDE PHARMACY LLC,1117 S COMMERCE ST,,HARLINGEN,TX,785507706,9564231753,OWNER,3336C0003X|3336C0004X|3336M0002X,tier_1_primary_pharmacy,Y,Y,
1669517587,"FIDEL G. HUERTA JR., INC.",426 CASTROVILLE RD,SUITE 5,SAN ANTONIO,TX,782075120,2104339991,OWNER PRESIDENT,3336C0003X,tier_1_primary_pharmacy,Y,Y,
1669517801,VALLEY BAPTIST MEDICAL CENTER,2101 PEASE ST,EAST TOWER,HARLINGEN,TX,785508307,9563896898,OUTPATIENT PHARMACY SUPERVISOR,3336C0003X,tier_1_primary_pharmacy,Y,Y,
1558406819,"FIDEL G. HUERTA JR., INC.",4006 NOGALITOS,SUITE 1,SAN ANTONIO,TX,782111300,2109245163,OWNER PRESIDENT,3336C0003X,tier_1_primary_pharmacy,Y,Y,
1467597724,"FIDEL G. HUERTA JR., INC.",700 S ZARZAMORA ST,SUITE 100,SAN ANTONIO,TX,782075255,2104969292,OWNER PRESIDENT,3336C0003X,tier_1_primary_pharmacy,Y,Y,
1649315276,ZKBK INVESTMENTS LLC,1010 W BLUFF ST,,WOODVILLE,TX,759794736,4092833073,OWNER/MANAGER,333600000X|3336C0003X,tier_1_primary_pharmacy,Y,Y,
1225173560,VINA PHARMACY INC,11207 N LAMAR BLVD STE A,,AUSTIN,TX,787533056,5129778844,PRESIDENT,333600000X|3336C0003X,tier_1_primary_pharmacy,Y,Y,
1598890709,MICHAEL H BUTTS,501 WEST 2ND BOX 1030,,CLARENDON,TX,792261030,8068743554,OWNER,3336L0003X|3336C0003X,tier_1_primary_pharmacy,Y,Y,
1770628059,"BOUNDS VITAL CARE, INC.",200 EAST HANSON STREET,,CLEVELAND,TX,77327,2815923741,PRESIDENT,333600000X|3336C0003X|3336H0001X|3336L0003X|3336M0002X|3336S0011X,tier_1_primary_pharmacy,Y,Y,
1003951633,CARSAN INC,8111 CYPRESSWOOD DR,SUITE 107,SPRING,TX,773797185,2816550110,THIRD PARTY PLAN COORDINATOR,333600000X|3336C0003X,tier_1_primary_pharmacy,Y,Y,
1912042540,JEFFREY SCOTT TERRY,2007 N MAIN ST,,BAYTOWN,TX,775202746,2814277333,OWNER PHARMACIST,333600000X|3336C0003X,tier_1_primary_pharmacy,Y,Y,
1821133455,LA HACIENDA PHARMACY INC,213 S DR E E DUNLAP ST,,SAN DIEGO,TX,783842801,3612793869,OWNER PRESIDENT,333600000X|3336C0003X,tier_1_primary_pharmacy,Y,Y,
1730224361,CAREY PROSPERIE PHARMACY INC,2119 E 5TH ST,,TYLER,TX,757013515,9035973383,THIRD PARTY PLAN COORDINATOR,3336C0003X,tier_1_primary_pharmacy,Y,Y,
1588799795,"SAENZ MEDICAL PHARMACY LONE STAR, INC.",2121 E GRIFFIN PKWY,SUITE 18,MISSION,TX,785723241,9565196500,OWNER VICE PRESIDENT,3336C0003X,tier_1_primary_pharmacy,Y,Y,
1174658397,"SAENZ MEDICAL PHARMACY NOLANA, INC",801 E NOLANA ST,SUITE 22,MCALLEN,TX,785046104,9566872500,OWNER PRESIDENT,333600000X,tier_1_primary_pharmacy,Y,Y,
1316082787,ROMA PHARMACY,700 E BRAVO BLVD,B,ROMA,TX,785845668,9568471688,PHARMACIST-IN-CHARGE,3336C0003X,tier_1_primary_pharmacy,Y,Y,
1568597177,MANAGED CARE PHARMACY,721 S. PALM,,PECOS,TX,79772,4324454916,RPH,333600000X,tier_1_primary_pharmacy,Y,Y,
1174658702,KING PINSON PHARMACY,920 AVENUE D,,ABERNATHY,TX,793113437,8062982222,OWNER AND PHARMACIST,333600000X|3336C0003X,tier_1_primary_pharmacy,Y,Y,
1184759912,"SAENZ MEDICAL PHARMACY OF PENITAS, INC.",1000 E EXPRESSWAY 83 STE 1,,LA JOYA,TX,785608304,9565852704,OWNER VICE PRESIDENT,3336C0003X,tier_1_primary_pharmacy,Y,Y,
1659406734,ABELDT ENTERPRISES INC,314 W RUSK ST,,TYLER,TX,757011513,9035338155,PRESIDENT/OWNER,3336C0003X,tier_2_secondary_pharmacy,N,Y,
1821123852,REDIGERS PHARMACY INC,724 S EDDY ST,,PECOS,TX,797723727,4324454916,RPH,333600000X,tier_1_primary_pharmacy,Y,Y,
1992830764,TCU PHARMACY LLC,2825 STADIUM DR,,FORT WORTH,TX,761091377,8172578849,"PIC, OWNER",3336C0003X,tier_1_primary_pharmacy,Y,Y,
1437284452,S. RAY JOHNSON,601 S. BLISS AVE,,DUMAS,TX,790294434,8069352333,PHARMACIST OWNER,333600000X,tier_1_primary_pharmacy,Y,Y,
1861528119,EPIC PHARMACY SERVICES INC,25530 I 45 NORTH,,SPRING,TX,77386,2812989797,CEO/PRESIDENT,3336C0003X,tier_1_primary_pharmacy,Y,Y,
1043345341,CENTER STREET PHARMACY INC.,2108 N CENTER ST,,BONHAM,TX,754182628,9035838017,OWNER,333600000X|3336C0003X,tier_1_primary_pharmacy,Y,Y,
1083740195,CANAL RX,3311 CANAL ST,,HOUSTON,TX,770031847,7134570752,PHARMACIST,3336C0003X,tier_1_primary_pharmacy,Y,Y,
1639205495,NBJ PHARMACY,7830 W GRAND PKWY S STE 160,,RICHMOND,TX,774065817,8322229450,OFFICER,3336C0004X|3336C0003X,tier_1_primary_pharmacy,Y,Y,
1285760231,DOCTOR'S PLAZA PHARMACY,1305 AIRPORT FWY STE 110,,BEDFORD,TX,760216603,8176257000,MANAGER,3336C0003X,tier_1_primary_pharmacy,Y,Y,
1396871323,COOGS INVESTMENTS LTD,1301 E FERN AVE STE B1,,MCALLEN,TX,785011467,9569920728,DIRECTOR,3336C0003X,tier_1_primary_pharmacy,Y,Y,
1710013123,EL PASO COUNTY HOSPITAL DISTRICT,300 S ZARAGOZA RD BLDG B,,EL PASO,TX,799076635,9157905722,PRESIDENT & CEO,333600000X|3336C0003X,tier_1_primary_pharmacy,Y,Y,
1942337381,EL PASO COUNTY HOSPITAL DISTRICT,4815 ALAMEDA AVE,,EL PASO,TX,799052705,9155217705,PRESIDENT & CEO,333600000X|3336C0004X|3336I0012X,tier_1_primary_pharmacy,Y,Y,
1548397656,ONCOLOGY PHARMACY SERVICES INC,3001 E PRESIDENT GEORGE BUSH HWY,100,RICHARDSON,TX,750823542,9729978087,CFO,333600000X|3336C0003X,tier_1_primary_pharmacy,Y,Y,
1629104039,"BAYLOR SCOTT & WHITE HEALTH ENTERPRISES, INC.",3600 GASTON AVE STE 109,,DALLAS,TX,752461801,2148203451,PRESIDENT,3336C0003X,tier_1_primary_pharmacy,Y,Y,
1538295944,TIDWELL PHARMACY,12280 BROADWAY ST BLDG 4 UNIT 4124,,PEARLAND,TX,775844352,7138848807,OWNER,333600000X|3336C0003X,tier_1_primary_pharmacy,Y,Y,
1447386859,GERLANDS REALTY INC,20851 FM 1485 RD,,NEW CANEY,TX,773577329,2816893446,OWNER,333600000X|3336C0003X,tier_1_primary_pharmacy,Y,Y,
1356477764,HANEY & HANEY LLC,1130 N MAIN ST,,VIDOR,TX,77662,4097692406,MANAGER,333600000X|3336C0004X|3336C0003X,tier_1_primary_pharmacy,Y,Y,
1265568679,KINGSLEY OKAFOR,2307 4TH ST,STE 102,ROSENBERG,TX,774715174,2812388440,OWNER PIC,333600000X|3336C0003X,tier_1_primary_pharmacy,Y,Y,
1174659585,JAN DOUGLASS,505 W UNIVERSITY AVE,SUITE H,GEORGETOWN,TX,786266643,5128632297,THIRD PARTY PLAN COORDINATOR,333600000X|3336C0003X,tier_1_primary_pharmacy,Y,Y,
1083740492,MEDICINE SHOPPE,1508 W 35TH ST,,AUSTIN,TX,787031437,5124542653,PHARMACIST OWNER,333600000X|3336C0003X,tier_1_primary_pharmacy,Y,Y,
1477680692,"SAENZ MEDICAL PHARMACY OF MCALLEN, INC.",212 LINDBERG AVE,,MCALLEN,TX,785012920,9566306465,OWNER PRESIDENT,3336C0003X,tier_1_primary_pharmacy,Y,Y,
1306973532,SAENZ MEDICAL PHARMACY AT,2821 MICHAELANGELO DR,STE 103,EDINBURG,TX,785391404,9566184500,"OWNER,  AO",333600000X|3336C0003X,tier_1_primary_pharmacy,Y,Y,
1477680775,SOUTHERN METHODIST UNIVERSITY,6211 BISHOP BLVD,STE 115,DALLAS,TX,75205,2147682149,PHARMACIST,3336C0003X,tier_1_primary_pharmacy,Y,Y,
1942337100,SAENZ MEDICAL PHARMACY NORTH LLC,6900 N 10TH ST STE 6,,MCALLEN,TX,785043151,9569280911,OWNER PARTNER,3336C0003X,tier_1_primary_pharmacy,Y,Y,
1407983984,PHARCRAFT DISCOUNT PHARMACY AND CRAFT SUPPLY,"211 E, MAIN ST",,FLORENCE,TX,765270626,2547933267,OWNER,3336C0003X,tier_1_primary_pharmacy,Y,Y,
1356479612,BLUITTS PHARMACY,2809 CEDAR CREST BLVD,,DALLAS,TX,752034009,2149411258,OWNER,333600000X|3336C0003X,tier_1_primary_pharmacy,Y,Y,
1265560528,JEFFERSON PHARMACY INC,917 MANOR DR,,SAN ANTONIO,TX,782283227,2107345133,MANAGING MEMBER,3336L0003X|333600000X|3336C0003X,tier_1_primary_pharmacy,Y,Y,
1346378635,TRIUMPH PHARMACY,5501 INDEPENDENCE PKWY STE 100,,PLANO,TX,750235469,9727698800,PHARMACIST,3336C0003X,tier_1_primary_pharmacy,Y,Y,
1629106752,"LUNA'S FAMILY PHARMACY, INC.",1975 N VETERANS BLVD STE 3,,EAGLE PASS,TX,788524456,8307737800,PHARMACY MANAGER,3336C0003X,tier_1_primary_pharmacy,Y,Y,
1154459352,SINDHU ENTERPRISE INC,3529 HERITAGE TRACE PKWY,STE 141,FORT WORTH,TX,762444970,8177417100,SECRETARY,333600000X|3336C0003X,tier_1_primary_pharmacy,Y,Y,
1538297254,"NUESTRA CLINICA DEL VALLE, INC.",806 W 3RD ST,,SAN JUAN,TX,785892250,9567020589,CHIEF EXECUTIVE OFFICER,333600000X|3336C0002X|3336C0003X,tier_1_primary_pharmacy,Y,Y,
1699803312,NUESTRA CLINICA DEL VALLE INC,611 N BRYAN RD,,MISSION,TX,78572,9565803303,CHIEF EXECUTIVE DIRECTOR,3336C0002X,tier_2_secondary_pharmacy,N,Y,
1689702334,GLENWOOD PHARMACY,1400 COLLEGE DR,,TEXARKANA,TX,755033534,9037928296,PHARMACIST,3336C0003X,tier_1_primary_pharmacy,Y,Y,
1417085176,LONE STAR DRUG LLC,1441 S MIDLOTHIAN PKWY,STE 140,MIDLOTHIAN,TX,760655591,9727235500,PHARMACIST AND OWNER,333600000X|3336C0003X,tier_1_primary_pharmacy,Y,Y,
1326176082,PAULS HOUSE OF GENERIC PHARMACY,2302 45TH ST,SUITE 1,GALVESTON,TX,775507399,4097628959,OWNER,333600000X|3336C0003X,tier_1_primary_pharmacy,Y,Y,
1235267998,CHAPMAN PHARMACY INC,181 S MAIN ST,,RUSK,TX,757851325,9036835986,PHARMACIST AND PRESIDENT,3336I0012X|3336L0003X,tier_1_primary_pharmacy,Y,Y,
1235267949,NUESTRA CLINICA DEL VALLE INC,1500 W 1ST ST,,MERCEDES,TX,78570,9565653191,CHIEF EXECUTIVE OFFICER,333600000X|3336C0003X|3336C0002X,tier_2_secondary_pharmacy,N,Y,
1992833586,NORTHEAST COMPOUNDING PHCY LP,211 FM 1960 BYPASS RD E,,HUMBLE,TX,773383605,2814469191,PIC,3336C0004X|333600000X|3336C0003X,tier_1_primary_pharmacy,Y,Y,
1649309097,ZYNET ENTERPRISE INC,11322 BELLAIRE BLVD,STE 116,HOUSTON,TX,770725700,2815610088,OWNER,3336C0003X,tier_1_primary_pharmacy,Y,Y,
1376672204,CITY DRUG STORE OF NOCONA INC,216 CLAY STREET,,NOCONA,TX,762550458,9408253226,PRESIDENT,3336C0003X,tier_1_primary_pharmacy,Y,Y,
1740319524,EMMANUEL CHUKS OBI,5340 EL PASO DR,STE C,EL PASO,TX,799052837,9157789900,OWNER AND CEO,333600000X|3336C0003X,tier_1_primary_pharmacy,Y,Y,
1497884225,MABEL ALLENE HUNT,1B VIRGINIA PL,,PORT LAVACA,TX,779792510,3615522600,OWNER PHARMACIST,333600000X,tier_1_primary_pharmacy,Y,Y,
1538299276,URBAN PHARMACY INC,8790 SOUTHWEST FREEWAY,,HOUSTON,TX,77074,7135419600,PIC,3336C0003X,tier_1_primary_pharmacy,Y,Y,
1487784674,SVP INC.,720 N INDUSTRIAL BLVD,,EULESS,TX,760397439,8172835308,GENERAL MANAGER,3336C0004X,tier_1_primary_pharmacy,Y,Y,
1245360700,ALEDO MEDICINE STORE INC,621 NORTH F M 1187,,ALEDO,TX,760084206,8174412702,PRESIDENT,3336C0004X|3336C0003X,tier_1_primary_pharmacy,Y,Y,
1750411799,NEW BOSTON PHARMACY INC,134 HWY 82 WEST,,NEW BOSTON,TX,75570,9036285505,OWNER PHARMACIST,333600000X,tier_1_primary_pharmacy,Y,Y,
1366572240,ALLEN FAMILY DRUG,400 N ALLEN DR,STE. 102,ALLEN,TX,750132555,9723909888,RPH,3336C0003X,tier_1_primary_pharmacy,Y,Y,
1710018072,JNR PHARMACY INC,2201 S 23RD ST,STE B,MCALLEN,TX,785035659,9569948795,OWNER,3336C0003X,tier_1_primary_pharmacy,Y,Y,
1831220151,BPZ HOLDINGS INC,1445 NORTH LOOP W STE 190,,HOUSTON,TX,770081654,7138644449,PRESIDENT AND OWNER,3336C0002X|3336C0004X|3336C0003X,tier_1_primary_pharmacy,Y,Y,
1538290507,EXPRESS CARE PHARMACY,1700 DALROCK RD,,ROWLETT,TX,750885501,9724756610,PHARMACIST-IN-CHARGE,3336C0003X,tier_1_primary_pharmacy,Y,Y,
1720119829,EL PASO COUNTY HOSPITAL DISTRICT,9839 KENWORTHY ST,,EL PASO,TX,799244402,9152312310,PRESIDENT & CEO,333600000X|3336C0004X|3336C0003X,tier_1_primary_pharmacy,Y,Y,
1639200736,SCHROEDER DRUG,123 N MAIN ST,,LA GRANGE,TX,789452610,9799683116,OWNER AND PIC,3336C0003X,tier_1_primary_pharmacy,Y,Y,
1548391642,REDS PHARMACY LLC,3102 GARRETT DR,,PERRYTON,TX,790705324,8064353759,MANAGING MEMBER,3336C0003X,tier_1_primary_pharmacy,Y,Y,
1457482556,OMNI HEALTH CARE LTD,6560 FANNIN ST,STE 2020,HOUSTON,TX,770302761,7137961010,OWNER,3336H0001X|3336C0004X|3336C0002X,tier_1_primary_pharmacy,Y,Y,
1114058534,PARAGON HEMOPHILIA SOLUTIONS LLC,3033 W PRESIDENT GEORGE BUSH HWY STE 100B,,PLANO,TX,750755752,8885881072,VICE PRESIDENT,3336H0001X|3336S0011X,tier_1_primary_pharmacy,Y,Y,
1396876298,DALLAS COUNTY HOSPITAL DISTRICT,802 HOPKINS ST,,GARLAND,TX,750407379,2142660662,EVP & COO,3336C0003X|3336C0002X,tier_1_primary_pharmacy,Y,Y,
1194856096,DALLAS COUNTY HOSPITAL DISTRICT,9202 ELAM RD,,DALLAS,TX,752174151,2142661666,EXEC VP & CHIEF OPERATING OFFICER,3336C0003X|3336C0002X,tier_1_primary_pharmacy,Y,Y,
1780715722,"METHODIST HEALTHCARE SYSTEM OF SAN ANTONIO, LTD., LLP",7700 FLOYD CURL DR,OUT PATIENT PHARMACY,SAN ANTONIO,TX,78229,2105754951,CHIEF EXECUTITIVE OFFICER,3336I0012X,tier_1_primary_pharmacy,Y,Y,
1780715607,H K A CORPORATION,1010 S. EDDY ST.,SUITE A,PECOS,TX,797726902,4324472266,PRESIDENT,3336L0003X|333600000X|3336C0003X,tier_1_primary_pharmacy,Y,Y,
1922130632,DE LA ROSA PHARMACY INC,1500 E 6TH ST,,WESLACO,TX,785966606,9569688995,C.E.O. OWNER,3336C0003X,tier_2_secondary_pharmacy,N,Y,
1487786091,S & J MEDICAL CENTER PHARMACY INC,1101 W EAGLE DR,SUITE C,DECATUR,TX,762343721,9406275400,PRESIDENT,3336C0004X|333600000X|3336C0003X,tier_1_primary_pharmacy,Y,Y,
1932230836,DALLAS COUNTY HOSPITAL DISTRICT,303 E OVERTON RD,,DALLAS,TX,752165946,2142664294,EVP & COO,3336C0003X|3336C0002X,tier_1_primary_pharmacy,Y,Y,
1750412656,DALLAS COUNTY HOSPITAL DISTRICT,1400 N WESTMORELAND RD,,DALLAS,TX,752111656,2142660641,EVP & COO,3336C0003X|3336C0002X,tier_1_primary_pharmacy,Y,Y,
1326170580,HOMESTEAD PHARMACY,8300 HOMESTEAD RD,,HOUSTON,TX,770282145,7136313117,OWNER VICE PRESIDENT,3336C0003X,tier_1_primary_pharmacy,Y,Y,
1720110927,"TEXAS THCP OPERATIONS, LP",7413 PEBBLE DR,,FORT WORTH,TX,761186962,8175959770,OWNER,333600000X,tier_1_primary_pharmacy,Y,Y,
1437281797,SHRI DIVYA DRUGS LLC,302 N MAIN ST,,COTULLA,TX,780142153,8308792323,PRESIDENT,3336C0003X,tier_1_primary_pharmacy,Y,Y,
1346372414,CARE PHARMACY,213 E SAN PATRICIO AVE,,MATHIS,TX,783682347,3615472577,OWNER,333600000X,tier_1_primary_pharmacy,Y,Y,
1477685576,ARAPAHO PHARMACY,819 W ARAPAHO RD STE 57,,RICHARDSON,TX,750805038,9722357133,PHARMACIST IN CHARGE,333600000X,tier_1_primary_pharmacy,Y,Y,
1821120981,RPH PARTNERS LLC,4144 DOWLEN RD,,BEAUMONT,TX,777066851,4098666271,PIC/VP,3336S0011X|3336M0002X,tier_1_primary_pharmacy,Y,Y,
1427180454,DRUG STORE INC,2305 W OAK ST,,PALESTINE,TX,758014063,9037314734,PRESIDENT / PIC,333600000X|3336C0003X,tier_1_primary_pharmacy,Y,Y,
1164555033,CARE PHARMACY,407 ORANGE,,ORANGE GROVE,TX,783721377,3613843090,OWNER,333600000X,tier_1_primary_pharmacy,Y,Y,
1013040468,"HARMISON PHARMACIES, L.C.",729 W BEDFORD EULESS RD,SUITE 200A,HURST,TX,760533939,8172682251,PRESIDENT,333600000X,tier_1_primary_pharmacy,Y,Y,
1649303090,"SCHULENBURG MEDICAL ASSOCIATES APOTHECARY, INC",38 EAST AVE,,SCHULENBURG,TX,789561611,9797433265,OWNER,3336C0003X,tier_1_primary_pharmacy,Y,Y,
1598899536,VITA-CARE PHARMACY INC,2500 FONDREN RD STE 180,,HOUSTON,TX,770632308,7137818675,OWNER,3336C0003X,tier_1_primary_pharmacy,Y,Y,
1366576811,TIDWELL PROFESSION PHARMACY INC,2310 TIDWELL RD,,HOUSTON,TX,770936731,7136945977,OWNER PHARMACIST,3336C0003X,tier_1_primary_pharmacy,Y,Y,
1316071004,CANTUS PHARMACY,105 E POLK ST,,PHARR,TX,785773110,9567837060,PHARMACIST,3336C0003X,tier_1_primary_pharmacy,Y,Y,
1649304189,MD PHARMACY,11540 EAGLE DR,STE A,BAYTOWN,TX,775237653,2815760106,ONWER,3336C0003X,tier_1_primary_pharmacy,Y,Y,
1669506366,CANTUS PHARMACY #4,5323 S MCCOLL RD STE 101,,EDINBURG,TX,785399116,9569940113,PHARMACIST,3336C0003X,tier_1_primary_pharmacy,Y,Y,
1255465779,EPICARE PHARMACY LLC,4703 TELEPHONE RD STE B,,HOUSTON,TX,770872315,7136955000,PHARMACY MANAGER,3336C0003X,tier_1_primary_pharmacy,Y,Y,
1801910997,SOUTH POST OAK PHARMACY,14206 S POST OAK RD,,HOUSTON,TX,770455234,7134337075,PRESIDENT,3336C0003X,tier_1_primary_pharmacy,Y,Y,
1962526327,BROWN'S PHARMACY & GIFTS,300 N CENTER ST,,SABINAL,TX,788810399,8309882312,"P.I.C. , OWNER (LLC MEMBER)",3336C0003X,tier_1_primary_pharmacy,Y,Y,
1841314101,RUSH PHARMACY LLC,2001 S CYNTHIA ST,,MCALLEN,TX,785031278,9566618800,DIRECTOR,3336C0004X|3336C0003X,tier_1_primary_pharmacy,Y,Y,
1922123017,PHARMACY PLUS INC,731 E SOUTHLAKE BLVD STE 180,,SOUTHLAKE,TX,760926382,8174101000,OWNER,3336C0004X|3336M0002X|3336C0003X,tier_1_primary_pharmacy,Y,Y,
1629193800,MEMORIAL CITY PROFESSIONAL PHARMACY,915 GESSNER RD,NO 200,HOUSTON,TX,770242527,7134617171,OWNER AND MANAGER,333600000X|3336C0002X,tier_1_primary_pharmacy,Y,Y,
1346366374,RRI PHARMACY LLC DBA RUSHING AND GONZALEZ DRUG,301 E MAIN ST,,ALICE,TX,783324966,3616644368,"PRESIDENT,CHIEF PHARMACIST",333600000X,tier_1_primary_pharmacy,Y,Y,
1548387020,ANAZAOHEALTH CORPORATION,5211 W 9TH AVE,,AMARILLO,TX,791064120,8064637586,PRESIDENT,333600000X,tier_1_primary_pharmacy,Y,Y,
1902923378,"H-E-B, LP",3002 S 31ST ST,,TEMPLE,TX,76502,2547732177,GOVERNMENT PROGRAMS MANAGER,333600000X|3336C0003X,tier_1_primary_pharmacy,Y,N,H-E-B
1811014285,LIBERTY PHARMACY LLC,411 MAIN ST,,SULPHUR SPRINGS,TX,754822762,9038850821,PRESIDENT,333600000X|3336C0004X|3336C0003X,tier_1_primary_pharmacy,Y,Y,
1306963699,"H-E-B, LP",9828 BLACKHAWK BLVD,,HOUSTON,TX,77075,7139913762,GOVERNMENT PROGRAMS MANAGER,333600000X|3336C0003X,tier_1_primary_pharmacy,Y,N,H-E-B
1821115122,"H-E-B, LP",415 N NEW BRAUNFELS,,SAN ANTONIO,TX,78202,2102268642,GOVERNMENT PROGRAMS MANAGER,333600000X|3336C0003X,tier_1_primary_pharmacy,Y,N,H-E-B
1619094398,DE LA ROSA PHARMACY,1500 E 6TH ST,,WESLACO,TX,785966606,9569688995,CEO OWNER,3336C0003X,tier_1_primary_pharmacy,Y,Y,
1457478083,DALLAS COUNTY HOSPITAL DISTRICT,4600 SCYENE RD,,DALLAS,TX,752102219,2142661075,EVP & COO,3336C0003X|3336C0002X,tier_1_primary_pharmacy,Y,Y,
1952429219,PARAGON INFUSION CARE INC,11691 WESTHEIMER RD STE 1B,,HOUSTON,TX,770776709,7138601750,PRESIDENT,3336S0011X|3336H0001X,tier_1_primary_pharmacy,Y,Y,
1104944289,PHARMACY COMPOUNDING SPECIALTIES,8061 WALNUT HILL LN,SUITE 924,DALLAS,TX,752314331,2143278200,STORE MANAGER,3336C0003X|3336S0011X|3336C0004X,tier_1_primary_pharmacy,Y,Y,
1013035195,ARMSTRONG RX LP,6020 WEST PARKER RD.,STE 270,PLANO,TX,75093,9723784107,OWNER,3336C0003X,tier_2_secondary_pharmacy,N,Y,
1720106834,"H-E-B, LP",1911 NE BOB BULLOCK,,LAREDO,TX,78045,9567645050,GOVERNMENT PROGRAMS MANAGER,3336C0003X,tier_1_primary_pharmacy,Y,N,H-E-B
1093833881,BENDY B POOLE,1214 E MOCKINGBIRD LN,,VICTORIA,TX,779042141,3615754713,PHARMACIST-OWNER,333600000X,tier_1_primary_pharmacy,Y,Y,
1750409413,"TAFT PHARMACY, INC.",213 MEYERS,,TAFT,TX,78390,3615282012,PRESIDENT,3336C0003X,tier_1_primary_pharmacy,Y,Y,
1316066731,"OMNIPLUS HEALTHCARE, L.P.",2626 S LOOP W,SUITE 555,HOUSTON,TX,770542654,7137961010,DIRECTOR OF PHARMACY,3336C0003X|3336S0011X|3336C0004X,tier_1_primary_pharmacy,Y,Y,
1457471187,"METRO PHARMACY, INC.",421 E AIRPORT FWY,,IRVING,TX,750626319,9722570904,CFO,333600000X,tier_1_primary_pharmacy,Y,Y,
1952420960,UNITED MEDICAL CENTERS,913 S MAIN ST,,DEL RIO,TX,788405807,8307756200,CEO,3336C0002X,tier_1_primary_pharmacy,Y,Y,
1184744344,"CRESTVIEW PHARMACY, LLC",7100 WOODROW AVE,,AUSTIN,TX,787571802,5124529535,PHARMACIST,3336C0003X,tier_1_primary_pharmacy,Y,Y,
1174644637,CMPW HOLDINGS INC,2950 CULLEN BLVD,SUITE 112,PEARLAND,TX,775843921,7136659995,PRESIDENT,3336L0003X|3336C0004X|3336S0011X|333600000X|3336C0003X,tier_1_primary_pharmacy,Y,Y,
1083735542,AZLE PHARMACY LLC,411 MAIN ST,,SULPHUR SPRINGS,TX,754822762,9038850821,PRES,333600000X|3336L0003X|3336C0003X,tier_1_primary_pharmacy,Y,Y,
1891816351,ST LUKES MEDICAL TOWER PHCY,6624 FANNIN ST,STE 120,HOUSTON,TX,770302312,8323558444,MANAGER,333600000X|3336C0003X,tier_1_primary_pharmacy,Y,Y,
1356462816,CANTEX CONTINUING CARE NETWORK LLC,16750 WESTGROVE DR STE 100,DALLAS PHARMACY,ADDISON,TX,750015624,9726206048,DIRECTOR OF PHARMACY,333600000X|3336L0003X,tier_1_primary_pharmacy,Y,Y,
1598887531,"PERSONAL PHARMACY CONSULTANTS, LLC",420 PINSON RD,,FORNEY,TX,751269766,9725649000,OWNER,333600000X,tier_1_primary_pharmacy,Y,Y,
1497877443,FRANK CASTANEDA,1763 E GARRISON ST,,EAGLE PASS,TX,788525016,8307581622,PHARMACIST,3336C0003X,tier_1_primary_pharmacy,Y,Y,
1629199161,PREFERRED RX LLC,1221 CORPORATE DR E,,ARLINGTON,TX,760066105,8173854707,OFFICER,3336L0003X,tier_1_primary_pharmacy,Y,Y,
1669594610,"URBAN REXALL, LLC",7517 MILITARY PKWY,,DALLAS,TX,752273950,2143811179,OWNER,333600000X,tier_1_primary_pharmacy,Y,Y,
1003938275,CHAMPIONS FAMILY PHARMACY INC.,4712 AIRLINE DR,SUITE F,HOUSTON,TX,770223075,7136955222,PHARMACIST,3336C0003X,tier_1_primary_pharmacy,Y,Y,
1841312964,LIFECHEK SWEENY LLP,201 N GETTY ST,,UVALDE,TX,788015203,8302782589,OWNER,3336C0003X,tier_1_primary_pharmacy,Y,Y,
1912020025,"H-E-B, LP",4444 KOSTORYZ RD,,CORPUS CHRISTI,TX,78415,3618556121,GOVERNMENT PROGRAMS MANAGER,3336C0003X,tier_1_primary_pharmacy,Y,N,H-E-B
1467575845,"I & S DENNING, INC.",7007 NORTH FREEWAY,SUITE #115,HOUSTON,TX,77076,7136943131,PHARMACY MANAGER,3336C0003X,tier_1_primary_pharmacy,Y,Y,
1497878722,"NORTH TEXAS INFUSION AND SPECIALTY PHARMACY, L.L.C.",3409 WORTH STREET,SUITE 725,DALLAS,TX,75246,2142765616,PHARMACIST-IN-CHARGE,3336H0001X,tier_1_primary_pharmacy,Y,Y,
1407979685,PEOPLES PHARMACY,3801 S LAMAR BLVD,,AUSTIN,TX,787047943,5124448866,ACCOUNTS RECEIVABLE,3336C0003X,tier_1_primary_pharmacy,Y,Y,
1992828172,PEOPLES PHARMACY,13860 N HIGHWAY 183,SUITE C,AUSTIN,TX,787501203,5122199499,ACCOUNTS RECEIVABLE,3336C0003X,tier_1_primary_pharmacy,Y,Y,
1114040391,PEOPLES PHARMACY,2805 BEE CAVES RD STE 416,,AUSTIN,TX,787465856,5123278877,AUTHORIZED SIGNER,3336C0003X,tier_1_primary_pharmacy,Y,Y,
1831312297,KIDZ MEDICAL SUPPLY LLC,700 S ZARZAMORA ST,STE 302,SAN ANTONIO,TX,782075255,2104339400,VP,3336M0002X|3336S0011X|3336C0003X,tier_1_primary_pharmacy,Y,Y,
1003030636,"H-E-B, LP",2409 E INTERSTATE HIGHWAY 2,,MISSION,TX,785721007,9562056755,GOVERNMENT PROGRAMS MANAGER,3336C0003X,tier_1_primary_pharmacy,Y,N,H-E-B
1932323342,BROADWAY DRUG STORE INC,2027 BROADWAY ST,,GALVESTON,TX,775504635,4097657701,OWNER,3336C0003X,tier_1_primary_pharmacy,Y,Y,
1306061189,MEDICINE CHEST PHARMACY LLC,814 MONTGOMERY ROAD,,GRAHAM,TX,76450,9405498360,MANAGING MEMBER,3336C0003X,tier_2_secondary_pharmacy,N,Y,
1780800805,"ALDINE HEALTH CARE, INC.",12845 CAPRICORN ST,,STAFFORD,TX,774773911,2819994600,PRESIDENT,3336C0003X,tier_1_primary_pharmacy,Y,Y,
1780809269,UNITED MEDICAL CENTERS,2525 N VETERANS BLVD,,EAGLE PASS,TX,788523302,8308723140,CEO,3336C0002X,tier_1_primary_pharmacy,Y,Y,
1245457860,RAUL CASTILLO ECONOMY PHARMACY NO 3,305 PEABODY AVE,,SAN ANTONIO,TX,782112901,2109245528,PHARMACIST,3336C0003X,tier_1_primary_pharmacy,Y,Y,
1508083924,DAVID W SCHATZ,209 EAST JEFFERSON ST.,,VAN ALSTYNE,TX,754950337,9034825279,OWNER-PHARMACIST,3336C0003X,tier_1_primary_pharmacy,Y,Y,
1205053519,PHARMCARE L.L.C.,1834 BROADWAY,#106,PEARLAND,TX,775815669,2819967500,OFFICE MANAGER,3336C0003X|3336L0003X,tier_1_primary_pharmacy,Y,Y,
1528285624,VELASQUEZ GROUP LP,1814 N BILL MACK,,SHAMROCK,TX,79079,8062563111,PHARMACIST,333600000X|3336C0003X,tier_1_primary_pharmacy,Y,Y,
1346467446,CELSAN LLC,306 E MAIN AVE STE 15,,ALTON,TX,785736955,9563526485,OWNER,333600000X|3336C0003X,tier_1_primary_pharmacy,Y,Y,
1164649265,XAVIER PHARMACY III,96 BERRY RD,,HOUSTON,TX,770223057,7136971400,OWNER,3336C0003X,tier_1_primary_pharmacy,Y,Y,
1073730172,LIFECHEK MAGNOLIA PARTNERS LTD,308 W MAIN ST,,BELLVILLE,TX,774181353,9798653686,OWNER/PRESIDENT,333600000X|3336C0003X,tier_1_primary_pharmacy,Y,Y,
1982821088,BRIDGE CITY PHARMACY LLC,1910 TEXAS AVE,,BRIDGE CITY,TX,776112834,4097355555,MANAGER,333600000X|3336C0003X,tier_1_primary_pharmacy,Y,Y,
1154548402,"AMERITA, INC.",7338 REMCON CIRCLE,SUITE 300,EL PASO,TX,799121637,9156135580,CFO,3336H0001X,tier_1_primary_pharmacy,Y,Y,
1750508222,LA BLANCA PHARMACY INC,18360 FM 493,STE B,LA BLANCA,TX,78558,9562627662,PIC,3336C0003X,tier_1_primary_pharmacy,Y,Y,
1952528911,OLGA D. BARRON,810 W OCEAN BLVD,,LOS FRESNOS,TX,785663600,9562333400,PIC,333600000X|3336C0003X,tier_1_primary_pharmacy,Y,Y,
1205054517,FIRST LONE STAR PHARMACY GROUP II,1925 E ROSEMEADE PKWY,,CARROLLTON,TX,750072438,9724924411,MANAGING PARTNER,3336C0004X|333600000X|3336C0003X,tier_1_primary_pharmacy,Y,Y,
1750509709,PEOPLES PHARMACY,4018 N LAMAR BLVD,,AUSTIN,TX,787563714,5124599090,ACCOUNTS RECEIVABLE,3336C0003X,tier_1_primary_pharmacy,Y,Y,
1285852111,HIGH PERFORMANCE PHARMACY LLC,21 SPURS LN,SL 120,SAN ANTONIO,TX,782401669,2106914779,PRESIDENT/PIC,3336C0003X,tier_1_primary_pharmacy,Y,Y,
1730308503,BROOKSHIRE GROCERY COMPANY,1105 W SOUTH COMMERCE ST,,WILLS POINT,TX,751692355,9038738237,VP PHRM OPER,3336C0003X,tier_1_primary_pharmacy,Y,Y,
1497974513,"MEDRITE CORPORATION, LLC.",9769 BEECHNUT STREET,,HOUSTON,TX,77036,7132727734,OWNER,3336C0003X,tier_1_primary_pharmacy,Y,Y,
1679792980,HECTOR G. ARREDONDO,3712 ALAMEDA AVE,,EL PASO,TX,799052507,9155338446,OWNER,333600000X|3336C0003X,tier_1_primary_pharmacy,Y,Y,
1396964607,CONOLY DRUG INC OF DEVINE INC,200 S TEEL DR,,DEVINE,TX,780163210,8306632224,PRESIDENT MANAGER AND PIC,333600000X|3336C0003X,tier_1_primary_pharmacy,Y,Y,
1114146420,DE-VINE PHARMACY INC,840 E REDD RD,,EL PASO,TX,799127264,9158457600,OWNER/PRESIDENT,333600000X|3336C0003X,tier_1_primary_pharmacy,Y,Y,
1023237336,ABRAMS ROYAL PHARMACY,8220 ABRAMS RD,,DALLAS,TX,752311402,2143498000,PHARMACIST,333600000X|3336C0004X|3336S0011X|3336C0003X,tier_1_primary_pharmacy,Y,Y,
1346469459,DANA'S PHARMACY INC.,315 BURLINGTON AVE,,SPUR,TX,79370,8062713394,PRESIDENT,3336L0003X|3336C0003X,tier_1_primary_pharmacy,Y,Y,
1528287752,PJF MANAGEMENT INC,1755 W PRICE RD,,BROWNSVILLE,TX,785204235,9565460444,"PHARMACIST, OWNER",333600000X|3336C0003X,tier_1_primary_pharmacy,Y,Y,
1568682144,"ALLIED PHARMACY SERVICES, INC.",801 STADIUM DR,SUITE # 111,ARLINGTON,TX,760116254,8172265050,PHARMACIST-PRESIDENT,3336S0011X,tier_1_primary_pharmacy,Y,Y,
1760602080,PALACE DRUG COMPANY,100 N MAIN,,RISING STAR,TX,76471,2546433231,OWNER,3336C0003X,tier_1_primary_pharmacy,Y,Y,
1487874533,"HDK ENTERPRISES, INC.",5962 RENWICK DR,,HOUSTON,TX,770812406,8325531388,CEO,3336C0003X,tier_1_primary_pharmacy,Y,Y,
1346462116,MALCOLM W ALMOND III,1004 FORD STREET,,LLANO,TX,786432346,3252474700,OWNER,3336C0003X,tier_1_primary_pharmacy,Y,Y,
1619199965,WESTSIDE PHARMACY,8831 LONG POINT RD,SUITE 100,HOUSTON,TX,770553022,7136837800,MANGAGER,3336C0003X,tier_1_primary_pharmacy,Y,Y,
1619199908,ADRX INC,2025 MANGUM RD,,HOUSTON,TX,770928529,7138128400,PRESIDENT,3336C0003X,tier_1_primary_pharmacy,Y,Y,
1316159320,"NGOLAM PHARMACY, INC.",8282 BELLAIRE BLVD,SUITE #154A,HOUSTON,TX,770364050,7132707366,VICE-PRESIDENT,3336C0003X,tier_1_primary_pharmacy,Y,Y,
1033321146,VALLEY BAPTIST PHARMACY SERVICES,"864 CENTRAL BLVD., STE. 1200",,BROWNSVILLE,TX,78520,9565440100,"EXECUTIVE VICE PRESIDENT, COO",3336C0003X,tier_1_primary_pharmacy,Y,Y,
1588876478,"SANTA MARIA PHARMACY, INC.",1222 W MONTE CRISTO RD,,EDINBURG,TX,785413873,9563837709,PHARMACIST IN CHARGE,3336C0003X,tier_1_primary_pharmacy,Y,Y,
1013129527,TRISTAR CONSOLIDATED INC,112 S COLLEGE AVE,STE 100,CLEVELAND,TX,773274502,2815930796,OWNER/PRESIDENT,3336C0004X|3336C0003X,tier_1_primary_pharmacy,Y,Y,
1295947869,MAXCARE,11410 EAST FWY # I-10,SUITE 164,HOUSTON,TX,770291976,7134518100,PRESIDENT,3336C0003X,tier_1_primary_pharmacy,Y,Y,
1982817102,JORDAN PHARMACY,1332 HIGHWAY 16 S,,GRAHAM,TX,764504202,9405491011,OWNER,3336C0003X,tier_1_primary_pharmacy,Y,Y,
1679787642,ASCENSION SETON,4900 MUELLER BLVD # 4C024,,AUSTIN,TX,787233079,5123240149,REGIONAL DIRECTOR NET REV & REIMB,3336C0003X|3336I0012X|333600000X,tier_1_primary_pharmacy,Y,Y,
1073727517,OLTON PHARMACY,522 8TH ST,,OLTON,TX,790641053,8062853044,OWNER,3336C0003X,tier_1_primary_pharmacy,Y,Y,
1598970659,ACCU-MED PHARMACY INC,6776 SOUTHWEST FWY,STE 400,HOUSTON,TX,770742107,7132666097,PHARMACIST IN CHARGE,333600000X,tier_2_secondary_pharmacy,N,Y,
1831304625,METRO TREATMENT OF TEXAS LP,1050 N WESTMORELAND RD STE 330,,DALLAS,TX,752112458,2149465540,CFO,3336C0002X,tier_2_secondary_pharmacy,N,Y,
1861608382,METRO TREATMENT OF TEXAS LP,3701 W COMMERCE ST,,SAN ANTONIO,TX,782073611,2103146473,CFO,3336C0002X,tier_2_secondary_pharmacy,N,Y,
1710192372,RAGL MEDICAL INVESTMENTS LLC,3000 N BUSINESS 281,,EDINBURG,TX,785417162,9563806565,PIC,3336C0003X,tier_1_primary_pharmacy,Y,Y,
1730395906,PALMER PHARMACY PLUS INC,2731 W NORTHWEST HIGHWAY,SUITE 105,DALLAS,TX,75220,2147659238,PHARMACIST IN CHARGE,3336C0003X,tier_1_primary_pharmacy,Y,Y,
1891901757,"HILLCROFT PHARMACY, INC",6400 HILLCROFT ST,107,HOUSTON,TX,770813106,7139889996,PHARMACIST,3336C0003X,tier_1_primary_pharmacy,Y,Y,
1356557599,APEX LONG TERM ACUTE CARE L.L.P.,5602 MEDICAL CENTER DR,,KATY,TX,77494,2813925700,CEO,3336L0003X,tier_1_primary_pharmacy,Y,Y,
1508073115,DE LA ROSA PHARMACY INC,524 W 2ND ST,,MERCEDES,TX,785702602,9565650251,CEO OWNER,3336C0003X,tier_1_primary_pharmacy,Y,Y,
1598972101,"COMPOUNDING SHOP PHARMACY, INC",11851 WILCREST DR STE A,,HOUSTON,TX,770311914,2814952230,PRESIDENT,3336C0004X|3336C0003X,tier_1_primary_pharmacy,Y,Y,
1629285739,"ACE CARE, INC.",6500 NORTH FWY STE 111,,HOUSTON,TX,770762941,7136946789,GENERAL MANAGER,3336C0003X,tier_1_primary_pharmacy,Y,Y,
1982812368,CT PHARMACY LTD,2502 BUDDY OWENS AVE,,MCALLEN,TX,785045464,9569710600,OWNER PHARMACIST,3336C0003X,tier_1_primary_pharmacy,Y,Y,
1922216530,BROOKSHIRE BROTHERS INC,215 MILL CREEK DR,STE 155,SALADO,TX,765719344,2549473185,CHIEF OPERATIONS OFFICER,333600000X|3336C0003X,tier_1_primary_pharmacy,Y,Y,
1316155872,"HDK ENTERPRISE, INC",4825 B ALMEDA RD,,HOUSTON,TX,77004,8325531377,CEO,3336C0003X,tier_1_primary_pharmacy,Y,Y,
1851500540,TOUCH RX PHARMACY,3223 S MAIN ST,,STAFFORD,TX,774775537,2814034066,PHARMACIST IN CHARGE,3336C0003X,tier_1_primary_pharmacy,Y,Y,
1386852283,FARMACIA DEL SOL,7171 HARWIN DR STE 200A,,HOUSTON,TX,770362119,7137760806,OWNER,3336C0003X,tier_1_primary_pharmacy,Y,Y,
1629287453,PALMER PHARMACY PLUS INC,2731 W NORTHWEST HWY,SUITE 105,DALLAS,TX,752204788,2147659238,PHARMACIST/OWNER,333600000X,tier_1_primary_pharmacy,Y,Y,
1528277464,"H-E-B, LP",5401 FM 1626,,KYLE,TX,78640,5122687955,GOVERNMENT PROGRAMS MANAGER,3336C0003X,tier_1_primary_pharmacy,Y,N,H-E-B
1174731145,TEXAS CHILDREN'S HOSPITAL,1919 S BRAESWOOD BLVD,MEYER BUILDING 2ND FLOOR,HOUSTON,TX,770304412,8328242400,VICE PRESIDENT,3336C0004X|3336H0001X|333600000X,tier_1_primary_pharmacy,Y,Y,
1962612937,MOMS PHARMACIES INC,1501 E BUSINESS 83,STE A,DONNA,TX,785373449,9564615800,PRESIDENT,3336C0003X,tier_1_primary_pharmacy,Y,Y,
1851501316,"NIKKI'S APOTHECARY, LLC",8610 MARTIN LUTHER KING JR. BLVD STE. A,,HOUSTON,TX,77033,7137337424,PIC/OWNER,3336C0003X,tier_1_primary_pharmacy,Y,Y,
1740491497,SAM HOUSTON STATE UNIVERSITY,1608 AVENUE J,,HUNTSVILLE,TX,773405227,9362941803,EXECUTIVE DIRECTOR HEALTH AND WELLB,3336C0002X,tier_1_primary_pharmacy,Y,Y,
1285845214,SHANNON MEDICAL CENTER,120 E HARRIS AVE STE 410,,SAN ANGELO,TX,769035904,3257475389,DIRECTOR-OUTPATIENT PHARMACY SERVIC,333600000X,tier_1_primary_pharmacy,Y,Y,
1558572479,"ANNIE & CHAU, LP",10603 BELLAIRE BLVD STE B114,,HOUSTON,TX,770725229,2815305800,MANAGING MEMBER,3336L0003X|3336C0004X|3336C0003X,tier_1_primary_pharmacy,Y,Y,
1831390988,PEOPLE FIRST PHARMACY 2,2501 E. HEBRON PKWY.,#100A,CARROLLTON,TX,75010,9723004130,MANAGING PARTNER,3336C0003X|3336C0004X,tier_1_primary_pharmacy,Y,Y,
1447451406,ASSOCIATED CLINICIANS OF EAST TEXAS,709 HOLLYBROOK DR,SUITE 4500,LONGVIEW,TX,756052411,9032916030,CREDENTIALING OFFICE COORDINATOR,3336C0003X,tier_1_primary_pharmacy,Y,Y,
1659572097,LIFECHEK SWEENY LLC,200 N MAIN ST,,SWEENY,TX,77480,9795480212,COMPLIANCE COORDINATOR,3336L0003X|3336C0003X,tier_1_primary_pharmacy,Y,Y,
1811199193,EUN AE KIM,6322 AIRLINE DR,,HOUSTON,TX,770763506,7136920971,OWNER,3336C0003X,tier_1_primary_pharmacy,Y,Y,
1437350824,"SMPE, INC",2300 W MORTON ST,STE. 121,DENISON,TX,750201657,9034636979,PHARMACIST-IN-CHARGE,3336H0001X|3336C0003X,tier_2_secondary_pharmacy,N,Y,
1720280902,THE EDDICK CORPORATION,1015 HILLCREST DR,SUITE B,VERNON,TX,763843194,9405534361,OWNER PHARMACIST,333600000X,tier_2_secondary_pharmacy,N,Y,
1396947024,"SHALLOWATER PHARMACY, LLC",1502 12TH ST STE B,,SHALLOWATER,TX,793635651,8068320250,OWNER,3336C0003X,tier_1_primary_pharmacy,Y,Y,
1528260452,BARKER'S PHARMACY,103 S. MAIN ST.,,MERIDIAN,TX,76665,2544352772,OWNER,3336C0003X,tier_1_primary_pharmacy,Y,Y,
1306049994,PHARMACY OF HOUSTON,820 HOLMAN ST,,HOUSTON,TX,770029520,7135292929,PIC,3336C0003X,tier_1_primary_pharmacy,Y,Y,
1952505281,HAMLIN PHARMACY,3801 S STAPLES ST,,CORPUS CHRISTI,TX,784112347,3618537303,OWNER,3336C0003X,tier_1_primary_pharmacy,Y,Y,
1104020494,NORTH TEXAS INPATIENT AND GERIATRIC ASSOCIATES PA,3650 W WHEATLAND RD STE C,,DALLAS,TX,752374409,9722835998,PRESIDENT,3336H0001X,tier_1_primary_pharmacy,Y,Y,
1144425810,"BROWNSVILLE FAMILY PHARMACY, INC",44 W JEFFERSON ST,SUITE A,BROWNSVILLE,TX,785206258,9565411112,PHARMACIST-IN-CHARGE,333600000X,tier_1_primary_pharmacy,Y,Y,
1194921056,"H-E-B, LP",646 SOUTH FLORES,,SAN ANTONIO,TX,78204,2109383182,GOVERNMENT PROGRAMS MANAGER,333600000X,tier_1_primary_pharmacy,Y,N,H-E-B
1205033859,NATIONAL PHARMACY OF TEXAS,2631 GRAVEL DR,,FORT WORTH,TX,761186982,8175900073,VICE PRESIDENT,3336L0003X,tier_1_primary_pharmacy,Y,Y,
1225235211,RAPHA RESOURCES,8449 W BELLFORT ST,SUITE# 310,HOUSTON,TX,770712245,7137761010,VICE PRESIDENT,3336L0003X,tier_1_primary_pharmacy,Y,Y,
1902004112,FIKES BOOMTOWN DRUG,514 S. OKLAHOMA CUTOFF,,BURKBURNETT,TX,76354,9405695600,OWNER,3336L0003X|3336C0003X,tier_1_primary_pharmacy,Y,Y,
1396944179,PASADENA MEDICAL PLAZA PHARMACY,1430B PASADENA BLVD,,PASADENA,TX,77502,7134291842,PRESIDENT/CEO,3336C0003X,tier_1_primary_pharmacy,Y,Y,
1073712329,HEALTHCARE ASSOCIATES OF IRVING,6161 N STATE HIGHWAY 161,,IRVING,TX,750382220,9728127559,MANAGING PARTNER,3336C0003X,tier_1_primary_pharmacy,Y,Y,
1962602060,PHARM-SC PARTNERS LLC,15255 GULF FWY,SUITE 106 F,HOUSTON,TX,770345365,2814815330,ADMINISTRATOR,3336L0003X,tier_1_primary_pharmacy,Y,Y,
1730389271,DALEO COMPOUNDING PHARMACY,2400 CALDER AVE.,,BEAUMONT,TX,77702,4098332211,PHARMACIST IN CHARGE,3336C0004X,tier_1_primary_pharmacy,Y,Y,
1851591200,JVHD LLC,810 MYER LN,,KERMIT,TX,79745,4325862556,OWNER/MANAGER,3336C0003X|333600000X,tier_1_primary_pharmacy,Y,Y,
1649470840,COMMUNITY PHARMACY,11226 SOUTHWEST FREEWAY,,HOUSTON,TX,77031,2818137709,OWNER/PHARMACIST,3336C0003X,tier_1_primary_pharmacy,Y,Y,
1871783324,"BUENA VISTA PHARMACY, INC",8920 US HIGHWAY 87 E STE 4A,,SAN ANTONIO,TX,782632238,2106489001,PRESIDENT,3336C0003X,tier_1_primary_pharmacy,Y,Y,
1679763932,"BROOKSHIRE BROTHERS, LTD.",1201 ELLEN TROUT DR,,LUFKIN,TX,759041233,9366348155,PRESIDENT,333600000X,tier_1_primary_pharmacy,Y,Y,
1952591299,T AND J CORP.,561 MEDICAL CENTER BLVD,SUITE D,WEBSTER,TX,775984239,2812869696,PRESIDENT / PHARMACIST-IN-CHARGE,3336C0003X,tier_1_primary_pharmacy,Y,Y,
1427249598,TRUCARE PHARMACY,3330 HILLCROFT ST,SUIT V,HOUSTON,TX,770575800,7137811717,PHCY MANG,3336C0003X|3336M0002X|3336C0004X,tier_1_primary_pharmacy,Y,Y,
1649461443,BROOKFIELD PHARMACY LLC,18720 TOMBALL PKWY # A,,HOUSTON,TX,770704276,2818075544,PHARMACIST-IN-CHARGE,3336C0003X,tier_1_primary_pharmacy,Y,Y,
1326239054,GULF BEND MH-MR CENTER,6502 NURSERY DRIVE,SUITE 100,VICTORIA,TX,779041178,3615750611,EXECUTIVE DIRECTOR,3336C0003X,tier_1_primary_pharmacy,Y,Y,
1396936977,ABRAMS ROYAL PHARMACY II,4909 W PARK BLVD STE 177,,PLANO,TX,750932311,9725997700,PHARMACIST/OWNER,3336C0003X,tier_1_primary_pharmacy,Y,Y,
1912199381,IV & HOME HEALTH SERVICES OF TEXAS,2140 JUSTIN RD STE 100,,HIGHLAND VILLAGE,TX,750777163,9724267006,CHIEF OPERATING OFFICER,3336S0011X|3336H0001X,tier_1_primary_pharmacy,Y,Y,
1730370123,BROOKSHIRE GROCERY COMPANY,1705 W AUDIE MURPHY PKWY,,FARMERSVILLE,TX,754422752,9727828601,VP OF PHCY OPER,3336C0003X,tier_1_primary_pharmacy,Y,Y,
1689866055,"RPH PARTNERS, LLC",4144 DOWLEN RD,,BEAUMONT,TX,777066851,4098666271,PHARMACIST IN CHARGE,3336M0002X|3336S0011X,tier_1_primary_pharmacy,Y,Y,
1306038724,THE CORNER PHARMACY,4901 KELLER SPRINGS RD,SUITE 108,ADDISON,TX,750015930,4698284414,DIRECTOR OF PHARMACY OPERATIONS,333600000X,tier_1_primary_pharmacy,Y,Y,
1275725566,BASILEIA GROUP INC,8118 FRY RD STE 1302,,CYPRESS,TX,774337852,7132637680,FOUNDER & CEO,3336C0004X|3336L0003X|3336C0003X,tier_1_primary_pharmacy,Y,Y,
1033301197,AMARILLO COMPOUNDING PHARMACY,1422 S TYLER ST,SUITE 105,AMARILLO,TX,791014237,8063788843,PHARMACIST-IN-CHARGE,3336C0004X,tier_1_primary_pharmacy,Y,Y,
1427240217,ES TRAN INC,2502 CENTER ST,,DEER PARK,TX,775364904,2818848123,OWNER /PRINCIPAL OFFICER,333600000X,tier_1_primary_pharmacy,Y,Y,
1801089222,TX MED PHARMACY. INC,1002 FEDERAL RD,,HOUSTON,TX,770154804,7136971600,VICE PRESIDENT,3336C0003X,tier_1_primary_pharmacy,Y,Y,
1871786715,ACP SCRIPTLINK LLC,17350 ST LUKES WAY,,THE WOODLANDS,TX,773844100,2816023493,MANAGING OFFICER,333600000X|3336C0004X|3336S0011X|3336C0003X,tier_1_primary_pharmacy,Y,Y,
1780878397,TRIAD PHARMACY INC,1162 E SONTERRA BLVD,SUITE 100,SAN ANTONIO,TX,782584047,2104907711,PRESIDENT,333600000X|3336C0003X,tier_1_primary_pharmacy,Y,Y,
1639363963,ALMEDA CENTER PHARMACY,13316 ALMEDA RD,,HOUSTON,TX,770456608,7134332727,PRESIDENT,333600000X,tier_1_primary_pharmacy,Y,Y,
1710171079,BEL AIRE DRUGS INC,2741 S STAPLES ST,,CORPUS CHRISTI,TX,784043619,3618530396,OWNER AND PIC NO 12992,333600000X|3336C0003X,tier_1_primary_pharmacy,Y,Y,
1164617585,J & B PHARMACARE LLC,101 N FM 3167 STE 101-102,,RIO GRANDE CITY,TX,785822080,9564881811,OWNER/PHARMACIST,3336C0003X,tier_1_primary_pharmacy,Y,Y,
1528253580,"CONCIERGE INFUSION, LLC",1104 DALLAS DR,SUITE 190,DENTON,TX,762055122,3037259308,PRESIDENT,3336H0001X,tier_1_primary_pharmacy,Y,Y,
1346436227,K V EARLY INC,3150 INTERNATIONAL BLVD,,BROWNSVILLE,TX,785213214,9565467020,OWNER,333600000X|3336C0003X,tier_1_primary_pharmacy,Y,Y,
1154518090,MED PHARMACY RX OF AMERICA,6401 SOUTHWEST FWY,SUITE 100,HOUSTON,TX,770742205,7137748301,DIRECTOR,3336C0003X,tier_1_primary_pharmacy,Y,Y,
1912194739,LATIN AMERICAN DRUGS INC,11012 AIRLINE DR STE A,,HOUSTON,TX,770371112,7136836004,DIRECTOR,3336C0003X,tier_1_primary_pharmacy,Y,Y,
1821285644,MINYARD FOOD STORES INC,3320 AVENUE K,,PLANO,TX,750742306,9725781009,VP PHARMACY,3336C0003X,tier_1_primary_pharmacy,Y,Y,
1619164498,"H-E-B, LP",24224 NORTHWEST FWY,,CYPRESS,TX,77429,2817581155,GOVERNMENT PROGRAMS MANAGER,3336C0003X,tier_1_primary_pharmacy,Y,N,H-E-B
1629265269,PMP HOUSTON,8240 ANTOINE DR,STE 208,HOUSTON,TX,770882534,2814457788,OWNER,3336C0003X,tier_1_primary_pharmacy,Y,Y,
1811184468,GRASSO ENTERPRISES LLC,31007 INTERSTATE 10 W,ST 108,BOERNE,TX,780069264,8309814774,RPH,3336C0003X|333600000X|3336C0004X,tier_1_primary_pharmacy,Y,Y,
1578750964,MERIT PHARMACY INC,5620 E SAM HOUSTON PKWY N,,HOUSTON,TX,770153249,2814573838,MANAGER,3336C0003X,tier_1_primary_pharmacy,Y,Y,
1497942882,FARMACIA ASSOCIATES OF SAN ANTONIO INC,6609 BLANCO RD,STE 135,SAN ANTONIO,TX,782166152,2102128100,CORP SEC TREAS,333600000X|3336L0003X,tier_1_primary_pharmacy,Y,Y,
1174710636,THE UNIVERSITY OF TEXAS HEALTH SCIENCE CENTER AT HOUSTON,7000 FANNIN STREET,SUITE 1900,HOUSTON,TX,770305400,7135008385,"SR. VICE PRESIDENT, UTHEALTH AND CO",3336S0011X,tier_1_primary_pharmacy,Y,Y,
1588851067,CAMPBELLS COMPOUNDING PHARMACY INC,4760 SWEETWATER BLVD,STE 103,SUGAR LAND,TX,774793172,2819802555,OWNER,3336C0004X|3336M0002X|3336C0003X,tier_1_primary_pharmacy,Y,Y,
1700073707,H & S CHAMPS MEDICAL LTD,7718 LOUIS PASTEUR,SUITE B,SAN ANTONIO,TX,782293402,2106141212,OWNER,3336C0003X|3336C0004X,tier_2_secondary_pharmacy,N,Y,
1043408842,AZTECA RX INC,24554 KINGSLAND BLVD,,KATY,TX,774943429,7136443600,OWNER,333600000X|3336C0003X,tier_1_primary_pharmacy,Y,Y,
1215125893,"KS PHARM, LLC",13105 WORTHAM CENTER DR,,HOUSTON,TX,77065,7134424055,DIRECTOR OF PHARMACY,3336C0003X,tier_1_primary_pharmacy,Y,Y,
1750579256,"H-E-B, LP",701 S CAPITAL OF TEXAS HWY BUILDING C,,WEST LAKE HILLS,TX,78746,5123295184,GOVERNMENT PROGRAMS MANAGER,3336C0003X,tier_1_primary_pharmacy,Y,N,H-E-B
1336337898,CAROUSEL PHARMACY,7112 ED BLUESTEIN BLVD STE 100,,AUSTIN,TX,787232913,5127735525,CLINICAL MANAGER,333600000X,tier_1_primary_pharmacy,Y,Y,
1154519445,CENTRO SAN VICENTE PHARMACY,8061 ALAMEDA AVE,,EL PASO,TX,799154705,9158597545,CEO,3336C0002X,tier_1_primary_pharmacy,Y,Y,
1578751822,SOUTHWEST PHARMACY,17115 RED OAK DR STE 105,,HOUSTON,TX,770902607,2818938665,PHARMACIST,333600000X|3336C0003X,tier_1_primary_pharmacy,Y,Y,
1780872051,"H-E-B, LP",10919 LOUETTA RD,,HOUSTON,TX,77070,2812574655,GOVERNMENT PROGRAMS MANAGER,3336C0003X,tier_1_primary_pharmacy,Y,N,H-E-B
1265620587,TARRYTOWN PHARMACY,3111 W 35TH ST,,AUSTIN,TX,787031109,5124786419,PRESIDENT,3336C0003X,tier_1_primary_pharmacy,Y,Y,
1841488053,HAYNES-DAVIS INC,4416 BRIARWOOD AVE,STE 100,MIDLAND,TX,797072615,4326977378,OWNER,3336C0004X|3336S0011X|3336C0003X,tier_1_primary_pharmacy,Y,Y,
1578751780,"H-E-B, LP",2805 BUSINESS CENTER DR,,PEARLAND,TX,77581,7135786155,GOVERNMENT PROGRAMS MANAGER,3336C0003X,tier_1_primary_pharmacy,Y,N,H-E-B
1477742385,THE PFLUGERVILLE PHARMACY,15608 SPRING HILL LN,114,PFLUGERVILLE,TX,786603312,5129905226,PHARMACIST-IN-CHARGE,3336C0004X|3336C0003X,tier_1_primary_pharmacy,Y,Y,
1912196932,ACE MEDICAL PHARMACY,611 W BEN WHITE BLVD,,AUSTIN,TX,787047187,5124442391,PHARMACIST,333600000X|3336C0003X,tier_1_primary_pharmacy,Y,Y,
1487843298,BIENVIVIR SENIOR HEALTH SERVICES,2300 MCKINLEY AVE,,EL PASO,TX,799302240,9155623444,CEO,333600000X|3336C0003X|3336L0003X,tier_1_primary_pharmacy,Y,Y,
1164611745,LOTUSRX PHARMACY AND MEDICAL,11704 S WILCREST DR,,HOUSTON,TX,770994757,2819830399,PIC,333600000X|3336C0003X,tier_1_primary_pharmacy,Y,Y,
1255520839,CSBG INVESTMENTS LLC,1429 HIGHWAY 6 STE 100,,SUGAR LAND,TX,774785135,2812772800,OWNER,3336C0003X,tier_1_primary_pharmacy,Y,Y,
1063601540,TOTAL CARE PHARMACY EXPRESS,9600 FONDREN RD,STE B3,HOUSTON,TX,770963644,7137731477,OWNER,333600000X|3336C0003X,tier_1_primary_pharmacy,Y,Y,
1659560845,DOYLES PHARMACY,2425 SUNSET BLVD,,HOUSTON,TX,770051431,7135261771,OWNER,333600000X|3336C0004X|3336C0003X,tier_1_primary_pharmacy,Y,Y,
1477742666,EAST LAKE PHARMACY,10611 GARLAND RD,STE 104,DALLAS,TX,752182666,2143277334,OWNER,3336C0003X,tier_1_primary_pharmacy,Y,Y,
1861681058,NEIGHBORHOOD PHARMACY,2620 E 7TH ST,,AUSTIN,TX,787023958,5124764751,OWNER/PHARMACIST,3336C0003X,tier_1_primary_pharmacy,Y,Y,
1740479930,SOUTHERN FAMILY PHARMACY INC,9432 KATY FWY,STE 200,HOUSTON,TX,770556349,7134645343,BUSINESS MANAGER,3336C0002X|3336S0011X|3336C0003X,tier_1_primary_pharmacy,Y,Y,
1831388024,TARRANT COUNTY HOSPITAL DISTRICT,1450 8TH AVE,,FT WORTH,TX,761044110,8177027165,PRESIDENT PHARMACY SERVICES,333600000X|3336C0003X|3336S0011X|3336H0001X,tier_1_primary_pharmacy,Y,Y,
1962681007,R & R COMPOUNDING PHARMACY LLC,2950 THOUSAND OAKS DR,SUITE 25,SAN ANTONIO,TX,782473361,2104240025,OWNER,3336S0011X|3336C0003X|333600000X,tier_1_primary_pharmacy,Y,Y,
1346429461,GUERRA PHARMACY INC,1618 N CONWAY AVE,,MISSION,TX,785724004,9565849828,OWNER,333600000X|3336C0003X,tier_1_primary_pharmacy,Y,Y,
1730368762,CREATIVE COMPOUNDS LLC,101 S COIT RD,STE 363,RICHARDSON,TX,750805743,9723858006,OWNER,333600000X|3336C0003X|3336C0004X,tier_1_primary_pharmacy,Y,Y,
1649459678,CAMPBELLS COMPOUNDING INC,6603 KIRBY DR,,HOUSTON,TX,770053900,7136684833,OWNER,3336C0003X|3336S0011X|3336C0004X,tier_1_primary_pharmacy,Y,Y,
1922287804,ADVANT-EDGE HEALTHCARE,14476 HORIZON BLVD,STE J,HORIZON CITY,TX,799288578,9158528884,PRESIDENT,333600000X|3336C0003X,tier_1_primary_pharmacy,Y,Y,
1265611578,FIDEL G HUERTA JR INC,102 BABCOCK RD,STE 102,SAN ANTONIO,TX,782013952,2107376000,PRESIDENT,3336C0003X|333600000X,tier_1_primary_pharmacy,Y,Y,
1932389038,DALLAS COUNTY MENTAL HEALTH & MENTAL RETARDATION CENTER,1009 N GEORGETOWN ST STE 107,,ROUND ROCK,TX,786643289,5125011528,CHIEF PHARMACY OFFICER,3336C0002X,tier_1_primary_pharmacy,Y,Y,
1023298122,VAC PHARMACY INC,9888 BISSONNET ST STE 405,,HOUSTON,TX,770368299,8322695944,OWNER/DIRECTOR,3336C0003X,tier_1_primary_pharmacy,Y,Y,
1275713828,AMRIT PAL SINGH,3301 PLAINVIEW ST STE 2,,PASADENA,TX,775041927,7136363925,OWNER,3336C0003X,tier_1_primary_pharmacy,Y,Y,
1093995417,"DAVITA RX, LLC",1234 LAKESHORE DR STE 200,,COPPELL,TX,750194980,9018675357,SR VICE PRESIDENT,333600000X|3336S0011X|3336C0003X,tier_1_primary_pharmacy,Y,Y,
1427238856,JAY KISHUN ENTERPRISE INC,6823 GREEN OAKS RD STE C,,FORT WORTH,TX,761161732,8177377377,PIC,333600000X|3336C0003X,tier_1_primary_pharmacy,Y,Y,
1295916278,ARTHUR HADLEY MD PA,20303 KINGSLAND BLVD,,KATY,TX,774503010,2815971010,OWNER,333600000X|3336C0003X,tier_1_primary_pharmacy,Y,Y,
1306027388,MED TIME PHARMACY INC,641 N RESLER DR,STE 306 07,EL PASO,TX,799122384,9155846337,PRESIDENT,3336C0004X|3336C0003X,tier_1_primary_pharmacy,Y,Y,
1376724179,MEDIRX II LTD,1044 ACACIA AVE,,ALAMO,TX,785162401,9567029009,PRESIDENT,3336C0003X,tier_1_primary_pharmacy,Y,Y,
1750562427,"H-E-B, LP",12860 N HIGHWAY 183,,AUSTIN,TX,78750,5125069250,GOVERNMENT PROGRAMS MANAGER,3336C0003X,tier_1_primary_pharmacy,Y,N,H-E-B
1578744249,"H-E-B, LP",3750 GATTIS SCHOOL RD,,ROUND ROCK,TX,78664,5123413776,GOVERNMENT PROGRAMS MANAGER,3336C0003X,tier_1_primary_pharmacy,Y,N,H-E-B
1598946071,PHARMACY OPERATIONS INC,501 E PRINCETON DR,STE 100,PRINCETON,TX,75407,9727346281,VP GENERAL MANG,3336C0003X,tier_1_primary_pharmacy,Y,Y,
1518148022,LONESTAR RX LAS MILPAS,6901 S CAGE BLVD,STE F,PHARR,TX,785778675,9567023491,OWNER,3336C0003X,tier_1_primary_pharmacy,Y,Y,
1962684241,STAR PHARMACY INC,3427 TRINITY MILLS ROAD,SUITE 800B,DALLAS,TX,75287,4699154411,OWNER,333600000X|3336C0003X,tier_1_primary_pharmacy,Y,Y,
1871775155,PRESCRIPTION SOLUTIONS OF LAREDO LLC,2337 ENDEAVOR,STE C,LAREDO,TX,780411970,9567256337,OWNER,333600000X|3336C0003X,tier_1_primary_pharmacy,Y,Y,
1174705354,EUMANA HOME DIALYSIS INC,1313 LA CONCHA LN,,HOUSTON,TX,770541809,7136682744,PHARMACIST IN CHARGE,3336C0003X,tier_1_primary_pharmacy,Y,Y,
1871775833,LONE STAR PHARMACY,12615 W AIRPORT BLVD,STE 200,SUGAR LAND,TX,774786202,2812421798,PRESIDENT,3336L0003X,tier_1_primary_pharmacy,Y,Y,
1689856593,HYLANDS PHARMACY LLC,108 W OKLAHOMA AVE,,WHEELER,TX,79096,8068265561,PIC/OWNER,333600000X|3336C0004X|3336L0003X|3336C0003X,tier_1_primary_pharmacy,Y,Y,
1740462415,ALWAYS AVAILABLE HEALTH CARE INC.,11520 N CENTRAL EXPY,"SUITE, 169",DALLAS,TX,752436605,2142277799,ADMINISTRATOR,333600000X,tier_2_secondary_pharmacy,N,Y,
1669654349,"PATHWRITE, INC.",6523 TEAMWORK TRL,,CORPUS CHRISTI,TX,784173455,3618148983,PRESIDENT,3336S0011X|3336H0001X,tier_1_primary_pharmacy,Y,Y,
1255514287,SPENCER BROTHERS PHARMACY,3022 TRAWOOD DR,,EL PASO,TX,799364329,9158863373,PHARMACIST,3336M0002X|3336C0003X,tier_1_primary_pharmacy,Y,Y,
1235312174,RAM-OZ LLC,810 E VETERANS BLVD,STE M,PALMVIEW,TX,785725018,9565802273,PIC,3336C0003X,tier_1_primary_pharmacy,Y,Y,
1326221268,PROVIDE RX OF GRAPEVINE,771 E US HIGHWAY 80 STE 210,,FORNEY,TX,751268699,8173105554,PRESIDENT,3336L0003X,tier_1_primary_pharmacy,Y,Y,
1043493828,THIRD COAST RX INC,600 CUTOFF RD,STE 16 17,PORT ARANSAS,TX,78373,3617496337,OWNER,3336C0003X,tier_1_primary_pharmacy,Y,Y,
1568645273,RX S & P INC,909 BUSINESS PARK DR,STE 2,MISSION,TX,785726052,9564240057,PIC,3336C0003X,tier_1_primary_pharmacy,Y,Y,
1386828564,ARISE AND SHINING ENTERPRISES INC,11902 JONES RD,STE P,HOUSTON,TX,770705233,8329127400,OWNER,3336C0003X,tier_1_primary_pharmacy,Y,Y,
1720262926,PARC PLAZA PHARMACY INC,4801 S BUCKNER BLVD,100,DALLAS,TX,752272373,2142286987,PRESIDENT/ PHARMACIST-IN-CHARGE,3336C0003X,tier_1_primary_pharmacy,Y,Y,
1053595967,CK PHARMACY,5990 AIRLINE DR,SUITE 150,HOUSTON,TX,770764233,7136970610,OWNER,3336C0003X,tier_1_primary_pharmacy,Y,Y,
1962686741,SPENCER BROTHERS PHARMACY,803 O'REILLY,,PRESIDIO,TX,79845,4322292662,PHARMACIST,3336C0003X,tier_1_primary_pharmacy,Y,Y,
1093990830,DOCS DRUGSTORE OF EARLY INC,1210 C C WOODSON RD,,EARLY,TX,768028204,3256462500,OWNER,333600000X|3336C0003X,tier_1_primary_pharmacy,Y,Y,
1942484746,KARSAN CORPORATION,11226 SOUTHWEST FWY,,HOUSTON,TX,770313604,2815309050,PRESIDENT,3336C0003X,tier_1_primary_pharmacy,Y,Y,
1184809592,PARKSIDE OASIS INC,3750 S UNIVERSITY DR,SUITE 100,FORT WORTH,TX,761093720,8175463513,OWNER,3336C0002X|3336C0004X|3336C0003X,tier_1_primary_pharmacy,Y,Y,
1396920716,SONNENBURG ENTERPRISES INC.,207 E ACADEMY ST,,BRENHAM,TX,778333207,9798363687,OWNER/PHARMACIST,3336C0003X,tier_1_primary_pharmacy,Y,Y,
1902081383,HOLLAND PHARMACY,9253 GULF FWY,,HOUSTON,TX,770177012,8325332462,PHARMACIST IN CHARGE,333600000X,tier_1_primary_pharmacy,Y,Y,
1699950972,COVENANT PHARMACY LLC,2700 TIBBETS DR,STE 200,BEDFORD,TX,760225928,8176849464,PARTNER,3336C0004X|3336S0011X|3336C0003X,tier_1_primary_pharmacy,Y,Y,
1962687251,MEDI-DRIVE PHARMACY LLC,507 23RD ST,,CANYON,TX,790154043,8066551024,PIC,3336L0003X|3336C0003X|333600000X,tier_1_primary_pharmacy,Y,Y,
1760668602,S & J ARGYLE PHARMACY INC,101 OLD TOWN BLVD S,SUITE 200,LANTANA,TX,762263968,9404644500,PRESIDENT,333600000X|3336C0004X|3336C0003X,tier_1_primary_pharmacy,Y,Y,
1679759518,HOUSTON PHYSICIANS MEDICAL ASSOCIATION P L L C,920 MEDICAL PLAZA DR,STE 140,SHENANDOAH,TX,773803260,2812981129,COO,3336C0003X,tier_1_primary_pharmacy,Y,Y,
1891971222,TEXAS CHILDREN'S HOSPTIAL PHARMACY,6621 FANNIN ST STE WB1120,,HOUSTON,TX,770302369,8328241000,"EXECUTIVE VP, CFO",3336C0002X|3336C0003X|3336C0004X|3336S0011X|3336I0012X,tier_1_primary_pharmacy,Y,Y,
1699951038,PHU HUU NGUYEN PHARM D PLLC,150 W PARKER RD,STE 105,HOUSTON,TX,770762951,2814284705,OWNER,3336C0003X,tier_1_primary_pharmacy,Y,Y,
1598941510,PJF MANAGEMENT INC,3302 BOCA CHICA BLVD STE 107,,BROWNSVILLE,TX,785214271,9565441200,PIC,333600000X|3336C0003X,tier_1_primary_pharmacy,Y,Y,
1265619753,CLEAR CREEK PHARMACY INC,2300 CLEAR CREEK RD,STE 205,KILLEEN,TX,765494984,2542473170,PIC,3336C0004X|3336C0003X,tier_1_primary_pharmacy,Y,Y,
1518144823,TMC PHARMACY,4401 DOWLING ST,,HOUSTON,TX,770045221,7135397221,PRESIDENT,3336C0003X,tier_1_primary_pharmacy,Y,Y,
1366620361,HOUSTON CENTERS FOR INFECTIOUS DISEASES PA,1111 MEDICAL PLAZA DR,SUITE 170,THE WOODLANDS,TX,773803476,2814441303,OWNER,3336C0003X|3336H0001X,tier_1_primary_pharmacy,Y,Y,
1235317819,DOLLAR RX INC,8721 JENSEN DR STE H,,HOUSTON,TX,770937655,7136941470,PHARMACIST,3336L0003X|3336C0003X,tier_1_primary_pharmacy,Y,Y,
1801074190,SETON FAMILY OF HOSPITALS,201 SETON PKWY,,ROUND ROCK,TX,786658000,5123244265,REGIONAL DIR NET REV & REIMB,3336C0003X|3336I0012X|333600000X,tier_1_primary_pharmacy,Y,Y,
1134397235,PNP LLC,12714 NORTH FWY,,HOUSTON,TX,770601227,2818769900,MANAGER,333600000X,tier_1_primary_pharmacy,Y,Y,
1346418837,MAIN STREET PHARMACY INC,12361 MAIN ST,,HOUSTON,TX,770356200,7137293800,PHRMD,3336C0003X,tier_1_primary_pharmacy,Y,Y,
1285802546,Q PHARMACY INC,7320 ANTOINE DR,,HOUSTON,TX,770887230,2104894931,PRESIDENT,333600000X,tier_1_primary_pharmacy,Y,Y,
1417126640,PHARMACIST ON DEMAND LLC,8650 SPICEWOOD SPRINGS RD,SUITE 106,AUSTIN,TX,787594322,5122497500,OWNER/PHARMACY MANAGER PIC,333600000X|3336L0003X|3336C0003X,tier_1_primary_pharmacy,Y,Y,
1265601538,"LEONARDS PHARMACY, INC",701 SCURRY ST,,BIG SPRING,TX,797202722,4327144707,BOOKKEEPER,333600000X,tier_2_secondary_pharmacy,N,Y,
1063681013,POIROT PHARMACY SERVICES,4537 WESTWAY AVE,,DALLAS,TX,752053632,2142521984,OWNER,333600000X,tier_1_primary_pharmacy,Y,Y,
1386813194,DME PHARMACY INFUSIONS,4255 BRYANT IRVIN RD,STE 103,FORT WORTH,TX,761094233,8175690015,DIRECTOR,3336C0003X|3336H0001X|3336S0011X,tier_1_primary_pharmacy,Y,Y,
1073783262,HOSPICE EL PASO,1440 MIRACLE WAY,,EL PASO,TX,799257102,9155325699,EXECUTIVE DIRECTOR,3336C0004X|3336L0003X,tier_1_primary_pharmacy,Y,Y,
1679743694,ALPHINA INC,830 JULIE RIVERS DR STE 403,,SUGAR LAND,TX,774782877,2812408111,PIC,333600000X|3336L0003X,tier_1_primary_pharmacy,Y,Y,
1730359712,PHARMED L.P.,1200 WOODHAVEN BLVD,,FORT WORTH,TX,761122376,8175070162,PARTNER,333600000X,tier_2_secondary_pharmacy,N,Y,
1972773711,REMINGTON RESOURCES INCORPORATED,3636 N MACARTHUR BLVD STE 100,,IRVING,TX,750623691,9725704800,PHARMACIST,3336C0004X|3336C0003X,tier_1_primary_pharmacy,Y,Y,
1336319136,DALLAS OPHTHALMOLOGY CENTER INC,4633 NORTH CENTRAL EXPRESSWAY,SUITE 310,DALLAS,TX,752054022,2145207600,PRESIDENT,333600000X,tier_2_secondary_pharmacy,N,Y,
1215108618,KS PHARM LLC,10701 VINTAGE PRESERVE PKWY,,HOUSTON,TX,77070,7134421579,DIRECTOR OF PHARMACY,3336C0003X,tier_1_primary_pharmacy,Y,Y,
1386815660,BNC PHARMACY LLC,6565 DEMOSS,STE 104C,HOUSTON,TX,77074,7137733800,MANG,3336C0003X,tier_1_primary_pharmacy,Y,Y,
1568633691,RXPERTS PHARMACY - TEXAS LLC,8700 JAMEEL RD,STE 150,HOUSTON,TX,770405047,7134605454,CEO,3336L0003X,tier_1_primary_pharmacy,Y,Y,
1710158589,HALL'S PHARMACY,708 PENNSYLVANIA AVE,,FORT WORTH,TX,761042221,8178773677,OFFICE-MGR,333600000X,tier_1_primary_pharmacy,Y,Y,
1033380746,CORANDO RIOS TREVINO DBA MODERN PHARMACY,305 W AVENUE A,,ROBSTOWN,TX,783803209,3613874721,OWNER / PHARMACIST IN CHARGE,3336C0003X,tier_1_primary_pharmacy,Y,Y,
1184895724,FRED'S PHARMACY,2790 PHARMACY RD STE A,,RIO GRANDE CITY,TX,785826547,9564872711,PHARMACIST,3336C0003X,tier_1_primary_pharmacy,Y,Y,
1073785283,"DELTA PHARMACY, INC.",103 S BROADWAY,,ELSA,TX,785430065,9563160055,PRESIDENT/PRESIDENT,3336C0003X,tier_1_primary_pharmacy,Y,Y,
1477725398,LIFESPAN PHARMACY INC,1341 W MOCKINGBIRD LN,SUITE 304W,DALLAS,TX,75247,2142200007,OWNER/OFFICER,333600000X|3336C0003X|3336S0011X,tier_1_primary_pharmacy,Y,Y,
1528230372,UNIQUE PHARMACEUTICALS LTD,5920 S GENERAL BRUCE DR,,TEMPLE,TX,765025804,2549330874,PHARMACIST IN CHARGE,3336C0004X,tier_1_primary_pharmacy,Y,Y,
1245403617,CHAMPIONS STRATEGIES INC,4501 HALE AVE,STE 1,HARLINGEN,TX,785509296,9563654677,PIC,333600000X|3336C0004X|3336C0003X,tier_1_primary_pharmacy,Y,Y,
1699948604,"BELLAIRE PHARMACY, LLC",11104 W AIRPORT BLVD STE 214,,STAFFORD,TX,774773035,7137776251,MANAGER,333600000X|3336C0003X|3336L0003X|3336M0002X|3336S0011X,tier_1_primary_pharmacy,Y,Y,
1174796189,FARMACIA ETC LLC,6430 HILLCROFT ST STE 100B,,HOUSTON,TX,770813191,7137710061,"PHARMACY OWNER,AO",333600000X|3336C0003X,tier_1_primary_pharmacy,Y,Y,
1144494014,TOTAL PHARMACY AND COMPOUNDING SERVICES,5020 MONTROSE BLVD,STE 105,HOUSTON,TX,770066533,7135286337,OWNER,3336C0004X|3336C0003X,tier_1_primary_pharmacy,Y,Y,
1699940593,BROWNSVILLE FAMILY PHARMACY INC,44 W JEFFERSON ST,STE A,BROWNSVILLE,TX,785206258,9565411112,PRESIDENT,3336C0003X,tier_1_primary_pharmacy,Y,Y,
1437324209,MIDLAND MEMORIAL OUTPATIENT PHARMACY,400 ROSALIND REDFERN GROVER PKWY,,MIDLAND,TX,797016499,4325714070,CEO,3336C0003X,tier_1_primary_pharmacy,Y,Y,
1326213711,SIMA ENTERPRISES,2600 GESSNER RD,STE 162,HOUSTON,TX,770803839,7136900001,PIC,333600000X|3336C0003X,tier_1_primary_pharmacy,Y,Y,
1942475017,KANUBA INC,10710 MCPHERSON RD,STE 102,LAREDO,TX,780456271,9567182770,OWNER,3336C0003X,tier_1_primary_pharmacy,Y,Y,
1245406917,CHOICE SOURCE LLC,909 E COLLINS BLVD,SUITE 103,RICHARDSON,TX,750812253,8009923490,AUTHORIZED SIGNATORY,3336H0001X,tier_1_primary_pharmacy,Y,Y,
1134395882,SMA GROUP INCORPORATED,1110 E PLEASANT RUN RD,,DESOTO,TX,75115,9722740256,OWNER,3336C0003X,tier_1_primary_pharmacy,Y,Y,
1578739926,"R & Y COMMUNITY PHARMACY,LLC",12659 BISSONNET ST,,HOUSTON,TX,770991331,7137777002,MANAGER/PHARMACIST-IN-CHARGE,3336C0003X,tier_1_primary_pharmacy,Y,Y,
1538335815,JAMPEM ENTERPISE LTD,8503 GULF FWY,STE E,HOUSTON,TX,770175086,7133784450,PIC,3336C0003X,tier_1_primary_pharmacy,Y,Y,
1619143732,BROOKSHIRE GROCERY COMPANY,1600 WSW LOOP 323,,TYLER,TX,757018532,9038776827,VP PHARMACY OPERATIONS,3336C0003X,tier_1_primary_pharmacy,Y,Y,
1669649786,Q PHARMACY INC,512 VICTORIA LN,UNIT 7,HARLINGEN,TX,785503226,2104894931,PRESIDENT,3336C0003X,tier_1_primary_pharmacy,Y,Y,
1427224542,MORON VELA INC.,2120 E GRIFFIN PKWY,,MISSION,TX,785723225,9565815499,PHARMACIST/VICE PRESIDENT,333600000X,tier_1_primary_pharmacy,Y,Y,
1609043546,ELIKE INC,701 N TEXAS BLVD,,ALICE,TX,783323883,3616647455,RPH/PIC/PRESIDENT,3336C0003X,tier_1_primary_pharmacy,Y,Y,
1235306580,URBAN INDEPENDENT PHARMACY,7525 MILITARY PKWY,,DALLAS,TX,752273950,2142755900,OWNER,3336C0003X,tier_1_primary_pharmacy,Y,Y,
1285891044,SAIGON PHARMACY LLC,12002 VETERANS MEMORIAL DR,STE C,HOUSTON,TX,770671161,2816310600,RPH,333600000X|3336C0003X,tier_1_primary_pharmacy,Y,Y,
1255598876,CENTRAL TEXAS COMMUNITY HEALTH CENTERS,2901 MONTOPOLIS DR,,AUSTIN,TX,787416411,5129789011,INTERIM CEO/PRESIDENT & CFO,333600000X|3336C0003X,tier_1_primary_pharmacy,Y,Y,
1992962328,QUICK SCRIPT PHARMACY,5700 N EXPRESSWAY # 7783,STE 305 A,BROWNSVILLE,TX,785264353,9563506100,PHARMACIST IN CHARGE,3336C0003X,tier_1_primary_pharmacy,Y,Y,
1396902706,RALLS PHARMACY,821 MAIN ST,,RALLS,TX,79357,8062532256,PHARMACIST,3336C0003X,tier_1_primary_pharmacy,Y,Y,
1487812426,KP PROFESSIONAL PHARMACY,5718 BELLAIRE BLVD,SUITE B,HOUSTON,TX,770815506,8326386866,PHARMACIST-IN-CHARGE,333600000X,tier_1_primary_pharmacy,Y,Y,
1851559322,APOTEK LLC,5201 HARRISBURG BLVD,,HOUSTON,TX,770114229,7139283210,MEMBER/MANAGER,333600000X|3336C0003X,tier_1_primary_pharmacy,Y,Y,
1639337041,DAYSPRING PHARMACY AND MEDICAL SUPPLIES INC,11806 BARKER CYPRESS RD,,CYPRESS,TX,774331864,2815304442,OWNER,333600000X|3336C0003X,tier_1_primary_pharmacy,Y,Y,
1740448174,BROOKSHIRE GROCERY COMPANY,1325 W WHITE ST,,ANNA,TX,754095007,9729244220,VP OF PHCY OPER,3336C0003X,tier_1_primary_pharmacy,Y,Y,
1679731004,YZANLO,1313 S CLOSNER BLVD,SUITE B,EDINBURG,TX,785395665,9563834441,OWNER / PIC,3336C0003X,tier_1_primary_pharmacy,Y,Y,
1477712511,DIABETES CENTER OF AMERICA PHARMACY,7020 PORTWEST DR,STE 130,HOUSTON,TX,770248040,7138405165,DIRECTOR OF PHARMACY,3336C0003X,tier_1_primary_pharmacy,Y,Y,
1821257759,"FULLER-SELLE, LLC",777 E SONTERRA BLVD STE 300,,SAN ANTONIO,TX,782584250,2107454000,CEO,333600000X,tier_1_primary_pharmacy,Y,Y,
1174782825,"HEREFORD PHARMACY, LLC",809 S 25 MILE AVE,,HEREFORD,TX,79045,8063643400,OWNER,3336L0003X|3336C0003X,tier_1_primary_pharmacy,Y,Y,
1841459328,340B PARTNERS PHARMACY LLC,303 N FRIO ST STE 102,,SAN ANTONIO,TX,782073034,2102310383,DIRECTOR OF IT & VENDOR MGMT,3336H0001X|3336S0011X|333600000X|3336C0003X,tier_1_primary_pharmacy,Y,Y,
1609036995,PHARMERICA INC,321 W BEN WHITE BLVD,103,AUSTIN,TX,787047035,5124438984,VICE-PRESIDENT,3336L0003X,tier_1_primary_pharmacy,Y,Y,
1013178656,PHARMEDIUM SERVICES LLC,12620 W AIRPORT BLVD,STE 130,SUGAR LAND,TX,774786199,2814911900,PHCY MANG,3336C0004X,tier_1_primary_pharmacy,Y,Y,
1447411798,FUERTES INC,2510 BROAD ST,STE 100,HOUSTON,TX,770871445,7136411383,OWNER,3336C0003X,tier_1_primary_pharmacy,Y,Y,
1619138443,XAVIER PHARMACY III,96 BERRY RD,,HOUSTON,TX,770223057,7136971400,OWNER,3336C0003X,tier_1_primary_pharmacy,Y,Y,
1073775169,CAREMARK LLC,909 E COLLINS BLVD STE 102,,RICHARDSON,TX,750812253,9726198100,VICE PRESIDENT,3336M0002X,tier_1_primary_pharmacy,Y,Y,
1982866075,CHOICE SOURCE THERAPEUTIC OF HOUSTON TEXAS LLC,20333 STATE HIGHWAY 249 STE 450,,HOUSTON,TX,770702643,2812577900,AUTHORIZED SIGNER,3336M0002X,tier_1_primary_pharmacy,Y,Y,
1215190053,DOC'S DRUGSTORE OF EASTLAND INC,905 E MAIN ST,,EASTLAND,TX,76448,2546291000,OWNER/OFFICER,333600000X|3336C0003X,tier_1_primary_pharmacy,Y,Y,
1881857407,RICHARDS RX LLC,3509 E MAIN AVE,STE 102,ALTON,TX,785731561,9565847772,VP,3336C0004X|333600000X|3336C0003X,tier_1_primary_pharmacy,Y,Y,
1972766590,AIRLINE PHARMACY ASSOCIATES LLC,11012 AIRLINE DR STE A,,HOUSTON,TX,770371112,2812609927,ADMIN/OWNER,333600000X,tier_1_primary_pharmacy,Y,Y,
1952564411,REGENCY PHARMACY,9898 BISSONNET ST,STE 250A,HOUSTON,TX,770368270,7138000308,OWNER,3336L0003X,tier_1_primary_pharmacy,Y,Y,
1881857373,ACRES HOME PHARMACY LLC,9734 W MONTGOMERY RD,,HOUSTON,TX,770884618,2814485511,OWNER,333600000X,tier_1_primary_pharmacy,Y,Y,
1417110354,GKH INC,3610 N MAJOR DR,,BEAUMONT,TX,777139573,4098600040,OWNER/PRESIDENT,3336H0001X|3336C0004X|3336C0003X,tier_1_primary_pharmacy,Y,Y,
1033373949,"ONCOLOGY CONSULTANTS, P.A.",2130 W HOLCOMBE BLVD,10TH FLOOR,HOUSTON,TX,770303305,7136000900,ASSOCIATE DIRECTOR OF PHARMACY,3336C0003X,tier_1_primary_pharmacy,Y,Y,
1194980003,2920 FAMILY PHARMACY LLC,6225 FM 2920 RD STE 205,,SPRING,TX,773793474,8325597644,OWNER,3336C0003X,tier_1_primary_pharmacy,Y,Y,
1518122357,NOBLE HEALTH CARE INC,10701 CORPORATE DR,SUITE 310,STAFFORD,TX,774774096,2812070996,PRESIDENT/ADMINSTRATOR,3336H0001X,tier_1_primary_pharmacy,Y,Y,
1972768349,KATY PHARMACY INC,962 S FRY RD,,KATY,TX,774503062,2815997800,VP,3336S0011X|3336C0003X,tier_1_primary_pharmacy,Y,Y,
1811153448,TRINITY RX NO ONE INC,11324 SIR WINSTON ST,STE C,SAN ANTONIO,TX,782162415,2103486666,VP,3336C0003X,tier_1_primary_pharmacy,Y,Y,
1063678324,TARRANT COUNTY HOSPITAL DISTRICT,6601 WATAUGA RD STE 126,,WATAUGA,TX,761483331,8177026634,PRESIDENT PHARMACY SERVICES,333600000X|3336C0003X,tier_1_primary_pharmacy,Y,Y,
1477719680,ROTH DRUG COMPANY,15948 S POST OAK RD,STE C,HOUSTON,TX,770533645,8325332951,OWNER,3336C0003X,tier_1_primary_pharmacy,Y,Y,
1487800165,"EXECUTIVE HEALTH, LLC",6303 FOREST PARK RD STE 255A,,DALLAS,TX,752355472,2143578889,PRESIDENT,333600000X,tier_1_primary_pharmacy,Y,Y,
1831345115,"ACP HEALTH CARE RESOURCES, INC.",4800 SUGAR GROVE BLVD,SUITE 318,STAFFORD,TX,774772635,2812651511,ADMINISTRATOR,3336H0001X,tier_1_primary_pharmacy,Y,Y,
1679720866,"ONCOLOGY PHARMACY SERVICES, INC.",1826 POINT WEST PKWY,,AMARILLO,TX,791242167,8064572053,CHIEF OPERATING OFFICER,333600000X|3336C0003X,tier_1_primary_pharmacy,Y,Y,
1720235278,S AND J ALVORD PHARMACY,115 EAST BYPASS 287,STE B,ALVORD,TX,76225,9404272801,PRESIDENT,3336C0003X,tier_1_primary_pharmacy,Y,Y,
1154578771,BGS PHARMACY PARTNERS INC,12311 WETMORE RD,,SAN ANTONIO,TX,782473635,2102930575,VICE PRESIDENT,3336L0003X,tier_1_primary_pharmacy,Y,Y,
1518115450,TANGLEWILDE PHARMACY,9548 RICHMOND AVENUE,,HOUSTON,TX,77063,7137848100,DIRECTOR,333600000X,tier_1_primary_pharmacy,Y,Y,
1396993986,ST MARIE CLINIC PA PHARMACY,10900 N 103RD ST,,MISSION,TX,785730979,9564320194,PRESIDENT,3336C0003X,tier_1_primary_pharmacy,Y,Y,
1407004054,BROOKSHIRE BROTHERS INC,31303 FM 2920 RD,STE H,WALLER,TX,774848197,9363721000,CHIEF OPERATIONS OFFICER,3336C0003X,tier_1_primary_pharmacy,Y,Y,
1467601708,ALLIANCE PHARMACY,13734 SH FM 249,,HOUSTON,TX,77086,2815910900,OWNER,3336C0003X,tier_1_primary_pharmacy,Y,Y,
1528217106,"P & S REXALL PHARMACY,INC",829 N MAIN ST,SUITE C,CORSICANA,TX,751103048,9038745121,OWNER,3336L0003X,tier_1_primary_pharmacy,Y,Y,
1477703098,ABELDT'S GASLIGHT PHARMACY,200 GASLIGHT BLVD,,LUFKIN,TX,759043166,9366392346,PRESIDENT,3336C0003X,tier_1_primary_pharmacy,Y,Y,
1902056427,GENERX DISCOUNT PHARMACY INC.,1202 W PIONEER DR,STE 140,IRVING,TX,750617308,9724178895,PRESIDENT,3336C0003X,tier_1_primary_pharmacy,Y,Y,
1962652396,FILLASCRIPT INC,3010 S RICHEY ST,STE C,HOUSTON,TX,770177220,7134013536,PIC,3336C0003X,tier_1_primary_pharmacy,Y,Y,
1700036068,KEN TURNER PHARMACY INC,109 E PANOLA ST,,CARTHAGE,TX,756332601,9036937106,OWNER,333600000X,tier_1_primary_pharmacy,Y,Y,
1336399591,HEALIX INFUSION THERAPY LLC,1330 INDUSTRIAL BLVD,,SUGAR LAND,TX,77478,2812954343,PRESIDENT,3336H0001X|3336C0003X,tier_1_primary_pharmacy,Y,Y,
1639329881,"H-E-B, LP",9710 KATY FWY,,HOUSTON,TX,77055,7136475960,GOVERNMENT PROGRAMS MANAGER,3336C0003X,tier_1_primary_pharmacy,Y,N,H-E-B
1700036753,FAUST LTC PHARMACY INC,1110 NASA PKWY,SUITE 108I,HOUSTON,TX,770583310,8322844043,OWNER,333600000X|3336L0003X,tier_1_primary_pharmacy,Y,Y,
1235389024,"BAYLOR SCOTT & WHITE HEALTH ENTERPRISES, INC.",1250 8TH AVE,STE 125,FORT WORTH,TX,76104,8179223800,PRESIDENT,3336C0003X,tier_1_primary_pharmacy,Y,Y,
1457501108,"H-E-B, LP",5225A BUFFALO SPEEDWAY,,HOUSTON,TX,77005,7132181850,GOVERNMENT PROGRAMS MANAGER,3336C0003X,tier_1_primary_pharmacy,Y,N,H-E-B
1750531406,AMRIT MEDSERVICE INC,401 W FAIRMONT PKWY,STE C,LA PORTE,TX,775716307,2813074000,OWNER,3336C0003X,tier_1_primary_pharmacy,Y,Y,
1477704096,LAKEPOINTE PHARMACY INC,1005 W RALPH HALL PKWY,STE 147,ROCKWALL,TX,750326658,9727224339,OWNER,3336C0003X|3336L0003X|3336C0004X,tier_1_primary_pharmacy,Y,Y,
1043461353,KVG ENTERPRISES INC,1014 A NORTH FIELDER ROAD,,ARLINGTON,TX,76015,8172741883,OWNER,3336I0012X|3336L0003X,tier_1_primary_pharmacy,Y,Y,
1992956056,RIO VALLE HEALTH INC,7717 LOCKHEED DR,STE E,EL PASO,TX,799252464,9158500375,ADMINISTRATOR,3336C0003X|3336S0011X,tier_1_primary_pharmacy,Y,Y,
1992956932,MY KKT LLC,2506 25TH AVE N,4,TEXAS CITY,TX,775904665,4096553033,OWNER,333600000X|3336C0003X,tier_1_primary_pharmacy,Y,Y,
1912158817,FALCON MEDICAL SOLUTIONS LLC,3012 E MAIN AVE STE A,,ALTON,TX,785730908,9565849900,MANAGING OWNER,333600000X,tier_1_primary_pharmacy,Y,Y,
1619128402,REMINGTON HERITAGE INC,4323 N JOSEY LN,STE 102,CARROLLTON,TX,750104633,9723953100,PIC,3336C0004X|3336C0003X,tier_1_primary_pharmacy,Y,Y,
1528219318,APOTHECA COMPOUNDING PHARMACY INC,14603 HUEBER RD,STE 2602,SAN ANTONIO,TX,78230,2102261112,PRESIDENT,3336C0003X|3336C0004X,tier_1_primary_pharmacy,Y,Y,
1255583589,LIFE DRUGS RX LLC,12015 LOUETTA RD STE 300,,HOUSTON,TX,770701155,7134627029,PIC/OWNER,333600000X|3336C0003X,tier_1_primary_pharmacy,Y,Y,
1629220785,"PHARMRAMRX, INC",1112 E GRIFFIN PKWY STE B,,MISSION,TX,785722409,9565817455,OWNER/PHARMACIST,3336C0003X,tier_1_primary_pharmacy,Y,Y,
1992958854,EXPRESSWAY PHARMACY LLC,702 E EXPRESSWAY 83,STE A1,DONNA,TX,785372741,9564647600,PIC,3336C0003X,tier_1_primary_pharmacy,Y,Y,
1467605170,KID KARE PHARMACY,2201 S 23RD ST,SUITE B,MCALLEN,TX,785035659,9566488224,OWNER/PIC,3336C0003X,tier_1_primary_pharmacy,Y,Y,
1265685937,GUARDIAN HEALTH SYSTEMS,7302 LOUIS PASTEUR DR,SUITE 105,SAN ANTONIO,TX,782294508,2102310383,BILLING,3336H0001X,tier_1_primary_pharmacy,Y,Y,
1750534236,OKIKO,1000 NORA LN,,DESOTO,TX,751155466,9724151235,PRESIDENT/ONWER,3336H0001X,tier_2_secondary_pharmacy,N,Y,
1366695579,"BAYLOR SCOTT & WHITE HEALTH ENTERPRISES, INC.",3525 FM 2484,SUITE B,SALADO,TX,765716169,2549477555,PRESIDENT,3336C0003X,tier_1_primary_pharmacy,Y,Y,
1891948824,ROYAL PHARMACY INC,12240 MURPHY RD,STE B,STAFFORD,TX,774772411,2819335050,PIC,3336C0003X,tier_1_primary_pharmacy,Y,Y,
1518111210,AAARK GROUP INC,5202 BISSONNET ST STE B,,BELLAIRE,TX,774013910,2818936000,OWNER,3336C0004X|333600000X|3336C0003X,tier_1_primary_pharmacy,Y,Y,
1073767794,Q PHARMACY INC,415 EMBASSY OAKS,,SAN ANTONIO,TX,782162040,2104894931,PRESIDENT,3336C0003X,tier_1_primary_pharmacy,Y,Y,
1134373616,PARKER PHARMACY INC,415 W LITTLE YORK RD,SUITE H,HOUSTON,TX,770761349,7137425200,OWNER,3336C0003X,tier_1_primary_pharmacy,Y,Y,
1093969461,DIAMOND PHARMACY LLC,2900 HILLCROFT ST,STE B,HOUSTON,TX,770575836,7133392255,OWNER,3336C0003X,tier_1_primary_pharmacy,Y,Y,
1376797704,FIFTY 50 MEDICAL LLC,1411 E SANDY LAKE RD STE 120,,COPPELL,TX,750197947,9722432727,GM,333600000X|3336C0003X,tier_2_secondary_pharmacy,N,Y,
1467606772,"CANCER SPECIALISTS OF SO. TS, PA",1625 RODD FIELD RD STE A,,CORPUS CHRISTI,TX,784124926,3619933456,PRESIDENT,3336C0002X,tier_1_primary_pharmacy,Y,Y,
1821242918,MARZMED INC,11780 FM 1960 RD W,,HOUSTON,TX,770653514,8322374800,OWNER,3336C0003X,tier_1_primary_pharmacy,Y,Y,
1760637631,MERIDIAN PHARMACY GROUP AT IRVING INC,1111 S IRVING HEIGHTS DR,,IRVING,TX,750606237,2144920123,PHARMACIST,3336C0002X|3336C0003X,tier_1_primary_pharmacy,Y,Y,
1407001068,PD & SONS LLC,11002 SCARSDALE BLVD,STE A,HOUSTON,TX,770895973,2814816602,PRESIDENT,3336C0003X,tier_1_primary_pharmacy,Y,Y,
1891940391,SOUTHERN TIER HOME INFUSION INC,11301 RICHMOND AVE STE K101,,HOUSTON,TX,770825550,2814975214,PRESIDENT/OWNER,3336C0004X|3336M0002X|3336C0003X,tier_1_primary_pharmacy,Y,Y,
1750536173,"BAYLOR SCOTT & WHITE HEALTH ENTERPRISES, INC.",514 W ADAMS AVE,,TEMPLE,TX,765014215,2547741050,PRESIDENT,3336C0003X,tier_1_primary_pharmacy,Y,Y,
1972748010,DORRICK INC.,10906 FM 1960 RD W,,HOUSTON,TX,770706316,2814776000,PHARMACIST,3336C0003X,tier_1_primary_pharmacy,Y,Y,
1316182496,TEXAS VACCINE INSTITUTE CO.,5210 MAYBROOK PARK LN,,KATY,TX,774508084,2818281893,PRESIDENT/MANAGER,333600000X,tier_1_primary_pharmacy,Y,Y,
1922243906,BROOKSHIRE GROCERY COMPANY,880 E STATE HIGHWAY 243,,CANTON,TX,75103,9035672403,VP PHARMACY OPERATIONS,3336C0003X,tier_1_primary_pharmacy,Y,Y,
1144465022,AG HEALTH GROUP LLC,2503 SPRINGFIELD AVE,,LAREDO,TX,780404034,9567948350,DIRECTOR OF PHARMACY,333600000X|3336H0001X|3336C0003X,tier_1_primary_pharmacy,Y,Y,
1790920569,B D PHARMACY INC,205 E MAIN ST,,ATLANTA,TX,755512635,9037967777,PHARMACIST,3336C0003X,tier_1_primary_pharmacy,Y,Y,
1588809214,TEXAS PROFESSIONAL PHARMACY LLC,18602 FM 1488 RD,SUITE 700,MAGNOLIA,TX,773548508,2813562216,"V PRESIDENT, PIC",3336C0003X|333600000X,tier_1_primary_pharmacy,Y,Y,
1508001249,HEALTHCO PHARMACY CORP,2541 N MACGREGOR WAY STE 100,,HOUSTON,TX,770047604,7132186337,"OWNER, PIC",333600000X|3336S0011X|3336C0003X,tier_1_primary_pharmacy,Y,Y,
1770728305,"H-E-B, LP",8900 HIGHWAY 6,,MISSOURI CITY,TX,77459,2817781350,GOVERNMENT PROGRAMS MANAGER,3336C0003X,tier_1_primary_pharmacy,Y,N,H-E-B
1285870550,"PHARMACEUTICAL CARE SOLUTIONS, LLC",8221 GULF FWY,#550,HOUSTON,TX,77017,7138479900,PHARMACIST IN CHARGE,3336C0003X,tier_1_primary_pharmacy,Y,Y,
1912143934,"RPH PARTNERS, LLC",4144 DOWLEN RD,,BEAUMONT,TX,777066851,4098666271,PIC/PRES,3336M0002X,tier_1_primary_pharmacy,Y,Y,
1689810517,STAR REX PHARMACY LLC,11110 EAST FWY,100B,HOUSTON,TX,770291914,8327670816,OPERATIONS MANAGER,333600000X|3336C0003X,tier_1_primary_pharmacy,Y,Y,
1316183221,SELF CHOICE MEDICAL SUPPLIES &EQUIPMENT DBA ABC PHARMACY,5700 S GESSNER DR STE G,,HOUSTON,TX,770361635,7137771041,PRESIDENT,3336C0003X,tier_1_primary_pharmacy,Y,Y,
1881830602,CHILDREN'S HEALTH SYSTEM OF TEXAS,2350 N STEMMONS FWY,F1510,DALLAS,TX,752072700,2144560641,CHIEF FINANCIAL OFFICER,3336C0004X|3336C0003X,tier_1_primary_pharmacy,Y,Y,
1568609949,BEST VALUE CUSTOM MEDS,6020 B HARRIS PARKWAY,,FORT WORTH,TX,76132,8172922338,VICE-PRESIDENT,333600000X|3336C0004X,tier_1_primary_pharmacy,Y,Y,
1023255296,J & I PHARMACY,13249 BELLAIRE BLVD,,HOUSTON,TX,770832635,2813726526,PRESIDENT/OWNER,333600000X|3336C0003X,tier_1_primary_pharmacy,Y,Y,
1134366289,MARTIN LUTHER KING JR FAMILY CLINIC,2922 MARTIN LUTHER KING JR BLVD,B,DALLAS,TX,752152321,2144263645,CEO,3336C0002X,tier_1_primary_pharmacy,Y,Y,
1639316417,WINSTON P EPPERSON,12805 CULLEN BLVD,STE. C,HOUSTON,TX,770473759,7137317988,OWNER,333600000X,tier_1_primary_pharmacy,Y,Y,
1720225568,PHARMACY AT CULLEN COMMONS,12805 CULLEN BLVD,SUITE C,HOUSTON,TX,77048,7137317988,PHARMACIST-IN -CHARGE,3336C0003X,tier_1_primary_pharmacy,Y,Y,
1982841722,MAX PHARMACY INC,17074 HIGHWAY 3,,WEBSTER,TX,775984129,7133739944,PRESIDENT,3336C0003X,tier_1_primary_pharmacy,Y,Y,
1861639536,DOYLE PHARMACIES INC,2425 SUNSET BLVD,,HOUSTON,TX,770051431,7135261771,PRESIDENT,333600000X,tier_1_primary_pharmacy,Y,Y,
1104064419,"QVL PHARMACY 146, LLC",914 LIPSCOMB,SUITE B,FORT WORTH,TX,76104,8178065133,CEO,3336C0003X,tier_1_primary_pharmacy,Y,Y,
1790923043,ELITE PHARMACY,3044 ANTOINE DR,,HOUSTON,TX,770927053,7136815483,PHARMACIST-IN-CHARGE,333600000X,tier_1_primary_pharmacy,Y,Y,
1629216908,RAZI RX INC,3460 WEBB CHAPEL EXT,,DALLAS,TX,752206751,2143506600,DIRECTOR,333600000X|3336C0003X,tier_1_primary_pharmacy,Y,Y,
1881832970,"MED SOLUTION PHARMACY, INC.",11037 FM 1960 RD W STE B5,,HOUSTON,TX,770653632,2818909922,PHARMACIST,3336C0003X,tier_1_primary_pharmacy,Y,Y,
1184862146,"AYDIL HEALTHCARE, PLLC",501 E PRINCETON DR # 100,,PRINCETON,TX,75407,9727346281,OWNER/PHARMACIST,3336C0003X,tier_1_primary_pharmacy,Y,Y,
1275771057,PROMETHEUS SERVICES,2636 WALNUT HILL LN,SUITE 335,DALLAS,TX,752295639,2143573779,PRESIDENT,3336C0003X,tier_1_primary_pharmacy,Y,Y,
1407094295,S & J WAXAHACHIE PHARMACY INC,1001 FERRIS AVE,,WAXAHACHIE,TX,751652557,9729232083,PRESIDENT,3336C0003X,tier_1_primary_pharmacy,Y,Y,
1366680084,"MAYFLOWER PHARMACY, INC",8323 SW FREEWAY SUITE 115,,HOUSTON,TX,77074,7139815900,MANAGER,3336C0003X,tier_1_primary_pharmacy,Y,Y,
1134368681,LIFECHEK AUCHAN LLC,2409 VETERANS BLVD STE 12,,DEL RIO,TX,788403127,8304618850,COMPLIANCE COORDINATOR,3336C0004X|3336L0003X|3336C0003X,tier_1_primary_pharmacy,Y,Y,
1447499926,"HEALTHSCRIPT PHARMACY, LLC",501 AIR PARK AVE,,GREENVILLE,TX,75402,8008062067,SENIOR VICE PRESIDENT,3336M0002X,tier_1_primary_pharmacy,Y,Y,
1831338268,HMS RX PHARMACY,3434 W ILLINOIS AVE,,DALLAS,TX,752118709,2143305700,DIRECTOR,3336C0003X,tier_1_primary_pharmacy,Y,Y,
1114166410,"EXPRESS FAMILY PHARMACY, LLC",10101 FONDREN RD STE 106,,HOUSTON,TX,770965135,7136369177,OWNER,3336C0003X,tier_1_primary_pharmacy,Y,Y,
1639318975,BLUEBONNET PHARMACY INC,1919 NORTH LOOP W,SUITE 280,HOUSTON,TX,770081374,7138640100,DIRECTOR,3336C0003X|333600000X,tier_1_primary_pharmacy,Y,Y,
1972742195,"LEGENDS PHARMACY II, LP",1602 AVENUE D STE 500,,KATY,TX,774933646,2814960640,VP OF PHARMACY OPERATIONS,333600000X|3336L0003X,tier_1_primary_pharmacy,Y,Y,
1891934899,SHAPA INC,9415 BRUTON RD,STE 3103,DALLAS,TX,75217,2144212210,OWNER,3336C0003X,tier_1_primary_pharmacy,Y,Y,
1396984290,HARRIS COUNTY HOSPITAL DISTRICT,8901 BOONE RD,PHARMACY,HOUSTON,TX,770991659,7138424326,"EVP, CFO",333600000X|3336C0002X,tier_1_primary_pharmacy,Y,Y,
1386883171,AWALT-STEPHENSON DRUG,201 E COMMERCE ST,STE A,FAIRFIELD,TX,758401509,9033892157,PIC,3336L0003X,tier_1_primary_pharmacy,Y,Y,
1760621486,"PHARMACY COURIER SERVICE,L.L.C.",3 SUGAR CREEK CENTER BLVD,ONE HUNDRED,SUGAR LAND,TX,774783541,8002566378,MANAGER,3336M0003X,tier_2_secondary_pharmacy,N,Y,
1366682049,HARRIS COUNTY HOSPITAL DISTRICT,2525A HOLLY HALL ST,,HOUSTON,TX,770544124,7138424328,"EVP, CFO",333600000X|3336C0002X,tier_1_primary_pharmacy,Y,Y,
1205076684,"JY VALOR, INC",2510 BROAD STREET,SUITE 100,HOUSTON,TX,77087,7136411383,OWNER,3336C0003X,tier_1_primary_pharmacy,Y,Y,
1881834257,PHARMACY @ CULLEN COMMONS,12805 CULLEN BLVD,C,HOUSTON,TX,770473760,7137317988,PHARMACIST IN CHARGE,3336C0003X,tier_1_primary_pharmacy,Y,Y,
1427298744,COMMUNITY HEALTH PHARMACY,1000 WILSON STREET,,ROSENBERG,TX,77471,2812398484,OWNER/PHARMACIST IN CHARGE,3336C0003X,tier_1_primary_pharmacy,Y,Y,
1649410770,HIGHLAND PARK DRUG STORE INC,3801 N CAPITAL OF TEXAS HWY # G205,,AUSTIN,TX,787461416,5126170993,PRESIDENT,333600000X|3336L0003X,tier_1_primary_pharmacy,Y,Y,
1861633612,HSM PHARMACY INC,10701-B WEST BELFORT SUITE 170,,HOUSTON,TX,77099,2815758545,PRESIDENT,3336C0003X,tier_1_primary_pharmacy,Y,Y,
1265673966,BEL GRIFFIN,6719 W MONTGOMERY RD,,HOUSTON,TX,770913105,2815683399,CHAIRMAN AND CEO,3336C0003X,tier_1_primary_pharmacy,Y,Y,
1811138399,MEDRICK MORRIS,14455 CULLEN BLVD,STE. C-1,HOUSTON,TX,770474800,7137310880,OWNER,333600000X|3336C0003X,tier_1_primary_pharmacy,Y,Y,
1093956062,LSCC GEORGETOWN PHARMACY- WILLIAMS DRIVE,2423 WILLIAMS DR,SUITE 109,GEORGETOWN,TX,786283200,5126860155,CEO,333600000X|3336C0003X,tier_1_primary_pharmacy,Y,Y,
1790927424,RANRAM LLC,1740 BOCA CHICA BLVD STE 400,,BROWNSVILLE,TX,785208146,9565041290,PRESIDENT,333600000X|3336C0003X,tier_1_primary_pharmacy,Y,Y,
1720220304,JORDAN J MASWOSWE,6402 LOUETTA RD,SUITE 145,SPRING,TX,773797580,8329532782,PRESIDENT,333600000X|3336C0003X,tier_1_primary_pharmacy,Y,Y,
1336381813,"CENTRAL TEXAS PAIN CENTER, PLLC",213 HUNTERS VLG STE 100,,NEW BRAUNFELS,TX,781324765,8558767246,OWNER,3336C0004X|3336C0003X,tier_1_primary_pharmacy,Y,Y,
1619119914,TEXAS PROFESSIONAL PHARMACY LLC,17330 SPRING CYPRESS RD,SUITE 160,CYPRESS,TX,774294293,2812133490,"V PRESIDENT, PIC",333600000X|3336C0003X,tier_1_primary_pharmacy,Y,Y,
1508009994,JOVIC PHARMACY INC.,9816 MEMORIAL BLVD STE 203,,HUMBLE,TX,773384206,2814415100,PHARMACIST-IN-CHARGE/ CO OWNER,3336C0003X,tier_1_primary_pharmacy,Y,Y,
1699918706,YOUSENASNA GROUP LLC,155 SCHOOL ST STE 130,,TOMBALL,TX,773753518,8325596413,OWNER & PIC,3336C0003X|333600000X,tier_1_primary_pharmacy,Y,Y,
1841433935,BGC PHARMACY,6719 W MONTGOMERY RD,,HOUSTON,TX,770913105,7136976389,DIRECTOR,3336C0003X,tier_1_primary_pharmacy,Y,Y,
1356585004,LEADCARE PHARMACY INC,9908 S GESSNER DR,,HOUSTON,TX,770711008,7137748180,PRESIDENT,3336C0003X,tier_1_primary_pharmacy,Y,Y,
1043454697,LIFECHEK ROSENBERG LLC,3735 FM 2765 SPACE M,,EL CAMPO,TX,77437,9795431711,OWNER/PRESIDENT,333600000X|3336C0003X,tier_1_primary_pharmacy,Y,Y,
1265676613,HOUSTON MIDTOWN PHARMACY LLC,6609 W SAM HOUSTON PKWY S,STE 98,HOUSTON,TX,770721640,8328310346,AO,333600000X|3336C0003X,tier_1_primary_pharmacy,Y,Y,
1861636243,I-10 ATRIUM PHARMACY INC,11821 EAST FWY,STE 300,HOUSTON,TX,770291975,7134538000,OWNER,3336C0003X,tier_1_primary_pharmacy,Y,Y,
1306080627,AMEX PHARMACY NO 7 INC,7150 GREENVILLE AVE STE 107,,DALLAS,TX,752317900,4697790385,CEO,333600000X|3336C0003X,tier_1_primary_pharmacy,Y,Y,
1174767362,FREDERICKSBURG LTC,707 N LLANO ST,SUITE B,FREDERICKSBURG,TX,786243943,8309975800,OWNER,333600000X|3336L0003X,tier_1_primary_pharmacy,Y,Y,
1962636084,AXIS LLC,223 AIRTEX DR,,HOUSTON,TX,770906627,2818727230,CEO,333600000X|3336C0003X,tier_1_primary_pharmacy,Y,Y,
1982838934,LOPERS NEIGHBORHOOD PHARMACY INC,1934 U S HIGHWAY 190 W,,LIVINGSTON,TX,773519600,9363275554,PRESIDENT,3336C0003X,tier_1_primary_pharmacy,Y,Y,
1396979712,BROOKSHIRE BROTHERS INC,100 S HOME ST,,CORRIGAN,TX,759392616,9363989227,PRESIDENT CEO,3336C0003X,tier_1_primary_pharmacy,Y,Y,
1144454562,LIFECHEK DENNISON LLC,2509 W TRENTON RD,,EDINBURG,TX,785395070,9566875646,MANAGING OFFICER,3336L0003X|3336C0003X,tier_1_primary_pharmacy,Y,Y,
1992930234,"SCRIPT SOURCE PHARMACY, LLC",6516 BROADWAY ST,SUITE 132,PEARLAND,TX,77581,7133403122,SINGLE MEMBER OWNER/PIC,3336C0004X|3336S0011X|3336C0003X,tier_1_primary_pharmacy,Y,Y,
1831324045,"PARAGON INFUSION CARE, INC.",1922 DRY CREEK WAY STE 110,,SAN ANTONIO,TX,782591840,2105916700,PRESIDENT,3336S0011X|3336H0001X,tier_1_primary_pharmacy,Y,Y,
1346475449,"MED-AID PHARMACY STONERIDGE, LLC",5323 S MCCOLL RD,,EDINBURG,TX,785399115,9566875646,MEMBER,3336C0003X,tier_1_primary_pharmacy,Y,Y,
1255566287,CRANDALL CITY MARKET INC,3563 ALTON RD,,FORT WORTH,TX,761092834,8174292571,OWNER & PRESIDENT,3336C0003X,tier_1_primary_pharmacy,Y,Y,
1174758007,LIFECHEK DENISON LLC,122 N ALAMO RD STE 3,,ALAMO,TX,785162215,9567875550,MANAGING PARTNER,3336L0003X|3336C0003X,tier_1_primary_pharmacy,Y,Y,
1326273103,YENTAI INC,11073A EASTEX FWY,,HOUSTON,TX,770932858,2815905222,PHARMACIST-IN-CHARGE,333600000X,tier_1_primary_pharmacy,Y,Y,
1033344585,H E BUTT GROCERY COMPANY,6520 FRATT RD,,SAN ANTONIO,TX,782184402,2109387694,"DIRECTOR, 3RD PARTY",3336C0003X,tier_1_primary_pharmacy,Y,Y,
1932334588,EPOCH PHARMACY SOLUTIONS SANTE FE MEDICINE MAN PHARMACY,13250 HIGHWAY 6,,SANTA FE,TX,775107682,4099271979,OWNER/MANAGER,333600000X|3336C0004X|3336C0003X,tier_1_primary_pharmacy,Y,Y,
1811122211,CULLEN CARE PHARMACY INC,5340 GRIGGS RD STE C,,HOUSTON,TX,770213715,7132640699,CEO/PHARMACIST,333600000X|3336C0003X,tier_1_primary_pharmacy,Y,Y,
1205062445,AZTEC RX INC,6243 FAIRMONT PKWY STE 206,,PASADENA,TX,775054047,2819981100,PHARMACIST-IN-CHARGE,3336C0003X|333600000X,tier_1_primary_pharmacy,Y,Y,
1912133216,BM PHARMACY INC,12924 BELLAIRE BLVD,,HOUSTON,TX,770725131,7134573600,OWNER,3336C0003X,tier_1_primary_pharmacy,Y,Y,
1336375591,APPLE DRUGS #102,1900 OATES DR,SUITE 138,MESQUITE,TX,751506862,9722700041,PRESIDENT,333600000X,tier_1_primary_pharmacy,Y,Y,
1346476470,FOUNTAINVIEW PHARMACY,3013 FOUNTAINVIEW,SUITE #A,HOUSTON,TX,770576137,7137842112,MANAGER,333600000X,tier_1_primary_pharmacy,Y,Y,
1124254636,HOUSTON AREA COMMUNITY SERVICES INC,2150 W 18TH ST,SUITE 300-B,HOUSTON,TX,770085200,8323841423,EXECUTIVE VICE PRESIDENT OF FINC,3336C0003X,tier_1_primary_pharmacy,Y,Y,
1194952325,PRIMECARE PHARMACY,5900 CHIMNEY ROCK RD.,STE AC,HOUSTON,TX,77081,8322479380,PRESIDENT,3336C0003X,tier_1_primary_pharmacy,Y,Y,
1790914398,TEXAS COMPOUNDING PHARMACY LLC,5300 BEE CAVES RD,BLDG 3 STE 100,WEST LAKE HILLS,TX,787465226,5123145550,PHARMACIST IN CHARGE,3336C0004X|333600000X|3336C0003X,tier_1_primary_pharmacy,Y,Y,
1386873792,EAST TEXAS CLINICAL SERVICES,3251 I-45 NORTH,SUITE 190,CONROE,TX,77304,9367887700,C.O.O.,3336C0003X,tier_1_primary_pharmacy,Y,Y,
1790914968,CHRISCO PHARMACY,9623 SOUTHWEST FREEWAY,,HOUSTON,TX,77074,7137768200,PHARMACIST,333600000X,tier_1_primary_pharmacy,Y,Y,
1801026638,TXEX MED LLC,405 HWY 281 SOUTH,,JOHNSON CITY,TX,78636,8308687185,PHARMACIST/OWNER,333600000X,tier_1_primary_pharmacy,Y,Y,
1730318577,MEDSTAR PHARMACY INC,200 N CARRIER PKWY STE 112,,GRAND PRAIRIE,TX,750505476,2146771460,OFFICER,333600000X,tier_1_primary_pharmacy,Y,Y,
1801026505,PECCIO MEDI-MART PLUS L L C,3035 COLLEGE ST STE B,,BEAUMONT,TX,777014641,4098131717,PHARMACIST-IN-CHARGE,333600000X|3336C0004X|3336C0003X,tier_1_primary_pharmacy,Y,Y,
1326278656,SHREE SIDDHIVINAYAK ENTERPRISE INC,6301 RICHMOND AVE STE 103,,HOUSTON,TX,770575905,3463573482,AUTHORIZED OFFICIAL,3336C0003X,tier_1_primary_pharmacy,Y,Y,
1386874592,"PULLIUM CREEK, INC",1601 W UNIVERSITY DR,,MCKINNEY,TX,750693445,9725628700,OWNER,3336C0004X|3336C0003X,tier_1_primary_pharmacy,Y,Y,
1689804551,"ST. MARIE CLINIC, P.A. PHARMACY",1905 E. MONTE CRISTO ROAD STE. C,,EDINBURG,TX,785410333,9562871831,CEO,3336C0003X,tier_1_primary_pharmacy,Y,Y,
1275763187,CHAMPIONS STRATEGIES INC,6300 RICHMOND AVE STE 100,,HOUSTON,TX,770575927,7137822900,PIC,3336C0003X,tier_1_primary_pharmacy,Y,Y,
1760613640,"DEERBROOK PHARMACY, LLC",9816 MEMORIAL BLVD STE 105,,HUMBLE,TX,773384205,2814460061,OWNER,3336C0003X|3336C0004X|3336S0011X|333600000X,tier_2_secondary_pharmacy,N,Y,
1033340955,"U.S. PHARMACY, INC. STORE#2",4245 E BERRY ST,,FORT WORTH,TX,76105,8174789191,PRESIDENT/PHARMACIST,3336C0003X,tier_1_primary_pharmacy,Y,Y,
1174754840,INVENTIVE INFUSION SOLUTIONS LP,18866 STONE OAK PKWY,SUITE 101 A,SAN ANTONIO,TX,782584180,2104944272,DIRECTOR OF OPERATIONS,333600000X|3336C0004X|3336C0003X,tier_1_primary_pharmacy,Y,Y,
1023249794,RANDAL RIVERSIDE CORPORATION,3360 MATLOCK RD STE 100,,ARLINGTON,TX,760152907,8175573900,PHARMACIST-IN-CHARGE,3336C0003X,tier_1_primary_pharmacy,Y,Y,
1578794160,NEDA GLOBAL INC,6624 MEADOWBROOK DR,,FORT WORTH,TX,761125241,8174516900,PHARMACIST IN CHARGE,3336C0003X,tier_1_primary_pharmacy,Y,Y,
1679704175,SU CLINICA FAMILIAR,1706 TREASURE HILLS BLVD,,HARLINGEN,TX,785508911,9563656005,EXECUTIVE DIRECTOR,3336C0002X,tier_1_primary_pharmacy,Y,Y,
1750512091,ALPHA PHARMACY,8787 N MACARTHUR BLVD,STE 120,IRVING,TX,75063,4692625742,PHARMACIST,3336C0003X,tier_1_primary_pharmacy,Y,Y,
1215168505,J & H ENTERPRISE INC,7707 FANNIN ST,STE 105,HOUSTON,TX,770541926,7137971107,OWNER,3336C0003X,tier_1_primary_pharmacy,Y,Y,
1932330081,SETON FAMILY OF HOSPITALS,6001 KYLE PKWY,,KYLE,TX,786406112,5125045170,REGIONAL DIRECTOR NET REV & REIMB,3336I0012X|3336C0003X|333600000X,tier_1_primary_pharmacy,Y,Y,
1447481460,A & C DISCOUNT PHARMACY LLC,8067 W VIRGINIA DR,,DALLAS,TX,752373767,9722305601,PIC,3336C0003X,tier_1_primary_pharmacy,Y,Y,
1548491517,A & C DISCOUNT PHARMACY LLC,2600 N STEMMONS FWY,STE 176,DALLAS,TX,752072113,4693338660,CCO,3336C0004X|3336C0003X,tier_1_primary_pharmacy,Y,Y,
1649402652,TARRANT COUNTY HOSPITAL DISTRICT,2737 SHERMAN ST,,GRAND PRAIRIE,TX,750511027,8177024783,DIRECTOR OF OUTPATIENT PHARMAC,3336C0002X,tier_1_primary_pharmacy,Y,Y,
1730311465,TOTH ENTERPRISES II,4303 VICTORY DR,,AUSTIN,TX,787047507,5124623627,MANAGER,3336C0004X|3336M0002X|3336S0011X|3336C0003X,tier_1_primary_pharmacy,Y,Y,
1497987127,CURESHOPPE RX INC.,1622 FEDERAL RD,SUITE # 1,HOUSTON,TX,770156727,7134518106,OWNER/MANAGER,333600000X,tier_1_primary_pharmacy,Y,Y,
1760614432,ANDREWS COUNTY HOSPITAL DISTRICT,720 HOSPITAL DR,,ANDREWS,TX,797143617,4325232200,CFO,333600000X,tier_1_primary_pharmacy,Y,Y,
1790918936,BEAMER PHARMACY LLC,13630 BEAMER RD STE 103,,HOUSTON,TX,770896037,2814840022,MANAGING MEMBER,3336C0004X|3336L0003X|3336C0003X,tier_1_primary_pharmacy,Y,Y,
1043543234,O&M PHARMACY INC,1630 HOUSTON AVE,,PORT ARTHUR,TX,776403319,4099849919,MANAGER,3336L0003X|333600000X|3336C0003X,tier_1_primary_pharmacy,Y,Y,
1134452212,BLUEGREEN INDUSTRIES LLC,1666 N HAMPTON RD STE 100B,,DESOTO,TX,751158627,9725721500,PIC,3336C0004X|3336S0011X|3336L0003X,tier_1_primary_pharmacy,Y,Y,
1306179981,"PRESCRIPTION HEALTH RESOURCES, LLC",7345 AIRPORT FWY,,RICHLAND HILLS,TX,761186902,8175909599,GENERAL MANAGER,3336C0004X|3336H0001X|3336L0003X|3336C0003X,tier_1_primary_pharmacy,Y,Y,
1154655322,COMPLETE RPH RX SERVICES,5627 ALDINE BENDER RD STE 7,,HOUSTON,TX,770324534,2812271010,OWNER / PHARMACIST-IN-CHARGE,333600000X|3336C0003X,tier_1_primary_pharmacy,Y,Y,
1942534177,WINSTON'S PHARMACY INC.,4500 E SAM HOUSTON PKWY S STE 100,,PASADENA,TX,775053956,7139446000,OWNER,3336C0003X,tier_1_primary_pharmacy,Y,Y,
1326372533,HEALTH FIT PHARMACY LLC,3620 KATY FWY,SUITE A,HOUSTON,TX,770073646,7138022441,OWNER,3336C0003X,tier_1_primary_pharmacy,Y,Y,
1629302716,RAYS PHARMACY INC,1831 E BROAD ST,,MANSFIELD,TX,760639166,8175398900,OWNER,3336C0004X|333600000X|3336C0003X,tier_1_primary_pharmacy,Y,Y,
1285968925,"PULLIUM CREEK, INC",1601 W UNIVERSITY DR,,MCKINNEY,TX,750693445,9725628700,OWNER,3336C0003X,tier_1_primary_pharmacy,Y,Y,
1316271778,BROOKSHIRE GROCERY COMPANY,125 HALL RD,,SEAGOVILLE,TX,751592915,9722871680,VICE PRESIDENT OF PHARMACY OPERATIO,3336C0003X,tier_1_primary_pharmacy,Y,Y,
1720313042,MANJIT SINGH,6243 FAIRMONT PKWY STE 103,,PASADENA,TX,775054046,2819981100,OWNER,3336C0003X,tier_1_primary_pharmacy,Y,Y,
1558696849,"TECH MED 1 ENTERPRISES, PLLC",230 CONQUEST STE H,,EDINBURG,TX,785390227,9563056767,OWNER,333600000X|3336C0003X,tier_1_primary_pharmacy,Y,Y,
1548595689,RX HEALTH LLC,440 RAYFORD RD STE 155,,SPRING,TX,77386,2813672700,MANAGING OFFICER,333600000X|3336C0004X|3336L0003X|3336C0003X,tier_1_primary_pharmacy,Y,Y,
1396070314,DE HEALTH LINE LLC,11711 W BELLFORT ST,,STAFFORD,TX,774771335,7135416000,COO,3336H0001X|3336S0011X,tier_2_secondary_pharmacy,N,Y,
1992030894,"H-E-B, LP",2121 FM 2920 RD,,SPRING,TX,77388,2819077950,GOVERNMENT PROGRAMS MANAGER,3336C0003X,tier_1_primary_pharmacy,Y,N,H-E-B
1245565191,L AND B PHARMACY INC,8103 CREEKBEND DR,STE G,HOUSTON,TX,770711555,7137732996,OWNER,333600000X,tier_1_primary_pharmacy,Y,Y,
1679808133,ADBRIGHT PHARMACY INCORPORATED,4601 AVENUE H STE 1,,ROSENBERG,TX,774712038,2813417980,DIRECTOR/ PIC,3336C0003X,tier_1_primary_pharmacy,Y,Y,
1396070868,CORNERSTONE RX PHARMACY,7255 BISSONNET ST,,HOUSTON,TX,770745801,7137718217,PHARMACIST IN CHARGE,3336C0003X,tier_1_primary_pharmacy,Y,Y,
1114253630,CAREHERE PHARMACY OF GALVESTON,1701 23RD ST,,GALVESTON,TX,775507901,4096211731,DIRECTOR OF PHARMACY SERVICES,3336C0003X,tier_1_primary_pharmacy,Y,Y,
1003142357,ELOHIM PHARMACEUTICALS LLC,11329 BISSONNET ST,,HOUSTON,TX,770992049,3468886000,P.I.C,3336C0003X,tier_1_primary_pharmacy,Y,Y,
1407182488,MED VALT PHARMACY LLC,11811 FM 1960 RD W STE 110,,HOUSTON,TX,770653828,7133499882,CEO/PRESIDENT,333600000X|3336C0003X,tier_1_primary_pharmacy,Y,Y,
1699001636,SANDER'S DRUG STORE,104 SOUTH MAIN ST.,,ALBANY,TX,764308054,3257623979,PRESIDENT,3336C0003X,tier_1_primary_pharmacy,Y,Y,
1063748812,"AFFINITY BIOTECH, INC",11303 CHIMNEY ROCK RD STE 105,,HOUSTON,TX,770352901,7135512087,"VP OR OPERATIONS, DIPLOMAT PHARMACY",333600000X|3336H0001X|3336S0011X|3336C0003X,tier_1_primary_pharmacy,Y,Y,
1295061042,"SHR PHARMACY, INC.",3337 PLAINVIEW ST,SUITE B-9,PASADENA,TX,77504,8326461334,OFFICER,333600000X|3336C0003X,tier_1_primary_pharmacy,Y,Y,
1164758835,QUICK CK PRESCRIPTION SHOP LLC,2656 S LOOP W STE 574,,HOUSTON,TX,770542664,8328319465,PRESIDENT,3336C0004X,tier_1_primary_pharmacy,Y,Y,
1427385053,BV PHARMACY DEVELOPMENT INC,4114 AVENUE H,,ROSENBERG,TX,774712833,2817620874,OWNER,3336C0003X,tier_1_primary_pharmacy,Y,Y,
1750618328,US PHARM GROUP.INC,6500 NORTH FWY,SUITE 119,HOUSTON,TX,770762953,7136971600,PRESIDENT,3336C0003X,tier_1_primary_pharmacy,Y,Y,
1033446406,AAPEX PHARMACY 1,3702 FM 1960 RD W STE S,,HOUSTON,TX,770683518,2815837700,INDIVIDUAL-OWNER,333600000X,tier_1_primary_pharmacy,Y,Y,
1326375734,PAY AND SAVE INC,2 S. MAIN ST.,,SAN ANGELO,TX,76903,3256586551,VP/CFO,3336C0003X,tier_1_primary_pharmacy,Y,Y,
1467789859,WALGREENS PHARMACY,9329 KATY FWY,,HOUSTON,TX,770241512,7134613607,PHARMACIST,333600000X,tier_1_primary_pharmacy,Y,N,WALGREENS
1235466467,CAMERON PHARMA L L C,864 CENTRAL BLVD STE 1200,,BROWNSVILLE,TX,785207501,9565427400,PRESIDENT,333600000X|3336C0003X,tier_1_primary_pharmacy,Y,Y,
1770810855,SENDERRA RX PARTNERS LLC,3712 E PLANO PKWY STE 200,,PLANO,TX,750741831,8887775547,LEGAL ASSISTANT,3336S0011X|333600000X|3336C0003X,tier_1_primary_pharmacy,Y,Y,
1245567213,LOPERS NEIGHBORHOOD PHARMACY INC,2155 WORTH ST,,HEMPHILL,TX,759487249,4097872345,"OWNER, PRESIDENT",3336C0003X,tier_1_primary_pharmacy,Y,Y,
1538496443,SSRX LLC,6330 WEST LOOP SOUTH,STE. 700 C,BELLAIRE,TX,774012928,8325531374,COO-OFFICER,333600000X|3336S0011X|3336C0003X,tier_1_primary_pharmacy,Y,Y,
1144557976,BRUSHMAN'S PHARMACY,6420 HILLCROFT ST,SUITE 115,HOUSTON,TX,770813190,7139814488,DIR. OF OPERATIONS,333600000X,tier_1_primary_pharmacy,Y,Y,
1619204328,WALGREEN'S,8050 N MESA ST,,EL PASO,TX,799321645,9155850491,STAFF PHARMACIST,3336C0003X,tier_1_primary_pharmacy,Y,N,WALGREEN
1952639445,HEALTHSCRIPTS OF AMERICA-LUBBOCK LLC,5004 FRANKFORD AVE,STE 119,LUBBOCK,TX,794241131,8065896233,CEO,3336C0004X|333600000X|3336C0003X,tier_1_primary_pharmacy,Y,Y,
1801124151,BROOKSHIRE BROTHERS INC,2325 N MAIN ST,,LIBERTY,TX,775753901,9363364177,CHIEF OPERATIONS OFFICER,3336C0003X,tier_1_primary_pharmacy,Y,Y,
1346578614,LIFELINE PHARMACY,8514 C E KING PKWY STE A,,HOUSTON,TX,770442344,2817412892,OWNER/PRESIDENT,3336C0003X,tier_1_primary_pharmacy,Y,Y,
1952630790,PADAGRACE LLC,5800 BELLAIRE BLVD BLDG 1,,HOUSTON,TX,770815537,7138388899,OWNER/PIC,3336C0003X,tier_1_primary_pharmacy,Y,Y,
1710216528,"H-E-B, LP",1095 W BUSINESS 77,,SAN BENITO,TX,78586,9563995233,GOVERNMENT PROGRAMS MANAGER,3336C0003X,tier_1_primary_pharmacy,Y,N,H-E-B
1598094096,SELECT PHARMACY,3711 HIGHWAY 6 S,SUITE 150,HOUSTON,TX,770824313,2815898078,OWNER,333600000X,tier_1_primary_pharmacy,Y,Y,
1578892907,NUESTRA CLINICA DEL VALLE INC,600 N GARZA ST STE A,,RIO GRANDE CITY,TX,78582,9564870846,CHIEF EXECUTIVE OFFICER,333600000X|3336C0002X|3336C0003X,tier_1_primary_pharmacy,Y,Y,
1356670715,MY HEALTHY ACCESS PROVIDERS BISSONNET DISCOUNT PHARMACY,10101 BISSONNET ST,STE. A,HOUSTON,TX,770367855,8324832924,DIRECTOR,3336C0003X,tier_1_primary_pharmacy,Y,Y,
1386973568,MILLENNIUM PHYSICIANS ASSOCIATION PLLC,9319 PINECROFT DR STE 110,,THE WOODLANDS,TX,773803485,2812981129,PIC,333600000X|3336C0003X|3336S0011X,tier_1_primary_pharmacy,Y,Y,
1215266549,"PANCHO INDEPENDENT PHARMACY, INC.",2985 S HWY 360,SUITE 145,GRAND PRAIRIE,TX,750526414,9726608884,PHARMACIST,3336C0003X,tier_1_primary_pharmacy,Y,Y,
1619206737,FREER PHARMACY LLC,717 E. RILEY ST.,SUITE C,FREER,TX,783571520,3613947733,OWNER/PIC,3336C0003X|333600000X,tier_1_primary_pharmacy,Y,Y,
1245569201,HEART OF TEXAS COMMUNITY HEALTH CENTER INC,1800 GURLEY LN STE 101,,WACO,TX,767064025,2543136030,CHIEF OPERATING OFFICER,3336C0003X,tier_1_primary_pharmacy,Y,Y,
1770813644,PHARMACY CORPORATION OF AMERICA,2202 SUGAR SWEET,STE E,WESLACO,TX,785993759,9569684300,SECRETARY,3336H0001X|3336S0011X|3336L0003X,tier_1_primary_pharmacy,Y,Y,
1447580329,PHAM FAMILY PHARMACY INC,11722 MARSH LN STE 343,,DALLAS,TX,752292682,2103661212,OFFICER,333600000X|3336C0003X,tier_1_primary_pharmacy,Y,Y,
1508196221,TEXAS PRESCRIPTION PROVIDERS LLC,911 W ANDERSON LN,STE 117,AUSTIN,TX,787571501,5126003170,PRESIDENT,3336I0012X|3336C0003X,tier_1_primary_pharmacy,Y,Y,
1053641639,"CRIMSON CARE PHARMACY GROUP II, LLC",1505 S BROADWAY ST,,SULPHUR SPRINGS,TX,754824921,9038852639,"CPHT, OFFICE MANAGER",3336C0003X,tier_1_primary_pharmacy,Y,Y,
1174853535,PROVEN CARE PHARMACY LLC,10950 BISSONNET ST STE 220,,HOUSTON,TX,770991715,2819839333,CORP-PRESIDENT,333600000X|3336C0003X,tier_1_primary_pharmacy,Y,Y,
1477884435,CHILDRESS COUNTY HOSPITAL DISTRICT,901 HWY 83 NORTH,,CHILDRESS,TX,79201,9409379229,DIRECTOR OF PHARMACY,3336I0012X,tier_1_primary_pharmacy,Y,Y,
1396076253,SLS HEALTH INC,1301 FM 407 JUSTIN RD STE 212,,LEWISVILLE,TX,750772184,9723175599,PIC,333600000X|3336C0004X|3336C0003X,tier_1_primary_pharmacy,Y,Y,
1760713242,TRUECARE ALLIED PHARMACY AND MEDICAL SUPPLIES INC,3003 S LOOP W STE 450,,HOUSTON,TX,770541315,2816528080,MANAGER,3336C0003X|333600000X,tier_1_primary_pharmacy,Y,Y,
1740511146,MEDEX PLUS INC,6006 BELLAIRE BLVD STE 111,,HOUSTON,TX,770815439,7136648800,CORP. PRESIDENT,3336C0003X|333600000X,tier_1_primary_pharmacy,Y,Y,
1831420231,VALIANT CORPORATION,4660 SWEETWATER BLVD STE 180,,SUGAR LAND,TX,774793164,8325320135,PHARMACIST/MANAGER,3336C0003X,tier_1_primary_pharmacy,Y,Y,
1790016988,JAMES PHARMACY INC,12950 S POST OAK RD,,HOUSTON,TX,770452018,7137213800,OWNER/PHARMACIST IN CHARGE,333600000X|3336C0003X,tier_1_primary_pharmacy,Y,Y,
1962734061,BISSONNET DISCOUNT PHARMACY,10101 BISSONNET ST STE A,,HOUSTON,TX,770367835,8325199756,MANAGING DIRECTOR,3336L0003X|3336S0011X|3336C0003X,tier_1_primary_pharmacy,Y,Y,
1487986501,PINELOCH INFUSION CENTER INC,1051 PINELOCH DR,SUITE 700,HOUSTON,TX,770622742,7135695440,CEO,3336H0001X,tier_1_primary_pharmacy,Y,Y,
1871825976,MEGS DISCOUNT PHARMACY,603 SUNSET ST,,DENTON,TX,762012665,9403827520,OWNER/ PHARMACY MANAGER,333600000X,tier_1_primary_pharmacy,Y,Y,
1194057299,SELF CHOICE MEDICAL SUPPLIES & EQUIPMENT,6055 BISSONNET ST STE C,,HOUSTON,TX,770816965,7136641555,PRESIDENT,3336C0003X,tier_1_primary_pharmacy,Y,Y,
1790017697,ONCOLOGY CENTER OF SOUTHWEST P A,4712 DEXTER DR STE 200,,PLANO,TX,750935290,9727582664,PRESIDENT,3336C0002X|3336C0004X|3336S0011X|3336C0003X,tier_1_primary_pharmacy,Y,Y,
1801118922,LETDIN PHARMACY,1512 E GRIFFIN PARKWAY,STE 1,MISSION,TX,785722422,9565819566,PHARMACIST IN CHARGE,3336C0003X,tier_1_primary_pharmacy,Y,Y,
1043532054,"H/W PHARMACY, INC",415 W LITTLE YORK RD STE H,,HOUSTON,TX,770761350,7134922179,OPERATIONS MANAGER,3336C0003X,tier_1_primary_pharmacy,Y,Y,
1548582489,AAPEX RETAIL INDUSTRIES,3845 CYPRESS CREEK PKWY STE 320,,HOUSTON,TX,770683519,2813970034,PHARMACY OWNER,333600000X|3336C0003X,tier_1_primary_pharmacy,Y,Y,
1275855025,RGV DOCTORS PHARMACY,108 E FM 495,,SAN JUAN,TX,785893710,9567871452,PHARMACIST,3336C0003X|333600000X,tier_1_primary_pharmacy,Y,Y,
1104148691,GR CURE,1658 W BAKER RD,SUITE# C,BAYTOWN,TX,775212283,2814280009,MANAGER,3336C0003X,tier_1_primary_pharmacy,Y,Y,
1851613210,CLARK PHARMACY LLC,701 N MAIN ST,SUITE A,DONNA,TX,785372765,9564612400,MANAGING OFFICER,3336L0003X|3336C0003X,tier_1_primary_pharmacy,Y,Y,
1427370766,PRIDE PHARMACY - CARLISLE LLC,4003 LEMMON AVE,,DALLAS,TX,752193737,2149547389,PRESIDENT,3336C0003X,tier_1_primary_pharmacy,Y,Y,
1013239417,LAKESIDE PHARMACY LLC,16955 WALDEN RD STE 100,,MONTGOMERY,TX,773563227,9364486337,PRESIDENT/PHARM-IN-CHARGE,3336C0004X|333600000X|3336C0003X,tier_1_primary_pharmacy,Y,Y,
1902129182,PEDRO MANUEL YZAGUIRRE JR,5235 SOUTHMOST RD,SUITE C,BROWNSVILLE,TX,785218052,9565049555,OWNER/STAFF PHARMACIST,3336C0004X|3336C0003X,tier_2_secondary_pharmacy,N,Y,
1013230234,OVERTON PHARMACY LLC,104 W HENDERSON ST,,OVERTON,TX,756841613,9038340154,OWNER,3336C0003X,tier_1_primary_pharmacy,Y,Y,
1831412972,QUEEN PHARMACY,1001 S 10TH ST,SUITE H,MCALLEN,TX,785015049,9566618881,PHARMACIST,3336C0003X,tier_1_primary_pharmacy,Y,Y,
1093038945,GENESIS RX LLC,1485 FM 1960 BYPASS RD E STE 370,,HUMBLE,TX,773383964,8884744832,PRESIDENT,333600000X|3336C0003X,tier_1_primary_pharmacy,Y,Y,
1386967107,KASHMA ENTERPRISES INC,6050 LAKE WORTH BLVD,,LAKE WORTH,TX,761353706,8172387773,PRESIDENT,333600000X|3336C0003X,tier_1_primary_pharmacy,Y,Y,
1134442908,T & T VENTURES,8305 N LA HOMA RD,SUITE A,MISSION,TX,785745455,9565835552,PHARMACIST-IN-CHARGE,3336C0003X,tier_1_primary_pharmacy,Y,Y,
1508189374,WEST-HUDSON LLC,101 JANE LN,,HILLSBORO,TX,766452673,2545825363,PRESIDENT/OWNER,3336L0003X|333600000X|3336C0004X|3336C0003X,tier_1_primary_pharmacy,Y,Y,
1437472024,CKW SQUARED LLC,14585 MAIN ST,,HOUSTON,TX,770356560,7137214040,OWNER,3336C0003X,tier_1_primary_pharmacy,Y,Y,
1902129547,HAYES PHARMACY INC,5420 PALOMA BLANCA DR,,FORT WORTH,TX,761797500,8172375016,PRESIDENT,333600000X,tier_1_primary_pharmacy,Y,Y,
1649594094,HARRIS COUNTY HOSPITAL DISTRICT,3550 SWINGLE RD,PHARMACY,HOUSTON,TX,770473763,7138424316,"EVP, CFO",333600000X|3336C0002X,tier_1_primary_pharmacy,Y,Y,
1508180951,ORTIZ PHARMACY INC,2515 CASTROVILLE RD,SUITE 107,SAN ANTONIO,TX,782373359,2104322361,DOCTOR OF PHARMACY/PHARMACIST,3336C0003X,tier_1_primary_pharmacy,Y,Y,
1245554583,LONE STAR CIRCLE OF CARE,3950 NORTH AW GRIMES,SUITE N105,ROUND ROCK,TX,78665,5125249260,CEO,333600000X|3336C0003X,tier_1_primary_pharmacy,Y,Y,
1154645497,RNA HOLDINGS LLC,14800 LANDMARK BLVD STE 250,,DALLAS,TX,752547085,2142374510,PIC,333600000X|3336C0003X|3336L0003X|3336I0012X,tier_1_primary_pharmacy,Y,Y,
1285958389,CHLOLINDAK CORPORATION,11524 SPACE CENTER BLVD STE 101,,HOUSTON,TX,770593603,2814879090,OWNER,3336C0003X,tier_1_primary_pharmacy,Y,Y,
1518281534,FRIENDLY PHARMACY,3533 S DAIRY ASHFORD RD,,HOUSTON,TX,770825535,8323512000,OWNER,3336L0003X|3336C0003X,tier_1_primary_pharmacy,Y,Y,
1659695328,STARR DME & PHARMACY INC,214 CHAPARRAL BLVD,SUITE C,RIO GRANDE CITY,TX,785824613,9564882742,PHARMACIST IN CHARGE,3336C0003X,tier_1_primary_pharmacy,Y,Y,
1043534795,"PANCHO INDEPENDENT PHARMACY, INC",900 W ROSEDALE ST,STE B,FORT WORTH,TX,761044537,8178701900,MANAGER/PHARMACIST,3336C0003X,tier_1_primary_pharmacy,Y,Y,
1548584196,RX PERTS,150 W PARKER RD,SUITE 107,HOUSTON,TX,770762951,2818885541,PRESIDENT,3336C0003X,tier_1_primary_pharmacy,Y,Y,
1891019535,D & A COMPANY LLC,24922 TOMBALL PARKWAY,SUITE 120,TOMBALL,TX,773757872,8326981532,PIC,333600000X|3336C0004X|3336C0003X,tier_1_primary_pharmacy,Y,Y,
1144544685,KINDLE MAYBERRY INVESTMENT GROUP INC,1317 HWY 175 STE 800,,CRANDALL,TX,75114,9724276442,PHARMACIST,333600000X|3336C0003X,tier_1_primary_pharmacy,Y,Y,
1275857708,ALLCARE PHARMACY LLC,7120 FM 1464 RD,STE D,RICHMOND,TX,774076400,8329398784,PRESIDENT,333600000X,tier_1_primary_pharmacy,Y,Y,
1144545666,CODYKE INTERNATIONAL CORPORATION,2223 SINGLETON BLVD,,DALLAS,TX,752123783,9722900862,PRESIDENT,333600000X,tier_1_primary_pharmacy,Y,Y,
1487979597,CANAL HEALTHCARE SOLUTIONS LLC,7648 CANAL ST,,HOUSTON,TX,770121144,7139246067,PHARMACIST,333600000X|3336C0003X,tier_1_primary_pharmacy,Y,Y,
1336464130,MEDALWAYS PHARMACY INC,3939 HILLCROFT ST,STE 120,HOUSTON,TX,770577721,7134658100,PRESIDENT,333600000X|3336C0003X,tier_1_primary_pharmacy,Y,Y,
1922324599,TRANSMARKETS INC,9630 CLAREWOOD DR STE A5,,HOUSTON,TX,770363535,7139882999,STAFF,333600000X|3336C0003X,tier_1_primary_pharmacy,Y,Y,
1982920419,FIVE STAR PHARMACY SERVICES LLC,14800 LANDMARK BLVD,SUITE 250,DALLAS,TX,752547565,2142374510,PIC,3336L0003X,tier_1_primary_pharmacy,Y,Y,
1407172901,LIVE OAK PHARMACY LLC,1611 W 5TH ST STE 160,,AUSTIN,TX,787034874,5124768979,"OWNER, PIC",3336C0003X,tier_1_primary_pharmacy,Y,Y,
1447576822,CHASE PHARMACEUTICAL SERVICES INCORPORATED,1100 E JASMINE AVE,SUITE 106,MCALLEN,TX,785014393,9569281280,PRESIDENT/ CEO,333600000X|3336C0003X,tier_1_primary_pharmacy,Y,Y,
1720304082,"FITTE ENTERPRISES, INC.",813 W MAGNOLIA AVE,,FORT WORTH,TX,761044612,8173860674,PHARMACIST-IN-CHARGE,3336C0003X,tier_1_primary_pharmacy,Y,Y,
1053637983,BEECHNUT RX,9510 BEECHNUT STREET,STE. G,HOUSTON,TX,77036,8326685410,MANAGING DIRECTOR,3336C0003X,tier_1_primary_pharmacy,Y,Y,
1255657920,MANVEL PHARMACY,20226 HIGHWAY 6 STE C,,MANVEL,TX,775783850,2814893210,MANAGER,333600000X|3336C0003X,tier_1_primary_pharmacy,Y,Y,
1073830659,"H-E-B, LP",14414 US HIGHWAY 87 WEST,,LAVERNIA,TX,78121,8307793109,GOVERNMENT PROGRAMS MANAGER,3336C0003X,tier_1_primary_pharmacy,Y,N,H-E-B
1073830386,PERRONERX LLC,3923 HIGHWAY 377,,FORT WORTH,TX,761167802,8177315899,MANAGING MEMBER/CEO,333600000X|3336C0003X|3336C0004X|3336L0003X,tier_1_primary_pharmacy,Y,Y,
1205153475,"ONCOLOGY PHARMACY SERVICES, INC.",530 CLARA BARTON BLVD,SUITE 250,GARLAND,TX,750425703,2147784118,TREASURER,333600000X|3336C0003X,tier_1_primary_pharmacy,Y,Y,
1316264310,"TIN RX 806, INC.",3005 E. RENNER RD.,SUITE C,RICHARDSON,TX,750823570,2143245100,CEO,333600000X|3336C0003X,tier_1_primary_pharmacy,Y,Y,
1174840037,SHARYLAND PHARMACY LLC,3600 N 23RD ST STE 102,,MCALLEN,TX,785016081,9566823335,MANAGING OFFICE,333600000X|3336C0003X,tier_1_primary_pharmacy,Y,Y,
1013234947,LIFE PHARMACY LLC,23541 WESTHEIMER PKWY STE 130,,KATY,TX,774943597,7136655050,MANAGER/OWNER,3336C0004X|3336C0003X,tier_1_primary_pharmacy,Y,Y,
1740507599,MD PHARMACUETICALS LLC,204 E MAIN ST,,ITALY,TX,766513517,9724837667,PRESIDENT,3336C0003X,tier_1_primary_pharmacy,Y,Y,
1881912509,PONDEROSA PHARMACY,1701 FM 1960 RD W STE M,,HOUSTON,TX,770903213,2813977001,OWNER,3336C0003X,tier_1_primary_pharmacy,Y,Y,
1962720656,REDI-MED PHARMACY LLC,1520 HOLLAND ST,,JACINTO CITY,TX,770292848,2814281212,OWNER,333600000X|3336C0003X,tier_1_primary_pharmacy,Y,Y,
1518285212,CHALLENGE CARE PHARMACY,6105 BEVERLYHILL ST STE 200,,HOUSTON,TX,770576716,8324879746,AUTHORIZED OFFICIAL,3336H0001X|3336C0003X,tier_1_primary_pharmacy,Y,Y,
1366760811,CYFAIR PHARMACY,16506 FM 529 RD # 108,,HOUSTON,TX,770951462,2815500123,PRESIDENT,3336C0003X,tier_1_primary_pharmacy,Y,Y,
1861710360,ELEVENTH LETTER MANAGEMENT INC.,2905 MANGUM RD.,SUITE E,HOUSTON,TX,77092,7135411393,PHARMACIST IN CHARGE,333600000X|3336C0003X,tier_1_primary_pharmacy,Y,Y,
1700104684,"PHARMACARE TEXAS, INC.",9101 LAKEVIEW PKWY,SUITE 500,ROWLETT,TX,750884569,4692250748,SEC.,333600000X,tier_1_primary_pharmacy,Y,Y,
1437478252,HUYNH HEALTH & BEAUTY LLC,217 E FM 544,SUITE 505,MURPHY,TX,750944044,9724228020,MANAGING MEMBER,3336C0003X,tier_1_primary_pharmacy,Y,Y,
1700105509,UNIQUE ACS GROUP LLC,4106 FANNIN ST,,HOUSTON,TX,770044808,7137726060,REGISTER NURSE,3336C0003X,tier_1_primary_pharmacy,Y,Y,
1881913457,STAR PHARMACY INC,"1139 W BRAKER LANE, STE 102",,AUSTIN,TX,78758,5122063150,OWNER,3336C0003X,tier_1_primary_pharmacy,Y,Y,
1710206099,ENNIS STREET PHARMACY INC,4702 ENNIS ST,,HOUSTON,TX,770046132,7135247600,PRESIDENT,333600000X|3336C0003X,tier_1_primary_pharmacy,Y,Y,
1679892905,"SAENZ MEDICAL PHARMACY LINDBERG, INC.",212 LINDBERG AVE,,MCALLEN,TX,785012920,9566306465,OWNER,333600000X,tier_1_primary_pharmacy,Y,Y,
1265751481,ELOHIM PHARMACEUTICALS LLC,8484 FREDERICKSBURG RD,,SAN ANTONIO,TX,782293317,2109490228,P.I.C,333600000X,tier_1_primary_pharmacy,Y,Y,
1972822914,MEDICAL EDGE HEALTHCARE GROUP P A,906 W RANDOL MILL RD,,ARLINGTON,TX,760122510,8175434685,PRESIDENT,3336C0003X,tier_1_primary_pharmacy,Y,Y,
1851610802,TRILOGY PHARMACY,2603 OAK LAWN AVE,,DALLAS,TX,752194021,4692487445,PRINCIPAL,3336C0003X,tier_1_primary_pharmacy,Y,Y,
1740500727,CENTRO PEDIATRIC PHARMACY LLC,7200 GLENVIEW DR STE 1,,RICHLAND HILLS,TX,761807612,8173698988,PIC,3336C0004X|3336C0003X,tier_1_primary_pharmacy,Y,Y,
1912227786,"H-E-B, LP",598 E HWY 290,,DRIPPING SPRINGS,TX,78620,5128580314,GOVERNMENT PROGRAMS MANAGER,3336C0003X,tier_1_primary_pharmacy,Y,N,H-E-B
1437479276,"H-E-B, LP",1655 HIGHWAY 46 WEST,,NEW BRAUNFELS,TX,78132,8306263348,GOVERNMENT PROGRAMS MANAGER,3336C0003X,tier_1_primary_pharmacy,Y,N,H-E-B
1427378264,"H-E-B, LP",25675 NELSON WAY,,KATY,TX,77494,2815741808,GOVERNMENT PROGRAMS MANAGER,3336C0003X,tier_1_primary_pharmacy,Y,N,H-E-B
1417277260,"H-E-B, LP",165 N.W. JOHN JONES DR.,,BURLESON,TX,76028,8174473213,GOVERNMENT PROGRAMS MANAGER,3336C0003X,tier_1_primary_pharmacy,Y,N,H-E-B
1457671042,UNIV OF TEXAS MD ANDERSON CANCER CENTER,1515 HOLCOMBE BLVD,UNIT 90,HOUSTON,TX,770304000,7137926125,VP PHARMACY,3336C0002X,tier_1_primary_pharmacy,Y,Y,
1679893119,NEXUS MED INC,3828 HUGHES CT STE 101,,DICKINSON,TX,775396235,7136918585,PHARMACIST-IN-CHARGE,3336C0003X,tier_1_primary_pharmacy,Y,Y,
1013237429,IBRAHIM SYLLA,"11811 FALLBROOKS DR, STE B1",,HOUSTON,TX,77065,8324785771,PHARMACIST/OWNER,333600000X|3336C0003X,tier_1_primary_pharmacy,Y,Y,
1871813238,D & G PHARMACY,6121 HILLCROFT ST STE J,,HOUSTON,TX,770811007,8329684211,PHARMACY MANAGER (PIC),3336C0003X,tier_1_primary_pharmacy,Y,Y,
1669793436,"FIRST CHOICE PHARMACY, INC",7909 HILLCROFT ST,SUITE B,HOUSTON,TX,770817202,7137797603,OWNER/PHARMACIST,3336C0003X,tier_1_primary_pharmacy,Y,Y,
1053632745,MEDRICK MORRIS,10701 W BELLFORT ST STE B,,HOUSTON,TX,770994748,2819880880,OWNER,333600000X|3336C0003X,tier_1_primary_pharmacy,Y,Y,
1518288836,O NA K PHARMACY INC,702 W SAM HOUSTON PKWY S STE 200,,HOUSTON,TX,770421587,8329684044,MANAGING OFFICER,333600000X|3336C0003X,tier_1_primary_pharmacy,Y,Y,
1013228162,PRUDENTIAL PHARMACY,777 E WHEATLAND RD,#100,DUNCANVILLE,TX,751164918,9727094500,PHARMACIST,333600000X,tier_1_primary_pharmacy,Y,Y,
1750692760,"BAYLOR SCOTT & WHITE HEALTH ENTERPRISES, INC.",101-A LAFFERTY AVE,,CAMERON,TX,765203685,2546051150,PRESIDENT,3336C0003X,tier_1_primary_pharmacy,Y,Y,
1396056313,A & C DISCOUNT PHARMACY LLC,2600 N STEMMONS FWY,STE 164,DALLAS,TX,752072113,4693318290,CCO,3336C0003X,tier_1_primary_pharmacy,Y,Y,
1184935066,TRACE PHARMACY LLC,8104 SOUTHWEST FWY STE B,,HOUSTON,TX,770741704,7139816600,OWNER,333600000X|3336C0003X,tier_1_primary_pharmacy,Y,Y,
1164733903,NEXUS MED INC,6500 NORTH FWY,SUITE 119,HOUSTON,TX,770762953,7136918585,PHARMACIST-IN-CHARGE,3336C0003X,tier_1_primary_pharmacy,Y,Y,
1699086447,DOMINYEMED CORPORATION,202 E AVE E,,ALPINE,TX,79830,4328372252,PRESIDENT/DIRECTOR,333600000X|3336C0003X,tier_1_primary_pharmacy,Y,Y,
1346551801,"BZ PHARMACY, INC",106 S. GOLIAD ST,,ROCKWALL,TX,75087,9727223784,OWNER,3336C0003X,tier_1_primary_pharmacy,Y,Y,
1588975171,JOLANTO CORPORATION,10101 SOUTHWEST FREEWAY,STE 315,HOUSTON,TX,770741624,8323588500,OWNER/PRESIDENT,3336C0003X,tier_1_primary_pharmacy,Y,Y,
1437460961,"BAYLOR SCOTT & WHITE HEALTH ENTERPRISES, INC.",1296 ARRINGTON RD STE 200,,COLLEGE STATION,TX,778458685,9793616301,PRESIDENT,3336C0003X,tier_1_primary_pharmacy,Y,Y,
1295046696,THOUSAND OAKS HEALTHCARE LLC,2130 THOUSAND OAKS DR # 110,,SAN ANTONIO,TX,782322538,2104902733,PRESIDENT,333600000X|3336H0001X|3336C0003X,tier_1_primary_pharmacy,Y,Y,
1487965885,PARAMOUNT PHARMACY LLC,1304 S LOOP W,,HOUSTON,TX,770544010,7137955888,OWNER/DIRECTOR,333600000X|3336C0003X,tier_1_primary_pharmacy,Y,Y,
1356652713,WEST HOUSTON SPECIALTY PHARMACY,12579 RICHMOND AVE,SUITE 300A,HOUSTON,TX,770822552,2815569477,PHARMACIST IN CHARGE,3336C0004X,tier_1_primary_pharmacy,Y,Y,
1457662876,AJIJO INC,560 W MAIN ST,STE 105,LEWISVILLE,TX,750573629,9729060800,DIRECTOR OF PHARMACY SERVICES,3336C0004X|3336C0003X,tier_1_primary_pharmacy,Y,Y,
1740591106,GUIDED PATH LLP,1365 E RUBEN TORRES BLVD,,BROWNSVILLE,TX,785210964,9565425100,OWNER/RPH,333600000X|3336C0003X,tier_1_primary_pharmacy,Y,Y,
1801107123,MIRA VISTA PHARMACY PLLC,7033 BRYANT IRVIN RD,,FORT WORTH,TX,761324243,8172923800,DIRECTOR OF PHARMACY,333600000X|3336C0004X|3336S0011X|3336C0003X,tier_1_primary_pharmacy,Y,Y,
1780995084,PRESTIGE PHARMACY INC,6550 MAPLERIDGE ST,SUITE 116,HOUSTON,TX,770814600,8327786552,PHARM/OWNER,333600000X|3336C0003X,tier_1_primary_pharmacy,Y,Y,
1538471776,MARK A TACKETT,138 COLLEGE PARK DR STE 130,,WEATHERFORD,TX,760866372,8173417046,PIC,3336C0004X|333600000X|3336C0003X,tier_1_primary_pharmacy,Y,Y,
1497067516,"BAYLOR SCOTT & WHITE HEALTH ENTERPRISES, INC.",425 UNIVERSITY BLVD,STE 165,ROUND ROCK,TX,786651053,5125093600,PRESIDENT,3336C0003X,tier_1_primary_pharmacy,Y,Y,
1033421839,MEDIC RX INC.,12121 WESTHEIMER RD.,209,HOUSTON,TX,77077,2815315965,PIC/PRESIDENT,3336L0003X|3336C0003X,tier_1_primary_pharmacy,Y,Y,
1659683480,"MFSB, INC.",2102 N MAIN ST,SUITE B,HOUSTON,TX,770098024,7136770501,OWNER,3336C0003X,tier_1_primary_pharmacy,Y,Y,
1336451822,PINECROFT PHARMACY LLC,150 PINE FOREST DR STE 203,,SHENANDOAH,TX,773845303,2814663650,PHARMACIST IN CHARGE,3336C0004X|3336L0003X|3336C0003X,tier_1_primary_pharmacy,Y,Y,
1710299235,CYPRESSWOOD PHARMACY,16116 STUEBNER AIRLINE RD,SUITE 3,SPRING,TX,773797327,2812510600,OWNER,3336C0003X,tier_1_primary_pharmacy,Y,Y,
1457664781,SIMMANS ENTERPRISES INC,16842 HIGHWAY 3,,WEBSTER,TX,775982112,8329325747,PRESIDENT,333600000X|3336C0003X,tier_1_primary_pharmacy,Y,Y,
1184937427,ALLSTAR PHARMACY LLC,11410 E. I-10 FREEWAY SUITE 164,,HOUSTON,TX,77029,7135900448,OWNER,333600000X|3336C0003X|3336S0011X|3336C0004X,tier_1_primary_pharmacy,Y,Y,
1619280815,SALUD PHARMACY #1 LLC,303 E CAMP WISDOM RD,,DUNCANVILLE,TX,751162705,9722830730,PRESIDENT,3336C0003X,tier_1_primary_pharmacy,Y,Y,
1184937286,CROSSROADS PHARMACY,3220 GUS THOMASSON RD STE 237,,MESQUITE,TX,751504051,2143081963,PHARMACY MANAGER,333600000X|3336C0003X,tier_1_primary_pharmacy,Y,Y,
1275846099,RAINBOW PHARMACISTS SERVICES LLC,11330 LEGACY DR STE 102,,FRISCO,TX,75033,9729071833,PHARMACY MANAGER,333600000X|3336C0003X,tier_1_primary_pharmacy,Y,Y,
1710290481,REMCO PHARMACY INC,5001 S COOPER ST STE 206,,ARLINGTON,TX,760175993,8174604400,PHARMACIST-IN-CHARGE,333600000X|3336C0003X,tier_1_primary_pharmacy,Y,Y,
1174836886,"H-E-B, LP",12680 W LAKE HOUSTON PKWY,,HOUSTON,TX,77044,2814361969,GOVERNMENT PROGRAMS MANAGER,3336C0003X,tier_1_primary_pharmacy,Y,N,H-E-B
1245543909,SRB PHARMACY,12707 TRINITY ST,SUITE 177,STAFFORD,TX,774774212,2812403308,PHARMACIST-IN-CHARGE,3336C0003X,tier_1_primary_pharmacy,Y,Y,
1831402577,"H-E-B, LP",949 WILLIAM D FITCH PKWY,,COLLEGE STATION,TX,77845,9796904690,GOVERNMENT PROGRAMS MANAGER,3336C0003X,tier_1_primary_pharmacy,Y,N,H-E-B
1215240726,BVM PHARMACY INC,9325 KEMPWOOD DR STE B,,HOUSTON,TX,770802813,7134605100,P.I.C.,3336C0003X,tier_1_primary_pharmacy,Y,Y,
1962715409,"ALPHA PHARMACY, LLC",11002 SCARSDALE BLVD STE C,,HOUSTON,TX,770895973,2814813366,PHARMACIST IN CHARGE,333600000X|3336C0004X|3336H0001X|3336L0003X|3336M0003X|3336C0003X,tier_1_primary_pharmacy,Y,Y,
1932413366,PROVIDERX OF WACO LLC,1404 S NEW RD STE 200,,WACO,TX,767111335,2545234596,VP OF OPERATIONS,333600000X|3336L0003X,tier_1_primary_pharmacy,Y,Y,
1649584905,A & E PHARMACY LLC,411 W PARKER RD,,HOUSTON,TX,770913202,7136099163,PHARMACIST-IN-CHARGE,3336C0003X,tier_1_primary_pharmacy,Y,Y,
1407160609,YOUNG PHARMACY INC.,9865 LONG POINT RD,,HOUSTON,TX,770554107,2818808300,OWNER,3336C0003X,tier_1_primary_pharmacy,Y,Y,
1790099653,PILLERS SUPER DRUG INC,102 E DALLAS AVE,,COOPER,TX,754322043,9033952161,OWNER,333600000X|3336C0003X,tier_1_primary_pharmacy,Y,Y,
1538474184,CMSB HOLDINGS INC,16300 KUYKENDAHL RD STE 370,,HOUSTON,TX,770682751,2815804500,CEO,333600000X|3336C0003X|3336L0003X,tier_1_primary_pharmacy,Y,Y,
1922313303,AWESOME CARE PHARMACY INC,9908 S GESSNER RD,,HOUSTON,TX,770711008,2815011008,PIC/MANAGER,3336C0003X,tier_1_primary_pharmacy,Y,Y,
1164737656,WINSOME INVESTMENTS LLC,505 MAXEY RD,SUITE G,HOUSTON,TX,770135072,8327671256,PRESIDENT /CEO,3336C0003X,tier_1_primary_pharmacy,Y,Y,
1851606107,RIO GEETA LLC,2002 W UNIVERSITY DR STE 4,,EDINBURG,TX,785392930,9562898300,PRESIDENT / R.PH,3336C0003X,tier_1_primary_pharmacy,Y,Y,
1851606040,BAYLOR COUNTY HOSPITAL DISTRICT,201 STADIUM DR STE 1,,SEYMOUR,TX,763802343,9408882222,CEO,333600000X|3336C0003X,tier_1_primary_pharmacy,Y,Y,
1154636322,FAIRWAY PHARMACY LLC,4912 TELEPHONE RD,,HOUSTON,TX,770873504,7134540211,PHARMACIST,333600000X|3336C0003X,tier_1_primary_pharmacy,Y,Y,
1396050472,FAMILY RX LLC,9511 HUFFMEISTER RD.,SUITE 103,HOUSTON,TX,770952892,2818554343,MANAGING MEMBER,3336C0003X,tier_1_primary_pharmacy,Y,Y,
1356656383,HEB,9100 WOODWAY DR,,WACO,TX,767123371,2547510912,STAFF PHARMACIST,333600000X,tier_1_primary_pharmacy,Y,N,HEB
1629383419,JAY - KISHUN ENTERPRISE INC,1305 AIRPORT FWY STE 110,,BEDFORD,TX,760216603,8173547771,PRESIDENT,333600000X|3336C0004X|3336C0003X,tier_1_primary_pharmacy,Y,Y,
1578878294,L & B DRUG INC,3402 S 14TH ST,,ABILENE,TX,796054904,3256953784,PRESIDENT,333600000X|3336C0003X,tier_1_primary_pharmacy,Y,Y,
1225343999,COR PHARMA LLC,5710 LBJ FWY,STE 481,DALLAS,TX,752406324,2148888090,OWNER,3336C0003X,tier_1_primary_pharmacy,Y,Y,
1740596477,FALCON PHARMACY OF TEXAS INC,8145 HIGHWAY 6 S STE 114A,,HOUSTON,TX,770835763,2817769600,PHARMACIST IN CHARGE,3336C0003X,tier_1_primary_pharmacy,Y,Y,
1356657035,BESTAID PHARMACY AND MEDICAL SUPPLY INC,1600 N BLUEGROVE RD APT 10106,,LANCASTER,TX,751344103,4692482886,PIC/ONWER,3336C0004X|3336C0003X,tier_1_primary_pharmacy,Y,Y,
1093021560,PEACHTREE INC,9896 BISSONNET ST STE 126,,HOUSTON,TX,770368152,8322035700,OWNER,3336C0003X,tier_1_primary_pharmacy,Y,Y,
1679889992,BANP ENTERPRISES LLC,563 W FM 120,,POTTSBORO,TX,750769039,9037862006,OWNER,333600000X|3336C0003X,tier_1_primary_pharmacy,Y,Y,
1730495961,"ACP OF THE WOODLANDS, LLC",26202 OAK RIDGE DR.,STE. A-102,SPRING,TX,773804301,8328138199,PHARMACIST IN CHARGE,3336C0003X|3336C0004X|333600000X,tier_1_primary_pharmacy,Y,Y,
1174839351,KOLLAM INC,2920 MOTLEY DR,STE 300,MESQUITE,TX,751503471,8552266567,OWNER,3336C0004X|333600000X|3336C0003X,tier_1_primary_pharmacy,Y,Y,
1669788550,MEDI-SCRIPT PHARMACY INC,8121 BROADWAY ST STE 105,,HOUSTON,TX,770611341,7139103774,OFFICER,333600000X|3336C0002X|3336L0003X|3336C0003X,tier_1_primary_pharmacy,Y,Y,
1144537903,BALLEM PHARMACY,2990 RICHMOND AVE,STE 110,HOUSTON,TX,770983104,7135206900,PHARMACIST IN CHARGE,333600000X|3336C0003X,tier_1_primary_pharmacy,Y,Y,
1205143930,EXPERIENCECARE PHARMACY LLC,3730 KIRBY DR STE 210,,HOUSTON,TX,77098,7135243330,OWNER/PHARMACIST,333600000X|3336C0003X,tier_1_primary_pharmacy,Y,Y,
1386951150,1ST STREET APOTHECARY,2006 S 1ST ST STE B,,TEMPLE,TX,765047450,2545983541,PHARMACIST,3336C0004X,tier_1_primary_pharmacy,Y,Y,
1073820486,JAMPEM ENTERPRISE LTD,1211 STATE HWY 6,STE 110,SUGARLAND,TX,774784941,2812770612,VICE PRESIDENT,3336C0003X,tier_1_primary_pharmacy,Y,Y,
1356658470,THE RITE PHARMACY INC,2225 WILLIAMS TRACE BLVD STE 109,STE 109,SUGAR LAND,TX,774784440,8325320806,PHARMACIST-IN-CHARGE,3336C0003X|333600000X,tier_1_primary_pharmacy,Y,Y,
1922315860,"STELLUS RX, LLC",8277 BELLEVIEW DR STE 250,,PLANO,TX,750240359,2142915087,CEO,333600000X|3336C0003X,tier_1_primary_pharmacy,Y,Y,
1760799795,PREMIER INFECTIOUS DISEASE ASSOC. P.A.,800 PEAKWOOD DR STE 3A,,HOUSTON,TX,770902913,2815878777,PRESIDENT,3336C0002X,tier_1_primary_pharmacy,Y,Y,
1336456250,GLOBAL RESOURCES INPUTS PHARMACEUTICALS LLC,7015 ALMEDA RD STE 8,,HOUSTON,TX,770542101,8322556617,MANAGER-PIC,3336C0003X,tier_1_primary_pharmacy,Y,Y,
1366759383,SHEHALA IT INC,410 MERCEDES ST,,BENBROOK,TX,761262519,8172499595,PRESIDENT,333600000X|3336C0003X,tier_1_primary_pharmacy,Y,Y,
1184931040,FREDSRX LLC,1201 CALLE MILAGROS,SUITE B,BROWNSVILLE,TX,78526,9565424003,OWNER / CORP. PRESIDENT,333600000X|3336C0004X|3336H0001X|3336C0003X,tier_1_primary_pharmacy,Y,Y,
1629385588,ONE STOP PHARMA LLC,5850 RUBEN TORRES SR BLVD STE C5,,BROWNSVILLE,TX,785265206,9566212090,PRESIDENT/OWNER,333600000X|3336C0003X,tier_1_primary_pharmacy,Y,Y,
1851609622,ADVANCED SCRIPT INC,740 E 20TH ST STE D,,HOUSTON,TX,770084477,8778869897,CEO,333600000X,tier_1_primary_pharmacy,Y,Y,
1609184159,SMB ASSETS LLC,24000 HIGHWAY 59 N,,KINGWOOD,TX,773391536,8324450500,OWNER,3336C0003X|3336C0004X,tier_1_primary_pharmacy,Y,Y,
1689982860,SALUD PHARMACY #2 LLC,912 W 12TH ST,,DALLAS,TX,752086005,2149463886,OWNER,333600000X,tier_1_primary_pharmacy,Y,Y,
1871801043,NIJANAND LLC,6700 WEST LOOP S,SUITE 325,BELLAIRE,TX,774014104,7139881104,MEMBER,3336C0003X,tier_1_primary_pharmacy,Y,Y,
1265740336,"ONCOLOGY PHARMACY SERVICES, INC.",901 W 38TH ST,SUITE 200,AUSTIN,TX,787051163,5124214188,EXECUTIVE DIRECTOR,333600000X|3336C0003X,tier_1_primary_pharmacy,Y,Y,
1962710087,SPCSA PLLC,12602 TOEPPERWEIN RD STE 118,,LIVE OAK,TX,782333270,2104489080,PHARMACY DIRECTOR,3336C0003X,tier_1_primary_pharmacy,Y,Y,
1912216748,ENG S PHARMACY LLC,4710 KATY FWY,ROOM # 1,HOUSTON,TX,770072204,7136951473,MANAGER,333600000X|3336C0003X,tier_1_primary_pharmacy,Y,Y,
1295044816,"BERRY OAKS PHARMACY, LLC",19851 WEST HIGHWAY 46 STE 204,,SPRING BRANCH,TX,78070,8309805308,MANAGING MEMBER,3336C0003X,tier_1_primary_pharmacy,Y,Y,
1922317585,L.M.R. WEBSTER STREET PHARMACY INC.,910 WEBSTER ST,,HOUSTON,TX,770028803,7136589300,PRESIDENT/ MANAGER,333600000X,tier_1_primary_pharmacy,Y,Y,
1083923312,DFW ATLANTEX LLC,11751 ALTA VISTA RD,SUITE 401,FORT WORTH,TX,762446441,8174311010,MEMBER,3336C0003X,tier_1_primary_pharmacy,Y,Y,
1013227149,MARISTE PHARMACEUTICALS LLC,8710 GRAND MISSION BLVD STE H,,RICHMOND,TX,774075413,7132347190,OWNER,333600000X|3336C0003X,tier_1_primary_pharmacy,Y,Y,
1447560404,METHODIST HOSPITALS OF DALLAS,403 W CAMPBELL RD,SUITE 101,RICHARDSON,TX,750803465,9724984785,DIRECTOR OF PHARMACY,3336C0003X,tier_1_primary_pharmacy,Y,Y,
1386954352,VB2 AND ASSOCIATES LLC,2244 FM 1092 RD,,MISSOURI CITY,TX,774591802,2814999300,PIC/OWNER,333600000X|3336C0003X,tier_1_primary_pharmacy,Y,Y,
1811207772,NEXUS MED INC,200 E BOOTHE ST STE 103,,CLEVELAND,TX,773274063,7134510200,PHARMACIST-IN-CHARGE,3336C0003X,tier_1_primary_pharmacy,Y,Y,
1619287448,GSRP LLC,201 E. WILCO HWY,STE 107,HUTTO,TX,78634,5124543326,MANAGER,333600000X|3336S0011X|3336C0003X,tier_1_primary_pharmacy,Y,Y,
1285944173,MOBILECARE PHARMACY,3918 LEELAND ST,,HOUSTON,TX,770035648,7136000075,PHARMACIST IN CHARGE,3336C0003X,tier_1_primary_pharmacy,Y,Y,
1093025983,"RRICHMOND PROFESSIONAL PHARMACY, INC.",1601 MAIN ST STE 106,,RICHMOND,TX,774693230,2816330700,DIRECTOR/PIC,3336C0003X,tier_1_primary_pharmacy,Y,Y,
1023328374,O&W INTERESTS LLC,3954 SPENCER HWY,,PASADENA,TX,775041206,7133786900,OWNER/PIC/PRESIDENT,333600000X|3336C0003X,tier_1_primary_pharmacy,Y,Y,
1912217399,"BIOPLUS SPECIALTY INFUSION TX, LLC",1748 N GREENVILLE AVE,,RICHARDSON,TX,750811808,8557427690,DIRECTOR,3336C0004X|3336S0011X|333600000X|3336H0001X,tier_1_primary_pharmacy,Y,Y,
1881994051,GALAXY PHARMA INC,9501 CLIFFORD ST STE E,,FORT WORTH,TX,761084460,8172466600,SECRETARY,3336C0003X,tier_1_primary_pharmacy,Y,Y,
1568762755,MEDIC ONE PHARMACY,1701 FAIRWAY DR,SUITE 3A,ALVIN,TX,775114661,2818240222,PHARMACIST/OWNER,3336C0003X,tier_1_primary_pharmacy,Y,Y,
1427358522,PATIENT CARE SERVICES,6366 MARTIN LUTHER KING BLVD,,HOUSTON,TX,770214421,2815012325,PHARMACIST-IN-CHARGE/OWNER,333600000X|3336C0003X,tier_1_primary_pharmacy,Y,Y,
1811297880,PUMPS IT PHARMACY,10601 GRANT RD STE 101,,HOUSTON,TX,770704449,2819558900,PHARMACIST IN CHARGE,3336C0003X,tier_1_primary_pharmacy,Y,Y,
1124328034,MEDRX COMPOUNDING & PHARMACY LIMITED COMPANY,601 WAYSIDE DR STE D,,HOUSTON,TX,770113614,8327675466,DIRECTOR/OWNER,3336C0004X|3336S0011X|3336C0003X,tier_1_primary_pharmacy,Y,Y,
1710287602,BROOKSHIRE GROCERY COMPANY,1203 US HIGHWAY 380,,BRIDGEPORT,TX,764262087,9406831510,SENIOR VP OF PHRMACY OPS.,3336C0003X,tier_1_primary_pharmacy,Y,Y,
1467752287,ADVANCED INTEGRATED MEDICATIONS,11500 N STEMMONS FWY,SUITE 158,DALLAS,TX,752292184,4696193005,PHARMACIST-IN-CHARGE,3336C0003X,tier_1_primary_pharmacy,Y,Y,
1275833063,MEDICINE CABINET SM LLC,7419 SOUTHWEST FWY,,HOUSTON,TX,770741901,7137794300,OWNER,333600000X|3336C0003X,tier_1_primary_pharmacy,Y,Y,
1295035988,MEDLIN PHARMACY INC,2755 TEXAS PKWY STE 101,,MISSOURI CITY,TX,774895114,2814371818,"OWNER, PIC, AO",333600000X|3336L0003X|3336C0003X,tier_1_primary_pharmacy,Y,Y,
1538469077,TAMU-CC HEALTHCENTER PHARMACY,6300 OCEAN DR,UNIT 5715,CORPUS CHRISTI,TX,784125715,3618256079,CHIEF PHARMACIST,333600000X,tier_1_primary_pharmacy,Y,Y,
1841590247,UPTOWN PHARMACY LLC,110 UPTOWN AVE STE B,,BROWNSVILLE,TX,785207563,9565440238,PHARMACIST/OWNER,3336C0003X,tier_1_primary_pharmacy,Y,Y,
1487954830,CHAMPS PHARMACY,6300 RICHMOND AVE STE 100,,HOUSTON,TX,770575927,7137822900,PRESIDENT,333600000X|3336C0004X|3336C0003X,tier_1_primary_pharmacy,Y,Y,
1861792160,HAYES PHARMACY INC,5701 MAPLE AVE,SUITE 100-B,DALLAS,TX,752356519,2146544918,PRESIDENT,3336C0003X,tier_1_primary_pharmacy,Y,Y,
1144520412,GIBSON PHARMACY,815 N. OCONNOR,,IRVING,TX,75061,9725790511,PHARMACIST,333600000X,tier_1_primary_pharmacy,Y,Y,
1063713386,MEDLINK PHARMACY LLC,1570 S DAIRY ASHFORD ST STE 115,,HOUSTON,TX,770773862,2817528800,PHARMACIST-IN-CHARGE,3336C0003X|333600000X,tier_1_primary_pharmacy,Y,Y,
1093016362,A HOLISTIC YOU PHARMACY,9330 BROADWAY ST,SUITE 410,PEARLAND,TX,775847891,2819971644,MANAGER,3336C0003X,tier_1_primary_pharmacy,Y,Y,
1417258690,IDAPCO INC,11811 FALLBROOK DR STE B3,,HOUSTON,TX,770653507,2812770111,OWNER,333600000X|3336C0003X,tier_1_primary_pharmacy,Y,Y,
1962703025,"JL WELLNESS PHARMACY, LLC",3030 TOWNE CENTRE DR STE B,,MESQUITE,TX,751504134,9723641793,OFFICER,3336C0003X,tier_1_primary_pharmacy,Y,Y,
1265733000,MAINSTREAM PHARMACY LLC,5720 BELLAIRE BLVD STE B,,HOUSTON,TX,770815513,7136608500,PRESIDENT,333600000X,tier_1_primary_pharmacy,Y,Y,
1124329941,ST HOPE FOUNDATION INC,6800 WEST LOOP S STE 590,,BELLAIRE,TX,774014516,8323197610,DIRECTOR OF OPREATIONS,333600000X|3336C0003X,tier_1_primary_pharmacy,Y,Y,
1669773172,ABC MENDIOLA ALAMO PHARMACY INC,115 S ALAMO RD STE B,,ALAMO,TX,785162518,9567813993,PIC/OWNER,3336C0003X,tier_1_primary_pharmacy,Y,Y,
1871894220,BALANDRAN MANAGEMENT & CONSULTING INC,4014 WOODLAWN AVE STE B,,PASADENA,TX,775041921,3466925893,OWNER/PHARMACIST IN CHARGE,3336C0003X,tier_1_primary_pharmacy,Y,Y,
1669774097,CARE PLUS PHARMACY,10301 CLUB CREEK DR,SUITE # I,HOUSTON,TX,770367151,7137781773,OFFICER,333600000X|3336C0004X|3336C0003X,tier_1_primary_pharmacy,Y,Y,
1831491208,WILLIAMS LEGACY UNLIMITED LLC,13734 SH FM 249,SUITE C,HOUSTON,TX,77086,2815910900,OWNER,3336C0003X,tier_1_primary_pharmacy,Y,Y,
1093017337,E&E PHARMACY,7008 WOODRIDGE DR,,HOUSTON,TX,770872712,7138478989,PHARMACIST-IN-CHARGE,333600000X|3336C0003X,tier_1_primary_pharmacy,Y,Y,
1619279635,MEDPLUS RX INC.,7636 HARWIN DR STE C319,,HOUSTON,TX,770361939,7137795400,PIC,3336C0003X,tier_1_primary_pharmacy,Y,Y,
1851693881,"AMAZING GRACE PHARMACY, INC",1965 TEXAS PKWY,,MISSOURI CITY,TX,774893121,8322300169,PIC,333600000X|3336C0003X,tier_1_primary_pharmacy,Y,Y,
1215239082,NORTH CENTRAL PHARMACY LLC,5080 VIRGINIA PKWY STE 550,,MCKINNEY,TX,750715633,9725409900,PHARMACIST,3336C0003X,tier_1_primary_pharmacy,Y,Y,
1639471543,ADDIS PHARMACY INC,3305 S MAYHILL ROAD,SUITE 101,DENTON,TX,76208,9403820079,OWNER,333600000X|3336C0003X,tier_1_primary_pharmacy,Y,Y,
1033411996,PDPG LLC,18720 STATE HIGHWAY 249 STE A,,HOUSTON,TX,770704297,2818943103,OWNER/MANAGER,3336C0003X,tier_1_primary_pharmacy,Y,Y,
1720380249,TRAVIS INTERNATIONAL INC,2615 STRAWBERRY RD,,PASADENA,TX,775025103,7139476767,PRESIDENT,3336C0002X|3336C0004X|333600000X|3336C0003X,tier_1_primary_pharmacy,Y,Y,
1851694384,MARKS PHARMACY INCORPORATED,8150 BROOKRIVER DR STE 107,,DALLAS,TX,752474068,4695472419,"PRESIDENT,PHARMACIST IN CHARGE",3336C0004X|3336S0011X|3336C0003X,tier_1_primary_pharmacy,Y,Y,
1528361912,VELA'S PHARMACY LLC,524 S CAGE BLVD STE A,,PHARR,TX,785775448,9567028352,PRESIDENT,333600000X|3336C0003X,tier_1_primary_pharmacy,Y,Y,
1679876957,PJF MANAGEMENT INC,305 E EXPRESSWAY 83 STE 100,,MISSION,TX,785725560,9565848352,PRESIDENT/OWNER/RPH,3336C0003X,tier_1_primary_pharmacy,Y,Y,
1033412366,PRICELINE PHARMACY,8603 BROADWAY ST STE 107,,PEARLAND,TX,775848172,2814857777,PHARMACIST-IN-CHARGE,3336C0003X,tier_1_primary_pharmacy,Y,Y,
1629371828,ENDURANCE INC,1601 W WALL ST,,MIDLAND,TX,797016549,4326840569,OWNER,333600000X,tier_1_primary_pharmacy,Y,Y,
1780987875,DOZIE'S PHARMACY,12660 BEECHNUT ST,SUITE 130,HOUSTON,TX,770723981,2819336600,PHARMACIST-IN-CHARGE,333600000X,tier_1_primary_pharmacy,Y,Y,
1205139342,MCALLEN PHARMACY LLC,4420 N MCCOLL RD,,MCALLEN,TX,785042480,9566681100,MANAGING OFFICER,333600000X|3336C0004X|3336C0003X,tier_1_primary_pharmacy,Y,Y,
1043513104,DOLLAR VALUE PHARMACY,2107 WATER CANYON CT,,HOUSTON,TX,770771945,8323663482,OWNER,3336C0003X,tier_1_primary_pharmacy,Y,Y,
1285937342,HEALTH SCRIPTS INC,8344 SPRING CYPRESS RD STE A,,SPRING,TX,773793127,8328135085,OFFICER,333600000X|3336C0004X|3336S0011X|3336C0003X,tier_1_primary_pharmacy,Y,Y,
1003119090,RAGL MEDICAL INVESTMENTS LLC,1620 E 8TH ST STE 2,,WESLACO,TX,785965883,9563806565,PIC/ OWNER,3336C0003X,tier_1_primary_pharmacy,Y,Y,
1437452398,MARY & RALPH PHARMACY INC,1520 SUN CITY BLVD STE 160,,GEORGETOWN,TX,786335349,5127634420,PRESIDENT,3336C0003X,tier_1_primary_pharmacy,Y,Y,
1386947273,PRECIOUS PLACE'S INC,11336 BEECHNUT ST,SUITE A8,HOUSTON,TX,770724212,2815068266,PRESIDENT/ CEO,3336C0003X,tier_1_primary_pharmacy,Y,Y,
1558664375,S & J SCRIPTURE STREET PHARMACY INCORPORATED,1612 SCRIPTURE ST,,DENTON,TX,762013809,9404840100,PRESIDENT,333600000X|3336C0004X|3336C0003X,tier_1_primary_pharmacy,Y,Y,
1306149141,UNIVERSITY OF TEXAS EL PASO,351 W UNIVERSITY AVE,SUITE 100,EL PASO,TX,799680002,9157476545,PHARMACIST IN CHARGE,3336C0002X|3336C0003X,tier_1_primary_pharmacy,Y,Y,
1710280466,UNICARE PHARMACY,11847 BISSONNET ST,,HOUSTON,TX,770991904,2814981141,OFFICER,333600000X|3336C0003X,tier_1_primary_pharmacy,Y,Y,
1124321781,MEDEX HEALTH CARE SERVICES LLC,9600 FONDREN RD STE B3,,HOUSTON,TX,770963682,7137713800,CEO,333600000X|3336C0003X,tier_1_primary_pharmacy,Y,Y,
1659674265,CK'S PHARMACY,5405 T C JESTER BLVD STE H,,HOUSTON,TX,770915239,7136864155,OWNER,333600000X|3336C0003X,tier_1_primary_pharmacy,Y,Y,
1083917660,TRIUMPH PHARMACY LLC,7030 FM 1488 RD # 110,,MAGNOLIA,TX,773544774,2812524200,OWNER/PIC,333600000X|3336C0004X|3336C0003X,tier_1_primary_pharmacy,Y,Y,
1578866182,EASTTEXRX LLC,402B W UPSHUR,,GLADEWATER,TX,75647,9038452573,"V.P. EASTTEXRX, LLC",3336C0003X,tier_1_primary_pharmacy,Y,Y,
1194029751,MEXRX INC,4800 S 23RD ST STE 6,,MCALLEN,TX,785038694,9566317661,VP,3336C0003X,tier_1_primary_pharmacy,Y,Y,
1578867099,FELICIA RENEE YOUNG,10001 W BELLFORT ST STE K,,HOUSTON,TX,770312559,2817418358,MG,333600000X|3336C0003X,tier_1_primary_pharmacy,Y,Y,
1467756965,CROSSWAY PHARMACY LLC,3044 ANTOINE DR,,HOUSTON,TX,770927053,7132900322,OWNER,3336C0003X,tier_1_primary_pharmacy,Y,Y,
1346544616,COMANCHE COUNTY MEDICAL CENTER COMPANY,10201 HIGHWAY 16,,COMANCHE,TX,764424462,2548794900,CEO,333600000X,tier_2_secondary_pharmacy,N,Y,
1093019259,KING LTC LLC,"755 S 11TH STREET, SUITE 101",,BEAUMONT,TX,77701,4098326100,OWNER,3336L0003X,tier_1_primary_pharmacy,Y,Y,
1972807014,KD BUSINESS SOLUTIONS LLC,7109 N BARTLETT AVE STE 203,,LAREDO,TX,780416475,9565684074,OWNER,333600000X|3336C0003X,tier_1_primary_pharmacy,Y,Y,
1811291875,LEE-SHAH LLLP,1307 8TH AVE,SUITE 100,FORT WORTH,TX,761044137,8179243200,OWNER/PHARMACIST,3336C0003X,tier_1_primary_pharmacy,Y,Y,
1740584705,"RIVER'S EDGE PHARMACY, LLC",503 FM 359 RD STE 180,,RICHMOND,TX,774065196,2812323662,PHARMACIST-IN-CHIEF,3336C0003X,tier_1_primary_pharmacy,Y,Y,
1811291693,PVE PHARMACY,724 FM 1960 RD W,,HOUSTON,TX,770903402,2815801176,OWNER,3336C0003X,tier_1_primary_pharmacy,Y,Y,
1891090593,COLT STRATEGIES LLC,5228 ALDINE MAIL RD,SUITE C,HOUSTON,TX,770393804,2817413385,PIC,3336C0003X,tier_1_primary_pharmacy,Y,Y,
1689979205,ICON PHARMACY,810 S MASON RD,STE 102,KATY,TX,774503895,8324372800,PIC,3336C0003X,tier_1_primary_pharmacy,Y,Y,
1013212695,SIMPO GROUP INC,3165 KINGSWOOD CT,,MANSFIELD,TX,760637545,8175215144,CEO,333600000X,tier_1_primary_pharmacy,Y,Y,
1164727749,SECUNDUM ARTEM LLC,3802 N LAURENT ST,,VICTORIA,TX,779013443,3615754713,RPH,3336C0004X|3336S0011X|333600000X|3336C0003X,tier_1_primary_pharmacy,Y,Y,
1508161910,"LIVERNOIS RX, INC.",1105 CENTRAL EXPWY N,SUITE 2110,ALLEN,TX,75013,8443708581,PRESIDENT,333600000X|3336C0003X,tier_1_primary_pharmacy,Y,Y,
1124323605,SOUTH MASON ROAD PHARMACY,515A S MASON RD,,KATY,TX,774502491,2818296960,PHARMACY IN CHARGE,333600000X|3336C0003X,tier_1_primary_pharmacy,Y,Y,
1891090239,GHPMA,15655 CYPRESSWOODS MEDICAL DR,SUITE 110,HOUSTON,TX,770141471,2814754400,PRESIDENT/CEO,3336C0003X,tier_1_primary_pharmacy,Y,Y,
1720383003,HEALTHQUEST THERAPEUTICS LLC,1311 W SAM HOUSTON PKWY N STE 105,,HOUSTON,TX,770432052,8322220100,CEO,3336C0003X,tier_1_primary_pharmacy,Y,Y,
1841595188,15RX LLC,419 CARSON HL BLDG 1,,SAN ANTONIO,TX,782515500,2106841579,PHARMACIST-INCHARGE,3336C0003X|3336C0004X,tier_2_secondary_pharmacy,N,Y,
1497050736,DYNAMI INVESTMENT CORPORATION,223 E FM 544,SUITE 806,MURPHY,TX,750944051,9724234600,OWNER/PHARMACIST,3336C0004X,tier_1_primary_pharmacy,Y,Y,
1407151699,JACKSONS & J. K. PHARMACY L.L.C,7909 HILLCROFT ST,SUITE B,HOUSTON,TX,770817202,7132710441,MANAGER,3336C0003X,tier_1_primary_pharmacy,Y,Y,
1104121235,BEAR CREEK PHARMACY LLC,101 BEAR CREEK PKWY STE B,,KELLER,TX,762482531,8175624766,OWNER/PIC,3336C0004X|3336C0003X,tier_1_primary_pharmacy,Y,Y,
1699070565,CANTEX CONTINUING CARE NETWORK LLC,11104 W AIRPORT BLVD STE 255,,STAFFORD,TX,774773035,7134264800,DIRECTOR OF PHARMACY,333600000X|3336L0003X,tier_1_primary_pharmacy,Y,Y,
1649575515,DALLAS PHARMACEUTICAL CORPORATION,910 N GALLOWAY AVE STE 100,,MESQUITE,TX,751492409,9722167000,PHARMACIST IN CHARGE,3336C0003X,tier_1_primary_pharmacy,Y,Y,
1386949147,ABSOLUTE DISCOUNT PHARMACY,2920 TIDWELL RD STE H,,HOUSTON,TX,770936836,7136990890,OWNER,333600000X|3336C0003X,tier_1_primary_pharmacy,Y,Y,
1649575424,KINGSLEY PHARMACY,2626 S LOOP W STE 115,,HOUSTON,TX,770542648,7136646333,MANAGING MEMBER,3336C0003X,tier_1_primary_pharmacy,Y,Y,
1336444256,OBATARE AVWORO LLC,10301 HARWIN DR STE 3,,HOUSTON,TX,770362793,3463524930,OWNER / PHARMACIST IN CHARGE,333600000X,tier_1_primary_pharmacy,Y,Y,
1700181518,ZARZAMORA HEALTHCARE LLC,2716 SW MILITARY DR STE 103,,SAN ANTONIO,TX,782241009,2109273742,CO-OWNER,333600000X|3336C0003X,tier_1_primary_pharmacy,Y,Y,
1417253055,PREMIUM FAMILY PHARMACY,1776 TEASLEY LN STE 111,,DENTON,TX,762057710,9404426767,OWNER,333600000X|3336C0003X,tier_1_primary_pharmacy,Y,Y,
1396041802,HDK ENTERPRISES LLC,1331 W GRAND PARKWAY NORTH,SUITE 111,KATY,TX,774932711,8325531315,CEO,3336C0003X,tier_1_primary_pharmacy,Y,Y,
1891091328,KWIK MEDS PHARMACY LLC,1900 NORTH LOOP W STE 170,,HOUSTON,TX,770188151,2815012228,OWNER,333600000X|3336C0004X|3336C0003X,tier_1_primary_pharmacy,Y,Y,
1083910137,BROOKSHIRE GROCERY COMPANY,6991 OLD JACKSONVILLE HWY,,TYLER,TX,757030579,9037473508,SR VP PHARMACY OPS,333600000X|3336C0003X,tier_1_primary_pharmacy,Y,Y,
1255637229,FAVOS INCORPORATED,6053 MAIN ST,SUITE 120,THE COLONY,TX,750562062,2144946222,PHARMACIST IN CHARGE,3336L0003X|3336M0003X|333600000X|3336C0003X,tier_1_primary_pharmacy,Y,Y,
1215233176,SETON FAMILY OF HOSPITALS,3501 MILLS AVE,,AUSTIN,TX,787316309,5123241000,REGIONAL DIRECTOR NET REV & REIMB,3336C0003X|3336I0012X|333600000X,tier_1_primary_pharmacy,Y,Y,
1598061400,MIDTOWN SPECIALTY RX,1701 WEBSTER ST STE D,,HOUSTON,TX,770035800,7138749190,OWNER,333600000X|3336C0003X,tier_1_primary_pharmacy,Y,Y,
1366749251,BWM PHARMACY AND MEDICAL SUPPLY INC.,11850 FM 1960 RD W,,HOUSTON,TX,770653840,2814691882,PHARMACY MANAGER,3336C0003X,tier_1_primary_pharmacy,Y,Y,
1932406782,TEXAS FAMILY PHARMACY,508 W. GRIFFIN PARKWAY,SUITE C,MISSION,TX,78572,9565801111,MANAGER,333600000X|3336C0004X,tier_2_secondary_pharmacy,N,Y,
1144527706,"BAYLOR SCOTT & WHITE HEALTH ENTERPRISES, INC.",3410 WORTH ST,SUITE 240,DALLAS,TX,752462003,2148208400,PRESIDENT,3336C0003X,tier_1_primary_pharmacy,Y,Y,
1104123660,RICHARDS RX LLC,4630 S CLOSNER BLVD,,EDINBURG,TX,785397279,9562891880,PHARMACIST/MANAGING PARTNER,3336C0004X|333600000X|3336C0003X,tier_1_primary_pharmacy,Y,Y,
1023315553,"TIN RX 805, INC.",3706 GUADALUPE ST.,SUITE C,AUSTIN,TX,78705,5127179988,CEO,333600000X|3336C0003X,tier_1_primary_pharmacy,Y,Y,
1144527565,SOUTHLAND PHARMACY #2,4209 N CONWAY AVE,STE C,PALMHURST,TX,785731482,9565817455,PRESIDENT,3336C0003X,tier_1_primary_pharmacy,Y,Y,
1245537505,DALLAS HEALTHCARE PHARMACY LLC,4131 S BUCKNER BLVD,SUITE A,DALLAS,TX,752274318,2143885334,OWNER/MANAGER,333600000X|3336C0003X,tier_1_primary_pharmacy,Y,Y,
1972800167,ENVOYRX LLC,2929 CARLISLE ST,SUITE 115,DALLAS,TX,752041084,2149547389,OWNER,3336S0011X,tier_1_primary_pharmacy,Y,Y,
1053618199,CONTENTS TRADER INC,1403 HIGHWAY 6 STE 700A,,SUGAR LAND,TX,774784930,8329446112,MANAGER,333600000X|3336C0003X,tier_1_primary_pharmacy,Y,Y,
1588961510,"H-E-B, LP",225 SOUTH IH35,,PEARSALL,TX,78061,8303343237,GOVERNMENT PROGRAMS MANAGER,3336C0003X,tier_1_primary_pharmacy,Y,N,H-E-B
1295033231,ZKMSH HOLDINGS,1402 N GRANT ST STE C,,ROMA,TX,785845412,9565660696,CEO,333600000X,tier_1_primary_pharmacy,Y,Y,
1770881799,PHARMACY EXPRESS LLC,8801 N 10TH ST STE 130,,MCALLEN,TX,785049515,9565152808,OFFICER,3336C0003X,tier_1_primary_pharmacy,Y,Y,
1851699797,PARAMOUNT COMPOUNDING PHARMACY LLC,5517 BROADWAY ST STE H,,PEARLAND,TX,775813737,2814124370,PHARMACIST IN CHARGE,333600000X|3336C0004X,tier_1_primary_pharmacy,Y,Y,
1447558440,T & S PHARMACY,2345 ALDINE MAIL ROUTE STE A,,HOUSTON,TX,770395528,2812197700,CO-OWNER,3336C0003X,tier_1_primary_pharmacy,Y,Y,
1972801413,BIG TEX PHARMACY LLC,10900 GULF FREEWAY STE A3,,HOUSTON,TX,77034,7132831310,OWNER,3336C0003X,tier_1_primary_pharmacy,Y,Y,
1538467741,WAL-MED PHARMACY INC,6611 CHIMNEY ROCK RD STE 2,,HOUSTON,TX,770815338,7136613600,PRESIDENT,3336L0003X|333600000X|3336C0003X,tier_1_primary_pharmacy,Y,Y,
1265730352,SURE HEALTHCARE PHARMACY,921 FM 1960 RD W STE 104A,,HOUSTON,TX,770902529,2814400680,DIRECTOR,3336C0003X,tier_1_primary_pharmacy,Y,Y,
1568760650,ABX PHARMACEUTICAL SERVICES ENTERPRISES INC,915 GESSNER RD STE 525,MEDICAL PLAZA 3,HOUSTON,TX,770242569,7139731991,PHARMACIST,333600000X|3336C0003X|3336H0001X,tier_1_primary_pharmacy,Y,Y,
1356640254,"EAST TEXAS CLINICAL SERVICES, INC",17521 ST. LUKE'S WAY,SUITE 120,THE WOODLANDS,TX,77384,9364479432,COO,3336C0003X,tier_1_primary_pharmacy,Y,Y,
1033418827,"JAMORX PHARMACY INC.,",650 SAINT LOUIS AVE,,FORT WORTH,TX,761043346,8173324004,PRESIDENT,3336C0003X,tier_1_primary_pharmacy,Y,Y,
1184923740,THREE ANGELS MESSAGE PHARMACY,900 W ENNIS AVE,SUITE 120,ENNIS,TX,751193736,9728752504,OWNER,333600000X,tier_1_primary_pharmacy,Y,Y,
1104125574,WALGREENS,7151 BLVD 26,,NORTH RICHLAND HILLS,TX,761808607,8175149474,PHARMACIST- MANAGER,3336C0003X,tier_1_primary_pharmacy,Y,N,WALGREENS
1063711364,CONSUMER SAVING ADVANTAGE PHARMACY INC,10235 LAKE JUNE RD STE 400,,DALLAS,TX,752173376,2146287206,PHARMACY MANAGER,3336C0003X,tier_1_primary_pharmacy,Y,Y,
1801185004,"H-E-B, LP",8300 FLOYD CURL DR,STE 105,SAN ANTONIO,TX,78229,2105930291,GOVERNMENT PROGRAMS MANAGER,3336C0003X,tier_1_primary_pharmacy,Y,N,H-E-B
1871882886,"PALOMA'S PHARMACY,LLC",909 BUSINESS PARK DR STE 2,,MISSION,TX,785726054,9564246268,CORP-PRESIDENT,3336C0003X,tier_1_primary_pharmacy,Y,Y,
1235428012,H & N PHARMACY INC,4309 LEMMON AVE,,DALLAS,TX,752192706,2143314500,OWNER,333600000X|3336C0003X,tier_1_primary_pharmacy,Y,Y,
1134418551,TELJA UNLIMITED,12827 WESTHEIMER RD,,HOUSTON,TX,77077,8322434581,OFFICE MANAGER,333600000X|3336C0003X,tier_1_primary_pharmacy,Y,Y,
1639468036,RXSIM LLC,6918 CORPORATE DR SUITE B5,,HOUSTON,TX,77036,2815062453,OWNER,3336C0003X,tier_1_primary_pharmacy,Y,Y,
1659660033,RBJ PHARMACY,15035 SOUTHWEST FWY,,SUGAR LAND,TX,774785018,2813445010,MANAGER,3336C0002X|333600000X|3336C0003X,tier_1_primary_pharmacy,Y,Y,
1467742585,EXCEL PHARMACY INC.,8600 W AIRPORT BLVD,SUITE B,HOUSTON,TX,770712482,7139951272,PHARMACIST-IN-CHARGE,3336C0004X|3336C0003X,tier_1_primary_pharmacy,Y,Y,
1679863575,BURKE FAMILY PHARMACY INC,722 FAIRMONT PKWY,,PASADENA,TX,775042804,8322436262,OFFICER,3336C0003X,tier_1_primary_pharmacy,Y,Y,
1215227103,ADVANCED PRESCRIPTION SERVICES INC,3641 BROADWAY BLVD STE 100-B,,GARLAND,TX,750431608,2147039100,CEO,333600000X|3336L0003X,tier_1_primary_pharmacy,Y,Y,
1659661411,DRUG QUEST INC LLC,3802 S GESSNER RD STE 500,,HOUSTON,TX,770635368,7137853400,PHARMACIST-IN-CHARGE,3336C0003X,tier_1_primary_pharmacy,Y,Y,
1851681597,"LIFECHEK DENISON, LLC",311 N SALINAS BLVD,,DONNA,TX,785372929,9564613903,MANAGING OFFICER,3336L0003X|333600000X,tier_1_primary_pharmacy,Y,Y,
1093005589,"WESTCHASE ASSET & ESCROW LTD., CO",707 23RD ST,SUITE F,GALVESTON,TX,775502201,4094972767,CEO/PRESIDENT,3336C0003X,tier_1_primary_pharmacy,Y,Y,
1851682033,PCP PHARMACY LLC,5108 FAIRMONT PKWY STE A,,PASADENA,TX,775053756,2819911300,MANAGER,3336L0003X|3336C0003X,tier_1_primary_pharmacy,Y,Y,
1083905053,R2J INVESTMENTS LLC,6300 SAMUAL BLVD,STE #118,DALLAS,TX,75228,9724127373,OWNER,333600000X|3336C0003X,tier_1_primary_pharmacy,Y,Y,
1306137997,C - MED PHARMACY AND HEALTH CARE SERVICES,5633 AVENUE I STE C,,ROSENBERG,TX,774716192,8323633787,OWNER,333600000X|3336C0003X,tier_1_primary_pharmacy,Y,Y,
1881986354,SCRIPTS FOR LIFE PHARMACEUTICALS INC,3814 LYONS AVE,,HOUSTON,TX,770208348,2819744415,OWNER,333600000X|3336C0003X,tier_1_primary_pharmacy,Y,Y,
1467744813,VALUSTAR PHARMACY LLC,788 NORMANDY ST,STE F,HOUSTON,TX,770153400,7136377345,PIC/MANAGER,3336C0003X,tier_1_primary_pharmacy,Y,Y,
1073805230,KHOSROW PEZESHKI,7563 S BRAESWOOD BLVD,,HOUSTON,TX,770711423,7132712108,PHARMACIST-PIC,333600000X|3336C0003X,tier_1_primary_pharmacy,Y,Y,
1558653626,UNIVERSITY OF TEXAS SOUTHWESTERN MEDICAL CENTER AT DALLAS,6202 HARRY HINES BLVD NM 2.850,,DALLAS,TX,753909015,2146452666,CFO,3336L0003X|333600000X|3336C0003X,tier_1_primary_pharmacy,Y,Y,
1023300084,SAGE PHARMACY AND STORES LLC,2500 S LAKELINE BLVD STE 202,,CEDAR PARK,TX,786132969,5126281090,PRESIDENT,333600000X|3336C0003X,tier_1_primary_pharmacy,Y,Y,
1396037347,NEW DAY PHARMACY,4315 LOCKWOOD DR STE 11,,HOUSTON,TX,770264117,2815011768,PHARMACIST,333600000X,tier_1_primary_pharmacy,Y,Y,
1568754141,VC PHARMACY INC,9415 BRUTON RD STE 3104,,DALLAS,TX,752172647,8325143401,DIRECTOR,333600000X|3336C0003X,tier_1_primary_pharmacy,Y,Y,
1215229844,K & K PHARMACY INC,1411 W AMERICAN BLVD,,MULESHOE,TX,793473123,8062727511,PHARMACIST/OWNER,3336L0003X|333600000X|3336C0004X|3336C0003X,tier_1_primary_pharmacy,Y,Y,
1376836809,PEOPLES PREFERRED PHARMACY LLC,3620 N ARKANSAS AVE STE E,,LAREDO,TX,780431116,9567290311,HR DIRECTOR,3336C0003X,tier_1_primary_pharmacy,Y,Y,
1861785370,PLAZA APOTHECARY PLLC,"600 N PEARL STREET, STE H201",,DALLAS,TX,752017430,2148550606,OWNER/MANAGING PARTNER,3336C0003X|333600000X,tier_1_primary_pharmacy,Y,Y,
1881987253,RELIANT PHARMACY,9219 S MAIN ST,,HOUSTON,TX,770254419,8327786500,OWNER,3336C0003X,tier_1_primary_pharmacy,Y,Y,
1841583192,INDUNA INVESTMENTS INTERNATIONAL INC,6090 CAMPBELL RD STE 100,,DALLAS,TX,752481222,4692481000,DIRECTOR,333600000X|3336C0002X|3336C0003X,tier_1_primary_pharmacy,Y,Y,
1881987089,AMERICAN SPECIALTY PHARMACY INC,2709 W 15TH ST STE B,,PLANO,TX,750757545,9728674204,DIRECTOR,3336S0011X|3336C0003X,tier_1_primary_pharmacy,Y,Y,
1558654723,SUGAR PINE PHARMACY,1972 FM 1960 RD,,HOUSTON,TX,770903206,2813976500,EX VP,3336C0003X,tier_1_primary_pharmacy,Y,Y,
1568755791,"LYONS PHARMACY,LLC",5602 LYONS AVE STE 610,,HOUSTON,TX,770204730,7136759667,PHARMACIST-IN-CHARGE,3336C0003X,tier_1_primary_pharmacy,Y,Y,
1790078814,BARBOUR NEIGHBORHOOD PHARMACY LLC,2910 ANTOINE DR STE A,,HOUSTON,TX,770927062,7132639640,OWNER,3336C0003X,tier_1_primary_pharmacy,Y,Y,
1952694820,TEXAS RXSOLUTIONS AND COMPOUNDING PHARMACY LLC,7505 FANNIN ST STE 120,,HOUSTON,TX,770541929,7137901222,PRESIDENT,333600000X|3336C0004X|3336C0003X,tier_1_primary_pharmacy,Y,Y,
1134412000,"MERIDIAN PHARAMCY GROUP AT GALLOWAY, INC",2698 N GALLOWAY AVE STE 108,,MESQUITE,TX,751506390,9726863999,PHARMACY/PARTNER,3336C0003X,tier_1_primary_pharmacy,Y,Y,
1043503915,COMPOUNDING PHARMACY SOLUTIONS,6105 BEVERLY HILL STREET,SUITE 201,HOUSTON,TX,770576716,7137832836,PHARMACIST,333600000X|3336C0003X|3336C0004X|3336H0001X,tier_1_primary_pharmacy,Y,Y,
1528352010,ROSEWOOD FAMILY PHARMACY PLLC,1010 S MAGNOLIA BLVD STE D,,MAGNOLIA,TX,773558550,8887301069,MEMBER,333600000X,tier_1_primary_pharmacy,Y,Y,
1427342815,PROVIDENCE CONCEPTS INCORPORATED,1009 MAIN ST,,PASADENA,TX,775064557,7134721212,DIRECTOR,333600000X|3336C0003X,tier_1_primary_pharmacy,Y,Y,
1144514431,RX TO GO PHARMACY,1100 GULF FWY S STE 290,,LEAGUE CITY,TX,775735153,2815570220,PHARMACIST/PARTNER,3336C0003X,tier_1_primary_pharmacy,Y,Y,
1568757102,SHAJUIET M WEAVER,5821 SOUTHWEST FWY STE 204,,HOUSTON,TX,770577501,7135926211,OWNER,3336C0003X,tier_1_primary_pharmacy,Y,Y,
1417242926,"H-E-B, LP",3804 EAST US HIGHWAY 377,,GRANBURY,TX,76049,8175792512,GOVERNMENT PROGRAMS MANAGER,3336C0003X,tier_1_primary_pharmacy,Y,N,H-E-B
1154616605,STEEPLECHASE PLAZA PHARMACY,11037 FM 1960 RD W,SUITE B5,HOUSTON,TX,770653600,2818946167,OWNER/MD,3336C0004X|3336C0003X,tier_1_primary_pharmacy,Y,Y,
1154616662,"H-E-B, LP",3601 FM 1488,,THE WOODLANDS,TX,77384,9363212748,GOVERNMENT PROGRAMS MANAGER,3336C0003X,tier_1_primary_pharmacy,Y,N,H-E-B
1508151960,SARATOGA PHARMACY LLC,12650 N BEACH ST STE 112,,FORT WORTH,TX,762444243,8174319700,MANAGING PARTNER,3336C0004X|333600000X|3336C0003X,tier_1_primary_pharmacy,Y,Y,
1578858429,SUN PHARMACY,7021 HIGHWAY 6 S,,HOUSTON,TX,770833305,2815680628,PHARMACIST IN CHARGE,333600000X,tier_1_primary_pharmacy,Y,Y,
1093001844,U&ME PHARMACY,6101 WINDHAVEN PKWY STE 125,,PLANO,TX,750938290,8442907034,DIRECTOR,3336C0004X|333600000X|3336C0003X,tier_1_primary_pharmacy,Y,Y,
1912293705,"PRO MED PHARMACIES, INC.",704 N POLK,,AMARILLO,TX,791075248,8063796966,PRESIDENT/CEO,3336C0003X|3336L0003X,tier_1_primary_pharmacy,Y,Y,
1073809711,WALGREENS PHARMACEUTICAL INC,6611 CHIMNEY ROCK RD,SUITE 2,HOUSTON,TX,770815356,7136613600,PRESIDENT,3336C0003X,tier_1_primary_pharmacy,Y,N,WALGREENS
1508152125,"DB PHARMACY, PLLC",12100-E VETERANS MEMORIAL DR.,,HOUSTON,TX,77067,2813977711,PHARMACIST/VICE-PRESIDENT,3336C0003X,tier_1_primary_pharmacy,Y,Y,
1740576206,SAGE MED LLC,1620 E 8TH ST STE 2,1620 E 8TH ST SUITE 2,WESLACO,TX,785965883,9563515322,OWNER/PIC,3336C0003X,tier_1_primary_pharmacy,Y,Y,
1700172087,HOMETOWN PHARMACY LLC,2800 W HIGHWAY 22 STE A,,CORSICANA,TX,751102454,9038723784,PRESIDENT,333600000X|3336C0004X|3336L0003X,tier_1_primary_pharmacy,Y,Y,
1104112366,MAVIS O PHARMACY LLC,10080 BELLAIRE BLVD STE 102,,HOUSTON,TX,770725249,2814981161,PIC,333600000X|3336C0003X,tier_1_primary_pharmacy,Y,Y,
1255627519,HOMETOWN PHARMACY LLC,2800 W HIGHWAY 22,,CORSICANA,TX,751102454,9038723784,PRESIDENT,333600000X|3336C0004X|3336C0003X,tier_1_primary_pharmacy,Y,Y,
1013203009,HAMZATU A SONII,15000 BELLAIRE BLVD STE D,,HOUSTON,TX,770832514,2815756000,PHARMACIST-IN-CHARGE,3336C0003X,tier_1_primary_pharmacy,Y,Y,
1447547286,GREEN OAKS PHARMA INC.,711 E. LAMAR BLVD,SUITE # 101,ARLINGTON,TX,760113888,8174598400,VICE PRESIDENT,333600000X,tier_1_primary_pharmacy,Y,Y,
1780971911,EMOSS PHARMACY LLC,2440 TEXAS PKWY,STE 340,MISSOURI CITY,TX,774894000,2813137880,MANAGER,3336C0003X,tier_1_primary_pharmacy,Y,Y,
1831487982,EAST FREEWAY PHARMACY LLC,12322 EAST FWY STE B1,,HOUSTON,TX,770155538,7136377697,OWNER,3336C0003X,tier_1_primary_pharmacy,Y,Y,
1831487792,ASTRO PHARMACY LLC,9801 LONG POINT RD STE 101,,HOUSTON,TX,770554189,7139574600,PHARMACIST,333600000X|3336C0003X,tier_1_primary_pharmacy,Y,Y,
1669760492,VN CREATIVE CARE INC,111 S WILLIAM BARNETT AVE,,CLEVELAND,TX,773274541,2815933800,PHARMACISTS,3336L0003X|333600000X|3336C0003X,tier_1_primary_pharmacy,Y,Y,
1316235005,"H-E-B, LP",1609 N TEXAS AVE,,BRYAN,TX,77803,9797782074,GOVERNMENT PROGRAMS MANAGER,3336C0003X,tier_1_primary_pharmacy,Y,N,H-E-B
1013205855,"H-E-B, LP",530 HWY 6,,SUGAR LAND,TX,77479,2812406370,GOVERNMENT PROGRAMS MANAGER,3336C0003X,tier_1_primary_pharmacy,Y,N,H-E-B
1336437920,PHARMVEL LLC,4711 S ALAMO RD STE 105,,EDINBURG,TX,785423712,9567870075,PHARMACIST IN CHARGE,3336C0004X|333600000X|3336C0003X,tier_1_primary_pharmacy,Y,Y,
1427346097,KATY PHARMACY INC,20005 KATY FWY,,KATY,TX,774502238,2815781515,VP,333600000X,tier_1_primary_pharmacy,Y,Y,
1619255767,AP MAX INCORPORATED,4802 N SAM HOUSTON PKWY W STE 100,,HOUSTON,TX,770861539,2814981450,ADMINISTRATOR,3336C0004X|3336M0002X|3336C0003X,tier_1_primary_pharmacy,Y,Y,
1740568666,"CAPITAL PHARMACY, LLC",1340 AIRPORT COMMERCE DR,BLDG. 3 STE 350,AUSTIN,TX,78741,5126288877,VICE PRESIDENT,3336L0003X,tier_1_primary_pharmacy,Y,Y,
1770861668,TRIPLE A PHARMACY,2025 MANGUM RD,,HOUSTON,TX,770928529,2819743713,MANAGER,3336C0003X,tier_1_primary_pharmacy,Y,Y,
1881972271,BROWNSVILLE PEDIATRIC PHARMACY PLLC,2050 N EXPRESSWAY,,BROWNSVILLE,TX,785211540,9565441222,PRESIDENT,3336C0003X,tier_1_primary_pharmacy,Y,Y,
1598043937,MANOR PHARMACY,2056 ANTOINE DR,#120,HOUSTON,TX,770551833,7134769606,MANAGER,333600000X|3336S0011X|3336C0003X,tier_1_primary_pharmacy,Y,Y,
1649559923,DEKA PHARMACEUTICALS INC,9896 BISSONNET ST,STE 130,HOUSTON,TX,770368104,4093508167,PRESIDENT,333600000X,tier_1_primary_pharmacy,Y,Y,
1861771156,"PARTON PHARMACY, LLC",211 E COKE RD,,WINNSBORO,TX,754943213,9033423669,OWNER,333600000X,tier_1_primary_pharmacy,Y,Y,
1427337724,MULTI-SCRIPT PHARMACY LLC,2601 GRAVEL DR,,FORT WORTH,TX,761186908,8176163700,VICE PRESIDENT,3336L0003X,tier_1_primary_pharmacy,Y,Y,
1881973519,WELLNESS PHARMACY LLC,1480 WILCREST DR,,HOUSTON,TX,770422229,7135320008,PIC,3336C0003X,tier_1_primary_pharmacy,Y,Y,
1114206588,"I.V. CARE OF S.A, INC.",810 SE MILITARY DR,SUITE A,SAN ANTONIO,TX,782142823,2109234493,OWNER/PHARMACIST IN CHARGE,333600000X,tier_2_secondary_pharmacy,N,Y,
1700166170,"SIGNA PHARMACY GROUP, LLC",1901 MEDI PARK DR STE 120,,AMARILLO,TX,791062106,8063537712,PHARMACIST,3336L0003X,tier_1_primary_pharmacy,Y,Y,
1073893038,TABB PHARMACY LLC,8608 S BRAESWOOD BLVD,,HOUSTON,TX,770311301,7137728222,OWNER,3336C0003X,tier_1_primary_pharmacy,Y,Y,
1861772501,FREEDOM PHARMACY AND MEDICAL SUPPLY,6206 DASHWOOD DR,,HOUSTON,TX,770814214,7137780160,MANAGER,3336C0003X,tier_1_primary_pharmacy,Y,Y,
1114208683,"ONCOLOGY PHARMACY SERVICES, INC.",1631 LANCASTER DR,SUITE 150,GRAPEVINE,TX,760513585,8173107027,DIRECTOR,3336C0002X|3336C0003X,tier_1_primary_pharmacy,Y,Y,
1598046096,EDNA GRACE DOWSON,9898 BISSONNET ST STE 120,,HOUSTON,TX,770368033,7139957912,OWNER,333600000X|3336C0003X,tier_1_primary_pharmacy,Y,Y,
1255612776,"QUICK PENNY INVESTMENTS, LLC",4107 CROSSPOINT BLVD STE B,,EDINBURG,TX,785391805,9562920404,PHARMACIST-IN-CHARGE,3336C0003X,tier_1_primary_pharmacy,Y,Y,
1780965129,PRISTINE GROUP INC,8353 SOUTHWEST FWY,,HOUSTON,TX,770741602,7137779200,PRESIDENT,333600000X,tier_1_primary_pharmacy,Y,Y,
1215218557,DASONCARE GROUP LLC,1204 N VELASCO ST STE 105,,ANGLETON,TX,775153199,9798495400,PHARMACIST-IN-CHARGE,333600000X|3336L0003X,tier_1_primary_pharmacy,Y,Y,
1881975118,"E & J PHARMACY, INC.",1313 HOLLAND ST,,HOUSTON,TX,770292890,7134558900,OWNER,3336C0003X,tier_1_primary_pharmacy,Y,Y,
1518248376,CNC PHARMACY COMPOUNDING,15040 FAIRFIELD VILLAGE SQUARE DR STE 100,,CYPRESS,TX,774337900,2817584040,MANAGING MEMBER,3336C0004X|3336C0003X|333600000X,tier_1_primary_pharmacy,Y,Y,
1821379587,TD HEALTHCARE LLC,105 E BROADWAY ST,,DENVER CITY,TX,793233225,8065923333,OWNER/MANAGING OFFICER,333600000X|3336C0004X|3336S0011X|3336C0003X,tier_1_primary_pharmacy,Y,Y,
1083996375,DOCTORS SPECIALTY PHARMACY LLC,8600 FREEPORT PKWY STE 110,,IRVING,TX,750631988,4699062002,MANAGER,3336C0003X|333600000X,tier_1_primary_pharmacy,Y,Y,
1922380245,FAMAK ENTERPRISES INC,1915 E MAYFIELD RD,SUITE 109,ARLINGTON,TX,760142604,8177958884,PHARMACIST,3336C0003X|333600000X,tier_1_primary_pharmacy,Y,Y,
1124300397,"ROSS MED RX, LLC",9501 LONG POINT RD STE J,,HOUSTON,TX,770554223,7134656007,DIRECTOR,3336C0003X,tier_1_primary_pharmacy,Y,Y,
1326320573,KEYSTONE PHARMACY MANAGEMENT LLC,351 CYPRESS CREEK RD,STE 100,CEDAR PARK,TX,786134528,5122585533,OWNER,333600000X,tier_1_primary_pharmacy,Y,Y,
1255613436,QUALITY EDUCATION COMMITTEE,9030 NORTH FWY STE 211,,HOUSTON,TX,770372113,2817336768,DIRECTOR OF OPERATIONS,3336C0003X,tier_2_secondary_pharmacy,N,Y,
1275815334,MEDI-HEALTH PHARMACY GROUP LLC,1200 KELLER PKWY STE 200,,KELLER,TX,762483615,6825930461,PHARMACIST-IN-CHARGE,333600000X|3336C0003X,tier_1_primary_pharmacy,Y,Y,
1366724387,STARR DME & PHARMACY INC.,1300 S BRYAN RD STE 101,,MISSION,TX,785726688,9562714258,OWNER,333600000X|3336C0003X,tier_1_primary_pharmacy,Y,Y,
1255613154,ALAMO CITY HEALTHCARE LLC,114 TALAVERA PKWY,1721,SAN ANTONIO,TX,782321055,2108589606,PHARMACY MANAGER,333600000X,tier_1_primary_pharmacy,Y,Y,
1225310154,LUV'S PHARMACY,11003 ANTOINE DR,SUITE I,HOUSTON,TX,770861426,2815377481,OWNER,3336C0003X,tier_1_primary_pharmacy,Y,Y,
1134402720,"H-E-B, LP",313 SIDNEY BAKER ST S,,KERRVILLE,TX,78028,8307925465,GOVERNMENT PROGRAMS MANAGER,3336C0003X,tier_1_primary_pharmacy,Y,N,H-E-B
1851674436,"H-E-B, LP",1701 W ALABAMA ST,,HOUSTON,TX,77098,7138077293,GOVERNMENT PROGRAMS MANAGER,3336C0003X,tier_1_primary_pharmacy,Y,N,H-E-B
1316220205,LOVING CARE PHARMACY INC,4406 AIRLINE DR,,HOUSTON,TX,770222901,7138089103,PHARMACIST IN CHARGE/DIRECTOR,333600000X|3336L0003X|3336C0003X,tier_1_primary_pharmacy,Y,Y,
1235412081,PLAINVIEW PHARMACY,6618 RAY DR,,PASADENA,TX,775054197,8324838914,MANAGING MEMBER,3336L0003X|333600000X,tier_1_primary_pharmacy,Y,Y,
1366725111,"REGEN PHARMACY, INC.",15650 CLASSEN ROAD,,SAN ANTONIO,TX,78247,2102368076,PRESIDENT,333600000X,tier_1_primary_pharmacy,Y,Y,
1710261508,MK DISTRIBUTORS,25010 OAKHURST DR,250,SPRING,TX,773862719,2817198032,OWNER,333600000X,tier_1_primary_pharmacy,Y,Y,
1750665519,EMERALD PHARMACY LLC,12863 GULF FWY,,HOUSTON,TX,770344807,2814847100,PRESIDENT,3336C0003X,tier_1_primary_pharmacy,Y,Y,
1790069516,RX PHARMACY INCORPORATED,5600 S WILLOW DR,#113,HOUSTON,TX,770354713,7137234600,PRESIDENT,3336C0004X|3336L0003X|3336C0003X,tier_1_primary_pharmacy,Y,Y,
1962786475,TEXAS UNITED CARE INC,6300 RICHMOND AVE,SUITE 100,HOUSTON,TX,770575931,8328849944,OWNER,3336C0003X,tier_1_primary_pharmacy,Y,Y,
1316221872,WALGREENS,2105 RUBEN TORRES BLVD,,BROWNSVILLE,TX,785267426,9565043468,PHAMRACIST,3336C0003X,tier_1_primary_pharmacy,Y,N,WALGREENS
1275817348,WALGREENS,2203 TEXAS PKWY,,MISSOURI CITY,TX,774894009,2812083304,PHARMACIST,3336C0003X,tier_1_primary_pharmacy,Y,N,WALGREENS
1831473867,SCRIPTCARE PHARMACY LLC,9441 FM 1960 BYPASS RD W,SUITE 200,HUMBLE,TX,773384089,8326449241,OFFICE MANAGER,3336C0003X,tier_1_primary_pharmacy,Y,Y,
1023392933,NORMANDY RX,7320 HIGHWAY 90A,SUITE 140,SUGAR LAND,TX,774783390,8329994744,OWNER/PRESIDENT,333600000X|3336C0003X,tier_1_primary_pharmacy,Y,Y,
1407130305,TINAPA MEDICAL MANAGEMENT INC,12714 NORTH FWY,,HOUSTON,TX,770601227,8326025049,OWNER,333600000X|3336C0003X,tier_1_primary_pharmacy,Y,Y,
1902181829,15RX LLC,11212 STATE HIGHWAY 151 STE 110,PLAZA-2,SAN ANTONIO,TX,782514500,2105431579,PHARMACIST-IN-CHARGE,3336C0004X|3336C0003X|333600000X,tier_1_primary_pharmacy,Y,Y,
1114202801,BELCHAN CORPORATION,9504 LONG POINT RD STE L,,HOUSTON,TX,770554226,7134652300,PHARMACIST IN CHARGE,333600000X|3336C0003X,tier_1_primary_pharmacy,Y,Y,
1215212873,WALGREENS,9005 N NAVARRO ST,,VICTORIA,TX,779041563,3615741105,PHARMACIST,3336C0003X,tier_1_primary_pharmacy,Y,N,WALGREENS
1992080519,ZEMA HEALTH CARE INC,1870 BARKER CYPRESS RD,,HOUSTON,TX,770844556,2815788345,OWNER/PIC,333600000X|3336C0003X,tier_1_primary_pharmacy,Y,Y,
1083999122,CARTERS PHARMACY RX LLC,1202 LARK LN STE 3,,RICHMOND,TX,774697433,2812397519,PHARMACIST IN CHARGE,333600000X|3336C0003X,tier_1_primary_pharmacy,Y,Y,
1649555749,"RX DIRECT, INC.",1311 W SAM HOUSTON PKWY N STE 140,,HOUSTON,TX,770434015,8668392035,PHARMACIST IN CHARGE,3336L0003X,tier_1_primary_pharmacy,Y,Y,
1497031447,"NUVISION PHARMACY, INC",4001 MCEWEN RD,STE 110,DALLAS,TX,752445020,2143474008,PIC,3336C0004X,tier_1_primary_pharmacy,Y,Y,
1811273881,BEN-RAY INC DBA PROVIDERX,2208 N LOOP 250 W # 101,,MIDLAND,TX,797076011,4326893355,PRESIDENT,3336C0003X|3336L0003X,tier_1_primary_pharmacy,Y,Y,
1437435179,SMILE PHARMACEUTICAL INC,2625 OLD DENTON RD STE 586,,CARROLLTON,TX,750075110,9724469191,MANAGER,333600000X|3336C0003X,tier_1_primary_pharmacy,Y,Y,
1245516442,IMC PHARMACY,17027 NANES DR,,HOUSTON,TX,770902501,2819881381,CEO,333600000X,tier_1_primary_pharmacy,Y,Y,
1538445861,BEXAR COUNTY HOSPITAL DISTRICT,4647 MEDICAL DR,,SAN ANTONIO,TX,782294403,2103588680,"SENIOR VP, CHIEF PHARMACY OFFICER",333600000X|3336C0003X,tier_1_primary_pharmacy,Y,Y,
1154607331,EPOCH PHARMACY SOLUTIONS II LLC,1202 N VIRGINIA ST,,PORT LAVACA,TX,779792507,3614820345,OWNER,333600000X|3336C0003X,tier_1_primary_pharmacy,Y,Y,
1326324526,SPARTAN PHARMACY,2327 FM 1960 RD,,HOUSTON,TX,770732501,2814496400,VP,333600000X,tier_1_primary_pharmacy,Y,Y,
1700162864,RAZI RX INC.,708 W SPRING VALLEY RD,,RICHARDSON,TX,750807216,9724799292,DIRECTOR,333600000X|3336C0003X,tier_1_primary_pharmacy,Y,Y,
1134405269,VPHARM CLINICAL CONSULTING SERVICES PLLC,8990 KIRBY DR STE 240,,HOUSTON,TX,770542854,7136609920,PHARMACIST IN CHARGE- CO-OWNER,3336C0004X|3336L0003X|333600000X|3336C0003X,tier_1_primary_pharmacy,Y,Y,
1891072880,PHAR-MILES PHARMACY LLC,16840 BUCCANEER LN STE P,,HOUSTON,TX,77058,8324108123,PHARMACIST IN CHARGE,333600000X|3336C0003X,tier_1_primary_pharmacy,Y,Y,
1932486800,MAS PHARMACY RX LLC,9355 LONG POINT RD STE L,,HOUSTON,TX,770554481,7134656113,PHARMACIST-IN-CHARGE/OWNER,333600000X|3336C0003X|3336C0004X,tier_1_primary_pharmacy,Y,Y,
1972880797,LIFECHEK RX GROUP LLC,1490 RESEARCH FOREST DR,,SHENANDOAH,TX,773814370,8329481012,OWNER,333600000X|3336C0003X,tier_1_primary_pharmacy,Y,Y,
1750668505,RURAL PHARMACY SOLUTIONS,109 NE 2ND ST,,CROSS PLAINS,TX,764432401,2547257330,CFO,3336C0003X,tier_1_primary_pharmacy,Y,Y,
1154608933,1960 FAMILY PRACTICE PA,837 CYPRESS CREEK PKWY STE 105A,,HOUSTON,TX,770903422,2814537205,PIC,3336C0003X,tier_1_primary_pharmacy,Y,Y,
1346527983,FAMILIA CARE INC.,"655 W. ILLINOIS AVENUE, BUILDING 900, SUITE 916/918,",,DALLAS,TX,75224,2148454000,PIC,3336C0003X,tier_1_primary_pharmacy,Y,Y,
1487931028,"STARR PLUS PHARMACY, LLC.",208 OAK DR S STE 601,,LAKE JACKSON,TX,775665789,9792973800,P.I.C. / OWNER,3336C0003X,tier_1_primary_pharmacy,Y,Y,
1679850101,YOUR RX PHARMACY INC,2637 IRA E WOODS AVE,#200,GRAPEVINE,TX,760519010,8174162222,PRESIDENT,333600000X,tier_1_primary_pharmacy,Y,Y,
1659658110,C AND I INTERNATIONAL INC.,1321 N COCKRELL HILL RD,SUITE 101A,DALLAS,TX,752111314,4695673654,PHARMACIST IN CHARGE,3336C0003X,tier_1_primary_pharmacy,Y,Y,
1871870204,MY PHARMACY,2920 MOTLEY DR,SUITE 200,MESQUITE,TX,751503471,8553553155,CEO,3336C0003X,tier_1_primary_pharmacy,Y,Y,
1508143777,SPCSA PLLC,12602 TOEPPERWEIN RD,218,LIVE OAK,TX,782333269,2106151901,AUTHORIZED OFFICIAL,3336C0002X,tier_2_secondary_pharmacy,N,Y,
1104103449,EMASON INCORPORATED,4423 RIVER OAKS BLVD,,FORT WORTH,TX,761142326,8176246200,OWNER & RPH IN CHRG,333600000X|3336C0003X,tier_1_primary_pharmacy,Y,Y,
1891072179,HAMPTON ALLIED PHARMACY INC,3030 LBJ FWY STE 880,,DALLAS,TX,752342774,2143307700,OWNER MANAGER,333600000X|3336C0003X,tier_1_primary_pharmacy,Y,Y,
1538446737,REMKEM CORPORATION,9037 GARLAND RD,,DALLAS,TX,752183919,2146601603,CORPORATE OFFICER,3336C0003X,tier_1_primary_pharmacy,Y,Y,
1558638452,STATSCRIPT,12817 GULF FWY STE A,,HOUSTON,TX,770344804,7132340045,CEO,333600000X|3336C0003X,tier_1_primary_pharmacy,Y,Y,
1578830360,REMINGTON HERITAGE HOLDINGS INC,329 N SHILOH RD STE B,,GARLAND,TX,750426610,9722767071,PHARMACY MANAGER,333600000X|3336C0004X|3336C0003X,tier_1_primary_pharmacy,Y,Y,
1356618227,PALAKRITU ENTERPRISE INC,2480 W ILLINOIS AVE,,DALLAS,TX,752331106,2143377770,SECRETARY,3336C0004X|333600000X|3336C0003X,tier_1_primary_pharmacy,Y,Y,
1770850521,HOPE PROFESSIONAL COMPOUNDING PHARMACY INC,1642 S MASON RD,,KATY,TX,774504563,2816934673,PHARMACIST IN CHARGE,3336C0004X,tier_1_primary_pharmacy,Y,Y,
1053688838,"LEGACY COMMUNITY HEALTH SERVICES, INC",6500 ROOKIN ST STE B-200,,HOUSTON,TX,770745019,7133517350,PHARMACIST,3336C0002X,tier_1_primary_pharmacy,Y,Y,
1881961423,SMD GROUP LLC,2245 BRINKER RD,,DENTON,TX,762086175,9405916415,PHARMACIST IN CHARGE,3336C0003X,tier_1_primary_pharmacy,Y,Y,
1699042234,ALLEGIANCE SPECIALTY HOSPITAL OF PERMIAN BASIN,207 TRADEWINDS BLVD,,MIDLAND,TX,797062807,8326078511,CEO,3336C0003X,tier_1_primary_pharmacy,Y,Y,
1609143064,PHARMACIST ON DEMAND LLC,8650 SPICEWOOD SPRINGS RD STE 107,,AUSTIN,TX,787594323,5122497500,PHARMACY OWNER/STAFF PHARMACIST,333600000X|3336L0003X,tier_1_primary_pharmacy,Y,Y,
1194093401,RED RIVER PHARMACY SERVICES INC,1550 MOORES LN STE B,,TEXARKANA,TX,755034657,9037927435,PRESIDENT,3336C0003X|3336C0004X|333600000X,tier_1_primary_pharmacy,Y,Y,
1487922787,TOTAL PHARMA LLC,5710 LBJ FWY,STE 140,DALLAS,TX,752406324,2148888099,OWNER,3336C0004X|333600000X|3336C0003X,tier_1_primary_pharmacy,Y,Y,
1417225673,IMMUNOVAX,14655 NORTHWEST FWY STE 101,,HOUSTON,TX,770404032,8324609003,OWNER,3336C0003X,tier_1_primary_pharmacy,Y,Y,
1356619365,SMITA BALAJI ENTERPRISE INC,980 N WALNUT CREEK DR STE 118,,MANSFIELD,TX,760638020,8174535700,SECRETARY,3336C0004X|3336C0003X,tier_1_primary_pharmacy,Y,Y,
1528336419,MOORES PHARMACY INC,5802 SARATOGA BLVD STE 100,,CORPUS CHRISTI,TX,784144252,3616534007,OWNER,3336C0003X,tier_1_primary_pharmacy,Y,Y,
1174891923,MCCART PHARMACY,4237 MCCART AVE,,FORT WORTH,TX,761151020,8179247200,PHARMACIST,333600000X|3336C0003X,tier_1_primary_pharmacy,Y,Y,
1134497829,P. PHARMACY INC,9000 RICHMOND AVE,SUITE 200,HOUSTON,TX,770634925,7136916200,MANAGING OFFICER,3336C0003X,tier_1_primary_pharmacy,Y,Y,
1457620775,PQ PHARMACY SERVICES LLC,2430 FRY RD # 104,,HOUSTON,TX,770845831,2815791310,MANAGER,3336C0003X,tier_1_primary_pharmacy,Y,Y,
1669741013,"EL CENTRO DEL BARRIO, INC.",5542 WALZEM RD.,,SAN ANTONIO,TX,782213117,2106372420,CFO,3336C0002X,tier_2_secondary_pharmacy,N,Y,
1720357064,"RAYVAL, LLC",2715 OSLER DR,,GRAND PRAIRIE,TX,750511051,4697331033,DIRECTOR/OWNER,3336C0004X|3336C0003X|3336L0003X|333600000X|3336S0011X,tier_1_primary_pharmacy,Y,Y,
1710256045,TEXAS VERVE ENTERPRISES,3517 N MAIN ST,SUITE 1,BAYTOWN,TX,775214117,2818388025,PHARMACY MANAGER,3336C0003X,tier_1_primary_pharmacy,Y,Y,
1134498389,CLEO HEALTHCARE SERVICES INC,13415 WOODFOREST BLVD STE F,,HOUSTON,TX,770152922,7133304400,PHARMACIST IN CHARGE,333600000X,tier_1_primary_pharmacy,Y,Y,
1083983290,HCP PHARMACY LLC,2905 MANGUM RD,STE E,HOUSTON,TX,770927543,7136801600,ADMINISTRATOR,333600000X|3336C0003X,tier_1_primary_pharmacy,Y,Y,
1790054005,C AND P PHARMACY,8312 LONG POINT RD STE A,,HOUSTON,TX,770552050,7138279000,MANAGER,333600000X|3336C0003X,tier_1_primary_pharmacy,Y,Y,
1932478112,MEDFRONT LLC,4041 W WHEATLAND RD STE 204,,DALLAS,TX,752374061,9727092190,OWNER/MGR/PIC,333600000X|3336C0004X|3336L0003X|3336C0003X,tier_1_primary_pharmacy,Y,Y,
1841569027,"PRO PHARMACY HEALTH , LLC",14021 SOUTHWEST FWY # 409B,,SUGAR LAND,TX,77478,2814910767,MANAGER,333600000X|3336C0003X,tier_1_primary_pharmacy,Y,Y,
1538438510,"SILVERIDGE PHARMACY, INC.",15626 SILVER RIDGE DR STE 103,,HOUSTON,TX,770903711,2814447100,OWNER,3336C0003X,tier_1_primary_pharmacy,Y,Y,
1962771733,ADVANCE PHARMACY LLC,2646 S LOOP W STE 330,,HOUSTON,TX,770542773,7136615711,OWNER,3336C0004X|3336C0003X,tier_1_primary_pharmacy,Y,Y,
1295004067,DE ANGELO PHARMACY INC,112 HWY 146 S,SUITE B,LA PORTE,TX,775716123,2818428500,PIC,333600000X|3336C0004X|3336C0003X,tier_1_primary_pharmacy,Y,Y,
1437428190,HCP PHARMACY LLC,13414 MEDICAL COMPLEX DR STE 12,,TOMBALL,TX,773753334,3463144903,PHARMACIST IN CHARGE,333600000X|3336C0003X,tier_1_primary_pharmacy,Y,Y,
1154690634,HOPE PHARMACY INC,1140 BUSINESS CENTER DR STE 103,,HOUSTON,TX,770432740,7134651117,MANAGER,333600000X|3336C0003X,tier_1_primary_pharmacy,Y,Y,
1912276403,FAMILY BIOCARE LLC,7601 W SAM HOUSTON PKWY S STE 800,,HOUSTON,TX,770725240,2813153770,PHARMACIST,3336C0004X|3336C0003X,tier_1_primary_pharmacy,Y,Y,
1821367319,FAMILY BIOCARE LLC,4949 FAIRMONT PKWY,SUITE 202,PASADENA,TX,775053757,8329007712,MANAGER,333600000X|3336C0003X,tier_1_primary_pharmacy,Y,Y,
1720357221,CHOICE PHARMACY INC.,9935 BISSONNET STREET,STE B,HOUSTON,TX,77036,7137780463,PIC,333600000X|3336C0004X|3336C0003X,tier_1_primary_pharmacy,Y,Y,
1174893663,THE DON & SYBIL HARRINGTON CANCER CENTER INC,1500 WALLACE BLVD,,AMARILLO,TX,791061794,8062121944,CEO,3336C0003X,tier_1_primary_pharmacy,Y,Y,
1720358278,K2 PHARMACY,1348 FEDERAL RD,,HOUSTON,TX,770156714,7134539103,PRESIDENT,3336C0003X,tier_1_primary_pharmacy,Y,Y,
1659641199,DALLAS COUNTY HOSPITAL DISTRICT,2121 BUTLER ST,,DALLAS,TX,752357801,2145902881,EVP & COO,333600000X,tier_1_primary_pharmacy,Y,Y,
1598035651,"H-E-B, LP",1841 CHURCH ST.,,GONZALES,TX,78629,8306726590,GOVERNMENT PROGRAMS MANAGER,3336C0003X,tier_1_primary_pharmacy,Y,N,H-E-B
1477823417,ADMIX COMPOUNDING PHARMACY PLLC,1403 S. HIGHWAY 6 STE: 300B,,SUGAR LAND,TX,77478,2135480283,PRESIDENT,3336C0003X|3336C0004X,tier_1_primary_pharmacy,Y,Y,
1386914323,PAREEK INC,1109 E 5TH ST,,TYLER,TX,757013318,9035339100,DIRECTOR,3336H0001X|3336S0011X,tier_1_primary_pharmacy,Y,Y,
1144590704,MEDPRUDENT INC.,6335 GULFTON ST STE 105,,HOUSTON,TX,770811112,2818670040,PIC,3336C0003X,tier_1_primary_pharmacy,Y,Y,
1124399431,CHRISTOPHER H CUTRER DBA GORMAN PHARMACY,117 S KENT ST,,GORMAN,TX,764543060,2547342859,PIC---OWNER,3336C0003X,tier_1_primary_pharmacy,Y,Y,
1033480348,"STRIPLINGS PHARMACY, LLC",1205 N MOUND ST,,NACOGDOCHES,TX,759614028,2812173425,MANAGER,3336L0003X,tier_1_primary_pharmacy,Y,Y,
1831460716,JOE'S PHARMACY,1221 1ST ST,,ROSENBERG,TX,774713203,2817621231,PRESIDENT/PIC,3336C0003X,tier_1_primary_pharmacy,Y,Y,
1033480918,MEDPRO PHARMACY #2,1120 E PARKER RD,STE 210,PLANO,TX,750745329,9723129148,MANAGING MEMBER/PHARMACIST IN CHARG,3336C0003X,tier_1_primary_pharmacy,Y,Y,
1558632489,DALLAS COUNTY HOSPITAL DISTRICT,2121 BUTLER ST,,DALLAS,TX,752357801,2145902881,EXECUTIVE VP & COO,333600000X,tier_1_primary_pharmacy,Y,Y,
1134490840,TRICARE PHARMACY LLC,5225 KATY FWY STE 101A,,HOUSTON,TX,770072292,2819530030,FOUNDER/CEO,3336C0004X|333600000X|3336C0003X,tier_1_primary_pharmacy,Y,Y,
1598036287,WALGREENS,1432 ANTONIO ST,,ANTHONY,TX,798217146,9158862413,PHARMACIST,3336C0003X,tier_1_primary_pharmacy,Y,N,WALGREENS
1407127194,TOP RX PHARMACY,2381 S COLLINS ST,,ARLINGTON,TX,76014,8173033695,MANAGING MEMBER,3336C0003X,tier_1_primary_pharmacy,Y,Y,
1477825107,LIVE SMART PHARMACY,6833 W SAM HOUSTON PKWY S STE 106,,HOUSTON,TX,770725252,7139880838,PRESIDENT,3336C0003X,tier_1_primary_pharmacy,Y,Y,
1083986780,GUADALUPE COUNTY HOSPITAL BOARD,1215 E COURT ST,,SEGUIN,TX,781555129,8304017603,COMPLIANCE/HIPAA OFFICER,3336I0012X,tier_1_primary_pharmacy,Y,Y,
1780956334,LUXITE LABS,6831 S GESSNER RD,,HOUSTON,TX,770364613,7132726400,OWNER,3336C0003X,tier_1_primary_pharmacy,Y,Y,
1396017893,FRY ROAD PHARMACY,2211 N FRY RD STE M,,KATY,TX,774496233,2816470100,OWNER,3336C0003X,tier_1_primary_pharmacy,Y,Y,
1518239995,MULTI-ENTERPRISES LLC,10101 BISSONNET ST STE A,,HOUSTON,TX,770367835,2819681118,DIRECTOR,333600000X|3336C0003X,tier_1_primary_pharmacy,Y,Y,
1467724328,K2PHARMACY,1348 FEDERAL RD,,HOUSTON,TX,770156714,7134539103,OWNER,333600000X,tier_1_primary_pharmacy,Y,Y,
1952673873,BELLFORT RX LLC,12234 SHADOW CREEK PKWY STE 4110,,PEARLAND,TX,775847333,2817411176,PIC,3336C0003X,tier_1_primary_pharmacy,Y,Y,
1033482641,IPSC MANAGEMENT LLC,610 E JEFFERSON BLVD # 110B,,DALLAS,TX,752032750,9722314888,PRESIDENT,333600000X|3336C0003X,tier_1_primary_pharmacy,Y,Y,
1326311804,HICARE PHARMACY LLC,7814 ALMEDA RD,,HOUSTON,TX,770543235,7137998880,PIC,333600000X|3336C0003X,tier_1_primary_pharmacy,Y,Y,
1255604450,SINA GROUP INC,3815 FRY RD STE 600,,KATY,TX,774496428,2817174521,PIC,333600000X|3336L0003X|3336C0003X,tier_1_primary_pharmacy,Y,Y,
1649543760,H&H CHINA PHARMACY LLC,207 E RAILROAD ST,,CHINA,TX,77613,4097523450,MANGER,333600000X|3336C0003X,tier_1_primary_pharmacy,Y,Y,
1447523584,PANACEA PHARMACY LLC,1050 N WESTMORELAND RD STE 314,,DALLAS,TX,752112444,2143392352,OWNER,3336C0003X,tier_1_primary_pharmacy,Y,Y,
1124392899,BROOKSHIRE BROTHERS INC,103 MAIN ST,,NORMANGEE,TX,77871,9363961412,CHIEF OPERATIONS OFFICER,3336C0003X,tier_1_primary_pharmacy,Y,Y,
1548534209,RX HEALTH LLC,28533 SPRING TRAILS RDG STE 110,,SPRING,TX,773864355,2816023491,OWNER/PIC/MANAGER,333600000X|3336C0004X|3336L0003X|3336C0003X,tier_1_primary_pharmacy,Y,Y,
1952675639,AMERICAN SPECIALTY PHARMACY INC,2436 S INTERSTATE 35 E STE 360,,DENTON,TX,762054900,9403831222,OWNER/PRESIDENT/AO,3336S0011X|333600000X|3336C0003X,tier_1_primary_pharmacy,Y,Y,
1063786259,HEALTHFIRST PHARMACY PLLC,424 E PLEASANT RUN RD,,DESOTO,TX,751153936,4692975022,PHARMACIST-IN-CHARGE,333600000X|3336C0004X|3336C0003X,tier_1_primary_pharmacy,Y,Y,
1679847636,SERENITY INFUSION SUITES & COMPOUNDING RX,8625 KING GEORGE DR,SUITE 300,DALLAS,TX,752352215,4692634549,MANAGER,3336C0004X,tier_1_primary_pharmacy,Y,Y,
1043584121,P & H CORPORATION,1441 S MIDLOTHIAN PKWY,#140,MIDLOTHIAN,TX,760655591,9727755222,PRESIDENT,3336C0003X,tier_1_primary_pharmacy,Y,Y,
1932473048,LONG PRAIRIE PHARMACY LLC,4921 LONG PRAIRIE RD STE 105,SUITE 105,FLOWER MOUND,TX,750282742,9724103773,OWNER,3336C0003X,tier_1_primary_pharmacy,Y,Y,
1710251772,BROADWAY PHARMACY LLC,3334 BROADWAY BLVD STE 412,,GARLAND,TX,750431575,9722789742,PHARMACIST,333600000X|3336C0004X|3336C0003X,tier_1_primary_pharmacy,Y,Y,
1386918365,"BIG COUNTRY ENTERPRISES, INC.",502 S AVENUE F,,KNOX CITY,TX,795292110,9406573210,CONTROLLER,3336C0003X,tier_1_primary_pharmacy,Y,Y,
1184998163,SPECIALTY VETERINARY PHARMACY,4159 BLUEBONNET DRIVE,,STAFFORD,TX,77477,8776733705,PRESIDENT,333600000X,tier_1_primary_pharmacy,Y,Y,
1407121411,TRIPLE A PHARMACY CORPORATION,11450 SPACE CENTER BLVD,SUITE 101,HOUSTON,TX,770593641,2814870607,MANAGING OFFICER,3336C0003X,tier_1_primary_pharmacy,Y,Y,
1124393137,AJIJO VENTURES DBA HEALTHPRO PHARMACY,800 N BISHOP AVE STE 4,,DALLAS,TX,752084203,2149424000,OWNER,3336C0003X,tier_1_primary_pharmacy,Y,Y,
1508131475,EVERETT COMMUNITY HEALTHCARE LLC,5201 MEMORIAL DR,SUITE 1109,HOUSTON,TX,770078237,7139818900,OFFICE MANAGER,3336H0001X,tier_1_primary_pharmacy,Y,Y,
1912272493,APRX INC,1014 N FIELDER RD,STE 110,ARLINGTON,TX,760123149,6822351025,PRESIDENT,333600000X|3336C0004X|3336L0003X,tier_1_primary_pharmacy,Y,Y,
1578838058,SLG PHARMACY LLC,2602 N MAIN AVE,,SAN ANTONIO,TX,782122919,2107363161,OFFICER,3336L0003X,tier_1_primary_pharmacy,Y,Y,
1407121957,BIOCURE LLC,6671 SOUTHWEST FWY STE 800,,HOUSTON,TX,770742214,7133602100,"DIRECTOR, CORPORATE ADMINISTRATION",3336C0003X|3336H0001X|3336S0011X,tier_1_primary_pharmacy,Y,Y,
1073888301,SHEVAT INC,5537 LAWNDALE ST,,HOUSTON,TX,770233837,7135148028,OWNER,3336C0003X,tier_1_primary_pharmacy,Y,Y,
1124394283,ROCK PHARMACY LLC,1201 S MAIN ST,SUITE 121,BOERNE,TX,780062833,8303575052,OWNER/PRESIDENT/PIC,3336C0004X|3336C0003X,tier_1_primary_pharmacy,Y,Y,
1952677924,"SERENITY INFUSION SUITES & COMPOUNDING RX, LLC",8625 KING GEORGE DR,SUITE 300,DALLAS,TX,752352215,4692634549,MANAGER,3336H0001X,tier_1_primary_pharmacy,Y,Y,
1497021315,RX MAX PHARMACY,5858 S GESSNER DR STE 124,,HOUSTON,TX,770362646,7137721363,OWNER,3336C0003X,tier_1_primary_pharmacy,Y,Y,
1659647444,TECHNODREAN INC,14891 SOUTHWEST FWY,,SUGAR LAND,TX,774785016,2813026080,OWNER,333600000X,tier_1_primary_pharmacy,Y,Y,
1023384898,MAXOR NATIONAL PHARMACY SERVICES LLC,216 S POLK ST,,AMARILLO,TX,791011407,8666296779,"PRESIDENT, PHARMACY SERVICES",3336S0011X,tier_1_primary_pharmacy,Y,Y,
1962778738,CRESTVIEW PHARMACY LLC,7100 WOODROW AVE,,AUSTIN,TX,787571802,5124529535,MR,333600000X,tier_1_primary_pharmacy,Y,Y,
1043586795,REHOBOTH PHARMACY SERVICES,700 S ZARZAMORA ST,SUITE 108,SAN ANTONIO,TX,782075255,2104349999,OWNER/PHARMACY MANAGER,3336L0003X|3336C0003X,tier_1_primary_pharmacy,Y,Y,
1932475241,GOBINAS PHARMACY SERVICES LLC,3521 W FREDDY GONZALEZ DR STE A,,EDINBURG,TX,785398391,9562874242,PHARMACIST-IN-CHARGE,3336C0004X|333600000X|3336C0003X,tier_1_primary_pharmacy,Y,Y,
1457627705,REVCO HEALTHCARE PHARMACY,2505 E ARKANSAS LN STE 133,,ARLINGTON,TX,760108700,8173035100,PHARMACIST-IN-CHARGE,333600000X|3336C0003X,tier_1_primary_pharmacy,Y,Y,
1972879112,KUAA INC,432 MURPHY RD,,STAFFORD,TX,774775448,2819695077,PHARMACIST,3336C0003X,tier_1_primary_pharmacy,Y,Y,
1316203573,BALLINGER MEMORIAL HOSPITAL DISTRICT,2001 HUTCHINS AVE,SUITE A,BALLINGER,TX,768214452,3253653505,CEO/ADMINISTRATOR,333600000X|3336C0003X,tier_1_primary_pharmacy,Y,Y,
1114283231,A&W PHARMACY,435 EL DORADO BLVD STE 6,,WEBSTER,TX,775982200,2812867710,PHAMACIST/OWNER,333600000X|3336C0003X,tier_1_primary_pharmacy,Y,Y,
1144586207,ITALY FAMILY PHARMACY INC,102 E DANIELDALE ROAD,SUITE 100,DUNCANVILLE,TX,75137,4695132499,PRESIDENT,333600000X|3336C0003X,tier_1_primary_pharmacy,Y,Y,
1144586249,"ELITE PHARMACY,INC",740 W LITTLE YORK RD STE C,,HOUSTON,TX,770912426,2818203060,MANAGING MEMBER,333600000X|3336C0003X,tier_1_primary_pharmacy,Y,Y,
1477819266,PRODIGIOUS INDUSTRIES LLC,3224 GUS THOMASSON RD,,MESQUITE,TX,751504004,9723291168,PHARMACIST IN CHARGE,3336C0003X|333600000X,tier_1_primary_pharmacy,Y,Y,
1447516109,ADITYA BALAJI ENTERPRISE INC,2201 LONG PRAIRIE RD,STE 101,FLOWER MOUND,TX,750224832,9725391777,OFFICER,333600000X|3336C0003X,tier_1_primary_pharmacy,Y,Y,
1316204621,MUENSTER PHARMACY,511 N MAPLE ST,,MUENSTER,TX,762522425,9407592833,ADMINISTRATOR/CEO,333600000X|3336C0003X,tier_1_primary_pharmacy,Y,Y,
1831456029,RUIZ PHARMACY,1405 E JEFFERSON ST,,BROWNSVILLE,TX,785205755,9565460500,PHARMACIST/OWNER,333600000X,tier_1_primary_pharmacy,Y,Y,
1346507514,MEDICAL MART & DME,3401 W MILE 5 RD,SUITE 2,MISSION,TX,785745313,9564243535,PIC,333600000X|3336C0004X|3336H0001X|3336C0003X,tier_1_primary_pharmacy,Y,Y,
1003173097,"BASIN RX, LLC",801 N MAIN STREET STE F,,ANDREWS,TX,79714,4325237000,OWNER/MANAGING MEMBER,3336C0003X,tier_1_primary_pharmacy,Y,Y,
1316204217,DAVILA CD PHARMACY LLC,1423 GUADALUPE ST STE 105,,SAN ANTONIO,TX,782075568,2102424010,OWNER/VICE-PRESIDENT,3336S0011X|333600000X|3336L0003X,tier_1_primary_pharmacy,Y,Y,
1639436561,AGRACE LLC,721 W TARRANT RD STE 110,,GRAND PRAIRIE,TX,750503445,8332247223,PRESIDENT,3336C0003X|3336C0004X|3336S0011X|333600000X,tier_1_primary_pharmacy,Y,Y,
1609133529,TEKISHA DUNMORE,15028 HIGHWAY 6,,ROSHARON,TX,775833261,2817104451,OWNER,3336C0003X,tier_1_primary_pharmacy,Y,Y,
1558628339,YOUR PHARMACY INC,7400 HARWIN DR STE 253,,HOUSTON,TX,770362030,7137811010,CEO,3336C0003X,tier_1_primary_pharmacy,Y,Y,
1366709974,"SCEPTER, LLC",2520 K AVE,600,PLANO,TX,750745342,9725788888,PHARMACIST IN CHARGE,3336C0003X,tier_1_primary_pharmacy,Y,Y,
1952669384,"ADLIA M. EBEID, PHARMD, PLLC",2360 COUNTY ROAD 94,SUITE 108,PEARLAND,TX,775845136,8327361676,OWNER/PHARMACIST IN CHARGE,3336C0003X,tier_1_primary_pharmacy,Y,Y,
1093073298,"SPECIALIZED TRANSDERMAL, LLC",7700 MAIN STREET,SUITE 333,HOUSTON,TX,770304457,2109518877,CEO,333600000X|3336C0003X,tier_1_primary_pharmacy,Y,Y,
1124386354,ASCENSION SETON,1500 RED RIVER ST,,AUSTIN,TX,787011918,5123247393,REGIONAL DIR NET REV & REIMB,333600000X|3336C0003X,tier_1_primary_pharmacy,Y,Y,
1356609358,AGP PHARMACY LLC,3200 OLTON RD,B,PLAINVIEW,TX,790726653,8062969000,OWNER/MANAGER,3336C0003X|3336C0004X|333600000X,tier_1_primary_pharmacy,Y,Y,
1548528623,JNCN HOLDINGS LLC,16842 HIGHWAY 3,,WEBSTER,TX,775982112,8329325747,OWNER,3336C0003X,tier_1_primary_pharmacy,Y,Y,
1689932568,ST HOPE FOUNDATION INC,1414 S FRAZIER ST STE 105,,CONROE,TX,773014475,9364942455,CHIEF OPERATIONS OFFICER,333600000X|3336C0003X,tier_1_primary_pharmacy,Y,Y,
1962760827,COMPOUND ONE,12560 REED RD,,SUGAR LAND,TX,774783379,8553467600,COMPLIANCE COORDINATOR,3336M0002X|3336C0004X|3336C0003X,tier_1_primary_pharmacy,Y,Y,
1871851733,JANSPA MED SERVICES INC,13914 HIGHWAY 3 STE 700,,WEBSTER,TX,775981613,2818867164,OWNER/PRES,3336C0003X,tier_1_primary_pharmacy,Y,Y,
1427316116,KNOX COUNTY HOSPITAL DISTRICT,712 SE 5TH ST,,KNOX CITY,TX,795292105,9406574036,"CEO,AO",333600000X|3336C0003X,tier_1_primary_pharmacy,Y,Y,
1326307851,"SCARSDALE PHARMACY, LLC",12600-B SCARSDALE BLVD,,HOUSTON,TX,77089,2814816600,MANAGER,3336C0003X,tier_1_primary_pharmacy,Y,Y,
1124387386,"ECO PHARMACY OF WILLOWBROOK, LLC",13325 HARGRAVE RD STE 260,,HOUSTON,TX,770704539,2819557500,PHARMACIST,3336C0003X,tier_1_primary_pharmacy,Y,Y,
1104185982,MEDSHOPPE RX PHARMACY,14522 S POST OAK RD,#108-A,HOUSTON,TX,770456037,7134920899,MANAGER,333600000X,tier_1_primary_pharmacy,Y,Y,
1407115140,RAZI RX INC,600 W MCDERMOTT DR STE A,,ALLEN,TX,750132798,2145701610,DIRECTOR,333600000X|3336C0003X,tier_1_primary_pharmacy,Y,Y,
1144589847,TD PHARMACY,12319 BELLAIRE BLVD STE 400,,HOUSTON,TX,770722590,2817418472,DIR OF ADMIN & COMPLIANCE,3336C0004X|333600000X|3336C0003X,tier_1_primary_pharmacy,Y,Y,
1932469590,COIF-SOE INC,329 N HIGHWAY 67 STE 150,,CEDAR HILL,TX,751042187,9722912525,PRESIDENT,3336C0004X|3336C0003X,tier_1_primary_pharmacy,Y,Y,
1730449299,EMPOWER PHARMACY,7601 N SAM HOUSTON PKWY W STE 100,,HOUSTON,TX,770643595,8326784417,OWNER,3336C0004X|3336C0003X,tier_1_primary_pharmacy,Y,Y,
1922368257,"TEXAS SPECIALTY GROUP, LLC",2802 GARTH ROAD,SUITE 101,BAYTOWN,TX,77521,8328318031,PRESIDENT,333600000X|3336C0004X|3336C0003X,tier_1_primary_pharmacy,Y,Y,
1881954857,KELLY'S PHARMACY,520 EVERHART RD,,CORPUS CHRISTI,TX,784111902,3613344500,CEO/OWNER,333600000X|3336C0004X|3336C0003X,tier_1_primary_pharmacy,Y,Y,
1629338413,WALGREENS,2525 W ANDERSON LN,,AUSTIN,TX,787571180,5123236127,PHARMACIST,3336C0003X,tier_1_primary_pharmacy,Y,N,WALGREENS
1407116221,WALGREENS,420 N FRAZIER ST,,CONROE,TX,773012882,9364940424,PHARMACEY SUPERVISOR,333600000X,tier_1_primary_pharmacy,Y,N,WALGREENS
1598025280,MONROE CARE PHARMACY LLC,8529 GULF FWY,,HOUSTON,TX,770175055,7139461535,OWNER,333600000X,tier_1_primary_pharmacy,Y,Y,
1306107073,SOUTH TEXAS PHARMACY GROUP LLC,4151 JAIME ZAPATA MEMORIAL HWY STE 208,,LAREDO,TX,780434782,9567242090,OWNER/MGR/PHCY TECH,333600000X|3336C0003X,tier_1_primary_pharmacy,Y,Y,
1457612947,DELIVERIT PHARMACY INC.,13303 W AIRPORT BLVD STE A,,SUGAR LAND,TX,774785800,2812771071,PRESIDENT & CEO,333600000X|3336C0004X|3336S0011X|3336C0003X,tier_1_primary_pharmacy,Y,Y,
1205197522,AMATULLAH AAI INC,27721 TOMBALL PKWY,SUITE 400,TOMBALL,TX,773756561,8326981565,PIC,333600000X|3336C0003X,tier_1_primary_pharmacy,Y,Y,
1689935884,A-PLUS PHARMACY,5700 S GESSNER RD,STE. G,HOUSTON,TX,770361699,7137509160,PRESIDENT,3336C0003X,tier_1_primary_pharmacy,Y,Y,
1164783189,REDICARE,7580 W BELLFORT ST # B,,HOUSTON,TX,770712102,7137720100,PRESIDENT,333600000X,tier_1_primary_pharmacy,Y,Y,
1801158019,WTHFB TYLER.LLC,2415 E 5TH ST,,TYLER,TX,757013523,9035931400,MANAGING MEMBER,3336C0003X,tier_1_primary_pharmacy,Y,Y,
1295097335,"SERENITY INFUSION SUITES & COMPOUNDING RX SOLUTIONS, LLC.",8625 KING GEORGE DR,SUITE 300,DALLAS,TX,752352215,4692634549,MEMBER,3336C0004X,tier_1_primary_pharmacy,Y,Y,
1386907756,LELAND PHARMACY LLC,5412 FARMER ST,,HOUSTON,TX,770204720,7136738000,PRESIDENT,3336C0003X,tier_1_primary_pharmacy,Y,Y,
1174887012,HEALTHSCRIPTS OF AMERICA-HOUSTON MEDICAL CENTER LLC,2060 SPACE PARK DR STE 108,,HOUSTON,TX,770583674,2815496681,OWNER,333600000X|3336C0004X|3336C0003X,tier_1_primary_pharmacy,Y,Y,
1952665499,LIFECHEK NEW BRAUNFELS LP,1100 JACKSON ST,,RICHMOND,TX,774693320,2812323529,MANAGING OFFICER,333600000X|3336L0003X|3336C0003X,tier_1_primary_pharmacy,Y,Y,
1861756306,"PAREEK ,INC",2743 W 15TH ST,,PLANO,TX,750757525,2149192090,OWNER,3336S0011X|3336C0003X,tier_1_primary_pharmacy,Y,Y,
1932463122,AIRLINE PHARMACY ASSOCIATES LLC,24420 FM 1314 RD STE 8,,PORTER,TX,773655490,2813545036,ADMIN/OWNER,3336C0003X,tier_1_primary_pharmacy,Y,Y,
1881958932,PAREEK INC,2743 W 15TH ST,,PLANO,TX,750757525,2149192090,OWNER,333600000X|3336H0001X|3336S0011X|3336C0003X,tier_1_primary_pharmacy,Y,Y,
1568727642,UH SYSTEM CONSOLIDATED,4349 MARTIN LUTHER KING BLVD,ROOM 1211,HOUSTON,TX,77204,7137435125,DIRECTOR,3336C0002X,tier_1_primary_pharmacy,Y,Y,
1760747752,"H-E-B, LP",9503 JONES RD,,HOUSTON,TX,77065,2818945237,GOVERNMENT PROGRAMS MANAGER,3336C0003X,tier_1_primary_pharmacy,Y,N,H-E-B
1508121179,WESLEY PHARMACY,5711 BISSONNET ST STE F,,BELLAIRE,TX,774014724,7138381500,MANAGER,3336C0003X,tier_1_primary_pharmacy,Y,Y,
1508121195,"ARTEMIS PHARMACY, LLC",9640 COURT GLEN DR,,HOUSTON,TX,770992541,2819338888,PIC,333600000X|3336C0003X,tier_1_primary_pharmacy,Y,Y,
1851656037,HEALING INFECTIONS PHARMACY,920 MEDICAL PLAZA DR,SUITE 330,SHENANDOAH,TX,773803260,8666291799,OWNER,3336C0002X,tier_1_primary_pharmacy,Y,Y,
1659636850,OMEGA PHARMACY INC,4507 MAPLE AVE STE 100,,DALLAS,TX,752191830,2145998844,MD/PIC,333600000X|3336C0003X,tier_1_primary_pharmacy,Y,Y,
1639434848,P&M PHARMA CORPORATION,5201 S COOPER ST,STE 117,ARLINGTON,TX,760175933,8174192688,OWNER,3336C0003X,tier_1_primary_pharmacy,Y,Y,
1326393331,"BAYLOR SCOTT & WHITE HEALTH ENTERPRISES, INC.",5236 W UNIVERSITY DR STE 1900,,MCKINNEY,TX,750718111,4697647100,PRESIDENT,333600000X|3336C0003X,tier_1_primary_pharmacy,Y,Y,
1962757898,LMR WEBSTER STREET PHARMACY INCORPORATED,11519 WALLISVILLE RD STE 500,,HOUSTON,TX,77049,2812884466,OWNER,3336C0003X,tier_1_primary_pharmacy,Y,Y,
1467707299,PR PHARMACY,5819 HIGHWAY 6 STE 160,,MISSOURI CITY,TX,774594069,8322308027,OWNER,333600000X|3336C0003X,tier_1_primary_pharmacy,Y,Y,
1235484965,BURKES INC,1396 ELDRIDGE PKWY,STE. D,HOUSTON,TX,770772545,2817527244,OWNER,3336C0003X,tier_1_primary_pharmacy,Y,Y,
1568718856,SENIOR CARE PHARMACY OF TEXAS LLC,3001 SUMMIT AVE STE 200,,PLANO,TX,750747225,8889088148,EXECUTIVE DIRECTOR,333600000X|3336L0003X,tier_1_primary_pharmacy,Y,Y,
1568718609,CHEBYCARE PHARMACY,1421 W BUCKINGHAM RD,,GARLAND,TX,750424202,9726751100,PIC,3336C0004X|3336C0003X,tier_1_primary_pharmacy,Y,N,HEB
1508112392,"TARRYTOWN EXPOCARE, LLC",8500 SHOAL CREEK BLVD BLDG 1,,AUSTIN,TX,787576888,5126177312,DIRECTOR OF REVENUE CYCLE,3336L0003X,tier_1_primary_pharmacy,Y,Y,
1114273950,CORNERSTONE PHARMACY,2707 BOLTON BOONE DR,SUITE 101,DESOTO,TX,751152076,9722834440,OWNER,3336C0003X,tier_1_primary_pharmacy,Y,Y,
1124374905,VETRXMEDS INC,1125 CYPRESS STATION DR,STE B3,HOUSTON,TX,770903054,8322861341,PRES/PHARMACIST,3336C0004X|3336S0011X|333600000X|3336C0003X,tier_1_primary_pharmacy,Y,Y,
1467708024,FAMILY BIOCARE LLC,12121 RICHMOND AVE,SUITE 126,HOUSTON,TX,770822432,2813004490,PRESIDENT/SECRETARY,3336C0003X,tier_1_primary_pharmacy,Y,Y,
1689921983,"LX HOMECARE, LLC",800 PEAKWOOD DR,STE 4-A,HOUSTON,TX,77090,2816023487,"MANAGING OFFICER, AO",333600000X|3336C0003X,tier_1_primary_pharmacy,Y,Y,
1952658643,RHEUMATOLOGY ASSOCIATES OF SOUTH TEXAS PLLC,19272 STONE OAK PKWY STE 101,,SAN ANTONIO,TX,782583372,8555673432,"MANAGER, PHARMACY LICENSING/CONTRAC",333600000X|3336C0003X,tier_1_primary_pharmacy,Y,Y,
1003164450,WELLNESS PLUS PHARMACY INC,13141 FM 1960 RD W STE 200,,HOUSTON,TX,770655279,8326047418,PHARMACIST IN CHARGE,333600000X|3336C0003X,tier_1_primary_pharmacy,Y,Y,
1457609752,PALACE PHARMACY LLC,5200 COLLEYVILLE BLVD STE C,,COLLEYVILLE,TX,760345828,8175997988,CORPORATE MEMBER,3336C0004X|3336C0003X,tier_1_primary_pharmacy,Y,Y,
1922356708,LAMRX LLC,404 S VETERANS BLVD STE C,,EDINBURG,TX,785394721,9563163588,OWNER/PRESIDENT,333600000X|3336C0003X,tier_1_primary_pharmacy,Y,Y,
1083962963,WPMD LLC,3415 S COOPER ST,STE 106,ARLINGTON,TX,760153446,8176425613,OWNER,333600000X|3336C0004X|3336C0003X,tier_1_primary_pharmacy,Y,Y,
1396093175,CRAWFORD PHARMACY OF PLEASANTON LLC,145 W HART AVE STE 104,,SAN ANTONIO,TX,782141491,2109321200,MEMBER,333600000X|3336C0003X,tier_1_primary_pharmacy,Y,Y,
1518215276,LAREDO MEDICAL PLAZA PHARMACY INC,1143 S BUCKNER BLVD STE 121,,DALLAS,TX,752174304,2149148601,PIC,333600000X|3336C0003X,tier_1_primary_pharmacy,Y,Y,
1659629491,MSCARTER RX INC,3845 SPID DR # B,,CORPUS CHRISTI,TX,784152919,3614522051,OWNER,333600000X|3336L0003X,tier_1_primary_pharmacy,Y,Y,
1114276540,"HELPING HAND PHARMACY, LLC",10036 BISSONNET ST.,116,HOUSTON,TX,77036,7139816564,PHARMACIST-IN-CHARGE,3336L0003X|3336C0003X,tier_1_primary_pharmacy,Y,Y,
1306195615,PARKWOOD PHARMACY,3415 S COOPER ST STE 106,,ARLINGTON,TX,760153434,8176425613,OFFICER,3336C0003X,tier_1_primary_pharmacy,Y,Y,
1083963060,BC PHARMACY INC,14030 TELGE RD STE E,,CYPRESS,TX,774296201,8323345695,CEO,3336C0003X|3336C0004X,tier_1_primary_pharmacy,Y,Y,
1518216282,PRUCARE PHARMACY INC,9219 MAIN ST,,HOUSTON,TX,770254419,7136617300,OWNER,333600000X|3336C0003X,tier_1_primary_pharmacy,Y,Y,
1932459666,PROVIDENCE DRUGS LLC,8877 HARRY HINES BLVD,,DALLAS,TX,752351715,2143537202,PHARMACIST,3336C0004X|3336C0003X,tier_1_primary_pharmacy,Y,Y,
1659621399,RITEMED PHARMACY LLC,10301 HARWIN DR,SUITE 3,HOUSTON,TX,770362780,7137724242,PHARMACIST-IN-CHARGE,3336C0003X,tier_1_primary_pharmacy,Y,Y,
1811247406,ELSA M MURILLO,3815 IRVINGTON BLVD STE E,,HOUSTON,TX,770094843,7136948399,OWNER,333600000X|3336C0003X,tier_1_primary_pharmacy,Y,Y,
1902156516,SOUTH AUSTIN HEALTHCARE COMPANY,730 W STASSNEY LN STE 160,,AUSTIN,TX,787452985,5128272600,MANAGER,333600000X|3336C0003X,tier_1_primary_pharmacy,Y,Y,
1407106578,"RED RIVER PHARMACY LONG TERM CARE, LLC",1550 MOORES LN STE A,,TEXARKANA,TX,755034657,9037921721,OWNER/PRESIDENT,3336L0003X,tier_1_primary_pharmacy,Y,Y,
1447500590,"RED RIVER PHARMACY LONG TERM CARE, LLC",4801 TROUP HWY,SUITE 402,TYLER,TX,757032356,9036176885,PRESIDENT/OWNER,3336L0003X,tier_1_primary_pharmacy,Y,Y,
1952652463,ARTEMIS PHARMACY,9640 COURT GLEN DR,,HOUSTON,TX,770992541,2819338888,OWNER,3336C0003X,tier_1_primary_pharmacy,Y,Y,
1376894774,ONWARD CARE PHARMACY INC,3305 ALTAMESA BLVD,,FORT WORTH,TX,761338746,8174269222,PHARMACIST-IN-CHARGE,3336C0003X,tier_1_primary_pharmacy,Y,Y,
1386995777,"H-E-B, LP",28550 HIGHWAY 290,,CYPRESS,TX,77433,2812566490,GOVERNMENT PROGRAMS MANAGER,3336C0003X,tier_1_primary_pharmacy,Y,N,H-E-B
1972854065,UPSHAW PHARMACY,7125 W FUQUA DR,,MISSOURI CITY,TX,774892451,2814169123,PHARMACIST,3336C0003X,tier_1_primary_pharmacy,Y,Y,
1881945970,DRUG MASTERS PHARMACY LLC,7208 N SHEPHERD DR STE 106,,HOUSTON,TX,770912435,7138841686,PHARMACIST IN CHARGE,3336C0003X,tier_1_primary_pharmacy,Y,Y,
1891046884,HEALTHCARE PHARMACY LLC,100 BOURLAND RD STE 160,,KELLER,TX,762483592,8173379998,PIC,3336C0004X|3336C0003X|333600000X,tier_1_primary_pharmacy,Y,Y,
1891047700,FAMILIA CARE INC,9753 WEBB CHAPEL RD STE 900,,DALLAS,TX,752203513,2146226048,OWNDER,3336C0002X,tier_1_primary_pharmacy,Y,Y,
1841542727,PHARMACY PLUS INC,10412 CHINA SPRING RD,,WACO,TX,767085676,4696352829,PRESIDENT,3336C0003X,tier_1_primary_pharmacy,Y,Y,
1780936674,FAMILIA CARE INC,8112 SPRING VALLEY RD,,DALLAS,TX,752403829,2148841705,OWNER,3336C0002X,tier_1_primary_pharmacy,Y,Y,
1639421241,EXPRESSMEDS PHARMACY LLC,8449 W BELLFORT ST,STE. 199,HOUSTON,TX,770712245,7137776100,OWNER,3336C0003X,tier_1_primary_pharmacy,Y,Y,
1992057574,"HELPING HAND PHARMACY, LLC",529 S. MASON ROAD,,KATY,TX,774502491,2814920031,CONTACT,3336C0003X,tier_2_secondary_pharmacy,N,Y,
1326390790,"ENTELVU ENTERPRISES, INC.",9701 RICHMOND AVE STE 265,,HOUSTON,TX,770424633,7133393667,OWNER,3336C0003X,tier_1_primary_pharmacy,Y,Y,
1841542107,RICHARDSON EAST PHARMACY,189 N PLANO RD STE 120,,RICHARDSON,TX,750818000,2147325572,PRESIDENT,3336C0004X|3336C0003X,tier_1_primary_pharmacy,Y,Y,
1912259169,KL & AC INC,15948 S POST OAK RD,STE. C,HOUSTON,TX,770533645,2818359494,OWNER,3336C0003X,tier_1_primary_pharmacy,Y,Y,
1225380249,MEDX PHARMACY LLC,8751 STATE HWY 6,SUITE K,HOUSTON,TX,77083,2815062453,OWNER,333600000X|3336C0004X|3336C0003X,tier_1_primary_pharmacy,Y,Y,
1811249865,"SALFITI BOYD PHARMACY, LLC",417 W ROCK ISLAND AVE,,BOYD,TX,760233103,9404338056,MANAGING PARTNER,3336C0004X|3336C0003X,tier_1_primary_pharmacy,Y,Y,
1487907051,BROOKSHIRE GROCERY COMPANY,1200 S 3RD ST,,MABANK,TX,751477679,9038876011,V.P. OF PHARMACY OPS,333600000X|3336C0003X,tier_1_primary_pharmacy,Y,Y,
1912250507,YOUR NEW WAVERLY PHARMACY LLC,9320C STATE HIGHWAY 75 S,,NEW WAVERLY,TX,773584224,9363442424,PHARMACIST IN CHARGE,333600000X|3336C0004X|3336C0003X,tier_1_primary_pharmacy,Y,Y,
1831442425,NORTHWEST ANESTHESIOLOGY & PAIN SERVICE PA,5225 KATY FWY STE 105A,,HOUSTON,TX,770072292,7134873313,MGR. THIRD PARTY ADMIN & LICEN,333600000X|3336C0003X,tier_1_primary_pharmacy,Y,Y,
1821341413,ZARA HEALTH CARE INC,1201 S SHERMAN ST,STE 207 A,RICHARDSON,TX,750816507,2143474311,DIRECTOR,3336C0004X|3336C0003X,tier_1_primary_pharmacy,Y,Y,
1730432329,"ECLECTIC RX CONSULTING, INC.",2000 CRAWFORD ST STE 105,,HOUSTON,TX,770029071,3469805828,OWNER,3336C0003X|3336S0011X,tier_1_primary_pharmacy,Y,Y,
1245583723,TREASURE PHARMACY,2625 MATLOCK RD STE 102,,ARLINGTON,TX,760152527,8176173598,PIC/MANAGER,333600000X|3336C0003X,tier_1_primary_pharmacy,Y,Y,
1104179696,COLT STRATEGIES LLC,320 SOUTHMORE AVE STE 325B,,PASADENA,TX,775021135,7134723736,CO-OWNER,3336C0003X,tier_1_primary_pharmacy,Y,Y,
1568715852,M SQUARED INC,5901 BELL ST,STE C32,AMARILLO,TX,791096231,8063582428,OWNER,3336C0003X,tier_1_primary_pharmacy,Y,Y,
1437403417,BIOCURE INFUSION MANAGEMENT,8700 COMMERCE PARK DR,SUITE 241,HOUSTON,TX,770367497,7133602100,CEO,3336H0001X,tier_1_primary_pharmacy,Y,Y,
1922352863,"PATHWRITE, INC.",6523 TEAMWORK TRL,,CORPUS CHRISTI,TX,784173455,8669725888,PRESIDENT,3336H0001X|3336S0011X,tier_1_primary_pharmacy,Y,Y,
1437403227,DASHWOOD PHARMACY,1300 W. WALNUT HILL LANE,SUITE 163,IRVING,TX,75038,9727560915,MANAGER,3336C0003X,tier_1_primary_pharmacy,Y,Y,
1043564834,BEST MED INC,2115 STEPHENS PL STE 110,,NEW BRAUNFELS,TX,781302151,8306081601,OWNER,3336L0003X,tier_1_primary_pharmacy,Y,Y,
1255685004,PRATIK PATEL,5300 N BRAESWOOD BLVD,,HOUSTON,TX,770963307,7137211516,PHARMACIST,3336C0003X,tier_1_primary_pharmacy,Y,Y,
1275887911,"HILL COUNTRY PHARMACY, LLC",11233 SHADOW CREEK PKWY,SUITE 200,PEARLAND,TX,77584,2814369340,MANAGING OFFICER,333600000X|3336C0003X,tier_1_primary_pharmacy,Y,Y,
1437403086,GARDEN PHARMACY,357 GREENS RD,,HOUSTON,TX,770601903,8322864186,OWNER,3336C0003X,tier_1_primary_pharmacy,Y,Y,
1417201930,ZSZ ENTERPRISE INC,1601 MAIN ST,STE 106,RICHMOND,TX,774693247,2817627462,PRESIDENT,333600000X|3336C0004X|3336C0003X,tier_1_primary_pharmacy,Y,Y,
1346594611,SPRING CREEK PHARMACY,3737 MAPLESHADE LN,,PLANO,TX,750755738,9725177900,OWNER,333600000X|3336C0004X|3336M0002X|3336C0003X,tier_1_primary_pharmacy,Y,Y,
1821342130,"GILI, INC.",2251 FM 646 RD W,SUITE 155,DICKINSON,TX,775393251,8323407021,PRESIDENT,3336C0003X,tier_1_primary_pharmacy,Y,Y,
1821342072,CARE TEAM LC,3010 BEE CAVE RD,,AUSTIN,TX,787465562,5123277455,OWNER,3336C0003X,tier_1_primary_pharmacy,Y,Y,
1417201690,HEALTH SOURCE PHARMACY INC,809 GALLAGHER DR STE J1,,SHERMAN,TX,750903111,9038931700,OFFICER/PIC,3336C0003X,tier_1_primary_pharmacy,Y,Y,
1427302652,"PATHWRITE, INC.",8601 CROSS PARK DR STE 400,,AUSTIN,TX,787544597,5128232000,PRESIDENT,3336S0011X|3336H0001X,tier_1_primary_pharmacy,Y,Y,
1801140009,FAMILIA CARE INC.,5230 ALDINE MAIL RD,,HOUSTON,TX,770393804,2815983300,OWNER,3336C0002X,tier_1_primary_pharmacy,Y,Y,
1417291469,KVN PHARMACY INCORPORATED,4860 MATLOCK RD STE 120,,ARLINGTON,TX,760185657,8179620417,OWNER,333600000X,tier_1_primary_pharmacy,Y,Y,
1184968802,"COMMUNITY HEALTH DEVELOPMENT, INC.",200 EVANS ST,,UVALDE,TX,78801,8302785604,CEO,3336C0003X,tier_1_primary_pharmacy,Y,Y,
1063756609,EL PASO COUNTY HOSPITAL DISTRICT,1485 GEORGE DIETER DR STE 107,,EL PASO,TX,799367650,9155217087,PRESIDENT & CEO,333600000X|3336C0004X|3336C0003X,tier_1_primary_pharmacy,Y,Y,
1780928226,"COSMOPOLITAN SURGICAL, PLLC",7627 W GRAND PKWY S STE 400,,RICHMOND,TX,774078695,8326152765,PRESIDENT,333600000X,tier_2_secondary_pharmacy,N,Y,
1700121019,KING'S PHARMACY OF LUMBERTON,139 NORTH LHS DR.,SUITE 211,LUMBERTON,TX,77657,4097672955,CORPORATE SECRETARY,3336C0004X|3336C0003X,tier_1_primary_pharmacy,Y,Y,
1659616878,D US RX LLC,2556 MACARTHUR VW,,SAN ANTONIO,TX,782174448,2104897779,MANAGING MEMBER,3336C0003X,tier_1_primary_pharmacy,Y,Y,
1073858288,HAZEL'S COMPUNDING RX PHARMACY,2404 SMITH RANCH RD,SUITE 100,PEARLAND,TX,77584,7133400202,MANAGING OFFICER,3336C0003X|3336C0004X,tier_1_primary_pharmacy,Y,Y,
1144565300,RUSHMED PHARMACY P.L.L.C,"4430 W. FUQUA STREET, SUITE A",,HOUSTON,TX,77045,8325828542,OWNER,3336C0003X,tier_1_primary_pharmacy,Y,Y,
1962747915,POPS PHARMACY LLC,11719 BEE CAVE PKWY STE 204,,AUSTIN,TX,787386347,5124875650,MANAGING MEMBER,3336C0004X|3336C0003X,tier_1_primary_pharmacy,Y,Y,
1386989325,QVL PHARMACY 147 LLC,3751 MATLOCK RD STE 121,,ARLINGTON,TX,760154342,6823002303,CEO,333600000X|3336C0003X,tier_1_primary_pharmacy,Y,Y,
1689919490,ATLANTIS PHARMACY LLC,20320 NORTHWEST FWY,SUITE 400,JERSEY VILLAGE,TX,770655641,2814691536,PRESIDENT,3336S0011X,tier_1_primary_pharmacy,Y,Y,
1225373079,BLUE COUGAR INVESTMENT L.L.C.,4614 NASA PKWY,,SEABROOK,TX,775865414,7137415104,MANAGING MEMBER,333600000X|3336C0004X|3336C0003X,tier_1_primary_pharmacy,Y,Y,
1881939684,"SAFEGUARD-PLUS,LLC",3121 W OREM DR,STE.C,HOUSTON,TX,770454640,7134331212,OWNER,3336C0003X,tier_1_primary_pharmacy,Y,Y,
1225373806,BEST MED INC,4360 BELTWAY PL STE 260,,ARLINGTON,TX,760185249,3256469414,OWNER,333600000X|3336L0003X,tier_1_primary_pharmacy,Y,Y,
1831434398,HEALTHSCRIPTS SPECIALTY PHARMACY,1100 JACKSON ST STE C,,RICHMOND,TX,774693320,8325950711,MANAGING OFFICER,3336C0004X|3336C0003X,tier_1_primary_pharmacy,Y,Y,
1366788754,HEALTHSCRIPTS SPECIALTY PHARMACY LLC,13020 DAIRY ASHFORD RD STE 301,,SUGAR LAND,TX,774783151,8557771772,MANAGING MEMBER,333600000X|3336C0004X|3336L0003X|3336C0003X,tier_1_primary_pharmacy,Y,Y,
1780920884,FAMILIA CARE INC,4200 SOUTH FWY,SUITE 106,FORT WORTH,TX,761151400,8175660505,"MANAGER, PHARMACY OPERATIONS",3336C0002X,tier_1_primary_pharmacy,Y,Y,
1801132873,SOUTH AUSTIN PHARMACY LLC,4203A JAMES CASEY ST,,AUSTIN,TX,787451108,5123839000,PHARMACIST IN CHARGE,3336C0003X,tier_1_primary_pharmacy,Y,Y,
1073859997,SHIVA SHAKTHI LLC,2625 TEXAS DR,,IRVING,TX,750627016,8176327779,AGENT,3336C0004X|333600000X|3336C0003X,tier_1_primary_pharmacy,Y,Y,
1811233646,SOLUTIONS IN PHARMACY,7951 KATY FWY,SUITE M,HOUSTON,TX,770241947,7139578000,PHARMACIST IN CHARGE,333600000X,tier_1_primary_pharmacy,Y,Y,
1497091011,"RAMCA, INC.",2501 N 23RD ST,STE B,MCALLEN,TX,785017891,9566276652,OFFICER/OWNER,333600000X|3336C0004X|3336C0003X,tier_1_primary_pharmacy,Y,Y,
1285971622,SHRI BALAJI DRUGS INC,8832 HUEBNER RD,,SAN ANTONIO,TX,78240,2103146782,OFFICER,3336C0003X,tier_1_primary_pharmacy,Y,Y,
1043557218,QUALITY PHARMACEUTICALS,12350 WESTHEIMER RD STE D,,HOUSTON,TX,770776068,2815897670,MEMBER,3336C0003X,tier_1_primary_pharmacy,Y,Y,
1396082442,LIFECHEK 336 PHARMACY LLC,690 S LOOP 336 W STE 100,,CONROE,TX,773043320,9365394900,MANAGING OFFICER,3336L0003X|333600000X|3336C0003X,tier_1_primary_pharmacy,Y,Y,
1619214590,"PARK ROW PHARMACY, LLC",707 W PARK ROW DR,,ARLINGTON,TX,760133902,8174590015,PHARMACIST,3336C0003X,tier_1_primary_pharmacy,Y,Y,
1083951800,TOTAL CARE CAC PHARMACY LLC,14755 NORTH FWY STE 200,,HOUSTON,TX,770906503,2813778137,MANAGER,3336C0004X|3336C0003X,tier_1_primary_pharmacy,Y,Y,
1417295965,ALPHA CARE PHARMACY,945 HILLTOP DR,SUITE 100,WEATHERFORD,TX,760865891,8175506332,PHARMACIST IN CHARGE/OWNER,333600000X,tier_1_primary_pharmacy,Y,Y,
1093053126,GUARDIAN HEALTH SYSTEMS AURORA,7920 ELMBROOK DRIVE SUITE 108,SUITE 108,DALLAS,TX,75247,2142218181,RPH/OWNER,3336H0001X,tier_1_primary_pharmacy,Y,Y,
1609114594,DELCOX RETAIL INDUSTRIES INC,5005 W 34TH ST,SUITE 204-A,HOUSTON,TX,770924200,2819714523,MANAGER,3336C0003X,tier_1_primary_pharmacy,Y,Y,
1538407416,BROOKSHIRE GROCERY COMPANY,1001 JOSHUA STATION BOULEVARD,,JOSHUA,TX,76058,8175562389,SR VP PHARMACY OPS,3336C0003X,tier_1_primary_pharmacy,Y,Y,
1114266889,AMERICAN CUSTOM COMPOUNDING PHARMACY,2607 WALNUT HILL LN,SUITE 220,DALLAS,TX,752295638,2143660022,OWNER,3336C0004X,tier_1_primary_pharmacy,Y,Y,
1174862718,THE MAIN PHARMACY,1226 S MAIN ST,,FORT WORTH,TX,761044803,8179384352,GENERAL COUNSEL,333600000X,tier_1_primary_pharmacy,Y,Y,
1861731382,PINNACLE PHARMACY,5710 LBJ FREEWAY,SUITE 185,DALLAS,TX,75240,8772128628,AUTHORIZED OFFICIAL,3336C0003X,tier_1_primary_pharmacy,Y,Y,
1518206846,"H-E-B, LP",2030 N 1ST ST,,CARRIZO SPRINGS,TX,78834,8308769109,GOVERNMENT PROGRAMS MANAGER,3336C0003X,tier_1_primary_pharmacy,Y,N,H-E-B
1245579143,I.D. DOCTORS PHARMACY,2636 TIBBETS DR,,BEDFORD,TX,760226919,8178580065,PHARMACIST,3336C0002X,tier_1_primary_pharmacy,Y,Y,
1043559800,VELMOR INC,200 S. HILLSIDE DR,,BEEVILLE,TX,78102,3613629984,DIRECTOR OF OPERATIONS,333600000X,tier_1_primary_pharmacy,Y,Y,
1023357878,CAMPBELLS COMPOUNDING,6603 KIRBY DR,,HOUSTON,TX,770053900,7136684833,PRESIDENT,3336C0003X,tier_1_primary_pharmacy,Y,Y,
1780924571,DREAM PHARMACY INC,1140 BUSINESS CENTER DR,STE 103,HOUSTON,TX,770432737,7134651117,OFFICER,3336C0003X,tier_1_primary_pharmacy,Y,Y,
1710227202,BROOKSHIRE GROCERY COMPANY,11205 N HWY 289,,POTTSBORO,TX,75076,9037863150,SR VP PHARMACY OPS,3336C0003X,tier_1_primary_pharmacy,Y,Y,
1477893733,MEDWORLD PHARMACY INC,2351 MERRITT DR,STE B,GARLAND,TX,750416140,2142720917,OFFICER,3336C0003X,tier_1_primary_pharmacy,Y,Y,
1407196470,E-MED PHARMACY LLC,12638 BISSONNET ST STE G,,HOUSTON,TX,770991479,2817415289,OWNER,333600000X|3336C0003X,tier_1_primary_pharmacy,Y,Y,
1568702470,KS PHARM LLC,560 MEYERLAND PLAZA,,HOUSTON,TX,77096,7134423200,DIRECTOR OF PHARMACY,3336C0003X,tier_1_primary_pharmacy,Y,Y,
1760723472,TARRANT COUNTY HOSPITAL DISTRICT,4701 BRYANT IRVIN RD N STE LL215,,FT WORTH,TX,761077627,8177023531,PRESIDENT PHARMACY SERVICES,333600000X|3336C0002X,tier_1_primary_pharmacy,Y,Y,
1538400296,"H-E-B, LP",603 LOUIS HENNA BLVD,,ROUND ROCK,TX,78664,5128280814,PHARMACY MANAGER,3336C0003X,tier_1_primary_pharmacy,Y,N,H-E-B
1447591102,TND HOLDINGS LLC,13830 SAWYER RANCH RD STE 303,,DRIPPING SPRINGS,TX,786205514,5123829381,MANAGING MEMBER,333600000X|3336C0003X,tier_1_primary_pharmacy,Y,Y,
1033450739,HEALTHCHOICE PHARMACY LLC,10001 WEST BELLFORT,,HOUSTON,TX,77031,2817418358,OWNER,333600000X,tier_1_primary_pharmacy,Y,Y,
1548501232,TILD INC,6121 HILLCROFT ST,SUITE K2,HOUSTON,TX,770811002,7134961328,PRESIDENT,3336C0003X|333600000X,tier_1_primary_pharmacy,Y,Y,
1104167774,"MCA PHARMACY, LLC",21820 KATY FWY STE 110,,KATY,TX,77449,7133733300,DIRECTOR OF PHARMACY,333600000X,tier_1_primary_pharmacy,Y,Y,
1558602714,MACHIAS FRIENDLY PHARMACY,3324 S GEORGIA ST,,AMARILLO,TX,791093446,8063536530,PRESIDENT/OWNER,3336C0004X|333600000X|3336C0003X,tier_1_primary_pharmacy,Y,Y,
1700127909,COOK CHILDREN'S MEDICAL CENTER,801 7TH AVE STE 1700,,FORT WORTH,TX,761042796,6828853142,CHIEF FINANCIAL OFFICER,3336C0004X|3336C0003X,tier_1_primary_pharmacy,Y,Y,
1316288426,"H-E-B, LP",3875 WEST DAVIS,,CONROE,TX,77304,9367606810,GOVERNMENT PROGRAMS MANAGER,3336C0003X,tier_1_primary_pharmacy,Y,N,H-E-B
1093056129,WEST FORK MANAGEMENT AND CONSULTING LLC,20185 US HIGHWAY 59 STE 78B,,NEW CANEY,TX,773578358,8325435032,OWNER,333600000X,tier_1_primary_pharmacy,Y,Y,
1447591417,GOLDEN USA PHARMACY,4120 34TH ST,,LUBBOCK,TX,794102640,8063689472,"PHARMACIST,  OWNER",333600000X|3336C0003X,tier_1_primary_pharmacy,Y,Y,
1255673281,BAMMEL MED RX,12010 BAMMEL NORTH HOUSTON RD,,HOUSTON,TX,770664791,2815877122,OWNER,3336C0003X,tier_1_primary_pharmacy,Y,Y,
1124360748,EL PASO COUNTY HOSPITAL DISTRICT,101 POTASIO ST.,,FABENS,TX,798383940,9155212271,PRESIDENT & CEO,333600000X|3336C0004X|3336C0003X,tier_1_primary_pharmacy,Y,Y,
1497097968,NERXD LLC,9511 HUFFMEISTER RD STE 104,,HOUSTON,TX,770952892,8326170290,"OWNER, RPH",333600000X|3336C0003X|3336C0004X|3336S0011X,tier_1_primary_pharmacy,Y,Y,
1295077683,EAGLE PHARMACY,1404 S MAIN ST,,LINDALE,TX,757716267,9038815752,PHARMACIST,3336C0003X,tier_1_primary_pharmacy,Y,Y,
1932441201,ELITE PHARMACY INC,11569 S WILCREST DR,,HOUSTON,TX,770994752,8324192101,OFFICE MANAGE,3336C0003X,tier_1_primary_pharmacy,Y,Y,
1124360391,DQD ENTERPRISE CORP,9740 BARKER CYPRESS RD,STE 107,CYPRESS,TX,774331973,2816562000,PRESIDENT,333600000X|3336C0003X,tier_1_primary_pharmacy,Y,Y,
1730421975,PILLS LLC,3500 NE 24TH AVE,,AMARILLO,TX,791076920,8066543530,MEMBER,3336C0003X,tier_1_primary_pharmacy,Y,Y,
1982947057,LONGHORN PHARMACY,2301 S HAMPTON RD,SUITE 850,DALLAS,TX,75224,8179191609,OWNER,3336C0003X,tier_1_primary_pharmacy,Y,Y,
1841532975,"C-PHARMRX,LLC",1315 WEST MAIN AVENUE,SUITE 13B,ALTON,TX,78573,9562052132,PHARMACIST,333600000X,tier_1_primary_pharmacy,Y,Y,
1104169184,"AFFINITY BIOTECH, INC.",11303 CHIMNEY ROCK RD,SUITE 108,HOUSTON,TX,770352901,7135512090,PRES.,3336C0003X,tier_1_primary_pharmacy,Y,Y,
1417290008,WELLCARE PHARMACY LLC,4200 SOUTH FWY STE 26,,FORT WORTH,TX,761151400,8172635050,OWNER,3336C0003X,tier_1_primary_pharmacy,Y,Y,
1184967689,LA POPULAR PHARMACY 2 LLC,102 N. PINE ST,,HEBBRONVILLE,TX,78361,3615273231,OWNER,333600000X|3336C0003X,tier_1_primary_pharmacy,Y,Y,
1285977702,CARVAJALS INC.,7500 BARLITE BLVD 201-B,,SAN ANTONIO,TX,782242606,2109771860,PRESIDENT,333600000X|3336C0003X,tier_1_primary_pharmacy,Y,Y,
1730422098,"SOUTH TEXAS ONCOLOGY AND HEMATOLOGY, PLLC",4383 MEDICAL DR.,SUITE 113,SAN ANTONIO,TX,782293307,2105932660,PRESIDENT,333600000X|3336C0003X,tier_1_primary_pharmacy,Y,Y,
1386087229,NORTH SHORE PHARMACY LLC,113 STARGRASS STE 100,,SPRING BRANCH,TX,780705165,8302142920,PHARMACIST-IN-CHARGE/OWNER,333600000X|3336C0004X|3336C0003X,tier_1_primary_pharmacy,Y,Y,
1770926685,"SHERMAN APOTHECARY, LP",1906 W US HIGHWAY 82 STE 200,,SHERMAN,TX,750926894,9038938222,OWNER,3336C0003X,tier_1_primary_pharmacy,Y,Y,
1831532415,MADONNA PHARMACY INC,10333 HARWIN DR,STE 450,HOUSTON,TX,770361545,8328318114,PRESIDENT,333600000X,tier_1_primary_pharmacy,Y,Y,
1518300086,BROOKSHIRE GROCERY COMPANY,2300 W ENNIS AVE,,ENNIS,TX,751198039,9728754607,SR VP PHARMACY OPS,333600000X|3336C0003X,tier_1_primary_pharmacy,Y,Y,
1396189635,BROOKSHIRE BROTHERS INC,305 WEST YORK,,GANADO,TX,77962,3617713590,CHIEF OPERATIONS OFFICER,333600000X|3336C0003X,tier_1_primary_pharmacy,Y,Y,
1346684628,"BEST MED PHARMACY OF NEW BRAUNFELS, INC",2115 STEPHENS PL STE 100,,NEW BRAUNFELS,TX,781302151,8306081600,OWNER/AO,333600000X|3336C0003X,tier_1_primary_pharmacy,Y,Y,
1821432048,"UNLIMITED HOME HEALTH CENTER, INC.",1862 W BITTERS RD STE 301,,SAN ANTONIO,TX,782481825,2108328300,CEO,3336C0004X|3336C0003X,tier_1_primary_pharmacy,Y,Y,
1407290356,PREMIER ONE PHARMA INC.,4927 LAKE RIDGE PKWY STE #180,,GRAND PRAIRIE,TX,75052,9725227606,PHARMACY MANAGER,3336C0003X,tier_1_primary_pharmacy,Y,Y,
1598109373,KV EARLY INC,3243 SOUTHMOST RD,,BROWNSVILLE,TX,785214857,9565446666,PRESIDENT,3336C0003X,tier_1_primary_pharmacy,Y,Y,
1013351972,TEXAN PHARMACY LLC,323 S BRAZOSPORT BLVD,,FREEPORT,TX,775414506,9798719189,"PHARMACIST IN CHARGE, DIRECTOR",333600000X|3336C0003X,tier_1_primary_pharmacy,Y,Y,
1730523580,STONEBRIAR PHARMACY,3220 PARKWOOD BLVD,,FRISCO,TX,750341917,9728470148,PHARMACIST,333600000X,tier_1_primary_pharmacy,Y,Y,
1811332257,CLUTCH HEALTH PHARMACY INC.,805 US HIGHWAY 83 N,,CHILDRESS,TX,792012318,9409379030,OWNER,3336M0002X|3336C0003X,tier_1_primary_pharmacy,Y,Y,
1881038297,"H-E-B, LP",1801 EAST 51ST ST,,AUSTIN,TX,78723,5124742662,GOVERNMENT PROGRAMS MANAGER,3336C0003X,tier_1_primary_pharmacy,Y,N,H-E-B
1114362340,STAFFORD PHARMACY & DME LLC,2448 S MAIN ST,,STAFFORD,TX,774775522,2819695901,MANGER,3336S0011X|3336C0003X,tier_1_primary_pharmacy,Y,Y,
1093150120,"CHETZ INTERNATIONAL, INC.",941 YORK DR STE 201,,DESOTO,TX,751152066,9727805999,MANAGER,3336C0003X,tier_1_primary_pharmacy,Y,Y,
1447695390,"CARE AID PHARMACY, LLC",15040 FAIRFIELD VILLAGE SQUARE DR,,CYPRESS,TX,774335952,2817584040,MANAGER/MEMBER,3336C0003X,tier_1_primary_pharmacy,Y,Y,
1487090650,"MEDLEY COMPOUNDING PHARMACY, LLC",5711 BISSONNET ST STE F,,BELLAIRE,TX,774014724,7138381500,OWNER,3336C0003X,tier_1_primary_pharmacy,Y,Y,
1801232947,LEGACY PHARM VENTURES LLC,2701 AUSTIN AVE,,BROWNWOOD,TX,768015834,3256462322,PHARMACIST/OWNER,333600000X|3336C0003X,tier_1_primary_pharmacy,Y,Y,
1811334345,COIF - SOE INC,2700 W PLEASANT RUN RD STE W250,,LANCASTER,TX,751461079,9722241340,PRESIDENT,3336C0004X|3336C0003X,tier_1_primary_pharmacy,Y,Y,
1699112284,THIRUMALA GROUP LLC,100 W PRINCETON DR # A,,PRINCETON,TX,754079607,9727363777,OWNER/OFFICER,3336C0003X,tier_1_primary_pharmacy,Y,Y,
1194162545,WESTPARK DISCOUNT PHARMACY INC,5017 HERITAGE AVE STE CON1,,COLLEYVILLE,TX,760345994,8175719100,PRESIDENT /CEO,3336C0003X,tier_1_primary_pharmacy,Y,Y,
1982041299,"A.J. & H. INTERNATIONAL, INC",18648 MCKAY DRIVE,SUITE 110,HUMBLE,TX,77338,8326441456,PRESIDENT,3336C0003X,tier_1_primary_pharmacy,Y,Y,
1669819900,DISTINGUISHED PHARMACEUTICALS LLC,12134 BEECHNUT STREET,,HOUSTON,TX,77072,2814950201,CORPORATE OFFICER,333600000X,tier_1_primary_pharmacy,Y,Y,
1639516974,COIF - SOE,2700 W PLEASANT RUN RD # W250,,LANCASTER,TX,751461079,9722241340,PRESIDENT,3336C0004X|3336C0003X,tier_1_primary_pharmacy,Y,Y,
1679910913,"DEERFIELD HEALTHCARE, LLC",100 NE LOOP 410 STE 1500-B,,SAN ANTONIO,TX,782164700,2107140130,MANAGING OFFICER,3336C0004X|3336C0003X,tier_1_primary_pharmacy,Y,Y,
1851738066,BUENA VISTA PHARMACY INC,146 LAUREL VISTA DR,,PIPE CREEK,TX,780636389,8307512700,PHARMACIST IN CHARGE/OWNER,3336C0003X,tier_1_primary_pharmacy,Y,Y,
1578901898,ASHKIN LLC,705 S FRY RD STE 105,,KATY,TX,774502252,2812132173,MANAGING MEMBER,3336C0003X,tier_1_primary_pharmacy,Y,Y,
1295173441,HOMETOWN DRUG INC,718 W LAMPASAS ST,,ENNIS,TX,751194534,9728756798,OWNER/PIC,3336C0004X|3336L0003X|3336C0003X,tier_1_primary_pharmacy,Y,Y,
1093153991,"PFP FM, LLC",4001 LONG PRAIRIE RD # 100,,FLOWER MOUND,TX,750281565,9724780086,MANAGING MEMBER,3336C0003X,tier_1_primary_pharmacy,Y,Y,
1780023291,THOUSAND OAKS HEALTHCARE LLC,2115 PLEASANTON RD,100,SAN ANTONIO,TX,782211321,2109237717,MANAGER,3336C0003X,tier_1_primary_pharmacy,Y,Y,
1174962534,TRANS PECOS PHARMACY LLC,724 S EDDY ST,,PECOS,TX,797723727,4324454916,MEMBER,3336C0003X,tier_1_primary_pharmacy,Y,Y,
1255770277,THE PHARMACEUTIC ASSOCIATES INC,5969 DALLAS PKWY,,PLANO,TX,750937878,9729054911,RPH / FORMULATIONS  SCIENTIST,3336C0003X|3336C0004X,tier_1_primary_pharmacy,Y,Y,
1053750901,BIRDSONGS ENTERPRISES INC,4002 GARTH RD STE 140A,,BAYTOWN,TX,775213179,2816287186,PHARMACIST IN CHARGE,333600000X|3336C0004X|3336C0003X,tier_1_primary_pharmacy,Y,Y,
1144669094,MANTRA INVESTMENTS INC.,5537 LAWNDALE ST,,HOUSTON,TX,770233837,7135148028,PRESIDENT,333600000X,tier_1_primary_pharmacy,Y,Y,
1396185260,"AMBER JAR PHARMACY, LLC",6160 RICHMOND AVE,,HOUSTON,TX,770576210,7138935993,OFFICER,333600000X|3336C0004X|3336C0003X,tier_1_primary_pharmacy,Y,Y,
1487094389,"BAYLOR SCOTT & WHITE HEALTH ENTERPRISES, INC.",1600 W COLLEGE ST,SUITE 110,GRAPEVINE,TX,760513580,8173883090,PRESIDENT,333600000X|3336C0003X,tier_1_primary_pharmacy,Y,Y,
1811336738,BLDL INDUSTRIES,232 W MAIN ST,,AZLE,TX,760203120,8174064546,OFFICER,333600000X|3336C0004X|3336L0003X|3336C0003X,tier_1_primary_pharmacy,Y,Y,
1730529595,"CARETECTURE, LLC",6101 WINDHAVEN PKWY,SUITE 120,PLANO,TX,750938197,9723786867,CEO,3336C0004X,tier_1_primary_pharmacy,Y,Y,
1477993541,AB PHARMACY INC,1401 E RIDGE RD STE B,,MCALLEN,TX,785031525,9562846687,OWNER,333600000X|3336C0003X,tier_1_primary_pharmacy,Y,Y,
1386084317,AABET INC,8604 MARTIN LUTHER KING BLVD,,HOUSTON,TX,770332308,7136405575,PHARMACY OWNER,333600000X|3336C0004X|3336C0003X,tier_1_primary_pharmacy,Y,Y,
1003257882,ALVIN CARE PHARMACY LLC,204 E HOUSE ST,,ALVIN,TX,775113544,2815197030,PHARMACIST,3336C0003X,tier_1_primary_pharmacy,Y,Y,
1124469945,MIDCITIES PHARMACY INC,2000 PRECINCT LINE RD STE 102,,HURST,TX,760543185,8176053500,PRESIDENT,333600000X|3336C0004X|3336S0011X|3336C0003X,tier_1_primary_pharmacy,Y,Y,
1689015240,PAREEK INC,2743 W 15TH ST,,PLANO,TX,750757525,2149192090,DIRECTOR,3336S0011X|333600000X|3336H0001X,tier_1_primary_pharmacy,Y,Y,
1225479819,WYLIE PHARMACY LLC,430 S HIGHWAY 78 STE 160,,WYLIE,TX,750983974,9724299594,PIC,3336C0003X,tier_1_primary_pharmacy,Y,Y,
1780025155,HEALTHCO PHARMACY CORP,5730 CHIMNEY ROCK RD,,HOUSTON,TX,770812713,7132186337,PHARMACY OWNER,3336C0004X,tier_1_primary_pharmacy,Y,Y,
1447691761,JD HEALTHCARE LLC,165 S 9TH ST STE A,,SLATON,TX,793644121,8068284444,MANAGING OFFICER,3336C0003X,tier_1_primary_pharmacy,Y,Y,
1174964241,HOIC ENTERPRISES LLC,4031 W PLANO PKWY,SUITE 211,PLANO,TX,750935619,9728676141,PRESIDENT/OWNER,3336C0003X|3336C0004X|333600000X,tier_1_primary_pharmacy,Y,Y,
1346682218,WEST END PREMIER PHARMACY LLC,2205 HIGHWAY 6 S,,HOUSTON,TX,770774321,8322432625,PHARMACIST,3336C0003X,tier_1_primary_pharmacy,Y,Y,
1639511454,W-TEE PHARMACY INC,12650 N BEACH ST STE 112,,FORT WORTH,TX,76244,2144679009,MANAGER,3336C0003X,tier_1_primary_pharmacy,Y,Y,
1003258625,"HEALTHSCRIPTS OF AMERICA - HOUSTON GALLERIA, LLC",6565 WEST LOOP S STE 110B,,BELLAIRE,TX,774013505,5412316327,COMPLIANCE,3336C0003X,tier_1_primary_pharmacy,Y,Y,
1790127264,SOUTH AUSTIN HEALTHCARE COMPANY,4203 JAMES CASEY ST STE A,,AUSTIN,TX,787451108,5128272250,"OWNER,MGR,AO",333600000X|3336C0003X,tier_1_primary_pharmacy,Y,Y,
1205278686,HEWITT DRUG,511 N HEWITT DR,SUITE 1,HEWITT,TX,766433000,2546665000,PHARMACIST IN CHARGE,3336C0003X,tier_1_primary_pharmacy,Y,Y,
1538501960,THURMANS PRO-MED PHARMACY LLC,402 N MADISON AVE,,MOUNT PLEASANT,TX,754553949,9035726337,PHARMACIST/OWNER,3336C0004X|3336S0011X|333600000X|3336C0003X,tier_1_primary_pharmacy,Y,Y,
1457793861,METRO TREATMENT OF TEXAS LP,3615 CULEBRA RD,,SAN ANTONIO,TX,782285914,2103146473,CFO,3336C0002X,tier_2_secondary_pharmacy,N,Y,
1710329024,OBEN PHARMACY GROUP LLC,4421 STATE HIGHWAY 6 S,SUITE 300,COLLEGE STATION,TX,778456171,8322350807,PHARMACIST IN CHARGE,333600000X,tier_1_primary_pharmacy,Y,Y,
1497197693,"H-E-B, LP",512 EAST EDINBURG AVE,,ELSA,TX,78543,9562629719,GOVERNMENT PROGRAMS MANAGER,3336C0003X,tier_1_primary_pharmacy,Y,N,H-E-B
1952743197,WALGREENS PHARMACY 12293,203 W FERGUSON RD,,MOUNT PLEASANT,TX,754554809,9035720486,DISTRICT SUPERVISOR,333600000X,tier_1_primary_pharmacy,Y,N,WALGREENS
1124460340,"H-E-B, LP",250 UNIVERSITY BLVD,,ROUND ROCK,TX,78665,5128639279,GOVERNMENT PROGRAMS MANAGER,3336C0003X,tier_1_primary_pharmacy,Y,N,H-E-B
1871925982,LEW STERRETT JUSTICE CENTER PHARMACY,113 W COMMERCE,,DALLAS,TX,75202,2148752460,EVP & CHIEF OPERATING OFFICER,333600000X,tier_1_primary_pharmacy,Y,Y,
1487086401,CSP PHARMACY SERVICES LLC,490 INTERSTATE 10 N STE 400,,BEAUMONT,TX,777021822,4098385552,OWNER,3336C0003X,tier_1_primary_pharmacy,Y,Y,
1962834762,"INFINITY PHARMACY SOLUTIONS, LLC",3313 ESSEX DR STE 200,SUITE 200,RICHARDSON,TX,75082,2147655456,CEO/OWNER,3336L0003X,tier_1_primary_pharmacy,Y,Y,
1801228739,A&I PHARMACY LLC,100 WEST PIONEER PKWY #113B,,ARLINGTON,TX,76014,8172771000,OWNER,333600000X,tier_1_primary_pharmacy,Y,Y,
1538591375,BUCKEYE PHARMACY,3900 AMERICAN DR STE 101B,,PLANO,TX,750756188,2143917441,MANAGER,3336M0002X,tier_1_primary_pharmacy,Y,Y,
1205268943,MANTRA INVESTMENTS INC,906 WAYSIDE DR,,HOUSTON,TX,770112518,7138614300,PRESIDENT/MANAGER,333600000X|3336C0003X,tier_1_primary_pharmacy,Y,Y,
1881026664,BAYLOR COLLEGE OF MEDICINE,7200 CAMBRIDGE ST FL 10,,HOUSTON,TX,770304202,7137980000,DIRECTOR,3336C0003X,tier_2_secondary_pharmacy,N,Y,
1508298175,CUSTOM APOTHECARY SOLUTIONS,2817 RED OAK LN,,PEARLAND,TX,775841073,7134166325,ADMINISTRATOR,3336C0004X,tier_1_primary_pharmacy,Y,Y,
1083046643,METSCRIPT INC,7790 W. GRAND PARKWAY SOUTH,SUITE 101,RICHMOND,TX,77406,2817626375,PRESIDENT,3336C0003X,tier_1_primary_pharmacy,Y,Y,
1992137541,BECO PHARMACY LLC,918 E PARK ROW DR,,ARLINGTON,TX,760104507,8174192804,MANAGER,3336C0003X,tier_1_primary_pharmacy,Y,Y,
1306278783,"DLS PHARMACY, LLC",1301 E FERN AVE STE B1,,MCALLEN,TX,78501,9566317900,OWNER,3336C0004X|3336C0003X,tier_1_primary_pharmacy,Y,Y,
1710310966,HEALTHSCRIPTS OF AMERICA - NORTH TEXAS LLC,7904 NE LOOP 820,SUITES A AND B,NORTH RICHLAND HILLS,TX,761807395,8172840568,CEO,3336C0004X|333600000X|3336C0003X,tier_1_primary_pharmacy,Y,Y,
1457784530,COMMUNITY EXPRESS PHARMACY LLC,9820 GULF FWY,STE A-10,HOUSTON,TX,770341020,8329410901,DIRECTOR OF COMPLIANCE &ADMIN,3336C0003X,tier_1_primary_pharmacy,Y,Y,
1093148850,CASTROVILLE HEALTHCARE LLC,426 CASTROVILLE RD STE 5,,SAN ANTONIO,TX,782075169,2104339991,DIRECTOR,3336C0003X,tier_1_primary_pharmacy,Y,Y,
1760815211,"SURECARE SPECIALTY PHARMACY, LLC",4005 N MESA ST,,EL PASO,TX,799021526,8555322400,PIC,3336C0004X|3336S0011X|3336C0003X,tier_1_primary_pharmacy,Y,Y,
1417380825,"H-E-B, LP",120 EAST MILE 3RD ROAD,,PALMHURST,TX,78573,9565833229,GOVERNMENT PROGRAMS MANAGER,3336C0003X,tier_1_primary_pharmacy,Y,N,H-E-B
1023442480,"BAYLOR SCOTT & WHITE HEALTH ENTERPRISES, INC.",1901 N MACARTHUR BLVD,SUITE 1001,IRVING,TX,750612220,9725794074,PRESIDENT,3336C0003X,tier_1_primary_pharmacy,Y,Y,
1861826067,EXPRESS CARE PHARMACY LLC,905 MEDICAL CENTRE DR,SUITE B,ARLINGTON,TX,760124788,8178612273,DIRECTOR OF PHARMACY,3336C0003X,tier_1_primary_pharmacy,Y,Y,
1982038527,"GRUENE ROAD PHARMACY, LLC",910 GRUENE RD,#3,NEW BRAUNFELS,TX,781300200,8303874378,PRESIDENT/PIC,3336C0003X,tier_1_primary_pharmacy,Y,Y,
1265866727,CARROLLTON REGIONAL PHARMACY,4323 N JOSEY LN STE 102,,CARROLLTON,TX,750104630,4698961777,PRESIDENT,333600000X|3336C0003X,tier_1_primary_pharmacy,Y,Y,
1639503113,SAINT MARY' PHARMACY,630 N TEXAS BLVD,,WESLACO,TX,785964804,9563515075,PHARMACIST/OWNER,333600000X|3336C0003X,tier_1_primary_pharmacy,Y,Y,
1548694029,HARVESTFIELD PHARMACY INC,201 W DEL MAR BLVD STE 1B,,LAREDO,TX,780412238,9565684208,MANAGER,333600000X|3336C0003X,tier_1_primary_pharmacy,Y,Y,
1215362389,"JAY SHREE MELADI MAA, LLC",616 W DICKINSON BLVD,,FORT STOCKTON,TX,797354229,4323362200,MANAGER,3336C0003X,tier_1_primary_pharmacy,Y,Y,
1649605700,"MEYERLAND PHARMACY, LLC",10547 S POST OAK RD,,HOUSTON,TX,770353305,7137288000,MANAGER,3336C0003X,tier_1_primary_pharmacy,Y,Y,
1255766952,"NEW CARE PHARMACY, INC.",900 JEROME STREET,SUITE 100,FORT WORTH,TX,76104,8179247000,OWNER/PHARMACIST-IN-CHARGE,3336C0003X,tier_1_primary_pharmacy,Y,Y,
1811323447,"COR PHARMA, LLC",5710 LBJ FWY # 140,,DALLAS,TX,752406324,8772073858,VICE PRESIDENT,333600000X,tier_1_primary_pharmacy,Y,Y,
1811323454,BROADWAY PHARMACY,3744 BROADWAY ST,C,HOUSTON,TX,770173046,8328857061,OWNER/PHARAMCIST,3336C0003X,tier_1_primary_pharmacy,Y,Y,
1407282056,TOTAL PHARMA,5710 LBJ FWY STE 100,,DALLAS,TX,752406387,8772018656,VICE PRESIDENT,333600000X,tier_1_primary_pharmacy,Y,Y,
1225464878,APEX PHARMA,5710 LBJ FWY STE 135,,DALLAS,TX,752406364,8772053767,VICE PRESIDENT,333600000X,tier_1_primary_pharmacy,Y,Y,
1629404280,L & A PHARMACEUTICALS LLC,942 S FRY RD,,KATY,TX,77450,8323214459,OWNER/OFFICER,3336C0003X,tier_1_primary_pharmacy,Y,Y,
1275969743,"RAWLS RX, LLC",1112 E GRIFFIN PKWY STE B,,MISSION,TX,785722409,9565814200,PHARMACIST / OWNER / AO,3336C0004X|333600000X|3336C0003X,tier_1_primary_pharmacy,Y,Y,
1962838466,"SANDSRX, LLC",4 REGENCY DR,,WYLIE,TX,750987008,9725352020,PRESIDENT,3336C0004X|3336H0001X|3336S0011X|3336C0003X,tier_1_primary_pharmacy,Y,Y,
1568898864,ADL CARE AT HOME INC.,1817 WYOMING AVE,,EL PASO,TX,799033406,9155436060,PRESIDENT,3336C0003X|3336C0004X|333600000X,tier_1_primary_pharmacy,Y,Y,
1134555485,"US DRUG MART, INC.","601 N PARKWAY DR, STE A",,ALVARADO,TX,76009,8177832727,VICE PRESIDENT,3336C0003X,tier_1_primary_pharmacy,Y,Y,
1831525013,L & A PHARMACEUTICALS,6423 RICHMOND AVE,SUITE G,HOUSTON,TX,77057,7137890488,OWNER/OFFICER,3336C0003X,tier_1_primary_pharmacy,Y,Y,
1942636147,KS PHARM LLC,2515 BUSINESS CENTER DR.,,PEARLAND,TX,77584,7134427272,DIRECTOR OF PHARMACY,3336C0003X,tier_1_primary_pharmacy,Y,Y,
1801222989,"HEALTHSCRIPTS OF AMERICA - DALLAS, LLC",4343 SIGMA RD STE 400,,DALLAS,TX,752444449,8324943210,COMPLIANCE,3336C0003X,tier_1_primary_pharmacy,Y,Y,
1609202456,"ALTERNATIVE DIAGNOSTICS, LLC",1705 W UNIVERSITY DR,STE 108,MCKINNEY,TX,750693392,9728087281,MANAGING MEMBER,3336C0003X,tier_1_primary_pharmacy,Y,Y,
1669808499,PRIMARY CARE PHARMACY LLC,6612 HORNWOOD DR STE C,,HOUSTON,TX,770745010,8324337346,OWNER,333600000X,tier_1_primary_pharmacy,Y,Y,
1346676160,NV CREATIVE INC,714 W CHURCH ST,,LIVINGSTON,TX,773513109,9363275510,OFFICER,333600000X|3336L0003X|3336C0003X,tier_1_primary_pharmacy,Y,Y,
1689000309,HILL COUNTRY APOTHECARY,1310 RANCH ROAD 620 S,A-1,LAKEWAY,TX,787346300,5123519139,CO-OWNER,3336C0003X,tier_1_primary_pharmacy,Y,Y,
1134556764,PHYLLIS K. CURRY L.L.C.,104 S. MAIN ST,,ALBANY,TX,76430,3257623979,OWNER,333600000X,tier_1_primary_pharmacy,Y,Y,
1134556756,ADLAKHA INVESTMENTS INC,1615 GRAND AVENUE PKWY STE 104,,PFLUGERVILLE,TX,78660,5123771999,OWNER,333600000X|3336C0004X|3336H0001X|3336C0003X,tier_1_primary_pharmacy,Y,Y,
1184051500,LAND PHARMACY LLC,501 W 2ND STREET,,CLARENDON,TX,79226,8068743554,PRESIDENT,333600000X|3336L0003X|3336C0003X,tier_1_primary_pharmacy,Y,Y,
1891122107,"HEALTHSCRIPTS PHARMACY, LLC",6565 WEST LOOP S STE 109,,BELLAIRE,TX,774013500,8324943210,CEO,3336C0003X,tier_1_primary_pharmacy,Y,Y,
1902233257,NIKORXPHARMACY,207 WINTON ST,,SOUTH HOUSTON,TX,775873433,7135105434,OWNER,333600000X|3336M0002X|3336C0003X,tier_1_primary_pharmacy,Y,Y,
1144657206,"ASTRO RX, LLC",20423 KUYKENDAHL RD,SUITE 250,SPRING,TX,773793322,8322094999,COMPLIANCE OFFICER,3336C0004X|3336C0003X,tier_1_primary_pharmacy,Y,Y,
1225465321,VVMM PHARMACY LLC,6435 SAN FELIPE ST,,HOUSTON,TX,770572705,7137835704,OWNER,333600000X|3336C0004X|3336C0003X,tier_1_primary_pharmacy,Y,Y,
1881021871,EXECUTIVE ENTERPRISES,9303 PINECROFT DRIVE,SUITE 300,THE WOODLANDS,TX,77380,3462242125,OWNER,3336C0003X|333600000X,tier_1_primary_pharmacy,Y,Y,
1194152041,KILLEEN PHARMACY,218 E AVENUE B,,KILLEEN,TX,765415223,2542473979,PRESIDENT,3336C0003X,tier_1_primary_pharmacy,Y,Y,
1588091474,PRO MED PHARMACY,6300 WESTPARK DR STE 210,,HOUSTON,TX,770577207,7135926188,OWNER,3336C0003X,tier_1_primary_pharmacy,Y,Y,
1952738734,THE ELIXIR PHARMACY,13948A WESTHEIMER RD,,HOUSTON,TX,770775359,2814961488,OWNER/MANAGER,3336C0003X,tier_1_primary_pharmacy,Y,Y,
1396172128,JERSEY VILLAGE PHARMACY LLC,17400 HIGHWAY 290 STE 400,,JERSEY VILLAGE,TX,770401002,2814165800,PHARMACY MANAGER,3336M0002X|3336C0003X|3336S0011X|333600000X|3336C0004X,tier_1_primary_pharmacy,Y,Y,
1154759926,HIW PHARMACY LLC,13111 N CENTRAL EXPY,SUITE 1000,DALLAS,TX,752431138,4692501600,PRESIDENT,333600000X,tier_1_primary_pharmacy,Y,Y,
1679901284,AJ GOKUL NILKANTH LLC,28455 TOMBALL PKWY,,TOMBALL,TX,773753307,8328437105,OWNER,333600000X|3336C0003X,tier_1_primary_pharmacy,Y,Y,
1710315296,CARVAJALS INC,1406 FITCH ST,,SAN ANTONIO,TX,782111406,2109771852,PRESIDENT,3336C0003X,tier_1_primary_pharmacy,Y,Y,
1457789935,CARVAJALS INC,1715 MCCULLOUGH AVE,,SAN ANTONIO,TX,782124046,2109771870,PIC,3336C0003X,tier_1_primary_pharmacy,Y,Y,
1265860621,MEDICAL PLAZA PHARMACY,707 E MARSHALL AVE STE 7,,LONGVIEW,TX,756015575,9037573477,RPH OWNER,3336C0003X,tier_1_primary_pharmacy,Y,Y,
1013345156,FAMILIA CARE,3201 W SANER AVE,,DALLAS,TX,752331430,2143310567,"MANAGER, PHARMACY OPERATIONS",3336C0002X,tier_1_primary_pharmacy,Y,Y,
1376971499,PLANNED PARENTHOOD OF GREATER TEXAS,7424 GREENVILLE AVE,STE 101,DALLAS,TX,752314534,2143681485,HEALTH SERVICES & OPERATIONS SUPPOR,3336C0002X,tier_1_primary_pharmacy,Y,Y,
1104254259,"FAMILIA CARE, INC",506 S NURSERY RD,SUITE 101,IRVING,TX,750603187,9725733288,"MANAGER, PHARMACY OPERATIONS",3336C0002X,tier_1_primary_pharmacy,Y,Y,
1821426974,FAMILIA CARE INC,6751 ABRAMS RD,SUITE 108,DALLAS,TX,752310210,2144666376,"MANAGER, PHARMACY OPERATIONS",3336C0002X,tier_1_primary_pharmacy,Y,Y,
1639507759,"HARRISBURG PHARMACY, PLLC",7321 HARRISBURG BLVD STE C-1,,HOUSTON,TX,770114738,7139282100,PHARMACIST IN CHARGE,333600000X|3336C0003X,tier_1_primary_pharmacy,Y,Y,
1740618891,FAMILIA CARE INC,4438 W JEFFERSON BLVD,,DALLAS,TX,752114623,9724981925,"MANAGER, PHARMACY OPERATIONS",3336C0002X,tier_1_primary_pharmacy,Y,Y,
1477981512,"SCOTT'S QUITMAN PHARMACY, LLC",310 E GOODE ST,,QUITMAN,TX,757832535,9037639600,OWNER,333600000X,tier_1_primary_pharmacy,Y,Y,
1659700540,FAMILIA CARE INC,10058 A. LONG POINT,,HOUSTON,TX,77055,8323803980,"MANAGER, PHARMACY OPERATIONS",3336C0002X,tier_1_primary_pharmacy,Y,Y,
1780013680,LA FERIA DRUG,54 E PRICE RD STE 2,,BROWNSVILLE,TX,785213508,9565508908,PRESIDENT,3336C0003X,tier_1_primary_pharmacy,Y,Y,
1386073245,"MEMROIAL CARE PHARMACY,INC",3003 S LOOP W STE 340,,HOUSTON,TX,770541373,8327776448,PIC,3336C0003X,tier_1_primary_pharmacy,Y,Y,
1114356953,TRIANGLE PHARMACY SOLUTIONS LLC,3480 FANNIN ST,SUITE M,BEAUMONT,TX,777013814,4098381500,OWNER/PHARMACIST,3336C0003X,tier_1_primary_pharmacy,Y,Y,
1275962961,PATIENT FIRST CHOICE PHARMACY,1008 MAIN ST,,LIBERTY,TX,775753718,9366419395,MANAGING OFFICER,3336C0003X,tier_1_primary_pharmacy,Y,Y,
1598194151,MED SCRIPTS GROUP CORPORATION,10039 BISSONNET ST STE 116,,HOUSTON,TX,770367838,8323716100,DIRECTOR,3336L0003X|3336M0002X|3336C0003X,tier_1_primary_pharmacy,Y,Y,
1609205194,DOYFRAN DEVELOPERS LLC,9701 N SAM HOUSTON PKWY E,SUITE 110,HUMBLE,TX,773964636,2819738042,OPERATIONS MANAGER,333600000X,tier_1_primary_pharmacy,Y,Y,
1164851234,GRASSO ENTERPRISES LLC,1228 BANDERA HWY,,KERRVILLE,TX,780289640,8302570732,RPH,3336S0011X|3336C0004X,tier_1_primary_pharmacy,Y,Y,
1942639935,ROGERS PHARMACY #5,8621 N NAVARRO ST,,VICTORIA,TX,779042603,3618946430,OWNER,3336C0003X,tier_1_primary_pharmacy,Y,Y,
1801226832,BLUE MINT PHARMACY,9888 BISSONNET ST STE 210,,HOUSTON,TX,770368441,7137732535,CEO/OWNER,3336C0003X,tier_1_primary_pharmacy,Y,Y,
1013347905,HARMONY DME LLC,199 HIGHWAY 290 E STE A,,ELGIN,TX,786213319,5122856308,CFO,3336C0003X,tier_1_primary_pharmacy,Y,Y,
1447680210,SONEXUS HEALTH PHARMACY SERVICES,2730 EDMONDS LN STE 400,,LEWISVILLE,TX,750676731,9723509940,PRESIDENT,3336C0003X,tier_1_primary_pharmacy,Y,Y,
1073943866,METROPLEX ADVENTIST HOSPITAL INC,2201 S CLEAR CREEK RD,,KILLEEN,TX,765494110,2545198272,PHARMACY MANAGER,333600000X|3336C0003X,tier_1_primary_pharmacy,Y,Y,
1891125530,S & L MEDICAL CENTER PHARMACY INC,1101 W EAGLE DR,SUITE C,DECATUR,TX,762343721,9406275400,PRESIDENT,3336C0004X|333600000X|3336C0003X,tier_1_primary_pharmacy,Y,Y,
1700216447,"UNITED RX, INC.",6121 HILLCROFT ST,SUITE K-2,HOUSTON,TX,770811002,7134961328,OWNER/PIC,3336C0003X,tier_1_primary_pharmacy,Y,Y,
1518397025,"FW MEDICAL SUPPLIES, LLC D/B/A DANDY DRUG",5450 E FM 1187,,BURLESON,TX,760283060,8174833784,PIC/OWNER,333600000X|3336C0004X|3336C0003X,tier_1_primary_pharmacy,Y,Y,
1346670726,CHARLES R GORDON MD PA,2737 S BROADWAY AVE,,TYLER,TX,757015413,9035310590,GM,333600000X|3336C0003X,tier_1_primary_pharmacy,Y,Y,
1316377443,PRO MED PHARMACY,6300 WESTPARK DR STE 210,,HOUSTON,TX,770577207,7135926188,OWNER,3336L0003X|3336M0002X|3336C0003X,tier_1_primary_pharmacy,Y,Y,
1750712824,ANCHOR PHARMACY LLC,12669A BISSONNET ST,606 AVERY,HOUSTON,TX,770991331,2817517479,PHARMACIST IN CHARGE/OWNER,333600000X|3336C0003X,tier_1_primary_pharmacy,Y,Y,
1427489574,"VMC PHARMACY AT STONEGATE, LLC",2501 W WILLIAM CANNON DR,,AUSTIN,TX,787455281,5122762595,MANAGER,333600000X|3336C0004X|3336C0003X,tier_1_primary_pharmacy,Y,Y,
1508297235,LITTLE YORK PHARMACY,7404 AIRLINE DR,SUITE E,HOUSTON,TX,770761069,8327672139,PHARMACIST/OWNER,3336C0004X|3336C0003X,tier_1_primary_pharmacy,Y,Y,
1902237597,"WELL-CARE RX & DME, LLC",8115 N LOS EBANOS RD STE 5,,ALTON,TX,78573,9562711555,PHARMACIST IN CHARGE/OWNER,333600000X|3336M0003X|3336C0003X,tier_1_primary_pharmacy,Y,Y,
1194156778,INVERNESS APOTHECARY - SOUTH TEXAS,5009 S MCCOLL RD STE A,,EDINBURG,TX,785398014,9564670264,PHARMACIST IN CHARGE,3336C0003X|3336C0004X,tier_1_primary_pharmacy,Y,Y,
1285065870,LAKE TRAVIS PHARMACY PARTNERS LLC,12005 BEE CAVE PKWY STE 1A,,AUSTIN,TX,787386387,5126089355,OWNER,3336C0003X|3336C0004X|3336L0003X|333600000X,tier_1_primary_pharmacy,Y,Y,
1124459870,MELROSE PHARMACY LLC,2860 HIGHWAY 157 N STE 120,,MANSFIELD,TX,760638883,8174534444,OFFICER,3336C0003X,tier_1_primary_pharmacy,Y,Y,
1407287188,SALFITI KRUM PHARMACY LLC,820 E MCCART ST,SUITE C,KRUM,TX,762495634,9404821972,OWNER,3336C0003X,tier_1_primary_pharmacy,Y,Y,
1669803151,"LAKE TRAVIS PHARMACY PARTNERS, LLC",12005 BEE CAVE RD,SUITE 1A,AUSTIN,TX,78738,2147348878,OWNER,333600000X,tier_1_primary_pharmacy,Y,Y,
1235560541,FIVE STAR CARE INC.,108-B NORTH MAIN,,DAYTON,TX,77535,9366818335,MANAGER,3336C0003X,tier_1_primary_pharmacy,Y,Y,
1538580535,WELLMART PHARMACY INC,403 W GRAND PKWY S STE S,STE E,KATY,TX,774948358,2812087138,OWNER,333600000X,tier_1_primary_pharmacy,Y,Y,
1972924975,CARETECTURE LLC,6001 WINDHAVEN PKWY,SUITE 220,PLANO,TX,750938017,9724736867,CEO,3336C0004X,tier_1_primary_pharmacy,Y,Y,
1639590516,"TEXAS HEALTH RX, LLC",616 E MAIN ST,,MIDLOTHIAN,TX,76065,8174580270,MANAGING OFFICER,3336C0003X,tier_1_primary_pharmacy,Y,Y,
1134540917,3 WILD ONES LLC,26108 OVERLOOK PKWY,BLDG 4,SAN ANTONIO,TX,78260,2108194515,OWNER,3336C0003X,tier_1_primary_pharmacy,Y,Y,
1992126569,WALGREEN CO,6205 WESTCREEK DR,,FORT WORTH,TX,761334319,8178967425,PHARMACIST,333600000X,tier_1_primary_pharmacy,Y,N,WALGREEN
1235550815,SPCSA PLLC,3903 WISEMAN BLVD STE 101,,SAN ANTONIO,TX,782514402,2104414501,PHARMACY DIRECTOR,3336C0003X,tier_1_primary_pharmacy,Y,Y,
1598186199,"PRO K, INC",10500 VISTA DEL SOL DR STE A,,EL PASO,TX,799257925,9155951300,PRESIDENT,3336C0003X,tier_1_primary_pharmacy,Y,Y,
1841611316,"ONCOLOGY PHARMACY SERVICES, INC",906 W RANDOL MILL RD STE 200,,ARLINGTON,TX,760122510,8176649650,"DIRECTOR, CONTRACT ADMINISTRATION",333600000X|3336C0003X,tier_1_primary_pharmacy,Y,Y,
1568883924,"NUVISION PHARMARY, INC.",4001 MCEWEN ROAD,SUITE 110,DALLAS,TX,752445021,2143474008,DIRECTOR,3336M0002X,tier_1_primary_pharmacy,Y,Y,
1639590995,AGATENO TECHNOLOGIES LLC,3648 OLD DENTON RD STE 104,,CARROLLTON,TX,750077977,2148005526,PHARMACIST/OWNER,3336C0003X,tier_1_primary_pharmacy,Y,Y,
1720409089,"H-E-B, LP",2710 PEARLAND PARKWAY,,PEARLAND,TX,77581,2814855047,GOVERNMENT PROGRAMS MANAGER,3336C0003X,tier_1_primary_pharmacy,Y,N,H-E-B
1982026811,COMPREHENSIVE HEALTHCARE SERVICES LLC,12371 EDGEMERE BLVD STE 210,,EL PASO,TX,799384879,9158575510,PIC/OWNER,3336C0004X|333600000X|3336C0003X,tier_1_primary_pharmacy,Y,Y,
1891117735,"JACOB'S DISCOUNT PHARMACY, INC.",8118 LONG POINT RD,,HOUSTON,TX,770552006,7134693502,MANAGER,3336C0003X,tier_1_primary_pharmacy,Y,Y,
1629490461,ECONO PHARMACY 2,415 W LITTLE YORK RD STE H,,HOUSTON,TX,770761350,7136917068,PRES/OWNER,3336C0003X,tier_1_primary_pharmacy,Y,Y,
1548683972,LC PHARMA OF UVALDE LLC,1001 E MAIN ST,,UVALDE,TX,788014831,8305911000,MANAGING MEMBER,333600000X|3336C0003X,tier_1_primary_pharmacy,Y,Y,
1447673694,"HEALTHSCRIPTS OF AMERICA-AUSTIN, LLC",6705 W HIGHWAY 290,SUITE C1,AUSTIN,TX,787358400,8552165549,CEO,3336C0003X,tier_1_primary_pharmacy,Y,Y,
1841613981,LIFEFOUNTAIN PHARMACY CORP,8850 SIX PINES DR STE 150,,THE WOODLANDS,TX,773802688,3463094800,OFFICER,333600000X|3336C0004X|3336H0001X|3336S0011X|3336C0003X,tier_1_primary_pharmacy,Y,Y,
1497178404,PINNACLE PHARMA LLC,5710 LBJ FWY STE 100,,DALLAS,TX,752406387,8772018656,VICE PRESIDENT,3336C0003X,tier_1_primary_pharmacy,Y,Y,
1073936555,THE HARRIS CENTER FOR MENTAL HEALTH AND IDD,1502 TAUB LOOP,,HOUSTON,TX,770301608,7139704650,CEO,3336I0012X,tier_1_primary_pharmacy,Y,Y,
1114341369,HEALTHCHOICE MANAGEMENT SERVICES LLC,12930 DAIRY ASHFORD RD STE 303,,SUGAR LAND,TX,774784666,8888381211,PIC,333600000X|3336C0003X,tier_1_primary_pharmacy,Y,Y,
1508280652,GENORITE PHARMACY LLC,5200 DAVIS LN,STE 110B,AUSTIN,TX,787494064,5123519160,PHARMACIST IN CHARGE,3336C0003X,tier_1_primary_pharmacy,Y,Y,
1922422955,"DD SMITH ACQUISITIONS, INC",12361 MAIN ST,,HOUSTON,TX,770356200,7134529904,PRESIDENT,333600000X,tier_1_primary_pharmacy,Y,Y,
1578987350,"HEALTHSCRIPTS OF AMERICA-NORTH AUSTIN, LLC",7700 CAT HOLLOW DR,SUITE 101,ROUND ROCK,TX,786815796,8552165549,CEO,3336C0003X,tier_1_primary_pharmacy,Y,Y,
1104240068,"BRICKSTREET LONG TERM CARE, LLC",312 W RUSK ST,SUITE B,TYLER,TX,757011513,9035338157,PIC/OWNER,3336L0003X,tier_1_primary_pharmacy,Y,Y,
1831514298,ST JOSEPH REGIONAL HEALTH CTR,2601 OSLER BLVD,,BRYAN,TX,778022516,9796904801,VICE PRESIDENT CLINICAL SUPPORT SER,3336C0003X,tier_1_primary_pharmacy,Y,Y,
1619392016,HEALTH RX SCRIPTS LLC,900 S WAYSIDE DR,SUITE 400 A,HOUSTON,TX,770233427,8327404353,"OWNER,  AO, PHCY MANAGER, PIC,CEO",333600000X|3336C0003X,tier_1_primary_pharmacy,Y,Y,
1215352463,SPECIALTY PHARMACEUTICAL SOLUTIONS,4503 DEZAVALA RD STE 112,,SAN ANTONIO,TX,782492060,2103754620,PARTNER/MANAGER,3336C0003X,tier_1_primary_pharmacy,Y,Y,
1285059444,GM&G HEALTH INCORPORATED,8300 HOMESTEAD RD STE 6,,HOUSTON,TX,770282149,7134922152,OWNER/PIC,3336C0003X,tier_1_primary_pharmacy,Y,Y,
1215352331,"PREMIER PAIN CONSULTANTS, PLLC",2425 BABCOCK RD,SUITE 108A,SAN ANTONIO,TX,782294898,2102989000,CEO,3336C0003X,tier_1_primary_pharmacy,Y,Y,
1053736041,CUSTOM MEDS PHARMACY INC.,4805 BISSONNET ST,,BELLAIRE,TX,774014028,8324315449,PRESIDENT,3336C0004X|3336C0003X,tier_1_primary_pharmacy,Y,Y,
1689099673,"HEALTHSCRIPTS OF AMERICA-SOUTHWEST TEXAS, LLC",2803 DULLES AVE,SUITE 2817,MISSOURI CITY,TX,774592950,8552993340,CEO,3336C0003X,tier_1_primary_pharmacy,Y,Y,
1881019826,BROOKSTAN PHARMACY LLC,1215 S COULTER ST STE 101,,AMARILLO,TX,791061761,8063507451,"CO-OWNER, PIC",3336C0004X|3336L0003X|3336C0003X,tier_1_primary_pharmacy,Y,Y,
1740605674,CHUNG & HIEN LLC,1202 ELGIN ST STE B,,HOUSTON,TX,770042829,7135339033,PRESIDENT/PIC,3336C0003X,tier_1_primary_pharmacy,Y,Y,
1114343480,GREENBRIAR PHARMACY LP,250 FM 2449,,PONDER,TX,76259,9404790111,OWNER/PHARMACIST,3336C0003X,tier_1_primary_pharmacy,Y,Y,
1992121149,HARRIS COUNTY HOSPITAL DISTRICT,9230 KIRBY DR STE 500,,HOUSTON,TX,770542541,7136341479,"EVP, CFO",333600000X,tier_1_primary_pharmacy,Y,Y,
1861818007,FC PHARMACY LLC,6029 BELT LINE RD,STE 110,DALLAS,TX,752549109,2148886976,OWNER,3336C0004X|3336C0003X,tier_1_primary_pharmacy,Y,Y,
1487071262,APPLING ENTERPRISES LLC,2501 W OAK ST STE 100,,DENTON,TX,762014324,9403826758,SOLE MEMBER/OWNER,3336C0004X,tier_1_primary_pharmacy,Y,Y,
1205253085,RIGHT VALUE DRUG STORES INC.,122 GRAPEVINE HWY,,HURST,TX,760542406,8172829376,PRESIDENT,3336C0004X,tier_1_primary_pharmacy,Y,Y,
1568889160,"BAYLOR SCOTT & WHITE HEALTH ENTERPRISES, INC.",4716 ALLIANCE BLVD STE 280,,PLANO,TX,750935381,4698145780,PRESIDENT,3336C0003X,tier_1_primary_pharmacy,Y,Y,
1538586656,BROOKSHIRE BROTHERS INC,1117 N MAIN ST,,JEWETT,TX,758464563,9036265414,CHIEF OPERATING OFFICER,333600000X|3336C0003X,tier_1_primary_pharmacy,Y,Y,
1437576550,"H-E-B, LP",23635 WILDERNESS OAK,,SAN ANTONIO,TX,78258,2104902677,GOVERNMENT PROGRAMS MANAGER,3336C0003X,tier_1_primary_pharmacy,Y,N,H-E-B
1972921849,ECLEATS PHARMACY INC.,4427 HIGHWAY 6 STE F,,SUGAR LAND,TX,774784515,2819037491,PIC,3336C0003X,tier_1_primary_pharmacy,Y,Y,
1013334903,DOWNING LABS LLC,4001 MCEWEN RD,STE 110,DALLAS,TX,752445020,2143474008,PIC,3336C0003X,tier_1_primary_pharmacy,Y,Y,
1801214564,"HEALTHSCRIPTS OF AMERICA-HILL COUNTRY, LLC",1847 HIGHWAY 46 W,SUITE C,NEW BRAUNFELS,TX,781324739,8558017766,CEO,3336C0003X,tier_1_primary_pharmacy,Y,Y,
1104244722,"HEALTHSCRIPTS OF AMERICA-SOUTHLAKE, LLC",1621 E SOUTHLAKE BLVD,SUITE 180,SOUTHLAKE,TX,760926448,8324943210,CEO,3336C0003X,tier_1_primary_pharmacy,Y,Y,
1659799245,"HEALTHSCRIPTS OF AMERICA-STAFFORD, LLC",9301 SOUTHWEST FWY,SUITE 155,HOUSTON,TX,770741510,8324943210,CEO,3336C0003X,tier_1_primary_pharmacy,Y,Y,
1821416363,EXPRESSMEDS PHARMACY LLC,2300 VALLEY VIEW LN,STE 246,IRVING,TX,750621721,2143306300,OWNER,333600000X|3336L0003X|3336C0003X,tier_1_primary_pharmacy,Y,Y,
1588082887,GLOBAL PHARMACY INC,11677 S HIGHWAY 6,,SUGAR LAND,TX,774981302,8329398950,PRESIDENT,333600000X|3336C0003X,tier_1_primary_pharmacy,Y,Y,
1710305883,UNLIMITED HOME HEALTH CENTER INC,1214 N POST OAK RD,SUITE 150,HOUSTON,TX,770557271,7135976252,CEO,3336H0001X,tier_1_primary_pharmacy,Y,Y,
1659790566,GARCIA PHARMACY,2110 LOMAS DEL SUR,SUITE 105,LAREDO,TX,780465750,9565688081,OWNER,333600000X,tier_1_primary_pharmacy,Y,Y,
1659790244,RUIZ PHARMACY,1405 E JEFFERSON ST,,BROWNSVILLE,TX,785205755,9564084001,PHARMACIST/OWNER,3336C0004X|3336C0003X,tier_1_primary_pharmacy,Y,Y,
1639598261,CULLEN CARE PHARMACY INC,4901 YALE ST,,HOUSTON,TX,770182203,7136915100,PHARMACIST-IN- CHARGE,3336C0003X,tier_1_primary_pharmacy,Y,Y,
1164841714,LIFECARE INFUSION LLC,6300 RICHMOND AVE,SUITE 102,HOUSTON,TX,770575931,7136405353,PHARMACIST-IN-CHARGE,3336S0011X,tier_1_primary_pharmacy,Y,Y,
1649699166,SPHINX PHARMACY GROUP WEBSTER INC,3569 BUSINESS CENTER DR STE 130,,PEARLAND,TX,775841914,8329325836,OWNER,333600000X|3336C0004X|3336S0011X|3336H0001X,tier_1_primary_pharmacy,Y,Y,
1598184004,MAHADEV RX LLC,1810 HIGHWAY 97 E,,JOURDANTON,TX,780261521,8307700770,MANAGER,3336C0003X,tier_1_primary_pharmacy,Y,Y,
1285053579,"INDUS RX, LLC",11035 RESOURCE PKWY STE 101,,HOUSTON,TX,770896071,2814810398,PRESIDENT,3336C0003X,tier_1_primary_pharmacy,Y,Y,
1164841268,KROGER TEXAS L P,9703 BARKER CYPRESS RD,,CYPRESS,TX,774331214,2817463645,LICENSING ASP,3336C0003X,tier_1_primary_pharmacy,Y,N,KROGER
1164842076,ZVZ NTERPRISES LLC,6776 SOUTHWEST FWY STE 407B,,HOUSTON,TX,770742107,8326933492,PHARMACIST IN CHARGE,3336C0003X|3336C0004X,tier_1_primary_pharmacy,Y,Y,
1679993521,"HEALTHSCRIPTS OF AMERICA - FRISCO, LLC",9555 LEBANON RD,SUITE 701,FRISCO,TX,750356095,8552591586,CEO,3336C0003X,tier_1_primary_pharmacy,Y,Y,
1235559865,JD HEALTHCARE 2 LLC,1824 PARKWAY DR,SET 100,LUBBOCK,TX,794034406,8066752001,OWNER/MANAGING OFFICER,3336C0003X,tier_1_primary_pharmacy,Y,Y,
1881014314,"H-E-B, LP",107 N SUNSET STRIP,,KENEDY,TX,78119,8305839155,GOVERNMENT PROGRAMS MANAGER,3336C0003X,tier_1_primary_pharmacy,Y,N,H-E-B
1215357462,AFRA PHARMACY INC.,8141 LONG POINT RD,,HOUSTON,TX,770552032,8328319694,OWNER,3336C0003X,tier_1_primary_pharmacy,Y,Y,
1386064574,COLLIN DRUGS,600 W MCDERMOTT DR STE A,,ALLEN,TX,750132798,2143832444,OWNER,3336C0003X,tier_1_primary_pharmacy,Y,Y,
1669882239,SPLENDORA HEALTHCARE LLC,13841 HIGHWAY 59 STE C,,SPLENDORA,TX,773724697,2816897700,MANAGING OFFICER,3336L0003X|3336C0003X,tier_1_primary_pharmacy,Y,Y,
1497165997,AIRPORT MCKAY PHARMACY,18648 MCKAY DR STE 110,,HUMBLE,TX,773385724,8326441456,PHARMACIST-IN-CHARGE,333600000X,tier_1_primary_pharmacy,Y,Y,
1184034548,ALTA PHARMACEUTICAL CARE INC,3434 W ILLINOIS AVE STE 7,,DALLAS,TX,752118709,2143305700,PHARM.D.,333600000X|3336C0003X,tier_1_primary_pharmacy,Y,Y,
1295145605,"BAYSHORE HEALTH MART, INC.",3315 BURKE RD STE 100,,PASADENA,TX,775041873,8333229746,OFFICER,3336C0003X,tier_1_primary_pharmacy,Y,Y,
1457761777,GULF BANK PHARMACY,8906 NORTH FWY,,HOUSTON,TX,770372727,2819314171,OWNER,333600000X|3336C0003X,tier_1_primary_pharmacy,Y,Y,
1427469790,SPLENDORA HEALTHCARE LLC,13841 HIGHWAY 59 STE C,,SPLENDORA,TX,773724697,2816897700,MANAGING OFFICER,3336L0003X|3336C0003X,tier_1_primary_pharmacy,Y,Y,
1508277716,THE HARRIS CENTER FOR MENTAL HEALTH AND IDD,7200 NORTH LOOP E,,HOUSTON,TX,770285951,7139708715,CEO,3336C0002X|3336C0003X,tier_1_primary_pharmacy,Y,Y,
1811308950,VILLAGE FAMILY PHARMACY LLC,9055 KATY FWY STE 101,,HOUSTON,TX,770241663,7133733300,DIRECTOR OF PHARMACY,3336C0003X,tier_1_primary_pharmacy,Y,Y,
1699186809,"ST. HOPE FOUNDATION, INC.",14815 SOUTHWEST FWY,,SUGAR LAND,TX,774785016,8325320195,DIRECTOR OF OPERATIONS,3336C0003X,tier_1_primary_pharmacy,Y,Y,
1578974663,"LAN NGOC NGUYEN, PHARM.D.,,LLC",1102 ORCHARD DR.,SUITE B,ARLINGTON,TX,76012,8176173460,PHARMACIST,333600000X,tier_1_primary_pharmacy,Y,Y,
1528479425,TRINITY PHARMACY SOLUTIONS,508 MURPHY RD STE E,,STAFFORD,TX,774775449,7136978082,PHARMACIST IN CHARGE (PIC),3336C0003X,tier_1_primary_pharmacy,Y,Y,
1174934129,ROSS AVENUE PHARMACY LLC.,5101 ROSS AVE,SUITE # 100,DALLAS,TX,752067762,9728337999,PHARMACIST IN CHARGE,333600000X|3336C0004X|3336C0003X,tier_1_primary_pharmacy,Y,Y,
1558772400,ROBINSON FAMILY PHARMACY LLC,213 N PINECREST DR,,ATLANTA,TX,755513130,9037961730,PHARMACIST/OWNER,333600000X|3336C0003X,tier_1_primary_pharmacy,Y,Y,
1467863316,1ST CHOICE PRESCRIPTIONS LLC,2056 ANTOINE DR,#120,HOUSTON,TX,770551833,8325828109,OWNER,3336C0003X,tier_1_primary_pharmacy,Y,Y,
1003227869,AFYA SPECIALTY PHARMACY LLC,17490 HIGHWAY 3,SUITE B200,WEBSTER,TX,775984160,2817241426,PHARMACY MANAGER,3336C0003X,tier_1_primary_pharmacy,Y,Y,
1639580418,360 PHARMACY SERVICES LLC,100 E NASA RD 1,SUITE 101,WEBSTER,TX,775985346,2815571700,MANAGING MEMBER,3336C0004X,tier_1_primary_pharmacy,Y,Y,
1033520531,RESOLUTE HOSPITAL COMPANY LLC,555 CREEKSIDE XING,,NEW BRAUNFELS,TX,781302594,8305006761,DIRECTOR OF PHARMACY,3336C0003X,tier_1_primary_pharmacy,Y,Y,
1487066858,EPC PHARMACY LLC,9539 HUFFMEISTER RD STE C,,HOUSTON,TX,770952856,2818615512,MANAGING MEMBER,3336C0003X,tier_1_primary_pharmacy,Y,Y,
1124430202,POPHARMACY LLC,17300 DALLAS PKWY,SUITE 1080A,DALLAS,TX,752481145,9728226292,PRESIDENT,3336C0004X,tier_1_primary_pharmacy,Y,Y,
1194137075,POP'S PHARMACY,11719 BEE CAVE RD #204,,BEE CAVE,TX,787385539,5124875650,MANAGER,333600000X,tier_1_primary_pharmacy,Y,Y,
1992117964,MACE RX PHARMACY,8775 S GESSNER RD,,HOUSTON,TX,770742915,8329175550,MANAGER,3336C0003X,tier_1_primary_pharmacy,Y,Y,
1508278375,EXPRESS SPECIALTY PHARMACY LLC,837 CYPRESS CREEK PKWY STE 105A,,HOUSTON,TX,770903422,2814537085,MEMBER,3336C0003X,tier_1_primary_pharmacy,Y,Y,
1801208665,THE METHODIST HOSPITAL,13300 HARGRAVE RD STE 360,,HOUSTON,TX,770704374,2817370070,PRESIDENT & CEO,333600000X|3336S0011X|3336C0003X,tier_1_primary_pharmacy,Y,Y,
1285046821,GORMAN PHARMACY,117 S KENT ST,,GORMAN,TX,764543060,2547342859,OWNER/PIC,3336C0003X,tier_1_primary_pharmacy,Y,Y,
1841602489,CRYSONCARE PHARMACY INC,22325 GOSLING RD,,SPRING,TX,773894409,7139957577,OFFICER,3336C0003X,tier_1_primary_pharmacy,Y,Y,
1003229550,"PHARMACY DEPOT, LLC",1119 W RANDOL MILL RD STE 104,,ARLINGTON,TX,760126509,6823235528,MANAGER,3336C0003X,tier_1_primary_pharmacy,Y,Y,
1518370808,TEXAS UNICARE PHARMACY LLC,2424 W HOLCOMBE BLVD STE 101,,HOUSTON,TX,770301933,8328343222,"OWNER, PHCY MGR, PIC",333600000X|3336C0004X|3336C0003X,tier_1_primary_pharmacy,Y,Y,
1043623226,IRVING PHARMACY LLC,2000 ESTERS RD STE 202,,IRVING,TX,750618019,9723130585,"OWNER,  AO, PHCY MANAGER, PIC",333600000X|3336C0003X,tier_1_primary_pharmacy,Y,Y,
1346653367,TOTAL VEIN PHARMACY,7920 ELMBROOK DR STE 108,,DALLAS,TX,752474933,8882777002,CHIEF EXECUTIVE OFFICER,333600000X|3336C0004X,tier_1_primary_pharmacy,Y,Y,
1144633082,YOAKUM DISCOUNT PHARMACY,1200 CARL RAMERT DR,,YOAKUM,TX,779954868,3617417455,MANAGER,3336C0003X,tier_1_primary_pharmacy,Y,Y,
1265846547,BIZMART PHARMACY II,779 NORMANDY ST STE 130A,,HOUSTON,TX,770153599,8327672438,PHARMACIST,3336C0003X,tier_1_primary_pharmacy,Y,Y,
1417361528,MARIO'S RX PHARMACY LLC,6201 S CAGE BLVD,STE 3,PHARR,TX,785775609,9567025050,OWNER/DIRECTOR,3336C0003X,tier_1_primary_pharmacy,Y,Y,
1801200696,BUKU DRUGS LLC,1631 S YEGUA RIVER CIR,,SUGAR LAND,TX,774785341,8327943246,OWNER,3336C0003X,tier_1_primary_pharmacy,Y,Y,
1003220898,"H-E-B, LP",14100 SPRING CYPRESS ROAD,,CYPRESS,TX,77429,2813703700,GOVERNMENT PROGRAMS MANAGER,3336C0003X,tier_1_primary_pharmacy,Y,N,H-E-B
1023423738,ALAMO CITY PHARMACY LLC,3338 OAKWELL CT STE 106,,SAN ANTONIO,TX,782183087,2102680153,MANAGER,333600000X,tier_1_primary_pharmacy,Y,Y,
1538574801,PIONEER PHARMACEUTICALS LLC,5101 AVENUE H,#18 U. S HIGHWAY 90 A,ROSENBERG,TX,774712025,7137244601,PARTNER,333600000X,tier_1_primary_pharmacy,Y,Y,
1780099838,"A&E COMMUNITY PHARMACY, INC.",1112 N FLOYD RD,STE. 9,RICHARDSON,TX,750804243,9722348500,OWNER/PHARMACY MANAGER,3336L0003X|333600000X,tier_1_primary_pharmacy,Y,Y,
1588079594,EL DORADO PHARMACY LLC,1300 E ARAPAHO RD STE 210,,RICHARDSON,TX,750812445,2143294580,OWNER,3336C0003X,tier_1_primary_pharmacy,Y,Y,
1184039950,NEUTRON LAB LLC,440 STATE HIGHWAY 78 STE 230,,LAVON,TX,751661266,9728437010,MANAGING OFFICER,333600000X,tier_1_primary_pharmacy,Y,Y,
1912312885,"HILL COUNTRY COMPOUNDING PHARMACY AT RIVERPLACE, LLC",6611 RIVER PLACE BLVD # 103,,AUSTIN,TX,787301162,5124875759,MANAGING PARTNER,3336C0004X|3336C0003X,tier_1_primary_pharmacy,Y,Y,
1538575535,J&D HEALTHKONNET ENTERPRISES PLLC,6109 S COOPER ST,STE- 111,ARLINGTON,TX,76001,8174192822,PIC,3336C0003X,tier_1_primary_pharmacy,Y,Y,
1104233030,"PHARMACY PREFERRED PHYSICIANS, LLC",17300 DALLAS PKWY,SUITE 1080A,DALLAS,TX,752481145,2143357010,PRESIDENT,3336S0011X,tier_1_primary_pharmacy,Y,Y,
1043627938,MAHA KALI NAGA BALAJI LLC,13601 PRESTON RD STE 720E,,DALLAS,TX,752404920,9725522666,CREDENTIALING CONTACT,333600000X|3336C0003X,tier_1_primary_pharmacy,Y,Y,
1205243086,ZING PHARMACY LLC,2615 W PIONEER PKWY STE 139,,GRAND PRAIRIE,TX,750513618,2147882826,OWNER/PIC,3336C0003X,tier_1_primary_pharmacy,Y,Y,
1750798674,RANKIN COUNTY HOSPITAL DISTRICT,1611 SPUR 576,,RANKIN,TX,797780327,4326931272,CEO,3336C0003X,tier_1_primary_pharmacy,Y,Y,
1295142958,"H-E-B, LP",2755 EAST LEAGUE CITY PARKWAY,,LEAGUE CITY,TX,77573,2813342012,GOVERNMENT PROGRAMS MANAGER,3336C0003X,tier_1_primary_pharmacy,Y,N,H-E-B
1891102547,"H-E-B, LP",26500 KUYKENDAHL ROAD,,TOMBALL,TX,77375,2812552248,GOVERNMENT PROGRAMS MANAGER,3336C0003X,tier_1_primary_pharmacy,Y,N,H-E-B
1346657095,SHEFA-SHEA LLC,5850 FM 802,SUITE C5,BROWNSVILLE,TX,785265203,9566210678,MANAGING OFFICER,3336C0003X,tier_1_primary_pharmacy,Y,Y,
1821405556,BAKER CYPRESS PHARMACY AND HOME CARE EQUIPMENT LLC,705 S FRY ROAD,SUITE 105,KATY,TX,77450,7136313117,PHARMACIST IN CHARGE/MANAGING OFFIC,3336C0003X|333600000X,tier_1_primary_pharmacy,Y,Y,
1609283068,CHLOLINDAK CORPORATION,4832 MOUNT HOUSTON RD,,HOUSTON,TX,770931633,2819873300,OWNER,333600000X|3336C0003X,tier_1_primary_pharmacy,Y,Y,
1003223041,FOREST HILL PHARMACY INC,3403 MANSFIELD HWY,,FOREST HILL,TX,761196027,8178879434,PHARMACY MANAGER/OWNER,3336C0003X,tier_1_primary_pharmacy,Y,Y,
1720496276,AMERICAN SPECIALTY PHARMACY INC,818 E GRAYSON ST STE A,,SAN ANTONIO,TX,782081013,2105982678,OWNER/PRESIDENT/AO,3336S0011X|333600000X|3336C0003X,tier_1_primary_pharmacy,Y,Y,
1588072839,VALUE RX PHARMACY LLC,138 E LITTLE YORK RD,,HOUSTON,TX,770761412,2815013151,OWNER/OFFICER,3336C0003X,tier_1_primary_pharmacy,Y,Y,
1316355498,MED RX SYSTEMS,802A E UNIVERSITY DR,,EDINBURG,TX,785393632,9563832600,OWNER/RPH,3336C0003X,tier_1_primary_pharmacy,Y,Y,
1225446305,MED RX SYSTEMS,802A E UNIVERSITY DR,,EDINBURG,TX,785393632,9563832600,OWNER/RPH,3336C0003X,tier_1_primary_pharmacy,Y,Y,
1336558451,"H-E-B, LP",1601 NOGALITOS,,SAN ANTONIO,TX,78204,2102291825,GOVERNMENT PROGRAMS MANAGER,3336C0003X,tier_1_primary_pharmacy,Y,N,H-E-B
1356750087,VALLEYWIDE PHARMACY AND DME INC,680 PAREDES LINE RD,SUITE B,BROWNSVILLE,TX,78521,9563721405,MANAGER,3336C0003X,tier_1_primary_pharmacy,Y,Y,
1659780302,"AYDIL RX SERVICES, LLC",3001 JOE RAMSEY BLVD E,,GREENVILLE,TX,754017714,9034557200,MANAGING MEMBER,3336C0004X|3336L0003X|3336S0011X|3336C0003X,tier_1_primary_pharmacy,Y,Y,
1821407495,RX SCRIPTS,525 N SAM HOUSTON PKWY E STE 215,,HOUSTON,TX,770604019,8325496871,PHARMD,3336S0011X,tier_1_primary_pharmacy,Y,Y,
1972912418,GRAND AVE PHARMACY,1615 GRAND AVENUE PKWY,SUITE 104,PFLUGERVILLE,TX,786602059,5123771999,PHARMACY MANAGER,3336C0004X|3336C0003X,tier_1_primary_pharmacy,Y,Y,
1689083966,IFC PHARMACY CONSULTANTS,1101 OHIO DR STE 115,,PLANO,TX,750935331,4692980592,MANAGING MEMBER/AO,333600000X|3336C0003X,tier_1_primary_pharmacy,Y,Y,
1396144531,NORTH AMERICAN CUSTOM LABORATORIES LLC,1736 N GREENVILLE AVE,,RICHARDSON,TX,750811808,2143909990,PRESIDENT/PIC,3336S0011X|3336H0001X,tier_1_primary_pharmacy,Y,Y,
1093114134,DALLAS COUNTY MENTAL HEALTH & MENTAL RETARDATION CENTER,1020 S CARRIER PKWY,,GRAND PRAIRIE,TX,750511527,2143302424,CHIEF PHARMACY OFFICER,333600000X|3336C0002X,tier_1_primary_pharmacy,Y,Y,
1992104194,SHATIFF PHARMACY INC,2771 E BROAD ST STE 219,,MANSFIELD,TX,760639157,8172254136,PHARMACIST IN CHARGE,3336C0003X,tier_1_primary_pharmacy,Y,Y,
1609275668,SPELLBOUND LLC,2600 BEE CREEK ROAD SUITE 1,,SPICEWOOD,TX,786696711,5127882285,OWNER/PHARMACIST IN CHARGE,3336C0004X|3336C0003X,tier_1_primary_pharmacy,Y,Y,
1346649258,APOLLO PHARMACY LLC,4987 W UNIVERSITY DR STE 101,,MCKINNEY,TX,750715073,9725426337,PHARMACY MANAGER,3336C0003X,tier_1_primary_pharmacy,Y,Y,
1093114845,APOTHECARXY SPECIALTY LLC,"5214 98TH STREET, SUITE 302",,LUBBOCK,TX,79424,8063688396,OWNER/PHARMACIST,3336C0003X,tier_1_primary_pharmacy,Y,Y,
1174922926,APOTHECARXY SPECIALTY LLC,5214 98TH ST STE 303,,LUBBOCK,TX,794244493,8063688317,OWNER/PHARMACIST,3336L0003X,tier_1_primary_pharmacy,Y,Y,
1831598341,"JSW PROSPERITY, LLC",17310 W GRAND PKWY S STE Z,,SUGAR LAND,TX,774792586,8324716891,MANAGER,3336C0003X,tier_1_primary_pharmacy,Y,Y,
1659770048,EMMONS PHARMACY LLC,14550 TORREY CHASE BLVD STE 410,,HOUSTON,TX,770141058,8325828758,OWNER,3336S0011X|333600000X|3336C0003X|3336L0003X,tier_1_primary_pharmacy,Y,Y,
1548669096,A-LIST PHARMACY LLC,5205 DOWLING ST STE B,,HOUSTON,TX,770047411,7135292728,MANAGER,333600000X|3336C0003X,tier_1_primary_pharmacy,Y,Y,
1477953719,VEDA RX SERVICES INC,813 W WHITE ST,SUITE 200,ANNA,TX,754092613,9728952450,PHARMACIST IN CHARGE,3336C0003X,tier_1_primary_pharmacy,Y,Y,
1265832471,"MGLS PROPERTIES, LLC",419 S STATE HWY. 69,,WHITEWRIGHT,TX,754912425,9033645537,PHARMACIST/OWNER,3336C0003X,tier_1_primary_pharmacy,Y,Y,
1255731261,TOTAL RX CARE INC,9101 LAKEVIEW PKWY STE 500,,ROWLETT,TX,750884540,4692084638,"CEO, PRES",333600000X|3336C0004X|3336H0001X|3336C0003X,tier_1_primary_pharmacy,Y,Y,
1629478466,DALLAM-HARTLEY COUNTIES HOSPITAL DISTRICT,1411 DENVER AVE,,DALHART,TX,790224809,8062444571,CEO,3336I0012X,tier_1_primary_pharmacy,Y,Y,
1003216607,VOLUNTEER HEALTHCARE CLINIC,4215 MEDICAL PKWY,,AUSTIN,TX,787563309,5124596002,PHARMACIST IN CHARGE,3336C0003X,tier_1_primary_pharmacy,Y,Y,
1699176065,KERREG LLC,241 E CROSSTIMBERS ST UNIT C,,HOUSTON,TX,770224417,8327672122,PHARMACIST IN CHARGE,333600000X|3336S0011X|3336C0003X,tier_1_primary_pharmacy,Y,Y,
1245631613,"TIN RX 807, INC.",15271 SOUTHWEST FREEWAY,,SUGAR LAND,TX,77478,7139555700,CEO,3336C0003X,tier_1_primary_pharmacy,Y,Y,
1770984833,ROHAILREZA INC,18 GRUENE PARK DRIVE,,NEW BRAUNFELS,TX,78130,8303874914,SECRETORY,3336C0003X,tier_1_primary_pharmacy,Y,Y,
1174924930,UNLIMITED HOME HEALTH CENTER INC,8300 ESTERS BLVD,SUITE 940,IRVING,TX,750632201,9722009460,CEO,3336H0001X,tier_1_primary_pharmacy,Y,Y,
1477954162,GENOVATIONS PHARMACY LLC,10301 STELLA LINK RD STE C,,HOUSTON,TX,770255447,8329410850,PHARMACY OPERATIONS MANAGER,3336C0003X|333600000X|3336M0003X,tier_1_primary_pharmacy,Y,Y,
1457752032,PROGRESSIVE PHARMA LLC,1535 WEST LOOP S,SUITE 322,HOUSTON,TX,770279512,9724326550,AUTHORIZED OFFICAL,3336C0003X,tier_1_primary_pharmacy,Y,Y,
1366843948,"SPECIALTY SCRIPTS, INC.",4901 LYNDON B JOHNSON FWY,STE 100,DALLAS,TX,752446158,9722395777,PRESIDENT/OWNER,3336C0004X,tier_1_primary_pharmacy,Y,Y,
1427450956,"MIDLAND PHARMACY , LLC","3510 N. MIDKIFF RD, STE 100",,MIDLAND,TX,797054834,4326977500,MANAGING MEMBER,3336C0004X|3336C0003X,tier_1_primary_pharmacy,Y,Y,
1275935694,PAREEK INC,2707B W 15TH ST,,PLANO,TX,750757525,2143474311,PRESIDENT,3336S0011X|333600000X,tier_1_primary_pharmacy,Y,Y,
1144622259,518 PHARMACEUTICAL SERVICES LLC,13230 FM 1764 RD STE B,,SANTA FE,TX,775109673,4099259995,PRESIDENT/OWNER,3336C0003X,tier_1_primary_pharmacy,Y,Y,
1023410024,DALLAS COUNTY MENTAL HEALTH & MENTAL RETARDATION CENTER,16160 MIDWAY RD STE 200,ATTN: PHARMACY,ADDISON,TX,750014202,9723316370,DIRECTOR OF PHARMACY,3336M0002X|333600000X|3336C0002X,tier_1_primary_pharmacy,Y,Y,
1760885297,KALI NAGABALAJI,200 W J BOAZ RD,STE 100,SAGINAW,TX,76179,8174053333,MANAGING OFFICER,3336C0003X,tier_1_primary_pharmacy,Y,Y,
1942603493,SOLEO HEALTH INC.,8275 EL RIO ST,SUITE 180,HOUSTON,TX,770544655,8329811000,CEO,333600000X|3336C0003X|3336S0011X|3336H0001X,tier_1_primary_pharmacy,Y,Y,
1831592393,FOREST DRUG STORE LLC,9550 FOREST LN,SUITE 606,DALLAS,TX,752435905,4698047929,OWNER,3336C0002X,tier_1_primary_pharmacy,Y,Y,
1518360965,KPLAN PHARMACY LLC,5720 BELLAIRE BLVD STE B,,HOUSTON,TX,770815513,7135341110,MANAGING EMPLOYEE,3336C0003X,tier_1_primary_pharmacy,Y,Y,
1598168924,YPVP INC.,2800 MCCANN RD,STE 100,LONGVIEW,TX,75605,9032911730,OWNE & PIC,3336C0003X,tier_1_primary_pharmacy,Y,Y,
1124421094,UNITED RX INC.,11246 S WILCREST DR,SUITE 180,HOUSTON,TX,770994337,8327709905,PIC/OWNER,333600000X,tier_1_primary_pharmacy,Y,Y,
1568866234,TEXAS CHILDREN'S HOSPITAL PHARMACY-SOUTHWEST,9700 BISSONNET ST STE 1000W,,HOUSTON,TX,770368001,3462324960,DIRECTOR OF PHARMACY,333600000X|3336C0002X|3336C0003X,tier_1_primary_pharmacy,Y,Y,
1891199469,KEYSTONE PHARMACY,9301 GULF FWY,,HOUSTON,TX,770177023,8328343312,OWNER/ PIC,3336C0003X,tier_1_primary_pharmacy,Y,Y,
1720482367,FRIENDS' PHARMACY LLC,116 N MAIN AVE,,BIG LAKE,TX,769325211,3257161800,MANAGER,3336C0003X,tier_1_primary_pharmacy,Y,Y,
1053715490,WALGREENS,8100 MATLOCK RD,,ARLINGTON,TX,760024102,8174738580,PHARMACY SUPERVISOR,3336C0003X,tier_1_primary_pharmacy,Y,N,WALGREENS
1588068860,CHB PHARMACY,14211 COIT RD,,DALLAS,TX,752542862,9726611293,PHARMACY DIRECTOR,3336C0003X,tier_1_primary_pharmacy,Y,Y,
1134523376,PHARMACARE PLUS,6720 SANDS POINT DR,SUITE #105,HOUSTON,TX,770743744,8322695348,PRESIDENT/CEO,3336C0003X,tier_1_primary_pharmacy,Y,Y,
1760887590,WENDLAND PHARMACIES LLP,2407 N MAIN ST,,TAYLOR,TX,765741833,5123522659,LIMITED PARTNER,3336L0003X,tier_1_primary_pharmacy,Y,Y,
1679978290,DOUGHERTYS PHARMACY HUMBLE LLC,211 FM 1960 BYPASS RD E,,HUMBLE,TX,773383605,2814469191,AUTHORIZED OFFICIAL,3336C0003X,tier_1_primary_pharmacy,Y,Y,
1952706558,SUPREME COMPOUNDING LLC,7346 ANTOINE DR,,HOUSTON,TX,770887230,2812720813,PHARMACIST,3336C0003X,tier_1_primary_pharmacy,Y,Y,
1790180800,TRUBI1 LLC,200 WESLEY DR,UNIT A PHASE 1,KERRVILLE,TX,780285809,8308960167,OFFICER,3336C0003X,tier_1_primary_pharmacy,Y,Y,
1740685890,PROSPER PHARMACY LLC,1000 PRESTON RD N,SUITE 10,PROSPER,TX,750788779,2143384010,CORPORATE MANAGER,3336L0003X|3336C0004X|3336S0011X|333600000X|3336C0003X,tier_1_primary_pharmacy,Y,Y,
1316342413,"REMOTE RX STAFFING, LLC",13325 HARGRAVE RD STE 180,,HOUSTON,TX,770704540,8327562930,OWNER/PHARMACIST,3336C0003X,tier_1_primary_pharmacy,Y,Y,
1558766576,QCP WYLIE LLC,2300 W FM 544 STE 130,,WYLIE,TX,750984903,9724425333,OWNER,333600000X|3336C0004X|3336C0003X,tier_1_primary_pharmacy,Y,Y,
1407252380,WEATHERFORD COMPOUNDING,2005 FORT WORTH HWY STE 100,,WEATHERFORD,TX,760864780,8175997781,PIC,3336C0004X,tier_1_primary_pharmacy,Y,Y,
1023414877,LMR WESTER ST PHARMACY,511 GASLIGHT BLVD,,LUFKIN,TX,759043127,9366323833,OFFICER,3336C0004X|3336S0011X|3336C0003X,tier_1_primary_pharmacy,Y,Y,
1851797260,AZMO USA CORPORATION LLC,7825 HIGHWAY 6 N,STE 106,HOUSTON,TX,770951700,2818619000,OWNER,333600000X|3336C0004X|3336C0003X,tier_1_primary_pharmacy,Y,Y,
1790182707,"ANCHOR PHARMACY, LLC",11008 BELLAIRE BLVD,,HOUSTON,TX,770722606,2814951282,OWNER,3336C0003X,tier_1_primary_pharmacy,Y,Y,
1073910089,"NIGRO DERMATOLOGY GROUP, P.A.",7700 SAN FELIPE ST STE 492,,HOUSTON,TX,770631630,8328319480,PHARMACY MANAGER,3336C0003X,tier_1_primary_pharmacy,Y,Y,
1245637040,TEXAS LIVER CONSULTANTS INC,607 CAMDEN ST STE 102,,SAN ANTONIO,TX,782152100,2103900091,MANAGER,3336S0011X|3336C0003X,tier_1_primary_pharmacy,Y,Y,
1306243035,"H-E-B, LP",97 OYSTER CREEK DRIVE,,LAKE JACKSON,TX,77566,9792990105,GOVERNMENT PROGRAMS MANAGER,3336C0003X,tier_1_primary_pharmacy,Y,N,H-E-B
1730586231,J & C RX LLC,11301 FALLBROOK #124,,HOUSTON,TX,77065,8328046605,MEMBER,3336C0003X,tier_1_primary_pharmacy,Y,Y,
1750788329,ALAMO CITY PHARMACY LLC,110 STONE OAK LOOP STE 100,,SAN ANTONIO,TX,782583510,2102680153,MANAGER,3336C0003X,tier_1_primary_pharmacy,Y,Y,
1407253966,TRINITY DRUGS LLC,11445 GARLAND RD,SUITE #110,DALLAS,TX,752182506,2147749261,MANAGING OFFICER,3336C0003X,tier_1_primary_pharmacy,Y,Y,
1033516588,"S. MIAN, LLC",4115 PECAN BLVD STE C,,MCALLEN,TX,785013695,9566274128,PHARMACIST,3336C0003X,tier_1_primary_pharmacy,Y,Y,
1396142675,"BM PHARMACY, INC",12924 BELLAIRE BLVD STE 100A,,HOUSTON,TX,770725132,7134573600,PHARMACIST IN CHARGE/OWNER,3336C0003X,tier_1_primary_pharmacy,Y,Y,
1598162679,ROUND ROCK SURGERY CENTER,2000 S MAYS ST STE 400,,ROUND ROCK,TX,786647554,5122444272,SR ASC ADMINISTRATOR,3336C0003X|3336I0012X,tier_1_primary_pharmacy,Y,Y,
1194123067,S & L PHARMACY TERRELL INC,601 W MOORE AVE,,TERRELL,TX,751603123,9725633311,PRESIDENT,333600000X|3336C0003X,tier_1_primary_pharmacy,Y,Y,
1174921803,ONE SOURCE PHARMACY AND MEDICAL SUPPLIES LLC,15733 SAN PEDRO AVE,,SAN ANTONIO,TX,782323726,2104938378,CEO,3336M0002X|3336L0003X|333600000X|3336C0003X,tier_1_primary_pharmacy,Y,Y,
1548668106,"HHP #4 PHARMACY, LLC.",2811 TEAGUE RD,1303,HOUSTON,TX,770802502,3462044576,MANAGING MEMBER,333600000X|3336C0003X,tier_1_primary_pharmacy,Y,Y,
1598163149,DIABETES AMERICA LLC,4519 MATLOCK RD STE 135A,,ARLINGTON,TX,760185674,8178551035,MGR. LICENSING & THIRD PARTY,333600000X|3336C0003X,tier_1_primary_pharmacy,Y,Y,
1508264052,HUNTER PHARMACY SERVICES,3420 EXECUTIVE CENTER DR,,AUSTIN,TX,787311624,5123469296,CONSULTANT PHARMACIST,333600000X,tier_1_primary_pharmacy,Y,Y,
1619375961,A-CLASS PHARMACY LLC,1151 N BUCKNER BLVD STE 104,,DALLAS,TX,752183485,8174667420,"OWNER,AO",333600000X|3336C0003X,tier_1_primary_pharmacy,Y,Y,
1699173849,CARECHOICE PHARMACY LLC,813 N JUPITER RD,,GARLAND,TX,750425439,4699096430,PHARMACIST IN CHARGE,333600000X,tier_1_primary_pharmacy,Y,Y,
1982092102,LONE STAR PAIN MEDICINE PLLC,907 EUREKA ST STE B,,WEATHERFORD,TX,760865880,8174585292,SENIOR MANAGER,333600000X|3336C0003X,tier_1_primary_pharmacy,Y,Y,
1831587963,PARK SPECIALTY COMPOUNDING PHARMACY PLLC,23510 KINGSLAND BLVD STE 104,,KATY,TX,774944126,2816658899,OWNER/PHARMACIST IN CHARGE,333600000X|3336C0004X|3336S0011X|3336C0003X,tier_1_primary_pharmacy,Y,Y,
1457749590,HDK ENTERPRISES LLC,1111 MEDICAL PLAZA DR,SUITE 160,THE WOODLANDS,TX,773803476,8328135296,CEO,3336C0003X,tier_1_primary_pharmacy,Y,Y,
1811385727,MILLENNIUM PHYSICIANS ASSOCIATION PLLC,22710 PROFESSIONAL DR STE 110,,KINGWOOD,TX,773396009,2813128585,PHARMACY DIRECTOR,333600000X|3336H0001X|3336S0011X|3336C0003X,tier_1_primary_pharmacy,Y,Y,
1841688777,GILLTOP PHARMACY LLC,14522 SOUTH POST OAK,STE 108A,HOUSTON,TX,77045,8328317381,OWNER,3336C0003X,tier_1_primary_pharmacy,Y,Y,
1558759316,UNIVERSITY OF TEXAS SOUTHWESTERN MEDICAL CENTER AT DALLAS,6201 HARRY HINES BLVD SUITE 01.117,,DALLAS,TX,753900001,2146334122,CFO,3336C0003X,tier_1_primary_pharmacy,Y,Y,
1730578972,EMERALD PHARMACY LLC,12863 GULF FWY,,HOUSTON,TX,770344807,2814847100,PRESIDENT,333600000X,tier_1_primary_pharmacy,Y,Y,
1760871990,"SYWEST PHARMACY, LLC",2138 N JOSEY LN,STE 100,CARROLLTON,TX,750063034,2143792780,MANAGER,3336L0003X,tier_1_primary_pharmacy,Y,Y,
1740679661,"FRONT DOOR PHARMACY, LLC",8980 KIRBY DR,,HOUSTON,TX,770542830,8327404026,PIC/OWNER,3336C0003X,tier_1_primary_pharmacy,Y,Y,
1023407988,STONEBRIAR PHARMACEUTICAL SERVICES,8018 PRESTON RD STE 502,,FRISCO,TX,750340362,2146182486,"DIRECTOR, AO",333600000X|3336C0004X|3336C0003X,tier_1_primary_pharmacy,Y,Y,
1114316940,"RIVER MEDICAL PHARMACY, LLC",4752 RESEARCH DR,,SAN ANTONIO,TX,782405002,8006171490,VICE PRESIDENT,3336S0011X|333600000X|3336H0001X|3336C0003X,tier_1_primary_pharmacy,Y,Y,
1962891762,PAREEK INC,13988 DIPLOMAT DR STE 100B,,FARMERS BRANCH,TX,752348807,2144324422,PRESIDENT,333600000X|3336C0003X,tier_1_primary_pharmacy,Y,Y,
1114316718,BLACK HAWK PHARMACY LLC,17027 NANES DR,,HOUSTON,TX,770902501,2819191905,OWNER,3336C0003X,tier_1_primary_pharmacy,Y,Y,
1124417605,ECO PHARMACY OF SIENNA PLANATION LLC,8721 HIGHWAY 6 # 200,,MISSOURI CITY,TX,774597151,8324400085,"OWNER,AO",3336C0004X|3336C0003X,tier_1_primary_pharmacy,Y,Y,
1194114546,TIGERX LLC,405 HIGHWAY 37 SOUTH,,MOUNT VERNON,TX,75457,9035374700,OWNER/PIC,3336C0004X|3336C0003X,tier_1_primary_pharmacy,Y,Y,
1932599198,DOUGHERTYS PHARMACY EL PASO LLC,6151 DEW DR STE 100,,EL PASO,TX,799123912,9155819655,PRESIDENT&CEO,3336C0004X|333600000X|3336C0003X,tier_1_primary_pharmacy,Y,Y,
1750771937,CAPROCK COMPOUNDING PHARMACY INC.,3007 50TH STREET,,LUBBOCK,TX,79413,8065896333,PHARMACIST IN CHARGE,333600000X,tier_1_primary_pharmacy,Y,Y,
1336539584,VERDE PHARMACY AND MEDICAL SUPPLY,2929 N GALLOWAY AVE STE 116,,MESQUITE,TX,751504800,9728072493,OWNER /PIC,3336L0003X|3336C0003X,tier_1_primary_pharmacy,Y,Y,
1386034338,AA PHARMACY LLC,17826 DAVENPORT RD STE B,,DALLAS,TX,752525876,4693513462,PHARMACY DIRECTOR,333600000X,tier_1_primary_pharmacy,Y,Y,
1679963623,"SANTA MARIA PHARMACY, LLC",6108 GULFTON ST,,HOUSTON,TX,770812304,7135925300,OWNER,3336C0003X,tier_1_primary_pharmacy,Y,Y,
1285024992,PIONEER PHARMACEUTICALS LLC,5101 AVENUE H STE 18,,ROSENBERG,TX,774712024,8327595114,PRESIDENT,333600000X|3336C0003X,tier_1_primary_pharmacy,Y,Y,
1770973406,"PRO KIMA, LLC",1891 N LEE TREVINO DR STE 200,,EL PASO,TX,799364132,9156292020,OFFICER,3336C0003X,tier_1_primary_pharmacy,Y,Y,
1184014839,RAYFORD PHARMACY LLC,7623 LOUETTA RD,SUITE 104,SPRING,TX,773797295,8329532926,V.P OPERATIONS,3336S0011X|3336L0003X|333600000X,tier_1_primary_pharmacy,Y,Y,
1689065138,BLACKSEA PHARMACEUTICALS INC,8433 FM 1464 RD STE S,,RICHMOND,TX,774071103,2815946027,OFFICER,3336C0003X,tier_1_primary_pharmacy,Y,Y,
1366833634,CANALES MEDICAL SERVICES LLC,2790 PHARMACY RD,STE A,RIO GRANDE CITY,TX,785826546,9564872711,OWNER/PIC/AO,333600000X|3336C0003X,tier_1_primary_pharmacy,Y,Y,
1780075986,"IBA MOLECULAR NORTH AMERICA, INC",4447 BRASS WAY,,DALLAS,TX,752362001,2143312268,PHARMACY MANAGER,3336N0007X,tier_1_primary_pharmacy,Y,Y,
1902297021,RAYMOND HERNANDEZ JR,7718 LOUIS PASTEUR DR,,SAN ANTONIO,TX,782293402,2106141212,OWNER,3336C0003X,tier_1_primary_pharmacy,Y,Y,
1881085850,SPRINGWOODS PHARMACY LLC,25301 BOROUGH PARK DR STE 204,,SPRING,TX,773803568,2814854512,MANAGER,3336C0003X,tier_1_primary_pharmacy,Y,Y,
1154712974,"BLUEJAY PHARMACY, LLC",8344 SPRING CYPRESS RD,SUITE A,SPRING,TX,77379,2812510904,"OWNER, VICE PRESIDENT, PIC",3336C0004X,tier_1_primary_pharmacy,Y,Y,
1356732176,"STRIVE PHARMACY TEXAS, LLC",1077 CENTRAL PARKWAY SOUTH,SUITE 800,SAN ANTONIO,TX,78232,8308165910,MEMBER,333600000X|3336S0011X|3336C0003X,tier_1_primary_pharmacy,Y,Y,
1699166389,SETON FAMILY OF HOSPITALS,4900 MUELLER BLVD,PHARMACY DEPT,AUSTIN,TX,787233079,5123240149,REGIONAL DIRECTOR NET REV & REIMB,3336C0003X|333600000X,tier_1_primary_pharmacy,Y,Y,
1033501663,PHARM D SOLUTIONS,1304 S LOOP W,,HOUSTON,TX,770544010,7137901693,PHARMACIST/OFFICER,3336C0004X,tier_1_primary_pharmacy,Y,Y,
1043602451,WALGREENS,10673 CULEBRA RD,,SAN ANTONIO,TX,782511346,2106479842,PHARMACIST,333600000X,tier_1_primary_pharmacy,Y,N,WALGREENS
1235521568,PHARM D SOLUTIONS,1304 S LOOP W,,HOUSTON,TX,770544010,7132135945,PHARMACIST/OFFICER,333600000X,tier_1_primary_pharmacy,Y,Y,
1376935502,RAPID PHARMACY LLC.,595 S MASON RD,,KATY,TX,774502437,8324127005,MANAGING MEMBER,333600000X,tier_1_primary_pharmacy,Y,Y,
1205228376,"UHS RETAIL PHARMACY, LLC",5012 S US HIGHWAY 75 STE 140,,DENISON,TX,750204599,9033278808,CEO,3336C0003X,tier_1_primary_pharmacy,Y,Y,
1679965701,WESTMONT PHARMACY INC,1140 WESTMONT DR,SUITE 435,HOUSTON,TX,770154363,7134531780,OWNER,333600000X|3336C0003X,tier_1_primary_pharmacy,Y,Y,
1346632338,WALGREENS,1810 W TYLER AVE,,HARLINGEN,TX,785505939,9563640249,PHARMACIST,333600000X,tier_1_primary_pharmacy,Y,N,WALGREENS
1154713915,ANISHA0226 LLC,4245 E BERRY ST,,FORT WORTH,TX,761052789,8179694096,PRESIDENT/OWNER,3336C0003X,tier_1_primary_pharmacy,Y,Y,
1548652258,INKRX LLC.,13111 HUEBNER ROAD,,SAN ANTONIO,TX,782301693,2106841579,PHARMACIST,333600000X|3336C0004X|3336L0003X,tier_1_primary_pharmacy,Y,Y,
1558754218,UCHENNA OGUGUA,2004 E HOUSTON ST,,SAN ANTONIO,TX,782022934,2102247676,PHARMACIST,3336C0003X,tier_1_primary_pharmacy,Y,Y,
1538552195,J AND D PHARMACY INC,12895 JOSEY LN STE 111,,FARMERS BRANCH,TX,752348300,9032697616,OWNER/PRESIDENT,3336M0003X,tier_1_primary_pharmacy,Y,Y,
1467845677,SHAPA INC,9415 BRUTON RD,STE 3103,DALLAS,TX,75217,2144212210,OWNER,333600000X|3336S0011X,tier_1_primary_pharmacy,Y,Y,
1093108805,SOLARIS PHARMACY INC,91 BARNETT SHALE,,BRIDGEPORT,TX,764262266,9402081638,CFO/OFFICER,3336C0004X|333600000X|3336M0002X|3336L0003X,tier_1_primary_pharmacy,Y,Y,
1619361243,"RITE CHOICE PHARMACY, LLC",9727 SPRING GREEN BLVD,SUITE # 150,KATY,TX,774944138,8329136905,OWNER/PRESIDENT,3336C0004X|3336S0011X|3336C0003X,tier_1_primary_pharmacy,Y,Y,
1629462932,SUN PHARMA LLC,2829 BABCOCK RD STE 120,,SAN ANTONIO,TX,782296009,2106174311,OWNER / PIC,333600000X|3336S0011X|3336C0003X,tier_1_primary_pharmacy,Y,Y,
1538553847,THE MEDICAL CENTER PHARMACY LTD CO,16051 ADDISON RD #305,,ADDISON,TX,75001,9722901126,MANAGER,3336C0003X,tier_1_primary_pharmacy,Y,Y,
1790179067,ALLEGIANCERX PHARMACY MANAGEMENT INC,17510 W GRAND PKWY S STE 180,,SUGAR LAND,TX,774792647,2819009750,CEO,333600000X,tier_1_primary_pharmacy,Y,Y,
1013301167,"BAYLOR SCOTT & WHITE HEALTH ENTERPRISES, INC.",2460 N INTERSTATE HIGHWAY 35 E,SUITE 155,WAXAHACHIE,TX,751655266,4698437120,PRESIDENT,3336C0003X,tier_1_primary_pharmacy,Y,Y,
1598159493,SAINT GEORGE & SAINT MOSES LLC,19 COUNTY ROAD 4114,SUITE 1,PITTSBURG,TX,75686,9037087500,OWNER/PHARMACIST,3336C0003X,tier_1_primary_pharmacy,Y,Y,
1881088813,AID PLUS RX LLC,5927 ALMEDA RD STE G,,HOUSTON,TX,770047791,7135200500,OFFICER,3336C0003X,tier_1_primary_pharmacy,Y,Y,
1134514060,ALLEGIANCERX PHARMACY MANAGEMENT INC,740 HOSPITAL DR STE 280,,BEAUMONT,TX,777014663,4098359500,CEO,333600000X,tier_1_primary_pharmacy,Y,Y,
1295120111,"SILVA PHARMACY, INC",939 W JEFFERSON BLVD STE 101,,DALLAS,TX,75208,2144844130,MEMBER,3336C0003X,tier_1_primary_pharmacy,Y,Y,
1831584663,"H-E-B, LP",3590 COLLEGE STREET,,BEAUMONT,TX,77701,4098138452,GOVERNMENT PROGRAMS MANAGER,3336C0003X,tier_1_primary_pharmacy,Y,N,H-E-B
1255726964,WALGREENS,2221 NAOMI ST,,HOUSTON,TX,770543823,8323355773,STAFF PHARMACIST,333600000X,tier_1_primary_pharmacy,Y,N,WALGREENS
1962897405,"H-E-B, LP",2501 W. UNIVERSITY BLVD,,ODESSA,TX,79764,4323320475,GOVERNMENT PROGRAMS MANAGER,3336C0003X,tier_1_primary_pharmacy,Y,N,H-E-B
1164817540,LIFECARE REUSS PHARMACY LLC,515 N ESPLANADE ST,,CUERO,TX,779543603,3612753411,MANAGING MEMBER,333600000X,tier_1_primary_pharmacy,Y,Y,
1831584242,ECO PHARMACY OF SOUTH AUSTIN LLC,11420 BEE CAVES RD STE B100,,AUSTIN,TX,78738,5125199248,OWNER,333600000X,tier_1_primary_pharmacy,Y,Y,
1962897231,TRIWEST SPECIALTY PHARMACY LP,1940 ENCHANTED WAY STE 103A,,GRAPEVINE,TX,760510965,9729144990,OFFICER,3336C0003X,tier_1_primary_pharmacy,Y,Y,
1023403367,MOIKE ENTERPRISES LLC,9201 WARREN PKWY # 300,,FRISCO,TX,750356202,2142383619,PHARMACIST IN CHARGE,3336C0003X,tier_1_primary_pharmacy,Y,Y,
1932594272,DALLAS COUNTY MENTAL HEALTH & MENTAL RETARDATION CENTER,4200 STUART ST,ATTN: PHARMACY DEPT.,GREENVILLE,TX,754015759,9723316330,DIRECTOR OF PHARMACY,333600000X|3336M0002X|3336C0002X,tier_1_primary_pharmacy,Y,Y,
1861887028,"H-E-B, LP",3540 RAYFORD RD,,SPRING,TX,77386,2813532420,GOVERNMENT PROGRAMS MANAGER,3336C0003X,tier_1_primary_pharmacy,Y,N,H-E-B
1427443522,KEVIN PETERSON,2503 CARTWRIGHT RD,,MISSOURI CITY,TX,774592606,2819697940,OWNER,333600000X|3336C0003X,tier_1_primary_pharmacy,Y,Y,
1376939272,"C&A PHARMACEUTICAL ENTERPRISES, LLC",10325 LAKE JUNE RD,STE 400,DALLAS,TX,752175312,9722850152,OWNER,3336C0003X,tier_1_primary_pharmacy,Y,Y,
1225424542,"RSVP HEALTHCARE ALLIANCE, LLC",14008 SHADOW GLEN BLVD,STE 102,MANOR,TX,78653,5126428000,PRESIDENT,3336C0003X,tier_1_primary_pharmacy,Y,Y,
1881081818,"HOME INFUSION SERVICES, LLC",15301 SPECTRUM DR. STE 150,,ADDISON,TX,75001,9726612273,DIRECTOR OF REVENUE CYCLE,3336S0011X|3336H0001X,tier_1_primary_pharmacy,Y,Y,
1750778783,LAKE TRAVIS PHARMACY PARTNERS,12005 BEE CAVES ROAD,SUITE 1A,AUSTIN,TX,78738,5126089355,PHARMACIST/PARTNER,3336L0003X,tier_1_primary_pharmacy,Y,Y,
1336536218,LOTUS PHARMA INC.,1205 AVONDALE HASLET RD STE 200,,HASLET,TX,760523580,8179452608,PHARMACIST,333600000X,tier_1_primary_pharmacy,Y,Y,
1407243306,DALLAS COUNTY MENTAL HEALTH & MENTAL RETARDATION CENTER,9708 SKILLMAN ST,,DALLAS,TX,752435150,4698993200,CHIEF PHARMACY OFFICER,3336M0002X|333600000X|3336C0002X,tier_1_primary_pharmacy,Y,Y,
1861889362,AMERICAN SPECIALTY PHARMACY INC,2707 W 15TH ST STE A,,PLANO,TX,750757599,2149192520,PRESIDENT,333600000X,tier_1_primary_pharmacy,Y,Y,
1568859122,AMERICAN SPECIALTY PHARMACY INC,1300 3RD ST,,CORPUS CHRISTI,TX,784042208,3612214778,OWNER/PRESIDENT/AO,3336S0011X|333600000X|3336C0003X,tier_1_primary_pharmacy,Y,Y,
1659768141,AURORA CARES LLC,3009 FANNIN ST,,HOUSTON,TX,770042805,8325003565,PRESIDENT,3336S0011X|333600000X|3336C0003X,tier_1_primary_pharmacy,Y,Y,
1629465018,KIMSA HEALTH CARE INC.,3926 AVENUE H STE 2,,ROSENBERG,TX,774712842,8329455611,PHARMACIST-IN-CHARGE,3336C0003X,tier_1_primary_pharmacy,Y,Y,
1588041602,"SENA RX PHARMACY, INC.",5050 FM 1960 RD W,SUITE 125,HOUSTON,TX,770694522,2814400018,OWNER,3336C0003X,tier_1_primary_pharmacy,Y,Y,
1740667898,MAPLEWOOD PHARMACY,2515 INWOOD RD STE 107,,DALLAS,TX,752357400,8446279663,PIC,3336C0004X|3336C0003X|333600000X,tier_1_primary_pharmacy,Y,Y,
1932586542,PRESCRIPTION SHOP MARFA,105 E. OAK ST,,MARFA,TX,79843,4322942498,OWNER,3336C0003X,tier_1_primary_pharmacy,Y,Y,
1760869101,ZIKAM NEIGHBORHOOD PHARMACY LLC,21920 BULVERDE RD # 102103,,SAN ANTONIO,TX,782592181,2105035063,"OWNER,PIC,AO",333600000X|3336C0004X|3336C0003X,tier_1_primary_pharmacy,Y,Y,
1861870123,"MEDICAL CENTER PHARMACY, LTD.CO",540 OAK CENTRE DRIVE,SUITE 153,SAN ANTONIO,TX,782583937,2103329862,PHARMACIST-IN-CHARGE,3336C0003X|3336C0004X,tier_1_primary_pharmacy,Y,Y,
1063890911,MEKNELL INC,101 E CORPORATE DR STE 130,,LEWISVILLE,TX,750676601,9722998990,PHARMACIST,3336C0003X,tier_1_primary_pharmacy,Y,Y,
1457739278,WIGGINS ENTERPRISE LLC,7555 BELLAIRE BLVD STE B,,HOUSTON,TX,770365055,7135413300,MANAGING DIRECTOR,3336C0003X|333600000X,tier_1_primary_pharmacy,Y,Y,
1700264306,"H-E-B, LP",3502 PALMER HWY,,TEXAS CITY,TX,77590,4099434249,GOVERNMENT PROGRAMS MANAGER,3336C0003X,tier_1_primary_pharmacy,Y,N,H-E-B
1730567363,"H-E-B, LP",14501 RANCH ROAD 12,,WIMBERLEY,TX,78676,5128473048,GOVERNMENT PROGRAMS MANAGER,3336C0003X,tier_1_primary_pharmacy,Y,N,H-E-B
1558749184,"H-E-B, LP",9722 FRY ROAD,,CYPRESS,TX,77433,2813732102,GOVERNMENT PROGRAMS MANAGER,3336C0003X,tier_1_primary_pharmacy,Y,N,H-E-B
1194103739,"H-E-B, LP",4701 EAST BLVD,,DEER PARK,TX,77536,2819309366,GOVERNMENT PROGRAMS MANAGER,3336C0003X,tier_1_primary_pharmacy,Y,N,H-E-B
1649658279,"H-E-B, LP",909 E BROADWAY ST,,CUERO,TX,77954,3612758934,GOVERNMENT PROGRAMS MANAGER,3336C0003X,tier_1_primary_pharmacy,Y,N,H-E-B
1285012815,"H-E-B, LP",2000 RANCH RD. 620 SOUTH STE A,,LAKEWAY,TX,78734,5122638481,GOVERNMENT PROGRAMS MANAGER,3336C0003X,tier_1_primary_pharmacy,Y,N,H-E-B
1982083341,"H-E-B, LP",800 S SAINT MARYS ST,,FALFURRIAS,TX,78355,3613252910,GOVERNMENT PROGRAMS MANAGER,3336C0003X,tier_1_primary_pharmacy,Y,N,H-E-B
1275912453,ARCHIE PHARMACY LLC,305 S ARCHIE ST,,VIDOR,TX,776624840,4092423124,OPERATIONS MANAGER,3336L0003X|3336S0011X|333600000X|3336C0004X|3336C0003X,tier_1_primary_pharmacy,Y,Y,
1851770911,TEXAS RXSOLUTIONS AND COMPOUNDING PHARMACY,131 E HOSPITAL DR,,ANGLETON,TX,775154111,7137901228,OWNER,3336C0003X,tier_1_primary_pharmacy,Y,Y,
1619356656,"AC PHARMACY, LLC",9090 SKILLMAN ST,SUITE 180A,DALLAS,TX,752438259,2142210353,PHARMACIST IN CHARGE,3336C0003X,tier_1_primary_pharmacy,Y,Y,
1205216462,FAMILIA CARE INC.,941 E. PARK ROW,,ARLINGTON,TX,760104508,8175220221,SR. DIRECTOR OF OPERATIONS,3336C0003X,tier_1_primary_pharmacy,Y,Y,
1225418106,TEXAS MEDICATION MANAGEMENT CONSULTANTS,3033 W PRESIDENT GEORGE BUSH HWY STE 100C,,PLANO,TX,750755752,8885881072,PHARMACIST IN CHARGE,333600000X|3336S0011X,tier_1_primary_pharmacy,Y,Y,
1770963712,BUENA VISTA PHARMACY INC.,9150 HUEBNER RD STE 125A,,SAN ANTONIO,TX,782401558,2106962700,PHARMACIST/PRESIDENT,3336C0003X,tier_1_primary_pharmacy,Y,Y,
1548640584,APOTHECARE COMPOUNDING PHARMACY,9150 HUEBNER RD STE 125B,,SAN ANTONIO,TX,782401558,2106964100,PHARMACIST/PRESIDENT,3336C0004X,tier_1_primary_pharmacy,Y,Y,
1760862825,NEVILLE PHARMACY,5442 LA SIERRA DR STE 200,,DALLAS,TX,752314108,8777789001,CEO,333600000X|3336H0001X,tier_1_primary_pharmacy,Y,Y,
1881074797,ST. HOPE PHARMACY,255 NORTHPOINT DR STE 200,,HOUSTON,TX,770603203,8323008041,CHIEF EXECUTIVE OFFICER,333600000X|3336C0003X,tier_1_primary_pharmacy,Y,Y,
1952781502,BEST CARE RX LLC,7442 PARK PLACE BLVD,,HOUSTON,TX,770874442,2818882179,OFFICER,333600000X|3336C0003X,tier_1_primary_pharmacy,Y,Y,
1871974485,INNOVEIX PHARMACEUTICALS INC.,3790 ARAPAHO RD,,ADDISON,TX,750014311,2143903371,PRESIDENT,3336H0001X,tier_1_primary_pharmacy,Y,Y,
1255712592,SHARKEY SMART INVESTMENTS,12240 MURPHY RD STE B,,STAFFORD,TX,774772411,8325168468,OWNER,3336C0003X|333600000X,tier_1_primary_pharmacy,Y,Y,
1619358967,3D&S SUPREME PHARMACY,203 E DAVIS ST,,CONROE,TX,773013159,9364943781,PHARMACIST IN CHARGE,333600000X,tier_1_primary_pharmacy,Y,Y,
1205217320,BROOKSHIRE BROTHERS INC,1004 E MAIN ST,,HAMILTON,TX,765311572,2543863682,PHARMACY OPERATIONS AND PERSON,333600000X|3336C0004X|3336C0003X,tier_1_primary_pharmacy,Y,Y,
1114308236,BROOKSHIRE BROTHERS INC,750 S HIGHWAY 377,,PILOT POINT,TX,762584469,9406865068,PHARMACY OPERATIONS AND PERSON,3336C0004X|333600000X|3336C0003X,tier_1_primary_pharmacy,Y,Y,
1023499985,CROSS TIMBERS COMPOUNDING LLC,1880 SANTA FE DRIVE SUITE 200,,WEATHERFORD,TX,760866482,8175506044,OFFICER,333600000X,tier_1_primary_pharmacy,Y,Y,
1366823023,VAB HOLDINGS LLC,8300 N MACARTHUR BLVD STE 130,,IRVING,TX,750634869,9728072663,OWNER,3336C0003X,tier_1_primary_pharmacy,Y,Y,
1477935021,A-SCRIPT PHARMACY INC,17051 DALLAS PKWY # 110,,ADDISON,TX,750017109,2146436287,CEO,3336C0003X,tier_1_primary_pharmacy,Y,Y,
1487036687,SECHANZ ENTERPRISES INC,6306 MEADOWBROOK DR,,FORT WORTH,TX,761125121,8178883132,OWNER,333600000X|3336C0003X,tier_1_primary_pharmacy,Y,Y,
1386026367,UNIVERSITY OF TEXAS MEDICAL BRANCH AT GALVESTON,2240 GULF FWY S,PHARMACY ROOM 2.203,LEAGUE CITY,TX,775735143,8325053172,PRESIDENT,3336C0002X|3336C0003X,tier_1_primary_pharmacy,Y,Y,
1497137426,MI FARMACIA,3317 ORLANDO ST STE 3,,HOUSTON,TX,770934854,8325825770,OWNER,3336C0003X,tier_1_primary_pharmacy,Y,Y,
1134501059,REAL VALUE PRODUCTS CORPORATION,4742 DODGE ST,,SAN ANTONIO,TX,782173711,8448705146,VP FINANCE,3336C0004X|3336I0012X|3336L0003X|3336M0002X|3336M0003X|3336S0011X|3336C0003X,tier_1_primary_pharmacy,Y,Y,
1891177663,"UNLIMITED HOME HEALTH CENTER, INC.",2801 OAKMONT DR,STE. 1000,ROUND ROCK,TX,786651020,5126663780,C.E.O.,3336H0001X,tier_1_primary_pharmacy,Y,Y,
1033592456,"ISA MANAGEMENT SERVICES, LLC",1260 W SPRING VALLEY RD STE B,,RICHARDSON,TX,75080,4694661242,OPERATIONS MANAGER,3336C0003X,tier_1_primary_pharmacy,Y,Y,
1700269198,INDUSTRIAL & FAMILY PHARMACY INC,2301 NE 28TH ST,,FT WORTH,TX,761067408,8176256265,"OWNER,PIC,AO",3336C0004X|3336C0003X,tier_1_primary_pharmacy,Y,Y,
1528441946,"ISA MANAGEMENT SERVICES, LLC",712 N. WASHINGTON AVE,STE 500,DALLAS,TX,75246,4694661243,OPERATIONS MANAGER,3336C0003X,tier_1_primary_pharmacy,Y,Y,
1427431980,NITYA INC,12002 SHADOW CREEK PKWY,106,PEARLAND,TX,775847324,3462078588,OPERATIONS MANAGER,333600000X|3336C0003X,tier_1_primary_pharmacy,Y,Y,
1447633672,TEXAS HEALTH RX,643 S GREAT SOUTHWEST PKWY STE 104,,GRAND PRAIRIE,TX,750511056,9728546945,OFFICER,333600000X|3336C0003X,tier_1_primary_pharmacy,Y,Y,
1073996922,CRB HEALTHCARE GROUP INC,210 S PRESTON RD STE 50,,PROSPER,TX,750782780,9723476331,PRESIDENT,3336C0003X|3336C0004X|333600000X,tier_1_primary_pharmacy,Y,Y,
1184008807,"FAMILIA CARE, INC.",3247 DAWES DR,,DALLAS,TX,752115760,2143307767,SR. DIRECTOR OF OPERATIONS,3336C0003X,tier_1_primary_pharmacy,Y,Y,
1629452289,SIENNA COMPOUNDING PHARMACY,9029 HIGHWAY 6,SUITE 190,MISSOURI CITY,TX,774594874,2819155055,OWNER/PHARMACIST IN CHARGE,3336C0004X,tier_1_primary_pharmacy,Y,Y,
1760866339,PROTEX PHARMACY LLC,1540 KENFOREST DR,,MISSOURI CITY,TX,774892165,7136323305,PRESIDENT,3336C0003X,tier_1_primary_pharmacy,Y,Y,
1811372501,BRUCE W ROGERS,1013 S WELLS ST,BLDG B,EDNA,TX,779574045,3617827822,PRESIDENT,3336C0003X|333600000X,tier_1_primary_pharmacy,Y,Y,
1083099485,"PARAGON SPECIALTY PHARMACY, LLC",2920 MOTLEY DR,SUITE 800,MESQUITE,TX,75150,8553553552,OFFICER,3336C0003X,tier_1_primary_pharmacy,Y,Y,
1538544937,"DALLAS SPECIALTY PHARMACY,LLC",5501 GORDON SMITH,SUITE 170,ROWLETT,TX,75089,2402355895,CREDENTIALING CONTACT,3336C0003X,tier_1_primary_pharmacy,Y,Y,
1336524438,"BRACE PHARMACIES, LLC",13740 W STATE HIGHWAY 29 STE 4,,LIBERTY HILL,TX,786426283,5127665479,PHARMACIST IN CHARGE,3336C0004X,tier_1_primary_pharmacy,Y,Y,
1700262821,"H-E-B, LP",3501 CLEAR LAKE CITY BLVD,,HOUSTON,TX,77059,2814804721,GOVERNMENT PROGRAMS MANAGER,3336C0003X,tier_1_primary_pharmacy,Y,N,H-E-B
1285010215,RENATUS HEALTH LLC,1600 W 38TH ST STE 408,,AUSTIN,TX,787316407,5126173530,MANAGING MEMBER,333600000X|3336C0003X|3336S0011X,tier_1_primary_pharmacy,Y,Y,
1114303781,KB EMPIRE LLC.,11003 ANTOINE DR,STE. F,HOUSTON,TX,770861426,2814445200,OWNER,3336C0003X,tier_1_primary_pharmacy,Y,Y,
1740666916,IRLS LLC,1909 GRAND AVE,,LIBERTY,TX,775754803,9367765228,PHARMACIST/OWNER,333600000X|3336C0003X,tier_1_primary_pharmacy,Y,Y,
1770959934,GG MEDICAL INC,614 W FRENCH PL,,SAN ANTONIO,TX,782123634,2102250607,OWNER,3336C0003X,tier_1_primary_pharmacy,Y,Y,
1083080162,CKS HEALTHCARE /INC.,4151 JAIME ZAPATA MEMORIAL HWY STE 208,,LAREDO,TX,780434782,9567242090,PHARMACY MANAGER,333600000X|3336C0003X,tier_1_primary_pharmacy,Y,Y,
1336515220,DICOT RX 1 LLC,725 N MAIN ST STE 2,,BOERNE,TX,780061623,8303318183,PIC/OWNER,333600000X|3336C0003X,tier_1_primary_pharmacy,Y,Y,
1437525268,NIGER PHARMACY LLC,25100 PITKIN RD STE 86A,,THE WOODLANDS,TX,773861978,9564801652,OWNER/OFFICER,3336C0003X,tier_1_primary_pharmacy,Y,Y,
1093181760,CARECO PHARMACY LLC,15003 FM 529 RD STE H,,HOUSTON,TX,770953247,8328030388,CO-OWNER,333600000X|3336C0003X,tier_1_primary_pharmacy,Y,Y,
1376919977,SHACKELFORD COUNTY HOSPITAL DISTRICT,104 S. MAIN ST,,ALBANY,TX,76430,3257623979,DISTRICT ADMINISTRATOR,333600000X|3336C0003X,tier_1_primary_pharmacy,Y,Y,
1215304498,HOANG TRUONG LLC,8388 W SAM HOUSTON PKWY S STE 186,,HOUSTON,TX,770725081,2815645400,PHARMACIST,3336C0003X,tier_1_primary_pharmacy,Y,Y,
1811364078,PEOPLES PHARMACY,"5505 W. PARMER LANE, BUILDING 4",AT APPLE WELLNESS CENTER,AUSTIN,TX,78727,5122153296,A/R MANAGER,3336C0003X,tier_1_primary_pharmacy,Y,Y,
1366819260,LOVE OAK LLC,805 W MAIN ST,,EASTLAND,TX,764482536,2546291791,PRESIDENT,333600000X|3336C0004X|3336S0011X|3336C0003X,tier_1_primary_pharmacy,Y,Y,
1902273980,"INFINITY PHARMACY, LLC",3313 ESSEX DR STE 100,,RICHARDSON,TX,750829714,2147655470,CEO / MANAGER,3336C0003X|3336L0003X,tier_1_primary_pharmacy,Y,Y,
1568839371,DULIVUTO CORP INC,4606 FM 1960 RD W STE 250,,HOUSTON,TX,770694617,2813151300,PRESIDENT,3336C0003X,tier_1_primary_pharmacy,Y,Y,
1770950339,RGV COMPOUNDING PHARMACY,5460 PAREDES LINE RD STE 199,,BROWNSVILLE,TX,785269742,9566210228,MANAGING MEMBER,3336C0004X|333600000X|3336C0003X,tier_1_primary_pharmacy,Y,Y,
1154799336,PHARMBLUE TEXAS LLC,1495 N 7TH ST,,BEAUMONT,TX,777021345,8009675020,"OWNER,CEO, AO",333600000X|3336L0003X|3336S0011X|3336C0003X,tier_1_primary_pharmacy,Y,Y,
1447628607,PANCHO INDEPENDENT PHARMACY INC,608 E BAILEY BOSWELL RD STE 140,,FORT WORTH,TX,761313570,7132535115,PIC,3336C0003X,tier_1_primary_pharmacy,Y,Y,
1558739557,IMPULSE PHARMACY INCORPORATED,3901 AIRPORT FWY STE 116,,BEDFORD,TX,760216117,6822007869,PHARMACIST,3336C0003X,tier_1_primary_pharmacy,Y,Y,
1427426196,SAVANNAH PHARMACY,26795 US HIGHWAY 380 E,SUITE800,AUBREY,TX,762277853,9403668380,PHARMACIST IN CHARGE,3336C0003X,tier_1_primary_pharmacy,Y,Y,
1477922987,"ERX CONSULTANTS, LLC.",10674 WESTHEIMER RD,,HOUSTON,TX,77042,8324879287,OWNER,333600000X|3336C0003X,tier_1_primary_pharmacy,Y,Y,
1407225998,ALERX CORP,2251 FM 646 RD W,SUITE #155A,DICKINSON,TX,775393251,8323407230,DIRECTOR,3336C0003X,tier_1_primary_pharmacy,Y,Y,
1750750196,"APC PHARMACY, PLLC",2000 S MAYS ST,SUITE 200,ROUND ROCK,TX,786647531,5126003330,CHIEF OPERATING OFFICER,3336C0003X,tier_1_primary_pharmacy,Y,Y,
1154790376,EAST AUSTIN MEDICINE SHOP,1909 E 38TH 1/2 ST STE C2,,AUSTIN,TX,787235749,5126430999,PIC,3336C0003X,tier_1_primary_pharmacy,Y,Y,
1720457518,"PRO SCRIPT SOLUTIONS PHARMACY, LLC",6730 ATASCOCITA RD,SUITE 111,HUMBLE,TX,773461993,2815706707,MANAGER,3336C0003X,tier_1_primary_pharmacy,Y,Y,
1821467549,RSVP PHARMACY 7 LLC,4343 SIGMA RD STE 400,,FARMERS BRANCH,TX,752444449,8553137049,COMPLIANCE DIRECTOR,333600000X|3336C0003X,tier_1_primary_pharmacy,Y,Y,
1770952491,NORTHSIDE PHARMACY LLC,207 WAYSIDE DR,,HOUSTON,TX,770113625,8329400424,OFFICER,3336C0003X|333600000X,tier_1_primary_pharmacy,Y,Y,
1700255486,VILLAGE LANE APOTHECARY,60 VILLAGE LN,SUITE 130,COLLEYVILLE,TX,76034,8177172000,PIC,3336C0004X,tier_1_primary_pharmacy,Y,Y,
1245600832,"JMA PARTNERS, INC",7920 ELMBROOK DR STE 108,,DALLAS,TX,752474933,2145212133,OWNER/PRESIDENT,3336C0004X|3336H0001X,tier_1_primary_pharmacy,Y,Y,
1336519800,SAI CARE INC,217 SOUTH HIGHWAY 359,,MATHIS,TX,783682703,6785483410,OWNER,333600000X,tier_1_primary_pharmacy,Y,Y,
1902276231,BRANDY PHARMACY CORP,2241 PEGGY LN STE B,,GARLAND,TX,750425709,9722726300,PRESIDENT,3336C0003X,tier_1_primary_pharmacy,Y,Y,
1467822593,PATIENT RX SOLUTIONS PHARMACY LLC,1717 PRECINCT LINE RD STE 202,,HURST,TX,760543197,8175760889,OWNER / PRESIDENT,3336C0003X|333600000X,tier_1_primary_pharmacy,Y,Y,
1891165866,"COMPOUNDING CORNER PHARMACY, INC.",1730 WILLIAMS TRACE BLVD STE K,,SUGAR LAND,TX,774784055,2814947777,PIC,3336C0003X|3336S0011X|3336C0004X,tier_1_primary_pharmacy,Y,Y,
1174993927,"H-E-B, LP",5407 ANDREWS HWY,,MIDLAND,TX,79706,4326992331,GOVERNMENT PROGRAMS MANAGER,3336C0003X,tier_1_primary_pharmacy,Y,N,H-E-B
1902277296,ENDURING PROVISIONS LLC,9761 FM 1960 BYPASS RD W,,HUMBLE,TX,773384067,2819738683,OWNER,333600000X,tier_1_primary_pharmacy,Y,Y,
1740651090,THE SOLEX PHARMACY,6516 BROADWAY ST,,PEARLAND,TX,775817880,2814855083,PRESIDENT,333600000X,tier_1_primary_pharmacy,Y,Y,
1043681000,PHYSICIANS CHOICE INFUSION LLC,2700 TIBBETS DR STE 205,,BEDFORD,TX,760225928,8174840233,OWNER,333600000X|3336C0004X|3336S0011X|3336H0001X,tier_1_primary_pharmacy,Y,Y,
1619348729,"E&E HEALTH ENTERPRISES, INC",5740 W LITTLE YORK RD,SUITE A,HOUSTON,TX,770911112,2814477648,PRESIDENT,3336C0003X,tier_1_primary_pharmacy,Y,Y,
1598136525,EXPRESSMEDS PHARMACY LLC,2300 VALLEY VIEW LN,SUITE 244,IRVING,TX,750621721,2143306300,OWNER,3336C0003X,tier_1_primary_pharmacy,Y,Y,
1407228273,E & E HEALTH ENTERPRISES INC,6600 ANTOINE DR,,HOUSTON,TX,770911206,2814477648,PHARMACIST,3336C0003X,tier_1_primary_pharmacy,Y,Y,
1962874602,BROOKSHIRE GROCERY COMPANY,172 CENTENNIAL PKWY,,TYLER,TX,75703,9035256923,SENIOR VP PHARMACY OPERATIONS,3336C0003X|333600000X,tier_1_primary_pharmacy,Y,Y,
1922470483,"BANDERA DRUG, LLC",1100 MULBERRY STREET,,BANDERA,TX,78003,8307963111,MANAGER,3336C0003X,tier_1_primary_pharmacy,Y,Y,
1770955239,M & A PHARMACY LLC,"8200 MATLOCK ROAD, STE 150",,ARLINGTON,TX,76002,6822227830,OWNER,3336C0003X,tier_1_primary_pharmacy,Y,Y,
1023480555,BROOKSHIRE BROTHERS INC,18275 FM 306,,CANYON LAKE,TX,78133,8309353136,PRESIDENT CEO,333600000X|3336C0004X|3336S0011X|3336C0003X,tier_1_primary_pharmacy,Y,Y,
1235501560,JORDAN J MASWOSWE,10411 VETERANS MEMORIAL DR,SUITE B,HOUSTON,TX,770381501,8327617817,OWNER,333600000X|3336C0003X,tier_1_primary_pharmacy,Y,Y,
1164894507,JVN CREATIVE CARE INC,707 MEYER ST,,SEALY,TX,774742715,9792563045,ADMIN,3336C0003X,tier_1_primary_pharmacy,Y,Y,
1982076147,SSA HOLDINGS LLC,6010 S WESTERN ST STE 100,,AMARILLO,TX,791103612,8068039401,"MANAGER, AO",333600000X|3336C0004X|3336L0003X|3336S0011X|3336C0003X,tier_1_primary_pharmacy,Y,Y,
1376915538,"PROSCRIPT AMERICA, INC.",2431A FM 1092 RD,,MISSOURI CITY,TX,774591809,2818166501,PHARMACIST IN CHARGE,3336C0003X|3336C0004X|333600000X,tier_1_primary_pharmacy,Y,Y,
1467824599,CEDRA PHARMACY HOUSTON LLC,1607 S POST OAK LN,,HOUSTON,TX,770562807,7136210621,CEO,3336C0004X|3336S0011X|3336C0003X,tier_1_primary_pharmacy,Y,Y,
1831561091,"HEALTHQUEST THERAPEUTICS, LLC",1311 W SAM HOUSTON PKWY N STE 100,,HOUSTON,TX,770434016,8326123500,CEO,3336S0011X|333600000X|3336C0004X|3336H0001X,tier_1_primary_pharmacy,Y,Y,
1316319346,E & E HEALTH ENTERPRISES INC,5740 W LITTLE YORK RD,#A,HOUSTON,TX,770911112,2814477648,PHARMACIST,3336C0003X,tier_1_primary_pharmacy,Y,Y,
1528431418,"VILLAGE LANE APOTHECARY, L.L.C.",60 VILLAGE LN STE 130,,COLLEYVILLE,TX,760342928,8177172000,PHARMACIST IN CHARGE,3336C0003X|3336C0004X,tier_1_primary_pharmacy,Y,Y,
1881067510,"IPHARMACY, LLC",7333 BARLITE BLVD STE 400A,,SAN ANTONIO,TX,782241320,2109519000,MANAGING MEMBER,333600000X,tier_1_primary_pharmacy,Y,Y,
1043683741,PREMIER RX PHARMACY,6300 WESTPARK DR,SUITE 210,HOUSTON,TX,770577205,7135926188,OWNER,3336C0003X,tier_1_primary_pharmacy,Y,Y,
1992178453,ABSOLUTE VETERINARY COMPOUNDING PHARMACY LLC,2005 FORT WORTH HWY STE 100,,WEATHERFORD,TX,760864780,8175997781,PIC,333600000X|3336C0004X,tier_1_primary_pharmacy,Y,Y,
1750754198,RSVP PHARMACY 7 LLC,7904 NE LOOP 820,SUITE A & B,NORTH RICHLAND HILLS,TX,761807395,8553627878,PHARMACY DIRECTOR,3336C0004X|3336S0011X|333600000X|3336C0003X,tier_1_primary_pharmacy,Y,Y,
1659744720,"SHOPKO STORES OPERATING CO., LLC",1203 N MAIN ST,,ANDREWS,TX,797143630,4325233302,DIR 3D PARTY CONTRACT & CA,333600000X|3336C0003X,tier_1_primary_pharmacy,Y,Y,
1578936654,WESTOVER HILLS PHARMACY INC,9793 CULEBRA RD STE 101,,SAN ANTONIO,TX,782513750,2106841800,OFFICER,333600000X|3336C0003X,tier_1_primary_pharmacy,Y,Y,
1508239542,SAI LIFECARE PHARMACY LLC,4615 W COMMERCE ST,,SAN ANTONIO,TX,782371631,9737528357,PHARMACIST IN CHARGE/OWNER,3336C0003X,tier_1_primary_pharmacy,Y,Y,
1922471960,TRIPURA INC,5881 VIRGINIA PKWY STE 400,,MCKINNEY,TX,750715402,2145854600,PHARMACIST,333600000X|3336C0003X,tier_1_primary_pharmacy,Y,Y,
1104290931,OHM GROUP INC.,2938 S MAIN ST,,STAFFORD,TX,774775532,7138614300,OWNER,3336C0004X|3336C0003X,tier_1_primary_pharmacy,Y,Y,
1861866568,DALLAS COUNTY MENTAL HEALTH & MENTAL RETARDATION CENTER,5372 FREDERICKSBURG RD STE 110,,SAN ANTONIO,TX,782293559,2109715803,DIRECTOR OF PHARMACY,333600000X|3336M0002X|3336C0002X,tier_1_primary_pharmacy,Y,Y,
1225402928,DELIVERIT PHARMACY INFUSION CENTER LLC,13303 W AIRPORT BLVD STE B,,SUGAR LAND,TX,774785800,8329398137,CEO,333600000X|3336S0011X|3336H0001X,tier_1_primary_pharmacy,Y,Y,
1336513928,LIFECARE PHARMACY OF DENVER CITY INC,403 MUSTANG DR,,DENVER CITY,TX,793232749,8065922765,PHARMACIST,3336L0003X|333600000X,tier_1_primary_pharmacy,Y,Y,
1750755914,HOPE PHARMACY I LLC,24048 HIGHWAY 59 N,,KINGWOOD,TX,773391500,8327771960,DIRECTOR,3336C0003X|333600000X,tier_1_primary_pharmacy,Y,Y,
1013381219,VNP CREATIVE CARE INC,13841 HIGHWAY 59,STE C,SPLENDORA,TX,773724697,2816897700,OWNER / PHARMACIST,333600000X|3336C0003X,tier_1_primary_pharmacy,Y,Y,
1528432606,RSVP PHARMACY 7 LLC,5004 FRANKFORD AVE UNIT 119,,LUBBOCK,TX,794241138,8443699209,PHARMACY LICENSING COORDINATOR,333600000X|3336C0003X,tier_1_primary_pharmacy,Y,Y,
1275907370,T & T VENTURES,2116 W GRIFFIN PKWY STE A,,PALMVIEW,TX,785729733,7134980705,DIRECTOR,333600000X|3336C0003X,tier_1_primary_pharmacy,Y,Y,
1518332535,"CENTERWELL PHARMACY, INC.",1860 S SEGUIN AVE,,NEW BRAUNFELS,TX,781303914,8303877558,VP,333600000X|3336C0003X,tier_1_primary_pharmacy,Y,Y,
1235504291,"ATASCOSA HEALTH CENTER, INC.",310 W OAKLAWN RD,,PLEASANTON,TX,780644033,8305692567,CHIEF EXCUTIVE OFFICER,3336C0003X,tier_1_primary_pharmacy,Y,Y,
1184099020,PHARMACY AND SURGICAL SUPPLIES INC,10300 SCYENE RD # 102,,DALLAS,TX,752274932,4692838878,MEMBER,333600000X|3336C0003X,tier_1_primary_pharmacy,Y,Y,
1114392966,BAYLOR CAVALCADE TEEN HEALTH,3815 CAVALCADE ST,,HOUSTON,TX,770263403,7136731655,R.N.,333600000X|3336S0011X,tier_1_primary_pharmacy,Y,Y,
1669847455,OUR PHARMACY LLC,5020 LOUETTA RD STE 150A,,SPRING,TX,773798126,8322996802,PHARMACIST IN CHARGE,333600000X|3336C0003X,tier_1_primary_pharmacy,Y,Y,
1821463506,JYEN HEALTHCARE LLC.,4402 E SOUTHCROSS STE 104,,SAN ANTONIO,TX,782223520,2103333700,"OWNER,  AO",333600000X|3336C0003X,tier_1_primary_pharmacy,Y,Y,
1275908949,SMART PHARMACY LLC,4390 CALLAGHAN RD,,SAN ANTONIO,TX,782283401,2108587299,"OFFICER,AO",333600000X|3336C0004X|3336C0003X,tier_1_primary_pharmacy,Y,Y,
1417322116,BAYLOR BEN TAUB TEEN HEALTH CLINIC,1504 TAUB LOOP,,HOUSTON,TX,770301608,7138733601,R.N.,333600000X|3336S0011X,tier_1_primary_pharmacy,Y,Y,
1780059485,BAYLOR LAWN TEEN HEALTH CLINIC,8111 LAWN ST # 2-3,,HOUSTON,TX,770886323,7134407313,R.N.,333600000X|3336S0011X,tier_1_primary_pharmacy,Y,Y,
1194180380,RICHMOND PHARMACY LLC,9536 RICHMOND AVE STE I,,HOUSTON,TX,770633845,8329918997,MANAGER,333600000X|3336C0004X|3336C0003X,tier_1_primary_pharmacy,Y,Y,
1821453952,EVORX LLC,931 ELDRIDGE RD,,SUGAR LAND,TX,774782809,8325327961,MANAGER,3336C0003X|333600000X,tier_1_primary_pharmacy,Y,Y,
1942665955,BAYLOR LEE HIGH TEEN HEALTH,6529 BEVERLYHILL ST,,HOUSTON,TX,770576406,7139241600,R.N.,333600000X|3336S0011X,tier_1_primary_pharmacy,Y,Y,
1346605458,BAYLOR CESAR CHAVEZ TEEN,8501 HOWARD DR,,HOUSTON,TX,770173829,7134956971,R.N.,3336S0011X|333600000X,tier_1_primary_pharmacy,Y,Y,
1760847776,BAYLOR COLLEGE OF MEDICINE,11625 MARTINDALE RD,,HOUSTON,TX,770482005,7139556071,R.N.,3336S0011X|333600000X,tier_1_primary_pharmacy,Y,Y,
1306201322,BAYLOR COLLEGE OF MEDICINE TEJANO CENTER,2950 BROADWAY ST,,HOUSTON,TX,770171706,7136403730,R.N.,3336S0011X|333600000X,tier_1_primary_pharmacy,Y,Y,
1497110308,WPC HEALTHCARE LLC,4816 EAGLE FEATHER DR,,AUSTIN,TX,787356471,7372027102,SOLE MEMBER,3336C0004X,tier_2_secondary_pharmacy,N,Y,
1538524434,BAYLOR LYNDON B JOHNSON,5656 KELLEY ST,,HOUSTON,TX,770261967,7136365612,R.N.,3336S0011X|333600000X,tier_1_primary_pharmacy,Y,Y,
1164887162,NANOBOTS HEALTHCARE LLC,2626 S LOOP W STE 555,,HOUSTON,TX,770542652,7135338800,PIC,3336C0004X|3336C0003X|333600000X,tier_1_primary_pharmacy,Y,Y,
1346605334,BAYLOR CULLEN TEEN HEALTH,5737 CULLEN BLVD # 200,,HOUSTON,TX,770211665,7134407313,R.N.,3336S0011X|333600000X,tier_1_primary_pharmacy,Y,Y,
1760847560,TEXAS CAPITAL PHARMACEUTICAL LLC,8738 N LAMAR BLVD,SUITE C,AUSTIN,TX,787535424,5127655831,PHARMACIST-IN-CHARGE,3336C0003X,tier_1_primary_pharmacy,Y,Y,
1790140663,WALGREENS,4524 TUTBURY CT,,AMARILLO,TX,791196514,8062900226,PHARMACIST IN CHARGE,3336C0003X,tier_1_primary_pharmacy,Y,N,WALGREENS
1932564820,BAYLOR COLLEGE OF MEDICINE- WORTHING HIGH,9215 SCOTT ST,,HOUSTON,TX,770513302,7137333433,R.N.,3336S0011X|333600000X,tier_1_primary_pharmacy,Y,Y,
1265897664,"MILLENNIUM RX, LLC",12560 REED RD STE 350,,SUGAR LAND,TX,774783380,8553467600,VP PHARMACY SERVICES,3336C0004X|333600000X,tier_1_primary_pharmacy,Y,Y,
1710343041,"ACARIAHEALTH PHARMACY #11, INC.",1311 W SAM HOUSTON PKWY N,130,HOUSTON,TX,770434010,8329001367,PRESIDENT,3336L0003X,tier_1_primary_pharmacy,Y,Y,
1164887493,"HDK ENTERPRISES, LLC",300 S 2ND ST,SUITE B,MCALLEN,TX,785012702,9566273259,CEO/PRESIDENT,3336C0003X,tier_1_primary_pharmacy,Y,Y,
1528424736,GULF COAST COMPOUNDING PHARMACY,1101 W MAIN ST,SUITE F,LEAGUE CITY,TX,775732046,8329052961,PHARMACIST IN CHARGE,3336C0004X,tier_1_primary_pharmacy,Y,Y,
1215393376,PRIMESOURCE RX LLC,2656 S LOOP W STE 574,,HOUSTON,TX,770542664,8324647616,SENIOR VICE PRESIDENT,3336H0001X|3336C0003X,tier_1_primary_pharmacy,Y,Y,
1982060752,CONTENTS TRADER INC,1403 HIGHWAY 6 STE 700A,,SUGAR LAND,TX,774784930,7134613344,PHARMACISTS/OFFICER,333600000X|3336L0003X,tier_1_primary_pharmacy,Y,Y,
1588020077,AGAPE FORCE SOLUTIONS INC,1000 MARK OMEARA CV,,ROUND ROCK,TX,786645837,8322985359,PIC,3336C0003X,tier_1_primary_pharmacy,Y,Y,
1477910867,HOPE PHARMACY I LLC,24048 HIGHWAY 59 N,,KINGWOOD,TX,773391500,8327771960,PIC,333600000X|3336C0003X,tier_1_primary_pharmacy,Y,Y,
1043677461,"BARATO PHARMACY, LLC",7218 HARRISBURG BLVD STE B,,HOUSTON,TX,770114737,8328308844,DIRECTOR,3336C0003X,tier_1_primary_pharmacy,Y,Y,
1194182113,MAFHH EXPRESS SERVICES LLC,9100 SOUTHWEST FWY STE 207,,HOUSTON,TX,770741531,7136362290,OFFICER,3336C0003X|3336C0004X|3336S0011X|333600000X,tier_1_primary_pharmacy,Y,Y,
1154788859,"H-E-B, LP",2965 IH 35 NORTH,,NEW BRAUNFELS,TX,78130,8306205100,GOVERNMENT PROGRAMS MANAGER,3336C0003X,tier_1_primary_pharmacy,Y,N,H-E-B
1164889788,LA RX,3744 BROADWAY ST STE C,,HOUSTON,TX,770173046,8324264616,PHARMACIST IN CHARGE,3336C0003X|333600000X,tier_1_primary_pharmacy,Y,Y,
1033576608,"CURA VITA, LLC",13176 W LAKE HOUSTON PKWY STE 1,,HOUSTON,TX,770445381,2812254300,DIRECTOR,3336C0003X,tier_1_primary_pharmacy,Y,Y,
1619335247,MEDLITE LLC,16506 FM 529 RD,#108,HOUSTON,TX,770951462,2818157366,OWNER,333600000X|3336C0003X,tier_1_primary_pharmacy,Y,Y,
1679932297,MEDICINE MAN PHARMACY-BRAZORIA LLC,102 E SAN BERNARD ST,A,BRAZORIA,TX,774225647,9797984800,OWNER,3336C0003X,tier_1_primary_pharmacy,Y,Y,
1467811042,ECURB SOLUTIONS LLC,2503 S MAIN ST STE O,,STAFFORD,TX,774775544,2819697943,OWNER,3336C0003X|333600000X,tier_1_primary_pharmacy,Y,Y,
1861851347,RED OAK PHARMACY,850 FM 1960 RD W STE R,,HOUSTON,TX,770903413,2815870320,PHARMACIST,3336C0003X|333600000X,tier_1_primary_pharmacy,Y,Y,
1124487699,HIGHLANDS COMMUNITY PHARMACY LLC,607 E WALLISVILLE RD BLDG 1,,HIGHLANDS,TX,775623831,8328388560,PHARMACIST IN CHARGE,333600000X|3336C0003X,tier_1_primary_pharmacy,Y,Y,
1962861336,AMERICAN SPECIALTY PHARMACY INC,1210 COTTONWOOD CREEK TRL STE 210,,CEDAR PARK,TX,786132688,5126495425,PRESIDENT,333600000X|3336C0003X,tier_1_primary_pharmacy,Y,Y,
1700245503,IDEAL PHARMACY,2904 FULTON ST STE A,,HOUSTON,TX,770095792,8328347463,PHARMACIST IN CHARGE,3336C0003X,tier_1_primary_pharmacy,Y,Y,
1841650595,VALUSTAR PHARMACY LLC,7501 FANNIN ST STE 900,,HOUSTON,TX,770541938,8772469104,OFFICER,333600000X|3336C0003X|3336S0011X|3336H0001X,tier_1_primary_pharmacy,Y,Y,
1558720276,SMP HEALTH LLC,1620 W UNIVERSITY DR,,DENTON,TX,762011765,9406005484,PHARMACIST IN CHARGE,333600000X|3336C0003X,tier_1_primary_pharmacy,Y,Y,
1962861633,APA PHARMACY LLC,2501 W WILLIAM CANNON DR STE 401C,,AUSTIN,TX,787455281,5126812700,"MANAGER, THIRD PARTY & LICENSING",333600000X|3336C0003X,tier_1_primary_pharmacy,Y,Y,
1437519105,EXECUTIVE BUSINESS SOLUTIONS LLC,1100 FM 1092 RD STE D,,MISSOURI CITY,TX,774591588,2819697611,CORPORATE DIRECTOR,333600000X|3336C0003X,tier_1_primary_pharmacy,Y,Y,
1225498991,"SAVRX PHARMACY, INC",6100 S. BROADWAY AVE,SUITE 160,TYLER,TX,75703,9036308797,MEMBER,3336C0003X,tier_1_primary_pharmacy,Y,Y,
1912367335,MEDICAL MART & DME,1315 W MAIN AVE STE 12,,ALTON,TX,785731643,9564243535,PIC,333600000X|3336C0004X|3336H0001X|3336L0003X|3336C0003X,tier_1_primary_pharmacy,Y,Y,
1841650314,SOUTH TEXAS VALLEY PHARMACY LLC,5401 N G ST STE 3,,MCALLEN,TX,785044894,9562177000,PRACTICE ADMINISTRATOR,333600000X|3336C0003X,tier_1_primary_pharmacy,Y,Y,
1962862383,"BAYLOR SCOTT & WHITE HEALTH ENTERPRISES, INC.",700 SCOTT AND WHITE DR STE 1.112,,COLLEGE STATION,TX,778456441,9792070120,PRESIDENT,3336C0003X,tier_1_primary_pharmacy,Y,Y,
1083074546,CAREPOINT TEXAS LLC,1801 S DAIRY ASHFORD RD STE 127,,HOUSTON,TX,770774780,8327420410,OWNER,333600000X|3336C0003X,tier_1_primary_pharmacy,Y,Y,
1649630906,L.D. WALTER GROUP,5415 KELLEY ST.,STE. D,HOUSTON,TX,770260000,7133308011,PHARMACIST-IN-CHARGE,3336C0003X,tier_1_primary_pharmacy,Y,Y,
1568822302,PHARMAVIDA RX INC,1337 E PALMA VISTA DR STE B,,PALMVIEW,TX,785722055,9564246640,"RPH, PHARMD/PIC",3336C0003X|333600000X,tier_1_primary_pharmacy,Y,Y,
1376904920,HOUSTON COMPOUNDING PHARMACY INC,14002 TOMBALL PKWY,#A,HOUSTON,TX,77086,7145481457,PRESIDENT,3336C0003X,tier_1_primary_pharmacy,Y,Y,
1083075683,K3J LLC,503 E LONDON ST,,BOWIE,TX,762303020,9408721140,PHARMACIST IN CHARGE,3336C0003X,tier_1_primary_pharmacy,Y,Y,
1083075345,"NGENDO, LLC",104 W SEALY ST,,ALVIN,TX,775112339,2819687946,OWNER,3336C0003X,tier_1_primary_pharmacy,Y,Y,
1821459017,TILD INC.,11246 S WILCREST DR,SUITE 180,HOUSTON,TX,770994337,8327709905,OWNER,3336C0003X,tier_1_primary_pharmacy,Y,Y,
1932560182,AAA RX PHARMACY LLC,569 S MASON RD,,KATY,TX,774502437,2817178877,MANAGING OFFICER,333600000X|3336C0003X,tier_1_primary_pharmacy,Y,Y,
1497116362,GLOBAL CARE PHARMACY LLC,1803 WESCOTT AVENUE SUITE A,,SUGAR LAND,TX,77479,2813294498,PHARMACY DIRECTOR,333600000X|3336L0003X,tier_1_primary_pharmacy,Y,Y,
1689035545,LIFECARE PHARMACY 23 INC,4500 S PLEASANT VALLEY RD # 100,,AUSTIN,TX,787442911,5126482700,OWNER,3336C0003X|333600000X,tier_1_primary_pharmacy,Y,Y,
1073975413,KB ASSOCIATES INC,11035 RESOURCE PKWY,SUITE 100,HOUSTON,TX,770896071,3468885452,PHARMACIST IN CHARGE,333600000X|3336C0003X,tier_1_primary_pharmacy,Y,Y,
1457713604,WALGREENS,1406 E HARRISON AVE,,HARLINGEN,TX,785507101,9564128362,PHARMACY MANAGER,3336C0003X,tier_1_primary_pharmacy,Y,N,WALGREENS
1982067633,NARIOCAN ENTERPRISES LLC,504 S CLOSNER BLVD,,EDINBURG,TX,785394660,9563831239,SOLE MEMBER/PHARMACIST,3336C0003X|333600000X,tier_1_primary_pharmacy,Y,Y,
1780047159,HURRICANE SPECIALTY PHARMACY,230 CONQUEST,SUITE H-2,EDINBURG,TX,785390227,9563932222,MANAGER,3336S0011X|3336C0003X,tier_1_primary_pharmacy,Y,Y,
1417310723,BROOKSHIRE BROTHERS INC,9295 HIGHWAY 6,,MERIDIAN,TX,766653027,2544352799,COO,333600000X|3336C0004X|3336C0003X,tier_1_primary_pharmacy,Y,Y,
1841653060,PRIMECARE PLUS INC,611 W MAIN ST,,ARLINGTON,TX,760101008,8175389767,PHARMACIST IN CHARGE,3336S0011X|333600000X|3336C0004X|3336L0003X|3336M0002X|3336C0003X,tier_1_primary_pharmacy,Y,Y,
1770947798,"BAYLOR SCOTT & WHITE HEALTH ENTERPRISES, INC.",3417 GASTON AVE STE 195,,DALLAS,TX,752462016,2148181611,PRESIDENT,3336C0003X,tier_1_primary_pharmacy,Y,Y,
1942664636,"MEDICAL PLAZA PHARMACY, INC",13725 NORTHWEST BLVD,SUITE #130,CORPUS CHRISTI,TX,784105127,3613870005,PHARMACIST,3336L0003X,tier_1_primary_pharmacy,Y,Y,
1043674518,GREENBUSCH PHARMACY INC,26717 WESTHEIMER PKWY STE 301,,KATY,TX,774948058,8324371130,PIC,3336C0003X,tier_1_primary_pharmacy,Y,Y,
1366806853,JAMMZ CHEMISTS LLC,9669 N CENTRAL EXPY STE 190,SUITE 190,DALLAS,TX,752315056,2149831000,CEO/FOUNDER/AO,333600000X|3336C0004X|3336H0001X|3336S0011X|3336C0003X,tier_1_primary_pharmacy,Y,Y,
1992169395,UNIVERSITY OF TEXAS SOUTHWESTERN MEDICAL CENTER AT DALLAS,400 W MAGNOLIA AVE STE 2500,,FORT WORTH,TX,761047617,8172889756,PHARMACY MANAGER,333600000X|3336C0003X,tier_1_primary_pharmacy,Y,Y,
1447604632,15RX LLC,215 N SAN SABA STE 103,,SAN ANTONIO,TX,782073121,2106841579,PHARMACIST,333600000X|3336C0003X,tier_1_primary_pharmacy,Y,Y,
1114371226,ROCKWALL PHARMACY LLC,2504 RIDGE RD,SUITE 106,ROCKWALL,TX,750872569,4697691160,MANAGER,333600000X|3336C0003X,tier_1_primary_pharmacy,Y,Y,
1104270214,HEALTH AND HUMAN SERVICES COMMISSION,6711 S NEW BRAUNFELS AVE STE 500,,SAN ANTONIO,TX,782233004,2105315047,ASSOCIATE COMMISSIONER,333600000X|3336L0003X,tier_1_primary_pharmacy,Y,Y,
1124472063,PREFERRED PHAMILY PHARMACY & COMPOUNDING,7000 PARKWOOD BLVD STE F400,,FRISCO,TX,750347415,2146196060,OFFICER,333600000X|3336C0003X,tier_1_primary_pharmacy,Y,Y,
1043664865,RPR HEALTHCARE INC,1251 E RED BIRD LN STE 120,,DALLAS,TX,752412008,9729822970,DIRECTOR,333600000X|3336C0003X,tier_1_primary_pharmacy,Y,Y,
1841644465,EZ SCRIPTS LLC,3028 TRAWOOD DR STE D,,EL PASO,TX,79936,9154007993,PRESIDENT,333600000X|3336L0003X|3336M0002X|3336S0011X|3336C0003X,tier_1_primary_pharmacy,Y,Y,
1184078743,TEXAS CHILDREN'S HOSPITAL,18200 KATY FWY STE WB145,,HOUSTON,TX,770941361,8322271868,CFO,3336C0003X|3336C0004X|3336I0012X,tier_1_primary_pharmacy,Y,Y,
1285088567,JR PHARMACY LLC,13415 WOODFOREST BLVD,STE F,HOUSTON,TX,770152922,7133304400,PHARMACIST IN CHARGE,3336C0003X|333600000X,tier_1_primary_pharmacy,Y,Y,
1356795678,VMC GRACE LLC,921 FM 1187 E STE A,,CROWLEY,TX,760364364,8172972000,"OWNER, PIC, AO",333600000X|3336C0003X,tier_1_primary_pharmacy,Y,Y,
1184079253,THE BETTS GROUP,5716 BELLAIRE BLVD STE J,,HOUSTON,TX,770815512,8327671592,OWNER,3336C0003X,tier_1_primary_pharmacy,Y,Y,
1578918678,MESQUITE PHARMACY RX LLC,1320 NORTH GALLOWAY AVE,SUITE 102,MESQUITE,TX,75149,9722851761,OWNER,333600000X|3336C0003X,tier_1_primary_pharmacy,Y,Y,
1316392210,TOUTBON LLC,774 STATE HIGHWAY 70 N,,ROTAN,TX,795466918,3257352500,OWNER,333600000X|3336C0003X,tier_1_primary_pharmacy,Y,Y,
1972958882,PRIME THERAPEUTICS LLC,2901 KINWEST PKWY STE 250,,IRVING,TX,750635815,9726301065,PHARMACIST IN CHARGE,333600000X|3336S0011X,tier_1_primary_pharmacy,Y,Y,
1720433550,CC PHARMACY,2656 S LOOP W,SUITE 395,HOUSTON,TX,770542664,8329401566,OWNER,3336C0003X,tier_1_primary_pharmacy,Y,Y,
1174978753,BAYLOR COLLEGE OF MEDICINE,6620 MAIN ST,,HOUSTON,TX,770302348,7137982195,"DIRECTOR, SUPPLY CHAIN MANAGEMENT",3336C0002X,tier_1_primary_pharmacy,Y,Y,
1043666407,"CVS PHARMACY, INC.",1555 EAST RENNER RD,,RICHARDSON,TX,750823074,9722381395,SR. DIRECTOR-PAYER RELATIONS,3336C0003X|333600000X,tier_1_primary_pharmacy,Y,N,CVS
1184070096,HEAL THE CITY PHARMACY,609 S CAROLINA ST,,AMARILLO,TX,791068721,0680394878,PHARMACIST IN CHARGE,3336C0003X,tier_1_primary_pharmacy,Y,Y,
1285080085,POST OAK PHARMACY,900 W DALLAS ST,,CONROE,TX,773012234,8665784888,OWNER,3336C0003X,tier_1_primary_pharmacy,Y,Y,
1083060776,RX SOS PLLC,1115 W NORTHWEST HWY STE H,,GRAPEVINE,TX,760515010,8174815780,PRESIDENT,3336L0003X|3336C0004X|333600000X|3336C0003X,tier_1_primary_pharmacy,Y,Y,
1801242698,RXSTOCK SPECIALTY PHARMACY,4201 MEDICAL CENTER DR,SUITE 320,MCKINNEY,TX,750691766,4697140286,"OWNER,DIR OF PHCY, PIC, AO",333600000X|3336S0011X|3336C0003X,tier_1_primary_pharmacy,Y,Y,
1417303090,"ATKINS PHARMACY SERVICES, INC",701 3RD ST,,MARBLE FALLS,TX,786545720,8306932972,ADMINISTRATOR,333600000X|3336L0003X,tier_1_primary_pharmacy,Y,Y,
1164878898,HEBRON PHARMACY LLC,4100 FAIRWAY DR STE 500,SUITE #500,CARROLLTON,TX,750106525,9723947015,OWNER/AO,3336C0004X|3336M0002X|333600000X|3336C0003X,tier_1_primary_pharmacy,Y,N,HEB
1588010037,"HEREFORD PHARMACY, LLC",809 S 25 MILE AVE,,HEREFORD,TX,790454801,8063643400,OWNER,333600000X|3336L0003X,tier_1_primary_pharmacy,Y,Y,
1487000931,MARTIN TIPTON PHARMACY LLC,1501 S TYLER ST,,AMARILLO,TX,791014240,8063732812,PRESIDENT,3336C0003X|333600000X|3336C0004X|3336L0003X,tier_1_primary_pharmacy,Y,Y,
1306293782,"H-E-B, LP",7988 FM 1488 RD,,MAGNOLIA,TX,77354,2812520069,GOVERNMENT PROGRAMS MANAGER,3336C0003X,tier_1_primary_pharmacy,Y,N,H-E-B
1497102982,CARVAJALS INC.,6157 NW LOOP 410 STE 124,,SAN ANTONIO,TX,782383302,2105212552,DIRCTOR OF PHARMACY,3336C0003X,tier_1_primary_pharmacy,Y,Y,
1497102479,PREFERRED RX DIRECT LLC,8476 ARROWWOOD RD,,BIG SANDY,TX,757553506,9037257634,MANAGING MEMBER,3336M0002X,tier_1_primary_pharmacy,Y,Y,
1730537366,AGAPE FORCE SOLUTIONS INC,10401 ANDERSON MILL RD STE 112B,,AUSTIN,TX,787502579,5122704899,OWNER,333600000X|3336L0003X|3336C0003X,tier_1_primary_pharmacy,Y,Y,
1609224120,CF HEALTH SERVICES LLC,4203 GARDENDALE ST STE 223C,,SAN ANTONIO,TX,782293177,2106175507,OWNER/OFFICER,3336M0003X|333600000X|3336L0003X,tier_1_primary_pharmacy,Y,Y,
1962850552,RUBENS RX LLC,615 E UNIVERSITY DR STE 1,,EDINBURG,TX,785393635,9566395208,PRESIDENT/MEMBER,3336C0003X|333600000X,tier_1_primary_pharmacy,Y,Y,
1326496779,"TEXAS HEALTH RX, LLC",616 E MAIN ST,,MIDLOTHIAN,TX,76065,8174580270,PIC,3336C0003X,tier_1_primary_pharmacy,Y,Y,
1952759938,PURANI INC,3959 YOGI WAY,,IRVING,TX,750383504,9723306395,OWNER,333600000X|3336M0003X,tier_1_primary_pharmacy,Y,Y,
1770931677,PHARMAMEDRX LLC,17006 SEVEN PINES DR STE 500,SUITE 500,SPRING,TX,773795562,8668556468,DIRECTOR OF PHARMACY OPERATIONS,3336M0002X|333600000X,tier_1_primary_pharmacy,Y,Y,
1396194825,AUSTIN-TRAVIS COUNTY MENTAL HEALTH AND MENTAL RETARDATION,5015 S INTERSTATE 35,SUITE 200 C,AUSTIN,TX,787442713,5128043203,DIRECTOR OF PHARMACY,333600000X|3336C0003X,tier_1_primary_pharmacy,Y,Y,
1457700619,"YELLOW OLIVE RX PHARMACY,LLC",1646 FM 1960 RD W,,HOUSTON,TX,770903301,8324466832,OWNER,3336C0003X,tier_1_primary_pharmacy,Y,Y,
1316397839,FREEDOM PHARMACY LLC,7339 AIRPORT FWY,,RICHLAND HILLS,TX,761186902,8175908339,CFO,333600000X|3336C0003X,tier_1_primary_pharmacy,Y,Y,
1710337316,KATY PHARMACY & DRUG STORE,20005 KATY FWY,,KATY,TX,774502238,8329532611,CEO,3336C0003X,tier_1_primary_pharmacy,Y,Y,
1447600879,UNIVERSAL PHARMACEUTICAL1 LLC,2990 RICHMOND AVE STE 110,STE 110,HOUSTON,TX,770983109,7135206900,OWNER,333600000X|3336C0003X,tier_1_primary_pharmacy,Y,Y,
1285084467,"A.E. PHARMACY, LLC",4500 S PLEASANT VALLEY ROAD,SUITE 201,AUSTIN,TX,787442911,5125373205,VICE PRESIDENT,333600000X|3336C0003X,tier_1_primary_pharmacy,Y,Y,
1205286374,CVS HEALTH,2100 TEXAS AVE S,,COLLEGE STATION,TX,778403918,9796964368,PHARMACIST,3336C0003X,tier_1_primary_pharmacy,Y,N,CVS
1033560735,"USPS RETAIL PHARMACY, LLC",22001 SOUTHWEST FWY STE 110,,RICHMOND,TX,774697002,7133252700,CHIEF PHARMACY OFFICER,333600000X|3336C0003X,tier_1_primary_pharmacy,Y,Y,
1407207954,"ACARIAHEALTH SOLUTIONS, INC.",6610 W SAM HOUSTON PKWY N STE 330,,HOUSTON,TX,770415183,8329001317,CFO,333600000X,tier_1_primary_pharmacy,Y,Y,
1417308958,"H-E-B, LP",10161 W GRAND PARKWAY S,,RICHMOND,TX,77407,8326125892,GOVERNMENT PROGRAMS MANAGER,3336C0003X,tier_1_primary_pharmacy,Y,N,H-E-B
1942652979,MARILYN DEVERE,511 E DAVIS ST,,LULING,TX,786482317,8308752811,OWNER,3336C0003X,tier_1_primary_pharmacy,Y,Y,
1548612443,LIFECARE PHARMACY OF VICTORIA INC,2806 N NAVARRO ST STE A,SUITE A,VICTORIA,TX,779013937,3615732476,PRESIDENT,3336C0003X|333600000X,tier_1_primary_pharmacy,Y,Y,
1346692183,EDITH W ACHEBODT,1116 W PARKER RD STE 380A,,PLANO,TX,750752274,9722059898,PHARM D/OWNER,3336C0003X|333600000X,tier_1_primary_pharmacy,Y,N,HEB
1871945691,"CENTRAL TEXAS MEDICAL SPECIALISTS, PLLC",9715 BURNET RD,"BLDG 7, STE 200",AUSTIN,TX,787585215,5125055500,CHIEF FINANCIAL OFFICER,3336C0003X,tier_1_primary_pharmacy,Y,Y,
1679925309,"DOCTOR'S SPECIALTY PHARMACY, LLC",8600 FREEPORT PKWY STE 110,,IRVING,TX,750631988,4699062002,MANAGER,3336C0003X,tier_1_primary_pharmacy,Y,Y,
1487006250,SVS HEALTH & WELLNESS PARTNERS LLC,575 E FM UNIT L,,KYLE,TX,78640,5122560129,OWNER/OFFICER,333600000X|3336C0004X|3336C0003X,tier_1_primary_pharmacy,Y,Y,
1528410982,AMERICAN SPECIALTY PHARMACY INC,8610 MARTIN LUTHER KING BLVD STE A,,HOUSTON,TX,770332308,8325003575,PRESIDENT,333600000X|3336C0003X,tier_1_primary_pharmacy,Y,Y,
1104279819,HAMPTON APOTHECARY LP,2701 S HAMPTON RD STE 100,,DALLAS,TX,752242368,9727078248,OWNER/MANAGING PARTNER,333600000X|3336C0003X,tier_1_primary_pharmacy,Y,Y,
1922451442,HURRICANE SPECIALTY PHARMACY LLC,230 CONQUEST STE H-2,,EDINBURG,TX,785390227,9563932222,PRESIDENT,333600000X|3336S0011X,tier_1_primary_pharmacy,Y,Y,
1467905562,JIM B SPEARS INC,1720 HILLCREST DR,,VERNON,TX,763844099,9405522999,PRESIDENT,3336C0004X|3336L0003X|333600000X,tier_1_primary_pharmacy,Y,Y,
1336692235,LIFECARE PHARMACY OF DALLAS LLC,9709 BRUTON RD,STE 900,DALLAS,TX,752172704,2149427300,MANAGING MEMBER,3336C0003X|333600000X,tier_1_primary_pharmacy,Y,Y,
1023561487,"EAST EL PASO PHYSICIANS' MEDICAL CENTER, LLC",1400 GEORGE DIETER DR STE 190,,EL PASO,TX,799367656,9155322406,DIRECTOR,3336C0003X,tier_1_primary_pharmacy,Y,Y,
1508310772,"CENTERWELL PHARMACY, INC.",12602 TOEPPERWEIN RD,SUITE 100,LIVE OAK,TX,782333269,2106726510,VP,3336C0003X|333600000X,tier_1_primary_pharmacy,Y,Y,
1629522347,MPN PHARMACY MGT LLC,7201 WYOMING SPRINGS DR STE 300,,ROUND ROCK,TX,786814311,5122962633,PRESIDENT,3336C0003X|3336C0004X|333600000X,tier_1_primary_pharmacy,Y,Y,
1033663521,ONCOLOGY PHARMACY SERVICES INC.,TEXAS ONCOLOGY PHARMACY - SW FORT WORTH,6500 HARRIS PARKWAY SUITE #100,FORT WORTH,TX,76132,8172632650,MANAGER,333600000X|3336C0003X,tier_1_primary_pharmacy,Y,Y,
1104370659,GOOSE CREEK PHARMACY LLC,2007 N MAIN ST,,BAYTOWN,TX,775202746,2818388640,PIC/SOLE OWNER/AO,333600000X|3336C0003X,tier_1_primary_pharmacy,Y,Y,
1851846208,"CARE FIRST PHARMACY, LLC",1910 ROSELAND BLVD A,,TYLER,TX,75701,9036302202,MEMBER,333600000X|3336C0003X|3336C0004X,tier_1_primary_pharmacy,Y,Y,
1912452210,CARE PHARMA,495 10TH ST # 106,,FLORESVILLE,TX,781143162,8305426500,OWNER,333600000X|3336C0003X,tier_1_primary_pharmacy,Y,Y,
1124573183,ANGELS PHARMACY,3623 RED BLUFF RD,,PASADENA,TX,775033345,8322436262,OWNER,3336C0003X,tier_1_primary_pharmacy,Y,Y,
1639624471,BROOKSHIRE BROTHERS INC,1111 N HWY 287,,GRAPELAND,TX,75844,9366872168,CEO,333600000X|3336C0003X,tier_1_primary_pharmacy,Y,Y,
1548715337,KS PHARM LLC,7010 HIGHWAY 6,,MISSOURI CITY,TX,774594995,7134426767,DIRECTOR OF PHARMACY,3336C0003X,tier_1_primary_pharmacy,Y,Y,
1285189076,REVIVE RX LLC,3831 GOLF DR STE A,,HOUSTON,TX,770185218,8886892271,OWNER,3336M0002X,tier_1_primary_pharmacy,Y,Y,
1679028393,SOUTHLAND HEALTHCARE SERVICES INC,5302 CANAL ST,,HOUSTON,TX,770112258,7135149494,CEO/OWNER,3336C0003X|333600000X,tier_1_primary_pharmacy,Y,Y,
1861947350,SAIGON PHARMACARE,100 W PIONEER PKWY STE 113B,,ARLINGTON,TX,760106129,8174069093,PHARMACIST IN CHARGE,333600000X|3336C0003X,tier_1_primary_pharmacy,Y,Y,
1972059194,EL PASO COUNTY HOSPITAL DISTRICT,1521 JOE BATTLE BLVD,,EL PASO,TX,799366286,9155212261,PRESIDENT & CEO,333600000X|3336C0003X,tier_1_primary_pharmacy,Y,Y,
1912454505,SHOPKO STORES OPERATING CO LLC,908 NW 6TH ST,,TULIA,TX,79088,9204294726,DIRECTOR OF THIRD PARTY,333600000X|3336C0003X,tier_1_primary_pharmacy,Y,Y,
1275089831,"H-E-B, LP",5000 GATTIS SCHOOL ROAD,,HUTTO,TX,78634,5122513173,GOVERNMENT PROGRAMS MANAGER,3336C0003X,tier_1_primary_pharmacy,Y,N,H-E-B
1205383510,TARRANT COUNTY HOSPITAL DISTRICT,4701 BRYANT IRVIN RD N,LL215,FORT WORTH,TX,761077627,8177023531,PRESIDENT PHARMACY SERVICES,3336M0002X|333600000X,tier_1_primary_pharmacy,Y,Y,
1396292637,WALGREENS,1515 LOCKWOOD DR,,HOUSTON,TX,770204725,8322363385,PHARMACIST,3336C0003X,tier_1_primary_pharmacy,Y,N,WALGREENS
1942757166,COMPREHENSIVE HEALTHCARE SERVICES LLC,2931 GEORGE DIETER DR STE C,,EL PASO,TX,799362942,9155918000,"OWNER, PIC, AO",333600000X|3336C0004X|3336C0003X,tier_1_primary_pharmacy,Y,Y,
1538616446,"CENTER FOR OSTEOPOROSIS & ARTHRITIS I, PA",2601 CORNERSTONE BLVD,STE A,EDINBURG,TX,785398479,9563296890,"MANAGER, LICENSING",333600000X|3336C0003X,tier_1_primary_pharmacy,Y,Y,
1831646645,STAGECOACH PHARMACY,587 MAIN ST,,BUDA,TX,786109257,5127461888,OWNER,333600000X|3336C0004X|3336S0011X|3336C0003X,tier_1_primary_pharmacy,Y,Y,
1407304132,ALTIMATE CARE PHARMACY LLC,2813 N COMMERCE ST STE 115,,FORT WORTH,TX,761067245,6823859100,OWNER,3336C0003X,tier_1_primary_pharmacy,Y,Y,
1609324292,RXMEDS LLC,12320 BELLAIRE BLVD,SUITE A-1B,HOUSTON,TX,770722265,2816050099,PHARMACIST,3336C0004X|333600000X,tier_1_primary_pharmacy,Y,Y,
1578011912,BORGER PHARMACY LLC,524 W 10TH ST,,BORGER,TX,790072802,8062749635,"OWNER, PIC, AO",333600000X|3336C0004X|3336L0003X|3336C0003X,tier_1_primary_pharmacy,Y,Y,
1043768211,"BAYLOR SCOTT & WHITE HEALTH ENTERPRISES, INC.",829 N LOOP 340,SUITE A,WACO,TX,767052592,2542023700,PRESIDENT,333600000X|3336C0003X,tier_1_primary_pharmacy,Y,Y,
1023566197,"BAYLOR SCOTT & WHITE HEALTH ENTERPRISES, INC.",1001 HEWITT DR,SUITE B,WACO,TX,767128486,2542023730,PRESIDENT,333600000X|3336C0003X,tier_1_primary_pharmacy,Y,Y,
1073061867,"FIRST CLASS PHARMACIES LLC,CORP",6423 RICHMOND AVE STE G,,HOUSTON,TX,770575926,7137851156,PHARMACIST IN CHARGE,3336C0003X,tier_1_primary_pharmacy,Y,Y,
1912456773,TONNA PHARMACY,5225 KATY FWY,101A,HOUSTON,TX,770072292,2819530030,PRESIDENT,3336C0003X,tier_1_primary_pharmacy,Y,Y,
1649729344,"FIRST CLAS PHARMACIES, LLC, CORP.",6423 RICHMOND AVE STE G,,HOUSTON,TX,770575926,7137851156,PHARMACIST IN CHARGE,333600000X|3336C0003X,tier_1_primary_pharmacy,Y,Y,
1659820108,LIGHTHOUSE PHARMACY LLC,8955 SPRING CYPRESS RD,,SPRING,TX,773793138,8324223604,TREASURE/ PIC,3336C0004X|3336C0003X,tier_1_primary_pharmacy,Y,Y,
1083164966,"NORTHWEST HOUSTON PHARMACY, LLC",837 CYPRESS CREEK PKWY,SUITE 108C,HOUSTON,TX,770903423,2814537002,OWNER,333600000X,tier_1_primary_pharmacy,Y,Y,
1689124463,ALIANA ENTERPRISE INC,1251 PIN OAK RD STE 127,,KATY,TX,774945659,8324372877,PIC,3336C0004X|333600000X|3336C0003X,tier_1_primary_pharmacy,Y,Y,
1710437363,WE CARE RX PHARMACY PLLC,12390 KINGSRIDE LN,,HOUSTON,TX,770244117,8325826933,OWNER/PHARMACIST,333600000X|3336C0002X|3336C0004X|3336C0003X,tier_1_primary_pharmacy,Y,Y,
1669923629,KATY PHARMACY & DRUGSTORE,25115 GOSLING RD,,SPRING,TX,773893226,8329532611,CEO,333600000X|3336C0004X|3336S0011X|3336C0003X,tier_1_primary_pharmacy,Y,Y,
1245781202,"COMBINED HEALTH SOLUTIONS, LLC",117 S KENT ST,,GORMAN,TX,764543060,2547342859,CHIEF OPERATIONS OFFICER,3336C0003X,tier_1_primary_pharmacy,Y,Y,
1285185249,SALFITI WICHITA FALLS PHARMACY INC.,1013 BROOK AVE,,WICHITA FALLS,TX,763015006,9407237145,OWNER/PHARMACIST,3336C0004X|3336L0003X|333600000X,tier_1_primary_pharmacy,Y,Y,
1144771007,EDGEWOODRX LLC,186 S FRIENDSWOOD DR,,FRIENDSWOOD,TX,775463915,2819934779,PRESIDENT / PHARMACIST IN CHARGE,3336C0003X|333600000X,tier_1_primary_pharmacy,Y,Y,
1740731603,RSVP PHARMACY NO 1 LLC,1700 ROYSTON LN STE B,,ROUND ROCK,TX,786649501,8773165090,PHARMACY LICENSING COORDINATOR,333600000X|3336C0003X|3336C0004X,tier_1_primary_pharmacy,Y,Y,
1437600392,REVIVE RX LLC,3831 GOLF DR STE A,,HOUSTON,TX,770185218,8886892271,OWNER,333600000X|3336C0003X|3336C0004X|3336M0002X|3336S0011X,tier_1_primary_pharmacy,Y,Y,
1558812206,NATNAO INC,189 N PLANO RD STE 120,,RICHARDSON,TX,750813855,9724799798,PRESIDENT,3336C0003X,tier_1_primary_pharmacy,Y,Y,
1598216004,MCCLURES COMPOUNDING PHARMACY,305 LIMESTONE TER STE A1,,JARRELL,TX,765371293,5125983767,PIC,3336C0003X|333600000X,tier_1_primary_pharmacy,Y,Y,
1104377332,FIESTA LIFECARE PHARMACY 5 LLC,3230 MARTIN LUTHER KING JR BLVD,,DALLAS,TX,752102417,2144211067,PHARMACIST OWNER,333600000X|3336C0003X,tier_1_primary_pharmacy,Y,Y,
1326599499,TEXAS HEALTH MEDICAL SUPPORT,1100 BRIDGEWOOD DR STE 107,,FORT WORTH,TX,761120808,6822362550,VICE PRESIDENT OF PHARMACY SERVICES,3336S0011X,tier_1_primary_pharmacy,Y,Y,
1194276204,HEALTHVILLE PHARMACY LLC,7215 MCPHERSON RD,,LAREDO,TX,78041,9567013349,PHARMACY MANAGER,3336C0004X|3336H0001X,tier_1_primary_pharmacy,Y,Y,
1437601572,SCOTT PLACE PHARMACY LLC,8990 KIRBY DR STE 240,,HOUSTON,TX,770542854,7136609920,OWNER,3336C0003X,tier_1_primary_pharmacy,Y,Y,
1669924569,LIFECARE PHARMACY MEDICAL DRIVE,4458 MEDICAL DR STE 115,,SAN ANTONIO,TX,782293700,2143510007,BOARD MEMBER,333600000X|3336C0003X,tier_1_primary_pharmacy,Y,Y,
1396297198,LIFECARE PHARMACY BARLITE,7355 BARLITE BLVD STE 101B,,SAN ANTONIO,TX,782241340,2108174231,BOARD MEMBER,333600000X|3336C0003X,tier_1_primary_pharmacy,Y,Y,
1245782762,LIFECARE PHARMACY OF AUSTIN LLC,3110 NOGALITOS STE 107,,SAN ANTONIO,TX,782252337,2106003282,"OWNER,  AO",333600000X|3336C0003X,tier_1_primary_pharmacy,Y,Y,
1770035149,TEXAS SPECIALTY GROUP LLC,18648 MCKAY DR STE 110,,HUMBLE,TX,773385724,8328317707,"CEO, PRESIDENT",333600000X|3336C0003X,tier_1_primary_pharmacy,Y,Y,
1013469543,PRIMETOUCH LLC,11611 W AIRPORT BLVD STE B2,,MEADOWS PLACE,TX,774773042,2813025494,PRESIDENT,333600000X|3336C0004X|3336C0003X,tier_1_primary_pharmacy,Y,Y,
1518419886,RX PROFESSIONALS LLC,3201 MALCOLM X BLVD,,DALLAS,TX,752152430,2143969790,MANAGING OFFICER,333600000X|3336C0003X,tier_1_primary_pharmacy,Y,Y,
1467904748,THORNHILL HEALTHCARE INC,600 8TH ST,,SHALLOWATER,TX,793635726,8068320300,OWNER,3336C0003X|333600000X,tier_1_primary_pharmacy,Y,Y,
1053863357,MEDPRIME HEALTH SERVICES LLC,3310 LAMAR AVE STE B,,PARIS,TX,75460,9037065065,OWNER,3336C0003X,tier_1_primary_pharmacy,Y,Y,
1982156212,SAUCEDO PHARMACY INC,1021 E 1ST ST,,DUMAS,TX,79029,8069357494,PRESIDENT/PHARMACIST IN CHARGE,333600000X|3336L0003X,tier_1_primary_pharmacy,Y,Y,
1447702626,KELCARE LLC,22001 SOUTHWEST FWY STE 110,,RICHMOND,TX,774697002,8322229228,AUTHORIZED OFFICIAL,3336C0003X,tier_1_primary_pharmacy,Y,Y,
1841732914,SAMUEL D EVANG,615 TX-78 SUITE 200,,WYLIE,TX,750984101,9724424277,PHARMACIST IN CHARGE,3336C0004X|3336H0001X|333600000X|3336S0011X|3336C0003X,tier_1_primary_pharmacy,Y,Y,
1912449828,AMERICA FIRST PHARMACIES INC,7801 MESQUITE BEND DR,SUITE 108,IRVING,TX,750636043,9729472400,"DIRECTOR,OWNER,AO",333600000X|3336C0003X,tier_1_primary_pharmacy,Y,Y,
1699217513,"H-E-B, LP",20311 CHAMPION FOREST DRIVE,,SPRING,TX,77379,2813762652,GOVERNMENT PROGRAMS MANAGER,3336C0003X,tier_1_primary_pharmacy,Y,N,H-E-B
1992247886,REDI2GO,317 JOHNSON ST,,MC GREGOR,TX,766571809,2547303837,OWNER,333600000X,tier_2_secondary_pharmacy,N,Y,
1780126508,CONCEPTION PHARMACY LLC,4950 TERMINAL ST STE 200,,BELLAIRE,TX,774016013,8446021990,SR MANAGER REIMBURSEMENT,3336S0011X|333600000X|3336C0003X,tier_1_primary_pharmacy,Y,Y,
1063954600,"RX DRUG PHARMACY, LLC",231 W GREENS RD,,HOUSTON,TX,770674600,2812236686,OWNER,333600000X,tier_1_primary_pharmacy,Y,Y,
1356883821,FIESTA LIFECARE PHARMACY 4 LLC,4202 PIONEER RD,,BALCH SPRINGS,TX,751803537,9725573535,BOARD MEMBER,333600000X|3336C0003X,tier_1_primary_pharmacy,Y,Y,
1265974737,WYCLIFF PHARMACY,4309 LEMMON AVE,,DALLAS,TX,752192706,9722272126,BOARD MEMBER,333600000X|3336C0003X,tier_1_primary_pharmacy,Y,Y,
1174065643,FIESTA LIFECARE PHARMACY 3 LLC,707 23RD ST,SUITE F,GALVESTON,TX,77550,4098777029,OFFICER,333600000X|3336C0003X,tier_1_primary_pharmacy,Y,Y,
1083156558,ASCRIPT RX INC,17051 DALLAS PKWY STE 110,,ADDISON,TX,750017104,2146436287,PRESIDENT,3336C0003X|3336C0004X,tier_1_primary_pharmacy,Y,Y,
1407398985,GATEWAY PHARMACY INC,388 W LITTLE YORK RD STE A,,HOUSTON,TX,770761303,8324471336,OWNER,3336C0003X,tier_1_primary_pharmacy,Y,Y,
1619419983,GATEWAY PHARMACY INC.,388 W LITTLE YORK RD,SUITE:A,HOUSTON,TX,770761303,8324471336,OWNER/PHARMACIST IN CHARGE,333600000X,tier_1_primary_pharmacy,Y,Y,
1457894719,ADAMS PHARMACEUTICAL CARE,13020 DAIRY ASHFORD RD STE 103,,SUGAR LAND,TX,774784663,8322064540,PHARMACY MANAGER/OWNER,3336C0003X,tier_1_primary_pharmacy,Y,Y,
1588107882,HENDRICK HOSPICE CARE INC,1651 PINE ST,,ABILENE,TX,796013041,3256703242,PRESIDENT,333600000X|3336I0012X,tier_1_primary_pharmacy,Y,Y,
1639612716,EL PASO COUNTY HOSPITAL DISTRICT,6600 NORTH DESERT BLVD,,EL PASO,TX,79912,9155212263,PRESIDENT & CEO,333600000X|3336C0003X,tier_1_primary_pharmacy,Y,Y,
1336682376,NEW HORIZON PHARMACY LLC,5206 FM 1960 RD W,STE 103,HOUSTON,TX,770694420,8772217935,OWNER,333600000X|3336S0011X|3336C0003X,tier_1_primary_pharmacy,Y,Y,
1396288338,CLINICAL SPECIALTY INFUSIONS OF DALLAS LLC,459 E NEW BOSTON RD,,NASH,TX,755692715,8335691005,CHIEF EXECUTIVE OFFICER,3336H0001X|333600000X|3336C0004X|3336S0011X,tier_1_primary_pharmacy,Y,Y,
1063955730,PILOT POINT LLC,101 OLD TOWN BLVD S,SUITE 102,LANTANA,TX,762263968,9404644500,PHARMACIST,333600000X|3336C0004X|3336C0003X,tier_1_primary_pharmacy,Y,Y,
1629511100,UHS RETAIL PHARMACY LLC,1501 S COULTER ST STE A,,AMARILLO,TX,791061770,8065532455,CEO,333600000X|3336C0003X,tier_1_primary_pharmacy,Y,Y,
1861935389,CUSTOM CARE PHARMACY LLC,20320 NORTHWEST FWY STE 300,,JERSEY VILLAGE,TX,770655643,8326889666,PHARMACIST,333600000X|3336C0004X|3336C0003X,tier_1_primary_pharmacy,Y,Y,
1366986531,THE MENNINGER CLINIC,12301 MAIN ST,,HOUSTON,TX,770356207,7132755000,CFO,3336C0003X,tier_1_primary_pharmacy,Y,Y,
1720522725,"HUMBLE SURGICAL HOSPITAL, LLC",1475 FM 1960 BYPASS RD E,,HUMBLE,TX,773383909,8328650795,DIRECTOR OF PHARMACY,333600000X|3336C0002X|3336C0003X|3336C0004X|3336H0001X|3336L0003X|3336M0002X|3336M0003X|3336S0011X|3336I0012X,tier_1_primary_pharmacy,Y,Y,
1467996314,WESTLAKE HEALTH & BEAUTY PRODUCTS,5421 BASSWOOD BLVD STE 700,,FORT WORTH,TX,761374483,8178935182,OFFICER,333600000X|3336C0003X,tier_1_primary_pharmacy,Y,Y,
1417491291,"H-E-B, LP",1101 WEST STAN SCHLUETER LOOP,,KILLEEN,TX,76549,2545192760,GOVERNMENT PROGRAMS MANAGER,3336C0003X,tier_1_primary_pharmacy,Y,N,H-E-B
1922542794,"WESTSIDE SURGICAL HOSPITAL, LLC",4200 TWELVE OAKS DR,,HOUSTON,TX,770276812,8328650795,DIRECTOR OF PHARMACY,333600000X|3336C0002X|3336C0003X|3336C0004X|3336H0001X|3336L0003X|3336M0002X|3336M0003X|3336S0011X|3336I0012X,tier_1_primary_pharmacy,Y,Y,
1760926547,MAGNESS MOSS PHARMACY,13290 US HIGHWAY 84 E,,JOAQUIN,TX,75954,9362693922,OWNER,333600000X|3336C0003X,tier_1_primary_pharmacy,Y,Y,
1851835599,"GENESIS RX WEST,LLC",1485 FM 1960 BYPASS RD E SUITE 390,,HUMBLE,TX,77338,8327770887,PRESIDENT,333600000X,tier_1_primary_pharmacy,Y,Y,
1316481880,GENESIS APOTHECARY INC,101 SOUTHWESTERN BLVD # 100,,SUGAR LAND,TX,774783668,2812037829,PRESIDENT,333600000X|3336C0003X,tier_1_primary_pharmacy,Y,Y,
1801330303,PRESIDIO PHARMACY INC,1501 B NORTH ERMA AVE,,PRESIDIO,TX,79845,4322292252,PRESIDENT/OWNER,3336C0003X,tier_1_primary_pharmacy,Y,Y,
1730624248,REESA BUSINESS LLC,1703 19TH ST,,HONDO,TX,788612301,8304265000,PRESIDENT,3336C0003X,tier_1_primary_pharmacy,Y,Y,
1568907913,PURE PHARMACY,1927 LOHMANS CROSSING RD STE 203,,LAKEWAY,TX,78734,5125721011,MANAGER,333600000X|3336C0003X,tier_1_primary_pharmacy,Y,Y,
1215472600,UROLOGY AUSTIN PHARMACY LLC,8701 N MOPAC EXPY STE 375,,AUSTIN,TX,787598376,5124103770,MANAGING OFFICER,333600000X,tier_1_primary_pharmacy,Y,Y,
1154866317,PRUCARE PHARMACY,9219 MAIN ST,,HOUSTON,TX,770254419,7136617300,CLINICAL DIRECTOR,3336S0011X,tier_1_primary_pharmacy,Y,Y,
1710422456,CHEERFUL HEARTS OF BAYTOWN,701 W MURRILL ST,,BAYTOWN,TX,775204415,8326219359,MANAGER,3336H0001X,tier_2_secondary_pharmacy,N,Y,
1124563762,LIFECARE PHARMACY,7135 SOUTHWEST FWY,,HOUSTON,TX,770742001,7137723000,PHARMACIST-IN-CHARGE,3336C0003X,tier_1_primary_pharmacy,Y,Y,
1669918132,TEXAS HEALTH MEDICAL SUPPORT,1100 BRIDGEWOOD DR STE 107,,FORT WORTH,TX,761120808,6822362550,"DIR, PHARMACY INFUSION",3336H0001X,tier_1_primary_pharmacy,Y,Y,
1871039701,AN&U INC,1729 S JACKSON ST,,JACKSONVILLE,TX,757665832,9032846256,VICE PRESIDENT,333600000X|3336C0004X|3336C0003X,tier_1_primary_pharmacy,Y,Y,
1700322641,MARGO RX LLC,605 N MAIN ST STE E,,DONNA,TX,785372726,9564644131,MANAGING PARTNER,333600000X|3336C0004X|3336C0003X,tier_1_primary_pharmacy,Y,Y,
1194261024,BRANDY PHARMACY CORP,910 N GALLOWAY AVE STE 303,,MESQUITE,TX,751492409,9727739001,"OWNER,  AO",333600000X|3336C0003X,tier_1_primary_pharmacy,Y,Y,
1831635697,CIP NORTHSIDE LLC,1640 STATE HIGHWAY 351,,ABILENE,TX,796014746,3257044208,MANAGING OFFICER/OWNER/AO,333600000X|3336C0003X,tier_1_primary_pharmacy,Y,Y,
1881130623,RIO GRANDE UROLOGY PA,7420 REMCON CIR BLDG C-150,,EL PASO,TX,799123529,9155328823,PRESIDENT,3336C0002X,tier_1_primary_pharmacy,Y,Y,
1649716465,MESA PHARMA INC,310 S MESA HILLS DR STE C,,EL PASO,TX,799125881,9153082050,PRESIDENT,333600000X|3336C0003X,tier_1_primary_pharmacy,Y,Y,
1104362847,BEST MED INC,116 S PARK DR,,BROWNWOOD,TX,768015918,3256469414,OWNER/PHARMACIST,3336L0003X,tier_1_primary_pharmacy,Y,Y,
1598201220,HEB PHARMACY,1301 WOODED ACRES DR,,WACO,TX,767104437,2547761027,UNIT DIRECTOR,3336C0003X,tier_1_primary_pharmacy,Y,N,HEB
1851838387,PATMOS CONSULTING LLC,5445 LA SIERRA DR STE 202,,DALLAS,TX,752314176,4692677762,OWNER / PIC,333600000X|3336C0003X,tier_1_primary_pharmacy,Y,Y,
1821535105,VITAL STAR PHARMACY INC,7207 REGENCY SQUARE BLVD,SUITE 203,HOUSTON,TX,770363188,7137851960,OWNER,333600000X|3336C0004X|3336H0001X|3336C0003X,tier_1_primary_pharmacy,Y,Y,
1528505708,EL PASO INTEGRATED PHYSICIANS GROUP,4532 N MESA ST STE 1A,,EL PASO,TX,799126286,9157036302,AUTHORIZED OFFICIAL,333600000X|3336C0003X,tier_1_primary_pharmacy,Y,Y,
1780121871,ANALGESIC SOLUTIONS,1307 8TH AVE,,FORT WORTH,TX,761044137,8179243200,OPERATIONS MANAGER-OWNER,333600000X|3336C0004X|3336C0003X,tier_1_primary_pharmacy,Y,Y,
1235676347,RED DOOR PHARMACY AND GIFTS LLC,2488 AVONDALE HASLET RD STE 168,,HASLET,TX,760523220,8172592636,"OWNER, PHARMACIST IN CHARGE",333600000X|3336C0003X,tier_1_primary_pharmacy,Y,Y,
1487191383,BETEX PHARMACY,13948A WESTHEIMER RD,,HOUSTON,TX,770775359,2817412914,PHARMACIST IN-CHARGE,333600000X|3336C0004X|3336C0003X,tier_1_primary_pharmacy,Y,Y,
1679011415,"MEDICINE CHEST PLUS PHARMACY, LLC",15355 VANTAGE PKWY W STE 212,,HOUSTON,TX,770321974,8323280923,CHIEF PHARMACY OFFICER,3336H0001X|3336S0011X|3336C0003X,tier_1_primary_pharmacy,Y,Y,
1922546753,THE PHARMACY SHOP OF WEIMAR INC,406 YOUENS DR,,WEIMAR,TX,789623680,9797256713,OWNER/PIC,333600000X|3336C0003X,tier_1_primary_pharmacy,Y,Y,
1962940791,CARE RX PHARMACY LLC,7520 N BEACH ST STE 100,,FORT WORTH,TX,761371680,8178499811,PHARMACIST IN CHARGE/OWNER,3336C0004X,tier_1_primary_pharmacy,Y,Y,
1942748645,PATMOS CONSULTING LLC,5445 LA SIERRA DR STE 202,,DALLAS,TX,752314176,2148129399,OWNER,3336C0003X,tier_1_primary_pharmacy,Y,Y,
1407394992,BSA AMARILLO DIAGNOSTIC CLINIC,6700 W 9TH AVE STE C,,AMARILLO,TX,791061729,8063565533,PHARMACIST/MANAGER,3336C0002X,tier_1_primary_pharmacy,Y,Y,
1952849309,OBEN PHARMACY GROUP LLC,4500 CARTER CREEK PKWY STE 202,,BRYAN,TX,778024494,8444653582,PHARMACY MANAGER,333600000X|3336L0003X,tier_1_primary_pharmacy,Y,Y,
1689112930,COVENANT MEDICAL CENTER,3615 19TH ST FL 1,,LUBBOCK,TX,794101203,8067257979,ASSISTANT SECRETARY OF ENROLLMENTS,333600000X|3336C0003X,tier_1_primary_pharmacy,Y,Y,
1073051322,EASTTEXRX LLC,3600 GILMER RD,,LONGVIEW,TX,756041219,9032127900,PRESIDENT,333600000X|3336C0003X,tier_1_primary_pharmacy,Y,Y,
1053859306,METABOLIC THERAPY INC.,4103 AVENUE D,,AUSTIN,TX,78751,5129097963,OWNER,3336C0002X,tier_1_primary_pharmacy,Y,Y,
1417495664,"QUALITY CARE RX, LLC",607 SOUTH WW WHITE,,SAN ANTONIO,TX,78220,2105958077,MANAGING MEMBER,3336C0003X|333600000X,tier_1_primary_pharmacy,Y,Y,
1841738846,APEX DIALYSIS AND PHARMACY LLC,6514 HWY 90A,SUITE 103,SUGAR LAND,TX,77498,8325263165,PIC,3336C0003X,tier_1_primary_pharmacy,Y,Y,
1205374246,SAI DRUGS INC,2106 N CENTER ST STE A,,BONHAM,TX,754182628,9035838017,PHARMACIST IN CHARGE,3336C0003X,tier_1_primary_pharmacy,Y,Y,
1285173732,FRISCORX AND COMPOUNDING LLC,7227 MAIN ST STE 201,,FRISCO,TX,750345794,4698884190,PHARMACIST,333600000X|3336C0003X,tier_1_primary_pharmacy,Y,Y,
1245779834,LMA PHARM PLLC,305 LIMESTONE TER STE C2,,JARRELL,TX,765372150,5127460901,OWNER,333600000X|3336C0003X,tier_1_primary_pharmacy,Y,Y,
1528507092,"RIFTCO INNOVATIONS, LLC",23920 KATY FWY,SUITE 112,KATY,TX,774941341,8324377864,PHARMACY MANAGER,3336C0003X,tier_1_primary_pharmacy,Y,Y,
1104365295,SPECIALTY RX,2604 50TH STREET,,LUBBOCK,TX,79413,8067015111,AUTHORIZED AGENT,333600000X|3336C0003X|3336C0004X|3336S0011X,tier_1_primary_pharmacy,Y,Y,
1215476395,HAECKERVILLE PHARMACY LLC,16800 GREENSPOINT PARK DR STE 160S,,HOUSTON,TX,770602311,2819150793,OWNER/PIC/AO,333600000X|3336S0011X|3336C0003X,tier_1_primary_pharmacy,Y,Y,
1851830848,PHARMACYTEXAS LLC,24002 HWY 59 N,,KINGWOOD,TX,773391536,2815706764,CEO,333600000X|3336C0003X,tier_1_primary_pharmacy,Y,Y,
1134669070,MAYFIELD PHARMACY INC,2451 ROBINSON RD STE 200,,GRAND PRAIRIE,TX,750513978,2144122790,OWNER/PHARMACIST IN CHARGE,3336C0003X,tier_1_primary_pharmacy,Y,Y,
1861932683,MCKINNEY CARE PHARMACY AND COMPOUNDING LLC,4601 MEDICAL CENTER DR STE B,,MCKINNEY,TX,750691771,9723252273,PIC/OWNER,3336S0011X|3336C0004X|333600000X|3336C0003X,tier_1_primary_pharmacy,Y,Y,
1124568969,UNIVERSITY OF TEXAS SOUTHWESTERN MEDICAL CENTER AT DALLAS,2929 N STEMMONS FWY # XA1.2,,DALLAS,TX,752476102,2146456828,CFO,3336C0003X|333600000X|3336S0011X,tier_1_primary_pharmacy,Y,Y,
1437699139,NEXTCARE PHARMACY LLC,10021 MAIN ST STE B-2A,,HOUSTON,TX,770255224,7134922088,"PIC, AO",333600000X|3336C0003X,tier_1_primary_pharmacy,Y,Y,
1962942524,ONE TRAIN CORPORATION,4501 GROVEWAY DR,,HOUSTON,TX,770871122,7134855432,OWNER/PHARMACIST,333600000X|3336C0003X,tier_1_primary_pharmacy,Y,Y,
1376083899,"H-E-B, LP",17238 BULVERDE ROAD,,SAN ANTONIO,TX,78247,2104950572,GOVERNMENT PROGRAMS MANAGER,3336C0003X,tier_1_primary_pharmacy,Y,N,H-E-B
1013457597,CALVARY PHARMACEUTICAL SERVICES LLC,17115 RED OAK DR STE 105,,HOUSTON,TX,770902607,3463236161,MANAGING OFFICER,333600000X|3336C0003X,tier_1_primary_pharmacy,Y,Y,
1699215160,"UPLIFT RX, LLC",15462 FM 529 RD,,HOUSTON,TX,770952702,2818152352,PIC/ MANAGER,3336C0003X,tier_1_primary_pharmacy,Y,Y,
1447791553,HMU PHARMACY,4223 RICHMOND AVE,SUITE 210,HOUSTON,TX,770276856,7136344493,PRESIDENT,333600000X,tier_1_primary_pharmacy,Y,Y,
1689115461,MEDWORLD PHARMACY INC,2351 MERRITT DR,,GARLAND,TX,75041,2142720917,OWNER,3336C0003X,tier_1_primary_pharmacy,Y,Y,
1346781945,WHOLESALE GROCERY SERVICES,1568 AUSTIN HWY,,SAN ANTONIO,TX,782186042,2104462364,CEO/OWNER/AO,333600000X|3336C0003X,tier_1_primary_pharmacy,Y,Y,
1457892028,"TEXAS DIGESTIVE DISEASE CONSULTANTS, PLLC",26103 I-45,SUITE 200,THE WOODLANDS,TX,773803876,7137302947,MANAGING OFFICER,3336S0011X|3336C0003X,tier_1_primary_pharmacy,Y,Y,
1396286886,"COVETRUS NORTH AMERICA, LLC",4802 N SAM HOUSTON PKWY W STE 100,,HOUSTON,TX,770861539,8445820921,LICENSING AND CREDENTIALING ANALYST,333600000X|3336C0004X|3336S0011X|3336M0002X,tier_1_primary_pharmacy,Y,Y,
1215469424,JAJAB ENTERPRISE SERVICES LLC,3010 S RICHEY ST STE C,SUITE C,HOUSTON,TX,770177220,2819947363,DR.,333600000X|3336C0003X,tier_1_primary_pharmacy,Y,Y,
1275065260,SOLEO HEALTH INC,2912 W 6TH ST,SUITE 150,FORT WORTH,TX,761072213,8179161206,CEO,333600000X|3336C0003X|3336S0011X|3336H0001X,tier_1_primary_pharmacy,Y,Y,
1639601537,HEALTHY STRIDES RX LLC,4401 EMANCIPATION AVE,,HOUSTON,TX,770045221,2818882235,OWNER,333600000X|3336C0004X|3336C0003X,tier_1_primary_pharmacy,Y,Y,
1043742737,SAS PHARMACY INC.,1205 N JOSEY LN STE 200A,,CARROLLTON,TX,750066145,4699410612,OWNER/PHARMACIST,3336C0003X|333600000X,tier_1_primary_pharmacy,Y,Y,
1619400785,REAGAN HOSPITAL DISTRICT,800 N MAIN AVE,,BIG LAKE,TX,769323900,3258845622,CEO,333600000X|3336L0003X|3336C0003X,tier_1_primary_pharmacy,Y,Y,
1609309780,CENTRAL CARE INTEGRATED HEALTH SERVICES,8610 MARTIN LUTHER KING BLVD,,HOUSTON,TX,770332308,7137340199,CEO,333600000X,tier_1_primary_pharmacy,Y,Y,
1033642723,KC PHARMACY,6061 BISSONNET ST,,HOUSTON,TX,770816903,8329431420,OFFICER,333600000X|3336C0003X,tier_1_primary_pharmacy,Y,Y,
1639602329,WIGGINS ENTERPRISE LLC,7555 BELLAIRE BLVD STE B,,HOUSTON,TX,770365055,7135413300,OWNER,333600000X,tier_1_primary_pharmacy,Y,Y,
1164955795,BRISTOL PHARMACY LLC,4001 LONG PRAIRIE RD STE 100,,FLOWER MOUND,TX,750281528,4697714117,PRESIDENT,333600000X|3336C0003X,tier_1_primary_pharmacy,Y,Y,
1700310158,CC PHARMACY LLC,2656 S LOOP W STE 395,,HOUSTON,TX,770545603,8327756978,MANAGING PARTNER,333600000X|3336L0003X|3336C0003X,tier_1_primary_pharmacy,Y,Y,
1881128122,"BAYLOR SCOTT & WHITE HEALTH ENTERPRISES, INC.",50 HILLCREST MEDICAL BLVD,SUITE 200-1,WACO,TX,767128952,2542023760,PRESIDENT,3336C0003X,tier_1_primary_pharmacy,Y,Y,
1932633161,AYHT INC,4388 W GREEN OAKS BLVD,#110,ARLINGTON,TX,760164496,8173803030,VP/PIC,3336C0004X|333600000X|3336C0003X,tier_1_primary_pharmacy,Y,Y,
1619401403,TT PHARMACY,6430 RICHMOND AVE,#425,HOUSTON,TX,770575917,8328606883,PHARMACY MANAGER,333600000X,tier_1_primary_pharmacy,Y,Y,
1649704396,"NORTH CENTRAL TEXAS COMMUNITY HEALTH CARE CENTER, INC",1301 3RD ST STE 100,,WICHITA FALLS,TX,763012245,9407678334,DIRECTOR OF PHARMACY,3336C0002X,tier_1_primary_pharmacy,Y,Y,
1164957700,UROLOGY CLINICS OF NORTH TEXAS PLLC,9900 N CENTRAL EXPY STE 120,,DALLAS,TX,752310962,2145802265,REVENUE CYCLE MANAGER,3336C0003X,tier_1_primary_pharmacy,Y,Y,
1689109902,PHARM NACOGDOCHES ACQUISITION LLC,212 NORTH ST STE B,,NACOGDOCHES,TX,759615260,9364629101,OFFICER,3336C0003X,tier_1_primary_pharmacy,Y,Y,
1124553441,EXPRESS PHARMACY OF SPRING LLC,5039 FM 2920 RD STE C,,SPRING,TX,773883114,2814537251,OFFICER,333600000X|3336C0003X,tier_1_primary_pharmacy,Y,Y,
1891220075,LIFECARE PHARMACY CULEBRA LLC,7614 CULEBRA RD STE 101,,SAN ANTONIO,TX,782511477,2107698014,MANAGING PARTNER,333600000X|3336C0003X,tier_1_primary_pharmacy,Y,Y,
1245765163,HHSC WIC PROGRAM,4616 W HOWARD LN STE 840,,AUSTIN,TX,787286300,5123414598,WIC DIRECTOR,333600000X,tier_1_primary_pharmacy,Y,Y,
1093240848,TINAPA MEDICAL MANAGEMENT INC,12714 NORTH FWY,,HOUSTON,TX,770601227,8326025049,OWNER,3336C0003X|333600000X,tier_1_primary_pharmacy,Y,Y,
1346775046,"ALLEN FAMILY HOLDINGS, LLC",580 COMMERCE ST STE 150,,SOUTHLAKE,TX,760929155,8885628080,DIRECTOR,3336C0003X,tier_1_primary_pharmacy,Y,Y,
1235664079,SAYF CORP.,333 N SHILOH RD STE 109,,GARLAND,TX,750426613,4695736336,OWNER/RPH,3336C0003X|3336C0004X|3336S0011X|333600000X,tier_1_primary_pharmacy,Y,Y,
1447786900,"MEDINA PHARMACY, LLC",5563 DEZAVALA ROAD,SUITE 180,SAN ANTONIO,TX,78249,2104044538,PIC/MANAGING MEMBER,3336C0003X,tier_1_primary_pharmacy,Y,Y,
1346776895,NILKANTH HEALTHCARE LLC,14032 NACOGDOCHES RD,,SAN ANTONIO,TX,782471929,2105304296,"OWNER, MANAGER, PIC, AO",333600000X|3336C0003X,tier_1_primary_pharmacy,Y,Y,
1265968242,JETRX INC,1140 BUSINESS CENTER DR STE 103,,HOUSTON,TX,770432740,8324879794,PHARMACY DIRECTOR,3336C0003X,tier_1_primary_pharmacy,Y,Y,
1053848648,FIRST CLASS PHARMACIES LLC,6423 RICHMOND AVE STE G,,HOUSTON,TX,770575926,7137851156,PIC,3336C0003X,tier_1_primary_pharmacy,Y,Y,
1184151532,RIVER ROAD PHARMACY,910 RIVER RD STE 103,,BOERNE,TX,78006,8308165312,PHARMACIST IN CHARGE/OWNER,3336C0003X,tier_1_primary_pharmacy,Y,Y,
1831626019,PHARMACY,7612 CANAL ST,C,HOUSTON,TX,77012,8326546588,PHARMACIST IN CHARGE,3336C0003X,tier_1_primary_pharmacy,Y,Y,
1003343013,"BVN CREATIVE CARE, INC. DBA- COLDSPRING PHARMACY",13325 HARGRAVE ROAD,SUITE 230A,HOUSTON,TX,77070,2818880222,CEO,333600000X|3336C0003X,tier_1_primary_pharmacy,Y,Y,
1124556618,F & H SOLUTIONS LLC,9618 W MONTGOMERY RD,,HOUSTON,TX,770884708,2817894228,CFO,333600000X|3336C0004X|3336H0001X|3336S0011X|3336C0003X,tier_1_primary_pharmacy,Y,Y,
1235667379,1ST CHOICE PRESCRIPTIONS LLC,8111 LBJ FWY,#540,DALLAS,TX,752511313,9726074978,PRESIDENT,333600000X|3336C0003X,tier_1_primary_pharmacy,Y,Y,
1255860623,APECC RX PHARMACY,17833 KUYKENDAHL RD,,SPRING,TX,773798112,8325597808,PIC,3336C0003X,tier_1_primary_pharmacy,Y,Y,
1548799901,K MED PHARMACY,11900 BARRYKNOLL #6109,,HOUSTON,TX,77024,8328347998,OWNER,3336C0003X,tier_1_primary_pharmacy,Y,Y,
1669901856,FRISCO PHARMACY LLC,14550 SH-121,SUITE 150,FRISCO,TX,75035,4693057058,PHARMACIST-IN-CHARGE,3336C0003X,tier_1_primary_pharmacy,Y,Y,
1346779675,"AMERICAN SPECIALTY PHARMACY, INC",8785 W BELLFORT ST STE A,,HOUSTON,TX,770312403,7135682756,PRESIDENT,333600000X|3336S0011X,tier_1_primary_pharmacy,Y,Y,
1477083350,"H-E-B, LP",12125 ALAMO RANCH PKWY,,SAN ANTONIO,TX,78253,2106889584,GOVERNMENT PROGRAMS MANAGER,3336C0003X,tier_1_primary_pharmacy,Y,N,H-E-B
1225568058,INNOVIA RX LLC,580 S DENTON TAP RD STE 295,,COPPELL,TX,750194098,4698307400,PHARMACY MANAGER/OWNER,3336C0003X,tier_1_primary_pharmacy,Y,Y,
1861922726,SENDERRA RX PARTNERS LLC,3712 E PLANO PKWY STE 200,,PLANO,TX,750741833,8887775547,DIRECTOR OF MANAGED CARE,3336M0002X,tier_1_primary_pharmacy,Y,Y,
1568992162,JJ PHARMACY LLC,13415 WOODFOREST BLVD STE K,,HOUSTON,TX,770152922,7133304400,OWNER,333600000X,tier_1_primary_pharmacy,Y,Y,
1578093183,DOUGHERTYS LTC PHARMACY LLC,5959 ROYAL LN STE 513,,DALLAS,TX,752303856,2143735301,PRESIDENT&CEO,333600000X|3336L0003X,tier_1_primary_pharmacy,Y,Y,
1225568744,"CHANEY FAMILY PHARMACY, LLC",1001 HICKORY ST,,COLORADO CITY,TX,795125213,3257288030,PIC/OWNER,333600000X|3336L0003X,tier_1_primary_pharmacy,Y,Y,
1770013294,K MED PHARMACY,11900 BARRYKNOLL LN APT 6109,,HOUSTON,TX,770244388,8328347998,OWNER,3336C0003X|333600000X,tier_1_primary_pharmacy,Y,Y,
1720518111,"H-E-B, LP",1702 11TH ST,,HUNTSVILLE,TX,77340,9362910302,GOVERNMENT PROGRAMS MANAGER,3336C0003X,tier_1_primary_pharmacy,Y,N,H-E-B
1699205971,"BLUE HAVEN VENTURES, LLC",5625 EIGER RD STE 150,,AUSTIN,TX,787358980,5126934222,MANAGING MEMBER/PRESIDENT,3336C0004X|3336C0003X,tier_1_primary_pharmacy,Y,Y,
1689104820,PEARLAND UNICARE PHARMACY LLC,500 N KOBAYASHI RD. STE D&E,,WEBSTER,TX,775984707,2817240531,OWNER,333600000X|3336S0011X|3336C0003X,tier_1_primary_pharmacy,Y,Y,
1306366299,"H-E-B, LP",6430 GARTH ROAD,,BAYTOWN,TX,77521,2814203800,GOVERNMENT PROGRAMS MANAGER,3336C0003X,tier_1_primary_pharmacy,Y,N,H-E-B
1164942041,SMPE INC,2300 W MORTON ST STE 121,,DENISON,TX,750201600,9034636979,OWNER AND PIC,333600000X|3336S0011X|3336L0003X,tier_1_primary_pharmacy,Y,Y,
1174043962,"H-E-B, LP",5502 SHERWOOD WAY,,SAN ANGELO,TX,76901,3252230771,GOVERNMENT PROGRAMS MANAGER,3336C0003X,tier_1_primary_pharmacy,Y,N,H-E-B
1699295089,HGS PHARMACY LLC,9434 PARKFIELD DR STE A,,AUSTIN,TX,787586227,5125933751,OWNER,333600000X|3336C0003X,tier_1_primary_pharmacy,Y,Y,
1013437417,TORRES FAMILY PHARMACY LLC,182 E KIMBALL AVE,,RAYMONDVILLE,TX,785802547,9565672005,OWNER/PHARMACIST,333600000X|3336C0003X,tier_1_primary_pharmacy,Y,Y,
1497275762,"DMS PHARMACY, LLC",305 EAST EUCLID,SUITE 104,SAN ANTONIO,TX,78212,2102299336,CEO,3336C0003X,tier_1_primary_pharmacy,Y,Y,
1487175311,"FRISCO APOTHECARY, LP",3010 LEGACY DR STE 110,,FRISCO,TX,750347629,4699242001,OWNER,3336C0003X|3336C0004X|333600000X,tier_1_primary_pharmacy,Y,Y,
1982125308,"SCRIPT EXPERTS PHARMACY,LLC",14502 SPRING CYPRESS RD STE 400,,CYPRESS,TX,774296665,2813066784,DIRECTOR,3336S0011X|333600000X|3336L0003X|3336C0003X,tier_1_primary_pharmacy,Y,Y,
1306367727,TERRASCON HEALTHCARE CORPORATION,7623 LOUETTA RD STE 104B,,SPRING,TX,773797237,8323748090,OFFICER,3336L0003X|333600000X|3336S0011X|3336C0003X,tier_1_primary_pharmacy,Y,Y,
1699297051,YOUR HEALTH PHARMACY,477 W PARKER RD,,HOUSTON,TX,770913202,7188443203,MANAGER,3336C0003X,tier_1_primary_pharmacy,Y,Y,
1760904932,"IDEAL SPECIALTY PHARMACY, LLC",400 W ARBROOK BLVD STE 111,,ARLINGTON,TX,760143175,9728090984,DIRECTOR,3336C0003X,tier_1_primary_pharmacy,Y,Y,
1740702950,ARGENT PHARMACY,1880 S DAIRY ASHFORD RD STE 106,,HOUSTON,TX,77077,8322305772,PHARMACIST IN CHARGE,3336C0004X|3336M0002X|3336C0003X,tier_1_primary_pharmacy,Y,Y,
1861914517,CARE RRX PHARMACY,4102 WOODLAWN AVE STE 120,,PASADENA,TX,775041948,2815012722,OFFICER,3336C0003X,tier_1_primary_pharmacy,Y,Y,
1356863898,RAIINE'S SPECIALTY PHARMACY LLC,1880 ROUND ROCK AVE STE 200,,ROUND ROCK,TX,786814085,5127671174,OFFICER,3336C0003X,tier_1_primary_pharmacy,Y,Y,
1568985034,PHARMARA HEALTH INC,4100 ELDORADO PKWY STE 200,,MCKINNEY,TX,750704530,4693017621,PRESIDENT AND PHARMACY MANAGER,333600000X|3336C0004X|3336C0003X,tier_1_primary_pharmacy,Y,Y,
1972026441,"DHD PHARMACY, LLC",7220 S WESTMORELAND RD STE 106,,DALLAS,TX,752374221,2143779217,OWNER,3336C0003X,tier_1_primary_pharmacy,Y,Y,
1073036570,KB PHARMACY LLC,2005 JAYDEN LN,,WYLIE,TX,750986031,4694186915,PHARMACIST/MANAGER,3336C0003X,tier_1_primary_pharmacy,Y,Y,
1679096903,COLUMBUS PHARMACY LLC,1206 FANNIN ST,,COLUMBUS,TX,789342238,3617985010,PRESIDENT / OWNER,3336L0003X|3336C0003X,tier_1_primary_pharmacy,Y,Y,
1790208833,PHARMMED PHARMACY LLC,6250 WESTPARK DR STE 309,,HOUSTON,TX,770577340,7135341930,PHARMACIST IN CHARGE,3336C0003X,tier_1_primary_pharmacy,Y,Y,
1700309325,SUPER FRISCO PHARMACY LLC,5350 INDEPENDENCE PKWY STE 110A,,FRISCO,TX,750354652,4696561431,OFFICER,333600000X|3336C0003X,tier_1_primary_pharmacy,Y,Y,
1457875874,JNV CREATIVE CARE INC,109 SHULT DR,,COLUMBUS,TX,789343009,9792563045,ADMIN,333600000X,tier_1_primary_pharmacy,Y,Y,
1538683875,TERRASCON HEALTHCARE CORPORATION,7623 LOUETTA RD STE 104,,SPRING,TX,773797237,8329532926,OFFICER,333600000X|3336C0002X|3336L0003X|3336S0011X|3336C0003X,tier_1_primary_pharmacy,Y,Y,
1194249052,ELEVATION HEALTHWORKS,13134 DAIRY ASHFORD RD STE 900,,SUGAR LAND,TX,774783766,7139334403,OFFICIAITING MANAGER,3336C0003X,tier_1_primary_pharmacy,Y,Y,
1891219564,TD HEALTHCARE 2 LLC,3436 34TH ST,,LUBBOCK,TX,794102830,8067993636,MANAGING OFFICER,3336L0003X,tier_1_primary_pharmacy,Y,Y,
1851816466,RAPID RX INC,1850 LAKEPOINTE DR STE 300,,LEWISVILLE,TX,750576443,8447275007,PHARMACIST IN CHARGE,3336C0003X|3336C0004X|3336M0002X|333600000X,tier_1_primary_pharmacy,Y,Y,
1114442522,"VISTA SPECIALTY, LLC",600 METHODIST ST.,SUITE 1120,RED OAK,TX,75154,2818889403,DIRECTOR OF IMPLEMENTATION/PHARMACY,3336C0003X,tier_1_primary_pharmacy,Y,Y,
1447775820,"LAKEPOINTE PHARMACY SERVICES, LLC",600 S SHERMAN ST STE 108,,RICHARDSON,TX,750814014,4692316490,MANAGER,3336C0003X|3336C0004X|3336M0002X|3336S0011X|333600000X,tier_1_primary_pharmacy,Y,Y,
1205351574,CITY SPECIALTY PHARMACY LLC,204 WJ BOAZ RD STE 300,,SAGINAW,TX,761794396,6825939595,OWNER,3336L0003X,tier_1_primary_pharmacy,Y,Y,
1225553290,MESQUITE CARE PHARMACY INC.,1111 S IRVING HEIGHTS DR,SUITE # 120,IRVING,TX,75060,9722851444,PHARMACIST,3336C0004X|3336C0003X,tier_1_primary_pharmacy,Y,Y,
1699290577,DLB PHARMACY LLC,1801 N HAMPTON,SUITE 340,DESOTO,TX,75115,2149845230,OFFICE MANAGER,3336C0003X,tier_1_primary_pharmacy,Y,Y,
1548786395,CRYSTAL CITY PHARMACY LLC,1313 VETERANS AVE STE I,,CRYSTAL CITY,TX,788391651,8302552201,BOARD MEMBER,333600000X|3336C0003X,tier_1_primary_pharmacy,Y,Y,
1588180095,LAKEPOINTE PHARMACY INC,1005 W RALPH HALL PKWY,STE 147,ROCKWALL,TX,750326658,9727224339,PRESIDENT,333600000X|3336C0004X|3336C0003X,tier_1_primary_pharmacy,Y,Y,
1003332529,LOCAL PHARMACY NB LLC,1929 W STATE HIGHWAY 46,,NEW BRAUNFELS,TX,781325336,8302219030,"OWNER, VICE PRESIDENT,AO",3336C0004X|333600000X|3336C0003X,tier_1_primary_pharmacy,Y,Y,
1871019232,VARNI D B INC,8845 DAVIS BLVD STE 100,,KELLER,TX,762480391,8177700749,OFFICER,333600000X|3336C0003X,tier_1_primary_pharmacy,Y,Y,
1467978767,"ENTERPRISE PHARMACY NETWORK,LLC",802 TEXAS PKWY STE 2A,,STAFFORD,TX,774776400,3463042909,ADMINISTRATOR,3336C0003X,tier_1_primary_pharmacy,Y,Y,
1295251650,"LEGACY COMMUNITY HEALTH SERVICES, INC",1415 CALIFORNIA ST STE 110,,HOUSTON,TX,770062602,7136658800,SR VP PHARMACY & FINANCIAL SUPPORT,3336C0003X,tier_1_primary_pharmacy,Y,Y,
1154847515,"LEGACY COMMUNITY HEALTH SERVICES, INC",3811 LYONS AVENUE,SUITE 114,HOUSTON,TX,77020,7133667400,VICE PRESIDENT,3336C0003X,tier_1_primary_pharmacy,Y,Y,
1376069609,LIFETIME PHARMACY LLC,960 RIDGEVIEW DR,SUITE 120,ALLEN,TX,75013,2144915599,OWNER/PIC,3336C0003X,tier_1_primary_pharmacy,Y,Y,
1295251460,"H-E-B, LP",23500 BERRY PKWY,,RICHMOND,TX,77469,2812393731,GOVERNMENT PROGRAMS MANAGER,3336C0003X,tier_1_primary_pharmacy,Y,N,H-E-B
1497271589,"FASTPASS UCDFW, PLLC",2333 INTERNATIONAL PKWY,SUITE NV202A,DFW AIRPORT,TX,75261,2149971950,CEO,3336C0003X,tier_1_primary_pharmacy,Y,Y,
1497271308,CALVARY PHARMACY INC,329 N HIGHWAY 67 STE 150,,CEDAR HILL,TX,751042100,9726374324,PHARMACY MANAGER,333600000X,tier_1_primary_pharmacy,Y,Y,
1528584422,UNITED SUPERMARKETS LLC,7830 ORLANDO AVE,,LUBBOCK,TX,794231942,8067918113,RX AUDIT & COMPLIANCE SPECIALIST,3336C0003X,tier_1_primary_pharmacy,Y,Y,
1407372311,STARWOOD PHARMACY SERVICES LLC,3550 PARKWOOD BLVD STE 111,,FRISCO,TX,750341904,2146180052,MANAGING OFFICER,3336C0004X|3336S0011X|3336C0003X,tier_1_primary_pharmacy,Y,Y,
1407373186,Q3BL PHARMACY LLC,3250 CENTRAL MALL DR,,PORT ARTHUR,TX,776428037,4098531685,OWNER/MGR,3336C0003X,tier_1_primary_pharmacy,Y,Y,
1174040612,MEMORIAL HERMANN PHARMACY SERVICES LLC,21501 PARK ROW DR STE 200,,KATY,TX,774492425,2816986100,VP RISK MGMT. & LITIGATION,3336H0001X|333600000X,tier_1_primary_pharmacy,Y,Y,
1851818249,WILLIAMS DRUG COMPANY,8916 BRODIE LANE SUITE 300,,AUSTIN,TX,787487874,5123628083,OWNER/PHARMACIST,333600000X|3336C0004X|3336C0003X,tier_1_primary_pharmacy,Y,Y,
1821515271,WHITE HEART PHARMACY INC,9720 JONES RD STE 280,,HOUSTON,TX,770654772,8326888384,OWNER/PHARMACIST IN CHARGE,3336C0003X,tier_1_primary_pharmacy,Y,Y,
1780101816,ROSE CITY PHARMACY LLC,2130 W GRANDE BLVD,,TYLER,TX,757030563,9037072034,OWNER,333600000X|3336C0003X,tier_1_primary_pharmacy,Y,Y,
1619495652,HOMETOWN DRUG INC,718 W LAMPASAS ST,,ENNIS,TX,751194534,9728756798,OWNER/PIC,3336L0003X,tier_1_primary_pharmacy,Y,Y,
1437677432,DISMUKESRX LLC,511 E DAVIS ST,,LULING,TX,786482317,8308752811,MANAGING MEMBER,3336L0003X|3336C0003X,tier_1_primary_pharmacy,Y,Y,
1609394105,"EVOLUTIONARY PHARMACY SOLUTIONS, LLC",13619 INWOOD RD STE 380,,FARMERS BRANCH,TX,752444642,2148129958,CEO,3336H0001X|3336S0011X|333600000X|3336C0003X,tier_1_primary_pharmacy,Y,Y,
1114445541,SERENE PHARMACY LLC,2436 S INTERSTATE 35 E,STE 360,DENTON,TX,76205,2149034830,OWNER,333600000X|3336C0003X,tier_1_primary_pharmacy,Y,Y,
1871011031,SOCORRO FAMILY PHARMACY,10680 N LOOP DR STE AB,,SOCORRO,TX,799274613,9158575510,OWNER,3336C0003X,tier_1_primary_pharmacy,Y,Y,
1982122115,CLARENDON OUTPOST,619 W 2ND ST,,CLARENDON,TX,79226,8068745202,PHARMACIST IN CHARGE,3336L0003X,tier_1_primary_pharmacy,Y,Y,
1972022051,ROCK PHARMACY LLC,1201 S MAIN ST STE 121,,BOERNE,TX,780062839,8303575052,PRESIDENT/OWNER,3336L0003X,tier_1_primary_pharmacy,Y,Y,
1497274575,TARRANT COUNTY HOSPITAL DISTRICT,1500 S MAIN STREET,OPC-1,FORT WORTH,TX,761044917,8177023553,PRESIDENT PHARMACY SERVICES,3336S0011X,tier_1_primary_pharmacy,Y,Y,
1023537743,PRO MED RX,"5716 BELLAIRE BLDV, STE. J",,HOUSTON,TX,77081,3462045882,OFFICER,333600000X,tier_1_primary_pharmacy,Y,Y,
1962921700,"WEST OLD CORNER DRUG, INC",200 N MAIN ST,,WEST,TX,766911207,2548265122,OWNER/PHARMACIST,3336L0003X,tier_1_primary_pharmacy,Y,Y,
1891214524,TEXAS PHARMACY MANAGEMENT GROUP LLC,3716 22ND ST,,LUBBOCK,TX,794101312,8067496133,PIC,3336C0003X,tier_1_primary_pharmacy,Y,Y,
1871012476,MCNEASE DRUGS CO,103B MEDICAL PARK LN,,HUNTSVILLE,TX,773404976,9362938333,PRESIDENT,3336L0003X,tier_1_primary_pharmacy,Y,Y,
1770002370,SHARMA PEARL INC,3920 W WHEATLAND RD STE 100,,DALLAS,TX,752373457,9725729006,PIC,3336C0003X,tier_1_primary_pharmacy,Y,Y,
1801315379,DPS PHARMACY LLC,7505 FANNIN STREET,SUITE NUMBER 208,HOUSTON,TX,77054,8324911019,OWNER,3336C0003X,tier_1_primary_pharmacy,Y,Y,
1083133516,SAGS PHARMACY INC,2607 S COOPER ST STE 111,,ARLINGTON,TX,760152445,8175189279,OFFICER,3336C0003X,tier_1_primary_pharmacy,Y,Y,
1376062612,SANDSRX MCKINNEY,1717 W UNIVERSITY DR STE 412,,MCKINNEY,TX,750693220,5028020245,OWNER,3336C0003X,tier_1_primary_pharmacy,Y,Y,
1891214011,AMERICARE RX PHARMACY INC,4010 W. 15TH ST.,STE 60,PLANO,TX,75093,2486221821,PRESIDENT/DIRECTOR/OFFICER,3336C0003X,tier_1_primary_pharmacy,Y,Y,
1396254553,TARRANT COUNTY HOSPITAL DISTRICT,1500 S MAIN ST,,FORT WORTH,TX,761044917,8177023553,PRESIDENT PHARMACY SERVICES,3336C0002X,tier_1_primary_pharmacy,Y,Y,
1144739319,TARRANT COUNTY HOSPITAL DISTRICT,1500 S MAIN ST,,FORT WORTH,TX,761044917,8177023553,PRESIDENT PHARMACY SERVICES,3336M0002X,tier_1_primary_pharmacy,Y,Y,
1790294668,"PROFUSION, LLC",3200 STECK AVE STE 330,,AUSTIN,TX,787578034,5123717020,MEMBER,3336H0001X,tier_2_secondary_pharmacy,N,Y,
1619486412,SAANKHYA PHARMACY LLC,3851 S STONEBRIDGE DR STE 1100,,MCKINNEY,TX,75070,9727870100,VP,3336C0003X,tier_1_primary_pharmacy,Y,Y,
1376052159,MCKINNEY ONCOLOGY PHARMACY,4201 MEDICAL CENTER DR,SUITE 320 A,MCKINNEY,TX,750691766,4697140565,MANAGER,333600000X|3336S0011X|3336C0002X,tier_1_primary_pharmacy,Y,Y,
1912416587,BJP HEALTHCARE LLC,1724 S COLORADO ST,,LOCKHART,TX,786443937,2103333700,"OWNER, MGR, AO",333600000X|3336C0003X,tier_1_primary_pharmacy,Y,Y,
1245749514,"KIMMY PHARMACY, LLC.",7991 S DAIRY ASHFORD RD UNIT B,,HOUSTON,TX,770724631,8327818998,OWNER,3336C0003X,tier_1_primary_pharmacy,Y,Y,
1346759651,15RX PHARMACY-2 LP,11212 STATE HWY 151 PLAZA-2,SUITE 110,SAN ANTONIO,TX,782517825,2105431579,PHARMACIST,3336S0011X|3336L0003X,tier_1_primary_pharmacy,Y,Y,
1871003160,"KIMMY PHARMACY, LLC.",8205 BROADWAY ST,,HOUSTON,TX,770611201,8328507373,OWNER,3336C0003X,tier_1_primary_pharmacy,Y,Y,
1659881423,UNIVERSITY OF TEXAS SOUTHWESTERN MEDICAL CENTER AT DALLAS,600 S MAIN ST STE 1.102,,FORT WORTH,TX,761042410,8178822500,CFO,333600000X|3336C0003X,tier_1_primary_pharmacy,Y,Y,
1144730995,SCRIPTS RX PHARMACY LLC,7515 MAIN ST,,HOUSTON,TX,770304519,8884734002,PRESIDENT,3336C0003X,tier_1_primary_pharmacy,Y,Y,
1770094013,TEXAS RXSOLUTIONS AND COMPOUNDING PHARMACY,7505 FANNIN ST STE 120,,HOUSTON,TX,770541929,7137901222,PHARMACIST IN CHARGE,3336L0003X,tier_1_primary_pharmacy,Y,Y,
1598276651,"BAYLOR SCOTT & WHITE HEALTH ENTERPRISES, INC.",3800 GAYLORD PARKWAY,SUITE 110,FRISCO,TX,75034,4697641120,PRESIDENT,3336C0003X,tier_1_primary_pharmacy,Y,Y,
1487165536,RX SPRING PHARMACY,3301 LOUETTA RD,SUITE 101,SPRING,TX,77388,8328138484,OWNER,3336C0003X,tier_1_primary_pharmacy,Y,Y,
1194236182,US DRUG MART INC,1420 FABENS RD STE B,,FABENS,TX,79838,9157642739,VICE PRESIDENT,3336C0003X,tier_1_primary_pharmacy,Y,Y,
1881105724,RIDGEWOOD PHARMACY LLC,119 W KINGSLEY RD STE 122,,GARLAND,TX,750413432,4698140218,PIC/OWNER,3336C0003X,tier_1_primary_pharmacy,Y,Y,
1265944540,RCS PHARMACY,9727 SPRING GREEN BLVD STE 150A,,KATY,TX,774944141,8175720009,SENIOR MANAGER,3336C0003X,tier_1_primary_pharmacy,Y,Y,
1740792704,"BELL CARE PHARMACY GROUP, INC.",2710 S CLEAR CREEK RD APT 113,,KILLEEN,TX,765496686,2547812400,PRESIDENT,3336C0003X,tier_1_primary_pharmacy,Y,Y,
1639681315,FC PHARMACY LLC,430 S HIGHWAY 78 STE 160,,WYLIE,TX,750983974,9724327311,MANAGER,3336C0003X|3336C0004X|333600000X,tier_1_primary_pharmacy,Y,Y,
1881106599,"WESTMORELAND R&D, LLC",115 W GRAND ST,,WHITEWRIGHT,TX,754915316,2146998072,PHARMACIST,3336C0003X,tier_1_primary_pharmacy,Y,Y,
1982116505,PASADENA WECARE PHARMACY,1430 PASADENA BLVD STE X,,PASADENA,TX,775022414,8327404171,OWNER/PRESIDENT/PIC,333600000X|3336C0003X,tier_1_primary_pharmacy,Y,Y,
1972016541,ONESOURCE SPECIALTY MEDICINE LLC,8989 FOREST LN STE 138,,DALLAS,TX,752434137,4695471441,PHARMACIST-IN-CHARGE,3336S0011X|3336M0002X|333600000X|3336L0003X|3336C0004X|3336C0003X,tier_1_primary_pharmacy,Y,Y,
1669984290,"PERFECT PHARMACY, LLC",2033 W MCDERMOTT DR,STE 310,ALLEN,TX,75013,4697956213,OFFICER,3336C0003X,tier_1_primary_pharmacy,Y,Y,
1437662848,KRO ENTERPRISES LLC,6301 RICHMOND AVE,,HOUSTON,TX,770575905,8328844327,CEO,3336C0003X,tier_1_primary_pharmacy,Y,Y,
1770096281,LIFELINE RX INC.,8950 WILL CLAYTON PKWY STE K,,HUMBLE,TX,773385856,3466165598,OWNER,333600000X,tier_1_primary_pharmacy,Y,Y,
1568975910,"H-E-B, LP",4950 FM 1463,,KATY,TX,77494,3463877000,GOVERNMENT PROGRAMS MANAGER,3336C0003X,tier_1_primary_pharmacy,Y,N,H-E-B
1982117347,"H-E-B, LP",13401 I-10 EAST,,BAYTOWN,TX,77523,2814209300,GOVERNMENT PROGRAMS MANAGER,3336C0003X,tier_1_primary_pharmacy,Y,N,H-E-B
1821501016,"CRIMSON CARE PHARMACY GROUP II, LLC",1505 S BROADWAY ST,,SULPHUR SPRINGS,TX,754824921,9038852639,OFFICE MANAGER/CERTIFIED PHARMACY T,3336C0003X|3336L0003X,tier_1_primary_pharmacy,Y,Y,
1942713961,MONASAK HEALTHCARE PLLC,4502 RIVERSTONE BLVD STE 203,,MISSOURI CITY,TX,774595213,8325391852,PIC,333600000X|3336L0003X|3336C0003X,tier_1_primary_pharmacy,Y,Y,
1740793595,BRAZO PHARMACY LLC,1100 FM 1092 RD STE D,,MISSOURI CITY,TX,774591588,2816515246,OFFICE MANAGER,333600000X|3336C0003X,tier_1_primary_pharmacy,Y,Y,
1205349065,BRAZOS CARE PHARMACY LLC,990 RAYFORD RD STE 106,,SPRING,TX,77386,2817195402,OWNER,3336C0003X,tier_1_primary_pharmacy,Y,Y,
1639682461,"TRINITY RX, INC",1408 8TH ST,,WICHITA FALLS,TX,76301,9402855396,PRESIDENT/OWNER,3336H0001X,tier_1_primary_pharmacy,Y,Y,
1366956062,MEDLINE PHARMACY OF KATY LLC,3616 FRY ROAD,SUITE 220,KATY,TX,77449,8323916108,OWNER,3336C0003X,tier_1_primary_pharmacy,Y,Y,
1043724768,TJ BROTHERS PHARMACY,10910 W. BELLFORT AVE,,HOUSTON,TX,77099,3468886597,PIC,3336C0003X,tier_1_primary_pharmacy,Y,Y,
1568976165,REMINGTON PHARMACY INC.,700 S COCKRELL HILL RD STE 188,,DUNCANVILLE,TX,751372633,9722949552,PRESIDENT,333600000X,tier_1_primary_pharmacy,Y,Y,
1710491295,"ONCOLOGY PHARMACY SERVICES, INC",12221 RENFERT WAY STE 300,,AUSTIN,TX,787585453,5126145941,EXECUTIVE DIRECTOR,3336C0003X,tier_1_primary_pharmacy,Y,Y,
1205340569,ALBRIGHTON GROUP INC.,14087 PEBBLE HILLS BLVD APT 1022,,EL PASO,TX,799382674,8323748630,CEO,333600000X,tier_1_primary_pharmacy,Y,Y,
1811401904,VEMPAK GROUP LLC,13440 UNIVERSITY BLVD # 240,,SUGAR LAND,TX,774794798,2812951721,OWNER,333600000X|3336S0011X|3336C0003X,tier_1_primary_pharmacy,Y,Y,
1992219877,LEADWAY GROUP LLC,9370 W SAM HOUSTON PKWY S STE E,,HOUSTON,TX,770995224,8326648713,DIRECTOR OF PHARMACY,3336C0003X|3336C0004X|3336L0003X,tier_1_primary_pharmacy,Y,Y,
1568976421,"TRIUMPH PHARMACY SV, LLC",2255 E MOSSY OAKS RD STE 350,,SPRING,TX,773891812,2812884100,MANAGER,333600000X|3336C0004X|3336C0003X,tier_1_primary_pharmacy,Y,Y,
1972017861,SCRIPT PRO PHARMACY LLC,6260 WESTPARK DR # 314,,HOUSTON,TX,770577312,2815155165,PHARMACIST IN CHARGE,333600000X,tier_1_primary_pharmacy,Y,Y,
1356856033,"H-E-B, LP",5106 BISSONNET ST,,BELLAIRE,TX,77401,7136622000,GOVERNMENT PROGRAMS MANAGER,3336C0003X,tier_1_primary_pharmacy,Y,N,H-E-B
1043725617,EMRX LLC,4560 FM 1960 RD W STE 105,,HOUSTON,TX,770694628,2818365920,OFFICER,333600000X|3336C0003X,tier_1_primary_pharmacy,Y,Y,
1427563006,"H-E-B, LP",5251 FM 2920,,SPRING,TX,77388,2813532982,GOVERNMENT PROGRAMS MANAGER,3336C0003X,tier_1_primary_pharmacy,Y,N,H-E-B
1912412297,GLP3 PHARMACY,113 STARGRASS STE 100,,SPRING BRANCH,TX,780705165,8302142920,MANAGING MEMBER,3336C0003X,tier_1_primary_pharmacy,Y,Y,
1578078762,HEALTH ONE PHARMACY LLC,3800 MAIN ST STE 102,,THE COLONY,TX,750562838,2144692244,MANAGING MEMBER,333600000X|3336C0003X,tier_1_primary_pharmacy,Y,Y,
1578078655,ALAMO RANCH PHARMACY,5514 LONE STAR PKWY STE 103,,SAN ANTONIO,TX,78253,2104133099,PIC,333600000X|3336C0004X|3336C0003X,tier_1_primary_pharmacy,Y,Y,
1265947303,"CB HOLLOW, LLC",13331 NACOGDOCHES RD,,SAN ANTONIO,TX,78217,2108194515,MANAGING MEMBER,3336C0003X,tier_1_primary_pharmacy,Y,Y,
1881109734,NDC PHARMACY,4666 MCDERMOTT RD STE 200,,PLANO,TX,750247772,4698884672,PHARMACIST IN CHARGE,3336C0003X,tier_1_primary_pharmacy,Y,Y,
1598271017,LINEX ENTERPRISES LLC,8635 LONG POINT RD STE C,,HOUSTON,TX,770553001,7134922679,LLC MEMBER/OWNER/PHARMACIST IN CHAR,333600000X|3336C0003X,tier_1_primary_pharmacy,Y,Y,
1962918581,"DORADO RX PHARMACY,LLC",4060 FAUDREE RD STE 101,,ODESSA,TX,797658755,4326146828,MANAGING MEMBER,3336C0003X,tier_1_primary_pharmacy,Y,Y,
1760998819,RXCONSULT PLLC,7879 ARMOR LN,,FRISCO,TX,75035,4692352362,MANAGING MEMBER,333600000X,tier_1_primary_pharmacy,Y,Y,
1437665551,ONCOLOGY PHARMACY SERVICES INC.,13215 DOTSON RD STE 300,,HOUSTON,TX,770704535,8329964029,REVENUE CYCLE MANAGER,3336C0003X,tier_1_primary_pharmacy,Y,Y,
1265948301,PRIORITY SCRIPTS LLC,9018 CULEBRA RD STE 101,,SAN ANTONIO,TX,782512891,2107814101,OWNER,333600000X|3336C0003X,tier_1_primary_pharmacy,Y,Y,
1326554304,COMMUNITY OF HOUSTON PHARMACY LLC,3533 S DAIRY ASHFORD RD STE G,,HOUSTON,TX,770825536,8328909253,OWNER,333600000X,tier_1_primary_pharmacy,Y,Y,
1467968438,MERCY CARE PHARMACY INC,801 ROAD TO SIX FLAGS W,STE 122,ARLINGTON,TX,760122616,6823330003,OWNER/PRESIDENT,333600000X|3336C0003X,tier_1_primary_pharmacy,Y,Y,
1487161220,ECONOMICAL PHARMACY SERVICES LLC,4030 CULEBRA RD STE 101,,SAN ANTONIO,TX,782285893,8305842180,OWNER,333600000X|3336C0003X,tier_1_primary_pharmacy,Y,Y,
1699282327,VALLEY CANCER ASSOCIATES PA,1719 TREASURE HILLS BLVD STE A,,HARLINGEN,TX,785508912,9562124388,PRESIDENT,3336C0003X,tier_1_primary_pharmacy,Y,Y,
1902313463,IV RX INC,10119 BROADWAY ST,,SAN ANTONIO,TX,782174420,2103103060,PRESIDENT/OWNER,333600000X|3336C0003X,tier_2_secondary_pharmacy,N,Y,
1376050674,AMN PHARMACY LLC,5520 LBJ FWY STE 200,,DALLAS,TX,752406381,9722322326,"PHCY DIR, AO",333600000X|3336C0003X,tier_1_primary_pharmacy,Y,Y,
1902313166,BUY-RITE DRUGS PHARMACY,1201 HEWITT DR STE 212A,,WACO,TX,767128834,8884639765,OFFICER,3336C0003X,tier_1_primary_pharmacy,Y,Y,
1356858468,ADRIANA POP-MOODY MD CLINIC PA,613 ELIZABETH ST STE 703A,,CORPUS CHRISTI,TX,784042220,3618850010,ADMINISTRATOR,333600000X|3336C0003X,tier_1_primary_pharmacy,Y,Y,
1336657220,WESTEX PHARMACY LLC,601 E 7TH ST,,ODESSA,TX,797614509,4322992995,OWNER,333600000X|3336C0003X,tier_1_primary_pharmacy,Y,Y,
1952819724,"NEXTCARE PHARMACY, LLC",10021 MAIN ST STE B-2A,,HOUSTON,TX,77025,7134922088,PHARMACIST,333600000X|3336C0003X,tier_1_primary_pharmacy,Y,Y,
1285142885,MAXOR NATIONAL PHARMACY SERVICES LLC,416 S TYLER ST,,AMARILLO,TX,791012346,8063245500,"PRESIDENT, PHARMACY SERVICES",333600000X|3336M0002X,tier_1_primary_pharmacy,Y,Y,
1659889160,PHARM HOUSE CARRIZO SPRINGS LLC,3531 TOWN CENTER BLVD S STE 103,,SUGAR LAND,TX,774792591,8328762516,COMPLIANCE OFFICER,333600000X|3336C0003X,tier_1_primary_pharmacy,Y,Y,
1548778053,"PHARM HOUSE CRYSTAL CITY, LLC",6415 BANDERA RD,,SAN ANTONIO,TX,782381512,2107751419,COMPLIANCE OFFICER,3336C0003X,tier_1_primary_pharmacy,Y,Y,
1598273989,"KK & SS HEALTHCARE INVESTMENTS, LLC",417 US 277 N,,SONORA,TX,76950,3253872541,OWNER,3336C0003X,tier_1_primary_pharmacy,Y,Y,
1811405210,"MTM PHARMACY, LLC",18918 FM 529 RD UNIT 5,,CYPRESS,TX,774333373,5048585733,OWNER,3336C0003X,tier_1_primary_pharmacy,Y,Y,
1396253621,WOODFOREST PHARMACY LLC,404 RIVER POINTE DR STE 101,,CONROE,TX,773042836,8322970017,PRESIDENT,3336C0003X,tier_1_primary_pharmacy,Y,Y,
1477061711,MEMORIAL HERMANN PHARMACY SERVICES LLC,27700 NORTHWEST FWY STE 150,,CYPRESS,TX,774336767,3462316971,VP- RISK MGMT. & LITIGATION,3336C0003X,tier_1_primary_pharmacy,Y,Y,
1235637406,"ELITE PHARMACY SERVICES, LLC",7125 W FUQUA DR,,MISSOURI CITY,TX,774892451,2812726165,CORPORATE OFFICER,3336C0003X,tier_1_primary_pharmacy,Y,Y,
1528566502,C D PHARMACIES INC,3211 ROBINSON DR,,WACO,TX,767064409,2546620774,PRESIDENT,3336L0003X,tier_1_primary_pharmacy,Y,Y,
1134627938,MIRACLE PHARMACY INC.,15825 BELLAIRE BLVD STE E,,HOUSTON,TX,770832353,2818095707,OFFICER,3336C0003X,tier_1_primary_pharmacy,Y,Y,
1043718851,JVN CREATIVE CARE INC.,707 MEYER ST,,SEALY,TX,774742715,9792563045,ADMIN,3336L0003X,tier_1_primary_pharmacy,Y,Y,
1548768187,ASHFORD PHARMACY INC.,3751 S DAIRY ASHFORD RD # 102,,HOUSTON,TX,77082,8322436127,OFFICER/PIC,3336C0003X,tier_1_primary_pharmacy,Y,Y,
1184122749,59TH MDW-WHASC-LACKLAND,25615 NORTH 281,SUITE 215,SAN ANTONIO,TX,78258,2102927970,CHIEF OF THE PASS,333600000X,tier_2_secondary_pharmacy,N,Y,
1659879997,"LAMAR PLAZA DRUG STORE LA&B, LLC",1509 S LAMAR BLVD STE 550,,AUSTIN,TX,787042988,5124426777,"CO-OWNER, PHAMD",3336L0003X,tier_1_primary_pharmacy,Y,Y,
1588162960,"KAKS HEALTHCARE, LLC",110 E TRAVIS ST,,LA GRANGE,TX,789452615,9799685835,OWNER,333600000X|3336C0003X,tier_1_primary_pharmacy,Y,Y,
1750889002,LIBERTY DRUGS LLC,2411 WILLIAMS DR STE 3,,GEORGETOWN,TX,786283261,5128200101,MANAGING MEMBER,333600000X|3336C0003X,tier_1_primary_pharmacy,Y,Y,
1407354707,NCC PLLC,2620 E CROSSTIMBERS ST STE 145,,HOUSTON,TX,770938629,2815012228,OWNER,3336C0003X,tier_1_primary_pharmacy,Y,Y,
1265930564,"DRIPPING SPRINGS PHARMACY LA&B, LLC",100 COMMONS RD STE 1,,DRIPPING SPRINGS,TX,786203966,5128587935,"CO-OWNER, PHAMD",3336L0003X,tier_1_primary_pharmacy,Y,Y,
1881192185,"PHARM HOUSE NEEDVILLE, LLC.",13400 HIGHWAY 36 STE 118B,,NEEDVILLE,TX,774618487,9797935534,DELEGATED OFFICIAL,3336C0003X,tier_1_primary_pharmacy,Y,Y,
1245739408,"MEMORIAL HERMANN PHARMACY SERVICES, LLC",21501 PARK ROW DR STE 210,,KATY,TX,77449,2816986175,VP - RISK MGMT. & LITIGATION,333600000X|3336C0004X|3336H0001X,tier_1_primary_pharmacy,Y,Y,
1225537426,SNG PHARMACY INC.,15115 WESTHEIMER RD STE R,,HOUSTON,TX,770821666,2814165734,DIRECTOR,333600000X|3336C0003X,tier_1_primary_pharmacy,Y,Y,
1518466713,HK COMPLETE HEALTH INC,1900 W EVERMAN PKWY STE 120,,FORT WORTH,TX,761344326,8177206888,PHARMACY MANAGER,3336C0003X,tier_1_primary_pharmacy,Y,Y,
1497254544,"KAK HEALTHCARE, LLC",485 S ROBB ST.,STE B,TRINITY,TX,75862,9365943593,OWNER,333600000X|3336C0003X,tier_1_primary_pharmacy,Y,Y,
1477052371,FIBI PHARMACY LLC,1411 N CUSTER RD STE 600,,MCKINNEY,TX,750713287,5178981866,OWNER,3336C0003X,tier_1_primary_pharmacy,Y,Y,
1275032948,TRIFECTA PHARMACY LLC,9303 PINECROFT STE 300,,THE WOODLANDS,TX,77380,2814462952,OFFICER,333600000X|3336C0003X,tier_1_primary_pharmacy,Y,Y,
1861992299,"ARIA PHARMACY, LLC",17819 STUEBNER AIRLINE RD STE K,,SPRING,TX,773795419,8329532929,CEO,333600000X|3336C0004X|3336C0003X,tier_1_primary_pharmacy,Y,Y,
1639679079,JAI JAGANNATH INC,3635 N BELT LINE RD STE 100,,SUNNYVALE,TX,751829235,9722900341,PRESIDENT,3336C0003X,tier_1_primary_pharmacy,Y,Y,
1881193282,FOTOK ENTERPRISES,701 S STEMMONS FWY STE 230,,LEWISVILLE,TX,750674519,4697713151,OWNER/PHARMACIST,333600000X|3336C0003X,tier_1_primary_pharmacy,Y,Y,
1033619416,"TEXAS SUPERIOR CARE RX, LLC",111 EAST 5TH STREET,,MCCAMEY,TX,79752,4326524220,MANAGING OFFICER,333600000X|3336C0003X,tier_1_primary_pharmacy,Y,Y,
1942700323,BROOKSHIRE BROTHERS INC,5249 FRANZ RD,,KATY,TX,774931756,2813917051,PRESIDENT-CEO,3336C0003X,tier_1_primary_pharmacy,Y,Y,
1982104378,POWERHOUSE PHARMACY RX LLC,4740 W MOCKINGBIRD LN STE 100B,,DALLAS,TX,752095208,2143502900,OWNER,3336C0004X|3336L0003X|3336C0003X|3336S0011X,tier_2_secondary_pharmacy,N,Y,
1174023493,PRISTINERX CONSULTING LLC,12046 GIDDINGS DR,,FRISCO,TX,750358874,2144008688,OWNER,3336C0002X,tier_1_primary_pharmacy,Y,Y,
1952801128,RENEW HYDRATION LLC,2601 W MOCKINGBIRD LN STE 100,,DALLAS,TX,752355630,4699179166,CEO,3336H0001X,tier_2_secondary_pharmacy,N,Y,
1427558386,AGP PHARMACY LLC,701 COMMERCE ST,,SILVERTON,TX,792572565,8068232109,OWNER/MANAGER,333600000X|3336C0003X,tier_1_primary_pharmacy,Y,Y,
1467952150,"INFUSION SERVICES OF TEXAS, LLC",7213 RED HAWK CT,,FORT WORTH,TX,76132,8324095331,OFFICER,3336H0001X,tier_1_primary_pharmacy,Y,Y,
1639679319,RANDALL LEGACY INC,8825 BEE CAVES RD STE A,,AUSTIN,TX,787464720,5125981640,PRESIDENT,3336C0003X,tier_1_primary_pharmacy,Y,Y,
1902307424,SASHA RAMIK LLC,3044 OLD DENTON RD STE 305,,CARROLLTON,TX,750075017,9728100078,PHARMACY MANAGER / OWNER,333600000X|3336C0003X,tier_1_primary_pharmacy,Y,Y,
1114428281,SAFERX LLC,4321 N BELT LINE RD STE 500B,,MESQUITE,TX,751508247,9727611970,PIC,3336M0002X|3336C0003X,tier_1_primary_pharmacy,Y,Y,
1033610696,BORDER RIVER INCORPORATED,5326 E US HIGHWAY 83 STE A,,RIO GRANDE CITY,TX,785829409,9563171112,PHARMACY MANAGER,3336C0004X|333600000X|3336C0003X,tier_1_primary_pharmacy,Y,Y,
1255832929,MSP RX LLC,501 E HIGHWAY ST STE 100,,FREDERICKSBURG,TX,786245101,8303079390,OWNER/ MANAGER,3336C0003X|333600000X,tier_1_primary_pharmacy,Y,Y,
1659873214,"HOUSTON LIFE VENTURES, LLC",12865 CAPRICORN ST,,STAFFORD,TX,77477,2812012805,PHARMACIST,3336H0001X,tier_1_primary_pharmacy,Y,Y,
1295237543,"SOCIETY OF ST. VINCENT DE PAUL CHARITABLE PHARMACY OF NORTH TEXAS, INC",5750 PINELAND DR,,DALLAS,TX,752315300,4692329902,PHARMACY MANAGING DIRECTOR,3336C0003X,tier_1_primary_pharmacy,Y,Y,
1487156741,J & C RX LLC,11301 FALLBROOK #124,,HOUSTON,TX,77065,8328046605,MEMBER,333600000X|3336C0003X,tier_1_primary_pharmacy,Y,Y,
1912409954,"H-E-B, LP",11675 FM 2154,,COLLEGE STATION,TX,77845,9794858111,GOVERNMENT PROGRAMS MANAGER,3336C0003X,tier_1_primary_pharmacy,Y,N,H-E-B
1790287647,LENEXA PHARMACY LLC,412 VILLAGE DR STE 100A,,MURPHY,TX,750944631,9724230135,OFFICER,3336C0003X,tier_1_primary_pharmacy,Y,Y,
1033611801,PRANAMI LLC,2532 FONDREN RD,,HOUSTON,TX,770632308,7137826212,MANAGER,3336C0003X|3336C0004X|333600000X,tier_1_primary_pharmacy,Y,Y,
1336641133,KING VENTURE PLLC,100 TRICE ST,,CLAUDE,TX,79019,8067314825,OWNER/PHARMACIST,333600000X|3336C0003X,tier_1_primary_pharmacy,Y,Y,
1821590761,HARRY RX LLC,2809 STATE HIGHWAY 66 E STE A,,CADDO MILLS,TX,751356234,3057812454,PIC,3336C0003X,tier_1_primary_pharmacy,Y,Y,
1619479557,TXPHARMACISTS LLC,3600 CONFLANS RD # 210,,IRVING,TX,750616324,4693404030,PIC,3336C0003X,tier_1_primary_pharmacy,Y,Y,
1043712706,LAMPASAS DRUG COMPANY LTD,202 N KEY AVE,,LAMPASAS,TX,765501843,5125565141,OWNER/PHARMACIST,3336C0003X,tier_1_primary_pharmacy,Y,Y,
1912400243,PHARM HOUSE DRUG-LAVERNIA LLC,13857 US HIGHWAY 87 W,SUITE 100,LA VERNIA,TX,781215919,8307792219,OWNER/MEMBER,333600000X|3336C0003X,tier_1_primary_pharmacy,Y,Y,
1710480983,LLJ PHARMACY,13420 TOMBALL PKWY STE K,,HOUSTON,TX,77086,2818098305,PIC/OWNER,3336C0003X,tier_1_primary_pharmacy,Y,Y,
1184127102,"SNYDER PARTNERS, LLC",4000 WESLEY ST STE G,,GREENVILLE,TX,754019015,2143794286,OFFICER,3336C0003X,tier_1_primary_pharmacy,Y,Y,
1659874717,PINEKNOLL PHARMACY LLC,3106 MCKINNEY ST,,MELISSA,TX,754549742,9727678669,MANAGER,3336C0003X,tier_1_primary_pharmacy,Y,Y,
1184128258,PHARMACY DELIVERY,333 N SHILOH RD,STE 109,GARLAND,TX,750426680,4695736336,MANAGER,3336C0003X,tier_1_primary_pharmacy,Y,Y,
1902301724,RYAN PHARMA INC,328 E PIPELINE RD,,HURST,TX,760535831,8174943603,OWNER/PHARMACIST IN CHARGE,3336C0003X,tier_1_primary_pharmacy,Y,Y,
1306341128,"MATLOCK VILLAGE FAMILY PHARMACY, PLLC",6201 MATLOCK RD STE 125,,ARLINGTON,TX,760022763,8175385534,PIC,333600000X,tier_1_primary_pharmacy,Y,Y,
1285139030,COFFEE RX LLC,106 S MAYS ST STE 100,,ROUND ROCK,TX,78664,5122381146,PHARMACIST IN CHARGE/AO,333600000X|3336C0003X,tier_1_primary_pharmacy,Y,Y,
1104321371,THE KG GROUP LLC,11710 BROADWAY ST STE 120,,PEARLAND,TX,775844046,8326178080,OWNER,333600000X|3336C0003X,tier_1_primary_pharmacy,Y,Y,
1205331311,SRR HEALTHCARE INC,1210 E PARKER RD STE 120,,PLANO,TX,750745376,4699690090,OWNERR,333600000X|3336C0003X,tier_1_primary_pharmacy,Y,Y,
1245736297,NO 3 AFFORDABLE PHARMACY LLC,214 W AHLDAG ST,,WHARTON,TX,774882410,9792822201,OWNER/MANAGING OFFICER,333600000X|3336C0002X|3336C0003X,tier_1_primary_pharmacy,Y,Y,
1326544131,TEXAS BEST PHARMACY LLC,1919 ROGERS RD STE 103,,SAN ANTONIO,TX,782514775,2103148018,ADMINISTRATOR,333600000X|3336C0003X,tier_1_primary_pharmacy,Y,Y,
1235635046,GALACTICAL COMMERCIAL LLC,2651 E BROAD ST STE 101,,MANSFIELD,TX,760633899,8175023777,PIC,333600000X|3336C0004X|3336C0003X,tier_1_primary_pharmacy,Y,Y,
1285130344,"ALLEN RX, LLC.",1908 CENTRAL DR STE C,,BEDFORD,TX,760215822,8179641865,MANAGER,3336C0003X|333600000X,tier_1_primary_pharmacy,Y,Y,
1225534423,POPULAR RX LLC,1118 S HIGHWAY 281 BUSINESS,,FALFURRIAS,TX,78355,3613233784,OWNER,3336C0003X|333600000X,tier_1_primary_pharmacy,Y,Y,
1134626278,TANK CHESTERFIELD LLC,102 N SHILOH RD STE 305,,GARLAND,TX,750426695,9722720840,PIC,333600000X,tier_1_primary_pharmacy,Y,Y,
1275030389,MEDLOGS INC.,2121 W PARMER LN STE 103C,#103C,AUSTIN,TX,787274351,5128140720,PHARMACIST-IN-CHARGE,3336C0003X,tier_1_primary_pharmacy,Y,Y,
1124525027,"ECOTOA INVESTMENTS,INC.",1100 FM 1092 RD STE D,,MISSOURI CITY,TX,774591588,7138478989,OWNER,333600000X|3336C0003X,tier_1_primary_pharmacy,Y,Y,
1134626997,PERSONALMED,10370 RICHMOND AVE STE 230,,HOUSTON,TX,770424141,2817763854,PHARMACY NETWORK MANAGER,3336C0003X|3336C0004X|333600000X,tier_1_primary_pharmacy,Y,Y,
1881191534,STE. F,13630 VETERANS MEMORIAL DR STE F,,HOUSTON,TX,770141054,2817817436,OWNER,333600000X|3336C0003X,tier_1_primary_pharmacy,Y,Y,
1487151007,MERMAID WALKING INC,409 STATE HWY 495,,SAN JUAN,TX,78596,9566010140,PRESIDENT,333600000X|3336C0003X,tier_1_primary_pharmacy,Y,Y,
1164929675,S&S PHARMACY LLC,14144 WESTHEIMER RD STE 100,,HOUSTON,TX,770775366,2816177357,OWNER,333600000X,tier_1_primary_pharmacy,Y,Y,
1053818344,"TEXAS DIGESTIVE DISEASE CONSULTANTS, PLLC",6317 HARRIS PKWY,SUITE 320,FORT WORTH,TX,761324256,6827073760,MANAGING OFFICER,333600000X|3336S0011X|3336C0003X,tier_1_primary_pharmacy,Y,Y,
1881181980,MISSOURI CITY PHARMACY LLC,1531 HIGHWAY 90 A STE 200,,MISSOURI CITY,TX,774891226,2813934040,OWNER,3336C0003X,tier_1_primary_pharmacy,Y,Y,
1982191912,APN PHARMACY LLC,105 N SAN JACINTO AVE,,CLEVELAND,TX,77327,8324805054,MEMBER,333600000X,tier_1_primary_pharmacy,Y,Y,
1649767633,K&K PHARMACY INC.,1411 W AMERICAN BLVD,,MULESHOE,TX,793473123,8062727511,OWNER / PHARMACIST,333600000X|3336L0003X,tier_1_primary_pharmacy,Y,Y,
1952898934,MTM PHARMACY LLC,18918 FM 529 RD STE 5,,CYPRESS,TX,774335349,2816568671,OWNER,333600000X|3336C0003X,tier_1_primary_pharmacy,Y,Y,
1659868461,BELLE ISLE HEALTHCARE LLC,2117 CENTRAL DR STE 103,,BEDFORD,TX,760215883,8179529947,MANAGER,333600000X|3336C0003X,tier_1_primary_pharmacy,Y,Y,
1225525041,CROSBY PHARMACY AND WELLNESS,15010 FM 2100 RD STE 210B1,,CROSBY,TX,775329132,2814627092,PHARMACY MANAGER,3336C0003X,tier_1_primary_pharmacy,Y,Y,
1194212860,ZARZAMORA HEALTHCARE LLC,6800 W IH 10 # 200A,,SAN ANTONIO,TX,78201,2109820991,DIRECTOR,333600000X|3336S0011X|3336C0003X,tier_1_primary_pharmacy,Y,Y,
1457848004,"HILLCREST PHARMACY, LLC",3065 N JOSEY LN STE 60,,CARROLLTON,TX,750075348,9723944456,MANAGING MEMBER/CEO,3336C0003X,tier_1_primary_pharmacy,Y,Y,
1518454156,MISSOURI CITY PHARMACY LLC,1531 HIGHWAY 90 A,SUITE - 200,MISSOURI CITY,TX,774891226,2813934040,OFFICER,333600000X|3336C0003X,tier_1_primary_pharmacy,Y,Y,
1962999425,ASPEN RX LLC,1908 CENTRAL DR STE C,,BEDFORD,TX,760215822,8178641855,MANAGER,333600000X|3336C0003X,tier_1_primary_pharmacy,Y,Y,
1942798095,LUCK ENTERPRISES LLC,1228 BANDERA HWY,,KERRVILLE,TX,780289640,8302570732,PIC,3336C0004X,tier_1_primary_pharmacy,Y,Y,
1508354598,SILVERLINE PARTNERS OF TEXAS LLC,3232 GREAT TRINITY FOREST WAY STE 103,,DALLAS,TX,752167732,4695472222,PHARMACIST,3336C0003X,tier_1_primary_pharmacy,Y,Y,
1841788874,MEDI BROTHERS LLC,9820 GULF FWY STE A10,,HOUSTON,TX,770341057,2812726503,MANAGER,333600000X|3336C0003X,tier_1_primary_pharmacy,Y,Y,
1447748355,CARVAJALS INC,4212 E SOUTHCROSS BLVD,,SAN ANTONIO,TX,782223735,2109771852,ADMIN ASSISTANT,333600000X|3336C0003X,tier_1_primary_pharmacy,Y,Y,
1881182673,NALZ CORPORATION,5420 DASHWOOD DR STE 201,,HOUSTON,TX,770815332,3464065095,MANAGER,3336C0003X,tier_1_primary_pharmacy,Y,Y,
1053809905,ROGERS PHARMACY #5,8621 N NAVARRO ST,,VICTORIA,TX,779042603,3615731888,OWNER,333600000X|3336L0003X,tier_1_primary_pharmacy,Y,Y,
1831687508,THEIA PHARMACY,12450 EAST FWY STE 110,,HOUSTON,TX,770155527,7135044511,PHARMACIST,333600000X|3336C0003X,tier_1_primary_pharmacy,Y,Y,
1275021818,LAKEWAY PHARMACY LLC,3500 RANCH ROAD 620 S,SUITE A-100,BEE CAVE,TX,787387153,5125025161,PHARMACIST IN CHARGE,3336C0004X|333600000X|3336C0003X,tier_1_primary_pharmacy,Y,Y,
1770072159,RXJVS PRO,5804 COIT RD STE 100,,PLANO,TX,750235955,4699312253,OWNER,333600000X|3336C0004X|3336C0003X,tier_1_primary_pharmacy,Y,Y,
1568951978,SRXPTX1 LLC,2000 N PLANO RD,SUITE 113,RICHARDSON,TX,75082,2147929682,OFFICER,3336C0003X,tier_1_primary_pharmacy,Y,Y,
1073002127,"MEGAN INTERNATIONAL, INC",1017 FAIRMONT PKWY,,PASADENA,TX,775042903,7139479696,PRESIDENT,333600000X|3336C0002X|3336C0003X,tier_1_primary_pharmacy,Y,Y,
1649769803,ZARINA PHARMACY INC,3425 HIGHWAY 6,SUITE 110 B,SUGAR LAND,TX,774784512,9727689352,OWNER,333600000X|3336C0004X|3336C0003X,tier_1_primary_pharmacy,Y,Y,
1518456417,CHEMIST LABORATORY LLC,3944 RANCH ROAD 620S,BLDG 6,BEE CAVE,TX,78738,1512351913,TECHNICIAN,3336C0003X,tier_1_primary_pharmacy,Y,Y,
1922597731,TACORI INC,1315 ST JOSEPH PKWY STE 100,,HOUSTON,TX,770028229,7135895786,PIC,3336C0003X,tier_1_primary_pharmacy,Y,Y,
1578052312,"PREMIUM PHARMA, LLC",1 FM 3351 S STE 115,,BOERNE,TX,78006,8303362882,VP OF OPERATIONS,333600000X|3336C0003X,tier_1_primary_pharmacy,Y,Y,
1407345143,"CHEMIST LABORATORY, LLC",3944 RANCH ROAD 620 S BLDG 6,,AUSTIN,TX,787386301,5123519139,PHARMACY TEAMS COORDINATOR,333600000X|3336C0004X|3336C0003X,tier_1_primary_pharmacy,Y,Y,
1770072415,"CROSBY PHARMACY & WELLNESS, LLC",18446 TX - 105 STE D,,MONTGOMERY,TX,77356,2814627092,OFFICER/PHARMACY MANAGER,3336C0003X,tier_1_primary_pharmacy,Y,Y,
1154810760,DOUGHERTYS PHARMACY LEGACY LLC,6501 LEGACY DR STE P,,PLANO,TX,750243612,2148841929,DIRECTOR OF PHARMACY OPERATIONS,333600000X|3336S0011X|3336C0003X,tier_1_primary_pharmacy,Y,Y,
1134618648,A-CLASS PARK PLACE PHARMACY LLC,1001 12TH AVE STE 156,,FORT WORTH,TX,761043929,8178629110,CORPORATE OFFICER,333600000X,tier_1_primary_pharmacy,Y,Y,
1093205528,RELIEF MED PHARMACY LLC,310 E DAVIS ST,STE 100,CONROE,TX,773012910,9367035389,OWNER,333600000X|3336C0003X,tier_1_primary_pharmacy,Y,Y,
1225528672,TIMBERWOOD RX LLC,5563 DEZAVALA RD STE 180,,SAN ANTONIO,TX,78249,2104044538,PIC,3336C0003X,tier_1_primary_pharmacy,Y,Y,
1508356908,HEALTHY LIFE PROFESSIONAL PHARMACY,11226 SOUTHWEST FWY,,HOUSTON,TX,77031,2814951980,OWNER,3336C0003X,tier_1_primary_pharmacy,Y,Y,
1639669005,CC PHARMACY 3 LLC,3000 JOE DIMAGGIO BLVD STE 57,,ROUND ROCK,TX,786653996,7372024101,PHARMACIST,333600000X|3336C0003X,tier_1_primary_pharmacy,Y,Y,
1578053591,"CORPUS CHRISTI UROLOGY GROUP, PLLC",601 TEXAN TRL STE 100A,,CORPUS CHRISTI,TX,784112548,3615614140,PARTNER,3336C0002X,tier_1_primary_pharmacy,Y,Y,
1669962569,ST. LUKE PHARMACY INC.,2920 OAK LAWN AVE,,DALLAS,TX,752194131,2149359092,PRESIDENT,3336C0004X|3336H0001X|3336S0011X|3336C0003X,tier_1_primary_pharmacy,Y,Y,
1952891814,"UNIVERSAL HEALTHCARE NETWORK, LLC",2503 S MAIN ST STE O,,STAFFORD,TX,77477,2819697899,CORPORATE OFFICER,3336C0003X,tier_1_primary_pharmacy,Y,Y,
1376033274,LOVE OAK LLC,805 W MAIN ST,,EASTLAND,TX,764482536,2546291791,MANAGING MEMBER,333600000X|3336L0003X,tier_1_primary_pharmacy,Y,Y,
1043700727,HOSPICE OF WICHITA FALLS PHARMACY,4909 JOHNSON RD,SUITE B102 PHARMACY,WICHITA FALLS,TX,763102547,9406878625,PHARMACIST,333600000X|3336S0011X,tier_1_primary_pharmacy,Y,Y,
1942790530,"THE OTHER GUYS PHARMACY, INC.",1116 E 8TH ST STE 1,,WESLACO,TX,785967288,9564053232,PHARMD,333600000X|3336C0004X|3336C0003X,tier_1_primary_pharmacy,Y,Y,
1497246060,"MEKASON PHARMACY , INC",3205 W CUTHBERT AVE STE A5,,MIDLAND,TX,797015594,4322620135,PHARMACIST IN CHARGE,3336C0003X,tier_1_primary_pharmacy,Y,Y,
1801387246,"CURE PARTNERS, LLC",1900 E PIONEER PKWY STE 200,,ARLINGTON,TX,760106819,6827171166,MANAGER,333600000X|3336C0003X,tier_1_primary_pharmacy,Y,Y,
1598256760,JASH HEALTHCARE LLC,1445 SW MILITARY DR,,SAN ANTONIO,TX,782211539,2103333700,OFFICER,333600000X|3336C0003X,tier_1_primary_pharmacy,Y,Y,
1205328937,SEGUIN PHARMACY LLC,637 W COURT ST,STE 100,SEGUIN,TX,781555705,8304334820,OWNER/PHARMACIST IN CHARGE,333600000X|3336C0003X,tier_1_primary_pharmacy,Y,Y,
1619469350,UR DIRECT RX,13515 SOTHWEST FWY,201,SUGAR LAND,TX,77478,2819037236,MANAGING OFFICER,3336C0003X,tier_1_primary_pharmacy,Y,Y,
1407348196,"KENWOOD OPERATIONS, LLC",3821 COLEMANS RUN,,CONVERSE,TX,781093834,2106652544,OWNER / PRESIDENT & CEO,3336M0002X,tier_2_secondary_pharmacy,N,Y,
1316439748,AMBIKA PHARMACY LLC,2300 MATLOCK RD STE 37,,MANSFIELD,TX,760635018,6824224421,MANAGER,3336C0003X|333600000X,tier_1_primary_pharmacy,Y,Y,
1265924344,PARADIGM 7 PHARMACY PLLC,12154 ALMEDA RD,,HOUSTON,TX,77045,7133607993,OWNER,3336C0003X,tier_1_primary_pharmacy,Y,Y,
1932691847,AMERRX PHARMACEUTICALS INCORPORATED,5003 ANTOINE DR STE A,,HOUSTON,TX,770923348,7132908800,PRESIDENT /CEO,333600000X|3336C0003X,tier_1_primary_pharmacy,Y,Y,
1942793591,"QLTC PHARMACY SOLUTIONS, LLC",4285 CHANDLER HWY,,TYLER,TX,757027604,9036309250,PRESIDENT,3336L0003X,tier_1_primary_pharmacy,Y,Y,
1932692571,BSA HARRINGTON PHYSICIANS INC,1751 WALLACE BLVD STE B,,AMARILLO,TX,791061711,8062124673,EVP GENERAL COUNSEL,3336S0011X,tier_1_primary_pharmacy,Y,Y,
1063905545,IKARE PHARMACY SW LLC,8401 DATAPOINT DR STE 100,,SAN ANTONIO,TX,782295382,8448660101,OFFICER,333600000X|3336C0003X,tier_1_primary_pharmacy,Y,Y,
1316431794,REMCARE PHARMACY INC,306 E RANDOL MILL RD STE 500,,ARLINGTON,TX,760111409,8174229635,PRESIDENT,333600000X,tier_1_primary_pharmacy,Y,Y,
1306330543,BESTRX PHARMACY INC,4045 E BELKNAP ST STE 10,,HALTOM CITY,TX,761116637,6827079400,PRESIDENT/CEO,333600000X|3336C0003X,tier_1_primary_pharmacy,Y,Y,
1447744545,RISING STAR GROUP LLC,279 W MAIN ST STE 128,,FRISCO,TX,75034,4697311204,OFFICER,333600000X,tier_1_primary_pharmacy,Y,Y,
1871087965,WEST OAK PHARMACY INC,2401 W OAK ST STE 101,,DENTON,TX,762012380,9403125943,OWNER,333600000X,tier_1_primary_pharmacy,Y,Y,
1154815256,"SURE-RX PHARMACY, LLC",816 FRANKLIN ST STE A,,ANTHONY,TX,798217185,9158867222,OWNER,3336C0003X,tier_1_primary_pharmacy,Y,Y,
1215421227,RANDAL RIVERSIDE CORPORATION,3360 MATLOCK RD # 100,,ARLINGTON,TX,760152907,8175573900,OWNER,3336M0002X,tier_1_primary_pharmacy,Y,Y,
1336634385,"SPRING BRANCH PHARMACY, LLC",18830 FORTY SIX PARKWAY,"BLDG 1, STE A",SPRING BRANCH,TX,780707093,8308857770,OWNER,3336C0004X|3336C0003X,tier_1_primary_pharmacy,Y,Y,
1114412624,"SATEX HEALTH, LLC",8083 CALLAGHAN RD,,SAN ANTONIO,TX,782304718,2109260980,OWNER,3336C0003X,tier_1_primary_pharmacy,Y,Y,
1881189157,"SUNSET APOTHECARY, LLC","1506 S SUNSET AVENUE, STE A2",,LITTLEFIELD,TX,793394899,8063854491,OWNER/MANAGER,3336L0003X,tier_1_primary_pharmacy,Y,Y,
1821584764,RANDAL RIVERSIDE CORPORATION,3360 MATLOCK RD,,ARLINGTON,TX,760152907,8175573900,OFFICER,3336M0002X,tier_1_primary_pharmacy,Y,Y,
1053807339,BAYBROOK PHARMACY LLC,814 HONEA EGYPT RD STE 106,,MAGNOLIA,TX,773543864,7133855137,MANAGER,3336C0003X,tier_1_primary_pharmacy,Y,Y,
1376039594,PARIS APOTHECARY LTC,707 LAMAR AVE STE G,,PARIS,TX,754604460,9034919381,MEMBER,3336L0003X,tier_1_primary_pharmacy,Y,Y,
1770069973,EXPRESS PHARMACY 4 LESS,230 W PARKER RD # 210-B,,PLANO,TX,750752352,4697821646,PIC,333600000X,tier_1_primary_pharmacy,Y,Y,
1497231328,BRANDY PHARMACY CORP,910 N GALLOWAY AVE STE 102-A,,MESQUITE,TX,751492409,9729928205,PHARMACIST/OWNER,333600000X,tier_1_primary_pharmacy,Y,Y,
1194201178,"LYNN'S LA VEGA PHARMACY, INC",2401 E WACO DR,,WACO,TX,767053259,2547994949,PRESIDENT,3336L0003X,tier_1_primary_pharmacy,Y,Y,
1336625086,HUMBLE RX LLC,308 W LARISSA ST,,JACKSONVILLE,TX,757662319,8326614862,PHARMACY OWNER,3336C0003X,tier_1_primary_pharmacy,Y,Y,
1548746274,"PRIME CHOICE PHARMACY, LLC",15510 LEXINGTON BLVD STE B,,SUGAR LAND,TX,774784173,2815335034,MANAGING AGENT,333600000X,tier_1_primary_pharmacy,Y,Y,
1902382476,A U CONSULTANT LLC,502 HIGHWAY 3 N STE D,,LEAGUE CITY,TX,775732191,6092463880,MANAGER,3336C0003X,tier_1_primary_pharmacy,Y,Y,
1588140131,ALLIANCE PHARMACY LLC,9601 N BEACH ST STE 105,,FORT WORTH,TX,762446432,4092939399,MANAGER,3336C0003X,tier_1_primary_pharmacy,Y,Y,
1366928780,"JC MILLENNIUM ENTERPRISES, LLC",4926 COLUMBIA AVE,,DALLAS,TX,752145506,8174080417,STAFF PHARMACIST,3336L0003X,tier_1_primary_pharmacy,Y,Y,
1033695457,SWEETWATER PHARMACY PLLC,15200 SOUTHWEST FRWY STE 130A,,SUGAR LAND,TX,774783863,2813130090,OWNER,333600000X,tier_1_primary_pharmacy,Y,Y,
1639655996,TOPAK PHARMACEUTICAL INC,12315 BELLAIRE BLVD STE 700,,HOUSTON,TX,770722557,2817413506,PRESIDENT,3336L0003X|3336C0003X,tier_1_primary_pharmacy,Y,Y,
1346727609,MEDICINESPLUS INTEGRATIVE CARE LLC,2603 OAK LAWN AVE STE 101A,,DALLAS,TX,752194059,9724781377,OFFICER,333600000X|3336L0003X|3336S0011X|3336C0004X,tier_1_primary_pharmacy,Y,Y,
1427535780,MEDICINESPLUS LLC,2603 OAK LAWN AVE STE 102,,DALLAS,TX,752194059,9724781388,OFFICER,333600000X,tier_1_primary_pharmacy,Y,Y,
1588141717,"H-E-B, LP",103 W ELM ST,,EDNA,TX,779572703,3617810789,GOVERNMENT PROGRAMS MANAGER,3336C0003X,tier_1_primary_pharmacy,Y,N,H-E-B
1740767540,SUNSHINE PHARMACY LLC,8840 HUEBNER RD,,SAN ANTONIO,TX,78240,2103146782,DIRECTOR,3336C0003X|333600000X,tier_1_primary_pharmacy,Y,Y,
1619454204,LONG PRAIRIE PHARMACY LLC,4921 LONG PRAIRIE RD STE 105,,FLOWER MOUND,TX,750282742,9724103773,OFFICER/PIC,3336M0002X,tier_1_primary_pharmacy,Y,Y,
1215414768,APOLLOCARE1 LLC,1397 W 7TH AVE,,CORSICANA,TX,751106357,9036025102,OWNER,333600000X,tier_1_primary_pharmacy,Y,Y,
1942788336,PHARMACY INVESTMENT ASSOCIATES LLC,3301 W DAVIS ST STE F,,CONROE,TX,773041872,9362672979,OFFICER,3336L0003X|3336C0003X,tier_1_primary_pharmacy,Y,Y,
1568940492,LEVIANT LLC,21700 KINGSLAND BLVD STE 105,,KATY,TX,774502546,2818296497,MANAGER,3336L0003X,tier_1_primary_pharmacy,Y,Y,
1124506894,AMARILLO DIAGNOSTIC CLINIC RX INC,6700 SW 9TH AVE,,AMARILLO,TX,791061701,8063580331,PRES,3336L0003X,tier_1_primary_pharmacy,Y,Y,
1073091799,THESIS PHARMACY LLC,3033 W PARKER RD STE 100,,PLANO,TX,750238000,9725198475,MANAGER,3336C0003X,tier_1_primary_pharmacy,Y,Y,
1427536119,ECKERDS RX 106 LLC,120 CIRCLE WAY ST STE 7F,,LAKE JACKSON,TX,775665222,9793419811,PRESIDENT,333600000X|3336C0003X,tier_1_primary_pharmacy,Y,Y,
1215415831,JERRY MCWILLIAMS PHARMACY INC.,3706 COLLEGE AVE,,SNYDER,TX,795494625,3255737582,OWNER,3336L0003X,tier_1_primary_pharmacy,Y,Y,
1528546009,MEDSCAPE PHARMACY,5700 NW CENTRAL DR # 205,,HOUSTON,TX,770922039,7132392368,OWNER,3336C0003X|3336L0003X,tier_1_primary_pharmacy,Y,Y,
1982183000,PEYTON PHARMACY LLC,301 S 9TH ST STE 109,,RICHMOND,TX,774693448,2815527514,PIC (PHARMACIST IN-CHARGE),3336C0003X,tier_1_primary_pharmacy,Y,Y,
1417436387,"DYER DRUG STORE, INC",133 MCKINNEY ST,,FARMERSVILLE,TX,754422221,9727826262,TREASURER,3336L0003X,tier_1_primary_pharmacy,Y,Y,
1174003552,"LIVE OAK PHARMACY,LLC",2011 W SPRING CREEK PKWY STE 1500,,PLANO,TX,750234260,9725321008,OFFICER,333600000X,tier_1_primary_pharmacy,Y,Y,
1386124659,KATY PHARMACY INC,20005 KATY FWY,,KATY,TX,774502238,2815781515,PIC,3336L0003X,tier_1_primary_pharmacy,Y,Y,
1649750969,BRAZOS HYBRID PHARMACY LLC,545 FM 2977 ROAD SUITE 110,,ROSENBERG,TX,77469,8329309301,MANAGER,333600000X,tier_1_primary_pharmacy,Y,Y,
1679053995,HEALTHRX PHARMACY LLC,2235 W 15TH ST,,PLANO,TX,75075,4695023521,AO,333600000X,tier_1_primary_pharmacy,Y,Y,
1821578063,THE COLONY PHARMACY LLC,6053 MAIN ST STE 120,,THE COLONY,TX,750564706,2146800830,DIRECTOR,3336C0003X,tier_1_primary_pharmacy,Y,Y,
1235619123,ALWAYS FIRST PHARMACY LLC,8620 GRAND MISSION BLVD STE I,,RICHMOND,TX,774075419,8328474683,PHARMACIST IN CHARGE,333600000X|3336L0003X|3336C0003X,tier_1_primary_pharmacy,Y,Y,
1821578865,"GIBSON PHARMACY, LLC",600 S PALESTINE ST STE 100,,ATHENS,TX,757513310,9036757069,MEMBER,3336L0003X,tier_1_primary_pharmacy,Y,Y,
1508346297,GREEN OAKS PHARMA INC.,711 E LAMAR BLVD STE 101,,ARLINGTON,TX,760113854,8174598400,AUTHORIZED OFFICIAL,3336M0002X,tier_1_primary_pharmacy,Y,Y,
1093296774,"ONCOLOGY HEMATOLOGY CONSULTANTS, PA",7415 LAS COLINAS BLVD STE 100,,IRVING,TX,750637569,2143792780,CEO,3336C0003X,tier_1_primary_pharmacy,Y,Y,
1861973562,"HEALOGIX CONSULTANTS, LLC",601-1 HARWOOD RD,,BEDFORD,TX,76021,8889647336,OWNER,3336C0003X,tier_1_primary_pharmacy,Y,Y,
1164903704,"ANNIE'S APOTHECARY, LLC",211 S SAUNDERS ST UNIT 1,,BOERNE,TX,780062323,8309814774,OWNER,3336C0003X,tier_1_primary_pharmacy,Y,Y,
1801377528,"TEXAS NEUROLOGY, P.A.",6080 N CENTRAL EXPY STE 100,,DALLAS,TX,752065202,2142790336,CEO,3336C0003X,tier_1_primary_pharmacy,Y,Y,
1790266138,SMARTHEAD INC,5182 AVENUE H,,ROSENBERG,TX,774712014,2817622601,OWNER/ MANAGER,333600000X,tier_1_primary_pharmacy,Y,Y,
1922589282,ALPHADOME PHARMACY INC,1125 BEDFORD RD STE B,,BEDFORD,TX,760226669,8325783284,MANAGER,3336C0003X,tier_1_primary_pharmacy,Y,Y,
1699256826,ARETE GROUP LLC,1555 W MOCKINGBIRD LN STE 208,,DALLAS,TX,752355019,2149055100,PHARMACY MANAGER,333600000X,tier_1_primary_pharmacy,Y,Y,
1184105256,TOUTBON LLC,774 STATE HIGHWAY 70 N,,ROTAN,TX,795466918,3257352500,OWNER,3336L0003X,tier_1_primary_pharmacy,Y,Y,
1013498088,LONDON PHARMACY MANAGEMENT GROUP,1105 CENTRAL EXPY N STE 2105,,ALLEN,TX,750136103,4694240811,PHARMACIST,3336C0003X,tier_1_primary_pharmacy,Y,Y,
1528549557,WELLFORT CORPORATION,3950 S CARRIER PKWY STE 100,,GRAND PRAIRIE,TX,750526671,4699094093,PRESIDENT/OWNER,3336C0003X,tier_1_primary_pharmacy,Y,Y,
1003397019,IRUKA & CO INC,2101 S VOSS RD STE 1500,,HOUSTON,TX,770573803,8324918088,MANAGER,3336C0003X,tier_1_primary_pharmacy,Y,Y,
1871074740,BABCOCK PHARMACY LLC,2425 BABCOCK RD STE 108A,,SAN ANTONIO,TX,782294899,2102989000,VP OF OPERATIONS,333600000X,tier_1_primary_pharmacy,Y,Y,
1396226205,APTEEK RX,7810 ELDORADO PKWY,SUITE 200,MCKINNEY,TX,75070,9729724700,PRESIDENT,3336C0003X,tier_1_primary_pharmacy,Y,Y,
1508347451,"DDCRX, LLC",2701 HIGHPOINT OAKS DR STE 100,,LEWISVILLE,TX,750673896,2163692200,SVP,3336L0003X,tier_1_primary_pharmacy,Y,Y,
1104307065,"OCEAN BLUE HOLDINGS, LLC",12333 BEAR PLZ STE 100,,BURLESON,TX,760280284,8177894099,OFFICER,333600000X|3336C0003X|3336S0011X,tier_2_secondary_pharmacy,N,Y,
1417438243,"NORTH TEXAS AREA COMMUNITY HEALTH CENTERS, INC",2332 BEVERLY HILLS DRIVE STE 1116,,FT. WORTH,TX,76114,8175466488,PRESIDENT PHARMACY SERVICES,3336C0003X,tier_1_primary_pharmacy,Y,Y,
1659853422,HARVEST PHARMACY LLC,9740 BARKER CYPRESS RD STE 107,,CYPRESS,TX,774331974,2816857279,MANAGING MEMBER,3336C0003X|3336C0004X|333600000X,tier_1_primary_pharmacy,Y,Y,
1013499797,"MK PHARMACY,LLC",18006 PARK ROW DR,SUITE 350,HOUSTON,TX,77084,7132696579,OWNER/PHARMACIST IN CHARGE,333600000X,tier_1_primary_pharmacy,Y,Y,
1023590684,"REDEEM HEALTH, LLC",350 WESTPARK WAY,STE 60,EULESS,TX,76040,6827383573,PRESIDENT/DIRECTOR/OWNER,3336C0003X,tier_1_primary_pharmacy,Y,Y,
1225510795,"SUNDANCE APOTHECARY, LP",201 COMMERCE ST,,FORT WORTH,TX,761027206,6822851100,OWNER,3336C0003X,tier_1_primary_pharmacy,Y,Y,
1649752163,"DAVY CROCKETT DRUG, INC.",107 S 4TH ST,,CROCKETT,TX,758352024,9365442275,PRESIDENT,3336L0003X,tier_1_primary_pharmacy,Y,Y,
1932681889,CREEKVIEW PHARMACY LLC,880 HEBRON PKWY # 170,,LEWISVILLE,TX,75057,4699685222,MANAGER,333600000X,tier_1_primary_pharmacy,Y,Y,
1437632387,"TX SPECIALTY PHARMACY, LLC",14511 FALLING CREEK DR STE 300,,HOUSTON,TX,770141280,7135183296,PHARMACIST,3336C0004X|3336L0003X|3336C0003X,tier_1_primary_pharmacy,Y,Y,
1740763663,TX RX NOW,701 COMMERCE ST,,DALLAS,TX,752024522,2064274393,OFFICER,3336C0004X,tier_2_secondary_pharmacy,N,Y,
1912480898,"RENAISSANCE RX, LLC",1908 CENTRAL DR STE C,,BEDFORD,TX,760215822,8178641865,MANAGER,3336C0003X,tier_1_primary_pharmacy,Y,Y,
1457834251,MURPHY RX LLC,345 W FM 544 STE 200,,MURPHY,TX,750944625,9722157164,OWNER,3336C0003X,tier_1_primary_pharmacy,Y,Y,
1225511843,"WETRIUM,LLC",1101 OHIO DR STE 115,,PLANO,TX,750935331,4692980592,OFFICER,3336C0003X,tier_1_primary_pharmacy,Y,Y,
1588147086,LIFE DEVELOPMENT & HEALTH SERVICES CORPORATION,5718 WESTHEIMER RD STE 1000,,HOUSTON,TX,770579903,8668065347,CHIEF EXECUTIVE OFFICER,333600000X|3336S0011X,tier_2_secondary_pharmacy,N,Y,
1063995280,HYLANDS PHARMACY LLC,1814 N. BILL MACK ST,,SHAMROCK,TX,79079,8062563111,OWNER,3336L0003X|3336S0011X|3336C0003X,tier_1_primary_pharmacy,Y,Y,
1700360476,"BAYLOR SCOTT & WHITE HEALTH ENTERPRISES, INC.",2600 E. PFLUGERVILLE PKWY,SUITE 1.200,PFLUGERVILLE,TX,78660,5126546150,PRESIDENT,3336C0003X,tier_1_primary_pharmacy,Y,Y,
1932683513,"A T PHARMACY MANAGEMENT, LLC",2101 WESTPARK CT STE 135,,EULESS,TX,760403718,4698098112,OWNER,3336C0003X,tier_1_primary_pharmacy,Y,Y,
1215411640,"US DRUG MART, INC.",540 GEORGE HOPPER ROAD,,MIDLOTHIAN,TX,76065,9727751180,VICE PRESIDENT,3336L0003X,tier_1_primary_pharmacy,Y,Y,
1891279915,MEDFUSION PHARMACY,8812 BROADWAY ST STE A,,SAN ANTONIO,TX,782176318,2106247648,OWNER,333600000X,tier_1_primary_pharmacy,Y,Y,
1013492735,1ST AMERICA INFUSION SERVICES LLC,18451 DALLAS PKWY STE 130,,DALLAS,TX,752875202,6019881700,CEO,333600000X|3336C0004X|3336S0011X|3336H0001X,tier_1_primary_pharmacy,Y,Y,
1548745219,"LOCUS HEALTH, LLC",1205 N JOSEY LN STE B,,CARROLLTON,TX,750066145,2144212210,PRESIDENT,3336C0003X,tier_1_primary_pharmacy,Y,Y,
1417432170,VITA PHARMACY LLC,2950 THOUSAND OAKS DR STE 25,,SAN ANTONIO,TX,782473347,2104240025,PHARMACIST,3336C0003X,tier_1_primary_pharmacy,Y,Y,
1558846758,"INDEPENDENT PHARMACY SERVICES,LLC",3695 KIRBY DR STE 115,,PEARLAND,TX,775845544,3465715390,MANAGING MEMEBER,3336C0003X,tier_1_primary_pharmacy,Y,Y,
1912472036,"CHIMATEMS, LLC",9501 LONG POINT RD STE J,,HOUSTON,TX,770554223,8325381948,PIC/MANAGER,3336C0003X,tier_1_primary_pharmacy,Y,Y,
1790250801,HEALING WONDERS LLC,1609 LIVE OAK ST,,COMMERCE,TX,754282549,9038208200,OFFICER,3336C0003X,tier_1_primary_pharmacy,Y,Y,
1164997169,DERHANN CO LLC,1001 MATLOCK RD STE 105,,MANSFIELD,TX,760636564,8175923636,DIRECTOR,3336L0003X|3336C0004X|3336C0003X|3336H0001X|333600000X|3336S0011X,tier_1_primary_pharmacy,Y,Y,
1871068874,HESPERIA PHARMACY LLC,318 W BELT LINE RD # 305,,CEDAR HILL,TX,751041104,9512698188,DIRECTOR,3336C0003X,tier_1_primary_pharmacy,Y,Y,
1780159715,NORTH G RX LLC,9415 BRUTON RD STE 3104,,DALLAS,TX,752172647,9723384320,PRESIDENT,333600000X,tier_1_primary_pharmacy,Y,Y,
1366917973,ASSURE RX PHARMACY LLC,2277 NW MILITARY HWY STE 116,,SAN ANTONIO,TX,782131853,2104675174,PIC,3336C0003X|333600000X,tier_1_primary_pharmacy,Y,Y,
1851866412,DINMA CARE PHARMACY DURABLE MEDICAL EQUIPMENT (DME) SERVICES LLC,832 DEL ORO LANE,SUITE # 1,PHARR,TX,78577,8325637452,CEO,3336C0003X,tier_1_primary_pharmacy,Y,Y,
1568938355,DEVRON SYSTEM INC,711 E LAMAR BLVD STE 106,,ARLINGTON,TX,760113854,8176124802,OFFICER,3336C0003X,tier_1_primary_pharmacy,Y,Y,
1326514233,"AMERKIAN,INC.",4501 HERCULES AVE STE B,,EL PASO,TX,799043310,9154009999,OFFICER,3336C0003X,tier_1_primary_pharmacy,Y,Y,
1295201051,PARIS LLC,2409 ALCO AVENUE,STE C,DALLAS,TX,752112614,3057812454,OFFICER,3336C0003X,tier_1_primary_pharmacy,Y,Y,
1003382870,AMALFI LLC,14823 SOUTHWEST FWY STE B,,SUGAR LAND,TX,774785016,2817838300,OFFICER,3336C0003X,tier_1_primary_pharmacy,Y,Y,
1336615947,"ALLEN PHARMACY & WELLNESS, LLC",1144 N PLANO RD STE 129,,RICHARDSON,TX,750812454,9723729775,MEMBER/ PHARMACIST,333600000X|3336C0003X,tier_1_primary_pharmacy,Y,Y,
1558837914,GRAND RX LLC,7830 W GRAND PKWY S STE 160,,RICHMOND,TX,77406,8324493828,CORPORATE OFFICER,333600000X|3336C0003X,tier_1_primary_pharmacy,Y,Y,
1295202661,NUGENEREX PTX2 LLC,12650 N BEACH ST STE 112,,FORT WORTH,TX,762444248,8173298444,OFFICER,3336C0003X,tier_1_primary_pharmacy,Y,Y,
1659848026,NUGENEREX PTX3 LLC,2707B W 15TH ST,,PLANO,TX,750757525,9725289767,OFFICER,3336C0003X,tier_1_primary_pharmacy,Y,Y,
1710454186,SLG PHARMACY LLC,2602 N MAIN AVE,,SAN ANTONIO,TX,782122919,2108810890,MANAGING MEMBER,3336S0011X,tier_1_primary_pharmacy,Y,Y,
1700353174,NUGENEREX PTX5 LLC,11420 BEE CAVES RD STE B100,,AUSTIN,TX,787385529,5126430411,OFFICER,3336C0003X,tier_1_primary_pharmacy,Y,Y,
1639646003,NUGENEREX PTX4 LLC,2436 S INTERSTATE 35 E STE 360,,DENTON,TX,762054900,2149034830,OFFICER,3336C0003X,tier_1_primary_pharmacy,Y,Y,
1932676301,NUGENEREX PTX1,2301 S HAMPTON RD STE 850,,DALLAS,TX,752241618,9725879193,OFFICER,3336C0003X,tier_1_primary_pharmacy,Y,Y,
1598231912,BALDRIDGE GROUP LLC,1130 FM 1189 STE 109,,BROCK,TX,760663542,8176094992,OWNER,3336C0003X,tier_1_primary_pharmacy,Y,Y,
1942777222,HCP PHARMACY 2 LLC,3020 MATLOCK RD STE 205,,ARLINGTON,TX,760152901,8178865955,MANAGER,3336C0003X,tier_1_primary_pharmacy,Y,Y,
1659848968,"PILL CLOUD, LLC",8989 FOREST LN STE 138,,DALLAS,TX,752434137,2149369559,DIRECTOR,333600000X,tier_1_primary_pharmacy,Y,Y,
1962979211,"TELFAIR RX, LLC.",12454 BEECHNUT ST STE 9A,,HOUSTON,TX,770723987,8324820105,MANAGER,3336C0003X,tier_1_primary_pharmacy,Y,Y,
1316414535,DANIEL'S PHARMACY INC,408 N US HIGHWAY 83 STE B,,ZAPATA,TX,780763258,9562659634,PRESIDENT,333600000X,tier_1_primary_pharmacy,Y,Y,
1134696024,EHP TEXAS LLC,4907 SPRING AVE STE 101,,DALLAS,TX,752101360,6145720890,CHIEF PHARMACY OFFICER,3336C0003X,tier_1_primary_pharmacy,Y,Y,
1730656505,"H-E-B, LP",2300 N SHEPHERD DR,,HOUSTON,TX,770081956,7138691700,GOVERNMENT PROGRAMS MANAGER,3336C0003X,tier_1_primary_pharmacy,Y,N,H-E-B
1205303179,"CARE MED GROUP, LLC",9440 BELLAIRE BLVD STE 110,,HOUSTON,TX,770364558,8328491660,MANAGER,3336C0003X,tier_1_primary_pharmacy,Y,Y,
1275001786,VIJYALAXMI ENTERPRISE INC,5750 W VICKERY BLVD STE 110,,FORT WORTH,TX,761077448,8177315222,PRESIDENT,3336C0003X,tier_1_primary_pharmacy,Y,Y,
1811465230,ASKLEPIOS BENEFIT CARE LLC,9600 BELLAIRE BLVD STE 106,,HOUSTON,TX,770364534,8323827171,PHARMACIST,3336C0003X,tier_1_primary_pharmacy,Y,Y,
1942778238,GLEN CARE PHARMACY LLC,2730 COUNTRY CLUB RD STE G1,,LUCAS,TX,750028781,2149735784,OWNER,3336C0003X,tier_1_primary_pharmacy,Y,Y,
1538637913,"SANDSRX, LLC",4 REGENCY DR,,WYLIE,TX,750987008,9725352020,PRESIDENT,3336S0011X,tier_1_primary_pharmacy,Y,Y,
1720556962,TRI COUNTY PHARMACY LLC,211 FM 1960 BYPASS RD E,,HUMBLE,TX,773383605,2814469191,OFFICER,3336C0003X,tier_1_primary_pharmacy,Y,Y,
1194293373,BAYBROOK CARE PHARMACY LLC,13630 BEAMER RD STE 103,,HOUSTON,TX,770896038,3467742697,OWNER,3336C0003X,tier_1_primary_pharmacy,Y,Y,
1710455993,MILIN LLC,13414 MEDICAL COMPLEX DR STE 12,,TOMBALL,TX,773753334,2814165832,MANAGING MEMBER,3336C0003X,tier_1_primary_pharmacy,Y,Y,
1861960858,DELCEY PHARMACY LLC,7850 W GRAND PKWY S STE 600,,RICHMOND,TX,774065876,3467017188,PHARMACIST IN CHARGE,333600000X,tier_1_primary_pharmacy,Y,Y,
1447728423,"PROVIDENCE PHARMACY & MEDICAL SUPPLIES, INC.",9525 BISSONNET ST STE 250,,HOUSTON,TX,770368028,8326237554,PRESIDENT,3336C0003X,tier_1_primary_pharmacy,Y,Y,
1952879835,VC PHARMACY INC,8083 CALLAGHAN RD,,SAN ANTONIO,TX,782304718,2109260980,OWNER,3336C0003X,tier_1_primary_pharmacy,Y,Y,
1194293787,VERDE PHARMACY AND MEDICAL SUPPLY LLC,2929 N GALLOWAY AVE STE 116,,MESQUITE,TX,751504800,9728072493,OWNER,3336M0002X,tier_1_primary_pharmacy,Y,Y,
1093283681,LIBERTY DRUGS LLC,2411 WILLIAMS DR STE 3,,GEORGETOWN,TX,786283261,5128200101,MANAGING MEMBER,333600000X|3336L0003X,tier_1_primary_pharmacy,Y,Y,
1669940250,VERDE PHARMACY AND MEDICAL SUPPLY LLC,2929 N GALLOWAY AVE STE 116,,MESQUITE,TX,751504800,9728072493,OWNER,3336L0003X,tier_1_primary_pharmacy,Y,Y,
1790254357,E-MED PHARMACY LLC,15107 FM 2100 RD.,STE. D,CROSBY,TX,775321655,2817415289,MANAGING OFFICER,3336C0003X,tier_1_primary_pharmacy,Y,Y,
1356810840,JEFF'S TOPCARE PHARMACY,4901 FM 2920 RD,,SPRING,TX,773883112,3464129556,PRESIDENT,3336C0003X,tier_1_primary_pharmacy,Y,Y,
1447729850,LOUIS MORGAN DRUGS NO 4 INC,110 JOHNSTON ST,,LONGVIEW,TX,756013909,9037586164,OWNER,3336L0003X|3336C0004X|333600000X,tier_1_primary_pharmacy,Y,Y,
1801365366,DEBONS BUSINESS MANAGEMENT INC D/B/A JOE PIL,6909 W FM 2147,,HORSESHOE BAY,TX,786576434,8066907455,OWNER,3336M0002X,tier_1_primary_pharmacy,Y,Y,
1679042105,"EXCELMED SPECIALTY PHARMACY, LLC",4654 HIGHWAY 6 N STE 204,,HOUSTON,TX,770842878,7132910954,CLIN DIRECTOR,333600000X|3336C0003X|3336S0011X,tier_1_primary_pharmacy,Y,Y,
1467921668,CLEARVIEW SPECIALTY LLC,8101 CAMERON RD STE 303,,AUSTIN,TX,787543818,5122737781,OFFICER,3336C0003X,tier_1_primary_pharmacy,Y,Y,
1306315536,PLOCKS CARE LLC,2600 TIBBETS DR STE C,,BEDFORD,TX,760226998,8177857000,MANAGER,333600000X,tier_1_primary_pharmacy,Y,Y,
1386113439,"BOULDER HOLDINGS, LLC",1301 W HENDERSON ST STE L4-C,,CLEBURNE,TX,760335100,8177602287,OFFICER,3336C0003X,tier_1_primary_pharmacy,Y,Y,
1720557846,STRIKER PHARMACY LLC,1330 PIN OAK RD,,KATY,TX,774946848,8323245823,OFFICER,3336S0011X|3336C0003X,tier_1_primary_pharmacy,Y,Y,
1184193096,TRUONG HEALTHCARE LLC.,14877 SOUTHWEST FWY,,SUGAR LAND,TX,774785016,2813025987,OWNER,3336C0003X,tier_1_primary_pharmacy,Y,Y,
1932678646,DIVINE PHARMACY LLC,427 E DURANTA AVE STE 101,,ALAMO,TX,785163409,9562874551,OWNER,3336C0003X,tier_1_primary_pharmacy,Y,Y,
1346710928,BEDFORD PHARMACY LLC,2816 CENTRAL DR STE 160,,BEDFORD,TX,76021,8177868011,CORPORATE MANAGER,3336C0003X,tier_1_primary_pharmacy,Y,Y,
1326518887,ELITE CARE RX LLC,11888 STARCREST DR STE 113,,SAN ANTONIO,TX,782474116,2104627797,OWNER,3336C0003X,tier_1_primary_pharmacy,Y,Y,
1346710761,ALL CARING PHARMACY LLC,13630 VETERANS MEMORIAL DR STE F,,HOUSTON,TX,770141054,2819888882,OWNER,3336C0003X,tier_1_primary_pharmacy,Y,Y,
1154891265,SIGMA CARE RX,235 N HEWITT DR,,HEWITT,TX,766437010,2543017106,OWNER,333600000X,tier_1_primary_pharmacy,Y,Y,
1659841427,NA PHARMACY GROUP LLC,505 N SAM HOUSTON PKWY E,,HOUSTON,TX,770604018,8328049633,CEO,3336C0003X,tier_1_primary_pharmacy,Y,Y,
1093285843,"MRC HEALTH, LLC",2300 W FM 544 STE 130,,WYLIE,TX,750984903,9724425333,OFFICER,3336C0003X,tier_1_primary_pharmacy,Y,Y,
1619448248,"NULIFE PHARMACY, INC",14150 TRINITY BLVD STE 750,,FORT WORTH,TX,761552597,8177697941,AUTHORIZED OFFICIAL,3336C0003X,tier_1_primary_pharmacy,Y,Y,
1689145021,BLDL INDUSTRIES,232 W MAIN ST,,AZLE,TX,760203120,8174064546,"OFFICER, PIC",3336L0003X,tier_1_primary_pharmacy,Y,Y,
1275004509,MK PHARMACY SERVICES LLC,932 W DALLAS ST STE C,,CONROE,TX,773012260,8327030067,OWNER,3336C0003X,tier_1_primary_pharmacy,Y,Y,
1598236861,NOVIEMBRE LLC,200 E. BOOTHE STREET,SUITE 103,CLEVELAND,TX,77327,2818067680,OWNER,3336C0003X,tier_1_primary_pharmacy,Y,Y,
1922579127,ICARERX PHARMACY LLC,200 WJ BOAZ RD STE 100,,SAGINAW,TX,761791290,6822001080,OWNER,3336L0003X|3336S0011X|3336C0003X,tier_1_primary_pharmacy,Y,Y,
1477024644,ONCOLOGY PHARMACY SERVICES INC.,3144 HORIZON RD STE 110,,ROCKWALL,TX,750327046,4693145155,DIRECTOR,333600000X|3336C0003X,tier_1_primary_pharmacy,Y,Y,
1194296038,"BSQUARED, LLC",3701 OUTLET CENTER DR STE 80,,SEALY,TX,774744908,2819402233,MANAGER,3336C0003X,tier_1_primary_pharmacy,Y,Y,
1740751759,WYNDHAM PHARMACY INC,903 MEDICAL CENTRE DR STE C,,ARLINGTON,TX,760124754,6822708779,PHARMACY MANAGER (PIC),333600000X,tier_1_primary_pharmacy,Y,Y,
1770055535,OLYMPUS RX LLC,763 E US HIGHWAY 80 STE 260,,FORNEY,TX,751268685,9725521065,ADMIN ASSISTANT,3336C0003X,tier_1_primary_pharmacy,Y,Y,
1255803953,PHOENIX DRUGSTORE & MEDICAL SUPPLIES,17320 RED OAK DR STE 106,,HOUSTON,TX,770902633,8324466014,PHARMACIST-IN-CHARGE/OWNER,3336L0003X|3336M0002X|333600000X|3336C0004X|3336C0003X,tier_1_primary_pharmacy,Y,Y,
1700358389,TITAN SPECIALTY PHARMACY,8360 LBJ FWY STE 215,,DALLAS,TX,752431222,2144788564,ADMIN ASSISTANT,3336C0003X,tier_1_primary_pharmacy,Y,Y,
1801368311,RITE QUALITY PHARMACY LLC,722 SOUTH MAIN STREET,,ANDREWS,TX,79714,4322230600,OFFICER,3336C0003X,tier_1_primary_pharmacy,Y,Y,
1639641897,ALL HEALTH LLC,1441 S MIDLOTHIAN PKWY STE 140,,MIDLOTHIAN,TX,760655592,9727755222,OWNER,3336C0004X|3336C0003X,tier_1_primary_pharmacy,Y,Y,
1942772272,RISING STAR HOLDINGS LLC,508 E GRAVIS ST,,SAN DIEGO,TX,783842708,3612098322,OFFICER,333600000X|3336C0003X,tier_1_primary_pharmacy,Y,Y,
1902378011,ROHAILREZA INC,254 S HIGHWAY 123 BYP,,SEGUIN,TX,781555155,2108602834,OFFICER,3336C0003X,tier_1_primary_pharmacy,Y,Y,
1558834432,ADVANCED PHARMACY SERVICES LLC,1901 MEDI PARK DR STE 1059,,AMARILLO,TX,791062108,8062422272,VICE PRESIDENT,3336C0004X|3336H0001X,tier_2_secondary_pharmacy,N,Y,
1093288003,"L J PHARMACY RELIEF, INC",2004 E EXPRESSWAY 83 STE 2,,WESLACO,TX,785995057,9564053089,OFFICER,3336C0003X,tier_1_primary_pharmacy,Y,Y,
1639642143,PHAR MAX LLC,7333 BARLITE BLVD STE 410,,SAN ANTONIO,TX,782241320,2105311244,ADMIN ASSISTANT,3336C0003X,tier_1_primary_pharmacy,Y,Y,
1114490588,FAST HEALTH LLC,4109 CITY POINT DR STE E,,NORTH RICHLAND HILLS,TX,761808339,5127406049,OWNER,3336C0003X,tier_1_primary_pharmacy,Y,Y,
1346713658,EUROPA ENTERPRISE LLC,2394 W INTERSTATE 30 STE A,,GREENVILLE,TX,75402,4692795227,ADMIN ASSISTANT,3336C0003X,tier_1_primary_pharmacy,Y,Y,
1750854022,"SHRI DURGA DRUGS, LLC",200 S TEEL DR,,DEVINE,TX,780163210,8304555071,GENERAL MANAGER,3336C0003X|333600000X,tier_1_primary_pharmacy,Y,Y,
1194298380,"H-E-B, LP",100 HUDSON OAKS DR.,,HUDSON OAKS,TX,76087,8175596422,GOVERNMENT PROGRAMS MANAGER,3336C0003X,tier_1_primary_pharmacy,Y,N,H-E-B
1144793357,"BUSHLAND DRUG, LLC",1600 S. FM 2381,,AMARILLO,TX,79124,8063109853,OWNER,3336C0003X,tier_1_primary_pharmacy,Y,Y,
1538633326,"METHODIST COMMUNITY PHARMACY, LLC",1441 N BECKLEY AVE LBBY B,,DALLAS,TX,752031201,2149336050,TREASURER AND VP OF COMPLIANCE,3336S0011X|3336C0003X,tier_1_primary_pharmacy,Y,Y,
1386118966,THE MERCY PHARMACY LLC,4218 SAN FELIPE ST,,HOUSTON,TX,770272902,8337818155,MANAGER /OFFICER,3336C0003X,tier_1_primary_pharmacy,Y,Y,
1679047948,VENATANA SERVICES LLC,8500 CYPRESSWOOD DR STE 203,,SPRING,TX,773797109,6037140557,AUTHORIZED OFFICIAL,3336C0004X|3336L0003X,tier_1_primary_pharmacy,Y,Y,
1710451034,BRAHMANI HEALTH CORP,2215 W BERRY ST,,FORT WORTH,TX,761102804,8173679244,OWNER,3336C0003X,tier_1_primary_pharmacy,Y,Y,
1073087375,MEDICAL CITY PHARMACY LLC,3502 SIMPSON STUART RD STE 300,,DALLAS,TX,752414420,9729431485,OFFICER,3336C0003X,tier_1_primary_pharmacy,Y,Y,
1023582285,"ENDEAVOR RX, LLC",1700 ROYSTON LN STE B,,ROUND ROCK,TX,786649501,8662774432,PHARMACIST IN CHARGE,3336C0004X,tier_1_primary_pharmacy,Y,Y,
1124592399,YUVAN HEALTHCARE LLC,8235 S NEW BRAUNFELS STE 120,,SAN ANTONIO,TX,782354439,2103333700,MANAGING OFFICER,3336C0003X,tier_1_primary_pharmacy,Y,Y,
1598239709,"AUSTIN GASTROENTEROLOGY, PLLC",1361 HERO WAY,SUITE 102,LEANDER,TX,78641,5124169455,MANAGING OFFICER,3336C0003X,tier_1_primary_pharmacy,Y,Y,
1235693276,SV LLC,967 KELLER PKWY STE C,,KELLER,TX,762483862,6825938400,PHARMACY MANAGER,3336C0003X|333600000X,tier_1_primary_pharmacy,Y,Y,
1861956856,EXPRESS CARE PHARMACY LLC,223 E FM 544 STE 806,,MURPHY,TX,750944029,2143081996,MANAGER,3336C0003X,tier_1_primary_pharmacy,Y,Y,
1366906257,EINSTEIN'S PHARMACY LLC,25190 I-45,SUITE B2D,SPRING,TX,77386,2816515316,PHARMACIST IN CHARGE,3336C0003X,tier_1_primary_pharmacy,Y,Y,
1487118147,VITARB CORPORATION,6186B WILCREST DR,,HOUSTON,TX,770721450,2814068790,PRESIDENT (PHARMACIST IN CHARGE),3336C0003X,tier_1_primary_pharmacy,Y,Y,
1932663390,AAZZI TRADE LLC,8049 PRESTON RD STE 600,,FRISCO,TX,750340187,4696640099,MANAGER/OWNER,333600000X,tier_1_primary_pharmacy,Y,Y,
1487118741,ALLEN'S NUTECH INC.,1301 CLINIC DR,,TYLER,TX,757012120,9035740488,PRESIDENT,3336H0001X,tier_1_primary_pharmacy,Y,Y,
1275098584,LEEDS PHARMACY LLC,318 W FM 544 STE B3,,MURPHY,TX,750944652,4692090766,OWNER,333600000X|3336C0003X,tier_1_primary_pharmacy,Y,Y,
1932664034,"PRESCRIPTION READY, LLC",13830 SAWYER RANCH RD STE 104,,DRIPPING SPRINGS,TX,786205514,5128615755,MANAGING OFFICER,3336C0004X|3336L0003X|3336C0003X,tier_1_primary_pharmacy,Y,Y,
1326503137,CULLEN CARE PHARMACY INC,9215 BROADWAY ST STE 113,,PEARLAND,TX,775848987,2817415825,OWNER,3336C0004X|3336C0003X,tier_1_primary_pharmacy,Y,Y,
1780149476,EDNA PHARMACY LLC,604 N WELLS ST,,EDNA,TX,779572719,3613085039,MANAGER,3336C0003X,tier_1_primary_pharmacy,Y,Y,
1063977452,ALDINE FAMILY PHARMACY,2345 ALDINE MAIL RTE STE A,,HOUSTON,TX,770395528,2813035859,PHARMACIST IN CHARGE,3336C0003X,tier_1_primary_pharmacy,Y,Y,
1093271231,HMU PHARMACY LLC,4223 RICHMOND AVE STE 210,,HOUSTON,TX,770276856,2816568063,OFFICER,333600000X,tier_1_primary_pharmacy,Y,Y,
1457817686,"GHOR, LLC",1308 W BELT LINE RD # 108,,DESOTO,TX,751157833,8179290413,OWNER,3336C0003X,tier_1_primary_pharmacy,Y,Y,
1730645995,COLLINS FAMILY PHARMACY LLC,1905 SW H K DODGEN LOOP STE 101,,TEMPLE,TX,765021814,2547781731,OWNER/PIC,3336C0004X|3336L0003X|3336C0003X,tier_1_primary_pharmacy,Y,Y,
1427514561,"THORNHILL HEALTHCARE II, INC.",6823 82ND ST,SUITE 600,LUBBOCK,TX,79424,8063688400,PRESIDENT,333600000X,tier_1_primary_pharmacy,Y,Y,
1336605013,VASCORE PHARMACY LLC,4020 SYNOTT RD STE 70A,,HOUSTON,TX,770825216,8328051531,PHARMACIST IN CHARGE,3336C0003X,tier_1_primary_pharmacy,Y,Y,
1821554551,ATOMS PHARMACY LLC,17926 HIGHWAY 3 STE 103B,,WEBSTER,TX,775985350,8329744915,MANAGING OFFICER,3336C0003X,tier_1_primary_pharmacy,Y,Y,
1093271587,INSTASCRIPT LLC,15035 EAST FWY STE D,,CHANNELVIEW,TX,775304154,2818647597,MANAGER,3336C0003X,tier_1_primary_pharmacy,Y,Y,
1720545221,UZO NEIGHBORHOOD PHARMACY INC.,1601 JACAMAN RD STE 102,,LAREDO,TX,780416271,9565685605,PIC/OWNER,3336C0003X|333600000X,tier_1_primary_pharmacy,Y,Y,
1558828921,WAXAHACHIE PHARMACY LLC,401 N HIGHWAY 77 STE 23B,,WAXAHACHIE,TX,751651130,2149801395,PHARMACY MANAGER,3336C0003X,tier_1_primary_pharmacy,Y,Y,
1558828681,COIT RX LLC,4100 W 15TH ST STE 204,,PLANO,TX,750935801,2144446383,OWNER,3336C0003X,tier_1_primary_pharmacy,Y,Y,
1164989307,CAREPLUS PHARMACY LLC,2817 DULLES AVE,,MISSOURI CITY,TX,774592950,8326724981,PIC/OWNER,3336C0003X,tier_1_primary_pharmacy,Y,Y,
1871050997,ALLMED RX LLC,109 E FATE MAIN PL,,FATE,TX,75132,4699959958,PHARMACIST IN CHARGE,3336C0003X,tier_1_primary_pharmacy,Y,Y,
1023575057,ALAMO GS LLC,3320 OAKWELL CT STE 103,,SAN ANTONIO,TX,782183129,2108024380,MANGER,3336L0003X|333600000X,tier_1_primary_pharmacy,Y,Y,
1003373184,PHARMACY STATION LLC,640 S EXPRESSWAY,SUITE 1,RAYMONDVILLE,TX,78580,9566904090,OWNER,333600000X,tier_1_primary_pharmacy,Y,Y,
1801353818,LEGACY HEIGHTS PHARMACY LLC,617 E 16TH ST,,PLANO,TX,750745726,9722045855,MANAGER,3336C0003X,tier_1_primary_pharmacy,Y,Y,
1689131625,COASTAL BEND WELLNESS FOUNDATION INC.,2882 HOLLY ROAD,SUITE 100,CORPUS CHRISTI,TX,784154106,8337895307,PRESIDENT OF PHARMACY SERVICES,3336C0003X,tier_1_primary_pharmacy,Y,Y,
1457818189,CHAPELLI CORP,5205 S MASON RD STE 180,,KATY,TX,774507144,8325297554,PRESIDENT,333600000X|3336C0003X,tier_1_primary_pharmacy,Y,Y,
1588122154,LEAGUE PHARMACY LLC,303 E MAIN ST STE 205,,LEAGUE CITY,TX,775733742,8322243842,MANAGING OFFICER,3336C0003X,tier_1_primary_pharmacy,Y,Y,
1548728157,SANDSRX FRISCO LLC,10475 N COUNTY RD STE 100,,FRISCO,TX,750333793,4696060449,MANAGING OFFICER/PIC,333600000X|3336C0003X,tier_1_primary_pharmacy,Y,Y,
1770041394,ST HOPE FOUNDATION INC,3750 MEDICAL PARK DR,SUITE 150,DICKINSON,TX,77539,7139554841,COO,3336C0003X,tier_1_primary_pharmacy,Y,Y,
1679031199,FIRST ELITE PHARMACY,1525 S MASON RD STE 200,,KATY,TX,774504559,2817174404,OWNER,3336C0003X,tier_1_primary_pharmacy,Y,Y,
1083172506,PAY AND SAVE INC,524 8TH STREET,,OLTON,TX,79064,8062857760,CFO/TREASURER,3336C0003X,tier_1_primary_pharmacy,Y,Y,
1376001354,IWO PHARMACY AND WELLNESS,2168 TEXAS PKWY # B,,MISSOURI CITY,TX,774893122,3463042903,CORPORATE OFFICER,3336C0003X,tier_1_primary_pharmacy,Y,Y,
1396203386,ASK RX LLC,1165 S STEMMONS FWY STE 116,,LEWISVILLE,TX,750675335,4696300911,PHARMACIST,3336C0003X,tier_1_primary_pharmacy,Y,Y,
1174081178,STAMFORD APOTHECARY LLC,3115 W PARKER RD STE 395,,PLANO,TX,750238139,9729055504,PHARMACIST,333600000X,tier_1_primary_pharmacy,Y,Y,
1992263859,NEXTDOOR PHARMACY INC,102 BABCOCK RD # 102,,SAN ANTONIO,TX,782013952,2105304442,PHARMACIST,333600000X|3336C0004X|3336C0003X,tier_1_primary_pharmacy,Y,Y,
1265990113,DELIVER MY MEDS CORP,700 W SPRING CREEK PKWY STE 208,,PLANO,TX,750234630,8333236337,PRESIDENT,333600000X|3336C0003X,tier_2_secondary_pharmacy,N,Y,
1548728272,HK HOMECARE AND COMPOUND INC,1900 W EVERMAN PKWY STE 120,,FORT WORTH,TX,761344326,8177206888,PIC,3336C0003X,tier_1_primary_pharmacy,Y,Y,
1629537337,SIENNA CARE LLC,6144 SIENNA RANCH RD STE 200,,MISSOURI CITY,TX,774597120,3463411748,OWNER,3336C0003X,tier_1_primary_pharmacy,Y,Y,
1033678636,MEDIC RX 3 INC,5264 W 34TH ST STE H,,HOUSTON,TX,770926624,2818466713,OWNER,3336L0003X|3336C0003X,tier_1_primary_pharmacy,Y,Y,
1164981510,GATEWOOD PHARMACY PLLC,4402 BROADWAY BLVD STE 6A,,GARLAND,TX,750438266,3475935918,PHARMACIST,3336C0003X,tier_1_primary_pharmacy,Y,Y,
1275092587,APOTHECARY PHARMACY SOLUTIONS LCC,4320 BROADWAY ST STE 110,,PEARLAND,TX,775814016,8326727953,MANAGER,3336C0003X,tier_1_primary_pharmacy,Y,Y,
1992264246,FARMACIA LA UNICA INC LLC,7002 RIVERBROOK DR STE 100,,SUGAR LAND,TX,774796531,8328002321,OWNER,3336C0003X,tier_1_primary_pharmacy,Y,Y,
1568922235,HML GROUP LLC,5304 E 5TH ST STE 103,,KATY,TX,774932532,3463876449,PHARMACIST IN CHARGE,3336C0003X,tier_1_primary_pharmacy,Y,Y,
1841750643,APTEEK PLLC,2900 WESLAYAN ST STE B&C,,HOUSTON,TX,770275132,8323071678,OWNER/PHARMACIST-IN-CHARGE,3336C0004X|3336C0003X,tier_1_primary_pharmacy,Y,Y,
1720548118,"LIFE SPECIALTY PHARMACY, INC.",949 W. KEARNEY ST.,SUITE 107,MESQUITE,TX,75149,9726815959,DIRECTOR,3336C0003X,tier_1_primary_pharmacy,Y,Y,
1780144147,"RXCARE PHARMACY, LLC",209 N BALLARD AVE,,WYLIE,TX,75098,9724330699,OFFICER,333600000X,tier_1_primary_pharmacy,Y,Y,
1265992275,"TEXASCARE RX, LLC",7271 WURZBACH RD STE 105,,SAN ANTONIO,TX,782403891,9723996596,PRESIDENT,3336C0003X,tier_1_primary_pharmacy,Y,Y,
1861953754,EZ PHARMACY GROUP LLC,1100 C E MULBERRY,,ANGELTON,TX,77515,9793313374,OWNER,3336C0003X,tier_1_primary_pharmacy,Y,Y,
1265993026,RIDDLE RX LP,201 NW 2ND ST,,DIMMITT,TX,790271803,8067904899,OWNER/MANAGER,3336L0003X,tier_1_primary_pharmacy,Y,Y,
1932660644,"ONCOLOGY PHARMACY SERVICES, INC.",1401 MEDICAL PKWY STE 200,,CEDAR PARK,TX,786135026,5122606084,DIRECTOR,333600000X|3336C0003X,tier_1_primary_pharmacy,Y,Y,
1619438975,"CREATIVE PHARMACY MGMT, LLC",4705 AVENUE H STE C,,ROSENBERG,TX,774712065,8324716121,MANAGING MEMBER,3336M0002X|333600000X|3336C0003X,tier_1_primary_pharmacy,Y,Y,
1184186991,"SCRIPT EXPERTS PHARMACY, LLC",16402 FM 2920 RD BLDG B,,TOMBALL,TX,773776431,9362338167,OFFICER,3336C0004X|3336C0003X,tier_1_primary_pharmacy,Y,Y,
1992267785,"PNV CREATIVE CARE, INC",11011 HIGHWAY 150,,SHEPHERD,TX,773712839,9366282099,OFFICER,3336C0003X,tier_1_primary_pharmacy,Y,Y,
1215499751,PIONEER DRUGS INC,1117 W PIONEER PKWY STE 105,,ARLINGTON,TX,760136398,6822730532,OFFICER,333600000X,tier_1_primary_pharmacy,Y,Y,
1962964098,"TOTAL CARE RX PHARMACY, LLC",4002 BURKE RD STE 500,,PASADENA,TX,775043451,3463748092,OFFICER,3336C0003X,tier_1_primary_pharmacy,Y,Y,
1669935656,PHARMACY ENTERPRISES OF TEXAS,601 W FM 544 STE 102,,MURPHY,TX,750944232,4695960341,OWNER/CEO,333600000X|3336C0003X,tier_1_primary_pharmacy,Y,Y,
1326501115,"SHAN-PHAM DIVERSIFIED HOLDINGS, INC",12946 DAIRY ASHFORD RD STE 450,,SUGAR LAND,TX,774784643,2812037829,PRESIDENT,3336C0003X,tier_1_primary_pharmacy,Y,Y,
1912460528,CONSANA HEALTH SERVICES LLC,1010 E ARAPAHO RD STE 102,,RICHARDSON,TX,750812362,8334448840,VP OF CLINICAL,333600000X,tier_1_primary_pharmacy,Y,Y,
1811450570,"ASPCARES PHARMACY, INC",13515 SOUTHWEST FWY STE 113,,SUGAR LAND,TX,774783547,8328030633,CHIEF COMPLIANCE OFFICER,333600000X,tier_1_primary_pharmacy,Y,Y,
1467915819,ST. PAUL PHARMACY LLC,3307 BELT LINE RD,,GARLAND,TX,750446913,4693040062,OWNER/ PHARMACIST IN CHARGE,3336C0003X,tier_1_primary_pharmacy,Y,Y,
1871056044,APOTHECARY 360 LLC,101 SOUTHWESTERN BLVD STE 120,,SUGAR LAND,TX,774783548,8329152448,OWNER,3336C0003X,tier_1_primary_pharmacy,Y,Y,
1821551193,SUPERFAST PHARMACY AND MEDICAL SUPPLIES LLC,11690 SPRING CYPRESS RD STE 100,,TOMBALL,TX,773778938,2815137960,MEMBER OF LLC,3336C0003X,tier_1_primary_pharmacy,Y,Y,
1831752922,PRO MED RX LLC,13134 DAIRY ASHFORD RD STE 900,,SUGAR LAND,TX,774783766,2813130730,DIRECTOR,3336C0003X,tier_1_primary_pharmacy,Y,Y,
1013570027,CENTRAL TEXAS COMMUNITY HEALTH CENTERS,1000 E 41ST ST STE 700A,,AUSTIN,TX,787514810,5129789100,CFO,333600000X|3336C0002X|3336C0003X,tier_1_primary_pharmacy,Y,Y,
1851954796,NUBIA APOTHECARY RX LLC,435 FM 1092 RD STE N,,STAFFORD,TX,774775420,8328897872,PHARMACIST IN CHARGE,3336C0002X|3336C0004X|3336L0003X|3336C0003X,tier_1_primary_pharmacy,Y,Y,
1891358818,CLARKSVILLE PHARMACY LLC,1312 W MAIN ST,,CLARKSVILLE,TX,754263525,9037065065,OFFICER,3336C0003X,tier_1_primary_pharmacy,Y,Y,
1083277842,"SCARSDALE PHARMACY, LLC",10655 FUQUA ST STE E,,HOUSTON,TX,770892681,2814816600,PIC,3336C0003X,tier_1_primary_pharmacy,Y,Y,
1609439231,VALLEYWIDE PHARMACY AND DME INC,800 E ALTON GLOOR BLVD STE A,,BROWNSVILLE,TX,785264296,9565257280,PRESIDENT,3336C0003X,tier_1_primary_pharmacy,Y,Y,
1891358537,PHARMACY PLUS HEALTH LLC,5757 FLEWELLEN OAKS LN STE 502,,FULSHEAR,TX,774411858,3467078282,OFFICER,333600000X|3336C0003X,tier_1_primary_pharmacy,Y,Y,
1669035333,"H-E-B, LP",3663 WASHINGTON AVE SUITE 100,,HOUSTON,TX,77007,7134261961,GOVERNMENT PROGRAMS MANAGER,3336C0003X,tier_1_primary_pharmacy,Y,N,H-E-B
1316500952,JTMA INC,5899 PRESTON ROAD,BLDG 6 STE 602,FRISCO,TX,75034,2146185050,PHARMACIST IN CHARGE,3336C0003X,tier_1_primary_pharmacy,Y,Y,
1568025112,TEXOMA PHARMACY LLC,140 W LAMBERTH RD STE A,,SHERMAN,TX,750922670,9037714995,MANAGING MEMBER,3336C0003X,tier_1_primary_pharmacy,Y,Y,
1235792771,MEDPOINT PHARMACY INC,10008 BELLAIRE BLVD #114,,HOUSTON,TX,77072,2818794033,OFFICER,3336C0003X,tier_1_primary_pharmacy,Y,Y,
1093378366,DELIVERIT PHARMACY CLEAR LAKE INC.,600 N KOBAYASHI STE 113,,WEBSTER,TX,775984840,2817244828,CEO,3336C0003X,tier_1_primary_pharmacy,Y,Y,
1093379380,MEDICAL BUTTERFLY INC,2231 PEGGY LN # B,,GARLAND,TX,750425708,9722725274,PRESIDENT,333600000X|3336C0003X,tier_1_primary_pharmacy,Y,Y,
1316501638,"ADVANTA HEALTH CARE, INC.",4100 MAPLESHADE LN,,PLANO,TX,750930012,3462677214,MANAGING PARTNER,3336C0003X,tier_2_secondary_pharmacy,N,Y,
1376107698,SKRX LLC,201 S RAY ROBERTS PKWY STE A,,TIOGA,TX,762713656,9404373600,OWNER,3336C0003X,tier_1_primary_pharmacy,Y,Y,
1568026524,STARWOOD PHARMACY SERVICES LLC,3550 PARKWOOD BLVD STE 111,,FRISCO,TX,750341904,2146180052,MANAGING OFFICER,3336L0003X,tier_1_primary_pharmacy,Y,Y,
1528622453,"GREENLAND HELPING HANDS, LLC",13216 BELLAIRE BLVD,,HOUSTON,TX,770832634,8323793472,MANAGER,3336C0003X,tier_1_primary_pharmacy,Y,Y,
1447814306,BEAUMONT BEST RX,8350 PHELAN BLVD STE F,,BEAUMONT,TX,777065660,4093331774,OFFICER,333600000X|3336C0003X,tier_1_primary_pharmacy,Y,Y,
1245894682,BURKE CENTER,1522 W FRANK AVE STE 109,,LUFKIN,TX,759043334,9366303700,DIRECTOR OF PHARMACY,3336C0002X,tier_1_primary_pharmacy,Y,Y,
1841854270,MPS PHARMACY LLC,112 S COLLEGE AVE STE 100,,CLEVELAND,TX,773274502,8324805410,MANAGING OFFICER,3336C0003X,tier_1_primary_pharmacy,Y,Y,
1730744038,"RELIABLE PHARMACEUTICAL SOLUTIONS, LLC",1300 TURTLE CREEK DR STE 1310,,MISSOURI CITY,TX,774896105,8327704578,PRESIDENT,3336L0003X|3336C0003X,tier_1_primary_pharmacy,Y,Y,
1740845874,"LONG MEADOW RX, LLC",5530 LONG PRAIRIE TRCE STE 100,,RICHMOND,TX,774072331,2813258099,OFFICER,3336C0003X,tier_1_primary_pharmacy,Y,Y,
1255996971,1ST EXPRESS PHARMACY LLC,24420 FM 1314 RD STE 13,,PORTER,TX,773655490,2817477158,MANAGER,3336C0003X,tier_1_primary_pharmacy,Y,Y,
1093370538,AMERICAN STAR PHARMACY INC,1619 MARTIN LUTHER KING JR BLVD,SUITE B,DALLAS,TX,75215,4697187777,PRESIDENT,333600000X,tier_1_primary_pharmacy,Y,Y,
1134784614,GARCIA S PHARMACY LLC,130A UPTOWN AVE,,BROWNSVILLE,TX,785207559,9565187310,VICE-PRESIDENT,3336C0003X,tier_1_primary_pharmacy,Y,Y,
1427614841,DAVID P ELLENT PLLC,8845 SIX PINES DR STE 201,,SHENANDOAH,TX,773802675,2814651767,ADMINISTRATOR,3336C0003X,tier_1_primary_pharmacy,Y,Y,
1386201754,"PHARMACY CONSULTING, L.L.C.",2547 CARTWRIGHT RD,,MISSOURI CITY,TX,774592606,8329871388,MANAGING OFFICER,333600000X|3336C0003X,tier_1_primary_pharmacy,Y,Y,
1457918112,SOCH PHARMACY LLC,12579 RICHMOND AVE STE 700,,HOUSTON,TX,770822554,3465705196,OFFICER,3336C0003X,tier_1_primary_pharmacy,Y,Y,
1043878762,GASPY INFUSION SERVICES INC,11104 W AIRPORT BLVD STE 223,,STAFFORD,TX,774773035,8327911002,CFO/OWNER,3336H0001X,tier_1_primary_pharmacy,Y,Y,
1790343465,BE WELL PHARMACY LLC,8008 CAMP BOWIE WEST BLVD STE 109,,FORT WORTH,TX,761166300,6828410171,OFFICER,3336C0003X,tier_1_primary_pharmacy,Y,Y,
1598323263,MY CHOICE PHARMACY,8008 CAMP BOWIE WEST BLVD STE 111,,FORT WORTH,TX,761166300,8889269268,MANAGING MEMBER,3336C0003X,tier_1_primary_pharmacy,Y,Y,
1982262598,MAHOGANY PHARMACY LLC,10550 W BELLFORT ST STE 150,,HOUSTON,TX,770311934,8322305902,OFFICER,3336C0003X,tier_1_primary_pharmacy,Y,Y,
1538727847,LIGHTCARE RX LLC,8313 SOUTHWEST FWY STE 107,,HOUSTON,TX,770741612,8329871795,OWNER,3336C0003X,tier_1_primary_pharmacy,Y,Y,
1568020782,HYLANDS PHARMACY LLC,108 W OKLAHOMA AVE,,WHEELER,TX,790962416,8068265561,OWNER/PHARMACIST IS CHARGE,3336L0003X,tier_1_primary_pharmacy,Y,Y,
1710545728,"V2DP,LLC",9722 HIGHWAY 90A,,SUGAR LAND,TX,774784625,3462095730,OFFICER,3336C0003X,tier_1_primary_pharmacy,Y,Y,
1134788813,TOT PHARMACY,656 W BRAZOS AVE,,WEST COLUMBIA,TX,774862616,9793453925,MANAGER,3336C0003X,tier_1_primary_pharmacy,Y,Y,
1497314132,ZIKAM NEIGHBORHOOD PHARMACY LLC,17323 IH 35 N STE 100,,SCHERTZ,TX,781541278,2103103132,OWNER,3336C0004X|3336L0003X|3336S0011X|3336C0003X,tier_1_primary_pharmacy,Y,Y,
1558920256,M&D PHARMACY LLC,2168 B TEXAS PKWY,,MISSOURI,TX,77489,2819698161,PIC,333600000X|3336C0003X,tier_1_primary_pharmacy,Y,Y,
1386203933,NEO TEXAS LLC,360 STONEBROOK PKWY STE-112A,,FRISCO,TX,75036,1429600402,OWNER,3336C0003X,tier_1_primary_pharmacy,Y,Y,
1235798802,STAR HEALTHCARE OF TEXAS INC,2840 KELLER SPRINGS RD STE 601,,CARROLLTON,TX,750064873,9725120279,PRINCIPAL,3336H0001X,tier_2_secondary_pharmacy,N,Y,
1821657149,OM HEALTHCARE LLC,602 BANDERA ROAD,,SAN ANTONIO,TX,78228,2104753282,PHARMACIST/OWNER,3336C0003X,tier_1_primary_pharmacy,Y,Y,
1720647027,"HEALTHMARK PHARMACY, LLC",2436 S I 35 E STE 336B,,DENTON,TX,762054900,4697022006,MANAGING MEMBER,3336L0003X,tier_1_primary_pharmacy,Y,Y,
1891354122,FRISCORX AND COMPOUNDING LLC,5933 DALLAS PKWY STE 300,,PLANO,TX,750938521,9724039000,DIRECTOR,333600000X,tier_1_primary_pharmacy,Y,Y,
1427617570,SHUBHA LLC,1139 W BRAKER LN STE 102,,AUSTIN,TX,787584113,5122063150,OWNER/PHARMACIST,3336C0003X,tier_1_primary_pharmacy,Y,Y,
1447819479,DMB HEALTH AT CORPUS LLC,1314 S STAPLES ST,,CORPUS CHRISTI,TX,784043121,3613454646,OWNER,3336C0003X,tier_1_primary_pharmacy,Y,Y,
1982263950,"MEKASON PHARMACY GREENWOOD, INC",1805 S COUNTY RD 1105,SUITE C,MIDLAND,TX,79706,4326823100,OFFICER,3336C0003X,tier_1_primary_pharmacy,Y,Y,
1245890805,CENTEX PHARMACIES INC,702 E UNIVERSITY AVE,,GEORGETOWN,TX,786267036,5128632506,REGIONAL MANAGER,3336L0003X,tier_1_primary_pharmacy,Y,Y,
1952961369,"QUICK PHARMACY, LLC",701 E PALM VALLEY BLVD,,ROUND ROCK,TX,786643245,5122552144,DIRECTOR OF PHARMACY OPERATIONS,3336L0003X,tier_1_primary_pharmacy,Y,Y,
1386204717,"M & S PHARMACY, INC.",917 E AUSTIN ST,,NACOGDOCHES,TX,759652845,9365647373,DIRECTOR OF PHARMACY OPERATIONS,3336L0003X,tier_1_primary_pharmacy,Y,Y,
1548820756,AROIAN MANAGEMENT LLC,5222 FM 1960 RD W,SUITE 226,HOUSTON,TX,77069,2818366887,OFFICER,3336C0003X,tier_1_primary_pharmacy,Y,Y,
1205496569,PL PHARMACY INC,3360 MATLOCK RD STE 100,,ARLINGTON,TX,76015,8175836816,OWNER/PIC,3336C0003X,tier_1_primary_pharmacy,Y,Y,
1902466105,SOLARIS PHARMACY 2,2511 CROCKETT DRIVE,,BROWNWOOD,TX,76801,9402071638,DIRECTOR/CEO,3336L0003X,tier_1_primary_pharmacy,Y,Y,
1417517442,AAZZI TRADE LLC,8049 PRESTON RD STE 600,,FRISCO,TX,750340187,4696640099,OWNER/MANAGER,3336L0003X,tier_1_primary_pharmacy,Y,Y,
1396305413,"STEPHEN F AUSTIN COMMUNITY HEALTH CENTER, INC",905 N GULF BLVD STE 100,,FREEPORT,TX,775413907,2818241480,CREDENTIALING,3336C0003X,tier_1_primary_pharmacy,Y,Y,
1427618461,SEMINOLE HOSPITAL DISTRICT OF GAINES COUNTY TEXAS,209 NW 8TH ST # 1080,,SEMINOLE,TX,793603447,4327584971,COO,3336C0003X,tier_1_primary_pharmacy,Y,Y,
1659932267,"RIO GRANDE PHARMACY, LLC",5500 DONIPHAN DR. STE 201-202,,EL PASO,TX,79932,9152608555,CEO,3336C0003X,tier_1_primary_pharmacy,Y,Y,
1679134845,"MCMAHAN PHARMACY SERVICES, INC.",1503 W FRONT ST,,GOLDTHWAITE,TX,768442056,3256482484,"OWNER, PIC",3336L0003X,tier_1_primary_pharmacy,Y,Y,
1225690134,"H-E-B, LP",10200 HIGHWAY 242,,CONROE,TX,77385,9365251200,GOVERNMENT PROGRAMS MANAGER,3336C0003X,tier_1_primary_pharmacy,Y,N,H-E-B
1215599139,"H-E-B, LP",19529 NORTHPARK DRIVE,,KINGWOOD,TX,77339,2813121364,GOVERNMENT PROGRAMS MANAGER,3336C0003X,tier_1_primary_pharmacy,Y,N,H-E-B
1497317366,"RED RIVER PHARMACY LONG TERM CARE, LLC",4801 TROUP HWY STE 401,,TYLER,TX,757032358,9036176885,DIRECTOR OF BUSINESS,3336H0001X,tier_1_primary_pharmacy,Y,Y,
1306408265,"JTDEAN, LLC",801 W CHAPMAN DR # 10,,SANGER,TX,762669035,9404584448,OWNER/ PIC,333600000X|3336C0003X,tier_1_primary_pharmacy,Y,Y,
1386206209,"H-E-B, LP",6055 SOUTH FREEWAY,,HOUSTON,TX,77004,7135222100,GOVERNMENT PROGRAMS MANAGER,3336C0003X,tier_1_primary_pharmacy,Y,N,H-E-B
1447812953,MASON PHARMACY LLC,17531 FM 529 RD STE 400,,HOUSTON,TX,770951181,8324275785,OWNER,3336C0003X,tier_1_primary_pharmacy,Y,Y,
1508428046,PHARMACORE CONSULTING GROUP,2440 TEXAS PKWY STE 380,,MISSOURI CITY,TX,774894000,4092841938,CLINICAL PHARMACIST,3336C0002X,tier_2_secondary_pharmacy,N,Y,
1417519810,PAY AND SAVE INC,201 E GRANT AVE,,MORTON,TX,793463444,8062660070,CFO/TREASURER,3336C0003X,tier_1_primary_pharmacy,Y,Y,
1639721756,THE PHARMACY SHOP OF WEIMAR INC,406 YOUENS DR,,WEIMAR,TX,789623680,9797256713,CLERK,333600000X,tier_1_primary_pharmacy,Y,Y,
1942862164,LARJEMS INVESTMENTS LLC,12410 MONTWOOD DR STE C,,EL PASO,TX,799281789,9155004566,OFFICER,3336C0003X,tier_1_primary_pharmacy,Y,Y,
1851943880,C&R PHARMACY,2308 EXPRESSSWAY 83 STE A,,PENITAS,TX,78576,9562711064,VICE-PRESIDENT,3336L0003X,tier_1_primary_pharmacy,Y,Y,
1588216311,ASA PHARMACY LLC,419 N LA SALLE ST,,NAVASOTA,TX,778682435,9368253470,OWNER/ PHARMACIST IN CHARGE,3336C0003X,tier_1_primary_pharmacy,Y,Y,
1275185027,"G & H DRUGS, LLC",1705 DAYTON AVE,,WICHITA FALLS,TX,763016109,9406318100,OWNER & CHIEF EXECUTIVE OFFICER,3336C0003X,tier_1_primary_pharmacy,Y,Y,
1366094955,SEVEN SEAS PHARMA INC.,891 EAST KELLER PKWY,STE 101-B,KELLER,TX,762482486,8173808287,PHARMACIST / OFFICER,3336C0003X,tier_1_primary_pharmacy,Y,Y,
1801448550,ASPCARES INC.,1400 N WESTGATE DR STE 200,,WESLACO,TX,785994329,9562674131,PRESIDENT/OWNER,3336S0011X|333600000X,tier_1_primary_pharmacy,Y,Y,
1720630296,CENTRAL TEXAS COMMUNITY HEALTH CENTERS,1210 W BRAKER LN,,AUSTIN,TX,787583801,5129789080,PROVIDER CONTRACTING MANAGER,333600000X|3336C0002X|3336C0003X,tier_1_primary_pharmacy,Y,Y,
1770136806,"HEALTHMARK PHARMACY, LLC",2436 S INTERSTATE 35 E STE 336B,,DENTON,TX,762054900,4697022006,MANAGING MEMBER,3336C0003X,tier_1_primary_pharmacy,Y,Y,
1548813322,VRP LLC,204 MEDICAL DR STE 120,,SHERMAN,TX,750926372,9033750833,OWNER,3336C0003X,tier_1_primary_pharmacy,Y,Y,
1649823535,PATIENT 1ST PHARMACY DALLAS LLC,4600 FULLER DR STE 360,,IRVING,TX,750386551,9726008216,OWNER,333600000X,tier_1_primary_pharmacy,Y,Y,
1760035687,DELJIM INCORPORATED,5201 S COOPER ST STE 117,,ARLINGTON,TX,760175964,4699688025,PIC,3336C0003X,tier_1_primary_pharmacy,Y,Y,
1609420025,UNIVERSITY OF TEXAS SOUTHWESTERN MEDICAL CENTER AT DALLAS,5303 HARRY HINES BLVD,SUITE 100 JAMES ASTON AMBULATORY CARE CENTER,DALLAS,TX,753908862,2146482422,CFO,3336C0003X,tier_1_primary_pharmacy,Y,Y,
1497309660,PAREEK INC,13988 DIPLOMAT DR STE 100-B,,FARMERS BRANCH,TX,752348807,2149192520,PRESIDENT/OWNER,3336H0001X,tier_1_primary_pharmacy,Y,Y,
1063066041,APOGEE PHARMACY,608 E BAILEY BOSWELL RD STE 140,,SAGINAW,TX,761313570,8173498088,PRESIDENT,3336C0003X,tier_1_primary_pharmacy,Y,Y,
1922652684,LEAGUE PHARMACY LLC,303 E MAIN ST,,LEAGUE CITY,TX,77573,8322243842,MANAGING PARTNER,3336L0003X,tier_1_primary_pharmacy,Y,Y,
1144874967,CAPSULE DALLAS LLC,2909 MCKINNEY AVE STE A,,DALLAS,TX,752047479,2142146002,SOLE MEMBER,3336C0003X,tier_1_primary_pharmacy,Y,Y,
1740834605,SREE PHARMA CORPORATION,133 W MAIN ST,,GUN BARREL CITY,TX,751565298,4699959958,AUTHORIZED OFFICIAL,3336C0003X,tier_1_primary_pharmacy,Y,Y,
1164076618,PEARLAND UNICARE PHARMACY LLC,7400 FANNIN STREET SUITE 120,,HOUSON,TX,77054,3462939096,OWNER,333600000X|3336S0011X|3336C0003X,tier_1_primary_pharmacy,Y,Y,
1902451313,BSK CARE PHARMACY LLC,25301 BOROUGH PARK DR,,THE WOODLANDS,TX,773803560,2816515308,OWNER,3336C0003X,tier_1_primary_pharmacy,Y,Y,
1629623921,DEER PARK PHARMACY INC,5001 COLLEGE PARK DR,,DEER PARK,TX,775366361,2819307571,PHARMACY MANAGER,3336C0003X,tier_1_primary_pharmacy,Y,Y,
1982259198,PEARLAND UNICARE PHARMACY LLC,3569 BUSINESS CENTER DR STE 175,,PEARLAND,TX,775841914,3463747358,OWNER,3336H0001X|3336M0002X|3336S0011X|3336C0003X,tier_1_primary_pharmacy,Y,Y,
1669027660,EKLINGJI HEALTHCARE LLC,6249 GRANBURY RD,,FORT WORTH,TX,761333401,8178879990,PHARMACY MANAGER,3336C0003X,tier_1_primary_pharmacy,Y,Y,
1558916692,HAMARSYL PHARMACY LLC,122 N ALAMO RD STE 3,,ALAMO,TX,785162215,9566274358,PIC/MANAGER,3336C0003X,tier_1_primary_pharmacy,Y,Y,
1215582184,SKY RX LLC,9073 S DAIRY ASHFORD RD,,HOUSTON,TX,770991215,2819393356,DIRECTOR,333600000X,tier_1_primary_pharmacy,Y,Y,
1134774037,TEXAS CHILDREN'S HOSPITAL,17600 I-45 SOUTH,,THE WOODLANDS,TX,77384,9362675357,CFO,3336C0003X|3336C0004X|3336I0012X,tier_1_primary_pharmacy,Y,Y,
1255986220,NURX PHARMACY LLC,421 S 77 SUNSHINESTRIP STE F,,HARLINGEN,TX,785507450,9562305565,MANAGING MEMBER,3336C0004X|3336C0003X|333600000X,tier_2_secondary_pharmacy,N,Y,
1316592215,"SUNNY BOY PHARMACY, LLC",4388 SUNBELT DR,,ADDISION,TX,75001,9723624151,PIC,3336C0003X,tier_1_primary_pharmacy,Y,Y,
1558916502,LIVE WELL PHARMACY LLC,4200 STUART ST,,GREENVILLE,TX,754015759,9032596797,OFFICER,3336C0003X,tier_1_primary_pharmacy,Y,Y,
1699320309,THURMANS PRO-MED PHARMACY LLC (LONG TERM CARE DIV),402 N MADISON AVE,,MOUNT PLEASANT,TX,754553949,9035726337,PHARMACIST/OWNER,3336L0003X,tier_1_primary_pharmacy,Y,Y,
1073168878,CAPSULE HOUSTON LLC,243 WESTHEIMER RD STE 110,,HOUSTON,TX,770063221,8326626000,SOLE MANAGER,3336C0003X,tier_1_primary_pharmacy,Y,Y,
1649826066,LEMON PHARMACY LLC,3501 N MACARTHUR BLVD STE 340,,IRVING,TX,750623606,9728899805,MANAGER,3336C0003X,tier_1_primary_pharmacy,Y,Y,
1912553348,HAZEL'S COMPUNDING RX PHARMACY,1801 COUNTRY PLACE PKWY STE 115,,PEARLAND,TX,775845121,7133400202,OWNER/PHARMACIST,3336L0003X,tier_1_primary_pharmacy,Y,Y,
1093361289,NILE PHARMACY LLC,412 VILLAGE DR STE 100A,,MURPHY,TX,750944631,4697330865,MANAGER,3336C0003X,tier_1_primary_pharmacy,Y,Y,
1295381473,PHYZ HEALTHCARE SOLUTIONS LLC,21134 MARKET RIDGE,STE. 101,SAN ANTONIO,TX,782584986,8445905792,CEO,3336C0003X|333600000X,tier_1_primary_pharmacy,Y,Y,
1669028742,HITCHCOCK HOMETOWN PHARMACY LLC,8725 HIGHWAY 6,,HITCHCOCK,TX,775633113,4092090847,OWNER,3336C0003X,tier_1_primary_pharmacy,Y,Y,
1467008524,FAM PHARM LLC,5107 MEDICAL DR,,SAN ANTONIO,TX,78229,2106148615,OWNER/OFFICER,3336C0003X,tier_1_primary_pharmacy,Y,Y,
1558917559,"PRIMECARE PHARMACY, LLC",1327 LAKE POINTE PKWY STE 420,,SUGAR LAND,TX,774783492,2812018346,OFFICER,3336C0003X,tier_1_primary_pharmacy,Y,Y,
1780231308,RX HEALER INC,1611 F SPENCER HWY SOUTH,,HOUSTON,TX,77587,7135341302,OFFICER,3336C0003X,tier_1_primary_pharmacy,Y,Y,
1104473701,RIOS PHARMACEUTICALS LTD,708 N GRANT ST,,ROMA,TX,785845310,9568491811,PRESIDENT,3336L0003X,tier_1_primary_pharmacy,Y,Y,
1023665635,J & B PHARMACARE LLC,101 N FM 3167 STE 101-102,,RIO GRANDE CITY,TX,785822080,9564881811,PRESIDENT,3336L0003X,tier_1_primary_pharmacy,Y,Y,
1457908782,"TWIN RIVERS PHARMACY, LLC",7777 WARREN PKWY STE 360,,FRISCO,TX,750346549,9723429056,PHARMACIST,3336C0003X,tier_1_primary_pharmacy,Y,Y,
1275180507,TOUCHSTONE IV INC,9101 LAKEVIEW PKWY STE 500,,ROWLETT,TX,750884574,4699251010,VP,3336C0004X|3336S0011X|3336H0001X,tier_1_primary_pharmacy,Y,Y,
1396392346,BBLL INC.,1111 HIGHWAY 6 STE 110,,SUGAR LAND,TX,774784960,8322892729,PRESIDENT,3336C0003X,tier_1_primary_pharmacy,Y,Y,
1003463092,MEDCARE-PTX-75069 LLC,1505 HARROUN AVE STE 2,,MCKINNEY,TX,750693433,4693131030,CEO,3336C0003X|333600000X,tier_1_primary_pharmacy,Y,Y,
1497302202,SCURRY COUNTY HOSPITAL DISTRICT,1700 COGDELL BLVD,,SNYDER,TX,795496162,3255747423,CEO,3336C0002X,tier_1_primary_pharmacy,Y,Y,
1821646597,SELECT MEDS LLC,8449 W BELLFORT ST STE 222,,HOUSTON,TX,770712249,7135341460,OWNER,3336C0003X,tier_1_primary_pharmacy,Y,Y,
1639727076,TOWN PHARMACY LLC,3806 AVENUE I STE 3,,ROSENBERG,TX,77471,2817622307,OFFICER,3336C0003X|333600000X,tier_1_primary_pharmacy,Y,Y,
1528616992,EAST TEXAS BORDER HEALTH CLINIC,1400 COLLEGE DR,,TEXARKANA,TX,755033536,9037928296,CEO,3336C0003X,tier_1_primary_pharmacy,Y,Y,
1598313504,CARVER DRUG,1110 E 11TH PL,,BIG SPRING,TX,797204709,4328942395,OWNER,3336C0003X,tier_1_primary_pharmacy,Y,Y,
1770132607,NEXGEN PHARMACEUTICALS LLC,2005 FORT WORTH HWY STE 100,,WEATHERFORD,TX,760864780,8175997781,OFFICER,3336C0004X,tier_1_primary_pharmacy,Y,Y,
1982253738,SPACE CITY PHARMACY LLC,902 S FRIENDSWOOD DR STE E,,FRIENDSWOOD,TX,775465154,8325695062,MANAGING MEMBER,333600000X|3336C0003X,tier_1_primary_pharmacy,Y,Y,
1770132565,"MIKOSH DRUG COMPANY, LLC",334 W MAIN ST,,FREDERICKSBURG,TX,786243712,8309988658,PRESIDENT,3336C0004X|3336C0003X,tier_1_primary_pharmacy,Y,Y,
1154970663,"SAENZ MEDICAL PHARMACY NOLANA, INC",801 E NOLANA AVE STE 22,,MCALLEN,TX,785046106,9566872500,OWNER,3336L0003X,tier_2_secondary_pharmacy,N,Y,
1346899853,"SAENZ MEDICAL PHARMACY OF MCALLEN, INC.",212 LINDBERG AVE,,MCALLEN,TX,785012920,9566306465,OWNER,3336L0003X,tier_1_primary_pharmacy,Y,Y,
1831748334,"SAENZ MEDICAL PHARMACY OF PENITAS, INC.",1000 E EXPRESSWAY 83 STE 1,,LA JOYA,TX,785608304,9565852704,OWNER/VICE PRESIDENT,3336L0003X,tier_1_primary_pharmacy,Y,Y,
1144879651,"SAENZ MEDICAL PHARMACY RIDGE, INC.",1200 E RIDGE RD STE 13,,MCALLEN,TX,785031528,9566302500,OWNER,3336L0003X,tier_2_secondary_pharmacy,N,Y,
1245889757,"SAENZ MEDICAL PHARMACY LONE STAR, INC.",2121 E GRIFFIN PKWY STE 18,,MISSION,TX,785723072,9565196500,OWNER,3336L0003X,tier_2_secondary_pharmacy,N,Y,
1376192740,"PROXSYS RX - TX, LLC",4215 JOE RAMSEY BLVD E STE 220,,GREENVILLE,TX,754017852,9034227545,PRESIDENT PHARMACY SERVICES,3336C0003X,tier_1_primary_pharmacy,Y,Y,
1427608462,LIVINGSTON PHARMACY LLC,503 N WASHINGTON AVE,,LIVINGSTON,TX,773512839,9363270213,OWNER,333600000X|3336C0003X,tier_1_primary_pharmacy,Y,Y,
1972153914,COMPLETE SOLUTIONS RX LLC,145 LANARK DR,,SAN ANTONIO,TX,782181821,2105301184,OWNER,333600000X,tier_1_primary_pharmacy,Y,Y,
1720638703,TULIP PHARMACY LLC,1020 HERNDON DR.,,ROSENBERG,TX,77471,3468432294,MANAGING OFFICER,3336C0003X,tier_1_primary_pharmacy,Y,Y,
1184274094,TARRANT COUNTY HOSPITAL DISTRICT,1450 8TH AVE,,FT WORTH,TX,761044110,8177028336,PRESIDENT PHARMACY SERVICES,3336S0011X,tier_1_primary_pharmacy,Y,Y,
1053961854,986 SPECIALTY PHARMACY 3 INC,6205 COIT RD STE 356,,PLANO,TX,750245491,4695430199,PHARMACIST IN CHARGE,333600000X|3336C0003X,tier_1_primary_pharmacy,Y,Y,
1205486099,PALESTINE PHARMACY LLC,101 MEDICAL DR,,PALESTINE,TX,758014781,9037293100,OWNER/PIC,3336L0003X,tier_1_primary_pharmacy,Y,Y,
1801446414,KERMED PHARMACY LLC,6729 BANDERA RD,,LEON VALLEY,TX,782381438,2109570098,OWNER,333600000X,tier_1_primary_pharmacy,Y,Y,
1821648361,PHARMACY 2 PLUS LLC,9026 CULEBRA RD STE 107,,SAN ANTONIO,TX,782512881,2107573388,OWNER,3336C0003X,tier_1_primary_pharmacy,Y,Y,
1194375642,"GREEN LEAF PHARMACY, LLC",201 W BOYD DR STE 105A,,ALLEN,TX,750132512,6824100002,MANAGER,3336C0003X,tier_1_primary_pharmacy,Y,Y,
1093366106,"MEDCENTRIX PHARMACY, LLC",5720 BANDERA RD STE 4B,,SAN ANTONIO,TX,782381950,2108888284,MANAGING MEMBER,3336C0003X,tier_1_primary_pharmacy,Y,Y,
1144871245,SCRIPTCO,6916 WOODWAY DR,,WOODWAY,TX,767126148,2543007366,OFFICER,3336M0002X|3336C0003X,tier_1_primary_pharmacy,Y,Y,
1215588827,REGENCY IHS PHARMACY SERVICES LLC,555 ROUND ROCK WEST DR STE F-300,,ROUND ROCK,TX,786815052,7372427100,DIRECTOR/PIC,3336L0003X,tier_1_primary_pharmacy,Y,Y,
1205487865,TRUHERBS LLC,231 W GREENS RD,,HOUSTON,TX,770674600,3462707995,PHARMACIST IN CHARGE/MANAGEER,3336C0003X,tier_1_primary_pharmacy,Y,Y,
1346891991,"H-E-B, LP",6520 FRATT RD STE 110,,SAN ANTONIO,TX,782184402,2106460295,GOVERNMENT PROGRAMS MANAGER,3336C0004X|3336C0003X,tier_1_primary_pharmacy,Y,N,H-E-B
1124679592,BROOKSHIRE BROTHERS INC,34692 US HIGHWAY 96 S,,BUNA,TX,77612,4099949800,PRESIDENT CEO,3336C0003X,tier_1_primary_pharmacy,Y,Y,
1932750254,SIGMA PHARMACY LLC,1312 E COMMON ST STE 402,,NEW BRAUNFELS,TX,781303567,8305003472,OWNER,3336C0004X|3336C0003X,tier_1_primary_pharmacy,Y,Y,
1669013793,SWAGATH LLC,5107 MEDICAL DR,STE #202,SAN ANTONIO,TX,78229,4092252098,OFFICER,3336C0003X,tier_1_primary_pharmacy,Y,Y,
1215578265,LUX PHARMACY,9404 W SAM HOUSTON PKWY S STE E,,HOUSTON,TX,770992054,8328100300,OFFICER,3336C0003X,tier_1_primary_pharmacy,Y,Y,
1336780246,MIDLAND CARE PHARMACY LLC,1111 N MIDKIFF RD STE A,,MIDLAND,TX,797012120,4322790912,PIC,3336C0003X,tier_1_primary_pharmacy,Y,Y,
1366083255,LAKEVIEW PHARMACY LLC,5716 BELLAIRE BLVD STE J,,HOUSTON,TX,770815512,2819695221,OWNER,3336C0003X,tier_1_primary_pharmacy,Y,Y,
1457992117,CHILDREN'S HEALTH SYSTEM OF TEXAS,7601 PRESTON RD STE L1203,,PLANO,TX,750243214,4693036209,CHIEF FINANCIAL OFFICER,3336C0004X|3336C0003X,tier_1_primary_pharmacy,Y,Y,
1558902296,RISING STAR MEDICALS LLC,111 E RILEY ST STE B,,FREER,TX,783571830,3613947002,OWNER,333600000X|3336C0003X,tier_1_primary_pharmacy,Y,Y,
1851932537,ELITEPHARMA-RX,613 UPTOWN BLVD STE 105,,CEDAR HILL,TX,751043512,4695750034,OWNER,3336C0004X,tier_1_primary_pharmacy,Y,Y,
1205477569,NAHED GLOBAL LLC,2417 W PLEASANT RIDGE RD,,ARLINGTON,TX,760154522,8179184900,PRESIDENT,3336C0003X,tier_1_primary_pharmacy,Y,Y,
1811538242,BROOKSHIRE DISCOUNT PHARMACY LLC,5001 FRONT ST STE 9,,BROOKSHIRE,TX,774238503,2813759673,AUTHORIZED OFFICIAL,3336C0003X,tier_1_primary_pharmacy,Y,Y,
1700427069,HKC RX LLC,707 N FIELDER RD STE B,,ARLINGTON,TX,760124637,8177732833,OFFICER,3336C0003X,tier_1_primary_pharmacy,Y,Y,
1184265498,MEDCARE PHARMACY LLC,3712 NEW MATHIS RD STE 1,,ELMENDORF,TX,781126298,2107940099,OFFICER,3336C0003X,tier_1_primary_pharmacy,Y,Y,
1205478484,"H-E-B, LP",4955 BEECHNUT ST,,HOUSTON,TX,770961600,7136644700,GOVERNMENT PROGRAMS MANAGER,3336C0003X,tier_1_primary_pharmacy,Y,N,H-E-B
1841832912,"PEACH PHARMACY, LLC",2401 W PIONEER PKWY STE 117,,PANTEGO,TX,760136038,6823474022,OWNER,333600000X|3336C0003X,tier_1_primary_pharmacy,Y,Y,
1265074207,HEALTH AMERICA LLC,541 W MAIN ST STE 140,,LEWISVILLE,TX,750573666,9729472288,MANAGING OFFICER,3336C0003X,tier_1_primary_pharmacy,Y,Y,
1285276311,EMPOWER PHARMACY,7601 N SAM HOUSTON PKWY W STE 200,,HOUSTON,TX,770643595,3267844178,OWNER,3336C0003X,tier_1_primary_pharmacy,Y,Y,
1427690577,BIRCHWOOD RX,2506 OVILLA RD STE A,,RED OAK,TX,751544008,4698209722,OWNER,3336C0003X,tier_1_primary_pharmacy,Y,Y,
1285276006,CHRYSALIS GROUP LLC,1259 FM 1463 SUITE 700,,KATY,TX,77494,2819851418,OWNER,3336C0003X,tier_1_primary_pharmacy,Y,Y,
1497397103,"VIET HOA RX, LLC",12454 BEECHNUT ST STE 8,,HOUSTON,TX,770723987,2817414138,MANAGER,3336C0003X,tier_1_primary_pharmacy,Y,Y,
1326680034,"COLDSPRING BROTHERS, LLC",11780 FM 1960 RD W,,HOUSTON,TX,770653514,8324785566,MANAGER,3336C0003X,tier_1_primary_pharmacy,Y,Y,
1770125379,CLRX INC,433 LAS COLINAS BLVD E STE 1075,,IRVING,TX,750395581,8177209540,MANAGER,333600000X,tier_1_primary_pharmacy,Y,Y,
1124660634,FIVE STAR CARE INC.,14405 FM 2100 RD STE C,,CROSBY,TX,775326586,2814624480,MANAGER,3336C0003X,tier_1_primary_pharmacy,Y,Y,
1730721192,BCRR RX INC,1505 S HIGHWAY 69,,NEDERLAND,TX,776277807,4098534100,PRESIDENT,3336C0003X,tier_1_primary_pharmacy,Y,Y,
1487296919,LAX SOLUTIONS LLC,3527 SHAVER ST # 105,,PASADENA,TX,775041307,8324879420,OWNER,3336C0003X,tier_1_primary_pharmacy,Y,Y,
1023650439,SCEPTER HEALTH RESOURCES LLC,9400 LAKEVIEW PKWY STE 111,,ROWLETT,TX,750884434,9729541231,PRESIDENT,333600000X|3336C0004X|3336C0003X,tier_1_primary_pharmacy,Y,Y,
1689217069,MACE CARE PHARMACY LLC,6306 GULFTON ST STE 102,,HOUSTON,TX,770811117,8329257033,AUTHORIZED OFFICIAL,3336C0003X,tier_1_primary_pharmacy,Y,Y,
1538702956,"ZENITH RX, LLC",607 S WW WHITE RD,,SAN ANTONIO,TX,782201732,2108819051,OWNER,3336C0003X,tier_1_primary_pharmacy,Y,Y,
1376186643,"BOTW HEALTH, INC",12879 JOSEY LN STE 115,,FARMERS BRANCH,TX,752346374,9729822232,PIC,3336C0004X|3336C0003X,tier_1_primary_pharmacy,Y,Y,
1356984439,BAPTIST HOSPITALS OF SOUTHEAST TEXAS,3180 COLLEGE ST,,BEAUMONT,TX,777014608,4092127289,CEO,3336C0003X,tier_1_primary_pharmacy,Y,Y,
1881237923,CARE 101 PHARMACY LLC,2815 N. MAIN ST,,STAFFORD,TX,77477,2819698553,OWNER,3336C0003X,tier_1_primary_pharmacy,Y,Y,
1699318253,MP SOUTHPARK PHARMACY LLC,309 CHRURCH ST,,STERLING CITY,TX,76951,3253781147,FINANCE MANAGER,3336C0003X,tier_1_primary_pharmacy,Y,Y,
1033752548,SLS HEALTH INC,1001 CROSS TIMBERS RD STE 1170,,FLOWER MOUND,TX,750288817,9723554614,PHARMACIST,3336L0003X,tier_1_primary_pharmacy,Y,Y,
1770127250,MP SOUTHPARK PHARMACY LLC,104 E SAN SABA ST,,MENARD,TX,768592709,3253962480,FINANCE MANAGER,3336C0003X,tier_1_primary_pharmacy,Y,Y,
1598309007,MEDICI PHARMACY LLC,12930 DAIRY ASHFORD RD STE 702,,SUGAR LAND,TX,774784667,7139937770,MANAGER,333600000X,tier_1_primary_pharmacy,Y,Y,
1891339214,GOLDCOAST PHARMACEUTICALS INC,8433 FM 1464 RD STE S,,RICHMOND,TX,774071103,2819377307,OFFICER,3336C0003X,tier_1_primary_pharmacy,Y,Y,
1386288868,FIESTA LIFECARE PHARMACY 8 LLC,412 E RILEY ST,,FREER,TX,75063,3613945151,MANAGER/OWNER,3336C0003X,tier_1_primary_pharmacy,Y,Y,
1215571625,"ACARIAHEALTH PHARMACY #11, INC.",1311 W SAM HOUSTON PKWY N STE 130,,HOUSTON,TX,770434015,8329001367,PRESIDENT,333600000X,tier_1_primary_pharmacy,Y,Y,
1699319863,KARE HOME INFUSION PHARMACY PLLC,4225 GLADYS AVE STE A,,BEAUMONT,TX,777063644,4092231055,OWNER,3336H0001X|333600000X,tier_1_primary_pharmacy,Y,Y,
1770127821,"METHODIST COMMUNITY PHARMACY, LLC",3500 W WHEATLAND RD STE B,,DALLAS,TX,752373460,2149470250,CPO,3336C0003X,tier_1_primary_pharmacy,Y,Y,
1205470085,NORTHSTAR PHARMACY LLC,6014 SOUTHWEST BLVD,,BENBROOK,TX,76109,4692968132,OWNER,3336C0003X,tier_1_primary_pharmacy,Y,Y,
1972147791,INTEGRICARE PHARMACY LLC,1505 W MCDERMOTT DR STE 125,,ALLEN,TX,750133029,9722129368,PRESIDENT,3336C0003X,tier_1_primary_pharmacy,Y,Y,
1003450859,PHARMACY PLACE LLC,7330 SOUTHWEST FWY STE G,,HOUSTON,TX,770742178,8329624774,PHARMACIST IN CHARGE,3336L0003X|3336C0003X,tier_1_primary_pharmacy,Y,Y,
1093359671,"ESSENTIALS PHARMACY, LLC",451 FM 646 RD E STE C1,,DICKINSON,TX,775393010,2818889159,OFFICER,3336C0003X,tier_1_primary_pharmacy,Y,Y,
1386289254,DREAMCARE PHARMACY LLC,7616 BRANFORD PL STE 330,,SUGAR LAND,TX,774793794,2812012280,OWNER,3336S0011X|3336C0003X,tier_1_primary_pharmacy,Y,Y,
1972149680,CAPSULE AUSTIN LLC,210 W 7TH ST STE B,,AUSTIN,TX,787012903,5128935000,SOLE MEMBER,3336C0003X,tier_1_primary_pharmacy,Y,Y,
1396381935,"RECEPT PHARMACY, LP",800 8TH AVE STE 130,,FORT WORTH,TX,761042606,8663261425,"DIRECTOR, LICENSING & CREDENTIALING",3336M0002X,tier_1_primary_pharmacy,Y,Y,
1558907162,COASTAL BEND CANCER CENTER PHARMACY LLC,1625 RODD FIELD RD STE 100-A,,CORPUS CHRISTI,TX,784124926,3615615843,MANAGER,3336C0003X,tier_1_primary_pharmacy,Y,Y,
1679119093,DOUGHERTYS PHARMACY HUMBLE LLC,211 FM 1960 BYPASS RD E,,HUMBLE,TX,773383605,2814469191,AUTHORIZED OFFICIAL,3336C0003X,tier_1_primary_pharmacy,Y,Y,
1942846449,"W, DAVIS RX LLC",3421 W DAVIS ST STE 200,,CONROE,TX,773041846,9367035232,CORPORATE OFFICER,3336C0003X,tier_1_primary_pharmacy,Y,Y,
1700422094,HANSABA LLC,5624 HIGHWAY 78,,SACHSE,TX,750483744,4694430424,OWNER,3336S0011X|333600000X,tier_1_primary_pharmacy,Y,Y,
1215573472,"LOVE AND HEALTHCARE PHARMACY, LLC",2540 E PLANO PKWY STE 160,,PLANO,TX,750747400,2145014766,MANAGING MEMBER,333600000X,tier_1_primary_pharmacy,Y,Y,
1255977476,"J & S PROSPERITY, LLC",1544 KENFOREST DR,,MISSOURI CITY,TX,774892165,3465702663,MANAGER,3336C0003X,tier_1_primary_pharmacy,Y,Y,
1467098608,CLASSICO ENTERPRISE LLC,10109 BISSONNET ST STE B,,HOUSTON,TX,770367859,7133671180,MANAGER,3336C0003X,tier_1_primary_pharmacy,Y,Y,
1376189365,SAI HEALTHWAY PHARMACY LLC,12881 N IH 35 STE 101,,LIVE OAK,TX,782332966,2103147274,OWNER,3336C0003X,tier_1_primary_pharmacy,Y,Y,
1831735992,"WP PHARMA LABS, INC.",4001 MCEWEN RD STE 110,,DALLAS,TX,752445388,4697224500,PRESIDENT,3336C0004X,tier_1_primary_pharmacy,Y,Y,
1699311696,D & E PHARMACEUTICAL SERVICES,700 S. COLLEGE,,HOLLIDAY,TX,76366,9405834376,PRESIDENT,3336C0003X,tier_1_primary_pharmacy,Y,Y,
1396381224,TEXAS STATE PHARMACY LLC,1314 E SONTERRA BLVD STE 2102,,SAN ANTONIO,TX,782584286,2107041551,PRESIDENT,3336C0003X,tier_1_primary_pharmacy,Y,Y,
1962049627,"MFM PHARMACY, LLC",6912 FM 1488 RD STE B,,MAGNOLIA,TX,773541527,2812144040,PHARMACY MANAGER,333600000X,tier_1_primary_pharmacy,Y,Y,
1225675978,"WOODLANDS PHARMACY GROUP, LLC",1230 RAYFORD BEND,SUITE 200,SPRING,TX,773864692,2812922300,PRESIDENT,3336C0003X,tier_1_primary_pharmacy,Y,Y,
1568009256,HALOWELLS LLC,2522 WESTMINISTER ST,,PEARLAND,TX,775814518,3463417113,OWNER,3336L0003X|3336M0002X|3336S0011X|3336C0003X,tier_1_primary_pharmacy,Y,Y,
1366089815,LAKE JUNE PHARMACY LLC,11203 LAKE JUNE RD STE 106,,BALCH SPRINGS,TX,751801219,6145995576,MANAGER,3336C0003X,tier_1_primary_pharmacy,Y,Y,
1225675457,TRINITY SPECIALTY PHARMACY LLC,7323 MARBACH RD STE 105,,SAN ANTONIO,TX,782271905,2102336054,OFFICER,3336C0003X,tier_1_primary_pharmacy,Y,Y,
1396382552,"H-E-B, LP",1601 TRINITY ST BLDG A STE 105,,AUSTIN,TX,78712,5123209998,GOVERNMENT PROGRAMS MANAGER,3336C0003X,tier_1_primary_pharmacy,Y,N,H-E-B
1033756093,"AFA PHARMACY, LLC",8821 S SAM HOUSTON PKWY W STE 100,,MISSOURI CITY,TX,774891495,2812319171,SECRETARY,3336C0003X|3336M0002X|3336S0011X|333600000X,tier_1_primary_pharmacy,Y,Y,
1255978136,VVMM PHARMACY LLC,6435 SAN FELIPE ST,,HOUSTON,TX,770572705,7137835704,OWNER,3336L0003X,tier_1_primary_pharmacy,Y,Y,
1770120669,"H-E-B, LP",9211 FM 723 RD,,RICHMOND,TX,77406,2812325500,GOVERNMENT PROGRAMS MANAGER,3336C0003X,tier_1_primary_pharmacy,Y,N,H-E-B
1689211575,"H-E-B, LP",8801 S CONGRESS AVE,,AUSTIN,TX,787457389,5122928662,GOVERNMENT PROGRAMS MANAGER,3336C0003X,tier_1_primary_pharmacy,Y,N,H-E-B
1861030504,MED SHOP PHARMACY INC,825 US HIGHWAY 271 N,,GILMER,TX,756445580,9036802600,PHARMACIST/OWNER,3336L0003X,tier_1_primary_pharmacy,Y,Y,
1578101184,HOWARD COUNTY COMMUNITY HEALTH CENTER PHARMACY,103 W 11TH ST,,BIG SPRING,TX,79720,4325174557,DIRECTOR OF PHARMACY,333600000X,tier_1_primary_pharmacy,Y,Y,
1578101093,"MEMORIAL HERMANN PHARMACY SERVICES, LLC",17510 W GRAND PKWY S STE 190,,SUGAR LAND,TX,774792647,2817255271,VP- RISK MGMT. &  LITIGATION,3336C0003X,tier_1_primary_pharmacy,Y,Y,
1962040436,QUEENSLAND ENTERPRISES INCORPORATED,7909 W GRAND PKWY S STE 215,,RICHMOND,TX,774078648,2817627130,OWNER/PIC,3336C0004X|3336S0011X|3336C0003X,tier_1_primary_pharmacy,Y,Y,
1285272690,BUFFALO RX LLC,200 N 15TH ST STE 6A,,CORSICANA,TX,751104500,8777943313,OWNER,3336C0003X,tier_1_primary_pharmacy,Y,Y,
1285272476,ORGANIC PHARMACY LLC,5001 S COOPER ST STE 215,,ARLINGTON,TX,760175993,8178032225,PHARMACIST IN CHARGE,333600000X,tier_1_primary_pharmacy,Y,Y,
1295373405,DONALD J. MEYERS,1863 TROUP HWY,,TYLER,TX,757015871,9035953737,MANAGER,3336L0003X,tier_1_primary_pharmacy,Y,Y,
1467090548,NPS CARE LLC,8801 WOODWAY DR STE D,,WOODWAY,TX,767123646,2542941400,CHIEF EXECUTIVE OFFICER,3336C0002X|3336L0003X,tier_1_primary_pharmacy,Y,Y,
1174161244,LEGACY COMMUNITY PHARMACY SERVICES,6441 HIGH STAR DR STE 100,,HOUSTON,TX,770745005,7138143499,SR VP OF PHARMACY,3336C0003X,tier_1_primary_pharmacy,Y,Y,
1699313767,"SUNFLOWER RX, LLC",110 E 7TH ST,,ODESSA,TX,797614506,4326062394,OWNER,3336C0003X|333600000X,tier_1_primary_pharmacy,Y,Y,
1851930895,CHRISTUS HEALTH ARK-LA-TEX,2604 SAINT MICHAEL DR STE 200,,TEXARKANA,TX,755032378,9036142200,PRESIDENT,3336S0011X,tier_2_secondary_pharmacy,N,Y,
1629617543,SMS ASSETS LLC,10161 HIGHWAY 242 STE 130,,THE WOODLANDS,TX,773854375,9362093553,OFFICER,333600000X|3336C0003X,tier_1_primary_pharmacy,Y,Y,
1164061974,DERITE PHARMACY LLC,6542 GREATWOOD PKWY STE B,,SUGAR LAND,TX,774796823,2817858242,CFO,333600000X,tier_2_secondary_pharmacy,N,Y,
1578102976,"FUSION RX SPECIALTY PHARMACY, LLC",3848 N TARRANT PKWY STE 150,,FORT WORTH,TX,762445424,8175627871,OFFICER,3336C0003X,tier_1_primary_pharmacy,Y,Y,
1922648013,BELZIK PHARMACY LLC,3927 SPENCER HWY,,PASADENA,TX,775041200,8326237314,PHARMACIST,3336C0003X|3336C0004X,tier_1_primary_pharmacy,Y,Y,
1073153011,"FALCON PHARMACY OF TEXAS #2, INC",2435 TEXAS PKWY STE B,,MISSOURI CITY,TX,774894061,2812087401,AUTHORIZED OFFICIAL,3336C0003X,tier_1_primary_pharmacy,Y,Y,
1306486048,"THORNHILL HEALTHCARE II, INC.",6823 82ND ST STE 600,,LUBBOCK,TX,794245154,8063688400,PRESIDENT,3336L0003X,tier_1_primary_pharmacy,Y,Y,
1154951390,"MEDRX SPECIALTY PHARMACY, LLC",19255 PARK ROW STE 103,,HOUSTON,TX,770847310,7133033189,CEO/OWNER,3336C0003X,tier_1_primary_pharmacy,Y,Y,
1518597780,DOCSTATION INC.,2011 E 10TH ST,,AUSTIN,TX,787023409,3195129664,CEO,333600000X,tier_1_primary_pharmacy,Y,Y,
1912537127,FAMILY PHARMACY AT LAS COLINAS LLC,6555 NORTH STATE HWY 161,SUITE B,IRVING,TX,75039,9728303600,VP,3336C0003X,tier_1_primary_pharmacy,Y,Y,
1659901866,ZAIN LLC,3115 COLLEGE PARK DR STE 103A,,CONROE,TX,773844173,9363214011,PHARMACIST IN CHARGE,3336L0003X,tier_1_primary_pharmacy,Y,Y,
1740810852,CHC CARE SPECIALTY PHARMACY AND CONSULTANTS LLC,14211 COIT RD STE 1,,DALLAS,TX,752542862,9728072527,PHARMACY DIRECTOR,3336C0003X|333600000X,tier_1_primary_pharmacy,Y,Y,
1699305797,SIGNATURE HEALTH PHARMACY LLC,3425 HIGHWAY 6 STE 104,,SUGAR LAND,TX,774784439,2814949935,MEMBER,3336S0011X|3336C0004X|3336L0003X|333600000X|3336C0003X,tier_1_primary_pharmacy,Y,Y,
1386274363,AGRACE LLC,721 W TARRANT RD STE 110,,GRAND PRAIRIE,TX,750503445,8332247223,PRESIDENT,3336L0003X|3336S0011X,tier_1_primary_pharmacy,Y,Y,
1023648847,RIVERS STATE PHARMACY LLC,1919 AVENUE H STE 100,,ROSENBERG,TX,774712629,8323633179,OWNER/DIRECTOR,3336C0003X,tier_1_primary_pharmacy,Y,Y,
1649800186,A & S PHARMACY LLC,2600 CORDES DR STE E,,SUGAR LAND,TX,774791352,8325573601,AUTHORIZED OFFICIAL,333600000X|3336H0001X|3336S0011X|3336C0003X,tier_1_primary_pharmacy,Y,Y,
1780214114,UNIVERSITY OF TEXAS SOUTHWESTERN MEDICAL CENTER AT DALLAS,12500 DALLAS PWKY,STE 1.200,FRISCO,TX,75033,4696049100,CFO,3336C0003X,tier_1_primary_pharmacy,Y,Y,
1245860535,VIVMEDS PHARMACY CORPORATION,3303 UNICORN LAKE BLVD # 280,,DENTON,TX,762100160,9402264849,PHARMACIST,3336C0004X|3336S0011X|3336C0003X,tier_1_primary_pharmacy,Y,Y,
1891326393,EAGLE PHARMACY,1404 S MAIN ST,,LINDALE,TX,757716267,9038815752,CEO,3336L0003X,tier_1_primary_pharmacy,Y,Y,
1871124214,"BETTER HEALTH PHARMACY, LLC",8615 S HULEN ST STE 115,,FORT WORTH,TX,761232762,6827083499,MANAGING MEMBER,3336L0003X|3336C0003X,tier_1_primary_pharmacy,Y,Y,
1770115131,ELIZ PHARMACY LLC,4800 SUGAR GROVE BLVD STE 385,,STAFFORD,TX,774772930,8328864526,CEO,333600000X|3336C0003X,tier_1_primary_pharmacy,Y,Y,
1952933038,NOVA HEALTH LLC,1408 SUMMIT AVE STE 2,,PLANO,TX,750748135,9727269009,PIC,333600000X|3336C0003X,tier_1_primary_pharmacy,Y,Y,
1952933152,"SCOTT'S QUITMAN PHARMACY, LLC",310 E GOODE ST,STE E,QUITMAN,TX,75783,9037639600,TECHNICIAN/OFFICE MANAGER,3336L0003X,tier_1_primary_pharmacy,Y,Y,
1063044154,OCHNA HEALTH PHARMACY,4749 WILLIAMS DR STE 304,,GEORGETOWN,TX,786333700,5123486615,MANAGER,333600000X,tier_1_primary_pharmacy,Y,Y,
1811529712,"MEKASON PHARMACY BIG SPRING , INC",602 E CAMPBELL ST,,KERMIT,TX,797454427,4325860116,OFFICER,3336L0003X|3336C0003X,tier_1_primary_pharmacy,Y,Y,
1285266189,"MEKASON PHARMACY LAMESA, INC",2348 TEXAS ST,,PECOS,TX,797727337,4324450141,OFFICER,3336C0003X,tier_1_primary_pharmacy,Y,Y,
1912539818,GREENVILLE PHARMACY LLC,801 S GREENVILLE AVE STE 105A,,ALLEN,TX,750023322,4696561092,MANAGING OFFICER,3336C0003X,tier_1_primary_pharmacy,Y,Y,
1578195400,LONESTAR HEALTHFIRST LLC,303 E CAMP WISDOM RD,,DUNCANVILLE,TX,751162705,9724995979,OFFICER,333600000X|3336C0003X,tier_1_primary_pharmacy,Y,Y,
1285266940,"PARTON PHARMACY, LLC",211 E COKE RD,,WINNSBORO,TX,754943213,9033423669,CFO,3336C0003X|3336L0003X,tier_1_primary_pharmacy,Y,Y,
1841822483,BPTN INVESTMENT SERIES LLC,7025 FRY RD STE 400,,CYPRESS,TX,774338152,4086613881,MEMBER MANAGED,333600000X|3336C0003X,tier_1_primary_pharmacy,Y,Y,
1992338438,MD2RX LLC,2722 W KINGSLEY RD STE 102,,GARLAND,TX,750412407,8662660514,MANAGING MEMBER,3336C0003X,tier_1_primary_pharmacy,Y,Y,
1629601174,PRESCRIPT ASSIST PHARMACY LLC,301 S 9TH ST STE 102,,RICHMOND,TX,774693448,8327047760,MANAGER,3336C0003X,tier_1_primary_pharmacy,Y,Y,
1780217158,PRIME HEALTHCARE SERVICES MESQUITE LLC,1011 N GALLOWAY AVE # CL120,,MESQUITE,TX,751492433,2143207040,MANAGING ASSOCIATE GENERAL COUNSEL,3336C0003X,tier_1_primary_pharmacy,Y,Y,
1376176735,BPTN INVESTMENT SERIES LLC,7025 FRY RD STE 400,,CYPRESS,TX,774338152,8883008743,MEMBER MANAGED,333600000X|3336C0003X,tier_1_primary_pharmacy,Y,Y,
1275166399,ESSENCE PHARMACY LLC,201 VINTON RD,,VINTON,TX,798218811,2817025229,PHARMACY OWNER,3336C0003X,tier_1_primary_pharmacy,Y,Y,
1700419769,BURLESON PHARMACY LLC,344 SW WILSHIRE BLVD STE P,,BURLESON,TX,760285343,8177205555,PHARMACY MANAGER,333600000X,tier_1_primary_pharmacy,Y,Y,
1669005740,MISSION HOSPITAL INC,900 S BRYAN RD,,MISSION,TX,785726613,9563239106,CHIEF FINANCIAL OFFICER,3336C0003X,tier_1_primary_pharmacy,Y,Y,
1629601489,GOODVALUE PHARMACY LLC,3795 FM 3009,BLDG B SUITE 300-A,SCHERTZ,TX,781542711,2109036822,MEMBER,333600000X|3336C0003X,tier_1_primary_pharmacy,Y,Y,
1467086066,"RXPROSTAFF, INC.",2600 W PLEASANT RUN RD,,LANCASTER,TX,751461114,4692975364,CEO,3336I0012X,tier_1_primary_pharmacy,Y,Y,
1457985970,LIFETIME RX LLC,255 W LEBANON STE 200A,,FRISCO,TX,750363411,4694797777,PIC/OWNER,3336C0003X,tier_1_primary_pharmacy,Y,Y,
1245864545,RELIEF PARTNERS LLC,3447 RENNER RD UNIT 110,,PLANO,TX,750740051,4695016210,MANAGER,3336C0003X,tier_1_primary_pharmacy,Y,Y,
1003440389,"JAMES MCCOY'S MIDTOWN DRUG STORE, INC",1417 S WILLIS,,ABILENE,TX,79605,3252328866,OWNER/MANAGER,3336C0003X,tier_1_primary_pharmacy,Y,Y,
1841824133,RITE QUALITY HEALTH INC,18900 DALLAS PKWY STE 106,,DALLAS,TX,752876916,7042222872,PHARMACIST/OWNER,3336C0004X|3336C0003X,tier_1_primary_pharmacy,Y,Y,
1447884689,ADITYA PHARMACY LLC,8223 FREDERICKSBURG RD STE 101,,SAN ANTONIO,TX,782293355,2102639615,OFFICER,3336C0003X,tier_1_primary_pharmacy,Y,Y,
1386278406,TEXAS CHILDREN'S HOSPITAL,12613 CITYPARK DR STE 200,RM. 130.02,MISSOURI CITY,TX,774891244,8777272503,CFO,3336S0011X|3336C0004X|333600000X|3336C0003X,tier_1_primary_pharmacy,Y,Y,
1790319713,TITANIUMRX PLLC,2116 THOMPSON RD STE G1,,RICHMOND,TX,774695428,8323631246,PLEASE REMOVE,3336C0003X,tier_1_primary_pharmacy,Y,Y,
1235763277,MACPRINCE PHARMACY INC.,6080 S HULEN ST STE 320,,FORT WORTH,TX,761322634,6822502229,PRESIDENT/OWNER,3336C0003X,tier_1_primary_pharmacy,Y,Y,
1982238804,AUSTIN RX PHARMACY LLC,1701 HIGHWAY 90 W STE F,,SEALY,TX,774743881,9792561451,OFFICER,3336C0003X,tier_1_primary_pharmacy,Y,Y,
1033743844,LAKE TRAVIS PHARMACY PARTNERS LLC,12005 BEE CAVES RD STE 1C,,BEE CAVE,TX,787386387,5126089355,MANAGING PARTNER,3336L0003X,tier_1_primary_pharmacy,Y,Y,
1194359984,"WELLS PHARMA OF HOUSTON, LLC",9265 KIRBY DR,,HOUSTON,TX,770542520,3468881010,VICE PRESIDENT BUSINESS DEVELOPMENT,3336C0004X,tier_1_primary_pharmacy,Y,Y,
1306470075,RIO VALLEY RX LLC,16215 STUEBNER AIRLINE RD # 500,,SPRING,TX,773797325,2815478923,OWNER,3336C0003X,tier_1_primary_pharmacy,Y,Y,
1639704893,"RXTHAT, INC.",14008 SHADOWGLEN BLVD STE 102A,,MANOR,TX,786533406,5123609933,CHIEF EXECUTIVE OFFICER,3336C0003X,tier_1_primary_pharmacy,Y,Y,
1447885611,RAS PHARMACY LLC,3250 W PLEASANT RUN RD STE 165,,LANCASTER,TX,751461071,4692974877,PRESIDENT,3336C0003X,tier_1_primary_pharmacy,Y,Y,
1811523657,DOGWOOD PHARMACY LLC,205 S MAGNOLIA ST,,WOODVILLE,TX,759795234,4092837509,SOLE OWNER,3336L0003X,tier_1_primary_pharmacy,Y,Y,
1982230488,"RIO GRANDE PHARMACY, LLC",5500 DONIPHAN DR STE 201-202,,EL PASO,TX,799321454,9152608555,OPERATIONS MGR,3336L0003X,tier_1_primary_pharmacy,Y,Y,
1851927289,TOSHKO INC,9411 DYER ST STE A,,EL PASO,TX,799246407,9154009900,PRESIDENT,3336C0003X,tier_1_primary_pharmacy,Y,Y,
1013543321,TORRES FAMILY PHARMACY LLC,103 S BROADWAY ST,,ELSA,TX,785437854,9565672005,OFFICER,3336L0003X,tier_1_primary_pharmacy,Y,Y,
1336775527,LIFELINE PHARMACY 1 LLC,2500 W TRENTON ROAD,SUITE 12,EDINBURG,TX,78539,9562555515,MANAGING MEMBER,3336C0003X,tier_1_primary_pharmacy,Y,Y,
1811523905,PHARMA SOURCE RX INC,19855 SOUTHWEST FWY STE 220,,SUGAR LAND,TX,774796536,2817622020,MANAGING OFFICER/OWNER,3336L0003X|3336C0003X,tier_1_primary_pharmacy,Y,Y,
1407482599,TOT PHARMACY LLC,656 W. BRAZOS DRIVE,,WEST COLUMBIA,TX,774867748,9793453925,MANAGER,3336C0003X,tier_1_primary_pharmacy,Y,Y,
1336776780,LOTUS RX INC,105 N SHANNON ST,,KAUFMAN,TX,751421836,9729240404,PHARMACY MANAGER,3336C0003X,tier_1_primary_pharmacy,Y,Y,
1851928279,PIONEER PHAMILY PHARMACY LLC,2440 S COLLINS ST STE 130,,ARLINGTON,TX,760141239,8175836998,PHARMACY MANAGER,333600000X|3336C0003X,tier_1_primary_pharmacy,Y,Y,
1609403716,"CORINTH COMMUNITY PHARMACY, LLC.",3001 F.M. 2181,SUITE 450,CORINTH,TX,76210,9404877455,OWNER/PHARMACIST IN CHARGE,3336C0003X,tier_1_primary_pharmacy,Y,Y,
1073140026,"MARINA BAY PHARMACY, LLC",1416 E MAIN ST STE C,,LEAGUE CITY,TX,775734153,8329323696,CORPORATE OFFICER,3336C0003X,tier_1_primary_pharmacy,Y,Y,
1215564414,THE EDDICK CORPORATION,1015 HILLCREST DR STE B,,VERNON,TX,763843165,9405529501,PRESIDENT,3336L0003X,tier_1_primary_pharmacy,Y,Y,
1639708464,THIRUMALA GROUP LLC,100 W PRINCETON DR STE A,,PRINCETON,TX,754079607,9727363777,MANAGER/OWNER,3336L0003X,tier_1_primary_pharmacy,Y,Y,
1407475684,PCN CARE PLLC,3201 W SANER AVE STE 100,,DALLAS,TX,752331430,2143774310,PHARMACIST/OWNER,3336C0003X,tier_1_primary_pharmacy,Y,Y,
1417586645,"LAREDO DOWNTOWN PHARMACY, INC.",1219 MATAMOROS ST,,LAREDO,TX,780405069,9567264512,PRESIDENT,3336L0003X,tier_1_primary_pharmacy,Y,Y,
1952920076,"BRAZOS VALLEY HEMATOLOGY ONCOLOGY ASSOCIATES, PA",2435 HARVEY MITCHELL PKWY S,SUITE 120,COLLEGE STATION,TX,77845,9799770193,PHARMACIST IN CHARGE,3336C0003X,tier_1_primary_pharmacy,Y,Y,
1932728375,SAMDUMU INTERNATIONAL LLC,1001 N MAIN ST,,TAYLOR,TX,765743233,5123094238,COO,3336C0003X,tier_1_primary_pharmacy,Y,Y,
1750900015,CASTROVILLE HEALTHCARE LLC,426 CASTROVILLE RD STE 5,,SAN ANTONIO,TX,782075169,2104339991,DIRECTOR,3336L0003X,tier_1_primary_pharmacy,Y,Y,
1508485871,TYLER CARERX LLC,1007 E 2ND ST,,TYLER,TX,757013312,9036305895,PHARMACIST/OWNER,3336C0003X,tier_2_secondary_pharmacy,N,Y,
1386264547,AMC PHARMACY INC.,2813 N COMMERCE ST STE 115,,FORT WORTH,TX,761067245,6827031523,PHARMACY MANAGER,3336L0003X|3336C0003X,tier_1_primary_pharmacy,Y,Y,
1477173417,METROPLEX PHARMACY SOLUTIONS LLC,12700 HILLCREST RD STE 218,,DALLAS,TX,752302071,2142277645,MANAGING OFFICER,333600000X|3336H0001X,tier_2_secondary_pharmacy,N,Y,
1285254060,RIVER ROAD PHARMACY,910 RIVER RD,,BOERNE,TX,780062441,8308165312,OWNER/PHARMACIST-IN-CHARGE,3336L0003X,tier_1_primary_pharmacy,Y,Y,
1962022442,HEWITT DRUG,511 N HEWITT DR STE 1,,HEWITT,TX,766433093,2546665000,CPHT,3336L0003X,tier_1_primary_pharmacy,Y,Y,
1790305290,"EMRX, LLC",614 FM 517 RD W STE 606A,,DICKINSON,TX,775393904,8323407750,MANAGING MEMBER,3336C0003X,tier_1_primary_pharmacy,Y,Y,
1134740491,BEE CAVE INTEGRATIVE LLC,3944 RANCH ROAD 620S,BLDG 6 STE 100,BEE CAVE,TX,78738,5123519139,OWNER,3336C0004X|3336C0003X,tier_1_primary_pharmacy,Y,Y,
1487275764,"COMMUNITY OF HOUSTON PHARMACY, LLC",3533 S DAIRY ASHFORD RD STE G,,HOUSTON,TX,770825536,8322883696,MANAGING MEMBER,3336C0003X,tier_1_primary_pharmacy,Y,Y,
1124649272,N-ELITE PHARMACY LLC,4806 RIVERSTONE BLVD STE A,,MISSOURI CITY,TX,774594092,2817784808,OWER/PIC,3336C0003X,tier_1_primary_pharmacy,Y,Y,
1831710086,UNIVERSITY OF TEXAS MEDICAL BRANCH AT GALVESTON,250 BLOSSOM ST STE 105,,WEBSTER,TX,775984225,8326327970,PRESIDENT,3336C0003X,tier_1_primary_pharmacy,Y,Y,
1265053383,"KS PHARM, LLC",2510 WEST GRAND PARKWAY NORTH,,KATY,TX,77493,7134422301,DIRECTOR OF PHARMACY,3336C0003X,tier_1_primary_pharmacy,Y,Y,
1396366449,HEALTH GURU RX CORP,107A EAST ST,,HUTTO,TX,786344323,5128466004,PHARMACIST IN CHARGE,3336C0003X,tier_1_primary_pharmacy,Y,Y,
1811518814,TALEIO INCORPORATED,1116 RADIO LN STE 202,,ROSENBERG,TX,774713953,8324516340,OFFICER,3336C0003X,tier_1_primary_pharmacy,Y,Y,
1871114421,ALAMO HEALTH LLC,408 US HIGHWAY 90 W STE B,,CASTROVILLE,TX,780094548,8309312116,OWNER,3336L0003X,tier_1_primary_pharmacy,Y,Y,
1568084002,CROSSROADS PHARMA LLC,1919 WIRT RD STE B,,HOUSTON,TX,770552405,7136405236,OWNER,3336C0003X,tier_1_primary_pharmacy,Y,Y,
1023630274,"H-E-B, LP",3503 FREDERICKSBURG RD STE 450,,SAN ANTONIO,TX,782013969,8774329355,GOVERNMENT PROGRAMS MANAGER,333600000X|3336S0011X,tier_1_primary_pharmacy,Y,N,H-E-B
1811519044,"H-E-B, LP",4405 114TH STREET,,LUBBOCK,TX,79424,8066986828,GOVERNMENT PROGRAMS MANAGER,3336C0003X,tier_1_primary_pharmacy,Y,N,H-E-B
1124640347,HEALTH CENTER OF SOUTHEAST TEXAS,307 N WILLIAM BARNETT AVE,,CLEVELAND,TX,773274061,2815922224,CEO,3336C0003X|3336C0002X,tier_1_primary_pharmacy,Y,Y,
1164044392,"H-E-B, LP",14325 POTRANCO RD,,SAN ANTONIO,TX,78253,2102572827,GOVERNMENT PROGRAMS MANAGER,3336C0003X,tier_1_primary_pharmacy,Y,N,H-E-B
1407478522,"WILSON PHARMACY GROUP, LLC",309 N MAIN,,LOCKNEY,TX,79241,8066523353,OWNER,3336C0003X,tier_1_primary_pharmacy,Y,Y,
1376165498,"WILSON PHARMACY GROUP, LLC",701 COMMERCE STREET,,SILVERTON,TX,79257,8068232109,OWNER,3336C0003X,tier_1_primary_pharmacy,Y,Y,
1295357242,"BEST CHOICE RX PHARMACY, LLC",2235D W 15TH ST,,PLANO,TX,750757435,8183349513,OWNER,3336C0003X,tier_1_primary_pharmacy,Y,Y,
1649892365,ROYALTY PHARMACY PLUS LLC,9100 SOUTHWEST FWY STE 107,,HOUSTON,TX,770741596,7134975572,PHARMACIST IN CHARGE,3336C0003X,tier_1_primary_pharmacy,Y,Y,
1598387201,CANTEX CONTINUING CARE NETWORK LLC,8122 DATAPOINT DR STE 403,,SAN ANTONIO,TX,782293276,2108068300,DIRECTOR OF PHARMACY,333600000X|3336L0003X,tier_1_primary_pharmacy,Y,Y,
1962024513,TOPLINE CARE PHARMACEUTICALS LLC,4400 W LOOP 250 N STE 102,,MIDLAND,TX,797073166,4322875620,PHARMACIST,3336C0004X|3336L0003X|3336C0003X,tier_1_primary_pharmacy,Y,Y,
1588287965,TRUMED PHARMACY,720 AVENUE F N STE 1,,BAY CITY,TX,774149574,9794294044,MANAGING OFFICER,3336C0003X,tier_1_primary_pharmacy,Y,Y,
1558984922,VITORA VENTURES INC,138 W. CENTERVILLE RD # 100,,GARLAND,TX,75041,9722710001,PRESIDENT,3336C0003X,tier_1_primary_pharmacy,Y,Y,
1346863636,BRYAN PHARMACY LLC,3926 AVENUE H STE 2,,ROSENBERG,TX,774712842,9793995899,CEO,3336C0003X,tier_1_primary_pharmacy,Y,Y,
1518580422,"MEDSTORK RX, LLC",1413 E INTERSTATE 30 STE 6,,GARLAND,TX,750434784,8887005702,OWNER,333600000X,tier_1_primary_pharmacy,Y,Y,
1902429780,L.D. WALTER GROUP,3334 FM 1092 RD STE 445,,MISSOURI CITY,TX,774592287,7133308011,OWNER,333600000X,tier_1_primary_pharmacy,Y,Y,
1285257006,"MN CARE, LLC",4152 W SPRING CREEK PKWY STE 160,,PLANO,TX,750245315,4322875044,MANAGER,3336C0003X,tier_1_primary_pharmacy,Y,Y,
1760005680,B E & H HOLDINGS INC,9769 BEECHNUT ST,,HOUSTON,TX,770366503,7134975514,ADMINISTRATOR,3336C0003X,tier_1_primary_pharmacy,Y,Y,
1801419692,JOLANTO CORPORATION,10101 SOUTHWEST FWY STE 315,,HOUSTON,TX,770741111,8323588500,OWNER,3336M0002X,tier_1_primary_pharmacy,Y,Y,
1982227740,DULIVUTO CORP INC,4606 FM 1960 RD W STE 250,,HOUSTON,TX,770694617,2813151300,PRESIDENT,3336M0002X,tier_1_primary_pharmacy,Y,Y,
1528681335,"NB PHARMACY, LLC",409 NE FRONT ST.,,NEW BOSTON,TX,755707557,9033145944,MANAGING MEMBER,3336C0003X,tier_1_primary_pharmacy,Y,Y,
1821612441,GENESIS APOTHECARY INC,101 SOUTHWESTERN BLVD STE 100,,SUGAR LAND,TX,774783548,2812037829,PRESIDENT,3336M0002X,tier_1_primary_pharmacy,Y,Y,
1861016438,"AMANAH INVESTMENTS, LLC",205 W CEDAR CREEK PKWY STE A-1,,SEVEN POINTS,TX,751438087,9034323494,MEMBER,333600000X|3336L0003X|3336C0003X,tier_1_primary_pharmacy,Y,Y,
1952925539,SAI DRUGS INC,2106 N CENTER ST STE A,,BONHAM,TX,754182628,9035838017,PIC,3336L0003X,tier_1_primary_pharmacy,Y,Y,
1245854645,SHILOH PHARMACY INC.,3035 S SHILOH RD STE 150,,GARLAND,TX,750412497,4698550294,CEO,333600000X,tier_1_primary_pharmacy,Y,Y,
1760006076,COMANCHE COUNTY MEDICAL CENTER COMPANY,303 N PATRICK ST,,DUBLIN,TX,764461918,2544454709,IT MANAGER,3336C0003X,tier_1_primary_pharmacy,Y,Y,
1609490093,TRINERGYSEVENPHARMACY@GMAIL.COM,5841 W AIRPORT BLVD,,HOUSTON,TX,770354227,8325168166,OWNER,3336C0003X,tier_1_primary_pharmacy,Y,Y,
1194349431,SOUTHERN STAR PHARMACY 002,2698 N GALLOWAY AVE STE 108,,MESQUITE,TX,751506390,4696466057,DIRECTOR OF PHARMACY,333600000X|3336C0003X,tier_1_primary_pharmacy,Y,Y,
1043834039,EHP TEXAS LLC,219 SUNSET AVE STE 116A,,DALLAS,TX,752084531,4697497822,CHIEF PHARMACY OFFICER,333600000X|3336C0003X,tier_1_primary_pharmacy,Y,Y,
1942824933,EHP TEXAS LLC,2801 LEMMON AVE STE 100,,DALLAS,TX,752042396,4697497824,CHIEF PHARMACY OFFICER,333600000X|3336C0003X,tier_1_primary_pharmacy,Y,Y,
1689298713,NPS HEALTH LLC,9014 N STATE HIGHWAY 16,,POTEET,TX,780654001,8302760299,OFFICER/OWNER,3336C0003X,tier_1_primary_pharmacy,Y,Y,
1932723772,AKB LLC,842 E CALIFORNIA ST STE A,,GAINESVILLE,TX,762404202,9403016131,PIC,3336C0003X,tier_1_primary_pharmacy,Y,Y,
1730703661,MOATAZ PHARMACUTICALS,1201 W MCDERMOTT DR STE 111,,ALLEN,TX,750136394,4696561111,PHARMACY MANAGER,3336C0003X,tier_1_primary_pharmacy,Y,Y,
1316562143,MIX IT RX LLC,4775 LEXINGTON BLVD,,MISSOURI CITY,TX,774592801,3463417995,PHARMACIST-IN-CHARGE,3336C0004X|3336S0011X|333600000X|3336C0003X,tier_1_primary_pharmacy,Y,Y,
1235754078,FIESTA RX LLC,407 E ORANGE AVE,,ORANGE GROVE,TX,78372,3613844077,GENERAL MANAGER,333600000X|3336C0003X,tier_1_primary_pharmacy,Y,Y,
1003431800,"LIBERTY PHARMACEUTICAL SERVICES, LLC",4227 AVENUE H STE C,,ROSENBERG,TX,774712831,3468432569,OWNER,3336L0003X|3336C0003X,tier_1_primary_pharmacy,Y,Y,
1144845827,"62 ROSES WELLNESS, LLC",3320 TROUP HWY STE 140,,TYLER,TX,757018358,6822071232,CEO,333600000X|3336C0004X|3336C0003X,tier_1_primary_pharmacy,Y,Y,
1285259838,PRASANNA LLC,"104 GALLERY CIRCLE, STE 104",,SAN ANTONIO,TX,78258,2108686140,OFFICER,333600000X|3336C0003X,tier_1_primary_pharmacy,Y,Y,
1710502067,WEST LAKE RX LLC,1255 SW LOOP 410 STE 120,,SAN ANTONIO,TX,782271666,2105146252,OWNER,3336C0003X,tier_2_secondary_pharmacy,N,Y,
1124643200,DL PHARMACY,801 E DEBBIE LN,,MANSFIELD,TX,760633179,8172878044,OWNER,333600000X,tier_1_primary_pharmacy,Y,Y,
1255956223,"CURE RX, LLC",1400 N COIT RD STE 402,,MCKINNEY,TX,750716657,4699028041,PRESIDENT,333600000X|3336C0003X,tier_1_primary_pharmacy,Y,Y,
1972128874,ST.MEENA PLLC,2601 OSLER BLVD,,BRYAN,TX,778022516,2018887265,OWNER,333600000X,tier_1_primary_pharmacy,Y,Y,
1902422769,WORTHINGTON LLC,951 E LOOP 304 STE D,,CROCKETT,TX,758355403,9362835501,OWNER,3336C0003X,tier_1_primary_pharmacy,Y,Y,
1447876172,"HORIZON PHARMACY, LLC",1909 MARTIN DR,,WEATHERFORD,TX,760866702,8173416706,OWNER,3336C0003X,tier_1_primary_pharmacy,Y,Y,
1659997393,ELEVATE PHARMACY LLC,6825 BANDERA RD,,LEON VALLEY,TX,782381359,2102553626,OWNER,3336C0003X,tier_1_primary_pharmacy,Y,Y,
1639795289,"DENTON APOTHECARY, LP",306 N LOOP 288 STE 210,,DENTON,TX,762094887,1111111111,MANAGING PARTNER,3336C0003X,tier_1_primary_pharmacy,Y,Y,
1255957791,"CURA VITA, LLC",13176 W LAKE HOUSTON PKWY STE 1,,HOUSTON,TX,770445381,2812254300,MANAGER,333600000X,tier_1_primary_pharmacy,Y,Y,
1275159758,HUNT'S PHARMA RX LLC,3667 COUNTY ROAD 2134 STE A,,GREENVILLE,TX,754024652,9034234560,OWNER,3336C0003X,tier_1_primary_pharmacy,Y,Y,
1366068710,ROSS-SCOTT PHARMACY LLC,802 TEXAS PKWY STE 2A,,STAFFORD,TX,774776400,2819698695,PRESIDENT,3336L0003X|3336C0003X,tier_1_primary_pharmacy,Y,Y,
1710503164,MPN2 PHARMACY MGT LLC,3100 RR 620 S STE 500,,LAKEWAY,TX,787385635,5122702311,OFFICER,333600000X,tier_1_primary_pharmacy,Y,Y,
1396361556,ONCOLOGY & HEMATOLOGY OF SOUTH TEXAS PA,2344 LAGUNA DEL MAR CT STE 202,,LAREDO,TX,780413469,9564622324,ADMINISTRATOR,3336C0003X,tier_1_primary_pharmacy,Y,Y,
1962029959,TEXAS RXSOLUTIONS AND COMPOUNDING PHARMACY LLC,"7505 FANNIN STREET., SUITE 140",,HOUSTON,TX,770541974,7137901228,PRESIDENT,3336L0003X,tier_1_primary_pharmacy,Y,Y,
1740807700,KSH RX,2442 LILLIAN MILLER PKWY STE 115,,DENTON,TX,762052902,9405360460,PHARMACIST IN CHARGE,3336C0003X,tier_1_primary_pharmacy,Y,Y,
1245857051,BLUE CITY LLC,933 HILLTOP DR STE 101,,WEATHERFORD,TX,760868808,6822621120,OPERATIONS MANAGER,333600000X,tier_1_primary_pharmacy,Y,Y,
1083231948,LIZZY AND BROTHERS LLC,745 AUSTIN ST STE B,,HEMPSTEAD,TX,774454650,8573120725,PIC,3336C0003X,tier_1_primary_pharmacy,Y,Y,
1003433764,ALL MEDS RX,"2520 AVENUE K, SUITE 600",SUITE 600,PLANO,TX,75074,2142808486,MANAGER,3336C0003X,tier_1_primary_pharmacy,Y,Y,
1245857960,BLUE CITY LLC,2646 S LOOP W STE 180A,,HOUSTON,TX,770545616,8325825290,OWNER,3336L0003X,tier_1_primary_pharmacy,Y,Y,
1548887961,ROKEL LLC,4501 E LANCASTER AVE # 105,,FORT WORTH,TX,761033210,6822242705,DIRECTOR,3336C0003X,tier_1_primary_pharmacy,Y,Y,
1003433376,MAXOR NATIONAL PHARMACY SERVICES LLC,6101 43RD ST STE C,,LUBBOCK,TX,794073750,8006586046,"PRESIDENT, PHARMACY SERVICES",3336H0001X|3336S0011X|333600000X|3336C0003X,tier_1_primary_pharmacy,Y,Y,
1932726155,"GULF INTERNATIONAL PHARMACY, INC",12144 DAIRY ASHFORD RD STE 100G,,SUGAR LAND,TX,774786212,7135626775,BUSINESS OWNER,3336C0003X,tier_1_primary_pharmacy,Y,Y,
1801414933,DERAMED LTC PHARMACY,1001 MATLOCK RD STE 105,,MANSFIELD,TX,760633443,8175923636,DIRECTOR,3336S0011X|3336L0003X,tier_1_primary_pharmacy,Y,Y,
1730707563,MESQUITE PHARMACY LLC,1320 NORTH GALLOWAY AVE,SUITE 102,MESQUITE,TX,75149,9722851761,OWNER,3336L0003X,tier_1_primary_pharmacy,Y,Y,
1316565880,AMS HEALTH INC,4541 N JOSEY LN STE 250,,CARROLLTON,TX,750104781,3526130377,PHARMACY OWNER/PHARMACIST IN CHARGE,3336C0003X,tier_1_primary_pharmacy,Y,Y,
1114545571,MEDLIFE PHARMACY,213 HIGHWAY 37 STE 200&300,,MOUNT VERNON,TX,754573106,9037065065,MANAGER/OWNER,3336C0003X,tier_1_primary_pharmacy,Y,Y,
1316565963,"ALLEN SPECIALTY PHARMACY, INC",1816 S FM 51 STE 1600,,DECATUR,TX,762343665,9403995330,OFFICER,3336C0003X,tier_1_primary_pharmacy,Y,Y,
1235757881,"CENTRAL BEDFORD PHARMACY, LLC",2117 CENTRAL DR STE 103,,BEDFORD,TX,760215883,6827383099,PHARMACIST IN CHARGE,3336C0003X,tier_1_primary_pharmacy,Y,Y,
1588282057,NEUGEN PHARMACY,9275 RICHMOND AVE STE 114,,HOUSTON,TX,770633949,8325826247,PIC/OWNNER,3336C0003X,tier_1_primary_pharmacy,Y,Y,
1285242438,OK PHARMACY NORTH LLC,311 N D SALINAS AVE,,DONNA,TX,785372929,9564612020,PHARMACIST IN CHARGE,3336C0003X,tier_1_primary_pharmacy,Y,Y,
1851909675,ADVANTAGE ASSET LLC,12930 DAIRY ASHFORD RD STE 102,,SUGAR LAND,TX,774784666,3463682801,OFFICER,3336C0003X,tier_1_primary_pharmacy,Y,Y,
1225646037,BROOKSHIRE BROTHERS INC,421 S MAIN ST,,LUMBERTON,TX,776577374,4092272004,PHARMACY ADMIN,3336C0003X,tier_1_primary_pharmacy,Y,Y,
1164030490,"JML ENDEAVORS, LLC",4425 W WADLEY AVE STE 200,,MIDLAND,TX,797075332,4322187972,MANAGER,3336C0004X|3336C0003X,tier_1_primary_pharmacy,Y,Y,
1497363741,PHARMESTATE LLC,317 CENTRAL EXPRESSWAY NORTH,,ALLEN,TX,75013,9723909888,PHARMACIST IN CHARGE/ CO-OWNER,3336C0003X,tier_1_primary_pharmacy,Y,Y,
1972112175,MEDICAL BUTTERFLY INC,2636 W WALNUT ST STE 300,,GARLAND,TX,750426485,4699312159,PHARMACIST-IN-CHARGE,333600000X|3336C0003X,tier_1_primary_pharmacy,Y,Y,
1346859071,"ENNIS SPECIALTY PHARMACY, INC",601 S CLAY ST STE 108,,ENNIS,TX,751195771,4699017100,OFFICER,3336C0003X,tier_1_primary_pharmacy,Y,Y,
1790394427,"MEKASON PHARMACY ODESSA, INC",1312 N MAIN ST,,ANDREWS,TX,797143660,4322232265,OWNER,3336C0003X,tier_1_primary_pharmacy,Y,Y,
1306455852,FUC PHS LLC,13515 SOUTHWEST FWY STE 207,,SUGAR LAND,TX,774783547,8325329785,MANAGING PARTNER,333600000X,tier_1_primary_pharmacy,Y,Y,
1073122685,BEST VALUE PHARMACIES INC,400 S MAIN ST,,RHOME,TX,760784425,8176385561,PIC,3336L0003X,tier_1_primary_pharmacy,Y,Y,
1043829658,"GRAPEVINE PHARMACY, INC",2637 IRA E WOODS AVE STE 200,,GRAPEVINE,TX,760519012,8174162222,OWNER,3336C0003X,tier_1_primary_pharmacy,Y,Y,
1487263091,EXPERIENCE INFUSION CENTER-KATY-INC,25910 WESTHEIMER PKWY STE 110,,KATY,TX,774945391,2812404144,ADMINISTRATOR,3336C0003X,tier_1_primary_pharmacy,Y,Y,
1689283145,IV & HOME HEALTH SERVICES OF TEXAS,7545 CHERRY PARK DR,,HOUSTON,TX,770952722,8772173619,OWNER,3336H0001X,tier_2_secondary_pharmacy,N,Y,
1710597133,PRIME CARE PHARMACY CONSULTING,3919 BARNETT RD,,WICHITA FALLS,TX,763101725,2142808020,PHARMACIST,3336C0002X,tier_1_primary_pharmacy,Y,Y,
1700496882,SB713 INVESTMENTS LLC,4616 BROADWAY ST STE B,,PEARLAND,TX,775813954,8329950626,OWNER,3336C0003X,tier_1_primary_pharmacy,Y,Y,
1487264461,WOORI PHARMACY LLC,2405 S STEMMONS FWY STE 220,,LEWISVILLE,TX,750678770,4699685000,OWNER,3336C0003X,tier_1_primary_pharmacy,Y,Y,
1437769288,BEDSIDE MANOR PHARMACY,12401 S POST OAK RD STE 215,,HOUSTON,TX,770452021,8328887694,OWNER/PIC,3336C0003X,tier_1_primary_pharmacy,Y,Y,
1619587375,TEXAS CARE PHARMACY LLC,7814 ALMEDA RD,,HOUSTON,TX,77054,4098775070,OFFICER,3336C0003X,tier_1_primary_pharmacy,Y,Y,
1073123576,PRASANNA LLC,19002 PARK ROW STE 101,,HOUSTON,TX,77084,2818067680,OFFICER,3336C0003X,tier_1_primary_pharmacy,Y,Y,
1518578046,TEXAS CENTRAL RX LLC,2270 SPRINGLAKE RD STE 800,,FARMERS BRANCH,TX,752345852,8883629587,OWNER,333600000X,tier_1_primary_pharmacy,Y,Y,
1851902357,AZ HEALTH SYSTEMS LLC,605 NORTHWEST PKWY STE 150,,AZLE,TX,760202943,8173492721,MANAGER,3336C0003X,tier_1_primary_pharmacy,Y,Y,
1881205698,"HILL COUNTRY PHARMACARE, LLC",14001 HWY 29 SUITE 202A,,LIBERTY HILL,TX,78642,8881022231,PRESIDENT,3336C0003X,tier_1_primary_pharmacy,Y,Y,
1386256816,THE QUEEN LLC,8421 FM 521 RD STE D1,,ROSHARON,TX,775835555,2813187557,OWNER/PIC,3336C0003X,tier_1_primary_pharmacy,Y,Y,
1205448255,"THURMAN'S PRO-MED PHARMACY MORRIS COUNTY, LLC",201 MAIN ST,,NAPLES,TX,755689765,9038970011,OWNER/PHARMACIST,3336C0003X,tier_1_primary_pharmacy,Y,Y,
1336751270,"STEPHENSON PHARMACY, LLC",1000 S FLEISHEL AVE,,TYLER,TX,757012037,9035930236,MANAGER,3336C0003X,tier_1_primary_pharmacy,Y,Y,
1316550940,LEAD OFF 1 ENTERPRISES LLC,742 CRABB RIVER RD,,RICHMOND,TX,774695608,2819377237,OWNER,3336C0003X,tier_1_primary_pharmacy,Y,Y,
1104439629,RXMED PHARMACY PLLC,502 N VALLEY PKWY STE 1A,,LEWISVILLE,TX,750673437,4699491003,OWNER,333600000X|3336C0003X,tier_1_primary_pharmacy,Y,Y,
1033722574,ALLRX INC,222 W HARRISON AVE,STE A,HARLINGEN,TX,78550,9564620665,PRESIDENT/OWNER,3336C0003X,tier_1_primary_pharmacy,Y,Y,
1265045751,HOMECARE PHARMACY LLC,8700 S BRAESWOOD BLVD STE B2,,HOUSTON,TX,770311338,8328319357,PHARMACIST IN CHARGE,333600000X|3336C0003X,tier_1_primary_pharmacy,Y,Y,
1831702083,MAYTA HEALTH SYSTEMS LLC,2101 N MIDLAND DR STE 14B,,MIDLAND,TX,797075507,4322373010,PHARMACIST,3336C0004X|3336C0003X,tier_1_primary_pharmacy,Y,Y,
1407469471,"ALTO PHARMACY, LLC",6201 W PLANO PKWY STE 400,,PLANO,TX,750934907,8008745881,SR. MANAGER OF REIMBURSEMENTS,333600000X,tier_1_primary_pharmacy,Y,Y,
1992318760,NEVATEX PHARMACY LLC,6465 STATE HWY 78,SUITE 105,NEVADA,TX,75173,8669499999,OWNER,3336C0003X,tier_1_primary_pharmacy,Y,Y,
1528672342,STILL LIVING LLC,5344A N TARRANT PKWY,,FORT WORTH,TX,762446293,8175764728,OWNER,3336C0003X|3336C0004X|333600000X,tier_1_primary_pharmacy,Y,Y,
1104430750,KSH RX LLC,2442 LILLIAN MILLER PKWY STE 115,,DENTON,TX,762052902,9405360460,OFFICER,3336C0003X,tier_1_primary_pharmacy,Y,Y,
1881208288,"OCEAN BLUE HOLDINGS, LLC",12333 BEAR PLZ STE 100,,BURLESON,TX,760280284,8177894099,PHARMACIST,333600000X|3336L0003X,tier_1_primary_pharmacy,Y,Y,
1932713211,PEOPLES PHARMACY,4120 COMMERCIAL CENTER DR STE 400,,AUSTIN,TX,787441058,5126464007,A/R,3336C0004X,tier_1_primary_pharmacy,Y,Y,
1194339341,PHARMARA LABS LLC,1511 JUSTIN RD STE 106A,,LEWISVILLE,TX,750772196,4699466690,MANAGER,3336C0004X,tier_1_primary_pharmacy,Y,Y,
1649885203,"RIGHT CHOICE PHARMACEUTICALS, LLC",525 FORT WORTH DR STE 301,,DENTON,TX,762017131,9402410935,PHARMACIST - IN - CHARGE,3336C0003X,tier_1_primary_pharmacy,Y,Y,
1164037594,NANES PHARMACY LLC,17030 NANES DR STE 105A,,HOUSTON,TX,770902503,8326662065,PRESIDENT,3336C0003X|333600000X,tier_1_primary_pharmacy,Y,Y,
1407461940,IPHARMA LLC.,5400 KATY FWY STE 100,,HOUSTON,TX,770074343,2812538924,OWNER/PIC,333600000X|3336C0003X,tier_1_primary_pharmacy,Y,Y,
1649885195,"ROCKET PHARMACY, INC.",316 W 12TH ST STE LL050,,AUSTIN,TX,787011815,8889007361,CEO,3336C0003X,tier_1_primary_pharmacy,Y,Y,
1396350666,"PATIENT CARE SERVICES PHARMACY CONSULTING, LLC",2000 N CENTRAL EXPY STE 214,,PLANO,TX,750745487,2144402689,PHARMACIST,333600000X,tier_1_primary_pharmacy,Y,Y,
1073128187,5 STAR PHARMACY LLC,801 S GREENVILLE AVE STE 105A,,ALLEN,TX,750023322,4696401255,OFFICER,3336C0003X,tier_1_primary_pharmacy,Y,Y,
1952917817,DICKINSON PHARMACY LLC,3717 HIGHWAY 3 STE D,,DICKINSON,TX,775398024,8327690153,OWNER,3336C0003X,tier_1_primary_pharmacy,Y,Y,
1720694672,PRECISION PHS LLC,1455 FM 646 RD W STE 200,,DICKINSON,TX,775392038,8326328386,AUTHORIZED OFFICIAL,3336C0003X,tier_1_primary_pharmacy,Y,Y,
1790391654,PHS SUC PHARMACY LLC,624 W MAIN ST STE 101,,LEAGUE CITY,TX,775733890,8329164674,MANAGING PARTNER,3336C0003X,tier_1_primary_pharmacy,Y,Y,
1295341147,MO CITY APOTHECARY LLC,3708 MCHARD RD,SUITE F,MISSOURI CITY,TX,77489,2818095552,OWNER/PHARMACIST,3336C0002X|3336C0003X,tier_2_secondary_pharmacy,N,Y,
1053927780,ORTIZ PHARMACY INC,2515 CASTROVILLE RD,,SAN ANTONIO,TX,782373359,2104322361,PRESIDENT,3336L0003X,tier_1_primary_pharmacy,Y,Y,
1760098511,CHAPPELLE'S APOTHECARY LLC,117 E MAIN ST,,FORNEY,TX,751264136,4696025078,PIC,3336C0003X,tier_1_primary_pharmacy,Y,Y,
1003422650,MY DELIVERY PHARMACY,6356 S PEEK RD STE 1200,,KATY,TX,774507190,2817178760,PHARMACIST IN CHARGE,3336C0003X,tier_1_primary_pharmacy,Y,Y,
1518573245,HEBRON RX LLC,705 N GREENVILLE AVE STE 1000,,ALLEN,TX,750022171,2142061406,PRESIDENT,3336C0003X,tier_1_primary_pharmacy,Y,N,HEB
1336755958,"DERMA DASH SERVICES, LLC",4742 DODGE ST,,SAN ANTONIO,TX,782173749,2102785986,PHARMACIST-IN-CHARGE,333600000X,tier_1_primary_pharmacy,Y,Y,
1487260998,L K & E MANAGEMENT INC,8880 BELLAIRE BLVD STE B2,,HOUSTON,TX,770364621,8324096530,OWNER,3336C0003X,tier_1_primary_pharmacy,Y,Y,
1205442712,B E HOLMES HOLDINGS LLC,9769 BEECHNUT ST,,HOUSTON,TX,770366503,7134975514,OWNER,3336C0003X,tier_1_primary_pharmacy,Y,Y,
1548876691,PUREHEALTH PHARMACY LLC,8750 MAIN ST STE 204,,FRISCO,TX,750333085,2143086730,PRESIDENT,3336C0003X,tier_1_primary_pharmacy,Y,Y,
1346857471,"TULSON PHARMACY, LLC",3235 HOLMAN ST,,HOUSTON,TX,770043541,8324122973,OWNER,3336C0003X,tier_1_primary_pharmacy,Y,Y,
1700493665,"COMMUNITY HEALTH RX, LLC",24275 KATY FWY STE 400,,KATY,TX,774947267,3059243247,OWNER,3336C0003X,tier_1_primary_pharmacy,Y,Y,
1114524212,YOUSENASNA GROUP LLC,155 SCHOOL ST STE 130,,TOMBALL,TX,773753518,8325596413,PIC/OWNER,3336L0003X,tier_1_primary_pharmacy,Y,Y,
1811594823,TAHA PHARMACY,1383 BUNKER HILL RD,101,HOUSTON,TX,77055,8324096333,OWNER/PIC,3336C0003X,tier_1_primary_pharmacy,Y,Y,
1750988523,BEST DISCOUNT PHARMACY INC,2025 AVENUE G STE A,,ROSENBERG,TX,774712537,8322807747,MANAGER,3336C0003X,tier_1_primary_pharmacy,Y,Y,
1326645276,FRAZIER PHARMACY LLC,932 W DALLAS ST STE E,,CONROE,TX,773012260,2813770685,OWNER,3336C0003X,tier_1_primary_pharmacy,Y,Y,
1326645086,"DURA MED, INC.",600 BESSEMER AVE,,LLANO,TX,786431608,2524741553,OWNER,3336L0003X,tier_1_primary_pharmacy,Y,Y,
1982201588,MEDROCS CORPORATION LLC,8901 VIRGINIA PKWY STE 200,,MCKINNEY,TX,750715707,4696251000,OFFICER,3336C0003X,tier_1_primary_pharmacy,Y,Y,
1891392387,"ALTO PHARMACY, LLC",475 STATE HIGHWAY 121 BYP STE 150,,LEWISVILLE,TX,750678154,8008745881,SR. MANAGER OF REIMBURSEMENT,3336S0011X|333600000X|3336C0003X,tier_1_primary_pharmacy,Y,Y,
1538766019,HPB PHARMACY,6410 FANNIN ST STE 116,,HOUSTON,TX,770303006,7137991472,OWNER,3336C0003X,tier_1_primary_pharmacy,Y,Y,
1700483112,PHARMA SOURCE RX INC,19855 SOUTHWEST FWY.,STE. 220,SUGAR LAND,TX,77479,2817622020,OFFICER,3336L0003X|3336C0003X,tier_1_primary_pharmacy,Y,Y,
1174120562,MEDELA PHARMACY INC,6550 MAPLERIDGE ST STE 200,,HOUSTON,TX,770814647,7134346557,OFFICER/ PHARMACIST-IN-CHARGE,333600000X,tier_1_primary_pharmacy,Y,Y,
1376140699,"C&A BUSINESS HOLDINGS, LLC",2127 HIGHWAY 90 A STE B,,MISSOURI CITY,TX,774891123,3463042692,OWNER,3336C0003X,tier_1_primary_pharmacy,Y,Y,
1356949556,"QUALITY LIFE HEALTH SOLUTIONS, LLC",1711 AVENUE H,,ROSENBERG,TX,774712457,8327595887,OWNER,3336C0003X,tier_1_primary_pharmacy,Y,Y,
1396343588,HELIOS PHARMACY LLC,430 S HIGHWAY 78 STE 160,,WYLIE,TX,750983974,9723466350,PRESIDENT,3336C0003X,tier_1_primary_pharmacy,Y,Y,
1205434495,ATLAS PHARMACY LLC,2310 VIRGINIA PKWY STE 100,,MCKINNEY,TX,750713555,4694241870,PRESIDENT,3336C0003X,tier_1_primary_pharmacy,Y,Y,
1619575362,AVA HEALTHCARE LLC,1600 W LOUISIANA ST STE 700,,MCKINNEY,TX,750697881,2148428445,VP OF OPERATIONS,333600000X|3336C0003X,tier_1_primary_pharmacy,Y,Y,
1164020897,"PRINCIPLE LEAGUE PHARMACY, LLC",1815 E MAIN ST,,LEAGUE CITY,TX,77573,8329445800,OWNER,3336C0003X,tier_1_primary_pharmacy,Y,Y,
1477151140,ACONE CARE LLC,13211 JONES RD,,HOUSTON,TX,770704439,8326047987,PIC/OWNER,333600000X,tier_1_primary_pharmacy,Y,Y,
1346849643,RGVMEDS PHARMACY LLC,2606 E RICHARDSON RD,,EDINBURG,TX,78542,2146503918,MEMBER,3336C0003X,tier_1_primary_pharmacy,Y,Y,
1346849536,STAFFORD PHARMACY,508 MURPHY RD STE E,,STAFFORD,TX,774775449,8326787100,OWNER,3336C0003X,tier_1_primary_pharmacy,Y,Y,
1073112272,THE METHODIST HOSPITAL,13300 HARGRAVE RD STE 360,,HOUSTON,TX,770704374,2817370070,PRESIDENT & CEO,333600000X|3336S0011X|3336C0003X,tier_1_primary_pharmacy,Y,Y,
1861091977,A MEDIZONA PHARMACY,3700 BARKER CYPRESS RD,SUITE 700,HOUSTON,TX,77084,8323215476,OWNER,3336C0003X,tier_1_primary_pharmacy,Y,Y,
1952900078,NUDO PHARMACY LLC,104 INDUSTRIAL BLVD STE 201,,SUGAR LAND,TX,774783174,7135175472,PHARMACIST IN CHARGE,3336C0003X,tier_1_primary_pharmacy,Y,Y,
1194324277,RITE SCRIPTS PHARMACY INC,13835 WESTHOLLOW PARK DR APT 2805,,HOUSTON,TX,770821885,8324173042,DIRECTOR,3336C0003X,tier_1_primary_pharmacy,Y,Y,
1205435138,"N.P. CONSULTANTS VIII, LLC",2115 PLEASANTON RD STE 100,,SAN ANTONIO,TX,782211300,2109237717,MANAGER,333600000X,tier_1_primary_pharmacy,Y,Y,
1447850359,FARMACIA ASSOCIATES OF SAN ANTONIO INC.,919 SW MILITARY DR STE 105,,SAN ANTONIO,TX,782211580,2109221816,CORPORATE PRESIDENT,3336L0003X,tier_1_primary_pharmacy,Y,Y,
1346840113,ZURIEL HEALTH GROUP CORP,12234 SHADOW CREEK PKWY STE 4110,,PEARLAND,TX,775847333,2817214990,OWNER,3336C0003X|3336L0003X,tier_1_primary_pharmacy,Y,Y,
1639779366,MENS AFRICAN INVESTORS,6355 S PEEK RD STE 300,,KATY,TX,774507195,2817621770,MANAGER,3336C0003X,tier_1_primary_pharmacy,Y,Y,
1760082481,SAN MARCOS TREATMENT FACILITY,120 BERT BROWN RD,,SAN MARCOS,TX,786665803,5127543804,SR VP CFO,3336L0003X,tier_1_primary_pharmacy,Y,Y,
1154921864,MBEPE HEALTH LLC,301 S 9TH ST STE 121,,RICHMOND,TX,774693448,8323631139,OFFICER,3336C0003X,tier_1_primary_pharmacy,Y,Y,
1659972230,"COVETRUS NORTH AMERICA, LLC",14800 FAA BLVD STE 150,,FORT WORTH,TX,761552252,8338395428,LICENSING AND CREDENTIALING ANALYST,3336M0002X|333600000X,tier_1_primary_pharmacy,Y,Y,
1356942767,"RXASSIST PHARMACY, INC.",17020 BEAVER SPRINGS DR STE 8,,HOUSTON,TX,770902398,8329409996,PRESIDENT / PIC,3336C0003X,tier_1_primary_pharmacy,Y,Y,
1679174882,COMANCHE COUNTY MEDICAL CENTER COMPANY,1870 B STATE HWY 36,,RISING STAR,TX,76471,2546433231,CHIEF FINANCIAL OFFICER,3336C0003X,tier_1_primary_pharmacy,Y,Y,
1831790575,NEXTLEVEL PHARMACEUTICALS LLC,1110 TEXAS PKWY STE 200,,STAFFORD,TX,774776496,2143155370,OWNER,3336C0003X,tier_1_primary_pharmacy,Y,Y,
1962003806,VC PHARMACY INC,3005 E RENNER RD STE 120,,RICHARDSON,TX,750823570,2143245100,PRESIDENT,3336M0002X,tier_1_primary_pharmacy,Y,Y,
1275135808,READY PHARMACY INC,10301 HARWIN DR STE 3,,HOUSTON,TX,770362793,7134975595,MANAGER,3336C0003X,tier_1_primary_pharmacy,Y,Y,
1700488236,WEST CHURCH RX LLC,106 W HANSON ST,,CLEVELAND,TX,773274406,2817616670,AUTHORIZED OFFICIAL,3336C0003X,tier_1_primary_pharmacy,Y,Y,
1558963090,WEST MILL PHARMACY LLC,300 BYPASS LN STE 204,,LIVINGSTON,TX,773518416,9363271168,OFFICER,333600000X|3336C0003X,tier_1_primary_pharmacy,Y,Y,
1881296366,HEALTH CORNER PHARMACY LLC,30417 5TH ST STE C,,FULSHEAR,TX,774412508,2813468743,OFFICER,3336C0003X,tier_1_primary_pharmacy,Y,Y,
1790387165,FJD PHARMACY LLC,1111 FM 517 RD E,,DICKINSON,TX,775398644,8329304822,MANAGING PARTNER,3336C0003X,tier_1_primary_pharmacy,Y,Y,
1235731498,"LIVEWELL INTERNATIONAL HEALTH, INC.",3044 OLD DENTON RD STE 305,,CARROLLTON,TX,750075017,4695994242,PRESIDENT,3336C0003X,tier_1_primary_pharmacy,Y,Y,
1245832245,BROOKSHIRE BROTHERS INC,455 GEORGE BUSH DRIVE W,,COLLEGE STATION,TX,77840,9793145009,PHARMACY ADMIN,3336C0003X,tier_1_primary_pharmacy,Y,Y,
1619579554,NATURE GREEN LEAF,3129 KINGSLEY DR STE 2030,,PEARLAND,TX,775848511,2816177438,PHARMACY MANAGER/OWNER,3336C0004X|3336L0003X|3336S0011X|3336C0003X,tier_1_primary_pharmacy,Y,Y,
1639772445,BLUESTONE PHARMACY LLC,555 REPUBLIC DR STE 108,,PLANO,TX,750745427,4695911680,OWNER,333600000X|3336C0003X,tier_1_primary_pharmacy,Y,Y,
1851994859,PRESTIGE HEALTH SOLUTIONS,1800 WEST LOOP S STE 2110,,HOUSTON,TX,770273246,8887993879,CEO,333600000X,tier_1_primary_pharmacy,Y,Y,
1922601822,LELA PHARMACY LLC,1713 SW MILITARY DR STE 100,,SAN ANTONIO,TX,782211430,2103481532,MANAGING OFFICER,3336S0011X|3336C0003X,tier_1_primary_pharmacy,Y,Y,
1235733981,"RUSHING INVESTMENTS, INC.",2240 NAVIGATION BLVD STE 200A,,HOUSTON,TX,770031577,7133247241,CO-OWNER,3336C0003X,tier_1_primary_pharmacy,Y,Y,
1558966507,PHARMACY 36 LLC,1310 1ST ST STE B,,ROSENBERG,TX,774713302,3468430041,MANAGER,3336C0003X,tier_1_primary_pharmacy,Y,Y,
1417551417,"SPRINGWOOD PHARMACY, LLC",6404 NURSERY DRIVE,SUITE 101,VICTORIA,TX,77904,3618946835,MANAGER,3336C0003X|333600000X,tier_1_primary_pharmacy,Y,Y,
1619572435,"PREVENTATIVE CARE HEALTH SERVICES, INC",1501 N ERMA AVE,,PRESIDIO,TX,79845,4322292533,COO,3336C0003X,tier_1_primary_pharmacy,Y,Y,
1316542939,SUGAR LAND FAMILY PHARMACY LLC,16701 CREEK BEND DRIVE,SUITE 550,SUGAR LAND,TX,77478,2813025827,OWNER,3336C0003X,tier_1_primary_pharmacy,Y,Y,
1811593791,SMILE RX PHARMACY,490 IH 10 N STE 400,,BEAUMONT,TX,777021819,4095548168,OWNER,3336C0003X,tier_1_primary_pharmacy,Y,Y,
1326644923,DASUTH LLC,7346 ANTOINE DR,,HOUSTON,TX,770887230,8323288330,MANAGING OFFICER,3336C0003X,tier_1_primary_pharmacy,Y,Y,
1922604354,DEXTER PHARMACY LLC,4708 DEXTER DR STE 110,,PLANO,TX,750935288,4694608880,ADMINISTRATOR,333600000X,tier_1_primary_pharmacy,Y,Y,
1639775869,US SCRIPTS RX LLC,133 W OVILLA RD,,GLENN HEIGHTS,TX,751542388,9729205050,OFFICER,333600000X,tier_1_primary_pharmacy,Y,Y,
1912503194,"IRIDIUM SPECIALTY PHARMACY, PLLC",11303 CHIMNEY ROCK RD # 105,,HOUSTON,TX,770352901,7133247235,ADMINISTRATOR,3336S0011X|333600000X|3336H0001X,tier_1_primary_pharmacy,Y,Y,
1447856604,JW PHARMACY,310 MCKEEVER #A3,,ARCOLA,TX,77583,2819155928,MANAGING OFFICER,3336C0004X|3336C0003X,tier_1_primary_pharmacy,Y,Y,
1174119267,PECAN PHARMACY,2885 DULLES AVE,,MISSOURI CITY,TX,774592950,8325396092,OWNER,3336C0003X,tier_1_primary_pharmacy,Y,Y,
1720674435,AJ GOKUL NILKANTH LLC,28455 TOMBALL PKWY,,TOMBALL,TX,773753307,8328437105,OWNER,3336L0003X,tier_1_primary_pharmacy,Y,Y,
1831785336,BETTER LIFE PHARMACY LLC,653 PIN OAK RD STE B4,,KATY,TX,774946327,2817992823,AUTHORIZED OFFICIAL,3336C0003X,tier_1_primary_pharmacy,Y,Y,
1255927703,EAGLE PHARMACY HIDEAWAY,14077 FM 849,,LINDALE,TX,757715160,9038815752,PRESIDENT,3336C0003X,tier_1_primary_pharmacy,Y,Y,
1700473089,LAMJUNG LLC,601 HARWOOD RD STE 1,,BEDFORD,TX,760214272,8173984250,OFFICER,3336C0003X,tier_1_primary_pharmacy,Y,Y,
1538755806,KEYSTONE PHARMACY,11242 FM 1960 RD W STE 106,,HOUSTON,TX,770653635,8328638113,MANAGER,3336C0003X,tier_1_primary_pharmacy,Y,Y,
1316534126,P J WORSHAM MANAGEMENT LLC,8103 CREEKBEND DR STE G,,HOUSTON,TX,770711556,8325825252,OWNER,333600000X|3336C0003X,tier_1_primary_pharmacy,Y,Y,
1487242749,BRIGHTMED CORPORATION,9630 CLAREWOOD DR STE A3,,HOUSTON,TX,770363535,7137727700,PRESIDENT,3336L0003X,tier_1_primary_pharmacy,Y,Y,
1942898002,PHARMAVIDA RX INC,2116 W GRIFFIN PKWY STE A,,PALMVIEW,TX,785729733,9565532116,OFFICER,3336C0003X,tier_1_primary_pharmacy,Y,Y,
1790373553,BARKER CYPRESS PHARMACY AND COMPOUNDING INC,705 S FRY RD STE 105,,KATY,TX,774502252,7136313117,DIRECTOR,3336C0003X,tier_1_primary_pharmacy,Y,Y,
1093304537,SANDHILLS LTC,1411 W AMERICAN BLVD STE A,,MULESHOE,TX,793473123,8062727511,PHARMACIST / OWNER,333600000X,tier_1_primary_pharmacy,Y,Y,
1639768070,GAINES PHARMACY LLC,3900 AMERICAN DR STE 101B,,PLANO,TX,750756188,4694569657,MANAGER,3336C0003X,tier_1_primary_pharmacy,Y,Y,
1437748506,"PARTEX PHARMACY 1, LLC",5997 ALLEN DR,,CONROE,TX,773045116,8777912923,MANAGING OFFICER,3336L0003X,tier_1_primary_pharmacy,Y,Y,
1447849237,TEXAS PHARMACY MANAGEMENT GROUP LLC,3716 22ND ST,,LUBBOCK,TX,794101312,5613797750,OWNER ASSISTANT,3336C0002X|3336C0004X|3336L0003X|3336C0003X,tier_1_primary_pharmacy,Y,Y,
1871183335,"ALLEN PHARMACY & WELLNESS, LLC",1144 N PLANO RD STE 129,,RICHARDSON,TX,750812454,9723729775,PHARMACIST-IN-CHARGE/ MEMBER,3336L0003X,tier_1_primary_pharmacy,Y,Y,
1255921623,GLOBAL PHARMACY CARE INC,13155 BISSONNET ST STE 100,,HOUSTON,TX,770992264,7132089252,MANAGING OFFICER/PIC/DIRECTOR,3336C0003X,tier_1_primary_pharmacy,Y,Y,
1881284263,PECAN PHARMACY LLC,1850 LAKEPOINTE DR STE 300,,LEWISVILLE,TX,750576443,2142279765,PRESIDENT/OFFICER,3336C0003X,tier_1_primary_pharmacy,Y,Y,
1326638479,DRISCOLL CHILDREN'S HOSPITAL,3533 S ALAMEDA ST,,CORPUS CHRISTI,TX,784111721,3616945000,PRESIDENT & CEO,3336S0011X|3336C0003X,tier_1_primary_pharmacy,Y,Y,
1366032302,PLUM CREEK PHARMACY LLC,4217 BENNER STE 430,,KYLE,TX,786402555,5122890257,MANAGER,3336C0003X,tier_1_primary_pharmacy,Y,Y,
1982294898,LIFECHEK CARRIZO LLC NITRILIS RX #2,17215 RED OAK DR STE 103,,HOUSTON,TX,770902611,2816023487,AUTHORIZED OFFICIAL,3336L0003X|3336C0003X,tier_1_primary_pharmacy,Y,Y,
1841880556,"PHARMAXY, LLC.",2626 SPENCER HWY STE 140,,PASADENA,TX,775041021,8328312082,PIC,333600000X,tier_1_primary_pharmacy,Y,Y,
1639760325,SHEHZADI NAGRA MD PLLC,1601 BROOK AVE,,WICHITA FALLS,TX,763015619,9407239226,ADMINISTRATOR,3336C0002X|3336H0001X,tier_1_primary_pharmacy,Y,Y,
1831780535,CARINGRX PHARMACY,5944 W PARKER RD STE 120,,PLANO,TX,750936431,4696803700,DIRECTOR,3336C0003X,tier_1_primary_pharmacy,Y,Y,
1710578281,SHAMROCK INVERSMENT ENTERPRISE,6120 RICHMOND AVE,,HOUSTON,TX,770576210,8325812793,OWNER,3336C0003X,tier_1_primary_pharmacy,Y,Y,
1114518552,DES PHARMACY LLC,13405 SOUTHWEST FWY,STE 111,SUGARLAND,TX,774783559,8327777059,MANAGING PARTNER,3336C0003X,tier_1_primary_pharmacy,Y,Y,
1053902213,"TEXAS SUPERIOR CARE RX, LLC",111 E 5TH ST,,MCCAMEY,TX,79752,4326524220,MANAGING PARTNER,3336L0003X,tier_1_primary_pharmacy,Y,Y,
1154912228,CAN COMMUNITY HEALTH INC.,603 MATLOCK CENTRE CIR,,ARLINGTON,TX,760152535,8443706204,CHIEF PHARMACY OFFICER,3336C0003X,tier_1_primary_pharmacy,Y,Y,
1871185595,SSA HOLDINGS LLC,6010 S WESTERN ST UNIT 100,,AMARILLO,TX,791103653,8068039401,PHARMACIST,3336L0003X,tier_1_primary_pharmacy,Y,Y,
1346832961,"DEDICATED PHYSICIANS GROUP OF TEXAS, PLLC",4423 GRIGGS RD,,HOUSTON,TX,770212815,7134290655,EXECUTIVE OFFICER,333600000X,tier_1_primary_pharmacy,Y,Y,
1902498678,ANGELO PHARMACY CORP,2910 SHERWOOD WAY STE 100,,SAN ANGELO,TX,769013516,3252307259,DIRECTOR,3336C0003X,tier_1_primary_pharmacy,Y,Y,
1952993305,MEMORIAL PHARMACY,7017 S STAPLES ST STE 103B,,CORPUS CHRISTI,TX,784135507,5047821733,PHARMACIST,3336L0003X|3336M0002X|3336C0003X,tier_1_primary_pharmacy,Y,Y,
1962094185,"CARE MART PHARMACY, LLC.",1219 BARRANCA DR STE A,,EL PASO,TX,799354601,9152135457,PHARMACIST IN CHARGE,3336C0003X,tier_1_primary_pharmacy,Y,Y,
1194317289,ROSE CITY PHARMACY LLC,2130 W GRANDE BLVD,,TYLER,TX,757030563,9037072034,PRESIDENT/PHARMACIST,3336L0003X,tier_1_primary_pharmacy,Y,Y,
1659963759,BEL NOME PHARMACY LLC,818 E VILLA MARIA RD,,BRYAN,TX,778025337,9792892211,MANAGER/OWNER,3336C0003X,tier_1_primary_pharmacy,Y,Y,
1487247193,BORDER RIVER INCORPORATED,5326 E US HIGHWAY 83 STE A5,,RIO GRANDE CITY,TX,785829409,9563171112,PRESIDENT,3336L0003X,tier_1_primary_pharmacy,Y,Y,
1205429099,UPNT PHARMACY LLC,5005 S COOPER ST STE 251,,ARLINGTON,TX,760175994,8663678768,MANAGING PARTNER,3336C0003X,tier_1_primary_pharmacy,Y,Y,
1568056463,DS PHARMACY LLC,4500 E SAM HOUSTON PKWY S STE 100,,PASADENA,TX,775053956,2817413462,OFFICER,3336C0003X,tier_1_primary_pharmacy,Y,Y,
1619561537,LUBBOCK COUNTY HOSPITAL DISTRICT,602 INDIANA AVE,,LUBBOCK,TX,794153364,8067759183,PHARMACY MANAGER,3336S0011X,tier_1_primary_pharmacy,Y,Y,
1902490428,W5 PHARMACY,1110 E WALKER ST,,BRECKENRIDGE,TX,764243824,2543668291,OWNER/PIC,3336C0004X|3336C0003X,tier_1_primary_pharmacy,Y,Y,
1205420478,DESIRE PHARMACY INC,5631 TELEPHONE RD STE C,,HOUSTON,TX,770874485,7139936580,MANAGING OFFICER,3336L0003X|3336C0003X,tier_1_primary_pharmacy,Y,Y,
1467047456,"PROCARE SPECIALTY MEDICINE, LLC",2698 N GALLOWAY AVE STE 108,,MESQUITE,TX,751506390,4699136090,OFFICER,3336C0003X,tier_1_primary_pharmacy,Y,Y,
1407441173,TEXAS MEDS RX INC,301 S 9TH ST STE 100,,RICHMOND,TX,774693448,8324493270,OFFICER,3336C0003X,tier_1_primary_pharmacy,Y,Y,
1548855034,GATEWAY FAMILY PHARMACY LLC,109 WILSON AVE STE B,,ELSA,TX,78543,9566904280,PHARMACIST,3336C0003X,tier_1_primary_pharmacy,Y,Y,
1487249934,EAST SAFETY FIRST LLC,811 NORMANDY ST BLDG B200,,HOUSTON,TX,770154939,8327672949,OWNER,3336C0003X,tier_1_primary_pharmacy,Y,Y,
1770178923,RED RIVER PHARMACY SERVICES INC,1550 MOORES LN STE C,,TEXARKANA,TX,755034657,9037924825,DIRECTOR OF BUSINESS,3336N0007X,tier_1_primary_pharmacy,Y,Y,
1174118384,PHARMA LLC,301 S 9TH ST STE 119,,RICHMOND,TX,774693448,3468432708,OWNER,3336C0003X,tier_1_primary_pharmacy,Y,Y,
1073198156,HENDRICK MEDICAL CENTER,1900 PINE ST,,ABILENE,TX,796012432,3256703068,CFO,3336C0004X|3336S0011X|3336I0012X|3336C0003X,tier_1_primary_pharmacy,Y,Y,
1386229169,MEDTECH LOCAL PHARMACY INC,2345 50TH ST STE 201,,LUBBOCK,TX,794122565,8003998805,DIRECTOR / PRESIDENT,3336C0003X,tier_1_primary_pharmacy,Y,Y,
1073198768,EVERCAREPLUS INC,2118 E RUSK ST,,JACKSONVILLE,TX,757669052,4304351888,VICE PRESIDENT,3336C0003X,tier_2_secondary_pharmacy,N,Y,
1164007605,PC PHARMACY INC,1916 N GRAND AVE,,SHERMAN,TX,750902610,9033286655,OWNER,3336C0003X,tier_1_primary_pharmacy,Y,Y,
1629653027,MD SPECIALTY PHARMACY,1300 BAY AREA BLVD STE B230,,HOUSTON,TX,770582505,3462307984,OWNER,3336C0004X|3336M0002X|3336C0003X,tier_1_primary_pharmacy,Y,Y,
1124603451,HEALTH WISE AFFORDABLE PHARMACY,214 W AHLDAG ST,,WHARTON,TX,774882410,9782829473,OFFICER,3336C0003X,tier_1_primary_pharmacy,Y,Y,
1063098200,AUSADHI RX LLC,606 S SEVEN POINTS DR STE 5,,SEVEN POINTS,TX,751439117,9034320922,MANAGER,3336C0003X,tier_1_primary_pharmacy,Y,Y,
1396321584,"LIVEWELL INTERNATIONAL HEALTH, INC.",3044 OLD DENTON RD STE 305,,CARROLLTON,TX,750075017,4695994242,PRESIDENT,3336C0003X,tier_1_primary_pharmacy,Y,Y,
1982280160,LIFECARE PHARMACY 23 INC,4500 S PLEASANT VALLEY RD # 100,,AUSTIN,TX,787442911,5126482700,OWNER,333600000X|3336I0012X|3336L0003X,tier_1_primary_pharmacy,Y,Y,
1124604178,TWENTYONE 12 LLC,7651 ELDORADO PKWY STE 100A,,MCKINNEY,TX,750701735,2148428565,OWNER,3336C0003X,tier_1_primary_pharmacy,Y,Y,
1447836374,"CAPITAL APOTHECARY, LLC",2802 GARTH RD STE 101,,BAYTOWN,TX,775213924,2817646135,PRINCIPAL,333600000X|3336C0004X|3336L0003X|3336C0003X,tier_1_primary_pharmacy,Y,Y,
1609452523,"NEXUS HEALTH SOLUTIONS, LLC",2720 E YANDELL DR STE 104,,EL PASO,TX,799033751,9157314050,OWNER,333600000X,tier_2_secondary_pharmacy,N,Y,
1619553450,"ROYAL HEALTH SOLUTIONS, LLC",2503 S MAIN ST STE O,,STAFFORD,TX,774775544,2812087988,OWNER,3336C0003X,tier_1_primary_pharmacy,Y,Y,
1801472626,"WILSON PHARMACY GROUP, LLC",1224 MAIN STREET,,MATADOR,TX,79244,8066523353,MANAGING MEMBER,3336C0003X,tier_1_primary_pharmacy,Y,Y,
1225614670,S&M HEALTH LLC,980 E 87TH ST STE C,,ODESSA,TX,797651318,4322573732,PHARMACIST,333600000X|3336C0003X,tier_1_primary_pharmacy,Y,Y,
1225615412,THE PHARMACEUTIC ASSOCIATES INC,5969 DALLAS PKWY,,PLANO,TX,750937878,9729054911,CEO,3336C0003X|3336S0011X|3336C0004X,tier_1_primary_pharmacy,Y,Y,
1841877040,THE US PHARMACISTS' CLINIC PLLC,5969 DALLAS PKWY # 2,,PLANO,TX,750937878,4696612962,CEOI,3336C0003X,tier_2_secondary_pharmacy,N,Y,
1982281085,MEDICINEERS LLC,5969 DALLAS PKWY,,PLANO,TX,750937878,9729054911,CEO,3336C0003X|3336C0004X|3336S0011X,tier_2_secondary_pharmacy,N,Y,
1679150551,AMC PHARMACY INC,655 W ILLINOIS AVE STE 918,,DALLAS,TX,752241814,9727070540,PHARMACIST,3336L0003X,tier_1_primary_pharmacy,Y,Y,
1245817105,R&N PHARMACY RX LLC,209 W COOMBS ST,,ALVIN,TX,775112826,3463092332,OFFICE MANAGER,3336C0003X,tier_1_primary_pharmacy,Y,Y,
1912584418,CHRISTUS SPOHN HEALTH SYSTEM CORPORATION,2606 HOSPITAL BLVD STE A,,CORPUS CHRISTI,TX,784051804,3619024732,CEO,3336C0003X,tier_1_primary_pharmacy,Y,Y,
1093392599,SIMPO PHARMACY & CVS INC,5602B TELEPHONE RD,,HOUSTON,TX,770874418,2818466849,DIRECTOR/PHARMACIST/OWNER,3336C0003X,tier_1_primary_pharmacy,Y,N,CVS
1750969275,DOCSTATION INC.,2011 E 10TH ST,,AUSTIN,TX,787023409,3195129664,CEO,3336C0002X,tier_1_primary_pharmacy,Y,Y,
1760069223,DUMDIETER PHARMACY LLC,2047 W MAIN STREET,SUITE A-10,LEAGUE CITY,TX,77573,2812077575,OWNER,3336C0003X,tier_1_primary_pharmacy,Y,Y,
1558949727,NORTH LOOP VENTURES INC,8829 N LOOP DR,SUITE D403,EL PASO,TX,799074607,9154448124,PHARMACY MANAGER,3336C0003X,tier_1_primary_pharmacy,Y,Y,
1154909323,"STEPHEN F AUSTIN COMMUNITY HEALTH CENTER,INC",10851 SCARSDALE BLVD STE 160B,,HOUSTON,TX,770895737,2818241480,CREDENTIALING COORDINATOR,3336H0001X|3336S0011X|3336C0003X,tier_1_primary_pharmacy,Y,Y,
1235717406,DELIVERIT PHARMACY BEDFORD INC,2901 BROWN TRL,,BEDFORD,TX,760214107,4699050777,CEO,333600000X|3336C0004X|3336C0003X,tier_1_primary_pharmacy,Y,Y,
1063090835,NIMBUS HEALTH SOLUTIONS,12005 BEE CAVES RD STE 1D,,AUSTIN,TX,787386385,5126089355,CEO,3336C0003X|3336C0004X|3336M0002X|333600000X,tier_1_primary_pharmacy,Y,Y,
1801475488,RADIANT PHARMACY LLC,1100 FM 1092 RD STE D,,MISSOURI CITY,TX,774591588,8324407061,OWNER,333600000X,tier_1_primary_pharmacy,Y,Y,
1174102586,ST MICHAEL'S PHARMACY LLC,5102 AVENUE H,,ROSENBERG,TX,774712014,2817621120,PHARMACIST-IN-CHARGE/OWNER,3336C0003X,tier_1_primary_pharmacy,Y,Y,
1477132280,"DILLEY PHARMACY, LLC",801 WEST FM 117,,DILLEY,TX,78017,8303263127,MANAGER,3336C0003X,tier_1_primary_pharmacy,Y,Y,
1003496738,KENT PHARMACY LLC,6800 ALMA DR STE 102,,PLANO,TX,750230001,2149917356,OWNER,3336C0003X,tier_1_primary_pharmacy,Y,Y,
1104406511,MOTHER FRANCES HOSPITAL REGIONAL HEALTH CARE CENTER,800 E DAWSON ST STE 100,,TYLER,TX,757012036,9036066790,CFO,3336S0011X|3336C0003X,tier_1_primary_pharmacy,Y,Y,
1609456870,TEXAS PLUS PHARMACY LLC,3616 BROADWAY ST,,GALVESTON,TX,775504037,4093569520,MANAGER,3336C0003X,tier_1_primary_pharmacy,Y,Y,
1992385165,EMINENT RX LLC,24420 FM 1314 RD # 300,,PORTER,TX,773655489,2817477553,MANAGING MEMBER,333600000X,tier_1_primary_pharmacy,Y,Y,
1306426234,CROWN PHARMACY LLC,26795 US HIGHWAY 380 E STE 800,,AUBREY,TX,762277852,8324395325,OWNER/MANAGER,3336C0003X,tier_1_primary_pharmacy,Y,Y,
1427638428,UNITED TEXAN PHARMACY,2909 HILLCROFT ST STE 602,,HOUSTON,TX,770575847,2818884139,OWNER / PHARMACIST,3336C0004X|3336L0003X|3336C0003X,tier_1_primary_pharmacy,Y,Y,
1053991992,"LOBO RX, LLC",2212 N SEYMOUR AVE STE B,,LAREDO,TX,780403409,9566150900,OWNER,3336C0003X,tier_1_primary_pharmacy,Y,Y,
1003497538,"SHAN-PHAM DIVERSIFIED HOLDINGS, INC",12946 DAIRY ASHFORD RD STE 450,,SUGAR LAND,TX,774784643,3462790497,OFFICER,3336M0002X,tier_1_primary_pharmacy,Y,Y,
1881275311,POWER CENTER PHARMACY #2,2419 TEXAS PKWY STE 100,,MISSOURI CITY,TX,774894089,8329871116,OWNER,3336C0003X,tier_1_primary_pharmacy,Y,Y,
1649851601,VAX21 LLC,3050 POST OAK BLVD STE 510,,HOUSTON,TX,770566512,7134233862,CEO,3336M0002X|333600000X,tier_1_primary_pharmacy,Y,Y,
1780265694,TRAVELVAX LLC,13201 NORTHWEST FWY STE 635,,HOUSTON,TX,770406249,8324609003,OWNER,3336C0003X,tier_2_secondary_pharmacy,N,Y,
1396326294,YOUR HEALTH CLINIC,1521 BAKER RD STE 200,,SHERMAN,TX,750902409,9038911972,EXECUTIVE DIRECTOR,333600000X,tier_1_primary_pharmacy,Y,Y,
1720660582,"FRONTERA HEALTHCARE NETWORK, INC.",1003 COLLEGE ST STE 100,,JUNCTION,TX,768494632,3257707676,EXECUTIVE DIRECTOR,3336C0003X,tier_1_primary_pharmacy,Y,Y,
1861074650,AMERICAN SPECIALTY PHARMACY INC,12811 BEAMER RD STE 2A,,HOUSTON,TX,770896140,8325003575,PRESIDENT/OWNER,3336S0011X,tier_1_primary_pharmacy,Y,Y,
1447832902,DSD PHARMACY LLC,13017 JESS PIRTLE BLVD STE 200,,SUGAR LAND,TX,774782880,3463555373,MANAGING MEMBER,3336C0003X,tier_1_primary_pharmacy,Y,Y,
1508449547,ALSEDRA PHARMACY LLC,9031 WESTHEIMER RD,,HOUSTON,TX,77063,8324750725,PHARMACIST IN CHARGE/OWNER,3336S0011X|3336C0003X,tier_1_primary_pharmacy,Y,Y,
1851974430,ASCENSION SETON,6001 KYLE PKWY,,KYLE,TX,786406112,5125045170,REG DIR NET REV & REIMB,3336C0003X|3336I0012X|333600000X,tier_1_primary_pharmacy,Y,Y,
1184207250,"CLEARFORK PHARMACY, LLC",2901 ACME BRICK PLZ STE 204,,FORT WORTH,TX,761094124,2057894507,OWNER,3336C0003X,tier_1_primary_pharmacy,Y,Y,
1750965786,VALLEY PHARMACY LLC,129 N FM 3167 STE B,,RIO GRANDE CITY,TX,785826211,9564872711,OWNER,3336C0003X,tier_1_primary_pharmacy,Y,Y,
1568046399,RYAN ADAM PHARMA LLC,5901 S COOPER ST STE 600,,ARLINGTON,TX,760174447,8175836962,PIC,3336C0003X,tier_1_primary_pharmacy,Y,Y,
1417531021,MOTHER FRANCES HOSPITAL REGIONAL HEALTH CARE CENTER,800 E DAWSON ST STE 100,,TYLER,TX,757012036,9036066790,CFO,3336S0011X|3336C0003X,tier_1_primary_pharmacy,Y,Y,
1023692456,SCOTT READ CORPORATION,536 WAUGH DR,,HOUSTON,TX,770192002,8326493142,"PIC, PRESIDENT",333600000X|3336C0003X,tier_1_primary_pharmacy,Y,Y,
1972187375,RAFA PHARMACEUTICALS LLC,20226 HIGHWAY 6 STE C,,MANVEL,TX,775783850,8326787232,OWNER,3336C0003X,tier_1_primary_pharmacy,Y,Y,
1205410529,UNIVERSITY OF TEXAS MD ANDERSON CANCER CENTER,13900 KATY FWY,,HOUSTON,TX,770791012,2816464341,"ASSISTANT MANAGER, PHARMACY",3336I0012X,tier_1_primary_pharmacy,Y,Y,
1417531732,UNIVERSITY OF TEXAS MD ANDERSON CANCER CENTER,1327 LAKE POINTE PARKWAY,,SUGAR LAND,TX,77478,2815661990,PHARMACIST,3336I0012X,tier_1_primary_pharmacy,Y,Y,
1215511530,UNIVERSITY OF TEXAS MD ANDERSON CANCER CENTER,100 FELLOWSHIP DRIVE,,THE WOODLANDS,TX,77384,9364465034,"ASSISTANT MANAGER, PHARMACY",3336I0012X,tier_1_primary_pharmacy,Y,Y,
1811561046,MEDIOAK PHARMACY LLC,3129 HIGHWAY 6,,SUGAR LAND,TX,774784367,2819809979,PIC,3336C0004X|3336S0011X|3336C0003X,tier_1_primary_pharmacy,Y,Y,
1598349870,UNIVERSITY OF TEXAS MD ANDERSON CANCER CENTER,2280 GULF FWY S,,LEAGUE CITY,TX,775735143,7138346633,PHARMD RPH/ASST MGR,3336I0012X,tier_1_primary_pharmacy,Y,Y,
1346814381,RAYMONDVILLE DRUG LLC,3150 INTERNATIONAL BLVD STE 100,,BROWNSVILLE,TX,785213214,9562805773,OWNER,3336C0003X,tier_1_primary_pharmacy,Y,Y,
1689248585,MED-RX PLUS LLC,9000 SOUTHWEST FWY STE 150,,HOUSTON,TX,770741517,8325828216,PHARMACY MANAGER,3336C0004X|3336L0003X|3336M0002X|3336S0011X|3336C0003X,tier_1_primary_pharmacy,Y,Y,
1932773884,ASCENSION SETON,201 SETON PKWY,,ROUND ROCK,TX,786658000,5123240000,REG DIR NET REV & REIMB,3336C0003X|3336I0012X|333600000X,tier_1_primary_pharmacy,Y,Y,
1669046512,ASCENSION SETON,1201 W 38TH ST,,AUSTIN,TX,787051006,5123241000,REG DIR NET REV REIMB,3336C0003X|3336I0012X|333600000X,tier_1_primary_pharmacy,Y,Y,
1396319265,TOTAL EXCEL PHARMACY LLC,11003 ANTOINE DR STE F,,HOUSTON,TX,770861428,3462702903,OWNER,3336C0003X,tier_1_primary_pharmacy,Y,Y,
1255905956,HL PHARMASOURCE INC,26202 OAK RIDGE DR STE A-107,,SPRING,TX,773801994,8324463382,OWNER,3336C0003X,tier_1_primary_pharmacy,Y,Y,
1770157554,CARETAKER PHARMACY LLC,10540 FM 1960 RD W STE A,,HOUSTON,TX,770706339,2816539414,OWNER,3336L0003X|3336C0003X,tier_1_primary_pharmacy,Y,Y,
1427622810,COIT RX LLC,4100 W 15TH ST STE 204,,PLANO,TX,750935801,9728055332,MANAGING OFFICER,333600000X,tier_1_primary_pharmacy,Y,Y,
1801460159,PANTECH RX INC,7630 FRY RD STE A-500,,CYPRESS,TX,774333375,8324276267,OFFICER,3336C0003X,tier_1_primary_pharmacy,Y,Y,
1275108227,"WELLCARE OF HOUSTON GROUP, LLC",14343 TORREY CHASE BLVD STE I,,HOUSTON,TX,770141630,4086613881,MEMBER  MANAGED,333600000X|3336C0003X|3336L0003X,tier_1_primary_pharmacy,Y,Y,
1689249526,VITARB CORPORATION,7447 HARWIN DR STE 141,,HOUSTON,TX,770362020,8328792726,PIC,3336C0003X,tier_1_primary_pharmacy,Y,Y,
1386219806,"BARRIO COMPREHENSIVE FAMILY HEALTH CARE CENTER, INC.",3066 E COMMERCE ST,,SAN ANTONIO,TX,782201013,2104316250,CEO,3336C0003X,tier_1_primary_pharmacy,Y,Y,
1104491620,ZURIEL HEALTH GROUP CORP,12234 SHADOW CREEK PKWY STE 4110,,PEARLAND,TX,775847333,2817214990,PHARMACIST,3336C0003X,tier_1_primary_pharmacy,Y,Y,
1871168229,VITASOURCE PHARMACY LLC,3806 AVENUE I STE 28,,ROSENBERG,TX,774713951,8447440101,OFFICER,3336C0003X|333600000X,tier_1_primary_pharmacy,Y,Y,
1023684495,MEDSOURCE ESSENTIALS LLC,8820 WILL CLAYTON PKWY STE G,,HUMBLE,TX,773385836,8326441250,OWNER/PIC,3336L0003X|3336M0002X|3336C0003X,tier_1_primary_pharmacy,Y,Y,
1912573346,DECATUR HOSPITAL AUTHORITY,"609 MEDICAL CENTER DRIVE, SUITE 1100",,DECATUR,TX,76234,9406262555,CEO,333600000X,tier_1_primary_pharmacy,Y,Y,
1730755828,"STARCREST RX, LLC",12151 JONES MALTSBERGER RD STE 113,,SAN ANTONIO,TX,782474233,2103103113,OWNER,333600000X,tier_1_primary_pharmacy,Y,Y,
1558937581,"ASCENSION PHARMACY SERVICES, LLC.",7701 METROPOLIS DR STE 200B,,AUSTIN,TX,787443125,8336337279,CHIEF OPERATIONS OFFICER,333600000X|3336M0002X|3336C0003X,tier_1_primary_pharmacy,Y,Y,
1376119925,TEXAS HEALTH PHARMACY LLC,5350 INDEPENDENCE PKWY # 110A,,FRISCO,TX,750354652,9037712472,MANAGING MEMBER,3336C0003X,tier_1_primary_pharmacy,Y,Y,
1649846494,CRESTMARK PHARMACY SERVICES OF TEXAS LLC,220 ELLA ST,,TOMBALL,TX,773755094,3462730002,DIRECTOR OF OPERATIONS,3336L0003X,tier_1_primary_pharmacy,Y,Y,
1568038123,DISPENSARY RX CORP,4112 AVENUE I,,ROSENBERG,TX,774713954,2819161364,OWNER,3336C0003X,tier_1_primary_pharmacy,Y,Y,
1497321095,BETTER MED PHARMACY LLC,301 HIGHWAY 59 LOOP S STE J,,LIVINGSTON,TX,773519095,9363272577,OFFICER,3336C0003X,tier_1_primary_pharmacy,Y,Y,
1578130993,BIOLOGICS INC.,13501 PARK VISTA BLVD,SUITE 150,FORT WORTH,TX,76177,8008504306,CORPORATE SECRETARY,3336C0003X|3336M0002X|3336S0011X,tier_1_primary_pharmacy,Y,Y,
1962079939,PHARMACY SAVINGS,20221 CLAY RD STE B,,KATY,TX,774492783,2819449456,CEO,3336C0003X,tier_1_primary_pharmacy,Y,Y,
1548837669,PRECISIONMED PHARMACY,630 MURPHY RD STE 108,,STAFFORD,TX,774775928,9373041216,OWNER,3336C0003X,tier_1_primary_pharmacy,Y,Y,
1407423270,"NUFACTOR, INC.",1650 LAKESIDE PKWY # 404A,,FLOWER MOUND,TX,750284092,8002927930,CHIEF OPERATIONS OFFICER,3336H0001X|3336S0011X|333600000X,tier_2_secondary_pharmacy,N,Y,
1689241283,SSRX LLC,6330 WEST LOOP SOUTH,SUITE 700 C,BELLAIRE,TX,774012928,8325531385,COO,3336S0011X|3336C0003X,tier_1_primary_pharmacy,Y,Y,
1184291700,SSRX LLC,1111 MEDICAL PLAZA DR.,STE. 160,THE WOODLANDS,TX,773803480,7136608888,COO,3336C0003X,tier_1_primary_pharmacy,Y,Y,
1699343277,EXPRESSFIVEHEALTHCARE LLC,8839 CULEBRA RD STE 102,,SAN ANTONIO,TX,782514825,2107509801,MANAGING OFFICER,3336C0003X,tier_1_primary_pharmacy,Y,Y,
1518535020,HARMONY PHARMACY LLC,4800 SUGAR GROVE BLVD STE 314,,STAFFORD,TX,774772630,3463094979,OFFICER,333600000X,tier_1_primary_pharmacy,Y,Y,
1730757931,WELLRX PHARMACY INC,2930 S BUCKNER BLVD,,DALLAS,TX,752276907,4697098231,OWNER,333600000X|3336C0003X,tier_1_primary_pharmacy,Y,Y,
1528636651,HARVESTRX LLC,110 VISION PARK BLVD STE 220,,SHENANDOAH,TX,773843015,8326636444,PHARMACIST IN CHARGE,3336C0003X,tier_1_primary_pharmacy,Y,Y,
1922677301,ALTO PHARMACY LLC,4175 FREIDRICH LN STE 202,,AUSTIN,TX,787441017,8008745881,SR. MANAGER OF REIMBURSEMENT,333600000X|3336C0003X|3336S0011X,tier_1_primary_pharmacy,Y,Y,
1568031524,ANDREWS PRESCRIPTION SHOP LLC,813 HOSPITAL DR,,ANDREWS,TX,797143618,4325234861,PHARMACIST IN CHARGE,3336L0003X,tier_1_primary_pharmacy,Y,Y,
1205405248,GLENDALE PHARMACY LLC,4203 GARDENDALE ST STE 223C,,SAN ANTONIO,TX,782293177,2106175507,MANAGING OFFICER,3336S0011X|3336C0003X,tier_1_primary_pharmacy,Y,Y,
1114596905,NEUGEN PHARMACY INC.,503 FM 359 RD STE 150,,RICHMOND,TX,774065197,8325826247,PHARMACIST-IN-CHARGE,3336C0003X,tier_1_primary_pharmacy,Y,Y,
1558930305,"MERRIMAC PRIMECARE, INC",12815 KINKAID MEADOWS LN,,HUMBLE,TX,773463794,8322958500,OWNER,3336H0001X|3336M0002X|3336S0011X|3336C0004X,tier_1_primary_pharmacy,Y,Y,
1376112177,"APEX HEALTH RX, LLC",505 N INTERSTATE 35 RD STE 400,,RED OAK,TX,751542319,4698209818,OWNER,3336C0003X,tier_1_primary_pharmacy,Y,Y,
1790355576,SSRX LLC,6330 WEST LOOP SOUTH,"SUITE 700 D, 7TH FLOOR",BELLAIRE,TX,774012928,7136608888,COO,3336C0003X,tier_1_primary_pharmacy,Y,Y,
1194395533,AFFORDABLE CARE PHARMACY LLC,13515 SOUTHWEST FWY STE 208,,SUGAR LAND,TX,774783547,3463505465,OFFICER,333600000X,tier_1_primary_pharmacy,Y,Y,
1932779220,DALLAS COUNTY HOSPITAL DISTRICT,3560 W CAMP WISDOM RD STE 100,,DALLAS,TX,752372506,2145908714,EVP & COO,3336C0003X|3336C0002X,tier_1_primary_pharmacy,Y,Y,
1316517345,STARLUX RX LLC,3880 PARKWOOD BLVD STE 602B,,FRISCO,TX,750341931,4697774543,PIC,3336C0003X,tier_1_primary_pharmacy,Y,Y,
1275103277,LIKAELENN LLC,1740 BOCA CHICA BLVD STE 400,,BROWNSVILLE,TX,785208146,9565257033,PIC,3336C0003X,tier_1_primary_pharmacy,Y,Y,
1568032480,COASTAL PLAZA PHARMACY LLC,501 GULF FWY S STE 108,,LEAGUE CITY,TX,775733537,7133432299,MANAGING OFFICER,333600000X,tier_1_primary_pharmacy,Y,Y,
1427628395,TU FARMACIALLC,5220 AIRLINE DR,,HOUSTON,TX,770221902,8326141693,MANAGING OFFICER,3336C0003X,tier_1_primary_pharmacy,Y,Y,
1770154486,BEAR'S COMPOUNDING PHARMACY LLC,109 W 7TH ST STE 115,,GEORGETOWN,TX,786265720,5128070622,PHARMACIST IN CHARGE,3336C0003X,tier_1_primary_pharmacy,Y,Y,
1922679562,"NORTH TEXAS PHARMACY, LLC",2741 VIRGINIA PKWY STE 800,,MCKINNEY,TX,750715027,9728763214,OFFICER,3336C0003X,tier_1_primary_pharmacy,Y,Y,
1518538719,"TOTAL PHARMACY SOLUTIONS, LLC.",3416 RICHMOND RD,,TEXARKANA,TX,755030704,9037485890,OWNER,3336M0002X,tier_1_primary_pharmacy,Y,Y,
1083285225,ALPHA RX LLC,1012 N DAVIS DR # 1014,,ARLINGTON,TX,760123240,8175385251,PHARMACY MANAGER,3336C0004X|3336C0003X,tier_1_primary_pharmacy,Y,Y,
1366014300,HEMMANUEL PHARMACY,3914 N JACKSON RD,,PHARR,TX,785777768,9563052798,PHARMACISTS,3336C0003X,tier_1_primary_pharmacy,Y,Y,
1346812286,"AVITA DRUGS, LLC",101 W KOENIG LN STE 400,,AUSTIN,TX,787511213,5123943101,REGULATORY COUNSEL,3336S0011X|3336C0003X,tier_1_primary_pharmacy,Y,Y,
1417529363,"AVITA DRUGS, LLC",426 BUTTERNUT ST STE A,,ABILENE,TX,796021327,3254808989,REGULATORY COUNSEL,3336S0011X|3336C0003X,tier_1_primary_pharmacy,Y,Y,
1275105744,S&R PHARMACEUTICALS,494 SPRINGHILL STREET,,JASPER,TX,75951,4093842215,OWNER,333600000X|3336C0004X|3336C0003X,tier_1_primary_pharmacy,Y,Y,
1700458213,"BULLDOG PHARMACY, LLC",115 N HOUSTON ST,,EDGEWOOD,TX,751172502,9033851122,OWNER/PIC,3336C0004X|3336C0003X,tier_1_primary_pharmacy,Y,Y,
1023680493,SYNERGY SCRIPTS PLLC,1732 KELLER PKWY STE 101,,KELLER,TX,76248,6822000035,OWNER,333600000X,tier_1_primary_pharmacy,Y,Y,
1366014888,APLOMB CARE PHARMACY,2639 CORDES DR STE A,,SUGAR LAND,TX,774791353,2812777623,OWNER/ PHARMACIST IN CHARGE,3336C0003X,tier_1_primary_pharmacy,Y,Y,
1114599503,EL CAMPO MEMORIAL HOSPITAL,1201 N MECHANIC ST,,EL CAMPO,TX,774372613,9799423584,CFO,3336C0003X,tier_1_primary_pharmacy,Y,Y,
1003488339,MORDON LLC,10407 W FAIRMONT PKWY STE C,,LA PORTE,TX,775716018,2819414976,MANAGING OFFICER,3336C0003X,tier_1_primary_pharmacy,Y,Y,
1699347880,PLANO APOTHECARY LP,5501 INDEPENDENCE PKWY STE 110-B,,PLANO,TX,750235463,4692942001,MANAGING PARTNER,3336C0003X,tier_1_primary_pharmacy,Y,Y,
1528630746,OM COMPREHENSIVE SERVICES LLC,900 MYER LN # A,,KERMIT,TX,797454621,4323095160,PHARMACIST,333600000X|3336C0003X,tier_1_primary_pharmacy,Y,Y,
1265004394,SUNNYSIDE PEDIATRIC PHARMACY,5817 PATTON ST STE 100,,CORPUS CHRISTI,TX,784142428,3618069100,CHIEF OPERATING OFFICER,3336C0002X|3336C0003X,tier_1_primary_pharmacy,Y,Y,
1013580935,"STEPHEN F AUSTIN COMMUNITY HEALTH CENTER, INC",2360 GULF FWY S STE 100-C,,LEAGUE CITY,TX,775736448,2818241470,CREDENTIALING COORDINATOR,3336C0003X,tier_1_primary_pharmacy,Y,Y,
1295308989,"KS PHARM, LLC",520 GULFGATE CENTER MALL,,HOUSTON,TX,770873022,7134423779,DIRECTOR OF PHARMACY,3336C0003X,tier_1_primary_pharmacy,Y,Y,
1295308724,SKIPCARE PHARMACY LLC,21013 OLD SORTERS RD STE C,,PORTER,TX,773657083,2815773276,OWNER,3336C0003X,tier_1_primary_pharmacy,Y,Y,
1750954103,BANCROFT STREET 2 LLC,791 FM 1103 STE 121,,CIBOLO,TX,781083673,3135220605,OWNER,3336C0004X|3336L0003X|3336C0003X,tier_1_primary_pharmacy,Y,Y,
1104599364,SCRIPX HONEY GROVE,435 5TH ST,,HONEY GROVE,TX,754461427,9033782901,PHARMACIST-IN-CHARGE,333600000X|3336C0003X|3336L0003X,tier_1_primary_pharmacy,Y,Y,
1891468526,"PRIMERA COMPOUNDING, LLC",30444 SOUTHWEST FWY,,ROSENBERG,TX,774714871,2812026136,PRESIDENT,3336C0003X|3336C0004X|333600000X,tier_1_primary_pharmacy,Y,Y,
1679246011,"BAYLOR SCOTT & WHITE HEALTH ENTERPRISES, INC.",207 E ACADEMY ST,,BRENHAM,TX,778333207,9793375680,PRESIDENT,3336C0003X,tier_1_primary_pharmacy,Y,Y,
1962176248,FLASHFILL PHARMACY,8484 WILL CLAYTON PKWY STE 1,,HUMBLE,TX,773385830,8329955202,MANAGEMENT,3336C0002X|3336C0003X,tier_1_primary_pharmacy,Y,Y,
1821762105,ZISHAK LLC,17323 IH 35 N STE 100,,SCHERTZ,TX,781541278,2103103132,OWNER,3336L0003X,tier_1_primary_pharmacy,Y,Y,
1922772193,WACO OCD INC,6612 W HIGHWAY 84,,WOODWAY,TX,767126143,2543005590,OWNER VICE PRESIDENT,3336C0003X|333600000X,tier_1_primary_pharmacy,Y,Y,
1205500691,MAATAJI RX CORP,6533 PRESTON RD STE 300,,PLANO,TX,750242691,9723785920,PHARMACIST IN CHARGE,333600000X,tier_1_primary_pharmacy,Y,Y,
1043985278,CBK PHARMACY LLC,311 CAMDEN STE 103,,SAN ANTONIO,TX,78215,2102277207,GENERAL MANAGER,3336C0003X,tier_1_primary_pharmacy,Y,Y,
1306511423,"H-E-B, LP",19348 RONALD W REAGAN BLVD,,GEORGETOWN,TX,786283100,5128194646,DIRECTOR THIRD PARTY AFFAIRS,3336C0003X,tier_1_primary_pharmacy,Y,N,H-E-B
1881369916,"H-E-B, LP",18611 EASTFIELD DR,,WEBSTER,TX,77598,2814880179,DIRECTOR THIRD PARTY AFFAIRS,3336C0003X,tier_1_primary_pharmacy,Y,N,H-E-B
1275208233,"HUYNH WELLNESS PHARMACY, LLC",156 FM 1960 RD STE F,,HOUSTON,TX,770731816,2816454024,OWNER,3336C0003X,tier_1_primary_pharmacy,Y,Y,
1306511324,GALVESTON BROADWAY DRUG LLC,2027 BROADWAY AVE J,,GALVESTON,TX,775504635,4097657701,MANAGING MEMBER,3336C0003X,tier_1_primary_pharmacy,Y,Y,
1922773977,EVEREST WALLISVILLE PHARMACY LLC,2730 FM 1092 RD STE 100,,MISSOURI CITY,TX,774594368,3463811110,OFFICER,3336C0003X,tier_1_primary_pharmacy,Y,Y,
1780359612,AMERICAN ADVANCEMENT LLC,1323 E FRANKLIN ST # 100,,HILLSBORO,TX,766452621,2546328863,PRESIDENT/OWNER,3336S0011X,tier_1_primary_pharmacy,Y,Y,
1326713132,PATIENT PRIME RX PHARMACY LLC,620 MURPHY RD STE 113,,STAFFORD,TX,774775927,8322900233,OFFICER,333600000X,tier_1_primary_pharmacy,Y,Y,
1033884770,"VMLC GRACE HULEN, LLC",5505 S HULEN ST,,FORT WORTH,TX,761322200,8172972000,PHARMACIST,333600000X,tier_1_primary_pharmacy,Y,Y,
1104591882,"UNIVERSAL RX PHARMACY, LLC",6519 LAWNDALE ST,,HOUSTON,TX,770233912,7139266001,OWNER,3336C0003X,tier_1_primary_pharmacy,Y,Y,
1396411849,ELITE RX COMPOUNDING AND PHARMACY LLC,8035 HIGHWAY 6 STE 130,,MISSOURI CITY,TX,774592818,2819152166,MANAGER,3336C0004X|3336L0003X|3336M0002X|3336C0003X,tier_1_primary_pharmacy,Y,Y,
1861168346,"ASCENSION PHARMACY SERVICES, LLC.",7701 METROPOLIS DR STE 200B,,AUSTIN,TX,787443125,8336337279,CHIEF OPERATING OFFICER,333600000X|3336S0011X|3336C0003X,tier_1_primary_pharmacy,Y,Y,
1073289096,SUNNYSIDE PEDIATRIC PHARMACY,13310 LEOPARD ST STE 28,,CORPUS CHRISTI,TX,784104486,3612484232,PHARMACIST IN CHARGE,3336C0003X,tier_1_primary_pharmacy,Y,Y,
1093481970,EVEREST WALLISVILLE PHARMACY CARE LLC,16344 WALLISVILLE ROAD SUITE 700,,HOUSTON,TX,77049,3463811110,PIC,3336C0003X,tier_1_primary_pharmacy,Y,Y,
1801563069,A PLUS MEDICINE LLC,1922 GREENHOUSE RD STE 650,,HOUSTON,TX,770848049,2812250107,PHARMACIST,3336C0004X|3336L0003X|3336C0003X,tier_1_primary_pharmacy,Y,Y,
1205504503,STERLING PHARMACY LLC,2035 FM 359 RD STE K,,RICHMOND,TX,774061142,2817621901,OFFICER,3336C0003X,tier_1_primary_pharmacy,Y,Y,
1396414199,STEMLYFT PARTNERS LLC,2306 RAYFORD RD STE 100B,,SPRING,TX,773861707,2818576552,MANAGING MEMBER,333600000X|3336C0003X,tier_1_primary_pharmacy,Y,Y,
1790454338,"STEPHEN F AUSTIN COMMUNITY HEALTH CENTER, INC",1111 W ADOUE ST STE 100,,ALVIN,TX,775112718,2818241470,CREDENTIALING,3336C0003X,tier_1_primary_pharmacy,Y,Y,
1386313617,REMEDY RX LLC,13405 SOUTHWEST FWY STE 102,,SUGAR LAND,TX,774783589,8329444219,MANAGING OFFICER,333600000X,tier_1_primary_pharmacy,Y,Y,
1962172684,PHARMACY D'AFRIQUE LLC,11111 KATY FWY STE 910,,HOUSTON,TX,770792119,7133950753,CEO AND DIRECTOR OF OPERATIONS,333600000X,tier_1_primary_pharmacy,Y,Y,
1487324273,REVELES CLINICAL SERVICES,580 COMMERCE ST STE 150B,,SOUTHLAKE,TX,760929214,8174829336,CHIEF EXECUTIVE OFFICER/PRESIDENT,3336S0011X,tier_1_primary_pharmacy,Y,Y,
1265102925,CLINICAL SPECIALTY INFUSIONS OF DALLAS LLC,459 E NEW BOSTON RD,,NASH,TX,755692715,8335691005,CHIEF EXECUTIVE OFFICER,333600000X|3336H0001X,tier_1_primary_pharmacy,Y,Y,
1952071334,BASTROP MEDICINE SHOP LLC,1110 MAIN ST STE A,,BASTROP,TX,786023219,5123504836,PHARMACIST/PIC,3336C0003X,tier_1_primary_pharmacy,Y,Y,
1477223832,"TEXAS INFUSION, LLC",1935 W STATE ST STE 103,,GARLAND,TX,750426725,9723729787,OWNER / MANAGING OFFICER,3336H0001X|3336S0011X,tier_1_primary_pharmacy,Y,Y,
1912677360,GREAT RISING PHARMACY,3806 AVENUE I STE 3,,ROSENBERG,TX,774713951,8323633708,OWNER,3336C0003X,tier_1_primary_pharmacy,Y,Y,
1740950039,DISCOUNT RX LLC,12345 JONES RD STE 160,,HOUSTON,TX,770704958,8329124458,OWNER,3336L0003X|3336C0003X,tier_1_primary_pharmacy,Y,Y,
1205506474,"LIFECARE PHARMACY LTC, LLC",6609 BLANCO RD STE 312,,SAN ANTONIO,TX,782166179,2108810890,OWNER,3336C0003X,tier_1_primary_pharmacy,Y,Y,
1265102404,IV RX PHARMACY LLC,14019 SOUTHWEST FWY STE 201,,SUGAR LAND,TX,774783551,2813026050,MANAGING MEMBER,3336C0003X,tier_1_primary_pharmacy,Y,Y,
1518637750,IV RX PHARMACY & MEDICAL SUPPLY GROUP LLC,10540 FM 1488 RD STE 140B,,MAGNOLIA,TX,773546773,8322967946,CFO,3336C0003X,tier_1_primary_pharmacy,Y,Y,
1780354852,MLB PHARMACY LLC,11 W BEAUREGARD AVE,,SAN ANGELO,TX,769035832,3257771423,OWNER,3336H0001X,tier_2_secondary_pharmacy,N,Y,
1225708225,LEGACY APOTHECARY LP,150 N COPPELL RD STE PHARMACY,,COPPELL,TX,750192293,9723710067,MANAGING PARTNER,3336C0003X,tier_1_primary_pharmacy,Y,Y,
1982375705,"ALLEN PHARMACY & WELLNESS, LLC",1144 N PLANO RD STE 129,,RICHARDSON,TX,750812454,9725216129,MEMBER,3336C0002X,tier_2_secondary_pharmacy,N,Y,
1366113029,SSCP CYPRESS LLC,25222 NORTHWEST FWY APT 101,,CYPRESS,TX,774291031,8323042236,MANAGER,3336C0003X,tier_1_primary_pharmacy,Y,Y,
1114698768,RADIANT PHARMACY LLC,1100 FM 1092 RD STE D,,MISSOURI CITY,TX,774591588,8324407061,OWNER,3336C0003X,tier_1_primary_pharmacy,Y,Y,
1508537044,PRIME HEALTH EXPRESS PHARMACEUTICAL SERVICES LLC,1701 FM 1960 RD W STE L,,HOUSTON,TX,770903213,2145622696,MANAGING OFFICER,3336C0003X,tier_1_primary_pharmacy,Y,Y,
1619648912,DMHC LLC,213 HEART DR,,BROWNSVILLE,TX,785203602,9562805667,PRESIDENT,3336C0003X,tier_1_primary_pharmacy,Y,Y,
1790456028,UNIVERSITY OF TEXAS MEDICAL BRANCH AT GALVESTON,20740 GULF FREEWAY,SUITE 200,WEBSTER,TX,77598,8325053170,PRESIDENT,3336S0011X|3336C0003X,tier_1_primary_pharmacy,Y,Y,
1437820586,CHOICE PHARMACY INC.,9935 BISSONNET ST UNIT B,,HOUSTON,TX,770368413,7137780463,CEO,3336L0003X,tier_1_primary_pharmacy,Y,Y,
1710659487,BEXAR COUNTY HOSPITAL DISTRICT DBA UNIVERSITY HEALTH SYSTEM,200 N. COMAL,,SAN ANTONIO,TX,782073505,2103356265,"VP, DETENTION HEALTH SERVICE",3336I0012X,tier_1_primary_pharmacy,Y,Y,
1013689595,ARIES PHARMACY LLC,8030 FM 1765 STE A104,,TEXAS CITY,TX,775913689,4099950826,MANAGING OFFICER,3336C0003X,tier_1_primary_pharmacy,Y,Y,
1699447037,BROOKSTAN PHARMACY LLC,1215 S COULTER ST STE 101,,AMARILLO,TX,791061761,8063507451,MEMBER/OWNER,333600000X|3336L0003X,tier_1_primary_pharmacy,Y,Y,
1588336937,LIFECARE PHARMACY LTC LLC,6609 BLANCO RD STE 312,,SAN ANTONIO,TX,782166179,2108810890,OWNER,3336C0003X|3336L0003X,tier_1_primary_pharmacy,Y,Y,
1922760172,"WHITWAR DRUG, LLC",2819 CULLEN PARKWAY #120,,PEARLAND,TX,775847758,7136843079,OWNER,333600000X,tier_1_primary_pharmacy,Y,Y,
1316619653,HEALTH BY GENETICS,701 E FM 1626 STE 200-201,,AUSTIN,TX,787482656,2672532537,OWNER,3336S0011X,tier_2_secondary_pharmacy,N,Y,
1902568165,CULEBRA RX PHARMACY,9793 CULEBRA RD STE 101,,SAN ANTONIO,TX,782513750,2108868686,PIC,3336C0003X,tier_1_primary_pharmacy,Y,Y,
1962164715,GERM MANAGEMENT LLC,6208 SPENCER HWY,,PASADENA,TX,775051608,2819093499,OWNER,3336C0004X|3336C0003X,tier_1_primary_pharmacy,Y,Y,
1720740541,RXWORKS LLC,931 ELDRIDGE RD,,SUGAR LAND,TX,774782809,2817898797,OWNER,3336C0003X,tier_1_primary_pharmacy,Y,Y,
1396407813,ATOMS PHARMACY LLC,2333 FRY RD,,KATY,TX,774496219,8329744915,MANAGING OFFICER,3336L0003X,tier_1_primary_pharmacy,Y,Y,
1841952108,CITY PHARMACY OF JUNCTION INC,1610 MAIN ST,,JUNCTION,TX,768493518,3254462511,PRESIDENT,333600000X|3336C0003X,tier_1_primary_pharmacy,Y,Y,
1386307437,"HOMETOWN WELLNESS PHARMACY, INC",1975 N VETERANS BLVD STE 3A,,EAGLE PASS,TX,788524456,8302138485,OFFICER,3336C0003X,tier_1_primary_pharmacy,Y,Y,
1225791130,TEXAS COMMUNITY PHARMACY SERVICES,4400 TEASLEY LN STE 100,,DENTON,TX,762104651,9403821618,PRESIDENT,3336L0003X,tier_1_primary_pharmacy,Y,Y,
1386307155,MORRIS CARE PHARMACY LLC,213 W SCURRY ST STE C,,DAINGERFIELD,TX,756381661,9032891900,"MANAGER, PHARMACY OPERATIONS",3336C0003X,tier_1_primary_pharmacy,Y,Y,
1467115220,EVEREST TC JESTER PHARMACY LLC,11626 T C JESTER BLVD # 700,,HOUSTON,TX,770671322,8327724100,PHARMACIST IN CHARGE,3336C0003X,tier_1_primary_pharmacy,Y,Y,
1598428104,SENIOR HEALTH PHARMACY,2601 GRAVEL DR BLDG 3,,FORT WORTH,TX,761186908,8777841490,PHARMACIST IN CHARGE,3336L0003X,tier_1_primary_pharmacy,Y,Y,
1992468318,BION PHARMACY LLC,7207 REGENCY SQUARE BLVD STE 203,,HOUSTON,TX,770363024,7137851960,PRESIDENT,3336C0003X|3336H0001X,tier_1_primary_pharmacy,Y,Y,
1912661000,"SWEET MAGNOLIA, INC.",2332 TEXAS PKWY,,MISSOURI CITY,TX,774894044,2819697820,OFFICER,3336C0003X,tier_1_primary_pharmacy,Y,Y,
1295499168,AMDEL ENTERPRISE LLC,17322 HIGHWAY 3,,WEBSTER,TX,775984133,2817249205,PHARMACIST-IN-CHARGE,3336C0003X,tier_1_primary_pharmacy,Y,Y,
1841954609,LA FE PHARMACY LLC,3122 SPENCER HWY STE E,,PASADENA,TX,775041162,7138427857,OWNER,3336C0003X,tier_1_primary_pharmacy,Y,Y,
1700540291,AVANT PHARMACY LLC,8124 ANTOINE DR STE A,,HOUSTON,TX,770882844,8325982262,OWNER,3336C0003X,tier_1_primary_pharmacy,Y,Y,
1063177301,AVIVA PHARMACY LLC,104 INDUSTRIAL BLVD STE 204,,SUGAR LAND,TX,774783174,8326103633,MANAGING MEMBER,333600000X,tier_1_primary_pharmacy,Y,Y,
1366107450,EAST PARK PHARMACY INC,918 E PARK ROW DR,,ARLINGTON,TX,760104507,8176172069,PRESIDENT,333600000X,tier_1_primary_pharmacy,Y,Y,
1013672922,FREEDOM RX LLC,202 W RICE ST,,FALFURRIAS,TX,783553704,3613252662,OWNER,3336C0003X,tier_1_primary_pharmacy,Y,Y,
1235894965,EDGEWOODRX LLC,186 S FRIENDSWOOD DR,,FRIENDSWOOD,TX,775463915,2819934779,PRESIDENT/PHARMACIST IN CHARGE,3336L0003X,tier_1_primary_pharmacy,Y,Y,
1720743396,ST. HOPE FOUNDATION,20320 NORTHWEST FWY STE 500,,JERSEY VILLAGE,TX,770655644,7137781300,CEO,3336C0003X|333600000X,tier_1_primary_pharmacy,Y,Y,
1457017873,FIRSTLINE RX LLC,2838 N LOOP 1604 E SUITE 108,SAN ANTONIO,SAN ANTONIO,TX,782321711,2104814269,MANAGER/OWNER,3336C0003X,tier_1_primary_pharmacy,Y,Y,
1821754193,LIFE DEVELOPMENT & HEALTH SERVICES,12848 QUEENSBURY LN STE 208,,HOUSTON,TX,770244163,8668065347,CHIEF EXECUTIVE OFFICER,333600000X|3336S0011X,tier_2_secondary_pharmacy,N,Y,
1255097531,AMERICAN SPECIALTY PHARMACY INC,818 E GRAYSON ST STE A,,SAN ANTONIO,TX,782081013,2105982678,PRESIDENT/OWNER,3336S0011X,tier_1_primary_pharmacy,Y,Y,
1447916424,ZINOVIA & CO LLC,911 MEDICAL CENTRE DR STE A,,ARLINGTON,TX,760124758,8175836881,PHARMACY MANAGER,3336C0003X,tier_1_primary_pharmacy,Y,Y,
1023774866,NORTHPOINT PHARMACY LLC,11023 NORTHPOINTE BLVD STE F,,TOMBALL,TX,773752340,8327617913,OWNER,3336C0003X,tier_1_primary_pharmacy,Y,Y,
1053077768,"MEDS 4 LESS, LLC",1849 PEARLAND PKWY STE 102,,PEARLAND,TX,775815343,8326724555,OFFICER,3336C0003X,tier_1_primary_pharmacy,Y,Y,
1134886237,MEDCITY PHARMACY LLC,3334 FM 1092 RD STE 450A,,MISSOURI CITY,TX,774592287,8329871671,OFFICER,3336L0003X|3336M0002X|3336C0003X,tier_1_primary_pharmacy,Y,Y,
1558029108,BROOKSHIRE BROTHERS INC,1161 N ESPLANADE ST,,CUERO,TX,779543433,3615244000,PHARMACY ADMIN,3336C0003X,tier_1_primary_pharmacy,Y,Y,
1841958261,ST. ANTHONY'S RX CONSULTING,5900 BALCONES DR STE 100,,AUSTIN,TX,787314298,5097682249,PHARMACIST,333600000X,tier_1_primary_pharmacy,Y,Y,
1447918859,LIFECARE PHARMACY 21 INC,511 N ESPLANADE ST,,CUERO,TX,779543603,2108810890,MANAGING MEMBER,3336L0003X|3336M0002X|3336S0011X,tier_1_primary_pharmacy,Y,Y,
1730847054,A PLUS PHARMACY LLC,12430 EDGEMERE BLVD STE 209,,EL PASO,TX,799384576,9157044333,PIC,3336C0003X,tier_1_primary_pharmacy,Y,Y,
1841958048,HEALTH WISE PHARMACY LLC,4639 S MAIN ST,,STAFFORD,TX,774774726,3463505243,MANAGING OFFICER,3336C0003X|333600000X,tier_1_primary_pharmacy,Y,Y,
1265190490,"SCZ INVESTMENTS, LLC",5819 HIGHWAY 6 STE 160,,MISSOURI CITY,TX,774594069,2817414003,OFFICER,3336C0003X,tier_1_primary_pharmacy,Y,Y,
1962160093,BROOKSHIRE GROCERY COMPANY,5100 E INTERSTATE 30,,FATE,TX,75189,9038776827,VP PHARMACY OPERATIONS,333600000X|3336C0003X,tier_1_primary_pharmacy,Y,Y,
1972261949,"MEMORIAL HERMANN PHARMACY SERVICES, LLC",21501 PARK ROW DR STE 200,,KATY,TX,774492425,2816986111,DIRECTOR OF PHARMACY,3336S0011X,tier_1_primary_pharmacy,Y,Y,
1386303279,BROOKSHIRE BROTHERS INC,501 NE LOOP 230,,SMITHVILLE,TX,78957,5122377771,PHARMACY ADMIN,3336C0003X,tier_1_primary_pharmacy,Y,Y,
1053070649,RX WORLD LLC,1409 SHILOH RD STE 170,,PLANO,TX,750748258,4696619007,PHARMACIST IN CHARGE/ OWNER,3336C0003X,tier_1_primary_pharmacy,Y,Y,
1396404455,TRUMED PHARMACY,5620 E SAM HOUSTON PKWY N,,HOUSTON,TX,770153249,2812011188,OWNER,3336L0003X,tier_1_primary_pharmacy,Y,Y,
1699435339,AGGIELAND PHARMACY LLC,3601 E 29TH ST STE 14,,BRYAN,TX,778023815,9798030036,OWNER,3336C0003X,tier_1_primary_pharmacy,Y,Y,
1982364501,"ADVANCECARE TEXAS, INC.",3818 CEDAR SPRINGS RD STE 104,,DALLAS,TX,752194167,2146249872,CONTRACTING & LICENSING SPECIALIST,3336C0003X,tier_1_primary_pharmacy,Y,Y,
1245990316,"KS PHARM, LLC",2727 W HOLCOMBE BLVD STE 210,,HOUSTON,TX,770251669,7134421444,DIRECTOR OF PHARMACY,3336S0011X,tier_1_primary_pharmacy,Y,Y,
1083374110,SERVMED RX LLC,307 S FRIENDSWOOD DR STE D1,,FRIENDSWOOD,TX,775463950,3463138575,MANAGER,3336C0003X,tier_1_primary_pharmacy,Y,Y,
1518628320,INDUNA INVESTMENTS INTERNATIONAL INC,18484 PRESTON RD STE 300,,DALLAS,TX,752525475,4692481000,DIRECTOR,3336C0003X,tier_1_primary_pharmacy,Y,Y,
1982365748,COLLINS RX LLC,2160 N COLLINS ST STE 120,,ARLINGTON,TX,760112877,4693076162,MANAGING MEMBER,333600000X|3336C0004X|3336C0003X,tier_1_primary_pharmacy,Y,Y,
1568113579,H&H FAMILY PHARMACY LLC,4800 SUGAR GROVE BLVD STE 604,,STAFFORD,TX,77477,3463505411,OWNER OFFICER,333600000X|3336M0003X|3336C0003X,tier_1_primary_pharmacy,Y,Y,
1487305314,GALARX LLC,930 E TIDWELL RD,,HOUSTON,TX,770221826,8328574711,PIC/OWNER,3336C0003X,tier_1_primary_pharmacy,Y,Y,
1306597117,RXKNOWLEDGE PLLC,609 KIOWA DR,,MCKINNEY,TX,750710494,2144919630,DIRECTOR,333600000X,tier_2_secondary_pharmacy,N,Y,
1922759646,SYNERY TEX RX LLC,620 MURPHY RD STE 207,,STAFFORD,TX,774775927,2819697129,DIRECTOR,3336C0003X,tier_1_primary_pharmacy,Y,Y,
1629729371,WINKLER COUNTY HOSPITAL DISTRICT,814 MYER LN,,KERMIT,TX,797454634,4325868127,BUSINESS OFFICE MANAGER,3336C0003X,tier_1_primary_pharmacy,Y,Y,
1962153312,GENERATION RX INC.,206 N MAIN ST,,WEST,TX,766911207,2548265292,PHARMACIST IN CHARGE,333600000X|3336L0003X,tier_1_primary_pharmacy,Y,Y,
1053062406,ROMAN HEALTH PHARMACY LLC,805 W CARRIER PKWY STE 240,,GRAND PRAIRIE,TX,750501089,8887988686,PRESIDENT,333600000X|3336M0002X,tier_1_primary_pharmacy,Y,Y,
1710638143,REASONABLE HEALTH LLC,4227 AVENUE H STE C,,ROSENBERG,TX,774712831,8323453847,OWNER,3336C0003X,tier_1_primary_pharmacy,Y,Y,
1104578277,"ST. JUDE PHARMACY, LLC",203 E DAVIS ST STE B,,CONROE,TX,773013160,9362171018,ADMINISTRATOR,3336C0003X,tier_1_primary_pharmacy,Y,Y,
1356093405,KADUCEUS PHARMACY LLC,13462 FM 529 RD STE 200,,HOUSTON,TX,770412529,8328617976,OWNER,3336C0003X,tier_1_primary_pharmacy,Y,Y,
1629720727,PALO DURO PHARMACY OPERATIONS LLC,1901 MEDIPARK DR.,BLDG C SUITE 3,AMARILLO,TX,79106,8063531217,CHIEF OPERATING OFFICER,3336C0003X,tier_1_primary_pharmacy,Y,Y,
1811649528,"BELLAIRE BEST PHARMACY, LLC",11360 BELLAIRE BLVD STE 360,,HOUSTON,TX,770722532,2817412563,OWNER PHARMACIST IN CHARGE,333600000X,tier_1_primary_pharmacy,Y,Y,
1982356457,"TIN RX 808, INC.",3403 LOUETTA RD.,SUITE D,SPRING,TX,77388,8325143401,CEO,3336C0003X,tier_1_primary_pharmacy,Y,Y,
1649923079,ALLRX INC,1600 W HARRISON AVE STE D,,HARLINGEN,TX,785505947,9564620665,PRESIDENT/OWNER,3336S0011X,tier_1_primary_pharmacy,Y,Y,
1225781628,V ALENTINE HEALTH INVESTMENTS LLC,5730 BROADWAY ST STE 110,,PEARLAND,TX,775817895,2813726751,OFFICER,3336C0003X,tier_1_primary_pharmacy,Y,Y,
1932852985,AVENUE 360 HEALTH & WELLNESS PHARMACY - MIDTOWN,2920 FANNIN,,HOUSTON,TX,77002,7133413790,EVP - FINANCE,3336C0002X,tier_1_primary_pharmacy,Y,Y,
1871246876,HENDRICK MEDICAL CENTER BROWNWOOD,1501 BURNET RD,,BROWNWOOD,TX,768018520,3256493384,CHIEF ADMINISTRATION OFFICER,3336I0012X|3336C0003X,tier_1_primary_pharmacy,Y,Y,
1316690100,"INNOVATIVE PHARMACY SERVICES, LLC",3033 W PRESIDENT GEORGE BUSH HWY STE 100,,PLANO,TX,750755752,2103477459,PRESIDENT,3336H0001X,tier_1_primary_pharmacy,Y,Y,
1255084109,"B & R HEALTHCARE, LLC",601 S MAIN ST STE 110,,KELLER,TX,762487027,6823574040,MANAGER/OWNER,333600000X|3336H0001X,tier_2_secondary_pharmacy,N,Y,
1598418022,TRUE CARE FAMILY PHARMACY PLLC,1100 N TOWN EAST BLVD STE 101,,MESQUITE,TX,751504679,9727070313,OWNER,3336C0003X,tier_1_primary_pharmacy,Y,Y,
1720732993,AGATENO TECHNOLOGIES LLC,3648 OLD DENTON RD STE 104,,CARROLLTON,TX,750077977,2148005526,OWNER/PHARMACIST,3336L0003X,tier_1_primary_pharmacy,Y,Y,
1639823628,RIVER ROAD PHARMACY,119 CENTRAL AVE,,STRAWN,TX,764755124,8308165312,PHARMACIST-IN-CHARGE,3336C0003X,tier_1_primary_pharmacy,Y,Y,
1629722582,WECARE PHARMACY CORP.,9851 FM 1097 RD W STE 195,,WILLIS,TX,773185851,9362863288,PIC,3336C0004X|3336C0003X,tier_1_primary_pharmacy,Y,Y,
1962156927,"QUANTUM HEALTH NETWORK, LLC",10680 JONES RD STE 500,,HOUSTON,TX,770655595,8328694149,PIC,3336C0003X,tier_1_primary_pharmacy,Y,Y,
1235883919,"FIRST CHOICE RX, LLC",14302 ALICE RD,,TOMBALL,TX,773776226,8324223221,OFFICER/PIC,3336C0003X,tier_1_primary_pharmacy,Y,Y,
1730833310,JSA HEALTHCARE SERVICES LLC,19239 STONE OAK PKWY STE 103,,SAN ANTONIO,TX,782583471,2103146464,MANAGER,3336C0003X|3336C0004X|333600000X,tier_1_primary_pharmacy,Y,Y,
1649924382,DMS PALLIATIVE PHARMACY INC,7320 HIGHWAY 90A STE 140,,SUGAR LAND,TX,774783391,2812018281,CEO/PRESIDENT,3336C0003X,tier_1_primary_pharmacy,Y,Y,
1215682554,REMINGTON PHARMACY INC.,3626 N MACARTHUR BLVD STE 230,,IRVING,TX,750623643,9724570194,MANAGING OFFICER,333600000X|3336C0004X|3336C0003X,tier_1_primary_pharmacy,Y,Y,
1871248062,"SCRIPT EXPERTS PHARMACY, LLC",16402 FM 2920 RD BLDG B,,TOMBALL,TX,773776431,9362338167,OFFICER,3336C0004X,tier_1_primary_pharmacy,Y,Y,
1306591235,"A T PHARMACY MANAGEMENT, LLC",315 N SHILOH RD STE 102,,GARLAND,TX,750425783,8178322239,OWNER,3336C0003X,tier_1_primary_pharmacy,Y,Y,
1780330340,BELLA JOLIE LLC,5418 HIGHWAY 6 STE 214,,MISSOURI CITY,TX,774593851,2819698811,OFFICER,3336C0003X,tier_1_primary_pharmacy,Y,Y,
1821744483,SAHAJ HEALTH,8127 MESA DR STE B205,,AUSTIN,TX,787598632,5123820054,PHARMACIST IN CHARGE,333600000X,tier_1_primary_pharmacy,Y,Y,
1689320269,"TEXAS INFUSION, LLC",1935 W STATE ST STE 103,,GARLAND,TX,750426725,9723729787,OWNER,3336S0011X,tier_1_primary_pharmacy,Y,Y,
1205582400,RAINS PHARMACY,392 E LENNON DR,,EMORY,TX,75440,9039531392,OWNER,3336C0003X,tier_1_primary_pharmacy,Y,Y,
1639825649,MEKASON MEDICAL INC,4103 FAUDREE RD STE 110,,ODESSA,TX,797658511,4322620135,OWNER,3336C0003X,tier_1_primary_pharmacy,Y,Y,
1013664614,"BG&M PHARMACY, LLC",2410 FOREST PARK BLVD,,FORT WORTH,TX,761101702,6822503116,OWNER/MANAGER,3336C0003X,tier_1_primary_pharmacy,Y,Y,
1447907787,WOODLANDS SUPREME LLC,17521 ST LUKES WAY STE 120,,CONROE,TX,773848041,9362074913,OWNER,3336C0003X,tier_1_primary_pharmacy,Y,Y,
1013664259,"ABSOLUTE CARE PHARMACEUTICAL, LLC",25190 I -45,SUITE B2D,SPRING,TX,77386,2816514034,OWNER,3336C0003X,tier_1_primary_pharmacy,Y,Y,
1962159194,KESHAVA VINAYAKA VENTURES,2743 IMPERIA DR STE 104,,SUGAR LAND,TX,774798988,2812076049,OWNER/PHARMACIST,3336C0003X,tier_1_primary_pharmacy,Y,Y,
1093462004,AN&U INC,1729 S JACKSON ST,,JACKSONVILLE,TX,757665832,9032846256,PHARMACIST IN CHARGE,3336L0003X,tier_1_primary_pharmacy,Y,Y,
1821746751,"PRIMERA COMPOUNDING, LLC",3745 HIGHWAY 6,,SUGAR LAND,TX,774785249,3463505194,PRESIDENT,3336C0004X|3336C0003X|333600000X,tier_1_primary_pharmacy,Y,Y,
1770231615,FAMILY AND CHILD GUIDANCE CENTERS,8915 HARRY HINES BLVD STE P,,DALLAS,TX,752351717,9725489484,CEO,3336C0003X,tier_1_primary_pharmacy,Y,Y,
1376291070,"MAJESTIC RX ENTERPRISES, LLC",15211 FONDREN RD # A-600,,MISSOURI CITY,TX,774891456,3469075591,OWNER,3336C0003X,tier_1_primary_pharmacy,Y,Y,
1922756451,AURORA CARES LLC,3009 FANNIN ST,,HOUSTON,TX,770042805,8325003565,PRESIDENT,3336S0011X|3336C0003X,tier_1_primary_pharmacy,Y,Y,
1891443214,LINDA CALDWELL,312 S COMMERCIAL AVE,,COLEMAN,TX,768344214,3256252178,AUTHORIZED OFFICIAL,333600000X|3336L0003X,tier_1_primary_pharmacy,Y,Y,
1497403661,HENDRICK MEDICAL CENTER,6250 US HIGHWAY 83,,ABILENE,TX,796065215,3256702000,"DIRECTOR, FINANCIAL ANALYSIS",3336C0004X|3336I0012X|3336S0011X|3336C0003X,tier_1_primary_pharmacy,Y,Y,
1962150011,"YVONNE'S HEALTH SOLUTIONS, PLLC",5900 BALCONES DR STE 19443,,AUSTIN,TX,787314257,4699034235,MANAGER,333600000X,tier_2_secondary_pharmacy,N,Y,
1275281297,ALLAYMEDS INC,2414 BABCOCK RD STE 111,,SAN ANTONIO,TX,782294870,2108096607,OWNER,3336M0002X|3336C0004X|3336C0003X,tier_1_primary_pharmacy,Y,Y,
1518616572,EVERCAREPLUS INC,2118 E RUSK ST,,JACKSONVILLE,TX,757669052,4304351888,VICE PRESIDENT,3336L0003X,tier_1_primary_pharmacy,Y,Y,
1851040836,YPVP INC.,2800 MCCANN RD,STE 100,LONGVIEW,TX,75605,9032911730,OWNER,3336L0003X,tier_1_primary_pharmacy,Y,Y,
1992454383,"DDLJ ENTERPRISE, LLC",4821 LJ PKWY STE 60,,SUGAR LAND,TX,774794987,2819697346,OWNER/PIC,3336C0004X|3336C0003X,tier_1_primary_pharmacy,Y,Y,
1649929878,"MEDSTORK RX, LLC",1413 E INTERSTATE 30 STE 6,,GARLAND,TX,750434784,2144846641,OWNER,333600000X,tier_1_primary_pharmacy,Y,Y,
1407506678,VFT PHARMACY LLC,11104 W AIRPORT BLVD STE 119,,STAFFORD,TX,774773043,2816177047,MANAGING OFFICER,3336C0003X,tier_1_primary_pharmacy,Y,Y,
1417697590,EL CAMPO MEMORIAL HOSPITAL,25000 US HWY 59,,BAY CITY,TX,774148457,9799423584,PHARMACY TECHNICIAN,333600000X,tier_1_primary_pharmacy,Y,Y,
1134869936,RM PHARMACY LLC,4205 BROADWAY ST STE 203,,PEARLAND,TX,775814117,2815068734,OWNER,3336C0003X,tier_1_primary_pharmacy,Y,Y,
1114667847,TRS HEALTH INC,3727 GREENBRIAR DR STE 114,,STAFFORD,TX,774773929,3462304148,ADMINISTRATIVE DIRECOTR,3336C0002X|3336S0011X|333600000X|3336C0003X,tier_1_primary_pharmacy,Y,Y,
1013657626,DISMUKESRX LLC,511 E DAVIS ST,,LULING,TX,786482317,8308752811,MANAGING MEMBER,333600000X|3336L0003X,tier_1_primary_pharmacy,Y,Y,
1528709870,"BETTER CARE PHARMACY, LLC",117 LANE DR STE 32,,ROSENBERG,TX,774712263,8324516177,MANAGING MEMBER,3336C0003X,tier_1_primary_pharmacy,Y,Y,
1306587621,REUSSI HEALTHCARE PLLC,5501 INDEPENDENCE PKWY STE 311,,PLANO,TX,750235468,8327553078,PHARMACIST IN CHARGE,333600000X|3336C0002X,tier_1_primary_pharmacy,Y,Y,
1932840725,"CROWNED Z INVESTMENTS, LLC",401 W FAIRMONT PKWY STE C,,LA PORTE,TX,775716314,3462227939,MANAGING OFFICER,3336C0003X,tier_1_primary_pharmacy,Y,Y,
1013659416,PRIMED PHARMACY LLC,7255 BISSONNET ST,,HOUSTON,TX,770745801,7132919264,PRESIDENT,333600000X,tier_1_primary_pharmacy,Y,Y,
1710629134,CARENOW PHARMACY,1933 E FRANKFORD RD STE 120,,CARROLLTON,TX,750075394,3054956058,PIC,3336C0003X,tier_1_primary_pharmacy,Y,Y,
1598407546,TANGLEWOOD PHARMACY INC,2445 NORTHWEST LOOP STE A,,STEPHENVILLE,TX,764011705,2549687657,BUSINESS MANAGER,3336L0003X,tier_1_primary_pharmacy,Y,Y,
1841932324,COMPLETE RPH RX SERVICES LLC,5627 ALDINE BENDER RD STE 7,,HOUSTON,TX,770324534,2812271010,OWNER/ PHARMACIST-IN-CHARGE,3336L0003X,tier_1_primary_pharmacy,Y,Y,
1952043481,ADVANCED PHARMACY SERVICES LLC,4020 21ST ST STE 1,,LUBBOCK,TX,794101126,8066968010,MANAGER,333600000X|3336H0001X,tier_2_secondary_pharmacy,N,Y,
1184367609,C&E APOTHECARY AND WELLNESS INC,13602 WILLIE MELTON BLVD,,KENDLETON,TX,774511400,8327154977,PHARMACY MANAGER,3336C0003X,tier_1_primary_pharmacy,Y,Y,
1780327122,REJUVENATION PHARMACY INCORPORATED LLC,1550 NORWOOD DR STE 300,,HURST,TX,760543653,8887993879,CHIEF PHARMACY OFFICER,3336M0002X|3336C0003X|3336S0011X,tier_1_primary_pharmacy,Y,Y,
1205579604,MINDFUL PHARMACY LLC,2701 OSLER DR STE 1,,GRAND PRAIRIE,TX,750518351,2142651818,MEDICAL DIRECTOR,333600000X,tier_1_primary_pharmacy,Y,Y,
1295478444,ZAFA PHARMACY LLC,15119 WALLISVILLE RD STE 100C,,HOUSTON,TX,770494629,8324493016,OWNER/PIC,3336C0004X|3336C0003X,tier_1_primary_pharmacy,Y,Y,
1639812720,ELITE BOUTIQUE SOLUTIONS,13003 SHALLOW FALLS LN,,PEARLAND,TX,775846525,2512199660,"PRESIDENT, PROVIDER",333600000X,tier_2_secondary_pharmacy,N,Y,
1942943816,AVALON RX INC,12811 BEAMER RD STE 2A,,HOUSTON,TX,770896140,8325003575,OWNER,333600000X|3336C0003X,tier_1_primary_pharmacy,Y,Y,
1043953029,BASTROP MEDICINE SHOP LLC,1110 MAIN ST STE A,,BASTROP,TX,786023219,5125493222,PHARMACIST,3336L0003X,tier_1_primary_pharmacy,Y,Y,
1063156396,V PHARMACY INC,1404 W WALNUT HILL LN STE 100,,IRVING,TX,750383016,9724459070,DIRECTOR,3336C0003X,tier_1_primary_pharmacy,Y,Y,
1326782467,NORTH LOOP VENTURES INC,10680 N LOOP DR STE C,,SOCORRO,TX,799274751,9154448124,OWNER,333600000X,tier_1_primary_pharmacy,Y,Y,
1689318339,VINA PHARMACY INC,11207 N LAMAR BLVD STE A,,AUSTIN,TX,787533056,5129778844,PHARMACIST,3336L0003X,tier_1_primary_pharmacy,Y,Y,
1528703154,PK PHARMA LLC,6898 DONIPHAN DR STE A,,CANUTILLO,TX,798355401,9156424070,OFFICER,3336C0003X,tier_1_primary_pharmacy,Y,Y,
1295470557,PELICAN PHARMACEUTICALS,7830 W GRAND PKWY S STE 160,,RICHMOND,TX,774065817,8323633700,OFFICER,3336C0003X,tier_1_primary_pharmacy,Y,Y,
1831835503,TOTAL MEDICAL SUPPLY INC,3416 RICHMOND RD,,TEXARKANA,TX,755030704,9037165340,"COO, CCO",3336C0003X|3336M0002X|333600000X,tier_1_primary_pharmacy,Y,Y,
1679219174,ALLAYMEDS INC,2414 BABCOCK RD STE 111,,SAN ANTONIO,TX,782294870,2108096607,R.PH,3336L0003X,tier_1_primary_pharmacy,Y,Y,
1124764600,"CURA VITA, LLC",13176 W LAKE HOUSTON PKWY STE 1,,HOUSTON,TX,770445381,2812254300,MANAGER,333600000X,tier_1_primary_pharmacy,Y,Y,
1568108629,ROSEMOND GLOBAL VENTURES LLC,21803 W INTERSTATE 10 STE 105,,SAN ANTONIO,TX,782571815,2108868013,PHARMACIST-IN-CHARGE (PIC),3336C0004X|3336C0003X,tier_1_primary_pharmacy,Y,Y,
1992441018,CHRISTIAN FAMILY PHARMACY INC,3517 N MAIN ST,,BAYTOWN,TX,775214117,2818377682,OWNER,333600000X,tier_1_primary_pharmacy,Y,Y,
1598401622,"VMLC GRACE HULEN, LLC",5505 S HULEN ST,,FORT WORTH,TX,761322200,6824003366,PHARMACIST,3336L0003X,tier_1_primary_pharmacy,Y,Y,
1538806013,SHOAL CREEK PHARMACY OPERATIONS LLC,3418 N LAMAR BLVD STE 200,,AUSTIN,TX,787051116,5126003332,CHIEF OPERATING OFFICER,3336C0003X,tier_1_primary_pharmacy,Y,Y,
1255078549,MESQUITE PHARMACY RX LLC,1320 NORTH GALLOWAY AVE,#102,MESQUITE,TX,75149,9722851761,OWNER,3336C0003X,tier_1_primary_pharmacy,Y,Y,
1740927961,IPHARMA LLC.,5400 KATY FWY STE 100,,HOUSTON,TX,770074343,7138691977,PHARMACIST IN CHARGE,3336L0003X,tier_1_primary_pharmacy,Y,Y,
1598402547,MOMO GROUP LLC,15340 DALLAS PKWY STE 2630,,DALLAS,TX,752484630,2143778066,OFFICER/PIC,333600000X|3336C0003X,tier_1_primary_pharmacy,Y,Y,
1831837525,"HOME INFUSION SERVICES, LLC",3300 N A ST STE 150,,MIDLAND,TX,797055421,9726612273,VP OF RCM AND PATIENT SERVICES,3336H0001X,tier_1_primary_pharmacy,Y,Y,
1568100170,MEDCITY PHARMACY LLC,3334 FM 1092 RD STE 450A,,MISSOURI CITY,TX,774592214,8329871671,OFFICER,3336C0003X,tier_1_primary_pharmacy,Y,Y,
1215675723,SWIFT PHARMACY,2743 IMPERIA DR STE 104,,SUGAR LAND,TX,774798988,2814164986,PHARMACIST-IN-CHARGE,333600000X,tier_1_primary_pharmacy,Y,Y,
1831837194,"ECLECTIC RX CONSULTING, INC.",2000 CRAWFORD ST STE 105,,HOUSTON,TX,770029071,3469805828,OWNER,333600000X,tier_1_primary_pharmacy,Y,Y,
1902544166,"H-E-B, LP",4800 MAIN ST,,FRISCO,TX,75033,2109382789,DIRECTOR THIRD PARTY AFFAIRS,3336C0003X,tier_1_primary_pharmacy,Y,N,H-E-B
1952040925,ALLAYMEDS INC,2414 BABCOCK RD STE 111,,SAN ANTONIO,TX,782294870,2147977172,OWNER,3336H0001X,tier_1_primary_pharmacy,Y,Y,
1336888023,COOK CHILDRENS MEDICAL CENTER - PROSPER,4200 W UNIVERSITY DRIVE,STE 160,PROSPER,TX,75078,6828854000,CHIEF FINANCIAL OFFICER,3336C0003X,tier_1_primary_pharmacy,Y,Y,
1144969494,CLARITY PHARMACY LLC,1531 HIGHWAY 90 A,,MISSOURI CITY,TX,774891226,2819695720,OFFICER,3336C0003X,tier_1_primary_pharmacy,Y,Y,
1518696699,"H-E-B, LP","6001 PRESTON RD, SUITE 100",,PLANO,TX,75093,2109382790,DIRECTOR THIRD PARTY AFFAIRS,3336C0003X,tier_1_primary_pharmacy,Y,N,H-E-B
1386373405,BROOKSHIRE GROCERY COMPANY,921 S JACKSON ST,,JACKSONVILLE,TX,75766,9033392169,VP PHARMACY OPS,3336C0003X,tier_1_primary_pharmacy,Y,Y,
1689303539,"ONCOLOGY PHARMACY SERVICES , INC.",9180 PINECROFT DR STE 600,,SHENANDOAH,TX,773803883,8326165126,REVENUE CYCLE MANAGER,3336C0003X,tier_1_primary_pharmacy,Y,Y,
1710616222,"AUSTIN COMPOUNDING PHARMACY, LLC",3010 BEE CAVES RD STE 100,,AUSTIN,TX,787465526,5123277455,PHARMACIST IN CHARGE,3336C0004X|3336C0003X,tier_1_primary_pharmacy,Y,Y,
1538898051,LINK PHARMACY CORP,18484 PRESTON RD STE 300,,DALLAS,TX,752525475,4692481000,OWNER,333600000X|3336C0002X|3336C0004X|3336H0001X|3336L0003X|3336M0002X|3336S0011X|3336C0003X,tier_1_primary_pharmacy,Y,Y,
1295465540,DMK & CO.LLC,20811 WESTHEIMER PKWY STE C,,KATY,TX,774504058,2819449056,PIC,3336C0003X,tier_1_primary_pharmacy,Y,Y,
1790415883,EPIQ SCRIPTS LLC,465 W PRESIDENT GEORGE BUSH HWY STE 240,,RICHARDSON,TX,750801188,8336543553,DIRECTOR / OWNER,3336M0002X,tier_1_primary_pharmacy,Y,Y,
1255061040,"LEGACY COMMUNITY HEALTH SERVICES, INC",3021 TEXAS PARKWAY,SUITE 300,MISSOURI CITY,TX,77489,8325485454,SR VP OF PHARMACY,333600000X,tier_1_primary_pharmacy,Y,Y,
1396475109,TXPROMED LLC,18446 HIGHWAY 105 W STE D,,MONTGOMERY,TX,773566048,9364888296,DIRECTOR OF OPERATIONS,3336C0003X,tier_1_primary_pharmacy,Y,Y,
1912637539,UNIVERSITY OF TEXAS SOUTHWESTERN MEDICAL CENTER AT DALLAS,3450 W CAMP WISDOM RD STE 1.510,,DALLAS,TX,752372504,4693726101,HEALTH SYSTEM CFO,3336C0003X,tier_1_primary_pharmacy,Y,Y,
1083344550,KESEM HEALTH PHARMACY LLC,15827 SUNDEW PRAIRIE DR,,HUMBLE,TX,773464897,2608041669,CEO,3336C0003X,tier_1_primary_pharmacy,Y,Y,
1174253520,CURATIVE PHARMACY LLC,2800 LONGHORN BLVD STE 102,,AUSTIN,TX,787587624,2144154706,DIRECTOR OF PHARMACY OPERATIONS,3336M0002X,tier_1_primary_pharmacy,Y,Y,
1265163539,SAMPLES RX LLC,12927 W BELLFORT AVE,,SUGAR LAND,TX,774781838,8328507102,PRESIDENT,3336C0003X,tier_1_primary_pharmacy,Y,Y,
1881325827,PEARLAND HOLISTIC PHARMACY LLC,9639 SCARSDALE BLVD STE 102,,PEARLAND,TX,775811417,2817419548,OWNER,3336C0003X,tier_1_primary_pharmacy,Y,Y,
1831820893,LUBBOCK COUNTY HOSPITAL DISTRICT,602 INDIANA AVE,,LUBBOCK,TX,794153364,8067759183,PHARMACY MANAGER,3336C0002X,tier_1_primary_pharmacy,Y,Y,
1689305450,"KS PHARM, LLC",1001 CAMPBELL RD,,HOUSTON,TX,770557407,7134426920,DIRECTOR OF PHARMACY,3336C0003X,tier_1_primary_pharmacy,Y,Y,
1265163901,NORTEX PHARMACY LLC,5796 E STATE HIGHWAY 114 STE 5A,,HASLET,TX,760522079,8179848722,OFFICER,3336C0003X,tier_1_primary_pharmacy,Y,Y,
1942932728,"HEB, LP",12350 IH 45 N,,WILLIS,TX,77378,9362721027,DIRECTOR THIRD PARTY AFFAIRS,333600000X,tier_1_primary_pharmacy,Y,N,HEB
1770215592,JOURNEYS MANAGING GROUP LLC,16231 CHARTERSTONE DR,,HOUSTON,TX,770702050,8325607063,DIRECTOR OF HEALTHCARE CONTRACTING,3336M0002X|333600000X,tier_1_primary_pharmacy,Y,Y,
1285366021,MADISON AMARI CAPITAL LLC.,4227 S MAIN ST STE 14,,STAFFORD,TX,774775309,8326153662,CEO/PIC,3336C0003X,tier_1_primary_pharmacy,Y,Y,
1033841804,"HEB, LP",13663 FM 1488 RD,,MAGNOLIA,TX,773541370,2812520251,DIRECTOR THIRD PARTY AFFAIRS,333600000X,tier_1_primary_pharmacy,Y,N,HEB
1457083248,H-E-B LP,2652 LAKE AUSTIN BLVD,,AUSTIN,TX,78703,2109382768,DIRECTOR THIRD PARTY AFFAIRS,333600000X,tier_1_primary_pharmacy,Y,N,H-E-B
1023740958,GLENDALE PHARMACY FRISCO LLC,7447 HILLCREST RD STE 105A,,FRISCO,TX,750356297,9722929571,PHARMACIST,3336C0003X,tier_1_primary_pharmacy,Y,Y,
1598497166,TARRYTOWN PHARMACY LLC,2727 EXPOSITION BLVD STE 105,,AUSTIN,TX,787031227,5124786419,PHARMACIST IN CHARGE,3336L0003X,tier_1_primary_pharmacy,Y,Y,
1912630526,H&M PHARMACY LLC,13310 BEAMER RD STE E,,HOUSTON,TX,770896045,8326722828,OWNER,3336C0003X,tier_1_primary_pharmacy,Y,Y,
1689307241,SCRIPT CO,903 W FRANK AVE,,LUFKIN,TX,759043318,9366343006,DIRECTOR,3336L0003X,tier_1_primary_pharmacy,Y,Y,
1417680943,PHARMACY PLUS INC,101 PLAZA PL STE 100,,NORTHLAKE,TX,762263485,4699499797,PRESIDENT,3336C0004X|3336C0003X,tier_1_primary_pharmacy,Y,Y,
1891428132,RX EXPRESS LLC,1270 CRABB RIVER RD STE 800,,RICHMOND,TX,774695635,2819377483,OWNER,3336C0003X,tier_1_primary_pharmacy,Y,Y,
1033842372,SAI ROOSEVELT LLC,3708 ROOSEVELT AVE,,SAN ANTONIO,TX,782142935,2106460207,PHARMACIST IN - CHARGE,3336C0003X,tier_1_primary_pharmacy,Y,Y,
1235862319,DUMLIGHT PHARMACY LLC,3535 GULF FWY # 3515,,DICKINSON,TX,775394120,2816788703,CORPORATE OFFICER,3336C0003X,tier_1_primary_pharmacy,Y,Y,
1487387528,ALPINE DRUGS LLC,3310 82ND ST,,LUBBOCK,TX,794232011,8062527055,OWNER,3336C0003X,tier_1_primary_pharmacy,Y,Y,
1275266413,SAN ANTONIO AIDS FOUNDATION,818 E GRAYSON ST STE A,,SAN ANTONIO,TX,782081013,8006875875,PRESIDENT OF PHARMACY SERVICES,3336C0003X,tier_1_primary_pharmacy,Y,Y,
1841923703,WINDIES COMMUNITY RX,5201 HIGHWAY 6 STE 200,,MISSOURI CITY,TX,774594398,2819697722,MANAGING OFFICER,3336C0003X,tier_1_primary_pharmacy,Y,Y,
1750014528,EASY CARE PHARMACY LLC,1210 COTTONWOOD CREEK TRL STE 210,,CEDAR PARK,TX,786132688,7372360992,MANAGER,3336C0003X,tier_1_primary_pharmacy,Y,Y,
1457084253,IVATION PHARMACY LLC,305 N HEATHERWILDE BLVD STE 220,,PFLUGERVILLE,TX,786604192,5125498519,"EVP, CLOUD AND SPECIALTY PHARMACY",333600000X,tier_1_primary_pharmacy,Y,Y,
1720711559,VENUS SPECIALTY PHARMACY LLC,800 RIVERWOOD CT STE 104,,CONROE,TX,773042824,9363200333,CHIEF OFFICER,3336C0003X,tier_1_primary_pharmacy,Y,Y,
1902530645,SHAHNOOR INC,5003 TREASCHWIG RD STE E,,SPRING,TX,773737530,2816458243,CHIEF OFFICER,3336C0003X,tier_1_primary_pharmacy,Y,Y,
1376277673,RX 4 LESS LLC,4899 HIGHWAY 6 STE 112C,,MISSOURI CITY,TX,774592180,2819697653,OFFICER,3336C0003X,tier_1_primary_pharmacy,Y,Y,
1568196038,YSLETA DEL SUR PUEBLO,9473 SOCORRO RD,,EL PASO,TX,79907,9158581076,DIRECTOR,333600000X,tier_2_secondary_pharmacy,N,Y,
1356075469,FM 1488 PHARMACY LLC,4849 FM 1488 RD STE 1500,,THE WOODLANDS,TX,773544560,2818641184,MANAGING OFFICER/OWNER,3336C0004X|3336L0003X|3336M0002X|3336S0011X|3336C0003X,tier_1_primary_pharmacy,Y,Y,
1467186577,VERITAS RX PHARMACY LLC,10540 FM 1488 RD STE 130,,MAGNOLIA,TX,773546774,2817894129,OFFICER,3336C0003X,tier_1_primary_pharmacy,Y,Y,
1710611686,ALLIED RX INC,1201 CREEK WAY DR STE C,,SUGAR LAND,TX,774784568,8323653420,PRESIDENT,3336S0011X|333600000X|3336C0003X,tier_1_primary_pharmacy,Y,Y,
1235864828,SONDER PHARMACY LLC,12930 DAIRY ASHFORD RD STE 303,,SUGAR LAND,TX,774784666,3468747989,OWNER/MANAGER,3336C0003X,tier_1_primary_pharmacy,Y,Y,
1356076848,ECTOR COUNTY HOSPITAL DISTRICT,319 GOLDER AVE,,ODESSA,TX,797615009,4326406333,CEO,3336C0003X,tier_1_primary_pharmacy,Y,Y,
1912632415,IPHARMACY,11104 W AIRPORT BLVD STE 141,,STAFFORD,TX,774773040,3467545175,OWNER/MANAGING OFFICER,3336C0003X,tier_1_primary_pharmacy,Y,Y,
1144955022,"RUBINA VAZIR, LLC",204 W DALLAS ST,,CONROE,TX,773011912,9368282334,ON-SITE DOCTOR,3336M0003X,tier_2_secondary_pharmacy,N,Y,
1346976065,GRACE RX PHARMACY LLC,2239 N MASON RD STE 104,,KATY,TX,774497275,2817588179,PHARMACIST,3336C0003X,tier_1_primary_pharmacy,Y,Y,
1831825447,"AARON FAMILY PLANNING CLINICS OF HOUSTON, PA",2505 N SHEPHERD DR,,HOUSTON,TX,770081927,7132726900,CLINIC ADMINISTRATOR,3336C0002X,tier_1_primary_pharmacy,Y,Y,
1750017489,"BROWN BAG PHARMACY, LLC",505 N SAM HOUSTON PKWY E STE 504,,HOUSTON,TX,770604032,2817419643,CHIEF EXECUTIVE OFFICER,3336C0003X,tier_1_primary_pharmacy,Y,Y,
1639805286,LAREDO FAMILY PHARMACY LLC,313 W VILLAGE BLVD STE 102B,,LAREDO,TX,780412275,9565832700,DIRECTOR,3336C0003X,tier_1_primary_pharmacy,Y,Y,
1942936380,"MEDICAL PARK PHARMACY, INC",1312 N MAIN ST,,ANDREWS,TX,797143660,4322620135,OFFICER,3336C0003X,tier_1_primary_pharmacy,Y,Y,
1356077937,DANIEL NGWUOGBE,6464 SAVOY DR STE 230,,HOUSTON,TX,770363688,3463195742,OWNER,3336C0003X,tier_1_primary_pharmacy,Y,Y,
1952037236,"CURATIVE PHARMACY, LLC",2800 LONGHORN BLVD STE 102,,AUSTIN,TX,787587624,5123202643,DIRECTOR OF PHARMACY OPERATIONS,3336C0003X,tier_1_primary_pharmacy,Y,Y,
1386370625,"CURATIVE PHARMACY, LLC",2800 LONGHORN BLVD STE 102,,AUSTIN,TX,787587624,5123502643,DIRECTOR OF PHARMACY OPERATIONS,3336S0011X,tier_1_primary_pharmacy,Y,Y,
1538896436,"GLOBAL MEDICAL SUPPLIES & ENTERPRISES, LLC",8800 LONG POINT RD STE C,,HOUSTON,TX,770553015,2818885908,PRESIDENT/PHARMACIST IN CHARGE,3336C0003X,tier_1_primary_pharmacy,Y,Y,
1235866963,"AIMRX, LLC.",2626 SPENCER HWY STE 140,,PASADENA,TX,775041021,8328312082,OWNER,3336C0003X,tier_1_primary_pharmacy,Y,Y,
1447987730,JNV CREATIVE CARE INC,109 SHULT DR STE F,,COLUMBUS,TX,789343009,9795004191,OWNER,3336L0003X,tier_1_primary_pharmacy,Y,Y,
1871220970,"SHERMAN APOTHECARY, LP",1906 W US HIGHWAY 82 STE 200,,SHERMAN,TX,750926894,9038938222,MANAGING PARTNER,3336L0003X,tier_1_primary_pharmacy,Y,Y,
1700514734,MEDFUSE RX LLC,2949 BINGLE RD,,HOUSTON,TX,770551009,2818887322,OWNER,3336H0001X|3336S0011X|3336C0003X,tier_1_primary_pharmacy,Y,Y,
1780312587,"AMANAH INVESTMENTS, LLC",419 S PALESTINE ST,,ATHENS,TX,757512511,9036755040,MEMBER,3336L0003X,tier_1_primary_pharmacy,Y,Y,
1306574132,VN CREATIVE CARE INC,111 S WILLIAM BARNETT AVE,,CLEVELAND,TX,773274541,2815933800,OWNER,3336L0003X,tier_1_primary_pharmacy,Y,Y,
1912635590,VERTEX RX LLC,2201 THOMPSON RD STE 103,,RICHMOND,TX,774695475,8324516991,PIC,3336C0003X,tier_1_primary_pharmacy,Y,Y,
1578281606,FATTA DRIVE PHARMACY LLC,2800 W MAIN ST,SUITE H,LEAGUE CITY,TX,77573,3462912922,OFFICER,333600000X,tier_1_primary_pharmacy,Y,Y,
1578281747,NARIOCAN ENTERPRISES LLC,504 S CLOSNER BLVD,,EDINBURG,TX,785394660,9563831239,OWNER,3336C0002X,tier_2_secondary_pharmacy,N,Y,
1316665516,ACCOUNTABLE RX LLC,301 S 9TH ST,,RICHMOND,TX,774693448,3468431222,CEO,3336C0003X,tier_1_primary_pharmacy,Y,Y,
1336867225,PRODIGIOUS INDUSTRIES LLC,3224 GUS THOMASSON RD,,MESQUITE,TX,751504004,9723291168,PHARMACIST/OWNER,3336L0003X,tier_1_primary_pharmacy,Y,Y,
1114645074,MEDICIRCLE INC.,101 PARKLANE BLVD STE 103,,SUGAR LAND,TX,774785521,8323804400,COO,3336C0003X|3336M0002X|333600000X,tier_1_primary_pharmacy,Y,Y,
1487372348,SILVERLINE PARTNERS OF TEXAS LLC,3232 GREAT TRINITY FOREST WAY # 103,,DALLAS,TX,752167732,4695472222,OWNER,333600000X|3336L0003X,tier_1_primary_pharmacy,Y,Y,
1013635549,TODAY PHARMACY INC,3701 OUTLET CENTER DR STE 130,,SEALY,TX,774744909,9792561026,MANAGING OFFICAR,3336C0003X,tier_1_primary_pharmacy,Y,Y,
1730807066,"SCHULENBURG MEDICAL ASSOCIATES APOTHECARY, INC",38 EAST AVE,,SCHULENBURG,TX,789561611,9797433265,OWNER,3336L0003X,tier_1_primary_pharmacy,Y,Y,
1386363323,SERVANTS HEART PHARMACY LLC,10110 MONTWOOD DR STE I,,EL PASO,TX,799256244,9154083475,PRESIDENT,333600000X|3336C0003X,tier_1_primary_pharmacy,Y,Y,
1851010763,FLASH MED PHARMACY LLC,630 MURPHY RD STE 108,,STAFFORD,TX,774775928,2812087192,OWNER,3336C0003X,tier_1_primary_pharmacy,Y,Y,
1841919776,READY RX INC,4640 LONG PRAIRIE RD # 300,,FLOWER MOUND,TX,750281758,2148380500,OWNER,3336C0003X,tier_1_primary_pharmacy,Y,Y,
1871212472,HEALTH EDUCATION LEARNING PROJECT,1919 8TH AVE,,FORT WORTH,TX,761101358,8334510934,PRESIDENT OF PHARMACY SERVICES,3336C0003X,tier_1_primary_pharmacy,Y,Y,
1821717695,GRACE & VICTORIA LLC,9212 FRY RD STE 135,,CYPRESS,TX,774335489,8326262788,OWNER,3336C0003X,tier_1_primary_pharmacy,Y,Y,
1235859638,MUKTI HEALTH SOLUTIONS LLC,11301 FALLBROOK DRIVE,SUITE 124,HOUSTON,TX,77065,2816539300,OWNER,3336C0003X,tier_1_primary_pharmacy,Y,Y,
1881314169,ATCHAFALAYA PHARMACEUTICALS,1705C TEXAS PKWY,,MISSOURI CITY,TX,774892171,3463042943,OFFICER,3336C0003X,tier_1_primary_pharmacy,Y,Y,
1154041192,"RAY'S CITY DRUG, INC.",105 E HENRY ST,,HAMILTON,TX,765311909,2543863121,OWNER,3336L0003X|3336C0003X,tier_1_primary_pharmacy,Y,Y,
1164142196,"QUALITY IN CARE, INC.",400 S MAIN ST,,MANSFIELD,TX,760633107,8174772525,OWNER,3336C0003X|3336L0003X,tier_1_primary_pharmacy,Y,Y,
1275253841,"VOST, LLC",7902 BROADWAY ST STE 110,,PEARLAND,TX,775817023,3465702999,MANAGING OFFICER,333600000X|3336C0003X,tier_1_primary_pharmacy,Y,Y,
1306567870,HQPP PHARMACY LLC.,2715 FANNIN ST. SUITE C.,,HOUSTON,TX,77002,7136969464,OWNER/CEO,3336C0003X,tier_1_primary_pharmacy,Y,Y,
1104546696,APOCUS INC,2414 BABCOCK RD STE 106,,SAN ANTONIO,TX,782294870,2147977172,OWNER,3336C0004X,tier_1_primary_pharmacy,Y,Y,
1144941337,MIDLOTHIAN PHARMACY COMPOUNDING & PRESCRIPTION LLC,2021 S 14TH ST SUITE 130A,,MIDLOTHIAN,TX,76065,4692879697,PHARMACIST,3336C0003X,tier_1_primary_pharmacy,Y,Y,
1376264499,SOLEO HEALTH INC.,10119 BROADWAY,,SAN ANTONIO,TX,782174420,2103103060,CEO,333600000X|3336C0003X|3336S0011X|3336H0001X,tier_1_primary_pharmacy,Y,Y,
1396466215,WALGREENS,1305 N MAIN ST,,VIDOR,TX,776623726,4097691171,PHARMACIST,333600000X,tier_1_primary_pharmacy,Y,N,WALGREENS
1871215103,QC & QH LLC,8208 GULF FWY STE 102,,HOUSTON,TX,770174531,7138784888,PHARMACIST-IN-CHARGE,3336C0003X,tier_1_primary_pharmacy,Y,Y,
1710600408,SERENE PHARMA SOLUTIONS LLC,3900 JOE RAMSEY BLVD E STE 2A,,GREENVILLE,TX,754017768,4302421028,PIC,3336C0004X|3336C0003X,tier_1_primary_pharmacy,Y,Y,
1780307397,SITLAUSDEO PHARMACY LLC,12123 JONES RD,,HOUSTON,TX,770705208,9364488531,PHARMACIST,3336C0003X|3336C0004X,tier_1_primary_pharmacy,Y,Y,
1962125575,HEALTHPLUS RX LLC,3030 S GESSNER RD STE 276,,HOUSTON,TX,770633733,2818133410,OWNER,333600000X|3336C0003X|3336C0004X,tier_1_primary_pharmacy,Y,Y,
1871216192,HEALTH 1ST PHARMACY,301 S 9TH ST STE 119,,RICHMOND,TX,774693448,8324493167,PHARMACIST,3336C0003X,tier_1_primary_pharmacy,Y,Y,
1235852674,ONCOMEDS,7500 BEECHNUT ST STE 251,,HOUSTON,TX,770744336,2815013033,PRESIDENT,333600000X,tier_1_primary_pharmacy,Y,Y,
1356064513,"ONCOLOGY PHARMACY SERVICES, INC",9750 HILLWOOD PKWY,,FORT WORTH,TX,761771507,8176975640,SR. REVENUE CYCLE MANAGER,3336C0003X,tier_1_primary_pharmacy,Y,Y,
1033832258,STAMFORD APOTHECARY LLC,3115 W PARKER RD STE 395,,PLANO,TX,750238139,9729055504,PHARMACIST IN CHARGE,3336L0003X,tier_1_primary_pharmacy,Y,Y,
1366165342,"FLEXCARE SPECIALTY SERVICES, LLC",3644 WESTCHASE DR STE 3644,,HOUSTON,TX,770425224,7133602100,SVP - PHARMACY AND HOME INFUSION,3336C0003X|3336M0002X|3336S0011X,tier_2_secondary_pharmacy,N,Y,
1073236139,VICTORY MEDICAL CENTER PHARMACY,4303 VICTORY DR,,AUSTIN,TX,787047507,5122790985,CFO,333600000X|3336C0004X|3336C0003X,tier_1_primary_pharmacy,Y,Y,
1083337133,VILLAGE PHARMACY SOLUTIONS LLC,888 S GREENVILLE AVE STE 301,,RICHARDSON,TX,750815044,4695472426,PHARMACIST IN CHARGE,3336C0003X,tier_1_primary_pharmacy,Y,Y,
1457074379,AL BAHRAIN ENTERPRISES LLC,802 TEXAS PKWY STE 2A,,STAFFORD,TX,774776400,2819698695,MANAGING MEMBER,3336C0003X,tier_1_primary_pharmacy,Y,Y,
1811611056,CHAPPELLE FIRM,117 E MAIN ST,,FORNEY,TX,751264136,4696025078,OWNER,3336C0003X,tier_1_primary_pharmacy,Y,Y,
1326763285,WELLWISE PHARMACY INC.,2519 N FRAZIER ST STE 3200,,CONROE,TX,773031683,2817621809,OWNER/PIC,3336C0003X,tier_1_primary_pharmacy,Y,Y,
1467177105,"H-E-B, LP","850 FM 1103, SUITE 100",,CIBOLO,TX,78108,2109382785,MANAGING DIRECTOR OF PHARMACY,3336C0002X,tier_1_primary_pharmacy,Y,N,H-E-B
1689399362,A 1 PHARMACY,10161 TX 242,SUITE 130,CONROE,TX,77385,9362245387,MANAGING OFFICER,3336C0003X|333600000X,tier_1_primary_pharmacy,Y,Y,
1760107403,HERVEY & BETHARD INC.,1900 S HIGH ST,,LONGVIEW,TX,756023299,9037588286,PRESIDENT,3336L0003X,tier_1_primary_pharmacy,Y,Y,
1245955863,WE CARE RX PHARMACY PLLC,7700 MAIN ST STE 220,,HOUSTON,TX,770304457,8327882940,OWNER,3336C0003X|3336H0001X|3336M0002X|3336S0011X|333600000X|3336C0004X,tier_1_primary_pharmacy,Y,Y,
1659096709,GENPHARM LLC,2901 WILCREST DR STE 155,,HOUSTON,TX,770423359,2818466844,OWNER,3336C0003X,tier_1_primary_pharmacy,Y,Y,
1871219683,SOUTH DALLAS INFUSION,950 E BELT LINE RD STE 110,,CEDAR HILL,TX,751042423,9452123707,OWNER/PIC,333600000X|3336H0001X,tier_2_secondary_pharmacy,N,Y,
1932825262,ZARKUL INC,10735 W GRAND PKWY S STE 170,,RICHMOND,TX,774078710,3465704749,OWNER,3336C0004X|333600000X|3336C0003X,tier_1_primary_pharmacy,Y,Y,
1215654215,NI9 HEALTH GROUP LLC,16402 FM 2920 RD BLDG D,,TOMBALL,TX,773776431,8322091400,OFFICER,3336C0003X|3336C0004X,tier_1_primary_pharmacy,Y,Y,
1699492504,"AYDIL RX SERVICES, LLC",3001 JOE RAMSEY BLVD E,,GREENVILLE,TX,754017714,9034557200,MANAGING MEMBER,3336L0003X,tier_1_primary_pharmacy,Y,Y,
1073230843,GAINES CARE PHARMACY LLC,701 HOBBS HWY,,SEMINOLE,TX,793603401,4328474777,OWNER,3336C0003X,tier_1_primary_pharmacy,Y,Y,
1346967767,GREATWOOD PHARMACY LLC,19855 SOUTHWEST FWY STE 220,,SUGAR LAND,TX,774796536,2812071075,OFFICER,3336C0003X,tier_1_primary_pharmacy,Y,Y,
1942917919,"KONG GLOBAL, LLC",9601 N BEACH ST STE 105,,FORT WORTH,TX,762446432,8179521999,MANAGER,3336C0003X,tier_1_primary_pharmacy,Y,Y,
1558078634,ROOTS PHARMACY LLC,2601 E YANDELL DR STE 230,,EL PASO,TX,799033760,9152284946,CEO/OWNER,333600000X|3336L0003X|3336C0003X,tier_1_primary_pharmacy,Y,Y,
1710694609,"WINDROSE RX, LLC",20423 KUYKENDAHL RD STE 500,,SPRING,TX,773793493,8325591589,OFFICER,3336L0003X|3336S0011X|3336C0003X,tier_1_primary_pharmacy,Y,Y,
1720795115,DHANVI'S HEALTH CARE LLC,611 S HWY 359,,MATHIS,TX,783683005,3613454656,MANAGING OFFICER,3336C0003X,tier_1_primary_pharmacy,Y,Y,
1265149603,RAPID TEST & TRACE USA INC.,5900 BALCONES DRIVE,STE 7262,AUSTIN,TX,78731,5148677011,CO-OWNER,3336C0003X,tier_2_secondary_pharmacy,N,Y,
1750098000,HEALTHYGUYS LLC,1923 E 7TH ST STE 160,,AUSTIN,TX,787023465,5129859306,OWNER,333600000X,tier_1_primary_pharmacy,Y,Y,
1235847237,NEW CULEBRA PHARMACY LLC,9793 CULEBRA RD STE 101,,SAN ANTONIO,TX,782513750,2107573940,OWNER/PIC,3336C0003X,tier_1_primary_pharmacy,Y,Y,
1346958352,ROPHEKA PHARMACY LLC,340 HAWKINS RUN RD UNIT SUITE400,,MIDLOTHIAN,TX,760656638,4696123827,PIC,3336C0003X,tier_1_primary_pharmacy,Y,Y,
1912615998,CARVAJAL PHARMACY LTC,2100 VIRGINIA ST STE I,,GRAND PRAIRIE,TX,750513796,2148457333,ADMIN. ASSISTANT,3336H0001X|3336L0003X,tier_1_primary_pharmacy,Y,Y,
1568170439,QUINLAN PHARMACY LLC,733 E QUINLAN PKWY,,QUINLAN,TX,754748641,9033562449,PRESIDENT,3336C0004X|3336C0003X|3336L0003X,tier_1_primary_pharmacy,Y,Y,
1992413553,J&A PHARMACY LLC,7323 HARRISBURG BLVD STE M,,HOUSTON,TX,770114738,7133304404,OWNER,3336C0003X,tier_1_primary_pharmacy,Y,Y,
1366150997,INFINITY PHARMACEUTICALS LLC,2698 N GALLOWAY AVE STE 108,,MESQUITE,TX,751506390,2147160030,OWNER,3336C0003X,tier_1_primary_pharmacy,Y,Y,
1609584093,HEALING HANDS MINISTRIES INC.,5750 PINELAND DR STE 344,,DALLAS,TX,752315300,9723548706,CREDENTIALING SPECIALIST,3336C0003X,tier_1_primary_pharmacy,Y,Y,
1558079970,"FIRST CHOICE PHARMACY, INC",7909 HILLCROFT ST STE B,,HOUSTON,TX,770817207,7137797603,OWNER,3336L0003X,tier_1_primary_pharmacy,Y,Y,
1780393942,ROBERT EMFINGER,1224 S ELM ST,,KEMP,TX,751437708,9034988523,OWNER/PHARMACIST,3336L0003X,tier_1_primary_pharmacy,Y,Y,
1538878517,AMDEL ENTERPRISE LLC,17322 HIGHWAY 3,,WEBSTER,TX,775984133,2817259205,OWNER/ PIC,3336L0003X,tier_1_primary_pharmacy,Y,Y,
1790494300,OSIRIS HEALTH LLC,3129 KINGSLEY DR STE 1850,,PEARLAND,TX,775848511,2813726469,MANAGING MEMBER,333600000X|3336C0003X,tier_1_primary_pharmacy,Y,Y,
1992414411,FAMILY AND CHILD GUIDANCE CENTERS,4031 W PLANO PKWY,STE 211 RM P,PLANO,TX,75093,2143513490,CEO,3336C0003X,tier_1_primary_pharmacy,Y,Y,
1205546777,MOTHER FRANCES HOSPITAL REGIONAL HEALTH CARE CENTER,800 E DAWSON ST STE 100,,TYLER,TX,757012036,9036066790,CFO,3336C0003X|3336S0011X,tier_1_primary_pharmacy,Y,Y,
1518677848,JAY'S APOTHECARY PHARMACY,2431A FM 1092 RD,,MISSOURI CITY,TX,774591809,2812087535,OWNER,3336C0003X,tier_1_primary_pharmacy,Y,Y,
1316657216,MBB INVESTMENT GROUP LLC,21013 OLD SORTERS RD STE C,,PORTER,TX,773657083,2817477445,OWNER,3336C0003X,tier_1_primary_pharmacy,Y,Y,
1609587245,"H-E-B, LP","12021 W US 290, BLDG 1",,AUSTIN,TX,78737,5122885443,MANAGING DIRECTOR OF PHARMACY,3336C0003X,tier_1_primary_pharmacy,Y,N,H-E-B
1477264547,LGN ELDRIDG CENTER LLC,12047 BEAMER ROAD,,HOUSTON,TX,77089,2816177678,SOLE OWNER,3336C0003X,tier_1_primary_pharmacy,Y,Y,
1851002976,DJI PHARMACY SERVICES LLC,12025 ROJAS DR STE I,,EL PASO,TX,799367721,9159107070,OWNER,3336H0001X|333600000X,tier_2_secondary_pharmacy,N,Y,
1477264406,DMK & CO.LLC,2051 GREENHOUSE RD SUITE 115,,HOUSTON,TX,770847857,2816764080,OFFICER,3336C0004X|3336C0003X,tier_1_primary_pharmacy,Y,Y,
1205548419,SCRIPTS RX PHARMACY LLC,7515 MAIN ST STE 180,,HOUSTON,TX,770304500,8884734002,CEO,3336M0002X,tier_1_primary_pharmacy,Y,Y,
1790497766,BWN PHARMACY,2741 E BELT LINE RD STE 106,,CARROLLTON,TX,750065438,2144831065,PHARMACY MANAGER,333600000X|3336C0004X|3336L0003X|3336C0003X,tier_1_primary_pharmacy,Y,Y,
1710690474,"IVY SPECIALTY COMPOUNDING, LLC",2222 INDIANA AVE,,LUBBOCK,TX,794102100,8062095140,MANAGER,3336C0004X,tier_1_primary_pharmacy,Y,Y,
1174236632,ASIAN AMERICAN HEALTH COALITION OF THE GREATER HOUSTON AREA,13930 BELLAIRE BLVD,,HOUSTON,TX,77083,7137730803,CREDENTIALING COORDINATOR,333600000X,tier_1_primary_pharmacy,Y,Y,
1063125565,LIBERTY RX PHARMACY LLC,13000 MURPHY RD STE 102,,STAFFORD,TX,774773960,3465274545,OWNER,3336C0003X,tier_1_primary_pharmacy,Y,Y,
1407569940,LUXLAB LLC,13513 SOUTHWEST FWY,,SUGAR LAND,TX,774783522,2812012090,OWNER,3336C0003X,tier_1_primary_pharmacy,Y,Y,
1114630589,ROHAILREZA INC,18 GRUENE PARK DR,,NEW BRAUNFELS,TX,781302460,8303874914,OWNER,3336L0003X,tier_1_primary_pharmacy,Y,Y,
1508570284,PHARMACY THEORY LLC,11104 W AIRPORT BLVD STE 131A,,STAFFORD,TX,774773035,2817411777,OWNER,333600000X,tier_1_primary_pharmacy,Y,Y,
1700590114,TOUCHSTONE IV INC,11691 WESTHEIMER RD STE 1B,,HOUSTON,TX,770776709,8449999676,COO,3336S0011X|3336C0004X|3336H0001X,tier_1_primary_pharmacy,Y,Y,
1437863974,UNIVERSITY OF TEXAS SOUTHWESTERN MEDICAL CENTER AT DALLAS,1440 EMPIRE CENTRAL DR STE 101,,DALLAS,TX,752474091,4692912444,HEALTH SYSTEM CFO,3336C0003X,tier_1_primary_pharmacy,Y,Y,
1477267797,SOUTH AUSTIN HEALTHCARE COMPANY,4203 JAMES CASEY ST STE A,,AUSTIN,TX,787451108,5128272250,DIRECTOR,3336L0003X,tier_1_primary_pharmacy,Y,Y,
1649984766,BROOKSHIRE BROTHERS INC,8087 BRONCO LANE,,LAGO VISTA,TX,78645,5122671630,PHARMACY ADMIN,3336C0003X,tier_1_primary_pharmacy,Y,Y,
1114631249,"YAHWEH HEALTH, LLC",2115 PLEASANTON RD STE 100,,SAN ANTONIO,TX,782211300,2109237717,OWNER/PIC,3336C0003X,tier_1_primary_pharmacy,Y,Y,
1154035152,"ONCOLOGY CONSULTANTS, P. A.",925 GESSNER RD STE 650,,HOUSTON,TX,770242545,7138279525,ASSOC. DIRECTOR OF PHARMACY,3336S0011X,tier_1_primary_pharmacy,Y,Y,
1194430892,AGERITE PHARMACY LLC,12827 TELGE RD,,CYPRESS,TX,774294102,8327869084,CO-OWNER,333600000X|3336C0003X|3336L0003X|3336C0004X,tier_1_primary_pharmacy,Y,Y,
1629783113,LOVE OAK LLC,119 CENTRAL AVE,,STRAWN,TX,764755124,2546291791,MANAGING MEMBER,3336C0003X,tier_1_primary_pharmacy,Y,Y,
1619682044,JNPTX LLC,125 W INTERSTATE 30,,ROYSE CITY,TX,751897512,4697235120,OWNER,3336C0003X,tier_1_primary_pharmacy,Y,Y,
1578279659,NGUYEN-CRAIG PHARMACY LLC,6840 HIGHWAY 6 STE B,,MISSOURI CITY,TX,774593850,2819697211,PHARMACIST-IN-CHARGE / OWNER,3336C0003X,tier_1_primary_pharmacy,Y,Y,
1891400990,"GIBSON APOTHECARY, LLC",5212 SINCLAIR AVE,,MIDLAND,TX,797076301,4326954950,MANAGER,3336L0003X|3336C0003X,tier_1_primary_pharmacy,Y,Y,
1912613936,CENTRAL TEXAS COMMUNITY HEALTH CENTERS,CENTRAL TEXAS COMMUNITY HEALTH CENTERS,7050 ELROY RD,SUITE 100,TX,78167,5129789080,CHIEF FINANCIAL OFFICER,333600000X|3336C0003X,tier_1_primary_pharmacy,Y,Y,
1811603285,"SKYLITE PHARMACY, LLC",490 INTERSTATE 10 N STE 400,,BEAUMONT,TX,777021819,4097578180,OFFICER,3336C0003X,tier_1_primary_pharmacy,Y,Y,
1992411250,GOLD COAST RX PHARMACY,4017 S FRONT ST,,BROOKSHIRE,TX,77423,2817122345,CEO,3336S0011X|3336C0003X,tier_1_primary_pharmacy,Y,Y,
1376259713,R & R STARR AMIGOS LLC,2849 E GRANT ST,,ROMA,TX,785848914,9738850060,PHARMACIST IN CHARGE,3336C0003X,tier_1_primary_pharmacy,Y,Y,
1942916176,CHRIST CLINIC,25722 KINGSLAND BLVD STE 101,,KATY,TX,774942650,2817840435,PHARMACIST IN CHARGE (PIC),3336C0003X,tier_1_primary_pharmacy,Y,Y,
1508572728,ASCENSION SETON,9010 NORTH LAKE CREEK PKWY,,AUSTIN,TX,78717,5123240000,REG DIR NET REV & REIMB,333600000X,tier_1_primary_pharmacy,Y,Y,
1184320277,"BAYLOR SCOTT & WHITE HEALTH ENTERPRISES, INC.",146 VERBENA DR,,TEMPLE,TX,765024505,2547427300,PRESIDENT,3336C0003X,tier_1_primary_pharmacy,Y,Y,
1437855434,ALCHEMY WELLNESS SOLUTIONS LLC,10501 QUAKER AVE STE 300,,LUBBOCK,TX,794248312,8063707311,OWNER,3336C0002X|3336C0003X|3336C0004X|3336S0011X|333600000X,tier_1_primary_pharmacy,Y,Y,
1619673100,LUPARELLOS CORNER PHARMACY LLC,3570 FANNETT RD,,BEAUMONT,TX,777051365,4098423222,OFFICER,3336L0003X,tier_1_primary_pharmacy,Y,Y,
1275239840,EVERION RX,1111 MAIN ST,,EAST BERNARD,TX,774359227,3468430037,OFFICER,3336C0003X,tier_1_primary_pharmacy,Y,Y,
1053017541,VNP CREATIVE CARE INC,13841 HIGHWAY 59 STE C,,SPLENDORA,TX,773725448,2816897700,OFFICER,3336L0003X,tier_1_primary_pharmacy,Y,Y,
1831895325,"PNV CREATIVE CARE, INC",11011 HIGHWAY 150,,SHEPHERD,TX,773712839,9366282099,OFFICER,3336L0003X,tier_1_primary_pharmacy,Y,Y,
1720784192,UPPER VALLEY PHARMACY LLC,121 E REDD RD,,EL PASO,TX,799321981,9155848882,MANAGER,3336C0003X,tier_1_primary_pharmacy,Y,Y,
1841996303,CASA PHARMA RX PHARMACY,109 INTERSTATE 35 SOUTH,DOOR B,NEW BRAUNFELS,TX,781304817,8306325262,OFFICER,3336C0003X,tier_1_primary_pharmacy,Y,Y,
1063119378,TEXAS COMPOUNDING EXPERTS,4061F BELLAIRE BLVD,,HOUSTON,TX,770251121,7134329855,MANAGER,3336C0003X|3336H0001X|3336L0003X|3336S0011X|3336C0004X,tier_1_primary_pharmacy,Y,Y,
1073210100,"CAPITAL APOTHECARY II, LLC",4306 YOAKUM BLVD,,HOUSTON,TX,770065851,7134982112,PRINCIPAL,3336C0003X,tier_1_primary_pharmacy,Y,Y,
1992402929,RELICARE PHARMACY INC,16643 W AIRPORT BLVD,,SUGAR LAND,TX,774985088,2813025429,PHARMACIST-IN-CHARGE/OWNER,333600000X|3336C0003X,tier_1_primary_pharmacy,Y,Y,
1346947298,THOUSAND OAKS HEALTHCARE LLC,2235 THOUSAND OAKS DR STE 102,,SAN ANTONIO,TX,782323967,2104902733,DIRECTOR,3336S0011X,tier_1_primary_pharmacy,Y,Y,
1871290411,"ABELDT GP, LLC",200 GASLIGHT BLVD,,LUFKIN,TX,759043166,9366392346,OPERATIONS MANAGER,3336L0003X,tier_1_primary_pharmacy,Y,Y,
1386341915,"AZTECA RX PHARMACY, LLC",7101 LAWNDALE ST,,HOUSTON,TX,770234248,7139239150,PHARMACIST,3336C0003X,tier_1_primary_pharmacy,Y,Y,
1073210654,NV CREATIVE INC,714 W CHURCH ST,,LIVINGSTON,TX,773513109,9363275510,OFFICER,3336L0003X,tier_1_primary_pharmacy,Y,Y,
1205534039,"STEPHEN F AUSTIN COMMUNITY HEALTH CENTER, INC",9430 BROADWAY ST STE 120,,PEARLAND,TX,775848075,2818241470,CREDENTIALING COORDINATOR II,3336C0003X,tier_1_primary_pharmacy,Y,Y,
1699473223,SUNRISE INFUSION PHARMACY,1397 GEORGE DIETER DR STE E,,EL PASO,TX,799367681,9152003825,CO-OWNER,333600000X|3336C0004X|3336S0011X|3336H0001X,tier_1_primary_pharmacy,Y,Y,
1033817663,LIVE WELL RX LLC,4001 LONG PRAIRIE RD STE 100,,FLOWER MOUND,TX,750281528,4697714117,OFFICER,3336C0003X,tier_1_primary_pharmacy,Y,Y,
1144929613,FAMILY AND CHILD GUIDANCE CENTERS,1505 W JEFFERSON ST STE 120 RM P,,WAXAHACHIE,TX,751652277,4697804880,CEO,3336C0003X,tier_1_primary_pharmacy,Y,Y,
1336848944,"HOME INFUSION SERVICES, LLC",1521 S STAPLES ST STE 405-B,,CORPUS CHRISTI,TX,784043150,9726612273,VP OF RCM AND PATIENT SERVICES,3336H0001X,tier_1_primary_pharmacy,Y,Y,
1861192460,STAFFORD HEALTHCARE INC,3695 HIGHWAY 6,,SUGAR LAND,TX,774784403,2813026579,OWNER/PIC,3336C0003X,tier_1_primary_pharmacy,Y,Y,
1053011403,"CASTILLORX, LLC",4850 E UNIVERSITY BLVD,,ODESSA,TX,797628139,4323668821,PRESIDENT,333600000X|3336C0004X|3336C0003X,tier_1_primary_pharmacy,Y,Y,
1376243584,ELITE HEALTH RX PHARMACY LLC,18700 BECKER RD STE A101,,HOCKLEY,TX,774476946,3468182658,OWNER,3336C0003X|333600000X,tier_1_primary_pharmacy,Y,Y,
1306546486,COMANCHE COUNTY MEDICAL CENTER COMPANY,10201 HIGHWAY 16,,COMANCHE,TX,764424462,2548794900,DIRECTOR OF PHARMACY,3336L0003X,tier_1_primary_pharmacy,Y,Y,
1174223317,MI-MEDS PHARMACY LLC,18021 LONGENBAUGH RD. STE 4A,,CYPRESS,TX,77433,3465517141,OWNER/PIC,3336C0003X,tier_1_primary_pharmacy,Y,Y,
1639879562,H & N PHARMACY INC,4309 LEMMON AVE,,DALLAS,TX,752192706,2143314500,OWNER,3336S0011X,tier_1_primary_pharmacy,Y,Y,
1356042014,"GLOYER'S PHARMACY, INC.",1010 W MAIN ST,,TOMBALL,TX,773755576,2813515454,OWNER,3336L0003X,tier_1_primary_pharmacy,Y,Y,
1720789357,HAPPY HOOVES PHARMACY INCORPORATED,1408 SIDNEY BAKER ST,,KERRVILLE,TX,780282725,8309996337,PHARMACIST IN CHARGE,3336L0003X|3336C0003X,tier_1_primary_pharmacy,Y,Y,
1568163533,"CAREPACKRX, LLC.",15995 N BARKERS LANDING RD STE 240,,HOUSTON,TX,770792467,8329757237,MANAGING OFFICER,3336M0002X|333600000X,tier_1_primary_pharmacy,Y,Y,
1063113231,IKA3 LLC,2532 OAKLAND BLVD,,FORT WORTH,TX,761033235,8179455405,VICE PRESIDENT,3336C0003X,tier_1_primary_pharmacy,Y,Y,
1396446498,"CRIMSON CARE PHARMACY GROUP I., LLC",203 E JEFFERSON AVE,,WHITNEY,TX,766922302,2546942249,OWNER,3336L0003X,tier_1_primary_pharmacy,Y,Y,
1568164911,"S & S INNOVATIONS, LLC",1821 S FM 51 STE B,,DECATUR,TX,762343715,8552772979,COO,3336L0003X,tier_1_primary_pharmacy,Y,Y,
1477257723,TXPHARMACISTS LLC,3600 CONFLANS RD # 210,,IRVING,TX,750616324,4693404030,OFFICER,3336L0003X,tier_1_primary_pharmacy,Y,Y,
1730883836,CENTAURI HEALTHCARE GROUP L.L.C.,1125 JUDSON RD STE 150,,LONGVIEW,TX,756015120,9036869145,PHARMACY OWNER/PHARMACIST,333600000X|3336C0003X|3336L0003X,tier_1_primary_pharmacy,Y,Y,
1316641483,HEALING WONDERS LLC,1609 LIVE OAK ST,,COMMERCE,TX,754282549,9038208200,OFFICER,3336L0003X,tier_1_primary_pharmacy,Y,Y,
1205530342,LED LLC,11753 W BELLFORT ST,,STAFFORD,TX,774771327,2812726723,OWNER / PIC,333600000X,tier_1_primary_pharmacy,Y,Y,
1548965254,"H-E-B, LP",8700 ELDORADO PARKWAY,,MCKINNEY,TX,75070,2145920199,MANAGING DIRECTOR OF PHARMACY,3336C0003X,tier_1_primary_pharmacy,Y,N,H-E-B
1982309456,CHALICE PHARMACEUTICALS,1821 RIVER HILLS CT,,MIDLOTHIAN,TX,760653188,4028107840,DIRECTOR,333600000X,tier_1_primary_pharmacy,Y,Y,
1144925918,H&N MEDICAL SUPPLY LLC,411 LANTERN BEND DR STE 100B,,HOUSTON,TX,770902833,8332562566,CONSULTANT,333600000X|3336C0003X,tier_1_primary_pharmacy,Y,Y,
1992400261,COOK CHILDREN'S MEDICAL CENTER,1500 COOPER ST STE 1541,,FORT WORTH,TX,761042710,6823033900,CHIEF FINANCIAL OFFICER,3336C0004X|3336C0003X,tier_1_primary_pharmacy,Y,Y,
1437844305,SIMPLY RX LLC,2103 N RICHMOND RD,,WHARTON,TX,774882720,9795313084,OWNER,3336C0003X,tier_1_primary_pharmacy,Y,Y,
1063107027,THRIVE RX,908 FROST ST # SR,,ROSENBERG,TX,774712366,8327102811,GENERAL MANAGER,333600000X,tier_1_primary_pharmacy,Y,Y,
1487349122,ALLURE COMPOUNDING PHARMACY,8837 LEBANON RD STE 300,,FRISCO,TX,750348654,9018571504,PHARMACIST IN CHARGE,3336C0003X|3336C0004X|333600000X,tier_1_primary_pharmacy,Y,Y,
1770278020,BAMBATA HOLDINGS LLC,1730 WILLIAMS TRACE BLVD STE K,,SUGAR LAND,TX,774784055,2815946027,DIRECTOR,3336C0004X|3336S0011X|3336C0003X,tier_1_primary_pharmacy,Y,Y,
1578259438,"FUSIONRX, LLC",2626 S LOOP W STE 555,,HOUSTON,TX,770542652,8882423098,CREDENTIALING SPECIALIST,3336C0003X,tier_1_primary_pharmacy,Y,Y,
1003502824,TEXAS CENTRAL RX LLC,2270 SPRINGLAKE RD STE 800,,FARMERS BRANCH,TX,752345852,8883629587,OWNER,3336C0002X|333600000X,tier_1_primary_pharmacy,Y,Y,
1467148908,ULTIMATE PHARMACY LLC,2655 CORDES DR STE 130A,,SUGAR LAND,TX,774791460,2819901690,PHARMACIST,3336C0003X,tier_1_primary_pharmacy,Y,Y,
1457048746,CARVAJALS INC.,3410 ROOSEVELT AVE,,SAN ANTONIO,TX,782142606,2109222176,PRESIDENT,3336L0003X,tier_1_primary_pharmacy,Y,Y,
1932896362,SAMLENAPETER LLC.,3251 INTERSTATE 45 N STE 190,,CONROE,TX,773042185,3103469780,OWNER/PIC,3336C0003X|333600000X,tier_1_primary_pharmacy,Y,Y,
1316634199,DHILLON PHARMACY LLC,512 SAWDUST RD,,SPRING,TX,773802205,9368284337,OFFICER,3336C0003X,tier_1_primary_pharmacy,Y,Y,
1861189615,"JMSAAF,INC",2918 SAN JACINTO ST,,HOUSTON,TX,770042708,7135237847,OWNER,3336C0003X,tier_1_primary_pharmacy,Y,Y,
1205523990,WEST MILL PHARMACCY LLC,2006 THOMPSON RD STE 200,,RICHMOND,TX,774694947,2817621729,OWNER,3336C0003X,tier_1_primary_pharmacy,Y,Y,
1750078242,VITALTRX PHARMACY,10015 BROADWAY ST STE F,,PEARLAND,TX,775847879,9174704505,DIRECTOR,3336C0004X|3336H0001X|3336S0011X|3336C0003X,tier_1_primary_pharmacy,Y,Y,
1790473718,XACT RX LLC,193 COY RD STE 200,,WEATHERFORD,TX,760876601,8176318157,PHARMACIST IN CHARGE,3336C0004X,tier_1_primary_pharmacy,Y,Y,
1922796788,KING VENTURE PLLC,100 TRICE ST UNIT A,,CLAUDE,TX,790193908,8067314825,OWNER,3336L0003X,tier_1_primary_pharmacy,Y,Y,
1538858733,ECHO HEALTH LLC,2651 E BROAD ST STE 101,,MANSFIELD,TX,760633899,6824008154,DIRECTOR OF PHARMACY,3336C0004X,tier_1_primary_pharmacy,Y,Y,
1306535307,OPTIMAL BALANCE PHARMACY,2204 CYPRESS CREEK PKWY STE F&G,,HOUSTON,TX,770903113,2819192964,OWNER,3336C0003X|3336C0004X,tier_1_primary_pharmacy,Y,Y,
1952090748,"HEALTHYMOI, INC",3678 BARKER CYPRESS RD STE A,,HOUSTON,TX,770845603,2812142777,OWNER,3336C0004X|333600000X|3336C0003X,tier_1_primary_pharmacy,Y,Y,
1861182339,SHANNON MEDICAL CENTER,2030 PULLIAM ST STE 16,,SAN ANGELO,TX,769055170,3257474246,CFO,3336S0011X|3336C0003X,tier_1_primary_pharmacy,Y,Y,
1689364952,TRINITY RX INC,858 S ROBB ST,,TRINITY,TX,75862,9365944834,PIC/OWNER,3336C0003X,tier_1_primary_pharmacy,Y,Y,
1093405268,VCARERX PHARMACY LLC,101 W FM 120 STE 3,,POTTSBORO,TX,750769689,8177969993,OWNER,3336C0003X,tier_1_primary_pharmacy,Y,Y,
1558052290,HOUSTON PHARMACY CORPORATION,12445 EAST FWY # 100,,HOUSTON,TX,770155522,8666816979,DIRECTOR,3336C0003X,tier_1_primary_pharmacy,Y,Y,
1518658095,PHARMOGIC LLC,13020 DAIRY ASHFORD RD STE 105,,SUGAR LAND,TX,774784663,8329741237,OWNER,3336C0003X|3336L0003X|3336S0011X,tier_1_primary_pharmacy,Y,Y,
1699466722,"PIER INFUSION, LLC",140 HEIMER RD STE 740,,SAN ANTONIO,TX,782325033,2107745220,OWNER/PIC,333600000X|3336C0004X|3336H0001X,tier_2_secondary_pharmacy,N,Y,
1316638398,PREMIUMRX SOLUTIONS LLC,26830 CYPRESSWOOD DR STE 101,,SPRING,TX,773739002,2816512374,PHARMACIST-IN-CHARGE,3336C0003X,tier_1_primary_pharmacy,Y,Y,
1265124309,"COMMUNITY PHARMACY, LLC",701 PIN OAK RD STE 102,,KATY,TX,774946356,2817056455,OWNER,3336C0003X,tier_1_primary_pharmacy,Y,Y,
1952093999,"GIBSON APOTHECARY, LLC",5212 SINCLAIR AVE,,MIDLAND,TX,797076301,4326954958,OWNER,3336L0003X,tier_1_primary_pharmacy,Y,Y,
1366135683,"KS PHARM, LLC",3003 W HOLCOMBE BLVD,,HOUSTON,TX,770251504,7134429420,PHARMACY ADMINISTRATOR,3336C0003X,tier_1_primary_pharmacy,Y,Y,
1639862949,PHARMARA HEALTH INC,4100 ELDORADO PKWY STE 200,,MCKINNEY,TX,750704530,4693017621,OWNER,3336C0003X,tier_1_primary_pharmacy,Y,Y,
1427741503,"ASCENSION PHARMACY SERVICES, LLC.",7701 METROPOLIS DR.,SUITE 200A,AUSTIN,TX,78744,8336337279,VICE PRESIDENT & CHIEF PHARMACY OFF,3336C0003X,tier_1_primary_pharmacy,Y,Y,
1174217244,"JENTRIFY RX, LLC",2637 IRA E WOODS AVE STE 200,,GRAPEVINE,TX,760519012,8174162222,OWNER,333600000X|3336C0003X,tier_1_primary_pharmacy,Y,Y,
1922792027,MANA GROUP PHARMACIES LLC,2021 N MACARTHUR BLVD STE 120,,IRVING,TX,750612210,9722548156,MANAGING PARTNER,3336L0003X,tier_1_primary_pharmacy,Y,Y,
1194419820,PMPTX LLC,1004 BROADWAY AVE STE A,,GLADEWATER,TX,756472534,9033742002,OWNER,3336C0003X,tier_1_primary_pharmacy,Y,Y,
1235813551,PARAGON HEMOPHILIA SOLUTIONS LLC,3033 W PRESIDENT GEORGE BUSH HWY STE 100-B,,PLANO,TX,750755752,8338624559,PRESIDENT,3336S0011X|3336C0003X,tier_1_primary_pharmacy,Y,Y,
1134804321,NT HEALTH SERVICES LLC,2525 ROBINHOOD ST STE 113,,HOUSTON,TX,770052573,7138006949,MANAGER,3336M0003X,tier_1_primary_pharmacy,Y,Y,
1245915040,EAST BROADWAY PHARMACY LLC,1712 N VELASCO ST STE D,,ANGLETON,TX,775153195,2814164439,OFFICER,3336C0003X,tier_1_primary_pharmacy,Y,Y,
1982389748,MEDFRONT LLC,4041 W WHEATLAND RD STE 204,,DALLAS,TX,752374061,9727092190,MANAGER,3336L0003X,tier_1_primary_pharmacy,Y,Y,
1033894894,U S DRUG MART INC,4122 CALL FIELD RD,,WICHITA FALLS,TX,763082517,9406921234,VICE PRESIDENT,3336L0003X,tier_1_primary_pharmacy,Y,Y,
1366127748,PACSOUTH DISTRIBUTION DELAWARE LLC,4310 WEST AVE,,SAN ANTONIO,TX,782133033,2105417814,COMPLIANCE OFFICER,333600000X,tier_2_secondary_pharmacy,N,Y,
1104502327,APOTHEKA RX LLC,10905 MEMORIAL HERMANN DR STE 102,,PEARLAND,TX,775843490,8327044327,PHARMACY DIRECTOR,3336C0003X,tier_1_primary_pharmacy,Y,Y,
1821774910,"IMPACT INFUSION CARE, LLC.",9000 TESORO DR STE 600,,SAN ANTONIO,TX,782176130,2106464888,PHARMACIST IN CHARGE,3336C0004X|3336S0011X|3336H0001X,tier_1_primary_pharmacy,Y,Y,
1013694264,PHARM NACOGDOCHES ACQUISITION LLC,212 NORTH ST,,NACOGDOCHES,TX,759615260,9365696430,OFFICER,3336L0003X,tier_1_primary_pharmacy,Y,Y,
1164109229,PFENNIGS PRESCRIPTION PHARMACY INC,511 N MAIN ST,,TAYLOR,TX,765743646,5123525233,MANAGING OFFICER,3336C0003X|3336L0003X,tier_1_primary_pharmacy,Y,Y,
1902583958,AMERIMED PHARMACY INC,5044 CRENSHAW RD STE 500B,,PASADENA,TX,775053163,2816809000,PRESIDENT,3336M0002X,tier_1_primary_pharmacy,Y,Y,
1891472833,C & C PHARMACY INC,902 FROSTWOOD DR STE 161,,HOUSTON,TX,770242449,7134850450,CORP.-PRESIDENT,3336C0003X,tier_1_primary_pharmacy,Y,Y,
1497432090,"CURATIVE PHARMACY, LLC",2200 CENTRAL PKWY STE D,,HOUSTON,TX,770927710,8555448242,DIRECTOR OF PHARMACY OPERATIONS,3336S0011X|3336C0003X|3336M0002X,tier_1_primary_pharmacy,Y,Y,
1396422994,"CURATIVE PHARMACY, LLC",2526 MANANA DR STE 102,,DALLAS,TX,752201237,8555433124,DIRECTOR OF PHARMACY OPERATIONS,3336C0003X|3336S0011X|3336M0002X,tier_1_primary_pharmacy,Y,Y,
1063190312,MATAGORDA EPISCOPAL HEALTH OUTREACH PROGRAM,10119 US 59 HWY,,WHARTON,TX,774887224,9795594100,PHARMACIST,333600000X|3336C0004X|3336C0003X,tier_1_primary_pharmacy,Y,Y,
1831877604,IMPERIAL VALLEY PHARMACY LLC,16281 IMPERIAL VALLEY DR STE J,,HOUSTON,TX,770603582,2817415696,MANAGING OFFICER,3336C0003X,tier_1_primary_pharmacy,Y,Y,
1285313841,CURATIVE PHARMACY LLC,2200 CENTRAL PKWY STE D,,HOUSTON,TX,770927710,8555448242,DIRECTOR OF PHARMACY OPERATIONS,3336C0003X,tier_1_primary_pharmacy,Y,Y,
1699454116,"MEDSOURCE PHARMACY, LLC",4220 CARTWRIGHT RD STE 103,,MISSOURI CITY,TX,774595307,2819697090,MANAGER,3336L0003X|3336C0003X,tier_1_primary_pharmacy,Y,Y,
1386323939,"CURATIVE PHARMACY, LLC",2526 MANANA DR STE 102,,DALLAS,TX,752201237,8555433124,DIRECTOR OF PHARMACY OPERATIONS,3336S0011X,tier_1_primary_pharmacy,Y,Y,
1790464352,CURATIVE PHARMACY LLC,2526 MANANA DR STE 102,,DALLAS,TX,752201237,8555433124,DIRECTOR OF PHARMACY OPERATIONS,3336C0003X,tier_1_primary_pharmacy,Y,Y,
1023797685,CURATIVE PHARMACY LLC,2200 CENTRAL PKWY STE D,,HOUSTON,TX,770927710,8555448242,DIRECTOR OF PHARMACY OPERATIONS,3336S0011X,tier_1_primary_pharmacy,Y,Y,
1780363366,ZEN RX LLC,2016 MAIN ST STE 104,,HOUSTON,TX,770028842,3466461777,MANAGING OFFICER,3336C0003X,tier_1_primary_pharmacy,Y,Y,
1518646421,NASSAU BAY PHARMACY AND WELLNESS LLC,18044 UPPER BAY RD,,HOUSTON,TX,770583510,2819579103,OWNER,3336C0003X,tier_1_primary_pharmacy,Y,Y,
1235819616,HAPPY HOOVES PHARMACY INCORPORATED,1408 SIDNEY BAKER ST,,KERRVILLE,TX,780282725,8309996337,PHARMACIST IN CHARGE,3336L0003X,tier_1_primary_pharmacy,Y,Y,
1497435390,"CIPITIO, LLC",4501 GROVEWAY DR,,HOUSTON,TX,770871122,7134855432,OWNER,3336C0003X,tier_1_primary_pharmacy,Y,Y,
1376224147,"H-E-B, LP",17119 HIGHWAY 6,,MANVEL,TX,77578,2814895621,MANAGING DIRECTOR OF PHARMACY,3336C0003X,tier_1_primary_pharmacy,Y,N,H-E-B
1568143337,"H-E-B, LP",575 E EXCHANGE PARKWAY,,ALLEN,TX,75002,2145099043,MANAGING DIRECTOR OF PHARMACY,3336C0003X,tier_1_primary_pharmacy,Y,N,H-E-B
1487335113,"HEALTHCARE CHOICE, LLC",230 W PARKER RD STE 210B,,PLANO,TX,750752352,2144505261,OWNER/MANAGER,3336C0003X,tier_1_primary_pharmacy,Y,Y,
1700567724,CUREFUSION PHARMACY SOLUTIONS LLC,10 MEDICAL PKWY STE 107,,FARMERS BRANCH,TX,752347869,4695023881,MANAGER,333600000X|3336C0003X|3336C0004X|3336H0001X|3336S0011X,tier_1_primary_pharmacy,Y,Y,
1710669759,HAMPTON APOTHECARY LP,2701 S HAMPTON RD STE 100,,DALLAS,TX,752242368,9727078248,MANAGING PARTNER/OWNER,3336L0003X,tier_1_primary_pharmacy,Y,Y,
1982386405,UNIVERSITY OF TEXAS M. D. ANDERSON CANCER CENTER,2130 W. HOLCOMBE BLVD,LSP7.3030,HOUSTON,TX,770303306,7135638533,PHARMD RPH/ASSISTANT MANAGER,3336I0012X,tier_1_primary_pharmacy,Y,Y,
1376225730,PALMER PHARMACY PLUS INC,2731 W NORTHWEST HWY STE 105,,DALLAS,TX,752204782,2147659238,CHIEF OPERATING OFFIER,3336L0003X,tier_1_primary_pharmacy,Y,Y,
1649952938,ARENBII PHARMACY LLC,7070 KNIGHTS COURT #1003,,MISSOURI CITY,TX,77459,2812087920,OWNER,333600000X,tier_1_primary_pharmacy,Y,Y,
1770265860,FAMILY AND CHILD GUIDANCE CENTERS,1505 W JEFFERSON ST,STE 120 RM P,WAXAHACHIE,TX,75165,4697804880,PHARMACY DIRECTOR,3336L0003X,tier_1_primary_pharmacy,Y,Y,
1851073944,FAMILY AND CHILD GUIDANCE CENTERS,4031 W PLANO PKWY,STE 211 RM P,PLANO,TX,75093,9723698990,PHARMACY DIRECTOR,3336L0003X,tier_1_primary_pharmacy,Y,Y,
1255013330,FAMILY AND CHILD GUIDANCE CENTERS,8915 HARRY HINES BLVD STE P,,DALLAS,TX,752351717,9725489484,PHARMACY DIRECTOR,3336L0003X,tier_1_primary_pharmacy,Y,Y,
1174205280,PHARM HOUSE DRUG SHERMAN LLC,1916 N GRAND AVE,,SHERMAN,TX,750902610,9033286655,OPERATIONS MANAGER,333600000X|3336C0003X,tier_1_primary_pharmacy,Y,Y,
1861175564,LUBBOCK COUNTY HOSPITAL DISTRICT,7105 KEWANEE AVE,,LUBBOCK,TX,794247047,8067759275,PHARMACY MANAGER,3336C0003X,tier_1_primary_pharmacy,Y,Y,
1194408807,"ADC PHARMACY SOLUTIONS, LLC",5503 SW 9TH AVE STE B,,AMARILLO,TX,791064124,8063109226,OWNER,3336L0003X,tier_1_primary_pharmacy,Y,Y,
1942983259,TEXAS INVESTMENT LLC,8118 FRY RD STE 1202,,CYPRESS,TX,774337852,8326446264,MEMBER MANAGED,3336C0003X,tier_1_primary_pharmacy,Y,Y,
1134902497,HEALTH OPPORTUNITIES FOR THE PEOPLE OF EAST TEXAS,620 TENAHA ST,,CENTER,TX,759353404,9362994336,MANAGER,3336C0003X,tier_1_primary_pharmacy,Y,Y,
1770366114,PARADIGM RX LLC,26077 NELSON WAY STE 804,,KATY,TX,774946686,3463879962,OWNER,3336C0003X,tier_1_primary_pharmacy,Y,Y,
1780468884,LAKESIDE PHARMACY LLC,16955 WALDEN RD STE 100,,MONTGOMERY,TX,773563227,9364486337,OWNER/PIC,3336L0003X,tier_1_primary_pharmacy,Y,Y,
1669256269,ARK RX INC,4405 HIGHWAY 6 STE A,,SUGAR LAND,TX,774784476,8326944977,DIRECTOR,3336S0011X|333600000X|3336C0003X,tier_1_primary_pharmacy,Y,Y,
1851175319,AYA PHARMACY LLC,206 S ECHOLS ST.,,CALDWELL,TX,77836,9793217602,OWNER,3336C0003X,tier_1_primary_pharmacy,Y,Y,
1831973569,"WHOLECARE PHARMACY, LLC",25602 INTERSTATE 45 STE 108,,THE WOODLANDS,TX,773861350,3463511025,OWNER,3336C0003X,tier_1_primary_pharmacy,Y,Y,
1497539134,MEDICXS PHARMACY LLC,227 MURPHY RD,,STAFFORD,TX,774775411,7136706049,OWNER,333600000X,tier_1_primary_pharmacy,Y,Y,
1942084447,TOWER MEDIC PHARMACY INC,607 W MAGNOLIA AVE STE B,,FORT WORTH,TX,761044608,8173368133,MANAGER,3336L0003X,tier_1_primary_pharmacy,Y,Y,
1689450116,NOVA HEALTH PHARMACY LLC,22751 PROFESSIONAL DR STE 140,,KINGWOOD,TX,773396024,7135958116,DIRECTOR OF PHARMACY,3336C0003X,tier_1_primary_pharmacy,Y,Y,
1235915307,HARVEST DRUG & GIFT LP,4426 KELL BLVD,,WICHITA FALLS,TX,763094719,9406927081,PIC,3336L0003X,tier_1_primary_pharmacy,Y,Y,
1376329284,MED TIME PHARMACY INC,641 N RESLER DR STE 306-07,,EL PASO,TX,799122384,9155846337,PRESIDENT,3336L0003X,tier_1_primary_pharmacy,Y,Y,
1366229619,MEMORIAL HERMANN HEALTH SYSTEM,6411 FANNIN ST # JG201,,HOUSTON,TX,770301501,2816986100,AVP-GOVERNMENT REPORTING,3336C0003X,tier_1_primary_pharmacy,Y,Y,
1528845880,MEMORIAL HERMANN HEALTH SYSTEM,9200 PINECROFT DR STE 140,,SHENANDOAH,TX,773803279,2816986100,AVP-GOVERNMENT REPORTING,3336C0003X,tier_1_primary_pharmacy,Y,Y,
1407633761,MEMORIAL HERMANN HEALTH SYSTEM,11914 ASTORIA BLVD STE 190,,HOUSTON,TX,770896073,2816986100,AVP GOVERNMENT REPORTING,3336C0003X,tier_1_primary_pharmacy,Y,Y,
1841077104,MEMORIAL HERMANN HEALTH SYSTEM,929 GESSNER RD STE 100,,HOUSTON,TX,770242515,2816986100,AVP GOVERNMENT REPORTING,3336C0003X,tier_1_primary_pharmacy,Y,Y,
1295512705,"ACCUCARE RX, LLC",10824 E CRYSTAL FALLS PKWY STE 403,,LEANDER,TX,786414301,5128085202,MANAGER OF PAYERS RELATIONS,3336C0003X|3336M0002X|3336S0011X,tier_1_primary_pharmacy,Y,Y,
1114704467,MEMORIAL HERMANN HEALTH SYSTEM,7777 SOUTHWEST FWY STE 104,,HOUSTON,TX,770741805,2816986100,AVP GOVERNMENT REPORTING,3336C0003X,tier_1_primary_pharmacy,Y,Y,
1487431433,SHANNON MEDICAL CENTER,131 E BEAUREGARD AVE,STE 102,SAN ANGELO,TX,76903,3256578236,CEO,3336C0003X,tier_1_primary_pharmacy,Y,Y,
1629855432,ARTISAN DRUG INC,4690 MCDERMOTT RD STE 200,,PLANO,TX,750247774,2144078950,PRESIDENT,3336C0004X,tier_1_primary_pharmacy,Y,Y,
1710764683,"SMRX INC, LTC",2002 GRANT AVE STE A,,EL PASO,TX,799301017,9155446605,RPH / OWNER,3336L0003X,tier_1_primary_pharmacy,Y,Y,
1891572749,"ACCUCARE RX, LLC",10824 E CRYSTAL FALLS PKWY STE 403,,LEANDER,TX,786414301,5128085202,"MANAGER OF ACCUCARE RX, LLC",3336M0002X,tier_1_primary_pharmacy,Y,Y,
1437936382,"ACCUCARE RX, LLC",10824 E CRYSTAL FALLS PKWY STE 403,,LEANDER,TX,786414301,5128085202,"MANAGER OF ACCUCARE RX, LLC",3336C0003X,tier_1_primary_pharmacy,Y,Y,
1922885763,AVTAR ENTERPRISES LLC,11450 SPACE CENTER BLVD STE 101,,HOUSTON,TX,770593642,4097100053,OWNER,3336C0003X,tier_1_primary_pharmacy,Y,Y,
1467230177,TEXAS BEST COMPOUNDING LLC,3115 CHAMBERS ST STE 3,,VENUS,TX,760843396,8338597267,PHARMACIST IN CHARGE,333600000X,tier_1_primary_pharmacy,Y,Y,
1457139768,OPTIMISTIC HEALTHCARE SOLUTIONS LLC,14520 MEMORIAL DR STE 22,,HOUSTON,TX,770795415,8006744440,CEO,3336C0003X,tier_2_secondary_pharmacy,N,Y,
1396523387,CRYSTAL LIFE PHARMACY INC,1441 COIT RD STE F,,PLANO,TX,750757768,4692096074,MANAGER,3336C0004X|3336C0003X,tier_1_primary_pharmacy,Y,Y,
1689452567,PHARMA MED PHARMACY LLC,630 MURPHY RD STE 107,,STAFFORD,TX,774775928,8327597694,OWNER,3336C0003X,tier_1_primary_pharmacy,Y,Y,
1558149302,"CP HEALTHCARE, LLC",318 MAIN ST UNIT A,,ABERNATHY,TX,793113439,8062982222,PHARMACIST/OWNER,3336C0003X,tier_1_primary_pharmacy,Y,Y,
1568240356,"HOUSTON INFUSION SERVICES, LLC",7103 S PEEK RD STE 300A,,RICHMOND,TX,774073498,3465607080,OWNER,333600000X|3336C0004X|3336H0001X,tier_1_primary_pharmacy,Y,Y,
1003695719,MEDPHARM PHARMACY LLC,508 MURPHY RD STE E,,STAFFORD,TX,774775449,2818852690,OWNER,3336C0003X,tier_1_primary_pharmacy,Y,Y,
1629857115,KYPHAR LLC,14019 SOUTHWEST FWY STE 201,,SUGAR LAND,TX,774783551,7135261877,MANAGING MEMBER,3336C0003X,tier_1_primary_pharmacy,Y,Y,
1114706389,ZHL CORP,1823 WIRT RD,,HOUSTON,TX,770552406,7134673311,RPH,3336L0003X,tier_1_primary_pharmacy,Y,Y,
1043099328,SAN JOSE CLINIC,117 LANE DR STE 31,,ROSENBERG,TX,774712263,8329456244,PHARMACIST IN CHARGE,333600000X,tier_1_primary_pharmacy,Y,Y,
1073392395,"CLAY WELLNESS, LLC",211 S SAUNDERS ST # 1,,BOERNE,TX,780062323,8309814774,OWNER,3336C0004X|333600000X,tier_1_primary_pharmacy,Y,Y,
1740069095,"PGM PHARMACY, LLC.",7648 CANAL ST STE A,,HOUSTON,TX,770121144,7139246067,MANAGING MEMBER,3336C0003X,tier_1_primary_pharmacy,Y,Y,
1174302277,CUSTOM CARE PHARMACY LLC,20320 NORTHWEST FREEWAY SUITE 300,,HOUSTON,TX,77065,8326889666,PIC,3336C0003X,tier_1_primary_pharmacy,Y,Y,
1851170880,PHARM WORX RX LLC,3316 SHAVER ST STE 9,,PASADENA,TX,775041397,3463963675,OFFICER,3336C0003X,tier_1_primary_pharmacy,Y,Y,
1497534382,TRU PHARMACY INC,3806 AVENUE I STE 3,,ROSENBERG,TX,774713951,2817620757,CEO,3336C0003X,tier_1_primary_pharmacy,Y,Y,
1114707643,MEDIUM BRAND LLC,5819 HIGHWAY 6 STE 150,,MISSOURI CITY,TX,774594061,2817780180,OWNER,3336C0003X,tier_1_primary_pharmacy,Y,Y,
1033999578,NURSETEL,533 WILSHIRE RD,,SAN MARCOS,TX,786665639,8007959439,ADMINISTRATOR,3336H0001X,tier_2_secondary_pharmacy,N,Y,
1629858907,KS PHARM LLC,2340 N GRAND PKWY W STE 110,,SPRING,TX,773891917,7134422520,DIRECTOR,3336C0003X,tier_1_primary_pharmacy,Y,Y,
1104606557,DCP HEALTH LLC,340 PAN AMERICAN DR STE B5B,,LIVINGSTON,TX,773514000,9362215622,OFFICER,3336C0003X,tier_1_primary_pharmacy,Y,Y,
1629858741,PG PHARMACY INC.,3302 RICHMOND RD,,TEXARKANA,TX,75503,9038324545,"OWNER, PHARMACIST IN CHARGE",3336C0003X,tier_1_primary_pharmacy,Y,Y,
1255112074,"DECATUR HEALTH SERVICES, LLC",609 MEDICAL CENTER DR STE 1100,,DECATUR,TX,762343840,9406262555,DIVISION CFO,333600000X,tier_1_primary_pharmacy,Y,Y,
1790566529,UNIVERSITY OF TEXAS M. D. ANDERSON CANCER CENTER,9922 LOUETTA RD STE,,HOUSTON,TX,770701468,7137941116,ASSISTANT MANAGER PHARMACY,3336I0012X,tier_1_primary_pharmacy,Y,Y,
1891576492,ASIAN AMERICAN HEALTH COALITION OF THE GREATER HOUSTON AREA,3000 ALDINE MAIL ROUTE RD STE 200,,HOUSTON,TX,770395612,7137730803,CREDENTIALING SUPERVISOR,333600000X,tier_1_primary_pharmacy,Y,Y,
1447031869,FIRST CHOICE RX,3634 GLENN LAKES LN STE 245,,MISSOURI CITY,TX,774595521,2812087932,OWNER,3336C0003X,tier_1_primary_pharmacy,Y,Y,
1780465005,"PATIENT CARE SERVICES PHARMACY CONSULTING, LLC",1600 COIT RD STE 108,,PLANO,TX,750756171,2144402689,CO-OWNER,333600000X|3336C0003X,tier_1_primary_pharmacy,Y,Y,
1154103190,"MEDICAL HOTSPOTS, INC",6700 W VICKERY BLVD STE B,,FORT WORTH,TX,761169156,8178627412,CEO,333600000X,tier_1_primary_pharmacy,Y,Y,
1285416255,FILLCERA LLC,1651 N COLLINS BLVD STE 222,,RICHARDSON,TX,750803681,4697774669,PHARMACIST IN CHARGEQ,333600000X,tier_1_primary_pharmacy,Y,Y,
1932981339,AMERIMED PHARMACY INC,5044 CRENSHAW RD STE 500B,,PASADENA,TX,775053163,2816809000,PRESIDENT,3336S0011X|3336C0003X,tier_1_primary_pharmacy,Y,Y,
1255113502,"DHANVIS HEALTH CARE-2, LLC",2734 DALLAS AVE,,INGLESIDE,TX,783625713,3615233131,OWNER,333600000X|3336C0003X,tier_1_primary_pharmacy,Y,Y,
1508648841,EL PASO SPECIALTY INVESTMENT LLC,1400 GEORGE DIETER DR STE 180,,EL PASO,TX,799367656,9153026555,OWNER/PRESIDENT,3336C0003X,tier_1_primary_pharmacy,Y,Y,
1568234771,HEALTHY LIFE RX LLC.,2205 N MAIN ST STE B,,PEARLAND,TX,775814279,2817412821,OFFICER,3336C0003X,tier_1_primary_pharmacy,Y,Y,
1659143683,PPC RX PHARMACY LLC,2300 GREEN OAK DR STE 550,,KINGWOOD,TX,773392048,8329150554,OWNER/OFFICER,3336C0003X,tier_1_primary_pharmacy,Y,Y,
1083486807,"H-E-B, LP",24924 MORTON RANCH RD,,KATY,TX,774938146,2815742444,MANAGING DIRECTOR OF PHARMACY,3336C0003X,tier_1_primary_pharmacy,Y,N,H-E-B
1346012887,BAILEYS PHARMACY LLC,21211 FM 529 RD STE 103,,CYPRESS,TX,774336851,8328161926,OWNER,3336C0003X,tier_1_primary_pharmacy,Y,Y,
1417729708,LUBBOCK COUNTY HOSPITAL DISTRICT,11011 SLIDE RD,,LUBBOCK,TX,794242274,8067759138,SENIOR VICE PRESIDENT - FINANCE,3336C0003X,tier_1_primary_pharmacy,Y,Y,
1750154944,"VALMED PHARMACY SOLUTIONS, LLC",6700 SW 9TH AVE STE C,,AMARILLO,TX,791061729,8063506337,PRES,3336H0001X,tier_1_primary_pharmacy,Y,Y,
1346013380,SWIFT MEDS LLC,6713 BROADWAY ST,,PEARLAND,TX,775815769,8323387554,OWNER,3336C0003X,tier_1_primary_pharmacy,Y,Y,
1548033038,BLU LANE ENTERPRISE LLC,707 S FRY RD STE 285,,KATY,TX,774502258,3465941043,MANAGING OFFICER,3336C0003X,tier_1_primary_pharmacy,Y,Y,
1962276337,"H-E-B, LP",29388 I-10 WEST,,BOERNE,TX,78006,8302490150,MANAGING DIRECTOR OF PHARMACY,3336C0003X,tier_1_primary_pharmacy,Y,N,H-E-B
1619741386,"H-E-B, LP",3451 HERITAGE TRACE PKWY,,FORT WORTH,TX,761777505,8172328632,MANAGING DIRECTOR OF PHARMACY,3336C0003X,tier_1_primary_pharmacy,Y,N,H-E-B
1164296935,FAMILIAR ONE SOURCE LLC,11800 MAGNOLIA PKWY STE 123,,MANVEL,TX,775781799,3464868487,MANAGING MEMBER,333600000X,tier_1_primary_pharmacy,Y,Y,
1063287571,"H-E-B, LP",16000 WOODLAND HILLS DR,,HUMBLE,TX,77346,8145835152,MANAGING DIRECTOR OF PHARMACY,3336C0003X,tier_1_primary_pharmacy,Y,N,H-E-B
1063287811,SANITAS RX PHARMACY LLC,1738 ROCK PRAIRIE RD,,COLLEGE STATION,TX,778455900,9794852280,OFFICER,333600000X,tier_1_primary_pharmacy,Y,Y,
1134994080,"HEART TO HEART HOSPICE OF HOUSTON, LLC",2930 CYPRESS GROVE MEADOW DR,,HOUSTON,TX,770141574,3463552281,CEO/MANAGER,3336I0012X,tier_1_primary_pharmacy,Y,Y,
1659146504,"HEART TO HEART HOSPICE OF FORT WORTH, LLC",6940 RIVER PARK CIR,,FORT WORTH,TX,761160525,8177829557,CEO/MANAGER,3336I0012X,tier_1_primary_pharmacy,Y,Y,
1013783448,ALTAR PHARMACY INC,2237 W PARKER RD STE A,,PLANO,TX,750237800,9452620229,OFFICER,3336C0003X,tier_1_primary_pharmacy,Y,Y,
1598531832,COSTUS PHARMACEUTICALS LLC,2710 FM 1092 RD STE E,,MISSOURI CITY,TX,774595641,8326500364,MANAGING MEMBER,3336C0002X|3336C0003X|333600000X,tier_1_primary_pharmacy,Y,Y,
1154197432,HEALTHVILLE PHARMACY LLC,7215 MCPHERSON RD,,LAREDO,TX,780416554,9567013349,PHARMACY MANAGER,3336C0004X|3336S0011X|3336H0001X,tier_1_primary_pharmacy,Y,Y,
1952177800,OPTIMISTIC HEALTHCARE SOLUTIONS LLC,14520 MEMORIAL DR STE 22,,HOUSTON,TX,770795415,8006744440,PRESIDENT,3336C0002X|3336C0003X,tier_1_primary_pharmacy,Y,Y,
1447026240,EAST SIDE PHARMACY INC,1109 E 5TH ST,,TYLER,TX,757013318,9033540231,OWNER,3336C0003X,tier_1_primary_pharmacy,Y,Y,
1073389805,B&F PHARMACY LLC,25420 KUYKENDAHL RD STE B100,,TOMBALL,TX,773753431,7139025061,OFFICER,3336C0004X,tier_1_primary_pharmacy,Y,Y,
1144098559,ROPHEKA PHARMACY LLC,340 HAWKINS RUN RD STE 400,,MIDLOTHIAN,TX,760656638,4696123827,PIC,3336L0003X,tier_1_primary_pharmacy,Y,Y,
1417725722,WIN HEALTH RX LLC,5350 INDEPENDENCE PKWY STE 110A,,FRISCO,TX,750354652,4698859100,MANAGING MEMBER,3336C0003X,tier_1_primary_pharmacy,Y,Y,
1538938402,"FRISCO APOTHECARY, LP",3010 LEGACY DR STE 110,,FRISCO,TX,750347629,4692942001,MANAGING PARTNER,3336L0003X,tier_1_primary_pharmacy,Y,Y,
1437928314,"DENTON APOTHECARY, LP",306 N LOOP 288 STE 210,,DENTON,TX,762094887,9402772499,MANAGING PARTNER,3336L0003X,tier_1_primary_pharmacy,Y,Y,
1073382958,"SUNDANCE APOTHECARY, LP",201 COMMERCE ST STE 201,,FORT WORTH,TX,761027206,6822851100,MANAGING PARTNER,3336L0003X,tier_1_primary_pharmacy,Y,Y,
1508635483,PLANO APOTHECARY LP,5501 INDEPENDENCE PKWY STE 110B,,PLANO,TX,750235463,4699080895,MANAGING PARTNER,3336L0003X,tier_1_primary_pharmacy,Y,Y,
1124897574,JAII GURUDEV FT LLC,1023 LIPSCOMB ST STE 100,,FORT WORTH,TX,761043101,6822550220,PHARMACIST IN CHARGE,3336C0003X,tier_1_primary_pharmacy,Y,Y,
1598534794,GOD LOVES SOULS MISSION MINISTRIES,1310 1ST ST STE B,,ROSENBERG,TX,774713302,2143155370,DIRECTOR,3336C0003X,tier_1_primary_pharmacy,Y,Y,
1720857857,I HEART PHARMACY,13515 SOUTHWEST FWY STE 208,,SUGAR LAND,TX,774783547,7813468831,OWNER/PIC,333600000X,tier_1_primary_pharmacy,Y,Y,
1902676828,GENTECH 88 PHARMACY,620 E LAMAR ST,,ROYSE CITY,TX,751893900,2055828214,MANAGING DIRECTOR,3336C0003X,tier_1_primary_pharmacy,Y,Y,
1306616164,"PHARMHOUSE DRUGS & GIFTS, LLC",408 WEST 8TH STREET,,POST,TX,79356,8069908888,SOLE MANAGING MEMBER/PIC,3336C0003X,tier_1_primary_pharmacy,Y,Y,
1073383865,EL PASO COUNTY HOSPITAL DISTRICT,1416 GEORGE DIETER DR,,EL PASO,TX,799367601,9152002670,PHARMACY MANAGER,3336I0012X,tier_1_primary_pharmacy,Y,Y,
1922878776,TEXAS CHILDREN'S HOSPITAL NORTH AUSTIN CAMPUS,9835 N LAKE CREEK PKWY,PA180,AUSTIN,TX,78717,7372294400,DIRECTOR OF PHARMACY,333600000X|3336C0003X|3336C0004X|3336I0012X,tier_1_primary_pharmacy,Y,Y,
1922878552,RESCUE PHARMACY INC,4203 AVENUE H STE 7,,ROSENBERG,TX,774712843,2817622061,CEO,3336C0003X,tier_1_primary_pharmacy,Y,Y,
1487424875,DELIVERIT PHARMACY BEDFORD INC,2901 BROWN TRL,,BEDFORD,TX,760214107,4699050777,CEO,3336L0003X,tier_1_primary_pharmacy,Y,Y,
1366212755,DELIVERIT PHARMACY CLEAR LAKE INC.,600 N KOBAYASHI STE 113,,WEBSTER,TX,775984841,2817244828,CEO,3336L0003X,tier_1_primary_pharmacy,Y,Y,
1538939921,DELIVERIT PHARMACY INFUSION CENTER LLC,13303 W AIRPORT BLVD STE B,,SUGAR LAND,TX,774785800,8329398137,CEO,3336L0003X,tier_1_primary_pharmacy,Y,Y,
1124898697,ASANACO HEALTHCARE INC,112 BRANCH ST APT B,,HALLSVILLE,TX,756506706,9036607499,CHIEF IT OFFICER,3336C0003X,tier_2_secondary_pharmacy,N,Y,
1023888591,PLATINUM CARE PHARMACY LLC,610 MURPHY RD STE 109,,STAFFORD,TX,774775926,8328471230,OWNER,333600000X,tier_1_primary_pharmacy,Y,Y,
1649040965,"ALAMO NUCLEAR PHARMACY SERVICES, INC",10142 HUEBNER RD,,SAN ANTONIO,TX,782401372,2109982671,ADMINISTRATOR,3336S0011X|3336N0007X,tier_1_primary_pharmacy,Y,Y,
1285404491,KELLYS PEDIATRIC PHARMACY & COMPOUNDING,3435 S ALAMEDA ST,,CORPUS CHRISTI,TX,784111751,3618553811,MANAGING DIRECTOR,3336C0003X,tier_1_primary_pharmacy,Y,Y,
1548030646,ASTRO 5 PHARMACY,620 E LAMAR ST STE A,,ROYSE CITY,TX,751893900,2055828214,OWNER,3336C0003X,tier_1_primary_pharmacy,Y,Y,
1780455600,DELIVERIT PHARMACY INC,13303 W AIRPORT BLVD STE A,,SUGAR LAND,TX,774785800,2812771071,CEO,3336L0003X,tier_1_primary_pharmacy,Y,Y,
1922879402,MATTHEWSON DRUG CO INC,717 S WASHINGTON AVE,,MARSHALL,TX,756705337,9039352351,OWNER,3336L0003X,tier_1_primary_pharmacy,Y,Y,
1245001569,NEXTRX LLC,215 N SAN SABA STE 103,,SAN ANTONIO,TX,782073121,2106841579,VP - PHARMACY OPERATIONS,3336C0003X|3336L0003X,tier_1_primary_pharmacy,Y,Y,
1629849831,LIFECARE PHARMACY OF AUSTIN LLC,3110 NOGALITOS STE 107,,SAN ANTONIO,TX,782252337,2106003282,MANAGING MEMBER,3336L0003X,tier_1_primary_pharmacy,Y,Y,
1386415586,NEXTRX LLC,419 CARSON HL,,SAN ANTONIO,TX,782515500,2106841579,VP- PHARMACY OPERATIONS,3336C0003X|3336L0003X,tier_1_primary_pharmacy,Y,Y,
1205697455,H-E-B LP,1670 E BROAD ST,,MANSFIELD,TX,760631862,8179008386,MANAGING DIRECTOR OF PHARMACY,3336C0003X,tier_1_primary_pharmacy,Y,N,H-E-B
1083475172,TARRANT COUNTY HOSPITAL DISTRICT,5001 MESA SPRINGS DR STE B,,FORT WORTH,TX,761233093,8177026671,PRESIDENT PHARMACY SERVICES,3336C0003X,tier_1_primary_pharmacy,Y,Y,
1902667579,PATIENT FIRST PHARMACY LLC,21703 KINGSLAND BLVD STE 103,,KATY,TX,774502521,8323916133,MANEGER,3336L0003X|3336C0003X,tier_1_primary_pharmacy,Y,Y,
1114788544,"PRIMEMED PHARMACY, LLC",1628 CRABB RIVER RD STE B,,RICHMOND,TX,774695890,8327352002,MANAGER,3336L0003X|3336S0011X|3336C0003X,tier_1_primary_pharmacy,Y,Y,
1992567002,RICHARDS RX LLC,3509 E MAIN AVE STE 102,,ALTON,TX,785731562,9565847772,PHARMACIST/OWNER,3336L0003X,tier_1_primary_pharmacy,Y,Y,
1467214379,"VITALDRIP INFUSION, LLC",6220 WESTPARK DR STE 111,,HOUSTON,TX,770577413,7134975510,PHARMACIST IN CHARGE,333600000X|3336C0003X|3336C0004X|3336S0011X|3336H0001X,tier_1_primary_pharmacy,Y,Y,
1962264986,ALLEN'S NUTECH INC.,4201 ARMORY RD,,WICHITA FALLS,TX,763022207,9407611110,PRESIDENT,3336N0007X|3336H0001X,tier_1_primary_pharmacy,Y,Y,
1295597227,ALLEN'S NUTECH INC.,3111 CORSAIR DRIVE,,COLLEGE STATION,TX,778457463,9792182591,PRESIDEN,3336N0007X|3336H0001X,tier_1_primary_pharmacy,Y,Y,
1780446161,VILLAGE PARK PHARMACY LLC,24420 FM 1314 RD STE 13,,PORTER,TX,773655490,2817477164,OWNER,333600000X,tier_1_primary_pharmacy,Y,Y,
1629831870,"ABILITIESRX, LLC",2122 FM 2920 RD STE D,,SPRING,TX,773883679,8442218767,PRESIDENT,3336L0003X,tier_1_primary_pharmacy,Y,Y,
1467215483,"ADVANT EDGE PHARMACY, INC",1576 LOMALAND DR,,EL PASO,TX,799354202,9155950409,PRESIDENT,3336L0003X,tier_1_primary_pharmacy,Y,Y,
1932962529,"MOORE'S PHARMACY, INC.",200 S RACHAL ST,,SINTON,TX,783872524,3613641416,PRESIDENT,3336L0003X,tier_1_primary_pharmacy,Y,Y,
1134983588,OBEN PHARMACY GROUP LLC,4421 STATE HIGHWAY 6 S STE 300,,COLLEGE STATION,TX,778456176,9793305216,PHARMD,3336C0003X|3336L0003X,tier_1_primary_pharmacy,Y,Y,
1679337083,ROSS RX,12280 BROADWAY ST STE 3117,,PEARLAND,TX,775847868,2815067100,OFFICER,3336C0003X,tier_1_primary_pharmacy,Y,Y,
1336903533,BEAR'S COMPOUNDING PHARMACY LLC,109 W 7TH ST STE 115,,GEORGETOWN,TX,786265720,5128070622,PIC/ OWNER,3336L0003X,tier_1_primary_pharmacy,Y,Y,
1083478028,"MARCLOY PHARMACY, INC.",3401 EAST BLVD STE 400,,DEER PARK,TX,775362066,3464997065,PHARMACIST IN CHARGE,333600000X|3336C0004X|3336L0003X|3336C0003X,tier_1_primary_pharmacy,Y,Y,
1821853458,ADVANT-EDGE HEALTHCARE,14476 HORIZON BLVD STE J,,EL PASO,TX,799288579,9158528884,PRESIDENT,3336L0003X,tier_1_primary_pharmacy,Y,Y,
1831953579,VIVMEDS PHARMACY CORPORATION,3303 UNICORN LAKE BLVD STE 280,,DENTON,TX,762100169,9402264849,OWNER/PHARMACIST IN CHARGE,3336L0003X,tier_2_secondary_pharmacy,N,Y,
1003671660,WHITE LABEL PHARMACY,2925 COUNTRY CLUB RD STE 101,,DENTON,TX,762108603,9403343404,PIC,3336C0003X,tier_1_primary_pharmacy,Y,Y,
1598520025,GKH INC,3610 N MAJOR DR,,BEAUMONT,TX,777139573,4098600040,MANAGER,3336L0003X,tier_1_primary_pharmacy,Y,Y,
1427813773,JOSEPHAT ESCOBEDO,4430 E 14TH ST UNIT B,,BROWNSVILLE,TX,785213364,9569860707,OWNER/ PHARMACIST IN CHARGE,3336C0003X,tier_1_primary_pharmacy,Y,Y,
1356106710,"RAWLS RX, LLC",1112 E GRIFFIN PKWY STE B,,MISSION,TX,785722409,9565814200,PHARMACIST / OWNER,3336L0003X,tier_1_primary_pharmacy,Y,Y,
1861257057,MARGO RX LLC,605 N MAIN ST STE E,,DONNA,TX,785372726,9564644131,PIC,3336L0003X,tier_1_primary_pharmacy,Y,Y,
1033974050,RICHARDS RX LLC,4630 S CLOSNER BLVD,,EDINBURG,TX,785397279,9562891880,PHARMACIST/CO-OWNER,3336L0003X,tier_1_primary_pharmacy,Y,Y,
1902662620,LONGBINES PHARMACY INC,810 WOODROW WILSON RAY CIR,,BRIDGEPORT,TX,764262061,9406834011,VP GEN MGR,3336L0003X,tier_1_primary_pharmacy,Y,Y,
1700642493,POWERS PHARMACY NO 1 INC,702 W HOUSTON ST,,LINDEN,TX,755635441,9037567923,PRESIDENT,3336L0003X,tier_1_primary_pharmacy,Y,Y,
1740047588,"BIOHEALTH RX, LLC",15340 VANTAGE PKWY E STE 220,,HOUSTON,TX,770321901,4106033559,COO,333600000X|3336M0002X|3336S0011X|3336C0004X,tier_1_primary_pharmacy,Y,Y,
1639936495,LOVE OAK LLC,805 W MAIN ST,,EASTLAND,TX,764482536,2546291791,MANAGING MEMBER,333600000X,tier_2_secondary_pharmacy,N,Y,
1699532861,UNIVERSITY OF TEXAS MEDICAL BRANCH AT GALVESTON,1715 S FRIENDSWOOD DR STE 4.190,,FRIENDSWOOD,TX,775465409,2813381320,PRESIDENT,3336C0003X,tier_1_primary_pharmacy,Y,Y,
1942067129,CASTRO COUNTY HOSPITAL DISTRICT,201 NW 2ND ST,,DIMMITT,TX,790271803,8066473151,CEO,3336C0003X,tier_1_primary_pharmacy,Y,Y,
1700643913,"OZONA PHARMACY, LLC",804 11TH STREET,,OZONA,TX,76943,3253922666,OWNER/MANAGER,3336L0003X,tier_1_primary_pharmacy,Y,Y,
1861259194,EISAI PATIENT SUPPORT PHARMACY,2730 EDMONDS LN STE 400-A,,LEWISVILLE,TX,750676731,8666134724,DIRECTOR PHARMACY SERVICES,333600000X,tier_1_primary_pharmacy,Y,Y,
1376300368,LEGENDS PHARMACY III SERVICES LLC,6601 BLANCO RD STE 125,,SAN ANTONIO,TX,782166105,2107352323,VP OF OPERATIONS,333600000X|3336L0003X,tier_1_primary_pharmacy,Y,Y,
1295592384,CBL PHARMACY LLC,11242 FM 1960 RD W STE 106,,HOUSTON,TX,770653635,8324789601,OFFICER,3336C0003X,tier_1_primary_pharmacy,Y,Y,
1487411583,GET-PIXEL LLC,701 BRAZOS ST STE 730,,AUSTIN,TX,787013326,9087973083,PRESIDENT,333600000X,tier_1_primary_pharmacy,Y,Y,
1598522492,PLUSMED RX PHARMACY INC,1531 HIGHWAY 90 A STE 200,,MISSOURI CITY,TX,774891226,3465353071,OWNER,3336C0003X,tier_1_primary_pharmacy,Y,Y,
1629836556,BEXAR COUNTY HOSPITAL DISTRICT,4502 MEDICAL DR,,SAN ANTONIO,TX,782294402,2103582905,EXECUTIVE DIRECTOR OF PHARMACY,3336C0003X,tier_1_primary_pharmacy,Y,Y,
1356109813,"FIRST RX PHARMACY, LLC",1701 HIGHWAY 90 W,SUITE F,SEALY,TX,77474,8327993172,OWNER,3336C0003X,tier_1_primary_pharmacy,Y,Y,
1730947102,LEGACY APOTHECARY LP,150 N COPPELL RD STE PHARMACY,,COPPELL,TX,750192293,9723710067,MANAGING PARTNER,3336L0003X,tier_1_primary_pharmacy,Y,Y,
1598523730,"THREE RIVERS PHARMACY, LLC",101 WEST THORNTON,,THREE RIVERS,TX,78071,3617863757,OWNER/MANAGER,3336L0003X,tier_1_primary_pharmacy,Y,Y,
1457119430,SENATE AVENUE PHARMACY,7412 SENATE AVE,,HOUSTON,TX,770403044,8325232481,PIC,3336C0003X,tier_1_primary_pharmacy,Y,Y,
1962261990,SAVIOURS PHARMACY LLC,1915 N CENTRAL EXPY STE 150,,PLANO,TX,750756943,4698256061,OWNER,3336C0003X,tier_1_primary_pharmacy,Y,Y,
1720847767,SUNNYSIDE PEDIATRIS PHARMACY,2511 E CORRAL AVE STE A,,KINGSVILLE,TX,783634145,3617371190,CHIEF OPERATING OFFICER,3336C0003X,tier_1_primary_pharmacy,Y,Y,
1750140703,"STEPHEN F AUSTIN COMMUNITY HEALTH CENTER, INC",10851 SCARSDALE BLVD STE 160B,,HOUSTON,TX,770895737,2818241480,CREDENTIALING SPECIALIST,3336S0011X,tier_1_primary_pharmacy,Y,Y,
1699534578,HENDRICK MEDICAL CENTER,1265 AMBLER AVE,,ABILENE,TX,796012371,3256704545,"DIRECTOR, FINANCIAL ANALYSIS",3336C0003X,tier_1_primary_pharmacy,Y,Y,
1871352633,C&E APOTHECARY AND WELLNESS INC,13602 WILLIE MELTON BLVD,,KENDLETON,TX,774511400,7262047874,CEO,3336L0003X,tier_1_primary_pharmacy,Y,Y,
1447019617,ANTO PHARMACY LLC,4100 W 15TH ST STE 204,,PLANO,TX,750935801,4698562686,OWNER,3336C0004X|3336M0002X|3336C0003X,tier_1_primary_pharmacy,Y,Y,
1740040641,CAREPLUS PHARMACY INC,3407 SPENCER HWY,,PASADENA,TX,775041179,3462109895,CEO,3336M0002X|3336S0011X|3336C0003X|3336L0003X,tier_1_primary_pharmacy,Y,Y,
1912767682,IPHARMACY,11104 W AIRPORT BLVD STE 141,,STAFFORD,TX,774773040,3467545175,OWNER,3336C0003X,tier_1_primary_pharmacy,Y,Y,
1891555405,EZ SCRIPTS LLC,3028 TRAWOOD DR STE D,,EL PASO,TX,799363948,9154007993,MANAGER,3336L0003X,tier_1_primary_pharmacy,Y,Y,
1275393704,THRIVE RX LLC,908 FROST ST,,ROSENBERG,TX,774712366,8324516408,OWNER,333600000X,tier_1_primary_pharmacy,Y,Y,
1255181483,HASKELL COUNTY HOSPITAL,1 AVENUE N,,HASKELL,TX,795215415,9402284321,CEO,3336C0002X|3336I0012X,tier_1_primary_pharmacy,Y,Y,
1497505408,BEE CAVE INTEGRATIVE LLC,4205 BUENA VISTA ST,,DALLAS,TX,752054660,5123519139,CONSULTANT,3336C0003X,tier_1_primary_pharmacy,Y,Y,
1194576363,PMPTX LLC,1004 BROADWAY AVE STE A,,GLADEWATER,TX,756472534,9033742303,OWNER,3336L0003X,tier_1_primary_pharmacy,Y,Y,
1730930892,SHAW'S PHARMACY-CROWELL,102 E COMMERCE ST,,CROWELL,TX,79227,9406841581,OWNER/PHARMACIST,3336L0003X,tier_1_primary_pharmacy,Y,Y,
1821849241,TEXAS CENTRAL RX LLC,2270 SPRINGLAKE RD STE 800,,DALLAS,TX,752345852,8883629587,OWNER,3336S0011X|3336C0003X,tier_1_primary_pharmacy,Y,Y,
1770334351,ANGELO PHARMACY CORP,2910 SHERWOOD WAY STE 100,,SAN ANGELO,TX,769013507,3254000456,DIRECTOR,3336L0003X,tier_1_primary_pharmacy,Y,Y,
1255183562,ENTERPRISES PHARMACY LLC,2714 IMPERIA DR,SUITE 104,SUGARLAND,TX,77479,8326657952,MANAGER,3336C0003X,tier_1_primary_pharmacy,Y,Y,
1174375737,PRORX SOLUTIONS PHARMACY,3219 S MAIN ST,,STAFFORD,TX,774775537,8329474895,OFFICER,3336C0003X,tier_1_primary_pharmacy,Y,Y,
1992558175,PHARMAMEX LLC,13630 VETERANS MEMORIAL DR STE F,,HOUSTON,TX,770141054,2819153594,OWNER,3336C0003X,tier_1_primary_pharmacy,Y,Y,
1013760081,MEDROCK TEXAS PHARMACY LLC,6424 COLLEYVILLE BLVD STE 112,,COLLEYVILLE,TX,760346470,8177259929,OWNER,3336M0002X|3336C0004X|3336C0003X,tier_1_primary_pharmacy,Y,Y,
1225882970,HARVESTRX LLC,110 VISION PARK BLVD STE 220,,SHENANDOAH,TX,773843015,8326636444,PHARMACIST,3336L0003X|3336S0011X,tier_1_primary_pharmacy,Y,Y,
1962257683,WELLWISE PHARMACY INC.,2519 N FRAZIER ST STE 3200,,CONROE,TX,773031683,2817621809,OWNER/PIC,3336L0003X,tier_1_primary_pharmacy,Y,Y,
1023863594,HEARTCARE PHARMACY INC,1112 N FLOYD RD STE 9B,,RICHARDSON,TX,750804243,2145014615,OWNER,3336C0003X,tier_1_primary_pharmacy,Y,Y,
1912752031,WALGREENS PHARMACY,9625 WHITE SETTLEMENT RD,,FORT WORTH,TX,761084406,8173673469,PHARMACIST,333600000X|3336C0003X,tier_1_primary_pharmacy,Y,N,WALGREENS
1689429557,"HEALTHCO INFUSION PHARMACY, LLC",2541 N MACGREGOR WAY STE 200,,HOUSTON,TX,770047604,2812362831,OWNER,3336C0004X,tier_1_primary_pharmacy,Y,Y,
1245085075,SHUBHA LLC,1139 W BRAKER LN STE 102,,AUSTIN,TX,787584113,5122063150,PHARMACIST/OWNER,3336L0003X,tier_1_primary_pharmacy,Y,Y,
1093561672,HANSABA LLC,5624 HIGHWAY 78,,SACHSE,TX,750483744,4694430424,OWNER,3336L0003X,tier_1_primary_pharmacy,Y,Y,
1245086552,"MIXLAB TX, LLC",953 HILLTOP DR,,WEATHERFORD,TX,760868811,8889014480,CHIEF PHARMACY OFFICER,3336C0004X|333600000X,tier_1_primary_pharmacy,Y,Y,
1740037688,ALCHEMYRX LLC,6550 MAPLERIDGE ST STE 225,,HOUSTON,TX,770814648,7132925099,PRESIDENT,3336C0003X,tier_1_primary_pharmacy,Y,Y,
1740037555,"DIVINE HEALTH PHARMACY, PLLC",6730 ATASCOCITA RD STE 114,,ATASCOCITA,TX,773461995,2813187696,OWNER,333600000X|3336C0003X,tier_1_primary_pharmacy,Y,Y,
1275380982,"H-E-B, LP",20017 BRIDGELAND CREEK PKWY,,CYPRESS,TX,77433,2812715425,MANAGING DIRECTOR OF PHARMACY,3336C0003X,tier_1_primary_pharmacy,Y,N,H-E-B
1831946573,"H-E-B, LP",899 UNIVERSITY DR,,FRISCO,TX,75033,9724641903,MANAGING DIRECTOR OF PHARMACY,3336C0003X,tier_1_primary_pharmacy,Y,N,H-E-B
1326895830,FARMACIA CENTRAL RX LLC,450 GEARS RD STE 200A,,HOUSTON,TX,770674529,8779267429,CEO,3336C0002X,tier_1_primary_pharmacy,Y,Y,
1245087725,TIE PHARMACY LLC,5101 AVENUE H STE 18,,ROSENBERG,TX,774712024,2817622928,OWNER,333600000X,tier_1_primary_pharmacy,Y,Y,
1336996552,NATURE ELEMENTS PHARMACY LLC,12946 DAIRY ASHFORD RD STE 460,,SUGAR LAND,TX,774783114,2818038857,OWNER,3336C0003X,tier_1_primary_pharmacy,Y,Y,
1609624238,MPP PHARMACY INC.,2208 N BIG SPRING ST,,MIDLAND,TX,797058823,4326829501,OFFICER,3336L0003X,tier_1_primary_pharmacy,Y,Y,
1316795982,S&M HEALTH LLC,980 E 87TH ST STE C,,ODESSA,TX,797651318,4322573732,PHARMACY MANAGER,3336L0003X,tier_1_primary_pharmacy,Y,Y,
1154179323,"M&T PHARMACY SOLUTIONS, LLC",10412 CHINA SPRING RD STE A,,WACO,TX,767085685,2548365255,PHARMACIST IN CHARGE,3336C0003X,tier_1_primary_pharmacy,Y,Y,
1508615048,TEXAS CHILDREN'S HOSPITAL,12613 CITYPARK DR,"STE 200, RM 145.06",MISSOURI CITY,TX,774891244,8328241000,CFO,3336H0001X|3336S0011X|333600000X|3336C0003X,tier_1_primary_pharmacy,Y,Y,
1962251215,CLEBURNE DRUG INC,310 N RIDGEWAY DR,,CLEBURNE,TX,760335197,8176452415,PIC/CEO,3336L0003X,tier_1_primary_pharmacy,Y,Y,
1538908215,AGAPE PHARMACY LLC,2812 N RAUL LONGORIA RD STE 3,,SAN JUAN,TX,785893765,9562585210,PHARMACIST IN CHARGE / OWNER,3336C0003X,tier_1_primary_pharmacy,Y,Y,
1659110278,OYSTERCARE LLC,113 OYSTER CREEK DR STE A,,LAKE JACKSON,TX,775664192,9792706009,MANAGER,3336C0003X,tier_1_primary_pharmacy,Y,Y,
1568201119,SYED S PHARMACY & HEALTH CENTER CORP,18484 PRESTON RD STE 300,,DALLAS,TX,752525475,4692022077,OWNER,3336C0002X|3336L0003X|333600000X|3336C0003X,tier_1_primary_pharmacy,Y,Y,
1790524296,"HENRIETTA PHARMACY, INC.",124 N BRIDGE ST,,HENRIETTA,TX,76365,9405384361,PRESIDENT/PIC,3336L0003X,tier_1_primary_pharmacy,Y,Y,
1649019977,OCHOA RX LLC,1002 S 10TH AVE,,EDINBURG,TX,785395514,9563810967,MEMBER,3336L0003X,tier_1_primary_pharmacy,Y,Y,
1275373300,MANOR CLINICAL SERVICES LLC,1259 FM 1463 RD STE 700,,KATY,TX,774945480,3466091418,OWNER/AUTHORIZED OFFICIAL,3336C0002X,tier_2_secondary_pharmacy,N,Y,
1528808615,HEALTH BY GENETICS RX,701 E FM 1626 STE 201,,AUSTIN,TX,787482892,5125410207,FOUNDER AND CEO,333600000X,tier_1_primary_pharmacy,Y,Y,
1598505448,HILL COUNTRY DRUG LLC,1395 SATTLER RD STE 8,,NEW BRAUNFELS,TX,781322296,8309643615,PHARMACY MANAGER,3336L0003X,tier_1_primary_pharmacy,Y,Y,
1396585261,"AVITA DRUGS, LLC",3406 BOB ROGERS DR STE 220,,EAGLE PASS,TX,788525942,8302943264,CHIEF FINANCIAL OFFICER,3336C0003X,tier_1_primary_pharmacy,Y,Y,
1356181952,JNPTX LLC,125 I 30 E STE B,,ROYSE CITY,TX,751897513,4697235120,OWNER,3336L0003X,tier_1_primary_pharmacy,Y,Y,
1922848555,PHLEX RX LLC,701 PIN OAK RD STE 102,,KATY,TX,774946356,3467039057,OWNER,3336C0003X,tier_1_primary_pharmacy,Y,Y,
1245071075,"TOWN & COUNTRY DRUG, INC.",2745 N GRANDVIEW AVE,,ODESSA,TX,797626952,4323662868,VICE PRESIDENT,3336L0003X,tier_1_primary_pharmacy,Y,Y,
1285475020,RESIDENT CARE PHARMACY LLC,2727 EXPOSITION BLVD STE 103,,AUSTIN,TX,787031228,5122546555,PRESIDENT,3336L0003X,tier_1_primary_pharmacy,Y,Y,
1629819347,"HOUSTON COMMUNITY HEALTH CENTERS, INC",424 HAHLO ST,,HOUSTON,TX,770203022,7136743326,CEO,3336C0003X|333600000X,tier_1_primary_pharmacy,Y,Y,
1982446423,ASSURE RX PHARMACY LLC,2277 NW MILITARY HWY STE 116,,SAN ANTONIO,TX,782131853,2104675174,PHARMACIST IN CHARGE,3336L0003X,tier_1_primary_pharmacy,Y,Y,
1457193500,MARK'S PHARMACY INCORPORATED,8150 BROOKRIVER DR STE 107,,DALLAS,TX,752474068,4695472419,PRESIDENT,3336C0003X,tier_1_primary_pharmacy,Y,Y,
1407698376,RXVIP TEXAS LLC,2316 34TH ST,,LUBBOCK,TX,794111634,8067954353,MANAGER,3336C0003X,tier_1_primary_pharmacy,Y,Y,
1093557605,R & L PHARMACY LLC,900 W SAM HOUSTON BLVD STE 3,,PHARR,TX,785775215,9562830911,PIC,3336L0003X,tier_1_primary_pharmacy,Y,Y,
1912740515,RXVIP TEXAS 2 LLC,3716 22ND ST,,LUBBOCK,TX,794101312,8067496133,PHARMACIST IN CHARGE,3336C0003X,tier_1_primary_pharmacy,Y,Y,
1316780851,SAPPHIRE PHARMACY,24200 VIA MAZZINI WAY STE 240,,RICHMOND,TX,774063439,2816976227,CEO,3336C0003X,tier_1_primary_pharmacy,Y,Y,
1063255131,"RESHAPE RX, LLC",109 INTERSTATE 35 S,,NEW BRAUNFELS,TX,781304817,8305491490,OWNER,3336C0004X,tier_1_primary_pharmacy,Y,Y,
1700629656,MESQUITE PHARMACY RX LLC,1320 N GALLOWAY AVE STE 102,,MESQUITE,TX,751492464,9722851761,OWNER,3336L0003X,tier_1_primary_pharmacy,Y,Y,
1134962087,TX PERFORMANCE MEDS PHARMACY & WELLNESS,1646 BLAISDALE RD STE 2200,,RICHMOND,TX,774062773,3468998976,OPERATIONS MANAGER,3336C0004X,tier_1_primary_pharmacy,Y,Y,
1477397628,CEDAR PARK EXPRESS PHARMACY INC.,1841 S LAKELINE BLVD STE 103,,CEDAR PARK,TX,786134666,5122152590,PHARMACY MANAGER,3336C0003X,tier_1_primary_pharmacy,Y,Y,
1568206415,CANNERY PHARMACY SERVICES LLC,75 MIRANDA LAMBERT WAY STE 19,,LINDALE,TX,757713107,3024239052,OWNER,333600000X,tier_1_primary_pharmacy,Y,Y,
1447095542,PUREPATH RX LLC,4201 CYPRESS CREEK PKWY STE 330,,HOUSTON,TX,770683414,2817045597,OWNER,3336C0003X,tier_1_primary_pharmacy,Y,Y,
1487499364,REGENCY PHARMACY INC,9898 BISSONNET ST STE 250A,,HOUSTON,TX,770368280,7138000308,PRESIDENT,3336C0003X,tier_1_primary_pharmacy,Y,Y,
1699511329,KATY BOARDWALK PHARMACY INC,25230 KINGSLAND BLVD STE 100,,KATY,TX,774942097,2813771652,OWNER/ AUTHORIZED OFFICIAL,3336C0004X|3336C0003X,tier_1_primary_pharmacy,Y,Y,
1316784184,REGENCY PHARMACY INC,9898 BISSONNET ST STE 250A,,HOUSTON,TX,770368280,7138000308,PRESIDENT,3336C0003X|3336L0003X,tier_1_primary_pharmacy,Y,Y,
1013754449,"H-E-B, LP",2641 E PFLUGERVILLE PKWY,,PFLUGERVILLE,TX,786608484,5129645626,MANAGING DIRECTOR OF PHARMACY,3336C0003X,tier_1_primary_pharmacy,Y,N,H-E-B
1780421123,"KINETIX HEALTH, LLC",5757 WARREN PKWY STE 330,,FRISCO,TX,750344205,4692528262,OWNER,333600000X|3336C0004X|3336H0001X,tier_1_primary_pharmacy,Y,Y,
1699512962,PARS PHARMACY LLC,7651 ELDORADO PARKWAY,SUITE 100-H,MCKINNEY,TX,750701735,4698876821,OWNER,333600000X|3336C0003X,tier_1_primary_pharmacy,Y,Y,
1437997558,ABRX HOLDINGS INC,250 W PALM ST,,BELLVILLE,TX,774181361,9798653696,OFFICER,3336C0003X,tier_1_primary_pharmacy,Y,Y,
1265270102,NARIOCAN ENTERPRISES LLC,504 S CLOSNER BLVD,,EDINBURG,TX,785394660,9563831239,OWNER,3336L0003X,tier_1_primary_pharmacy,Y,Y,
1659119261,HARLINGEN RX LLC,1616 N ED CAREY DR,,HARLINGEN,TX,785508286,9562303200,MANAGER,3336C0003X,tier_1_primary_pharmacy,Y,Y,
1235977703,"OMNICELL SPECIALTY PHARMACY SERVICES, INC.",1620 W NORTHWEST HWY STE 100,,GRAPEVINE,TX,760513219,8175720009,"VP, GENERAL MANAGER",333600000X,tier_1_primary_pharmacy,Y,Y,
1255179420,BROWNSVILLE CENTRAL RX LLC,1205 CENTRAL BLVD,,BROWNSVILLE,TX,785207531,9565480801,MANAGER,3336C0003X,tier_1_primary_pharmacy,Y,Y,
1154169332,BROWNSVILLE RX LLC,1365 E RUBEN TORRES SR BLVD,,BROWNSVILLE,TX,785210964,9565425100,MANAGER,3336C0003X,tier_1_primary_pharmacy,Y,Y,
1851139034,SAN BENITO RX LLC,311 N SAM HOUSTON BLVD,,SAN BENITO,TX,785864656,9563992453,MANAGER,3336C0003X,tier_1_primary_pharmacy,Y,Y,
1225866171,MARTIN TIPTON PHARMACY LLC,"5901 BELL ST UNIT 30,31",,AMARILLO,TX,791096231,8065709600,OWNER,3336C0003X,tier_1_primary_pharmacy,Y,Y,
1134957814,PLEASANT VIEW PARTNERS LLC,817 W PIONEER PKWY STE 170,,GRAND PRAIRIE,TX,750514724,9727548511,DR,3336C0004X|3336S0011X|3336C0003X,tier_1_primary_pharmacy,Y,Y,
1568290187,SUNRISE HEALTH SERVICES LLC,280 LEGACY DR STE 250,,PLANO,TX,750232378,4696061010,OWNER,3336C0003X,tier_1_primary_pharmacy,Y,Y,
1205665205,ALIEF PHARMACY,12934 BELLAIRE BLVD,SUITE 206,HOUSTON,TX,77072,2145668204,DOCTOR OF PHARMACY,3336C0003X,tier_1_primary_pharmacy,Y,Y,
1609605310,IKA3 LLC,2532 OAKLAND BLVD,,FORT WORTH,TX,761033235,8179455405,MANAGER,3336L0003X,tier_1_primary_pharmacy,Y,Y,
1871322206,E-SQUARE PHARMACY LLC,14030 TELGE RD STE E,,CYPRESS,TX,774296201,8323345044,MANAGING OFFICER,3336C0003X,tier_1_primary_pharmacy,Y,Y,
1811727159,PRESTIGE WORLDWIDE PHARMA LLC,1430 S MAIN ST STE 105,,BOERNE,TX,780063334,8302240090,OFFICER,3336C0004X,tier_1_primary_pharmacy,Y,Y,
1659101699,PHARM HOUSE DRUG SHERMAN LLC,1916 N GRAND AVE,,SHERMAN,TX,750902610,9033286656,OWNER,3336L0003X,tier_1_primary_pharmacy,Y,Y,
1952131906,PHARM HOUSE DRUG-LAVERNIA LLC,13857 US HIGHWAY 87 W STE 100,,LA VERNIA,TX,781215921,8307792219,OWNER,3336L0003X,tier_1_primary_pharmacy,Y,Y,
1497585228,VET WELL RX,2150 W NORTHWEST HWY STE 118,,GRAPEVINE,TX,760516993,6822231044,PHARMACIST IN CHARGE,333600000X|3336C0003X|3336C0004X,tier_2_secondary_pharmacy,N,Y,
1699506048,RXSIM LLC,6918 CORPORATE DR STE B5,,HOUSTON,TX,770365140,2815062453,PHARMACIST,3336L0003X,tier_1_primary_pharmacy,Y,Y,
1831920966,STAFFORD PHARMACY & DME LLC,2448 S MAIN ST,,STAFFORD,TX,774775522,2819695901,PHARMACY TECHNICIAN,3336S0011X|3336L0003X,tier_1_primary_pharmacy,Y,Y,
1700617651,ASCLEPIUS RX,818 E VILLA MARIA RD,,BRYAN,TX,778025337,8329961224,OWNER,333600000X,tier_1_primary_pharmacy,Y,Y,
1801627773,MEDIMED PHARMACY INC,10008 BELLAIRE BLVD # 116,,HOUSTON,TX,770725232,2818794033,OWNER,3336C0003X,tier_1_primary_pharmacy,Y,Y,
1386475200,MEEK MEDICAL TRANSPORTATION SERVICES,801 E A ST,,EAGLE LAKE,TX,774342603,9793208727,CEO,333600000X,tier_2_secondary_pharmacy,N,Y,
1275364192,UNIVERSITY OF TEXAS MEDICAL BRANCH AT GALVESTON,132 E HOSPITAL DR,,ANGLETON,TX,775154112,9798489149,PRESIDENT,3336C0003X,tier_1_primary_pharmacy,Y,Y,
1639900517,PILLPACK LLC,1202 FM 1960 RD E,SUITE 100,HOUSTON,TX,77073,8557455725,VICE PRESIDENT,3336M0002X|3336C0003X,tier_1_primary_pharmacy,Y,Y,
1578395836,"KING PHARMA VENTURES, LLC",1603 N VALLEY MILLS DR STE 1,,WACO,TX,767102552,5126556911,OWNER,3336C0003X,tier_1_primary_pharmacy,Y,Y,
1326870635,R & R STARR AMIGOS LLC,2849 E GRANT ST,,ROMA,TX,785848914,9568478000,PHARMACY DIRECTOR,3336L0003X,tier_1_primary_pharmacy,Y,Y,
1205668274,ROYAL FAMILY PHARMACY LLC,525 SHILOH RD STE 1200,,PLANO,TX,750747263,4693242900,OWNER,3336C0004X|3336C0003X,tier_1_primary_pharmacy,Y,Y,
1871325571,"THORNHILL HEALTHCARE II, INC.",600 8TH ST,,SHALLOWATER,TX,793635726,8068320300,PRESIDENT,3336C0003X,tier_1_primary_pharmacy,Y,Y,
1073345799,"ASCENSION PHARMACY SERVICES, LLC.",7701 METROPOLIS DR STE 200B,,AUSTIN,TX,787443125,8336337279,CHIEF PHARMACY OFFICER,3336S0011X,tier_1_primary_pharmacy,Y,Y,
1528891819,INVIGOR8 RX LLC,19875 SOUTHWEST FWY STE 280,,SUGAR LAND,TX,774791014,8327882164,OWNER,3336C0004X,tier_1_primary_pharmacy,Y,Y,
1245063478,EASY CARE PHARMACY LLC,5108 MCPHERSON RD STE 1,,LAREDO,TX,780417321,9564625303,OWNER,3336C0003X,tier_1_primary_pharmacy,Y,Y,
1558194696,PILLCRAFT PHARMACY,4227 S MAIN ST STE 14,,STAFFORD,TX,774775309,8326153662,OWNER/PIC,3336L0003X,tier_1_primary_pharmacy,Y,Y,
1376376384,ZARKUL INC,10735 W GRAND PKWY S STE 170,,RICHMOND,TX,774078710,3465704749,OWNER,3336S0011X,tier_1_primary_pharmacy,Y,Y,
1013740026,PBG INC,203 RAILROAD ST STE 2B,,BUDA,TX,786103437,5123122111,PHARMACIST-IN-CHARGE,3336L0003X,tier_1_primary_pharmacy,Y,Y,
1346074044,BJP HEALTHCARE LLC,1724 S COLORADO ST,,LOCKHART,TX,786443937,5123982288,MANAGING OFFICER,3336L0003X,tier_1_primary_pharmacy,Y,Y,
1326872029,TRUBI1 LLC,200 WESLEY DR,,KERRVILLE,TX,780285809,8308960167,MANAGING OFFICER,3336L0003X,tier_1_primary_pharmacy,Y,Y,
1780418186,"SANDSRX CENTRAL, LLC",1309 W 15TH ST STE 350,,PLANO,TX,750757244,8445982557,COO,333600000X,tier_1_primary_pharmacy,Y,Y,
1871327262,"SALINAS PHARMACY, INC.",1022 S F ST,,HARLINGEN,TX,785506749,9564251156,OWNER/PHARMACIST,3336L0003X,tier_1_primary_pharmacy,Y,Y,
1003640343,LIFETIME SPECIALTY PHARMACY LLC,809 GALLAGHER DR STE J-1,,SHERMAN,TX,750903111,6038677150,OFFICER,3336C0003X,tier_1_primary_pharmacy,Y,Y,
1073347290,ROYAL OAKS PHARMACY LLC,13313 SOUTHWEST FWY STE 113,,SUGAR LAND,TX,774784800,7133937188,PRESIDENT,3336C0004X|3336M0002X|333600000X|3336C0003X,tier_1_primary_pharmacy,Y,Y,
1134953391,ALAMO CARE PHARMACY LLC,8632 FREDERICKSBURG RD STE 208,,SAN ANTONIO,TX,782401266,7262338731,OFFICER,3336C0003X,tier_1_primary_pharmacy,Y,Y,
1760216717,JYEN HEALTHCARE LLC.,4402 E SOUTHCROSS STE 104,,SAN ANTONIO,TX,78222,2103333700,MANAGING OFFICER,3336L0003X,tier_1_primary_pharmacy,Y,Y,
1215762166,SYED S PHARMACY & HELP CENTER CORP,18484 PRESTON RD STE 300,,DALLAS,TX,752525475,4692062077,OWNER,3336L0003X,tier_1_primary_pharmacy,Y,Y,
1942035449,MED SCRIPTS PHARMACY,10039 BISSONNET ST STE 116,,HOUSTON,TX,770367838,8323716100,DIRECTOR OF OPERATIONS,3336L0003X,tier_1_primary_pharmacy,Y,Y,
1982439576,COOK CHILDREN'S MEDICAL CENTER,1500 COOPER ST STE 1541,,FORT WORTH,TX,761042710,6823033900,CHIEF FINANCIAL OFFICER,3336S0011X,tier_1_primary_pharmacy,Y,Y,
1588499636,JASH HEALTHCARE LLC,1445 SW MILITARY DR,,SAN ANTONIO,TX,782211539,2104683504,MANAGING OFFICER,3336L0003X,tier_1_primary_pharmacy,Y,Y,
1437984630,BEAT AIDS COALITION TRUST,230 E FREDERICKSBURG RD,,SAN ANTONIO,TX,782125008,2102122266,DIRECTOR / CEO,3336C0003X,tier_1_primary_pharmacy,Y,Y,
1891520011,PREMIUMRX SOLUTIONS LLC,26830 CYPRESSWOOD DR STE 101,,SPRING,TX,773739002,2816512374,PHARMACY MANAGER,3336L0003X,tier_1_primary_pharmacy,Y,Y,
1699501197,QUALTHERA HEALTH CORPORATION,3502 N LAURENT ST,,VICTORIA,TX,779013599,3615754713,PRESIDENT,333600000X|3336C0004X|3336S0011X|3336C0003X,tier_1_primary_pharmacy,Y,Y,
1194551424,CRANE PHARMACY LLC,515 S ALFORD ST,,CRANE,TX,797312517,4325582411,MANAGER/OWNER,3336L0003X,tier_1_primary_pharmacy,Y,Y,
1396571501,KJRX PHARMACY LLC,2733 HIGHWAY 59 S STE B,,ROSENBERG,TX,774718004,2819844311,OFFICER,3336C0003X,tier_1_primary_pharmacy,Y,Y,
1407682784,GRACE PHARMACY,11140 LA QUINTA PL #101A,,EL PASO,TX,79936,9155930603,(PIC) OWNER,333600000X,tier_1_primary_pharmacy,Y,Y,
1104653880,PARKERS CITY PHARMACY INC,1005 E COURT ST,,SEGUIN,TX,781555843,8303791450,OWNER,3336L0003X,tier_1_primary_pharmacy,Y,Y,
1427876531,"AFFINITY INFUSION RX, LLC",4616 BROADWAY ST STE B,,PEARLAND,TX,775813954,3467715517,MANAGER,3336C0003X,tier_1_primary_pharmacy,Y,Y,
1609694231,HEALTH ONE PHARMACY LLC,3800 MAIN ST STE 102,,THE COLONY,TX,750562838,2144692244,MANAGING MEMBER,3336L0003X,tier_1_primary_pharmacy,Y,Y,
1447079751,"FIELDS PHARMACY ,LLC",2313 MAIN ST STE 120,,WALLER,TX,774848581,9366005600,PHARMACY OWNER,3336C0003X,tier_1_primary_pharmacy,Y,Y,
1699594481,PROJECT VIDA HEALTH CENTER,3612 PERA AVE,,EL PASO,TX,799052412,9154651191,CEO,333600000X|3336C0003X,tier_1_primary_pharmacy,Y,Y,
1265252522,ADVANCED HEALTHCARE SERVICES INC,10707 CORPORATE DR STE 140,,STAFFORD,TX,774774092,7132716999,PRESIDENT,3336H0001X,tier_2_secondary_pharmacy,N,Y,
1497575773,"21&US, LLC",11430 WEST RD,,HOUSTON,TX,770654712,3462448836,CO-OWNWER,333600000X,tier_2_secondary_pharmacy,N,Y,
1699595785,REGENCY PHARMACY INC,9898 BISSONNET ST STE 250A,,HOUSTON,TX,770368280,7138000308,PRESIDENT,3336C0003X,tier_1_primary_pharmacy,Y,Y,
1871313692,ELITE PHARMACY LLC,3132 W MILLER RD STE A5,,GARLAND,TX,750416108,9729004569,OWNER,3336C0003X,tier_1_primary_pharmacy,Y,Y,
1942020870,HEALTHWAY SAINB LLC,741 GENERATIONS DR STE 210,,NEW BRAUNFELS,TX,781300513,2103147274,OWNER,3336C0003X,tier_1_primary_pharmacy,Y,Y,
1942021522,"LJ PHARMACY RELIEF, INC",2004 E. EXPRESSWAY 83 SUITE 2,,WESLACO,TX,78599,9564053089,OWNER,3336L0003X,tier_1_primary_pharmacy,Y,Y,
1326869728,PROSPER COMPOUNDING PHARMACY LLC,3527 HIGHWAY 6 STE 250A,,SUGAR LAND,TX,774784523,2813025454,PRESIDENT,3336L0003X|3336C0003X,tier_1_primary_pharmacy,Y,Y,
1558182725,"PHARMHOUSE DRUGS & GIFTS, LLC",408 W 8TH ST,,POST,TX,793563114,8069908888,SOLE MANAGING MEMBER,3336L0003X,tier_1_primary_pharmacy,Y,Y,
1609697457,EAST TEXAS HEMATOLOGY & ONCOLOGY,1202 W FRANK AVE,,LUFKIN,TX,759043304,9366376415,PHYSICIAN,3336S0011X|333600000X,tier_1_primary_pharmacy,Y,Y,
1821810334,PRECISION RX PHARMACY LLC,8200 WEDNESBURY LN STE 310,,HOUSTON,TX,770742931,8323308447,OWNER PIC,3336C0004X,tier_1_primary_pharmacy,Y,Y,
1043032428,"RESHAPERX HOUSTON, LLC",8560 KATY FWY STE 170,,HOUSTON,TX,770241810,7133937940,PIC,333600000X|3336C0003X|3336C0004X,tier_1_primary_pharmacy,Y,Y,
1245052653,ELLIS COUNTY COALITION FOR HEALTH OPTIONS,572 COLEMAN ST,,WAXAHACHIE,TX,75165,9729232440,CEO,3336C0003X,tier_1_primary_pharmacy,Y,Y,
1730902586,"JIM B SPEARS, INC.",1720 HILLCREST DR,,VERNON,TX,763844099,9405522999,VICE PRESIDENT,333600000X|3336C0003X,tier_1_primary_pharmacy,Y,Y,
1477376119,TEXAS HEALTH HARRIS METHODIST HOSPITAL FORT WORTH,1325 PENNSYLVANIA AVE STE 290,,FORT WORTH,TX,761042100,6822365050,SVP REVENUE CYCLE,3336S0011X|3336C0003X,tier_1_primary_pharmacy,Y,Y,
1932922325,EL PASO SPECIALTY INVESTMENT LLC,1400 GEORGE DIETER DR STE 180,,EL PASO,TX,799367656,9153026555,PHARMACIST IN CHARGE,3336L0003X,tier_1_primary_pharmacy,Y,Y,
1962225466,BAILEYS PHARMACY LLC,21211 FM 529 RD STE 103,,CYPRESS,TX,774336851,2818614179,OWNER,3336L0003X,tier_1_primary_pharmacy,Y,Y,
1780408633,PILL PARCEL LLC,907 MORRELL AVE OFC 110,,DALLAS,TX,752033354,2143804474,MANAGING MEMBER,333600000X,tier_1_primary_pharmacy,Y,Y,
1538983358,ECONOMICAL PHARMACY SERVICES LLC,8101 ROUGHRIDER DR STE A,,WINDCREST,TX,782392428,2108625117,MANAGING MEMBER,3336C0003X,tier_1_primary_pharmacy,Y,Y,
1710701255,"DDCRX, LLC",2701 HIGHPOINT OAKS DR STE 100,,LEWISVILLE,TX,750673896,8773557225,"SVP, COMPLIANCE",3336L0003X,tier_1_primary_pharmacy,Y,Y,
1104640242,MERIDIAN PHARMACY GROUP NW HIGHWAY INC,1120 E PLEASANT RUN RD STE 405,,DESOTO,TX,751153512,2143331600,COO,3336L0003X,tier_1_primary_pharmacy,Y,Y,
1447075643,"KIOWA PHARMACY, INC.",1201 OLIVE ST,,GAINESVILLE,TX,762403501,9406687384,ACCESS MANAGER,3336L0003X,tier_1_primary_pharmacy,Y,Y,
1740006808,WELLSPRING PHARMACY LLC,11398 BANDERA RD STE 302,,SAN ANTONIO,TX,782506843,7134805311,OWNER,3336C0003X,tier_1_primary_pharmacy,Y,Y,
1346066032,HUMANITY UNITED FOR EQUITY FOUNDATION,5444 WESTHEIMER RD STE 1000,,HOUSTON,TX,770565318,8324027943,FOUNDER & CEO,3336C0003X,tier_2_secondary_pharmacy,N,Y,
1366258519,BIPAJA HEALTHCARE LLC,1724 S COLORADO ST,,LOCKHART,TX,786443937,5124004239,CEO,3336C0002X,tier_2_secondary_pharmacy,N,Y,
1033935200,"OAKS SPECIALTY PHARMACY, INC",205 S MAIN ST STE 1005,,RED OAK,TX,751546388,4698209159,OWNER,333600000X,tier_1_primary_pharmacy,Y,Y,
1841016086,SHEPHERD SPECIALTY PHARMACY LLC,1534A N HAMPTON RD STE 100,,DESOTO,TX,751152302,4698254747,MANAGING OFFICER,3336C0003X,tier_1_primary_pharmacy,Y,Y,
1346056397,ZEAL RX PHARMACY,426 WINDY KNOLL DR,,MURPHY,TX,750945338,2318720665,OWNER,333600000X,tier_1_primary_pharmacy,Y,Y,
1699581462,VICTORY PHARMACY LLC,23869 WEST STATE HWY 6,SUITE A,ALVIN,TX,77511,3142764506,DIRECTOR/MANAGER,333600000X,tier_1_primary_pharmacy,Y,Y,
1841006111,"WALLER RX PHARMACY, PLLC",31303 FM 2920 RD STE H,,WALLER,TX,774848196,7137252211,OWNER/PIC,3336C0003X,tier_1_primary_pharmacy,Y,Y,
1134936248,PILOT POINT LLC,101 OLD TOWN BLVD S STE 102,,ARGYLE,TX,762263969,9404644500,CO-OWNER,3336L0003X,tier_1_primary_pharmacy,Y,Y,
1891502860,PILOT POINT PHARMACY LTD.,1340 N HIGHWAY 377 STE 100,,PILOT POINT,TX,762583762,9406860123,SECRETARY,3336L0003X,tier_1_primary_pharmacy,Y,Y,
1144037110,WBORO PHARMACY LTD,310 CHARLIE DR,,WHITESBORO,TX,762731103,4057474477,SECRETARY,333600000X|3336C0002X|3336C0003X|3336L0003X,tier_1_primary_pharmacy,Y,Y,
1104634419,CBK PHARMACY LLC,1303 MCCULLOUGH AVE STE 128,,SAN ANTONIO,TX,782125603,2102277207,GENERAL MANAGER,333600000X|3336L0003X,tier_1_primary_pharmacy,Y,Y,
1134937329,PRICE PHARMACY LLC,25329 I-45 NORTH,SUITE 126,SPRING,TX,77380,3463511063,OWNER,3336C0003X,tier_1_primary_pharmacy,Y,Y,
1366250433,MEDISTAR APOTHECARY LLC,1406 N MECHANIC ST STE F,,EL CAMPO,TX,774372657,8329679005,MANAGING MEMBER,333600000X|3336C0003X,tier_1_primary_pharmacy,Y,Y,
1508674482,"H-E-B, LP",1230 CENTRAL EXPY,,MELISSA,TX,754542226,4692534808,MANAGING DIRECTOR OF PHARMACY,3336C0003X,tier_1_primary_pharmacy,Y,N,H-E-B
1144038910,INTEGRAL RX PARTNERS LLC,1880 ROUND ROCK AVE STE 250,,ROUND ROCK,TX,786814099,5128060335,PHARMACIST IN-CHARGE,3336C0003X,tier_1_primary_pharmacy,Y,Y,
1316755168,"PRO-SPECTUS, LLC",15058 BELTWAY DR STE 119,,ADDISON,TX,750013745,8778775321,CEO,333600000X,tier_1_primary_pharmacy,Y,Y,
1366251720,AS WEBSTER PHARMACY LLC,17026 STATE HWY 3,,WEBSTER,TX,77598,2815254886,CEO,3336C0003X,tier_1_primary_pharmacy,Y,Y,
1184433799,"BARRIO COMPREHENSIVE FAMILY HEALTH CARE CENTER, INC.",2810 DACY LN STE 1402,,KYLE,TX,786406322,5123382029,CEO,3336C0003X,tier_1_primary_pharmacy,Y,Y,
1770393217,"H-E-B, LP",10110 RM 2338,,GEORGETOWN,TX,786334036,7373640940,MANAGING DIRECTOR OF PHARMACY,3336C0003X,tier_1_primary_pharmacy,Y,N,H-E-B
1669282729,"PROSCRIPT AMERICA, INC.",1801 BINZ ST STE 310,,HOUSTON,TX,770048107,8324231007,PRESIDENT,3336L0003X,tier_1_primary_pharmacy,Y,Y,
1255141297,ONE TRAIN CORPORATION,4501 GROVEWAY DR,,HOUSTON,TX,770871122,7134855432,OWNER,3336L0003X,tier_1_primary_pharmacy,Y,Y,
1104636869,UPTHRUST PHARMACY AND PHARMACAL LIMITED LIABILITY COMPANY,17119 FM 362 RD,,WALLER,TX,774849317,9363728044,PHARMACIST,3336C0003X,tier_1_primary_pharmacy,Y,Y,
1457162067,"BETTER HEALTH PHARMACY, LLC",8615 S HULEN ST STE 115,,FORT WORTH,TX,761232762,6827083499,MANAGING MEMBER,333600000X|3336C0003X|3336L0003X,tier_1_primary_pharmacy,Y,Y,
1811708126,MH PHARMACY LLC,2600 10TH ST,,WICHITA FALLS,TX,763092236,9407236060,OWNER,3336C0003X,tier_1_primary_pharmacy,Y,Y,
1891506002,"H-E-B, LP",2145 W FRONTIER PKWY,,PROSPER,TX,75078,4692085209,MANAGING DIRECTOR OF PHARMACY,3336C0003X,tier_1_primary_pharmacy,Y,N,H-E-B
1942011903,TYLER FAMILY CIRCLE OF CARE,928 N GLENWOOD BLVD STE 200,,TYLER,TX,757025055,9035679757,CEO,333600000X|3336C0003X,tier_1_primary_pharmacy,Y,Y,
1588475610,BAILEYS PHARMACY LLC,21211 FM 529 RD STE 103,,CYPRESS,TX,774336851,2818614179,OWNER,3336C0002X,tier_2_secondary_pharmacy,N,Y,
1003628769,"THORNHILL HEALTHCARE II, INC",600 8TH ST,,SHALLOWATER,TX,793635726,8068320300,PRESIDENT,3336L0003X,tier_1_primary_pharmacy,Y,Y,
1720890171,CUREFUSION PHARMACY SOLUTIONS LLC,204 N GREENVILLE AVE STE 124,,ALLEN,TX,750029130,4692773002,DIRECTOR,333600000X,tier_1_primary_pharmacy,Y,Y,
1003628140,SPRING BRANCH COMMUNITY HEALTH CENTER,19333 CLAY RD,,KATY,TX,774494001,7134626565,BILLING MANAGER,3336C0003X,tier_1_primary_pharmacy,Y,Y,
1659184513,RX COMPOUND PROS LLC,2140 JUSTIN RD STE 100,,HIGHLAND VILLAGE,TX,750777163,4696947513,DIRECTOR OF OPERATIONS,3336M0002X|3336C0004X,tier_1_primary_pharmacy,Y,Y,
1639982069,"LONE STAR COMMUNITY HEALTH CENTER, INC.",605 S CONROE MEDICAL DR STE 100,,CONROE,TX,773044722,9365218471,CHIEF EXECUTIVE OFFICER,3336C0003X,tier_1_primary_pharmacy,Y,Y,
1366255713,ALLRX INC,222 W HARRISON AVE STE A,,HARLINGEN,TX,785506404,9564620665,OWNER,3336L0003X,tier_1_primary_pharmacy,Y,Y,
1881408144,TRUONG HEALTHCARE LLC.,14877 SOUTHWEST FWY,,SUGAR LAND,TX,774785016,2813025987,OWNER,3336M0002X,tier_1_primary_pharmacy,Y,Y,
1801600952,PMJ UNLIMITED LLC,3675 BOCA CHICA BLVD STE C,,BROWNSVILLE,TX,785214484,9565543532,VICE-PRESIDENT,3336L0003X,tier_1_primary_pharmacy,Y,Y,
1316751464,MORON VELA INC,1242 E BUSINESS HIGHWAY 83 STE 7,,MISSION,TX,785729308,9565832700,PRESIDENT,3336L0003X,tier_1_primary_pharmacy,Y,Y,
1861206922,MORON VELA INC.,2120 E GRIFFIN PKWY,,MISSION,TX,785723225,9565815499,PRESIDENT,3336L0003X,tier_1_primary_pharmacy,Y,Y,
1316751480,"PALOMA'S PHARMACY,LLC",909 BUSINESS PARK DR STE 2,,MISSION,TX,785726054,9564246268,VICE-PRESIDENT,3336L0003X,tier_1_primary_pharmacy,Y,Y,
1205640372,MARAS PHARMACY LLC,1301 W SAM HOUSTON BLVD UNIT B,,PHARR,TX,785775669,9567821156,VICE-PRESIDENT,3336L0003X,tier_1_primary_pharmacy,Y,Y,
1568276632,LA FERIA DRUG,54 E PRICE RD STE 2,,BROWNSVILLE,TX,785218611,9565508908,VICE-PRESIDENT,3336L0003X,tier_1_primary_pharmacy,Y,Y,
1467267567,"RIDGEPOINT MEDICAL PHARMACY, LLC",404 S VETERANS BLVD STE C,,EDINBURG,TX,785394721,9563932000,VICE-PRESIDENT,3336L0003X,tier_1_primary_pharmacy,Y,Y,
1649085754,VELMOR INC,200 S HILLSIDE DR,,BEEVILLE,TX,781025349,3613629984,DIRECTOR OF OPERATIONS,3336L0003X,tier_1_primary_pharmacy,Y,Y,
1619782729,PRO SCRIPT PHARMACY SERVICES INC,911 S AIRPORT DR,,WESLACO,TX,785966651,9569693784,VICE-PRESIDENT,3336L0003X,tier_1_primary_pharmacy,Y,Y,
1205641321,MARIO'S RX PHARMACY LLC,6201 S CAGE BLVD STE 3,,PHARR,TX,785775612,9567025050,VICE-PRESIDENT,3336L0003X,tier_1_primary_pharmacy,Y,Y,
1487469409,"S. MIAN, LLC",4115 PECAN BLVD STE C,,MCALLEN,TX,785013695,9566274128,VICE-PRESIDENT,3336L0003X,tier_1_primary_pharmacy,Y,Y,
1457166472,FREEDOM RX LLC,202 W RICE ST,,FALFURRIAS,TX,783553704,3613252662,VICE-PRESIDENT,3336L0003X,tier_1_primary_pharmacy,Y,Y,
1124833157,ONE STOP PHARMA LLC,5850 RUBEN TORRES SR BLVD STE C5,,BROWNSVILLE,TX,785265206,9566212090,VICE-PRESIDENT,3336L0003X,tier_1_primary_pharmacy,Y,Y,
1578378501,GARCIA S PHARMACY LLC,130A UPTOWN AVE,,BROWNSVILLE,TX,785207559,9565187310,VICE-PRESIDENT,3336L0003X,tier_1_primary_pharmacy,Y,Y,
1316742505,DANIEL'S PHARMACY INC,408 N US HIGHWAY 83 UNIT B,,ZAPATA,TX,780763450,9562659634,VP OF OPERATIONS,3336L0003X,tier_1_primary_pharmacy,Y,Y,
1356146203,DMHC LLC,213 HEART DR,,BROWNSVILLE,TX,785203602,9562805667,PRESIDENT,3336L0003X,tier_1_primary_pharmacy,Y,Y,
1629873583,MERMAID WALKING INC,409 W FM 495,,SAN JUAN,TX,785893717,9566010140,VICE-PRESIDENT,3336L0003X,tier_1_primary_pharmacy,Y,Y,
1528863487,RAYMONDVILLE DRUG LLC,3150 INTERNATIONAL BLVD STE 100,,BROWNSVILLE,TX,785213214,9562805773,VICE-PRESIDENT,3336L0003X,tier_1_primary_pharmacy,Y,Y,
1518762475,"SPENCE MEDICAL PHARMACY, LLC",2301 E MULBERRY ST,,ANGLETON,TX,775153804,9798499391,VICE-PRESIDENT,3336L0003X,tier_1_primary_pharmacy,Y,Y,
1699570663,MEDICIRCLE PHARMACY LLC,1213 HERMANN DR STE 515,,HOUSTON,TX,770047011,8323804400,MANAGING DIRECTOR,3336C0003X|3336M0002X|333600000X,tier_1_primary_pharmacy,Y,Y,
1073318903,"H-E-B, LP",29711 JORDAN CROSSING BLVD,,KATY,TX,77494,2109382814,MANAGING DIRECTOR OF PHARMACY,3336C0003X,tier_1_primary_pharmacy,Y,N,H-E-B
1114722840,"TELYRX DALLAS, LLC",8113 RIDGEPOINT DR STE 214,,IRVING,TX,750633199,8008781660,LICENSING AND CREDENTIALING,3336C0003X,tier_1_primary_pharmacy,Y,Y,
1306641709,ZARKUL INC,10735 W GRAND PKWY S STE 170,,RICHMOND,TX,774078710,3465704749,OWNER/PIC,3336L0003X,tier_1_primary_pharmacy,Y,Y,
1215733183,"H-E-B, LP",7330 N LOOP 1604,,SAN ANTONIO,TX,78249,2102790535,MANAGING DIRECTOR OF PHARMACY,3336C0003X,tier_1_primary_pharmacy,Y,N,H-E-B
1922804897,"H-E-B, LP",15489 CULEBRA RD,,SAN ANTONIO,TX,78253,2109382807,MANAGING DIRECTOR OF PHARMACY,3336C0003X,tier_1_primary_pharmacy,Y,N,H-E-B
1568268365,KELLY DRUG INC,125 E BROAD ST,,MINEOLA,TX,757732001,9035693882,PRESIDENT/OWNER,3336L0003X,tier_1_primary_pharmacy,Y,Y,
1255137766,"SUCCESSION EQUITY GROUP, LLC",3740 CARTWRIGHT RD,,MISSOURI CITY,TX,774592431,2814994555,OWNER,3336L0003X,tier_1_primary_pharmacy,Y,Y,
1770380040,PHARMACY STATION LLC,640 S EXPY 77 STE 1,,RAYMONDVILLE,TX,785804241,9566904090,PRESIDENT,3336L0003X,tier_1_primary_pharmacy,Y,Y,
1740087329,AVAIL KILTER CORPORATION,408 N ALLEN DR STE 100,,ALLEN,TX,750132500,2142364128,SDM,3336C0003X|3336C0004X|3336H0001X|3336S0011X|333600000X,tier_1_primary_pharmacy,Y,Y,
1831996354,CENTAURI HEALTHCARE GROUP L.L.C.,9950 WESTPARK DR STE 285,,HOUSTON,TX,770635275,2812014408,CEO,3336C0003X|333600000X|3336L0003X,tier_1_primary_pharmacy,Y,Y,
1902604275,GSRP LLC,201 E WILCO HWY STE 107,,HUTTO,TX,786342739,5124543326,MANAGER,3336C0003X,tier_1_primary_pharmacy,Y,Y,
1316745466,COMMUNITY CHILDREN'S MINISTRY,1101 E FRONT ST,,MIDLAND,TX,797014934,4326868593,MEDICAL DIRECTOR,333600000X,tier_1_primary_pharmacy,Y,Y,
1194523126,CANNERY PHARMACY SERVICES LLC,75 MIRANDA LAMBERT WAY STE 19,,LINDALE,TX,757713107,4302351000,PHARMACIST,3336H0001X,tier_1_primary_pharmacy,Y,Y,
1962200808,SPECIALTY CARE PHARMACY LLC,131 W TEXAS AVE,,WEBSTER,TX,775983203,8324002130,OFFICER,3336C0003X,tier_1_primary_pharmacy,Y,Y,
1982403382,HOPSON LOGISTICS LLC,2900 NASA PKWY STE 140,,SEABROOK,TX,775863257,2815494259,OPERATING MANAGER,3336C0003X,tier_1_primary_pharmacy,Y,Y,
1467251603,"ASM PHARMACY, LLC",230 PIONEER RD,,MESQUITE,TX,751494899,9728827125,SR. PHARMACY MANAGER,3336C0003X,tier_1_primary_pharmacy,Y,Y,
1548069685,RC PHARMACY LLC,2151 HARVEY MITCHELL PKWY S STE 108,,COLLEGE STATION,TX,778405202,9792912151,OWNER,3336C0003X,tier_1_primary_pharmacy,Y,Y,
1053111732,T-REX PHARMACY LLC,109 W COOMBS ST STE 209,,ALVIN,TX,775112868,2818244400,MANAGER,3336C0003X,tier_1_primary_pharmacy,Y,Y,
1558160226,CELSAN LLC,306 E MAIN AVE STE 15,,ALTON,TX,785736955,9563526485,VP,3336L0003X,tier_1_primary_pharmacy,Y,Y,
1811796584,RAMCA INC,2501 N 23RD ST STE B,,MCALLEN,TX,785017893,9566276652,PRESIDENT,3336L0003X,tier_1_primary_pharmacy,Y,Y,
1245030519,MISTER MEDS LLC,141 CLYDE ST,,ABILENE,TX,796051751,8666763371,MANAGER,333600000X|3336C0004X|3336C0003X,tier_1_primary_pharmacy,Y,Y,
1710788583,"LERX, LLC",3860 FRIENDSWOOD LINK RD # 101,,FRIENDSWOOD,TX,775464155,7139796829,MANAGING MEMBER,3336C0004X,tier_1_primary_pharmacy,Y,Y,
1376344804,POWERHOUSE PHARMACY RX LLC,4740 W MOCKINGBIRD LN STE 100B,,DALLAS,TX,752095208,2143502900,OFFICER,3336L0003X,tier_1_primary_pharmacy,Y,Y,
1861293912,MOUNTAIN STAR PHARMACY LLC,11331 JAMES WATT DR BLDG 300-A,,EL PASO,TX,799366401,7134985292,OWNER/CEO,3336C0003X,tier_1_primary_pharmacy,Y,Y,
1992507313,P&P PHARMACY GROUP LLC,107 N RICE ST,,HAMILTON,TX,765311857,2543863111,OWNER,3336C0003X,tier_1_primary_pharmacy,Y,Y,
1255133443,SOUTH PLAINS RURAL HEALTH SERVICES INC,1502 N AVENUE K,,LAMESA,TX,793313040,8068723069,CLERK,333600000X|3336C0003X,tier_1_primary_pharmacy,Y,Y,
1003619859,MEDTEX INFUSION THERAPY LLC,6447 MALAGA,,IRVING,TX,750393191,2148868496,COO,3336C0002X|3336S0011X,tier_2_secondary_pharmacy,N,Y,
1528862521,"HEALTH OPPORTUNITIES FOR THE PEOPLE OF EAST TEXAS, INC.",600 E HOSPITAL ST,,SAN AUGUSTINE,TX,759722123,9367302050,MANAGING OFFICER,3336C0003X,tier_1_primary_pharmacy,Y,Y,
1548064249,"KING'S PHARMACY OF LUMBERTON, LLC",139 N LHS DR UNIT 211,,LUMBERTON,TX,776578743,4097551145,CORPORATE SECRETARY,3336L0003X,tier_1_primary_pharmacy,Y,Y,
1124812771,COMPLETE PHARMACY INC,20333 SOUTHWEST FWY STE 200,,SUGAR LAND,TX,774796774,3467468037,CEO,333600000X,tier_1_primary_pharmacy,Y,Y,
1053106138,HEALTHQUEST THERAPEUTICS LLC,2955 HARRISON ST STE 204,,BEAUMONT,TX,777021156,4097103500,CREDENTIALING SPECIALIST,333600000X|3336C0004X|3336S0011X|3336H0001X,tier_1_primary_pharmacy,Y,Y,
1164217527,AMRX,2925 COUNTRY CLUB RD STE 103,,DENTON,TX,762108603,8888531836,MANAGER,333600000X,tier_1_primary_pharmacy,Y,Y,
1255127916,"KERRVILLE DRUG CO., INC",1050 JUNCTION HWY,,KERRVILLE,TX,780284902,8308953784,OWNER,3336L0003X,tier_1_primary_pharmacy,Y,Y,
1215723887,W5 PHARMACY LTC,1110 E WALKER ST,,BRECKENRIDGE,TX,764243824,2545596979,OWNER/PIC,333600000X|3336L0003X,tier_1_primary_pharmacy,Y,Y,
1205623477,"38TH STREET PHARMACY, INC.",711 W 38TH ST STE C3,,AUSTIN,TX,787051126,5124583784,PHARMACIST/OWNER,3336L0003X,tier_1_primary_pharmacy,Y,Y,
1134916075,PILLPACK LLC,3051 RESEARCH DRIVE STE 100,,RICHARDSON,TX,750823504,8557455725,VICE PRESIDENT,3336M0002X|3336C0003X,tier_1_primary_pharmacy,Y,Y,
1568259422,SALINAS PHARMACY INC.,500 N SAM HOUSTON BLVD,,SAN BENITO,TX,785864669,9563995501,PIC,3336L0003X,tier_1_primary_pharmacy,Y,Y,
1497542047,RAS PHARMACY LLC,3250 W PLEASANT RUN RD STE 165,,LANCASTER,TX,751461071,4692974877,PRESIDENT,3336L0003X,tier_1_primary_pharmacy,Y,Y,
1841087434,NEW DAWN PHARMACY LLC,19186 BLANCO RD STE 101,,SAN ANTONIO,TX,782583660,2104370123,MANAGING MEMBER,3336C0004X|3336L0003X|3336C0003X,tier_1_primary_pharmacy,Y,Y,
1831987346,DMHC2 LLC,213 MEYER ST,,TAFT,TX,783903020,3613454656,MANAGING OFFICER,3336C0003X,tier_1_primary_pharmacy,Y,Y,
1598553349,CAREPLUS PHARMACY2 LLC,14641 GLADEBROOK DR STE 1A,,HOUSTON,TX,770682807,9198025636,PRESIDENT,3336C0003X|3336M0002X|3336S0011X|3336L0003X,tier_1_primary_pharmacy,Y,Y,
1538958061,KIMBLE COUNTY HOSPITAL DISTRICT,349 REID RD STE A,,JUNCTION,TX,768493049,3252660153,CEO,3336C0003X,tier_1_primary_pharmacy,Y,Y,
1326837949,MONAHANS PHARMACY INC,801 E 4TH ST,,MONAHANS,TX,797564018,4329434212,PIC,3336L0003X,tier_1_primary_pharmacy,Y,Y,
1053100636,TRUEMED LLC,907 MORRELL AVE STE 123,,DALLAS,TX,752033354,2143071511,OWNER,333600000X,tier_1_primary_pharmacy,Y,Y,
1891585402,WOODLANDS CLAIMS HOLDING LLC,3275 COLLEGE PARK DR STE 1A,,THE WOODLANDS,TX,773844501,9368771167,PHARMACIST IN CHARGE,3336C0002X|3336C0003X,tier_1_primary_pharmacy,Y,Y,
1124818554,UNIVERSITY OF TEXAS MD ANDERSON CANCER CENTER,1220 HOLCOMBE BLVD STE,,HOUSTON,TX,770304004,8327292197,VICE PRESIDENT,3336C0002X|3336I0012X|3336M0002X|3336S0011X|333600000X,tier_1_primary_pharmacy,Y,Y,
1972393114,"ALTERA PHARMACY, PLLC",9113 STELLA LINK RD STE A,,HOUSTON,TX,770253931,3465837948,MANAGING PARTNER,3336C0004X|333600000X|3336C0003X,tier_1_primary_pharmacy,Y,Y,
1083404339,BLUE BAY PHARMACEUTICALS LLC,190 CREEKSIDE XING STE 1106,,NEW BRAUNFELS,TX,781307391,2015640435,PRESIDENT,333600000X|3336C0003X,tier_1_primary_pharmacy,Y,Y,
1902696024,THE HEALING HUB RX LLC,4714 FM 1488 RD STE 201,,CONROE,TX,773844930,9362245450,MANAGER,3336C0003X,tier_1_primary_pharmacy,Y,Y,
1063202174,RHW COMPOUNDING LLC,11614 BEE CAVES RD STE 130,,AUSTIN,TX,787385551,5129940008,COO,3336C0004X,tier_1_primary_pharmacy,Y,Y,
1750171674,AB PHARMACY INC,1401 E RIDGE RD STE B,,MCALLEN,TX,785031525,9562846687,OWNER,3336L0003X,tier_1_primary_pharmacy,Y,Y,
1760273569,ALLEN'S NUTECH INC.,1301 CLINIC DR,,TYLER,TX,757012120,9035928635,PRESIDENT,3336S0011X,tier_1_primary_pharmacy,Y,Y,
1093506636,AFFIRMING CARE TX LLC,13331 NACOGDOCHES RD,,SAN ANTONIO,TX,782171532,2108332533,PHARMACY OPERATIONS OFFICER,333600000X,tier_1_primary_pharmacy,Y,Y,
1295526739,RIGHT 4 U TRANSPORTATION LLC,1910 SAPPHIRE PINES LN,,RICHMOND,TX,774692232,3465465603,OWNER,3336M0002X,tier_2_secondary_pharmacy,N,Y,
1780475368,WHITE HEART PHARMACY INC LTC,9720 JONES RD STE 280,,HOUSTON,TX,770654772,8326888384,P.I.C,3336L0003X,tier_1_primary_pharmacy,Y,Y,
1255122503,PROVIDENCE RX PHARMACY LLC,2500 E TC JESTER BLVD STE 243,,HOUSTON,TX,770081454,9362047892,MANAGER,3336C0003X,tier_1_primary_pharmacy,Y,Y,
1538952809,FATTA DRIVE PHARMACY LLC,2800 W MAIN ST STE H,,LEAGUE CITY,TX,775731809,3462912922,OWNER,3336L0003X,tier_1_primary_pharmacy,Y,Y,
1821881061,CREATIVE COMPOUNDING RX LLC,7203 S COOPER ST STE 141,,ARLINGTON,TX,760016730,8177042828,OWNER,3336C0003X,tier_1_primary_pharmacy,Y,Y,
1285427633,ELECTRA HOSPITAL DISTRICT,111 W CLEVELAND AVE,,ELECTRA,TX,763602603,9404952335,CEO,3336L0003X,tier_1_primary_pharmacy,Y,Y,
1467345546,LINEX ENTERPRISES LLC,8635 LONG POINT RD STE C,,HOUSTON,TX,770553037,7134922679,PHARMACIST IN CHARGE,3336L0003X,tier_1_primary_pharmacy,Y,Y,
1679466148,JVK HEALTH LLC,203 E DAVIS ST STE B,,CONROE,TX,773013160,9366473250,PHARMACIST IN CHARGE,333600000X|3336C0003X,tier_1_primary_pharmacy,Y,Y,
1366336679,"VISION PHARMACY, INC.",1325 MAIN ST STE 805,,KATY,TX,774940541,3467355253,MANAGER,3336C0003X,tier_1_primary_pharmacy,Y,Y,
1760376420,BLESSED RX,3022 SCHOOL ST,,NEEDVILLE,TX,774618443,7137428600,OWNER,3336C0003X,tier_1_primary_pharmacy,Y,Y,
1578458923,"BSA HARRINGTON PHYSICIANS, INC",1751 WALLACE BLVD STE B,,AMARILLO,TX,791061711,8062124673,EVP GENERAL COUNSEL,3336C0003X,tier_1_primary_pharmacy,Y,Y,
1043104458,REGENCY IHS PHARMACY SERVICES LLC,2310 GRAVEL DR,,FORT WORTH,TX,761186950,8175620268,DIRECTOR,3336L0003X,tier_1_primary_pharmacy,Y,Y,
1821983867,"BONHAM FAMILY DRUG, LLC",100 E SAM RAYBURN DR,,BONHAM,TX,754184398,9035837325,OFFICER,333600000X|3336L0003X,tier_1_primary_pharmacy,Y,Y,
1457246241,OMAVIDA CARE LLC,1201 E SCHUSTER AVE BLDG 7,,EL PASO,TX,799024660,9156379338,CEO,333600000X,tier_2_secondary_pharmacy,N,Y,
1386539013,JAMU PHARMACY SERVICES INC,2500 E T C JESTER BLVD STE 243,,HOUSTON,TX,770081454,3322329776,MANAGER,3336C0003X,tier_1_primary_pharmacy,Y,Y,
1881589604,"ACCELRX, LLC",10824 E CRYSTAL FALLS PKWY STE 403,,LEANDER,TX,786414301,7378432309,MANAGER OF PAYERS RELATIONS,3336C0003X|3336H0001X,tier_1_primary_pharmacy,Y,Y,
1053206771,PHARMBARN EL PASO LLC,10412 VISTA DEL SOL DR STE 1A,,EL PASO,TX,799257937,9159559753,MANAGER,3336C0003X,tier_1_primary_pharmacy,Y,Y,
1124913942,"ACCELRX, LLC",10824 E CRYSTAL FALLS PKWY STE 403,,LEANDER,TX,786414301,7378432309,"MANAGER OF ACCELRX, LLC",3336M0002X,tier_1_primary_pharmacy,Y,Y,
1093600819,"ACCELRX, LLC",10824 E CRYSTAL FALLS PKWY STE 403,,LEANDER,TX,786414301,7378432309,"MANAGER OF ACCELRX, LLC",3336C0003X|3336H0001X|3336M0002X|3336S0011X,tier_1_primary_pharmacy,Y,Y,
1316832900,"H-E-B, LP",1600 E I30,,ROCKWALL,TX,750876228,2109382810,MANAGING DIRECTOR OF PHARMACY,3336C0003X,tier_1_primary_pharmacy,Y,N,H-E-B
1740176692,HOUSTON RX,15340 VANTAGE PKWY E STE 220,,HOUSTON,TX,770321901,8667194295,PHARMACIST IN CHARGE,3336C0004X,tier_1_primary_pharmacy,Y,Y,
1215823877,GLOBAL PHARMACY INC,11677 S HIGHWAY 6,,SUGAR LAND,TX,774981302,8329398950,OWNER,3336L0003X,tier_1_primary_pharmacy,Y,Y,
1760379317,STAFFORD HEALTHCARE INC,3695 HIGHWAY 6,,SUGAR LAND,TX,774784403,2813026579,OWNER,3336L0003X,tier_1_primary_pharmacy,Y,Y,
1841187903,HYPOTENUSE HEALTH SYSTEM LLC.,1805 S COUNTY ROAD 1105 STE C,,MIDLAND,TX,797064797,4323094994,PHARMACY MANAGER,3336C0003X,tier_1_primary_pharmacy,Y,Y,
1144118837,GATEWAY FAMILY PHARMACY LLC,111 STATE HIGHWAY 285,,HEBBRONVILLE,TX,783614452,3612318052,OFFICER,333600000X,tier_1_primary_pharmacy,Y,Y,
1427946805,UNIVERSITY OF TEXAS HEALTH CENTER AT TYLER,11937 US HIGHWAY 271,,TYLER,TX,757083154,9038777088,CHIEF BUSINESS OFFICER,3336S0011X,tier_1_primary_pharmacy,Y,Y,
1801784293,UNIVERSITY OF TEXAS HEALTH SCIENCE CENTER AT TYLER,721 CLINIC DR STE B,,TYLER,TX,757012043,9035957086,CHIEF BUSINESS OFFICER,3336S0011X,tier_1_primary_pharmacy,Y,Y,
1558259994,TRS HEALTH INC,3727 GREENBRIAR DR STE 114,,STAFFORD,TX,774773929,3462304148,COO,3336L0003X,tier_1_primary_pharmacy,Y,Y,
1740178722,NATURE GREEN LEAF PHARMACY LLC,8785 W BELLFORT AVE STE A,,HOUSTON,TX,770312403,9792854222,PHARMACY MANAGER,3336C0003X,tier_1_primary_pharmacy,Y,Y,
1861381410,"BELLS FAMILY DRUG, LLC",103 W BELLS BLVD,,BELLS,TX,75414,9039657383,OFFICER,3336C0003X|3336L0003X,tier_1_primary_pharmacy,Y,Y,
1750270427,MH PHARMACY LLC,2600 10TH ST,WICHITA FALLS TX 76309,WICHITA FALLS,TX,76309,9407236060,OWNER,3336L0003X,tier_1_primary_pharmacy,Y,Y,
1861381451,BEXAR COUNTY HOSPITAL DISTRICT,3860 INTERSTATE HWY 10 E,,SAN ANTONIO,TX,78220,2106445010,"SENIOR VP, CHIEF PHARMACY OFFICER",3336C0003X,tier_1_primary_pharmacy,Y,Y,
1053200576,BEXAR COUNTY HOSPITAL DISTRICT,3611 JAGUAR PKWY,,SAN ANTONIO,TX,78224,7262369510,"SENIOR VP, CHIEF PHARMACY OFFICER",3336C0003X,tier_1_primary_pharmacy,Y,Y,
1134018583,"H-E-B, LP",13100 N FM 973 BUILDING 1,,MANOR,TX,78653,2109382811,MANAGING DIRECTOR OF PHARMACY,3336C0003X,tier_1_primary_pharmacy,Y,N,H-E-B
1730078874,"HEART OF TEXAS COMMUNITY HEALTH CENTER, INC.",1323 E FRANKLIN ST STE 100,,HILLSBORO,TX,766452679,2543134090,CHIEF OPERATING OFFICER,3336C0003X,tier_1_primary_pharmacy,Y,Y,
1407747439,KROGER TEXAS LP,113 E BONDS RANCH RD,,FORT WORTH,TX,761312631,8174845074,LICENSING ASP,3336C0003X,tier_1_primary_pharmacy,Y,N,KROGER
1487545919,M & A PHARMACY LLC,800 HIGHLANDER AVE STE 300,,MIDLOTHIAN,TX,760653515,6822227830,OWNER,3336C0003X,tier_1_primary_pharmacy,Y,Y,
1326939638,DM SPECIALTY LLC,4927 S COLLINS ST STE 105,,ARLINGTON,TX,760181167,9726658355,PIC,3336C0004X|3336C0003X,tier_1_primary_pharmacy,Y,Y,
1134010572,RENEW HEALTH CENTERS PLLC,88 BRIGGS ST STE 120,,SAN ANTONIO,TX,782241297,2105006449,MANAGER,3336C0002X,tier_2_secondary_pharmacy,N,Y,
1902798077,BAYLOR UNIVERSITY MEDICAL CENTER,3500 GASTON AVE,,DALLAS,TX,752462088,2148200111,PHARMACY RESIDENT,333600000X,tier_1_primary_pharmacy,Y,Y,
1336031293,PARKWAY PHARMACY LLC,1824 PARKWAY DR STE 100,,LUBBOCK,TX,794034416,8067679999,PRESIDENT,3336C0003X,tier_1_primary_pharmacy,Y,Y,
1952293813,"MEDICAL HOTSPOTS, INC",6700 W VICKERY BLVD STE B,,FORT WORTH,TX,761169156,8178627412,CEO,333600000X|3336M0003X|3336S0011X|3336L0003X,tier_1_primary_pharmacy,Y,Y,
1558253039,PILLPACK LLC,4445 ROCK QUARRY RD STE 200,,DALLAS,TX,752111847,8557455725,VICE PRESIDENT,3336C0003X|333600000X,tier_1_primary_pharmacy,Y,Y,
1548152754,CENTAURI HEALTHCARE GROUP LLC,1201 W 15TH ST STE 110,,PLANO,TX,750757252,9723600911,CEO,333600000X|3336C0003X|3336L0003X,tier_1_primary_pharmacy,Y,Y,
1336021500,SUTTON COUNTY HOSPITAL DISTRICT,417 HIGHWAY 277 N,,SONORA,TX,769502204,3253872541,CFO,3336C0003X,tier_1_primary_pharmacy,Y,Y,
1104708387,"HENRIETTA PHARMACY, INC.",216 CLAY ST,,NOCONA,TX,762552104,9408253226,PRESIDENT/OWNER,3336C0003X,tier_1_primary_pharmacy,Y,Y,
1790667533,PHARMACY OUTCOMES,16200 BRIDGELAND HIGH SCHOOL DRIVE,SUITE 3201,CYPRESS,TX,77433,8328843043,PHARMACIST,333600000X,tier_1_primary_pharmacy,Y,Y,
1366324022,"FOUR LEAF RX, LLC",1309 W 15TH ST STE 320,,PLANO,TX,750757244,8887967286,COO,333600000X,tier_1_primary_pharmacy,Y,Y,
1235012600,PURED RX CO,408 SUMMERSET LN,,BROOKSHIRE,TX,774233173,3467023210,OWNER,3336C0003X,tier_1_primary_pharmacy,Y,Y,
1306720750,BAYLOR UNIVERSITY MEDICAL CENTER,3500 GASTON AVE,,DALLAS,TX,752462017,7207742464,PHARMACIST RESIDENT,333600000X,tier_1_primary_pharmacy,Y,Y,
1538043997,PILLPACK LLC,2218 CORNER RDG STE 100,,SAN ANTONIO,TX,782191831,8557455725,VICE PRESIDENT,3336C0003X|333600000X,tier_1_primary_pharmacy,Y,Y,
1245114438,VENUS DRUGS LLC,102 S MAIN ST STE B,,VENUS,TX,76084,4695641920,OFFICER/OWNER,3336C0003X,tier_1_primary_pharmacy,Y,Y,
1639053879,PREFERRED HOSPITAL LEASING VAN HORN INC,800 EISENHOWER RD,,VAN HORN,TX,798552216,4302850514,OWNER,3336C0003X,tier_1_primary_pharmacy,Y,Y,
1134003395,"SCHULZ & WROTEN PHARMACY, INC.",122 N WASHINGTON ST,,BEEVILLE,TX,781024509,3613581150,PHARMACIST IN CHARGE,3336L0003X,tier_1_primary_pharmacy,Y,Y,
1902780729,DUPIXENT MYWAY PHARMACY,2730 S EDMONDS LN,SUITE 400 C,LEWISVILLE,TX,75067,2145027015,SR DIRECTOR PHARMACY SERVICES,333600000X,tier_1_primary_pharmacy,Y,Y,
1790669547,CENTRIC RX,909 GRAHAM DR STE D,,TOMBALL,TX,773753335,8327222822,CHIEF OPERATING OFFICER,3336C0003X,tier_1_primary_pharmacy,Y,Y,
1972487734,SKYLINE DRUG LLC,3121 BAILEY DR UNIT# 115,,FORT WORTH,TX,76177,8174151788,PRESIDENT,3336C0003X,tier_1_primary_pharmacy,Y,Y,
1497639959,SCHLEY PHARMACIES,114 W MAIN ST,,CUERO,TX,779543736,3616491659,OWNER,3336C0003X,tier_1_primary_pharmacy,Y,Y,
1457236515,MERIDIAN PHARMACY GROUP AT LANCASTER LLC,2505 W BELT LINE RD,,LANCASTER,TX,751461930,2149510133,PARTNER/PHARMACIST,333600000X,tier_1_primary_pharmacy,Y,Y,
1700761715,PRO-SPECTUS HEALTH SOLUTIONS LLC,15058 BELTWAY DR STE 119B,,ADDISON,TX,750013700,8778775321,CEO,3336S0011X,tier_1_primary_pharmacy,Y,Y,
1578448213,PRESSO PHARMACY LLC,4899 HIGHWAY 6 STE 116F,,MISSOURI CITY,TX,774595537,2819424330,MANAGER,3336S0011X|3336C0003X,tier_1_primary_pharmacy,Y,Y,
1093691594,COMPOUNDING SOLUTIONS LLC,2106 W BEN WHITE BLVD,,AUSTIN,TX,787047521,5126520120,MANAGER,3336C0004X,tier_1_primary_pharmacy,Y,Y,
1093691388,HIS LOVE SOLUTIONS LLC,10301 NORTHWEST FWY STE 506,,HOUSTON,TX,770928229,8886957872,PHARMACIST IN CHARGE,3336C0004X|3336C0003X,tier_1_primary_pharmacy,Y,Y,
1568348597,HEALTHCARE FOR THE HOMELESS-HOUSTON,1934 CAROLINE ST,,HOUSTON,TX,770028210,8332623933,"PRESIDENT, PHARMACY SERVICES",3336C0003X,tier_1_primary_pharmacy,Y,Y,
1457237315,SPECIALTY INFUSIONS TX INC,4807 SUGAR GROVE BLVD STE 702,,STAFFORD,TX,774772652,3463502000,PHARMACIST IN CHARGE,333600000X,tier_1_primary_pharmacy,Y,Y,
1902782618,ROBERTO V SALINAS PHARMACY ESOP TR,810 W OCEAN BLVD,,LOS FRESNOS,TX,785663600,9562333400,PHARMACIST IN CHARGE,3336C0003X,tier_1_primary_pharmacy,Y,Y,
1174400956,WILLOWBEND PHARMA SELECT LLC,3610 WILLOWBEND BLVD STE 1020,,HOUSTON,TX,770541113,8326283260,CONTRACTS MANAGER,3336C0004X,tier_1_primary_pharmacy,Y,Y,
1548148182,LINDBERG PHARMACY LTC,5203 S MCCOLL RD,,EDINBURG,TX,78539,9566876204,SOLE PROPRIETOR,3336L0003X,tier_1_primary_pharmacy,Y,Y,
1417835661,W5 PHARMACY,802 N MINTER AVE STE C,,THROCKMORTON,TX,764835357,2543668291,OWNER/PIC,333600000X|3336C0003X,tier_1_primary_pharmacy,Y,Y,
1598643694,BROWNSVILLE CENTRAL RX LLC,1205 CENTRAL BLVD,,BROWNSVILLE,TX,785207531,9565480801,MANAGER,3336L0003X,tier_1_primary_pharmacy,Y,Y,
1124906227,BROWNSVILLE RX LLC,1365 E RUBEN TORRES SR BLVD,,BROWNSVILLE,TX,785210964,9565425100,MANAGER,3336L0003X,tier_1_primary_pharmacy,Y,Y,
1922987072,TOP CHOICE RX TX LLC,4299 SAN FELIPE ST STE 100,,HOUSTON,TX,770272916,8326273387,OWNER,3336C0004X,tier_1_primary_pharmacy,Y,Y,
1114806114,HARVEST RX LLC,110 VISION PARK BLVD STE 220,,SHENANDOAH,TX,773843015,8326636444,MANAGER,3336L0003X,tier_1_primary_pharmacy,Y,Y,
1134009954,HEALING HANDS MINISTRIES INC.,4450 GUS THOMASSON RD STE 40A,,MESQUITE,TX,751502232,9723548706,CREDENTIALING SPECIALIST,3336C0003X,tier_1_primary_pharmacy,Y,Y,
1710867080,ULTRA LIFE RX COMPOUNDING LLC,17130 TOWNES RD STE B,,FRIENDSWOOD,TX,775464175,8325692023,CEO,3336C0004X,tier_1_primary_pharmacy,Y,Y,
1972484251,MT ENTERPRISE COMMUNITY HEALTH CLINIC,1115 US HIGHWAY 259 S,,HENDERSON,TX,756543629,8062427782,PRESIDENT OF PHARMACY SERVICES,3336C0003X,tier_1_primary_pharmacy,Y,Y,
1851272132,MAHALAXMI DRUG LLC (APPLE SPECIALTY PHARMACY),6560 GREATWOOD PKWY STE 1000,,SUGAR LAND,TX,774796714,3143088600,OWNER,333600000X,tier_1_primary_pharmacy,Y,Y,
1891666921,COMMUNITY HEALTHCARE LLC DBA WELLCARE PHARMACY,2716 SW MILITARY DR STE 103,,SAN ANTONIO,TX,782241009,2109273742,OWNER,3336C0003X,tier_1_primary_pharmacy,Y,Y,
1841161981,MERIDIAN PHARMACY GROUP NW HIGHWAY INC,1120 E PLEASANT RUN RD STE 405,,DESOTO,TX,751153512,2143331600,PARTNER/PHARMACIST,3336L0003X,tier_1_primary_pharmacy,Y,Y,
1184595670,"ADAMETRIX SOLUTIONS, LLC",12240 MURPHY RD STE B,,STAFFORD,TX,774772411,8325168468,OWNER,3336C0003X,tier_1_primary_pharmacy,Y,Y,
1295606614,"LIVEWELL INTERNATIONAL HEALTH, INC.",4070 STATE HIGHWAY 121 STE 436,,CARROLLTON,TX,750101236,4695994242,VICE PRESIDENT,3336L0003X,tier_1_primary_pharmacy,Y,Y,
1477425692,"AIDS ARMS, INC.",219 SUNSET AVE STE 116A,CONFERENCE 1A,DALLAS,TX,752084531,4697497822,CEO,333600000X|3336C0003X,tier_1_primary_pharmacy,Y,Y,
1619849833,"AIDS ARMS, INC.",2801 LEMMON AVE STE 100,,DALLAS,TX,752042396,4697497824,CEO,333600000X|3336C0003X,tier_1_primary_pharmacy,Y,Y,
1144192360,"AIDS ARMS, INC.",4907 SPRING AVE STE 101,,DALLAS,TX,752101316,2145215191,CEO,333600000X|3336C0003X,tier_1_primary_pharmacy,Y,Y,
1952273153,HGA HEALTHCARE LLC,11824 INDIANA AVE STE 700,,LUBBOCK,TX,794231888,8063198227,OFFICER,3336C0003X,tier_1_primary_pharmacy,Y,Y,
1942172051,HEALTHY STRIDES RX LLC,4401 EMANCIPATION AVE,,HOUSTON,TX,770045221,2818882235,OWNER/PIC,3336L0003X,tier_1_primary_pharmacy,Y,Y,
1134091127,CTRA PLLC,4112 LINKS LN STE 102,,ROUND ROCK,TX,786643902,5125184992,"OFFICER, OWNER",3336S0011X,tier_2_secondary_pharmacy,N,Y,
1598637498,ATLAS RX LLC,2810 OAK RUN PKWY STE 300,,NEW BRAUNFELS,TX,781324763,7373994840,OWNER,333600000X|3336C0004X|3336H0001X,tier_2_secondary_pharmacy,N,Y,
1073485082,EAST TEXAS BORDER HEALTH CLINIC,1902 E END BLVD N,,MARSHALL,TX,75670,9035786114,CHIEF FINANCIAL OFFICER,3336C0003X,tier_1_primary_pharmacy,Y,Y,
1336011337,MISKRX PHARMACY LLC,2011 W SPRING CREEK PKWY,STE 1400,PLANO,TX,75023,9454686055,"OFFICER, PHARMACY MANAGER",3336L0003X,tier_1_primary_pharmacy,Y,Y,
1740152610,DMK & CO.LLC,20811 WESTHEIMER PKWY STE C,,KATY,TX,774504058,2819449056,PIC,3336L0003X,tier_1_primary_pharmacy,Y,Y,
1477425346,DMK & CO.LLC,2051 GREENHOUSE RD STE 115,,HOUSTON,TX,770847305,2816764080,MANAGING OFFICER,3336L0003X,tier_1_primary_pharmacy,Y,Y,
1083586895,GLOWRX PHARMACY,215 SUNSET BLVD # 125,,SHERMAN,TX,750927447,9725321008,PIC,3336C0003X,tier_1_primary_pharmacy,Y,Y,
1649142480,"ASM PHARMACY, LLC",230 PIONEER RD,,MESQUITE,TX,751494899,9728827125,PHARMACY OPS SUPPORT MANAGER,3336C0002X,tier_1_primary_pharmacy,Y,Y,
1568334035,VI WELLNESS LLC,8752 MEDICAL CITY WAY STE 120,,FORT WORTH,TX,761772497,6827107777,OWNER,3336C0004X|3336C0003X,tier_1_primary_pharmacy,Y,Y,
1417821307,ST JUDE SPECIALTY CARE INC.,13916 LEXINGTON BLVD,,SUGAR LAND,TX,774785362,2817157110,ADMINISTRATOR,3336H0001X|3336S0011X,tier_1_primary_pharmacy,Y,Y,
1053285692,TXRX LLC DBA FIESTARX,102 PALO ALTO RD STE 240,,SAN ANTONIO,TX,782113758,2102014517,GENERAL MANAGER,3336C0003X,tier_1_primary_pharmacy,Y,Y,
1871468462,RED CARPET PHARMACY LLC,16700 HOUSE HAHL RD BLDG 6B,,CYPRESS,TX,774335248,2818053000,MANAGING MEMBER,3336C0004X,tier_1_primary_pharmacy,Y,Y,
1891660015,WELLNESS 1ST PHARMACY CORP,8603 BROADWAY ST STE 110,,PEARLAND,TX,775848171,2818576552,OWNER,3336C0004X|3336C0003X,tier_1_primary_pharmacy,Y,Y,
1376418665,JANUS RX LLC,3711 ADMIRAL ST STE B,,EL PASO,TX,799251379,3348194500,CHRO,3336L0003X,tier_1_primary_pharmacy,Y,Y,
1659246890,CAREPLUS HEALTHCARE GROUP INC,11455 FALLBROOK DR,,HOUSTON,TX,770654238,9198025636,PRESIDENT,3336C0003X|3336S0011X|3336M0002X|3336L0003X,tier_1_primary_pharmacy,Y,Y,
1649146929,PRIDE PHARMACY - CARLISLE LLC,4003 LEMMON AVE,,DALLAS,TX,752193737,2149547389,OWNER,3336L0003X,tier_1_primary_pharmacy,Y,Y,
1710853007,"KUMARX, LLC",2225 WILLIAMS TRACE BLVD STE 109,,SUGAR LAND,TX,774784440,7139407979,PIC,333600000X,tier_1_primary_pharmacy,Y,Y,
1891661997,"ROYAL CARE PHARMACY, INC.",2901 N CENTRAL EXPY STE 123,,PLANO,TX,750752353,2144403560,OWNER,3336C0003X,tier_1_primary_pharmacy,Y,Y,
1649146713,ACTIVECARE PHARMACY INC,4425 PLANO PKWY,,CARROLLTON,TX,750105024,6173166776,OFFICE MANAGER,3336C0003X,tier_1_primary_pharmacy,Y,Y,
1912873969,APALY RX LLC,3303 FM 1960 RD W STE 350-O,,HOUSTON,TX,770683615,8554627259,MANAGING MEMBER,3336C0003X,tier_1_primary_pharmacy,Y,Y,
1477429322,EAST SIDE PHARMACY INC,1109 E 5TH ST,,TYLER,TX,757013318,9036307263,PRESIDENT,3336L0003X,tier_1_primary_pharmacy,Y,Y,
1760359194,"HEART OF TEXAS COMMUNITY HEALTH CENTER, INC.",1600 PROVIDENCE DR STE 201,,WACO,TX,767072261,2543134170,CHIEF OPERATING OFFICER,3336S0011X,tier_1_primary_pharmacy,Y,Y,
1780552182,HEB,9255 GRISSOM RD,,SAN ANTONIO,TX,782512805,2106802958,PHARMACY INTERN,3336C0003X,tier_1_primary_pharmacy,Y,N,HEB
1801764493,POME PHARMACY,2924 CHAMBERS ST UNIT 128,,VENUS,TX,760844043,2144200765,PHARMACIST IN CHARGE,3336C0003X,tier_1_primary_pharmacy,Y,Y,
1477421691,PATIENT CARE SERVICES PHARMACY CONSULTING LLC,1600 COIT RD STE 108,SUITE 108,PLANO,TX,750756171,4698543489,PHARMACY MANAGER,3336L0003X,tier_1_primary_pharmacy,Y,Y,
1073482535,LUC PHARMACY,418 N UTICA AVE STE B,,LUBBOCK,TX,794163035,8067715882,ADMINISTRATOR,3336C0003X,tier_1_primary_pharmacy,Y,Y,
1144190042,CHRYSALIS GROUP LLC,1259 FM 1463 RD STE 700,,KATY,TX,774945480,2819851418,OWNER,3336L0003X,tier_1_primary_pharmacy,Y,Y,
1518837368,TOPAK PHARMACEUTICAL INC,12315 BELLAIRE B LVD,SUITE 700,HOUSTON,TX,77072,2817413506,PRESIDENT,3336L0003X,tier_1_primary_pharmacy,Y,Y,
1396615183,BROOKSHIRE BROTHERS INC,180 TOWN CENTER BLVD,,JARRELL,TX,765374006,5127466132,PHARMACY ADMIN,3336C0003X,tier_1_primary_pharmacy,Y,Y,
1144190414,CASTLE WAY INVESTMENT INC,10008 BELLAIRE BLVD # 116,,HOUSTON,TX,770725232,2818794033,OFFICER,3336C0003X,tier_1_primary_pharmacy,Y,Y,
1124998562,CHILDREN'S HEALTH SYSTEM OF TEXAS,1935 MEDICAL DISTRICT DR,,DALLAS,TX,752357701,2144560641,CHIEF FINANCIAL OFFICER,3336C0003X,tier_1_primary_pharmacy,Y,Y,
1093685596,"H-E-B, LP",2105 RIO GRANDE BLVD,,EULESS,TX,760392333,2109382819,MANAGING DIRECTOR OF PHARMACY,3336C0003X,tier_1_primary_pharmacy,Y,N,H-E-B
1235009556,"SENATERX, LLC",7342 SENATE AVE,,JERSEY VILLAGE,TX,770403042,8326199448,PIC,3336C0003X,tier_1_primary_pharmacy,Y,Y,
1043180243,THOUSAND OAKS HEALTHCARE LLC,2130 THOUSAND OAKS DR # 110,,SAN ANTONIO,TX,782322538,2104902733,DIRECTOR,3336C0004X,tier_1_primary_pharmacy,Y,Y,
1134089279,THE COMPOUND HUB PHARMACY,7070 KNIGHTS CT STE 1203,,MISSOURI CITY,TX,774595525,2819710199,MANAGER,3336C0004X,tier_1_primary_pharmacy,Y,Y,
1053271866,"NATIONAL COMPOUNDING PHARMACY, LLC",11056 SHADY TRL STE 109,,DALLAS,TX,752295624,8003567018,OWNER,3336C0004X,tier_1_primary_pharmacy,Y,Y,
1548120595,"BLUE OCEAN PHARMACY, LLC",17115 RED OAK DR STE 230,,HOUSTON,TX,770902607,2817050281,OWNER,3336C0003X,tier_1_primary_pharmacy,Y,Y,
1174483150,"VOST, LLC",7902 BROADWAY ST STE 110,,PEARLAND,TX,775817023,3465702999,BUSINESS MANAGER,3336L0003X,tier_1_primary_pharmacy,Y,Y,
1164382701,HEARNE PHARMACY LLC,871 N MARKET ST,,HEARNE,TX,778594057,9792057143,OWNER,3336C0003X,tier_1_primary_pharmacy,Y,Y,
1639030935,"AVEVORX, LLC",8601 CROSS PARK DR STE 400,,AUSTIN,TX,787544597,8779401466,PRESIDENT,333600000X|3336C0003X|3336H0001X,tier_1_primary_pharmacy,Y,Y,
1962363267,"AVEVORX, LLC",8601 CROSS PARK DR STE 400,,AUSTIN,TX,787544597,8779401466,PRESIDENT,3336H0001X,tier_2_secondary_pharmacy,N,Y,
1750242533,"H-E-B, LP",11720 E US HIGHWAY 80,,FORNEY,TX,75126,2109382795,MANAGING DIRECTOR OF PHARMACY,3336C0003X,tier_1_primary_pharmacy,Y,N,H-E-B
1689535460,CLEBURNE DRUG INC,310 N RIDGEWAY DR,,CLEBURNE,TX,760335102,8176452415,OWNER,3336L0003X,tier_1_primary_pharmacy,Y,Y,
1225999154,AMISTAD COMMUNITY HEALTH CENTER INCORPORATED,1533 S BROWNLEE BLVD,,CORPUS CHRISTI,TX,784043131,3618842242,CFO,333600000X|3336C0003X,tier_1_primary_pharmacy,Y,Y,
1164384343,"ASM PHARMACY, LLC",1551 E OLD SETTLERS BLVD STE 210,,ROUND ROCK,TX,786642981,5128128111,MANAGING MEMBER,3336C0002X,tier_1_primary_pharmacy,Y,Y,
1669334173,RMC PHARMACY,4140 SOUTHWEST FWY,,HOUSTON,TX,770277311,7083344211,PHARMACIST,3336C0003X,tier_1_primary_pharmacy,Y,Y,
1386507846,"REPUBLIC RX, LLC",1750 BRIERCROFT CT STE 328,,CARROLLTON,TX,750067456,8604028018,MEMBER,3336C0004X|3336S0011X|3336C0003X|333600000X,tier_1_primary_pharmacy,Y,Y,
1679436703,MISSION TRAVIS MERCY,775 WEST BOWIE ST,,FORT WORTH,TX,76110,8178403501,PHARMACIST IN CHARGE,3336C0002X,tier_1_primary_pharmacy,Y,Y,
1366305393,IQ BROTHERS LLC,23402 KINGSLAND BLVD STE 400,,KATY,TX,774948466,8324370714,OWNER,3336C0003X,tier_1_primary_pharmacy,Y,Y,
1194688291,NEW DAWN PHARMACY 2 LLC,102 BABCOCK RD STE 102,,SAN ANTONIO,TX,782013952,2109995042,MANAGING MEMBER,3336S0011X|3336C0003X|3336C0004X|3336H0001X|3336L0003X|333600000X,tier_1_primary_pharmacy,Y,Y,
1144183070,TCURO PHARMACY,2900 ACME BRICK PLZ STE A,,FORT WORTH,TX,761094123,6823002005,OWNER/MEDICAL DIRECTOR,3336C0003X,tier_1_primary_pharmacy,Y,Y,
1467315184,SCRIPTCO,6916 WOODWAY DR,,WOODWAY,TX,767126148,2547412922,CEO,333600000X,tier_1_primary_pharmacy,Y,Y,
1003770629,"COMMUNITY HEALTH DEVELOPMENT, INC.",115 HAM LN,,UVALDE,TX,788016223,8302785604,CEO,3336C0003X,tier_1_primary_pharmacy,Y,Y,
1790649762,"MIKOSH DRUG COMPANY, LLC",404 HIGHWAY 27,,COMFORT,TX,780132173,8309953300,PHARMACIST/OWNER,3336L0003X,tier_1_primary_pharmacy,Y,Y,
1457216665,"EAST TEXAS COMMUNITY HEALTH SERVICES, INC",1309 S UNIVERSITY DR STE 100,,NACOGDOCHES,TX,759616486,9365857098,BILLING SUPERVISOR,333600000X|3336C0003X,tier_1_primary_pharmacy,Y,Y,
1770449167,AGAPE PHARMACY LLC,2812 N RAUL LONGORIA RD STE 3,,SAN JUAN,TX,785893765,9562585210,OWNER/PHARMACIST IN CHARGE,3336L0003X,tier_1_primary_pharmacy,Y,Y,
1316803752,"FOXGROVE KIRBY, LLC",232 E JEFFERSON ST,,VAN ALSTYNE,TX,754953401,9034825279,MANGER/CO-OWNER,3336C0003X,tier_1_primary_pharmacy,Y,Y,
1952267254,"TEX EXPRESS PHARMACY, INC",6517 CHASE OAKS BLVD,SUITE 101,PLANO,TX,75023,9729991748,OPERATIONS MANAGER,333600000X,tier_1_primary_pharmacy,Y,Y,
1558227876,"BHV RX, LLC",2216 NEW YORK AVE STE 202,,ARLINGTON,TX,760100809,8172619889,MANAGING MEMBER,3336C0003X,tier_1_primary_pharmacy,Y,Y,
1366308348,"HARMONY INFUSION PHARMACY, LLC",7447 HARWIN DR STE 111,,HOUSTON,TX,770362016,3466496888,OWNER,3336C0004X|3336S0011X|3336H0001X,tier_1_primary_pharmacy,Y,Y,
1689531527,ILERARX LLC,2425 EARL RUDDER FWY S,,COLLEGE STATION,TX,778456025,9792136265,OWNER,333600000X|3336C0004X|3336H0001X,tier_2_secondary_pharmacy,N,Y,
1871450387,PHARM HOUSE CARRIZO SPRINGS LLC,3531 TOWN CENTER BLVD S STE 103,,SUGAR LAND,TX,774792591,8448430101,OFFICER,3336L0003X,tier_1_primary_pharmacy,Y,Y,
1326905845,VITASOURCE PHARMACY LLC,3806 AVENUE I STE 28,,ROSENBERG,TX,774713951,8447440101,OFFICER,3336L0003X,tier_1_primary_pharmacy,Y,Y,
1497612584,US INFUSIONS,11500 STATE HIGHWAY 121 STE 910A,,FRISCO,TX,750359347,4692002605,MD,333600000X,tier_1_primary_pharmacy,Y,Y,
1932067816,UNITYRX PHARMACY,811 E PLANO PKWY STE 116,,PLANO,TX,750746860,4696003027,OWNER,3336C0003X,tier_1_primary_pharmacy,Y,Y,
1336007715,CAREPOINT HEALTHCARE SOLUTIONS LLC,4732 SUGAR GROVE BLVD STE 101,,STAFFORD,TX,774772651,8325921776,CEO/PHARMACIST IN CHARGE,3336C0004X|3336H0001X|333600000X,tier_1_primary_pharmacy,Y,Y,
1184582520,ELITE CARE PHARMACY,18700 BECKER RD STE A101,,HOCKLEY,TX,774476946,2815478055,OWNER,3336C0003X,tier_1_primary_pharmacy,Y,Y,
1912866724,CAREPLUS PHARMACY2 LLC,14641 GLADEBROOK DR STE 1A,,HOUSTON,TX,770682807,3462109895,PRESIDENT/CEO,333600000X|3336H0001X|3336S0011X,tier_1_primary_pharmacy,Y,Y,
1275482465,"HEART OF TEXAS COMMUNITY HEALTH CENTER, INC.",409 W ADAMS AVE STE 300,,TEMPLE,TX,765014211,2548998650,COO,3336C0003X,tier_1_primary_pharmacy,Y,Y,
1093664815,SAI INFUSION PHARMACY INC,2106 N CENTER ST STE B,,BONHAM,TX,754182628,9034305111,VICE PRESIDENT,333600000X|3336H0001X,tier_1_primary_pharmacy,Y,Y,
1881543627,CEDAR PARK EXPRESS PHARMACY INC.,1841 S LAKELINE BLVD STE 103,,CEDAR PARK,TX,786134666,5122152590,PHARMACY MANAGER,3336L0003X,tier_1_primary_pharmacy,Y,Y,
1619826039,RECHANDLER ENTERPRISES LLC,12946 DAIRY ASHFORD RD,,SUGAR LAND,TX,774783161,3322329776,MANAGER,3336C0003X,tier_1_primary_pharmacy,Y,Y,
1922957349,CENTAURI HEALTHCARE GROUP L.L.C.,3250 MEDICAL CENTER DR STE B,,BEAUMONT,TX,777014627,4092344611,C.O.O,3336L0003X,tier_1_primary_pharmacy,Y,Y,
1194674515,CENTAURI HEALTHCARE GROUP L.L.C.,185 FM 1903 STE 100,,GREENVILLE,TX,754023659,4304130933,C.O.O,3336C0003X,tier_1_primary_pharmacy,Y,Y,
1730038159,CENTAURI HEALTHCARE GROUP L.L.C.,8535 WURZBACH RD STE 101,,SAN ANTONIO,TX,782401263,6825970672,C.O.O,3336L0003X,tier_1_primary_pharmacy,Y,Y,
1467301895,WAYNEDOE TRANSPORT LLC,22343 LOG ORCHARD LN,,PORTER,TX,773651949,3312162512,MANAGER,3336C0003X,tier_1_primary_pharmacy,Y,Y,
1457200867,CENTAURI HEALTHCARE GROUP L.L.C.,813 N MAIN ST STE 105,,MCALLEN,TX,785010102,9567626950,C.O.O,3336L0003X,tier_1_primary_pharmacy,Y,Y,
1215887278,MEDROCS CORPORATION LLC,8901 VIRGINIA PKWY STE 200,,MCKINNEY,TX,750715707,4696251000,OWNER,3336L0003X,tier_1_primary_pharmacy,Y,Y,
1548110489,FUNKIA PHARMACY AND GROCERIES,6211 BARKER CYPRESS RD # 104-C,,HOUSTON,TX,770841603,3468520860,PHARMACIST,3336C0003X,tier_1_primary_pharmacy,Y,Y,
1881545382,BEE WELL PHARMACY CORPORATION,9092 WESTGATE PKWY W STE 110,,AMARILLO,TX,791242441,8062090345,"PHARMACIST, OWNER, MANAGING OFFICER",3336C0003X,tier_1_primary_pharmacy,Y,Y,
1104778265,"H-E-B, LP",2351 W INTERSTATE HWY 635,,IRVING,TX,75063,2109382817,MANAGING DIRECTOR OF PHARMACY,3336C0003X,tier_1_primary_pharmacy,Y,N,H-E-B
1093667818,AURRA PHARMACY LLC,2412 SAM HOUSTON AVE STE C,,HUNTSVILLE,TX,773405863,7132399593,OFFICER,3336C0003X,tier_1_primary_pharmacy,Y,Y,
1093667719,"H-E-B, LP",740 E FM 544,,MURPHY,TX,75094,2109382818,MANAGING DIRECTOR OF PHARMACY,3336C0003X,tier_1_primary_pharmacy,Y,N,H-E-B
1982557039,NJPTX LLC,4025 LAMAR AVE STE 100,,PARIS,TX,754625244,9039001755,OWNER,333600000X|3336C0004X|3336H0001X,tier_2_secondary_pharmacy,N,Y,
1528911443,LONESTAR RX INC,5400 MITCHELLDALE ST STE A9,,HOUSTON,TX,770927224,7133709120,CEO,3336C0004X,tier_1_primary_pharmacy,Y,Y,
1376497297,AYHT INC,4388 W GREEN OAKS BLVD STE 110,,ARLINGTON,TX,760164466,8173803030,OWNER,3336L0003X,tier_1_primary_pharmacy,Y,Y,
1912851858,"PHARMA LOGISTICS, LLC DBA FIESTA RX#4",21 SPURS LN STE SL-160,,SAN ANTONIO,TX,782401692,2102014580,GENERAL MANAGER,3336C0003X|333600000X,tier_1_primary_pharmacy,Y,Y,
1215882675,AVITA DRUGS LLC,857 E WASHINGTON ST STE D,,BROWNSVILLE,TX,785205939,9564263046,GENERAL COUNSEL,3336C0003X,tier_1_primary_pharmacy,Y,Y,
1427903509,AS WEBSTER PHARMACY LLC,17026 HIGHWAY 3,,WEBSTER,TX,775984129,8322521000,CEO,3336L0003X,tier_1_primary_pharmacy,Y,Y,
1871448720,CHILDREN'S HEALTH SYSTEM OF TEXAS,1935 MEDICAL DISTRICT DR STE C1270,,DALLAS,TX,752357701,8449192479,CFO,3336S0011X,tier_1_primary_pharmacy,Y,Y,
1790631455,KALA PHARMACY CORP,2910 SHERWOOD WAY STE 100,,SAN ANGELO,TX,769013507,3257164499,OWNER,3336C0003X,tier_1_primary_pharmacy,Y,Y,
1326994088,KALA PHARMACY CORP,2910 SHERWOOD WAY STE 100,,SAN ANGELO,TX,769013507,3257164499,OWNER,3336L0003X,tier_1_primary_pharmacy,Y,Y,
1063368777,TAKEDA ONCOLOGY HERE2ASSIST,2730 EDMONDS LN # 400D,,LEWISVILLE,TX,750676731,8448176468,DIRECTOR,333600000X,tier_1_primary_pharmacy,Y,Y,
1396691119,KING VENTURE PLLC,1600 S FM 2381,,AMARILLO,TX,791241900,8067314825,PRESIDENT,3336C0003X,tier_1_primary_pharmacy,Y,Y,
1902752504,PEARLAND COMPOUNDING CENTER LLC,2743 SMITH RANCH RD STE 1702,,PEARLAND,TX,775840186,7134813622,OWNER,333600000X|3336C0004X,tier_1_primary_pharmacy,Y,Y,
1871449207,PRIME MEDICINE LLC,12837 LOUETTA RD STE 203,,CYPRESS,TX,774295611,2819498590,OWNER,3336C0003X,tier_1_primary_pharmacy,Y,Y,
1366398596,AH PHARMACY INC,5085 W PARK BLVD # 200-A,,PLANO,TX,750932593,2142100010,OFFICER,333600000X,tier_1_primary_pharmacy,Y,Y,
1609723568,"INTEGRITYRX, LLC",500 N IH 69 UNIT 625,,ROBSTOWN,TX,78380,3617524224,CEO,3336C0004X,tier_1_primary_pharmacy,Y,Y,
1821945809,RECCO PHARMACEUTICAL LLC,6085 WATER ST APT 2261,,PLANO,TX,750240099,3135980635,CEO,3336C0002X,tier_1_primary_pharmacy,Y,Y,
1457208175,DILLARD MEDICAL INS LLC,8300 HOMESTEAD RD STE 6,,HOUSTON,TX,770282149,4092327124,MANAGER,3336C0003X,tier_1_primary_pharmacy,Y,Y,
1386591030,508 MEDICAL,7336 ASHCROFT DR STE 1,,HOUSTON,TX,770816311,8326454828,MANAGER,3336C0003X,tier_1_primary_pharmacy,Y,Y,
1306794375,HARVEST RX LLC,110 VISION PARK BLVD STE 220,,SHENANDOAH,TX,773843015,8326636444,MANAGER,3336H0001X,tier_1_primary_pharmacy,Y,Y,
1225986060,"H-E-B, LP",1074 E MCCARTY LN,,SAN MARCOS,TX,78666,2109382822,MANAGING DIRECTOR OF PHARMACY,3336C0003X,tier_1_primary_pharmacy,Y,N,H-E-B
1679421200,MKA HEALTHCARE LLC,1701 GATEWAY BLVD STE 317,,RICHARDSON,TX,750803546,9725052423,OWNER,3336L0003X,tier_1_primary_pharmacy,Y,Y,
1689512600,STARBASE RX,39096 LBJ BLVD,ROOM 6,STARBASE,TX,785218932,9562533001,PHARMACIST-IN-CHARGE,3336C0002X,tier_1_primary_pharmacy,Y,Y,
1447198304,"NB PHARMACY, LLC",409 NE FRONT ST,,NEW BOSTON,TX,755703003,9033145944,MANAGING MEMBER,3336L0003X,tier_1_primary_pharmacy,Y,Y,
1376481119,"H-E-B, LP",10137 IH-10 E,,SAN ANTONIO,TX,78154,2109382820,MANAGING DIRECTOR OF PHARMACY,3336C0003X,tier_1_primary_pharmacy,Y,N,H-E-B
1407794159,PLAZA APOTHECARY PLLC,600 N PEARL ST STE H201,,DALLAS,TX,752017407,2148550606,MANAGING PARTNER,3336L0003X,tier_1_primary_pharmacy,Y,Y,
1013856137,BLUE OCEAN RX,17115 RED OAK DR STE 230,,HOUSTON,TX,770902607,8328365109,OPERATION MANAGER,3336C0003X,tier_1_primary_pharmacy,Y,Y,
1952241614,INTUNE SOLUTIONS CORPORATION,1624 N TRAVIS ST,,SHERMAN,TX,750923762,9038929291,OWNER,3336L0003X,tier_1_primary_pharmacy,Y,Y,
1316887938,BLOOPS DESIGN LLC,800 RIVERWOOD CT STE 104,,CONROE,TX,773042824,7547782976,MANAGER,3336C0003X,tier_1_primary_pharmacy,Y,Y,
1669313052,RESOLVE SOLUTION LLC,1221 N COTTON ST STE Q,,EL PASO,TX,799023015,9156665912,CEO,333600000X,tier_2_secondary_pharmacy,N,Y,
1003757881,STATEPHARM RX LLC,7103 S PEEK RD STE 620,,RICHMOND,TX,774073498,3464457227,PHARMACIST-IN-CHARGE,3336C0003X|3336C0004X,tier_1_primary_pharmacy,Y,Y,
1063353068,TWIN MEDS 2 GO,6909 ASHCROFT DR STE 100,,HOUSTON,TX,770815817,3464406466,MANAGER,333600000X|3336C0003X,tier_1_primary_pharmacy,Y,Y,
1679414684,TWIN MEDS 2 GO,6909 ASHCROFT DR STE 100,,HOUSTON,TX,770815817,3464406466,MANAGER,3336C0003X,tier_1_primary_pharmacy,Y,Y,
1457293656,"IMPACT INFUSION CARE, LLC.",6001 WINDHAVEN PKWY STE 220,,PLANO,TX,750938022,8884567832,CEO,3336H0001X,tier_1_primary_pharmacy,Y,Y,
1912840620,AV CARE LLC,7070 KNIGHTS CT STE 303,,MISSOURI CITY,TX,774595227,9723757862,OWNER,3336C0003X,tier_1_primary_pharmacy,Y,Y,
1649113184,FARMACIA DEL AHORRO LLC.,9386 HUEBNER RD STE 103,,SAN ANTONIO,TX,782401654,8886946165,CEO,333600000X,tier_1_primary_pharmacy,Y,Y,
1114860285,ENCINAS ENTERPRISES LLC,6400 HILLCROFT AVE STE 107,,HOUSTON,TX,770813107,7866053536,MANAGER,3336C0003X,tier_1_primary_pharmacy,Y,Y,
1710820899,22ND CENTURY ENTERPRISES LLC,7320 ASHCROFT DR STE 100,,HOUSTON,TX,770816342,6892564131,MANAGER,3336C0003X,tier_1_primary_pharmacy,Y,Y,
1487598199,REAGAN HOSPITAL DISTRICT,309 5TH STREET,,STERLING CITY,TX,76951,3258842561,CFO,333600000X,tier_1_primary_pharmacy,Y,Y,
1730023284,RX2DOOR LLC,15603 KUYKENDAHL RD STE 110,,HOUSTON,TX,770903692,2818222006,PIC,333600000X,tier_1_primary_pharmacy,Y,Y,
1104760610,VEREEN PHARMACY LLC,17070 RED OAK DR STE 103,,HOUSTON,TX,770902615,7868270762,MANAGER,3336C0003X,tier_1_primary_pharmacy,Y,Y,
1871438457,ONE TRUSTED ENSURED SOURCE LLC,5720 BELLAIRE BLVD STE B,,HOUSTON,TX,770815513,3465716373,OWNER,3336C0004X|3336C0003X,tier_1_primary_pharmacy,Y,Y,
1821933524,KROGER TEXAS LP,26587 E UNIVERSITY DR,,LITTLE ELM,TX,762274719,9403439166,FACILITY CREDENTIALING MANAGER,3336C0003X,tier_1_primary_pharmacy,Y,N,KROGER
1013853944,"NUESTRA CLINICA DEL VALLE, INC.",1500 W 1ST ST,,MERCEDES,TX,785702551,9565653334,BILLING SUPERVISOR,333600000X|3336C0002X|3336C0003X,tier_1_primary_pharmacy,Y,Y,
1073459830,METHODIST HEALTH CENTERS,16655 SOUTHWEST FWY,,SUGAR LAND,TX,774792329,2812747045,CEO,3336C0003X|3336H0001X,tier_1_primary_pharmacy,Y,Y,
1871439091,SHILOH PHARMACY INC.,3035 S SHILOH RD STE 150,,GARLAND,TX,750412497,4696263258,OWNER,3336L0003X,tier_1_primary_pharmacy,Y,Y,
1558208272,BIORELIEF PHARMACY LLC,9319 LBJ FWY STE 205,,DALLAS,TX,752433453,8177914077,OWNER,333600000X,tier_1_primary_pharmacy,Y,Y,
1598602021,MEDICRX,405 LONDONDERRY DR STE 104,,WACO,TX,767127920,3252024015,MANAGER,3336C0003X,tier_1_primary_pharmacy,Y,Y,
1932046463,HEALTHHUB,530 CLARA BARTON BLVD STE 250,,GARLAND,TX,750425781,3464212053,MANAGER,3336C0003X,tier_1_primary_pharmacy,Y,Y,
1548107089,MEDIXHUB,10515 BELLAIRE BLVD STE L,,HOUSTON,TX,770725235,3464212053,MANAGER,3336C0003X,tier_1_primary_pharmacy,Y,Y,
1275470635,SAFEMEDIC,1010 W MAIN ST,,TOMBALL,TX,773755526,9177356085,MANAGER,3336C0003X,tier_1_primary_pharmacy,Y,Y,
1801733480,BETTERHEALTHPHARMA,1550 FIRST COLONY BLVD,,SUGAR LAND,TX,774794000,9362047892,MANAGER,3336C0003X,tier_1_primary_pharmacy,Y,Y,
1306773395,SALINAS WELLNESS CENTER LLC,500 N SAM HOUSTON BLVD,,SAN BENITO,TX,785864669,9563995501,PIC,3336C0002X,tier_2_secondary_pharmacy,N,Y,
1447187760,MIA BURTON CORPORATION,12105 GENEVA AVENUE,,LUBBOCK,TX,79423,8774127267,CEO,3336L0003X,tier_2_secondary_pharmacy,N,Y,
1073441945,MINDOVA HOLDINGS INC,8974 KIRBY DR,,HOUSTON,TX,770542830,3362916603,CEO,3336C0004X,tier_2_secondary_pharmacy,N,Y,
1508794173,MISKRX PHARMACY LLC,2011 W SPRING CREEK PKWY STE 1400,,PLANO,TX,750234273,9454686055,PHARMACIST IN CHARGE,3336C0003X,tier_1_primary_pharmacy,Y,Y,
1952230377,SYNERGY CORE AND WELLNESS INC,1475 TEXAS ST UNIT 309,,HOUSTON,TX,770023687,3464769784,COO,3336M0002X|3336C0004X,tier_2_secondary_pharmacy,N,Y,
1881526432,LIVING WATERS PHARMACY LLC,11222 RICHMOND AVE STE 260,,HOUSTON,TX,770826662,8325921804,OWNER,3336C0004X,tier_1_primary_pharmacy,Y,Y,
1457283806,BLUE RX,124 ROSE LN STE 401,,FRISCO,TX,750369195,8884409694,PHARMACIST IN CHARGE,3336C0003X,tier_1_primary_pharmacy,Y,Y,
1144152430,COLLEGE PARK RX LLC,3115 COLLEGE PARK DR STE 103A,,CONROE,TX,773844173,9363214011,OFFICER,333600000X,tier_1_primary_pharmacy,Y,Y,
1053243881,"H-E-B, LP",20025 EVA ST,,MONTGOMERY,TX,77356,2109382823,MANAGING DIRECTOR OF PHARMACY,3336C0003X,tier_1_primary_pharmacy,Y,N,H-E-B
