npi,organization_name,address_1,address_2,city,state,zip,phone,authorized_official_title,matched_taxonomy_codes,pharmacy_tier,primary_pharmacy_flag,likely_independent,chain_exclusion_match
1659374379,"PECOS STREET PHARMACY, INC.",2102 PECOS ST,STE 13,SAN ANGELO,TX,769013061,3259495381,PRESIDENT,333600000X|3336L0003X,tier_1_primary_pharmacy,Y,Y,
1376546937,"LOS EBANOS PHARMACY,LLC",1134 E LOS EBANOS BLVD,,BROWNSVILLE,TX,785208730,9565428542,OWNER,333600000X,tier_1_primary_pharmacy,Y,Y,
1639173321,HARVEST DRUG & GIFT LP,4426 KELL BLVD,,WICHITA FALLS,TX,763094719,9406927081,PHARMACIST,3336C0003X,tier_1_primary_pharmacy,Y,Y,
1427052000,DEKALB PHARMACY LLC,120 W FRONT ST,,DE KALB,TX,755591308,9036670880,CO-OWNER,333600000X,tier_1_primary_pharmacy,Y,Y,
1932104957,TOWER MEDIC PHARMACY INC,607 W MAGNOLIA AVE,,FT WORTH,TX,761044608,8173368133,CEO,333600000X|3336C0004X|3336L0003X|3336S0011X|3336C0003X,tier_1_primary_pharmacy,Y,Y,
1477558187,"GLOYER'S PHARMACY, INC.",1010 W MAIN ST,,TOMBALL,TX,77375,2813515454,OWNER/PHARMACY MANAGER,3336C0003X|3336L0003X|3336C0004X|333600000X,tier_1_primary_pharmacy,Y,Y,
1609871441,"MIDLAND PHARMACY, LLC",3510 N. MIDKIFF RD STE 100,,MIDLAND,TX,797054834,4326977500,MANAGING MEMBER,333600000X|3336C0004X|3336C0003X,tier_1_primary_pharmacy,Y,Y,
1659377984,RX.COM PHARMACY,401 S JIM WRIGHT FREEWAY,,FORT WORTH,TX,761082681,8175471000,PHARMACIST IN CHARGE,333600000X,tier_1_primary_pharmacy,Y,Y,
1275539678,"LOS EBANOS PHARMACY NORTH,LLC",1134 E. LOS EBANOS BLVD.,STE A,BROWNSVILLE,TX,785208797,9565428542,OWNER,333600000X,tier_1_primary_pharmacy,Y,Y,
1104822147,"LEONARD'S PHARMACY, INC.",710 W MARCY DR,,BIG SPRING,TX,797206581,4322671611,PHARMACIST IN CHARGE,333600000X|3336C0003X,tier_1_primary_pharmacy,Y,Y,
1346246170,STARR DME & PHARMACY INC,620 PAREDES LINE RD,STE A,BROWNSVILLE,TX,785212440,9565543560,OWNER,333600000X,tier_2_secondary_pharmacy,N,Y,
1265439707,LARSONS PRESCRIPTION PHARMACY INC,502 S AVENUE F,,KNOX CITY,TX,795292110,9406573210,OWNER/PHARMACIST,333600000X|3336C0003X,tier_1_primary_pharmacy,Y,Y,
1447257951,HARREL DRUG CO,204 E KLEBERG AVE,,KINGSVILLE,TX,783634573,3615929385,PIC/OWNER,3336C0003X,tier_1_primary_pharmacy,Y,Y,
1104823582,GARY KING PHARMACY INC,1600 COULTER DR,STE 307,AMARILLO,TX,791061718,8063584576,PRESIDENT,333600000X|3336C0003X,tier_1_primary_pharmacy,Y,Y,
1770580417,"RIDGEPOINT MEDICAL PHARMACY, LLC",404 S VETERANS BLVD STE C,,EDINBURG,TX,785394721,9563932000,C.E.O./PRESIDENT,3336C0003X,tier_1_primary_pharmacy,Y,Y,
1902803695,ECKLAND PHARMACY INC,125 W HAGUE RD,STE 100,EL PASO,TX,799025814,9155338194,PIC / OWNER,3336C0004X|3336C0003X,tier_1_primary_pharmacy,Y,Y,
1972500759,GT VAUGHANS PHARMACY LLC,200 N MAGNOLIA AVE,,HUBBARD,TX,766482446,2545762241,STORE OWNER,3336C0003X,tier_1_primary_pharmacy,Y,Y,
1447258546,BRENHAM DRUG PARTNERS LC,2105 S DAY ST,,BRENHAM,TX,778335512,9798365264,MANAGER,333600000X|3336C0003X,tier_1_primary_pharmacy,Y,Y,
1841298882,BRENHAM DRUG PARTNERS LC,2103 S DAY ST,,BRENHAM,TX,778335512,9798368500,MANAGER,333600000X|3336L0003X,tier_1_primary_pharmacy,Y,Y,
1750380556,SPENCE'S MEDICAL CENTER PHARMACY,215 OAK DR S,STE M,LAKE JACKSON,TX,775665629,9792971776,RPH/OWNER,3336L0003X|3336C0004X|3336C0003X,tier_1_primary_pharmacy,Y,Y,
1598764722,FRANK'S PHARMACY,1919 S LOOP 256,,PALESTINE,TX,758015915,9037232880,OWNER/PHARMACIST,333600000X,tier_1_primary_pharmacy,Y,Y,
1275532350,"DYER DRUG STORE, INC",133 MCKINNEY ST,,FARMERSVILLE,TX,754422221,9727826262,PRESIDENT,333600000X,tier_1_primary_pharmacy,Y,Y,
1235138256,DUNN PHARMACY INC.,400 WEST MAIN ST,,STOCKDALE,TX,781600609,8309963421,PRESIDENT,333600000X,tier_1_primary_pharmacy,Y,Y,
1477554210,HOLMAN PHARMACY,10000 HARWIN DR STE A,,HOUSTON,TX,770361671,7137763500,PHARMACIST IN CHARGE/OWNER,333600000X|3336C0003X,tier_1_primary_pharmacy,Y,Y,
1619978863,"EAST POINTE PHARMACY SERVICES, INC",2100 N HWY 360,SUITE # 1001,GRAND PRAIRIE,TX,750501009,9726478444,ACCOUNTS COORDINATOR,333600000X,tier_1_primary_pharmacy,Y,Y,
1437150950,"ALLIANCE PHARMACY SERVICES, INC",1223 CORPORATE DR E,SUITE # B,ARLINGTON,TX,760066107,8173850202,ACCOUNTS COORDINATOR,333600000X,tier_1_primary_pharmacy,Y,Y,
1912908179,"PARADIGM PHARMACY SERVICES, INC",8200 NORTHEAST PKWY,SUITE # 115,NORTH RICHLAND HILLS,TX,761804006,8175038826,ACCOUNTS COORDINATOR,333600000X,tier_1_primary_pharmacy,Y,Y,
1750382917,"ORION PHARMACY SERVICES, INC",1126 S CEDAR RIDGE DR,SUITE # 123 A,DUNCANVILLE,TX,751373021,9722831956,ACCOUNTS COORDINATOR,333600000X,tier_1_primary_pharmacy,Y,Y,
1093716250,"PRECISION PHARMACY SERVICES, INC",1325 FM 1187,SUITE # A-113,MANSFIELD,TX,760636132,8174532855,ACCOUNTS COORDINATOR,333600000X,tier_1_primary_pharmacy,Y,Y,
1043212848,"TRINITY PHARMACY SERVICES, INC.",2804 SE LOOP 820,BUILDING 5,FORT WORTH,TX,761401012,8175682777,ACCOUNT COORDINATOR,333600000X,tier_1_primary_pharmacy,Y,Y,
1689676488,"TRI-PHASIC PHARMACY, INC.",1700 TECH CENTRE PKWY,SUITE #110-A1,ARLINGTON,TX,760144405,8177842400,ACCOUNT COORDINATOR,333600000X,tier_1_primary_pharmacy,Y,Y,
1104828904,"SWS PHARMACY SERVICES, INC.",1126 S CEDAR RIDGE DR,SUITE #123,DUNCANVILLE,TX,751373021,9722831956,ACCOUNT COORDINATOR,333600000X,tier_1_primary_pharmacy,Y,Y,
1174525075,"PREMIUM PHARMACY SERVICES, INC.",2805 W ARKANSAS LN,SUITE 303,ARLINGTON,TX,760165725,8172770405,ACCOUNTS COORDINATOR,333600000X,tier_1_primary_pharmacy,Y,Y,
1518969955,"RX FULFILLMENT SERVICES, INC.",17023 NANES DR,,HOUSTON,TX,770902501,8004097937,CHIEF EXECUTIVE OFFICER,333600000X,tier_1_primary_pharmacy,Y,Y,
1639161730,RAYMONDVILLE FAMILY PHARMACY LLP,180 N 7TH ST,,RAYMONDVILLE,TX,785802202,9566896337,RPH/OWNER,333600000X,tier_1_primary_pharmacy,Y,Y,
1891787875,DIAMOND II DRUG INC.,3404 INTERSTATE 27,,LUBBOCK,TX,794042346,8067448477,OWNER/MANAGING OFFICER,3336C0004X|333600000X,tier_1_primary_pharmacy,Y,Y,
1609868397,RAYMONDVILLE FAMILY PHARMACY LLP,180 N 7TH ST,,RAYMONDVILLE,TX,785802202,9566896337,RPH/OWNER,333600000X,tier_2_secondary_pharmacy,N,Y,
1407848112,MID VALLEY PHARMACY LLP,400 E EXPRESSWAY 83,,MERCEDES,TX,785702700,9565654111,RPH/OWNER,333600000X,tier_1_primary_pharmacy,Y,Y,
1972595486,"KERRVILLE DRUG CO., INC",1050 JUNCTION HWY,,KERRVILLE,TX,780284902,8308952273,VP/PIC,3336C0003X,tier_1_primary_pharmacy,Y,Y,
1093707531,H&M PHARMACY,102 S MCGEE ST,,BORGER,TX,790074020,8062735606,RPH,333600000X,tier_1_primary_pharmacy,Y,Y,
1376535682,PFENNIGS PRESCRIPTION PHARMACY INC,511 N MAIN ST,,TAYLOR,TX,765743646,5123525233,PRESIDENT / PIC,333600000X|3336L0003X|3336C0003X,tier_1_primary_pharmacy,Y,Y,
1578556593,CN PHARMACY INC,6459 HILLCROFT ST,,HOUSTON,TX,770813101,7137772100,PRESIDENT,333600000X,tier_1_primary_pharmacy,Y,Y,
1467445569,GAINESVILLE PLAZA PHARMACY INC,411 N GRAND AVE,,GAINESVILLE,TX,762404323,9406658401,OWNER,333600000X|3336C0003X,tier_1_primary_pharmacy,Y,Y,
1740274091,SANTOS GONZALEZ DBA FRED'S PHARMACY,202 W RICE ST,,FALFURRIAS,TX,783553704,3613252662,OWNER/ PIC,333600000X,tier_1_primary_pharmacy,Y,Y,
1124012315,DOUGHERTYS PHARMACY INC,12835 PRESTON RD STE 202,,DALLAS,TX,752301277,2143735300,CEO,333600000X|3336C0004X|3336L0003X|3336S0011X|3336C0003X,tier_1_primary_pharmacy,Y,Y,
1346234549,KASHMERE PHARMACY INC,6402 LYONS AVE,,HOUSTON,TX,770204917,7136746916,VICE PRESIDENT,333600000X|3336C0003X,tier_1_primary_pharmacy,Y,Y,
1003800160,CEDAR CREEK PHARMACY,606 S SEVEN POINTS DR,,SEVEN POINTS,TX,751439117,9034322223,PHARMACIST IN CHARGE/MANAGER,333600000X,tier_1_primary_pharmacy,Y,Y,
1811981848,MP PHARMACY LLC,7220 LOUIS PASTEUR,SUITE 152,SAN ANTONIO,TX,78229,2108686440,OFFICER,333600000X|3336C0003X|3336C0004X,tier_1_primary_pharmacy,Y,Y,
1821082900,"HEALTHQUEST PHARMACY, INC.",11240 FM 1960 RD W,SUITE 404,HOUSTON,TX,770653662,2818938588,"PRESIDENT, PHARMACIST",333600000X,tier_2_secondary_pharmacy,N,Y,
1215921267,HPB PHARMACY,6410 FANNIN ST,SUITE 116,HOUSTON,TX,770303000,7137991472,OWNER,3336L0003X|3336C0003X,tier_1_primary_pharmacy,Y,Y,
1225022197,SOUTHBELT PHARMACY,11914 ASTORIA BLVD,SUITE 190,HOUSTON,TX,770896064,7136109145,PRESIDENT,333600000X,tier_1_primary_pharmacy,Y,Y,
1164416830,LEONARDS PHARMACY INC,1000 S MAIN ST,,BIG SPRING,TX,797202949,4322672546,PRESIDENT/CEO,3336C0004X|333600000X|3336C0003X,tier_1_primary_pharmacy,Y,Y,
1699769299,PAVILION PHARMACY,221 W COLORADO BLVD,SUITE 445,DALLAS,TX,752082363,2149472435,PRESIDENT,333600000X,tier_1_primary_pharmacy,Y,Y,
1801880356,"TOWN & COUNTRY DRUG, INC.",2616 N GRANDVIEW AVE,,ODESSA,TX,797611608,4323662868,OWNER/PHARMACIST,333600000X,tier_1_primary_pharmacy,Y,Y,
1427043736,OAKDELL PHARMACY INC,8042 WURZBACH RD,,SAN ANTONIO,TX,782293818,2106145491,CFO,333600000X|3336C0003X,tier_1_primary_pharmacy,Y,Y,
1285629337,"MC CRORY PHARMACY, INC",6151 DEW DR,SUITE 100,EL PASO,TX,799123909,9155819655,PRESIDENT,333600000X,tier_2_secondary_pharmacy,N,Y,
1124013131,MP PHARMACY LLC,7220 LOUIS PASTEUR DR,SUITE 152B,SAN ANTONIO,TX,78229,2108686420,OFFICER,333600000X|3336L0003X,tier_1_primary_pharmacy,Y,Y,
1871588673,BELL'S DISCOUNT PHARMACY,219 N MAIN ST,,WINNSBORO,TX,754942521,9033425241,OWNER,333600000X|3336C0003X,tier_1_primary_pharmacy,Y,Y,
1538154232,M & J PHARMACY INC,10606 HEMPSTEAD HWY,STE 144,HOUSTON,TX,77092,7138128277,CEO,333600000X,tier_2_secondary_pharmacy,N,Y,
1942296801,STANTON DRUG LLC,201 N ST PETER ST,2530148,STANTON,TX,79782,4327563731,"OWNER,PIC,AO",333600000X|3336C0003X,tier_1_primary_pharmacy,Y,Y,
1992791750,MATTHEWSON DRUG CO INC,717 S WASHINGTON AVE,,MARSHALL,TX,756705337,9039352351,OWNER/PHARMACIST,3336C0004X|3336C0003X,tier_1_primary_pharmacy,Y,Y,
1710973573,CLEBURNE DRUG INC,310 N RIDGEWAY DR,,CLEBURNE,TX,760335102,8176452415,PHARMACIST / OWNER,3336L0003X|3336C0003X,tier_1_primary_pharmacy,Y,Y,
1356337117,JESPERSEN FAMILY DRUG INC.,302 NORTH MAIN STREET,,DUNCANVILLE,TX,751163651,9722984936,OWNER/PHARMACIST,3336C0003X,tier_1_primary_pharmacy,Y,Y,
1851388508,GIBSON DISCOUNT PHARMACY OF MARSHALL INC,110 E END BLVD N,,MARSHALL,TX,756703602,9039357775,OWNER/PHARMACIST,333600000X,tier_1_primary_pharmacy,Y,Y,
1477549186,J & A MEDICAL CENTER PHARMACY LLC,101 1ST ST.,,ZAPATA,TX,78076,9567651123,OWNER-PHARMACIST,333600000X,tier_1_primary_pharmacy,Y,Y,
1699762443,"MED-CARE PHARMACY, INC",213 W SCURRY ST,,DAINGERFIELD,TX,756381657,9036455933,OWNER/PHARMACIST,333600000X,tier_1_primary_pharmacy,Y,Y,
1265420038,D R PHARMACY INC,501 ANDREWS HWY,STE 100,MIDLAND,TX,797015818,4326833377,"MANAGER, PIC",3336S0011X|333600000X|3336C0003X,tier_1_primary_pharmacy,Y,Y,
1144218850,MCCALL DRUG INC,1605 N BRYAN AVE,,LAMESA,TX,793313144,8068725453,OWNER,3336C0003X,tier_2_secondary_pharmacy,N,Y,
1992794473,MEDICINE CHEST PHARMACY INC,411 MAIN ST,,SULPHUR SPRINGS,TX,754822762,9038850821,PRESIDENT,333600000X|3336C0003X,tier_1_primary_pharmacy,Y,Y,
1528057007,SAV-MORE DRUG OF PARIS L L C,411 MAIN ST,,SULPHUR SPRINGS,TX,754822762,9038850821,PRESIDENT,333600000X|3336L0003X|3336C0003X,tier_1_primary_pharmacy,Y,Y,
1306835798,ATLANTA PHARMACY INC,411 MAIN ST,,SULPHUR SPRINGS,TX,754822762,9038850821,PRESIDENT,333600000X,tier_1_primary_pharmacy,Y,Y,
1942299334,GREENVILLE PHARMACY INC,411 MAIN ST,,SULPHUR SPRINGS,TX,754822762,9038850821,PRESIDENT,333600000X|3336C0003X,tier_1_primary_pharmacy,Y,Y,
1366431751,ENNIS PHARMACY INC,411 MAIN ST,,SULPHUR SPRINGS,TX,754822762,9038850821,PRESIDENT,3336L0003X|333600000X|3336C0003X,tier_1_primary_pharmacy,Y,Y,
1962491357,MT PLEASANT PHARMACY INC,411 MAIN ST,,SULPHUR SPRINGS,TX,754822762,9038850821,PRESIDENT,333600000X|3336C0003X,tier_1_primary_pharmacy,Y,Y,
1033109053,WOODY WEAVER PHARMACY INC,2726 W GENTRY PKWY,,TYLER,TX,757021635,9035932533,OWNER,3336C0003X,tier_1_primary_pharmacy,Y,Y,
1467442699,BLANCO COMMUNITY PHARMACY & HEALTH CENTER LLC,316 PECAN ST,,BLANCO,TX,78606,8308334815,OWNER,3336C0003X,tier_1_primary_pharmacy,Y,Y,
1578553699,NEW BRAUNFELS CITY PHARMACY INC,544 N UNION AVE,,NEW BRAUNFELS,TX,781304158,8306252421,MGR,3336C0004X|333600000X|3336C0003X,tier_1_primary_pharmacy,Y,Y,
1003807843,MAGNOLIA PHARMACY INC,18230 FM 1488 RD,SUITE 100,MAGNOLIA,TX,773544529,2813569089,PRESIDENT,333600000X|3336C0003X,tier_1_primary_pharmacy,Y,Y,
1003897844,"KENJURA PHARMACY , INC",303 N PARK ST,,BRENHAM,TX,778333146,9798367922,OWNER,333600000X,tier_1_primary_pharmacy,Y,Y,
1962484535,"THE PHARMACY SHOP, INC.",1602 ROCK PRAIRIE RD,SUITE 1000,COLLEGE STATION,TX,778458306,9797644100,OWNER,333600000X,tier_1_primary_pharmacy,Y,Y,
1205819885,"DAVILA PHARMACY, INC.",1423 GUADALUPE ST,SUITE 108,SAN ANTONIO,TX,782075527,2102265293,VICE PRESIDENT OWNER,3336S0011X|333600000X,tier_1_primary_pharmacy,Y,Y,
1912980590,ADCO'S PHARMACY,1501 MAIN ST,,PASADENA,TX,775022020,7134739977,OWNER/PRESIDENT,333600000X,tier_1_primary_pharmacy,Y,Y,
1386628311,FRONTIER PHARMACY INC.,1001 WATER ST STE F-100,,KERRVILLE,TX,780283573,8308962466,OWNER,333600000X,tier_1_primary_pharmacy,Y,Y,
1821073073,RMC MEDICAL PLAZA PHARMACY,403 W CAMPBELL RD,SUITE 101,RICHARDSON,TX,750803465,9724984740,PHARMACY MANAGER,333600000X,tier_1_primary_pharmacy,Y,Y,
1538144373,"US-RX-DIRECT, LLC",2103 HIGHWAY 16 S,,GRAHAM,TX,764504638,9405490880,PRESIDENT,333600000X,tier_1_primary_pharmacy,Y,Y,
1134105794,YARBROUGH PHARMACY,117 PINER,,DENTON,TX,76201,9403825033,OWNER,333600000X,tier_1_primary_pharmacy,Y,Y,
1942286471,"PORT ARANSAS PHARMACY, L.C.",2131 STATE HIGHWAY 361,,PORT ARANSAS,TX,783734801,3617491725,CFO,333600000X|3336C0003X|3336C0004X,tier_1_primary_pharmacy,Y,Y,
1184600611,"KATY RX, INC.",5249 FRANZ RD,,KATY,TX,774931756,2813917051,SECRETARY,333600000X|3336C0003X|3336C0004X,tier_1_primary_pharmacy,Y,Y,
1265418792,"KIOWA PHARMACY, INC.",1201 OLIVE ST,SUITE 104,GAINESVILLE,TX,76240,9406687384,SECRETARY,333600000X|3336C0004X|3336C0003X,tier_1_primary_pharmacy,Y,Y,
1346226875,BROOKSHIRE BROS PHARMACY OF KIRBYVILLE TEXAS,1005 S MARGARET AVE,,KIRBYVILLE,TX,759562422,4094232248,OFFICE MANAGER,333600000X|3336C0004X|3336C0003X,tier_1_primary_pharmacy,Y,Y,
1972589430,PEACE PHARMACY INC,300 S BUFFALO,,CANTON,TX,75103,9035674129,BILLING MGR  MEDICARE MEDICAID SPE,333600000X,tier_2_secondary_pharmacy,N,Y,
1972589836,WBORO PHARMACY LTD,310 CHARLIE DRIVE,,WHITESBORO,TX,76273,9035641234,SECRETARY,333600000X|3336C0004X|3336C0003X,tier_1_primary_pharmacy,Y,Y,
1669458436,LONGHORN DRUG COMPANY,1711 S HENDERSON BLVD,,KILGORE,TX,756623563,9039835313,V.P.,3336C0003X,tier_1_primary_pharmacy,Y,Y,
1912984626,"BRACKETTVILLE PHARMACY, LLC",201 JAMES ST.,,BRACKETTVILLE,TX,78832,8305639334,PRESIDENT,3336C0003X,tier_1_primary_pharmacy,Y,Y,
1710964234,INTER CARE PHARMACY INC,10530 ROCKLEY RD,STE 100A,HOUSTON,TX,770993554,2815644141,PHARMACY MANAGER,333600000X,tier_1_primary_pharmacy,Y,Y,
1245217157,VINATOWN PHARMACY,2117 CHENEVERT ST STE C,STE C,HOUSTON,TX,770035845,7136511430,OWNER,3336C0003X,tier_1_primary_pharmacy,Y,Y,
1104804046,CAPROCK DISCOUNT DRUG INC,2625 50TH ST,,LUBBOCK,TX,794134529,8067926122,PIC,333600000X|3336C0003X,tier_1_primary_pharmacy,Y,Y,
1689653040,GLENVIEW PROFESSIONAL PHARMACY INC,7640 GLENVIEW DR STE A,,RICHLAND HILLS,TX,761808330,8172841489,VICE PRESIDENT,333600000X|3336C0003X,tier_1_primary_pharmacy,Y,Y,
1841279932,GLENVIEW PROFESSIONAL PHARMACY INC,7640 GLENVIEW DR STE B,,RICHLAND HILLS,TX,761808330,8172841926,VICE PRESIDENT,333600000X|3336L0003X,tier_1_primary_pharmacy,Y,Y,
1922088830,AMARILLO DIAGNOSTIC CLINIC RX INC,6700 W 9TH AVE,,AMARILLO,TX,791061701,8063580331,"OWNER, PIC",333600000X|3336C0004X|3336C0003X,tier_1_primary_pharmacy,Y,Y,
1508846056,FOREST LAKE PHARMACY,9129 MESA DR,,HOUSTON,TX,770281606,7136351441,CHIEF PHARMACIST,333600000X,tier_1_primary_pharmacy,Y,Y,
1962472290,T & W PHARMACY INC,1100 SCOTT ST,,WICHITA FALLS,TX,763014650,9407674345,OWNER PHARMACIST IN CHARGE,333600000X,tier_1_primary_pharmacy,Y,Y,
1174594451,FIRST LONE STAR PHARMACY GROUP IV LLC,1246 S HIGHWAY 377,STE 100,PILOT POINT,TX,762584353,9406862218,OPERATIONS MANAGER,3336C0004X|3336C0003X|333600000X,tier_1_primary_pharmacy,Y,Y,
1497724884,"SHINER FAMILY PHARMACY, INC",408 N. AVE B,,SHINER,TX,77984,3615942394,PHARMACIST/OWNER,333600000X,tier_1_primary_pharmacy,Y,Y,
1568424273,MEMPHIS PHARMACY LLC,210 W VIGGIE ST UNIT 1,,HEBBRONVILLE,TX,783613048,3616910822,OFFICER,333600000X,tier_1_primary_pharmacy,Y,Y,
1386600195,DRISCOLL PHARMACY INC,816 FRONTAGE RD,,IDALOU,TX,793299100,8068922561,PRESIDENT,3336C0003X,tier_1_primary_pharmacy,Y,Y,
1114976198,DIEUTHAO PHARMACY,3911 WOODLAWN AVE,,PASADENA,TX,775042054,8327750060,OWNER,333600000X|3336C0003X,tier_1_primary_pharmacy,Y,Y,
1891744546,"HILL'S DRUG STORE, INC.",705 KIRK PL,,SAN ANTONIO,TX,782261407,2102257283,PRESIDENT,333600000X|3336C0003X,tier_1_primary_pharmacy,Y,Y,
1346290350,CMG PHARMACY LLC,11040 EAST FWY,STE 200,HOUSTON,TX,770291931,7134516681,PRESIDENT,3336C0003X,tier_1_primary_pharmacy,Y,Y,
1295786432,"GIBSON PHARMACY, LLC",600 S PALESTINE ST,SUITE 100,ATHENS,TX,757513310,9036757069,MEMBER,3336L0003X|333600000X|3336C0003X,tier_1_primary_pharmacy,Y,Y,
1003867227,"RAY'S PHARMACY, INC.",1831 E BROAD ST,101,MANSFIELD,TX,760639170,8174731145,OWNER/PRESIDENT,3336C0003X,tier_1_primary_pharmacy,Y,Y,
1881645240,STORM PHARMACY INC,3141 A 2B COLLEGE ST,,BEAUMONT,TX,77701,4098398700,PRESIDENT,3336C0003X,tier_1_primary_pharmacy,Y,Y,
1558313940,ARMSTRONG RX II LP,11613 N. CENTRAL EXPRESSWAY STE 114,,DALLAS,TX,75243,2143619228,OWNER,3336C0003X|333600000X,tier_1_primary_pharmacy,Y,Y,
1346292562,"QVL PHARMACY 144, LP",2301 W WALNUT ST,,GARLAND,TX,750426622,9722761439,CHIEF EXECUTIVE OFFICER,333600000X,tier_1_primary_pharmacy,Y,Y,
1609828854,SS PHARMACY HOLDINGS INC,3212 N 4TH ST,,LONGVIEW,TX,756055143,9032369676,CEO,333600000X|3336C0003X,tier_1_primary_pharmacy,Y,Y,
1710938345,QVL PHARMACY 141 LP,6711 STELLA LINK RD,,HOUSTON,TX,770054342,7135125998,CEO,333600000X|3336C0003X,tier_1_primary_pharmacy,Y,Y,
1063464469,CPRX PHARMACY LP,3811 BEE CAVES RD STE 100,,WEST LAKE HILLS,TX,787465310,5123827393,MANAGER,333600000X|3336C0004X|3336C0003X,tier_1_primary_pharmacy,Y,Y,
1356394449,LAKEVIEW SAVEALL PHARMACY,621 W 29TH ST,,SAN ANGELO,TX,769032827,3256582964,PRES,3336C0003X|333600000X,tier_1_primary_pharmacy,Y,Y,
1619920063,WORKERS CHOICE PHARMACY INC,10501 GATEWAY WEST,,EL PASO,TX,79925,9155985000,PRESIDENT,333600000X,tier_1_primary_pharmacy,Y,Y,
1477507937,BULLARD DRUG INC,1926 W MORTON,,DENISON,TX,750201617,9034650048,OWNER PRESIDENT,3336C0003X,tier_1_primary_pharmacy,Y,Y,
1386699130,CITY DRUG JEFFERSON TEXAS INC,109 W LAFAYETTE ST,,JEFFERSON,TX,756572205,9036652521,PRESIDENT,3336L0003X|3336C0003X,tier_1_primary_pharmacy,Y,Y,
1316994973,M PHARMACY INC,1310 GENERAL CAVAZOS BLVD,SUITE A,KINGSVILLE,TX,783637147,3615923331,OWNER PRESIDENT,333600000X|3336C0003X,tier_1_primary_pharmacy,Y,Y,
1457399826,"ONCOLOGY PHARMACY SERVICES, INC.",252 MATLOCK RD STE 140,,MANSFIELD,TX,760634296,8174355843,EXECUTIVE DIRECTOR,3336C0003X|3336S0011X,tier_1_primary_pharmacy,Y,Y,
1538108964,"ONCOLOGY PHARMACY SERVICES, INC.",2600 SCRIPTURE ST,,DENTON,TX,762014315,9403807936,EXECUTIVE DIRECTOR,333600000X|3336C0003X|3336S0011X,tier_1_primary_pharmacy,Y,Y,
1801835269,COVERMYMEDS PHARMACY LLC,"845 REGENT BLVD., STE. 100A / 100B",,IRVING,TX,75063,8884796337,VP & TREASURER; MANAGER,333600000X|3336C0003X|3336S0011X,tier_1_primary_pharmacy,Y,Y,
1578505145,STONEGATE PHARMACY LP,2501 W WILLIAM CANNON DR,BLDG 2 STE 203,AUSTIN,TX,787455281,5127072300,OWNER/PHARMACIST,3336C0004X|333600000X|3336L0003X|3336C0003X,tier_1_primary_pharmacy,Y,Y,
1770525123,JIMMY MARTIN PHARMACY INC,201 NW 1ST ST,,ANDREWS,TX,797146303,4325232323,OWNER AND PHARMACIST,333600000X|3336C0003X,tier_1_primary_pharmacy,Y,Y,
1497797849,PEOPLE FIRST PHARMACY,4323 N JOSEY LN,STE 102,CARROLLTON,TX,750104633,9723948603,CEO,333600000X|3336C0003X,tier_1_primary_pharmacy,Y,Y,
1215979661,NATIONSHEALTH SPECIALTY RX LLC,16750 WESTGROVE DR STE 300,,ADDISON,TX,750015655,2145720688,PRESIDENT,333600000X|3336C0003X,tier_1_primary_pharmacy,Y,Y,
1124060579,SAN RAPHEL PHARMACY,1337 EAST PALMA VISTA DRIVE SUITE B,,PALM VIEW,TX,78539,9565140955,PRESIDENT,333600000X|3336C0003X,tier_1_primary_pharmacy,Y,Y,
1033151485,NOVEL APOTHECARY,4909 W PARK BLVD,,PLANO,TX,750932311,9725997700,OWNER,333600000X|3336C0003X,tier_1_primary_pharmacy,Y,Y,
1942242391,"SENIOR PHARMACY SERVICES, INC.",2501 E HEBRON PKWY,STE 100B,CARROLLTON,TX,75010,9724922151,OFFICE ADMINISTRATOR/AR,333600000X|3336H0001X|3336S0011X|3336L0003X,tier_1_primary_pharmacy,Y,Y,
1851333207,MAURICEVILLE PHARMACY LLC,10897 HWY 12,,MAURICEVILLE,TX,77626,4097453784,MANAGER,333600000X|3336C0003X,tier_1_primary_pharmacy,Y,Y,
1689616211,GRAPEVINE DRUG MART INC,1115 W NORTHWEST HWY STE H,,GRAPEVINE,TX,760515010,8174815780,PIC,333600000X|3336C0004X|3336C0003X,tier_1_primary_pharmacy,Y,Y,
1679515977,TEXAS COMMUNITY PHARMACY SERVICES,4400 TEASLEY LN STE 100,,DENTON,TX,762104651,9403821618,PRESIDENT/PIC,3336C0004X|3336S0011X|3336L0003X|333600000X|3336C0003X,tier_1_primary_pharmacy,Y,Y,
1497797203,LATIN AMERICAN PHARMACY INC.,3914 PARDES LN RD,,BROWNSVILLE,TX,785261184,9569824440,OWNER,333600000X|3336C0003X,tier_1_primary_pharmacy,Y,Y,
1952343733,HIGHLAND DRUG INC,504 E AVENUE E,,ALPINE,TX,798304816,4328373931,OWNER,333600000X|3336C0003X,tier_1_primary_pharmacy,Y,Y,
1861434649,TXRX PHARMACY,2 PUTNAM AVE,,ORANGE,TX,776302328,4098861412,OWNER,333600000X|3336C0003X,tier_1_primary_pharmacy,Y,Y,
1679516892,LOPERS NEIGHBORHOOD PHARMACY INC,116 N US HIGHWAY 69,,HUNTINGTON,TX,759498910,9364224440,"OWNER, PRES, PIC",333600000X|3336C0003X,tier_1_primary_pharmacy,Y,Y,
1043253206,FLOWER MOUND HERBAL PHARMACY,1001 CROSS TIMBERS RD,THE ATRIUM MALL #1170,FLOWER MOUND,TX,750281371,9723554614,PHARMACIST/OWNER,3336C0003X,tier_1_primary_pharmacy,Y,Y,
1275576530,NEW ERA PHARMACY LLC,9709 BRUTON RD,STE 900,DALLAS,TX,752172704,2149427300,"PIC,MEMBER,AO",333600000X|3336C0003X,tier_1_primary_pharmacy,Y,Y,
1871537183,"RX HERRERA PHARMACY, INC",3521 BOB BULLOCK LOOP,STE 1,LAREDO,TX,78043,9567258899,OWNER PRESIDENT,3336C0003X,tier_1_primary_pharmacy,Y,Y,
1598709800,THE PHARMACY OF LONGVIEW LLC,615 N 3RD ST STE 1,,LONGVIEW,TX,756016550,9037573477,OWNER,333600000X|3336C0003X,tier_1_primary_pharmacy,Y,Y,
1114962594,MOORE'S PHARMACY INC.,200 S RACHAL ST,,SINTON,TX,783872524,3613641416,PRESIDENT,333600000X|3336C0003X,tier_1_primary_pharmacy,Y,Y,
1629013156,AAPEX COMMUNITY PHARMACY INC,1307 W CLAY ST,,HOUSTON,TX,770194003,7132696222,DIRECTOR,3336C0003X|3336C0004X,tier_1_primary_pharmacy,Y,Y,
1306881529,MILLERS PHARMACY,100 E DALLAS AVE,,COOPER,TX,754322043,9033952127,OWNER,3336C0003X,tier_1_primary_pharmacy,Y,Y,
1124063342,BUCKNER NEIGHBORHOOD PHARMACY INC,3535 N BUCKNER BLVD STE 106A,,DALLAS,TX,752285633,9724218228,PHARMACIST/OWNER,3336C0003X,tier_1_primary_pharmacy,Y,Y,
1942245162,ATKINS PHARMACY SERVICES INC,701 3RD ST,,MARBLE FALLS,TX,786545720,8306932972,OWNER PRESIDENT,3336C0004X|333600000X|3336C0003X,tier_1_primary_pharmacy,Y,Y,
1114962578,"ONCOLOGY PHARMACY SERVICES, INC",500 SOUTH HENDERSON STREET,SUITE 300,FORT WORTH,TX,761023927,8174131590,EXECUTIVE DIRECTOR,333600000X|3336C0003X|3336S0011X,tier_1_primary_pharmacy,Y,Y,
1942245212,"ONCOLOGY PHARMACY SERVICES, INC",1957 ANTILLEY RD,,ABILENE,TX,796065208,3256903854,EXECUTIVE DIRECTOR,333600000X|3336C0003X|3336S0011X,tier_1_primary_pharmacy,Y,Y,
1669417937,"ONCOLOGY PHARMACY SERVICES, INC",7848 GATEWAY BLVD E,,EL PASO,TX,799151815,9155956874,EXECUTIVE DIRECOTR,333600000X|3336C0003X|3336S0011X,tier_1_primary_pharmacy,Y,Y,
1033155049,ONCOLOGY PHARMACY SERVICES,1609 HOSPITAL PKWY,,BEDFORD,TX,760226920,8173599070,EXECUTIVE DIRECTOR,3336C0003X|333600000X|3336S0011X,tier_1_primary_pharmacy,Y,Y,
1659316792,MED SHOP PHARMACY INC,825 US HIGHWAY 271 N,,GILMER,TX,756445580,9036802600,PHARMACIST,3336L0003X|3336C0004X|333600000X|3336C0003X,tier_1_primary_pharmacy,Y,Y,
1386680403,VILLAGE DRUG INC,109 VILLAGE SHOPPING CTR,,IRVING,TX,750612694,9725791053,PRESIDENT,3336C0003X,tier_1_primary_pharmacy,Y,Y,
1144266263,CELINA DRUG INCORPORATED,701 N PRESTON RD,SUITE 210,CELINA,TX,750093763,9723822832,PHARMACY MANAGER,3336C0003X,tier_1_primary_pharmacy,Y,Y,
1861438749,"ONCOLOGY PHARMACY SERVICES, INC",4101 JAMES CASEY ST,SUITE 250,AUSTIN,TX,787453325,5124165132,EXECUTIVE DIRECTOR,333600000X|3336C0003X,tier_1_primary_pharmacy,Y,Y,
1801832795,TERRELL DRUG STORES INC,642 N ROCKWALL AVE,,TERRELL,TX,751602117,9725636466,PIC,333600000X|3336C0003X,tier_1_primary_pharmacy,Y,Y,
1649216516,"ONCOLOGY PHARMACY SERVICES, INC",6204 BALCONES DR,,AUSTIN,TX,787314214,5124279448,EXECUTIVE DIRECTOR,333600000X|3336C0003X|3336S0011X,tier_1_primary_pharmacy,Y,Y,
1215973797,"ONCOLOGY PHARMACY SERVICES, INC.",2121 PEASE ST,SUITE 101,HARLINGEN,TX,785508321,9563646735,EXECUTIVE DIRECTOR,333600000X|3336C0003X|3336S0011X,tier_1_primary_pharmacy,Y,Y,
1720024201,"ONCOLOGY PHARMACY SERVICES , INC.",1901 GRANDVIEW AVE,,EL PASO,TX,799025113,9157474840,SR. REVENUE CYCLE MANAGER,333600000X|3336C0003X|3336S0011X,tier_1_primary_pharmacy,Y,Y,
1205872793,TEEKENSON PHARMACY,2409 ALCO AVE,,DALLAS,TX,752112614,9722238787,PHARMACY MANAGER,333600000X|3336C0003X,tier_1_primary_pharmacy,Y,Y,
1114963600,AT HOME PHARMACY GRAND PRAIRIE LP,4927 LAKE RIDGE PKWY STE 180,,GRAND PRAIRIE,TX,75052,2142399106,OWNER CEO,333600000X|3336C0003X,tier_1_primary_pharmacy,Y,Y,
1568408003,"ONCOLOGY PHARMACY SERVICES, INC",2021 N MACARTHUR BLVD STE 400,,IRVING,TX,750612226,9722533751,EXECUTIVE DIRECTOR,333600000X|3336C0003X|3336S0011X,tier_1_primary_pharmacy,Y,Y,
1033155494,MEDI STAT RX LLC,500 W JEFFERSON BLVD,STE A,DALLAS,TX,752084722,2149463822,PRESIDENT,3336M0002X|333600000X|3336C0003X,tier_1_primary_pharmacy,Y,Y,
1306882774,"SPECIALIZED PHARMACY, INC.",15401 VANTAGE PKWY W,SUITE 120,HOUSTON,TX,770321968,2819878500,PHARMACIST IN CHARGE,333600000X|3336M0002X|3336L0003X,tier_1_primary_pharmacy,Y,Y,
1477599868,HALTOM PHARMACY LLC,3602 MATLOCK RD STE 204,,ARLINGTON,TX,760153600,8178382500,PHARMACIST,3336C0003X,tier_1_primary_pharmacy,Y,Y,
1386680775,R&R PHARMACY RESOURCES INC,3416 FM 2920 RD STE 120,,SPRING,TX,773884265,8327640020,OWNER,3336C0003X,tier_1_primary_pharmacy,Y,Y,
1598791428,"ASPERMONT PHARMACY, INC.",616 SOUTH WASHINGTON,,ASPERMONT,TX,79502,9409892139,OWNER/PRESIDENT,3336L0003X|3336C0003X,tier_1_primary_pharmacy,Y,Y,
1801822549,PARKERS CITY PHARMACY INC,1005 E COURT ST,,SEGUIN,TX,781555843,8303791450,PRESIDENT,333600000X|3336H0001X|3336L0003X|3336C0003X,tier_1_primary_pharmacy,Y,Y,
1740216464,"SALFITI SEAGOVILLE PHARMACY, LLC",112 HALL RD,,SEAGOVILLE,TX,751592916,9722877070,MANAGER,333600000X|3336C0003X,tier_1_primary_pharmacy,Y,Y,
1922034362,H & N PHARMACY INC,7310 S WESTMORELAND RD,,DALLAS,TX,752372998,9727093594,OWNER,3336C0003X,tier_1_primary_pharmacy,Y,Y,
1992733752,RX MANAGEMENT CONSULTANTS INC,1305 WONDER WORLD DR,SUITE 102,SAN MARCOS,TX,78666,5123926777,CEO,333600000X,tier_1_primary_pharmacy,Y,Y,
1124057997,"PERRONE PHARMACY, INC",3921 BENBROOK HWY,,FORT WORTH,TX,761167802,8177382135,PRESIDENT,3336C0003X,tier_1_primary_pharmacy,Y,Y,
1841221421,"MOORE'S PHARMACY, INC.",200 S RACHAL ST,,SINTON,TX,783872524,3613641520,CREDENTIALING COORDINATOR,333600000X,tier_1_primary_pharmacy,Y,Y,
1265463855,"MOORE'S PHARMACY, INC.",200 S RACHAL ST,,SINTON,TX,783872524,3613641520,CREDENTIALING COORDINATOR,3336C0003X,tier_1_primary_pharmacy,Y,Y,
1376574558,"MOORE'S PHARMACY, INC.",200 S RACHAL ST,,SINTON,TX,783872524,3613641520,PRESIDENT,333600000X|3336C0003X|3336L0003X|3336S0011X|3336M0002X,tier_1_primary_pharmacy,Y,Y,
1700818028,"PHARMACY PLUS, INC.",209 N ELLIS ST,,GROESBECK,TX,766421310,2547293375,PRESIDENT,3336C0003X,tier_1_primary_pharmacy,Y,Y,
1588696835,"PHARMACY PLUS, INC.",635 N ROBINSON DR,SUITE 16,ROBINSON,TX,767065330,2546624444,PRESIDENT,3336C0004X|3336C0003X,tier_1_primary_pharmacy,Y,Y,
1255363610,PHARMACY PLUS INC,600 MAIN ST,,TEAGUE,TX,758601628,2547392585,PRESIDENT,3336C0004X|3336C0003X,tier_1_primary_pharmacy,Y,Y,
1831121227,TAHOKA DRUG INC,1610 N MAIN ST,,TAHOKA,TX,793735125,8065614041,CEO/AO,333600000X|3336C0003X,tier_1_primary_pharmacy,Y,Y,
1992737241,"PHARMACY PLUS, INC.",111 N PARIS ST,,MEXIA,TX,766672842,2545623375,PRESIDENT,3336C0003X,tier_1_primary_pharmacy,Y,Y,
1619900297,PHARMERICA DRUG SYSTEMS LLC,6113 43RD ST,SUITE D,LUBBOCK,TX,794073747,8662587662,SECRETARY,333600000X|3336C0003X|3336L0003X,tier_1_primary_pharmacy,Y,Y,
1164455747,PHARMACY CORPORATION OF AMERICA,2236 BROUSSARD ST.,,TYLER,TX,75701,9035094950,SECRETARY,3336C0003X|3336L0003X|333600000X,tier_1_primary_pharmacy,Y,Y,
1528091949,"PHARMACY PLUS, INC.",420 S DENTON TAP RD STE 110,,COPPELL,TX,750193266,9724629400,PRESIDENT,3336C0004X|3336C0003X,tier_1_primary_pharmacy,Y,Y,
1356375281,TANGLEWOOD PHARMACY INC,2445 NORTHWEST LOOP STE A,,STEPHENVILLE,TX,764011705,2549687657,OWNER,3336L0003X|3336I0012X|3336C0004X|333600000X|3336C0003X,tier_1_primary_pharmacy,Y,Y,
1265466155,"CENTRAL PHARMACY, INC.",314 N 5TH ST,,CARRIZO SPRINGS,TX,788343106,8308762516,PRESIDENT,333600000X|3336C0003X|3336H0001X|3336L0003X|3336M0002X|3336S0011X,tier_1_primary_pharmacy,Y,Y,
1427081447,MP SOUTHPARK PHARMACY LLC,29 S CHADB0URNE,,SAN ANGELO,TX,769035891,3256553146,OWNER,3336C0003X|3336C0004X|3336L0003X,tier_1_primary_pharmacy,Y,Y,
1841225562,PHARMACY PLUS INC,1207 N LOOP 340,,LACY LAKEVIEW,TX,767052470,2548676700,PRESIDENT,3336L0003X|3336C0003X,tier_1_primary_pharmacy,Y,Y,
1306871561,SAVE MART PHARMACY,136 N CENTRE,,DEKALB,TX,75559,9036672582,PRESIDENT,333600000X,tier_1_primary_pharmacy,Y,Y,
1609892561,HUMBLE PHARMACY INC,19333 HIGHWAY 59 N,STE 150,HUMBLE,TX,773384204,2815404441,OWNER,333600000X|3336C0003X,tier_1_primary_pharmacy,Y,Y,
1407872658,BAYSHORE PHARMACY INC,3315 BURKE RD STE 201,,PASADENA,TX,775041823,7139448893,PRESIDENT,333600000X|3336C0003X,tier_1_primary_pharmacy,Y,Y,
1861419343,"PHARMACY PLUS, INC.",3308 HILLCREST DR,,WACO,TX,767083118,2547565383,PRESIDENT,3336C0003X,tier_1_primary_pharmacy,Y,Y,
1770500258,"PHARMACY PLUS, INC.",7200 STATE HIGHWAY 161,SUITE 110,IRVING,TX,750394132,9724017455,PRESIDENT,3336C0004X|3336C0003X,tier_1_primary_pharmacy,Y,Y,
1275553711,"ONCOLOGY PHARMACY SERVICES, INC.",5206 RESEARCH DR STE 100,,SAN ANTONIO,TX,782405251,2105955691,REVENUE CYCLE MANAGER,3336C0002X|3336C0003X,tier_1_primary_pharmacy,Y,Y,
1194745687,"SAM'S PHARMACY, INC.",8300 BISSONNET ST,SUITE 100,HOUSTON,TX,770743900,7137792100,CEO/PHARMACIST IN CHARGE,3336H0001X|3336C0003X,tier_1_primary_pharmacy,Y,Y,
1558381475,WESLACO PHARMACY INC,1102 S AIRPORT DR,,WESLACO,TX,785966652,9569690636,CEO/PIC,333600000X|3336C0003X,tier_1_primary_pharmacy,Y,Y,
1326069436,"ONCOLOGY PHARMACY SERVICES, INC",400 ROSALIND REDFERN GROVER PKWY,100,MIDLAND,TX,797015904,4326880822,DIRECTOR,3336C0003X|333600000X|3336S0011X,tier_1_primary_pharmacy,Y,Y,
1033130141,"ONCOLOGY PHARMACY SERVICES, INC",3550 NE LOOP 286,,PARIS,TX,754605004,9037374539,DIRECTOR,333600000X|3336C0003X|3336S0011X,tier_1_primary_pharmacy,Y,Y,
1912928029,"ONCOLOGY PHARMACY SERVICES, INC",3705 W 15TH ST,,PLANO,TX,750757753,9728673577,DIRECTOR,333600000X|3336C0003X|3336S0011X,tier_1_primary_pharmacy,Y,Y,
1700807757,"COLLINGSWORTH PHARMACY, LLC",1016 16TH ST,,WELLINGTON,TX,790953738,8064471184,OWNER,333600000X,tier_1_primary_pharmacy,Y,Y,
1619998663,ROBERDS SPECIALTY PHARMACY LLC,2510 S LOOP 336 W STE 105,,CONROE,TX,773043737,9367564254,OWNER,3336C0004X|3336C0003X,tier_1_primary_pharmacy,Y,Y,
1902827967,RAZI RX INC,8060 SPRING VALLEY RD,,DALLAS,TX,752403827,2145701610,OWNER/DIRECTOR,333600000X|3336C0003X,tier_1_primary_pharmacy,Y,Y,
1548281504,PILL BOX DRIVE IN PHARMACY INC,210 POSEY AVE,,CLIFTON,TX,766341854,2546758659,PRESIDENT,333600000X|3336C0003X,tier_1_primary_pharmacy,Y,Y,
1114948189,PRESCRIPTION PHARMACY INC,4200 E STAN SCHLUETER LOOP,STE B,KILLEEN,TX,765428300,2546804298,OWNER PIC,333600000X|3336L0003X,tier_1_primary_pharmacy,Y,Y,
1023039096,DOCTORS PHARMACY RX LP,4151 SOUTHWEST FWY,STE 300B,HOUSTON,TX,770277312,7134291751,PHCY MGR OWNER,333600000X|3336C0002X|3336C0003X|3336S0011X,tier_1_primary_pharmacy,Y,Y,
1578584546,JAMES MCCOYS DRUG STORE SOUTH LLC,1725 ANTILLEY RD,,ABILENE,TX,796065204,3256768900,PHARMACIST IN CHARGE,333600000X|3336C0004X|3336S0011X|3336C0003X,tier_1_primary_pharmacy,Y,Y,
1295756260,POWER CENTER PHARMACY INC,8803 SCOTT ST,,HOUSTON,TX,770512453,7137318999,OFFICER,333600000X|3336C0003X,tier_1_primary_pharmacy,Y,Y,
1144241118,PUERTO RICO PHARMACY INC,1116 E 8TH ST,SUITE 1,WESLACO,TX,785967288,9569687733,OWNER/PRESIDENT,3336L0003X|3336C0003X,tier_1_primary_pharmacy,Y,Y,
1376564310,MARIOS PHARMACY INC,2515 BROADWAY ST,,SAN ANTONIO,TX,782151037,2103540101,CONTROLLER,3336C0004X|333600000X|3336C0003X,tier_1_primary_pharmacy,Y,Y,
1376565200,EL CAMPO PROFESSIONAL PHARMACY,1264 N. MECHANIC ST.,,EL CAMPO,TX,77437,9795432761,PRESIDENT,333600000X|3336C0003X,tier_1_primary_pharmacy,Y,Y,
1669494027,"ONCOLOGY PHARMACY SERVICES, INC",4708 ALLIANCE BLVD,#150,PLANO,TX,750935339,4694674348,DIRECTOR,333600000X|3336C0003X|3336S0011X,tier_1_primary_pharmacy,Y,Y,
1891717260,"ONCOLOGY PHARMACY SERVICES, INC",2410 ROUND ROCK AVE,,ROUND ROCK,TX,786814003,5126870368,DIRECTOR,333600000X|3336C0003X|3336S0011X,tier_1_primary_pharmacy,Y,Y,
1972525244,"ONCOLOGY PHARMACY SERVICES, INC",3010 HARRISON AVENUE,,BEAUMONT,TX,777021449,4098997047,DIRECTOR,3336C0003X|333600000X|3336S0011X,tier_1_primary_pharmacy,Y,Y,
1306868476,MEDICINE STORE PHARMACY,1000 W WEATHERFORD ST,,FT WORTH,TX,761021842,8664050432,PRESIDENT,3336C0003X,tier_1_primary_pharmacy,Y,Y,
1588686810,"ONCOLOGY PHARMACY SERVICES, INC",7777 FOREST LN,"BUILDING D, #202",DALLAS,TX,752302567,9725665608,DIRECTOR,333600000X|3336C0003X|3336S0011X,tier_1_primary_pharmacy,Y,Y,
1356363436,"ONCOLOGY PHARMACY SERVICES, INC",1400 N 4TH ST,,LONGVIEW,TX,756014756,9032347060,DIRECTOR,333600000X|3336S0011X,tier_1_primary_pharmacy,Y,Y,
1427070507,"ONCOLOGY PHARMACY SERVICES, INC",1901 S 2ND ST,,MCALLEN,TX,785031271,9566876090,DIRECTOR,333600000X|3336C0003X|3336S0011X,tier_1_primary_pharmacy,Y,Y,
1063434140,"ONCOLOGY PHARMACY SERVICES, INC",4700 N GALLOWAY AVE,,MESQUITE,TX,751501516,9726863140,DIRECTOR,333600000X|3336C0003X|3336S0011X,tier_1_primary_pharmacy,Y,Y,
1255353504,"ONCOLOGY PHARMACY SERVICES, INC",8196 WALNUT HILL LN STE 100,,DALLAS,TX,752317001,2142652066,CFO & TREASURER,333600000X|3336C0003X|3336S0011X,tier_1_primary_pharmacy,Y,Y,
1427070770,"ONCOLOGY PHARMACY SERVICES, INC",3555 WEST WHEATLAND ROAD,,DALLAS,TX,752373461,9727803433,DIRECTOR,333600000X|3336C0003X|3336S0011X,tier_1_primary_pharmacy,Y,Y,
1902828262,"ONCOLOGY PHARMACY SERVICES, INC",3410 WORTH ST,SUITE 350,DALLAS,TX,752462006,2143701600,DIRECTOR,333600000X|3336C0003X|3336S0011X,tier_1_primary_pharmacy,Y,Y,
1821010083,"ONCOLOGY PHARMACY SERVICES, INC","4370 MEDICAL ARTS DR, #100",,FLOWER MOUND,TX,75028,9725374161,DIRECTOR,333600000X|3336C0003X|3336S0011X,tier_1_primary_pharmacy,Y,Y,
1457373748,"ONCOLOGY PHARMACY SERVICES, INC",2150 N EXPRESSWAY # 83,,BROWNSVILLE,TX,785211561,9565471685,DIRECTOR,333600000X|3336C0003X|3336S0011X,tier_1_primary_pharmacy,Y,Y,
1083637987,DOUGHERTYS PHARMACY INC,515 PRESTON ROYAL VILLAGE,,DALLAS,TX,75230,2143634310,CEA,333600000X|3336L0003X,tier_1_primary_pharmacy,Y,Y,
1619990512,ONCOLOGY PHARMACY SERVICES INC,501 S SAUNDERS AVE.,SUITE 200,TYLER,TX,757027509,9035799844,DIRECTOR,333600000X|3336C0003X|3336S0011X,tier_1_primary_pharmacy,Y,Y,
1548283419,CULLEN PHARMACY INC,9406 CULLEN BLVD,STE C,HOUSTON,TX,770513321,7132640699,OWNER PHARMACIST,3336C0003X|333600000X,tier_1_primary_pharmacy,Y,Y,
1275556185,ONCOLOGY PHARMACY SERVICES INC,1700 W STATE HIGHWAY 6,,WACO,TX,767122452,2543995900,DIRECTOR,333600000X|3336C0003X|3336S0011X,tier_1_primary_pharmacy,Y,Y,
1568485944,ONCOLOGY PHARMACY SERVICES INC,5125 TEXOMA MEDICAL CENTER DR STE 100,,DENISON,TX,750200079,9038684790,DIRECTOR,333600000X|3336C0003X|3336S0011X,tier_1_primary_pharmacy,Y,Y,
1043233422,ONCOLOGY PHARMACY SERVICES INC,501 MEDICAL CENTER BLVD,,WEBSTER,TX,775984219,2813164926,DIRECTOR,3336C0003X|333600000X|3336S0011X,tier_1_primary_pharmacy,Y,Y,
1811910201,ONCOLOGY PHARMACY SERVICES INC,5400 KELL WEST BLVD,,WICHITA FALLS,TX,763101610,9406892632,DIRECTOR,333600000X|3336C0003X|3336S0011X,tier_1_primary_pharmacy,Y,Y,
1164436077,ONCOLOGY PHARMACY SERVICES INC,1350 FIRST COLONY BLVD,,SUGAR LAND,TX,774794308,2812763467,DIRECTOR,333600000X|3336C0003X|3336S0011X,tier_1_primary_pharmacy,Y,Y,
1760496079,GALLOWAY PHARMACY INC,2698 N GALLOWAY AVE,STE 109,MESQUITE,TX,751506383,9722705600,PIC,3336C0003X,tier_1_primary_pharmacy,Y,Y,
1942215587,MARTIN TIPTON PHARMACY LLC,1501 S TYLER ST,,AMARILLO,TX,791014240,8063732812,PRESIDENT,333600000X|3336C0004X|3336H0001X|3336L0003X|3336C0003X,tier_1_primary_pharmacy,Y,Y,
1851306492,"LION COUNTRY PHARMACY, LLC",311 N CENTER,,FRANKLIN,TX,77856,9798283536,"OWNER, PHARMACIST-IN-CHARGE",3336C0003X,tier_2_secondary_pharmacy,N,Y,
1205841848,TAYLOR PHARMACY GROUP LLC,2407 N MAIN ST,,TAYLOR,TX,765741833,5123523659,OWNER/PIC,3336L0003X|3336C0003X,tier_1_primary_pharmacy,Y,Y,
1841205481,CARE FAMILY PHARMACY,1313 HOLLAND ST,STE D,HOUSTON,TX,770292890,7134510202,OWNER,333600000X|3336C0003X,tier_1_primary_pharmacy,Y,Y,
1669487203,LEANDER PHARMACY,2701 S HIGHWAY 183,STE C,LEANDER,TX,786412300,5128366378,OWNER PHARMACIST,3336C0003X,tier_1_primary_pharmacy,Y,Y,
1104831932,HME PHARMACY LP,4410 DILLON LN,#19,CORPUS CHRISTI,TX,78415,3618151398,PRESIDENT OF MANAGING PARTNER,333600000X,tier_1_primary_pharmacy,Y,Y,
1699780296,NEW CHILDRENS PHARMACY,3838 HILLCROFT ST STE 125,,HOUSTON,TX,770577799,7132782362,OWNER,333600000X|3336C0003X,tier_1_primary_pharmacy,Y,Y,
1326053927,AUBREY PHARMACY INC,701 S HIGHWAY 377,,AUBREY,TX,762275534,9404400400,PRESIDENT,333600000X|3336C0002X|3336C0003X,tier_1_primary_pharmacy,Y,Y,
1053326652,LM PHARMACY,900 W SAM HOUSTON BLVD,STE 3,PHARR,TX,785775201,9566010075,PIC/OWNER,333600000X|3336C0003X,tier_1_primary_pharmacy,Y,Y,
1992710594,AUTELL PHARMACY INC,1246-A1 HWY 377 STE 200,,PILOT POINT,TX,76258,9406862140,TREASURER,333600000X|3336C0003X|3336L0003X|3336M0003X,tier_1_primary_pharmacy,Y,Y,
1356356950,INDEPENDENT PHARMACY ASSOCIATES LLC,3641 BROADWAY BLVD STE 100,SUITE 100,GARLAND,TX,750431676,9728641110,PHARMACIST OWNER,3336C0004X|333600000X|3336C0003X,tier_1_primary_pharmacy,Y,Y,
1083629687,TAN TAN PHARMACY,12002 VETERANS MEMORIAL DR,SUITE C,HOUSTON,TX,770671089,2815801777,PHARMACIST IN CHARGE,333600000X|3336C0003X,tier_1_primary_pharmacy,Y,Y,
1114932738,LAA DRUG LLC,118 W 4TH ST,,HEARNE,TX,778592506,9792792173,MANG MEMBER,3336C0003X,tier_1_primary_pharmacy,Y,Y,
1023023645,"SUNRISE PHARMACY, INC",6102 PARKWAY #100,,CORPUS CHRISTI,TX,78414,3618879226,PHARMACY MANAGER,333600000X|3336C0003X,tier_1_primary_pharmacy,Y,Y,
1669487286,MILITARY APOTHECARY LP,418 N LOOP 1604 W STE 104,,SAN ANTONIO,TX,782321456,2108020553,OWNER/MANAGING PARTNER,333600000X|3336C0002X|3336C0003X,tier_1_primary_pharmacy,Y,Y,
1689689218,U B A PHARMACY LLC,2003 ROGERS RD STE 102,,SAN ANTONIO,TX,782514834,2106800882,PRES CEO,3336C0003X,tier_1_primary_pharmacy,Y,Y,
1679589964,"A & P PHARMACY, INC",207 E BYRON NELSON BLVD,,ROANOKE,TX,76262,8174313110,OFFICER,333600000X|3336C0003X,tier_1_primary_pharmacy,Y,Y,
1528074168,RX FULFILLMENT SERVICES,3200 WILCREST DR,STE 580,HOUSTON,TX,770426030,2815832223,PRESIDENT,3336L0003X|3336M0002X|333600000X|3336C0004X,tier_1_primary_pharmacy,Y,Y,
1790791531,A-1 DRUG MART INC,4821 RIVER OAKS BLVD,,FT WORTH,TX,761143097,8176263744,PRESIDENT,333600000X|3336C0004X|3336C0003X,tier_1_primary_pharmacy,Y,Y,
1225046956,JOHN HALSEY PHARMACY,4102 24TH ST,STE 103,LUBBOCK,TX,794101806,8067958555,PIC,3336C0002X|3336C0003X|3336M0002X|3336S0011X|333600000X|3336C0004X,tier_1_primary_pharmacy,Y,Y,
1255341293,DUSEK PHARMACY,112 W 1ST ST,,CAMERON,TX,765203302,2546972111,PARTNER,3336C0003X|3336L0003X|333600000X,tier_1_primary_pharmacy,Y,Y,
1619988516,RUMSEY PHARMACY INC.,9209 ELAM RD,SUITE 105,DALLAS,TX,752174179,2143916363,PRESIDENT/PIC,3336C0003X,tier_1_primary_pharmacy,Y,Y,
1164433751,PHARMACY CONCEPTS LTD,610 MAGIC MILE ST,,ARLINGTON,TX,760115108,8176336688,OWNER,3336C0003X|333600000X|3336L0003X,tier_1_primary_pharmacy,Y,Y,
1982615571,CUT-RATE PHARMACY,3528 N HAMPTON RD,,DALLAS,TX,752122442,2146303014,OWNER,333600000X|3336C0003X,tier_1_primary_pharmacy,Y,Y,
1790796381,BRIARGROVE PHARMACY INC,6435 SAN FELIPE ST,,HOUSTON,TX,770572705,7137835704,OWNER,333600000X|3336C0003X,tier_1_primary_pharmacy,Y,Y,
1609887298,MPP PHARMACY INC.,2208 N BIG SPRING ST,,MIDLAND,TX,79705,4326829501,OFFICER,3336C0003X|333600000X,tier_1_primary_pharmacy,Y,Y,
1427069012,RONS APOTHECARY SHOP,117A W RENFRO,,BURLESON,TX,76028,8172952273,PHARMACIST,333600000X|3336L0003X,tier_1_primary_pharmacy,Y,Y,
1134130727,PURECARE PHARMACY INC,455 SCHOOL ST STE 48,,TOMBALL,TX,773754688,2812907741,PHARMACY MANAGER,333600000X|3336C0003X,tier_1_primary_pharmacy,Y,Y,
1043221633,EXPRESS RX LLC,3535 BRIARPARK DR,STE 110,HOUSTON,TX,770425245,2816192079,CEO,3336S0011X|3336C0003X,tier_1_primary_pharmacy,Y,Y,
1750392346,NHA TRANG PHARMACY,6988 WILCREST DR,A 1,HOUSTON,TX,770722625,2815304500,PRESIDENT,3336C0003X,tier_1_primary_pharmacy,Y,Y,
1952312548,PARKVIEW PHARMACY INC,5420 BELLAIRE BLVD,,BELLAIRE,TX,774013957,8327780400,OFFICER,333600000X|3336C0003X,tier_1_primary_pharmacy,Y,Y,
1841201431,RICHARDS RX LLC,4630 S CLOSNER BLVD,,EDINBURG,TX,785397279,9562891880,VP,3336C0004X|3336C0003X,tier_1_primary_pharmacy,Y,Y,
1154332708,DONNA PHARMACY SERVICES LLC,104 N DANIEL SALINAS BLVD,STE A,DONNA,TX,785372926,9564615777,MANAGING PARTNER,333600000X|3336C0003X,tier_1_primary_pharmacy,Y,Y,
1972514529,CENTER PHARMACY INC,105 N SMITH ST,,PLEASANTON,TX,780644109,8305692512,PHARMACIST,333600000X|3336C0003X,tier_1_primary_pharmacy,Y,Y,
1699786244,WPB PHARMACY,5600 S WILLOW DR,STE 113,HOUSTON,TX,770354713,7137297200,PIC,3336C0003X,tier_1_primary_pharmacy,Y,Y,
1053322602,JEN-RX INC,3183 DENTON HWY,,HALTOM CITY,TX,76117,8178385544,PIC/OWNER,333600000X|3336C0003X,tier_1_primary_pharmacy,Y,Y,
1871504423,ELSA PHARMACY SERVICES LLC,205 W EDINBURG DR,,ELSA,TX,78543,9562626400,OWNER / PIC / MGR,333600000X|3336C0003X,tier_1_primary_pharmacy,Y,Y,
1194736686,JG PHARMACY INC,3745 WESTHEIMER RD,,HOUSTON,TX,770275227,7135278339,PRESIDENT,333600000X|3336C0003X,tier_1_primary_pharmacy,Y,Y,
1093726580,SULLIVAN S DRUG LLC,1140 GRAND AVE,,BACLIFF,TX,775182760,2813394577,OWNER/PHARMACIST,3336C0003X,tier_1_primary_pharmacy,Y,Y,
1811908304,SPENCE MEDICAL PHARMACY LLC,2301 E MULBERRY ST,,ANGLETON,TX,775153804,9798499391,PRESIDENT/OWNER,333600000X|3336C0003X,tier_1_primary_pharmacy,Y,Y,
1720099211,AMEX PHARMACY INC,3030 CANAL ST,,HOUSTON,TX,770031627,7132379301,CEO,333600000X|3336C0003X,tier_1_primary_pharmacy,Y,Y,
1679584254,KATY PROCARE PHARMACY LLC,1331 W GRAND PKWY N STE 111,,KATY,TX,774932711,8324378425,CEO,333600000X|3336C0003X,tier_1_primary_pharmacy,Y,Y,
1396756979,HILLTOP PHARMACY INC,631 LAKEVIEW BLVD,,NEW BRAUNFELS,TX,781304017,8306270069,PIC,3336C0003X|3336L0003X,tier_1_primary_pharmacy,Y,Y,
1205847886,AAA PHARMACY,705 W ABRAM ST,STE 205,ARLINGTON,TX,76010,8173942318,PIC,333600000X|3336C0003X,tier_1_primary_pharmacy,Y,Y,
1205847894,PRESTIGE PHARMACY,6550 MAPLERIDGE ST,STE 116,HOUSTON,TX,770814600,8327786552,OWNER AND PIC,333600000X|3336C0003X,tier_1_primary_pharmacy,Y,Y,
1114938701,RICHMOND PHARMACY,2951 CHIMNEY ROCK RD,STE B,HOUSTON,TX,770565924,7139740709,PRESIDENT,333600000X|3336C0003X,tier_2_secondary_pharmacy,N,Y,
1023029618,REMOTE PHARMACY SOLUTIONS INC,19901 SOUTHWEST FWY,STE 236,SUGAR LAND,TX,774796538,2812652577,PIC AND PART OWNER,3336M0002X|3336C0003X,tier_1_primary_pharmacy,Y,Y,
1235140880,SHARY MEDICAL PHARMACY,2310 E EXPRESSWAY 83 S 8,STE 8,MISSION,TX,78572,9565190600,PHCY DIRECTOR,3336C0003X,tier_1_primary_pharmacy,Y,Y,
1316958903,ORANGE PHARMACY LLC,1301 W PARK AVE,,ORANGE,TX,776304923,4098834352,CEO,333600000X|3336C0003X,tier_1_primary_pharmacy,Y,Y,
1225049810,WESTERMAN DRUG OF OZONA,916 AVE E,,OZONA,TX,76943,3253922608,PIC OWNER,333600000X|3336C0003X|3336L0003X,tier_1_primary_pharmacy,Y,Y,
1922019413,GENESIS PHARMACY INC,1611 SPENCER HWY STE F,,SOUTH HOUSTON,TX,775873714,8329258797,OWNER,333600000X|3336C0003X,tier_1_primary_pharmacy,Y,Y,
1831100320,FIRST LONE STAR PHARMACY GROUP LLC,906 NE BIG BEND TRL,,GLEN ROSE,TX,760434909,2548972711,MANAGING PARTNER,333600000X|3336C0003X,tier_1_primary_pharmacy,Y,Y,
1659382141,CITIZENS PHARMACY LLC,17070 RED OAK DR STE 103,,HOUSTON,TX,770902615,7136957316,AUTHORISED OFFICIAL/MANAGER,333600000X|3336C0003X,tier_1_primary_pharmacy,Y,Y,
1053322545,"KOHLER HOMECARE PHARMACY, INC.",2204 PARK SPRINGS BLVD,SUITE A,ARLINGTON,TX,760135642,8178614631,PRESIDENT,3336C0004X|3336C0003X,tier_1_primary_pharmacy,Y,Y,
1477564961,LEES PHARMACY,9501 LONG POINT RD STE P,,HOUSTON,TX,770554223,7139327660,OWNER,3336C0003X,tier_1_primary_pharmacy,Y,Y,
1881605871,LINDEN DRUG CO INC,400 N KAUFMAN ST,,LINDEN,TX,755635234,9037565331,OWNER/PHARMACIST,3336C0003X,tier_1_primary_pharmacy,Y,Y,
1992717508,"RAY'S PHARMACY, INC",105 EAST HENRY ST,,HAMILTON,TX,765311909,2543863121,RPH PIC,3336C0003X,tier_1_primary_pharmacy,Y,Y,
1376555037,"RAY'S PHARMACY, INC.",301 W KENNEDALE PKWY,,KENNEDALE,TX,760602421,8174788225,OWNER/PRESIDENT,3336C0003X,tier_1_primary_pharmacy,Y,Y,
1073525259,"PARTON PHARMACY, LLC",211 E COKE RD,,WINNSBORO,TX,754943213,9033423669,CFO,3336L0003X|3336C0003X,tier_1_primary_pharmacy,Y,Y,
1710990387,"COLLEYVILLE DRUG, INC",622 W MAIN ST,,CROSBYTON,TX,793222243,8066752001,OWNER,3336C0003X,tier_1_primary_pharmacy,Y,Y,
1861405540,PRESTON ROAD APOTHECARY INC,9301 N CENTRAL EXPY,STE 110,DALLAS,TX,752310806,2143616172,PRESIDENT,333600000X|3336C0003X,tier_1_primary_pharmacy,Y,Y,
1841203007,RAYS PHARMACY INC,1831 E BROAD ST STE 213,,MANSFIELD,TX,760639171,8174772525,PRESIDENT AND OWNER,3336M0002X|333600000X|3336L0003X,tier_1_primary_pharmacy,Y,Y,
1558474734,"38TH STREET PHARMACY, INC.",711 W 38TH ST STE C3,,AUSTIN,TX,787051126,5124583784,PRESIDENT,3336C0003X,tier_2_secondary_pharmacy,N,Y,
1407869878,NEU PHARMACY,527 BRYAN ST,,DENTON,TX,762012705,9405663101,PHARMACIST/OWNER,3336C0003X,tier_1_primary_pharmacy,Y,Y,
1821101932,SAUCEDO PHARMACY INC,1021 E 1ST ST,,DUMAS,TX,79029,8069357494,OWNER/PHARMACIST IN CHARGE,3336C0003X,tier_1_primary_pharmacy,Y,Y,
1356455638,RED RIVER PHARMACY SERVICES INC,1550 MOORES LN STE D,,TEXARKANA,TX,755034657,9037927435,OWNER,3336C0003X|333600000X|3336H0001X,tier_1_primary_pharmacy,Y,Y,
1518071786,MAULDIN PHARMACY INC,709 WOODROW WILSON RAY CIR,,BRIDGEPORT,TX,764265023,9406832950,OWNER,3336C0004X|3336C0003X,tier_1_primary_pharmacy,Y,Y,
1801900899,RJMTZ PHARMACY LLC,3201 UNIVERSITY DR E,SUITE 145,BRYAN,TX,778023475,9797760902,OWNER,3336C0003X,tier_1_primary_pharmacy,Y,Y,
1710091707,HUMBLE RX LLC,308 W LARISSA ST,,JACKSONVILLE,TX,75766,9035869804,OWNER/PHARMACIST,333600000X|3336C0003X,tier_1_primary_pharmacy,Y,Y,
1174637169,CHAPEL HILL PHARMACY LTD,12445 HWY 64 E,,TYLER,TX,757075327,9035660326,OWNER,333600000X|3336C0003X,tier_1_primary_pharmacy,Y,Y,
1891809885,"MARTIN'S SAN JUAN DRUG, INC",601 S NEBRASKA AVE,,SAN JUAN,TX,785892647,9567871861,OWNER,333600000X|3336C0003X,tier_1_primary_pharmacy,Y,Y,
1619081601,KINGS DAUGHTERS PHARMACY LLC,1905 SW H K DODGEN LOOP,,TEMPLE,TX,765021814,2547781731,PHARMACIST IN CHARGE,3336C0003X|333600000X|3336C0004X,tier_1_primary_pharmacy,Y,Y,
1255445243,HERITAGE PHARMACY INCORPORATED,621 N. HAMPTON RD,STE. 108,DESOTO,TX,75115,4697473171,MANAGING OFFICER,3336C0003X,tier_1_primary_pharmacy,Y,Y,
1164536157,DOGWOOD PHARMACY LLC,205 S MAGNOLIA ST,,WOODVILLE,TX,759795234,4092837509,SOLE OWNER,333600000X|3336L0003X|3336C0003X,tier_1_primary_pharmacy,Y,Y,
1427162411,P & S REXALL PHARMACY INC,829 N MAIN ST STE C,,CORSICANA,TX,751103048,9038745121,OWNER,333600000X|3336C0003X|3336L0003X,tier_1_primary_pharmacy,Y,Y,
1336253327,HEALTHQUEST PHARMACY INC,11240 FM 1960 RD W,STE 404,HOUSTON,TX,770653662,2814777686,OWNER,3336H0001X|3336S0011X|3336C0003X,tier_1_primary_pharmacy,Y,Y,
1154435147,TB CARE PHARMACY,11734 GRANT RD,,CYPRESS,TX,774292982,2812578809,OWNER,3336C0003X,tier_1_primary_pharmacy,Y,Y,
1881708873,FORT WORTH PHARMACY LLC,7833 OAKMONT BLVD,SUITE 120,FORT WORTH,TX,761324231,8173619960,OWNER,333600000X|3336C0003X,tier_1_primary_pharmacy,Y,Y,
1699889683,MEDICAL PLUS PHARMACY LLC,13529 S POST OAK RD,,HOUSTON,TX,770454007,7133338907,MANAGING OFFICER,3336C0003X,tier_1_primary_pharmacy,Y,Y,
1508970591,V & R PHARMACY INC,13300 HARGRAVE RD,SUITE 180,HOUSTON,TX,770704373,2816648829,PRESIDENT,333600000X|3336C0003X,tier_1_primary_pharmacy,Y,Y,
1326152315,STEPHENSON PHARMACY,1000 S FLEISHEL AVE,,TYLER,TX,757012037,9035930236,OWNER,3336C0003X|3336C0004X|333600000X,tier_1_primary_pharmacy,Y,Y,
1235243221,MAJORS PHARMACY INC,108 SHELLEY DR,,TYLER,TX,757018723,9035951132,PRESIDENT,3336C0003X,tier_1_primary_pharmacy,Y,Y,
1053425041,ACKMAN PHARMACY INC,200 WESLEY DR,,KERRVILLE,TX,780285809,8302574121,PRES,3336C0004X|333600000X|3336C0003X,tier_1_primary_pharmacy,Y,Y,
1871607861,MT PLEASANT PROFESSIONAL PHARMACY,2322 HARTS BLUFF RD,,MT PLEASANT,TX,754557452,9035729238,OFFICER,333600000X|3336C0003X,tier_1_primary_pharmacy,Y,Y,
1316051303,M & L PHARMACY,14871 W HWY 29,,LIBERTY HILL,TX,786420546,5125155123,VP,333600000X|3336C0003X,tier_1_primary_pharmacy,Y,Y,
1225142219,SOUTHLAND LEGEND PHARMACY,5201 S BROADWAY AVE,STE 100,TYLER,TX,757033748,9035348218,PIC,333600000X|3336C0003X,tier_1_primary_pharmacy,Y,Y,
1134233125,TROUP PHARMACY INC,501 W DUVAL ST,,TROUP,TX,757891813,9038423074,OWNER,333600000X|3336C0003X,tier_1_primary_pharmacy,Y,Y,
1952415945,COMMUNITY PHARMACY,3520 KNICKERBOCKER RD STE A,,SAN ANGELO,TX,769047601,3259494577,OWNER/PARTNER,333600000X|3336C0003X,tier_1_primary_pharmacy,Y,Y,
1861506859,US DRUG MART INC,540 GEORGE HOPPER RD,,MIDLOTHIAN,TX,760655505,9727751180,VP,333600000X|3336C0004X|3336C0003X,tier_1_primary_pharmacy,Y,Y,
1770697765,US DRUG MART INC,103 S MAIN ST,,FERRIS,TX,751252523,9725443660,VP,3336C0003X,tier_1_primary_pharmacy,Y,Y,
1215041207,US DRUG MART INC,4122 CALL FIELD RD,,WICHITA FALLS,TX,763082517,9406921234,VP,3336H0001X|3336L0003X|333600000X|3336C0004X|3336C0003X,tier_1_primary_pharmacy,Y,Y,
1992819882,Q PHARMACY INC,14100 NACOGDOCHES RD,STE 116,SAN ANTONIO,TX,782471903,2104918136,PRESIDENT,3336M0003X|3336S0011X|3336C0003X,tier_1_primary_pharmacy,Y,Y,
1801900790,WAYSIDE PHARMACY INC,7109 B LAWNDALE AND 75TH,,HOUSTON,TX,770234244,7139285410,MGR,333600000X|3336C0003X,tier_1_primary_pharmacy,Y,Y,
1649384637,"MIKOSH DRUG COMPANY, LLC",404 HIGHWAY 27,,COMFORT,TX,780132173,8309953300,PHARMACIST/OWNER,333600000X|3336C0003X,tier_1_primary_pharmacy,Y,Y,
1558475541,LYNNS LA VEGA PHARMACY INC,2401 E WACO DR,,WACO,TX,767053259,2547994949,PRESIDENT,3336L0003X|3336C0003X,tier_1_primary_pharmacy,Y,Y,
1467566455,Q3BL PHARMACY LLC,3648 GULFWAY DR,,PORT ARTHUR,TX,776423674,4099858874,OWNER AND MANAGER,333600000X|3336C0003X,tier_1_primary_pharmacy,Y,Y,
1376657361,BRITT DRUG CO,112 E CENTRAL AVE,,BELTON,TX,765133279,2549395738,PRES,333600000X|3336C0003X,tier_1_primary_pharmacy,Y,Y,
1285748277,RED OAK DRUG INC,120 S GRAND AVE,STE 1,WAXAHACHIE,TX,751652267,9729382642,OWNER/PHARMACIST IN CHARGE,333600000X|3336C0004X|3336C0003X,tier_1_primary_pharmacy,Y,Y,
1093829087,GIDDINGS DRUG COMPANY LTD,233 S MANSE AVE,,GIDDINGS,TX,789423440,9795423164,OWNER,333600000X|3336C0003X,tier_1_primary_pharmacy,Y,Y,
1720192719,COBURNS PHARMACY LLC,101 S AUSTIN ST,,BREMOND,TX,766295036,2547467845,OWNER PIC,333600000X|3336C0003X,tier_1_primary_pharmacy,Y,Y,
1639283625,RIPPETOE PHARMACY INC.,205 E HALL ST.,,BANGS,TX,76823,3257526133,MANAGING MEMBER,333600000X|3336C0003X,tier_1_primary_pharmacy,Y,Y,
1457465445,GROESBECK CITY DRUG,404 S DR J B RIGGS DR,,GROESBECK,TX,766421824,2547293092,OWNER,3336C0003X,tier_1_primary_pharmacy,Y,Y,
1346354727,GOODSENSE PHARMACY LLC,8042 WURZBACH RD,SUITE 150,SAN ANTONIO,TX,782293818,2108022640,MANAGER,333600000X|3336L0003X|3336C0003X,tier_1_primary_pharmacy,Y,Y,
1770697237,AGP PHARMACY LLC,309 N MAIN ST,,LOCKNEY,TX,792410277,8066523353,OWNER,333600000X|3336C0003X,tier_1_primary_pharmacy,Y,Y,
1659486504,MONAHANS PHARMACY INC,801 E 4TH ST,STE C,MONAHANS,TX,797564018,4329434212,OWNER/PHARMACIST,3336C0003X,tier_1_primary_pharmacy,Y,Y,
1609981802,KOUNTZE PHARMACY LLC,800 S PINE STREET,,KOUNTZE,TX,77625,4092463492,COMPLIANCE COORDINATOR,333600000X|3336L0003X|3336C0003X,tier_1_primary_pharmacy,Y,Y,
1427163625,CLARK PHARMACY LLC,502 W MONTGOMERY ST,,WILLIS,TX,773788827,9368564594,OWNER/PRESIDENT,333600000X|3336C0003X,tier_1_primary_pharmacy,Y,Y,
1699880898,POST OAK PHARMACY LP,900 W DALLAS ST,,CONROE,TX,773012234,9367882255,COMPLIANCE COORDINATOR,333600000X|3336C0003X,tier_1_primary_pharmacy,Y,Y,
1245345446,CRYSTAL DRUG LP,224 E ZAVALA ST,,CRYSTAL CITY,TX,788393512,8303743436,COMPLIANCE COORDINATOR,333600000X|3336L0003X|3336C0003X,tier_1_primary_pharmacy,Y,Y,
1720193766,RAPHA PHARMACY,12600 BISSONNET ST STE E1,,HOUSTON,TX,770991395,8323281855,DIR OF PHRMCY,3336C0003X|333600000X,tier_1_primary_pharmacy,Y,Y,
1457466492,AMEX PHARMACY NO 3 INC,5990 AIRLINE DR STE 150,,HOUSTON,TX,770764237,7134518400,PRESIDENT,333600000X|3336C0003X,tier_1_primary_pharmacy,Y,Y,
1801901848,EDGEWOOD PHARMACY INC,718 CUPPLES RD,,SAN ANTONIO,TX,782374357,2104353705,OWNER,333600000X|3336C0003X,tier_1_primary_pharmacy,Y,Y,
1356456396,ALDRIDGES FAMILY II PHARMACY,302 W 9TH ST,,DALLAS,TX,752084809,2149422811,OWNER,333600000X|3336C0003X,tier_1_primary_pharmacy,Y,Y,
1437265873,LINDBERG PHARMACY,5203 S MCCOLL RD,,EDINBURG,TX,785390231,9566876204,OWNER,3336C0003X,tier_1_primary_pharmacy,Y,Y,
1164538849,HILL COUNTRY DRUG LLC,1395 SATTLER RD,STE 8,NEW BRAUNFELS,TX,781322295,8309643615,CO-OWNER,3336C0003X,tier_1_primary_pharmacy,Y,Y,
1326154113,FIRST LONE STAR PHARMACY GROUP IV LLC,1246 HWY 3773,STE 200,PILOT POINT,TX,76258,9406862140,OPERATIONS MANAGER,333600000X|3336L0003X,tier_1_primary_pharmacy,Y,Y,
1124135538,BEAUMONT PHARMACY LLC,3110 CALDER AVE.,,BEAUMONT,TX,777021411,4098661429,MANAGER,3336C0004X|3336C0003X,tier_1_primary_pharmacy,Y,Y,
1902913213,"MANGUM ROAD PHARMACY, INC.",2855 MANGUM RD STE 109,,HOUSTON,TX,770927498,7136826565,CORP PRESIDENT,3336C0003X,tier_1_primary_pharmacy,Y,Y,
1255448296,ELLIOTT PHARMACY INC.,14077 FM 849,,LINDALE,TX,757715160,9038823312,OWNER,3336C0003X,tier_1_primary_pharmacy,Y,Y,
1528175387,JAMES MCCOY DRUG STORE INC,839 N JUDGE ELY BLVD,,ABILENE,TX,796014624,3256772300,PRES,3336C0004X|333600000X|3336C0003X,tier_1_primary_pharmacy,Y,Y,
1134238363,H & J PHARMACY LLC,401 W. WALLACE,,SAN SABA,TX,76877,3253723033,OWNER/MANAGER,3336C0003X,tier_1_primary_pharmacy,Y,Y,
1477662427,"PRESTON ROAD PHARMACY, INC.",6901 PRESTON RD,,DALLAS,TX,752051186,2145219991,PRESIDENT/PIC,3336C0003X,tier_1_primary_pharmacy,Y,Y,
1669582706,ACOSTA/MUNIZ RIO GRANDE PHARMACY,1117 S COMMERCE ST,,HARLINGEN,TX,785507706,9564231753,DME MANAGER,3336C0003X,tier_2_secondary_pharmacy,N,Y,
1902918816,PENNYS PHARMACY,3517 N MAIN ST,,BAYTOWN,TX,775214117,2818372122,OWNER,333600000X|3336C0003X,tier_1_primary_pharmacy,Y,Y,
1437261344,BOUNDS PHARMACY INC,211 S COLLEGE AVE,,CLEVELAND,TX,773274503,2815920515,OWNER/PRESIDENT,333600000X|3336C0003X,tier_1_primary_pharmacy,Y,Y,
1144332057,"QUICK PHARMACY, LLC",701 E PALM VALLEY BLVD,,ROUND ROCK,TX,786643245,5122552144,PRESIDENT,3336C0004X|3336L0003X|333600000X|3336C0003X,tier_1_primary_pharmacy,Y,Y,
1659483568,CHANEY FAMILY PHARMACY LLC,501 WALNUT ST,,COLORADO CITY,TX,795126223,3257283484,PRESIDENT,3336C0003X,tier_1_primary_pharmacy,Y,Y,
1457463366,LULING DISCOUNT PHARMACY INC,419 E DAVIS ST,,LULING,TX,786482316,8308752311,PRESIDENT,333600000X|3336C0003X,tier_1_primary_pharmacy,Y,Y,
1366554271,SAFEGUARD RX INC.,3121 W OREM DR STE C,,HOUSTON,TX,770454641,7134331212,PRESIDENT,333600000X|3336C0003X,tier_1_primary_pharmacy,Y,Y,
1538271440,"UNLIMITED PHARMACY, LLC",2985 S HWY 360,STE 145,GRAND PRAIRIE,TX,75052,8886444998,CEO,333600000X|3336C0003X,tier_1_primary_pharmacy,Y,Y,
1700998614,"BURTIS DRUG, INC.",815 N O CONNOR RD,,IRVING,TX,750614510,9725790511,OWNER,3336C0003X|333600000X,tier_1_primary_pharmacy,Y,Y,
1255443164,"GARZA PHARMACY RX, LLC",205 W US HIGHWAY 77,,SAN BENITO,TX,785865143,9563991411,RPH,333600000X|3336C0003X,tier_1_primary_pharmacy,Y,Y,
1467564377,KELLY DRUG INC,125 E BROAD ST,,MINEOLA,TX,757732001,9035693882,PRESIDENT,333600000X|3336L0003X|3336C0003X,tier_1_primary_pharmacy,Y,Y,
1093827909,"CITY DRUG STORE OF JACKSBORO, INC",104 E BELKNAP ST,,JACKSBORO,TX,764582401,9405675576,OWNER,333600000X|3336C0004X|3336C0003X,tier_1_primary_pharmacy,Y,Y,
1801908710,B-J PHARMACY INC,120 JOE WIMBERLEY BLVD,,WIMBERLEY,TX,786765975,5128472288,OWNER,3336C0004X|333600000X|3336C0003X,tier_1_primary_pharmacy,Y,Y,
1508978412,AGP PHARMACY LLC,132 W MAIN ST,,POST,TX,793563232,8064952535,OWNER PHARMACIST,333600000X|3336C0003X,tier_1_primary_pharmacy,Y,Y,
1205948114,"GATESVILLE DRUG COMPANY, LTD",2513 S. STATE HIGHWAY 36,,GATESVILLE,TX,765282519,2548652417,OWNER/PHARMACIST IN CHARGE,3336C0003X|3336C0004X|333600000X,tier_1_primary_pharmacy,Y,Y,
1194837005,RIDDLE RX LP,201 NW 2ND ST,,DIMMITT,TX,790271803,8066473151,GENERAL PARTNER,333600000X|3336C0003X,tier_1_primary_pharmacy,Y,Y,
1013029537,WOODSBORO PHARMACY INC,112 S ALAMO ST,,REFUGIO,TX,783772338,3615264243,OWNER,3336C0003X,tier_1_primary_pharmacy,Y,Y,
1972614006,EMPIRICAL PHARMACY LLC,11030 KINGSPOINT RD STE 6,,HOUSTON,TX,770754102,7139910072,PHCY MANAGER,333600000X|3336C0003X,tier_1_primary_pharmacy,Y,Y,
1669584678,MAINLAND PHARMACY INC,811 6TH ST N STE 100,,TEXAS CITY,TX,775907885,4099452368,MANAGER,333600000X|3336C0003X,tier_1_primary_pharmacy,Y,Y,
1831201748,RIGHT VALUE DRUG INC,122 GRAPEVINE HWY,,HURST,TX,760542406,8172829376,OWNER,333600000X|3336C0003X,tier_1_primary_pharmacy,Y,Y,
1740392653,BURLESON APOTHECARY SHOP INC,117 W RENFRO ST,,BURLESON,TX,760284233,8172952273,RPH,333600000X|3336C0003X,tier_1_primary_pharmacy,Y,Y,
1629180534,PRO HEALTH RX,8405 ALMEDA GENOA RD,STE Z,HOUSTON,TX,770752503,7139912443,DIRECTOR,333600000X|3336L0003X|3336C0003X,tier_1_primary_pharmacy,Y,Y,
1174635080,ROLLING PLAINS PHARMACY,1410 LAMAR ST,,SWEETWATER,TX,795567124,3252358684,OWNER PRESIDENT,333600000X|3336C0003X,tier_1_primary_pharmacy,Y,Y,
1164534079,"HODGES & SARGENT PHARMACY, LLC",210 S. KEY AVE,,LAMPASAS,TX,76550,5125563392,PARMACIST IN CHARGE/OWNER,333600000X|3336C0003X,tier_1_primary_pharmacy,Y,Y,
1790897601,GENERATION RX INC.,206 N MAIN ST,,WEST,TX,76691,2548265292,OWNER,3336L0003X|333600000X|3336C0003X,tier_1_primary_pharmacy,Y,Y,
1609988518,ALDRIDGE'S FAMILY PHARMACY,1408 BONNIE VIEW RD,,DALLAS,TX,752034507,2149432322,PHARMACIST-IN-CHARGE/OWNER,333600000X|3336C0003X|3336L0003X,tier_1_primary_pharmacy,Y,Y,
1881706794,S&R DRUG COMPANY,1606 S MARGARET AVE,,KIRBYVILLE,TX,759562633,4094232215,OWNER/PIC,333600000X|3336C0004X|3336C0003X,tier_1_primary_pharmacy,Y,Y,
1134231046,C & L PHARMACY,5600 MYKAWA,,HOUSTON,TX,77033,7136413414,"OWNER, RPH",333600000X|3336C0003X,tier_1_primary_pharmacy,Y,Y,
1932211844,T AND T PHARMACY INC,315 N MAIN ST,,VIDOR,TX,776624935,4097692438,OWNER,333600000X|3336C0003X,tier_1_primary_pharmacy,Y,Y,
1487766390,NAU PHARMACY INC,2406 SAN GABRIEL ST,,AUSTIN,TX,787054714,5124721424,PRESIDENT,333600000X|3336C0003X,tier_1_primary_pharmacy,Y,Y,
1548372568,"LUNA'S HOMETOWN PHARMACY, INC",400 E MAIN ST,,EAGLE PASS,TX,788524517,8307735334,MANAGER,3336C0003X,tier_1_primary_pharmacy,Y,Y,
1578675583,EMGR PHARMACY INC,7338 MCHENRY ST,STE 6,HOUSTON,TX,770873633,7136442424,PRESIDENT,333600000X|3336C0003X,tier_1_primary_pharmacy,Y,Y,
1811009723,FRONTIER PHARMACY OF KENEDY INC,103 W MAIN ST,,KENEDY,TX,781192717,8305832115,OWNER,333600000X|3336L0003X|3336C0003X,tier_1_primary_pharmacy,Y,Y,
1275645186,PARKER DRUG INC,114 QUITMAN ST,,PITTSBURG,TX,756861322,9038563626,OWNER PRESIDENT,333600000X|3336C0003X,tier_1_primary_pharmacy,Y,Y,
1376645499,HOMETOWN PHARMACY,201 E COMMERCE ST,,FAIRFIELD,TX,758401509,9033892541,CORPORATE MANAGER,333600000X,tier_1_primary_pharmacy,Y,Y,
1093817439,DOUGHERTY'S PHARMACY INC.,515 PRESTON ROYAL VILLAGE,,DALLAS,TX,75230,2143636558,PRESIDENT,3336C0003X,tier_1_primary_pharmacy,Y,Y,
1326140773,CHAPMAN PHARMACY INC,1396 N DICKINSON DR,,RUSK,TX,757851048,9036832422,PRESIDENT,333600000X,tier_1_primary_pharmacy,Y,Y,
1225131352,FLATONIA PHARMACY LLC,104 KESSLER AVE,,SCHULENBURG,TX,789561108,9797437100,PRESIDENT / OWNER,333600000X|3336C0003X|3336L0003X,tier_1_primary_pharmacy,Y,Y,
1154424281,SUGARLAND PHARMACY LLC,3533 TOWN CENTER BLVD S,STE 500,SUGAR LAND,TX,774791454,2812423951,MANAGER,333600000X|3336C0003X,tier_1_primary_pharmacy,Y,Y,
1972606002,HSB PHARMACY INC,7405 HWY 2147,,HORSESHOE BAY,TX,78657,8305981900,OWNER,333600000X|3336C0003X,tier_1_primary_pharmacy,Y,Y,
1104929249,MAXWELL PHARMACY INC,626 N HWY 155,,FRANKSTON,TX,75763,9038762323,PRESIDENT/OWNER,3336C0003X,tier_1_primary_pharmacy,Y,Y,
1013010156,BOYLES BANDERA PHARMACY,1200 SYCAMORE ST,,BANDERA,TX,780032020,8307968191,PIC PRESIDENT,333600000X|3336C0003X,tier_1_primary_pharmacy,Y,Y,
1285737577,HMS PHARMACY INC,1150 WEST COURT PLAZA,,ANSON,TX,79501,3258233203,PRESIDENT,3336C0003X,tier_1_primary_pharmacy,Y,Y,
1003919390,HASKELL DRUG STORE INC,100 S AVENUE E,,HASKELL,TX,795215711,9408642673,OWNER,333600000X|3336C0003X,tier_1_primary_pharmacy,Y,Y,
1558464479,QUALITY PHARMACY,408 N AVENUE B,,SHINER,TX,779847126,3615942262,PIC,3336L0003X|3336C0003X,tier_1_primary_pharmacy,Y,Y,
1245333699,"BELLE PHARMACY, LLC","1100 JACKSON STREET, SUITE D",,RICHMOND,TX,77469,3462304125,PIC/AUTHORIZED SIGNATORY,333600000X|3336C0004X|3336C0003X,tier_1_primary_pharmacy,Y,Y,
1821192899,B-J PHARMACY INC,2111 HUNTER RD,,SAN MARCOS,TX,786665102,5123923301,OWNER,333600000X|3336C0004X|3336C0003X,tier_1_primary_pharmacy,Y,Y,
1730283706,FIESTA PHARMACY,2947 S BUCKNER BLVD,STE 500,DALLAS,TX,752276952,2142758066,OWNER,333600000X|3336C0003X,tier_1_primary_pharmacy,Y,Y,
1912001983,VINA PHARMACY,4700 SETON CENTER PKWY,STE 115,AUSTIN,TX,787595295,5123720440,PIC,3336C0003X|333600000X,tier_1_primary_pharmacy,Y,Y,
1467556431,UM PHARMACY,963 FEDERAL RD,,HOUSTON,TX,770154801,7134535100,PIC,3336C0003X,tier_1_primary_pharmacy,Y,Y,
1336243054,FFACTS PHARMACY,527 N LEONA ST,C-202,SAN ANTONIO,TX,782073110,2103589660,VICE PRES./CHIEF REVENUE OFFICER,3336C0003X,tier_1_primary_pharmacy,Y,Y,
1073618302,MEDI-PARK PHARMACY,1920 MEDI PARK DR,,AMARILLO,TX,791062104,8063595496,OWNER-PHARMACIST,3336C0003X,tier_1_primary_pharmacy,Y,Y,
1073617593,BAYLOR UNIV HEALTH CENTER PHARMACY,209 SPEIGHT AVE,STE 214,WACO,TX,767061507,2547104991,PIC,3336C0003X,tier_1_primary_pharmacy,Y,Y,
1689779456,P & S REXALL PHARMACY INC,829 N MAIN ST,,CORSICANA,TX,751103048,9038745691,OWNER,3336C0004X|3336C0003X,tier_1_primary_pharmacy,Y,Y,
1407951288,"OAKDELL COMPOUNDING PHARMACY, LLC",7220 LOUIS PASTEUR DR,STE 168,SAN ANTONIO,TX,782294537,2106146200,CFO,333600000X|3336H0001X|3336C0004X,tier_1_primary_pharmacy,Y,Y,
1003911876,QUINLAN PHARMACY LLC,733 E QUINLAN PKWY,,QUINLAN,TX,75474,9033562449,PRESIDENT,3336C0004X|3336C0003X,tier_1_primary_pharmacy,Y,Y,
1972600252,GENERIC PHARMACY INC,13125 EAST FWY,,HOUSTON,TX,770155803,7134519969,PHRMCST,333600000X|3336C0003X,tier_1_primary_pharmacy,Y,Y,
1548367477,BEST DISCOUNT PHARMACY,2316 34TH ST,,LUBBOCK,TX,794111634,8067954353,PRESIDENT,333600000X|3336C0003X,tier_1_primary_pharmacy,Y,Y,
1700984358,AP PHARMACY LLC,2329 N RIVERSIDE DR,,FORT WORTH,TX,761112904,8178382319,OFFICER,3336C0003X,tier_1_primary_pharmacy,Y,Y,
1972600120,SALINAS PHARMACY INC.,500 N SAM HOUSTON BLVD STE A,,SAN BENITO,TX,785864669,9563995501,PIC,3336C0003X,tier_1_primary_pharmacy,Y,Y,
1447357348,ARAPAHO PHARMACY,57 ARAPAHO VILLAGE,,RICHARDSON,TX,75088,9722357133,PHARMACIST IN CHARGE,3336C0003X,tier_1_primary_pharmacy,Y,Y,
1699873190,"LAREDO DOWNTOWN PHARMACY, INC.",1219 MATAMOROS ST,,LAREDO,TX,780405069,9567264512,OWNER,333600000X,tier_1_primary_pharmacy,Y,Y,
1386741569,"L & B DRUG, INC.",701 HICKORY ST,,ABILENE,TX,796015005,3256779191,PRESIDENT,3336L0003X|333600000X,tier_1_primary_pharmacy,Y,Y,
1669579504,SOUTHSIDE PHARMACY INC,3141 GOLLIHAR RD,,CORPUS CHRISTI,TX,784155057,3618528288,PHARMACIST OWNER,333600000X|3336C0003X,tier_1_primary_pharmacy,Y,Y,
1578660411,JORDAN PHARMACY INC,107 N RICE ST,,HAMILTON,TX,765311857,2543863111,OWNER,3336L0003X|3336C0004X|333600000X|3336C0003X,tier_1_primary_pharmacy,Y,Y,
1487751327,B & B PHARMACY INC,300 N BALLARD ST,,PAMPA,TX,790656542,8066655788,PRESIDENT,333600000X|3336L0003X|3336C0003X,tier_1_primary_pharmacy,Y,Y,
1396842134,ECONOMY PROFESSIONAL PHARMACY INC,112 S MONTGOMERY ST,,SAN AUGUSTINE,TX,759721943,9362752346,PRESIDENT OWNER,333600000X|3336C0003X,tier_1_primary_pharmacy,Y,Y,
1396842571,"SALINAS PHARMACY, INC.",1022 S F ST,,HARLINGEN,TX,785506749,9564251156,CEO/ PHARMACIST,3336C0003X,tier_1_primary_pharmacy,Y,Y,
1831297878,EASTLAND DRUG COMPANY INCORPORATED,805 W MAIN ST,,EASTLAND,TX,764482536,2546291791,PHARMACIST AND OWNER,333600000X|3336C0003X,tier_1_primary_pharmacy,Y,Y,
1780782771,HALE CENTER CLINICAL PHARMACY LLC,601 AVENUE G,,HALE CENTER,TX,790411450,8068392466,PRESIDENT/PIC,333600000X|3336C0003X,tier_1_primary_pharmacy,Y,Y,
1740389139,MED RX SYSTEMS,802A E UNIVERSITY DR,,EDINBURG,TX,785393632,9563832600,OWNER/RPH,3336C0003X,tier_1_primary_pharmacy,Y,Y,
1336248376,MILES DRUG COMPANY,122 N EAST ST,,ATLANTA,TX,75551,9037962815,PHARMACIST OWNER,3336C0003X,tier_1_primary_pharmacy,Y,Y,
1699875930,MAXOR NATIONAL PHARMACY SERVICES LLC,1058 HERCULES AVE,,HOUSTON,TX,770582722,2814800327,PRESIDENT PHARMACY SERVICES,333600000X|3336C0003X,tier_1_primary_pharmacy,Y,Y,
1144320482,MAXOR NATIONAL PHARMACY SERVICES LLC,6101 43RD ST STE C,,LUBBOCK,TX,794073750,8006586046,"PRESIDENT, PHARMACY SERVICES",3336H0001X|3336S0011X|333600000X|3336C0003X,tier_1_primary_pharmacy,Y,Y,
1871693119,MAXOR NATIONAL PHARMACY SERVICES LLC,216 S POLK ST,,AMARILLO,TX,791011407,8666296779,PRESIDENT PHARMACY SERVICES,3336H0001X|3336S0011X|333600000X|3336C0003X,tier_1_primary_pharmacy,Y,Y,
1114027414,HIGHLANDER PHARMACY LLC,2225 VATICAN LN,,DALLAS,TX,752244719,8173752036,"MANAGER, PHARMACY LICENSING/CONTRAC",3336C0004X|3336C0003X,tier_1_primary_pharmacy,Y,Y,
1952401259,"FOUNDER PROJECT RX, INC.",800 8TH AVENUE,SUITE #130,FORT WORTH,TX,76104,8173355712,"PRESIDENT, MANAGING OFFICER",333600000X|3336S0011X|3336C0003X,tier_1_primary_pharmacy,Y,Y,
1013008499,"HAWK PHARMACY, INC",120 W PARK AVE,,IOWA PARK,TX,76367,9405924191,OWNER,3336C0003X|3336L0003X,tier_1_primary_pharmacy,Y,Y,
1093806408,RGV DOCTORS PHARMACY LLC,5416 S JACKSON RD STE B,,EDINBURG,TX,785398332,9566860008,CHIEF PHARMACIST,333600000X,tier_1_primary_pharmacy,Y,Y,
1255423612,"SAENZ MEDICAL PHARMACY RIDGE, INC.",1200 E RIDGE RD,SUITE 13,MCALLEN,TX,785031527,9566302500,OWNER/ PRESIDENT/PHARMACIST,3336C0003X,tier_1_primary_pharmacy,Y,Y,
1033201702,"GILLEY'S PHARMACY, INC",2600 W JEFFERSON,227,DALLAS,TX,75211,2149465111,PRES,333600000X,tier_1_primary_pharmacy,Y,Y,
1689767030,MEDICAL PLAZA PHARMACY INC,13725 NORTHWEST BLVD,SUITE 130,CORPUS CHRISTI,TX,784105127,3613870005,PIC OWNER,333600000X|3336C0003X,tier_1_primary_pharmacy,Y,Y,
1497848840,"AMEX PHARMACY NO.2,INC",906 WAYSIDE DR,STE P,HOUSTON,TX,770112518,7134579333,PHARMACIST,3336C0003X,tier_1_primary_pharmacy,Y,Y,
1215020664,NOLEN PHARMACY INC,700 W DICKINSON BLVD,,FORT STOCKTON,TX,797354230,4323362201,STORE MANAGER,333600000X|3336C0003X,tier_1_primary_pharmacy,Y,Y,
1942393392,CANADIAN PHARMACY MANAGEMENT LLC,200 CHEYENNE AVE,,CANADIAN,TX,790143018,8063236171,PIC,3336L0003X|333600000X|3336C0004X|3336C0003X,tier_1_primary_pharmacy,Y,Y,
1760575112,ALMEDA PHARMACY,5445 ALMEDA RD,,HOUSTON,TX,770047434,7135331508,PRESIDENT,3336C0003X,tier_1_primary_pharmacy,Y,Y,
1679666028,"LAMAR PLAZA DRUG STORE LA&B, LLC",1509 S LAMAR BLVD,STE 550,AUSTIN,TX,787042965,5124426777,"CO-OWNER, PHAMD",333600000X|3336C0004X|3336S0011X|3336C0003X,tier_1_primary_pharmacy,Y,Y,
1588757934,PRO SCRIPT PHARMACY SERVICES INC,911 S AIRPORT DR,,WESLACO,TX,785966651,9569693784,OWNER,333600000X|3336C0003X,tier_1_primary_pharmacy,Y,Y,
1396838629,"SCHULZ & WROTEN PHARMACY, INC.",122 N WASHINGTON ST,,BEEVILLE,TX,781024509,3613581150,PHARMACIST IN CHARGE,3336C0003X,tier_1_primary_pharmacy,Y,Y,
1699868729,HIGHLAND PARK DRUG STORE INC,3801 N CAPITAL OF TEXAS HWY STE G200,,AUSTIN,TX,787461487,5123298667,PRESIDENT,333600000X|3336C0003X,tier_1_primary_pharmacy,Y,Y,
1649363318,CHANDLER DRUG LLC,201 STATE HIGHWAY 31 E,,CHANDLER,TX,757582378,9038496442,OWNER,3336L0003X|333600000X|3336C0003X,tier_1_primary_pharmacy,Y,Y,
1407949217,CANTUS PHARMACY,504 S CLOSNER BLVD,,EDINBURG,TX,785394660,9563831239,OWNER,3336C0003X|3336C0004X,tier_1_primary_pharmacy,Y,Y,
1376638999,PRESBYTERIAN APOTHECARY,8210 WALNUT HILL LN STE 113,,DALLAS,TX,752314418,2143457759,STAFF,333600000X|3336C0003X,tier_1_primary_pharmacy,Y,Y,
1366536583,GIBSON PHARMACY,2505 S CARRIER PKWY,,GRAND PRAIRIE,TX,750525017,9722640268,PHARMACIST,3336C0004X|3336C0003X,tier_1_primary_pharmacy,Y,Y,
1437243623,REMEDIES PHARMACY INC,25 MEDICAL DR,,AMARILLO,TX,791064169,8062429400,PRESIDENT,3336C0003X,tier_1_primary_pharmacy,Y,Y,
1487748257,VALENZUELA ZAMORA SAN BENITO DRUG STORE INC,606 N ED CAREY DR STE B,SUITE B,HARLINGEN,TX,785507986,9563642600,VICE PRESIDENT OWNER,3336C0003X,tier_1_primary_pharmacy,Y,Y,
1497849251,JERRY MCWILLIAMS PHARMACY INC,3706 COLLEGE AVE,,SNYDER,TX,795494625,3255737582,OWNER,3336C0003X,tier_1_primary_pharmacy,Y,Y,
1821182643,JAYS PHARMACY,610 S BROADWAY ST,,MCALLEN,TX,785014906,9566824525,OWNER,3336C0003X,tier_1_primary_pharmacy,Y,Y,
1740374693,GREENSPOINT PHARMACY AND HEALTHCARE SERVICES LLC,12941 NORTH FWY STE 418,,HOUSTON,TX,770601242,2818724177,RPH/OWNER,3336C0003X|333600000X,tier_1_primary_pharmacy,Y,Y,
1215022975,TACKETT PHARMACY,132 EL CHICO TRL,,WILLOW PARK,TX,760878865,8174417046,OWNER PHARMACIST IN CHARGE,3336C0003X,tier_1_primary_pharmacy,Y,Y,
1568557635,PROFESSIONAL PHARMACY ENTERPRISES OF LANCASTER INC.,2700 W PLEASANT RUN RD STE 250,,LANCASTER,TX,751461004,9722232623,PRESIDENT,3336C0003X,tier_1_primary_pharmacy,Y,Y,
1417042268,"SANDER PHARMACY OF WESLACO, INC.",916 E 6TH ST,,WESLACO,TX,785966414,9569684528,PRESIDENT,333600000X|3336C0004X|3336C0003X,tier_1_primary_pharmacy,Y,Y,
1063507267,GEE SHIPMAN PHARMACY,140 WEST LAMAR,,JASPER,TX,75951,4093844646,PHARMACIST OWNER,3336C0003X,tier_1_primary_pharmacy,Y,Y,
1578659314,FAMILY PHARMACY OF POTTSBORO,111 HIWAY 120E,SUITE 101,POTTSBORO,TX,750760000,9037862006,OWNER,3336C0003X,tier_1_primary_pharmacy,Y,Y,
1407943798,RED OAK DRUG INC,106 E OVILLA RD STE 1,,RED OAK,TX,751542480,9726172222,OWNER/PHARMACIST,3336C0004X|3336C0003X,tier_1_primary_pharmacy,Y,Y,
1194812396,L & R PHARMACY INC,215 ELLINGER RD,,LA GRANGE,TX,789453005,9799686404,PRESIDENT,333600000X|3336C0003X,tier_1_primary_pharmacy,Y,Y,
1003903204,PLEASANT GROVE PHARMACY,3302 RICHMOND RD,,TEXARKANA,TX,755030703,9038324545,OWNER AND PHARMACIST,333600000X|3336C0003X,tier_1_primary_pharmacy,Y,Y,
1730276932,DEANS PHARMACY,2217 PERRYTON PKWY,,PAMPA,TX,790653522,8066696896,OWNER,3336L0003X|3336M0002X|333600000X|3336C0003X,tier_1_primary_pharmacy,Y,Y,
1275620189,TEXAS CANCER ASSOCIATES PHARMACY,8440 WALNUT HILL LN,SUITE 600,DALLAS,TX,752313833,2147391706,CEO,3336C0003X,tier_1_primary_pharmacy,Y,Y,
1881781763,WILCOX DRUG STORE INC,1208 MILLER ST,,ANAHUAC,TX,775140220,4092676141,VP PIC,333600000X|3336C0003X,tier_1_primary_pharmacy,Y,Y,
1407944382,"DAVY CROCKETT DRUG, INC.",107 S 4TH ST,,CROCKETT,TX,75835,9365442275,PRESIDENT,333600000X|3336L0003X|3336C0003X,tier_1_primary_pharmacy,Y,Y,
1578651683,LUPARELLOS CORNER PHARMACY LLC,3570 FANNETT RD,,BEAUMONT,TX,777051365,4098423222,OFFICER,3336C0003X,tier_1_primary_pharmacy,Y,Y,
1740379726,LOUIS MORGAN DRUG NO 5 INC,101 N RUSK ST,,OVERTON,TX,756841333,9038343178,OWNER,3336C0003X,tier_1_primary_pharmacy,Y,Y,
1912096850,KINDLE DRUG INC,511 E GARLAND ST,,GRAND SALINE,TX,751401984,9039623900,PHARMACIST,3336C0003X,tier_1_primary_pharmacy,Y,Y,
1609965789,SHAWS PHARMACY,102 E COMMERCE ST,,CROWELL,TX,79227,9406841581,OWNER,3336C0003X,tier_1_primary_pharmacy,Y,Y,
1801985593,RX PHARMACY INC,5600 S WILLOW DR,STE 113,HOUSTON,TX,770354713,7137234601,PHARMACY MANAGER,333600000X|3336C0003X,tier_1_primary_pharmacy,Y,Y,
1710076401,GOLDER PROFESSIONAL PHARMACY INC,319 GOLDER AVE,,ODESSA,TX,797615009,4323377311,VP AND OWNER,333600000X|3336C0003X,tier_1_primary_pharmacy,Y,Y,
1891885364,PORTER DRUG,1522 MAIN,,PETERSBURG,TX,79250,8066672231,OWNER PORTER DRUG,3336C0003X,tier_1_primary_pharmacy,Y,Y,
1841380219,BUNA PHARMACY LLC,351 TX STATE HIGHWAY 62,,BUNA,TX,776126473,4099943535,MANAGER,333600000X|3336C0003X,tier_1_primary_pharmacy,Y,Y,
1811087356,WALKER PHARMACY,402 B W UPSHUR,,GLADEWATER,TX,75647,9038452573,OWNER,3336C0003X,tier_1_primary_pharmacy,Y,Y,
1487744876,"STONE OAK PHARMACY, LP",18866 STONE OAK PKWY,SUITE: 101,SAN ANTONIO,TX,78258,2104944272,DIRECTOR OF PHARMACY / PIC / OWNER,333600000X|3336C0004X|3336C0003X,tier_1_primary_pharmacy,Y,Y,
1619067691,ALEXANDER PHARMACY LP,123 LEVERIDGE,,EAST BERNARD,TX,77435,9793354810,"OWNER,PIC,AO",3336C0004X|3336C0003X,tier_1_primary_pharmacy,Y,Y,
1952481459,HIGHLAND PARK DRUG STORE,3910 FAR WEST BLVD,,AUSTIN,TX,787312901,5123453712,PRESIDENT/PHARMACIST,3336C0003X,tier_1_primary_pharmacy,Y,Y,
1861573008,BAYOS PHARMACY,2100 W COLORADO BLVD,,DALLAS,TX,75211,2149434631,PRESIDENT PHARMACIST IN CHARGE,3336C0003X,tier_1_primary_pharmacy,Y,Y,
1346322286,HARLINGEN MED-CENTER PHARMACY,5505 S EXPRESSWAY 77,SUITE 104,HARLINGEN,TX,785503214,9564125900,OWNER PHARMACIST,3336C0003X,tier_1_primary_pharmacy,Y,Y,
1679655633,"MEDICAL MED-CHOICE PHARMACY, LLC","3001 N. 23RD ST., STE. 9",,MCALLEN,TX,78501,9566182828,OWNER/MEMBER,3336C0003X,tier_1_primary_pharmacy,Y,Y,
1306928361,CONQUEST PLAZA PHARMACY LLC.,308 CONQUEST BLVD.,,EDINBURG,TX,78539,9562872882,COMPLIANCE OFFICER,333600000X|3336C0004X|3336C0003X,tier_1_primary_pharmacy,Y,Y,
1821170002,"THREE RIVERS PHARMACY, LLC",101 W. THORNTON,,THREE RIVERS,TX,78071,3617863757,VICE PRESIDENT,3336C0003X,tier_1_primary_pharmacy,Y,Y,
1891877676,"TEXAS SPECIALTY PHARMACY, LLC",1200 BINZ STREET,SUITE 260 A,HOUSTON,TX,770046925,7135416567,CEO,333600000X|3336C0003X,tier_1_primary_pharmacy,Y,Y,
1700968583,"KILLION'S PHARMACY, LLC",396 W TEXAS AVE,,WASKOM,TX,756929113,9036872525,OWNER/PIC,333600000X|3336C0003X,tier_1_primary_pharmacy,Y,Y,
1982787362,"RX HERRERA PHARMACY, INC.",1801 GUST ST,SUITE # 1,LAREDO,TX,780415414,9567270607,CHIEF PHARMACIST,3336C0003X,tier_1_primary_pharmacy,Y,Y,
1033293162,EXPERTISE PHARMACY,8885 W BELLFORT ST,STE A,HOUSTON,TX,770312567,7137743331,PRESIDENT,3336C0003X,tier_1_primary_pharmacy,Y,Y,
1942384078,TARRYTOWN PHARMACY LLC,2727 EXPOSITION BLVD,STE 105,AUSTIN,TX,787031228,5124786419,PRESIDENT,333600000X|3336L0003X|3336C0003X,tier_1_primary_pharmacy,Y,Y,
1972687614,EDGEWOOD DRUG INC,115 N HOUSTON ST,,EDGEWOOD,TX,751172502,9038961473,OWNER,333600000X|3336C0003X,tier_1_primary_pharmacy,Y,Y,
1023193042,MIDTOWN PHARMACY LLC,12156 ALMEDA RD,,HOUSTON,TX,770453724,7134348349,CFO,333600000X,tier_1_primary_pharmacy,Y,Y,
1699850628,"DAVIS CITY PHARMACY,INC",111 TRINITY ST,,WEATHERFORD,TX,760863358,8175943851,PRESIDENT,3336C0004X|3336C0003X,tier_1_primary_pharmacy,Y,Y,
1669557955,CHANEY FAMILY PHARMACY LLC,1001 HICKORY ST,,COLORADO CITY,TX,795125213,3257288030,PRESIDENT,333600000X|3336C0003X,tier_1_primary_pharmacy,Y,Y,
1578648861,KIM LONG PHARMACY,2800 TRAVIS ST,14A,HOUSTON,TX,770063550,7135201290,PIC,333600000X|3336C0003X,tier_1_primary_pharmacy,Y,Y,
1518042803,"WEST OLD CORNER DRUG, INC",200 N MAIN ST,,WEST,TX,766911207,2548265122,PHARMACIST/PRESIDENT,333600000X|3336C0003X,tier_1_primary_pharmacy,Y,Y,
1174609994,"TEXANS PEOPLE PHARMACY AND WELLNESS CTR, LLC",6609 W SAM HOUSTON PKWY S STE 98B,,HOUSTON,TX,77072,7139958885,MEMBER MANAGED,333600000X|3336C0003X,tier_1_primary_pharmacy,Y,Y,
1639255185,ADAMS PHARMACY INC,309 N HAMPTON RD,,DESOTO,TX,751154915,9722230444,PHARMACIST PRESIDENT,3336C0003X,tier_1_primary_pharmacy,Y,Y,
1376629865,"TRAVIS C. MEITZEN,JR HUDMAN DRUG",201 N MAIN ST,,SAN ANGELO,TX,769034841,3256556961,OWNER PHARMACIST,333600000X|3336C0003X,tier_1_primary_pharmacy,Y,Y,
1285710319,"SALFITI SPRINGTOWN PHARMACY, LLC",209 W HIGHWAY 199 STE 103,,SPRINGTOWN,TX,760822648,8172207927,MANAGING PARTNER,333600000X|3336L0003X|3336C0003X,tier_1_primary_pharmacy,Y,Y,
1114003266,FAMILY FIRST PHARMACY LP,16623 OLD JACKSONVILLE HWY,STE A,TYLER,TX,75703,9035612822,OWNER,3336C0003X,tier_1_primary_pharmacy,Y,Y,
1932286804,MED PHARMACY,7447 HARWIN DR,STE C-1,HOUSTON,TX,770362016,7139520505,OWNER,333600000X|3336C0003X,tier_1_primary_pharmacy,Y,Y,
1841376761,ANJANA PHARMACY LLC,2130 E LEDBETTER DR,,DALLAS,TX,75216,2143743559,OFFICER,333600000X|3336C0003X,tier_1_primary_pharmacy,Y,Y,
1467539288,MURARI PHARMACY LLC,1201 W CAMP WISDOM RD,,DALLAS,TX,752323446,2143762709,PIC,333600000X|3336C0003X,tier_1_primary_pharmacy,Y,Y,
1003994518,"ADVANT-EDGE PHARMACY, INC",1576 LOMALAND DR,,EL PASO,TX,799354202,9155950409,PRESIDENT,3336H0001X|3336L0003X|333600000X|3336C0003X,tier_1_primary_pharmacy,Y,Y,
1477630895,KEYES PHARMACY LLC,928 N HOBART ST,,PAMPA,TX,790655204,8066691202,OWNER - SOLE MEMBER,3336L0003X|3336C0003X,tier_1_primary_pharmacy,Y,Y,
1417036393,"PINELAND PHARMACY, LLC",502 BUSINESS PARKWAY,,RICHARDSON,TX,75081,2145799967,MANAGER,333600000X|3336C0003X,tier_1_primary_pharmacy,Y,Y,
1982783650,O K PHARMACY INC,122 S MAIN ST,,DONNA,TX,785373226,9564642200,PRESIDENT OWNER PIC,333600000X|3336C0003X,tier_1_primary_pharmacy,Y,Y,
1790864460,BAYER PHARMACY INC,219 MAIN ST,,SMITHVILLE,TX,789571839,5122372211,PRES,3336C0003X,tier_1_primary_pharmacy,Y,Y,
1043399447,GENERX DISCOUNT PHARMACY INC.,1235 S JOSEY LN STE 533,,CARROLLTON,TX,750067665,9724178895,PHARMACY MANAGER,3336C0003X,tier_1_primary_pharmacy,Y,Y,
1144399155,PHAM & SONS CORP. DBA CENTRAL PHARMACY,2808 SAN JACINTO ST,,HOUSTON,TX,770042700,7137590321,PHARMACIST IN CHARGE,3336C0003X,tier_1_primary_pharmacy,Y,Y,
1679642250,"M & S PHARMACY, INC.",917 E AUSTIN ST,,NACOGDOCHES,TX,759652845,9365647373,DIRECTOR,3336C0003X,tier_1_primary_pharmacy,Y,Y,
1124197074,POWER CENTER PHARMACY INC,12401 S POST OAK RD,STE E,HOUSTON,TX,770452020,7137213303,OFFICER,333600000X|3336C0003X,tier_1_primary_pharmacy,Y,Y,
1215006168,C&R PHARMACY,2308 EXPRESSWAY 83 STE A,,PENITAS,TX,785768399,9562711064,PRESIDENT/OWNER,3336C0003X,tier_1_primary_pharmacy,Y,Y,
1619046448,LIFECARE PHARMACY OF DENVER CITY INC,403 MUSTANG DR,,DENVER CITY,TX,793232749,8065922765,MEMBER/CFO,333600000X|3336C0003X,tier_1_primary_pharmacy,Y,Y,
1083783526,"CUB DRUG, INC.",116 E MAIN ST,,OLNEY,TX,763741922,9405645551,OWNER,3336C0003X,tier_1_primary_pharmacy,Y,Y,
1760552848,ATRIUM PHARMACY INC,425 HOLDERRIETH BLVD,STE 111,TOMBALL,TX,773754543,2813518239,"OWNER, PIC",333600000X|3336C0003X,tier_1_primary_pharmacy,Y,Y,
1164592978,BENTLEY PHARMACY,201 W MOORE AVE,,TERRELL,TX,751603115,9725633311,OWNER,3336C0003X,tier_1_primary_pharmacy,Y,Y,
1396816518,R & L PHARMACY LLC,900 W SAM HOUSTON BLVD STE 3,,PHARR,TX,785775215,9562830911,OWNER/PIC,333600000X|3336C0003X,tier_2_secondary_pharmacy,N,Y,
1801967039,MARAS PHARMACY LLC,1301 W SAM HOUSTON BLVD UNIT B,,PHARR,TX,785775669,9567821156,PRESIDENT,3336C0003X,tier_1_primary_pharmacy,Y,Y,
1760553788,GUARDIAN ANGEL PHARMACY,1537 ZARAGOSA,STE 1A,EL PASO,TX,79936,9158500713,CEO/OWNER,333600000X|3336C0004X|3336C0003X,tier_1_primary_pharmacy,Y,Y,
1699846212,PARKSIDE PHARMACY,6449 COIT RD STE 116,,FRISCO,TX,750358670,9727120649,DIRECTOR,3336C0003X,tier_1_primary_pharmacy,Y,Y,
1063584555,A & P PHARMACY INC,2919 MARKUM DR,,HALTOM CITY,TX,761174004,8172221574,OWNER,333600000X|3336C0003X,tier_1_primary_pharmacy,Y,Y,
1285706861,NELSON PRESCRIPTION PHARMACY,805 E TAHOKA ROAD,,BROWNFIELD,TX,79316,8066373533,OWNER,3336C0003X,tier_1_primary_pharmacy,Y,Y,
1225100027,HOUSTON SOUTHSIDE PHARMACY,2626 S LOOP W,STE 404,HOUSTON,TX,770542654,7138399400,OWNER,3336C0003X,tier_1_primary_pharmacy,Y,Y,
1134291933,"PARK PLACE HC PHARMACY, LLC",9250A BELLAIRE BLVD,,HOUSTON,TX,770364548,7138476800,OWNER,333600000X|3336C0003X,tier_1_primary_pharmacy,Y,Y,
1043382849,HALLETTSVILLE PHARMACY LLC,304 N TEXANA ST,,HALLETTSVILLE,TX,779642322,3617985010,PRESIDENT / OWNER,333600000X|3336C0004X|3336L0003X|3336C0003X,tier_1_primary_pharmacy,Y,Y,
1104990639,BANDERA APOTHECARY LP,2270 SPRINGLAKE RD # 800B,,FARMERS BRANCH,TX,752345872,2108020511,OWNER/MANAGING PARTNER,333600000X|3336C0003X,tier_1_primary_pharmacy,Y,Y,
1831263367,DRUG CRAFTERS LP,5680 FRISCO SQUARE BLVD STE 1100,,FRISCO,TX,750343308,2146183511,VP OF OPERATIONS,3336S0011X|3336C0003X|333600000X|3336C0004X,tier_1_primary_pharmacy,Y,Y,
1740354273,OAK CLIFF PHARMACY LLC,3436 S POLK ST,,DALLAS,TX,752243804,2143712815,OWNER MANAGER,333600000X|3336C0003X,tier_1_primary_pharmacy,Y,Y,
1982778452,MED CARE PHARMACY INC,213 W SCURRY ST STE C,,DAINGERFIELD,TX,756381661,9036455933,PRESIDENT PHARMACIST,3336C0003X,tier_1_primary_pharmacy,Y,Y,
1164596433,JAMES DRUG INC,100 WEST MAIN ST,,WAXAHACHIE,TX,751653710,9729374710,OWNER PHARMACIST,3336C0003X,tier_1_primary_pharmacy,Y,Y,
1386718674,STRIPLINGS PHARMACY LLC,1205 N MOUND ST,,NACOGDOCHES,TX,759614028,9365644646,MANAGER,3336C0003X,tier_1_primary_pharmacy,Y,Y,
1013082692,AMERICARE PHARMACY INC,217 N WEAVER ST,,GAINESVILLE,TX,762403953,9406686868,PIC,333600000X|3336C0003X,tier_1_primary_pharmacy,Y,Y,
1922173509,VN DISCOUNT PHARMACY,2216 NEW YORK AVE,STE 202,ARLINGTON,TX,760100809,8172619889,PIC,333600000X|3336C0003X,tier_1_primary_pharmacy,Y,Y,
1295800878,HOUSTON ST PHARMACY,210 W HOUSTON ST,,TYLER,TX,757028136,9035268030,GM,3336C0003X,tier_1_primary_pharmacy,Y,Y,
1346316213,TOPS PHARMACY SERVICES - AUSTIN SOUTH,4101 JAMES CASEY ST,SUITE 100,AUSTIN,TX,787453325,5124165132,DIRECTOR,3336C0003X,tier_1_primary_pharmacy,Y,Y,
1134295892,LUNAS FRIENDLY PHARMACY INC,2176 E GARRISON ST,STE D,EAGLE PASS,TX,788525071,8307526088,PRESIDENT,333600000X|3336C0003X,tier_1_primary_pharmacy,Y,Y,
1770659435,KVM PHARMACY SOLUTIONS LLC,208 S COMMERCIAL ST,,GOLIAD,TX,779634189,3616453261,MEMBER,333600000X|3336C0003X,tier_1_primary_pharmacy,Y,Y,
1457427916,ABC PHARMACY INC.,107 GILMER ST N,,SULPHUR SPRINGS,TX,754822675,9038853121,PRESIDENT,333600000X,tier_1_primary_pharmacy,Y,Y,
1154497592,AGAPE PHARMACY SERVICES INC.,2540 N GALLOWAY AVE STE 201,,MESQUITE,TX,751504813,2142311300,PRESIDENT,333600000X,tier_1_primary_pharmacy,Y,Y,
1205904299,"MEADOWBROOK PHARMACY, INC.",6637 MEADOWBROOK DR,,FORT WORTH,TX,761125240,8174515611,PRESIDENT,3336C0003X,tier_1_primary_pharmacy,Y,Y,
1881762680,TEXAS INJURED WORKERS PHARMACY,2204 PARK SPRINGS BLVD,STE B,ARLINGTON,TX,760135642,8178613784,PIC,3336C0004X|333600000X|3336S0011X,tier_1_primary_pharmacy,Y,Y,
1306914809,HASKELL DRUG STORE INC,100 S AVENUE E,STE B,HASKELL,TX,795215711,9408642674,OWNER PIC,333600000X|3336L0003X,tier_1_primary_pharmacy,Y,Y,
1629136460,WOODY WEAVER PHARMACY,2722 WEST GENTRY PARKWAY,,TYLER,TX,75702,9035932533,OWNER,333600000X,tier_1_primary_pharmacy,Y,Y,
1023177938,CRAWFORD PHARMACY OF BANDERA LLC,907 N MAIN,,BANDERA,TX,78003,8304604205,MEMBER/CFO,333600000X,tier_1_primary_pharmacy,Y,Y,
1922167949,HITCHCOCK PHARMACY,202 HIGHWAY 3,,LA MARQUE,TX,775685928,4099383787,CHIEF PHARMASIST,333600000X,tier_1_primary_pharmacy,Y,Y,
1376602375,NATIONAL HEALTH PHARMACY LTD,251 W MEDICAL CENTER BLVD,STE 100,WEBSTER,TX,775984242,2813322496,OWNER,333600000X|3336C0003X,tier_1_primary_pharmacy,Y,Y,
1427117423,SCARSDALE PHARMACY,12600 SCARSDALE BLVD,SUITE B,HOUSTON,TX,770896270,2414816600,PHARMACIST,3336C0003X,tier_1_primary_pharmacy,Y,Y,
1265591135,PALESTINE PHARMACY LLC,101 MEDICAL DR,,PALESTINE,TX,758014781,9037293100,OWNER MANAGER,3336C0003X,tier_1_primary_pharmacy,Y,Y,
1104985761,EMPIRE PHARMACY AND MEDICAL CENTER INC.,1302 S GENERAL MCMULLEN DR,,SAN ANTONIO,TX,782374200,2104345581,OWNER,333600000X,tier_1_primary_pharmacy,Y,Y,
1396804837,MGS PHARMACY INC,2505 W BELT LINE RD,SUITE 600,LANCASTER,TX,751461930,9722238787,PHARMACIST IN CHARGE,3336C0003X,tier_1_primary_pharmacy,Y,Y,
1801955273,PILOT POINT PHARMACY LTD.,1340 N HIGHWAY 377,STE 100,PILOT POINT,TX,76258,9406860123,SECRETARY,333600000X|3336C0003X,tier_1_primary_pharmacy,Y,Y,
1689734949,"WESTY'S PHARMACY, INC.",113 S MAIN ST,,LOCKHART,TX,786442740,5123982114,MANAGER,3336C0003X,tier_1_primary_pharmacy,Y,Y,
1366502338,FRITCH DRUG & GIFT SHOPPE INC,105 W BROADWAY ST,,FRITCH,TX,790368882,8068573176,PHARMACIST AND PRES,333600000X|3336C0003X,tier_1_primary_pharmacy,Y,Y,
1790845683,COACH'S RX INC,100 N TEXAS AVE,SUITE A,MERCEDES,TX,785702723,9565142420,PHARMACIST,3336C0004X|3336C0003X,tier_1_primary_pharmacy,Y,Y,
1629138490,THE PHARMACY,6630 SOUTHWEST FWY,,HOUSTON,TX,770742210,7132665425,PHARMACIST-IN-CHARGE,333600000X,tier_1_primary_pharmacy,Y,Y,
1619038783,MARTINEZ PHARMACY LC,1407 JACAMAN RD,,LAREDO,TX,780416194,9567227600,OWNER AND PIC,333600000X|3336C0004X|3336C0003X,tier_1_primary_pharmacy,Y,Y,
1659432474,MERIDIAN PHARMACY GROUP NW HIGHWAY INC,1120 E PLEASANT RUN RD STE 405,,DESOTO,TX,751153512,2143331600,PHARMACIST,333600000X|3336C0003X,tier_1_primary_pharmacy,Y,Y,
1174684245,PALMER PHARMACY PLUS INC,2731 W NORTHWEST HWY,STE 105,DALLAS,TX,752204788,2147659238,PHARMACIST,3336C0004X|3336C0003X,tier_1_primary_pharmacy,Y,Y,
1891856969,PROFESSIONAL PHARMACY II,1221 W AIRPORT FWY STE 111,,IRVING,TX,750626296,9725141277,OWNER/RPH,333600000X|3336C0003X,tier_1_primary_pharmacy,Y,Y,
1265593339,CITY DRUG OF BRADY INC,704 W 17TH ST,,BRADY,TX,768256936,3255972325,OWNER,333600000X|3336C0003X,tier_1_primary_pharmacy,Y,Y,
1407917495,"FAMILY PHARMACY, INC",2418 SOUTHMORE,,PASADENA,TX,77502,7134723138,PHARMACY OWNER,3336C0003X,tier_1_primary_pharmacy,Y,Y,
1346301413,MOORES PHARMACY INC,5945 MCARDLE RD STE 101,,CORPUS CHRISTI,TX,784123491,3618532061,PRESIDENT,333600000X|3336C0004X|3336C0003X,tier_1_primary_pharmacy,Y,Y,
1831250885,CRANE PHARMACY LLC,515 S ALFORD ST,,CRANE,TX,797312517,4325582411,MANAGER,333600000X,tier_1_primary_pharmacy,Y,Y,
1225199292,"JERRY'S PHARMACY, LTD",2793 MAIN ST,,INGLESIDE,TX,783625901,3617762577,"PHARMACIST, OWNER",333600000X,tier_1_primary_pharmacy,Y,Y,
1912068776,L & B DRUG INC,701 HICKORY ST,,ABILENE,TX,796015005,3256779191,PRESIDENT,3336C0003X|333600000X,tier_1_primary_pharmacy,Y,Y,
1831251453,"OZONA PHARMACY, LLC",804 11TH ST,,OZONA,TX,76943,3253922666,MANAGER,333600000X|3336C0003X,tier_1_primary_pharmacy,Y,Y,
1194887349,ALAMEDA THRIFTY PHARMACY INC,4900 ALAMEDA AVE,,EL PASO,TX,799052802,9157725331,PHARMACIST,3336C0003X,tier_1_primary_pharmacy,Y,Y,
1497817837,GARZA PHARMACY,1200 S 10TH AVE,,EDINBURG,TX,785395516,9563835314,OWNER,3336C0003X,tier_1_primary_pharmacy,Y,Y,
1730241670,S & J KRUM PHARMACY INC,900 E MCCART ST STE 800,,KRUM,TX,76249,9404821972,CEO,3336C0003X,tier_1_primary_pharmacy,Y,Y,
1992867949,GROVE MEDICAL CENTER PHARMACY,1143 S BUCKNER BLVD,,DALLAS,TX,752174304,2143912414,PHARMACIST,3336C0003X,tier_1_primary_pharmacy,Y,Y,
1316009277,CAPSULE PHARMACY,213 MEYER ST.,,TAFT,TX,78390,3615283121,PHARMACIST,3336C0003X,tier_1_primary_pharmacy,Y,Y,
1215099148,HALLSVILLE DRUG & HARDWARE LLC,100 EAST MAIN,,HALLSVILLE,TX,75650,9036682012,RPH,3336C0003X,tier_1_primary_pharmacy,Y,Y,
1700949096,"BELLS FAMILY DRUG, LLC",103 WEST BELLS BOULEVARD,,BELLS,TX,75414,9039657383,OFFICER,3336C0003X,tier_1_primary_pharmacy,Y,Y,
1154484210,TEXAS BLUEBONNET PHARMACY,808 UTILITY RD,,SANGER,TX,762669131,9404583184,CEO,333600000X,tier_1_primary_pharmacy,Y,Y,
1649333469,MOORE'S PHARMACY INC.,1000 E HOUSTON ST,,BEEVILLE,TX,781025259,3613582811,VICE PRESIDENT,3336C0003X,tier_1_primary_pharmacy,Y,Y,
1861556680,MERKEL DRUG COMPANY,121 EDWARDS ST,,MERKEL,TX,795363801,3259285012,OWNER PHARMACIST IN CHARGE,333600000X|3336L0003X|3336C0003X,tier_1_primary_pharmacy,Y,Y,
1770647497,MEDART PHARMACY LLC,120 W 4TH ST,,JUSTIN,TX,762475014,9406482222,"OWNER, PIC",333600000X|3336C0003X,tier_1_primary_pharmacy,Y,Y,
1427113851,"HIGHPOINT PHARMACY, LP",800 W ARBROOK,SUITE 140,ARLINGTON,TX,76015,8174663607,"MANAGING OFFICER, AUTHORIZED OFFICI",333600000X|3336C0004X|3336C0003X,tier_1_primary_pharmacy,Y,Y,
1336204767,CAVIELS PHARMACY,1719 AVENUE A,,LUBBOCK,TX,794015334,8067655311,CO OWNER CHIEF PHCST,333600000X|3336C0003X,tier_1_primary_pharmacy,Y,Y,
1154486587,"BRACKETTVILLE PHARMACY, LLC",201 N NIXON AVE,,NIXON,TX,781402723,8305821851,OWNER,3336C0003X,tier_1_primary_pharmacy,Y,Y,
1881759215,PHARMACY 1 PLUS INC,6776 SOUTHWEST FWY,STE 102,HOUSTON,TX,770742107,7137820558,OWNER,333600000X|3336C0003X,tier_1_primary_pharmacy,Y,Y,
1699830026,KIM MORE PHARMACY CORPORATION,7601 W SAM HOUSTON PKWY S,STE 900,HOUSTON,TX,770725227,7137771414,OWNER,333600000X|3336C0003X,tier_1_primary_pharmacy,Y,Y,
1417012840,VIETNAM PHARMACY,2621 MILAM ST STE C,SUITE C,HOUSTON,TX,770062300,7135200205,PIC,333600000X|3336C0003X,tier_1_primary_pharmacy,Y,Y,
1326103755,ACORN PHARMACY INC,5315 ROSS AVE,,DALLAS,TX,752067418,2148870744,PRESIDENT,333600000X|3336C0003X,tier_1_primary_pharmacy,Y,Y,
1235294661,PROFESSIONAL PAVILION PHARMACY INC,315 N SAN SABA,STE 110,SAN ANTONIO,TX,782073154,2102127455,OWNER,333600000X|3336C0003X,tier_1_primary_pharmacy,Y,Y,
1235294729,DNA PHARMACY,9419 MESA DR,,HOUSTON,TX,770281202,7136333362,PHARMACIST,3336C0003X|333600000X,tier_1_primary_pharmacy,Y,Y,
1154486538,OCHOA RX LLC,1002 S 10TH AVE,SUITE A,EDINBURG,TX,785395514,9563810967,OWNER,3336C0003X,tier_1_primary_pharmacy,Y,Y,
1215092325,RX CLUB OF AMERICA PLLC,10 CHAPEL LANE,,NEW BOSTON,TX,75570,9032235229,PRESIDENT,333600000X|3336C0003X,tier_1_primary_pharmacy,Y,Y,
1104981216,"CRIMSON CARE PHARMACY GROUP I., LLC",203 E JEFFERSON AVE,,WHITNEY,TX,766922302,2546942249,PHARMACIST / OWNER,333600000X|3336C0003X,tier_1_primary_pharmacy,Y,Y,
1619032976,SALFITI CANTON PHARMACY INC,300 S BUFFALO STREET,,CANTON,TX,75103,9035674129,PRESIDENT,3336C0003X|3336L0003X,tier_1_primary_pharmacy,Y,Y,
1437214699,OCHOA RX LLC,301 CONQUEST,,EDINBURG,TX,785393040,9563185159,OWNER,333600000X|3336C0003X,tier_1_primary_pharmacy,Y,Y,
1700943073,MATOKE INCORPORATED SOUTHSIDE PHARMACY,14041 NORTHWEST BLVD,STE 2B,CORPUS CHRISTI,TX,784105137,3617671300,PIC OWNER,3336C0003X,tier_1_primary_pharmacy,Y,Y,
1952468308,ACE PHARMACY INC,5631 TELEPHONE RD,STE C,HOUSTON,TX,77087,7136409682,OWNER,3336C0003X,tier_1_primary_pharmacy,Y,Y,
1265599641,SAIGON-HOUSTON PHARMACY LLC.,8388 W SAM HOUSTON PKWY SOUTH,SUITE 186,HOUSTON,TX,77072,2815645400,PHARMACIST IN CHARGE,3336C0003X,tier_1_primary_pharmacy,Y,Y,
1881751287,LONGBINES PHARMACY INC,810 WW RAY CIR,,BRIDGEPORT,TX,764262061,9406834011,OWNER,333600000X|3336C0003X,tier_1_primary_pharmacy,Y,Y,
1841357167,SAIGON HOUSTON PHARMACY LLC,8388 W SAM HOUSTON PKWY S,STE 186,HOUSTON,TX,770725079,2815645400,OWNER AND PIC,3336C0003X,tier_1_primary_pharmacy,Y,Y,
1124185574,ALBRECHTS PHARMACY INC,506 W 5TH ST,,CLIFTON,TX,766341615,2546758398,PHARM,3336L0003X|333600000X|3336C0003X,tier_1_primary_pharmacy,Y,Y,
1396802724,ABILITY PHARMACY INC,558 HEMPHILL ST,,FORT WORTH,TX,761042252,8178821111,CEO/PRESIDENT/PIC,3336H0001X|3336C0003X,tier_1_primary_pharmacy,Y,Y,
1366599458,"VALMED PHARMACY SOLUTIONS, LLC",6700 SW 9TH AVE STE C,,AMARILLO,TX,791061729,8063506337,OWNER,3336S0011X|333600000X|3336C0003X|3336C0004X,tier_2_secondary_pharmacy,N,Y,
1467509943,FD PHARMACY INC,29810 FM 1093 RD,STE B,FULSHEAR,TX,774413922,2813462020,PIC,3336C0003X,tier_1_primary_pharmacy,Y,Y,
1497803407,WALKERS PHARMACY,112 W MAIN ST,,MADISONVILLE,TX,778641905,9363482671,OWNER,333600000X|3336C0003X,tier_1_primary_pharmacy,Y,Y,
1538218995,DUNCAN PHARMACY INC,3110 NOGALITOS,STE 107,SAN ANTONIO,TX,782252336,2105321345,PRESIDENT PIC,3336C0003X,tier_1_primary_pharmacy,Y,Y,
1124176136,WALTERS PHARMACY INC,250 W PALM ST,,BELLVILLE,TX,774181361,9798653696,PIC,3336L0003X|333600000X|3336C0003X,tier_1_primary_pharmacy,Y,Y,
1033267042,TEXAS PARKWAY PHARMACY,1110 FM 2234 RD,STE 200,STAFFORD,TX,774776483,2812081346,OWNER,3336C0003X,tier_1_primary_pharmacy,Y,Y,
1306994363,MUENSTER PHARMACY INC,511 N MAPLE ST,,MUENSTER,TX,762522425,9407592833,OWNER,333600000X|3336C0003X,tier_1_primary_pharmacy,Y,Y,
1598814857,PANHANDLE DRUG STORE LLC,201 MAIN STREET,,PANHANDLE,TX,79068,8065373034,PRESIDENT,333600000X|3336L0003X|3336C0003X,tier_1_primary_pharmacy,Y,Y,
1184774424,MEDICAL CENTER EAST PHARMACY,7112 LYONS AVE,,HOUSTON,TX,770205361,7136752625,PIC AND OWNER,333600000X|3336C0003X,tier_1_primary_pharmacy,Y,Y,
1174673339,LOPEZ PHARMACY,5850 FM 802 STE C8,,BROWNSVILLE,TX,785265206,9568380800,OWNER PHARMACIST,3336C0003X,tier_1_primary_pharmacy,Y,Y,
1770633703,HENRIETTA PHARMACY INC,124 N BRIDGE ST,,HENRIETTA,TX,763652804,9405384361,PHARMACIST,3336C0003X,tier_1_primary_pharmacy,Y,Y,
1093866212,"NORTH SIDE PHARMACY, INC.",1601 W UNIVERSITY DR,,MCKINNEY,TX,750693445,9725424481,MANNGER,333600000X,tier_2_secondary_pharmacy,N,Y,
1588715585,S & J PHARMACY INC,801 E CHAPMAN DR # 100,,SANGER,TX,76266,9404584448,OWNER,333600000X|3336C0004X|3336C0003X,tier_1_primary_pharmacy,Y,Y,
1053462838,KRAEGE DRUG STORE,113 E MAIN ST,,YORKTOWN,TX,781642030,3615642216,PARTNER,3336C0003X,tier_1_primary_pharmacy,Y,Y,
1225180383,JC PHARMACY,900 W SAM HOUSTON ST,SUITE 3,PHARR,TX,785775217,9567821144,OWNER,333600000X,tier_1_primary_pharmacy,Y,Y,
1912059262,OAKDELL PHARMACY LLC,423 TREELINE PARK,STE 201,SAN ANTONIO,TX,782092060,2108226330,CFO,3336C0004X|333600000X|3336C0003X,tier_1_primary_pharmacy,Y,Y,
1821140179,U S PHARMACY INC,6619 FOREST HILL DR,STE 20,FOREST HILL,TX,761401233,8174789191,PRESIDENT OWNER,333600000X|3336C0003X,tier_1_primary_pharmacy,Y,Y,
1194877456,UNIVERSITY PHARMACY LLC,1205 N RAUL LONGORIA RD,STE F,SAN JUAN,TX,78589,9569614870,PHARMACIST IN CHARGE,333600000X|3336C0003X,tier_1_primary_pharmacy,Y,Y,
1275686925,M & S TOWER PHARMACY INC,730 N MAIN AVE,S 107,SAN ANTONIO,TX,78205,2102252951,PRESIDENT,333600000X,tier_1_primary_pharmacy,Y,Y,
1760535900,WESTPARK DISCOUNT PHARMACY,350 WESTPARK WAY,STE 300,EULESS,TX,760403964,8175456600,PRESIDENT & CEO,3336C0003X,tier_1_primary_pharmacy,Y,Y,
1295888394,PROFESSIONAL PLAZA PHARMACY INC,1005 YORK DR,SUITE 105,DESOTO,TX,751152083,9725721939,CHIEF PHARMACIST,3336C0003X,tier_1_primary_pharmacy,Y,Y,
1053465617,TMT CARE PHARMACY LLC,12060 BELLAIRE BLVD,SUITE E,HOUSTON,TX,770722569,2819333573,OWNER,3336C0003X,tier_1_primary_pharmacy,Y,Y,
1215081666,MEDICAL DISCOUNT PHARMACY LP,1316 7TH ST,,ROSENBERG,TX,774713531,2812323940,CEO,3336C0003X,tier_1_primary_pharmacy,Y,Y,
1497809842,J AND J PHARMACY INC,310 N RIDGEWAY DR,,CLEBURNE,TX,760335102,8176459138,OWNER,333600000X|3336C0003X,tier_1_primary_pharmacy,Y,Y,
1376698969,"DANIEL DRUG, INC",3409 W 7TH ST,,FORT WORTH,TX,761072718,8173326386,PRES,333600000X,tier_1_primary_pharmacy,Y,Y,
1548316854,SANITARIUM DRUG CO,423 LIVE OAK ST,,MARLIN,TX,766612367,2548833541,VICE PRESIDENT,3336C0003X,tier_1_primary_pharmacy,Y,Y,
1699811703,NICKS PHARMACY,1815 TEXAS AVE,,BRIDGE CITY,TX,776112833,4097355323,PHARMACIST,3336C0003X,tier_1_primary_pharmacy,Y,Y,
1821134958,KOTZEBUE DRUG INC,525 N SAINT JOSEPH ST,,GONZALES,TX,786294019,8306728505,OWNER AND PIC,333600000X|3336L0003X|3336C0003X,tier_1_primary_pharmacy,Y,Y,
1770629875,PALACE DRUG STORE,131 N MAIN AVE,,DENVER CITY,TX,793233237,8065922525,PHARMACIST,3336C0003X,tier_1_primary_pharmacy,Y,Y,
1669518783,CASTLE HILLS PHARMACY LLC,3412 SAM HOUSTON DR,,VICTORIA,TX,779042238,3615756328,OWNER,333600000X|3336C0003X,tier_1_primary_pharmacy,Y,Y,
1285770032,ABILENE H.O.G. PHARMACY,2000 PINE ST,,ABILENE,TX,796012434,3256902300,PHARMACIST,3336C0003X,tier_1_primary_pharmacy,Y,Y,
1942347109,DE LA ROSA PHARMACY,1112 E GRIFFIN PKWY,,MISSION,TX,785722407,9565859110,OFFICE MANAGER,3336C0003X,tier_2_secondary_pharmacy,N,Y,
1437296605,DE LA ROSA PHARMACY,1500 E 6TH ST,,WESLACO,TX,785966606,9569680403,OFFICE MANAGER,3336C0003X,tier_1_primary_pharmacy,Y,Y,
1619013232,CULLEN CARE PHARMACY INC,5751 BLYTHEWOOD ST,,HOUSTON,TX,770215402,7137472100,OWNER/CEO,3336C0003X,tier_1_primary_pharmacy,Y,Y,
1437295052,AS PHARMACY L.L.C.,6611 RIVER PLACE BLVD STE 103,,AUSTIN,TX,787301170,5124875759,OWNER,333600000X|3336C0004X|3336C0003X,tier_1_primary_pharmacy,Y,Y,
1235277229,HP PHARMACY,1919 NORTH LOOP W,STE 275B,HOUSTON,TX,770081374,7138637800,PRESIDENT,3336C0003X,tier_1_primary_pharmacy,Y,Y,
1336287291,LY'S PHARMACY INC,3675 BOCA CHICA BLVD,STE D,BROWNSVILLE,TX,785214483,9565442059,PRESIDENT,333600000X|3336C0003X,tier_1_primary_pharmacy,Y,Y,
1225176837,"PARIS APOTHECARY, LLC",707 LAMAR AVE STE B,,PARIS,TX,754604460,9037854208,MANAGING MEMBER,3336C0003X,tier_1_primary_pharmacy,Y,Y,
1518005123,MIEARS PHARMACY AND HOME HEALTH CARE,707 LAMAR AVE,SUITE A,PARIS,TX,754604492,9037851679,PRESIDENT,3336C0003X,tier_2_secondary_pharmacy,N,Y,
1538208095,RIVERSIDE PHARMACY DBA CANAL PHARMACY,2502 CANAL ST,,HOUSTON,TX,770031523,7132275583,OWNER CHIEF PHARMACIST,333600000X,tier_1_primary_pharmacy,Y,Y,
1700925955,"MCCRORY'S PHARMACY, INC",6151 DEW DR,SUITE 100,EL PASO,TX,799123909,9155819655,PRESIDENT,3336C0004X|3336C0003X,tier_1_primary_pharmacy,Y,Y,
1013057652,MARTIN PHARMACY INVESTMENTS PLLC,4290 KINSEY DR,,TYLER,TX,757031024,9035615656,PRESIDENT,3336C0003X,tier_1_primary_pharmacy,Y,Y,
1699814483,FIRST LONE STAR PHARMACY GROUP III LLC,504 N BROADWAY ST,,JOSHUA,TX,760583414,8172958531,MANAGING PARTNER,333600000X|3336C0003X,tier_1_primary_pharmacy,Y,Y,
1780723353,HILLCROFT PLAZA PHARMACY INC.,6655 HILLCROFT ST,108,HOUSTON,TX,770814815,7135416655,MANAGING OFFICER,3336C0003X,tier_1_primary_pharmacy,Y,Y,
1861532368,TIGUA PHARMACY INC,8269 N LOOP DR,,EL PASO,TX,799074234,9155902800,OWNER (PIC ),3336C0003X,tier_1_primary_pharmacy,Y,Y,
1689714610,DARCY PHARMACY LLC,11210 BELLAIRE BLVD,SUITE 130,HOUSTON,TX,770722527,2819888300,PHARMACIST OWNER,333600000X,tier_1_primary_pharmacy,Y,Y,
1568502003,NORTHWOOD PHARMACY INC,9999 HOMESTEAD RD,,HOUSTON,TX,770163725,7136333600,PRESIDENT PHARMACIST-IN-CHARGE,333600000X|3336C0003X,tier_1_primary_pharmacy,Y,Y,
1568502722,CLINICAL CARE PHARMACY,2770 N SAM HOUSTON PKWY W,,HOUSTON,TX,770381206,2812728700,PHARMACIST,3336C0003X,tier_1_primary_pharmacy,Y,Y,
1083754139,"DRIPPING SPRINGS PHARMACY LA&B, LLC",100 COMMONS RD STE 1,,DRIPPING SPRINGS,TX,786203966,5128587935,"CO-OWNER, PHAMD",333600000X|3336C0003X,tier_1_primary_pharmacy,Y,Y,
1356482996,ROGERS PHARMACY #4,6502 NURSERY DR,SUITE 102,VICTORIA,TX,779041178,3615720226,OWNER,3336C0003X,tier_1_primary_pharmacy,Y,Y,
1588705123,ROGERS PHARMACY #3,512 E RIO GRANDE ST,,VICTORIA,TX,779016033,3615720226,OWNER,3336C0003X,tier_1_primary_pharmacy,Y,Y,
1518008143,ROGERS PHARMACY #2,2700 CITIZENS PLZ,SUITE 106,VICTORIA,TX,779015754,3615820503,OWNER,3336C0003X,tier_1_primary_pharmacy,Y,Y,
1912048430,"BONHAM FAMILY DRUG, LLC",100 E SAM RAYBURN DR,,BONHAM,TX,75418,9035837325,OFFICER,333600000X|3336L0003X|3336C0004X|3336C0003X,tier_1_primary_pharmacy,Y,Y,
1578603429,C & G PHARMACY,11618 ALDINE WESTFIELD RD,,HOUSTON,TX,770932303,2814424201,PIC,3336C0003X,tier_1_primary_pharmacy,Y,Y,
1114067956,SMITH DRUG CO,114 N TENNESSEE,,MCKINNEY,TX,75069,9725424431,PIC,333600000X,tier_1_primary_pharmacy,Y,Y,
1043351331,E & E PHARMACY,6969 GULF FREEWAY,SUITE 340,HOUSTON,TX,77087,7138478989,PHARMACIST IN CHARGE,333600000X,tier_1_primary_pharmacy,Y,Y,
1639210057,POLK PHARMACY,"8 MEDICAL PKWY, PLAZA 11",SUITE 106,FARMERS BRANCH,TX,75234,9722474322,PHARMACIST-IN-CHARGE,333600000X,tier_1_primary_pharmacy,Y,Y,
1063553238,"EAST END PHARMACY, INC.",6802 NAVIGATION BLVD,,HOUSTON,TX,770111453,7139235959,OWNER,333600000X,tier_1_primary_pharmacy,Y,Y,
1508908112,INTRACARE COMMUNITY PHARMACY LLC,1120 CYPRESS STATION DR,STE 110,HOUSTON,TX,770903002,7137907821,CEO,3336L0003X|3336C0003X,tier_1_primary_pharmacy,Y,Y,
1902947849,GILMER DRUG COMPANY,112 DAVIS ST,,GILMER,TX,756442210,9038435631,PHARMACIST,3336C0003X,tier_1_primary_pharmacy,Y,Y,
1932240777,MAY DRUG,506 E COMMERCE ST,,JACKSONVILLE,TX,757664910,9035862208,PHARMACIST,3336C0003X,tier_1_primary_pharmacy,Y,Y,
1841331600,VELAS PHARMACY,2000 S MCCOLL RD,STE A,MCALLEN,TX,785031501,9566318352,PHARMACIST,3336C0003X,tier_1_primary_pharmacy,Y,Y,
1851432694,VINA PHARMACY,546 9TH AVE,,PORT ARTHUR,TX,776423322,4099828856,PHARMACIST,3336C0003X,tier_1_primary_pharmacy,Y,Y,
1952443426,"ONCOLOGY PHARMACY SERVICES, INC",500 W 3RD ST,,ODESSA,TX,797615010,4323370012,EXECUTIVE DIRECTOR,333600000X|3336C0003X|3336S0011X,tier_1_primary_pharmacy,Y,Y,
1043352537,PRINCETON PHARMACY INC.,501 E. PRINCETON DR,SUITE 100,PRINCETON,TX,75407,9727346281,OWNER,3336C0003X,tier_1_primary_pharmacy,Y,Y,
1275675167,"SPECIALIZED RX, INC",1416 N SAM HOUSTON PKWY E,STE 160,HOUSTON,TX,770322960,2819878500,MANAGER,3336C0003X|3336L0003X|3336S0011X|3336C0004X,tier_1_primary_pharmacy,Y,Y,
1871636738,TEXAS TECH STUDENT HEALTH PHARMACY,1003 FLINT AVE.,,LUBBOCK,TX,79409,8067432636,PHARMACSIT IN CHARGE,3336C0003X,tier_1_primary_pharmacy,Y,Y,
1275676439,TRAIL CREEK PHARMACY,350 WESTPARK WAY,300,EULESS,TX,760403958,8175713374,MANAGER,3336C0003X,tier_1_primary_pharmacy,Y,Y,
1831232149,MINU RX LTD,2918 SAN JACINTO ST,,HOUSTON,TX,770042708,7135237847,PIC,333600000X|3336C0004X|3336C0003X,tier_1_primary_pharmacy,Y,Y,
1972646032,HIGHLAND PARK PHARMACY INC,3229 KNOX ST,,DALLAS,TX,752054031,2145212126,PIC,333600000X|3336C0003X,tier_1_primary_pharmacy,Y,Y,
1730222738,POWERS PHARMACY NO 1 INC,702 WEST HOUSTON STREET,,LINDEN,TX,75563,9037567923,PHARMACIST,3336C0003X,tier_1_primary_pharmacy,Y,Y,
1699819995,"LOCK,S DRUG STORE AT BASTROP,INC",103 HIGHWAY 71 W,,BASTROP,TX,786023726,5123212422,PRES,3336C0003X,tier_1_primary_pharmacy,Y,Y,
1538203807,MOHRMANN'S DRUG STORE LLC,2405 WINDING WAY DR,,GONZALES,TX,786293246,8306722317,MEMBER-PIC,3336L0003X|3336C0003X,tier_1_primary_pharmacy,Y,Y,
1245374412,RODGERS PHARMACY,201 N WINFREE ST,,DAYTON,TX,775352653,9362587641,PHARMACIST,3336C0003X,tier_1_primary_pharmacy,Y,Y,
1760526891,"RX HERRERA PHARMACY, INC",1801 GUST ST,SUITE#1,LAREDO,TX,780415414,9567270607,"PRESIDENT,PHARMACIST IN CHARGE",333600000X,tier_1_primary_pharmacy,Y,Y,
1285779199,LORD AND A. PHARMACY,2949 MARTIN LUTHER KING JR BLVD STE 1,,DALLAS,TX,752156317,2144213133,PHARMACIST IN CHARGE,3336C0003X,tier_1_primary_pharmacy,Y,Y,
1457496473,WHITE CROSS RX LLC,1303 MCCULLOUGH AVE,SUITE 128,SAN ANTONIO,TX,782125609,2102277207,MANAGING MEMBER,333600000X,tier_1_primary_pharmacy,Y,Y,
1881739894,MUNIZ RIO GRANDE PHARMACY LLC,1117 S COMMERCE ST,,HARLINGEN,TX,785507706,9564231753,OWNER,3336C0003X|3336C0004X|3336M0002X,tier_1_primary_pharmacy,Y,Y,
1225173560,VINA PHARMACY INC,11207 N LAMAR BLVD STE A,,AUSTIN,TX,787533056,5129778844,PRESIDENT,333600000X|3336C0003X,tier_1_primary_pharmacy,Y,Y,
1821133455,LA HACIENDA PHARMACY INC,213 S DR E E DUNLAP ST,,SAN DIEGO,TX,783842801,3612793869,OWNER PRESIDENT,333600000X|3336C0003X,tier_1_primary_pharmacy,Y,Y,
1730224361,CAREY PROSPERIE PHARMACY INC,2119 E 5TH ST,,TYLER,TX,757013515,9035973383,THIRD PARTY PLAN COORDINATOR,3336C0003X,tier_1_primary_pharmacy,Y,Y,
1588799795,"SAENZ MEDICAL PHARMACY LONE STAR, INC.",2121 E GRIFFIN PKWY,SUITE 18,MISSION,TX,785723241,9565196500,OWNER VICE PRESIDENT,3336C0003X,tier_1_primary_pharmacy,Y,Y,
1174658397,"SAENZ MEDICAL PHARMACY NOLANA, INC",801 E NOLANA ST,SUITE 22,MCALLEN,TX,785046104,9566872500,OWNER PRESIDENT,333600000X,tier_1_primary_pharmacy,Y,Y,
1316082787,ROMA PHARMACY,700 E BRAVO BLVD,B,ROMA,TX,785845668,9568471688,PHARMACIST-IN-CHARGE,3336C0003X,tier_1_primary_pharmacy,Y,Y,
1568597177,MANAGED CARE PHARMACY,721 S. PALM,,PECOS,TX,79772,4324454916,RPH,333600000X,tier_1_primary_pharmacy,Y,Y,
1174658702,KING PINSON PHARMACY,920 AVENUE D,,ABERNATHY,TX,793113437,8062982222,OWNER AND PHARMACIST,333600000X|3336C0003X,tier_1_primary_pharmacy,Y,Y,
1184759912,"SAENZ MEDICAL PHARMACY OF PENITAS, INC.",1000 E EXPRESSWAY 83 STE 1,,LA JOYA,TX,785608304,9565852704,OWNER VICE PRESIDENT,3336C0003X,tier_1_primary_pharmacy,Y,Y,
1821123852,REDIGERS PHARMACY INC,724 S EDDY ST,,PECOS,TX,797723727,4324454916,RPH,333600000X,tier_1_primary_pharmacy,Y,Y,
1992830764,TCU PHARMACY LLC,2825 STADIUM DR,,FORT WORTH,TX,761091377,8172578849,"PIC, OWNER",3336C0003X,tier_1_primary_pharmacy,Y,Y,
1861528119,EPIC PHARMACY SERVICES INC,25530 I 45 NORTH,,SPRING,TX,77386,2812989797,CEO/PRESIDENT,3336C0003X,tier_1_primary_pharmacy,Y,Y,
1043345341,CENTER STREET PHARMACY INC.,2108 N CENTER ST,,BONHAM,TX,754182628,9035838017,OWNER,333600000X|3336C0003X,tier_1_primary_pharmacy,Y,Y,
1083740195,CANAL RX,3311 CANAL ST,,HOUSTON,TX,770031847,7134570752,PHARMACIST,3336C0003X,tier_1_primary_pharmacy,Y,Y,
1639205495,NBJ PHARMACY,7830 W GRAND PKWY S STE 160,,RICHMOND,TX,774065817,8322229450,OFFICER,3336C0004X|3336C0003X,tier_1_primary_pharmacy,Y,Y,
1285760231,DOCTOR'S PLAZA PHARMACY,1305 AIRPORT FWY STE 110,,BEDFORD,TX,760216603,8176257000,MANAGER,3336C0003X,tier_1_primary_pharmacy,Y,Y,
1548397656,ONCOLOGY PHARMACY SERVICES INC,3001 E PRESIDENT GEORGE BUSH HWY,100,RICHARDSON,TX,750823542,9729978087,CFO,333600000X|3336C0003X,tier_1_primary_pharmacy,Y,Y,
1538295944,TIDWELL PHARMACY,12280 BROADWAY ST BLDG 4 UNIT 4124,,PEARLAND,TX,775844352,7138848807,OWNER,333600000X|3336C0003X,tier_1_primary_pharmacy,Y,Y,
1477680692,"SAENZ MEDICAL PHARMACY OF MCALLEN, INC.",212 LINDBERG AVE,,MCALLEN,TX,785012920,9566306465,OWNER PRESIDENT,3336C0003X,tier_1_primary_pharmacy,Y,Y,
1306973532,SAENZ MEDICAL PHARMACY AT,2821 MICHAELANGELO DR,STE 103,EDINBURG,TX,785391404,9566184500,"OWNER,  AO",333600000X|3336C0003X,tier_1_primary_pharmacy,Y,Y,
1942337100,SAENZ MEDICAL PHARMACY NORTH LLC,6900 N 10TH ST STE 6,,MCALLEN,TX,785043151,9569280911,OWNER PARTNER,3336C0003X,tier_1_primary_pharmacy,Y,Y,
1356479612,BLUITTS PHARMACY,2809 CEDAR CREST BLVD,,DALLAS,TX,752034009,2149411258,OWNER,333600000X|3336C0003X,tier_1_primary_pharmacy,Y,Y,
1265560528,JEFFERSON PHARMACY INC,917 MANOR DR,,SAN ANTONIO,TX,782283227,2107345133,MANAGING MEMBER,3336L0003X|333600000X|3336C0003X,tier_1_primary_pharmacy,Y,Y,
1346378635,TRIUMPH PHARMACY,5501 INDEPENDENCE PKWY STE 100,,PLANO,TX,750235469,9727698800,PHARMACIST,3336C0003X,tier_1_primary_pharmacy,Y,Y,
1629106752,"LUNA'S FAMILY PHARMACY, INC.",1975 N VETERANS BLVD STE 3,,EAGLE PASS,TX,788524456,8307737800,PHARMACY MANAGER,3336C0003X,tier_1_primary_pharmacy,Y,Y,
1689702334,GLENWOOD PHARMACY,1400 COLLEGE DR,,TEXARKANA,TX,755033534,9037928296,PHARMACIST,3336C0003X,tier_1_primary_pharmacy,Y,Y,
1417085176,LONE STAR DRUG LLC,1441 S MIDLOTHIAN PKWY,STE 140,MIDLOTHIAN,TX,760655591,9727235500,PHARMACIST AND OWNER,333600000X|3336C0003X,tier_1_primary_pharmacy,Y,Y,
1326176082,PAULS HOUSE OF GENERIC PHARMACY,2302 45TH ST,SUITE 1,GALVESTON,TX,775507399,4097628959,OWNER,333600000X|3336C0003X,tier_1_primary_pharmacy,Y,Y,
1376672204,CITY DRUG STORE OF NOCONA INC,216 CLAY STREET,,NOCONA,TX,762550458,9408253226,PRESIDENT,3336C0003X,tier_1_primary_pharmacy,Y,Y,
1538299276,URBAN PHARMACY INC,8790 SOUTHWEST FREEWAY,,HOUSTON,TX,77074,7135419600,PIC,3336C0003X,tier_1_primary_pharmacy,Y,Y,
1750411799,NEW BOSTON PHARMACY INC,134 HWY 82 WEST,,NEW BOSTON,TX,75570,9036285505,OWNER PHARMACIST,333600000X,tier_1_primary_pharmacy,Y,Y,
1366572240,ALLEN FAMILY DRUG,400 N ALLEN DR,STE. 102,ALLEN,TX,750132555,9723909888,RPH,3336C0003X,tier_1_primary_pharmacy,Y,Y,
1710018072,JNR PHARMACY INC,2201 S 23RD ST,STE B,MCALLEN,TX,785035659,9569948795,OWNER,3336C0003X,tier_1_primary_pharmacy,Y,Y,
1538290507,EXPRESS CARE PHARMACY,1700 DALROCK RD,,ROWLETT,TX,750885501,9724756610,PHARMACIST-IN-CHARGE,3336C0003X,tier_1_primary_pharmacy,Y,Y,
1639200736,SCHROEDER DRUG,123 N MAIN ST,,LA GRANGE,TX,789452610,9799683116,OWNER AND PIC,3336C0003X,tier_1_primary_pharmacy,Y,Y,
1548391642,REDS PHARMACY LLC,3102 GARRETT DR,,PERRYTON,TX,790705324,8064353759,MANAGING MEMBER,3336C0003X,tier_1_primary_pharmacy,Y,Y,
1922130632,DE LA ROSA PHARMACY INC,1500 E 6TH ST,,WESLACO,TX,785966606,9569688995,C.E.O. OWNER,3336C0003X,tier_2_secondary_pharmacy,N,Y,
1487786091,S & J MEDICAL CENTER PHARMACY INC,1101 W EAGLE DR,SUITE C,DECATUR,TX,762343721,9406275400,PRESIDENT,3336C0004X|333600000X|3336C0003X,tier_1_primary_pharmacy,Y,Y,
1326170580,HOMESTEAD PHARMACY,8300 HOMESTEAD RD,,HOUSTON,TX,770282145,7136313117,OWNER VICE PRESIDENT,3336C0003X,tier_1_primary_pharmacy,Y,Y,
1346372414,CARE PHARMACY,213 E SAN PATRICIO AVE,,MATHIS,TX,783682347,3615472577,OWNER,333600000X,tier_1_primary_pharmacy,Y,Y,
1477685576,ARAPAHO PHARMACY,819 W ARAPAHO RD STE 57,,RICHARDSON,TX,750805038,9722357133,PHARMACIST IN CHARGE,333600000X,tier_1_primary_pharmacy,Y,Y,
1427180454,DRUG STORE INC,2305 W OAK ST,,PALESTINE,TX,758014063,9037314734,PRESIDENT / PIC,333600000X|3336C0003X,tier_1_primary_pharmacy,Y,Y,
1164555033,CARE PHARMACY,407 ORANGE,,ORANGE GROVE,TX,783721377,3613843090,OWNER,333600000X,tier_1_primary_pharmacy,Y,Y,
1649303090,"SCHULENBURG MEDICAL ASSOCIATES APOTHECARY, INC",38 EAST AVE,,SCHULENBURG,TX,789561611,9797433265,OWNER,3336C0003X,tier_1_primary_pharmacy,Y,Y,
1598899536,VITA-CARE PHARMACY INC,2500 FONDREN RD STE 180,,HOUSTON,TX,770632308,7137818675,OWNER,3336C0003X,tier_1_primary_pharmacy,Y,Y,
1366576811,TIDWELL PROFESSION PHARMACY INC,2310 TIDWELL RD,,HOUSTON,TX,770936731,7136945977,OWNER PHARMACIST,3336C0003X,tier_1_primary_pharmacy,Y,Y,
1316071004,CANTUS PHARMACY,105 E POLK ST,,PHARR,TX,785773110,9567837060,PHARMACIST,3336C0003X,tier_1_primary_pharmacy,Y,Y,
1649304189,MD PHARMACY,11540 EAGLE DR,STE A,BAYTOWN,TX,775237653,2815760106,ONWER,3336C0003X,tier_1_primary_pharmacy,Y,Y,
1669506366,CANTUS PHARMACY #4,5323 S MCCOLL RD STE 101,,EDINBURG,TX,785399116,9569940113,PHARMACIST,3336C0003X,tier_1_primary_pharmacy,Y,Y,
1255465779,EPICARE PHARMACY LLC,4703 TELEPHONE RD STE B,,HOUSTON,TX,770872315,7136955000,PHARMACY MANAGER,3336C0003X,tier_1_primary_pharmacy,Y,Y,
1801910997,SOUTH POST OAK PHARMACY,14206 S POST OAK RD,,HOUSTON,TX,770455234,7134337075,PRESIDENT,3336C0003X,tier_1_primary_pharmacy,Y,Y,
1962526327,BROWN'S PHARMACY & GIFTS,300 N CENTER ST,,SABINAL,TX,788810399,8309882312,"P.I.C. , OWNER (LLC MEMBER)",3336C0003X,tier_1_primary_pharmacy,Y,Y,
1841314101,RUSH PHARMACY LLC,2001 S CYNTHIA ST,,MCALLEN,TX,785031278,9566618800,DIRECTOR,3336C0004X|3336C0003X,tier_1_primary_pharmacy,Y,Y,
1922123017,PHARMACY PLUS INC,731 E SOUTHLAKE BLVD STE 180,,SOUTHLAKE,TX,760926382,8174101000,OWNER,3336C0004X|3336M0002X|3336C0003X,tier_1_primary_pharmacy,Y,Y,
1629193800,MEMORIAL CITY PROFESSIONAL PHARMACY,915 GESSNER RD,NO 200,HOUSTON,TX,770242527,7134617171,OWNER AND MANAGER,333600000X|3336C0002X,tier_1_primary_pharmacy,Y,Y,
1346366374,RRI PHARMACY LLC DBA RUSHING AND GONZALEZ DRUG,301 E MAIN ST,,ALICE,TX,783324966,3616644368,"PRESIDENT,CHIEF PHARMACIST",333600000X,tier_1_primary_pharmacy,Y,Y,
1811014285,LIBERTY PHARMACY LLC,411 MAIN ST,,SULPHUR SPRINGS,TX,754822762,9038850821,PRESIDENT,333600000X|3336C0004X|3336C0003X,tier_1_primary_pharmacy,Y,Y,
1619094398,DE LA ROSA PHARMACY,1500 E 6TH ST,,WESLACO,TX,785966606,9569688995,CEO OWNER,3336C0003X,tier_1_primary_pharmacy,Y,Y,
1104944289,PHARMACY COMPOUNDING SPECIALTIES,8061 WALNUT HILL LN,SUITE 924,DALLAS,TX,752314331,2143278200,STORE MANAGER,3336C0003X|3336S0011X|3336C0004X,tier_1_primary_pharmacy,Y,Y,
1013035195,ARMSTRONG RX LP,6020 WEST PARKER RD.,STE 270,PLANO,TX,75093,9723784107,OWNER,3336C0003X,tier_2_secondary_pharmacy,N,Y,
1750409413,"TAFT PHARMACY, INC.",213 MEYERS,,TAFT,TX,78390,3615282012,PRESIDENT,3336C0003X,tier_1_primary_pharmacy,Y,Y,
1457471187,"METRO PHARMACY, INC.",421 E AIRPORT FWY,,IRVING,TX,750626319,9722570904,CFO,333600000X,tier_1_primary_pharmacy,Y,Y,
1184744344,"CRESTVIEW PHARMACY, LLC",7100 WOODROW AVE,,AUSTIN,TX,787571802,5124529535,PHARMACIST,3336C0003X,tier_1_primary_pharmacy,Y,Y,
1083735542,AZLE PHARMACY LLC,411 MAIN ST,,SULPHUR SPRINGS,TX,754822762,9038850821,PRES,333600000X|3336L0003X|3336C0003X,tier_1_primary_pharmacy,Y,Y,
1598887531,"PERSONAL PHARMACY CONSULTANTS, LLC",420 PINSON RD,,FORNEY,TX,751269766,9725649000,OWNER,333600000X,tier_1_primary_pharmacy,Y,Y,
1003938275,CHAMPIONS FAMILY PHARMACY INC.,4712 AIRLINE DR,SUITE F,HOUSTON,TX,770223075,7136955222,PHARMACIST,3336C0003X,tier_1_primary_pharmacy,Y,Y,
1407979685,PEOPLES PHARMACY,3801 S LAMAR BLVD,,AUSTIN,TX,787047943,5124448866,ACCOUNTS RECEIVABLE,3336C0003X,tier_1_primary_pharmacy,Y,Y,
1992828172,PEOPLES PHARMACY,13860 N HIGHWAY 183,SUITE C,AUSTIN,TX,787501203,5122199499,ACCOUNTS RECEIVABLE,3336C0003X,tier_1_primary_pharmacy,Y,Y,
1114040391,PEOPLES PHARMACY,2805 BEE CAVES RD STE 416,,AUSTIN,TX,787465856,5123278877,AUTHORIZED SIGNER,3336C0003X,tier_1_primary_pharmacy,Y,Y,
1932323342,BROADWAY DRUG STORE INC,2027 BROADWAY ST,,GALVESTON,TX,775504635,4097657701,OWNER,3336C0003X,tier_1_primary_pharmacy,Y,Y,
1306061189,MEDICINE CHEST PHARMACY LLC,814 MONTGOMERY ROAD,,GRAHAM,TX,76450,9405498360,MANAGING MEMBER,3336C0003X,tier_2_secondary_pharmacy,N,Y,
1245457860,RAUL CASTILLO ECONOMY PHARMACY NO 3,305 PEABODY AVE,,SAN ANTONIO,TX,782112901,2109245528,PHARMACIST,3336C0003X,tier_1_primary_pharmacy,Y,Y,
1164649265,XAVIER PHARMACY III,96 BERRY RD,,HOUSTON,TX,770223057,7136971400,OWNER,3336C0003X,tier_1_primary_pharmacy,Y,Y,
1982821088,BRIDGE CITY PHARMACY LLC,1910 TEXAS AVE,,BRIDGE CITY,TX,776112834,4097355555,MANAGER,333600000X|3336C0003X,tier_1_primary_pharmacy,Y,Y,
1750508222,LA BLANCA PHARMACY INC,18360 FM 493,STE B,LA BLANCA,TX,78558,9562627662,PIC,3336C0003X,tier_1_primary_pharmacy,Y,Y,
1205054517,FIRST LONE STAR PHARMACY GROUP II,1925 E ROSEMEADE PKWY,,CARROLLTON,TX,750072438,9724924411,MANAGING PARTNER,3336C0004X|333600000X|3336C0003X,tier_1_primary_pharmacy,Y,Y,
1750509709,PEOPLES PHARMACY,4018 N LAMAR BLVD,,AUSTIN,TX,787563714,5124599090,ACCOUNTS RECEIVABLE,3336C0003X,tier_1_primary_pharmacy,Y,Y,
1285852111,HIGH PERFORMANCE PHARMACY LLC,21 SPURS LN,SL 120,SAN ANTONIO,TX,782401669,2106914779,PRESIDENT/PIC,3336C0003X,tier_1_primary_pharmacy,Y,Y,
1396964607,CONOLY DRUG INC OF DEVINE INC,200 S TEEL DR,,DEVINE,TX,780163210,8306632224,PRESIDENT MANAGER AND PIC,333600000X|3336C0003X,tier_1_primary_pharmacy,Y,Y,
1114146420,DE-VINE PHARMACY INC,840 E REDD RD,,EL PASO,TX,799127264,9158457600,OWNER/PRESIDENT,333600000X|3336C0003X,tier_1_primary_pharmacy,Y,Y,
1023237336,ABRAMS ROYAL PHARMACY,8220 ABRAMS RD,,DALLAS,TX,752311402,2143498000,PHARMACIST,333600000X|3336C0004X|3336S0011X|3336C0003X,tier_1_primary_pharmacy,Y,Y,
1346469459,DANA'S PHARMACY INC.,315 BURLINGTON AVE,,SPUR,TX,79370,8062713394,PRESIDENT,3336L0003X|3336C0003X,tier_1_primary_pharmacy,Y,Y,
1760602080,PALACE DRUG COMPANY,100 N MAIN,,RISING STAR,TX,76471,2546433231,OWNER,3336C0003X,tier_1_primary_pharmacy,Y,Y,
1619199965,WESTSIDE PHARMACY,8831 LONG POINT RD,SUITE 100,HOUSTON,TX,770553022,7136837800,MANGAGER,3336C0003X,tier_1_primary_pharmacy,Y,Y,
1316159320,"NGOLAM PHARMACY, INC.",8282 BELLAIRE BLVD,SUITE #154A,HOUSTON,TX,770364050,7132707366,VICE-PRESIDENT,3336C0003X,tier_1_primary_pharmacy,Y,Y,
1033321146,VALLEY BAPTIST PHARMACY SERVICES,"864 CENTRAL BLVD., STE. 1200",,BROWNSVILLE,TX,78520,9565440100,"EXECUTIVE VICE PRESIDENT, COO",3336C0003X,tier_1_primary_pharmacy,Y,Y,
1588876478,"SANTA MARIA PHARMACY, INC.",1222 W MONTE CRISTO RD,,EDINBURG,TX,785413873,9563837709,PHARMACIST IN CHARGE,3336C0003X,tier_1_primary_pharmacy,Y,Y,
1982817102,JORDAN PHARMACY,1332 HIGHWAY 16 S,,GRAHAM,TX,764504202,9405491011,OWNER,3336C0003X,tier_1_primary_pharmacy,Y,Y,
1073727517,OLTON PHARMACY,522 8TH ST,,OLTON,TX,790641053,8062853044,OWNER,3336C0003X,tier_1_primary_pharmacy,Y,Y,
1598970659,ACCU-MED PHARMACY INC,6776 SOUTHWEST FWY,STE 400,HOUSTON,TX,770742107,7132666097,PHARMACIST IN CHARGE,333600000X,tier_2_secondary_pharmacy,N,Y,
1730395906,PALMER PHARMACY PLUS INC,2731 W NORTHWEST HIGHWAY,SUITE 105,DALLAS,TX,75220,2147659238,PHARMACIST IN CHARGE,3336C0003X,tier_1_primary_pharmacy,Y,Y,
1891901757,"HILLCROFT PHARMACY, INC",6400 HILLCROFT ST,107,HOUSTON,TX,770813106,7139889996,PHARMACIST,3336C0003X,tier_1_primary_pharmacy,Y,Y,
1508073115,DE LA ROSA PHARMACY INC,524 W 2ND ST,,MERCEDES,TX,785702602,9565650251,CEO OWNER,3336C0003X,tier_1_primary_pharmacy,Y,Y,
1598972101,"COMPOUNDING SHOP PHARMACY, INC",11851 WILCREST DR STE A,,HOUSTON,TX,770311914,2814952230,PRESIDENT,3336C0004X|3336C0003X,tier_1_primary_pharmacy,Y,Y,
1982812368,CT PHARMACY LTD,2502 BUDDY OWENS AVE,,MCALLEN,TX,785045464,9569710600,OWNER PHARMACIST,3336C0003X,tier_1_primary_pharmacy,Y,Y,
1851500540,TOUCH RX PHARMACY,3223 S MAIN ST,,STAFFORD,TX,774775537,2814034066,PHARMACIST IN CHARGE,3336C0003X,tier_1_primary_pharmacy,Y,Y,
1629287453,PALMER PHARMACY PLUS INC,2731 W NORTHWEST HWY,SUITE 105,DALLAS,TX,752204788,2147659238,PHARMACIST/OWNER,333600000X,tier_1_primary_pharmacy,Y,Y,
1851501316,"NIKKI'S APOTHECARY, LLC",8610 MARTIN LUTHER KING JR. BLVD STE. A,,HOUSTON,TX,77033,7137337424,PIC/OWNER,3336C0003X,tier_1_primary_pharmacy,Y,Y,
1831390988,PEOPLE FIRST PHARMACY 2,2501 E. HEBRON PKWY.,#100A,CARROLLTON,TX,75010,9723004130,MANAGING PARTNER,3336C0003X|3336C0004X,tier_1_primary_pharmacy,Y,Y,
1396947024,"SHALLOWATER PHARMACY, LLC",1502 12TH ST STE B,,SHALLOWATER,TX,793635651,8068320250,OWNER,3336C0003X,tier_1_primary_pharmacy,Y,Y,
1528260452,BARKER'S PHARMACY,103 S. MAIN ST.,,MERIDIAN,TX,76665,2544352772,OWNER,3336C0003X,tier_1_primary_pharmacy,Y,Y,
1306049994,PHARMACY OF HOUSTON,820 HOLMAN ST,,HOUSTON,TX,770029520,7135292929,PIC,3336C0003X,tier_1_primary_pharmacy,Y,Y,
1952505281,HAMLIN PHARMACY,3801 S STAPLES ST,,CORPUS CHRISTI,TX,784112347,3618537303,OWNER,3336C0003X,tier_1_primary_pharmacy,Y,Y,
1144425810,"BROWNSVILLE FAMILY PHARMACY, INC",44 W JEFFERSON ST,SUITE A,BROWNSVILLE,TX,785206258,9565411112,PHARMACIST-IN-CHARGE,333600000X,tier_1_primary_pharmacy,Y,Y,
1902004112,FIKES BOOMTOWN DRUG,514 S. OKLAHOMA CUTOFF,,BURKBURNETT,TX,76354,9405695600,OWNER,3336L0003X|3336C0003X,tier_1_primary_pharmacy,Y,Y,
1396944179,PASADENA MEDICAL PLAZA PHARMACY,1430B PASADENA BLVD,,PASADENA,TX,77502,7134291842,PRESIDENT/CEO,3336C0003X,tier_1_primary_pharmacy,Y,Y,
1649470840,COMMUNITY PHARMACY,11226 SOUTHWEST FREEWAY,,HOUSTON,TX,77031,2818137709,OWNER/PHARMACIST,3336C0003X,tier_1_primary_pharmacy,Y,Y,
1871783324,"BUENA VISTA PHARMACY, INC",8920 US HIGHWAY 87 E STE 4A,,SAN ANTONIO,TX,782632238,2106489001,PRESIDENT,3336C0003X,tier_1_primary_pharmacy,Y,Y,
1427249598,TRUCARE PHARMACY,3330 HILLCROFT ST,SUIT V,HOUSTON,TX,770575800,7137811717,PHCY MANG,3336C0003X|3336M0002X|3336C0004X,tier_1_primary_pharmacy,Y,Y,
1649461443,BROOKFIELD PHARMACY LLC,18720 TOMBALL PKWY # A,,HOUSTON,TX,770704276,2818075544,PHARMACIST-IN-CHARGE,3336C0003X,tier_1_primary_pharmacy,Y,Y,
1396936977,ABRAMS ROYAL PHARMACY II,4909 W PARK BLVD STE 177,,PLANO,TX,750932311,9725997700,PHARMACIST/OWNER,3336C0003X,tier_1_primary_pharmacy,Y,Y,
1306038724,THE CORNER PHARMACY,4901 KELLER SPRINGS RD,SUITE 108,ADDISON,TX,750015930,4698284414,DIRECTOR OF PHARMACY OPERATIONS,333600000X,tier_1_primary_pharmacy,Y,Y,
1801089222,TX MED PHARMACY. INC,1002 FEDERAL RD,,HOUSTON,TX,770154804,7136971600,VICE PRESIDENT,3336C0003X,tier_1_primary_pharmacy,Y,Y,
1780878397,TRIAD PHARMACY INC,1162 E SONTERRA BLVD,SUITE 100,SAN ANTONIO,TX,782584047,2104907711,PRESIDENT,333600000X|3336C0003X,tier_1_primary_pharmacy,Y,Y,
1639363963,ALMEDA CENTER PHARMACY,13316 ALMEDA RD,,HOUSTON,TX,770456608,7134332727,PRESIDENT,333600000X,tier_1_primary_pharmacy,Y,Y,
1154518090,MED PHARMACY RX OF AMERICA,6401 SOUTHWEST FWY,SUITE 100,HOUSTON,TX,770742205,7137748301,DIRECTOR,3336C0003X,tier_1_primary_pharmacy,Y,Y,
1578750964,MERIT PHARMACY INC,5620 E SAM HOUSTON PKWY N,,HOUSTON,TX,770153249,2814573838,MANAGER,3336C0003X,tier_1_primary_pharmacy,Y,Y,
1588851067,CAMPBELLS COMPOUNDING PHARMACY INC,4760 SWEETWATER BLVD,STE 103,SUGAR LAND,TX,774793172,2819802555,OWNER,3336C0004X|3336M0002X|3336C0003X,tier_1_primary_pharmacy,Y,Y,
1043408842,AZTECA RX INC,24554 KINGSLAND BLVD,,KATY,TX,774943429,7136443600,OWNER,333600000X|3336C0003X,tier_1_primary_pharmacy,Y,Y,
1336337898,CAROUSEL PHARMACY,7112 ED BLUESTEIN BLVD STE 100,,AUSTIN,TX,787232913,5127735525,CLINICAL MANAGER,333600000X,tier_1_primary_pharmacy,Y,Y,
1578751822,SOUTHWEST PHARMACY,17115 RED OAK DR STE 105,,HOUSTON,TX,770902607,2818938665,PHARMACIST,333600000X|3336C0003X,tier_1_primary_pharmacy,Y,Y,
1265620587,TARRYTOWN PHARMACY,3111 W 35TH ST,,AUSTIN,TX,787031109,5124786419,PRESIDENT,3336C0003X,tier_1_primary_pharmacy,Y,Y,
1477742385,THE PFLUGERVILLE PHARMACY,15608 SPRING HILL LN,114,PFLUGERVILLE,TX,786603312,5129905226,PHARMACIST-IN-CHARGE,3336C0004X|3336C0003X,tier_1_primary_pharmacy,Y,Y,
1912196932,ACE MEDICAL PHARMACY,611 W BEN WHITE BLVD,,AUSTIN,TX,787047187,5124442391,PHARMACIST,333600000X|3336C0003X,tier_1_primary_pharmacy,Y,Y,
1164611745,LOTUSRX PHARMACY AND MEDICAL,11704 S WILCREST DR,,HOUSTON,TX,770994757,2819830399,PIC,333600000X|3336C0003X,tier_1_primary_pharmacy,Y,Y,
1063601540,TOTAL CARE PHARMACY EXPRESS,9600 FONDREN RD,STE B3,HOUSTON,TX,770963644,7137731477,OWNER,333600000X|3336C0003X,tier_1_primary_pharmacy,Y,Y,
1659560845,DOYLES PHARMACY,2425 SUNSET BLVD,,HOUSTON,TX,770051431,7135261771,OWNER,333600000X|3336C0004X|3336C0003X,tier_1_primary_pharmacy,Y,Y,
1477742666,EAST LAKE PHARMACY,10611 GARLAND RD,STE 104,DALLAS,TX,752182666,2143277334,OWNER,3336C0003X,tier_1_primary_pharmacy,Y,Y,
1861681058,NEIGHBORHOOD PHARMACY,2620 E 7TH ST,,AUSTIN,TX,787023958,5124764751,OWNER/PHARMACIST,3336C0003X,tier_1_primary_pharmacy,Y,Y,
1740479930,SOUTHERN FAMILY PHARMACY INC,9432 KATY FWY,STE 200,HOUSTON,TX,770556349,7134645343,BUSINESS MANAGER,3336C0002X|3336S0011X|3336C0003X,tier_1_primary_pharmacy,Y,Y,
1962681007,R & R COMPOUNDING PHARMACY LLC,2950 THOUSAND OAKS DR,SUITE 25,SAN ANTONIO,TX,782473361,2104240025,OWNER,3336S0011X|3336C0003X|333600000X,tier_1_primary_pharmacy,Y,Y,
1346429461,GUERRA PHARMACY INC,1618 N CONWAY AVE,,MISSION,TX,785724004,9565849828,OWNER,333600000X|3336C0003X,tier_1_primary_pharmacy,Y,Y,
1023298122,VAC PHARMACY INC,9888 BISSONNET ST STE 405,,HOUSTON,TX,770368299,8322695944,OWNER/DIRECTOR,3336C0003X,tier_1_primary_pharmacy,Y,Y,
1093995417,"DAVITA RX, LLC",1234 LAKESHORE DR STE 200,,COPPELL,TX,750194980,9018675357,SR VICE PRESIDENT,333600000X|3336S0011X|3336C0003X,tier_1_primary_pharmacy,Y,Y,
1306027388,MED TIME PHARMACY INC,641 N RESLER DR,STE 306 07,EL PASO,TX,799122384,9155846337,PRESIDENT,3336C0004X|3336C0003X,tier_1_primary_pharmacy,Y,Y,
1598946071,PHARMACY OPERATIONS INC,501 E PRINCETON DR,STE 100,PRINCETON,TX,75407,9727346281,VP GENERAL MANG,3336C0003X,tier_1_primary_pharmacy,Y,Y,
1518148022,LONESTAR RX LAS MILPAS,6901 S CAGE BLVD,STE F,PHARR,TX,785778675,9567023491,OWNER,3336C0003X,tier_1_primary_pharmacy,Y,Y,
1962684241,STAR PHARMACY INC,3427 TRINITY MILLS ROAD,SUITE 800B,DALLAS,TX,75287,4699154411,OWNER,333600000X|3336C0003X,tier_1_primary_pharmacy,Y,Y,
1689856593,HYLANDS PHARMACY LLC,108 W OKLAHOMA AVE,,WHEELER,TX,79096,8068265561,PIC/OWNER,333600000X|3336C0004X|3336L0003X|3336C0003X,tier_1_primary_pharmacy,Y,Y,
1255514287,SPENCER BROTHERS PHARMACY,3022 TRAWOOD DR,,EL PASO,TX,799364329,9158863373,PHARMACIST,3336M0002X|3336C0003X,tier_1_primary_pharmacy,Y,Y,
1043493828,THIRD COAST RX INC,600 CUTOFF RD,STE 16 17,PORT ARANSAS,TX,78373,3617496337,OWNER,3336C0003X,tier_1_primary_pharmacy,Y,Y,
1568645273,RX S & P INC,909 BUSINESS PARK DR,STE 2,MISSION,TX,785726052,9564240057,PIC,3336C0003X,tier_1_primary_pharmacy,Y,Y,
1720262926,PARC PLAZA PHARMACY INC,4801 S BUCKNER BLVD,100,DALLAS,TX,752272373,2142286987,PRESIDENT/ PHARMACIST-IN-CHARGE,3336C0003X,tier_1_primary_pharmacy,Y,Y,
1053595967,CK PHARMACY,5990 AIRLINE DR,SUITE 150,HOUSTON,TX,770764233,7136970610,OWNER,3336C0003X,tier_1_primary_pharmacy,Y,Y,
1962686741,SPENCER BROTHERS PHARMACY,803 O'REILLY,,PRESIDIO,TX,79845,4322292662,PHARMACIST,3336C0003X,tier_1_primary_pharmacy,Y,Y,
1902081383,HOLLAND PHARMACY,9253 GULF FWY,,HOUSTON,TX,770177012,8325332462,PHARMACIST IN CHARGE,333600000X,tier_1_primary_pharmacy,Y,Y,
1699950972,COVENANT PHARMACY LLC,2700 TIBBETS DR,STE 200,BEDFORD,TX,760225928,8176849464,PARTNER,3336C0004X|3336S0011X|3336C0003X,tier_1_primary_pharmacy,Y,Y,
1962687251,MEDI-DRIVE PHARMACY LLC,507 23RD ST,,CANYON,TX,790154043,8066551024,PIC,3336L0003X|3336C0003X|333600000X,tier_1_primary_pharmacy,Y,Y,
1760668602,S & J ARGYLE PHARMACY INC,101 OLD TOWN BLVD S,SUITE 200,LANTANA,TX,762263968,9404644500,PRESIDENT,333600000X|3336C0004X|3336C0003X,tier_1_primary_pharmacy,Y,Y,
1891971222,TEXAS CHILDREN'S HOSPTIAL PHARMACY,6621 FANNIN ST STE WB1120,,HOUSTON,TX,770302369,8328241000,"EXECUTIVE VP, CFO",3336C0002X|3336C0003X|3336C0004X|3336S0011X|3336I0012X,tier_1_primary_pharmacy,Y,Y,
1265619753,CLEAR CREEK PHARMACY INC,2300 CLEAR CREEK RD,STE 205,KILLEEN,TX,765494984,2542473170,PIC,3336C0004X|3336C0003X,tier_1_primary_pharmacy,Y,Y,
1518144823,TMC PHARMACY,4401 DOWLING ST,,HOUSTON,TX,770045221,7135397221,PRESIDENT,3336C0003X,tier_1_primary_pharmacy,Y,Y,
1235317819,DOLLAR RX INC,8721 JENSEN DR STE H,,HOUSTON,TX,770937655,7136941470,PHARMACIST,3336L0003X|3336C0003X,tier_1_primary_pharmacy,Y,Y,
1346418837,MAIN STREET PHARMACY INC,12361 MAIN ST,,HOUSTON,TX,770356200,7137293800,PHRMD,3336C0003X,tier_1_primary_pharmacy,Y,Y,
1285802546,Q PHARMACY INC,7320 ANTOINE DR,,HOUSTON,TX,770887230,2104894931,PRESIDENT,333600000X,tier_1_primary_pharmacy,Y,Y,
1265601538,"LEONARDS PHARMACY, INC",701 SCURRY ST,,BIG SPRING,TX,797202722,4327144707,BOOKKEEPER,333600000X,tier_2_secondary_pharmacy,N,Y,
1063681013,POIROT PHARMACY SERVICES,4537 WESTWAY AVE,,DALLAS,TX,752053632,2142521984,OWNER,333600000X,tier_1_primary_pharmacy,Y,Y,
1386815660,BNC PHARMACY LLC,6565 DEMOSS,STE 104C,HOUSTON,TX,77074,7137733800,MANG,3336C0003X,tier_1_primary_pharmacy,Y,Y,
1710158589,HALL'S PHARMACY,708 PENNSYLVANIA AVE,,FORT WORTH,TX,761042221,8178773677,OFFICE-MGR,333600000X,tier_1_primary_pharmacy,Y,Y,
1033380746,CORANDO RIOS TREVINO DBA MODERN PHARMACY,305 W AVENUE A,,ROBSTOWN,TX,783803209,3613874721,OWNER / PHARMACIST IN CHARGE,3336C0003X,tier_1_primary_pharmacy,Y,Y,
1184895724,FRED'S PHARMACY,2790 PHARMACY RD STE A,,RIO GRANDE CITY,TX,785826547,9564872711,PHARMACIST,3336C0003X,tier_1_primary_pharmacy,Y,Y,
1073785283,"DELTA PHARMACY, INC.",103 S BROADWAY,,ELSA,TX,785430065,9563160055,PRESIDENT/PRESIDENT,3336C0003X,tier_1_primary_pharmacy,Y,Y,
1477725398,LIFESPAN PHARMACY INC,1341 W MOCKINGBIRD LN,SUITE 304W,DALLAS,TX,75247,2142200007,OWNER/OFFICER,333600000X|3336C0003X|3336S0011X,tier_1_primary_pharmacy,Y,Y,
1699948604,"BELLAIRE PHARMACY, LLC",11104 W AIRPORT BLVD STE 214,,STAFFORD,TX,774773035,7137776251,MANAGER,333600000X|3336C0003X|3336L0003X|3336M0002X|3336S0011X,tier_1_primary_pharmacy,Y,Y,
1144494014,TOTAL PHARMACY AND COMPOUNDING SERVICES,5020 MONTROSE BLVD,STE 105,HOUSTON,TX,770066533,7135286337,OWNER,3336C0004X|3336C0003X,tier_1_primary_pharmacy,Y,Y,
1699940593,BROWNSVILLE FAMILY PHARMACY INC,44 W JEFFERSON ST,STE A,BROWNSVILLE,TX,785206258,9565411112,PRESIDENT,3336C0003X,tier_1_primary_pharmacy,Y,Y,
1437324209,MIDLAND MEMORIAL OUTPATIENT PHARMACY,400 ROSALIND REDFERN GROVER PKWY,,MIDLAND,TX,797016499,4325714070,CEO,3336C0003X,tier_1_primary_pharmacy,Y,Y,
1578739926,"R & Y COMMUNITY PHARMACY,LLC",12659 BISSONNET ST,,HOUSTON,TX,770991331,7137777002,MANAGER/PHARMACIST-IN-CHARGE,3336C0003X,tier_1_primary_pharmacy,Y,Y,
1669649786,Q PHARMACY INC,512 VICTORIA LN,UNIT 7,HARLINGEN,TX,785503226,2104894931,PRESIDENT,3336C0003X,tier_1_primary_pharmacy,Y,Y,
1235306580,URBAN INDEPENDENT PHARMACY,7525 MILITARY PKWY,,DALLAS,TX,752273950,2142755900,OWNER,3336C0003X,tier_1_primary_pharmacy,Y,Y,
1285891044,SAIGON PHARMACY LLC,12002 VETERANS MEMORIAL DR,STE C,HOUSTON,TX,770671161,2816310600,RPH,333600000X|3336C0003X,tier_1_primary_pharmacy,Y,Y,
1992962328,QUICK SCRIPT PHARMACY,5700 N EXPRESSWAY # 7783,STE 305 A,BROWNSVILLE,TX,785264353,9563506100,PHARMACIST IN CHARGE,3336C0003X,tier_1_primary_pharmacy,Y,Y,
1396902706,RALLS PHARMACY,821 MAIN ST,,RALLS,TX,79357,8062532256,PHARMACIST,3336C0003X,tier_1_primary_pharmacy,Y,Y,
1487812426,KP PROFESSIONAL PHARMACY,5718 BELLAIRE BLVD,SUITE B,HOUSTON,TX,770815506,8326386866,PHARMACIST-IN-CHARGE,333600000X,tier_1_primary_pharmacy,Y,Y,
1639337041,DAYSPRING PHARMACY AND MEDICAL SUPPLIES INC,11806 BARKER CYPRESS RD,,CYPRESS,TX,774331864,2815304442,OWNER,333600000X|3336C0003X,tier_1_primary_pharmacy,Y,Y,
1477712511,DIABETES CENTER OF AMERICA PHARMACY,7020 PORTWEST DR,STE 130,HOUSTON,TX,770248040,7138405165,DIRECTOR OF PHARMACY,3336C0003X,tier_1_primary_pharmacy,Y,Y,
1174782825,"HEREFORD PHARMACY, LLC",809 S 25 MILE AVE,,HEREFORD,TX,79045,8063643400,OWNER,3336L0003X|3336C0003X,tier_1_primary_pharmacy,Y,Y,
1841459328,340B PARTNERS PHARMACY LLC,303 N FRIO ST STE 102,,SAN ANTONIO,TX,782073034,2102310383,DIRECTOR OF IT & VENDOR MGMT,3336H0001X|3336S0011X|333600000X|3336C0003X,tier_1_primary_pharmacy,Y,Y,
1619138443,XAVIER PHARMACY III,96 BERRY RD,,HOUSTON,TX,770223057,7136971400,OWNER,3336C0003X,tier_1_primary_pharmacy,Y,Y,
1881857407,RICHARDS RX LLC,3509 E MAIN AVE,STE 102,ALTON,TX,785731561,9565847772,VP,3336C0004X|333600000X|3336C0003X,tier_1_primary_pharmacy,Y,Y,
1972766590,AIRLINE PHARMACY ASSOCIATES LLC,11012 AIRLINE DR STE A,,HOUSTON,TX,770371112,2812609927,ADMIN/OWNER,333600000X,tier_1_primary_pharmacy,Y,Y,
1881857373,ACRES HOME PHARMACY LLC,9734 W MONTGOMERY RD,,HOUSTON,TX,770884618,2814485511,OWNER,333600000X,tier_1_primary_pharmacy,Y,Y,
1194980003,2920 FAMILY PHARMACY LLC,6225 FM 2920 RD STE 205,,SPRING,TX,773793474,8325597644,OWNER,3336C0003X,tier_1_primary_pharmacy,Y,Y,
1972768349,KATY PHARMACY INC,962 S FRY RD,,KATY,TX,774503062,2815997800,VP,3336S0011X|3336C0003X,tier_1_primary_pharmacy,Y,Y,
1811153448,TRINITY RX NO ONE INC,11324 SIR WINSTON ST,STE C,SAN ANTONIO,TX,782162415,2103486666,VP,3336C0003X,tier_1_primary_pharmacy,Y,Y,
1477719680,ROTH DRUG COMPANY,15948 S POST OAK RD,STE C,HOUSTON,TX,770533645,8325332951,OWNER,3336C0003X,tier_1_primary_pharmacy,Y,Y,
1679720866,"ONCOLOGY PHARMACY SERVICES, INC.",1826 POINT WEST PKWY,,AMARILLO,TX,791242167,8064572053,CHIEF OPERATING OFFICER,333600000X|3336C0003X,tier_1_primary_pharmacy,Y,Y,
1720235278,S AND J ALVORD PHARMACY,115 EAST BYPASS 287,STE B,ALVORD,TX,76225,9404272801,PRESIDENT,3336C0003X,tier_1_primary_pharmacy,Y,Y,
1518115450,TANGLEWILDE PHARMACY,9548 RICHMOND AVENUE,,HOUSTON,TX,77063,7137848100,DIRECTOR,333600000X,tier_1_primary_pharmacy,Y,Y,
1396993986,ST MARIE CLINIC PA PHARMACY,10900 N 103RD ST,,MISSION,TX,785730979,9564320194,PRESIDENT,3336C0003X,tier_1_primary_pharmacy,Y,Y,
1467601708,ALLIANCE PHARMACY,13734 SH FM 249,,HOUSTON,TX,77086,2815910900,OWNER,3336C0003X,tier_1_primary_pharmacy,Y,Y,
1477703098,ABELDT'S GASLIGHT PHARMACY,200 GASLIGHT BLVD,,LUFKIN,TX,759043166,9366392346,PRESIDENT,3336C0003X,tier_1_primary_pharmacy,Y,Y,
1902056427,GENERX DISCOUNT PHARMACY INC.,1202 W PIONEER DR,STE 140,IRVING,TX,750617308,9724178895,PRESIDENT,3336C0003X,tier_1_primary_pharmacy,Y,Y,
1700036068,KEN TURNER PHARMACY INC,109 E PANOLA ST,,CARTHAGE,TX,756332601,9036937106,OWNER,333600000X,tier_1_primary_pharmacy,Y,Y,
1477704096,LAKEPOINTE PHARMACY INC,1005 W RALPH HALL PKWY,STE 147,ROCKWALL,TX,750326658,9727224339,OWNER,3336C0003X|3336L0003X|3336C0004X,tier_1_primary_pharmacy,Y,Y,
1528219318,APOTHECA COMPOUNDING PHARMACY INC,14603 HUEBER RD,STE 2602,SAN ANTONIO,TX,78230,2102261112,PRESIDENT,3336C0003X|3336C0004X,tier_1_primary_pharmacy,Y,Y,
1255583589,LIFE DRUGS RX LLC,12015 LOUETTA RD STE 300,,HOUSTON,TX,770701155,7134627029,PIC/OWNER,333600000X|3336C0003X,tier_1_primary_pharmacy,Y,Y,
1992958854,EXPRESSWAY PHARMACY LLC,702 E EXPRESSWAY 83,STE A1,DONNA,TX,785372741,9564647600,PIC,3336C0003X,tier_1_primary_pharmacy,Y,Y,
1467605170,KID KARE PHARMACY,2201 S 23RD ST,SUITE B,MCALLEN,TX,785035659,9566488224,OWNER/PIC,3336C0003X,tier_1_primary_pharmacy,Y,Y,
1891948824,ROYAL PHARMACY INC,12240 MURPHY RD,STE B,STAFFORD,TX,774772411,2819335050,PIC,3336C0003X,tier_1_primary_pharmacy,Y,Y,
1073767794,Q PHARMACY INC,415 EMBASSY OAKS,,SAN ANTONIO,TX,782162040,2104894931,PRESIDENT,3336C0003X,tier_1_primary_pharmacy,Y,Y,
1134373616,PARKER PHARMACY INC,415 W LITTLE YORK RD,SUITE H,HOUSTON,TX,770761349,7137425200,OWNER,3336C0003X,tier_1_primary_pharmacy,Y,Y,
1093969461,DIAMOND PHARMACY LLC,2900 HILLCROFT ST,STE B,HOUSTON,TX,770575836,7133392255,OWNER,3336C0003X,tier_1_primary_pharmacy,Y,Y,
1760637631,MERIDIAN PHARMACY GROUP AT IRVING INC,1111 S IRVING HEIGHTS DR,,IRVING,TX,750606237,2144920123,PHARMACIST,3336C0002X|3336C0003X,tier_1_primary_pharmacy,Y,Y,
1790920569,B D PHARMACY INC,205 E MAIN ST,,ATLANTA,TX,755512635,9037967777,PHARMACIST,3336C0003X,tier_1_primary_pharmacy,Y,Y,
1588809214,TEXAS PROFESSIONAL PHARMACY LLC,18602 FM 1488 RD,SUITE 700,MAGNOLIA,TX,773548508,2813562216,"V PRESIDENT, PIC",3336C0003X|333600000X,tier_1_primary_pharmacy,Y,Y,
1508001249,HEALTHCO PHARMACY CORP,2541 N MACGREGOR WAY STE 100,,HOUSTON,TX,770047604,7132186337,"OWNER, PIC",333600000X|3336S0011X|3336C0003X,tier_1_primary_pharmacy,Y,Y,
1689810517,STAR REX PHARMACY LLC,11110 EAST FWY,100B,HOUSTON,TX,770291914,8327670816,OPERATIONS MANAGER,333600000X|3336C0003X,tier_1_primary_pharmacy,Y,Y,
1316183221,SELF CHOICE MEDICAL SUPPLIES &EQUIPMENT DBA ABC PHARMACY,5700 S GESSNER DR STE G,,HOUSTON,TX,770361635,7137771041,PRESIDENT,3336C0003X,tier_1_primary_pharmacy,Y,Y,
1023255296,J & I PHARMACY,13249 BELLAIRE BLVD,,HOUSTON,TX,770832635,2813726526,PRESIDENT/OWNER,333600000X|3336C0003X,tier_1_primary_pharmacy,Y,Y,
1720225568,PHARMACY AT CULLEN COMMONS,12805 CULLEN BLVD,SUITE C,HOUSTON,TX,77048,7137317988,PHARMACIST-IN -CHARGE,3336C0003X,tier_1_primary_pharmacy,Y,Y,
1982841722,MAX PHARMACY INC,17074 HIGHWAY 3,,WEBSTER,TX,775984129,7133739944,PRESIDENT,3336C0003X,tier_1_primary_pharmacy,Y,Y,
1104064419,"QVL PHARMACY 146, LLC",914 LIPSCOMB,SUITE B,FORT WORTH,TX,76104,8178065133,CEO,3336C0003X,tier_1_primary_pharmacy,Y,Y,
1790923043,ELITE PHARMACY,3044 ANTOINE DR,,HOUSTON,TX,770927053,7136815483,PHARMACIST-IN-CHARGE,333600000X,tier_1_primary_pharmacy,Y,Y,
1629216908,RAZI RX INC,3460 WEBB CHAPEL EXT,,DALLAS,TX,752206751,2143506600,DIRECTOR,333600000X|3336C0003X,tier_1_primary_pharmacy,Y,Y,
1881832970,"MED SOLUTION PHARMACY, INC.",11037 FM 1960 RD W STE B5,,HOUSTON,TX,770653632,2818909922,PHARMACIST,3336C0003X,tier_1_primary_pharmacy,Y,Y,
1407094295,S & J WAXAHACHIE PHARMACY INC,1001 FERRIS AVE,,WAXAHACHIE,TX,751652557,9729232083,PRESIDENT,3336C0003X,tier_1_primary_pharmacy,Y,Y,
1366680084,"MAYFLOWER PHARMACY, INC",8323 SW FREEWAY SUITE 115,,HOUSTON,TX,77074,7139815900,MANAGER,3336C0003X,tier_1_primary_pharmacy,Y,Y,
1831338268,HMS RX PHARMACY,3434 W ILLINOIS AVE,,DALLAS,TX,752118709,2143305700,DIRECTOR,3336C0003X,tier_1_primary_pharmacy,Y,Y,
1114166410,"EXPRESS FAMILY PHARMACY, LLC",10101 FONDREN RD STE 106,,HOUSTON,TX,770965135,7136369177,OWNER,3336C0003X,tier_1_primary_pharmacy,Y,Y,
1639318975,BLUEBONNET PHARMACY INC,1919 NORTH LOOP W,SUITE 280,HOUSTON,TX,770081374,7138640100,DIRECTOR,3336C0003X|333600000X,tier_1_primary_pharmacy,Y,Y,
1972742195,"LEGENDS PHARMACY II, LP",1602 AVENUE D STE 500,,KATY,TX,774933646,2814960640,VP OF PHARMACY OPERATIONS,333600000X|3336L0003X,tier_1_primary_pharmacy,Y,Y,
1881834257,PHARMACY @ CULLEN COMMONS,12805 CULLEN BLVD,C,HOUSTON,TX,770473760,7137317988,PHARMACIST IN CHARGE,3336C0003X,tier_1_primary_pharmacy,Y,Y,
1427298744,COMMUNITY HEALTH PHARMACY,1000 WILSON STREET,,ROSENBERG,TX,77471,2812398484,OWNER/PHARMACIST IN CHARGE,3336C0003X,tier_1_primary_pharmacy,Y,Y,
1649410770,HIGHLAND PARK DRUG STORE INC,3801 N CAPITAL OF TEXAS HWY # G205,,AUSTIN,TX,787461416,5126170993,PRESIDENT,333600000X|3336L0003X,tier_1_primary_pharmacy,Y,Y,
1861633612,HSM PHARMACY INC,10701-B WEST BELFORT SUITE 170,,HOUSTON,TX,77099,2815758545,PRESIDENT,3336C0003X,tier_1_primary_pharmacy,Y,Y,
1093956062,LSCC GEORGETOWN PHARMACY- WILLIAMS DRIVE,2423 WILLIAMS DR,SUITE 109,GEORGETOWN,TX,786283200,5126860155,CEO,333600000X|3336C0003X,tier_1_primary_pharmacy,Y,Y,
1619119914,TEXAS PROFESSIONAL PHARMACY LLC,17330 SPRING CYPRESS RD,SUITE 160,CYPRESS,TX,774294293,2812133490,"V PRESIDENT, PIC",333600000X|3336C0003X,tier_1_primary_pharmacy,Y,Y,
1508009994,JOVIC PHARMACY INC.,9816 MEMORIAL BLVD STE 203,,HUMBLE,TX,773384206,2814415100,PHARMACIST-IN-CHARGE/ CO OWNER,3336C0003X,tier_1_primary_pharmacy,Y,Y,
1841433935,BGC PHARMACY,6719 W MONTGOMERY RD,,HOUSTON,TX,770913105,7136976389,DIRECTOR,3336C0003X,tier_1_primary_pharmacy,Y,Y,
1356585004,LEADCARE PHARMACY INC,9908 S GESSNER DR,,HOUSTON,TX,770711008,7137748180,PRESIDENT,3336C0003X,tier_1_primary_pharmacy,Y,Y,
1265676613,HOUSTON MIDTOWN PHARMACY LLC,6609 W SAM HOUSTON PKWY S,STE 98,HOUSTON,TX,770721640,8328310346,AO,333600000X|3336C0003X,tier_1_primary_pharmacy,Y,Y,
1861636243,I-10 ATRIUM PHARMACY INC,11821 EAST FWY,STE 300,HOUSTON,TX,770291975,7134538000,OWNER,3336C0003X,tier_1_primary_pharmacy,Y,Y,
1306080627,AMEX PHARMACY NO 7 INC,7150 GREENVILLE AVE STE 107,,DALLAS,TX,752317900,4697790385,CEO,333600000X|3336C0003X,tier_1_primary_pharmacy,Y,Y,
1982838934,LOPERS NEIGHBORHOOD PHARMACY INC,1934 U S HIGHWAY 190 W,,LIVINGSTON,TX,773519600,9363275554,PRESIDENT,3336C0003X,tier_1_primary_pharmacy,Y,Y,
1992930234,"SCRIPT SOURCE PHARMACY, LLC",6516 BROADWAY ST,SUITE 132,PEARLAND,TX,77581,7133403122,SINGLE MEMBER OWNER/PIC,3336C0004X|3336S0011X|3336C0003X,tier_1_primary_pharmacy,Y,Y,
1346475449,"MED-AID PHARMACY STONERIDGE, LLC",5323 S MCCOLL RD,,EDINBURG,TX,785399115,9566875646,MEMBER,3336C0003X,tier_1_primary_pharmacy,Y,Y,
1932334588,EPOCH PHARMACY SOLUTIONS SANTE FE MEDICINE MAN PHARMACY,13250 HIGHWAY 6,,SANTA FE,TX,775107682,4099271979,OWNER/MANAGER,333600000X|3336C0004X|3336C0003X,tier_1_primary_pharmacy,Y,Y,
1811122211,CULLEN CARE PHARMACY INC,5340 GRIGGS RD STE C,,HOUSTON,TX,770213715,7132640699,CEO/PHARMACIST,333600000X|3336C0003X,tier_1_primary_pharmacy,Y,Y,
1205062445,AZTEC RX INC,6243 FAIRMONT PKWY STE 206,,PASADENA,TX,775054047,2819981100,PHARMACIST-IN-CHARGE,3336C0003X|333600000X,tier_1_primary_pharmacy,Y,Y,
1912133216,BM PHARMACY INC,12924 BELLAIRE BLVD,,HOUSTON,TX,770725131,7134573600,OWNER,3336C0003X,tier_1_primary_pharmacy,Y,Y,
1346476470,FOUNTAINVIEW PHARMACY,3013 FOUNTAINVIEW,SUITE #A,HOUSTON,TX,770576137,7137842112,MANAGER,333600000X,tier_1_primary_pharmacy,Y,Y,
1194952325,PRIMECARE PHARMACY,5900 CHIMNEY ROCK RD.,STE AC,HOUSTON,TX,77081,8322479380,PRESIDENT,3336C0003X,tier_1_primary_pharmacy,Y,Y,
1790914398,TEXAS COMPOUNDING PHARMACY LLC,5300 BEE CAVES RD,BLDG 3 STE 100,WEST LAKE HILLS,TX,787465226,5123145550,PHARMACIST IN CHARGE,3336C0004X|333600000X|3336C0003X,tier_1_primary_pharmacy,Y,Y,
1790914968,CHRISCO PHARMACY,9623 SOUTHWEST FREEWAY,,HOUSTON,TX,77074,7137768200,PHARMACIST,333600000X,tier_1_primary_pharmacy,Y,Y,
1730318577,MEDSTAR PHARMACY INC,200 N CARRIER PKWY STE 112,,GRAND PRAIRIE,TX,750505476,2146771460,OFFICER,333600000X,tier_1_primary_pharmacy,Y,Y,
1689804551,"ST. MARIE CLINIC, P.A. PHARMACY",1905 E. MONTE CRISTO ROAD STE. C,,EDINBURG,TX,785410333,9562871831,CEO,3336C0003X,tier_1_primary_pharmacy,Y,Y,
1760613640,"DEERBROOK PHARMACY, LLC",9816 MEMORIAL BLVD STE 105,,HUMBLE,TX,773384205,2814460061,OWNER,3336C0003X|3336C0004X|3336S0011X|333600000X,tier_2_secondary_pharmacy,N,Y,
1033340955,"U.S. PHARMACY, INC. STORE#2",4245 E BERRY ST,,FORT WORTH,TX,76105,8174789191,PRESIDENT/PHARMACIST,3336C0003X,tier_1_primary_pharmacy,Y,Y,
1750512091,ALPHA PHARMACY,8787 N MACARTHUR BLVD,STE 120,IRVING,TX,75063,4692625742,PHARMACIST,3336C0003X,tier_1_primary_pharmacy,Y,Y,
1447481460,A & C DISCOUNT PHARMACY LLC,8067 W VIRGINIA DR,,DALLAS,TX,752373767,9722305601,PIC,3336C0003X,tier_1_primary_pharmacy,Y,Y,
1548491517,A & C DISCOUNT PHARMACY LLC,2600 N STEMMONS FWY,STE 176,DALLAS,TX,752072113,4693338660,CCO,3336C0004X|3336C0003X,tier_1_primary_pharmacy,Y,Y,
1497987127,CURESHOPPE RX INC.,1622 FEDERAL RD,SUITE # 1,HOUSTON,TX,770156727,7134518106,OWNER/MANAGER,333600000X,tier_1_primary_pharmacy,Y,Y,
1790918936,BEAMER PHARMACY LLC,13630 BEAMER RD STE 103,,HOUSTON,TX,770896037,2814840022,MANAGING MEMBER,3336C0004X|3336L0003X|3336C0003X,tier_1_primary_pharmacy,Y,Y,
1043543234,O&M PHARMACY INC,1630 HOUSTON AVE,,PORT ARTHUR,TX,776403319,4099849919,MANAGER,3336L0003X|333600000X|3336C0003X,tier_1_primary_pharmacy,Y,Y,
1154655322,COMPLETE RPH RX SERVICES,5627 ALDINE BENDER RD STE 7,,HOUSTON,TX,770324534,2812271010,OWNER / PHARMACIST-IN-CHARGE,333600000X|3336C0003X,tier_1_primary_pharmacy,Y,Y,
1942534177,WINSTON'S PHARMACY INC.,4500 E SAM HOUSTON PKWY S STE 100,,PASADENA,TX,775053956,7139446000,OWNER,3336C0003X,tier_1_primary_pharmacy,Y,Y,
1326372533,HEALTH FIT PHARMACY LLC,3620 KATY FWY,SUITE A,HOUSTON,TX,770073646,7138022441,OWNER,3336C0003X,tier_1_primary_pharmacy,Y,Y,
1629302716,RAYS PHARMACY INC,1831 E BROAD ST,,MANSFIELD,TX,760639166,8175398900,OWNER,3336C0004X|333600000X|3336C0003X,tier_1_primary_pharmacy,Y,Y,
1548595689,RX HEALTH LLC,440 RAYFORD RD STE 155,,SPRING,TX,77386,2813672700,MANAGING OFFICER,333600000X|3336C0004X|3336L0003X|3336C0003X,tier_1_primary_pharmacy,Y,Y,
1245565191,L AND B PHARMACY INC,8103 CREEKBEND DR,STE G,HOUSTON,TX,770711555,7137732996,OWNER,333600000X,tier_1_primary_pharmacy,Y,Y,
1679808133,ADBRIGHT PHARMACY INCORPORATED,4601 AVENUE H STE 1,,ROSENBERG,TX,774712038,2813417980,DIRECTOR/ PIC,3336C0003X,tier_1_primary_pharmacy,Y,Y,
1396070868,CORNERSTONE RX PHARMACY,7255 BISSONNET ST,,HOUSTON,TX,770745801,7137718217,PHARMACIST IN CHARGE,3336C0003X,tier_1_primary_pharmacy,Y,Y,
1114253630,CAREHERE PHARMACY OF GALVESTON,1701 23RD ST,,GALVESTON,TX,775507901,4096211731,DIRECTOR OF PHARMACY SERVICES,3336C0003X,tier_1_primary_pharmacy,Y,Y,
1407182488,MED VALT PHARMACY LLC,11811 FM 1960 RD W STE 110,,HOUSTON,TX,770653828,7133499882,CEO/PRESIDENT,333600000X|3336C0003X,tier_1_primary_pharmacy,Y,Y,
1699001636,SANDER'S DRUG STORE,104 SOUTH MAIN ST.,,ALBANY,TX,764308054,3257623979,PRESIDENT,3336C0003X,tier_1_primary_pharmacy,Y,Y,
1295061042,"SHR PHARMACY, INC.",3337 PLAINVIEW ST,SUITE B-9,PASADENA,TX,77504,8326461334,OFFICER,333600000X|3336C0003X,tier_1_primary_pharmacy,Y,Y,
1427385053,BV PHARMACY DEVELOPMENT INC,4114 AVENUE H,,ROSENBERG,TX,774712833,2817620874,OWNER,3336C0003X,tier_1_primary_pharmacy,Y,Y,
1033446406,AAPEX PHARMACY 1,3702 FM 1960 RD W STE S,,HOUSTON,TX,770683518,2815837700,INDIVIDUAL-OWNER,333600000X,tier_1_primary_pharmacy,Y,Y,
1770810855,SENDERRA RX PARTNERS LLC,3712 E PLANO PKWY STE 200,,PLANO,TX,750741831,8887775547,LEGAL ASSISTANT,3336S0011X|333600000X|3336C0003X,tier_1_primary_pharmacy,Y,Y,
1245567213,LOPERS NEIGHBORHOOD PHARMACY INC,2155 WORTH ST,,HEMPHILL,TX,759487249,4097872345,"OWNER, PRESIDENT",3336C0003X,tier_1_primary_pharmacy,Y,Y,
1144557976,BRUSHMAN'S PHARMACY,6420 HILLCROFT ST,SUITE 115,HOUSTON,TX,770813190,7139814488,DIR. OF OPERATIONS,333600000X,tier_1_primary_pharmacy,Y,Y,
1346578614,LIFELINE PHARMACY,8514 C E KING PKWY STE A,,HOUSTON,TX,770442344,2817412892,OWNER/PRESIDENT,3336C0003X,tier_1_primary_pharmacy,Y,Y,
1598094096,SELECT PHARMACY,3711 HIGHWAY 6 S,SUITE 150,HOUSTON,TX,770824313,2815898078,OWNER,333600000X,tier_1_primary_pharmacy,Y,Y,
1356670715,MY HEALTHY ACCESS PROVIDERS BISSONNET DISCOUNT PHARMACY,10101 BISSONNET ST,STE. A,HOUSTON,TX,770367855,8324832924,DIRECTOR,3336C0003X,tier_1_primary_pharmacy,Y,Y,
1215266549,"PANCHO INDEPENDENT PHARMACY, INC.",2985 S HWY 360,SUITE 145,GRAND PRAIRIE,TX,750526414,9726608884,PHARMACIST,3336C0003X,tier_1_primary_pharmacy,Y,Y,
1619206737,FREER PHARMACY LLC,717 E. RILEY ST.,SUITE C,FREER,TX,783571520,3613947733,OWNER/PIC,3336C0003X|333600000X,tier_1_primary_pharmacy,Y,Y,
1447580329,PHAM FAMILY PHARMACY INC,11722 MARSH LN STE 343,,DALLAS,TX,752292682,2103661212,OFFICER,333600000X|3336C0003X,tier_1_primary_pharmacy,Y,Y,
1053641639,"CRIMSON CARE PHARMACY GROUP II, LLC",1505 S BROADWAY ST,,SULPHUR SPRINGS,TX,754824921,9038852639,"CPHT, OFFICE MANAGER",3336C0003X,tier_1_primary_pharmacy,Y,Y,
1174853535,PROVEN CARE PHARMACY LLC,10950 BISSONNET ST STE 220,,HOUSTON,TX,770991715,2819839333,CORP-PRESIDENT,333600000X|3336C0003X,tier_1_primary_pharmacy,Y,Y,
1760713242,TRUECARE ALLIED PHARMACY AND MEDICAL SUPPLIES INC,3003 S LOOP W STE 450,,HOUSTON,TX,770541315,2816528080,MANAGER,3336C0003X|333600000X,tier_1_primary_pharmacy,Y,Y,
1790016988,JAMES PHARMACY INC,12950 S POST OAK RD,,HOUSTON,TX,770452018,7137213800,OWNER/PHARMACIST IN CHARGE,333600000X|3336C0003X,tier_1_primary_pharmacy,Y,Y,
1962734061,BISSONNET DISCOUNT PHARMACY,10101 BISSONNET ST STE A,,HOUSTON,TX,770367835,8325199756,MANAGING DIRECTOR,3336L0003X|3336S0011X|3336C0003X,tier_1_primary_pharmacy,Y,Y,
1871825976,MEGS DISCOUNT PHARMACY,603 SUNSET ST,,DENTON,TX,762012665,9403827520,OWNER/ PHARMACY MANAGER,333600000X,tier_1_primary_pharmacy,Y,Y,
1801118922,LETDIN PHARMACY,1512 E GRIFFIN PARKWAY,STE 1,MISSION,TX,785722422,9565819566,PHARMACIST IN CHARGE,3336C0003X,tier_1_primary_pharmacy,Y,Y,
1043532054,"H/W PHARMACY, INC",415 W LITTLE YORK RD STE H,,HOUSTON,TX,770761350,7134922179,OPERATIONS MANAGER,3336C0003X,tier_1_primary_pharmacy,Y,Y,
1275855025,RGV DOCTORS PHARMACY,108 E FM 495,,SAN JUAN,TX,785893710,9567871452,PHARMACIST,3336C0003X|333600000X,tier_1_primary_pharmacy,Y,Y,
1851613210,CLARK PHARMACY LLC,701 N MAIN ST,SUITE A,DONNA,TX,785372765,9564612400,MANAGING OFFICER,3336L0003X|3336C0003X,tier_1_primary_pharmacy,Y,Y,
1427370766,PRIDE PHARMACY - CARLISLE LLC,4003 LEMMON AVE,,DALLAS,TX,752193737,2149547389,PRESIDENT,3336C0003X,tier_1_primary_pharmacy,Y,Y,
1013239417,LAKESIDE PHARMACY LLC,16955 WALDEN RD STE 100,,MONTGOMERY,TX,773563227,9364486337,PRESIDENT/PHARM-IN-CHARGE,3336C0004X|333600000X|3336C0003X,tier_1_primary_pharmacy,Y,Y,
1013230234,OVERTON PHARMACY LLC,104 W HENDERSON ST,,OVERTON,TX,756841613,9038340154,OWNER,3336C0003X,tier_1_primary_pharmacy,Y,Y,
1831412972,QUEEN PHARMACY,1001 S 10TH ST,SUITE H,MCALLEN,TX,785015049,9566618881,PHARMACIST,3336C0003X,tier_1_primary_pharmacy,Y,Y,
1093038945,GENESIS RX LLC,1485 FM 1960 BYPASS RD E STE 370,,HUMBLE,TX,773383964,8884744832,PRESIDENT,333600000X|3336C0003X,tier_1_primary_pharmacy,Y,Y,
1902129547,HAYES PHARMACY INC,5420 PALOMA BLANCA DR,,FORT WORTH,TX,761797500,8172375016,PRESIDENT,333600000X,tier_1_primary_pharmacy,Y,Y,
1508180951,ORTIZ PHARMACY INC,2515 CASTROVILLE RD,SUITE 107,SAN ANTONIO,TX,782373359,2104322361,DOCTOR OF PHARMACY/PHARMACIST,3336C0003X,tier_1_primary_pharmacy,Y,Y,
1518281534,FRIENDLY PHARMACY,3533 S DAIRY ASHFORD RD,,HOUSTON,TX,770825535,8323512000,OWNER,3336L0003X|3336C0003X,tier_1_primary_pharmacy,Y,Y,
1659695328,STARR DME & PHARMACY INC,214 CHAPARRAL BLVD,SUITE C,RIO GRANDE CITY,TX,785824613,9564882742,PHARMACIST IN CHARGE,3336C0003X,tier_1_primary_pharmacy,Y,Y,
1043534795,"PANCHO INDEPENDENT PHARMACY, INC",900 W ROSEDALE ST,STE B,FORT WORTH,TX,761044537,8178701900,MANAGER/PHARMACIST,3336C0003X,tier_1_primary_pharmacy,Y,Y,
1548584196,RX PERTS,150 W PARKER RD,SUITE 107,HOUSTON,TX,770762951,2818885541,PRESIDENT,3336C0003X,tier_1_primary_pharmacy,Y,Y,
1275857708,ALLCARE PHARMACY LLC,7120 FM 1464 RD,STE D,RICHMOND,TX,774076400,8329398784,PRESIDENT,333600000X,tier_1_primary_pharmacy,Y,Y,
1336464130,MEDALWAYS PHARMACY INC,3939 HILLCROFT ST,STE 120,HOUSTON,TX,770577721,7134658100,PRESIDENT,333600000X|3336C0003X,tier_1_primary_pharmacy,Y,Y,
1407172901,LIVE OAK PHARMACY LLC,1611 W 5TH ST STE 160,,AUSTIN,TX,787034874,5124768979,"OWNER, PIC",3336C0003X,tier_1_primary_pharmacy,Y,Y,
1053637983,BEECHNUT RX,9510 BEECHNUT STREET,STE. G,HOUSTON,TX,77036,8326685410,MANAGING DIRECTOR,3336C0003X,tier_1_primary_pharmacy,Y,Y,
1255657920,MANVEL PHARMACY,20226 HIGHWAY 6 STE C,,MANVEL,TX,775783850,2814893210,MANAGER,333600000X|3336C0003X,tier_1_primary_pharmacy,Y,Y,
1205153475,"ONCOLOGY PHARMACY SERVICES, INC.",530 CLARA BARTON BLVD,SUITE 250,GARLAND,TX,750425703,2147784118,TREASURER,333600000X|3336C0003X,tier_1_primary_pharmacy,Y,Y,
1316264310,"TIN RX 806, INC.",3005 E. RENNER RD.,SUITE C,RICHARDSON,TX,750823570,2143245100,CEO,333600000X|3336C0003X,tier_1_primary_pharmacy,Y,Y,
1174840037,SHARYLAND PHARMACY LLC,3600 N 23RD ST STE 102,,MCALLEN,TX,785016081,9566823335,MANAGING OFFICE,333600000X|3336C0003X,tier_1_primary_pharmacy,Y,Y,
1013234947,LIFE PHARMACY LLC,23541 WESTHEIMER PKWY STE 130,,KATY,TX,774943597,7136655050,MANAGER/OWNER,3336C0004X|3336C0003X,tier_1_primary_pharmacy,Y,Y,
1881912509,PONDEROSA PHARMACY,1701 FM 1960 RD W STE M,,HOUSTON,TX,770903213,2813977001,OWNER,3336C0003X,tier_1_primary_pharmacy,Y,Y,
1962720656,REDI-MED PHARMACY LLC,1520 HOLLAND ST,,JACINTO CITY,TX,770292848,2814281212,OWNER,333600000X|3336C0003X,tier_1_primary_pharmacy,Y,Y,
1518285212,CHALLENGE CARE PHARMACY,6105 BEVERLYHILL ST STE 200,,HOUSTON,TX,770576716,8324879746,AUTHORIZED OFFICIAL,3336H0001X|3336C0003X,tier_1_primary_pharmacy,Y,Y,
1366760811,CYFAIR PHARMACY,16506 FM 529 RD # 108,,HOUSTON,TX,770951462,2815500123,PRESIDENT,3336C0003X,tier_1_primary_pharmacy,Y,Y,
1881913457,STAR PHARMACY INC,"1139 W BRAKER LANE, STE 102",,AUSTIN,TX,78758,5122063150,OWNER,3336C0003X,tier_1_primary_pharmacy,Y,Y,
1710206099,ENNIS STREET PHARMACY INC,4702 ENNIS ST,,HOUSTON,TX,770046132,7135247600,PRESIDENT,333600000X|3336C0003X,tier_1_primary_pharmacy,Y,Y,
1679892905,"SAENZ MEDICAL PHARMACY LINDBERG, INC.",212 LINDBERG AVE,,MCALLEN,TX,785012920,9566306465,OWNER,333600000X,tier_1_primary_pharmacy,Y,Y,
1851610802,TRILOGY PHARMACY,2603 OAK LAWN AVE,,DALLAS,TX,752194021,4692487445,PRINCIPAL,3336C0003X,tier_1_primary_pharmacy,Y,Y,
1740500727,CENTRO PEDIATRIC PHARMACY LLC,7200 GLENVIEW DR STE 1,,RICHLAND HILLS,TX,761807612,8173698988,PIC,3336C0004X|3336C0003X,tier_1_primary_pharmacy,Y,Y,
1871813238,D & G PHARMACY,6121 HILLCROFT ST STE J,,HOUSTON,TX,770811007,8329684211,PHARMACY MANAGER (PIC),3336C0003X,tier_1_primary_pharmacy,Y,Y,
1669793436,"FIRST CHOICE PHARMACY, INC",7909 HILLCROFT ST,SUITE B,HOUSTON,TX,770817202,7137797603,OWNER/PHARMACIST,3336C0003X,tier_1_primary_pharmacy,Y,Y,
1518288836,O NA K PHARMACY INC,702 W SAM HOUSTON PKWY S STE 200,,HOUSTON,TX,770421587,8329684044,MANAGING OFFICER,333600000X|3336C0003X,tier_1_primary_pharmacy,Y,Y,
1013228162,PRUDENTIAL PHARMACY,777 E WHEATLAND RD,#100,DUNCANVILLE,TX,751164918,9727094500,PHARMACIST,333600000X,tier_1_primary_pharmacy,Y,Y,
1396056313,A & C DISCOUNT PHARMACY LLC,2600 N STEMMONS FWY,STE 164,DALLAS,TX,752072113,4693318290,CCO,3336C0003X,tier_1_primary_pharmacy,Y,Y,
1184935066,TRACE PHARMACY LLC,8104 SOUTHWEST FWY STE B,,HOUSTON,TX,770741704,7139816600,OWNER,333600000X|3336C0003X,tier_1_primary_pharmacy,Y,Y,
1346551801,"BZ PHARMACY, INC",106 S. GOLIAD ST,,ROCKWALL,TX,75087,9727223784,OWNER,3336C0003X,tier_1_primary_pharmacy,Y,Y,
1487965885,PARAMOUNT PHARMACY LLC,1304 S LOOP W,,HOUSTON,TX,770544010,7137955888,OWNER/DIRECTOR,333600000X|3336C0003X,tier_1_primary_pharmacy,Y,Y,
1801107123,MIRA VISTA PHARMACY PLLC,7033 BRYANT IRVIN RD,,FORT WORTH,TX,761324243,8172923800,DIRECTOR OF PHARMACY,333600000X|3336C0004X|3336S0011X|3336C0003X,tier_1_primary_pharmacy,Y,Y,
1780995084,PRESTIGE PHARMACY INC,6550 MAPLERIDGE ST,SUITE 116,HOUSTON,TX,770814600,8327786552,PHARM/OWNER,333600000X|3336C0003X,tier_1_primary_pharmacy,Y,Y,
1033421839,MEDIC RX INC.,12121 WESTHEIMER RD.,209,HOUSTON,TX,77077,2815315965,PIC/PRESIDENT,3336L0003X|3336C0003X,tier_1_primary_pharmacy,Y,Y,
1336451822,PINECROFT PHARMACY LLC,150 PINE FOREST DR STE 203,,SHENANDOAH,TX,773845303,2814663650,PHARMACIST IN CHARGE,3336C0004X|3336L0003X|3336C0003X,tier_1_primary_pharmacy,Y,Y,
1710299235,CYPRESSWOOD PHARMACY,16116 STUEBNER AIRLINE RD,SUITE 3,SPRING,TX,773797327,2812510600,OWNER,3336C0003X,tier_1_primary_pharmacy,Y,Y,
1184937427,ALLSTAR PHARMACY LLC,11410 E. I-10 FREEWAY SUITE 164,,HOUSTON,TX,77029,7135900448,OWNER,333600000X|3336C0003X|3336S0011X|3336C0004X,tier_1_primary_pharmacy,Y,Y,
1619280815,SALUD PHARMACY #1 LLC,303 E CAMP WISDOM RD,,DUNCANVILLE,TX,751162705,9722830730,PRESIDENT,3336C0003X,tier_1_primary_pharmacy,Y,Y,
1184937286,CROSSROADS PHARMACY,3220 GUS THOMASSON RD STE 237,,MESQUITE,TX,751504051,2143081963,PHARMACY MANAGER,333600000X|3336C0003X,tier_1_primary_pharmacy,Y,Y,
1710290481,REMCO PHARMACY INC,5001 S COOPER ST STE 206,,ARLINGTON,TX,760175993,8174604400,PHARMACIST-IN-CHARGE,333600000X|3336C0003X,tier_1_primary_pharmacy,Y,Y,
1245543909,SRB PHARMACY,12707 TRINITY ST,SUITE 177,STAFFORD,TX,774774212,2812403308,PHARMACIST-IN-CHARGE,3336C0003X,tier_1_primary_pharmacy,Y,Y,
1215240726,BVM PHARMACY INC,9325 KEMPWOOD DR STE B,,HOUSTON,TX,770802813,7134605100,P.I.C.,3336C0003X,tier_1_primary_pharmacy,Y,Y,
1962715409,"ALPHA PHARMACY, LLC",11002 SCARSDALE BLVD STE C,,HOUSTON,TX,770895973,2814813366,PHARMACIST IN CHARGE,333600000X|3336C0004X|3336H0001X|3336L0003X|3336M0003X|3336C0003X,tier_1_primary_pharmacy,Y,Y,
1649584905,A & E PHARMACY LLC,411 W PARKER RD,,HOUSTON,TX,770913202,7136099163,PHARMACIST-IN-CHARGE,3336C0003X,tier_1_primary_pharmacy,Y,Y,
1407160609,YOUNG PHARMACY INC.,9865 LONG POINT RD,,HOUSTON,TX,770554107,2818808300,OWNER,3336C0003X,tier_1_primary_pharmacy,Y,Y,
1790099653,PILLERS SUPER DRUG INC,102 E DALLAS AVE,,COOPER,TX,754322043,9033952161,OWNER,333600000X|3336C0003X,tier_1_primary_pharmacy,Y,Y,
1922313303,AWESOME CARE PHARMACY INC,9908 S GESSNER RD,,HOUSTON,TX,770711008,2815011008,PIC/MANAGER,3336C0003X,tier_1_primary_pharmacy,Y,Y,
1154636322,FAIRWAY PHARMACY LLC,4912 TELEPHONE RD,,HOUSTON,TX,770873504,7134540211,PHARMACIST,333600000X|3336C0003X,tier_1_primary_pharmacy,Y,Y,
1396050472,FAMILY RX LLC,9511 HUFFMEISTER RD.,SUITE 103,HOUSTON,TX,770952892,2818554343,MANAGING MEMBER,3336C0003X,tier_1_primary_pharmacy,Y,Y,
1578878294,L & B DRUG INC,3402 S 14TH ST,,ABILENE,TX,796054904,3256953784,PRESIDENT,333600000X|3336C0003X,tier_1_primary_pharmacy,Y,Y,
1740596477,FALCON PHARMACY OF TEXAS INC,8145 HIGHWAY 6 S STE 114A,,HOUSTON,TX,770835763,2817769600,PHARMACIST IN CHARGE,3336C0003X,tier_1_primary_pharmacy,Y,Y,
1669788550,MEDI-SCRIPT PHARMACY INC,8121 BROADWAY ST STE 105,,HOUSTON,TX,770611341,7139103774,OFFICER,333600000X|3336C0002X|3336L0003X|3336C0003X,tier_1_primary_pharmacy,Y,Y,
1144537903,BALLEM PHARMACY,2990 RICHMOND AVE,STE 110,HOUSTON,TX,770983104,7135206900,PHARMACIST IN CHARGE,333600000X|3336C0003X,tier_1_primary_pharmacy,Y,Y,
1205143930,EXPERIENCECARE PHARMACY LLC,3730 KIRBY DR STE 210,,HOUSTON,TX,77098,7135243330,OWNER/PHARMACIST,333600000X|3336C0003X,tier_1_primary_pharmacy,Y,Y,
1356658470,THE RITE PHARMACY INC,2225 WILLIAMS TRACE BLVD STE 109,STE 109,SUGAR LAND,TX,774784440,8325320806,PHARMACIST-IN-CHARGE,3336C0003X|333600000X,tier_1_primary_pharmacy,Y,Y,
1922315860,"STELLUS RX, LLC",8277 BELLEVIEW DR STE 250,,PLANO,TX,750240359,2142915087,CEO,333600000X|3336C0003X,tier_1_primary_pharmacy,Y,Y,
1689982860,SALUD PHARMACY #2 LLC,912 W 12TH ST,,DALLAS,TX,752086005,2149463886,OWNER,333600000X,tier_1_primary_pharmacy,Y,Y,
1265740336,"ONCOLOGY PHARMACY SERVICES, INC.",901 W 38TH ST,SUITE 200,AUSTIN,TX,787051163,5124214188,EXECUTIVE DIRECTOR,333600000X|3336C0003X,tier_1_primary_pharmacy,Y,Y,
1912216748,ENG S PHARMACY LLC,4710 KATY FWY,ROOM # 1,HOUSTON,TX,770072204,7136951473,MANAGER,333600000X|3336C0003X,tier_1_primary_pharmacy,Y,Y,
1295044816,"BERRY OAKS PHARMACY, LLC",19851 WEST HIGHWAY 46 STE 204,,SPRING BRANCH,TX,78070,8309805308,MANAGING MEMBER,3336C0003X,tier_1_primary_pharmacy,Y,Y,
1922317585,L.M.R. WEBSTER STREET PHARMACY INC.,910 WEBSTER ST,,HOUSTON,TX,770028803,7136589300,PRESIDENT/ MANAGER,333600000X,tier_1_primary_pharmacy,Y,Y,
1285944173,MOBILECARE PHARMACY,3918 LEELAND ST,,HOUSTON,TX,770035648,7136000075,PHARMACIST IN CHARGE,3336C0003X,tier_1_primary_pharmacy,Y,Y,
1093025983,"RRICHMOND PROFESSIONAL PHARMACY, INC.",1601 MAIN ST STE 106,,RICHMOND,TX,774693230,2816330700,DIRECTOR/PIC,3336C0003X,tier_1_primary_pharmacy,Y,Y,
1568762755,MEDIC ONE PHARMACY,1701 FAIRWAY DR,SUITE 3A,ALVIN,TX,775114661,2818240222,PHARMACIST/OWNER,3336C0003X,tier_1_primary_pharmacy,Y,Y,
1811297880,PUMPS IT PHARMACY,10601 GRANT RD STE 101,,HOUSTON,TX,770704449,2819558900,PHARMACIST IN CHARGE,3336C0003X,tier_1_primary_pharmacy,Y,Y,
1124328034,MEDRX COMPOUNDING & PHARMACY LIMITED COMPANY,601 WAYSIDE DR STE D,,HOUSTON,TX,770113614,8327675466,DIRECTOR/OWNER,3336C0004X|3336S0011X|3336C0003X,tier_1_primary_pharmacy,Y,Y,
1295035988,MEDLIN PHARMACY INC,2755 TEXAS PKWY STE 101,,MISSOURI CITY,TX,774895114,2814371818,"OWNER, PIC, AO",333600000X|3336L0003X|3336C0003X,tier_1_primary_pharmacy,Y,Y,
1538469077,TAMU-CC HEALTHCENTER PHARMACY,6300 OCEAN DR,UNIT 5715,CORPUS CHRISTI,TX,784125715,3618256079,CHIEF PHARMACIST,333600000X,tier_1_primary_pharmacy,Y,Y,
1841590247,UPTOWN PHARMACY LLC,110 UPTOWN AVE STE B,,BROWNSVILLE,TX,785207563,9565440238,PHARMACIST/OWNER,3336C0003X,tier_1_primary_pharmacy,Y,Y,
1487954830,CHAMPS PHARMACY,6300 RICHMOND AVE STE 100,,HOUSTON,TX,770575927,7137822900,PRESIDENT,333600000X|3336C0004X|3336C0003X,tier_1_primary_pharmacy,Y,Y,
1861792160,HAYES PHARMACY INC,5701 MAPLE AVE,SUITE 100-B,DALLAS,TX,752356519,2146544918,PRESIDENT,3336C0003X,tier_1_primary_pharmacy,Y,Y,
1144520412,GIBSON PHARMACY,815 N. OCONNOR,,IRVING,TX,75061,9725790511,PHARMACIST,333600000X,tier_1_primary_pharmacy,Y,Y,
1063713386,MEDLINK PHARMACY LLC,1570 S DAIRY ASHFORD ST STE 115,,HOUSTON,TX,770773862,2817528800,PHARMACIST-IN-CHARGE,3336C0003X|333600000X,tier_1_primary_pharmacy,Y,Y,
1093016362,A HOLISTIC YOU PHARMACY,9330 BROADWAY ST,SUITE 410,PEARLAND,TX,775847891,2819971644,MANAGER,3336C0003X,tier_1_primary_pharmacy,Y,Y,
1962703025,"JL WELLNESS PHARMACY, LLC",3030 TOWNE CENTRE DR STE B,,MESQUITE,TX,751504134,9723641793,OFFICER,3336C0003X,tier_1_primary_pharmacy,Y,Y,
1265733000,MAINSTREAM PHARMACY LLC,5720 BELLAIRE BLVD STE B,,HOUSTON,TX,770815513,7136608500,PRESIDENT,333600000X,tier_1_primary_pharmacy,Y,Y,
1669773172,ABC MENDIOLA ALAMO PHARMACY INC,115 S ALAMO RD STE B,,ALAMO,TX,785162518,9567813993,PIC/OWNER,3336C0003X,tier_1_primary_pharmacy,Y,Y,
1669774097,CARE PLUS PHARMACY,10301 CLUB CREEK DR,SUITE # I,HOUSTON,TX,770367151,7137781773,OFFICER,333600000X|3336C0004X|3336C0003X,tier_1_primary_pharmacy,Y,Y,
1093017337,E&E PHARMACY,7008 WOODRIDGE DR,,HOUSTON,TX,770872712,7138478989,PHARMACIST-IN-CHARGE,333600000X|3336C0003X,tier_1_primary_pharmacy,Y,Y,
1619279635,MEDPLUS RX INC.,7636 HARWIN DR STE C319,,HOUSTON,TX,770361939,7137795400,PIC,3336C0003X,tier_1_primary_pharmacy,Y,Y,
1851693881,"AMAZING GRACE PHARMACY, INC",1965 TEXAS PKWY,,MISSOURI CITY,TX,774893121,8322300169,PIC,333600000X|3336C0003X,tier_1_primary_pharmacy,Y,Y,
1215239082,NORTH CENTRAL PHARMACY LLC,5080 VIRGINIA PKWY STE 550,,MCKINNEY,TX,750715633,9725409900,PHARMACIST,3336C0003X,tier_1_primary_pharmacy,Y,Y,
1639471543,ADDIS PHARMACY INC,3305 S MAYHILL ROAD,SUITE 101,DENTON,TX,76208,9403820079,OWNER,333600000X|3336C0003X,tier_1_primary_pharmacy,Y,Y,
1851694384,MARKS PHARMACY INCORPORATED,8150 BROOKRIVER DR STE 107,,DALLAS,TX,752474068,4695472419,"PRESIDENT,PHARMACIST IN CHARGE",3336C0004X|3336S0011X|3336C0003X,tier_1_primary_pharmacy,Y,Y,
1528361912,VELA'S PHARMACY LLC,524 S CAGE BLVD STE A,,PHARR,TX,785775448,9567028352,PRESIDENT,333600000X|3336C0003X,tier_1_primary_pharmacy,Y,Y,
1033412366,PRICELINE PHARMACY,8603 BROADWAY ST STE 107,,PEARLAND,TX,775848172,2814857777,PHARMACIST-IN-CHARGE,3336C0003X,tier_1_primary_pharmacy,Y,Y,
1780987875,DOZIE'S PHARMACY,12660 BEECHNUT ST,SUITE 130,HOUSTON,TX,770723981,2819336600,PHARMACIST-IN-CHARGE,333600000X,tier_1_primary_pharmacy,Y,Y,
1205139342,MCALLEN PHARMACY LLC,4420 N MCCOLL RD,,MCALLEN,TX,785042480,9566681100,MANAGING OFFICER,333600000X|3336C0004X|3336C0003X,tier_1_primary_pharmacy,Y,Y,
1043513104,DOLLAR VALUE PHARMACY,2107 WATER CANYON CT,,HOUSTON,TX,770771945,8323663482,OWNER,3336C0003X,tier_1_primary_pharmacy,Y,Y,
1437452398,MARY & RALPH PHARMACY INC,1520 SUN CITY BLVD STE 160,,GEORGETOWN,TX,786335349,5127634420,PRESIDENT,3336C0003X,tier_1_primary_pharmacy,Y,Y,
1558664375,S & J SCRIPTURE STREET PHARMACY INCORPORATED,1612 SCRIPTURE ST,,DENTON,TX,762013809,9404840100,PRESIDENT,333600000X|3336C0004X|3336C0003X,tier_1_primary_pharmacy,Y,Y,
1710280466,UNICARE PHARMACY,11847 BISSONNET ST,,HOUSTON,TX,770991904,2814981141,OFFICER,333600000X|3336C0003X,tier_1_primary_pharmacy,Y,Y,
1659674265,CK'S PHARMACY,5405 T C JESTER BLVD STE H,,HOUSTON,TX,770915239,7136864155,OWNER,333600000X|3336C0003X,tier_1_primary_pharmacy,Y,Y,
1083917660,TRIUMPH PHARMACY LLC,7030 FM 1488 RD # 110,,MAGNOLIA,TX,773544774,2812524200,OWNER/PIC,333600000X|3336C0004X|3336C0003X,tier_1_primary_pharmacy,Y,Y,
1467756965,CROSSWAY PHARMACY LLC,3044 ANTOINE DR,,HOUSTON,TX,770927053,7132900322,OWNER,3336C0003X,tier_1_primary_pharmacy,Y,Y,
1740584705,"RIVER'S EDGE PHARMACY, LLC",503 FM 359 RD STE 180,,RICHMOND,TX,774065196,2812323662,PHARMACIST-IN-CHIEF,3336C0003X,tier_1_primary_pharmacy,Y,Y,
1811291693,PVE PHARMACY,724 FM 1960 RD W,,HOUSTON,TX,770903402,2815801176,OWNER,3336C0003X,tier_1_primary_pharmacy,Y,Y,
1689979205,ICON PHARMACY,810 S MASON RD,STE 102,KATY,TX,774503895,8324372800,PIC,3336C0003X,tier_1_primary_pharmacy,Y,Y,
1508161910,"LIVERNOIS RX, INC.",1105 CENTRAL EXPWY N,SUITE 2110,ALLEN,TX,75013,8443708581,PRESIDENT,333600000X|3336C0003X,tier_1_primary_pharmacy,Y,Y,
1124323605,SOUTH MASON ROAD PHARMACY,515A S MASON RD,,KATY,TX,774502491,2818296960,PHARMACY IN CHARGE,333600000X|3336C0003X,tier_1_primary_pharmacy,Y,Y,
1407151699,JACKSONS & J. K. PHARMACY L.L.C,7909 HILLCROFT ST,SUITE B,HOUSTON,TX,770817202,7132710441,MANAGER,3336C0003X,tier_1_primary_pharmacy,Y,Y,
1104121235,BEAR CREEK PHARMACY LLC,101 BEAR CREEK PKWY STE B,,KELLER,TX,762482531,8175624766,OWNER/PIC,3336C0004X|3336C0003X,tier_1_primary_pharmacy,Y,Y,
1386949147,ABSOLUTE DISCOUNT PHARMACY,2920 TIDWELL RD STE H,,HOUSTON,TX,770936836,7136990890,OWNER,333600000X|3336C0003X,tier_1_primary_pharmacy,Y,Y,
1649575424,KINGSLEY PHARMACY,2626 S LOOP W STE 115,,HOUSTON,TX,770542648,7136646333,MANAGING MEMBER,3336C0003X,tier_1_primary_pharmacy,Y,Y,
1417253055,PREMIUM FAMILY PHARMACY,1776 TEASLEY LN STE 111,,DENTON,TX,762057710,9404426767,OWNER,333600000X|3336C0003X,tier_1_primary_pharmacy,Y,Y,
1891091328,KWIK MEDS PHARMACY LLC,1900 NORTH LOOP W STE 170,,HOUSTON,TX,770188151,2815012228,OWNER,333600000X|3336C0004X|3336C0003X,tier_1_primary_pharmacy,Y,Y,
1598061400,MIDTOWN SPECIALTY RX,1701 WEBSTER ST STE D,,HOUSTON,TX,770035800,7138749190,OWNER,333600000X|3336C0003X,tier_1_primary_pharmacy,Y,Y,
1932406782,TEXAS FAMILY PHARMACY,508 W. GRIFFIN PARKWAY,SUITE C,MISSION,TX,78572,9565801111,MANAGER,333600000X|3336C0004X,tier_2_secondary_pharmacy,N,Y,
1104123660,RICHARDS RX LLC,4630 S CLOSNER BLVD,,EDINBURG,TX,785397279,9562891880,PHARMACIST/MANAGING PARTNER,3336C0004X|333600000X|3336C0003X,tier_1_primary_pharmacy,Y,Y,
1023315553,"TIN RX 805, INC.",3706 GUADALUPE ST.,SUITE C,AUSTIN,TX,78705,5127179988,CEO,333600000X|3336C0003X,tier_1_primary_pharmacy,Y,Y,
1144527565,SOUTHLAND PHARMACY #2,4209 N CONWAY AVE,STE C,PALMHURST,TX,785731482,9565817455,PRESIDENT,3336C0003X,tier_1_primary_pharmacy,Y,Y,
1245537505,DALLAS HEALTHCARE PHARMACY LLC,4131 S BUCKNER BLVD,SUITE A,DALLAS,TX,752274318,2143885334,OWNER/MANAGER,333600000X|3336C0003X,tier_1_primary_pharmacy,Y,Y,
1770881799,PHARMACY EXPRESS LLC,8801 N 10TH ST STE 130,,MCALLEN,TX,785049515,9565152808,OFFICER,3336C0003X,tier_1_primary_pharmacy,Y,Y,
1851699797,PARAMOUNT COMPOUNDING PHARMACY LLC,5517 BROADWAY ST STE H,,PEARLAND,TX,775813737,2814124370,PHARMACIST IN CHARGE,333600000X|3336C0004X,tier_1_primary_pharmacy,Y,Y,
1447558440,T & S PHARMACY,2345 ALDINE MAIL ROUTE STE A,,HOUSTON,TX,770395528,2812197700,CO-OWNER,3336C0003X,tier_1_primary_pharmacy,Y,Y,
1972801413,BIG TEX PHARMACY LLC,10900 GULF FREEWAY STE A3,,HOUSTON,TX,77034,7132831310,OWNER,3336C0003X,tier_1_primary_pharmacy,Y,Y,
1538467741,WAL-MED PHARMACY INC,6611 CHIMNEY ROCK RD STE 2,,HOUSTON,TX,770815338,7136613600,PRESIDENT,3336L0003X|333600000X|3336C0003X,tier_1_primary_pharmacy,Y,Y,
1265730352,SURE HEALTHCARE PHARMACY,921 FM 1960 RD W STE 104A,,HOUSTON,TX,770902529,2814400680,DIRECTOR,3336C0003X,tier_1_primary_pharmacy,Y,Y,
1033418827,"JAMORX PHARMACY INC.,",650 SAINT LOUIS AVE,,FORT WORTH,TX,761043346,8173324004,PRESIDENT,3336C0003X,tier_1_primary_pharmacy,Y,Y,
1184923740,THREE ANGELS MESSAGE PHARMACY,900 W ENNIS AVE,SUITE 120,ENNIS,TX,751193736,9728752504,OWNER,333600000X,tier_1_primary_pharmacy,Y,Y,
1063711364,CONSUMER SAVING ADVANTAGE PHARMACY INC,10235 LAKE JUNE RD STE 400,,DALLAS,TX,752173376,2146287206,PHARMACY MANAGER,3336C0003X,tier_1_primary_pharmacy,Y,Y,
1871882886,"PALOMA'S PHARMACY,LLC",909 BUSINESS PARK DR STE 2,,MISSION,TX,785726054,9564246268,CORP-PRESIDENT,3336C0003X,tier_1_primary_pharmacy,Y,Y,
1235428012,H & N PHARMACY INC,4309 LEMMON AVE,,DALLAS,TX,752192706,2143314500,OWNER,333600000X|3336C0003X,tier_1_primary_pharmacy,Y,Y,
1659660033,RBJ PHARMACY,15035 SOUTHWEST FWY,,SUGAR LAND,TX,774785018,2813445010,MANAGER,3336C0002X|333600000X|3336C0003X,tier_1_primary_pharmacy,Y,Y,
1467742585,EXCEL PHARMACY INC.,8600 W AIRPORT BLVD,SUITE B,HOUSTON,TX,770712482,7139951272,PHARMACIST-IN-CHARGE,3336C0004X|3336C0003X,tier_1_primary_pharmacy,Y,Y,
1679863575,BURKE FAMILY PHARMACY INC,722 FAIRMONT PKWY,,PASADENA,TX,775042804,8322436262,OFFICER,3336C0003X,tier_1_primary_pharmacy,Y,Y,
1659661411,DRUG QUEST INC LLC,3802 S GESSNER RD STE 500,,HOUSTON,TX,770635368,7137853400,PHARMACIST-IN-CHARGE,3336C0003X,tier_1_primary_pharmacy,Y,Y,
1851682033,PCP PHARMACY LLC,5108 FAIRMONT PKWY STE A,,PASADENA,TX,775053756,2819911300,MANAGER,3336L0003X|3336C0003X,tier_1_primary_pharmacy,Y,Y,
1306137997,C - MED PHARMACY AND HEALTH CARE SERVICES,5633 AVENUE I STE C,,ROSENBERG,TX,774716192,8323633787,OWNER,333600000X|3336C0003X,tier_1_primary_pharmacy,Y,Y,
1467744813,VALUSTAR PHARMACY LLC,788 NORMANDY ST,STE F,HOUSTON,TX,770153400,7136377345,PIC/MANAGER,3336C0003X,tier_1_primary_pharmacy,Y,Y,
1023300084,SAGE PHARMACY AND STORES LLC,2500 S LAKELINE BLVD STE 202,,CEDAR PARK,TX,786132969,5126281090,PRESIDENT,333600000X|3336C0003X,tier_1_primary_pharmacy,Y,Y,
1396037347,NEW DAY PHARMACY,4315 LOCKWOOD DR STE 11,,HOUSTON,TX,770264117,2815011768,PHARMACIST,333600000X,tier_1_primary_pharmacy,Y,Y,
1568754141,VC PHARMACY INC,9415 BRUTON RD STE 3104,,DALLAS,TX,752172647,8325143401,DIRECTOR,333600000X|3336C0003X,tier_1_primary_pharmacy,Y,Y,
1215229844,K & K PHARMACY INC,1411 W AMERICAN BLVD,,MULESHOE,TX,793473123,8062727511,PHARMACIST/OWNER,3336L0003X|333600000X|3336C0004X|3336C0003X,tier_1_primary_pharmacy,Y,Y,
1376836809,PEOPLES PREFERRED PHARMACY LLC,3620 N ARKANSAS AVE STE E,,LAREDO,TX,780431116,9567290311,HR DIRECTOR,3336C0003X,tier_1_primary_pharmacy,Y,Y,
1861785370,PLAZA APOTHECARY PLLC,"600 N PEARL STREET, STE H201",,DALLAS,TX,752017430,2148550606,OWNER/MANAGING PARTNER,3336C0003X|333600000X,tier_1_primary_pharmacy,Y,Y,
1881987253,RELIANT PHARMACY,9219 S MAIN ST,,HOUSTON,TX,770254419,8327786500,OWNER,3336C0003X,tier_1_primary_pharmacy,Y,Y,
1881987089,AMERICAN SPECIALTY PHARMACY INC,2709 W 15TH ST STE B,,PLANO,TX,750757545,9728674204,DIRECTOR,3336S0011X|3336C0003X,tier_1_primary_pharmacy,Y,Y,
1558654723,SUGAR PINE PHARMACY,1972 FM 1960 RD,,HOUSTON,TX,770903206,2813976500,EX VP,3336C0003X,tier_1_primary_pharmacy,Y,Y,
1568755791,"LYONS PHARMACY,LLC",5602 LYONS AVE STE 610,,HOUSTON,TX,770204730,7136759667,PHARMACIST-IN-CHARGE,3336C0003X,tier_1_primary_pharmacy,Y,Y,
1790078814,BARBOUR NEIGHBORHOOD PHARMACY LLC,2910 ANTOINE DR STE A,,HOUSTON,TX,770927062,7132639640,OWNER,3336C0003X,tier_1_primary_pharmacy,Y,Y,
1952694820,TEXAS RXSOLUTIONS AND COMPOUNDING PHARMACY LLC,7505 FANNIN ST STE 120,,HOUSTON,TX,770541929,7137901222,PRESIDENT,333600000X|3336C0004X|3336C0003X,tier_1_primary_pharmacy,Y,Y,
1043503915,COMPOUNDING PHARMACY SOLUTIONS,6105 BEVERLY HILL STREET,SUITE 201,HOUSTON,TX,770576716,7137832836,PHARMACIST,333600000X|3336C0003X|3336C0004X|3336H0001X,tier_1_primary_pharmacy,Y,Y,
1528352010,ROSEWOOD FAMILY PHARMACY PLLC,1010 S MAGNOLIA BLVD STE D,,MAGNOLIA,TX,773558550,8887301069,MEMBER,333600000X,tier_1_primary_pharmacy,Y,Y,
1144514431,RX TO GO PHARMACY,1100 GULF FWY S STE 290,,LEAGUE CITY,TX,775735153,2815570220,PHARMACIST/PARTNER,3336C0003X,tier_1_primary_pharmacy,Y,Y,
1154616605,STEEPLECHASE PLAZA PHARMACY,11037 FM 1960 RD W,SUITE B5,HOUSTON,TX,770653600,2818946167,OWNER/MD,3336C0004X|3336C0003X,tier_1_primary_pharmacy,Y,Y,
1508151960,SARATOGA PHARMACY LLC,12650 N BEACH ST STE 112,,FORT WORTH,TX,762444243,8174319700,MANAGING PARTNER,3336C0004X|333600000X|3336C0003X,tier_1_primary_pharmacy,Y,Y,
1578858429,SUN PHARMACY,7021 HIGHWAY 6 S,,HOUSTON,TX,770833305,2815680628,PHARMACIST IN CHARGE,333600000X,tier_1_primary_pharmacy,Y,Y,
1093001844,U&ME PHARMACY,6101 WINDHAVEN PKWY STE 125,,PLANO,TX,750938290,8442907034,DIRECTOR,3336C0004X|333600000X|3336C0003X,tier_1_primary_pharmacy,Y,Y,
1508152125,"DB PHARMACY, PLLC",12100-E VETERANS MEMORIAL DR.,,HOUSTON,TX,77067,2813977711,PHARMACIST/VICE-PRESIDENT,3336C0003X,tier_1_primary_pharmacy,Y,Y,
1700172087,HOMETOWN PHARMACY LLC,2800 W HIGHWAY 22 STE A,,CORSICANA,TX,751102454,9038723784,PRESIDENT,333600000X|3336C0004X|3336L0003X,tier_1_primary_pharmacy,Y,Y,
1104112366,MAVIS O PHARMACY LLC,10080 BELLAIRE BLVD STE 102,,HOUSTON,TX,770725249,2814981161,PIC,333600000X|3336C0003X,tier_1_primary_pharmacy,Y,Y,
1255627519,HOMETOWN PHARMACY LLC,2800 W HIGHWAY 22,,CORSICANA,TX,751102454,9038723784,PRESIDENT,333600000X|3336C0004X|3336C0003X,tier_1_primary_pharmacy,Y,Y,
1780971911,EMOSS PHARMACY LLC,2440 TEXAS PKWY,STE 340,MISSOURI CITY,TX,774894000,2813137880,MANAGER,3336C0003X,tier_1_primary_pharmacy,Y,Y,
1831487982,EAST FREEWAY PHARMACY LLC,12322 EAST FWY STE B1,,HOUSTON,TX,770155538,7136377697,OWNER,3336C0003X,tier_1_primary_pharmacy,Y,Y,
1831487792,ASTRO PHARMACY LLC,9801 LONG POINT RD STE 101,,HOUSTON,TX,770554189,7139574600,PHARMACIST,333600000X|3336C0003X,tier_1_primary_pharmacy,Y,Y,
1427346097,KATY PHARMACY INC,20005 KATY FWY,,KATY,TX,774502238,2815781515,VP,333600000X,tier_1_primary_pharmacy,Y,Y,
1770861668,TRIPLE A PHARMACY,2025 MANGUM RD,,HOUSTON,TX,770928529,2819743713,MANAGER,3336C0003X,tier_1_primary_pharmacy,Y,Y,
1881972271,BROWNSVILLE PEDIATRIC PHARMACY PLLC,2050 N EXPRESSWAY,,BROWNSVILLE,TX,785211540,9565441222,PRESIDENT,3336C0003X,tier_1_primary_pharmacy,Y,Y,
1598043937,MANOR PHARMACY,2056 ANTOINE DR,#120,HOUSTON,TX,770551833,7134769606,MANAGER,333600000X|3336S0011X|3336C0003X,tier_1_primary_pharmacy,Y,Y,
1861771156,"PARTON PHARMACY, LLC",211 E COKE RD,,WINNSBORO,TX,754943213,9033423669,OWNER,333600000X,tier_1_primary_pharmacy,Y,Y,
1881973519,WELLNESS PHARMACY LLC,1480 WILCREST DR,,HOUSTON,TX,770422229,7135320008,PIC,3336C0003X,tier_1_primary_pharmacy,Y,Y,
1073893038,TABB PHARMACY LLC,8608 S BRAESWOOD BLVD,,HOUSTON,TX,770311301,7137728222,OWNER,3336C0003X,tier_1_primary_pharmacy,Y,Y,
1114208683,"ONCOLOGY PHARMACY SERVICES, INC.",1631 LANCASTER DR,SUITE 150,GRAPEVINE,TX,760513585,8173107027,DIRECTOR,3336C0002X|3336C0003X,tier_1_primary_pharmacy,Y,Y,
1881975118,"E & J PHARMACY, INC.",1313 HOLLAND ST,,HOUSTON,TX,770292890,7134558900,OWNER,3336C0003X,tier_1_primary_pharmacy,Y,Y,
1518248376,CNC PHARMACY COMPOUNDING,15040 FAIRFIELD VILLAGE SQUARE DR STE 100,,CYPRESS,TX,774337900,2817584040,MANAGING MEMBER,3336C0004X|3336C0003X|333600000X,tier_1_primary_pharmacy,Y,Y,
1083996375,DOCTORS SPECIALTY PHARMACY LLC,8600 FREEPORT PKWY STE 110,,IRVING,TX,750631988,4699062002,MANAGER,3336C0003X|333600000X,tier_1_primary_pharmacy,Y,Y,
1124300397,"ROSS MED RX, LLC",9501 LONG POINT RD STE J,,HOUSTON,TX,770554223,7134656007,DIRECTOR,3336C0003X,tier_1_primary_pharmacy,Y,Y,
1326320573,KEYSTONE PHARMACY MANAGEMENT LLC,351 CYPRESS CREEK RD,STE 100,CEDAR PARK,TX,786134528,5122585533,OWNER,333600000X,tier_1_primary_pharmacy,Y,Y,
1275815334,MEDI-HEALTH PHARMACY GROUP LLC,1200 KELLER PKWY STE 200,,KELLER,TX,762483615,6825930461,PHARMACIST-IN-CHARGE,333600000X|3336C0003X,tier_1_primary_pharmacy,Y,Y,
1366724387,STARR DME & PHARMACY INC.,1300 S BRYAN RD STE 101,,MISSION,TX,785726688,9562714258,OWNER,333600000X|3336C0003X,tier_1_primary_pharmacy,Y,Y,
1225310154,LUV'S PHARMACY,11003 ANTOINE DR,SUITE I,HOUSTON,TX,770861426,2815377481,OWNER,3336C0003X,tier_1_primary_pharmacy,Y,Y,
1316220205,LOVING CARE PHARMACY INC,4406 AIRLINE DR,,HOUSTON,TX,770222901,7138089103,PHARMACIST IN CHARGE/DIRECTOR,333600000X|3336L0003X|3336C0003X,tier_1_primary_pharmacy,Y,Y,
1235412081,PLAINVIEW PHARMACY,6618 RAY DR,,PASADENA,TX,775054197,8324838914,MANAGING MEMBER,3336L0003X|333600000X,tier_1_primary_pharmacy,Y,Y,
1366725111,"REGEN PHARMACY, INC.",15650 CLASSEN ROAD,,SAN ANTONIO,TX,78247,2102368076,PRESIDENT,333600000X,tier_1_primary_pharmacy,Y,Y,
1750665519,EMERALD PHARMACY LLC,12863 GULF FWY,,HOUSTON,TX,770344807,2814847100,PRESIDENT,3336C0003X,tier_1_primary_pharmacy,Y,Y,
1790069516,RX PHARMACY INCORPORATED,5600 S WILLOW DR,#113,HOUSTON,TX,770354713,7137234600,PRESIDENT,3336C0004X|3336L0003X|3336C0003X,tier_1_primary_pharmacy,Y,Y,
1831473867,SCRIPTCARE PHARMACY LLC,9441 FM 1960 BYPASS RD W,SUITE 200,HUMBLE,TX,773384089,8326449241,OFFICE MANAGER,3336C0003X,tier_1_primary_pharmacy,Y,Y,
1023392933,NORMANDY RX,7320 HIGHWAY 90A,SUITE 140,SUGAR LAND,TX,774783390,8329994744,OWNER/PRESIDENT,333600000X|3336C0003X,tier_1_primary_pharmacy,Y,Y,
1083999122,CARTERS PHARMACY RX LLC,1202 LARK LN STE 3,,RICHMOND,TX,774697433,2812397519,PHARMACIST IN CHARGE,333600000X|3336C0003X,tier_1_primary_pharmacy,Y,Y,
1245516442,IMC PHARMACY,17027 NANES DR,,HOUSTON,TX,770902501,2819881381,CEO,333600000X,tier_1_primary_pharmacy,Y,Y,
1154607331,EPOCH PHARMACY SOLUTIONS II LLC,1202 N VIRGINIA ST,,PORT LAVACA,TX,779792507,3614820345,OWNER,333600000X|3336C0003X,tier_1_primary_pharmacy,Y,Y,
1326324526,SPARTAN PHARMACY,2327 FM 1960 RD,,HOUSTON,TX,770732501,2814496400,VP,333600000X,tier_1_primary_pharmacy,Y,Y,
1700162864,RAZI RX INC.,708 W SPRING VALLEY RD,,RICHARDSON,TX,750807216,9724799292,DIRECTOR,333600000X|3336C0003X,tier_1_primary_pharmacy,Y,Y,
1891072880,PHAR-MILES PHARMACY LLC,16840 BUCCANEER LN STE P,,HOUSTON,TX,77058,8324108123,PHARMACIST IN CHARGE,333600000X|3336C0003X,tier_1_primary_pharmacy,Y,Y,
1932486800,MAS PHARMACY RX LLC,9355 LONG POINT RD STE L,,HOUSTON,TX,770554481,7134656113,PHARMACIST-IN-CHARGE/OWNER,333600000X|3336C0003X|3336C0004X,tier_1_primary_pharmacy,Y,Y,
1972880797,LIFECHEK RX GROUP LLC,1490 RESEARCH FOREST DR,,SHENANDOAH,TX,773814370,8329481012,OWNER,333600000X|3336C0003X,tier_1_primary_pharmacy,Y,Y,
1750668505,RURAL PHARMACY SOLUTIONS,109 NE 2ND ST,,CROSS PLAINS,TX,764432401,2547257330,CFO,3336C0003X,tier_1_primary_pharmacy,Y,Y,
1487931028,"STARR PLUS PHARMACY, LLC.",208 OAK DR S STE 601,,LAKE JACKSON,TX,775665789,9792973800,P.I.C. / OWNER,3336C0003X,tier_1_primary_pharmacy,Y,Y,
1679850101,YOUR RX PHARMACY INC,2637 IRA E WOODS AVE,#200,GRAPEVINE,TX,760519010,8174162222,PRESIDENT,333600000X,tier_1_primary_pharmacy,Y,Y,
1871870204,MY PHARMACY,2920 MOTLEY DR,SUITE 200,MESQUITE,TX,751503471,8553553155,CEO,3336C0003X,tier_1_primary_pharmacy,Y,Y,
1891072179,HAMPTON ALLIED PHARMACY INC,3030 LBJ FWY STE 880,,DALLAS,TX,752342774,2143307700,OWNER MANAGER,333600000X|3336C0003X,tier_1_primary_pharmacy,Y,Y,
1194093401,RED RIVER PHARMACY SERVICES INC,1550 MOORES LN STE B,,TEXARKANA,TX,755034657,9037927435,PRESIDENT,3336C0003X|3336C0004X|333600000X,tier_1_primary_pharmacy,Y,Y,
1528336419,MOORES PHARMACY INC,5802 SARATOGA BLVD STE 100,,CORPUS CHRISTI,TX,784144252,3616534007,OWNER,3336C0003X,tier_1_primary_pharmacy,Y,Y,
1174891923,MCCART PHARMACY,4237 MCCART AVE,,FORT WORTH,TX,761151020,8179247200,PHARMACIST,333600000X|3336C0003X,tier_1_primary_pharmacy,Y,Y,
1134497829,P. PHARMACY INC,9000 RICHMOND AVE,SUITE 200,HOUSTON,TX,770634925,7136916200,MANAGING OFFICER,3336C0003X,tier_1_primary_pharmacy,Y,Y,
1457620775,PQ PHARMACY SERVICES LLC,2430 FRY RD # 104,,HOUSTON,TX,770845831,2815791310,MANAGER,3336C0003X,tier_1_primary_pharmacy,Y,Y,
1083983290,HCP PHARMACY LLC,2905 MANGUM RD,STE E,HOUSTON,TX,770927543,7136801600,ADMINISTRATOR,333600000X|3336C0003X,tier_1_primary_pharmacy,Y,Y,
1790054005,C AND P PHARMACY,8312 LONG POINT RD STE A,,HOUSTON,TX,770552050,7138279000,MANAGER,333600000X|3336C0003X,tier_1_primary_pharmacy,Y,Y,
1841569027,"PRO PHARMACY HEALTH , LLC",14021 SOUTHWEST FWY # 409B,,SUGAR LAND,TX,77478,2814910767,MANAGER,333600000X|3336C0003X,tier_1_primary_pharmacy,Y,Y,
1538438510,"SILVERIDGE PHARMACY, INC.",15626 SILVER RIDGE DR STE 103,,HOUSTON,TX,770903711,2814447100,OWNER,3336C0003X,tier_1_primary_pharmacy,Y,Y,
1962771733,ADVANCE PHARMACY LLC,2646 S LOOP W STE 330,,HOUSTON,TX,770542773,7136615711,OWNER,3336C0004X|3336C0003X,tier_1_primary_pharmacy,Y,Y,
1295004067,DE ANGELO PHARMACY INC,112 HWY 146 S,SUITE B,LA PORTE,TX,775716123,2818428500,PIC,333600000X|3336C0004X|3336C0003X,tier_1_primary_pharmacy,Y,Y,
1437428190,HCP PHARMACY LLC,13414 MEDICAL COMPLEX DR STE 12,,TOMBALL,TX,773753334,3463144903,PHARMACIST IN CHARGE,333600000X|3336C0003X,tier_1_primary_pharmacy,Y,Y,
1154690634,HOPE PHARMACY INC,1140 BUSINESS CENTER DR STE 103,,HOUSTON,TX,770432740,7134651117,MANAGER,333600000X|3336C0003X,tier_1_primary_pharmacy,Y,Y,
1720357221,CHOICE PHARMACY INC.,9935 BISSONNET STREET,STE B,HOUSTON,TX,77036,7137780463,PIC,333600000X|3336C0004X|3336C0003X,tier_1_primary_pharmacy,Y,Y,
1720358278,K2 PHARMACY,1348 FEDERAL RD,,HOUSTON,TX,770156714,7134539103,PRESIDENT,3336C0003X,tier_1_primary_pharmacy,Y,Y,
1477823417,ADMIX COMPOUNDING PHARMACY PLLC,1403 S. HIGHWAY 6 STE: 300B,,SUGAR LAND,TX,77478,2135480283,PRESIDENT,3336C0003X|3336C0004X,tier_1_primary_pharmacy,Y,Y,
1124399431,CHRISTOPHER H CUTRER DBA GORMAN PHARMACY,117 S KENT ST,,GORMAN,TX,764543060,2547342859,PIC---OWNER,3336C0003X,tier_1_primary_pharmacy,Y,Y,
1831460716,JOE'S PHARMACY,1221 1ST ST,,ROSENBERG,TX,774713203,2817621231,PRESIDENT/PIC,3336C0003X,tier_1_primary_pharmacy,Y,Y,
1033480918,MEDPRO PHARMACY #2,1120 E PARKER RD,STE 210,PLANO,TX,750745329,9723129148,MANAGING MEMBER/PHARMACIST IN CHARG,3336C0003X,tier_1_primary_pharmacy,Y,Y,
1134490840,TRICARE PHARMACY LLC,5225 KATY FWY STE 101A,,HOUSTON,TX,770072292,2819530030,FOUNDER/CEO,3336C0004X|333600000X|3336C0003X,tier_1_primary_pharmacy,Y,Y,
1407127194,TOP RX PHARMACY,2381 S COLLINS ST,,ARLINGTON,TX,76014,8173033695,MANAGING MEMBER,3336C0003X,tier_1_primary_pharmacy,Y,Y,
1477825107,LIVE SMART PHARMACY,6833 W SAM HOUSTON PKWY S STE 106,,HOUSTON,TX,770725252,7139880838,PRESIDENT,3336C0003X,tier_1_primary_pharmacy,Y,Y,
1396017893,FRY ROAD PHARMACY,2211 N FRY RD STE M,,KATY,TX,774496233,2816470100,OWNER,3336C0003X,tier_1_primary_pharmacy,Y,Y,
1952673873,BELLFORT RX LLC,12234 SHADOW CREEK PKWY STE 4110,,PEARLAND,TX,775847333,2817411176,PIC,3336C0003X,tier_1_primary_pharmacy,Y,Y,
1326311804,HICARE PHARMACY LLC,7814 ALMEDA RD,,HOUSTON,TX,770543235,7137998880,PIC,333600000X|3336C0003X,tier_1_primary_pharmacy,Y,Y,
1649543760,H&H CHINA PHARMACY LLC,207 E RAILROAD ST,,CHINA,TX,77613,4097523450,MANGER,333600000X|3336C0003X,tier_1_primary_pharmacy,Y,Y,
1447523584,PANACEA PHARMACY LLC,1050 N WESTMORELAND RD STE 314,,DALLAS,TX,752112444,2143392352,OWNER,3336C0003X,tier_1_primary_pharmacy,Y,Y,
1548534209,RX HEALTH LLC,28533 SPRING TRAILS RDG STE 110,,SPRING,TX,773864355,2816023491,OWNER/PIC/MANAGER,333600000X|3336C0004X|3336L0003X|3336C0003X,tier_1_primary_pharmacy,Y,Y,
1952675639,AMERICAN SPECIALTY PHARMACY INC,2436 S INTERSTATE 35 E STE 360,,DENTON,TX,762054900,9403831222,OWNER/PRESIDENT/AO,3336S0011X|333600000X|3336C0003X,tier_1_primary_pharmacy,Y,Y,
1063786259,HEALTHFIRST PHARMACY PLLC,424 E PLEASANT RUN RD,,DESOTO,TX,751153936,4692975022,PHARMACIST-IN-CHARGE,333600000X|3336C0004X|3336C0003X,tier_1_primary_pharmacy,Y,Y,
1932473048,LONG PRAIRIE PHARMACY LLC,4921 LONG PRAIRIE RD STE 105,SUITE 105,FLOWER MOUND,TX,750282742,9724103773,OWNER,3336C0003X,tier_1_primary_pharmacy,Y,Y,
1710251772,BROADWAY PHARMACY LLC,3334 BROADWAY BLVD STE 412,,GARLAND,TX,750431575,9722789742,PHARMACIST,333600000X|3336C0004X|3336C0003X,tier_1_primary_pharmacy,Y,Y,
1184998163,SPECIALTY VETERINARY PHARMACY,4159 BLUEBONNET DRIVE,,STAFFORD,TX,77477,8776733705,PRESIDENT,333600000X,tier_1_primary_pharmacy,Y,Y,
1407121411,TRIPLE A PHARMACY CORPORATION,11450 SPACE CENTER BLVD,SUITE 101,HOUSTON,TX,770593641,2814870607,MANAGING OFFICER,3336C0003X,tier_1_primary_pharmacy,Y,Y,
1124393137,AJIJO VENTURES DBA HEALTHPRO PHARMACY,800 N BISHOP AVE STE 4,,DALLAS,TX,752084203,2149424000,OWNER,3336C0003X,tier_1_primary_pharmacy,Y,Y,
1124394283,ROCK PHARMACY LLC,1201 S MAIN ST,SUITE 121,BOERNE,TX,780062833,8303575052,OWNER/PRESIDENT/PIC,3336C0004X|3336C0003X,tier_1_primary_pharmacy,Y,Y,
1497021315,RX MAX PHARMACY,5858 S GESSNER DR STE 124,,HOUSTON,TX,770362646,7137721363,OWNER,3336C0003X,tier_1_primary_pharmacy,Y,Y,
1962778738,CRESTVIEW PHARMACY LLC,7100 WOODROW AVE,,AUSTIN,TX,787571802,5124529535,MR,333600000X,tier_1_primary_pharmacy,Y,Y,
1043586795,REHOBOTH PHARMACY SERVICES,700 S ZARZAMORA ST,SUITE 108,SAN ANTONIO,TX,782075255,2104349999,OWNER/PHARMACY MANAGER,3336L0003X|3336C0003X,tier_1_primary_pharmacy,Y,Y,
1932475241,GOBINAS PHARMACY SERVICES LLC,3521 W FREDDY GONZALEZ DR STE A,,EDINBURG,TX,785398391,9562874242,PHARMACIST-IN-CHARGE,3336C0004X|333600000X|3336C0003X,tier_1_primary_pharmacy,Y,Y,
1457627705,REVCO HEALTHCARE PHARMACY,2505 E ARKANSAS LN STE 133,,ARLINGTON,TX,760108700,8173035100,PHARMACIST-IN-CHARGE,333600000X|3336C0003X,tier_1_primary_pharmacy,Y,Y,
1114283231,A&W PHARMACY,435 EL DORADO BLVD STE 6,,WEBSTER,TX,775982200,2812867710,PHAMACIST/OWNER,333600000X|3336C0003X,tier_1_primary_pharmacy,Y,Y,
1144586207,ITALY FAMILY PHARMACY INC,102 E DANIELDALE ROAD,SUITE 100,DUNCANVILLE,TX,75137,4695132499,PRESIDENT,333600000X|3336C0003X,tier_1_primary_pharmacy,Y,Y,
1144586249,"ELITE PHARMACY,INC",740 W LITTLE YORK RD STE C,,HOUSTON,TX,770912426,2818203060,MANAGING MEMBER,333600000X|3336C0003X,tier_1_primary_pharmacy,Y,Y,
1316204621,MUENSTER PHARMACY,511 N MAPLE ST,,MUENSTER,TX,762522425,9407592833,ADMINISTRATOR/CEO,333600000X|3336C0003X,tier_1_primary_pharmacy,Y,Y,
1831456029,RUIZ PHARMACY,1405 E JEFFERSON ST,,BROWNSVILLE,TX,785205755,9565460500,PHARMACIST/OWNER,333600000X,tier_1_primary_pharmacy,Y,Y,
1003173097,"BASIN RX, LLC",801 N MAIN STREET STE F,,ANDREWS,TX,79714,4325237000,OWNER/MANAGING MEMBER,3336C0003X,tier_1_primary_pharmacy,Y,Y,
1316204217,DAVILA CD PHARMACY LLC,1423 GUADALUPE ST STE 105,,SAN ANTONIO,TX,782075568,2102424010,OWNER/VICE-PRESIDENT,3336S0011X|333600000X|3336L0003X,tier_1_primary_pharmacy,Y,Y,
1558628339,YOUR PHARMACY INC,7400 HARWIN DR STE 253,,HOUSTON,TX,770362030,7137811010,CEO,3336C0003X,tier_1_primary_pharmacy,Y,Y,
1356609358,AGP PHARMACY LLC,3200 OLTON RD,B,PLAINVIEW,TX,790726653,8062969000,OWNER/MANAGER,3336C0003X|3336C0004X|333600000X,tier_1_primary_pharmacy,Y,Y,
1326307851,"SCARSDALE PHARMACY, LLC",12600-B SCARSDALE BLVD,,HOUSTON,TX,77089,2814816600,MANAGER,3336C0003X,tier_1_primary_pharmacy,Y,Y,
1124387386,"ECO PHARMACY OF WILLOWBROOK, LLC",13325 HARGRAVE RD STE 260,,HOUSTON,TX,770704539,2819557500,PHARMACIST,3336C0003X,tier_1_primary_pharmacy,Y,Y,
1104185982,MEDSHOPPE RX PHARMACY,14522 S POST OAK RD,#108-A,HOUSTON,TX,770456037,7134920899,MANAGER,333600000X,tier_1_primary_pharmacy,Y,Y,
1407115140,RAZI RX INC,600 W MCDERMOTT DR STE A,,ALLEN,TX,750132798,2145701610,DIRECTOR,333600000X|3336C0003X,tier_1_primary_pharmacy,Y,Y,
1144589847,TD PHARMACY,12319 BELLAIRE BLVD STE 400,,HOUSTON,TX,770722590,2817418472,DIR OF ADMIN & COMPLIANCE,3336C0004X|333600000X|3336C0003X,tier_1_primary_pharmacy,Y,Y,
1730449299,EMPOWER PHARMACY,7601 N SAM HOUSTON PKWY W STE 100,,HOUSTON,TX,770643595,8326784417,OWNER,3336C0004X|3336C0003X,tier_1_primary_pharmacy,Y,Y,
1881954857,KELLY'S PHARMACY,520 EVERHART RD,,CORPUS CHRISTI,TX,784111902,3613344500,CEO/OWNER,333600000X|3336C0004X|3336C0003X,tier_1_primary_pharmacy,Y,Y,
1598025280,MONROE CARE PHARMACY LLC,8529 GULF FWY,,HOUSTON,TX,770175055,7139461535,OWNER,333600000X,tier_1_primary_pharmacy,Y,Y,
1306107073,SOUTH TEXAS PHARMACY GROUP LLC,4151 JAIME ZAPATA MEMORIAL HWY STE 208,,LAREDO,TX,780434782,9567242090,OWNER/MGR/PHCY TECH,333600000X|3336C0003X,tier_1_primary_pharmacy,Y,Y,
1457612947,DELIVERIT PHARMACY INC.,13303 W AIRPORT BLVD STE A,,SUGAR LAND,TX,774785800,2812771071,PRESIDENT & CEO,333600000X|3336C0004X|3336S0011X|3336C0003X,tier_1_primary_pharmacy,Y,Y,
1689935884,A-PLUS PHARMACY,5700 S GESSNER RD,STE. G,HOUSTON,TX,770361699,7137509160,PRESIDENT,3336C0003X,tier_1_primary_pharmacy,Y,Y,
1386907756,LELAND PHARMACY LLC,5412 FARMER ST,,HOUSTON,TX,770204720,7136738000,PRESIDENT,3336C0003X,tier_1_primary_pharmacy,Y,Y,
1932463122,AIRLINE PHARMACY ASSOCIATES LLC,24420 FM 1314 RD STE 8,,PORTER,TX,773655490,2813545036,ADMIN/OWNER,3336C0003X,tier_1_primary_pharmacy,Y,Y,
1508121179,WESLEY PHARMACY,5711 BISSONNET ST STE F,,BELLAIRE,TX,774014724,7138381500,MANAGER,3336C0003X,tier_1_primary_pharmacy,Y,Y,
1508121195,"ARTEMIS PHARMACY, LLC",9640 COURT GLEN DR,,HOUSTON,TX,770992541,2819338888,PIC,333600000X|3336C0003X,tier_1_primary_pharmacy,Y,Y,
1659636850,OMEGA PHARMACY INC,4507 MAPLE AVE STE 100,,DALLAS,TX,752191830,2145998844,MD/PIC,333600000X|3336C0003X,tier_1_primary_pharmacy,Y,Y,
1962757898,LMR WEBSTER STREET PHARMACY INCORPORATED,11519 WALLISVILLE RD STE 500,,HOUSTON,TX,77049,2812884466,OWNER,3336C0003X,tier_1_primary_pharmacy,Y,Y,
1467707299,PR PHARMACY,5819 HIGHWAY 6 STE 160,,MISSOURI CITY,TX,774594069,8322308027,OWNER,333600000X|3336C0003X,tier_1_primary_pharmacy,Y,Y,
1568718856,SENIOR CARE PHARMACY OF TEXAS LLC,3001 SUMMIT AVE STE 200,,PLANO,TX,750747225,8889088148,EXECUTIVE DIRECTOR,333600000X|3336L0003X,tier_1_primary_pharmacy,Y,Y,
1114273950,CORNERSTONE PHARMACY,2707 BOLTON BOONE DR,SUITE 101,DESOTO,TX,751152076,9722834440,OWNER,3336C0003X,tier_1_primary_pharmacy,Y,Y,
1003164450,WELLNESS PLUS PHARMACY INC,13141 FM 1960 RD W STE 200,,HOUSTON,TX,770655279,8326047418,PHARMACIST IN CHARGE,333600000X|3336C0003X,tier_1_primary_pharmacy,Y,Y,
1457609752,PALACE PHARMACY LLC,5200 COLLEYVILLE BLVD STE C,,COLLEYVILLE,TX,760345828,8175997988,CORPORATE MEMBER,3336C0004X|3336C0003X,tier_1_primary_pharmacy,Y,Y,
1396093175,CRAWFORD PHARMACY OF PLEASANTON LLC,145 W HART AVE STE 104,,SAN ANTONIO,TX,782141491,2109321200,MEMBER,333600000X|3336C0003X,tier_1_primary_pharmacy,Y,Y,
1518215276,LAREDO MEDICAL PLAZA PHARMACY INC,1143 S BUCKNER BLVD STE 121,,DALLAS,TX,752174304,2149148601,PIC,333600000X|3336C0003X,tier_1_primary_pharmacy,Y,Y,
1659629491,MSCARTER RX INC,3845 SPID DR # B,,CORPUS CHRISTI,TX,784152919,3614522051,OWNER,333600000X|3336L0003X,tier_1_primary_pharmacy,Y,Y,
1114276540,"HELPING HAND PHARMACY, LLC",10036 BISSONNET ST.,116,HOUSTON,TX,77036,7139816564,PHARMACIST-IN-CHARGE,3336L0003X|3336C0003X,tier_1_primary_pharmacy,Y,Y,
1306195615,PARKWOOD PHARMACY,3415 S COOPER ST STE 106,,ARLINGTON,TX,760153434,8176425613,OFFICER,3336C0003X,tier_1_primary_pharmacy,Y,Y,
1083963060,BC PHARMACY INC,14030 TELGE RD STE E,,CYPRESS,TX,774296201,8323345695,CEO,3336C0003X|3336C0004X,tier_1_primary_pharmacy,Y,Y,
1518216282,PRUCARE PHARMACY INC,9219 MAIN ST,,HOUSTON,TX,770254419,7136617300,OWNER,333600000X|3336C0003X,tier_1_primary_pharmacy,Y,Y,
1659621399,RITEMED PHARMACY LLC,10301 HARWIN DR,SUITE 3,HOUSTON,TX,770362780,7137724242,PHARMACIST-IN-CHARGE,3336C0003X,tier_1_primary_pharmacy,Y,Y,
1952652463,ARTEMIS PHARMACY,9640 COURT GLEN DR,,HOUSTON,TX,770992541,2819338888,OWNER,3336C0003X,tier_1_primary_pharmacy,Y,Y,
1376894774,ONWARD CARE PHARMACY INC,3305 ALTAMESA BLVD,,FORT WORTH,TX,761338746,8174269222,PHARMACIST-IN-CHARGE,3336C0003X,tier_1_primary_pharmacy,Y,Y,
1972854065,UPSHAW PHARMACY,7125 W FUQUA DR,,MISSOURI CITY,TX,774892451,2814169123,PHARMACIST,3336C0003X,tier_1_primary_pharmacy,Y,Y,
1881945970,DRUG MASTERS PHARMACY LLC,7208 N SHEPHERD DR STE 106,,HOUSTON,TX,770912435,7138841686,PHARMACIST IN CHARGE,3336C0003X,tier_1_primary_pharmacy,Y,Y,
1891046884,HEALTHCARE PHARMACY LLC,100 BOURLAND RD STE 160,,KELLER,TX,762483592,8173379998,PIC,3336C0004X|3336C0003X|333600000X,tier_1_primary_pharmacy,Y,Y,
1841542727,PHARMACY PLUS INC,10412 CHINA SPRING RD,,WACO,TX,767085676,4696352829,PRESIDENT,3336C0003X,tier_1_primary_pharmacy,Y,Y,
1639421241,EXPRESSMEDS PHARMACY LLC,8449 W BELLFORT ST,STE. 199,HOUSTON,TX,770712245,7137776100,OWNER,3336C0003X,tier_1_primary_pharmacy,Y,Y,
1992057574,"HELPING HAND PHARMACY, LLC",529 S. MASON ROAD,,KATY,TX,774502491,2814920031,CONTACT,3336C0003X,tier_2_secondary_pharmacy,N,Y,
1841542107,RICHARDSON EAST PHARMACY,189 N PLANO RD STE 120,,RICHARDSON,TX,750818000,2147325572,PRESIDENT,3336C0004X|3336C0003X,tier_1_primary_pharmacy,Y,Y,
1225380249,MEDX PHARMACY LLC,8751 STATE HWY 6,SUITE K,HOUSTON,TX,77083,2815062453,OWNER,333600000X|3336C0004X|3336C0003X,tier_1_primary_pharmacy,Y,Y,
1811249865,"SALFITI BOYD PHARMACY, LLC",417 W ROCK ISLAND AVE,,BOYD,TX,760233103,9404338056,MANAGING PARTNER,3336C0004X|3336C0003X,tier_1_primary_pharmacy,Y,Y,
1912250507,YOUR NEW WAVERLY PHARMACY LLC,9320C STATE HIGHWAY 75 S,,NEW WAVERLY,TX,773584224,9363442424,PHARMACIST IN CHARGE,333600000X|3336C0004X|3336C0003X,tier_1_primary_pharmacy,Y,Y,
1730432329,"ECLECTIC RX CONSULTING, INC.",2000 CRAWFORD ST STE 105,,HOUSTON,TX,770029071,3469805828,OWNER,3336C0003X|3336S0011X,tier_1_primary_pharmacy,Y,Y,
1245583723,TREASURE PHARMACY,2625 MATLOCK RD STE 102,,ARLINGTON,TX,760152527,8176173598,PIC/MANAGER,333600000X|3336C0003X,tier_1_primary_pharmacy,Y,Y,
1437403227,DASHWOOD PHARMACY,1300 W. WALNUT HILL LANE,SUITE 163,IRVING,TX,75038,9727560915,MANAGER,3336C0003X,tier_1_primary_pharmacy,Y,Y,
1275887911,"HILL COUNTRY PHARMACY, LLC",11233 SHADOW CREEK PKWY,SUITE 200,PEARLAND,TX,77584,2814369340,MANAGING OFFICER,333600000X|3336C0003X,tier_1_primary_pharmacy,Y,Y,
1437403086,GARDEN PHARMACY,357 GREENS RD,,HOUSTON,TX,770601903,8322864186,OWNER,3336C0003X,tier_1_primary_pharmacy,Y,Y,
1346594611,SPRING CREEK PHARMACY,3737 MAPLESHADE LN,,PLANO,TX,750755738,9725177900,OWNER,333600000X|3336C0004X|3336M0002X|3336C0003X,tier_1_primary_pharmacy,Y,Y,
1417201690,HEALTH SOURCE PHARMACY INC,809 GALLAGHER DR STE J1,,SHERMAN,TX,750903111,9038931700,OFFICER/PIC,3336C0003X,tier_1_primary_pharmacy,Y,Y,
1417291469,KVN PHARMACY INCORPORATED,4860 MATLOCK RD STE 120,,ARLINGTON,TX,760185657,8179620417,OWNER,333600000X,tier_1_primary_pharmacy,Y,Y,
1700121019,KING'S PHARMACY OF LUMBERTON,139 NORTH LHS DR.,SUITE 211,LUMBERTON,TX,77657,4097672955,CORPORATE SECRETARY,3336C0004X|3336C0003X,tier_1_primary_pharmacy,Y,Y,
1659616878,D US RX LLC,2556 MACARTHUR VW,,SAN ANTONIO,TX,782174448,2104897779,MANAGING MEMBER,3336C0003X,tier_1_primary_pharmacy,Y,Y,
1073858288,HAZEL'S COMPUNDING RX PHARMACY,2404 SMITH RANCH RD,SUITE 100,PEARLAND,TX,77584,7133400202,MANAGING OFFICER,3336C0003X|3336C0004X,tier_1_primary_pharmacy,Y,Y,
1144565300,RUSHMED PHARMACY P.L.L.C,"4430 W. FUQUA STREET, SUITE A",,HOUSTON,TX,77045,8325828542,OWNER,3336C0003X,tier_1_primary_pharmacy,Y,Y,
1962747915,POPS PHARMACY LLC,11719 BEE CAVE PKWY STE 204,,AUSTIN,TX,787386347,5124875650,MANAGING MEMBER,3336C0004X|3336C0003X,tier_1_primary_pharmacy,Y,Y,
1386989325,QVL PHARMACY 147 LLC,3751 MATLOCK RD STE 121,,ARLINGTON,TX,760154342,6823002303,CEO,333600000X|3336C0003X,tier_1_primary_pharmacy,Y,Y,
1831434398,HEALTHSCRIPTS SPECIALTY PHARMACY,1100 JACKSON ST STE C,,RICHMOND,TX,774693320,8325950711,MANAGING OFFICER,3336C0004X|3336C0003X,tier_1_primary_pharmacy,Y,Y,
1366788754,HEALTHSCRIPTS SPECIALTY PHARMACY LLC,13020 DAIRY ASHFORD RD STE 301,,SUGAR LAND,TX,774783151,8557771772,MANAGING MEMBER,333600000X|3336C0004X|3336L0003X|3336C0003X,tier_1_primary_pharmacy,Y,Y,
1801132873,SOUTH AUSTIN PHARMACY LLC,4203A JAMES CASEY ST,,AUSTIN,TX,787451108,5123839000,PHARMACIST IN CHARGE,3336C0003X,tier_1_primary_pharmacy,Y,Y,
1811233646,SOLUTIONS IN PHARMACY,7951 KATY FWY,SUITE M,HOUSTON,TX,770241947,7139578000,PHARMACIST IN CHARGE,333600000X,tier_1_primary_pharmacy,Y,Y,
1396082442,LIFECHEK 336 PHARMACY LLC,690 S LOOP 336 W STE 100,,CONROE,TX,773043320,9365394900,MANAGING OFFICER,3336L0003X|333600000X|3336C0003X,tier_1_primary_pharmacy,Y,Y,
1619214590,"PARK ROW PHARMACY, LLC",707 W PARK ROW DR,,ARLINGTON,TX,760133902,8174590015,PHARMACIST,3336C0003X,tier_1_primary_pharmacy,Y,Y,
1083951800,TOTAL CARE CAC PHARMACY LLC,14755 NORTH FWY STE 200,,HOUSTON,TX,770906503,2813778137,MANAGER,3336C0004X|3336C0003X,tier_1_primary_pharmacy,Y,Y,
1417295965,ALPHA CARE PHARMACY,945 HILLTOP DR,SUITE 100,WEATHERFORD,TX,760865891,8175506332,PHARMACIST IN CHARGE/OWNER,333600000X,tier_1_primary_pharmacy,Y,Y,
1174862718,THE MAIN PHARMACY,1226 S MAIN ST,,FORT WORTH,TX,761044803,8179384352,GENERAL COUNSEL,333600000X,tier_1_primary_pharmacy,Y,Y,
1861731382,PINNACLE PHARMACY,5710 LBJ FREEWAY,SUITE 185,DALLAS,TX,75240,8772128628,AUTHORIZED OFFICIAL,3336C0003X,tier_1_primary_pharmacy,Y,Y,
1780924571,DREAM PHARMACY INC,1140 BUSINESS CENTER DR,STE 103,HOUSTON,TX,770432737,7134651117,OFFICER,3336C0003X,tier_1_primary_pharmacy,Y,Y,
1477893733,MEDWORLD PHARMACY INC,2351 MERRITT DR,STE B,GARLAND,TX,750416140,2142720917,OFFICER,3336C0003X,tier_1_primary_pharmacy,Y,Y,
1407196470,E-MED PHARMACY LLC,12638 BISSONNET ST STE G,,HOUSTON,TX,770991479,2817415289,OWNER,333600000X|3336C0003X,tier_1_primary_pharmacy,Y,Y,
1033450739,HEALTHCHOICE PHARMACY LLC,10001 WEST BELLFORT,,HOUSTON,TX,77031,2817418358,OWNER,333600000X,tier_1_primary_pharmacy,Y,Y,
1104167774,"MCA PHARMACY, LLC",21820 KATY FWY STE 110,,KATY,TX,77449,7133733300,DIRECTOR OF PHARMACY,333600000X,tier_1_primary_pharmacy,Y,Y,
1558602714,MACHIAS FRIENDLY PHARMACY,3324 S GEORGIA ST,,AMARILLO,TX,791093446,8063536530,PRESIDENT/OWNER,3336C0004X|333600000X|3336C0003X,tier_1_primary_pharmacy,Y,Y,
1447591417,GOLDEN USA PHARMACY,4120 34TH ST,,LUBBOCK,TX,794102640,8063689472,"PHARMACIST,  OWNER",333600000X|3336C0003X,tier_1_primary_pharmacy,Y,Y,
1255673281,BAMMEL MED RX,12010 BAMMEL NORTH HOUSTON RD,,HOUSTON,TX,770664791,2815877122,OWNER,3336C0003X,tier_1_primary_pharmacy,Y,Y,
1295077683,EAGLE PHARMACY,1404 S MAIN ST,,LINDALE,TX,757716267,9038815752,PHARMACIST,3336C0003X,tier_1_primary_pharmacy,Y,Y,
1932441201,ELITE PHARMACY INC,11569 S WILCREST DR,,HOUSTON,TX,770994752,8324192101,OFFICE MANAGE,3336C0003X,tier_1_primary_pharmacy,Y,Y,
1982947057,LONGHORN PHARMACY,2301 S HAMPTON RD,SUITE 850,DALLAS,TX,75224,8179191609,OWNER,3336C0003X,tier_1_primary_pharmacy,Y,Y,
1417290008,WELLCARE PHARMACY LLC,4200 SOUTH FWY STE 26,,FORT WORTH,TX,761151400,8172635050,OWNER,3336C0003X,tier_1_primary_pharmacy,Y,Y,
1184967689,LA POPULAR PHARMACY 2 LLC,102 N. PINE ST,,HEBBRONVILLE,TX,78361,3615273231,OWNER,333600000X|3336C0003X,tier_1_primary_pharmacy,Y,Y,
1386087229,NORTH SHORE PHARMACY LLC,113 STARGRASS STE 100,,SPRING BRANCH,TX,780705165,8302142920,PHARMACIST-IN-CHARGE/OWNER,333600000X|3336C0004X|3336C0003X,tier_1_primary_pharmacy,Y,Y,
1770926685,"SHERMAN APOTHECARY, LP",1906 W US HIGHWAY 82 STE 200,,SHERMAN,TX,750926894,9038938222,OWNER,3336C0003X,tier_1_primary_pharmacy,Y,Y,
1831532415,MADONNA PHARMACY INC,10333 HARWIN DR,STE 450,HOUSTON,TX,770361545,8328318114,PRESIDENT,333600000X,tier_1_primary_pharmacy,Y,Y,
1346684628,"BEST MED PHARMACY OF NEW BRAUNFELS, INC",2115 STEPHENS PL STE 100,,NEW BRAUNFELS,TX,781302151,8306081600,OWNER/AO,333600000X|3336C0003X,tier_1_primary_pharmacy,Y,Y,
1013351972,TEXAN PHARMACY LLC,323 S BRAZOSPORT BLVD,,FREEPORT,TX,775414506,9798719189,"PHARMACIST IN CHARGE, DIRECTOR",333600000X|3336C0003X,tier_1_primary_pharmacy,Y,Y,
1730523580,STONEBRIAR PHARMACY,3220 PARKWOOD BLVD,,FRISCO,TX,750341917,9728470148,PHARMACIST,333600000X,tier_1_primary_pharmacy,Y,Y,
1811332257,CLUTCH HEALTH PHARMACY INC.,805 US HIGHWAY 83 N,,CHILDRESS,TX,792012318,9409379030,OWNER,3336M0002X|3336C0003X,tier_1_primary_pharmacy,Y,Y,
1114362340,STAFFORD PHARMACY & DME LLC,2448 S MAIN ST,,STAFFORD,TX,774775522,2819695901,MANGER,3336S0011X|3336C0003X,tier_1_primary_pharmacy,Y,Y,
1447695390,"CARE AID PHARMACY, LLC",15040 FAIRFIELD VILLAGE SQUARE DR,,CYPRESS,TX,774335952,2817584040,MANAGER/MEMBER,3336C0003X,tier_1_primary_pharmacy,Y,Y,
1487090650,"MEDLEY COMPOUNDING PHARMACY, LLC",5711 BISSONNET ST STE F,,BELLAIRE,TX,774014724,7138381500,OWNER,3336C0003X,tier_1_primary_pharmacy,Y,Y,
1194162545,WESTPARK DISCOUNT PHARMACY INC,5017 HERITAGE AVE STE CON1,,COLLEYVILLE,TX,760345994,8175719100,PRESIDENT /CEO,3336C0003X,tier_1_primary_pharmacy,Y,Y,
1851738066,BUENA VISTA PHARMACY INC,146 LAUREL VISTA DR,,PIPE CREEK,TX,780636389,8307512700,PHARMACIST IN CHARGE/OWNER,3336C0003X,tier_1_primary_pharmacy,Y,Y,
1295173441,HOMETOWN DRUG INC,718 W LAMPASAS ST,,ENNIS,TX,751194534,9728756798,OWNER/PIC,3336C0004X|3336L0003X|3336C0003X,tier_1_primary_pharmacy,Y,Y,
1174962534,TRANS PECOS PHARMACY LLC,724 S EDDY ST,,PECOS,TX,797723727,4324454916,MEMBER,3336C0003X,tier_1_primary_pharmacy,Y,Y,
1396185260,"AMBER JAR PHARMACY, LLC",6160 RICHMOND AVE,,HOUSTON,TX,770576210,7138935993,OFFICER,333600000X|3336C0004X|3336C0003X,tier_1_primary_pharmacy,Y,Y,
1477993541,AB PHARMACY INC,1401 E RIDGE RD STE B,,MCALLEN,TX,785031525,9562846687,OWNER,333600000X|3336C0003X,tier_1_primary_pharmacy,Y,Y,
1003257882,ALVIN CARE PHARMACY LLC,204 E HOUSE ST,,ALVIN,TX,775113544,2815197030,PHARMACIST,3336C0003X,tier_1_primary_pharmacy,Y,Y,
1124469945,MIDCITIES PHARMACY INC,2000 PRECINCT LINE RD STE 102,,HURST,TX,760543185,8176053500,PRESIDENT,333600000X|3336C0004X|3336S0011X|3336C0003X,tier_1_primary_pharmacy,Y,Y,
1225479819,WYLIE PHARMACY LLC,430 S HIGHWAY 78 STE 160,,WYLIE,TX,750983974,9724299594,PIC,3336C0003X,tier_1_primary_pharmacy,Y,Y,
1346682218,WEST END PREMIER PHARMACY LLC,2205 HIGHWAY 6 S,,HOUSTON,TX,770774321,8322432625,PHARMACIST,3336C0003X,tier_1_primary_pharmacy,Y,Y,
1639511454,W-TEE PHARMACY INC,12650 N BEACH ST STE 112,,FORT WORTH,TX,76244,2144679009,MANAGER,3336C0003X,tier_1_primary_pharmacy,Y,Y,
1205278686,HEWITT DRUG,511 N HEWITT DR,SUITE 1,HEWITT,TX,766433000,2546665000,PHARMACIST IN CHARGE,3336C0003X,tier_1_primary_pharmacy,Y,Y,
1538501960,THURMANS PRO-MED PHARMACY LLC,402 N MADISON AVE,,MOUNT PLEASANT,TX,754553949,9035726337,PHARMACIST/OWNER,3336C0004X|3336S0011X|333600000X|3336C0003X,tier_1_primary_pharmacy,Y,Y,
1710329024,OBEN PHARMACY GROUP LLC,4421 STATE HIGHWAY 6 S,SUITE 300,COLLEGE STATION,TX,778456171,8322350807,PHARMACIST IN CHARGE,333600000X,tier_1_primary_pharmacy,Y,Y,
1871925982,LEW STERRETT JUSTICE CENTER PHARMACY,113 W COMMERCE,,DALLAS,TX,75202,2148752460,EVP & CHIEF OPERATING OFFICER,333600000X,tier_1_primary_pharmacy,Y,Y,
1487086401,CSP PHARMACY SERVICES LLC,490 INTERSTATE 10 N STE 400,,BEAUMONT,TX,777021822,4098385552,OWNER,3336C0003X,tier_1_primary_pharmacy,Y,Y,
1801228739,A&I PHARMACY LLC,100 WEST PIONEER PKWY #113B,,ARLINGTON,TX,76014,8172771000,OWNER,333600000X,tier_1_primary_pharmacy,Y,Y,
1992137541,BECO PHARMACY LLC,918 E PARK ROW DR,,ARLINGTON,TX,760104507,8174192804,MANAGER,3336C0003X,tier_1_primary_pharmacy,Y,Y,
1306278783,"DLS PHARMACY, LLC",1301 E FERN AVE STE B1,,MCALLEN,TX,78501,9566317900,OWNER,3336C0004X|3336C0003X,tier_1_primary_pharmacy,Y,Y,
1457784530,COMMUNITY EXPRESS PHARMACY LLC,9820 GULF FWY,STE A-10,HOUSTON,TX,770341020,8329410901,DIRECTOR OF COMPLIANCE &ADMIN,3336C0003X,tier_1_primary_pharmacy,Y,Y,
1760815211,"SURECARE SPECIALTY PHARMACY, LLC",4005 N MESA ST,,EL PASO,TX,799021526,8555322400,PIC,3336C0004X|3336S0011X|3336C0003X,tier_1_primary_pharmacy,Y,Y,
1861826067,EXPRESS CARE PHARMACY LLC,905 MEDICAL CENTRE DR,SUITE B,ARLINGTON,TX,760124788,8178612273,DIRECTOR OF PHARMACY,3336C0003X,tier_1_primary_pharmacy,Y,Y,
1982038527,"GRUENE ROAD PHARMACY, LLC",910 GRUENE RD,#3,NEW BRAUNFELS,TX,781300200,8303874378,PRESIDENT/PIC,3336C0003X,tier_1_primary_pharmacy,Y,Y,
1265866727,CARROLLTON REGIONAL PHARMACY,4323 N JOSEY LN STE 102,,CARROLLTON,TX,750104630,4698961777,PRESIDENT,333600000X|3336C0003X,tier_1_primary_pharmacy,Y,Y,
1639503113,SAINT MARY' PHARMACY,630 N TEXAS BLVD,,WESLACO,TX,785964804,9563515075,PHARMACIST/OWNER,333600000X|3336C0003X,tier_1_primary_pharmacy,Y,Y,
1548694029,HARVESTFIELD PHARMACY INC,201 W DEL MAR BLVD STE 1B,,LAREDO,TX,780412238,9565684208,MANAGER,333600000X|3336C0003X,tier_1_primary_pharmacy,Y,Y,
1649605700,"MEYERLAND PHARMACY, LLC",10547 S POST OAK RD,,HOUSTON,TX,770353305,7137288000,MANAGER,3336C0003X,tier_1_primary_pharmacy,Y,Y,
1255766952,"NEW CARE PHARMACY, INC.",900 JEROME STREET,SUITE 100,FORT WORTH,TX,76104,8179247000,OWNER/PHARMACIST-IN-CHARGE,3336C0003X,tier_1_primary_pharmacy,Y,Y,
1811323454,BROADWAY PHARMACY,3744 BROADWAY ST,C,HOUSTON,TX,770173046,8328857061,OWNER/PHARAMCIST,3336C0003X,tier_1_primary_pharmacy,Y,Y,
1275969743,"RAWLS RX, LLC",1112 E GRIFFIN PKWY STE B,,MISSION,TX,785722409,9565814200,PHARMACIST / OWNER / AO,3336C0004X|333600000X|3336C0003X,tier_1_primary_pharmacy,Y,Y,
1134555485,"US DRUG MART, INC.","601 N PARKWAY DR, STE A",,ALVARADO,TX,76009,8177832727,VICE PRESIDENT,3336C0003X,tier_1_primary_pharmacy,Y,Y,
1669808499,PRIMARY CARE PHARMACY LLC,6612 HORNWOOD DR STE C,,HOUSTON,TX,770745010,8324337346,OWNER,333600000X,tier_1_primary_pharmacy,Y,Y,
1689000309,HILL COUNTRY APOTHECARY,1310 RANCH ROAD 620 S,A-1,LAKEWAY,TX,787346300,5123519139,CO-OWNER,3336C0003X,tier_1_primary_pharmacy,Y,Y,
1184051500,LAND PHARMACY LLC,501 W 2ND STREET,,CLARENDON,TX,79226,8068743554,PRESIDENT,333600000X|3336L0003X|3336C0003X,tier_1_primary_pharmacy,Y,Y,
1891122107,"HEALTHSCRIPTS PHARMACY, LLC",6565 WEST LOOP S STE 109,,BELLAIRE,TX,774013500,8324943210,CEO,3336C0003X,tier_1_primary_pharmacy,Y,Y,
1144657206,"ASTRO RX, LLC",20423 KUYKENDAHL RD,SUITE 250,SPRING,TX,773793322,8322094999,COMPLIANCE OFFICER,3336C0004X|3336C0003X,tier_1_primary_pharmacy,Y,Y,
1225465321,VVMM PHARMACY LLC,6435 SAN FELIPE ST,,HOUSTON,TX,770572705,7137835704,OWNER,333600000X|3336C0004X|3336C0003X,tier_1_primary_pharmacy,Y,Y,
1194152041,KILLEEN PHARMACY,218 E AVENUE B,,KILLEEN,TX,765415223,2542473979,PRESIDENT,3336C0003X,tier_1_primary_pharmacy,Y,Y,
1588091474,PRO MED PHARMACY,6300 WESTPARK DR STE 210,,HOUSTON,TX,770577207,7135926188,OWNER,3336C0003X,tier_1_primary_pharmacy,Y,Y,
1952738734,THE ELIXIR PHARMACY,13948A WESTHEIMER RD,,HOUSTON,TX,770775359,2814961488,OWNER/MANAGER,3336C0003X,tier_1_primary_pharmacy,Y,Y,
1396172128,JERSEY VILLAGE PHARMACY LLC,17400 HIGHWAY 290 STE 400,,JERSEY VILLAGE,TX,770401002,2814165800,PHARMACY MANAGER,3336M0002X|3336C0003X|3336S0011X|333600000X|3336C0004X,tier_1_primary_pharmacy,Y,Y,
1154759926,HIW PHARMACY LLC,13111 N CENTRAL EXPY,SUITE 1000,DALLAS,TX,752431138,4692501600,PRESIDENT,333600000X,tier_1_primary_pharmacy,Y,Y,
1265860621,MEDICAL PLAZA PHARMACY,707 E MARSHALL AVE STE 7,,LONGVIEW,TX,756015575,9037573477,RPH OWNER,3336C0003X,tier_1_primary_pharmacy,Y,Y,
1639507759,"HARRISBURG PHARMACY, PLLC",7321 HARRISBURG BLVD STE C-1,,HOUSTON,TX,770114738,7139282100,PHARMACIST IN CHARGE,333600000X|3336C0003X,tier_1_primary_pharmacy,Y,Y,
1477981512,"SCOTT'S QUITMAN PHARMACY, LLC",310 E GOODE ST,,QUITMAN,TX,757832535,9037639600,OWNER,333600000X,tier_1_primary_pharmacy,Y,Y,
1780013680,LA FERIA DRUG,54 E PRICE RD STE 2,,BROWNSVILLE,TX,785213508,9565508908,PRESIDENT,3336C0003X,tier_1_primary_pharmacy,Y,Y,
1386073245,"MEMROIAL CARE PHARMACY,INC",3003 S LOOP W STE 340,,HOUSTON,TX,770541373,8327776448,PIC,3336C0003X,tier_1_primary_pharmacy,Y,Y,
1114356953,TRIANGLE PHARMACY SOLUTIONS LLC,3480 FANNIN ST,SUITE M,BEAUMONT,TX,777013814,4098381500,OWNER/PHARMACIST,3336C0003X,tier_1_primary_pharmacy,Y,Y,
1275962961,PATIENT FIRST CHOICE PHARMACY,1008 MAIN ST,,LIBERTY,TX,775753718,9366419395,MANAGING OFFICER,3336C0003X,tier_1_primary_pharmacy,Y,Y,
1942639935,ROGERS PHARMACY #5,8621 N NAVARRO ST,,VICTORIA,TX,779042603,3618946430,OWNER,3336C0003X,tier_1_primary_pharmacy,Y,Y,
1801226832,BLUE MINT PHARMACY,9888 BISSONNET ST STE 210,,HOUSTON,TX,770368441,7137732535,CEO/OWNER,3336C0003X,tier_1_primary_pharmacy,Y,Y,
1447680210,SONEXUS HEALTH PHARMACY SERVICES,2730 EDMONDS LN STE 400,,LEWISVILLE,TX,750676731,9723509940,PRESIDENT,3336C0003X,tier_1_primary_pharmacy,Y,Y,
1891125530,S & L MEDICAL CENTER PHARMACY INC,1101 W EAGLE DR,SUITE C,DECATUR,TX,762343721,9406275400,PRESIDENT,3336C0004X|333600000X|3336C0003X,tier_1_primary_pharmacy,Y,Y,
1700216447,"UNITED RX, INC.",6121 HILLCROFT ST,SUITE K-2,HOUSTON,TX,770811002,7134961328,OWNER/PIC,3336C0003X,tier_1_primary_pharmacy,Y,Y,
1518397025,"FW MEDICAL SUPPLIES, LLC D/B/A DANDY DRUG",5450 E FM 1187,,BURLESON,TX,760283060,8174833784,PIC/OWNER,333600000X|3336C0004X|3336C0003X,tier_1_primary_pharmacy,Y,Y,
1316377443,PRO MED PHARMACY,6300 WESTPARK DR STE 210,,HOUSTON,TX,770577207,7135926188,OWNER,3336L0003X|3336M0002X|3336C0003X,tier_1_primary_pharmacy,Y,Y,
1750712824,ANCHOR PHARMACY LLC,12669A BISSONNET ST,606 AVERY,HOUSTON,TX,770991331,2817517479,PHARMACIST IN CHARGE/OWNER,333600000X|3336C0003X,tier_1_primary_pharmacy,Y,Y,
1427489574,"VMC PHARMACY AT STONEGATE, LLC",2501 W WILLIAM CANNON DR,,AUSTIN,TX,787455281,5122762595,MANAGER,333600000X|3336C0004X|3336C0003X,tier_1_primary_pharmacy,Y,Y,
1508297235,LITTLE YORK PHARMACY,7404 AIRLINE DR,SUITE E,HOUSTON,TX,770761069,8327672139,PHARMACIST/OWNER,3336C0004X|3336C0003X,tier_1_primary_pharmacy,Y,Y,
1902237597,"WELL-CARE RX & DME, LLC",8115 N LOS EBANOS RD STE 5,,ALTON,TX,78573,9562711555,PHARMACIST IN CHARGE/OWNER,333600000X|3336M0003X|3336C0003X,tier_1_primary_pharmacy,Y,Y,
1194156778,INVERNESS APOTHECARY - SOUTH TEXAS,5009 S MCCOLL RD STE A,,EDINBURG,TX,785398014,9564670264,PHARMACIST IN CHARGE,3336C0003X|3336C0004X,tier_1_primary_pharmacy,Y,Y,
1285065870,LAKE TRAVIS PHARMACY PARTNERS LLC,12005 BEE CAVE PKWY STE 1A,,AUSTIN,TX,787386387,5126089355,OWNER,3336C0003X|3336C0004X|3336L0003X|333600000X,tier_1_primary_pharmacy,Y,Y,
1124459870,MELROSE PHARMACY LLC,2860 HIGHWAY 157 N STE 120,,MANSFIELD,TX,760638883,8174534444,OFFICER,3336C0003X,tier_1_primary_pharmacy,Y,Y,
1407287188,SALFITI KRUM PHARMACY LLC,820 E MCCART ST,SUITE C,KRUM,TX,762495634,9404821972,OWNER,3336C0003X,tier_1_primary_pharmacy,Y,Y,
1669803151,"LAKE TRAVIS PHARMACY PARTNERS, LLC",12005 BEE CAVE RD,SUITE 1A,AUSTIN,TX,78738,2147348878,OWNER,333600000X,tier_1_primary_pharmacy,Y,Y,
1538580535,WELLMART PHARMACY INC,403 W GRAND PKWY S STE S,STE E,KATY,TX,774948358,2812087138,OWNER,333600000X,tier_1_primary_pharmacy,Y,Y,
1639590516,"TEXAS HEALTH RX, LLC",616 E MAIN ST,,MIDLOTHIAN,TX,76065,8174580270,MANAGING OFFICER,3336C0003X,tier_1_primary_pharmacy,Y,Y,
1841611316,"ONCOLOGY PHARMACY SERVICES, INC",906 W RANDOL MILL RD STE 200,,ARLINGTON,TX,760122510,8176649650,"DIRECTOR, CONTRACT ADMINISTRATION",333600000X|3336C0003X,tier_1_primary_pharmacy,Y,Y,
1891117735,"JACOB'S DISCOUNT PHARMACY, INC.",8118 LONG POINT RD,,HOUSTON,TX,770552006,7134693502,MANAGER,3336C0003X,tier_1_primary_pharmacy,Y,Y,
1629490461,ECONO PHARMACY 2,415 W LITTLE YORK RD STE H,,HOUSTON,TX,770761350,7136917068,PRES/OWNER,3336C0003X,tier_1_primary_pharmacy,Y,Y,
1841613981,LIFEFOUNTAIN PHARMACY CORP,8850 SIX PINES DR STE 150,,THE WOODLANDS,TX,773802688,3463094800,OFFICER,333600000X|3336C0004X|3336H0001X|3336S0011X|3336C0003X,tier_1_primary_pharmacy,Y,Y,
1508280652,GENORITE PHARMACY LLC,5200 DAVIS LN,STE 110B,AUSTIN,TX,787494064,5123519160,PHARMACIST IN CHARGE,3336C0003X,tier_1_primary_pharmacy,Y,Y,
1619392016,HEALTH RX SCRIPTS LLC,900 S WAYSIDE DR,SUITE 400 A,HOUSTON,TX,770233427,8327404353,"OWNER,  AO, PHCY MANAGER, PIC,CEO",333600000X|3336C0003X,tier_1_primary_pharmacy,Y,Y,
1053736041,CUSTOM MEDS PHARMACY INC.,4805 BISSONNET ST,,BELLAIRE,TX,774014028,8324315449,PRESIDENT,3336C0004X|3336C0003X,tier_1_primary_pharmacy,Y,Y,
1881019826,BROOKSTAN PHARMACY LLC,1215 S COULTER ST STE 101,,AMARILLO,TX,791061761,8063507451,"CO-OWNER, PIC",3336C0004X|3336L0003X|3336C0003X,tier_1_primary_pharmacy,Y,Y,
1114343480,GREENBRIAR PHARMACY LP,250 FM 2449,,PONDER,TX,76259,9404790111,OWNER/PHARMACIST,3336C0003X,tier_1_primary_pharmacy,Y,Y,
1861818007,FC PHARMACY LLC,6029 BELT LINE RD,STE 110,DALLAS,TX,752549109,2148886976,OWNER,3336C0004X|3336C0003X,tier_1_primary_pharmacy,Y,Y,
1972921849,ECLEATS PHARMACY INC.,4427 HIGHWAY 6 STE F,,SUGAR LAND,TX,774784515,2819037491,PIC,3336C0003X,tier_1_primary_pharmacy,Y,Y,
1821416363,EXPRESSMEDS PHARMACY LLC,2300 VALLEY VIEW LN,STE 246,IRVING,TX,750621721,2143306300,OWNER,333600000X|3336L0003X|3336C0003X,tier_1_primary_pharmacy,Y,Y,
1588082887,GLOBAL PHARMACY INC,11677 S HIGHWAY 6,,SUGAR LAND,TX,774981302,8329398950,PRESIDENT,333600000X|3336C0003X,tier_1_primary_pharmacy,Y,Y,
1659790566,GARCIA PHARMACY,2110 LOMAS DEL SUR,SUITE 105,LAREDO,TX,780465750,9565688081,OWNER,333600000X,tier_1_primary_pharmacy,Y,Y,
1659790244,RUIZ PHARMACY,1405 E JEFFERSON ST,,BROWNSVILLE,TX,785205755,9564084001,PHARMACIST/OWNER,3336C0004X|3336C0003X,tier_1_primary_pharmacy,Y,Y,
1639598261,CULLEN CARE PHARMACY INC,4901 YALE ST,,HOUSTON,TX,770182203,7136915100,PHARMACIST-IN- CHARGE,3336C0003X,tier_1_primary_pharmacy,Y,Y,
1649699166,SPHINX PHARMACY GROUP WEBSTER INC,3569 BUSINESS CENTER DR STE 130,,PEARLAND,TX,775841914,8329325836,OWNER,333600000X|3336C0004X|3336S0011X|3336H0001X,tier_1_primary_pharmacy,Y,Y,
1598184004,MAHADEV RX LLC,1810 HIGHWAY 97 E,,JOURDANTON,TX,780261521,8307700770,MANAGER,3336C0003X,tier_1_primary_pharmacy,Y,Y,
1285053579,"INDUS RX, LLC",11035 RESOURCE PKWY STE 101,,HOUSTON,TX,770896071,2814810398,PRESIDENT,3336C0003X,tier_1_primary_pharmacy,Y,Y,
1215357462,AFRA PHARMACY INC.,8141 LONG POINT RD,,HOUSTON,TX,770552032,8328319694,OWNER,3336C0003X,tier_1_primary_pharmacy,Y,Y,
1497165997,AIRPORT MCKAY PHARMACY,18648 MCKAY DR STE 110,,HUMBLE,TX,773385724,8326441456,PHARMACIST-IN-CHARGE,333600000X,tier_1_primary_pharmacy,Y,Y,
1457761777,GULF BANK PHARMACY,8906 NORTH FWY,,HOUSTON,TX,770372727,2819314171,OWNER,333600000X|3336C0003X,tier_1_primary_pharmacy,Y,Y,
1811308950,VILLAGE FAMILY PHARMACY LLC,9055 KATY FWY STE 101,,HOUSTON,TX,770241663,7133733300,DIRECTOR OF PHARMACY,3336C0003X,tier_1_primary_pharmacy,Y,Y,
1528479425,TRINITY PHARMACY SOLUTIONS,508 MURPHY RD STE E,,STAFFORD,TX,774775449,7136978082,PHARMACIST IN CHARGE (PIC),3336C0003X,tier_1_primary_pharmacy,Y,Y,
1174934129,ROSS AVENUE PHARMACY LLC.,5101 ROSS AVE,SUITE # 100,DALLAS,TX,752067762,9728337999,PHARMACIST IN CHARGE,333600000X|3336C0004X|3336C0003X,tier_1_primary_pharmacy,Y,Y,
1558772400,ROBINSON FAMILY PHARMACY LLC,213 N PINECREST DR,,ATLANTA,TX,755513130,9037961730,PHARMACIST/OWNER,333600000X|3336C0003X,tier_1_primary_pharmacy,Y,Y,
1003227869,AFYA SPECIALTY PHARMACY LLC,17490 HIGHWAY 3,SUITE B200,WEBSTER,TX,775984160,2817241426,PHARMACY MANAGER,3336C0003X,tier_1_primary_pharmacy,Y,Y,
1487066858,EPC PHARMACY LLC,9539 HUFFMEISTER RD STE C,,HOUSTON,TX,770952856,2818615512,MANAGING MEMBER,3336C0003X,tier_1_primary_pharmacy,Y,Y,
1194137075,POP'S PHARMACY,11719 BEE CAVE RD #204,,BEE CAVE,TX,787385539,5124875650,MANAGER,333600000X,tier_1_primary_pharmacy,Y,Y,
1992117964,MACE RX PHARMACY,8775 S GESSNER RD,,HOUSTON,TX,770742915,8329175550,MANAGER,3336C0003X,tier_1_primary_pharmacy,Y,Y,
1508278375,EXPRESS SPECIALTY PHARMACY LLC,837 CYPRESS CREEK PKWY STE 105A,,HOUSTON,TX,770903422,2814537085,MEMBER,3336C0003X,tier_1_primary_pharmacy,Y,Y,
1285046821,GORMAN PHARMACY,117 S KENT ST,,GORMAN,TX,764543060,2547342859,OWNER/PIC,3336C0003X,tier_1_primary_pharmacy,Y,Y,
1841602489,CRYSONCARE PHARMACY INC,22325 GOSLING RD,,SPRING,TX,773894409,7139957577,OFFICER,3336C0003X,tier_1_primary_pharmacy,Y,Y,
1003229550,"PHARMACY DEPOT, LLC",1119 W RANDOL MILL RD STE 104,,ARLINGTON,TX,760126509,6823235528,MANAGER,3336C0003X,tier_1_primary_pharmacy,Y,Y,
1518370808,TEXAS UNICARE PHARMACY LLC,2424 W HOLCOMBE BLVD STE 101,,HOUSTON,TX,770301933,8328343222,"OWNER, PHCY MGR, PIC",333600000X|3336C0004X|3336C0003X,tier_1_primary_pharmacy,Y,Y,
1043623226,IRVING PHARMACY LLC,2000 ESTERS RD STE 202,,IRVING,TX,750618019,9723130585,"OWNER,  AO, PHCY MANAGER, PIC",333600000X|3336C0003X,tier_1_primary_pharmacy,Y,Y,
1346653367,TOTAL VEIN PHARMACY,7920 ELMBROOK DR STE 108,,DALLAS,TX,752474933,8882777002,CHIEF EXECUTIVE OFFICER,333600000X|3336C0004X,tier_1_primary_pharmacy,Y,Y,
1144633082,YOAKUM DISCOUNT PHARMACY,1200 CARL RAMERT DR,,YOAKUM,TX,779954868,3617417455,MANAGER,3336C0003X,tier_1_primary_pharmacy,Y,Y,
1265846547,BIZMART PHARMACY II,779 NORMANDY ST STE 130A,,HOUSTON,TX,770153599,8327672438,PHARMACIST,3336C0003X,tier_1_primary_pharmacy,Y,Y,
1417361528,MARIO'S RX PHARMACY LLC,6201 S CAGE BLVD,STE 3,PHARR,TX,785775609,9567025050,OWNER/DIRECTOR,3336C0003X,tier_1_primary_pharmacy,Y,Y,
1023423738,ALAMO CITY PHARMACY LLC,3338 OAKWELL CT STE 106,,SAN ANTONIO,TX,782183087,2102680153,MANAGER,333600000X,tier_1_primary_pharmacy,Y,Y,
1780099838,"A&E COMMUNITY PHARMACY, INC.",1112 N FLOYD RD,STE. 9,RICHARDSON,TX,750804243,9722348500,OWNER/PHARMACY MANAGER,3336L0003X|333600000X,tier_1_primary_pharmacy,Y,Y,
1588079594,EL DORADO PHARMACY LLC,1300 E ARAPAHO RD STE 210,,RICHARDSON,TX,750812445,2143294580,OWNER,3336C0003X,tier_1_primary_pharmacy,Y,Y,
1912312885,"HILL COUNTRY COMPOUNDING PHARMACY AT RIVERPLACE, LLC",6611 RIVER PLACE BLVD # 103,,AUSTIN,TX,787301162,5124875759,MANAGING PARTNER,3336C0004X|3336C0003X,tier_1_primary_pharmacy,Y,Y,
1205243086,ZING PHARMACY LLC,2615 W PIONEER PKWY STE 139,,GRAND PRAIRIE,TX,750513618,2147882826,OWNER/PIC,3336C0003X,tier_1_primary_pharmacy,Y,Y,
1821405556,BAKER CYPRESS PHARMACY AND HOME CARE EQUIPMENT LLC,705 S FRY ROAD,SUITE 105,KATY,TX,77450,7136313117,PHARMACIST IN CHARGE/MANAGING OFFIC,3336C0003X|333600000X,tier_1_primary_pharmacy,Y,Y,
1003223041,FOREST HILL PHARMACY INC,3403 MANSFIELD HWY,,FOREST HILL,TX,761196027,8178879434,PHARMACY MANAGER/OWNER,3336C0003X,tier_1_primary_pharmacy,Y,Y,
1720496276,AMERICAN SPECIALTY PHARMACY INC,818 E GRAYSON ST STE A,,SAN ANTONIO,TX,782081013,2105982678,OWNER/PRESIDENT/AO,3336S0011X|333600000X|3336C0003X,tier_1_primary_pharmacy,Y,Y,
1588072839,VALUE RX PHARMACY LLC,138 E LITTLE YORK RD,,HOUSTON,TX,770761412,2815013151,OWNER/OFFICER,3336C0003X,tier_1_primary_pharmacy,Y,Y,
1316355498,MED RX SYSTEMS,802A E UNIVERSITY DR,,EDINBURG,TX,785393632,9563832600,OWNER/RPH,3336C0003X,tier_1_primary_pharmacy,Y,Y,
1225446305,MED RX SYSTEMS,802A E UNIVERSITY DR,,EDINBURG,TX,785393632,9563832600,OWNER/RPH,3336C0003X,tier_1_primary_pharmacy,Y,Y,
1356750087,VALLEYWIDE PHARMACY AND DME INC,680 PAREDES LINE RD,SUITE B,BROWNSVILLE,TX,78521,9563721405,MANAGER,3336C0003X,tier_1_primary_pharmacy,Y,Y,
1659780302,"AYDIL RX SERVICES, LLC",3001 JOE RAMSEY BLVD E,,GREENVILLE,TX,754017714,9034557200,MANAGING MEMBER,3336C0004X|3336L0003X|3336S0011X|3336C0003X,tier_1_primary_pharmacy,Y,Y,
1972912418,GRAND AVE PHARMACY,1615 GRAND AVENUE PKWY,SUITE 104,PFLUGERVILLE,TX,786602059,5123771999,PHARMACY MANAGER,3336C0004X|3336C0003X,tier_1_primary_pharmacy,Y,Y,
1689083966,IFC PHARMACY CONSULTANTS,1101 OHIO DR STE 115,,PLANO,TX,750935331,4692980592,MANAGING MEMBER/AO,333600000X|3336C0003X,tier_1_primary_pharmacy,Y,Y,
1992104194,SHATIFF PHARMACY INC,2771 E BROAD ST STE 219,,MANSFIELD,TX,760639157,8172254136,PHARMACIST IN CHARGE,3336C0003X,tier_1_primary_pharmacy,Y,Y,
1346649258,APOLLO PHARMACY LLC,4987 W UNIVERSITY DR STE 101,,MCKINNEY,TX,750715073,9725426337,PHARMACY MANAGER,3336C0003X,tier_1_primary_pharmacy,Y,Y,
1659770048,EMMONS PHARMACY LLC,14550 TORREY CHASE BLVD STE 410,,HOUSTON,TX,770141058,8325828758,OWNER,3336S0011X|333600000X|3336C0003X|3336L0003X,tier_1_primary_pharmacy,Y,Y,
1548669096,A-LIST PHARMACY LLC,5205 DOWLING ST STE B,,HOUSTON,TX,770047411,7135292728,MANAGER,333600000X|3336C0003X,tier_1_primary_pharmacy,Y,Y,
1477953719,VEDA RX SERVICES INC,813 W WHITE ST,SUITE 200,ANNA,TX,754092613,9728952450,PHARMACIST IN CHARGE,3336C0003X,tier_1_primary_pharmacy,Y,Y,
1255731261,TOTAL RX CARE INC,9101 LAKEVIEW PKWY STE 500,,ROWLETT,TX,750884540,4692084638,"CEO, PRES",333600000X|3336C0004X|3336H0001X|3336C0003X,tier_1_primary_pharmacy,Y,Y,
1245631613,"TIN RX 807, INC.",15271 SOUTHWEST FREEWAY,,SUGAR LAND,TX,77478,7139555700,CEO,3336C0003X,tier_1_primary_pharmacy,Y,Y,
1477954162,GENOVATIONS PHARMACY LLC,10301 STELLA LINK RD STE C,,HOUSTON,TX,770255447,8329410850,PHARMACY OPERATIONS MANAGER,3336C0003X|333600000X|3336M0003X,tier_1_primary_pharmacy,Y,Y,
1427450956,"MIDLAND PHARMACY , LLC","3510 N. MIDKIFF RD, STE 100",,MIDLAND,TX,797054834,4326977500,MANAGING MEMBER,3336C0004X|3336C0003X,tier_1_primary_pharmacy,Y,Y,
1518360965,KPLAN PHARMACY LLC,5720 BELLAIRE BLVD STE B,,HOUSTON,TX,770815513,7135341110,MANAGING EMPLOYEE,3336C0003X,tier_1_primary_pharmacy,Y,Y,
1124421094,UNITED RX INC.,11246 S WILCREST DR,SUITE 180,HOUSTON,TX,770994337,8327709905,PIC/OWNER,333600000X,tier_1_primary_pharmacy,Y,Y,
1891199469,KEYSTONE PHARMACY,9301 GULF FWY,,HOUSTON,TX,770177023,8328343312,OWNER/ PIC,3336C0003X,tier_1_primary_pharmacy,Y,Y,
1720482367,FRIENDS' PHARMACY LLC,116 N MAIN AVE,,BIG LAKE,TX,769325211,3257161800,MANAGER,3336C0003X,tier_1_primary_pharmacy,Y,Y,
1588068860,CHB PHARMACY,14211 COIT RD,,DALLAS,TX,752542862,9726611293,PHARMACY DIRECTOR,3336C0003X,tier_1_primary_pharmacy,Y,Y,
1679978290,DOUGHERTYS PHARMACY HUMBLE LLC,211 FM 1960 BYPASS RD E,,HUMBLE,TX,773383605,2814469191,AUTHORIZED OFFICIAL,3336C0003X,tier_1_primary_pharmacy,Y,Y,
1740685890,PROSPER PHARMACY LLC,1000 PRESTON RD N,SUITE 10,PROSPER,TX,750788779,2143384010,CORPORATE MANAGER,3336L0003X|3336C0004X|3336S0011X|333600000X|3336C0003X,tier_1_primary_pharmacy,Y,Y,
1316342413,"REMOTE RX STAFFING, LLC",13325 HARGRAVE RD STE 180,,HOUSTON,TX,770704540,8327562930,OWNER/PHARMACIST,3336C0003X,tier_1_primary_pharmacy,Y,Y,
1023414877,LMR WESTER ST PHARMACY,511 GASLIGHT BLVD,,LUFKIN,TX,759043127,9366323833,OFFICER,3336C0004X|3336S0011X|3336C0003X,tier_1_primary_pharmacy,Y,Y,
1790182707,"ANCHOR PHARMACY, LLC",11008 BELLAIRE BLVD,,HOUSTON,TX,770722606,2814951282,OWNER,3336C0003X,tier_1_primary_pharmacy,Y,Y,
1730586231,J & C RX LLC,11301 FALLBROOK #124,,HOUSTON,TX,77065,8328046605,MEMBER,3336C0003X,tier_1_primary_pharmacy,Y,Y,
1750788329,ALAMO CITY PHARMACY LLC,110 STONE OAK LOOP STE 100,,SAN ANTONIO,TX,782583510,2102680153,MANAGER,3336C0003X,tier_1_primary_pharmacy,Y,Y,
1396142675,"BM PHARMACY, INC",12924 BELLAIRE BLVD STE 100A,,HOUSTON,TX,770725132,7134573600,PHARMACIST IN CHARGE/OWNER,3336C0003X,tier_1_primary_pharmacy,Y,Y,
1194123067,S & L PHARMACY TERRELL INC,601 W MOORE AVE,,TERRELL,TX,751603123,9725633311,PRESIDENT,333600000X|3336C0003X,tier_1_primary_pharmacy,Y,Y,
1174921803,ONE SOURCE PHARMACY AND MEDICAL SUPPLIES LLC,15733 SAN PEDRO AVE,,SAN ANTONIO,TX,782323726,2104938378,CEO,3336M0002X|3336L0003X|333600000X|3336C0003X,tier_1_primary_pharmacy,Y,Y,
1548668106,"HHP #4 PHARMACY, LLC.",2811 TEAGUE RD,1303,HOUSTON,TX,770802502,3462044576,MANAGING MEMBER,333600000X|3336C0003X,tier_1_primary_pharmacy,Y,Y,
1508264052,HUNTER PHARMACY SERVICES,3420 EXECUTIVE CENTER DR,,AUSTIN,TX,787311624,5123469296,CONSULTANT PHARMACIST,333600000X,tier_1_primary_pharmacy,Y,Y,
1619375961,A-CLASS PHARMACY LLC,1151 N BUCKNER BLVD STE 104,,DALLAS,TX,752183485,8174667420,"OWNER,AO",333600000X|3336C0003X,tier_1_primary_pharmacy,Y,Y,
1699173849,CARECHOICE PHARMACY LLC,813 N JUPITER RD,,GARLAND,TX,750425439,4699096430,PHARMACIST IN CHARGE,333600000X,tier_1_primary_pharmacy,Y,Y,
1831587963,PARK SPECIALTY COMPOUNDING PHARMACY PLLC,23510 KINGSLAND BLVD STE 104,,KATY,TX,774944126,2816658899,OWNER/PHARMACIST IN CHARGE,333600000X|3336C0004X|3336S0011X|3336C0003X,tier_1_primary_pharmacy,Y,Y,
1841688777,GILLTOP PHARMACY LLC,14522 SOUTH POST OAK,STE 108A,HOUSTON,TX,77045,8328317381,OWNER,3336C0003X,tier_1_primary_pharmacy,Y,Y,
1730578972,EMERALD PHARMACY LLC,12863 GULF FWY,,HOUSTON,TX,770344807,2814847100,PRESIDENT,333600000X,tier_1_primary_pharmacy,Y,Y,
1740679661,"FRONT DOOR PHARMACY, LLC",8980 KIRBY DR,,HOUSTON,TX,770542830,8327404026,PIC/OWNER,3336C0003X,tier_1_primary_pharmacy,Y,Y,
1114316940,"RIVER MEDICAL PHARMACY, LLC",4752 RESEARCH DR,,SAN ANTONIO,TX,782405002,8006171490,VICE PRESIDENT,3336S0011X|333600000X|3336H0001X|3336C0003X,tier_1_primary_pharmacy,Y,Y,
1114316718,BLACK HAWK PHARMACY LLC,17027 NANES DR,,HOUSTON,TX,770902501,2819191905,OWNER,3336C0003X,tier_1_primary_pharmacy,Y,Y,
1124417605,ECO PHARMACY OF SIENNA PLANATION LLC,8721 HIGHWAY 6 # 200,,MISSOURI CITY,TX,774597151,8324400085,"OWNER,AO",3336C0004X|3336C0003X,tier_1_primary_pharmacy,Y,Y,
1932599198,DOUGHERTYS PHARMACY EL PASO LLC,6151 DEW DR STE 100,,EL PASO,TX,799123912,9155819655,PRESIDENT&CEO,3336C0004X|333600000X|3336C0003X,tier_1_primary_pharmacy,Y,Y,
1750771937,CAPROCK COMPOUNDING PHARMACY INC.,3007 50TH STREET,,LUBBOCK,TX,79413,8065896333,PHARMACIST IN CHARGE,333600000X,tier_1_primary_pharmacy,Y,Y,
1386034338,AA PHARMACY LLC,17826 DAVENPORT RD STE B,,DALLAS,TX,752525876,4693513462,PHARMACY DIRECTOR,333600000X,tier_1_primary_pharmacy,Y,Y,
1679963623,"SANTA MARIA PHARMACY, LLC",6108 GULFTON ST,,HOUSTON,TX,770812304,7135925300,OWNER,3336C0003X,tier_1_primary_pharmacy,Y,Y,
1184014839,RAYFORD PHARMACY LLC,7623 LOUETTA RD,SUITE 104,SPRING,TX,773797295,8329532926,V.P OPERATIONS,3336S0011X|3336L0003X|333600000X,tier_1_primary_pharmacy,Y,Y,
1881085850,SPRINGWOODS PHARMACY LLC,25301 BOROUGH PARK DR STE 204,,SPRING,TX,773803568,2814854512,MANAGER,3336C0003X,tier_1_primary_pharmacy,Y,Y,
1356732176,"STRIVE PHARMACY TEXAS, LLC",1077 CENTRAL PARKWAY SOUTH,SUITE 800,SAN ANTONIO,TX,78232,8308165910,MEMBER,333600000X|3336S0011X|3336C0003X,tier_1_primary_pharmacy,Y,Y,
1376935502,RAPID PHARMACY LLC.,595 S MASON RD,,KATY,TX,774502437,8324127005,MANAGING MEMBER,333600000X,tier_1_primary_pharmacy,Y,Y,
1205228376,"UHS RETAIL PHARMACY, LLC",5012 S US HIGHWAY 75 STE 140,,DENISON,TX,750204599,9033278808,CEO,3336C0003X,tier_1_primary_pharmacy,Y,Y,
1679965701,WESTMONT PHARMACY INC,1140 WESTMONT DR,SUITE 435,HOUSTON,TX,770154363,7134531780,OWNER,333600000X|3336C0003X,tier_1_primary_pharmacy,Y,Y,
1093108805,SOLARIS PHARMACY INC,91 BARNETT SHALE,,BRIDGEPORT,TX,764262266,9402081638,CFO/OFFICER,3336C0004X|333600000X|3336M0002X|3336L0003X,tier_1_primary_pharmacy,Y,Y,
1619361243,"RITE CHOICE PHARMACY, LLC",9727 SPRING GREEN BLVD,SUITE # 150,KATY,TX,774944138,8329136905,OWNER/PRESIDENT,3336C0004X|3336S0011X|3336C0003X,tier_1_primary_pharmacy,Y,Y,
1538553847,THE MEDICAL CENTER PHARMACY LTD CO,16051 ADDISON RD #305,,ADDISON,TX,75001,9722901126,MANAGER,3336C0003X,tier_1_primary_pharmacy,Y,Y,
1790179067,ALLEGIANCERX PHARMACY MANAGEMENT INC,17510 W GRAND PKWY S STE 180,,SUGAR LAND,TX,774792647,2819009750,CEO,333600000X,tier_1_primary_pharmacy,Y,Y,
1881088813,AID PLUS RX LLC,5927 ALMEDA RD STE G,,HOUSTON,TX,770047791,7135200500,OFFICER,3336C0003X,tier_1_primary_pharmacy,Y,Y,
1134514060,ALLEGIANCERX PHARMACY MANAGEMENT INC,740 HOSPITAL DR STE 280,,BEAUMONT,TX,777014663,4098359500,CEO,333600000X,tier_1_primary_pharmacy,Y,Y,
1295120111,"SILVA PHARMACY, INC",939 W JEFFERSON BLVD STE 101,,DALLAS,TX,75208,2144844130,MEMBER,3336C0003X,tier_1_primary_pharmacy,Y,Y,
1164817540,LIFECARE REUSS PHARMACY LLC,515 N ESPLANADE ST,,CUERO,TX,779543603,3612753411,MANAGING MEMBER,333600000X,tier_1_primary_pharmacy,Y,Y,
1831584242,ECO PHARMACY OF SOUTH AUSTIN LLC,11420 BEE CAVES RD STE B100,,AUSTIN,TX,78738,5125199248,OWNER,333600000X,tier_1_primary_pharmacy,Y,Y,
1962897231,TRIWEST SPECIALTY PHARMACY LP,1940 ENCHANTED WAY STE 103A,,GRAPEVINE,TX,760510965,9729144990,OFFICER,3336C0003X,tier_1_primary_pharmacy,Y,Y,
1861889362,AMERICAN SPECIALTY PHARMACY INC,2707 W 15TH ST STE A,,PLANO,TX,750757599,2149192520,PRESIDENT,333600000X,tier_1_primary_pharmacy,Y,Y,
1568859122,AMERICAN SPECIALTY PHARMACY INC,1300 3RD ST,,CORPUS CHRISTI,TX,784042208,3612214778,OWNER/PRESIDENT/AO,3336S0011X|333600000X|3336C0003X,tier_1_primary_pharmacy,Y,Y,
1588041602,"SENA RX PHARMACY, INC.",5050 FM 1960 RD W,SUITE 125,HOUSTON,TX,770694522,2814400018,OWNER,3336C0003X,tier_1_primary_pharmacy,Y,Y,
1740667898,MAPLEWOOD PHARMACY,2515 INWOOD RD STE 107,,DALLAS,TX,752357400,8446279663,PIC,3336C0004X|3336C0003X|333600000X,tier_1_primary_pharmacy,Y,Y,
1760869101,ZIKAM NEIGHBORHOOD PHARMACY LLC,21920 BULVERDE RD # 102103,,SAN ANTONIO,TX,782592181,2105035063,"OWNER,PIC,AO",333600000X|3336C0004X|3336C0003X,tier_1_primary_pharmacy,Y,Y,
1861870123,"MEDICAL CENTER PHARMACY, LTD.CO",540 OAK CENTRE DRIVE,SUITE 153,SAN ANTONIO,TX,782583937,2103329862,PHARMACIST-IN-CHARGE,3336C0003X|3336C0004X,tier_1_primary_pharmacy,Y,Y,
1275912453,ARCHIE PHARMACY LLC,305 S ARCHIE ST,,VIDOR,TX,776624840,4092423124,OPERATIONS MANAGER,3336L0003X|3336S0011X|333600000X|3336C0004X|3336C0003X,tier_1_primary_pharmacy,Y,Y,
1851770911,TEXAS RXSOLUTIONS AND COMPOUNDING PHARMACY,131 E HOSPITAL DR,,ANGLETON,TX,775154111,7137901228,OWNER,3336C0003X,tier_1_primary_pharmacy,Y,Y,
1619356656,"AC PHARMACY, LLC",9090 SKILLMAN ST,SUITE 180A,DALLAS,TX,752438259,2142210353,PHARMACIST IN CHARGE,3336C0003X,tier_1_primary_pharmacy,Y,Y,
1770963712,BUENA VISTA PHARMACY INC.,9150 HUEBNER RD STE 125A,,SAN ANTONIO,TX,782401558,2106962700,PHARMACIST/PRESIDENT,3336C0003X,tier_1_primary_pharmacy,Y,Y,
1760862825,NEVILLE PHARMACY,5442 LA SIERRA DR STE 200,,DALLAS,TX,752314108,8777789001,CEO,333600000X|3336H0001X,tier_1_primary_pharmacy,Y,Y,
1881074797,ST. HOPE PHARMACY,255 NORTHPOINT DR STE 200,,HOUSTON,TX,770603203,8323008041,CHIEF EXECUTIVE OFFICER,333600000X|3336C0003X,tier_1_primary_pharmacy,Y,Y,
1952781502,BEST CARE RX LLC,7442 PARK PLACE BLVD,,HOUSTON,TX,770874442,2818882179,OFFICER,333600000X|3336C0003X,tier_1_primary_pharmacy,Y,Y,
1619358967,3D&S SUPREME PHARMACY,203 E DAVIS ST,,CONROE,TX,773013159,9364943781,PHARMACIST IN CHARGE,333600000X,tier_1_primary_pharmacy,Y,Y,
1477935021,A-SCRIPT PHARMACY INC,17051 DALLAS PKWY # 110,,ADDISON,TX,750017109,2146436287,CEO,3336C0003X,tier_1_primary_pharmacy,Y,Y,
1700269198,INDUSTRIAL & FAMILY PHARMACY INC,2301 NE 28TH ST,,FT WORTH,TX,761067408,8176256265,"OWNER,PIC,AO",3336C0004X|3336C0003X,tier_1_primary_pharmacy,Y,Y,
1447633672,TEXAS HEALTH RX,643 S GREAT SOUTHWEST PKWY STE 104,,GRAND PRAIRIE,TX,750511056,9728546945,OFFICER,333600000X|3336C0003X,tier_1_primary_pharmacy,Y,Y,
1760866339,PROTEX PHARMACY LLC,1540 KENFOREST DR,,MISSOURI CITY,TX,774892165,7136323305,PRESIDENT,3336C0003X,tier_1_primary_pharmacy,Y,Y,
1083099485,"PARAGON SPECIALTY PHARMACY, LLC",2920 MOTLEY DR,SUITE 800,MESQUITE,TX,75150,8553553552,OFFICER,3336C0003X,tier_1_primary_pharmacy,Y,Y,
1538544937,"DALLAS SPECIALTY PHARMACY,LLC",5501 GORDON SMITH,SUITE 170,ROWLETT,TX,75089,2402355895,CREDENTIALING CONTACT,3336C0003X,tier_1_primary_pharmacy,Y,Y,
1336515220,DICOT RX 1 LLC,725 N MAIN ST STE 2,,BOERNE,TX,780061623,8303318183,PIC/OWNER,333600000X|3336C0003X,tier_1_primary_pharmacy,Y,Y,
1437525268,NIGER PHARMACY LLC,25100 PITKIN RD STE 86A,,THE WOODLANDS,TX,773861978,9564801652,OWNER/OFFICER,3336C0003X,tier_1_primary_pharmacy,Y,Y,
1093181760,CARECO PHARMACY LLC,15003 FM 529 RD STE H,,HOUSTON,TX,770953247,8328030388,CO-OWNER,333600000X|3336C0003X,tier_1_primary_pharmacy,Y,Y,
1811364078,PEOPLES PHARMACY,"5505 W. PARMER LANE, BUILDING 4",AT APPLE WELLNESS CENTER,AUSTIN,TX,78727,5122153296,A/R MANAGER,3336C0003X,tier_1_primary_pharmacy,Y,Y,
1902273980,"INFINITY PHARMACY, LLC",3313 ESSEX DR STE 100,,RICHARDSON,TX,750829714,2147655470,CEO / MANAGER,3336C0003X|3336L0003X,tier_1_primary_pharmacy,Y,Y,
1770950339,RGV COMPOUNDING PHARMACY,5460 PAREDES LINE RD STE 199,,BROWNSVILLE,TX,785269742,9566210228,MANAGING MEMBER,3336C0004X|333600000X|3336C0003X,tier_1_primary_pharmacy,Y,Y,
1447628607,PANCHO INDEPENDENT PHARMACY INC,608 E BAILEY BOSWELL RD STE 140,,FORT WORTH,TX,761313570,7132535115,PIC,3336C0003X,tier_1_primary_pharmacy,Y,Y,
1558739557,IMPULSE PHARMACY INCORPORATED,3901 AIRPORT FWY STE 116,,BEDFORD,TX,760216117,6822007869,PHARMACIST,3336C0003X,tier_1_primary_pharmacy,Y,Y,
1427426196,SAVANNAH PHARMACY,26795 US HIGHWAY 380 E,SUITE800,AUBREY,TX,762277853,9403668380,PHARMACIST IN CHARGE,3336C0003X,tier_1_primary_pharmacy,Y,Y,
1750750196,"APC PHARMACY, PLLC",2000 S MAYS ST,SUITE 200,ROUND ROCK,TX,786647531,5126003330,CHIEF OPERATING OFFICER,3336C0003X,tier_1_primary_pharmacy,Y,Y,
1720457518,"PRO SCRIPT SOLUTIONS PHARMACY, LLC",6730 ATASCOCITA RD,SUITE 111,HUMBLE,TX,773461993,2815706707,MANAGER,3336C0003X,tier_1_primary_pharmacy,Y,Y,
1821467549,RSVP PHARMACY 7 LLC,4343 SIGMA RD STE 400,,FARMERS BRANCH,TX,752444449,8553137049,COMPLIANCE DIRECTOR,333600000X|3336C0003X,tier_1_primary_pharmacy,Y,Y,
1770952491,NORTHSIDE PHARMACY LLC,207 WAYSIDE DR,,HOUSTON,TX,770113625,8329400424,OFFICER,3336C0003X|333600000X,tier_1_primary_pharmacy,Y,Y,
1902276231,BRANDY PHARMACY CORP,2241 PEGGY LN STE B,,GARLAND,TX,750425709,9722726300,PRESIDENT,3336C0003X,tier_1_primary_pharmacy,Y,Y,
1467822593,PATIENT RX SOLUTIONS PHARMACY LLC,1717 PRECINCT LINE RD STE 202,,HURST,TX,760543197,8175760889,OWNER / PRESIDENT,3336C0003X|333600000X,tier_1_primary_pharmacy,Y,Y,
1891165866,"COMPOUNDING CORNER PHARMACY, INC.",1730 WILLIAMS TRACE BLVD STE K,,SUGAR LAND,TX,774784055,2814947777,PIC,3336C0003X|3336S0011X|3336C0004X,tier_1_primary_pharmacy,Y,Y,
1740651090,THE SOLEX PHARMACY,6516 BROADWAY ST,,PEARLAND,TX,775817880,2814855083,PRESIDENT,333600000X,tier_1_primary_pharmacy,Y,Y,
1598136525,EXPRESSMEDS PHARMACY LLC,2300 VALLEY VIEW LN,SUITE 244,IRVING,TX,750621721,2143306300,OWNER,3336C0003X,tier_1_primary_pharmacy,Y,Y,
1922470483,"BANDERA DRUG, LLC",1100 MULBERRY STREET,,BANDERA,TX,78003,8307963111,MANAGER,3336C0003X,tier_1_primary_pharmacy,Y,Y,
1770955239,M & A PHARMACY LLC,"8200 MATLOCK ROAD, STE 150",,ARLINGTON,TX,76002,6822227830,OWNER,3336C0003X,tier_1_primary_pharmacy,Y,Y,
1467824599,CEDRA PHARMACY HOUSTON LLC,1607 S POST OAK LN,,HOUSTON,TX,770562807,7136210621,CEO,3336C0004X|3336S0011X|3336C0003X,tier_1_primary_pharmacy,Y,Y,
1528431418,"VILLAGE LANE APOTHECARY, L.L.C.",60 VILLAGE LN STE 130,,COLLEYVILLE,TX,760342928,8177172000,PHARMACIST IN CHARGE,3336C0003X|3336C0004X,tier_1_primary_pharmacy,Y,Y,
1043683741,PREMIER RX PHARMACY,6300 WESTPARK DR,SUITE 210,HOUSTON,TX,770577205,7135926188,OWNER,3336C0003X,tier_1_primary_pharmacy,Y,Y,
1992178453,ABSOLUTE VETERINARY COMPOUNDING PHARMACY LLC,2005 FORT WORTH HWY STE 100,,WEATHERFORD,TX,760864780,8175997781,PIC,333600000X|3336C0004X,tier_1_primary_pharmacy,Y,Y,
1750754198,RSVP PHARMACY 7 LLC,7904 NE LOOP 820,SUITE A & B,NORTH RICHLAND HILLS,TX,761807395,8553627878,PHARMACY DIRECTOR,3336C0004X|3336S0011X|333600000X|3336C0003X,tier_1_primary_pharmacy,Y,Y,
1578936654,WESTOVER HILLS PHARMACY INC,9793 CULEBRA RD STE 101,,SAN ANTONIO,TX,782513750,2106841800,OFFICER,333600000X|3336C0003X,tier_1_primary_pharmacy,Y,Y,
1508239542,SAI LIFECARE PHARMACY LLC,4615 W COMMERCE ST,,SAN ANTONIO,TX,782371631,9737528357,PHARMACIST IN CHARGE/OWNER,3336C0003X,tier_1_primary_pharmacy,Y,Y,
1336513928,LIFECARE PHARMACY OF DENVER CITY INC,403 MUSTANG DR,,DENVER CITY,TX,793232749,8065922765,PHARMACIST,3336L0003X|333600000X,tier_1_primary_pharmacy,Y,Y,
1750755914,HOPE PHARMACY I LLC,24048 HIGHWAY 59 N,,KINGWOOD,TX,773391500,8327771960,DIRECTOR,3336C0003X|333600000X,tier_1_primary_pharmacy,Y,Y,
1528432606,RSVP PHARMACY 7 LLC,5004 FRANKFORD AVE UNIT 119,,LUBBOCK,TX,794241138,8443699209,PHARMACY LICENSING COORDINATOR,333600000X|3336C0003X,tier_1_primary_pharmacy,Y,Y,
1518332535,"CENTERWELL PHARMACY, INC.",1860 S SEGUIN AVE,,NEW BRAUNFELS,TX,781303914,8303877558,VP,333600000X|3336C0003X,tier_1_primary_pharmacy,Y,Y,
1184099020,PHARMACY AND SURGICAL SUPPLIES INC,10300 SCYENE RD # 102,,DALLAS,TX,752274932,4692838878,MEMBER,333600000X|3336C0003X,tier_1_primary_pharmacy,Y,Y,
1669847455,OUR PHARMACY LLC,5020 LOUETTA RD STE 150A,,SPRING,TX,773798126,8322996802,PHARMACIST IN CHARGE,333600000X|3336C0003X,tier_1_primary_pharmacy,Y,Y,
1275908949,SMART PHARMACY LLC,4390 CALLAGHAN RD,,SAN ANTONIO,TX,782283401,2108587299,"OFFICER,AO",333600000X|3336C0004X|3336C0003X,tier_1_primary_pharmacy,Y,Y,
1194180380,RICHMOND PHARMACY LLC,9536 RICHMOND AVE STE I,,HOUSTON,TX,770633845,8329918997,MANAGER,333600000X|3336C0004X|3336C0003X,tier_1_primary_pharmacy,Y,Y,
1265897664,"MILLENNIUM RX, LLC",12560 REED RD STE 350,,SUGAR LAND,TX,774783380,8553467600,VP PHARMACY SERVICES,3336C0004X|333600000X,tier_1_primary_pharmacy,Y,Y,
1215393376,PRIMESOURCE RX LLC,2656 S LOOP W STE 574,,HOUSTON,TX,770542664,8324647616,SENIOR VICE PRESIDENT,3336H0001X|3336C0003X,tier_1_primary_pharmacy,Y,Y,
1477910867,HOPE PHARMACY I LLC,24048 HIGHWAY 59 N,,KINGWOOD,TX,773391500,8327771960,PIC,333600000X|3336C0003X,tier_1_primary_pharmacy,Y,Y,
1043677461,"BARATO PHARMACY, LLC",7218 HARRISBURG BLVD STE B,,HOUSTON,TX,770114737,8328308844,DIRECTOR,3336C0003X,tier_1_primary_pharmacy,Y,Y,
1164889788,LA RX,3744 BROADWAY ST STE C,,HOUSTON,TX,770173046,8324264616,PHARMACIST IN CHARGE,3336C0003X|333600000X,tier_1_primary_pharmacy,Y,Y,
1679932297,MEDICINE MAN PHARMACY-BRAZORIA LLC,102 E SAN BERNARD ST,A,BRAZORIA,TX,774225647,9797984800,OWNER,3336C0003X,tier_1_primary_pharmacy,Y,Y,
1861851347,RED OAK PHARMACY,850 FM 1960 RD W STE R,,HOUSTON,TX,770903413,2815870320,PHARMACIST,3336C0003X|333600000X,tier_1_primary_pharmacy,Y,Y,
1124487699,HIGHLANDS COMMUNITY PHARMACY LLC,607 E WALLISVILLE RD BLDG 1,,HIGHLANDS,TX,775623831,8328388560,PHARMACIST IN CHARGE,333600000X|3336C0003X,tier_1_primary_pharmacy,Y,Y,
1962861336,AMERICAN SPECIALTY PHARMACY INC,1210 COTTONWOOD CREEK TRL STE 210,,CEDAR PARK,TX,786132688,5126495425,PRESIDENT,333600000X|3336C0003X,tier_1_primary_pharmacy,Y,Y,
1700245503,IDEAL PHARMACY,2904 FULTON ST STE A,,HOUSTON,TX,770095792,8328347463,PHARMACIST IN CHARGE,3336C0003X,tier_1_primary_pharmacy,Y,Y,
1841650595,VALUSTAR PHARMACY LLC,7501 FANNIN ST STE 900,,HOUSTON,TX,770541938,8772469104,OFFICER,333600000X|3336C0003X|3336S0011X|3336H0001X,tier_1_primary_pharmacy,Y,Y,
1962861633,APA PHARMACY LLC,2501 W WILLIAM CANNON DR STE 401C,,AUSTIN,TX,787455281,5126812700,"MANAGER, THIRD PARTY & LICENSING",333600000X|3336C0003X,tier_1_primary_pharmacy,Y,Y,
1225498991,"SAVRX PHARMACY, INC",6100 S. BROADWAY AVE,SUITE 160,TYLER,TX,75703,9036308797,MEMBER,3336C0003X,tier_1_primary_pharmacy,Y,Y,
1841650314,SOUTH TEXAS VALLEY PHARMACY LLC,5401 N G ST STE 3,,MCALLEN,TX,785044894,9562177000,PRACTICE ADMINISTRATOR,333600000X|3336C0003X,tier_1_primary_pharmacy,Y,Y,
1568822302,PHARMAVIDA RX INC,1337 E PALMA VISTA DR STE B,,PALMVIEW,TX,785722055,9564246640,"RPH, PHARMD/PIC",3336C0003X|333600000X,tier_1_primary_pharmacy,Y,Y,
1376904920,HOUSTON COMPOUNDING PHARMACY INC,14002 TOMBALL PKWY,#A,HOUSTON,TX,77086,7145481457,PRESIDENT,3336C0003X,tier_1_primary_pharmacy,Y,Y,
1932560182,AAA RX PHARMACY LLC,569 S MASON RD,,KATY,TX,774502437,2817178877,MANAGING OFFICER,333600000X|3336C0003X,tier_1_primary_pharmacy,Y,Y,
1497116362,GLOBAL CARE PHARMACY LLC,1803 WESCOTT AVENUE SUITE A,,SUGAR LAND,TX,77479,2813294498,PHARMACY DIRECTOR,333600000X|3336L0003X,tier_1_primary_pharmacy,Y,Y,
1689035545,LIFECARE PHARMACY 23 INC,4500 S PLEASANT VALLEY RD # 100,,AUSTIN,TX,787442911,5126482700,OWNER,3336C0003X|333600000X,tier_1_primary_pharmacy,Y,Y,
1780047159,HURRICANE SPECIALTY PHARMACY,230 CONQUEST,SUITE H-2,EDINBURG,TX,785390227,9563932222,MANAGER,3336S0011X|3336C0003X,tier_1_primary_pharmacy,Y,Y,
1043674518,GREENBUSCH PHARMACY INC,26717 WESTHEIMER PKWY STE 301,,KATY,TX,774948058,8324371130,PIC,3336C0003X,tier_1_primary_pharmacy,Y,Y,
1114371226,ROCKWALL PHARMACY LLC,2504 RIDGE RD,SUITE 106,ROCKWALL,TX,750872569,4697691160,MANAGER,333600000X|3336C0003X,tier_1_primary_pharmacy,Y,Y,
1124472063,PREFERRED PHAMILY PHARMACY & COMPOUNDING,7000 PARKWOOD BLVD STE F400,,FRISCO,TX,750347415,2146196060,OFFICER,333600000X|3336C0003X,tier_1_primary_pharmacy,Y,Y,
1285088567,JR PHARMACY LLC,13415 WOODFOREST BLVD,STE F,HOUSTON,TX,770152922,7133304400,PHARMACIST IN CHARGE,3336C0003X|333600000X,tier_1_primary_pharmacy,Y,Y,
1578918678,MESQUITE PHARMACY RX LLC,1320 NORTH GALLOWAY AVE,SUITE 102,MESQUITE,TX,75149,9722851761,OWNER,333600000X|3336C0003X,tier_1_primary_pharmacy,Y,Y,
1720433550,CC PHARMACY,2656 S LOOP W,SUITE 395,HOUSTON,TX,770542664,8329401566,OWNER,3336C0003X,tier_1_primary_pharmacy,Y,Y,
1184070096,HEAL THE CITY PHARMACY,609 S CAROLINA ST,,AMARILLO,TX,791068721,0680394878,PHARMACIST IN CHARGE,3336C0003X,tier_1_primary_pharmacy,Y,Y,
1285080085,POST OAK PHARMACY,900 W DALLAS ST,,CONROE,TX,773012234,8665784888,OWNER,3336C0003X,tier_1_primary_pharmacy,Y,Y,
1083060776,RX SOS PLLC,1115 W NORTHWEST HWY STE H,,GRAPEVINE,TX,760515010,8174815780,PRESIDENT,3336L0003X|3336C0004X|333600000X|3336C0003X,tier_1_primary_pharmacy,Y,Y,
1801242698,RXSTOCK SPECIALTY PHARMACY,4201 MEDICAL CENTER DR,SUITE 320,MCKINNEY,TX,750691766,4697140286,"OWNER,DIR OF PHCY, PIC, AO",333600000X|3336S0011X|3336C0003X,tier_1_primary_pharmacy,Y,Y,
1417303090,"ATKINS PHARMACY SERVICES, INC",701 3RD ST,,MARBLE FALLS,TX,786545720,8306932972,ADMINISTRATOR,333600000X|3336L0003X,tier_1_primary_pharmacy,Y,Y,
1588010037,"HEREFORD PHARMACY, LLC",809 S 25 MILE AVE,,HEREFORD,TX,790454801,8063643400,OWNER,333600000X|3336L0003X,tier_1_primary_pharmacy,Y,Y,
1487000931,MARTIN TIPTON PHARMACY LLC,1501 S TYLER ST,,AMARILLO,TX,791014240,8063732812,PRESIDENT,3336C0003X|333600000X|3336C0004X|3336L0003X,tier_1_primary_pharmacy,Y,Y,
1962850552,RUBENS RX LLC,615 E UNIVERSITY DR STE 1,,EDINBURG,TX,785393635,9566395208,PRESIDENT/MEMBER,3336C0003X|333600000X,tier_1_primary_pharmacy,Y,Y,
1326496779,"TEXAS HEALTH RX, LLC",616 E MAIN ST,,MIDLOTHIAN,TX,76065,8174580270,PIC,3336C0003X,tier_1_primary_pharmacy,Y,Y,
1457700619,"YELLOW OLIVE RX PHARMACY,LLC",1646 FM 1960 RD W,,HOUSTON,TX,770903301,8324466832,OWNER,3336C0003X,tier_1_primary_pharmacy,Y,Y,
1316397839,FREEDOM PHARMACY LLC,7339 AIRPORT FWY,,RICHLAND HILLS,TX,761186902,8175908339,CFO,333600000X|3336C0003X,tier_1_primary_pharmacy,Y,Y,
1710337316,KATY PHARMACY & DRUG STORE,20005 KATY FWY,,KATY,TX,774502238,8329532611,CEO,3336C0003X,tier_1_primary_pharmacy,Y,Y,
1285084467,"A.E. PHARMACY, LLC",4500 S PLEASANT VALLEY ROAD,SUITE 201,AUSTIN,TX,787442911,5125373205,VICE PRESIDENT,333600000X|3336C0003X,tier_1_primary_pharmacy,Y,Y,
1033560735,"USPS RETAIL PHARMACY, LLC",22001 SOUTHWEST FWY STE 110,,RICHMOND,TX,774697002,7133252700,CHIEF PHARMACY OFFICER,333600000X|3336C0003X,tier_1_primary_pharmacy,Y,Y,
1548612443,LIFECARE PHARMACY OF VICTORIA INC,2806 N NAVARRO ST STE A,SUITE A,VICTORIA,TX,779013937,3615732476,PRESIDENT,3336C0003X|333600000X,tier_1_primary_pharmacy,Y,Y,
1679925309,"DOCTOR'S SPECIALTY PHARMACY, LLC",8600 FREEPORT PKWY STE 110,,IRVING,TX,750631988,4699062002,MANAGER,3336C0003X,tier_1_primary_pharmacy,Y,Y,
1528410982,AMERICAN SPECIALTY PHARMACY INC,8610 MARTIN LUTHER KING BLVD STE A,,HOUSTON,TX,770332308,8325003575,PRESIDENT,333600000X|3336C0003X,tier_1_primary_pharmacy,Y,Y,
1104279819,HAMPTON APOTHECARY LP,2701 S HAMPTON RD STE 100,,DALLAS,TX,752242368,9727078248,OWNER/MANAGING PARTNER,333600000X|3336C0003X,tier_1_primary_pharmacy,Y,Y,
1922451442,HURRICANE SPECIALTY PHARMACY LLC,230 CONQUEST STE H-2,,EDINBURG,TX,785390227,9563932222,PRESIDENT,333600000X|3336S0011X,tier_1_primary_pharmacy,Y,Y,
1336692235,LIFECARE PHARMACY OF DALLAS LLC,9709 BRUTON RD,STE 900,DALLAS,TX,752172704,2149427300,MANAGING MEMBER,3336C0003X|333600000X,tier_1_primary_pharmacy,Y,Y,
1508310772,"CENTERWELL PHARMACY, INC.",12602 TOEPPERWEIN RD,SUITE 100,LIVE OAK,TX,782333269,2106726510,VP,3336C0003X|333600000X,tier_1_primary_pharmacy,Y,Y,
1629522347,MPN PHARMACY MGT LLC,7201 WYOMING SPRINGS DR STE 300,,ROUND ROCK,TX,786814311,5122962633,PRESIDENT,3336C0003X|3336C0004X|333600000X,tier_1_primary_pharmacy,Y,Y,
1033663521,ONCOLOGY PHARMACY SERVICES INC.,TEXAS ONCOLOGY PHARMACY - SW FORT WORTH,6500 HARRIS PARKWAY SUITE #100,FORT WORTH,TX,76132,8172632650,MANAGER,333600000X|3336C0003X,tier_1_primary_pharmacy,Y,Y,
1104370659,GOOSE CREEK PHARMACY LLC,2007 N MAIN ST,,BAYTOWN,TX,775202746,2818388640,PIC/SOLE OWNER/AO,333600000X|3336C0003X,tier_1_primary_pharmacy,Y,Y,
1851846208,"CARE FIRST PHARMACY, LLC",1910 ROSELAND BLVD A,,TYLER,TX,75701,9036302202,MEMBER,333600000X|3336C0003X|3336C0004X,tier_1_primary_pharmacy,Y,Y,
1124573183,ANGELS PHARMACY,3623 RED BLUFF RD,,PASADENA,TX,775033345,8322436262,OWNER,3336C0003X,tier_1_primary_pharmacy,Y,Y,
1831646645,STAGECOACH PHARMACY,587 MAIN ST,,BUDA,TX,786109257,5127461888,OWNER,333600000X|3336C0004X|3336S0011X|3336C0003X,tier_1_primary_pharmacy,Y,Y,
1407304132,ALTIMATE CARE PHARMACY LLC,2813 N COMMERCE ST STE 115,,FORT WORTH,TX,761067245,6823859100,OWNER,3336C0003X,tier_1_primary_pharmacy,Y,Y,
1578011912,BORGER PHARMACY LLC,524 W 10TH ST,,BORGER,TX,790072802,8062749635,"OWNER, PIC, AO",333600000X|3336C0004X|3336L0003X|3336C0003X,tier_1_primary_pharmacy,Y,Y,
1912456773,TONNA PHARMACY,5225 KATY FWY,101A,HOUSTON,TX,770072292,2819530030,PRESIDENT,3336C0003X,tier_1_primary_pharmacy,Y,Y,
1659820108,LIGHTHOUSE PHARMACY LLC,8955 SPRING CYPRESS RD,,SPRING,TX,773793138,8324223604,TREASURE/ PIC,3336C0004X|3336C0003X,tier_1_primary_pharmacy,Y,Y,
1083164966,"NORTHWEST HOUSTON PHARMACY, LLC",837 CYPRESS CREEK PKWY,SUITE 108C,HOUSTON,TX,770903423,2814537002,OWNER,333600000X,tier_1_primary_pharmacy,Y,Y,
1710437363,WE CARE RX PHARMACY PLLC,12390 KINGSRIDE LN,,HOUSTON,TX,770244117,8325826933,OWNER/PHARMACIST,333600000X|3336C0002X|3336C0004X|3336C0003X,tier_1_primary_pharmacy,Y,Y,
1669923629,KATY PHARMACY & DRUGSTORE,25115 GOSLING RD,,SPRING,TX,773893226,8329532611,CEO,333600000X|3336C0004X|3336S0011X|3336C0003X,tier_1_primary_pharmacy,Y,Y,
1285185249,SALFITI WICHITA FALLS PHARMACY INC.,1013 BROOK AVE,,WICHITA FALLS,TX,763015006,9407237145,OWNER/PHARMACIST,3336C0004X|3336L0003X|333600000X,tier_1_primary_pharmacy,Y,Y,
1740731603,RSVP PHARMACY NO 1 LLC,1700 ROYSTON LN STE B,,ROUND ROCK,TX,786649501,8773165090,PHARMACY LICENSING COORDINATOR,333600000X|3336C0003X|3336C0004X,tier_1_primary_pharmacy,Y,Y,
1437600392,REVIVE RX LLC,3831 GOLF DR STE A,,HOUSTON,TX,770185218,8886892271,OWNER,333600000X|3336C0003X|3336C0004X|3336M0002X|3336S0011X,tier_1_primary_pharmacy,Y,Y,
1598216004,MCCLURES COMPOUNDING PHARMACY,305 LIMESTONE TER STE A1,,JARRELL,TX,765371293,5125983767,PIC,3336C0003X|333600000X,tier_1_primary_pharmacy,Y,Y,
1104377332,FIESTA LIFECARE PHARMACY 5 LLC,3230 MARTIN LUTHER KING JR BLVD,,DALLAS,TX,752102417,2144211067,PHARMACIST OWNER,333600000X|3336C0003X,tier_1_primary_pharmacy,Y,Y,
1437601572,SCOTT PLACE PHARMACY LLC,8990 KIRBY DR STE 240,,HOUSTON,TX,770542854,7136609920,OWNER,3336C0003X,tier_1_primary_pharmacy,Y,Y,
1669924569,LIFECARE PHARMACY MEDICAL DRIVE,4458 MEDICAL DR STE 115,,SAN ANTONIO,TX,782293700,2143510007,BOARD MEMBER,333600000X|3336C0003X,tier_1_primary_pharmacy,Y,Y,
1396297198,LIFECARE PHARMACY BARLITE,7355 BARLITE BLVD STE 101B,,SAN ANTONIO,TX,782241340,2108174231,BOARD MEMBER,333600000X|3336C0003X,tier_1_primary_pharmacy,Y,Y,
1245782762,LIFECARE PHARMACY OF AUSTIN LLC,3110 NOGALITOS STE 107,,SAN ANTONIO,TX,782252337,2106003282,"OWNER,  AO",333600000X|3336C0003X,tier_1_primary_pharmacy,Y,Y,
1518419886,RX PROFESSIONALS LLC,3201 MALCOLM X BLVD,,DALLAS,TX,752152430,2143969790,MANAGING OFFICER,333600000X|3336C0003X,tier_1_primary_pharmacy,Y,Y,
1982156212,SAUCEDO PHARMACY INC,1021 E 1ST ST,,DUMAS,TX,79029,8069357494,PRESIDENT/PHARMACIST IN CHARGE,333600000X|3336L0003X,tier_1_primary_pharmacy,Y,Y,
1780126508,CONCEPTION PHARMACY LLC,4950 TERMINAL ST STE 200,,BELLAIRE,TX,774016013,8446021990,SR MANAGER REIMBURSEMENT,3336S0011X|333600000X|3336C0003X,tier_1_primary_pharmacy,Y,Y,
1063954600,"RX DRUG PHARMACY, LLC",231 W GREENS RD,,HOUSTON,TX,770674600,2812236686,OWNER,333600000X,tier_1_primary_pharmacy,Y,Y,
1356883821,FIESTA LIFECARE PHARMACY 4 LLC,4202 PIONEER RD,,BALCH SPRINGS,TX,751803537,9725573535,BOARD MEMBER,333600000X|3336C0003X,tier_1_primary_pharmacy,Y,Y,
1265974737,WYCLIFF PHARMACY,4309 LEMMON AVE,,DALLAS,TX,752192706,9722272126,BOARD MEMBER,333600000X|3336C0003X,tier_1_primary_pharmacy,Y,Y,
1174065643,FIESTA LIFECARE PHARMACY 3 LLC,707 23RD ST,SUITE F,GALVESTON,TX,77550,4098777029,OFFICER,333600000X|3336C0003X,tier_1_primary_pharmacy,Y,Y,
1083156558,ASCRIPT RX INC,17051 DALLAS PKWY STE 110,,ADDISON,TX,750017104,2146436287,PRESIDENT,3336C0003X|3336C0004X,tier_1_primary_pharmacy,Y,Y,
1407398985,GATEWAY PHARMACY INC,388 W LITTLE YORK RD STE A,,HOUSTON,TX,770761303,8324471336,OWNER,3336C0003X,tier_1_primary_pharmacy,Y,Y,
1619419983,GATEWAY PHARMACY INC.,388 W LITTLE YORK RD,SUITE:A,HOUSTON,TX,770761303,8324471336,OWNER/PHARMACIST IN CHARGE,333600000X,tier_1_primary_pharmacy,Y,Y,
1336682376,NEW HORIZON PHARMACY LLC,5206 FM 1960 RD W,STE 103,HOUSTON,TX,770694420,8772217935,OWNER,333600000X|3336S0011X|3336C0003X,tier_1_primary_pharmacy,Y,Y,
1629511100,UHS RETAIL PHARMACY LLC,1501 S COULTER ST STE A,,AMARILLO,TX,791061770,8065532455,CEO,333600000X|3336C0003X,tier_1_primary_pharmacy,Y,Y,
1861935389,CUSTOM CARE PHARMACY LLC,20320 NORTHWEST FWY STE 300,,JERSEY VILLAGE,TX,770655643,8326889666,PHARMACIST,333600000X|3336C0004X|3336C0003X,tier_1_primary_pharmacy,Y,Y,
1760926547,MAGNESS MOSS PHARMACY,13290 US HIGHWAY 84 E,,JOAQUIN,TX,75954,9362693922,OWNER,333600000X|3336C0003X,tier_1_primary_pharmacy,Y,Y,
1851835599,"GENESIS RX WEST,LLC",1485 FM 1960 BYPASS RD E SUITE 390,,HUMBLE,TX,77338,8327770887,PRESIDENT,333600000X,tier_1_primary_pharmacy,Y,Y,
1316481880,GENESIS APOTHECARY INC,101 SOUTHWESTERN BLVD # 100,,SUGAR LAND,TX,774783668,2812037829,PRESIDENT,333600000X|3336C0003X,tier_1_primary_pharmacy,Y,Y,
1801330303,PRESIDIO PHARMACY INC,1501 B NORTH ERMA AVE,,PRESIDIO,TX,79845,4322292252,PRESIDENT/OWNER,3336C0003X,tier_1_primary_pharmacy,Y,Y,
1568907913,PURE PHARMACY,1927 LOHMANS CROSSING RD STE 203,,LAKEWAY,TX,78734,5125721011,MANAGER,333600000X|3336C0003X,tier_1_primary_pharmacy,Y,Y,
1215472600,UROLOGY AUSTIN PHARMACY LLC,8701 N MOPAC EXPY STE 375,,AUSTIN,TX,787598376,5124103770,MANAGING OFFICER,333600000X,tier_1_primary_pharmacy,Y,Y,
1124563762,LIFECARE PHARMACY,7135 SOUTHWEST FWY,,HOUSTON,TX,770742001,7137723000,PHARMACIST-IN-CHARGE,3336C0003X,tier_1_primary_pharmacy,Y,Y,
1700322641,MARGO RX LLC,605 N MAIN ST STE E,,DONNA,TX,785372726,9564644131,MANAGING PARTNER,333600000X|3336C0004X|3336C0003X,tier_1_primary_pharmacy,Y,Y,
1194261024,BRANDY PHARMACY CORP,910 N GALLOWAY AVE STE 303,,MESQUITE,TX,751492409,9727739001,"OWNER,  AO",333600000X|3336C0003X,tier_1_primary_pharmacy,Y,Y,
1821535105,VITAL STAR PHARMACY INC,7207 REGENCY SQUARE BLVD,SUITE 203,HOUSTON,TX,770363188,7137851960,OWNER,333600000X|3336C0004X|3336H0001X|3336C0003X,tier_1_primary_pharmacy,Y,Y,
1235676347,RED DOOR PHARMACY AND GIFTS LLC,2488 AVONDALE HASLET RD STE 168,,HASLET,TX,760523220,8172592636,"OWNER, PHARMACIST IN CHARGE",333600000X|3336C0003X,tier_1_primary_pharmacy,Y,Y,
1487191383,BETEX PHARMACY,13948A WESTHEIMER RD,,HOUSTON,TX,770775359,2817412914,PHARMACIST IN-CHARGE,333600000X|3336C0004X|3336C0003X,tier_1_primary_pharmacy,Y,Y,
1679011415,"MEDICINE CHEST PLUS PHARMACY, LLC",15355 VANTAGE PKWY W STE 212,,HOUSTON,TX,770321974,8323280923,CHIEF PHARMACY OFFICER,3336H0001X|3336S0011X|3336C0003X,tier_1_primary_pharmacy,Y,Y,
1922546753,THE PHARMACY SHOP OF WEIMAR INC,406 YOUENS DR,,WEIMAR,TX,789623680,9797256713,OWNER/PIC,333600000X|3336C0003X,tier_1_primary_pharmacy,Y,Y,
1952849309,OBEN PHARMACY GROUP LLC,4500 CARTER CREEK PKWY STE 202,,BRYAN,TX,778024494,8444653582,PHARMACY MANAGER,333600000X|3336L0003X,tier_1_primary_pharmacy,Y,Y,
1417495664,"QUALITY CARE RX, LLC",607 SOUTH WW WHITE,,SAN ANTONIO,TX,78220,2105958077,MANAGING MEMBER,3336C0003X|333600000X,tier_1_primary_pharmacy,Y,Y,
1841738846,APEX DIALYSIS AND PHARMACY LLC,6514 HWY 90A,SUITE 103,SUGAR LAND,TX,77498,8325263165,PIC,3336C0003X,tier_1_primary_pharmacy,Y,Y,
1104365295,SPECIALTY RX,2604 50TH STREET,,LUBBOCK,TX,79413,8067015111,AUTHORIZED AGENT,333600000X|3336C0003X|3336C0004X|3336S0011X,tier_1_primary_pharmacy,Y,Y,
1215476395,HAECKERVILLE PHARMACY LLC,16800 GREENSPOINT PARK DR STE 160S,,HOUSTON,TX,770602311,2819150793,OWNER/PIC/AO,333600000X|3336S0011X|3336C0003X,tier_1_primary_pharmacy,Y,Y,
1134669070,MAYFIELD PHARMACY INC,2451 ROBINSON RD STE 200,,GRAND PRAIRIE,TX,750513978,2144122790,OWNER/PHARMACIST IN CHARGE,3336C0003X,tier_1_primary_pharmacy,Y,Y,
1861932683,MCKINNEY CARE PHARMACY AND COMPOUNDING LLC,4601 MEDICAL CENTER DR STE B,,MCKINNEY,TX,750691771,9723252273,PIC/OWNER,3336S0011X|3336C0004X|333600000X|3336C0003X,tier_1_primary_pharmacy,Y,Y,
1437699139,NEXTCARE PHARMACY LLC,10021 MAIN ST STE B-2A,,HOUSTON,TX,770255224,7134922088,"PIC, AO",333600000X|3336C0003X,tier_1_primary_pharmacy,Y,Y,
1699215160,"UPLIFT RX, LLC",15462 FM 529 RD,,HOUSTON,TX,770952702,2818152352,PIC/ MANAGER,3336C0003X,tier_1_primary_pharmacy,Y,Y,
1447791553,HMU PHARMACY,4223 RICHMOND AVE,SUITE 210,HOUSTON,TX,770276856,7136344493,PRESIDENT,333600000X,tier_1_primary_pharmacy,Y,Y,
1689115461,MEDWORLD PHARMACY INC,2351 MERRITT DR,,GARLAND,TX,75041,2142720917,OWNER,3336C0003X,tier_1_primary_pharmacy,Y,Y,
1639601537,HEALTHY STRIDES RX LLC,4401 EMANCIPATION AVE,,HOUSTON,TX,770045221,2818882235,OWNER,333600000X|3336C0004X|3336C0003X,tier_1_primary_pharmacy,Y,Y,
1043742737,SAS PHARMACY INC.,1205 N JOSEY LN STE 200A,,CARROLLTON,TX,750066145,4699410612,OWNER/PHARMACIST,3336C0003X|333600000X,tier_1_primary_pharmacy,Y,Y,
1033642723,KC PHARMACY,6061 BISSONNET ST,,HOUSTON,TX,770816903,8329431420,OFFICER,333600000X|3336C0003X,tier_1_primary_pharmacy,Y,Y,
1164955795,BRISTOL PHARMACY LLC,4001 LONG PRAIRIE RD STE 100,,FLOWER MOUND,TX,750281528,4697714117,PRESIDENT,333600000X|3336C0003X,tier_1_primary_pharmacy,Y,Y,
1700310158,CC PHARMACY LLC,2656 S LOOP W STE 395,,HOUSTON,TX,770545603,8327756978,MANAGING PARTNER,333600000X|3336L0003X|3336C0003X,tier_1_primary_pharmacy,Y,Y,
1619401403,TT PHARMACY,6430 RICHMOND AVE,#425,HOUSTON,TX,770575917,8328606883,PHARMACY MANAGER,333600000X,tier_1_primary_pharmacy,Y,Y,
1124553441,EXPRESS PHARMACY OF SPRING LLC,5039 FM 2920 RD STE C,,SPRING,TX,773883114,2814537251,OFFICER,333600000X|3336C0003X,tier_1_primary_pharmacy,Y,Y,
1891220075,LIFECARE PHARMACY CULEBRA LLC,7614 CULEBRA RD STE 101,,SAN ANTONIO,TX,782511477,2107698014,MANAGING PARTNER,333600000X|3336C0003X,tier_1_primary_pharmacy,Y,Y,
1447786900,"MEDINA PHARMACY, LLC",5563 DEZAVALA ROAD,SUITE 180,SAN ANTONIO,TX,78249,2104044538,PIC/MANAGING MEMBER,3336C0003X,tier_1_primary_pharmacy,Y,Y,
1184151532,RIVER ROAD PHARMACY,910 RIVER RD STE 103,,BOERNE,TX,78006,8308165312,PHARMACIST IN CHARGE/OWNER,3336C0003X,tier_1_primary_pharmacy,Y,Y,
1831626019,PHARMACY,7612 CANAL ST,C,HOUSTON,TX,77012,8326546588,PHARMACIST IN CHARGE,3336C0003X,tier_1_primary_pharmacy,Y,Y,
1003343013,"BVN CREATIVE CARE, INC. DBA- COLDSPRING PHARMACY",13325 HARGRAVE ROAD,SUITE 230A,HOUSTON,TX,77070,2818880222,CEO,333600000X|3336C0003X,tier_1_primary_pharmacy,Y,Y,
1255860623,APECC RX PHARMACY,17833 KUYKENDAHL RD,,SPRING,TX,773798112,8325597808,PIC,3336C0003X,tier_1_primary_pharmacy,Y,Y,
1548799901,K MED PHARMACY,11900 BARRYKNOLL #6109,,HOUSTON,TX,77024,8328347998,OWNER,3336C0003X,tier_1_primary_pharmacy,Y,Y,
1669901856,FRISCO PHARMACY LLC,14550 SH-121,SUITE 150,FRISCO,TX,75035,4693057058,PHARMACIST-IN-CHARGE,3336C0003X,tier_1_primary_pharmacy,Y,Y,
1346779675,"AMERICAN SPECIALTY PHARMACY, INC",8785 W BELLFORT ST STE A,,HOUSTON,TX,770312403,7135682756,PRESIDENT,333600000X|3336S0011X,tier_1_primary_pharmacy,Y,Y,
1225568058,INNOVIA RX LLC,580 S DENTON TAP RD STE 295,,COPPELL,TX,750194098,4698307400,PHARMACY MANAGER/OWNER,3336C0003X,tier_1_primary_pharmacy,Y,Y,
1568992162,JJ PHARMACY LLC,13415 WOODFOREST BLVD STE K,,HOUSTON,TX,770152922,7133304400,OWNER,333600000X,tier_1_primary_pharmacy,Y,Y,
1225568744,"CHANEY FAMILY PHARMACY, LLC",1001 HICKORY ST,,COLORADO CITY,TX,795125213,3257288030,PIC/OWNER,333600000X|3336L0003X,tier_1_primary_pharmacy,Y,Y,
1770013294,K MED PHARMACY,11900 BARRYKNOLL LN APT 6109,,HOUSTON,TX,770244388,8328347998,OWNER,3336C0003X|333600000X,tier_1_primary_pharmacy,Y,Y,
1689104820,PEARLAND UNICARE PHARMACY LLC,500 N KOBAYASHI RD. STE D&E,,WEBSTER,TX,775984707,2817240531,OWNER,333600000X|3336S0011X|3336C0003X,tier_1_primary_pharmacy,Y,Y,
1699295089,HGS PHARMACY LLC,9434 PARKFIELD DR STE A,,AUSTIN,TX,787586227,5125933751,OWNER,333600000X|3336C0003X,tier_1_primary_pharmacy,Y,Y,
1013437417,TORRES FAMILY PHARMACY LLC,182 E KIMBALL AVE,,RAYMONDVILLE,TX,785802547,9565672005,OWNER/PHARMACIST,333600000X|3336C0003X,tier_1_primary_pharmacy,Y,Y,
1497275762,"DMS PHARMACY, LLC",305 EAST EUCLID,SUITE 104,SAN ANTONIO,TX,78212,2102299336,CEO,3336C0003X,tier_1_primary_pharmacy,Y,Y,
1487175311,"FRISCO APOTHECARY, LP",3010 LEGACY DR STE 110,,FRISCO,TX,750347629,4699242001,OWNER,3336C0003X|3336C0004X|333600000X,tier_1_primary_pharmacy,Y,Y,
1982125308,"SCRIPT EXPERTS PHARMACY,LLC",14502 SPRING CYPRESS RD STE 400,,CYPRESS,TX,774296665,2813066784,DIRECTOR,3336S0011X|333600000X|3336L0003X|3336C0003X,tier_1_primary_pharmacy,Y,Y,
1699297051,YOUR HEALTH PHARMACY,477 W PARKER RD,,HOUSTON,TX,770913202,7188443203,MANAGER,3336C0003X,tier_1_primary_pharmacy,Y,Y,
1760904932,"IDEAL SPECIALTY PHARMACY, LLC",400 W ARBROOK BLVD STE 111,,ARLINGTON,TX,760143175,9728090984,DIRECTOR,3336C0003X,tier_1_primary_pharmacy,Y,Y,
1740702950,ARGENT PHARMACY,1880 S DAIRY ASHFORD RD STE 106,,HOUSTON,TX,77077,8322305772,PHARMACIST IN CHARGE,3336C0004X|3336M0002X|3336C0003X,tier_1_primary_pharmacy,Y,Y,
1861914517,CARE RRX PHARMACY,4102 WOODLAWN AVE STE 120,,PASADENA,TX,775041948,2815012722,OFFICER,3336C0003X,tier_1_primary_pharmacy,Y,Y,
1356863898,RAIINE'S SPECIALTY PHARMACY LLC,1880 ROUND ROCK AVE STE 200,,ROUND ROCK,TX,786814085,5127671174,OFFICER,3336C0003X,tier_1_primary_pharmacy,Y,Y,
1972026441,"DHD PHARMACY, LLC",7220 S WESTMORELAND RD STE 106,,DALLAS,TX,752374221,2143779217,OWNER,3336C0003X,tier_1_primary_pharmacy,Y,Y,
1073036570,KB PHARMACY LLC,2005 JAYDEN LN,,WYLIE,TX,750986031,4694186915,PHARMACIST/MANAGER,3336C0003X,tier_1_primary_pharmacy,Y,Y,
1679096903,COLUMBUS PHARMACY LLC,1206 FANNIN ST,,COLUMBUS,TX,789342238,3617985010,PRESIDENT / OWNER,3336L0003X|3336C0003X,tier_1_primary_pharmacy,Y,Y,
1790208833,PHARMMED PHARMACY LLC,6250 WESTPARK DR STE 309,,HOUSTON,TX,770577340,7135341930,PHARMACIST IN CHARGE,3336C0003X,tier_1_primary_pharmacy,Y,Y,
1700309325,SUPER FRISCO PHARMACY LLC,5350 INDEPENDENCE PKWY STE 110A,,FRISCO,TX,750354652,4696561431,OFFICER,333600000X|3336C0003X,tier_1_primary_pharmacy,Y,Y,
1851816466,RAPID RX INC,1850 LAKEPOINTE DR STE 300,,LEWISVILLE,TX,750576443,8447275007,PHARMACIST IN CHARGE,3336C0003X|3336C0004X|3336M0002X|333600000X,tier_1_primary_pharmacy,Y,Y,
1447775820,"LAKEPOINTE PHARMACY SERVICES, LLC",600 S SHERMAN ST STE 108,,RICHARDSON,TX,750814014,4692316490,MANAGER,3336C0003X|3336C0004X|3336M0002X|3336S0011X|333600000X,tier_1_primary_pharmacy,Y,Y,
1225553290,MESQUITE CARE PHARMACY INC.,1111 S IRVING HEIGHTS DR,SUITE # 120,IRVING,TX,75060,9722851444,PHARMACIST,3336C0004X|3336C0003X,tier_1_primary_pharmacy,Y,Y,
1699290577,DLB PHARMACY LLC,1801 N HAMPTON,SUITE 340,DESOTO,TX,75115,2149845230,OFFICE MANAGER,3336C0003X,tier_1_primary_pharmacy,Y,Y,
1548786395,CRYSTAL CITY PHARMACY LLC,1313 VETERANS AVE STE I,,CRYSTAL CITY,TX,788391651,8302552201,BOARD MEMBER,333600000X|3336C0003X,tier_1_primary_pharmacy,Y,Y,
1588180095,LAKEPOINTE PHARMACY INC,1005 W RALPH HALL PKWY,STE 147,ROCKWALL,TX,750326658,9727224339,PRESIDENT,333600000X|3336C0004X|3336C0003X,tier_1_primary_pharmacy,Y,Y,
1003332529,LOCAL PHARMACY NB LLC,1929 W STATE HIGHWAY 46,,NEW BRAUNFELS,TX,781325336,8302219030,"OWNER, VICE PRESIDENT,AO",3336C0004X|333600000X|3336C0003X,tier_1_primary_pharmacy,Y,Y,
1467978767,"ENTERPRISE PHARMACY NETWORK,LLC",802 TEXAS PKWY STE 2A,,STAFFORD,TX,774776400,3463042909,ADMINISTRATOR,3336C0003X,tier_1_primary_pharmacy,Y,Y,
1376069609,LIFETIME PHARMACY LLC,960 RIDGEVIEW DR,SUITE 120,ALLEN,TX,75013,2144915599,OWNER/PIC,3336C0003X,tier_1_primary_pharmacy,Y,Y,
1497271308,CALVARY PHARMACY INC,329 N HIGHWAY 67 STE 150,,CEDAR HILL,TX,751042100,9726374324,PHARMACY MANAGER,333600000X,tier_1_primary_pharmacy,Y,Y,
1407372311,STARWOOD PHARMACY SERVICES LLC,3550 PARKWOOD BLVD STE 111,,FRISCO,TX,750341904,2146180052,MANAGING OFFICER,3336C0004X|3336S0011X|3336C0003X,tier_1_primary_pharmacy,Y,Y,
1407373186,Q3BL PHARMACY LLC,3250 CENTRAL MALL DR,,PORT ARTHUR,TX,776428037,4098531685,OWNER/MGR,3336C0003X,tier_1_primary_pharmacy,Y,Y,
1174040612,MEMORIAL HERMANN PHARMACY SERVICES LLC,21501 PARK ROW DR STE 200,,KATY,TX,774492425,2816986100,VP RISK MGMT. & LITIGATION,3336H0001X|333600000X,tier_1_primary_pharmacy,Y,Y,
1851818249,WILLIAMS DRUG COMPANY,8916 BRODIE LANE SUITE 300,,AUSTIN,TX,787487874,5123628083,OWNER/PHARMACIST,333600000X|3336C0004X|3336C0003X,tier_1_primary_pharmacy,Y,Y,
1821515271,WHITE HEART PHARMACY INC,9720 JONES RD STE 280,,HOUSTON,TX,770654772,8326888384,OWNER/PHARMACIST IN CHARGE,3336C0003X,tier_1_primary_pharmacy,Y,Y,
1780101816,ROSE CITY PHARMACY LLC,2130 W GRANDE BLVD,,TYLER,TX,757030563,9037072034,OWNER,333600000X|3336C0003X,tier_1_primary_pharmacy,Y,Y,
1609394105,"EVOLUTIONARY PHARMACY SOLUTIONS, LLC",13619 INWOOD RD STE 380,,FARMERS BRANCH,TX,752444642,2148129958,CEO,3336H0001X|3336S0011X|333600000X|3336C0003X,tier_1_primary_pharmacy,Y,Y,
1114445541,SERENE PHARMACY LLC,2436 S INTERSTATE 35 E,STE 360,DENTON,TX,76205,2149034830,OWNER,333600000X|3336C0003X,tier_1_primary_pharmacy,Y,Y,
1871011031,SOCORRO FAMILY PHARMACY,10680 N LOOP DR STE AB,,SOCORRO,TX,799274613,9158575510,OWNER,3336C0003X,tier_1_primary_pharmacy,Y,Y,
1023537743,PRO MED RX,"5716 BELLAIRE BLDV, STE. J",,HOUSTON,TX,77081,3462045882,OFFICER,333600000X,tier_1_primary_pharmacy,Y,Y,
1891214524,TEXAS PHARMACY MANAGEMENT GROUP LLC,3716 22ND ST,,LUBBOCK,TX,794101312,8067496133,PIC,3336C0003X,tier_1_primary_pharmacy,Y,Y,
1801315379,DPS PHARMACY LLC,7505 FANNIN STREET,SUITE NUMBER 208,HOUSTON,TX,77054,8324911019,OWNER,3336C0003X,tier_1_primary_pharmacy,Y,Y,
1083133516,SAGS PHARMACY INC,2607 S COOPER ST STE 111,,ARLINGTON,TX,760152445,8175189279,OFFICER,3336C0003X,tier_1_primary_pharmacy,Y,Y,
1891214011,AMERICARE RX PHARMACY INC,4010 W. 15TH ST.,STE 60,PLANO,TX,75093,2486221821,PRESIDENT/DIRECTOR/OFFICER,3336C0003X,tier_1_primary_pharmacy,Y,Y,
1619486412,SAANKHYA PHARMACY LLC,3851 S STONEBRIDGE DR STE 1100,,MCKINNEY,TX,75070,9727870100,VP,3336C0003X,tier_1_primary_pharmacy,Y,Y,
1376052159,MCKINNEY ONCOLOGY PHARMACY,4201 MEDICAL CENTER DR,SUITE 320 A,MCKINNEY,TX,750691766,4697140565,MANAGER,333600000X|3336S0011X|3336C0002X,tier_1_primary_pharmacy,Y,Y,
1245749514,"KIMMY PHARMACY, LLC.",7991 S DAIRY ASHFORD RD UNIT B,,HOUSTON,TX,770724631,8327818998,OWNER,3336C0003X,tier_1_primary_pharmacy,Y,Y,
1871003160,"KIMMY PHARMACY, LLC.",8205 BROADWAY ST,,HOUSTON,TX,770611201,8328507373,OWNER,3336C0003X,tier_1_primary_pharmacy,Y,Y,
1144730995,SCRIPTS RX PHARMACY LLC,7515 MAIN ST,,HOUSTON,TX,770304519,8884734002,PRESIDENT,3336C0003X,tier_1_primary_pharmacy,Y,Y,
1487165536,RX SPRING PHARMACY,3301 LOUETTA RD,SUITE 101,SPRING,TX,77388,8328138484,OWNER,3336C0003X,tier_1_primary_pharmacy,Y,Y,
1194236182,US DRUG MART INC,1420 FABENS RD STE B,,FABENS,TX,79838,9157642739,VICE PRESIDENT,3336C0003X,tier_1_primary_pharmacy,Y,Y,
1881105724,RIDGEWOOD PHARMACY LLC,119 W KINGSLEY RD STE 122,,GARLAND,TX,750413432,4698140218,PIC/OWNER,3336C0003X,tier_1_primary_pharmacy,Y,Y,
1265944540,RCS PHARMACY,9727 SPRING GREEN BLVD STE 150A,,KATY,TX,774944141,8175720009,SENIOR MANAGER,3336C0003X,tier_1_primary_pharmacy,Y,Y,
1740792704,"BELL CARE PHARMACY GROUP, INC.",2710 S CLEAR CREEK RD APT 113,,KILLEEN,TX,765496686,2547812400,PRESIDENT,3336C0003X,tier_1_primary_pharmacy,Y,Y,
1639681315,FC PHARMACY LLC,430 S HIGHWAY 78 STE 160,,WYLIE,TX,750983974,9724327311,MANAGER,3336C0003X|3336C0004X|333600000X,tier_1_primary_pharmacy,Y,Y,
1982116505,PASADENA WECARE PHARMACY,1430 PASADENA BLVD STE X,,PASADENA,TX,775022414,8327404171,OWNER/PRESIDENT/PIC,333600000X|3336C0003X,tier_1_primary_pharmacy,Y,Y,
1669984290,"PERFECT PHARMACY, LLC",2033 W MCDERMOTT DR,STE 310,ALLEN,TX,75013,4697956213,OFFICER,3336C0003X,tier_1_primary_pharmacy,Y,Y,
1770096281,LIFELINE RX INC.,8950 WILL CLAYTON PKWY STE K,,HUMBLE,TX,773385856,3466165598,OWNER,333600000X,tier_1_primary_pharmacy,Y,Y,
1821501016,"CRIMSON CARE PHARMACY GROUP II, LLC",1505 S BROADWAY ST,,SULPHUR SPRINGS,TX,754824921,9038852639,OFFICE MANAGER/CERTIFIED PHARMACY T,3336C0003X|3336L0003X,tier_1_primary_pharmacy,Y,Y,
1740793595,BRAZO PHARMACY LLC,1100 FM 1092 RD STE D,,MISSOURI CITY,TX,774591588,2816515246,OFFICE MANAGER,333600000X|3336C0003X,tier_1_primary_pharmacy,Y,Y,
1205349065,BRAZOS CARE PHARMACY LLC,990 RAYFORD RD STE 106,,SPRING,TX,77386,2817195402,OWNER,3336C0003X,tier_1_primary_pharmacy,Y,Y,
1366956062,MEDLINE PHARMACY OF KATY LLC,3616 FRY ROAD,SUITE 220,KATY,TX,77449,8323916108,OWNER,3336C0003X,tier_1_primary_pharmacy,Y,Y,
1043724768,TJ BROTHERS PHARMACY,10910 W. BELLFORT AVE,,HOUSTON,TX,77099,3468886597,PIC,3336C0003X,tier_1_primary_pharmacy,Y,Y,
1568976165,REMINGTON PHARMACY INC.,700 S COCKRELL HILL RD STE 188,,DUNCANVILLE,TX,751372633,9722949552,PRESIDENT,333600000X,tier_1_primary_pharmacy,Y,Y,
1710491295,"ONCOLOGY PHARMACY SERVICES, INC",12221 RENFERT WAY STE 300,,AUSTIN,TX,787585453,5126145941,EXECUTIVE DIRECTOR,3336C0003X,tier_1_primary_pharmacy,Y,Y,
1568976421,"TRIUMPH PHARMACY SV, LLC",2255 E MOSSY OAKS RD STE 350,,SPRING,TX,773891812,2812884100,MANAGER,333600000X|3336C0004X|3336C0003X,tier_1_primary_pharmacy,Y,Y,
1972017861,SCRIPT PRO PHARMACY LLC,6260 WESTPARK DR # 314,,HOUSTON,TX,770577312,2815155165,PHARMACIST IN CHARGE,333600000X,tier_1_primary_pharmacy,Y,Y,
1912412297,GLP3 PHARMACY,113 STARGRASS STE 100,,SPRING BRANCH,TX,780705165,8302142920,MANAGING MEMBER,3336C0003X,tier_1_primary_pharmacy,Y,Y,
1578078762,HEALTH ONE PHARMACY LLC,3800 MAIN ST STE 102,,THE COLONY,TX,750562838,2144692244,MANAGING MEMBER,333600000X|3336C0003X,tier_1_primary_pharmacy,Y,Y,
1578078655,ALAMO RANCH PHARMACY,5514 LONE STAR PKWY STE 103,,SAN ANTONIO,TX,78253,2104133099,PIC,333600000X|3336C0004X|3336C0003X,tier_1_primary_pharmacy,Y,Y,
1881109734,NDC PHARMACY,4666 MCDERMOTT RD STE 200,,PLANO,TX,750247772,4698884672,PHARMACIST IN CHARGE,3336C0003X,tier_1_primary_pharmacy,Y,Y,
1962918581,"DORADO RX PHARMACY,LLC",4060 FAUDREE RD STE 101,,ODESSA,TX,797658755,4326146828,MANAGING MEMBER,3336C0003X,tier_1_primary_pharmacy,Y,Y,
1437665551,ONCOLOGY PHARMACY SERVICES INC.,13215 DOTSON RD STE 300,,HOUSTON,TX,770704535,8329964029,REVENUE CYCLE MANAGER,3336C0003X,tier_1_primary_pharmacy,Y,Y,
1326554304,COMMUNITY OF HOUSTON PHARMACY LLC,3533 S DAIRY ASHFORD RD STE G,,HOUSTON,TX,770825536,8328909253,OWNER,333600000X,tier_1_primary_pharmacy,Y,Y,
1467968438,MERCY CARE PHARMACY INC,801 ROAD TO SIX FLAGS W,STE 122,ARLINGTON,TX,760122616,6823330003,OWNER/PRESIDENT,333600000X|3336C0003X,tier_1_primary_pharmacy,Y,Y,
1487161220,ECONOMICAL PHARMACY SERVICES LLC,4030 CULEBRA RD STE 101,,SAN ANTONIO,TX,782285893,8305842180,OWNER,333600000X|3336C0003X,tier_1_primary_pharmacy,Y,Y,
1902313463,IV RX INC,10119 BROADWAY ST,,SAN ANTONIO,TX,782174420,2103103060,PRESIDENT/OWNER,333600000X|3336C0003X,tier_2_secondary_pharmacy,N,Y,
1376050674,AMN PHARMACY LLC,5520 LBJ FWY STE 200,,DALLAS,TX,752406381,9722322326,"PHCY DIR, AO",333600000X|3336C0003X,tier_1_primary_pharmacy,Y,Y,
1902313166,BUY-RITE DRUGS PHARMACY,1201 HEWITT DR STE 212A,,WACO,TX,767128834,8884639765,OFFICER,3336C0003X,tier_1_primary_pharmacy,Y,Y,
1336657220,WESTEX PHARMACY LLC,601 E 7TH ST,,ODESSA,TX,797614509,4322992995,OWNER,333600000X|3336C0003X,tier_1_primary_pharmacy,Y,Y,
1952819724,"NEXTCARE PHARMACY, LLC",10021 MAIN ST STE B-2A,,HOUSTON,TX,77025,7134922088,PHARMACIST,333600000X|3336C0003X,tier_1_primary_pharmacy,Y,Y,
1285142885,MAXOR NATIONAL PHARMACY SERVICES LLC,416 S TYLER ST,,AMARILLO,TX,791012346,8063245500,"PRESIDENT, PHARMACY SERVICES",333600000X|3336M0002X,tier_1_primary_pharmacy,Y,Y,
1811405210,"MTM PHARMACY, LLC",18918 FM 529 RD UNIT 5,,CYPRESS,TX,774333373,5048585733,OWNER,3336C0003X,tier_1_primary_pharmacy,Y,Y,
1396253621,WOODFOREST PHARMACY LLC,404 RIVER POINTE DR STE 101,,CONROE,TX,773042836,8322970017,PRESIDENT,3336C0003X,tier_1_primary_pharmacy,Y,Y,
1477061711,MEMORIAL HERMANN PHARMACY SERVICES LLC,27700 NORTHWEST FWY STE 150,,CYPRESS,TX,774336767,3462316971,VP- RISK MGMT. & LITIGATION,3336C0003X,tier_1_primary_pharmacy,Y,Y,
1235637406,"ELITE PHARMACY SERVICES, LLC",7125 W FUQUA DR,,MISSOURI CITY,TX,774892451,2812726165,CORPORATE OFFICER,3336C0003X,tier_1_primary_pharmacy,Y,Y,
1134627938,MIRACLE PHARMACY INC.,15825 BELLAIRE BLVD STE E,,HOUSTON,TX,770832353,2818095707,OFFICER,3336C0003X,tier_1_primary_pharmacy,Y,Y,
1548768187,ASHFORD PHARMACY INC.,3751 S DAIRY ASHFORD RD # 102,,HOUSTON,TX,77082,8322436127,OFFICER/PIC,3336C0003X,tier_1_primary_pharmacy,Y,Y,
1245739408,"MEMORIAL HERMANN PHARMACY SERVICES, LLC",21501 PARK ROW DR STE 210,,KATY,TX,77449,2816986175,VP - RISK MGMT. & LITIGATION,333600000X|3336C0004X|3336H0001X,tier_1_primary_pharmacy,Y,Y,
1225537426,SNG PHARMACY INC.,15115 WESTHEIMER RD STE R,,HOUSTON,TX,770821666,2814165734,DIRECTOR,333600000X|3336C0003X,tier_1_primary_pharmacy,Y,Y,
1477052371,FIBI PHARMACY LLC,1411 N CUSTER RD STE 600,,MCKINNEY,TX,750713287,5178981866,OWNER,3336C0003X,tier_1_primary_pharmacy,Y,Y,
1275032948,TRIFECTA PHARMACY LLC,9303 PINECROFT STE 300,,THE WOODLANDS,TX,77380,2814462952,OFFICER,333600000X|3336C0003X,tier_1_primary_pharmacy,Y,Y,
1861992299,"ARIA PHARMACY, LLC",17819 STUEBNER AIRLINE RD STE K,,SPRING,TX,773795419,8329532929,CEO,333600000X|3336C0004X|3336C0003X,tier_1_primary_pharmacy,Y,Y,
1033619416,"TEXAS SUPERIOR CARE RX, LLC",111 EAST 5TH STREET,,MCCAMEY,TX,79752,4326524220,MANAGING OFFICER,333600000X|3336C0003X,tier_1_primary_pharmacy,Y,Y,
1982104378,POWERHOUSE PHARMACY RX LLC,4740 W MOCKINGBIRD LN STE 100B,,DALLAS,TX,752095208,2143502900,OWNER,3336C0004X|3336L0003X|3336C0003X|3336S0011X,tier_2_secondary_pharmacy,N,Y,
1427558386,AGP PHARMACY LLC,701 COMMERCE ST,,SILVERTON,TX,792572565,8068232109,OWNER/MANAGER,333600000X|3336C0003X,tier_1_primary_pharmacy,Y,Y,
1255832929,MSP RX LLC,501 E HIGHWAY ST STE 100,,FREDERICKSBURG,TX,786245101,8303079390,OWNER/ MANAGER,3336C0003X|333600000X,tier_1_primary_pharmacy,Y,Y,
1295237543,"SOCIETY OF ST. VINCENT DE PAUL CHARITABLE PHARMACY OF NORTH TEXAS, INC",5750 PINELAND DR,,DALLAS,TX,752315300,4692329902,PHARMACY MANAGING DIRECTOR,3336C0003X,tier_1_primary_pharmacy,Y,Y,
1487156741,J & C RX LLC,11301 FALLBROOK #124,,HOUSTON,TX,77065,8328046605,MEMBER,333600000X|3336C0003X,tier_1_primary_pharmacy,Y,Y,
1790287647,LENEXA PHARMACY LLC,412 VILLAGE DR STE 100A,,MURPHY,TX,750944631,9724230135,OFFICER,3336C0003X,tier_1_primary_pharmacy,Y,Y,
1821590761,HARRY RX LLC,2809 STATE HIGHWAY 66 E STE A,,CADDO MILLS,TX,751356234,3057812454,PIC,3336C0003X,tier_1_primary_pharmacy,Y,Y,
1043712706,LAMPASAS DRUG COMPANY LTD,202 N KEY AVE,,LAMPASAS,TX,765501843,5125565141,OWNER/PHARMACIST,3336C0003X,tier_1_primary_pharmacy,Y,Y,
1912400243,PHARM HOUSE DRUG-LAVERNIA LLC,13857 US HIGHWAY 87 W,SUITE 100,LA VERNIA,TX,781215919,8307792219,OWNER/MEMBER,333600000X|3336C0003X,tier_1_primary_pharmacy,Y,Y,
1710480983,LLJ PHARMACY,13420 TOMBALL PKWY STE K,,HOUSTON,TX,77086,2818098305,PIC/OWNER,3336C0003X,tier_1_primary_pharmacy,Y,Y,
1659874717,PINEKNOLL PHARMACY LLC,3106 MCKINNEY ST,,MELISSA,TX,754549742,9727678669,MANAGER,3336C0003X,tier_1_primary_pharmacy,Y,Y,
1184128258,PHARMACY DELIVERY,333 N SHILOH RD,STE 109,GARLAND,TX,750426680,4695736336,MANAGER,3336C0003X,tier_1_primary_pharmacy,Y,Y,
1306341128,"MATLOCK VILLAGE FAMILY PHARMACY, PLLC",6201 MATLOCK RD STE 125,,ARLINGTON,TX,760022763,8175385534,PIC,333600000X,tier_1_primary_pharmacy,Y,Y,
1285139030,COFFEE RX LLC,106 S MAYS ST STE 100,,ROUND ROCK,TX,78664,5122381146,PHARMACIST IN CHARGE/AO,333600000X|3336C0003X,tier_1_primary_pharmacy,Y,Y,
1245736297,NO 3 AFFORDABLE PHARMACY LLC,214 W AHLDAG ST,,WHARTON,TX,774882410,9792822201,OWNER/MANAGING OFFICER,333600000X|3336C0002X|3336C0003X,tier_1_primary_pharmacy,Y,Y,
1326544131,TEXAS BEST PHARMACY LLC,1919 ROGERS RD STE 103,,SAN ANTONIO,TX,782514775,2103148018,ADMINISTRATOR,333600000X|3336C0003X,tier_1_primary_pharmacy,Y,Y,
1285130344,"ALLEN RX, LLC.",1908 CENTRAL DR STE C,,BEDFORD,TX,760215822,8179641865,MANAGER,3336C0003X|333600000X,tier_1_primary_pharmacy,Y,Y,
1225534423,POPULAR RX LLC,1118 S HIGHWAY 281 BUSINESS,,FALFURRIAS,TX,78355,3613233784,OWNER,3336C0003X|333600000X,tier_1_primary_pharmacy,Y,Y,
1164929675,S&S PHARMACY LLC,14144 WESTHEIMER RD STE 100,,HOUSTON,TX,770775366,2816177357,OWNER,333600000X,tier_1_primary_pharmacy,Y,Y,
1881181980,MISSOURI CITY PHARMACY LLC,1531 HIGHWAY 90 A STE 200,,MISSOURI CITY,TX,774891226,2813934040,OWNER,3336C0003X,tier_1_primary_pharmacy,Y,Y,
1982191912,APN PHARMACY LLC,105 N SAN JACINTO AVE,,CLEVELAND,TX,77327,8324805054,MEMBER,333600000X,tier_1_primary_pharmacy,Y,Y,
1649767633,K&K PHARMACY INC.,1411 W AMERICAN BLVD,,MULESHOE,TX,793473123,8062727511,OWNER / PHARMACIST,333600000X|3336L0003X,tier_1_primary_pharmacy,Y,Y,
1952898934,MTM PHARMACY LLC,18918 FM 529 RD STE 5,,CYPRESS,TX,774335349,2816568671,OWNER,333600000X|3336C0003X,tier_1_primary_pharmacy,Y,Y,
1225525041,CROSBY PHARMACY AND WELLNESS,15010 FM 2100 RD STE 210B1,,CROSBY,TX,775329132,2814627092,PHARMACY MANAGER,3336C0003X,tier_1_primary_pharmacy,Y,Y,
1457848004,"HILLCREST PHARMACY, LLC",3065 N JOSEY LN STE 60,,CARROLLTON,TX,750075348,9723944456,MANAGING MEMBER/CEO,3336C0003X,tier_1_primary_pharmacy,Y,Y,
1518454156,MISSOURI CITY PHARMACY LLC,1531 HIGHWAY 90 A,SUITE - 200,MISSOURI CITY,TX,774891226,2813934040,OFFICER,333600000X|3336C0003X,tier_1_primary_pharmacy,Y,Y,
1962999425,ASPEN RX LLC,1908 CENTRAL DR STE C,,BEDFORD,TX,760215822,8178641855,MANAGER,333600000X|3336C0003X,tier_1_primary_pharmacy,Y,Y,
1053809905,ROGERS PHARMACY #5,8621 N NAVARRO ST,,VICTORIA,TX,779042603,3615731888,OWNER,333600000X|3336L0003X,tier_1_primary_pharmacy,Y,Y,
1831687508,THEIA PHARMACY,12450 EAST FWY STE 110,,HOUSTON,TX,770155527,7135044511,PHARMACIST,333600000X|3336C0003X,tier_1_primary_pharmacy,Y,Y,
1275021818,LAKEWAY PHARMACY LLC,3500 RANCH ROAD 620 S,SUITE A-100,BEE CAVE,TX,787387153,5125025161,PHARMACIST IN CHARGE,3336C0004X|333600000X|3336C0003X,tier_1_primary_pharmacy,Y,Y,
1649769803,ZARINA PHARMACY INC,3425 HIGHWAY 6,SUITE 110 B,SUGAR LAND,TX,774784512,9727689352,OWNER,333600000X|3336C0004X|3336C0003X,tier_1_primary_pharmacy,Y,Y,
1770072415,"CROSBY PHARMACY & WELLNESS, LLC",18446 TX - 105 STE D,,MONTGOMERY,TX,77356,2814627092,OFFICER/PHARMACY MANAGER,3336C0003X,tier_1_primary_pharmacy,Y,Y,
1154810760,DOUGHERTYS PHARMACY LEGACY LLC,6501 LEGACY DR STE P,,PLANO,TX,750243612,2148841929,DIRECTOR OF PHARMACY OPERATIONS,333600000X|3336S0011X|3336C0003X,tier_1_primary_pharmacy,Y,Y,
1134618648,A-CLASS PARK PLACE PHARMACY LLC,1001 12TH AVE STE 156,,FORT WORTH,TX,761043929,8178629110,CORPORATE OFFICER,333600000X,tier_1_primary_pharmacy,Y,Y,
1093205528,RELIEF MED PHARMACY LLC,310 E DAVIS ST,STE 100,CONROE,TX,773012910,9367035389,OWNER,333600000X|3336C0003X,tier_1_primary_pharmacy,Y,Y,
1225528672,TIMBERWOOD RX LLC,5563 DEZAVALA RD STE 180,,SAN ANTONIO,TX,78249,2104044538,PIC,3336C0003X,tier_1_primary_pharmacy,Y,Y,
1508356908,HEALTHY LIFE PROFESSIONAL PHARMACY,11226 SOUTHWEST FWY,,HOUSTON,TX,77031,2814951980,OWNER,3336C0003X,tier_1_primary_pharmacy,Y,Y,
1639669005,CC PHARMACY 3 LLC,3000 JOE DIMAGGIO BLVD STE 57,,ROUND ROCK,TX,786653996,7372024101,PHARMACIST,333600000X|3336C0003X,tier_1_primary_pharmacy,Y,Y,
1669962569,ST. LUKE PHARMACY INC.,2920 OAK LAWN AVE,,DALLAS,TX,752194131,2149359092,PRESIDENT,3336C0004X|3336H0001X|3336S0011X|3336C0003X,tier_1_primary_pharmacy,Y,Y,
1043700727,HOSPICE OF WICHITA FALLS PHARMACY,4909 JOHNSON RD,SUITE B102 PHARMACY,WICHITA FALLS,TX,763102547,9406878625,PHARMACIST,333600000X|3336S0011X,tier_1_primary_pharmacy,Y,Y,
1942790530,"THE OTHER GUYS PHARMACY, INC.",1116 E 8TH ST STE 1,,WESLACO,TX,785967288,9564053232,PHARMD,333600000X|3336C0004X|3336C0003X,tier_1_primary_pharmacy,Y,Y,
1497246060,"MEKASON PHARMACY , INC",3205 W CUTHBERT AVE STE A5,,MIDLAND,TX,797015594,4322620135,PHARMACIST IN CHARGE,3336C0003X,tier_1_primary_pharmacy,Y,Y,
1205328937,SEGUIN PHARMACY LLC,637 W COURT ST,STE 100,SEGUIN,TX,781555705,8304334820,OWNER/PHARMACIST IN CHARGE,333600000X|3336C0003X,tier_1_primary_pharmacy,Y,Y,
1619469350,UR DIRECT RX,13515 SOTHWEST FWY,201,SUGAR LAND,TX,77478,2819037236,MANAGING OFFICER,3336C0003X,tier_1_primary_pharmacy,Y,Y,
1316439748,AMBIKA PHARMACY LLC,2300 MATLOCK RD STE 37,,MANSFIELD,TX,760635018,6824224421,MANAGER,3336C0003X|333600000X,tier_1_primary_pharmacy,Y,Y,
1265924344,PARADIGM 7 PHARMACY PLLC,12154 ALMEDA RD,,HOUSTON,TX,77045,7133607993,OWNER,3336C0003X,tier_1_primary_pharmacy,Y,Y,
1063905545,IKARE PHARMACY SW LLC,8401 DATAPOINT DR STE 100,,SAN ANTONIO,TX,782295382,8448660101,OFFICER,333600000X|3336C0003X,tier_1_primary_pharmacy,Y,Y,
1316431794,REMCARE PHARMACY INC,306 E RANDOL MILL RD STE 500,,ARLINGTON,TX,760111409,8174229635,PRESIDENT,333600000X,tier_1_primary_pharmacy,Y,Y,
1306330543,BESTRX PHARMACY INC,4045 E BELKNAP ST STE 10,,HALTOM CITY,TX,761116637,6827079400,PRESIDENT/CEO,333600000X|3336C0003X,tier_1_primary_pharmacy,Y,Y,
1871087965,WEST OAK PHARMACY INC,2401 W OAK ST STE 101,,DENTON,TX,762012380,9403125943,OWNER,333600000X,tier_1_primary_pharmacy,Y,Y,
1154815256,"SURE-RX PHARMACY, LLC",816 FRANKLIN ST STE A,,ANTHONY,TX,798217185,9158867222,OWNER,3336C0003X,tier_1_primary_pharmacy,Y,Y,
1336634385,"SPRING BRANCH PHARMACY, LLC",18830 FORTY SIX PARKWAY,"BLDG 1, STE A",SPRING BRANCH,TX,780707093,8308857770,OWNER,3336C0004X|3336C0003X,tier_1_primary_pharmacy,Y,Y,
1053807339,BAYBROOK PHARMACY LLC,814 HONEA EGYPT RD STE 106,,MAGNOLIA,TX,773543864,7133855137,MANAGER,3336C0003X,tier_1_primary_pharmacy,Y,Y,
1770069973,EXPRESS PHARMACY 4 LESS,230 W PARKER RD # 210-B,,PLANO,TX,750752352,4697821646,PIC,333600000X,tier_1_primary_pharmacy,Y,Y,
1497231328,BRANDY PHARMACY CORP,910 N GALLOWAY AVE STE 102-A,,MESQUITE,TX,751492409,9729928205,PHARMACIST/OWNER,333600000X,tier_1_primary_pharmacy,Y,Y,
1336625086,HUMBLE RX LLC,308 W LARISSA ST,,JACKSONVILLE,TX,757662319,8326614862,PHARMACY OWNER,3336C0003X,tier_1_primary_pharmacy,Y,Y,
1548746274,"PRIME CHOICE PHARMACY, LLC",15510 LEXINGTON BLVD STE B,,SUGAR LAND,TX,774784173,2815335034,MANAGING AGENT,333600000X,tier_1_primary_pharmacy,Y,Y,
1588140131,ALLIANCE PHARMACY LLC,9601 N BEACH ST STE 105,,FORT WORTH,TX,762446432,4092939399,MANAGER,3336C0003X,tier_1_primary_pharmacy,Y,Y,
1033695457,SWEETWATER PHARMACY PLLC,15200 SOUTHWEST FRWY STE 130A,,SUGAR LAND,TX,774783863,2813130090,OWNER,333600000X,tier_1_primary_pharmacy,Y,Y,
1740767540,SUNSHINE PHARMACY LLC,8840 HUEBNER RD,,SAN ANTONIO,TX,78240,2103146782,DIRECTOR,3336C0003X|333600000X,tier_1_primary_pharmacy,Y,Y,
1942788336,PHARMACY INVESTMENT ASSOCIATES LLC,3301 W DAVIS ST STE F,,CONROE,TX,773041872,9362672979,OFFICER,3336L0003X|3336C0003X,tier_1_primary_pharmacy,Y,Y,
1073091799,THESIS PHARMACY LLC,3033 W PARKER RD STE 100,,PLANO,TX,750238000,9725198475,MANAGER,3336C0003X,tier_1_primary_pharmacy,Y,Y,
1427536119,ECKERDS RX 106 LLC,120 CIRCLE WAY ST STE 7F,,LAKE JACKSON,TX,775665222,9793419811,PRESIDENT,333600000X|3336C0003X,tier_1_primary_pharmacy,Y,Y,
1528546009,MEDSCAPE PHARMACY,5700 NW CENTRAL DR # 205,,HOUSTON,TX,770922039,7132392368,OWNER,3336C0003X|3336L0003X,tier_1_primary_pharmacy,Y,Y,
1982183000,PEYTON PHARMACY LLC,301 S 9TH ST STE 109,,RICHMOND,TX,774693448,2815527514,PIC (PHARMACIST IN-CHARGE),3336C0003X,tier_1_primary_pharmacy,Y,Y,
1174003552,"LIVE OAK PHARMACY,LLC",2011 W SPRING CREEK PKWY STE 1500,,PLANO,TX,750234260,9725321008,OFFICER,333600000X,tier_1_primary_pharmacy,Y,Y,
1649750969,BRAZOS HYBRID PHARMACY LLC,545 FM 2977 ROAD SUITE 110,,ROSENBERG,TX,77469,8329309301,MANAGER,333600000X,tier_1_primary_pharmacy,Y,Y,
1679053995,HEALTHRX PHARMACY LLC,2235 W 15TH ST,,PLANO,TX,75075,4695023521,AO,333600000X,tier_1_primary_pharmacy,Y,Y,
1821578063,THE COLONY PHARMACY LLC,6053 MAIN ST STE 120,,THE COLONY,TX,750564706,2146800830,DIRECTOR,3336C0003X,tier_1_primary_pharmacy,Y,Y,
1235619123,ALWAYS FIRST PHARMACY LLC,8620 GRAND MISSION BLVD STE I,,RICHMOND,TX,774075419,8328474683,PHARMACIST IN CHARGE,333600000X|3336L0003X|3336C0003X,tier_1_primary_pharmacy,Y,Y,
1164903704,"ANNIE'S APOTHECARY, LLC",211 S SAUNDERS ST UNIT 1,,BOERNE,TX,780062323,8309814774,OWNER,3336C0003X,tier_1_primary_pharmacy,Y,Y,
1922589282,ALPHADOME PHARMACY INC,1125 BEDFORD RD STE B,,BEDFORD,TX,760226669,8325783284,MANAGER,3336C0003X,tier_1_primary_pharmacy,Y,Y,
1013498088,LONDON PHARMACY MANAGEMENT GROUP,1105 CENTRAL EXPY N STE 2105,,ALLEN,TX,750136103,4694240811,PHARMACIST,3336C0003X,tier_1_primary_pharmacy,Y,Y,
1871074740,BABCOCK PHARMACY LLC,2425 BABCOCK RD STE 108A,,SAN ANTONIO,TX,782294899,2102989000,VP OF OPERATIONS,333600000X,tier_1_primary_pharmacy,Y,Y,
1396226205,APTEEK RX,7810 ELDORADO PKWY,SUITE 200,MCKINNEY,TX,75070,9729724700,PRESIDENT,3336C0003X,tier_1_primary_pharmacy,Y,Y,
1659853422,HARVEST PHARMACY LLC,9740 BARKER CYPRESS RD STE 107,,CYPRESS,TX,774331974,2816857279,MANAGING MEMBER,3336C0003X|3336C0004X|333600000X,tier_1_primary_pharmacy,Y,Y,
1013499797,"MK PHARMACY,LLC",18006 PARK ROW DR,SUITE 350,HOUSTON,TX,77084,7132696579,OWNER/PHARMACIST IN CHARGE,333600000X,tier_1_primary_pharmacy,Y,Y,
1225510795,"SUNDANCE APOTHECARY, LP",201 COMMERCE ST,,FORT WORTH,TX,761027206,6822851100,OWNER,3336C0003X,tier_1_primary_pharmacy,Y,Y,
1932681889,CREEKVIEW PHARMACY LLC,880 HEBRON PKWY # 170,,LEWISVILLE,TX,75057,4699685222,MANAGER,333600000X,tier_1_primary_pharmacy,Y,Y,
1437632387,"TX SPECIALTY PHARMACY, LLC",14511 FALLING CREEK DR STE 300,,HOUSTON,TX,770141280,7135183296,PHARMACIST,3336C0004X|3336L0003X|3336C0003X,tier_1_primary_pharmacy,Y,Y,
1912480898,"RENAISSANCE RX, LLC",1908 CENTRAL DR STE C,,BEDFORD,TX,760215822,8178641865,MANAGER,3336C0003X,tier_1_primary_pharmacy,Y,Y,
1457834251,MURPHY RX LLC,345 W FM 544 STE 200,,MURPHY,TX,750944625,9722157164,OWNER,3336C0003X,tier_1_primary_pharmacy,Y,Y,
1063995280,HYLANDS PHARMACY LLC,1814 N. BILL MACK ST,,SHAMROCK,TX,79079,8062563111,OWNER,3336L0003X|3336S0011X|3336C0003X,tier_1_primary_pharmacy,Y,Y,
1932683513,"A T PHARMACY MANAGEMENT, LLC",2101 WESTPARK CT STE 135,,EULESS,TX,760403718,4698098112,OWNER,3336C0003X,tier_1_primary_pharmacy,Y,Y,
1891279915,MEDFUSION PHARMACY,8812 BROADWAY ST STE A,,SAN ANTONIO,TX,782176318,2106247648,OWNER,333600000X,tier_1_primary_pharmacy,Y,Y,
1417432170,VITA PHARMACY LLC,2950 THOUSAND OAKS DR STE 25,,SAN ANTONIO,TX,782473347,2104240025,PHARMACIST,3336C0003X,tier_1_primary_pharmacy,Y,Y,
1558846758,"INDEPENDENT PHARMACY SERVICES,LLC",3695 KIRBY DR STE 115,,PEARLAND,TX,775845544,3465715390,MANAGING MEMEBER,3336C0003X,tier_1_primary_pharmacy,Y,Y,
1871068874,HESPERIA PHARMACY LLC,318 W BELT LINE RD # 305,,CEDAR HILL,TX,751041104,9512698188,DIRECTOR,3336C0003X,tier_1_primary_pharmacy,Y,Y,
1780159715,NORTH G RX LLC,9415 BRUTON RD STE 3104,,DALLAS,TX,752172647,9723384320,PRESIDENT,333600000X,tier_1_primary_pharmacy,Y,Y,
1366917973,ASSURE RX PHARMACY LLC,2277 NW MILITARY HWY STE 116,,SAN ANTONIO,TX,782131853,2104675174,PIC,3336C0003X|333600000X,tier_1_primary_pharmacy,Y,Y,
1336615947,"ALLEN PHARMACY & WELLNESS, LLC",1144 N PLANO RD STE 129,,RICHARDSON,TX,750812454,9723729775,MEMBER/ PHARMACIST,333600000X|3336C0003X,tier_1_primary_pharmacy,Y,Y,
1558837914,GRAND RX LLC,7830 W GRAND PKWY S STE 160,,RICHMOND,TX,77406,8324493828,CORPORATE OFFICER,333600000X|3336C0003X,tier_1_primary_pharmacy,Y,Y,
1942777222,HCP PHARMACY 2 LLC,3020 MATLOCK RD STE 205,,ARLINGTON,TX,760152901,8178865955,MANAGER,3336C0003X,tier_1_primary_pharmacy,Y,Y,
1962979211,"TELFAIR RX, LLC.",12454 BEECHNUT ST STE 9A,,HOUSTON,TX,770723987,8324820105,MANAGER,3336C0003X,tier_1_primary_pharmacy,Y,Y,
1316414535,DANIEL'S PHARMACY INC,408 N US HIGHWAY 83 STE B,,ZAPATA,TX,780763258,9562659634,PRESIDENT,333600000X,tier_1_primary_pharmacy,Y,Y,
1942778238,GLEN CARE PHARMACY LLC,2730 COUNTRY CLUB RD STE G1,,LUCAS,TX,750028781,2149735784,OWNER,3336C0003X,tier_1_primary_pharmacy,Y,Y,
1194293373,BAYBROOK CARE PHARMACY LLC,13630 BEAMER RD STE 103,,HOUSTON,TX,770896038,3467742697,OWNER,3336C0003X,tier_1_primary_pharmacy,Y,Y,
1861960858,DELCEY PHARMACY LLC,7850 W GRAND PKWY S STE 600,,RICHMOND,TX,774065876,3467017188,PHARMACIST IN CHARGE,333600000X,tier_1_primary_pharmacy,Y,Y,
1447728423,"PROVIDENCE PHARMACY & MEDICAL SUPPLIES, INC.",9525 BISSONNET ST STE 250,,HOUSTON,TX,770368028,8326237554,PRESIDENT,3336C0003X,tier_1_primary_pharmacy,Y,Y,
1952879835,VC PHARMACY INC,8083 CALLAGHAN RD,,SAN ANTONIO,TX,782304718,2109260980,OWNER,3336C0003X,tier_1_primary_pharmacy,Y,Y,
1790254357,E-MED PHARMACY LLC,15107 FM 2100 RD.,STE. D,CROSBY,TX,775321655,2817415289,MANAGING OFFICER,3336C0003X,tier_1_primary_pharmacy,Y,Y,
1356810840,JEFF'S TOPCARE PHARMACY,4901 FM 2920 RD,,SPRING,TX,773883112,3464129556,PRESIDENT,3336C0003X,tier_1_primary_pharmacy,Y,Y,
1679042105,"EXCELMED SPECIALTY PHARMACY, LLC",4654 HIGHWAY 6 N STE 204,,HOUSTON,TX,770842878,7132910954,CLIN DIRECTOR,333600000X|3336C0003X|3336S0011X,tier_1_primary_pharmacy,Y,Y,
1720557846,STRIKER PHARMACY LLC,1330 PIN OAK RD,,KATY,TX,774946848,8323245823,OFFICER,3336S0011X|3336C0003X,tier_1_primary_pharmacy,Y,Y,
1932678646,DIVINE PHARMACY LLC,427 E DURANTA AVE STE 101,,ALAMO,TX,785163409,9562874551,OWNER,3336C0003X,tier_1_primary_pharmacy,Y,Y,
1346710928,BEDFORD PHARMACY LLC,2816 CENTRAL DR STE 160,,BEDFORD,TX,76021,8177868011,CORPORATE MANAGER,3336C0003X,tier_1_primary_pharmacy,Y,Y,
1326518887,ELITE CARE RX LLC,11888 STARCREST DR STE 113,,SAN ANTONIO,TX,782474116,2104627797,OWNER,3336C0003X,tier_1_primary_pharmacy,Y,Y,
1346710761,ALL CARING PHARMACY LLC,13630 VETERANS MEMORIAL DR STE F,,HOUSTON,TX,770141054,2819888882,OWNER,3336C0003X,tier_1_primary_pharmacy,Y,Y,
1154891265,SIGMA CARE RX,235 N HEWITT DR,,HEWITT,TX,766437010,2543017106,OWNER,333600000X,tier_1_primary_pharmacy,Y,Y,
1659841427,NA PHARMACY GROUP LLC,505 N SAM HOUSTON PKWY E,,HOUSTON,TX,770604018,8328049633,CEO,3336C0003X,tier_1_primary_pharmacy,Y,Y,
1619448248,"NULIFE PHARMACY, INC",14150 TRINITY BLVD STE 750,,FORT WORTH,TX,761552597,8177697941,AUTHORIZED OFFICIAL,3336C0003X,tier_1_primary_pharmacy,Y,Y,
1275004509,MK PHARMACY SERVICES LLC,932 W DALLAS ST STE C,,CONROE,TX,773012260,8327030067,OWNER,3336C0003X,tier_1_primary_pharmacy,Y,Y,
1922579127,ICARERX PHARMACY LLC,200 WJ BOAZ RD STE 100,,SAGINAW,TX,761791290,6822001080,OWNER,3336L0003X|3336S0011X|3336C0003X,tier_1_primary_pharmacy,Y,Y,
1477024644,ONCOLOGY PHARMACY SERVICES INC.,3144 HORIZON RD STE 110,,ROCKWALL,TX,750327046,4693145155,DIRECTOR,333600000X|3336C0003X,tier_1_primary_pharmacy,Y,Y,
1740751759,WYNDHAM PHARMACY INC,903 MEDICAL CENTRE DR STE C,,ARLINGTON,TX,760124754,6822708779,PHARMACY MANAGER (PIC),333600000X,tier_1_primary_pharmacy,Y,Y,
1770055535,OLYMPUS RX LLC,763 E US HIGHWAY 80 STE 260,,FORNEY,TX,751268685,9725521065,ADMIN ASSISTANT,3336C0003X,tier_1_primary_pharmacy,Y,Y,
1700358389,TITAN SPECIALTY PHARMACY,8360 LBJ FWY STE 215,,DALLAS,TX,752431222,2144788564,ADMIN ASSISTANT,3336C0003X,tier_1_primary_pharmacy,Y,Y,
1801368311,RITE QUALITY PHARMACY LLC,722 SOUTH MAIN STREET,,ANDREWS,TX,79714,4322230600,OFFICER,3336C0003X,tier_1_primary_pharmacy,Y,Y,
1093288003,"L J PHARMACY RELIEF, INC",2004 E EXPRESSWAY 83 STE 2,,WESLACO,TX,785995057,9564053089,OFFICER,3336C0003X,tier_1_primary_pharmacy,Y,Y,
1144793357,"BUSHLAND DRUG, LLC",1600 S. FM 2381,,AMARILLO,TX,79124,8063109853,OWNER,3336C0003X,tier_1_primary_pharmacy,Y,Y,
1538633326,"METHODIST COMMUNITY PHARMACY, LLC",1441 N BECKLEY AVE LBBY B,,DALLAS,TX,752031201,2149336050,TREASURER AND VP OF COMPLIANCE,3336S0011X|3336C0003X,tier_1_primary_pharmacy,Y,Y,
1386118966,THE MERCY PHARMACY LLC,4218 SAN FELIPE ST,,HOUSTON,TX,770272902,8337818155,MANAGER /OFFICER,3336C0003X,tier_1_primary_pharmacy,Y,Y,
1073087375,MEDICAL CITY PHARMACY LLC,3502 SIMPSON STUART RD STE 300,,DALLAS,TX,752414420,9729431485,OFFICER,3336C0003X,tier_1_primary_pharmacy,Y,Y,
1861956856,EXPRESS CARE PHARMACY LLC,223 E FM 544 STE 806,,MURPHY,TX,750944029,2143081996,MANAGER,3336C0003X,tier_1_primary_pharmacy,Y,Y,
1366906257,EINSTEIN'S PHARMACY LLC,25190 I-45,SUITE B2D,SPRING,TX,77386,2816515316,PHARMACIST IN CHARGE,3336C0003X,tier_1_primary_pharmacy,Y,Y,
1275098584,LEEDS PHARMACY LLC,318 W FM 544 STE B3,,MURPHY,TX,750944652,4692090766,OWNER,333600000X|3336C0003X,tier_1_primary_pharmacy,Y,Y,
1326503137,CULLEN CARE PHARMACY INC,9215 BROADWAY ST STE 113,,PEARLAND,TX,775848987,2817415825,OWNER,3336C0004X|3336C0003X,tier_1_primary_pharmacy,Y,Y,
1780149476,EDNA PHARMACY LLC,604 N WELLS ST,,EDNA,TX,779572719,3613085039,MANAGER,3336C0003X,tier_1_primary_pharmacy,Y,Y,
1063977452,ALDINE FAMILY PHARMACY,2345 ALDINE MAIL RTE STE A,,HOUSTON,TX,770395528,2813035859,PHARMACIST IN CHARGE,3336C0003X,tier_1_primary_pharmacy,Y,Y,
1093271231,HMU PHARMACY LLC,4223 RICHMOND AVE STE 210,,HOUSTON,TX,770276856,2816568063,OFFICER,333600000X,tier_1_primary_pharmacy,Y,Y,
1730645995,COLLINS FAMILY PHARMACY LLC,1905 SW H K DODGEN LOOP STE 101,,TEMPLE,TX,765021814,2547781731,OWNER/PIC,3336C0004X|3336L0003X|3336C0003X,tier_1_primary_pharmacy,Y,Y,
1336605013,VASCORE PHARMACY LLC,4020 SYNOTT RD STE 70A,,HOUSTON,TX,770825216,8328051531,PHARMACIST IN CHARGE,3336C0003X,tier_1_primary_pharmacy,Y,Y,
1821554551,ATOMS PHARMACY LLC,17926 HIGHWAY 3 STE 103B,,WEBSTER,TX,775985350,8329744915,MANAGING OFFICER,3336C0003X,tier_1_primary_pharmacy,Y,Y,
1720545221,UZO NEIGHBORHOOD PHARMACY INC.,1601 JACAMAN RD STE 102,,LAREDO,TX,780416271,9565685605,PIC/OWNER,3336C0003X|333600000X,tier_1_primary_pharmacy,Y,Y,
1558828921,WAXAHACHIE PHARMACY LLC,401 N HIGHWAY 77 STE 23B,,WAXAHACHIE,TX,751651130,2149801395,PHARMACY MANAGER,3336C0003X,tier_1_primary_pharmacy,Y,Y,
1558828681,COIT RX LLC,4100 W 15TH ST STE 204,,PLANO,TX,750935801,2144446383,OWNER,3336C0003X,tier_1_primary_pharmacy,Y,Y,
1164989307,CAREPLUS PHARMACY LLC,2817 DULLES AVE,,MISSOURI CITY,TX,774592950,8326724981,PIC/OWNER,3336C0003X,tier_1_primary_pharmacy,Y,Y,
1871050997,ALLMED RX LLC,109 E FATE MAIN PL,,FATE,TX,75132,4699959958,PHARMACIST IN CHARGE,3336C0003X,tier_1_primary_pharmacy,Y,Y,
1003373184,PHARMACY STATION LLC,640 S EXPRESSWAY,SUITE 1,RAYMONDVILLE,TX,78580,9566904090,OWNER,333600000X,tier_1_primary_pharmacy,Y,Y,
1801353818,LEGACY HEIGHTS PHARMACY LLC,617 E 16TH ST,,PLANO,TX,750745726,9722045855,MANAGER,3336C0003X,tier_1_primary_pharmacy,Y,Y,
1588122154,LEAGUE PHARMACY LLC,303 E MAIN ST STE 205,,LEAGUE CITY,TX,775733742,8322243842,MANAGING OFFICER,3336C0003X,tier_1_primary_pharmacy,Y,Y,
1679031199,FIRST ELITE PHARMACY,1525 S MASON RD STE 200,,KATY,TX,774504559,2817174404,OWNER,3336C0003X,tier_1_primary_pharmacy,Y,Y,
1376001354,IWO PHARMACY AND WELLNESS,2168 TEXAS PKWY # B,,MISSOURI CITY,TX,774893122,3463042903,CORPORATE OFFICER,3336C0003X,tier_1_primary_pharmacy,Y,Y,
1396203386,ASK RX LLC,1165 S STEMMONS FWY STE 116,,LEWISVILLE,TX,750675335,4696300911,PHARMACIST,3336C0003X,tier_1_primary_pharmacy,Y,Y,
1174081178,STAMFORD APOTHECARY LLC,3115 W PARKER RD STE 395,,PLANO,TX,750238139,9729055504,PHARMACIST,333600000X,tier_1_primary_pharmacy,Y,Y,
1992263859,NEXTDOOR PHARMACY INC,102 BABCOCK RD # 102,,SAN ANTONIO,TX,782013952,2105304442,PHARMACIST,333600000X|3336C0004X|3336C0003X,tier_1_primary_pharmacy,Y,Y,
1033678636,MEDIC RX 3 INC,5264 W 34TH ST STE H,,HOUSTON,TX,770926624,2818466713,OWNER,3336L0003X|3336C0003X,tier_1_primary_pharmacy,Y,Y,
1164981510,GATEWOOD PHARMACY PLLC,4402 BROADWAY BLVD STE 6A,,GARLAND,TX,750438266,3475935918,PHARMACIST,3336C0003X,tier_1_primary_pharmacy,Y,Y,
1275092587,APOTHECARY PHARMACY SOLUTIONS LCC,4320 BROADWAY ST STE 110,,PEARLAND,TX,775814016,8326727953,MANAGER,3336C0003X,tier_1_primary_pharmacy,Y,Y,
1720548118,"LIFE SPECIALTY PHARMACY, INC.",949 W. KEARNEY ST.,SUITE 107,MESQUITE,TX,75149,9726815959,DIRECTOR,3336C0003X,tier_1_primary_pharmacy,Y,Y,
1780144147,"RXCARE PHARMACY, LLC",209 N BALLARD AVE,,WYLIE,TX,75098,9724330699,OFFICER,333600000X,tier_1_primary_pharmacy,Y,Y,
1265992275,"TEXASCARE RX, LLC",7271 WURZBACH RD STE 105,,SAN ANTONIO,TX,782403891,9723996596,PRESIDENT,3336C0003X,tier_1_primary_pharmacy,Y,Y,
1861953754,EZ PHARMACY GROUP LLC,1100 C E MULBERRY,,ANGELTON,TX,77515,9793313374,OWNER,3336C0003X,tier_1_primary_pharmacy,Y,Y,
1932660644,"ONCOLOGY PHARMACY SERVICES, INC.",1401 MEDICAL PKWY STE 200,,CEDAR PARK,TX,786135026,5122606084,DIRECTOR,333600000X|3336C0003X,tier_1_primary_pharmacy,Y,Y,
1619438975,"CREATIVE PHARMACY MGMT, LLC",4705 AVENUE H STE C,,ROSENBERG,TX,774712065,8324716121,MANAGING MEMBER,3336M0002X|333600000X|3336C0003X,tier_1_primary_pharmacy,Y,Y,
1184186991,"SCRIPT EXPERTS PHARMACY, LLC",16402 FM 2920 RD BLDG B,,TOMBALL,TX,773776431,9362338167,OFFICER,3336C0004X|3336C0003X,tier_1_primary_pharmacy,Y,Y,
1962964098,"TOTAL CARE RX PHARMACY, LLC",4002 BURKE RD STE 500,,PASADENA,TX,775043451,3463748092,OFFICER,3336C0003X,tier_1_primary_pharmacy,Y,Y,
1669935656,PHARMACY ENTERPRISES OF TEXAS,601 W FM 544 STE 102,,MURPHY,TX,750944232,4695960341,OWNER/CEO,333600000X|3336C0003X,tier_1_primary_pharmacy,Y,Y,
1811450570,"ASPCARES PHARMACY, INC",13515 SOUTHWEST FWY STE 113,,SUGAR LAND,TX,774783547,8328030633,CHIEF COMPLIANCE OFFICER,333600000X,tier_1_primary_pharmacy,Y,Y,
1467915819,ST. PAUL PHARMACY LLC,3307 BELT LINE RD,,GARLAND,TX,750446913,4693040062,OWNER/ PHARMACIST IN CHARGE,3336C0003X,tier_1_primary_pharmacy,Y,Y,
1871056044,APOTHECARY 360 LLC,101 SOUTHWESTERN BLVD STE 120,,SUGAR LAND,TX,774783548,8329152448,OWNER,3336C0003X,tier_1_primary_pharmacy,Y,Y,
1821551193,SUPERFAST PHARMACY AND MEDICAL SUPPLIES LLC,11690 SPRING CYPRESS RD STE 100,,TOMBALL,TX,773778938,2815137960,MEMBER OF LLC,3336C0003X,tier_1_primary_pharmacy,Y,Y,
1831752922,PRO MED RX LLC,13134 DAIRY ASHFORD RD STE 900,,SUGAR LAND,TX,774783766,2813130730,DIRECTOR,3336C0003X,tier_1_primary_pharmacy,Y,Y,
1851954796,NUBIA APOTHECARY RX LLC,435 FM 1092 RD STE N,,STAFFORD,TX,774775420,8328897872,PHARMACIST IN CHARGE,3336C0002X|3336C0004X|3336L0003X|3336C0003X,tier_1_primary_pharmacy,Y,Y,
1891358818,CLARKSVILLE PHARMACY LLC,1312 W MAIN ST,,CLARKSVILLE,TX,754263525,9037065065,OFFICER,3336C0003X,tier_1_primary_pharmacy,Y,Y,
1083277842,"SCARSDALE PHARMACY, LLC",10655 FUQUA ST STE E,,HOUSTON,TX,770892681,2814816600,PIC,3336C0003X,tier_1_primary_pharmacy,Y,Y,
1609439231,VALLEYWIDE PHARMACY AND DME INC,800 E ALTON GLOOR BLVD STE A,,BROWNSVILLE,TX,785264296,9565257280,PRESIDENT,3336C0003X,tier_1_primary_pharmacy,Y,Y,
1891358537,PHARMACY PLUS HEALTH LLC,5757 FLEWELLEN OAKS LN STE 502,,FULSHEAR,TX,774411858,3467078282,OFFICER,333600000X|3336C0003X,tier_1_primary_pharmacy,Y,Y,
1568025112,TEXOMA PHARMACY LLC,140 W LAMBERTH RD STE A,,SHERMAN,TX,750922670,9037714995,MANAGING MEMBER,3336C0003X,tier_1_primary_pharmacy,Y,Y,
1235792771,MEDPOINT PHARMACY INC,10008 BELLAIRE BLVD #114,,HOUSTON,TX,77072,2818794033,OFFICER,3336C0003X,tier_1_primary_pharmacy,Y,Y,
1093378366,DELIVERIT PHARMACY CLEAR LAKE INC.,600 N KOBAYASHI STE 113,,WEBSTER,TX,775984840,2817244828,CEO,3336C0003X,tier_1_primary_pharmacy,Y,Y,
1447814306,BEAUMONT BEST RX,8350 PHELAN BLVD STE F,,BEAUMONT,TX,777065660,4093331774,OFFICER,333600000X|3336C0003X,tier_1_primary_pharmacy,Y,Y,
1841854270,MPS PHARMACY LLC,112 S COLLEGE AVE STE 100,,CLEVELAND,TX,773274502,8324805410,MANAGING OFFICER,3336C0003X,tier_1_primary_pharmacy,Y,Y,
1740845874,"LONG MEADOW RX, LLC",5530 LONG PRAIRIE TRCE STE 100,,RICHMOND,TX,774072331,2813258099,OFFICER,3336C0003X,tier_1_primary_pharmacy,Y,Y,
1255996971,1ST EXPRESS PHARMACY LLC,24420 FM 1314 RD STE 13,,PORTER,TX,773655490,2817477158,MANAGER,3336C0003X,tier_1_primary_pharmacy,Y,Y,
1093370538,AMERICAN STAR PHARMACY INC,1619 MARTIN LUTHER KING JR BLVD,SUITE B,DALLAS,TX,75215,4697187777,PRESIDENT,333600000X,tier_1_primary_pharmacy,Y,Y,
1134784614,GARCIA S PHARMACY LLC,130A UPTOWN AVE,,BROWNSVILLE,TX,785207559,9565187310,VICE-PRESIDENT,3336C0003X,tier_1_primary_pharmacy,Y,Y,
1386201754,"PHARMACY CONSULTING, L.L.C.",2547 CARTWRIGHT RD,,MISSOURI CITY,TX,774592606,8329871388,MANAGING OFFICER,333600000X|3336C0003X,tier_1_primary_pharmacy,Y,Y,
1457918112,SOCH PHARMACY LLC,12579 RICHMOND AVE STE 700,,HOUSTON,TX,770822554,3465705196,OFFICER,3336C0003X,tier_1_primary_pharmacy,Y,Y,
1790343465,BE WELL PHARMACY LLC,8008 CAMP BOWIE WEST BLVD STE 109,,FORT WORTH,TX,761166300,6828410171,OFFICER,3336C0003X,tier_1_primary_pharmacy,Y,Y,
1598323263,MY CHOICE PHARMACY,8008 CAMP BOWIE WEST BLVD STE 111,,FORT WORTH,TX,761166300,8889269268,MANAGING MEMBER,3336C0003X,tier_1_primary_pharmacy,Y,Y,
1982262598,MAHOGANY PHARMACY LLC,10550 W BELLFORT ST STE 150,,HOUSTON,TX,770311934,8322305902,OFFICER,3336C0003X,tier_1_primary_pharmacy,Y,Y,
1538727847,LIGHTCARE RX LLC,8313 SOUTHWEST FWY STE 107,,HOUSTON,TX,770741612,8329871795,OWNER,3336C0003X,tier_1_primary_pharmacy,Y,Y,
1134788813,TOT PHARMACY,656 W BRAZOS AVE,,WEST COLUMBIA,TX,774862616,9793453925,MANAGER,3336C0003X,tier_1_primary_pharmacy,Y,Y,
1497314132,ZIKAM NEIGHBORHOOD PHARMACY LLC,17323 IH 35 N STE 100,,SCHERTZ,TX,781541278,2103103132,OWNER,3336C0004X|3336L0003X|3336S0011X|3336C0003X,tier_1_primary_pharmacy,Y,Y,
1558920256,M&D PHARMACY LLC,2168 B TEXAS PKWY,,MISSOURI,TX,77489,2819698161,PIC,333600000X|3336C0003X,tier_1_primary_pharmacy,Y,Y,
1982263950,"MEKASON PHARMACY GREENWOOD, INC",1805 S COUNTY RD 1105,SUITE C,MIDLAND,TX,79706,4326823100,OFFICER,3336C0003X,tier_1_primary_pharmacy,Y,Y,
1205496569,PL PHARMACY INC,3360 MATLOCK RD STE 100,,ARLINGTON,TX,76015,8175836816,OWNER/PIC,3336C0003X,tier_1_primary_pharmacy,Y,Y,
1659932267,"RIO GRANDE PHARMACY, LLC",5500 DONIPHAN DR. STE 201-202,,EL PASO,TX,79932,9152608555,CEO,3336C0003X,tier_1_primary_pharmacy,Y,Y,
1447812953,MASON PHARMACY LLC,17531 FM 529 RD STE 400,,HOUSTON,TX,770951181,8324275785,OWNER,3336C0003X,tier_1_primary_pharmacy,Y,Y,
1639721756,THE PHARMACY SHOP OF WEIMAR INC,406 YOUENS DR,,WEIMAR,TX,789623680,9797256713,CLERK,333600000X,tier_1_primary_pharmacy,Y,Y,
1588216311,ASA PHARMACY LLC,419 N LA SALLE ST,,NAVASOTA,TX,778682435,9368253470,OWNER/ PHARMACIST IN CHARGE,3336C0003X,tier_1_primary_pharmacy,Y,Y,
1770136806,"HEALTHMARK PHARMACY, LLC",2436 S INTERSTATE 35 E STE 336B,,DENTON,TX,762054900,4697022006,MANAGING MEMBER,3336C0003X,tier_1_primary_pharmacy,Y,Y,
1649823535,PATIENT 1ST PHARMACY DALLAS LLC,4600 FULLER DR STE 360,,IRVING,TX,750386551,9726008216,OWNER,333600000X,tier_1_primary_pharmacy,Y,Y,
1063066041,APOGEE PHARMACY,608 E BAILEY BOSWELL RD STE 140,,SAGINAW,TX,761313570,8173498088,PRESIDENT,3336C0003X,tier_1_primary_pharmacy,Y,Y,
1164076618,PEARLAND UNICARE PHARMACY LLC,7400 FANNIN STREET SUITE 120,,HOUSON,TX,77054,3462939096,OWNER,333600000X|3336S0011X|3336C0003X,tier_1_primary_pharmacy,Y,Y,
1902451313,BSK CARE PHARMACY LLC,25301 BOROUGH PARK DR,,THE WOODLANDS,TX,773803560,2816515308,OWNER,3336C0003X,tier_1_primary_pharmacy,Y,Y,
1629623921,DEER PARK PHARMACY INC,5001 COLLEGE PARK DR,,DEER PARK,TX,775366361,2819307571,PHARMACY MANAGER,3336C0003X,tier_1_primary_pharmacy,Y,Y,
1982259198,PEARLAND UNICARE PHARMACY LLC,3569 BUSINESS CENTER DR STE 175,,PEARLAND,TX,775841914,3463747358,OWNER,3336H0001X|3336M0002X|3336S0011X|3336C0003X,tier_1_primary_pharmacy,Y,Y,
1558916692,HAMARSYL PHARMACY LLC,122 N ALAMO RD STE 3,,ALAMO,TX,785162215,9566274358,PIC/MANAGER,3336C0003X,tier_1_primary_pharmacy,Y,Y,
1215582184,SKY RX LLC,9073 S DAIRY ASHFORD RD,,HOUSTON,TX,770991215,2819393356,DIRECTOR,333600000X,tier_1_primary_pharmacy,Y,Y,
1255986220,NURX PHARMACY LLC,421 S 77 SUNSHINESTRIP STE F,,HARLINGEN,TX,785507450,9562305565,MANAGING MEMBER,3336C0004X|3336C0003X|333600000X,tier_2_secondary_pharmacy,N,Y,
1316592215,"SUNNY BOY PHARMACY, LLC",4388 SUNBELT DR,,ADDISION,TX,75001,9723624151,PIC,3336C0003X,tier_1_primary_pharmacy,Y,Y,
1558916502,LIVE WELL PHARMACY LLC,4200 STUART ST,,GREENVILLE,TX,754015759,9032596797,OFFICER,3336C0003X,tier_1_primary_pharmacy,Y,Y,
1649826066,LEMON PHARMACY LLC,3501 N MACARTHUR BLVD STE 340,,IRVING,TX,750623606,9728899805,MANAGER,3336C0003X,tier_1_primary_pharmacy,Y,Y,
1093361289,NILE PHARMACY LLC,412 VILLAGE DR STE 100A,,MURPHY,TX,750944631,4697330865,MANAGER,3336C0003X,tier_1_primary_pharmacy,Y,Y,
1669028742,HITCHCOCK HOMETOWN PHARMACY LLC,8725 HIGHWAY 6,,HITCHCOCK,TX,775633113,4092090847,OWNER,3336C0003X,tier_1_primary_pharmacy,Y,Y,
1558917559,"PRIMECARE PHARMACY, LLC",1327 LAKE POINTE PKWY STE 420,,SUGAR LAND,TX,774783492,2812018346,OFFICER,3336C0003X,tier_1_primary_pharmacy,Y,Y,
1780231308,RX HEALER INC,1611 F SPENCER HWY SOUTH,,HOUSTON,TX,77587,7135341302,OFFICER,3336C0003X,tier_1_primary_pharmacy,Y,Y,
1457908782,"TWIN RIVERS PHARMACY, LLC",7777 WARREN PKWY STE 360,,FRISCO,TX,750346549,9723429056,PHARMACIST,3336C0003X,tier_1_primary_pharmacy,Y,Y,
1639727076,TOWN PHARMACY LLC,3806 AVENUE I STE 3,,ROSENBERG,TX,77471,2817622307,OFFICER,3336C0003X|333600000X,tier_1_primary_pharmacy,Y,Y,
1598313504,CARVER DRUG,1110 E 11TH PL,,BIG SPRING,TX,797204709,4328942395,OWNER,3336C0003X,tier_1_primary_pharmacy,Y,Y,
1982253738,SPACE CITY PHARMACY LLC,902 S FRIENDSWOOD DR STE E,,FRIENDSWOOD,TX,775465154,8325695062,MANAGING MEMBER,333600000X|3336C0003X,tier_1_primary_pharmacy,Y,Y,
1770132565,"MIKOSH DRUG COMPANY, LLC",334 W MAIN ST,,FREDERICKSBURG,TX,786243712,8309988658,PRESIDENT,3336C0004X|3336C0003X,tier_1_primary_pharmacy,Y,Y,
1376192740,"PROXSYS RX - TX, LLC",4215 JOE RAMSEY BLVD E STE 220,,GREENVILLE,TX,754017852,9034227545,PRESIDENT PHARMACY SERVICES,3336C0003X,tier_1_primary_pharmacy,Y,Y,
1427608462,LIVINGSTON PHARMACY LLC,503 N WASHINGTON AVE,,LIVINGSTON,TX,773512839,9363270213,OWNER,333600000X|3336C0003X,tier_1_primary_pharmacy,Y,Y,
1972153914,COMPLETE SOLUTIONS RX LLC,145 LANARK DR,,SAN ANTONIO,TX,782181821,2105301184,OWNER,333600000X,tier_1_primary_pharmacy,Y,Y,
1720638703,TULIP PHARMACY LLC,1020 HERNDON DR.,,ROSENBERG,TX,77471,3468432294,MANAGING OFFICER,3336C0003X,tier_1_primary_pharmacy,Y,Y,
1053961854,986 SPECIALTY PHARMACY 3 INC,6205 COIT RD STE 356,,PLANO,TX,750245491,4695430199,PHARMACIST IN CHARGE,333600000X|3336C0003X,tier_1_primary_pharmacy,Y,Y,
1801446414,KERMED PHARMACY LLC,6729 BANDERA RD,,LEON VALLEY,TX,782381438,2109570098,OWNER,333600000X,tier_1_primary_pharmacy,Y,Y,
1821648361,PHARMACY 2 PLUS LLC,9026 CULEBRA RD STE 107,,SAN ANTONIO,TX,782512881,2107573388,OWNER,3336C0003X,tier_1_primary_pharmacy,Y,Y,
1194375642,"GREEN LEAF PHARMACY, LLC",201 W BOYD DR STE 105A,,ALLEN,TX,750132512,6824100002,MANAGER,3336C0003X,tier_1_primary_pharmacy,Y,Y,
1093366106,"MEDCENTRIX PHARMACY, LLC",5720 BANDERA RD STE 4B,,SAN ANTONIO,TX,782381950,2108888284,MANAGING MEMBER,3336C0003X,tier_1_primary_pharmacy,Y,Y,
1932750254,SIGMA PHARMACY LLC,1312 E COMMON ST STE 402,,NEW BRAUNFELS,TX,781303567,8305003472,OWNER,3336C0004X|3336C0003X,tier_1_primary_pharmacy,Y,Y,
1215578265,LUX PHARMACY,9404 W SAM HOUSTON PKWY S STE E,,HOUSTON,TX,770992054,8328100300,OFFICER,3336C0003X,tier_1_primary_pharmacy,Y,Y,
1336780246,MIDLAND CARE PHARMACY LLC,1111 N MIDKIFF RD STE A,,MIDLAND,TX,797012120,4322790912,PIC,3336C0003X,tier_1_primary_pharmacy,Y,Y,
1366083255,LAKEVIEW PHARMACY LLC,5716 BELLAIRE BLVD STE J,,HOUSTON,TX,770815512,2819695221,OWNER,3336C0003X,tier_1_primary_pharmacy,Y,Y,
1811538242,BROOKSHIRE DISCOUNT PHARMACY LLC,5001 FRONT ST STE 9,,BROOKSHIRE,TX,774238503,2813759673,AUTHORIZED OFFICIAL,3336C0003X,tier_1_primary_pharmacy,Y,Y,
1700427069,HKC RX LLC,707 N FIELDER RD STE B,,ARLINGTON,TX,760124637,8177732833,OFFICER,3336C0003X,tier_1_primary_pharmacy,Y,Y,
1184265498,MEDCARE PHARMACY LLC,3712 NEW MATHIS RD STE 1,,ELMENDORF,TX,781126298,2107940099,OFFICER,3336C0003X,tier_1_primary_pharmacy,Y,Y,
1841832912,"PEACH PHARMACY, LLC",2401 W PIONEER PKWY STE 117,,PANTEGO,TX,760136038,6823474022,OWNER,333600000X|3336C0003X,tier_1_primary_pharmacy,Y,Y,
1285276311,EMPOWER PHARMACY,7601 N SAM HOUSTON PKWY W STE 200,,HOUSTON,TX,770643595,3267844178,OWNER,3336C0003X,tier_1_primary_pharmacy,Y,Y,
1427690577,BIRCHWOOD RX,2506 OVILLA RD STE A,,RED OAK,TX,751544008,4698209722,OWNER,3336C0003X,tier_1_primary_pharmacy,Y,Y,
1497397103,"VIET HOA RX, LLC",12454 BEECHNUT ST STE 8,,HOUSTON,TX,770723987,2817414138,MANAGER,3336C0003X,tier_1_primary_pharmacy,Y,Y,
1730721192,BCRR RX INC,1505 S HIGHWAY 69,,NEDERLAND,TX,776277807,4098534100,PRESIDENT,3336C0003X,tier_1_primary_pharmacy,Y,Y,
1689217069,MACE CARE PHARMACY LLC,6306 GULFTON ST STE 102,,HOUSTON,TX,770811117,8329257033,AUTHORIZED OFFICIAL,3336C0003X,tier_1_primary_pharmacy,Y,Y,
1538702956,"ZENITH RX, LLC",607 S WW WHITE RD,,SAN ANTONIO,TX,782201732,2108819051,OWNER,3336C0003X,tier_1_primary_pharmacy,Y,Y,
1881237923,CARE 101 PHARMACY LLC,2815 N. MAIN ST,,STAFFORD,TX,77477,2819698553,OWNER,3336C0003X,tier_1_primary_pharmacy,Y,Y,
1699318253,MP SOUTHPARK PHARMACY LLC,309 CHRURCH ST,,STERLING CITY,TX,76951,3253781147,FINANCE MANAGER,3336C0003X,tier_1_primary_pharmacy,Y,Y,
1770127250,MP SOUTHPARK PHARMACY LLC,104 E SAN SABA ST,,MENARD,TX,768592709,3253962480,FINANCE MANAGER,3336C0003X,tier_1_primary_pharmacy,Y,Y,
1598309007,MEDICI PHARMACY LLC,12930 DAIRY ASHFORD RD STE 702,,SUGAR LAND,TX,774784667,7139937770,MANAGER,333600000X,tier_1_primary_pharmacy,Y,Y,
1386288868,FIESTA LIFECARE PHARMACY 8 LLC,412 E RILEY ST,,FREER,TX,75063,3613945151,MANAGER/OWNER,3336C0003X,tier_1_primary_pharmacy,Y,Y,
1215571625,"ACARIAHEALTH PHARMACY #11, INC.",1311 W SAM HOUSTON PKWY N STE 130,,HOUSTON,TX,770434015,8329001367,PRESIDENT,333600000X,tier_1_primary_pharmacy,Y,Y,
1770127821,"METHODIST COMMUNITY PHARMACY, LLC",3500 W WHEATLAND RD STE B,,DALLAS,TX,752373460,2149470250,CPO,3336C0003X,tier_1_primary_pharmacy,Y,Y,
1205470085,NORTHSTAR PHARMACY LLC,6014 SOUTHWEST BLVD,,BENBROOK,TX,76109,4692968132,OWNER,3336C0003X,tier_1_primary_pharmacy,Y,Y,
1972147791,INTEGRICARE PHARMACY LLC,1505 W MCDERMOTT DR STE 125,,ALLEN,TX,750133029,9722129368,PRESIDENT,3336C0003X,tier_1_primary_pharmacy,Y,Y,
1003450859,PHARMACY PLACE LLC,7330 SOUTHWEST FWY STE G,,HOUSTON,TX,770742178,8329624774,PHARMACIST IN CHARGE,3336L0003X|3336C0003X,tier_1_primary_pharmacy,Y,Y,
1093359671,"ESSENTIALS PHARMACY, LLC",451 FM 646 RD E STE C1,,DICKINSON,TX,775393010,2818889159,OFFICER,3336C0003X,tier_1_primary_pharmacy,Y,Y,
1386289254,DREAMCARE PHARMACY LLC,7616 BRANFORD PL STE 330,,SUGAR LAND,TX,774793794,2812012280,OWNER,3336S0011X|3336C0003X,tier_1_primary_pharmacy,Y,Y,
1558907162,COASTAL BEND CANCER CENTER PHARMACY LLC,1625 RODD FIELD RD STE 100-A,,CORPUS CHRISTI,TX,784124926,3615615843,MANAGER,3336C0003X,tier_1_primary_pharmacy,Y,Y,
1679119093,DOUGHERTYS PHARMACY HUMBLE LLC,211 FM 1960 BYPASS RD E,,HUMBLE,TX,773383605,2814469191,AUTHORIZED OFFICIAL,3336C0003X,tier_1_primary_pharmacy,Y,Y,
1942846449,"W, DAVIS RX LLC",3421 W DAVIS ST STE 200,,CONROE,TX,773041846,9367035232,CORPORATE OFFICER,3336C0003X,tier_1_primary_pharmacy,Y,Y,
1215573472,"LOVE AND HEALTHCARE PHARMACY, LLC",2540 E PLANO PKWY STE 160,,PLANO,TX,750747400,2145014766,MANAGING MEMBER,333600000X,tier_1_primary_pharmacy,Y,Y,
1376189365,SAI HEALTHWAY PHARMACY LLC,12881 N IH 35 STE 101,,LIVE OAK,TX,782332966,2103147274,OWNER,3336C0003X,tier_1_primary_pharmacy,Y,Y,
1396381224,TEXAS STATE PHARMACY LLC,1314 E SONTERRA BLVD STE 2102,,SAN ANTONIO,TX,782584286,2107041551,PRESIDENT,3336C0003X,tier_1_primary_pharmacy,Y,Y,
1962049627,"MFM PHARMACY, LLC",6912 FM 1488 RD STE B,,MAGNOLIA,TX,773541527,2812144040,PHARMACY MANAGER,333600000X,tier_1_primary_pharmacy,Y,Y,
1225675978,"WOODLANDS PHARMACY GROUP, LLC",1230 RAYFORD BEND,SUITE 200,SPRING,TX,773864692,2812922300,PRESIDENT,3336C0003X,tier_1_primary_pharmacy,Y,Y,
1366089815,LAKE JUNE PHARMACY LLC,11203 LAKE JUNE RD STE 106,,BALCH SPRINGS,TX,751801219,6145995576,MANAGER,3336C0003X,tier_1_primary_pharmacy,Y,Y,
1225675457,TRINITY SPECIALTY PHARMACY LLC,7323 MARBACH RD STE 105,,SAN ANTONIO,TX,782271905,2102336054,OFFICER,3336C0003X,tier_1_primary_pharmacy,Y,Y,
1033756093,"AFA PHARMACY, LLC",8821 S SAM HOUSTON PKWY W STE 100,,MISSOURI CITY,TX,774891495,2812319171,SECRETARY,3336C0003X|3336M0002X|3336S0011X|333600000X,tier_1_primary_pharmacy,Y,Y,
1578101093,"MEMORIAL HERMANN PHARMACY SERVICES, LLC",17510 W GRAND PKWY S STE 190,,SUGAR LAND,TX,774792647,2817255271,VP- RISK MGMT. &  LITIGATION,3336C0003X,tier_1_primary_pharmacy,Y,Y,
1285272690,BUFFALO RX LLC,200 N 15TH ST STE 6A,,CORSICANA,TX,751104500,8777943313,OWNER,3336C0003X,tier_1_primary_pharmacy,Y,Y,
1285272476,ORGANIC PHARMACY LLC,5001 S COOPER ST STE 215,,ARLINGTON,TX,760175993,8178032225,PHARMACIST IN CHARGE,333600000X,tier_1_primary_pharmacy,Y,Y,
1174161244,LEGACY COMMUNITY PHARMACY SERVICES,6441 HIGH STAR DR STE 100,,HOUSTON,TX,770745005,7138143499,SR VP OF PHARMACY,3336C0003X,tier_1_primary_pharmacy,Y,Y,
1699313767,"SUNFLOWER RX, LLC",110 E 7TH ST,,ODESSA,TX,797614506,4326062394,OWNER,3336C0003X|333600000X,tier_1_primary_pharmacy,Y,Y,
1164061974,DERITE PHARMACY LLC,6542 GREATWOOD PKWY STE B,,SUGAR LAND,TX,774796823,2817858242,CFO,333600000X,tier_2_secondary_pharmacy,N,Y,
1578102976,"FUSION RX SPECIALTY PHARMACY, LLC",3848 N TARRANT PKWY STE 150,,FORT WORTH,TX,762445424,8175627871,OFFICER,3336C0003X,tier_1_primary_pharmacy,Y,Y,
1922648013,BELZIK PHARMACY LLC,3927 SPENCER HWY,,PASADENA,TX,775041200,8326237314,PHARMACIST,3336C0003X|3336C0004X,tier_1_primary_pharmacy,Y,Y,
1073153011,"FALCON PHARMACY OF TEXAS #2, INC",2435 TEXAS PKWY STE B,,MISSOURI CITY,TX,774894061,2812087401,AUTHORIZED OFFICIAL,3336C0003X,tier_1_primary_pharmacy,Y,Y,
1154951390,"MEDRX SPECIALTY PHARMACY, LLC",19255 PARK ROW STE 103,,HOUSTON,TX,770847310,7133033189,CEO/OWNER,3336C0003X,tier_1_primary_pharmacy,Y,Y,
1912537127,FAMILY PHARMACY AT LAS COLINAS LLC,6555 NORTH STATE HWY 161,SUITE B,IRVING,TX,75039,9728303600,VP,3336C0003X,tier_1_primary_pharmacy,Y,Y,
1740810852,CHC CARE SPECIALTY PHARMACY AND CONSULTANTS LLC,14211 COIT RD STE 1,,DALLAS,TX,752542862,9728072527,PHARMACY DIRECTOR,3336C0003X|333600000X,tier_1_primary_pharmacy,Y,Y,
1699305797,SIGNATURE HEALTH PHARMACY LLC,3425 HIGHWAY 6 STE 104,,SUGAR LAND,TX,774784439,2814949935,MEMBER,3336S0011X|3336C0004X|3336L0003X|333600000X|3336C0003X,tier_1_primary_pharmacy,Y,Y,
1023648847,RIVERS STATE PHARMACY LLC,1919 AVENUE H STE 100,,ROSENBERG,TX,774712629,8323633179,OWNER/DIRECTOR,3336C0003X,tier_1_primary_pharmacy,Y,Y,
1649800186,A & S PHARMACY LLC,2600 CORDES DR STE E,,SUGAR LAND,TX,774791352,8325573601,AUTHORIZED OFFICIAL,333600000X|3336H0001X|3336S0011X|3336C0003X,tier_1_primary_pharmacy,Y,Y,
1245860535,VIVMEDS PHARMACY CORPORATION,3303 UNICORN LAKE BLVD # 280,,DENTON,TX,762100160,9402264849,PHARMACIST,3336C0004X|3336S0011X|3336C0003X,tier_1_primary_pharmacy,Y,Y,
1871124214,"BETTER HEALTH PHARMACY, LLC",8615 S HULEN ST STE 115,,FORT WORTH,TX,761232762,6827083499,MANAGING MEMBER,3336L0003X|3336C0003X,tier_1_primary_pharmacy,Y,Y,
1770115131,ELIZ PHARMACY LLC,4800 SUGAR GROVE BLVD STE 385,,STAFFORD,TX,774772930,8328864526,CEO,333600000X|3336C0003X,tier_1_primary_pharmacy,Y,Y,
1063044154,OCHNA HEALTH PHARMACY,4749 WILLIAMS DR STE 304,,GEORGETOWN,TX,786333700,5123486615,MANAGER,333600000X,tier_1_primary_pharmacy,Y,Y,
1811529712,"MEKASON PHARMACY BIG SPRING , INC",602 E CAMPBELL ST,,KERMIT,TX,797454427,4325860116,OFFICER,3336L0003X|3336C0003X,tier_1_primary_pharmacy,Y,Y,
1285266189,"MEKASON PHARMACY LAMESA, INC",2348 TEXAS ST,,PECOS,TX,797727337,4324450141,OFFICER,3336C0003X,tier_1_primary_pharmacy,Y,Y,
1912539818,GREENVILLE PHARMACY LLC,801 S GREENVILLE AVE STE 105A,,ALLEN,TX,750023322,4696561092,MANAGING OFFICER,3336C0003X,tier_1_primary_pharmacy,Y,Y,
1285266940,"PARTON PHARMACY, LLC",211 E COKE RD,,WINNSBORO,TX,754943213,9033423669,CFO,3336C0003X|3336L0003X,tier_1_primary_pharmacy,Y,Y,
1629601174,PRESCRIPT ASSIST PHARMACY LLC,301 S 9TH ST STE 102,,RICHMOND,TX,774693448,8327047760,MANAGER,3336C0003X,tier_1_primary_pharmacy,Y,Y,
1275166399,ESSENCE PHARMACY LLC,201 VINTON RD,,VINTON,TX,798218811,2817025229,PHARMACY OWNER,3336C0003X,tier_1_primary_pharmacy,Y,Y,
1700419769,BURLESON PHARMACY LLC,344 SW WILSHIRE BLVD STE P,,BURLESON,TX,760285343,8177205555,PHARMACY MANAGER,333600000X,tier_1_primary_pharmacy,Y,Y,
1629601489,GOODVALUE PHARMACY LLC,3795 FM 3009,BLDG B SUITE 300-A,SCHERTZ,TX,781542711,2109036822,MEMBER,333600000X|3336C0003X,tier_1_primary_pharmacy,Y,Y,
1457985970,LIFETIME RX LLC,255 W LEBANON STE 200A,,FRISCO,TX,750363411,4694797777,PIC/OWNER,3336C0003X,tier_1_primary_pharmacy,Y,Y,
1003440389,"JAMES MCCOY'S MIDTOWN DRUG STORE, INC",1417 S WILLIS,,ABILENE,TX,79605,3252328866,OWNER/MANAGER,3336C0003X,tier_1_primary_pharmacy,Y,Y,
1447884689,ADITYA PHARMACY LLC,8223 FREDERICKSBURG RD STE 101,,SAN ANTONIO,TX,782293355,2102639615,OFFICER,3336C0003X,tier_1_primary_pharmacy,Y,Y,
1235763277,MACPRINCE PHARMACY INC.,6080 S HULEN ST STE 320,,FORT WORTH,TX,761322634,6822502229,PRESIDENT/OWNER,3336C0003X,tier_1_primary_pharmacy,Y,Y,
1982238804,AUSTIN RX PHARMACY LLC,1701 HIGHWAY 90 W STE F,,SEALY,TX,774743881,9792561451,OFFICER,3336C0003X,tier_1_primary_pharmacy,Y,Y,
1306470075,RIO VALLEY RX LLC,16215 STUEBNER AIRLINE RD # 500,,SPRING,TX,773797325,2815478923,OWNER,3336C0003X,tier_1_primary_pharmacy,Y,Y,
1447885611,RAS PHARMACY LLC,3250 W PLEASANT RUN RD STE 165,,LANCASTER,TX,751461071,4692974877,PRESIDENT,3336C0003X,tier_1_primary_pharmacy,Y,Y,
1336775527,LIFELINE PHARMACY 1 LLC,2500 W TRENTON ROAD,SUITE 12,EDINBURG,TX,78539,9562555515,MANAGING MEMBER,3336C0003X,tier_1_primary_pharmacy,Y,Y,
1811523905,PHARMA SOURCE RX INC,19855 SOUTHWEST FWY STE 220,,SUGAR LAND,TX,774796536,2817622020,MANAGING OFFICER/OWNER,3336L0003X|3336C0003X,tier_1_primary_pharmacy,Y,Y,
1407482599,TOT PHARMACY LLC,656 W. BRAZOS DRIVE,,WEST COLUMBIA,TX,774867748,9793453925,MANAGER,3336C0003X,tier_1_primary_pharmacy,Y,Y,
1336776780,LOTUS RX INC,105 N SHANNON ST,,KAUFMAN,TX,751421836,9729240404,PHARMACY MANAGER,3336C0003X,tier_1_primary_pharmacy,Y,Y,
1851928279,PIONEER PHAMILY PHARMACY LLC,2440 S COLLINS ST STE 130,,ARLINGTON,TX,760141239,8175836998,PHARMACY MANAGER,333600000X|3336C0003X,tier_1_primary_pharmacy,Y,Y,
1609403716,"CORINTH COMMUNITY PHARMACY, LLC.",3001 F.M. 2181,SUITE 450,CORINTH,TX,76210,9404877455,OWNER/PHARMACIST IN CHARGE,3336C0003X,tier_1_primary_pharmacy,Y,Y,
1073140026,"MARINA BAY PHARMACY, LLC",1416 E MAIN ST STE C,,LEAGUE CITY,TX,775734153,8329323696,CORPORATE OFFICER,3336C0003X,tier_1_primary_pharmacy,Y,Y,
1386264547,AMC PHARMACY INC.,2813 N COMMERCE ST STE 115,,FORT WORTH,TX,761067245,6827031523,PHARMACY MANAGER,3336L0003X|3336C0003X,tier_1_primary_pharmacy,Y,Y,
1477173417,METROPLEX PHARMACY SOLUTIONS LLC,12700 HILLCREST RD STE 218,,DALLAS,TX,752302071,2142277645,MANAGING OFFICER,333600000X|3336H0001X,tier_2_secondary_pharmacy,N,Y,
1487275764,"COMMUNITY OF HOUSTON PHARMACY, LLC",3533 S DAIRY ASHFORD RD STE G,,HOUSTON,TX,770825536,8322883696,MANAGING MEMBER,3336C0003X,tier_1_primary_pharmacy,Y,Y,
1124649272,N-ELITE PHARMACY LLC,4806 RIVERSTONE BLVD STE A,,MISSOURI CITY,TX,774594092,2817784808,OWER/PIC,3336C0003X,tier_1_primary_pharmacy,Y,Y,
1396366449,HEALTH GURU RX CORP,107A EAST ST,,HUTTO,TX,786344323,5128466004,PHARMACIST IN CHARGE,3336C0003X,tier_1_primary_pharmacy,Y,Y,
1407478522,"WILSON PHARMACY GROUP, LLC",309 N MAIN,,LOCKNEY,TX,79241,8066523353,OWNER,3336C0003X,tier_1_primary_pharmacy,Y,Y,
1376165498,"WILSON PHARMACY GROUP, LLC",701 COMMERCE STREET,,SILVERTON,TX,79257,8068232109,OWNER,3336C0003X,tier_1_primary_pharmacy,Y,Y,
1295357242,"BEST CHOICE RX PHARMACY, LLC",2235D W 15TH ST,,PLANO,TX,750757435,8183349513,OWNER,3336C0003X,tier_1_primary_pharmacy,Y,Y,
1649892365,ROYALTY PHARMACY PLUS LLC,9100 SOUTHWEST FWY STE 107,,HOUSTON,TX,770741596,7134975572,PHARMACIST IN CHARGE,3336C0003X,tier_1_primary_pharmacy,Y,Y,
1588287965,TRUMED PHARMACY,720 AVENUE F N STE 1,,BAY CITY,TX,774149574,9794294044,MANAGING OFFICER,3336C0003X,tier_1_primary_pharmacy,Y,Y,
1346863636,BRYAN PHARMACY LLC,3926 AVENUE H STE 2,,ROSENBERG,TX,774712842,9793995899,CEO,3336C0003X,tier_1_primary_pharmacy,Y,Y,
1518580422,"MEDSTORK RX, LLC",1413 E INTERSTATE 30 STE 6,,GARLAND,TX,750434784,8887005702,OWNER,333600000X,tier_1_primary_pharmacy,Y,Y,
1528681335,"NB PHARMACY, LLC",409 NE FRONT ST.,,NEW BOSTON,TX,755707557,9033145944,MANAGING MEMBER,3336C0003X,tier_1_primary_pharmacy,Y,Y,
1245854645,SHILOH PHARMACY INC.,3035 S SHILOH RD STE 150,,GARLAND,TX,750412497,4698550294,CEO,333600000X,tier_1_primary_pharmacy,Y,Y,
1194349431,SOUTHERN STAR PHARMACY 002,2698 N GALLOWAY AVE STE 108,,MESQUITE,TX,751506390,4696466057,DIRECTOR OF PHARMACY,333600000X|3336C0003X,tier_1_primary_pharmacy,Y,Y,
1316562143,MIX IT RX LLC,4775 LEXINGTON BLVD,,MISSOURI CITY,TX,774592801,3463417995,PHARMACIST-IN-CHARGE,3336C0004X|3336S0011X|333600000X|3336C0003X,tier_1_primary_pharmacy,Y,Y,
1235754078,FIESTA RX LLC,407 E ORANGE AVE,,ORANGE GROVE,TX,78372,3613844077,GENERAL MANAGER,333600000X|3336C0003X,tier_1_primary_pharmacy,Y,Y,
1710502067,WEST LAKE RX LLC,1255 SW LOOP 410 STE 120,,SAN ANTONIO,TX,782271666,2105146252,OWNER,3336C0003X,tier_2_secondary_pharmacy,N,Y,
1124643200,DL PHARMACY,801 E DEBBIE LN,,MANSFIELD,TX,760633179,8172878044,OWNER,333600000X,tier_1_primary_pharmacy,Y,Y,
1255956223,"CURE RX, LLC",1400 N COIT RD STE 402,,MCKINNEY,TX,750716657,4699028041,PRESIDENT,333600000X|3336C0003X,tier_1_primary_pharmacy,Y,Y,
1447876172,"HORIZON PHARMACY, LLC",1909 MARTIN DR,,WEATHERFORD,TX,760866702,8173416706,OWNER,3336C0003X,tier_1_primary_pharmacy,Y,Y,
1659997393,ELEVATE PHARMACY LLC,6825 BANDERA RD,,LEON VALLEY,TX,782381359,2102553626,OWNER,3336C0003X,tier_1_primary_pharmacy,Y,Y,
1639795289,"DENTON APOTHECARY, LP",306 N LOOP 288 STE 210,,DENTON,TX,762094887,1111111111,MANAGING PARTNER,3336C0003X,tier_1_primary_pharmacy,Y,Y,
1275159758,HUNT'S PHARMA RX LLC,3667 COUNTY ROAD 2134 STE A,,GREENVILLE,TX,754024652,9034234560,OWNER,3336C0003X,tier_1_primary_pharmacy,Y,Y,
1366068710,ROSS-SCOTT PHARMACY LLC,802 TEXAS PKWY STE 2A,,STAFFORD,TX,774776400,2819698695,PRESIDENT,3336L0003X|3336C0003X,tier_1_primary_pharmacy,Y,Y,
1710503164,MPN2 PHARMACY MGT LLC,3100 RR 620 S STE 500,,LAKEWAY,TX,787385635,5122702311,OFFICER,333600000X,tier_1_primary_pharmacy,Y,Y,
1740807700,KSH RX,2442 LILLIAN MILLER PKWY STE 115,,DENTON,TX,762052902,9405360460,PHARMACIST IN CHARGE,3336C0003X,tier_1_primary_pharmacy,Y,Y,
1003433764,ALL MEDS RX,"2520 AVENUE K, SUITE 600",SUITE 600,PLANO,TX,75074,2142808486,MANAGER,3336C0003X,tier_1_primary_pharmacy,Y,Y,
1003433376,MAXOR NATIONAL PHARMACY SERVICES LLC,6101 43RD ST STE C,,LUBBOCK,TX,794073750,8006586046,"PRESIDENT, PHARMACY SERVICES",3336H0001X|3336S0011X|333600000X|3336C0003X,tier_1_primary_pharmacy,Y,Y,
1932726155,"GULF INTERNATIONAL PHARMACY, INC",12144 DAIRY ASHFORD RD STE 100G,,SUGAR LAND,TX,774786212,7135626775,BUSINESS OWNER,3336C0003X,tier_1_primary_pharmacy,Y,Y,
1114545571,MEDLIFE PHARMACY,213 HIGHWAY 37 STE 200&300,,MOUNT VERNON,TX,754573106,9037065065,MANAGER/OWNER,3336C0003X,tier_1_primary_pharmacy,Y,Y,
1316565963,"ALLEN SPECIALTY PHARMACY, INC",1816 S FM 51 STE 1600,,DECATUR,TX,762343665,9403995330,OFFICER,3336C0003X,tier_1_primary_pharmacy,Y,Y,
1235757881,"CENTRAL BEDFORD PHARMACY, LLC",2117 CENTRAL DR STE 103,,BEDFORD,TX,760215883,6827383099,PHARMACIST IN CHARGE,3336C0003X,tier_1_primary_pharmacy,Y,Y,
1588282057,NEUGEN PHARMACY,9275 RICHMOND AVE STE 114,,HOUSTON,TX,770633949,8325826247,PIC/OWNNER,3336C0003X,tier_1_primary_pharmacy,Y,Y,
1285242438,OK PHARMACY NORTH LLC,311 N D SALINAS AVE,,DONNA,TX,785372929,9564612020,PHARMACIST IN CHARGE,3336C0003X,tier_1_primary_pharmacy,Y,Y,
1346859071,"ENNIS SPECIALTY PHARMACY, INC",601 S CLAY ST STE 108,,ENNIS,TX,751195771,4699017100,OFFICER,3336C0003X,tier_1_primary_pharmacy,Y,Y,
1790394427,"MEKASON PHARMACY ODESSA, INC",1312 N MAIN ST,,ANDREWS,TX,797143660,4322232265,OWNER,3336C0003X,tier_1_primary_pharmacy,Y,Y,
1043829658,"GRAPEVINE PHARMACY, INC",2637 IRA E WOODS AVE STE 200,,GRAPEVINE,TX,760519012,8174162222,OWNER,3336C0003X,tier_1_primary_pharmacy,Y,Y,
1487264461,WOORI PHARMACY LLC,2405 S STEMMONS FWY STE 220,,LEWISVILLE,TX,750678770,4699685000,OWNER,3336C0003X,tier_1_primary_pharmacy,Y,Y,
1437769288,BEDSIDE MANOR PHARMACY,12401 S POST OAK RD STE 215,,HOUSTON,TX,770452021,8328887694,OWNER/PIC,3336C0003X,tier_1_primary_pharmacy,Y,Y,
1619587375,TEXAS CARE PHARMACY LLC,7814 ALMEDA RD,,HOUSTON,TX,77054,4098775070,OFFICER,3336C0003X,tier_1_primary_pharmacy,Y,Y,
1518578046,TEXAS CENTRAL RX LLC,2270 SPRINGLAKE RD STE 800,,FARMERS BRANCH,TX,752345852,8883629587,OWNER,333600000X,tier_1_primary_pharmacy,Y,Y,
1336751270,"STEPHENSON PHARMACY, LLC",1000 S FLEISHEL AVE,,TYLER,TX,757012037,9035930236,MANAGER,3336C0003X,tier_1_primary_pharmacy,Y,Y,
1104439629,RXMED PHARMACY PLLC,502 N VALLEY PKWY STE 1A,,LEWISVILLE,TX,750673437,4699491003,OWNER,333600000X|3336C0003X,tier_1_primary_pharmacy,Y,Y,
1265045751,HOMECARE PHARMACY LLC,8700 S BRAESWOOD BLVD STE B2,,HOUSTON,TX,770311338,8328319357,PHARMACIST IN CHARGE,333600000X|3336C0003X,tier_1_primary_pharmacy,Y,Y,
1407469471,"ALTO PHARMACY, LLC",6201 W PLANO PKWY STE 400,,PLANO,TX,750934907,8008745881,SR. MANAGER OF REIMBURSEMENTS,333600000X,tier_1_primary_pharmacy,Y,Y,
1992318760,NEVATEX PHARMACY LLC,6465 STATE HWY 78,SUITE 105,NEVADA,TX,75173,8669499999,OWNER,3336C0003X,tier_1_primary_pharmacy,Y,Y,
1104430750,KSH RX LLC,2442 LILLIAN MILLER PKWY STE 115,,DENTON,TX,762052902,9405360460,OFFICER,3336C0003X,tier_1_primary_pharmacy,Y,Y,
1164037594,NANES PHARMACY LLC,17030 NANES DR STE 105A,,HOUSTON,TX,770902503,8326662065,PRESIDENT,3336C0003X|333600000X,tier_1_primary_pharmacy,Y,Y,
1649885195,"ROCKET PHARMACY, INC.",316 W 12TH ST STE LL050,,AUSTIN,TX,787011815,8889007361,CEO,3336C0003X,tier_1_primary_pharmacy,Y,Y,
1396350666,"PATIENT CARE SERVICES PHARMACY CONSULTING, LLC",2000 N CENTRAL EXPY STE 214,,PLANO,TX,750745487,2144402689,PHARMACIST,333600000X,tier_1_primary_pharmacy,Y,Y,
1073128187,5 STAR PHARMACY LLC,801 S GREENVILLE AVE STE 105A,,ALLEN,TX,750023322,4696401255,OFFICER,3336C0003X,tier_1_primary_pharmacy,Y,Y,
1952917817,DICKINSON PHARMACY LLC,3717 HIGHWAY 3 STE D,,DICKINSON,TX,775398024,8327690153,OWNER,3336C0003X,tier_1_primary_pharmacy,Y,Y,
1790391654,PHS SUC PHARMACY LLC,624 W MAIN ST STE 101,,LEAGUE CITY,TX,775733890,8329164674,MANAGING PARTNER,3336C0003X,tier_1_primary_pharmacy,Y,Y,
1295341147,MO CITY APOTHECARY LLC,3708 MCHARD RD,SUITE F,MISSOURI CITY,TX,77489,2818095552,OWNER/PHARMACIST,3336C0002X|3336C0003X,tier_2_secondary_pharmacy,N,Y,
1760098511,CHAPPELLE'S APOTHECARY LLC,117 E MAIN ST,,FORNEY,TX,751264136,4696025078,PIC,3336C0003X,tier_1_primary_pharmacy,Y,Y,
1003422650,MY DELIVERY PHARMACY,6356 S PEEK RD STE 1200,,KATY,TX,774507190,2817178760,PHARMACIST IN CHARGE,3336C0003X,tier_1_primary_pharmacy,Y,Y,
1548876691,PUREHEALTH PHARMACY LLC,8750 MAIN ST STE 204,,FRISCO,TX,750333085,2143086730,PRESIDENT,3336C0003X,tier_1_primary_pharmacy,Y,Y,
1346857471,"TULSON PHARMACY, LLC",3235 HOLMAN ST,,HOUSTON,TX,770043541,8324122973,OWNER,3336C0003X,tier_1_primary_pharmacy,Y,Y,
1700493665,"COMMUNITY HEALTH RX, LLC",24275 KATY FWY STE 400,,KATY,TX,774947267,3059243247,OWNER,3336C0003X,tier_1_primary_pharmacy,Y,Y,
1811594823,TAHA PHARMACY,1383 BUNKER HILL RD,101,HOUSTON,TX,77055,8324096333,OWNER/PIC,3336C0003X,tier_1_primary_pharmacy,Y,Y,
1750988523,BEST DISCOUNT PHARMACY INC,2025 AVENUE G STE A,,ROSENBERG,TX,774712537,8322807747,MANAGER,3336C0003X,tier_1_primary_pharmacy,Y,Y,
1326645276,FRAZIER PHARMACY LLC,932 W DALLAS ST STE E,,CONROE,TX,773012260,2813770685,OWNER,3336C0003X,tier_1_primary_pharmacy,Y,Y,
1891392387,"ALTO PHARMACY, LLC",475 STATE HIGHWAY 121 BYP STE 150,,LEWISVILLE,TX,750678154,8008745881,SR. MANAGER OF REIMBURSEMENT,3336S0011X|333600000X|3336C0003X,tier_1_primary_pharmacy,Y,Y,
1538766019,HPB PHARMACY,6410 FANNIN ST STE 116,,HOUSTON,TX,770303006,7137991472,OWNER,3336C0003X,tier_1_primary_pharmacy,Y,Y,
1700483112,PHARMA SOURCE RX INC,19855 SOUTHWEST FWY.,STE. 220,SUGAR LAND,TX,77479,2817622020,OFFICER,3336L0003X|3336C0003X,tier_1_primary_pharmacy,Y,Y,
1174120562,MEDELA PHARMACY INC,6550 MAPLERIDGE ST STE 200,,HOUSTON,TX,770814647,7134346557,OFFICER/ PHARMACIST-IN-CHARGE,333600000X,tier_1_primary_pharmacy,Y,Y,
1396343588,HELIOS PHARMACY LLC,430 S HIGHWAY 78 STE 160,,WYLIE,TX,750983974,9723466350,PRESIDENT,3336C0003X,tier_1_primary_pharmacy,Y,Y,
1205434495,ATLAS PHARMACY LLC,2310 VIRGINIA PKWY STE 100,,MCKINNEY,TX,750713555,4694241870,PRESIDENT,3336C0003X,tier_1_primary_pharmacy,Y,Y,
1164020897,"PRINCIPLE LEAGUE PHARMACY, LLC",1815 E MAIN ST,,LEAGUE CITY,TX,77573,8329445800,OWNER,3336C0003X,tier_1_primary_pharmacy,Y,Y,
1346849643,RGVMEDS PHARMACY LLC,2606 E RICHARDSON RD,,EDINBURG,TX,78542,2146503918,MEMBER,3336C0003X,tier_1_primary_pharmacy,Y,Y,
1346849536,STAFFORD PHARMACY,508 MURPHY RD STE E,,STAFFORD,TX,774775449,8326787100,OWNER,3336C0003X,tier_1_primary_pharmacy,Y,Y,
1861091977,A MEDIZONA PHARMACY,3700 BARKER CYPRESS RD,SUITE 700,HOUSTON,TX,77084,8323215476,OWNER,3336C0003X,tier_1_primary_pharmacy,Y,Y,
1952900078,NUDO PHARMACY LLC,104 INDUSTRIAL BLVD STE 201,,SUGAR LAND,TX,774783174,7135175472,PHARMACIST IN CHARGE,3336C0003X,tier_1_primary_pharmacy,Y,Y,
1194324277,RITE SCRIPTS PHARMACY INC,13835 WESTHOLLOW PARK DR APT 2805,,HOUSTON,TX,770821885,8324173042,DIRECTOR,3336C0003X,tier_1_primary_pharmacy,Y,Y,
1356942767,"RXASSIST PHARMACY, INC.",17020 BEAVER SPRINGS DR STE 8,,HOUSTON,TX,770902398,8329409996,PRESIDENT / PIC,3336C0003X,tier_1_primary_pharmacy,Y,Y,
1275135808,READY PHARMACY INC,10301 HARWIN DR STE 3,,HOUSTON,TX,770362793,7134975595,MANAGER,3336C0003X,tier_1_primary_pharmacy,Y,Y,
1700488236,WEST CHURCH RX LLC,106 W HANSON ST,,CLEVELAND,TX,773274406,2817616670,AUTHORIZED OFFICIAL,3336C0003X,tier_1_primary_pharmacy,Y,Y,
1558963090,WEST MILL PHARMACY LLC,300 BYPASS LN STE 204,,LIVINGSTON,TX,773518416,9363271168,OFFICER,333600000X|3336C0003X,tier_1_primary_pharmacy,Y,Y,
1881296366,HEALTH CORNER PHARMACY LLC,30417 5TH ST STE C,,FULSHEAR,TX,774412508,2813468743,OFFICER,3336C0003X,tier_1_primary_pharmacy,Y,Y,
1790387165,FJD PHARMACY LLC,1111 FM 517 RD E,,DICKINSON,TX,775398644,8329304822,MANAGING PARTNER,3336C0003X,tier_1_primary_pharmacy,Y,Y,
1639772445,BLUESTONE PHARMACY LLC,555 REPUBLIC DR STE 108,,PLANO,TX,750745427,4695911680,OWNER,333600000X|3336C0003X,tier_1_primary_pharmacy,Y,Y,
1922601822,LELA PHARMACY LLC,1713 SW MILITARY DR STE 100,,SAN ANTONIO,TX,782211430,2103481532,MANAGING OFFICER,3336S0011X|3336C0003X,tier_1_primary_pharmacy,Y,Y,
1558966507,PHARMACY 36 LLC,1310 1ST ST STE B,,ROSENBERG,TX,774713302,3468430041,MANAGER,3336C0003X,tier_1_primary_pharmacy,Y,Y,
1417551417,"SPRINGWOOD PHARMACY, LLC",6404 NURSERY DRIVE,SUITE 101,VICTORIA,TX,77904,3618946835,MANAGER,3336C0003X|333600000X,tier_1_primary_pharmacy,Y,Y,
1316542939,SUGAR LAND FAMILY PHARMACY LLC,16701 CREEK BEND DRIVE,SUITE 550,SUGAR LAND,TX,77478,2813025827,OWNER,3336C0003X,tier_1_primary_pharmacy,Y,Y,
1811593791,SMILE RX PHARMACY,490 IH 10 N STE 400,,BEAUMONT,TX,777021819,4095548168,OWNER,3336C0003X,tier_1_primary_pharmacy,Y,Y,
1922604354,DEXTER PHARMACY LLC,4708 DEXTER DR STE 110,,PLANO,TX,750935288,4694608880,ADMINISTRATOR,333600000X,tier_1_primary_pharmacy,Y,Y,
1639775869,US SCRIPTS RX LLC,133 W OVILLA RD,,GLENN HEIGHTS,TX,751542388,9729205050,OFFICER,333600000X,tier_1_primary_pharmacy,Y,Y,
1912503194,"IRIDIUM SPECIALTY PHARMACY, PLLC",11303 CHIMNEY ROCK RD # 105,,HOUSTON,TX,770352901,7133247235,ADMINISTRATOR,3336S0011X|333600000X|3336H0001X,tier_1_primary_pharmacy,Y,Y,
1447856604,JW PHARMACY,310 MCKEEVER #A3,,ARCOLA,TX,77583,2819155928,MANAGING OFFICER,3336C0004X|3336C0003X,tier_1_primary_pharmacy,Y,Y,
1174119267,PECAN PHARMACY,2885 DULLES AVE,,MISSOURI CITY,TX,774592950,8325396092,OWNER,3336C0003X,tier_1_primary_pharmacy,Y,Y,
1831785336,BETTER LIFE PHARMACY LLC,653 PIN OAK RD STE B4,,KATY,TX,774946327,2817992823,AUTHORIZED OFFICIAL,3336C0003X,tier_1_primary_pharmacy,Y,Y,
1255927703,EAGLE PHARMACY HIDEAWAY,14077 FM 849,,LINDALE,TX,757715160,9038815752,PRESIDENT,3336C0003X,tier_1_primary_pharmacy,Y,Y,
1538755806,KEYSTONE PHARMACY,11242 FM 1960 RD W STE 106,,HOUSTON,TX,770653635,8328638113,MANAGER,3336C0003X,tier_1_primary_pharmacy,Y,Y,
1942898002,PHARMAVIDA RX INC,2116 W GRIFFIN PKWY STE A,,PALMVIEW,TX,785729733,9565532116,OFFICER,3336C0003X,tier_1_primary_pharmacy,Y,Y,
1790373553,BARKER CYPRESS PHARMACY AND COMPOUNDING INC,705 S FRY RD STE 105,,KATY,TX,774502252,7136313117,DIRECTOR,3336C0003X,tier_1_primary_pharmacy,Y,Y,
1639768070,GAINES PHARMACY LLC,3900 AMERICAN DR STE 101B,,PLANO,TX,750756188,4694569657,MANAGER,3336C0003X,tier_1_primary_pharmacy,Y,Y,
1447849237,TEXAS PHARMACY MANAGEMENT GROUP LLC,3716 22ND ST,,LUBBOCK,TX,794101312,5613797750,OWNER ASSISTANT,3336C0002X|3336C0004X|3336L0003X|3336C0003X,tier_1_primary_pharmacy,Y,Y,
1255921623,GLOBAL PHARMACY CARE INC,13155 BISSONNET ST STE 100,,HOUSTON,TX,770992264,7132089252,MANAGING OFFICER/PIC/DIRECTOR,3336C0003X,tier_1_primary_pharmacy,Y,Y,
1881284263,PECAN PHARMACY LLC,1850 LAKEPOINTE DR STE 300,,LEWISVILLE,TX,750576443,2142279765,PRESIDENT/OFFICER,3336C0003X,tier_1_primary_pharmacy,Y,Y,
1366032302,PLUM CREEK PHARMACY LLC,4217 BENNER STE 430,,KYLE,TX,786402555,5122890257,MANAGER,3336C0003X,tier_1_primary_pharmacy,Y,Y,
1982294898,LIFECHEK CARRIZO LLC NITRILIS RX #2,17215 RED OAK DR STE 103,,HOUSTON,TX,770902611,2816023487,AUTHORIZED OFFICIAL,3336L0003X|3336C0003X,tier_1_primary_pharmacy,Y,Y,
1831780535,CARINGRX PHARMACY,5944 W PARKER RD STE 120,,PLANO,TX,750936431,4696803700,DIRECTOR,3336C0003X,tier_1_primary_pharmacy,Y,Y,
1114518552,DES PHARMACY LLC,13405 SOUTHWEST FWY,STE 111,SUGARLAND,TX,774783559,8327777059,MANAGING PARTNER,3336C0003X,tier_1_primary_pharmacy,Y,Y,
1902498678,ANGELO PHARMACY CORP,2910 SHERWOOD WAY STE 100,,SAN ANGELO,TX,769013516,3252307259,DIRECTOR,3336C0003X,tier_1_primary_pharmacy,Y,Y,
1952993305,MEMORIAL PHARMACY,7017 S STAPLES ST STE 103B,,CORPUS CHRISTI,TX,784135507,5047821733,PHARMACIST,3336L0003X|3336M0002X|3336C0003X,tier_1_primary_pharmacy,Y,Y,
1962094185,"CARE MART PHARMACY, LLC.",1219 BARRANCA DR STE A,,EL PASO,TX,799354601,9152135457,PHARMACIST IN CHARGE,3336C0003X,tier_1_primary_pharmacy,Y,Y,
1659963759,BEL NOME PHARMACY LLC,818 E VILLA MARIA RD,,BRYAN,TX,778025337,9792892211,MANAGER/OWNER,3336C0003X,tier_1_primary_pharmacy,Y,Y,
1205429099,UPNT PHARMACY LLC,5005 S COOPER ST STE 251,,ARLINGTON,TX,760175994,8663678768,MANAGING PARTNER,3336C0003X,tier_1_primary_pharmacy,Y,Y,
1568056463,DS PHARMACY LLC,4500 E SAM HOUSTON PKWY S STE 100,,PASADENA,TX,775053956,2817413462,OFFICER,3336C0003X,tier_1_primary_pharmacy,Y,Y,
1902490428,W5 PHARMACY,1110 E WALKER ST,,BRECKENRIDGE,TX,764243824,2543668291,OWNER/PIC,3336C0004X|3336C0003X,tier_1_primary_pharmacy,Y,Y,
1205420478,DESIRE PHARMACY INC,5631 TELEPHONE RD STE C,,HOUSTON,TX,770874485,7139936580,MANAGING OFFICER,3336L0003X|3336C0003X,tier_1_primary_pharmacy,Y,Y,
1407441173,TEXAS MEDS RX INC,301 S 9TH ST STE 100,,RICHMOND,TX,774693448,8324493270,OFFICER,3336C0003X,tier_1_primary_pharmacy,Y,Y,
1548855034,GATEWAY FAMILY PHARMACY LLC,109 WILSON AVE STE B,,ELSA,TX,78543,9566904280,PHARMACIST,3336C0003X,tier_1_primary_pharmacy,Y,Y,
1386229169,MEDTECH LOCAL PHARMACY INC,2345 50TH ST STE 201,,LUBBOCK,TX,794122565,8003998805,DIRECTOR / PRESIDENT,3336C0003X,tier_1_primary_pharmacy,Y,Y,
1164007605,PC PHARMACY INC,1916 N GRAND AVE,,SHERMAN,TX,750902610,9033286655,OWNER,3336C0003X,tier_1_primary_pharmacy,Y,Y,
1629653027,MD SPECIALTY PHARMACY,1300 BAY AREA BLVD STE B230,,HOUSTON,TX,770582505,3462307984,OWNER,3336C0004X|3336M0002X|3336C0003X,tier_1_primary_pharmacy,Y,Y,
1124603451,HEALTH WISE AFFORDABLE PHARMACY,214 W AHLDAG ST,,WHARTON,TX,774882410,9782829473,OFFICER,3336C0003X,tier_1_primary_pharmacy,Y,Y,
1063098200,AUSADHI RX LLC,606 S SEVEN POINTS DR STE 5,,SEVEN POINTS,TX,751439117,9034320922,MANAGER,3336C0003X,tier_1_primary_pharmacy,Y,Y,
1982280160,LIFECARE PHARMACY 23 INC,4500 S PLEASANT VALLEY RD # 100,,AUSTIN,TX,787442911,5126482700,OWNER,333600000X|3336I0012X|3336L0003X,tier_1_primary_pharmacy,Y,Y,
1447836374,"CAPITAL APOTHECARY, LLC",2802 GARTH RD STE 101,,BAYTOWN,TX,775213924,2817646135,PRINCIPAL,333600000X|3336C0004X|3336L0003X|3336C0003X,tier_1_primary_pharmacy,Y,Y,
1801472626,"WILSON PHARMACY GROUP, LLC",1224 MAIN STREET,,MATADOR,TX,79244,8066523353,MANAGING MEMBER,3336C0003X,tier_1_primary_pharmacy,Y,Y,
1245817105,R&N PHARMACY RX LLC,209 W COOMBS ST,,ALVIN,TX,775112826,3463092332,OFFICE MANAGER,3336C0003X,tier_1_primary_pharmacy,Y,Y,
1760069223,DUMDIETER PHARMACY LLC,2047 W MAIN STREET,SUITE A-10,LEAGUE CITY,TX,77573,2812077575,OWNER,3336C0003X,tier_1_primary_pharmacy,Y,Y,
1235717406,DELIVERIT PHARMACY BEDFORD INC,2901 BROWN TRL,,BEDFORD,TX,760214107,4699050777,CEO,333600000X|3336C0004X|3336C0003X,tier_1_primary_pharmacy,Y,Y,
1801475488,RADIANT PHARMACY LLC,1100 FM 1092 RD STE D,,MISSOURI CITY,TX,774591588,8324407061,OWNER,333600000X,tier_1_primary_pharmacy,Y,Y,
1174102586,ST MICHAEL'S PHARMACY LLC,5102 AVENUE H,,ROSENBERG,TX,774712014,2817621120,PHARMACIST-IN-CHARGE/OWNER,3336C0003X,tier_1_primary_pharmacy,Y,Y,
1477132280,"DILLEY PHARMACY, LLC",801 WEST FM 117,,DILLEY,TX,78017,8303263127,MANAGER,3336C0003X,tier_1_primary_pharmacy,Y,Y,
1003496738,KENT PHARMACY LLC,6800 ALMA DR STE 102,,PLANO,TX,750230001,2149917356,OWNER,3336C0003X,tier_1_primary_pharmacy,Y,Y,
1609456870,TEXAS PLUS PHARMACY LLC,3616 BROADWAY ST,,GALVESTON,TX,775504037,4093569520,MANAGER,3336C0003X,tier_1_primary_pharmacy,Y,Y,
1992385165,EMINENT RX LLC,24420 FM 1314 RD # 300,,PORTER,TX,773655489,2817477553,MANAGING MEMBER,333600000X,tier_1_primary_pharmacy,Y,Y,
1306426234,CROWN PHARMACY LLC,26795 US HIGHWAY 380 E STE 800,,AUBREY,TX,762277852,8324395325,OWNER/MANAGER,3336C0003X,tier_1_primary_pharmacy,Y,Y,
1427638428,UNITED TEXAN PHARMACY,2909 HILLCROFT ST STE 602,,HOUSTON,TX,770575847,2818884139,OWNER / PHARMACIST,3336C0004X|3336L0003X|3336C0003X,tier_1_primary_pharmacy,Y,Y,
1053991992,"LOBO RX, LLC",2212 N SEYMOUR AVE STE B,,LAREDO,TX,780403409,9566150900,OWNER,3336C0003X,tier_1_primary_pharmacy,Y,Y,
1881275311,POWER CENTER PHARMACY #2,2419 TEXAS PKWY STE 100,,MISSOURI CITY,TX,774894089,8329871116,OWNER,3336C0003X,tier_1_primary_pharmacy,Y,Y,
1447832902,DSD PHARMACY LLC,13017 JESS PIRTLE BLVD STE 200,,SUGAR LAND,TX,774782880,3463555373,MANAGING MEMBER,3336C0003X,tier_1_primary_pharmacy,Y,Y,
1508449547,ALSEDRA PHARMACY LLC,9031 WESTHEIMER RD,,HOUSTON,TX,77063,8324750725,PHARMACIST IN CHARGE/OWNER,3336S0011X|3336C0003X,tier_1_primary_pharmacy,Y,Y,
1184207250,"CLEARFORK PHARMACY, LLC",2901 ACME BRICK PLZ STE 204,,FORT WORTH,TX,761094124,2057894507,OWNER,3336C0003X,tier_1_primary_pharmacy,Y,Y,
1750965786,VALLEY PHARMACY LLC,129 N FM 3167 STE B,,RIO GRANDE CITY,TX,785826211,9564872711,OWNER,3336C0003X,tier_1_primary_pharmacy,Y,Y,
1811561046,MEDIOAK PHARMACY LLC,3129 HIGHWAY 6,,SUGAR LAND,TX,774784367,2819809979,PIC,3336C0004X|3336S0011X|3336C0003X,tier_1_primary_pharmacy,Y,Y,
1346814381,RAYMONDVILLE DRUG LLC,3150 INTERNATIONAL BLVD STE 100,,BROWNSVILLE,TX,785213214,9562805773,OWNER,3336C0003X,tier_1_primary_pharmacy,Y,Y,
1689248585,MED-RX PLUS LLC,9000 SOUTHWEST FWY STE 150,,HOUSTON,TX,770741517,8325828216,PHARMACY MANAGER,3336C0004X|3336L0003X|3336M0002X|3336S0011X|3336C0003X,tier_1_primary_pharmacy,Y,Y,
1396319265,TOTAL EXCEL PHARMACY LLC,11003 ANTOINE DR STE F,,HOUSTON,TX,770861428,3462702903,OWNER,3336C0003X,tier_1_primary_pharmacy,Y,Y,
1770157554,CARETAKER PHARMACY LLC,10540 FM 1960 RD W STE A,,HOUSTON,TX,770706339,2816539414,OWNER,3336L0003X|3336C0003X,tier_1_primary_pharmacy,Y,Y,
1427622810,COIT RX LLC,4100 W 15TH ST STE 204,,PLANO,TX,750935801,9728055332,MANAGING OFFICER,333600000X,tier_1_primary_pharmacy,Y,Y,
1801460159,PANTECH RX INC,7630 FRY RD STE A-500,,CYPRESS,TX,774333375,8324276267,OFFICER,3336C0003X,tier_1_primary_pharmacy,Y,Y,
1871168229,VITASOURCE PHARMACY LLC,3806 AVENUE I STE 28,,ROSENBERG,TX,774713951,8447440101,OFFICER,3336C0003X|333600000X,tier_1_primary_pharmacy,Y,Y,
1730755828,"STARCREST RX, LLC",12151 JONES MALTSBERGER RD STE 113,,SAN ANTONIO,TX,782474233,2103103113,OWNER,333600000X,tier_1_primary_pharmacy,Y,Y,
1558937581,"ASCENSION PHARMACY SERVICES, LLC.",7701 METROPOLIS DR STE 200B,,AUSTIN,TX,787443125,8336337279,CHIEF OPERATIONS OFFICER,333600000X|3336M0002X|3336C0003X,tier_1_primary_pharmacy,Y,Y,
1376119925,TEXAS HEALTH PHARMACY LLC,5350 INDEPENDENCE PKWY # 110A,,FRISCO,TX,750354652,9037712472,MANAGING MEMBER,3336C0003X,tier_1_primary_pharmacy,Y,Y,
1568038123,DISPENSARY RX CORP,4112 AVENUE I,,ROSENBERG,TX,774713954,2819161364,OWNER,3336C0003X,tier_1_primary_pharmacy,Y,Y,
1497321095,BETTER MED PHARMACY LLC,301 HIGHWAY 59 LOOP S STE J,,LIVINGSTON,TX,773519095,9363272577,OFFICER,3336C0003X,tier_1_primary_pharmacy,Y,Y,
1962079939,PHARMACY SAVINGS,20221 CLAY RD STE B,,KATY,TX,774492783,2819449456,CEO,3336C0003X,tier_1_primary_pharmacy,Y,Y,
1548837669,PRECISIONMED PHARMACY,630 MURPHY RD STE 108,,STAFFORD,TX,774775928,9373041216,OWNER,3336C0003X,tier_1_primary_pharmacy,Y,Y,
1518535020,HARMONY PHARMACY LLC,4800 SUGAR GROVE BLVD STE 314,,STAFFORD,TX,774772630,3463094979,OFFICER,333600000X,tier_1_primary_pharmacy,Y,Y,
1730757931,WELLRX PHARMACY INC,2930 S BUCKNER BLVD,,DALLAS,TX,752276907,4697098231,OWNER,333600000X|3336C0003X,tier_1_primary_pharmacy,Y,Y,
1922677301,ALTO PHARMACY LLC,4175 FREIDRICH LN STE 202,,AUSTIN,TX,787441017,8008745881,SR. MANAGER OF REIMBURSEMENT,333600000X|3336C0003X|3336S0011X,tier_1_primary_pharmacy,Y,Y,
1205405248,GLENDALE PHARMACY LLC,4203 GARDENDALE ST STE 223C,,SAN ANTONIO,TX,782293177,2106175507,MANAGING OFFICER,3336S0011X|3336C0003X,tier_1_primary_pharmacy,Y,Y,
1114596905,NEUGEN PHARMACY INC.,503 FM 359 RD STE 150,,RICHMOND,TX,774065197,8325826247,PHARMACIST-IN-CHARGE,3336C0003X,tier_1_primary_pharmacy,Y,Y,
1376112177,"APEX HEALTH RX, LLC",505 N INTERSTATE 35 RD STE 400,,RED OAK,TX,751542319,4698209818,OWNER,3336C0003X,tier_1_primary_pharmacy,Y,Y,
1194395533,AFFORDABLE CARE PHARMACY LLC,13515 SOUTHWEST FWY STE 208,,SUGAR LAND,TX,774783547,3463505465,OFFICER,333600000X,tier_1_primary_pharmacy,Y,Y,
1316517345,STARLUX RX LLC,3880 PARKWOOD BLVD STE 602B,,FRISCO,TX,750341931,4697774543,PIC,3336C0003X,tier_1_primary_pharmacy,Y,Y,
1568032480,COASTAL PLAZA PHARMACY LLC,501 GULF FWY S STE 108,,LEAGUE CITY,TX,775733537,7133432299,MANAGING OFFICER,333600000X,tier_1_primary_pharmacy,Y,Y,
1770154486,BEAR'S COMPOUNDING PHARMACY LLC,109 W 7TH ST STE 115,,GEORGETOWN,TX,786265720,5128070622,PHARMACIST IN CHARGE,3336C0003X,tier_1_primary_pharmacy,Y,Y,
1922679562,"NORTH TEXAS PHARMACY, LLC",2741 VIRGINIA PKWY STE 800,,MCKINNEY,TX,750715027,9728763214,OFFICER,3336C0003X,tier_1_primary_pharmacy,Y,Y,
1083285225,ALPHA RX LLC,1012 N DAVIS DR # 1014,,ARLINGTON,TX,760123240,8175385251,PHARMACY MANAGER,3336C0004X|3336C0003X,tier_1_primary_pharmacy,Y,Y,
1366014300,HEMMANUEL PHARMACY,3914 N JACKSON RD,,PHARR,TX,785777768,9563052798,PHARMACISTS,3336C0003X,tier_1_primary_pharmacy,Y,Y,
1700458213,"BULLDOG PHARMACY, LLC",115 N HOUSTON ST,,EDGEWOOD,TX,751172502,9033851122,OWNER/PIC,3336C0004X|3336C0003X,tier_1_primary_pharmacy,Y,Y,
1366014888,APLOMB CARE PHARMACY,2639 CORDES DR STE A,,SUGAR LAND,TX,774791353,2812777623,OWNER/ PHARMACIST IN CHARGE,3336C0003X,tier_1_primary_pharmacy,Y,Y,
1699347880,PLANO APOTHECARY LP,5501 INDEPENDENCE PKWY STE 110-B,,PLANO,TX,750235463,4692942001,MANAGING PARTNER,3336C0003X,tier_1_primary_pharmacy,Y,Y,
1265004394,SUNNYSIDE PEDIATRIC PHARMACY,5817 PATTON ST STE 100,,CORPUS CHRISTI,TX,784142428,3618069100,CHIEF OPERATING OFFICER,3336C0002X|3336C0003X,tier_1_primary_pharmacy,Y,Y,
1295308724,SKIPCARE PHARMACY LLC,21013 OLD SORTERS RD STE C,,PORTER,TX,773657083,2815773276,OWNER,3336C0003X,tier_1_primary_pharmacy,Y,Y,
1962176248,FLASHFILL PHARMACY,8484 WILL CLAYTON PKWY STE 1,,HUMBLE,TX,773385830,8329955202,MANAGEMENT,3336C0002X|3336C0003X,tier_1_primary_pharmacy,Y,Y,
1205500691,MAATAJI RX CORP,6533 PRESTON RD STE 300,,PLANO,TX,750242691,9723785920,PHARMACIST IN CHARGE,333600000X,tier_1_primary_pharmacy,Y,Y,
1043985278,CBK PHARMACY LLC,311 CAMDEN STE 103,,SAN ANTONIO,TX,78215,2102277207,GENERAL MANAGER,3336C0003X,tier_1_primary_pharmacy,Y,Y,
1275208233,"HUYNH WELLNESS PHARMACY, LLC",156 FM 1960 RD STE F,,HOUSTON,TX,770731816,2816454024,OWNER,3336C0003X,tier_1_primary_pharmacy,Y,Y,
1306511324,GALVESTON BROADWAY DRUG LLC,2027 BROADWAY AVE J,,GALVESTON,TX,775504635,4097657701,MANAGING MEMBER,3336C0003X,tier_1_primary_pharmacy,Y,Y,
1922773977,EVEREST WALLISVILLE PHARMACY LLC,2730 FM 1092 RD STE 100,,MISSOURI CITY,TX,774594368,3463811110,OFFICER,3336C0003X,tier_1_primary_pharmacy,Y,Y,
1326713132,PATIENT PRIME RX PHARMACY LLC,620 MURPHY RD STE 113,,STAFFORD,TX,774775927,8322900233,OFFICER,333600000X,tier_1_primary_pharmacy,Y,Y,
1104591882,"UNIVERSAL RX PHARMACY, LLC",6519 LAWNDALE ST,,HOUSTON,TX,770233912,7139266001,OWNER,3336C0003X,tier_1_primary_pharmacy,Y,Y,
1396411849,ELITE RX COMPOUNDING AND PHARMACY LLC,8035 HIGHWAY 6 STE 130,,MISSOURI CITY,TX,774592818,2819152166,MANAGER,3336C0004X|3336L0003X|3336M0002X|3336C0003X,tier_1_primary_pharmacy,Y,Y,
1861168346,"ASCENSION PHARMACY SERVICES, LLC.",7701 METROPOLIS DR STE 200B,,AUSTIN,TX,787443125,8336337279,CHIEF OPERATING OFFICER,333600000X|3336S0011X|3336C0003X,tier_1_primary_pharmacy,Y,Y,
1073289096,SUNNYSIDE PEDIATRIC PHARMACY,13310 LEOPARD ST STE 28,,CORPUS CHRISTI,TX,784104486,3612484232,PHARMACIST IN CHARGE,3336C0003X,tier_1_primary_pharmacy,Y,Y,
1093481970,EVEREST WALLISVILLE PHARMACY CARE LLC,16344 WALLISVILLE ROAD SUITE 700,,HOUSTON,TX,77049,3463811110,PIC,3336C0003X,tier_1_primary_pharmacy,Y,Y,
1205504503,STERLING PHARMACY LLC,2035 FM 359 RD STE K,,RICHMOND,TX,774061142,2817621901,OFFICER,3336C0003X,tier_1_primary_pharmacy,Y,Y,
1386313617,REMEDY RX LLC,13405 SOUTHWEST FWY STE 102,,SUGAR LAND,TX,774783589,8329444219,MANAGING OFFICER,333600000X,tier_1_primary_pharmacy,Y,Y,
1962172684,PHARMACY D'AFRIQUE LLC,11111 KATY FWY STE 910,,HOUSTON,TX,770792119,7133950753,CEO AND DIRECTOR OF OPERATIONS,333600000X,tier_1_primary_pharmacy,Y,Y,
1912677360,GREAT RISING PHARMACY,3806 AVENUE I STE 3,,ROSENBERG,TX,774713951,8323633708,OWNER,3336C0003X,tier_1_primary_pharmacy,Y,Y,
1740950039,DISCOUNT RX LLC,12345 JONES RD STE 160,,HOUSTON,TX,770704958,8329124458,OWNER,3336L0003X|3336C0003X,tier_1_primary_pharmacy,Y,Y,
1265102404,IV RX PHARMACY LLC,14019 SOUTHWEST FWY STE 201,,SUGAR LAND,TX,774783551,2813026050,MANAGING MEMBER,3336C0003X,tier_1_primary_pharmacy,Y,Y,
1225708225,LEGACY APOTHECARY LP,150 N COPPELL RD STE PHARMACY,,COPPELL,TX,750192293,9723710067,MANAGING PARTNER,3336C0003X,tier_1_primary_pharmacy,Y,Y,
1114698768,RADIANT PHARMACY LLC,1100 FM 1092 RD STE D,,MISSOURI CITY,TX,774591588,8324407061,OWNER,3336C0003X,tier_1_primary_pharmacy,Y,Y,
1013689595,ARIES PHARMACY LLC,8030 FM 1765 STE A104,,TEXAS CITY,TX,775913689,4099950826,MANAGING OFFICER,3336C0003X,tier_1_primary_pharmacy,Y,Y,
1699447037,BROOKSTAN PHARMACY LLC,1215 S COULTER ST STE 101,,AMARILLO,TX,791061761,8063507451,MEMBER/OWNER,333600000X|3336L0003X,tier_1_primary_pharmacy,Y,Y,
1922760172,"WHITWAR DRUG, LLC",2819 CULLEN PARKWAY #120,,PEARLAND,TX,775847758,7136843079,OWNER,333600000X,tier_1_primary_pharmacy,Y,Y,
1902568165,CULEBRA RX PHARMACY,9793 CULEBRA RD STE 101,,SAN ANTONIO,TX,782513750,2108868686,PIC,3336C0003X,tier_1_primary_pharmacy,Y,Y,
1841952108,CITY PHARMACY OF JUNCTION INC,1610 MAIN ST,,JUNCTION,TX,768493518,3254462511,PRESIDENT,333600000X|3336C0003X,tier_1_primary_pharmacy,Y,Y,
1386307437,"HOMETOWN WELLNESS PHARMACY, INC",1975 N VETERANS BLVD STE 3A,,EAGLE PASS,TX,788524456,8302138485,OFFICER,3336C0003X,tier_1_primary_pharmacy,Y,Y,
1386307155,MORRIS CARE PHARMACY LLC,213 W SCURRY ST STE C,,DAINGERFIELD,TX,756381661,9032891900,"MANAGER, PHARMACY OPERATIONS",3336C0003X,tier_1_primary_pharmacy,Y,Y,
1467115220,EVEREST TC JESTER PHARMACY LLC,11626 T C JESTER BLVD # 700,,HOUSTON,TX,770671322,8327724100,PHARMACIST IN CHARGE,3336C0003X,tier_1_primary_pharmacy,Y,Y,
1992468318,BION PHARMACY LLC,7207 REGENCY SQUARE BLVD STE 203,,HOUSTON,TX,770363024,7137851960,PRESIDENT,3336C0003X|3336H0001X,tier_1_primary_pharmacy,Y,Y,
1841954609,LA FE PHARMACY LLC,3122 SPENCER HWY STE E,,PASADENA,TX,775041162,7138427857,OWNER,3336C0003X,tier_1_primary_pharmacy,Y,Y,
1700540291,AVANT PHARMACY LLC,8124 ANTOINE DR STE A,,HOUSTON,TX,770882844,8325982262,OWNER,3336C0003X,tier_1_primary_pharmacy,Y,Y,
1063177301,AVIVA PHARMACY LLC,104 INDUSTRIAL BLVD STE 204,,SUGAR LAND,TX,774783174,8326103633,MANAGING MEMBER,333600000X,tier_1_primary_pharmacy,Y,Y,
1366107450,EAST PARK PHARMACY INC,918 E PARK ROW DR,,ARLINGTON,TX,760104507,8176172069,PRESIDENT,333600000X,tier_1_primary_pharmacy,Y,Y,
1013672922,FREEDOM RX LLC,202 W RICE ST,,FALFURRIAS,TX,783553704,3613252662,OWNER,3336C0003X,tier_1_primary_pharmacy,Y,Y,
1457017873,FIRSTLINE RX LLC,2838 N LOOP 1604 E SUITE 108,SAN ANTONIO,SAN ANTONIO,TX,782321711,2104814269,MANAGER/OWNER,3336C0003X,tier_1_primary_pharmacy,Y,Y,
1023774866,NORTHPOINT PHARMACY LLC,11023 NORTHPOINTE BLVD STE F,,TOMBALL,TX,773752340,8327617913,OWNER,3336C0003X,tier_1_primary_pharmacy,Y,Y,
1134886237,MEDCITY PHARMACY LLC,3334 FM 1092 RD STE 450A,,MISSOURI CITY,TX,774592287,8329871671,OFFICER,3336L0003X|3336M0002X|3336C0003X,tier_1_primary_pharmacy,Y,Y,
1841958261,ST. ANTHONY'S RX CONSULTING,5900 BALCONES DR STE 100,,AUSTIN,TX,787314298,5097682249,PHARMACIST,333600000X,tier_1_primary_pharmacy,Y,Y,
1730847054,A PLUS PHARMACY LLC,12430 EDGEMERE BLVD STE 209,,EL PASO,TX,799384576,9157044333,PIC,3336C0003X,tier_1_primary_pharmacy,Y,Y,
1841958048,HEALTH WISE PHARMACY LLC,4639 S MAIN ST,,STAFFORD,TX,774774726,3463505243,MANAGING OFFICER,3336C0003X|333600000X,tier_1_primary_pharmacy,Y,Y,
1053070649,RX WORLD LLC,1409 SHILOH RD STE 170,,PLANO,TX,750748258,4696619007,PHARMACIST IN CHARGE/ OWNER,3336C0003X,tier_1_primary_pharmacy,Y,Y,
1699435339,AGGIELAND PHARMACY LLC,3601 E 29TH ST STE 14,,BRYAN,TX,778023815,9798030036,OWNER,3336C0003X,tier_1_primary_pharmacy,Y,Y,
1083374110,SERVMED RX LLC,307 S FRIENDSWOOD DR STE D1,,FRIENDSWOOD,TX,775463950,3463138575,MANAGER,3336C0003X,tier_1_primary_pharmacy,Y,Y,
1982365748,COLLINS RX LLC,2160 N COLLINS ST STE 120,,ARLINGTON,TX,760112877,4693076162,MANAGING MEMBER,333600000X|3336C0004X|3336C0003X,tier_1_primary_pharmacy,Y,Y,
1568113579,H&H FAMILY PHARMACY LLC,4800 SUGAR GROVE BLVD STE 604,,STAFFORD,TX,77477,3463505411,OWNER OFFICER,333600000X|3336M0003X|3336C0003X,tier_1_primary_pharmacy,Y,Y,
1922759646,SYNERY TEX RX LLC,620 MURPHY RD STE 207,,STAFFORD,TX,774775927,2819697129,DIRECTOR,3336C0003X,tier_1_primary_pharmacy,Y,Y,
1962153312,GENERATION RX INC.,206 N MAIN ST,,WEST,TX,766911207,2548265292,PHARMACIST IN CHARGE,333600000X|3336L0003X,tier_1_primary_pharmacy,Y,Y,
1053062406,ROMAN HEALTH PHARMACY LLC,805 W CARRIER PKWY STE 240,,GRAND PRAIRIE,TX,750501089,8887988686,PRESIDENT,333600000X|3336M0002X,tier_1_primary_pharmacy,Y,Y,
1104578277,"ST. JUDE PHARMACY, LLC",203 E DAVIS ST STE B,,CONROE,TX,773013160,9362171018,ADMINISTRATOR,3336C0003X,tier_1_primary_pharmacy,Y,Y,
1356093405,KADUCEUS PHARMACY LLC,13462 FM 529 RD STE 200,,HOUSTON,TX,770412529,8328617976,OWNER,3336C0003X,tier_1_primary_pharmacy,Y,Y,
1629720727,PALO DURO PHARMACY OPERATIONS LLC,1901 MEDIPARK DR.,BLDG C SUITE 3,AMARILLO,TX,79106,8063531217,CHIEF OPERATING OFFICER,3336C0003X,tier_1_primary_pharmacy,Y,Y,
1811649528,"BELLAIRE BEST PHARMACY, LLC",11360 BELLAIRE BLVD STE 360,,HOUSTON,TX,770722532,2817412563,OWNER PHARMACIST IN CHARGE,333600000X,tier_1_primary_pharmacy,Y,Y,
1982356457,"TIN RX 808, INC.",3403 LOUETTA RD.,SUITE D,SPRING,TX,77388,8325143401,CEO,3336C0003X,tier_1_primary_pharmacy,Y,Y,
1598418022,TRUE CARE FAMILY PHARMACY PLLC,1100 N TOWN EAST BLVD STE 101,,MESQUITE,TX,751504679,9727070313,OWNER,3336C0003X,tier_1_primary_pharmacy,Y,Y,
1639823628,RIVER ROAD PHARMACY,119 CENTRAL AVE,,STRAWN,TX,764755124,8308165312,PHARMACIST-IN-CHARGE,3336C0003X,tier_1_primary_pharmacy,Y,Y,
1629722582,WECARE PHARMACY CORP.,9851 FM 1097 RD W STE 195,,WILLIS,TX,773185851,9362863288,PIC,3336C0004X|3336C0003X,tier_1_primary_pharmacy,Y,Y,
1235883919,"FIRST CHOICE RX, LLC",14302 ALICE RD,,TOMBALL,TX,773776226,8324223221,OFFICER/PIC,3336C0003X,tier_1_primary_pharmacy,Y,Y,
1649924382,DMS PALLIATIVE PHARMACY INC,7320 HIGHWAY 90A STE 140,,SUGAR LAND,TX,774783391,2812018281,CEO/PRESIDENT,3336C0003X,tier_1_primary_pharmacy,Y,Y,
1215682554,REMINGTON PHARMACY INC.,3626 N MACARTHUR BLVD STE 230,,IRVING,TX,750623643,9724570194,MANAGING OFFICER,333600000X|3336C0004X|3336C0003X,tier_1_primary_pharmacy,Y,Y,
1306591235,"A T PHARMACY MANAGEMENT, LLC",315 N SHILOH RD STE 102,,GARLAND,TX,750425783,8178322239,OWNER,3336C0003X,tier_1_primary_pharmacy,Y,Y,
1205582400,RAINS PHARMACY,392 E LENNON DR,,EMORY,TX,75440,9039531392,OWNER,3336C0003X,tier_1_primary_pharmacy,Y,Y,
1013664614,"BG&M PHARMACY, LLC",2410 FOREST PARK BLVD,,FORT WORTH,TX,761101702,6822503116,OWNER/MANAGER,3336C0003X,tier_1_primary_pharmacy,Y,Y,
1376291070,"MAJESTIC RX ENTERPRISES, LLC",15211 FONDREN RD # A-600,,MISSOURI CITY,TX,774891456,3469075591,OWNER,3336C0003X,tier_1_primary_pharmacy,Y,Y,
1649929878,"MEDSTORK RX, LLC",1413 E INTERSTATE 30 STE 6,,GARLAND,TX,750434784,2144846641,OWNER,333600000X,tier_1_primary_pharmacy,Y,Y,
1407506678,VFT PHARMACY LLC,11104 W AIRPORT BLVD STE 119,,STAFFORD,TX,774773043,2816177047,MANAGING OFFICER,3336C0003X,tier_1_primary_pharmacy,Y,Y,
1134869936,RM PHARMACY LLC,4205 BROADWAY ST STE 203,,PEARLAND,TX,775814117,2815068734,OWNER,3336C0003X,tier_1_primary_pharmacy,Y,Y,
1528709870,"BETTER CARE PHARMACY, LLC",117 LANE DR STE 32,,ROSENBERG,TX,774712263,8324516177,MANAGING MEMBER,3336C0003X,tier_1_primary_pharmacy,Y,Y,
1013659416,PRIMED PHARMACY LLC,7255 BISSONNET ST,,HOUSTON,TX,770745801,7132919264,PRESIDENT,333600000X,tier_1_primary_pharmacy,Y,Y,
1710629134,CARENOW PHARMACY,1933 E FRANKFORD RD STE 120,,CARROLLTON,TX,750075394,3054956058,PIC,3336C0003X,tier_1_primary_pharmacy,Y,Y,
1952043481,ADVANCED PHARMACY SERVICES LLC,4020 21ST ST STE 1,,LUBBOCK,TX,794101126,8066968010,MANAGER,333600000X|3336H0001X,tier_2_secondary_pharmacy,N,Y,
1184367609,C&E APOTHECARY AND WELLNESS INC,13602 WILLIE MELTON BLVD,,KENDLETON,TX,774511400,8327154977,PHARMACY MANAGER,3336C0003X,tier_1_primary_pharmacy,Y,Y,
1780327122,REJUVENATION PHARMACY INCORPORATED LLC,1550 NORWOOD DR STE 300,,HURST,TX,760543653,8887993879,CHIEF PHARMACY OFFICER,3336M0002X|3336C0003X|3336S0011X,tier_1_primary_pharmacy,Y,Y,
1205579604,MINDFUL PHARMACY LLC,2701 OSLER DR STE 1,,GRAND PRAIRIE,TX,750518351,2142651818,MEDICAL DIRECTOR,333600000X,tier_1_primary_pharmacy,Y,Y,
1295478444,ZAFA PHARMACY LLC,15119 WALLISVILLE RD STE 100C,,HOUSTON,TX,770494629,8324493016,OWNER/PIC,3336C0004X|3336C0003X,tier_1_primary_pharmacy,Y,Y,
1942943816,AVALON RX INC,12811 BEAMER RD STE 2A,,HOUSTON,TX,770896140,8325003575,OWNER,333600000X|3336C0003X,tier_1_primary_pharmacy,Y,Y,
1063156396,V PHARMACY INC,1404 W WALNUT HILL LN STE 100,,IRVING,TX,750383016,9724459070,DIRECTOR,3336C0003X,tier_1_primary_pharmacy,Y,Y,
1992441018,CHRISTIAN FAMILY PHARMACY INC,3517 N MAIN ST,,BAYTOWN,TX,775214117,2818377682,OWNER,333600000X,tier_1_primary_pharmacy,Y,Y,
1538806013,SHOAL CREEK PHARMACY OPERATIONS LLC,3418 N LAMAR BLVD STE 200,,AUSTIN,TX,787051116,5126003332,CHIEF OPERATING OFFICER,3336C0003X,tier_1_primary_pharmacy,Y,Y,
1255078549,MESQUITE PHARMACY RX LLC,1320 NORTH GALLOWAY AVE,#102,MESQUITE,TX,75149,9722851761,OWNER,3336C0003X,tier_1_primary_pharmacy,Y,Y,
1568100170,MEDCITY PHARMACY LLC,3334 FM 1092 RD STE 450A,,MISSOURI CITY,TX,774592214,8329871671,OFFICER,3336C0003X,tier_1_primary_pharmacy,Y,Y,
1215675723,SWIFT PHARMACY,2743 IMPERIA DR STE 104,,SUGAR LAND,TX,774798988,2814164986,PHARMACIST-IN-CHARGE,333600000X,tier_1_primary_pharmacy,Y,Y,
1831837194,"ECLECTIC RX CONSULTING, INC.",2000 CRAWFORD ST STE 105,,HOUSTON,TX,770029071,3469805828,OWNER,333600000X,tier_1_primary_pharmacy,Y,Y,
1144969494,CLARITY PHARMACY LLC,1531 HIGHWAY 90 A,,MISSOURI CITY,TX,774891226,2819695720,OFFICER,3336C0003X,tier_1_primary_pharmacy,Y,Y,
1689303539,"ONCOLOGY PHARMACY SERVICES , INC.",9180 PINECROFT DR STE 600,,SHENANDOAH,TX,773803883,8326165126,REVENUE CYCLE MANAGER,3336C0003X,tier_1_primary_pharmacy,Y,Y,
1710616222,"AUSTIN COMPOUNDING PHARMACY, LLC",3010 BEE CAVES RD STE 100,,AUSTIN,TX,787465526,5123277455,PHARMACIST IN CHARGE,3336C0004X|3336C0003X,tier_1_primary_pharmacy,Y,Y,
1538898051,LINK PHARMACY CORP,18484 PRESTON RD STE 300,,DALLAS,TX,752525475,4692481000,OWNER,333600000X|3336C0002X|3336C0004X|3336H0001X|3336L0003X|3336M0002X|3336S0011X|3336C0003X,tier_1_primary_pharmacy,Y,Y,
1083344550,KESEM HEALTH PHARMACY LLC,15827 SUNDEW PRAIRIE DR,,HUMBLE,TX,773464897,2608041669,CEO,3336C0003X,tier_1_primary_pharmacy,Y,Y,
1265163539,SAMPLES RX LLC,12927 W BELLFORT AVE,,SUGAR LAND,TX,774781838,8328507102,PRESIDENT,3336C0003X,tier_1_primary_pharmacy,Y,Y,
1881325827,PEARLAND HOLISTIC PHARMACY LLC,9639 SCARSDALE BLVD STE 102,,PEARLAND,TX,775811417,2817419548,OWNER,3336C0003X,tier_1_primary_pharmacy,Y,Y,
1265163901,NORTEX PHARMACY LLC,5796 E STATE HIGHWAY 114 STE 5A,,HASLET,TX,760522079,8179848722,OFFICER,3336C0003X,tier_1_primary_pharmacy,Y,Y,
1023740958,GLENDALE PHARMACY FRISCO LLC,7447 HILLCREST RD STE 105A,,FRISCO,TX,750356297,9722929571,PHARMACIST,3336C0003X,tier_1_primary_pharmacy,Y,Y,
1912630526,H&M PHARMACY LLC,13310 BEAMER RD STE E,,HOUSTON,TX,770896045,8326722828,OWNER,3336C0003X,tier_1_primary_pharmacy,Y,Y,
1417680943,PHARMACY PLUS INC,101 PLAZA PL STE 100,,NORTHLAKE,TX,762263485,4699499797,PRESIDENT,3336C0004X|3336C0003X,tier_1_primary_pharmacy,Y,Y,
1891428132,RX EXPRESS LLC,1270 CRABB RIVER RD STE 800,,RICHMOND,TX,774695635,2819377483,OWNER,3336C0003X,tier_1_primary_pharmacy,Y,Y,
1235862319,DUMLIGHT PHARMACY LLC,3535 GULF FWY # 3515,,DICKINSON,TX,775394120,2816788703,CORPORATE OFFICER,3336C0003X,tier_1_primary_pharmacy,Y,Y,
1841923703,WINDIES COMMUNITY RX,5201 HIGHWAY 6 STE 200,,MISSOURI CITY,TX,774594398,2819697722,MANAGING OFFICER,3336C0003X,tier_1_primary_pharmacy,Y,Y,
1750014528,EASY CARE PHARMACY LLC,1210 COTTONWOOD CREEK TRL STE 210,,CEDAR PARK,TX,786132688,7372360992,MANAGER,3336C0003X,tier_1_primary_pharmacy,Y,Y,
1457084253,IVATION PHARMACY LLC,305 N HEATHERWILDE BLVD STE 220,,PFLUGERVILLE,TX,786604192,5125498519,"EVP, CLOUD AND SPECIALTY PHARMACY",333600000X,tier_1_primary_pharmacy,Y,Y,
1720711559,VENUS SPECIALTY PHARMACY LLC,800 RIVERWOOD CT STE 104,,CONROE,TX,773042824,9363200333,CHIEF OFFICER,3336C0003X,tier_1_primary_pharmacy,Y,Y,
1376277673,RX 4 LESS LLC,4899 HIGHWAY 6 STE 112C,,MISSOURI CITY,TX,774592180,2819697653,OFFICER,3336C0003X,tier_1_primary_pharmacy,Y,Y,
1356075469,FM 1488 PHARMACY LLC,4849 FM 1488 RD STE 1500,,THE WOODLANDS,TX,773544560,2818641184,MANAGING OFFICER/OWNER,3336C0004X|3336L0003X|3336M0002X|3336S0011X|3336C0003X,tier_1_primary_pharmacy,Y,Y,
1467186577,VERITAS RX PHARMACY LLC,10540 FM 1488 RD STE 130,,MAGNOLIA,TX,773546774,2817894129,OFFICER,3336C0003X,tier_1_primary_pharmacy,Y,Y,
1710611686,ALLIED RX INC,1201 CREEK WAY DR STE C,,SUGAR LAND,TX,774784568,8323653420,PRESIDENT,3336S0011X|333600000X|3336C0003X,tier_1_primary_pharmacy,Y,Y,
1235864828,SONDER PHARMACY LLC,12930 DAIRY ASHFORD RD STE 303,,SUGAR LAND,TX,774784666,3468747989,OWNER/MANAGER,3336C0003X,tier_1_primary_pharmacy,Y,Y,
1346976065,GRACE RX PHARMACY LLC,2239 N MASON RD STE 104,,KATY,TX,774497275,2817588179,PHARMACIST,3336C0003X,tier_1_primary_pharmacy,Y,Y,
1750017489,"BROWN BAG PHARMACY, LLC",505 N SAM HOUSTON PKWY E STE 504,,HOUSTON,TX,770604032,2817419643,CHIEF EXECUTIVE OFFICER,3336C0003X,tier_1_primary_pharmacy,Y,Y,
1639805286,LAREDO FAMILY PHARMACY LLC,313 W VILLAGE BLVD STE 102B,,LAREDO,TX,780412275,9565832700,DIRECTOR,3336C0003X,tier_1_primary_pharmacy,Y,Y,
1942936380,"MEDICAL PARK PHARMACY, INC",1312 N MAIN ST,,ANDREWS,TX,797143660,4322620135,OFFICER,3336C0003X,tier_1_primary_pharmacy,Y,Y,
1952037236,"CURATIVE PHARMACY, LLC",2800 LONGHORN BLVD STE 102,,AUSTIN,TX,787587624,5123202643,DIRECTOR OF PHARMACY OPERATIONS,3336C0003X,tier_1_primary_pharmacy,Y,Y,
1700514734,MEDFUSE RX LLC,2949 BINGLE RD,,HOUSTON,TX,770551009,2818887322,OWNER,3336H0001X|3336S0011X|3336C0003X,tier_1_primary_pharmacy,Y,Y,
1912635590,VERTEX RX LLC,2201 THOMPSON RD STE 103,,RICHMOND,TX,774695475,8324516991,PIC,3336C0003X,tier_1_primary_pharmacy,Y,Y,
1578281606,FATTA DRIVE PHARMACY LLC,2800 W MAIN ST,SUITE H,LEAGUE CITY,TX,77573,3462912922,OFFICER,333600000X,tier_1_primary_pharmacy,Y,Y,
1316665516,ACCOUNTABLE RX LLC,301 S 9TH ST,,RICHMOND,TX,774693448,3468431222,CEO,3336C0003X,tier_1_primary_pharmacy,Y,Y,
1013635549,TODAY PHARMACY INC,3701 OUTLET CENTER DR STE 130,,SEALY,TX,774744909,9792561026,MANAGING OFFICAR,3336C0003X,tier_1_primary_pharmacy,Y,Y,
1386363323,SERVANTS HEART PHARMACY LLC,10110 MONTWOOD DR STE I,,EL PASO,TX,799256244,9154083475,PRESIDENT,333600000X|3336C0003X,tier_1_primary_pharmacy,Y,Y,
1851010763,FLASH MED PHARMACY LLC,630 MURPHY RD STE 108,,STAFFORD,TX,774775928,2812087192,OWNER,3336C0003X,tier_1_primary_pharmacy,Y,Y,
1841919776,READY RX INC,4640 LONG PRAIRIE RD # 300,,FLOWER MOUND,TX,750281758,2148380500,OWNER,3336C0003X,tier_1_primary_pharmacy,Y,Y,
1154041192,"RAY'S CITY DRUG, INC.",105 E HENRY ST,,HAMILTON,TX,765311909,2543863121,OWNER,3336L0003X|3336C0003X,tier_1_primary_pharmacy,Y,Y,
1306567870,HQPP PHARMACY LLC.,2715 FANNIN ST. SUITE C.,,HOUSTON,TX,77002,7136969464,OWNER/CEO,3336C0003X,tier_1_primary_pharmacy,Y,Y,
1144941337,MIDLOTHIAN PHARMACY COMPOUNDING & PRESCRIPTION LLC,2021 S 14TH ST SUITE 130A,,MIDLOTHIAN,TX,76065,4692879697,PHARMACIST,3336C0003X,tier_1_primary_pharmacy,Y,Y,
1780307397,SITLAUSDEO PHARMACY LLC,12123 JONES RD,,HOUSTON,TX,770705208,9364488531,PHARMACIST,3336C0003X|3336C0004X,tier_1_primary_pharmacy,Y,Y,
1962125575,HEALTHPLUS RX LLC,3030 S GESSNER RD STE 276,,HOUSTON,TX,770633733,2818133410,OWNER,333600000X|3336C0003X|3336C0004X,tier_1_primary_pharmacy,Y,Y,
1871216192,HEALTH 1ST PHARMACY,301 S 9TH ST STE 119,,RICHMOND,TX,774693448,8324493167,PHARMACIST,3336C0003X,tier_1_primary_pharmacy,Y,Y,
1356064513,"ONCOLOGY PHARMACY SERVICES, INC",9750 HILLWOOD PKWY,,FORT WORTH,TX,761771507,8176975640,SR. REVENUE CYCLE MANAGER,3336C0003X,tier_1_primary_pharmacy,Y,Y,
1073236139,VICTORY MEDICAL CENTER PHARMACY,4303 VICTORY DR,,AUSTIN,TX,787047507,5122790985,CFO,333600000X|3336C0004X|3336C0003X,tier_1_primary_pharmacy,Y,Y,
1083337133,VILLAGE PHARMACY SOLUTIONS LLC,888 S GREENVILLE AVE STE 301,,RICHARDSON,TX,750815044,4695472426,PHARMACIST IN CHARGE,3336C0003X,tier_1_primary_pharmacy,Y,Y,
1326763285,WELLWISE PHARMACY INC.,2519 N FRAZIER ST STE 3200,,CONROE,TX,773031683,2817621809,OWNER/PIC,3336C0003X,tier_1_primary_pharmacy,Y,Y,
1689399362,A 1 PHARMACY,10161 TX 242,SUITE 130,CONROE,TX,77385,9362245387,MANAGING OFFICER,3336C0003X|333600000X,tier_1_primary_pharmacy,Y,Y,
1245955863,WE CARE RX PHARMACY PLLC,7700 MAIN ST STE 220,,HOUSTON,TX,770304457,8327882940,OWNER,3336C0003X|3336H0001X|3336M0002X|3336S0011X|333600000X|3336C0004X,tier_1_primary_pharmacy,Y,Y,
1073230843,GAINES CARE PHARMACY LLC,701 HOBBS HWY,,SEMINOLE,TX,793603401,4328474777,OWNER,3336C0003X,tier_1_primary_pharmacy,Y,Y,
1346967767,GREATWOOD PHARMACY LLC,19855 SOUTHWEST FWY STE 220,,SUGAR LAND,TX,774796536,2812071075,OFFICER,3336C0003X,tier_1_primary_pharmacy,Y,Y,
1558078634,ROOTS PHARMACY LLC,2601 E YANDELL DR STE 230,,EL PASO,TX,799033760,9152284946,CEO/OWNER,333600000X|3336L0003X|3336C0003X,tier_1_primary_pharmacy,Y,Y,
1710694609,"WINDROSE RX, LLC",20423 KUYKENDAHL RD STE 500,,SPRING,TX,773793493,8325591589,OFFICER,3336L0003X|3336S0011X|3336C0003X,tier_1_primary_pharmacy,Y,Y,
1235847237,NEW CULEBRA PHARMACY LLC,9793 CULEBRA RD STE 101,,SAN ANTONIO,TX,782513750,2107573940,OWNER/PIC,3336C0003X,tier_1_primary_pharmacy,Y,Y,
1346958352,ROPHEKA PHARMACY LLC,340 HAWKINS RUN RD UNIT SUITE400,,MIDLOTHIAN,TX,760656638,4696123827,PIC,3336C0003X,tier_1_primary_pharmacy,Y,Y,
1568170439,QUINLAN PHARMACY LLC,733 E QUINLAN PKWY,,QUINLAN,TX,754748641,9033562449,PRESIDENT,3336C0004X|3336C0003X|3336L0003X,tier_1_primary_pharmacy,Y,Y,
1992413553,J&A PHARMACY LLC,7323 HARRISBURG BLVD STE M,,HOUSTON,TX,770114738,7133304404,OWNER,3336C0003X,tier_1_primary_pharmacy,Y,Y,
1518677848,JAY'S APOTHECARY PHARMACY,2431A FM 1092 RD,,MISSOURI CITY,TX,774591809,2812087535,OWNER,3336C0003X,tier_1_primary_pharmacy,Y,Y,
1851002976,DJI PHARMACY SERVICES LLC,12025 ROJAS DR STE I,,EL PASO,TX,799367721,9159107070,OWNER,3336H0001X|333600000X,tier_2_secondary_pharmacy,N,Y,
1790497766,BWN PHARMACY,2741 E BELT LINE RD STE 106,,CARROLLTON,TX,750065438,2144831065,PHARMACY MANAGER,333600000X|3336C0004X|3336L0003X|3336C0003X,tier_1_primary_pharmacy,Y,Y,
1063125565,LIBERTY RX PHARMACY LLC,13000 MURPHY RD STE 102,,STAFFORD,TX,774773960,3465274545,OWNER,3336C0003X,tier_1_primary_pharmacy,Y,Y,
1508570284,PHARMACY THEORY LLC,11104 W AIRPORT BLVD STE 131A,,STAFFORD,TX,774773035,2817411777,OWNER,333600000X,tier_1_primary_pharmacy,Y,Y,
1194430892,AGERITE PHARMACY LLC,12827 TELGE RD,,CYPRESS,TX,774294102,8327869084,CO-OWNER,333600000X|3336C0003X|3336L0003X|3336C0004X,tier_1_primary_pharmacy,Y,Y,
1578279659,NGUYEN-CRAIG PHARMACY LLC,6840 HIGHWAY 6 STE B,,MISSOURI CITY,TX,774593850,2819697211,PHARMACIST-IN-CHARGE / OWNER,3336C0003X,tier_1_primary_pharmacy,Y,Y,
1891400990,"GIBSON APOTHECARY, LLC",5212 SINCLAIR AVE,,MIDLAND,TX,797076301,4326954950,MANAGER,3336L0003X|3336C0003X,tier_1_primary_pharmacy,Y,Y,
1811603285,"SKYLITE PHARMACY, LLC",490 INTERSTATE 10 N STE 400,,BEAUMONT,TX,777021819,4097578180,OFFICER,3336C0003X,tier_1_primary_pharmacy,Y,Y,
1992411250,GOLD COAST RX PHARMACY,4017 S FRONT ST,,BROOKSHIRE,TX,77423,2817122345,CEO,3336S0011X|3336C0003X,tier_1_primary_pharmacy,Y,Y,
1275239840,EVERION RX,1111 MAIN ST,,EAST BERNARD,TX,774359227,3468430037,OFFICER,3336C0003X,tier_1_primary_pharmacy,Y,Y,
1720784192,UPPER VALLEY PHARMACY LLC,121 E REDD RD,,EL PASO,TX,799321981,9155848882,MANAGER,3336C0003X,tier_1_primary_pharmacy,Y,Y,
1841996303,CASA PHARMA RX PHARMACY,109 INTERSTATE 35 SOUTH,DOOR B,NEW BRAUNFELS,TX,781304817,8306325262,OFFICER,3336C0003X,tier_1_primary_pharmacy,Y,Y,
1073210100,"CAPITAL APOTHECARY II, LLC",4306 YOAKUM BLVD,,HOUSTON,TX,770065851,7134982112,PRINCIPAL,3336C0003X,tier_1_primary_pharmacy,Y,Y,
1992402929,RELICARE PHARMACY INC,16643 W AIRPORT BLVD,,SUGAR LAND,TX,774985088,2813025429,PHARMACIST-IN-CHARGE/OWNER,333600000X|3336C0003X,tier_1_primary_pharmacy,Y,Y,
1386341915,"AZTECA RX PHARMACY, LLC",7101 LAWNDALE ST,,HOUSTON,TX,770234248,7139239150,PHARMACIST,3336C0003X,tier_1_primary_pharmacy,Y,Y,
1033817663,LIVE WELL RX LLC,4001 LONG PRAIRIE RD STE 100,,FLOWER MOUND,TX,750281528,4697714117,OFFICER,3336C0003X,tier_1_primary_pharmacy,Y,Y,
1376243584,ELITE HEALTH RX PHARMACY LLC,18700 BECKER RD STE A101,,HOCKLEY,TX,774476946,3468182658,OWNER,3336C0003X|333600000X,tier_1_primary_pharmacy,Y,Y,
1174223317,MI-MEDS PHARMACY LLC,18021 LONGENBAUGH RD. STE 4A,,CYPRESS,TX,77433,3465517141,OWNER/PIC,3336C0003X,tier_1_primary_pharmacy,Y,Y,
1720789357,HAPPY HOOVES PHARMACY INCORPORATED,1408 SIDNEY BAKER ST,,KERRVILLE,TX,780282725,8309996337,PHARMACIST IN CHARGE,3336L0003X|3336C0003X,tier_1_primary_pharmacy,Y,Y,
1437844305,SIMPLY RX LLC,2103 N RICHMOND RD,,WHARTON,TX,774882720,9795313084,OWNER,3336C0003X,tier_1_primary_pharmacy,Y,Y,
1063107027,THRIVE RX,908 FROST ST # SR,,ROSENBERG,TX,774712366,8327102811,GENERAL MANAGER,333600000X,tier_1_primary_pharmacy,Y,Y,
1487349122,ALLURE COMPOUNDING PHARMACY,8837 LEBANON RD STE 300,,FRISCO,TX,750348654,9018571504,PHARMACIST IN CHARGE,3336C0003X|3336C0004X|333600000X,tier_1_primary_pharmacy,Y,Y,
1003502824,TEXAS CENTRAL RX LLC,2270 SPRINGLAKE RD STE 800,,FARMERS BRANCH,TX,752345852,8883629587,OWNER,3336C0002X|333600000X,tier_1_primary_pharmacy,Y,Y,
1467148908,ULTIMATE PHARMACY LLC,2655 CORDES DR STE 130A,,SUGAR LAND,TX,774791460,2819901690,PHARMACIST,3336C0003X,tier_1_primary_pharmacy,Y,Y,
1316634199,DHILLON PHARMACY LLC,512 SAWDUST RD,,SPRING,TX,773802205,9368284337,OFFICER,3336C0003X,tier_1_primary_pharmacy,Y,Y,
1750078242,VITALTRX PHARMACY,10015 BROADWAY ST STE F,,PEARLAND,TX,775847879,9174704505,DIRECTOR,3336C0004X|3336H0001X|3336S0011X|3336C0003X,tier_1_primary_pharmacy,Y,Y,
1306535307,OPTIMAL BALANCE PHARMACY,2204 CYPRESS CREEK PKWY STE F&G,,HOUSTON,TX,770903113,2819192964,OWNER,3336C0003X|3336C0004X,tier_1_primary_pharmacy,Y,Y,
1689364952,TRINITY RX INC,858 S ROBB ST,,TRINITY,TX,75862,9365944834,PIC/OWNER,3336C0003X,tier_1_primary_pharmacy,Y,Y,
1093405268,VCARERX PHARMACY LLC,101 W FM 120 STE 3,,POTTSBORO,TX,750769689,8177969993,OWNER,3336C0003X,tier_1_primary_pharmacy,Y,Y,
1558052290,HOUSTON PHARMACY CORPORATION,12445 EAST FWY # 100,,HOUSTON,TX,770155522,8666816979,DIRECTOR,3336C0003X,tier_1_primary_pharmacy,Y,Y,
1265124309,"COMMUNITY PHARMACY, LLC",701 PIN OAK RD STE 102,,KATY,TX,774946356,2817056455,OWNER,3336C0003X,tier_1_primary_pharmacy,Y,Y,
1427741503,"ASCENSION PHARMACY SERVICES, LLC.",7701 METROPOLIS DR.,SUITE 200A,AUSTIN,TX,78744,8336337279,VICE PRESIDENT & CHIEF PHARMACY OFF,3336C0003X,tier_1_primary_pharmacy,Y,Y,
1174217244,"JENTRIFY RX, LLC",2637 IRA E WOODS AVE STE 200,,GRAPEVINE,TX,760519012,8174162222,OWNER,333600000X|3336C0003X,tier_1_primary_pharmacy,Y,Y,
1245915040,EAST BROADWAY PHARMACY LLC,1712 N VELASCO ST STE D,,ANGLETON,TX,775153195,2814164439,OFFICER,3336C0003X,tier_1_primary_pharmacy,Y,Y,
1104502327,APOTHEKA RX LLC,10905 MEMORIAL HERMANN DR STE 102,,PEARLAND,TX,775843490,8327044327,PHARMACY DIRECTOR,3336C0003X,tier_1_primary_pharmacy,Y,Y,
1164109229,PFENNIGS PRESCRIPTION PHARMACY INC,511 N MAIN ST,,TAYLOR,TX,765743646,5123525233,MANAGING OFFICER,3336C0003X|3336L0003X,tier_1_primary_pharmacy,Y,Y,
1891472833,C & C PHARMACY INC,902 FROSTWOOD DR STE 161,,HOUSTON,TX,770242449,7134850450,CORP.-PRESIDENT,3336C0003X,tier_1_primary_pharmacy,Y,Y,
1497432090,"CURATIVE PHARMACY, LLC",2200 CENTRAL PKWY STE D,,HOUSTON,TX,770927710,8555448242,DIRECTOR OF PHARMACY OPERATIONS,3336S0011X|3336C0003X|3336M0002X,tier_1_primary_pharmacy,Y,Y,
1396422994,"CURATIVE PHARMACY, LLC",2526 MANANA DR STE 102,,DALLAS,TX,752201237,8555433124,DIRECTOR OF PHARMACY OPERATIONS,3336C0003X|3336S0011X|3336M0002X,tier_1_primary_pharmacy,Y,Y,
1831877604,IMPERIAL VALLEY PHARMACY LLC,16281 IMPERIAL VALLEY DR STE J,,HOUSTON,TX,770603582,2817415696,MANAGING OFFICER,3336C0003X,tier_1_primary_pharmacy,Y,Y,
1285313841,CURATIVE PHARMACY LLC,2200 CENTRAL PKWY STE D,,HOUSTON,TX,770927710,8555448242,DIRECTOR OF PHARMACY OPERATIONS,3336C0003X,tier_1_primary_pharmacy,Y,Y,
1699454116,"MEDSOURCE PHARMACY, LLC",4220 CARTWRIGHT RD STE 103,,MISSOURI CITY,TX,774595307,2819697090,MANAGER,3336L0003X|3336C0003X,tier_1_primary_pharmacy,Y,Y,
1790464352,CURATIVE PHARMACY LLC,2526 MANANA DR STE 102,,DALLAS,TX,752201237,8555433124,DIRECTOR OF PHARMACY OPERATIONS,3336C0003X,tier_1_primary_pharmacy,Y,Y,
1780363366,ZEN RX LLC,2016 MAIN ST STE 104,,HOUSTON,TX,770028842,3466461777,MANAGING OFFICER,3336C0003X,tier_1_primary_pharmacy,Y,Y,
1518646421,NASSAU BAY PHARMACY AND WELLNESS LLC,18044 UPPER BAY RD,,HOUSTON,TX,770583510,2819579103,OWNER,3336C0003X,tier_1_primary_pharmacy,Y,Y,
1700567724,CUREFUSION PHARMACY SOLUTIONS LLC,10 MEDICAL PKWY STE 107,,FARMERS BRANCH,TX,752347869,4695023881,MANAGER,333600000X|3336C0003X|3336C0004X|3336H0001X|3336S0011X,tier_1_primary_pharmacy,Y,Y,
1649952938,ARENBII PHARMACY LLC,7070 KNIGHTS COURT #1003,,MISSOURI CITY,TX,77459,2812087920,OWNER,333600000X,tier_1_primary_pharmacy,Y,Y,
1174205280,PHARM HOUSE DRUG SHERMAN LLC,1916 N GRAND AVE,,SHERMAN,TX,750902610,9033286655,OPERATIONS MANAGER,333600000X|3336C0003X,tier_1_primary_pharmacy,Y,Y,
1770366114,PARADIGM RX LLC,26077 NELSON WAY STE 804,,KATY,TX,774946686,3463879962,OWNER,3336C0003X,tier_1_primary_pharmacy,Y,Y,
1669256269,ARK RX INC,4405 HIGHWAY 6 STE A,,SUGAR LAND,TX,774784476,8326944977,DIRECTOR,3336S0011X|333600000X|3336C0003X,tier_1_primary_pharmacy,Y,Y,
1851175319,AYA PHARMACY LLC,206 S ECHOLS ST.,,CALDWELL,TX,77836,9793217602,OWNER,3336C0003X,tier_1_primary_pharmacy,Y,Y,
1831973569,"WHOLECARE PHARMACY, LLC",25602 INTERSTATE 45 STE 108,,THE WOODLANDS,TX,773861350,3463511025,OWNER,3336C0003X,tier_1_primary_pharmacy,Y,Y,
1497539134,MEDICXS PHARMACY LLC,227 MURPHY RD,,STAFFORD,TX,774775411,7136706049,OWNER,333600000X,tier_1_primary_pharmacy,Y,Y,
1689450116,NOVA HEALTH PHARMACY LLC,22751 PROFESSIONAL DR STE 140,,KINGWOOD,TX,773396024,7135958116,DIRECTOR OF PHARMACY,3336C0003X,tier_1_primary_pharmacy,Y,Y,
1295512705,"ACCUCARE RX, LLC",10824 E CRYSTAL FALLS PKWY STE 403,,LEANDER,TX,786414301,5128085202,MANAGER OF PAYERS RELATIONS,3336C0003X|3336M0002X|3336S0011X,tier_1_primary_pharmacy,Y,Y,
1437936382,"ACCUCARE RX, LLC",10824 E CRYSTAL FALLS PKWY STE 403,,LEANDER,TX,786414301,5128085202,"MANAGER OF ACCUCARE RX, LLC",3336C0003X,tier_1_primary_pharmacy,Y,Y,
1396523387,CRYSTAL LIFE PHARMACY INC,1441 COIT RD STE F,,PLANO,TX,750757768,4692096074,MANAGER,3336C0004X|3336C0003X,tier_1_primary_pharmacy,Y,Y,
1689452567,PHARMA MED PHARMACY LLC,630 MURPHY RD STE 107,,STAFFORD,TX,774775928,8327597694,OWNER,3336C0003X,tier_1_primary_pharmacy,Y,Y,
1003695719,MEDPHARM PHARMACY LLC,508 MURPHY RD STE E,,STAFFORD,TX,774775449,2818852690,OWNER,3336C0003X,tier_1_primary_pharmacy,Y,Y,
1740069095,"PGM PHARMACY, LLC.",7648 CANAL ST STE A,,HOUSTON,TX,770121144,7139246067,MANAGING MEMBER,3336C0003X,tier_1_primary_pharmacy,Y,Y,
1174302277,CUSTOM CARE PHARMACY LLC,20320 NORTHWEST FREEWAY SUITE 300,,HOUSTON,TX,77065,8326889666,PIC,3336C0003X,tier_1_primary_pharmacy,Y,Y,
1851170880,PHARM WORX RX LLC,3316 SHAVER ST STE 9,,PASADENA,TX,775041397,3463963675,OFFICER,3336C0003X,tier_1_primary_pharmacy,Y,Y,
1497534382,TRU PHARMACY INC,3806 AVENUE I STE 3,,ROSENBERG,TX,774713951,2817620757,CEO,3336C0003X,tier_1_primary_pharmacy,Y,Y,
1629858741,PG PHARMACY INC.,3302 RICHMOND RD,,TEXARKANA,TX,75503,9038324545,"OWNER, PHARMACIST IN CHARGE",3336C0003X,tier_1_primary_pharmacy,Y,Y,
1447031869,FIRST CHOICE RX,3634 GLENN LAKES LN STE 245,,MISSOURI CITY,TX,774595521,2812087932,OWNER,3336C0003X,tier_1_primary_pharmacy,Y,Y,
1780465005,"PATIENT CARE SERVICES PHARMACY CONSULTING, LLC",1600 COIT RD STE 108,,PLANO,TX,750756171,2144402689,CO-OWNER,333600000X|3336C0003X,tier_1_primary_pharmacy,Y,Y,
1932981339,AMERIMED PHARMACY INC,5044 CRENSHAW RD STE 500B,,PASADENA,TX,775053163,2816809000,PRESIDENT,3336S0011X|3336C0003X,tier_1_primary_pharmacy,Y,Y,
1568234771,HEALTHY LIFE RX LLC.,2205 N MAIN ST STE B,,PEARLAND,TX,775814279,2817412821,OFFICER,3336C0003X,tier_1_primary_pharmacy,Y,Y,
1659143683,PPC RX PHARMACY LLC,2300 GREEN OAK DR STE 550,,KINGWOOD,TX,773392048,8329150554,OWNER/OFFICER,3336C0003X,tier_1_primary_pharmacy,Y,Y,
1346012887,BAILEYS PHARMACY LLC,21211 FM 529 RD STE 103,,CYPRESS,TX,774336851,8328161926,OWNER,3336C0003X,tier_1_primary_pharmacy,Y,Y,
1063287811,SANITAS RX PHARMACY LLC,1738 ROCK PRAIRIE RD,,COLLEGE STATION,TX,778455900,9794852280,OFFICER,333600000X,tier_1_primary_pharmacy,Y,Y,
1013783448,ALTAR PHARMACY INC,2237 W PARKER RD STE A,,PLANO,TX,750237800,9452620229,OFFICER,3336C0003X,tier_1_primary_pharmacy,Y,Y,
1447026240,EAST SIDE PHARMACY INC,1109 E 5TH ST,,TYLER,TX,757013318,9033540231,OWNER,3336C0003X,tier_1_primary_pharmacy,Y,Y,
1417725722,WIN HEALTH RX LLC,5350 INDEPENDENCE PKWY STE 110A,,FRISCO,TX,750354652,4698859100,MANAGING MEMBER,3336C0003X,tier_1_primary_pharmacy,Y,Y,
1720857857,I HEART PHARMACY,13515 SOUTHWEST FWY STE 208,,SUGAR LAND,TX,774783547,7813468831,OWNER/PIC,333600000X,tier_1_primary_pharmacy,Y,Y,
1902676828,GENTECH 88 PHARMACY,620 E LAMAR ST,,ROYSE CITY,TX,751893900,2055828214,MANAGING DIRECTOR,3336C0003X,tier_1_primary_pharmacy,Y,Y,
1922878552,RESCUE PHARMACY INC,4203 AVENUE H STE 7,,ROSENBERG,TX,774712843,2817622061,CEO,3336C0003X,tier_1_primary_pharmacy,Y,Y,
1023888591,PLATINUM CARE PHARMACY LLC,610 MURPHY RD STE 109,,STAFFORD,TX,774775926,8328471230,OWNER,333600000X,tier_1_primary_pharmacy,Y,Y,
1285404491,KELLYS PEDIATRIC PHARMACY & COMPOUNDING,3435 S ALAMEDA ST,,CORPUS CHRISTI,TX,784111751,3618553811,MANAGING DIRECTOR,3336C0003X,tier_1_primary_pharmacy,Y,Y,
1548030646,ASTRO 5 PHARMACY,620 E LAMAR ST STE A,,ROYSE CITY,TX,751893900,2055828214,OWNER,3336C0003X,tier_1_primary_pharmacy,Y,Y,
1902667579,PATIENT FIRST PHARMACY LLC,21703 KINGSLAND BLVD STE 103,,KATY,TX,774502521,8323916133,MANEGER,3336L0003X|3336C0003X,tier_1_primary_pharmacy,Y,Y,
1114788544,"PRIMEMED PHARMACY, LLC",1628 CRABB RIVER RD STE B,,RICHMOND,TX,774695890,8327352002,MANAGER,3336L0003X|3336S0011X|3336C0003X,tier_1_primary_pharmacy,Y,Y,
1780446161,VILLAGE PARK PHARMACY LLC,24420 FM 1314 RD STE 13,,PORTER,TX,773655490,2817477164,OWNER,333600000X,tier_1_primary_pharmacy,Y,Y,
1134983588,OBEN PHARMACY GROUP LLC,4421 STATE HIGHWAY 6 S STE 300,,COLLEGE STATION,TX,778456176,9793305216,PHARMD,3336C0003X|3336L0003X,tier_1_primary_pharmacy,Y,Y,
1679337083,ROSS RX,12280 BROADWAY ST STE 3117,,PEARLAND,TX,775847868,2815067100,OFFICER,3336C0003X,tier_1_primary_pharmacy,Y,Y,
1083478028,"MARCLOY PHARMACY, INC.",3401 EAST BLVD STE 400,,DEER PARK,TX,775362066,3464997065,PHARMACIST IN CHARGE,333600000X|3336C0004X|3336L0003X|3336C0003X,tier_1_primary_pharmacy,Y,Y,
1003671660,WHITE LABEL PHARMACY,2925 COUNTRY CLUB RD STE 101,,DENTON,TX,762108603,9403343404,PIC,3336C0003X,tier_1_primary_pharmacy,Y,Y,
1740047588,"BIOHEALTH RX, LLC",15340 VANTAGE PKWY E STE 220,,HOUSTON,TX,770321901,4106033559,COO,333600000X|3336M0002X|3336S0011X|3336C0004X,tier_1_primary_pharmacy,Y,Y,
1861259194,EISAI PATIENT SUPPORT PHARMACY,2730 EDMONDS LN STE 400-A,,LEWISVILLE,TX,750676731,8666134724,DIRECTOR PHARMACY SERVICES,333600000X,tier_1_primary_pharmacy,Y,Y,
1376300368,LEGENDS PHARMACY III SERVICES LLC,6601 BLANCO RD STE 125,,SAN ANTONIO,TX,782166105,2107352323,VP OF OPERATIONS,333600000X|3336L0003X,tier_1_primary_pharmacy,Y,Y,
1295592384,CBL PHARMACY LLC,11242 FM 1960 RD W STE 106,,HOUSTON,TX,770653635,8324789601,OFFICER,3336C0003X,tier_1_primary_pharmacy,Y,Y,
1598522492,PLUSMED RX PHARMACY INC,1531 HIGHWAY 90 A STE 200,,MISSOURI CITY,TX,774891226,3465353071,OWNER,3336C0003X,tier_1_primary_pharmacy,Y,Y,
1356109813,"FIRST RX PHARMACY, LLC",1701 HIGHWAY 90 W,SUITE F,SEALY,TX,77474,8327993172,OWNER,3336C0003X,tier_1_primary_pharmacy,Y,Y,
1457119430,SENATE AVENUE PHARMACY,7412 SENATE AVE,,HOUSTON,TX,770403044,8325232481,PIC,3336C0003X,tier_1_primary_pharmacy,Y,Y,
1962261990,SAVIOURS PHARMACY LLC,1915 N CENTRAL EXPY STE 150,,PLANO,TX,750756943,4698256061,OWNER,3336C0003X,tier_1_primary_pharmacy,Y,Y,
1720847767,SUNNYSIDE PEDIATRIS PHARMACY,2511 E CORRAL AVE STE A,,KINGSVILLE,TX,783634145,3617371190,CHIEF OPERATING OFFICER,3336C0003X,tier_1_primary_pharmacy,Y,Y,
1447019617,ANTO PHARMACY LLC,4100 W 15TH ST STE 204,,PLANO,TX,750935801,4698562686,OWNER,3336C0004X|3336M0002X|3336C0003X,tier_1_primary_pharmacy,Y,Y,
1740040641,CAREPLUS PHARMACY INC,3407 SPENCER HWY,,PASADENA,TX,775041179,3462109895,CEO,3336M0002X|3336S0011X|3336C0003X|3336L0003X,tier_1_primary_pharmacy,Y,Y,
1275393704,THRIVE RX LLC,908 FROST ST,,ROSENBERG,TX,774712366,8324516408,OWNER,333600000X,tier_1_primary_pharmacy,Y,Y,
1821849241,TEXAS CENTRAL RX LLC,2270 SPRINGLAKE RD STE 800,,DALLAS,TX,752345852,8883629587,OWNER,3336S0011X|3336C0003X,tier_1_primary_pharmacy,Y,Y,
1255183562,ENTERPRISES PHARMACY LLC,2714 IMPERIA DR,SUITE 104,SUGARLAND,TX,77479,8326657952,MANAGER,3336C0003X,tier_1_primary_pharmacy,Y,Y,
1174375737,PRORX SOLUTIONS PHARMACY,3219 S MAIN ST,,STAFFORD,TX,774775537,8329474895,OFFICER,3336C0003X,tier_1_primary_pharmacy,Y,Y,
1013760081,MEDROCK TEXAS PHARMACY LLC,6424 COLLEYVILLE BLVD STE 112,,COLLEYVILLE,TX,760346470,8177259929,OWNER,3336M0002X|3336C0004X|3336C0003X,tier_1_primary_pharmacy,Y,Y,
1023863594,HEARTCARE PHARMACY INC,1112 N FLOYD RD STE 9B,,RICHARDSON,TX,750804243,2145014615,OWNER,3336C0003X,tier_1_primary_pharmacy,Y,Y,
1740037555,"DIVINE HEALTH PHARMACY, PLLC",6730 ATASCOCITA RD STE 114,,ATASCOCITA,TX,773461995,2813187696,OWNER,333600000X|3336C0003X,tier_1_primary_pharmacy,Y,Y,
1245087725,TIE PHARMACY LLC,5101 AVENUE H STE 18,,ROSENBERG,TX,774712024,2817622928,OWNER,333600000X,tier_1_primary_pharmacy,Y,Y,
1336996552,NATURE ELEMENTS PHARMACY LLC,12946 DAIRY ASHFORD RD STE 460,,SUGAR LAND,TX,774783114,2818038857,OWNER,3336C0003X,tier_1_primary_pharmacy,Y,Y,
1154179323,"M&T PHARMACY SOLUTIONS, LLC",10412 CHINA SPRING RD STE A,,WACO,TX,767085685,2548365255,PHARMACIST IN CHARGE,3336C0003X,tier_1_primary_pharmacy,Y,Y,
1538908215,AGAPE PHARMACY LLC,2812 N RAUL LONGORIA RD STE 3,,SAN JUAN,TX,785893765,9562585210,PHARMACIST IN CHARGE / OWNER,3336C0003X,tier_1_primary_pharmacy,Y,Y,
1568201119,SYED S PHARMACY & HEALTH CENTER CORP,18484 PRESTON RD STE 300,,DALLAS,TX,752525475,4692022077,OWNER,3336C0002X|3336L0003X|333600000X|3336C0003X,tier_1_primary_pharmacy,Y,Y,
1528808615,HEALTH BY GENETICS RX,701 E FM 1626 STE 201,,AUSTIN,TX,787482892,5125410207,FOUNDER AND CEO,333600000X,tier_1_primary_pharmacy,Y,Y,
1922848555,PHLEX RX LLC,701 PIN OAK RD STE 102,,KATY,TX,774946356,3467039057,OWNER,3336C0003X,tier_1_primary_pharmacy,Y,Y,
1457193500,MARK'S PHARMACY INCORPORATED,8150 BROOKRIVER DR STE 107,,DALLAS,TX,752474068,4695472419,PRESIDENT,3336C0003X,tier_1_primary_pharmacy,Y,Y,
1316780851,SAPPHIRE PHARMACY,24200 VIA MAZZINI WAY STE 240,,RICHMOND,TX,774063439,2816976227,CEO,3336C0003X,tier_1_primary_pharmacy,Y,Y,
1477397628,CEDAR PARK EXPRESS PHARMACY INC.,1841 S LAKELINE BLVD STE 103,,CEDAR PARK,TX,786134666,5122152590,PHARMACY MANAGER,3336C0003X,tier_1_primary_pharmacy,Y,Y,
1568206415,CANNERY PHARMACY SERVICES LLC,75 MIRANDA LAMBERT WAY STE 19,,LINDALE,TX,757713107,3024239052,OWNER,333600000X,tier_1_primary_pharmacy,Y,Y,
1447095542,PUREPATH RX LLC,4201 CYPRESS CREEK PKWY STE 330,,HOUSTON,TX,770683414,2817045597,OWNER,3336C0003X,tier_1_primary_pharmacy,Y,Y,
1487499364,REGENCY PHARMACY INC,9898 BISSONNET ST STE 250A,,HOUSTON,TX,770368280,7138000308,PRESIDENT,3336C0003X,tier_1_primary_pharmacy,Y,Y,
1699511329,KATY BOARDWALK PHARMACY INC,25230 KINGSLAND BLVD STE 100,,KATY,TX,774942097,2813771652,OWNER/ AUTHORIZED OFFICIAL,3336C0004X|3336C0003X,tier_1_primary_pharmacy,Y,Y,
1316784184,REGENCY PHARMACY INC,9898 BISSONNET ST STE 250A,,HOUSTON,TX,770368280,7138000308,PRESIDENT,3336C0003X|3336L0003X,tier_1_primary_pharmacy,Y,Y,
1699512962,PARS PHARMACY LLC,7651 ELDORADO PARKWAY,SUITE 100-H,MCKINNEY,TX,750701735,4698876821,OWNER,333600000X|3336C0003X,tier_1_primary_pharmacy,Y,Y,
1659119261,HARLINGEN RX LLC,1616 N ED CAREY DR,,HARLINGEN,TX,785508286,9562303200,MANAGER,3336C0003X,tier_1_primary_pharmacy,Y,Y,
1235977703,"OMNICELL SPECIALTY PHARMACY SERVICES, INC.",1620 W NORTHWEST HWY STE 100,,GRAPEVINE,TX,760513219,8175720009,"VP, GENERAL MANAGER",333600000X,tier_1_primary_pharmacy,Y,Y,
1255179420,BROWNSVILLE CENTRAL RX LLC,1205 CENTRAL BLVD,,BROWNSVILLE,TX,785207531,9565480801,MANAGER,3336C0003X,tier_1_primary_pharmacy,Y,Y,
1154169332,BROWNSVILLE RX LLC,1365 E RUBEN TORRES SR BLVD,,BROWNSVILLE,TX,785210964,9565425100,MANAGER,3336C0003X,tier_1_primary_pharmacy,Y,Y,
1851139034,SAN BENITO RX LLC,311 N SAM HOUSTON BLVD,,SAN BENITO,TX,785864656,9563992453,MANAGER,3336C0003X,tier_1_primary_pharmacy,Y,Y,
1225866171,MARTIN TIPTON PHARMACY LLC,"5901 BELL ST UNIT 30,31",,AMARILLO,TX,791096231,8065709600,OWNER,3336C0003X,tier_1_primary_pharmacy,Y,Y,
1205665205,ALIEF PHARMACY,12934 BELLAIRE BLVD,SUITE 206,HOUSTON,TX,77072,2145668204,DOCTOR OF PHARMACY,3336C0003X,tier_1_primary_pharmacy,Y,Y,
1871322206,E-SQUARE PHARMACY LLC,14030 TELGE RD STE E,,CYPRESS,TX,774296201,8323345044,MANAGING OFFICER,3336C0003X,tier_1_primary_pharmacy,Y,Y,
1497585228,VET WELL RX,2150 W NORTHWEST HWY STE 118,,GRAPEVINE,TX,760516993,6822231044,PHARMACIST IN CHARGE,333600000X|3336C0003X|3336C0004X,tier_2_secondary_pharmacy,N,Y,
1700617651,ASCLEPIUS RX,818 E VILLA MARIA RD,,BRYAN,TX,778025337,8329961224,OWNER,333600000X,tier_1_primary_pharmacy,Y,Y,
1801627773,MEDIMED PHARMACY INC,10008 BELLAIRE BLVD # 116,,HOUSTON,TX,770725232,2818794033,OWNER,3336C0003X,tier_1_primary_pharmacy,Y,Y,
1205668274,ROYAL FAMILY PHARMACY LLC,525 SHILOH RD STE 1200,,PLANO,TX,750747263,4693242900,OWNER,3336C0004X|3336C0003X,tier_1_primary_pharmacy,Y,Y,
1245063478,EASY CARE PHARMACY LLC,5108 MCPHERSON RD STE 1,,LAREDO,TX,780417321,9564625303,OWNER,3336C0003X,tier_1_primary_pharmacy,Y,Y,
1003640343,LIFETIME SPECIALTY PHARMACY LLC,809 GALLAGHER DR STE J-1,,SHERMAN,TX,750903111,6038677150,OFFICER,3336C0003X,tier_1_primary_pharmacy,Y,Y,
1073347290,ROYAL OAKS PHARMACY LLC,13313 SOUTHWEST FWY STE 113,,SUGAR LAND,TX,774784800,7133937188,PRESIDENT,3336C0004X|3336M0002X|333600000X|3336C0003X,tier_1_primary_pharmacy,Y,Y,
1134953391,ALAMO CARE PHARMACY LLC,8632 FREDERICKSBURG RD STE 208,,SAN ANTONIO,TX,782401266,7262338731,OFFICER,3336C0003X,tier_1_primary_pharmacy,Y,Y,
1396571501,KJRX PHARMACY LLC,2733 HIGHWAY 59 S STE B,,ROSENBERG,TX,774718004,2819844311,OFFICER,3336C0003X,tier_1_primary_pharmacy,Y,Y,
1407682784,GRACE PHARMACY,11140 LA QUINTA PL #101A,,EL PASO,TX,79936,9155930603,(PIC) OWNER,333600000X,tier_1_primary_pharmacy,Y,Y,
1447079751,"FIELDS PHARMACY ,LLC",2313 MAIN ST STE 120,,WALLER,TX,774848581,9366005600,PHARMACY OWNER,3336C0003X,tier_1_primary_pharmacy,Y,Y,
1699595785,REGENCY PHARMACY INC,9898 BISSONNET ST STE 250A,,HOUSTON,TX,770368280,7138000308,PRESIDENT,3336C0003X,tier_1_primary_pharmacy,Y,Y,
1871313692,ELITE PHARMACY LLC,3132 W MILLER RD STE A5,,GARLAND,TX,750416108,9729004569,OWNER,3336C0003X,tier_1_primary_pharmacy,Y,Y,
1326869728,PROSPER COMPOUNDING PHARMACY LLC,3527 HIGHWAY 6 STE 250A,,SUGAR LAND,TX,774784523,2813025454,PRESIDENT,3336L0003X|3336C0003X,tier_1_primary_pharmacy,Y,Y,
1538983358,ECONOMICAL PHARMACY SERVICES LLC,8101 ROUGHRIDER DR STE A,,WINDCREST,TX,782392428,2108625117,MANAGING MEMBER,3336C0003X,tier_1_primary_pharmacy,Y,Y,
1740006808,WELLSPRING PHARMACY LLC,11398 BANDERA RD STE 302,,SAN ANTONIO,TX,782506843,7134805311,OWNER,3336C0003X,tier_1_primary_pharmacy,Y,Y,
1033935200,"OAKS SPECIALTY PHARMACY, INC",205 S MAIN ST STE 1005,,RED OAK,TX,751546388,4698209159,OWNER,333600000X,tier_1_primary_pharmacy,Y,Y,
1841016086,SHEPHERD SPECIALTY PHARMACY LLC,1534A N HAMPTON RD STE 100,,DESOTO,TX,751152302,4698254747,MANAGING OFFICER,3336C0003X,tier_1_primary_pharmacy,Y,Y,
1346056397,ZEAL RX PHARMACY,426 WINDY KNOLL DR,,MURPHY,TX,750945338,2318720665,OWNER,333600000X,tier_1_primary_pharmacy,Y,Y,
1699581462,VICTORY PHARMACY LLC,23869 WEST STATE HWY 6,SUITE A,ALVIN,TX,77511,3142764506,DIRECTOR/MANAGER,333600000X,tier_1_primary_pharmacy,Y,Y,
1841006111,"WALLER RX PHARMACY, PLLC",31303 FM 2920 RD STE H,,WALLER,TX,774848196,7137252211,OWNER/PIC,3336C0003X,tier_1_primary_pharmacy,Y,Y,
1144037110,WBORO PHARMACY LTD,310 CHARLIE DR,,WHITESBORO,TX,762731103,4057474477,SECRETARY,333600000X|3336C0002X|3336C0003X|3336L0003X,tier_1_primary_pharmacy,Y,Y,
1104634419,CBK PHARMACY LLC,1303 MCCULLOUGH AVE STE 128,,SAN ANTONIO,TX,782125603,2102277207,GENERAL MANAGER,333600000X|3336L0003X,tier_1_primary_pharmacy,Y,Y,
1134937329,PRICE PHARMACY LLC,25329 I-45 NORTH,SUITE 126,SPRING,TX,77380,3463511063,OWNER,3336C0003X,tier_1_primary_pharmacy,Y,Y,
1366250433,MEDISTAR APOTHECARY LLC,1406 N MECHANIC ST STE F,,EL CAMPO,TX,774372657,8329679005,MANAGING MEMBER,333600000X|3336C0003X,tier_1_primary_pharmacy,Y,Y,
1144038910,INTEGRAL RX PARTNERS LLC,1880 ROUND ROCK AVE STE 250,,ROUND ROCK,TX,786814099,5128060335,PHARMACIST IN-CHARGE,3336C0003X,tier_1_primary_pharmacy,Y,Y,
1366251720,AS WEBSTER PHARMACY LLC,17026 STATE HWY 3,,WEBSTER,TX,77598,2815254886,CEO,3336C0003X,tier_1_primary_pharmacy,Y,Y,
1104636869,UPTHRUST PHARMACY AND PHARMACAL LIMITED LIABILITY COMPANY,17119 FM 362 RD,,WALLER,TX,774849317,9363728044,PHARMACIST,3336C0003X,tier_1_primary_pharmacy,Y,Y,
1457162067,"BETTER HEALTH PHARMACY, LLC",8615 S HULEN ST STE 115,,FORT WORTH,TX,761232762,6827083499,MANAGING MEMBER,333600000X|3336C0003X|3336L0003X,tier_1_primary_pharmacy,Y,Y,
1811708126,MH PHARMACY LLC,2600 10TH ST,,WICHITA FALLS,TX,763092236,9407236060,OWNER,3336C0003X,tier_1_primary_pharmacy,Y,Y,
1720890171,CUREFUSION PHARMACY SOLUTIONS LLC,204 N GREENVILLE AVE STE 124,,ALLEN,TX,750029130,4692773002,DIRECTOR,333600000X,tier_1_primary_pharmacy,Y,Y,
1699570663,MEDICIRCLE PHARMACY LLC,1213 HERMANN DR STE 515,,HOUSTON,TX,770047011,8323804400,MANAGING DIRECTOR,3336C0003X|3336M0002X|333600000X,tier_1_primary_pharmacy,Y,Y,
1962200808,SPECIALTY CARE PHARMACY LLC,131 W TEXAS AVE,,WEBSTER,TX,775983203,8324002130,OFFICER,3336C0003X,tier_1_primary_pharmacy,Y,Y,
1467251603,"ASM PHARMACY, LLC",230 PIONEER RD,,MESQUITE,TX,751494899,9728827125,SR. PHARMACY MANAGER,3336C0003X,tier_1_primary_pharmacy,Y,Y,
1548069685,RC PHARMACY LLC,2151 HARVEY MITCHELL PKWY S STE 108,,COLLEGE STATION,TX,778405202,9792912151,OWNER,3336C0003X,tier_1_primary_pharmacy,Y,Y,
1053111732,T-REX PHARMACY LLC,109 W COOMBS ST STE 209,,ALVIN,TX,775112868,2818244400,MANAGER,3336C0003X,tier_1_primary_pharmacy,Y,Y,
1861293912,MOUNTAIN STAR PHARMACY LLC,11331 JAMES WATT DR BLDG 300-A,,EL PASO,TX,799366401,7134985292,OWNER/CEO,3336C0003X,tier_1_primary_pharmacy,Y,Y,
1992507313,P&P PHARMACY GROUP LLC,107 N RICE ST,,HAMILTON,TX,765311857,2543863111,OWNER,3336C0003X,tier_1_primary_pharmacy,Y,Y,
1124812771,COMPLETE PHARMACY INC,20333 SOUTHWEST FWY STE 200,,SUGAR LAND,TX,774796774,3467468037,CEO,333600000X,tier_1_primary_pharmacy,Y,Y,
1841087434,NEW DAWN PHARMACY LLC,19186 BLANCO RD STE 101,,SAN ANTONIO,TX,782583660,2104370123,MANAGING MEMBER,3336C0004X|3336L0003X|3336C0003X,tier_1_primary_pharmacy,Y,Y,
1972393114,"ALTERA PHARMACY, PLLC",9113 STELLA LINK RD STE A,,HOUSTON,TX,770253931,3465837948,MANAGING PARTNER,3336C0004X|333600000X|3336C0003X,tier_1_primary_pharmacy,Y,Y,
1902696024,THE HEALING HUB RX LLC,4714 FM 1488 RD STE 201,,CONROE,TX,773844930,9362245450,MANAGER,3336C0003X,tier_1_primary_pharmacy,Y,Y,
1255122503,PROVIDENCE RX PHARMACY LLC,2500 E TC JESTER BLVD STE 243,,HOUSTON,TX,770081454,9362047892,MANAGER,3336C0003X,tier_1_primary_pharmacy,Y,Y,
1821881061,CREATIVE COMPOUNDING RX LLC,7203 S COOPER ST STE 141,,ARLINGTON,TX,760016730,8177042828,OWNER,3336C0003X,tier_1_primary_pharmacy,Y,Y,
1366336679,"VISION PHARMACY, INC.",1325 MAIN ST STE 805,,KATY,TX,774940541,3467355253,MANAGER,3336C0003X,tier_1_primary_pharmacy,Y,Y,
1760376420,BLESSED RX,3022 SCHOOL ST,,NEEDVILLE,TX,774618443,7137428600,OWNER,3336C0003X,tier_1_primary_pharmacy,Y,Y,
1821983867,"BONHAM FAMILY DRUG, LLC",100 E SAM RAYBURN DR,,BONHAM,TX,754184398,9035837325,OFFICER,333600000X|3336L0003X,tier_1_primary_pharmacy,Y,Y,
1386539013,JAMU PHARMACY SERVICES INC,2500 E T C JESTER BLVD STE 243,,HOUSTON,TX,770081454,3322329776,MANAGER,3336C0003X,tier_1_primary_pharmacy,Y,Y,
1144118837,GATEWAY FAMILY PHARMACY LLC,111 STATE HIGHWAY 285,,HEBBRONVILLE,TX,783614452,3612318052,OFFICER,333600000X,tier_1_primary_pharmacy,Y,Y,
1740178722,NATURE GREEN LEAF PHARMACY LLC,8785 W BELLFORT AVE STE A,,HOUSTON,TX,770312403,9792854222,PHARMACY MANAGER,3336C0003X,tier_1_primary_pharmacy,Y,Y,
1861381410,"BELLS FAMILY DRUG, LLC",103 W BELLS BLVD,,BELLS,TX,75414,9039657383,OFFICER,3336C0003X|3336L0003X,tier_1_primary_pharmacy,Y,Y,
1487545919,M & A PHARMACY LLC,800 HIGHLANDER AVE STE 300,,MIDLOTHIAN,TX,760653515,6822227830,OWNER,3336C0003X,tier_1_primary_pharmacy,Y,Y,
1336031293,PARKWAY PHARMACY LLC,1824 PARKWAY DR STE 100,,LUBBOCK,TX,794034416,8067679999,PRESIDENT,3336C0003X,tier_1_primary_pharmacy,Y,Y,
1104708387,"HENRIETTA PHARMACY, INC.",216 CLAY ST,,NOCONA,TX,762552104,9408253226,PRESIDENT/OWNER,3336C0003X,tier_1_primary_pharmacy,Y,Y,
1790667533,PHARMACY OUTCOMES,16200 BRIDGELAND HIGH SCHOOL DRIVE,SUITE 3201,CYPRESS,TX,77433,8328843043,PHARMACIST,333600000X,tier_1_primary_pharmacy,Y,Y,
1366324022,"FOUR LEAF RX, LLC",1309 W 15TH ST STE 320,,PLANO,TX,750757244,8887967286,COO,333600000X,tier_1_primary_pharmacy,Y,Y,
1235012600,PURED RX CO,408 SUMMERSET LN,,BROOKSHIRE,TX,774233173,3467023210,OWNER,3336C0003X,tier_1_primary_pharmacy,Y,Y,
1902780729,DUPIXENT MYWAY PHARMACY,2730 S EDMONDS LN,SUITE 400 C,LEWISVILLE,TX,75067,2145027015,SR DIRECTOR PHARMACY SERVICES,333600000X,tier_1_primary_pharmacy,Y,Y,
1790669547,CENTRIC RX,909 GRAHAM DR STE D,,TOMBALL,TX,773753335,8327222822,CHIEF OPERATING OFFICER,3336C0003X,tier_1_primary_pharmacy,Y,Y,
1972487734,SKYLINE DRUG LLC,3121 BAILEY DR UNIT# 115,,FORT WORTH,TX,76177,8174151788,PRESIDENT,3336C0003X,tier_1_primary_pharmacy,Y,Y,
1457236515,MERIDIAN PHARMACY GROUP AT LANCASTER LLC,2505 W BELT LINE RD,,LANCASTER,TX,751461930,2149510133,PARTNER/PHARMACIST,333600000X,tier_1_primary_pharmacy,Y,Y,
1578448213,PRESSO PHARMACY LLC,4899 HIGHWAY 6 STE 116F,,MISSOURI CITY,TX,774595537,2819424330,MANAGER,3336S0011X|3336C0003X,tier_1_primary_pharmacy,Y,Y,
1902782618,ROBERTO V SALINAS PHARMACY ESOP TR,810 W OCEAN BLVD,,LOS FRESNOS,TX,785663600,9562333400,PHARMACIST IN CHARGE,3336C0003X,tier_1_primary_pharmacy,Y,Y,
1417835661,W5 PHARMACY,802 N MINTER AVE STE C,,THROCKMORTON,TX,764835357,2543668291,OWNER/PIC,333600000X|3336C0003X,tier_1_primary_pharmacy,Y,Y,
1851272132,MAHALAXMI DRUG LLC (APPLE SPECIALTY PHARMACY),6560 GREATWOOD PKWY STE 1000,,SUGAR LAND,TX,774796714,3143088600,OWNER,333600000X,tier_1_primary_pharmacy,Y,Y,
1891666921,COMMUNITY HEALTHCARE LLC DBA WELLCARE PHARMACY,2716 SW MILITARY DR STE 103,,SAN ANTONIO,TX,782241009,2109273742,OWNER,3336C0003X,tier_1_primary_pharmacy,Y,Y,
1598637498,ATLAS RX LLC,2810 OAK RUN PKWY STE 300,,NEW BRAUNFELS,TX,781324763,7373994840,OWNER,333600000X|3336C0004X|3336H0001X,tier_2_secondary_pharmacy,N,Y,
1083586895,GLOWRX PHARMACY,215 SUNSET BLVD # 125,,SHERMAN,TX,750927447,9725321008,PIC,3336C0003X,tier_1_primary_pharmacy,Y,Y,
1891660015,WELLNESS 1ST PHARMACY CORP,8603 BROADWAY ST STE 110,,PEARLAND,TX,775848171,2818576552,OWNER,3336C0004X|3336C0003X,tier_1_primary_pharmacy,Y,Y,
1891661997,"ROYAL CARE PHARMACY, INC.",2901 N CENTRAL EXPY STE 123,,PLANO,TX,750752353,2144403560,OWNER,3336C0003X,tier_1_primary_pharmacy,Y,Y,
1649146713,ACTIVECARE PHARMACY INC,4425 PLANO PKWY,,CARROLLTON,TX,750105024,6173166776,OFFICE MANAGER,3336C0003X,tier_1_primary_pharmacy,Y,Y,
1912873969,APALY RX LLC,3303 FM 1960 RD W STE 350-O,,HOUSTON,TX,770683615,8554627259,MANAGING MEMBER,3336C0003X,tier_1_primary_pharmacy,Y,Y,
1801764493,POME PHARMACY,2924 CHAMBERS ST UNIT 128,,VENUS,TX,760844043,2144200765,PHARMACIST IN CHARGE,3336C0003X,tier_1_primary_pharmacy,Y,Y,
1073482535,LUC PHARMACY,418 N UTICA AVE STE B,,LUBBOCK,TX,794163035,8067715882,ADMINISTRATOR,3336C0003X,tier_1_primary_pharmacy,Y,Y,
1548120595,"BLUE OCEAN PHARMACY, LLC",17115 RED OAK DR STE 230,,HOUSTON,TX,770902607,2817050281,OWNER,3336C0003X,tier_1_primary_pharmacy,Y,Y,
1164382701,HEARNE PHARMACY LLC,871 N MARKET ST,,HEARNE,TX,778594057,9792057143,OWNER,3336C0003X,tier_1_primary_pharmacy,Y,Y,
1669334173,RMC PHARMACY,4140 SOUTHWEST FWY,,HOUSTON,TX,770277311,7083344211,PHARMACIST,3336C0003X,tier_1_primary_pharmacy,Y,Y,
1386507846,"REPUBLIC RX, LLC",1750 BRIERCROFT CT STE 328,,CARROLLTON,TX,750067456,8604028018,MEMBER,3336C0004X|3336S0011X|3336C0003X|333600000X,tier_1_primary_pharmacy,Y,Y,
1194688291,NEW DAWN PHARMACY 2 LLC,102 BABCOCK RD STE 102,,SAN ANTONIO,TX,782013952,2109995042,MANAGING MEMBER,3336S0011X|3336C0003X|3336C0004X|3336H0001X|3336L0003X|333600000X,tier_1_primary_pharmacy,Y,Y,
1144183070,TCURO PHARMACY,2900 ACME BRICK PLZ STE A,,FORT WORTH,TX,761094123,6823002005,OWNER/MEDICAL DIRECTOR,3336C0003X,tier_1_primary_pharmacy,Y,Y,
1952267254,"TEX EXPRESS PHARMACY, INC",6517 CHASE OAKS BLVD,SUITE 101,PLANO,TX,75023,9729991748,OPERATIONS MANAGER,333600000X,tier_1_primary_pharmacy,Y,Y,
1558227876,"BHV RX, LLC",2216 NEW YORK AVE STE 202,,ARLINGTON,TX,760100809,8172619889,MANAGING MEMBER,3336C0003X,tier_1_primary_pharmacy,Y,Y,
1932067816,UNITYRX PHARMACY,811 E PLANO PKWY STE 116,,PLANO,TX,750746860,4696003027,OWNER,3336C0003X,tier_1_primary_pharmacy,Y,Y,
1184582520,ELITE CARE PHARMACY,18700 BECKER RD STE A101,,HOCKLEY,TX,774476946,2815478055,OWNER,3336C0003X,tier_1_primary_pharmacy,Y,Y,
1548110489,FUNKIA PHARMACY AND GROCERIES,6211 BARKER CYPRESS RD # 104-C,,HOUSTON,TX,770841603,3468520860,PHARMACIST,3336C0003X,tier_1_primary_pharmacy,Y,Y,
1881545382,BEE WELL PHARMACY CORPORATION,9092 WESTGATE PKWY W STE 110,,AMARILLO,TX,791242441,8062090345,"PHARMACIST, OWNER, MANAGING OFFICER",3336C0003X,tier_1_primary_pharmacy,Y,Y,
1093667818,AURRA PHARMACY LLC,2412 SAM HOUSTON AVE STE C,,HUNTSVILLE,TX,773405863,7132399593,OFFICER,3336C0003X,tier_1_primary_pharmacy,Y,Y,
1912851858,"PHARMA LOGISTICS, LLC DBA FIESTA RX#4",21 SPURS LN STE SL-160,,SAN ANTONIO,TX,782401692,2102014580,GENERAL MANAGER,3336C0003X|333600000X,tier_1_primary_pharmacy,Y,Y,
1790631455,KALA PHARMACY CORP,2910 SHERWOOD WAY STE 100,,SAN ANGELO,TX,769013507,3257164499,OWNER,3336C0003X,tier_1_primary_pharmacy,Y,Y,
1366398596,AH PHARMACY INC,5085 W PARK BLVD # 200-A,,PLANO,TX,750932593,2142100010,OFFICER,333600000X,tier_1_primary_pharmacy,Y,Y,
1013856137,BLUE OCEAN RX,17115 RED OAK DR STE 230,,HOUSTON,TX,770902607,8328365109,OPERATION MANAGER,3336C0003X,tier_1_primary_pharmacy,Y,Y,
1003757881,STATEPHARM RX LLC,7103 S PEEK RD STE 620,,RICHMOND,TX,774073498,3464457227,PHARMACIST-IN-CHARGE,3336C0003X|3336C0004X,tier_1_primary_pharmacy,Y,Y,
1104760610,VEREEN PHARMACY LLC,17070 RED OAK DR STE 103,,HOUSTON,TX,770902615,7868270762,MANAGER,3336C0003X,tier_1_primary_pharmacy,Y,Y,
1558208272,BIORELIEF PHARMACY LLC,9319 LBJ FWY STE 205,,DALLAS,TX,752433453,8177914077,OWNER,333600000X,tier_1_primary_pharmacy,Y,Y,
1508794173,MISKRX PHARMACY LLC,2011 W SPRING CREEK PKWY STE 1400,,PLANO,TX,750234273,9454686055,PHARMACIST IN CHARGE,3336C0003X,tier_1_primary_pharmacy,Y,Y,
1457283806,BLUE RX,124 ROSE LN STE 401,,FRISCO,TX,750369195,8884409694,PHARMACIST IN CHARGE,3336C0003X,tier_1_primary_pharmacy,Y,Y,
1144152430,COLLEGE PARK RX LLC,3115 COLLEGE PARK DR STE 103A,,CONROE,TX,773844173,9363214011,OFFICER,333600000X,tier_1_primary_pharmacy,Y,Y,
